{
"type": "FeatureCollection",
"name": "01044",
"features": [
{ "type": "Feature", "properties": { "CCAA": "16 - País Vasco", "PROVINCIA": "01 - Araba/Álava", "MUNICIPIO": "01044 - Peñacerrada-Urizaharra", "COD_MUNICIPIO": "01044", "DISTRITO": "01", "SECCION": "0104401001", "V1_H": 81.88, "V1_M": 87.06, "V2_H": 81.54316391, "V2_M": 86.92154098, "V3_H": 82.24926416, "V3_M": 87.34198023 }, "geometry": { "type": "Polygon", "coordinates": [ [ [ -2.6435475, 42.6532968 ], [ -2.6438328, 42.6535687 ], [ -2.6443055, 42.6541105 ], [ -2.6455281, 42.6558074 ], [ -2.6475884, 42.6582363 ], [ -2.6490601, 42.6590694 ], [ -2.6501413, 42.6599013 ], [ -2.6517215, 42.6609868 ], [ -2.6522167, 42.6633447 ], [ -2.6522178, 42.6633478 ], [ -2.6522238, 42.6633658 ], [ -2.6522313, 42.6633884 ], [ -2.6522343, 42.6634019 ], [ -2.6522432, 42.6634379 ], [ -2.6522462, 42.663447 ], [ -2.6522492, 42.6634605 ], [ -2.6522611, 42.66351 ], [ -2.6522633, 42.6635191 ], [ -2.6522768, 42.6635686 ], [ -2.6522917, 42.6636317 ], [ -2.6522954, 42.6636452 ], [ -2.6523066, 42.6636903 ], [ -2.6523119, 42.6637083 ], [ -2.6523253, 42.6637579 ], [ -2.6523343, 42.663794 ], [ -2.6523424, 42.6638255 ], [ -2.6523522, 42.6638616 ], [ -2.6523806, 42.6639697 ], [ -2.6523992, 42.6640418 ], [ -2.6524022, 42.6640508 ], [ -2.6524082, 42.6640733 ], [ -2.6524157, 42.6641049 ], [ -2.6524201, 42.6641184 ], [ -2.6524381, 42.6641905 ], [ -2.6524403, 42.6641995 ], [ -2.6524478, 42.6642266 ], [ -2.6524545, 42.6642536 ], [ -2.652459, 42.6642716 ], [ -2.6524851, 42.6643753 ], [ -2.6524925, 42.6644023 ], [ -2.652506, 42.6644519 ], [ -2.6525105, 42.6644699 ], [ -2.6525134, 42.6644834 ], [ -2.6525187, 42.664506 ], [ -2.6525381, 42.6645781 ], [ -2.6525582, 42.6646547 ], [ -2.6525642, 42.6646817 ], [ -2.6525679, 42.6646953 ], [ -2.6525926, 42.6647854 ], [ -2.6525978, 42.6648079 ], [ -2.6526001, 42.6648169 ], [ -2.652686, 42.6651369 ], [ -2.6527039, 42.6652045 ], [ -2.6527166, 42.665254 ], [ -2.6527248, 42.6652811 ], [ -2.6527323, 42.6653126 ], [ -2.6527838, 42.6655064 ], [ -2.6527973, 42.665556 ], [ -2.6528316, 42.6656867 ], [ -2.6528361, 42.6657047 ], [ -2.6528876, 42.6658985 ], [ -2.6529018, 42.6659526 ], [ -2.6529265, 42.6660427 ], [ -2.6529474, 42.6661238 ], [ -2.6529526, 42.6661418 ], [ -2.6529974, 42.6663131 ], [ -2.6530081, 42.6663516 ], [ -2.6530086, 42.6663537 ], [ -2.6530274, 42.6664213 ], [ -2.6530483, 42.6665024 ], [ -2.6530624, 42.6665565 ], [ -2.6530677, 42.6665745 ], [ -2.6530901, 42.6666601 ], [ -2.653111, 42.6667367 ], [ -2.6531139, 42.6667592 ], [ -2.6531162, 42.6667682 ], [ -2.6531176, 42.6667772 ], [ -2.6531206, 42.6667953 ], [ -2.6531405, 42.6669169 ], [ -2.6531582, 42.667016 ], [ -2.6531634, 42.6670476 ], [ -2.6531686, 42.6670791 ], [ -2.6531752, 42.6671197 ], [ -2.6531892, 42.6672052 ], [ -2.6531922, 42.6672188 ], [ -2.6532033, 42.6672863 ], [ -2.6532114, 42.6673314 ], [ -2.6532188, 42.6673809 ], [ -2.6532225, 42.667399 ], [ -2.6532343, 42.6674711 ], [ -2.6532365, 42.6674846 ], [ -2.6532395, 42.6674981 ], [ -2.6532424, 42.6675206 ], [ -2.6532483, 42.6675521 ], [ -2.6532535, 42.6675837 ], [ -2.6532564, 42.6676017 ], [ -2.6532646, 42.6676468 ], [ -2.6532712, 42.6676918 ], [ -2.6532756, 42.6677143 ], [ -2.6532852, 42.6677729 ], [ -2.6532919, 42.6678089 ], [ -2.6532948, 42.6678315 ], [ -2.6533029, 42.6678765 ], [ -2.6533066, 42.6678991 ], [ -2.6533103, 42.6679216 ], [ -2.6533147, 42.6679486 ], [ -2.6533184, 42.6679666 ], [ -2.6533251, 42.6680072 ], [ -2.6533288, 42.6680297 ], [ -2.6533324, 42.6680522 ], [ -2.6533354, 42.6680702 ], [ -2.6533383, 42.6680883 ], [ -2.6533457, 42.6681333 ], [ -2.6533487, 42.6681468 ], [ -2.6533561, 42.6681919 ], [ -2.653362, 42.6682279 ], [ -2.6533634, 42.6682369 ], [ -2.6533745, 42.6683045 ], [ -2.6533812, 42.6683406 ], [ -2.6533908, 42.6683991 ], [ -2.6533922, 42.6684081 ], [ -2.6533945, 42.6684216 ], [ -2.6533974, 42.6684396 ], [ -2.6533989, 42.6684487 ], [ -2.6534011, 42.6684667 ], [ -2.6534106, 42.6685388 ], [ -2.6534186, 42.6686018 ], [ -2.6534237, 42.6686469 ], [ -2.6534303, 42.6686964 ], [ -2.6534325, 42.6687144 ], [ -2.6534405, 42.668773 ], [ -2.6534464, 42.6688226 ], [ -2.6534479, 42.6688361 ], [ -2.6534537, 42.6688811 ], [ -2.6534588, 42.6689172 ], [ -2.6534617, 42.6689442 ], [ -2.6534676, 42.6689847 ], [ -2.653472, 42.6690208 ], [ -2.6534866, 42.6691334 ], [ -2.6534873, 42.6691424 ], [ -2.6534968, 42.6692189 ], [ -2.6534997, 42.6692415 ], [ -2.6535012, 42.6692505 ], [ -2.6535092, 42.6693181 ], [ -2.6535129, 42.6693451 ], [ -2.6535143, 42.6693586 ], [ -2.6535194, 42.6693946 ], [ -2.6535231, 42.6694262 ], [ -2.6535297, 42.6694757 ], [ -2.6535318, 42.6695117 ], [ -2.653534, 42.6695343 ], [ -2.6535361, 42.6695613 ], [ -2.6535382, 42.6695838 ], [ -2.6535432, 42.6696469 ], [ -2.6535439, 42.6696559 ], [ -2.6535482, 42.6697099 ], [ -2.6535532, 42.6697775 ], [ -2.6535796, 42.6698271 ], [ -2.6535962, 42.6698542 ], [ -2.6536084, 42.6698632 ], [ -2.653622, 42.6698723 ], [ -2.6536821, 42.6699174 ], [ -2.6537102, 42.6699356 ], [ -2.6537223, 42.6699446 ], [ -2.6537649, 42.6699718 ], [ -2.6539009, 42.6700622 ], [ -2.6539298, 42.6700803 ], [ -2.6539496, 42.6700939 ], [ -2.6539625, 42.6701029 ], [ -2.6540225, 42.6701391 ], [ -2.6540438, 42.6701527 ], [ -2.6540849, 42.6701799 ], [ -2.6541031, 42.6701934 ], [ -2.6541112, 42.6701985 ], [ -2.6541175, 42.6702025 ], [ -2.654138, 42.670216 ], [ -2.6542999, 42.6703246 ], [ -2.6543386, 42.6703517 ], [ -2.6543835, 42.6703789 ], [ -2.6544086, 42.670397 ], [ -2.6544504, 42.6704241 ], [ -2.6544709, 42.6704377 ], [ -2.6544967, 42.6704558 ], [ -2.6545271, 42.6704784 ], [ -2.654556, 42.6704965 ], [ -2.6545667, 42.670501 ], [ -2.6546023, 42.6705282 ], [ -2.6546191, 42.6705372 ], [ -2.6546851, 42.6705825 ], [ -2.6548159, 42.6706684 ], [ -2.6548994, 42.6707272 ], [ -2.6549367, 42.6707498 ], [ -2.6549815, 42.6707815 ], [ -2.6550066, 42.670795 ], [ -2.6550834, 42.6708448 ], [ -2.6551289, 42.6708765 ], [ -2.6553874, 42.6710439 ], [ -2.6554102, 42.6710574 ], [ -2.6554254, 42.6710665 ], [ -2.6555325, 42.6711388 ], [ -2.6555957, 42.6711816 ], [ -2.6555994, 42.6711841 ], [ -2.6558243, 42.6713333 ], [ -2.6558714, 42.671365 ], [ -2.6558889, 42.6713741 ], [ -2.6559459, 42.6714148 ], [ -2.6560531, 42.6714872 ], [ -2.6562461, 42.6716138 ], [ -2.656256, 42.6716229 ], [ -2.6562879, 42.6716455 ], [ -2.6563038, 42.6716545 ], [ -2.6566123, 42.6718671 ], [ -2.6566861, 42.6719213 ], [ -2.6567445, 42.671962 ], [ -2.6569086, 42.6720751 ], [ -2.6569239, 42.6720887 ], [ -2.6570098, 42.6721295 ], [ -2.6571148, 42.6721793 ], [ -2.6572411, 42.6722247 ], [ -2.6572754, 42.6722338 ], [ -2.6574322, 42.6722928 ], [ -2.6575191, 42.6723066 ], [ -2.6576106, 42.6723204 ], [ -2.6576243, 42.6723204 ], [ -2.6576556, 42.6723205 ], [ -2.6576777, 42.6723251 ], [ -2.6577189, 42.6723252 ], [ -2.6578416, 42.6723301 ], [ -2.6579118, 42.6723348 ], [ -2.6579347, 42.6723349 ], [ -2.6580437, 42.6723397 ], [ -2.6580819, 42.6723443 ], [ -2.6581542, 42.672349 ], [ -2.6582183, 42.6723492 ], [ -2.6583752, 42.6723566 ], [ -2.6584552, 42.6723904 ], [ -2.6591749, 42.6724556 ], [ -2.6592816, 42.6724322 ], [ -2.6595382, 42.6723758 ], [ -2.6595392, 42.6723757 ], [ -2.6595698, 42.6723758 ], [ -2.6596026, 42.6723759 ], [ -2.6596262, 42.6723714 ], [ -2.6596758, 42.6723716 ], [ -2.6597758, 42.6723584 ], [ -2.6597965, 42.6723539 ], [ -2.6598293, 42.6723495 ], [ -2.6599247, 42.6723363 ], [ -2.6599659, 42.6723319 ], [ -2.6600109, 42.6723231 ], [ -2.6600331, 42.6723186 ], [ -2.6600621, 42.6723097 ], [ -2.6603096, 42.6722519 ], [ -2.6603355, 42.6722475 ], [ -2.6603997, 42.6722296 ], [ -2.6604496, 42.6721713 ], [ -2.6604565, 42.6721623 ], [ -2.6604834, 42.6721308 ], [ -2.6605032, 42.6721063 ], [ -2.6605525, 42.6720455 ], [ -2.6605763, 42.672014 ], [ -2.66062, 42.6719646 ], [ -2.6607076, 42.6718568 ], [ -2.6607199, 42.6718388 ], [ -2.6607552, 42.6717984 ], [ -2.6607767, 42.6717715 ], [ -2.6607928, 42.6717535 ], [ -2.660809, 42.671731 ], [ -2.660825, 42.6717131 ], [ -2.6608389, 42.6716951 ], [ -2.6608957, 42.6716278 ], [ -2.6609011, 42.6716187 ], [ -2.6609249, 42.6715918 ], [ -2.6609457, 42.6715649 ], [ -2.6609679, 42.6715379 ], [ -2.6609833, 42.6715199 ], [ -2.6610032, 42.6714975 ], [ -2.6610094, 42.6714885 ], [ -2.6610208, 42.671475 ], [ -2.6610262, 42.671466 ], [ -2.6610385, 42.6714526 ], [ -2.6610677, 42.6714166 ], [ -2.6610816, 42.6713986 ], [ -2.6612321, 42.6712145 ], [ -2.6612551, 42.6711875 ], [ -2.6612712, 42.6711696 ], [ -2.6612827, 42.6711561 ], [ -2.6613541, 42.6710662 ], [ -2.6613772, 42.6710393 ], [ -2.6613841, 42.6710303 ], [ -2.6614094, 42.6709989 ], [ -2.6614178, 42.6709899 ], [ -2.6614939, 42.6708955 ], [ -2.6615222, 42.6708641 ], [ -2.6615699, 42.6708057 ], [ -2.6615806, 42.6707923 ], [ -2.661586, 42.6707832 ], [ -2.661596, 42.6707743 ], [ -2.6616175, 42.6707473 ], [ -2.6616574, 42.6706979 ], [ -2.6616643, 42.6706889 ], [ -2.6616874, 42.670662 ], [ -2.6617181, 42.6706216 ], [ -2.6617304, 42.6706081 ], [ -2.6617457, 42.6705901 ], [ -2.6617703, 42.6705587 ], [ -2.661778, 42.6705497 ], [ -2.6617903, 42.6705362 ], [ -2.6618079, 42.6705137 ], [ -2.6618348, 42.6704823 ], [ -2.661854, 42.6704598 ], [ -2.6618739, 42.6704329 ], [ -2.661887, 42.6704194 ], [ -2.6619085, 42.6703925 ], [ -2.6619522, 42.6703385 ], [ -2.6619699, 42.6703161 ], [ -2.6621166, 42.6701364 ], [ -2.6621289, 42.6701229 ], [ -2.662145, 42.670105 ], [ -2.6621604, 42.6700825 ], [ -2.662178, 42.6700645 ], [ -2.6621995, 42.6700376 ], [ -2.6622149, 42.6700196 ], [ -2.662277, 42.6699432 ], [ -2.6622832, 42.6699343 ], [ -2.6622932, 42.6699208 ], [ -2.6623009, 42.6699118 ], [ -2.6623116, 42.6699029 ], [ -2.6623339, 42.6698759 ], [ -2.6623385, 42.6698669 ], [ -2.6623807, 42.6698175 ], [ -2.6624521, 42.6697322 ], [ -2.6624644, 42.6697187 ], [ -2.662492, 42.6696872 ], [ -2.6626302, 42.6695211 ], [ -2.6626479, 42.6694986 ], [ -2.6626693, 42.6694761 ], [ -2.6626877, 42.6694537 ], [ -2.6626947, 42.6694447 ], [ -2.6627331, 42.6693998 ], [ -2.662773, 42.6693504 ], [ -2.6627899, 42.6693324 ], [ -2.6628114, 42.6693054 ], [ -2.662839, 42.669274 ], [ -2.6628543, 42.669256 ], [ -2.6628881, 42.6692156 ], [ -2.6629403, 42.6691527 ], [ -2.6630363, 42.6690404 ], [ -2.6630632, 42.6690045 ], [ -2.6630739, 42.6689955 ], [ -2.66311, 42.6689506 ], [ -2.6631499, 42.6689012 ], [ -2.6632443, 42.6687934 ], [ -2.6632773, 42.668753 ], [ -2.6633702, 42.6686407 ], [ -2.6634025, 42.6686002 ], [ -2.6634623, 42.6685284 ], [ -2.6634838, 42.6685059 ], [ -2.6635077, 42.6684745 ], [ -2.6636036, 42.6683622 ], [ -2.6636166, 42.6683442 ], [ -2.6636427, 42.6683128 ], [ -2.6637111, 42.6682319 ], [ -2.663731, 42.6682095 ], [ -2.6637402, 42.668196 ], [ -2.6637671, 42.6681645 ], [ -2.6638485, 42.6680657 ], [ -2.6638838, 42.6680253 ], [ -2.663913, 42.6679893 ], [ -2.6639452, 42.6679534 ], [ -2.663959, 42.6679355 ], [ -2.663969, 42.667922 ], [ -2.6640005, 42.667886 ], [ -2.6640066, 42.6678771 ], [ -2.6640527, 42.6678232 ], [ -2.6640665, 42.6678052 ], [ -2.664098, 42.6677648 ], [ -2.6641203, 42.6677378 ], [ -2.6641471, 42.6677064 ], [ -2.6641893, 42.6676524 ], [ -2.6642585, 42.6675671 ], [ -2.6642784, 42.6675447 ], [ -2.6643798, 42.6674189 ], [ -2.6643959, 42.6674009 ], [ -2.6644289, 42.6673605 ], [ -2.6644527, 42.667329 ], [ -2.6644696, 42.6673111 ], [ -2.6645333, 42.6672302 ], [ -2.6645479, 42.6672167 ], [ -2.6645955, 42.6671583 ], [ -2.6648074, 42.6668978 ], [ -2.6648266, 42.6668708 ], [ -2.6648612, 42.6668304 ], [ -2.6648696, 42.6668214 ], [ -2.6649364, 42.6667406 ], [ -2.6651821, 42.6665657 ], [ -2.6654601, 42.6663639 ], [ -2.6654777, 42.6663504 ], [ -2.6654907, 42.6663414 ], [ -2.665503, 42.6663325 ], [ -2.6655229, 42.666319 ], [ -2.6656477, 42.6662293 ], [ -2.6657281, 42.6663061 ], [ -2.6657569, 42.6663332 ], [ -2.665763, 42.6663422 ], [ -2.6658092, 42.6663861 ], [ -2.6658722, 42.6664461 ], [ -2.6659576, 42.6665289 ], [ -2.6659793, 42.66655 ], [ -2.666043, 42.6666087 ], [ -2.6661661, 42.6666901 ], [ -2.6662026, 42.6667128 ], [ -2.6662246, 42.6667263 ], [ -2.6662421, 42.6667399 ], [ -2.6662762, 42.666776 ], [ -2.6662998, 42.6667986 ], [ -2.6664529, 42.6669657 ], [ -2.6665637, 42.667083 ], [ -2.6665803, 42.6671011 ], [ -2.6666311, 42.6671553 ], [ -2.6666895, 42.6672185 ], [ -2.6667608, 42.6672998 ], [ -2.6667737, 42.6673133 ], [ -2.6668465, 42.6673946 ], [ -2.6668548, 42.6674036 ], [ -2.6668647, 42.6674127 ], [ -2.6668783, 42.6674262 ], [ -2.6668882, 42.6674397 ], [ -2.6669049, 42.6674578 ], [ -2.666939, 42.6674939 ], [ -2.6669496, 42.6675075 ], [ -2.6669655, 42.667521 ], [ -2.666986, 42.6675436 ], [ -2.6669943, 42.6675571 ], [ -2.6671141, 42.6676836 ], [ -2.6671384, 42.6677061 ], [ -2.6671619, 42.6677332 ], [ -2.6672067, 42.6677784 ], [ -2.6673038, 42.6678822 ], [ -2.6673977, 42.6679951 ], [ -2.6674273, 42.6680267 ], [ -2.6674712, 42.6680808 ], [ -2.6674841, 42.6680944 ], [ -2.6674978, 42.6681124 ], [ -2.6675842, 42.6682118 ], [ -2.6676274, 42.6682569 ], [ -2.6676586, 42.668284 ], [ -2.6676957, 42.6683246 ], [ -2.66772, 42.6683472 ], [ -2.6677458, 42.6683743 ], [ -2.6677647, 42.6683924 ], [ -2.667789, 42.668415 ], [ -2.6678027, 42.668433 ], [ -2.6678186, 42.6684466 ], [ -2.6678277, 42.6684556 ], [ -2.6678512, 42.6684737 ], [ -2.6678626, 42.6684872 ], [ -2.6678907, 42.6685099 ], [ -2.6679029, 42.6685189 ], [ -2.667915, 42.6685324 ], [ -2.6679256, 42.6685415 ], [ -2.6679362, 42.6685505 ], [ -2.6679515, 42.668564 ], [ -2.6679659, 42.6685776 ], [ -2.6679848, 42.6685957 ], [ -2.6680479, 42.6686454 ], [ -2.6681246, 42.6687132 ], [ -2.6681633, 42.6687448 ], [ -2.6682051, 42.6687764 ], [ -2.6682172, 42.6687855 ], [ -2.6682901, 42.6688397 ], [ -2.6683092, 42.6688533 ], [ -2.6683471, 42.6688804 ], [ -2.6683699, 42.6688985 ], [ -2.6683942, 42.6689166 ], [ -2.6684527, 42.6689618 ], [ -2.6685036, 42.6689979 ], [ -2.6685515, 42.6690341 ], [ -2.6685841, 42.6690612 ], [ -2.6685948, 42.6690702 ], [ -2.6686586, 42.669111 ], [ -2.6686852, 42.669129 ], [ -2.6687019, 42.6691426 ], [ -2.6687308, 42.6691607 ], [ -2.6687643, 42.6691833 ], [ -2.6687741, 42.6691923 ], [ -2.6688068, 42.6692104 ], [ -2.6688676, 42.6692467 ], [ -2.6688958, 42.6692602 ], [ -2.6689247, 42.6692783 ], [ -2.6689619, 42.669301 ], [ -2.6689855, 42.6693145 ], [ -2.669006, 42.6693236 ], [ -2.669038, 42.6693417 ], [ -2.6690585, 42.6693508 ], [ -2.6690852, 42.6693644 ], [ -2.6691034, 42.6693779 ], [ -2.6691368, 42.669396 ], [ -2.6691673, 42.6694096 ], [ -2.6691932, 42.6694232 ], [ -2.669273, 42.6694685 ], [ -2.6693072, 42.6694866 ], [ -2.6693368, 42.6695047 ], [ -2.6693863, 42.6695318 ], [ -2.6694228, 42.66955 ], [ -2.6695095, 42.6695998 ], [ -2.6695528, 42.6696224 ], [ -2.6696099, 42.6696541 ], [ -2.669733, 42.6697265 ], [ -2.669965, 42.6698532 ], [ -2.6700129, 42.6698804 ], [ -2.670054, 42.669903 ], [ -2.670127, 42.6699438 ], [ -2.6701414, 42.6699528 ], [ -2.6701802, 42.6699754 ], [ -2.6703062, 42.6699443 ], [ -2.6703483, 42.6699309 ], [ -2.6703643, 42.6699264 ], [ -2.6704391, 42.6699079 ], [ -2.6704903, 42.6698953 ], [ -2.6705071, 42.6698908 ], [ -2.6705506, 42.6698819 ], [ -2.6705706, 42.669873 ], [ -2.6706637, 42.6698507 ], [ -2.6706889, 42.6698463 ], [ -2.6708322, 42.669808 ], [ -2.6708722, 42.6697973 ], [ -2.6709539, 42.669775 ], [ -2.6710188, 42.6697617 ], [ -2.6710395, 42.6697528 ], [ -2.6710776, 42.6697439 ], [ -2.6710998, 42.6697394 ], [ -2.671138, 42.6697306 ], [ -2.6711785, 42.6697171 ], [ -2.6711998, 42.6697127 ], [ -2.6712167, 42.6697082 ], [ -2.6712434, 42.6697038 ], [ -2.6712648, 42.6696949 ], [ -2.6713236, 42.6696815 ], [ -2.6713511, 42.6696726 ], [ -2.6716023, 42.6696103 ], [ -2.6716199, 42.6696059 ], [ -2.6716382, 42.6696014 ], [ -2.6717047, 42.6695836 ], [ -2.6717223, 42.6695791 ], [ -2.6717544, 42.6695702 ], [ -2.6717803, 42.6695658 ], [ -2.6718238, 42.6695524 ], [ -2.671846, 42.669548 ], [ -2.6718597, 42.6695435 ], [ -2.6719529, 42.6695212 ], [ -2.6720308, 42.669499 ], [ -2.6720804, 42.6694856 ], [ -2.6721125, 42.6694812 ], [ -2.6721331, 42.6694768 ], [ -2.6721668, 42.6694678 ], [ -2.6721957, 42.6694589 ], [ -2.6724004, 42.6694145 ], [ -2.6724149, 42.66941 ], [ -2.6724424, 42.6694056 ], [ -2.6724798, 42.6694012 ], [ -2.672505, 42.6693967 ], [ -2.6725905, 42.6693835 ], [ -2.672631, 42.6693746 ], [ -2.6726539, 42.6693702 ], [ -2.6726776, 42.6693657 ], [ -2.6727195, 42.6693614 ], [ -2.6727546, 42.6693525 ], [ -2.6728027, 42.6693436 ], [ -2.6728653, 42.6693347 ], [ -2.6728959, 42.6693303 ], [ -2.6729226, 42.6693259 ], [ -2.6729402, 42.6693214 ], [ -2.6729562, 42.6693215 ], [ -2.6729936, 42.6693171 ], [ -2.6730096, 42.6693127 ], [ -2.6730691, 42.6693083 ], [ -2.6732049, 42.6692907 ], [ -2.6733637, 42.6692686 ], [ -2.673395, 42.6692687 ], [ -2.6734072, 42.6692688 ], [ -2.6734332, 42.6692688 ], [ -2.673575, 42.6692647 ], [ -2.6738046, 42.6692654 ], [ -2.6738915, 42.6692656 ], [ -2.6739297, 42.6692613 ], [ -2.6740235, 42.6692615 ], [ -2.6740921, 42.6692617 ], [ -2.6741272, 42.6692618 ], [ -2.6742027, 42.669262 ], [ -2.6742302, 42.6692666 ], [ -2.67425, 42.6692712 ], [ -2.6743376, 42.6692894 ], [ -2.674349, 42.669294 ], [ -2.6743727, 42.6692986 ], [ -2.6744664, 42.6693168 ], [ -2.6745205, 42.669326 ], [ -2.674618, 42.6693488 ], [ -2.6747315, 42.6693716 ], [ -2.6747803, 42.6693808 ], [ -2.6748344, 42.6693899 ], [ -2.6748778, 42.6693945 ], [ -2.6748946, 42.6693991 ], [ -2.6749533, 42.6694083 ], [ -2.6749853, 42.6694128 ], [ -2.6751019, 42.6694177 ], [ -2.6751477, 42.6694223 ], [ -2.6751622, 42.6694179 ], [ -2.6751782, 42.6694179 ], [ -2.6751957, 42.669418 ], [ -2.6752949, 42.6694137 ], [ -2.6753463, 42.6694115 ], [ -2.6753903, 42.6694095 ], [ -2.6754811, 42.6694052 ], [ -2.6755749, 42.669401 ], [ -2.6755955, 42.6694011 ], [ -2.6756108, 42.6694011 ], [ -2.6757351, 42.669397 ], [ -2.6757946, 42.6693927 ], [ -2.6758076, 42.6693927 ], [ -2.6758304, 42.6693928 ], [ -2.6758831, 42.6693929 ], [ -2.6759281, 42.6693885 ], [ -2.6759693, 42.6693887 ], [ -2.6760593, 42.6693844 ], [ -2.6761036, 42.6693845 ], [ -2.6762501, 42.6693759 ], [ -2.6762966, 42.6693761 ], [ -2.6763416, 42.6693762 ], [ -2.6764263, 42.6693719 ], [ -2.6766536, 42.6693636 ], [ -2.6767962, 42.6693595 ], [ -2.6768901, 42.6693552 ], [ -2.6769336, 42.6693509 ], [ -2.6769709, 42.669351 ], [ -2.6770442, 42.6693467 ], [ -2.6771304, 42.6693424 ], [ -2.6771861, 42.6693426 ], [ -2.6772814, 42.6693383 ], [ -2.6773699, 42.6693341 ], [ -2.6774569, 42.6693343 ], [ -2.6776407, 42.6693304 ], [ -2.6776567, 42.6693349 ], [ -2.6776819, 42.669335 ], [ -2.6777101, 42.669335 ], [ -2.6777355, 42.6693358 ], [ -2.677887, 42.66934 ], [ -2.6779396, 42.6693447 ], [ -2.6779831, 42.6693493 ], [ -2.6780311, 42.669354 ], [ -2.6780456, 42.6693585 ], [ -2.6780913, 42.6693631 ], [ -2.6781073, 42.6693632 ], [ -2.6781294, 42.6693632 ], [ -2.6782651, 42.6693861 ], [ -2.6782781, 42.6693862 ], [ -2.6782903, 42.6693862 ], [ -2.6783101, 42.6693908 ], [ -2.6783855, 42.669409 ], [ -2.6784304, 42.6694181 ], [ -2.6784899, 42.6694318 ], [ -2.6784973, 42.6694331 ], [ -2.6785432, 42.669441 ], [ -2.6786002, 42.6694681 ], [ -2.6786193, 42.6694727 ], [ -2.6786733, 42.6694999 ], [ -2.6786847, 42.6695044 ], [ -2.6787045, 42.669509 ], [ -2.6787365, 42.6695226 ], [ -2.678754, 42.6695316 ], [ -2.6788095, 42.6695678 ], [ -2.6788278, 42.6695814 ], [ -2.6788422, 42.6695904 ], [ -2.6788779, 42.669613 ], [ -2.6788954, 42.6696221 ], [ -2.6789099, 42.6696311 ], [ -2.6789456, 42.6696537 ], [ -2.6789669, 42.6696673 ], [ -2.678982, 42.6696763 ], [ -2.6790178, 42.669699 ], [ -2.6790269, 42.669708 ], [ -2.6790496, 42.6697351 ], [ -2.6790906, 42.6697847 ], [ -2.6791057, 42.6698028 ], [ -2.679114, 42.6698253 ], [ -2.6791321, 42.6698704 ], [ -2.6791343, 42.6698794 ], [ -2.6791426, 42.669902 ], [ -2.6791479, 42.6699155 ], [ -2.6791605, 42.6699741 ], [ -2.6791687, 42.6700101 ], [ -2.6791702, 42.6700191 ], [ -2.6791747, 42.6700371 ], [ -2.6791769, 42.6700461 ], [ -2.6791836, 42.6700777 ], [ -2.6791888, 42.6701047 ], [ -2.6791978, 42.6701453 ], [ -2.6792171, 42.6702399 ], [ -2.679238, 42.6703345 ], [ -2.6792439, 42.670366 ], [ -2.6792566, 42.6704246 ], [ -2.6792618, 42.6704471 ], [ -2.6792648, 42.6704652 ], [ -2.6792968, 42.6706138 ], [ -2.6793192, 42.670722 ], [ -2.6793608, 42.6709202 ], [ -2.6793645, 42.6709427 ], [ -2.6793675, 42.6709562 ], [ -2.6793779, 42.6710058 ], [ -2.6794109, 42.6711095 ], [ -2.6794238, 42.6711493 ], [ -2.6794342, 42.6711816 ], [ -2.6794561, 42.6712222 ], [ -2.6794659, 42.6712402 ], [ -2.6794917, 42.6712853 ], [ -2.6795502, 42.6713305 ], [ -2.6795616, 42.6713395 ], [ -2.6795798, 42.6713441 ], [ -2.6796141, 42.6713577 ], [ -2.6796239, 42.6713604 ], [ -2.6796468, 42.6713668 ], [ -2.6797184, 42.671385 ], [ -2.6797329, 42.6713851 ], [ -2.6797512, 42.6713896 ], [ -2.6797923, 42.6713987 ], [ -2.6798548, 42.6714034 ], [ -2.6798869, 42.6714035 ], [ -2.6799639, 42.6714082 ], [ -2.679999, 42.6714083 ], [ -2.680187, 42.671401 ], [ -2.6802157, 42.6713999 ], [ -2.6802836, 42.6714001 ], [ -2.6803057, 42.6713957 ], [ -2.6804186, 42.6713915 ], [ -2.680456, 42.6713916 ], [ -2.6807108, 42.6713788 ], [ -2.6808527, 42.6713702 ], [ -2.6808923, 42.6713703 ], [ -2.6809122, 42.6713704 ], [ -2.680932, 42.6713704 ], [ -2.6809572, 42.671366 ], [ -2.6809748, 42.671366 ], [ -2.6809938, 42.6713661 ], [ -2.6810182, 42.6713662 ], [ -2.6810755, 42.6713618 ], [ -2.6813371, 42.671349 ], [ -2.6813783, 42.6713491 ], [ -2.681418, 42.6713447 ], [ -2.681463, 42.6713449 ], [ -2.6815065, 42.6713405 ], [ -2.681653, 42.6713364 ], [ -2.6816927, 42.671332 ], [ -2.681724, 42.6713321 ], [ -2.6817842, 42.6713278 ], [ -2.6818308, 42.6713279 ], [ -2.6819666, 42.6713238 ], [ -2.6820383, 42.6713195 ], [ -2.6820657, 42.6713196 ], [ -2.6821153, 42.6713197 ], [ -2.6821428, 42.6713198 ], [ -2.682174, 42.6713199 ], [ -2.6822671, 42.6713246 ], [ -2.6823029, 42.6713247 ], [ -2.6823448, 42.6713248 ], [ -2.6823982, 42.671325 ], [ -2.6824951, 42.6713298 ], [ -2.6825149, 42.6713298 ], [ -2.6825942, 42.6713345 ], [ -2.6826133, 42.6713346 ], [ -2.6826415, 42.6713347 ], [ -2.6827269, 42.6713394 ], [ -2.6827635, 42.6713395 ], [ -2.6828337, 42.6713442 ], [ -2.6828756, 42.6713488 ], [ -2.682916, 42.6713489 ], [ -2.6829579, 42.6713535 ], [ -2.682993, 42.6713536 ], [ -2.6830677, 42.6713583 ], [ -2.6830845, 42.6713584 ], [ -2.6831112, 42.671363 ], [ -2.6831501, 42.6713676 ], [ -2.6831912, 42.6713722 ], [ -2.683237, 42.6713768 ], [ -2.6832926, 42.671386 ], [ -2.6833301, 42.6713816 ], [ -2.6833689, 42.6713817 ], [ -2.6833964, 42.6713818 ], [ -2.6834338, 42.6713774 ], [ -2.6834521, 42.6713774 ], [ -2.6835184, 42.6713731 ], [ -2.6835451, 42.6713706 ], [ -2.6835635, 42.6713688 ], [ -2.6836413, 42.6713644 ], [ -2.6836635, 42.67136 ], [ -2.6837413, 42.6713602 ], [ -2.6838153, 42.6713559 ], [ -2.6838969, 42.6713517 ], [ -2.6839236, 42.6713517 ], [ -2.6839838, 42.6713564 ], [ -2.6840205, 42.6713565 ], [ -2.6840616, 42.6713566 ], [ -2.6840875, 42.6713567 ], [ -2.6841188, 42.6713613 ], [ -2.684147, 42.6713658 ], [ -2.6841729, 42.6713659 ], [ -2.6842126, 42.6713751 ], [ -2.6842446, 42.6713796 ], [ -2.684269, 42.6713797 ], [ -2.6842811, 42.6713843 ], [ -2.6843276, 42.6713934 ], [ -2.6843452, 42.6713979 ], [ -2.6844213, 42.6714161 ], [ -2.6844427, 42.6714207 ], [ -2.6844838, 42.6714344 ], [ -2.6845013, 42.6714389 ], [ -2.6845158, 42.6714479 ], [ -2.6845759, 42.6714661 ], [ -2.6845927, 42.6714752 ], [ -2.6847083, 42.671525 ], [ -2.6847449, 42.6715431 ], [ -2.684843, 42.6715929 ], [ -2.6848544, 42.6715975 ], [ -2.684948, 42.6716428 ], [ -2.6849609, 42.6716518 ], [ -2.6849989, 42.6716744 ], [ -2.6850362, 42.6716971 ], [ -2.6851085, 42.6717423 ], [ -2.6851898, 42.671792 ], [ -2.6852293, 42.6718192 ], [ -2.6853061, 42.6718734 ], [ -2.685376, 42.6719231 ], [ -2.6854026, 42.6719412 ], [ -2.6854201, 42.6719548 ], [ -2.6854771, 42.6719954 ], [ -2.685506, 42.6720136 ], [ -2.6855341, 42.6720316 ], [ -2.6855524, 42.6720452 ], [ -2.6855622, 42.6720542 ], [ -2.6855934, 42.6720723 ], [ -2.6856071, 42.6720814 ], [ -2.685639, 42.672104 ], [ -2.6856641, 42.672122 ], [ -2.6856777, 42.6721356 ], [ -2.6857484, 42.6721853 ], [ -2.6857803, 42.6722124 ], [ -2.6858388, 42.6722576 ], [ -2.6858776, 42.6722847 ], [ -2.6858959, 42.6722983 ], [ -2.6859239, 42.6723209 ], [ -2.6859536, 42.6723435 ], [ -2.6859794, 42.6723616 ], [ -2.6860075, 42.6723841 ], [ -2.686047, 42.6724158 ], [ -2.6860691, 42.6724339 ], [ -2.6860995, 42.6724564 ], [ -2.6861321, 42.6724791 ], [ -2.6861557, 42.6725016 ], [ -2.6861778, 42.6725152 ], [ -2.6861906, 42.6725288 ], [ -2.6862111, 42.6725423 ], [ -2.6862218, 42.6725514 ], [ -2.6862689, 42.6725875 ], [ -2.6863053, 42.6726191 ], [ -2.6863426, 42.6726462 ], [ -2.6863654, 42.6726643 ], [ -2.6863851, 42.6726824 ], [ -2.6864079, 42.6727004 ], [ -2.6864603, 42.6727411 ], [ -2.6864778, 42.6727547 ], [ -2.6865105, 42.6727818 ], [ -2.6865469, 42.6728089 ], [ -2.6865804, 42.672836 ], [ -2.6866145, 42.6728631 ], [ -2.6867179, 42.6729444 ], [ -2.6867415, 42.672958 ], [ -2.6867871, 42.6729852 ], [ -2.6868304, 42.6730078 ], [ -2.6868716, 42.6730214 ], [ -2.6868982, 42.673035 ], [ -2.6869895, 42.6730803 ], [ -2.6870062, 42.6730893 ], [ -2.687026, 42.6730984 ], [ -2.687039, 42.6731029 ], [ -2.687138, 42.6731392 ], [ -2.6872651, 42.6731756 ], [ -2.6873452, 42.6731938 ], [ -2.6875173, 42.6732258 ], [ -2.6875616, 42.6732304 ], [ -2.6875738, 42.6732305 ], [ -2.687586, 42.6732305 ], [ -2.6876196, 42.6732306 ], [ -2.6879711, 42.6732406 ], [ -2.6880207, 42.6732452 ], [ -2.6880588, 42.6732453 ], [ -2.6880916, 42.6732454 ], [ -2.6881168, 42.6732455 ], [ -2.6881686, 42.6732501 ], [ -2.6881816, 42.6732502 ], [ -2.6882334, 42.6732503 ], [ -2.6882472, 42.6732504 ], [ -2.6883883, 42.6732552 ], [ -2.688415, 42.6732553 ], [ -2.6885698, 42.6732602 ], [ -2.6886415, 42.6732649 ], [ -2.6889862, 42.6732749 ], [ -2.6890053, 42.6732749 ], [ -2.6890235, 42.673275 ], [ -2.689064, 42.6732751 ], [ -2.6892295, 42.67328 ], [ -2.6892417, 42.6732801 ], [ -2.6892828, 42.6732847 ], [ -2.6893302, 42.6732848 ], [ -2.6893652, 42.6732849 ], [ -2.6894064, 42.6732895 ], [ -2.6894476, 42.6732896 ], [ -2.6894835, 42.6732897 ], [ -2.6895315, 42.6732899 ], [ -2.689565, 42.6732944 ], [ -2.6896123, 42.6732946 ], [ -2.6897381, 42.6732994 ], [ -2.6897641, 42.6732995 ], [ -2.6897824, 42.6732995 ], [ -2.6898152, 42.6732996 ], [ -2.689832, 42.6732997 ], [ -2.6899929, 42.6733046 ], [ -2.6900897, 42.6733094 ], [ -2.6902026, 42.6733142 ], [ -2.6902552, 42.6733144 ], [ -2.6902842, 42.6733144 ], [ -2.6904558, 42.6733194 ], [ -2.6905237, 42.6733241 ], [ -2.6905381, 42.6733241 ], [ -2.6906983, 42.673329 ], [ -2.6907784, 42.6733293 ], [ -2.6908067, 42.6733293 ], [ -2.6909622, 42.6733343 ], [ -2.6910133, 42.6733389 ], [ -2.6910423, 42.673339 ], [ -2.6911071, 42.6733392 ], [ -2.6912184, 42.673344 ], [ -2.6912589, 42.6733441 ], [ -2.691355, 42.6733488 ], [ -2.6913733, 42.6733489 ], [ -2.6913855, 42.6733489 ], [ -2.6915189, 42.6733538 ], [ -2.6915487, 42.6733539 ], [ -2.691702, 42.6733588 ], [ -2.6917149, 42.6733588 ], [ -2.691808, 42.6733635 ], [ -2.6919704, 42.6733685 ], [ -2.6920238, 42.6733687 ], [ -2.6921069, 42.6733734 ], [ -2.6921603, 42.6733735 ], [ -2.6921969, 42.6733781 ], [ -2.6923327, 42.6733785 ], [ -2.6923731, 42.6733831 ], [ -2.6924364, 42.6733833 ], [ -2.6925889, 42.6733882 ], [ -2.6927842, 42.6733977 ], [ -2.6928406, 42.6733979 ], [ -2.6929611, 42.6734027 ], [ -2.6931937, 42.6734078 ], [ -2.6932059, 42.6734079 ], [ -2.6933073, 42.6734126 ], [ -2.6933195, 42.6734127 ], [ -2.6933523, 42.6734128 ], [ -2.6934294, 42.6734175 ], [ -2.6935361, 42.6734223 ], [ -2.6935621, 42.6734223 ], [ -2.6936551, 42.6734271 ], [ -2.6937253, 42.6734273 ], [ -2.693816, 42.673432 ], [ -2.6938465, 42.6734321 ], [ -2.6939563, 42.6734369 ], [ -2.6939693, 42.6734369 ], [ -2.6939845, 42.673437 ], [ -2.6940547, 42.6734417 ], [ -2.6941752, 42.673442 ], [ -2.6941965, 42.6734466 ], [ -2.6942225, 42.6734466 ], [ -2.6943246, 42.6734514 ], [ -2.6944436, 42.6734562 ], [ -2.6944711, 42.6734563 ], [ -2.6945031, 42.6734564 ], [ -2.6945581, 42.6734565 ], [ -2.6946076, 42.6734612 ], [ -2.6946435, 42.6734613 ], [ -2.6948021, 42.6734662 ], [ -2.6949142, 42.673471 ], [ -2.6950133, 42.6734758 ], [ -2.6952291, 42.6734853 ], [ -2.695265, 42.6734854 ], [ -2.6956119, 42.6735089 ], [ -2.6956577, 42.6735135 ], [ -2.6956767, 42.6735136 ], [ -2.695974, 42.6735549 ], [ -2.6961813, 42.6736005 ], [ -2.6962445, 42.6736186 ], [ -2.6963054, 42.6736368 ], [ -2.6963633, 42.673655 ], [ -2.6965666, 42.6737231 ], [ -2.6966839, 42.6737639 ], [ -2.6967973, 42.6738047 ], [ -2.6968293, 42.6738183 ], [ -2.6970379, 42.6739044 ], [ -2.697047, 42.6739092 ], [ -2.6979396, 42.6740239 ], [ -2.6986464, 42.6742419 ], [ -2.6990725, 42.6746965 ], [ -2.6992049, 42.6748378 ], [ -2.6995444, 42.6747974 ], [ -2.7023921, 42.6744589 ], [ -2.7033937, 42.6742904 ], [ -2.7053608, 42.6738181 ], [ -2.7067425, 42.6732724 ], [ -2.7147533, 42.6695733 ], [ -2.7149366, 42.6668541 ], [ -2.7149248, 42.666755 ], [ -2.7145946, 42.6643186 ], [ -2.7145952, 42.664318 ], [ -2.7146274, 42.6642821 ], [ -2.7146673, 42.6642372 ], [ -2.7146933, 42.6642057 ], [ -2.7147155, 42.6641833 ], [ -2.7147581, 42.6641338 ], [ -2.7147722, 42.6641203 ], [ -2.7148393, 42.664044 ], [ -2.714852, 42.6640305 ], [ -2.714867, 42.6640125 ], [ -2.7148823, 42.663999 ], [ -2.7148964, 42.6639811 ], [ -2.7149321, 42.6639406 ], [ -2.7149474, 42.6639227 ], [ -2.7149969, 42.6638688 ], [ -2.7150129, 42.6638508 ], [ -2.7150267, 42.6638373 ], [ -2.7150835, 42.6637744 ], [ -2.7151333, 42.663716 ], [ -2.7151521, 42.663698 ], [ -2.7152161, 42.6636261 ], [ -2.7152249, 42.6636172 ], [ -2.7152514, 42.6635857 ], [ -2.7152798, 42.6635543 ], [ -2.7152966, 42.6635363 ], [ -2.7153165, 42.6635138 ], [ -2.7153395, 42.6634869 ], [ -2.7153572, 42.6634689 ], [ -2.7153905, 42.663433 ], [ -2.7154069, 42.6634133 ], [ -2.7154093, 42.6634105 ], [ -2.7154196, 42.663397 ], [ -2.7154495, 42.6633611 ], [ -2.7154603, 42.6633476 ], [ -2.7154825, 42.6633206 ], [ -2.7154902, 42.6633116 ], [ -2.7155289, 42.6632712 ], [ -2.7155442, 42.6632577 ], [ -2.7155794, 42.6632353 ], [ -2.7155997, 42.6632218 ], [ -2.7156915, 42.663159 ], [ -2.7157289, 42.6631366 ], [ -2.7157813, 42.6631052 ], [ -2.7158253, 42.6630783 ], [ -2.7158425, 42.6630649 ], [ -2.7158689, 42.6630514 ], [ -2.7159136, 42.6630245 ], [ -2.7159431, 42.6630021 ], [ -2.715966, 42.6629886 ], [ -2.7159867, 42.6629751 ], [ -2.7160245, 42.6629527 ], [ -2.7160379, 42.6629438 ], [ -2.7160517, 42.6629393 ], [ -2.7161324, 42.6628855 ], [ -2.7161465, 42.6628765 ], [ -2.7161595, 42.6628675 ], [ -2.7161817, 42.662854 ], [ -2.7162135, 42.6628271 ], [ -2.7162555, 42.6628002 ], [ -2.7162655, 42.6627912 ], [ -2.7162907, 42.6627733 ], [ -2.7163164, 42.6627553 ], [ -2.7163569, 42.6627284 ], [ -2.7163967, 42.6627015 ], [ -2.7164258, 42.6626836 ], [ -2.7164751, 42.6626522 ], [ -2.7164843, 42.6626432 ], [ -2.7165581, 42.6625983 ], [ -2.7165742, 42.6625849 ], [ -2.7166292, 42.662549 ], [ -2.7166403, 42.6625445 ], [ -2.7166698, 42.662522 ], [ -2.7167012, 42.6625041 ], [ -2.7167711, 42.6624548 ], [ -2.7168105, 42.6624324 ], [ -2.7168805, 42.6623965 ], [ -2.7169351, 42.6623741 ], [ -2.7169557, 42.6623697 ], [ -2.7169977, 42.6623563 ], [ -2.7170439, 42.6623474 ], [ -2.7171218, 42.6623296 ], [ -2.717203, 42.6623163 ], [ -2.7172263, 42.6623163 ], [ -2.7173206, 42.6622985 ], [ -2.7174141, 42.6622852 ], [ -2.7174263, 42.6622853 ], [ -2.7174827, 42.6622764 ], [ -2.7174972, 42.6622719 ], [ -2.7175458, 42.6622653 ], [ -2.7180093, 42.6620166 ], [ -2.7191569, 42.6618663 ], [ -2.7193972, 42.6618853 ], [ -2.7204499, 42.6619685 ], [ -2.7220107, 42.6621975 ], [ -2.726519, 42.6636764 ], [ -2.7267648, 42.6636339 ], [ -2.7294986, 42.6631611 ], [ -2.7330472, 42.6624778 ], [ -2.7331242, 42.6624537 ], [ -2.7331975, 42.6624358 ], [ -2.73322, 42.6624314 ], [ -2.7332697, 42.6624225 ], [ -2.7332837, 42.6624225 ], [ -2.7333143, 42.6624136 ], [ -2.7333666, 42.6624047 ], [ -2.7334173, 42.6623958 ], [ -2.7336162, 42.6623468 ], [ -2.7336582, 42.6623424 ], [ -2.7336994, 42.662338 ], [ -2.7337184, 42.662338 ], [ -2.7338372, 42.6623257 ], [ -2.7338458, 42.6623248 ], [ -2.7338992, 42.6623249 ], [ -2.7339729, 42.6623161 ], [ -2.734019, 42.6623162 ], [ -2.734077, 42.6623118 ], [ -2.7341132, 42.6623074 ], [ -2.7341967, 42.6623031 ], [ -2.7342742, 42.6622988 ], [ -2.7343761, 42.662272 ], [ -2.7344215, 42.6622586 ], [ -2.7345632, 42.6622229 ], [ -2.7345888, 42.662214 ], [ -2.7346128, 42.6622095 ], [ -2.7346243, 42.662205 ], [ -2.7346346, 42.6622005 ], [ -2.7346819, 42.6621916 ], [ -2.734783, 42.6621649 ], [ -2.7348323, 42.6621515 ], [ -2.7348766, 42.6621381 ], [ -2.7349278, 42.6621247 ], [ -2.734951, 42.6621202 ], [ -2.735045, 42.6620943 ], [ -2.735048, 42.6620935 ], [ -2.7350782, 42.6620845 ], [ -2.7351286, 42.6620711 ], [ -2.7352458, 42.6620264 ], [ -2.7352649, 42.6620174 ], [ -2.735315, 42.661995 ], [ -2.7353669, 42.6619771 ], [ -2.7354215, 42.6619547 ], [ -2.7354414, 42.6619457 ], [ -2.7355055, 42.6619189 ], [ -2.7355686, 42.661892 ], [ -2.7356022, 42.6618786 ], [ -2.7356759, 42.6618472 ], [ -2.7357, 42.6618383 ], [ -2.7357168, 42.6618338 ], [ -2.735792, 42.6618025 ], [ -2.7358085, 42.6617935 ], [ -2.735834, 42.6617846 ], [ -2.735857, 42.6617756 ], [ -2.7358742, 42.6617667 ], [ -2.7358986, 42.6617577 ], [ -2.7359918, 42.6617174 ], [ -2.7360823, 42.6616816 ], [ -2.7360953, 42.6616771 ], [ -2.7361282, 42.6616637 ], [ -2.7361648, 42.6616503 ], [ -2.7361908, 42.6616368 ], [ -2.736203, 42.6616323 ], [ -2.736245, 42.6616144 ], [ -2.7362722, 42.6616055 ], [ -2.7362947, 42.6615965 ], [ -2.7363184, 42.6615876 ], [ -2.7363371, 42.6615786 ], [ -2.7363627, 42.6615651 ], [ -2.7364009, 42.6615517 ], [ -2.7364349, 42.6615383 ], [ -2.7364567, 42.6615294 ], [ -2.7365208, 42.6615025 ], [ -2.7365434, 42.6614935 ], [ -2.7366102, 42.6614666 ], [ -2.7366599, 42.6614442 ], [ -2.7366755, 42.6614398 ], [ -2.7366965, 42.6614308 ], [ -2.7367554, 42.6614085 ], [ -2.7368257, 42.6613771 ], [ -2.7368455, 42.6613681 ], [ -2.7369086, 42.6613458 ], [ -2.7369196, 42.6613413 ], [ -2.7369548, 42.6613234 ], [ -2.7369719, 42.6613189 ], [ -2.7370598, 42.6612831 ], [ -2.7370926, 42.6612697 ], [ -2.7371034, 42.6612652 ], [ -2.7371167, 42.6612607 ], [ -2.7371355, 42.6612517 ], [ -2.7371511, 42.6612428 ], [ -2.7371923, 42.6612293 ], [ -2.7372145, 42.6612204 ], [ -2.7373486, 42.6611622 ], [ -2.7373627, 42.6611577 ], [ -2.7373787, 42.6611487 ], [ -2.7375339, 42.661077 ], [ -2.737616, 42.6610412 ], [ -2.7376321, 42.6610322 ], [ -2.7376729, 42.6610143 ], [ -2.7377024, 42.6610009 ], [ -2.7377803, 42.660965 ], [ -2.7378108, 42.6609516 ], [ -2.7378494, 42.6609337 ], [ -2.7378953, 42.6609113 ], [ -2.7379675, 42.6608799 ], [ -2.7379831, 42.6608709 ], [ -2.7381012, 42.6608172 ], [ -2.7382085, 42.6607679 ], [ -2.7383212, 42.6607186 ], [ -2.7383369, 42.6607096 ], [ -2.7383522, 42.6607007 ], [ -2.7384749, 42.6606469 ], [ -2.7385432, 42.6606155 ], [ -2.7385761, 42.6605976 ], [ -2.7386174, 42.6605797 ], [ -2.7387243, 42.6605304 ], [ -2.7387686, 42.6605125 ], [ -2.73885, 42.6604721 ], [ -2.7389318, 42.6604363 ], [ -2.7389742, 42.6604184 ], [ -2.7390357, 42.660387 ], [ -2.7391006, 42.6603602 ], [ -2.7391694, 42.6603243 ], [ -2.7392393, 42.6602929 ], [ -2.7393299, 42.6602526 ], [ -2.7393578, 42.6602392 ], [ -2.739378, 42.6602302 ], [ -2.7395037, 42.6601719 ], [ -2.7395415, 42.660154 ], [ -2.7396084, 42.6601227 ], [ -2.7396313, 42.6601137 ], [ -2.7396446, 42.6601093 ], [ -2.7397505, 42.66006 ], [ -2.7397696, 42.660051 ], [ -2.7397994, 42.6600375 ], [ -2.7399018, 42.6599883 ], [ -2.7399847, 42.6599524 ], [ -2.7400649, 42.6599166 ], [ -2.7401367, 42.6598807 ], [ -2.7401505, 42.6598763 ], [ -2.7401898, 42.6598583 ], [ -2.7402872, 42.6598135 ], [ -2.7403105, 42.6598001 ], [ -2.7403552, 42.6597821 ], [ -2.7404221, 42.6597508 ], [ -2.7404424, 42.6597418 ], [ -2.7404557, 42.6597329 ], [ -2.7405126, 42.6597105 ], [ -2.7405302, 42.6597015 ], [ -2.740691, 42.6596253 ], [ -2.7407438, 42.6596029 ], [ -2.740866, 42.6595447 ], [ -2.7408844, 42.6595357 ], [ -2.7409248, 42.6595178 ], [ -2.741036, 42.6594685 ], [ -2.7411526, 42.6594147 ], [ -2.7411869, 42.6593968 ], [ -2.7412538, 42.6593654 ], [ -2.7414494, 42.6592758 ], [ -2.7415583, 42.6592265 ], [ -2.7416862, 42.6591683 ], [ -2.7418039, 42.6591145 ], [ -2.7418948, 42.6590742 ], [ -2.7419392, 42.6590518 ], [ -2.7419961, 42.6590249 ], [ -2.7421099, 42.6589756 ], [ -2.7421917, 42.6589353 ], [ -2.7422257, 42.6589218 ], [ -2.7422363, 42.6589174 ], [ -2.7422528, 42.6589084 ], [ -2.7423143, 42.6588815 ], [ -2.7423277, 42.6588725 ], [ -2.7423678, 42.6588546 ], [ -2.7424698, 42.6588098 ], [ -2.7425699, 42.6587605 ], [ -2.7426478, 42.6587247 ], [ -2.7426623, 42.6587202 ], [ -2.7426837, 42.6587113 ], [ -2.7427838, 42.6586619 ], [ -2.7428185, 42.6586485 ], [ -2.7428491, 42.6586351 ], [ -2.7429568, 42.6585858 ], [ -2.7430027, 42.6585634 ], [ -2.7430447, 42.658541 ], [ -2.743055, 42.6585365 ], [ -2.7430829, 42.6585275 ], [ -2.7431215, 42.6585096 ], [ -2.7431673, 42.6584872 ], [ -2.743243, 42.6584513 ], [ -2.7432999, 42.6584244 ], [ -2.7433205, 42.6584155 ], [ -2.7433568, 42.6583976 ], [ -2.7433935, 42.6583841 ], [ -2.743405, 42.6583796 ], [ -2.7434325, 42.6583662 ], [ -2.7434585, 42.6583528 ], [ -2.7434848, 42.6583393 ], [ -2.743502, 42.6583349 ], [ -2.743557, 42.6583079 ], [ -2.7435692, 42.6583035 ], [ -2.7436063, 42.6582856 ], [ -2.7436881, 42.6582452 ], [ -2.7437186, 42.6582318 ], [ -2.7437614, 42.6582139 ], [ -2.7438046, 42.6581914 ], [ -2.7438435, 42.6581735 ], [ -2.7439849, 42.6581108 ], [ -2.7440093, 42.6580973 ], [ -2.7440345, 42.6580884 ], [ -2.7440689, 42.6580704 ], [ -2.7440884, 42.6580615 ], [ -2.7441494, 42.657976 ], [ -2.7441651, 42.6579536 ], [ -2.7441801, 42.6579311 ], [ -2.7442315, 42.6578502 ], [ -2.7442587, 42.6578052 ], [ -2.7443017, 42.6577377 ], [ -2.744332, 42.6576928 ], [ -2.7443857, 42.6576074 ], [ -2.7444, 42.6575849 ], [ -2.7444084, 42.6575714 ], [ -2.7444184, 42.6575579 ], [ -2.7444521, 42.657504 ], [ -2.7444583, 42.6574949 ], [ -2.7444809, 42.657459 ], [ -2.7445051, 42.657423 ], [ -2.7445408, 42.6573645 ], [ -2.7445458, 42.6573555 ], [ -2.7445772, 42.6573106 ], [ -2.7445895, 42.6572881 ], [ -2.7445976, 42.6572746 ], [ -2.744641, 42.6572072 ], [ -2.7446601, 42.6571802 ], [ -2.7446808, 42.6571487 ], [ -2.7447177, 42.6570903 ], [ -2.7447273, 42.6570723 ], [ -2.7447672, 42.6570093 ], [ -2.7447868, 42.6569824 ], [ -2.7448033, 42.6569554 ], [ -2.7448382, 42.6569014 ], [ -2.7448631, 42.656861 ], [ -2.7448819, 42.656834 ], [ -2.7448923, 42.6568205 ], [ -2.7449428, 42.6567621 ], [ -2.7449735, 42.6567351 ], [ -2.744993, 42.6567171 ], [ -2.7450144, 42.6566992 ], [ -2.7450611, 42.6566587 ], [ -2.7451621, 42.6565689 ], [ -2.7451862, 42.656551 ], [ -2.745304, 42.6564702 ], [ -2.7453162, 42.6564612 ], [ -2.7453422, 42.6564432 ], [ -2.7454309, 42.6563804 ], [ -2.7454818, 42.6563445 ], [ -2.7455219, 42.6563176 ], [ -2.7456236, 42.6562458 ], [ -2.7456852, 42.6562008 ], [ -2.7457009, 42.6561919 ], [ -2.7457296, 42.6561694 ], [ -2.7457552, 42.6561515 ], [ -2.7457942, 42.6561245 ], [ -2.7458083, 42.6561156 ], [ -2.7458198, 42.6561066 ], [ -2.7458385, 42.6560931 ], [ -2.7458599, 42.6560796 ], [ -2.7459724, 42.6559989 ], [ -2.7460473, 42.655945 ], [ -2.7460626, 42.655936 ], [ -2.7460734, 42.655927 ], [ -2.7461089, 42.6559046 ], [ -2.7462629, 42.6558104 ], [ -2.7462747, 42.6558059 ], [ -2.7463023, 42.6557925 ], [ -2.7463168, 42.6557835 ], [ -2.7463275, 42.655779 ], [ -2.746355, 42.6557656 ], [ -2.7463665, 42.6557566 ], [ -2.7463943, 42.6557431 ], [ -2.7464307, 42.6557252 ], [ -2.7464597, 42.6557118 ], [ -2.7465891, 42.655658 ], [ -2.7466564, 42.6556356 ], [ -2.7466728, 42.6556312 ], [ -2.746756, 42.6556044 ], [ -2.7468079, 42.655591 ], [ -2.7468396, 42.655582 ], [ -2.746869, 42.6555731 ], [ -2.7468946, 42.6555686 ], [ -2.7470971, 42.6555511 ], [ -2.7471406, 42.6555467 ], [ -2.7471585, 42.6555467 ], [ -2.7471707, 42.6555467 ], [ -2.7472004, 42.6555468 ], [ -2.7472588, 42.6555424 ], [ -2.7472778, 42.6555425 ], [ -2.7473251, 42.6555381 ], [ -2.7474712, 42.6555294 ], [ -2.7475174, 42.655525 ], [ -2.7475708, 42.6555116 ], [ -2.74762, 42.6555027 ], [ -2.747672, 42.6554803 ], [ -2.7476868, 42.6554713 ], [ -2.7477102, 42.6554624 ], [ -2.7477273, 42.6554579 ], [ -2.7477468, 42.6554489 ], [ -2.7478098, 42.6554221 ], [ -2.7478255, 42.6554176 ], [ -2.7478453, 42.6554087 ], [ -2.7478671, 42.6553997 ], [ -2.7480332, 42.655346 ], [ -2.748058, 42.6553416 ], [ -2.7480706, 42.6553371 ], [ -2.7481098, 42.6553282 ], [ -2.7481213, 42.6553237 ], [ -2.7481885, 42.6553103 ], [ -2.7482125, 42.6553059 ], [ -2.748251, 42.6553015 ], [ -2.7482736, 42.6553015 ], [ -2.748314, 42.6552971 ], [ -2.7483319, 42.6552926 ], [ -2.7483594, 42.6552927 ], [ -2.7484391, 42.6552884 ], [ -2.7484726, 42.6552885 ], [ -2.7485165, 42.6552886 ], [ -2.7485729, 42.6552887 ], [ -2.7485832, 42.6552842 ], [ -2.7486145, 42.6552843 ], [ -2.748656, 42.6552844 ], [ -2.7486808, 42.6552844 ], [ -2.748743, 42.6552801 ], [ -2.7487567, 42.6552801 ], [ -2.7488322, 42.6552802 ], [ -2.7488967, 42.6552714 ], [ -2.7489653, 42.655258 ], [ -2.748981, 42.655258 ], [ -2.7489932, 42.6552536 ], [ -2.7490264, 42.6552491 ], [ -2.7490386, 42.6552447 ], [ -2.7490527, 42.6552402 ], [ -2.7490653, 42.6552402 ], [ -2.749197, 42.6552045 ], [ -2.7492268, 42.6551865 ], [ -2.7492486, 42.6551776 ], [ -2.7493292, 42.6551418 ], [ -2.7493582, 42.6551193 ], [ -2.7493709, 42.6551103 ], [ -2.7494038, 42.6550834 ], [ -2.7494263, 42.6550654 ], [ -2.7494397, 42.6550519 ], [ -2.7494654, 42.6550295 ], [ -2.7494948, 42.655007 ], [ -2.7495158, 42.654989 ], [ -2.7495381, 42.6549711 ], [ -2.7495552, 42.6549576 ], [ -2.7495656, 42.6549487 ], [ -2.7495771, 42.6549351 ], [ -2.7495977, 42.6549172 ], [ -2.7496544, 42.6548678 ], [ -2.7496635, 42.6548588 ], [ -2.7496838, 42.6548408 ], [ -2.7496934, 42.6548228 ], [ -2.7496976, 42.6548138 ], [ -2.749736, 42.6547509 ], [ -2.7497464, 42.6547374 ], [ -2.7497679, 42.6546924 ], [ -2.7497841, 42.6546609 ], [ -2.749794, 42.654643 ], [ -2.7498082, 42.6546159 ], [ -2.7498118, 42.6546069 ], [ -2.7498164, 42.6545935 ], [ -2.7498384, 42.654517 ], [ -2.7498511, 42.6544765 ], [ -2.7498554, 42.6544675 ], [ -2.7498918, 42.6544045 ], [ -2.7499098, 42.654391 ], [ -2.7499756, 42.6543461 ], [ -2.7499874, 42.6543372 ], [ -2.7500471, 42.6543058 ], [ -2.7500845, 42.6542878 ], [ -2.750099, 42.6542789 ], [ -2.7501437, 42.654252 ], [ -2.7501831, 42.654234 ], [ -2.7501934, 42.6542295 ], [ -2.7502843, 42.6541847 ], [ -2.7502992, 42.6541757 ], [ -2.7503806, 42.6541354 ], [ -2.7504188, 42.6541175 ], [ -2.7504367, 42.6541085 ], [ -2.7504585, 42.654095 ], [ -2.7504791, 42.6540861 ], [ -2.7505154, 42.6540682 ], [ -2.7505697, 42.6540457 ], [ -2.7506823, 42.653992 ], [ -2.7507194, 42.653974 ], [ -2.7507412, 42.6539651 ], [ -2.7508065, 42.6539337 ], [ -2.7508168, 42.6539292 ], [ -2.7508661, 42.6539068 ], [ -2.7508978, 42.6538934 ], [ -2.7509123, 42.6538844 ], [ -2.7509566, 42.6538575 ], [ -2.7510399, 42.6538126 ], [ -2.75109, 42.6537722 ], [ -2.7511034, 42.6537632 ], [ -2.751131, 42.6537408 ], [ -2.7511551, 42.6537228 ], [ -2.7511799, 42.6537004 ], [ -2.7512136, 42.6536689 ], [ -2.751227, 42.6536599 ], [ -2.7512706, 42.653624 ], [ -2.7512763, 42.653615 ], [ -2.7512905, 42.6536061 ], [ -2.7513192, 42.6535791 ], [ -2.7513261, 42.6535701 ], [ -2.7513636, 42.6535341 ], [ -2.7513915, 42.6535072 ], [ -2.7514111, 42.6534892 ], [ -2.7514321, 42.6534623 ], [ -2.7514497, 42.6534443 ], [ -2.7514651, 42.6534263 ], [ -2.7514792, 42.6534083 ], [ -2.7515129, 42.6533679 ], [ -2.751526, 42.6533499 ], [ -2.7515344, 42.6533409 ], [ -2.7515635, 42.6533049 ], [ -2.751572, 42.6532915 ], [ -2.7515804, 42.6532825 ], [ -2.7515854, 42.6532735 ], [ -2.7516022, 42.6532555 ], [ -2.7516084, 42.6532465 ], [ -2.7516352, 42.6532105 ], [ -2.7516655, 42.6531746 ], [ -2.7516797, 42.6531431 ], [ -2.7516927, 42.6531161 ], [ -2.7516982, 42.6531026 ], [ -2.7517058, 42.6530891 ], [ -2.7517216, 42.6530576 ], [ -2.7517281, 42.6530396 ], [ -2.751742, 42.6530171 ], [ -2.7517573, 42.6529947 ], [ -2.7517957, 42.6529317 ], [ -2.7518218, 42.6528867 ], [ -2.7518605, 42.6528193 ], [ -2.7518748, 42.6527968 ], [ -2.7518813, 42.6527833 ], [ -2.7518951, 42.6527608 ], [ -2.7518998, 42.6527473 ], [ -2.7519094, 42.6527158 ], [ -2.7519291, 42.6526528 ], [ -2.7519318, 42.6526438 ], [ -2.7519411, 42.6526123 ], [ -2.7519457, 42.6525988 ], [ -2.7519531, 42.6525763 ], [ -2.7519596, 42.6525538 ], [ -2.7519751, 42.6525043 ], [ -2.7520023, 42.6524594 ], [ -2.7520127, 42.6524414 ], [ -2.752028, 42.6524144 ], [ -2.7520541, 42.6523694 ], [ -2.7520783, 42.652329 ], [ -2.7521113, 42.652275 ], [ -2.7521467, 42.652212 ], [ -2.7521728, 42.6521535 ], [ -2.7521897, 42.6521175 ], [ -2.7522032, 42.6520861 ], [ -2.7522105, 42.6520726 ], [ -2.7522201, 42.6520501 ], [ -2.7522467, 42.6519646 ], [ -2.7522599, 42.6519241 ], [ -2.7522638, 42.6519106 ], [ -2.7522723, 42.651861 ], [ -2.7522755, 42.6518431 ], [ -2.7522786, 42.6518206 ], [ -2.7522833, 42.6517935 ], [ -2.752286, 42.65178 ], [ -2.7522755, 42.6517215 ], [ -2.75227, 42.65169 ], [ -2.7522677, 42.6516719 ], [ -2.752264, 42.6516629 ], [ -2.7522561, 42.6516359 ], [ -2.7522511, 42.6516224 ], [ -2.7522293, 42.6515547 ], [ -2.7522233, 42.6515322 ], [ -2.7522161, 42.6515232 ], [ -2.7521911, 42.6514871 ], [ -2.7521786, 42.6514691 ], [ -2.7521604, 42.6514421 ], [ -2.7521183, 42.6513789 ], [ -2.7520975, 42.6513518 ], [ -2.7520854, 42.6513338 ], [ -2.7520687, 42.6513113 ], [ -2.7520417, 42.6512707 ], [ -2.75203, 42.6512571 ], [ -2.7520068, 42.6512256 ], [ -2.7519841, 42.651194 ], [ -2.7519746, 42.6511805 ], [ -2.7519545, 42.6511534 ], [ -2.7519352, 42.6511263 ], [ -2.7519197, 42.6511038 ], [ -2.7518939, 42.6510722 ], [ -2.7518776, 42.6510542 ], [ -2.7518358, 42.6510091 ], [ -2.7518259, 42.6509955 ], [ -2.7518153, 42.650982 ], [ -2.7518081, 42.650964 ], [ -2.7518024, 42.6509504 ], [ -2.7517945, 42.6509279 ], [ -2.7517825, 42.6508964 ], [ -2.7517875, 42.6508829 ], [ -2.7518025, 42.6508559 ], [ -2.7518086, 42.6508469 ], [ -2.7518147, 42.6508379 ], [ -2.7518373, 42.6508199 ], [ -2.7518491, 42.650811 ], [ -2.751861, 42.6507975 ], [ -2.7519172, 42.6507661 ], [ -2.7519619, 42.6507437 ], [ -2.7519806, 42.6507302 ], [ -2.7520211, 42.6507078 ], [ -2.7520318, 42.6507033 ], [ -2.752041, 42.6506943 ], [ -2.7521221, 42.6506359 ], [ -2.7521822, 42.6505775 ], [ -2.7521886, 42.6505685 ], [ -2.752209, 42.6505506 ], [ -2.7522277, 42.6505281 ], [ -2.7522438, 42.6505146 ], [ -2.7522522, 42.6505056 ], [ -2.752276, 42.6504787 ], [ -2.752305, 42.6504517 ], [ -2.7524057, 42.6503439 ], [ -2.7524432, 42.6503079 ], [ -2.7524922, 42.6502585 ], [ -2.752547, 42.6502001 ], [ -2.7526032, 42.6501417 ], [ -2.7526109, 42.6501327 ], [ -2.7526212, 42.6501237 ], [ -2.7526308, 42.6501147 ], [ -2.7526488, 42.6501013 ], [ -2.7527071, 42.6501014 ], [ -2.7527555, 42.6501015 ], [ -2.7527727, 42.6501015 ], [ -2.7527982, 42.6501016 ], [ -2.7532103, 42.6501025 ], [ -2.7532786, 42.6501026 ], [ -2.753327, 42.6501027 ], [ -2.7533438, 42.6501028 ], [ -2.7534002, 42.6501029 ], [ -2.7536751, 42.6501035 ], [ -2.7537227, 42.6501036 ], [ -2.7538074, 42.6501038 ], [ -2.7538329, 42.6501038 ], [ -2.7538886, 42.6501039 ], [ -2.7539183, 42.650104 ], [ -2.7539976, 42.6501042 ], [ -2.7540277, 42.6501042 ], [ -2.7540624, 42.6501043 ], [ -2.7540986, 42.6501044 ], [ -2.7541398, 42.6501 ], [ -2.7542427, 42.6501002 ], [ -2.7542687, 42.6501002 ], [ -2.7542813, 42.6501003 ], [ -2.7543693, 42.6501005 ], [ -2.754409, 42.6501005 ], [ -2.7544852, 42.6501007 ], [ -2.7545253, 42.6501008 ], [ -2.7545542, 42.6501009 ], [ -2.7545878, 42.6501009 ], [ -2.754797, 42.6501014 ], [ -2.754818, 42.6501014 ], [ -2.7548527, 42.6501015 ], [ -2.7549011, 42.6501016 ], [ -2.754972, 42.6501018 ], [ -2.7549892, 42.6501063 ], [ -2.7550723, 42.65012 ], [ -2.7551073, 42.6501246 ], [ -2.7551682, 42.6501382 ], [ -2.7552025, 42.6501428 ], [ -2.755302, 42.650161 ], [ -2.7553157, 42.6501655 ], [ -2.7553344, 42.6501656 ], [ -2.7553629, 42.6501701 ], [ -2.7554315, 42.6501838 ], [ -2.7554502, 42.6501883 ], [ -2.7555287, 42.650202 ], [ -2.7555812, 42.6502111 ], [ -2.7556578, 42.6502248 ], [ -2.7557111, 42.6502339 ], [ -2.7557344, 42.6502385 ], [ -2.7557744, 42.6502476 ], [ -2.7558003, 42.6502521 ], [ -2.7558483, 42.6502567 ], [ -2.7558651, 42.6502613 ], [ -2.7559123, 42.6502704 ], [ -2.7560544, 42.6502932 ], [ -2.7561241, 42.6503068 ], [ -2.756158, 42.6503159 ], [ -2.7562456, 42.6503296 ], [ -2.7562708, 42.6503342 ], [ -2.7563146, 42.6503433 ], [ -2.756339, 42.6503479 ], [ -2.7563748, 42.6503524 ], [ -2.7563885, 42.650357 ], [ -2.7564076, 42.650357 ], [ -2.7564655, 42.6503706 ], [ -2.7565047, 42.6503752 ], [ -2.7565699, 42.6503889 ], [ -2.7565828, 42.6503889 ], [ -2.7566346, 42.650398 ], [ -2.7567093, 42.6504117 ], [ -2.75676, 42.6504208 ], [ -2.7567832, 42.6504254 ], [ -2.7568053, 42.6504299 ], [ -2.7568724, 42.650439 ], [ -2.7568956, 42.6504436 ], [ -2.7569276, 42.6504527 ], [ -2.75696, 42.6504572 ], [ -2.7570225, 42.6504663 ], [ -2.7570899, 42.65048 ], [ -2.7571939, 42.6504983 ], [ -2.7572766, 42.6505119 ], [ -2.7573413, 42.6505256 ], [ -2.757405, 42.6505347 ], [ -2.7574153, 42.6505392 ], [ -2.7574712, 42.6505484 ], [ -2.757525, 42.6505575 ], [ -2.7576937, 42.6505894 ], [ -2.7578214, 42.6506122 ], [ -2.7578667, 42.6506168 ], [ -2.7580187, 42.6506441 ], [ -2.7580619, 42.6506172 ], [ -2.7580791, 42.6506037 ], [ -2.7581464, 42.6505633 ], [ -2.758172, 42.6505454 ], [ -2.7581991, 42.6505274 ], [ -2.7582667, 42.6504871 ], [ -2.7583034, 42.6504601 ], [ -2.7583149, 42.6504556 ], [ -2.7583256, 42.6504466 ], [ -2.7583734, 42.6504152 ], [ -2.7584323, 42.6503793 ], [ -2.7584537, 42.6503659 ], [ -2.7584708, 42.6503569 ], [ -2.7585702, 42.6502896 ], [ -2.7586188, 42.6502581 ], [ -2.7586639, 42.6502312 ], [ -2.7587242, 42.6501908 ], [ -2.7587758, 42.6501594 ], [ -2.7588133, 42.650137 ], [ -2.7588435, 42.6501145 ], [ -2.7588893, 42.6500876 ], [ -2.7589349, 42.6500562 ], [ -2.7589872, 42.6500248 ], [ -2.759019, 42.6500023 ], [ -2.7590499, 42.6499844 ], [ -2.7591003, 42.6499529 ], [ -2.7591171, 42.6499395 ], [ -2.7591309, 42.6499305 ], [ -2.7591435, 42.649926 ], [ -2.7591576, 42.6499171 ], [ -2.7591867, 42.6498991 ], [ -2.7592047, 42.6498856 ], [ -2.7592456, 42.6498452 ], [ -2.7592992, 42.6497913 ], [ -2.7593184, 42.6497688 ], [ -2.7593539, 42.6497373 ], [ -2.7593654, 42.6497239 ], [ -2.7593826, 42.6497059 ], [ -2.7593933, 42.6496969 ], [ -2.7594251, 42.6496655 ], [ -2.759489, 42.6495981 ], [ -2.7595013, 42.6495845 ], [ -2.7595193, 42.6495666 ], [ -2.7595705, 42.6495172 ], [ -2.7595801, 42.6495082 ], [ -2.7596046, 42.6494812 ], [ -2.7595861, 42.6494406 ], [ -2.7595581, 42.649382 ], [ -2.7595491, 42.6493595 ], [ -2.7595339, 42.649328 ], [ -2.7594402, 42.6491206 ], [ -2.7594262, 42.6490891 ], [ -2.7594224, 42.6490801 ], [ -2.7594175, 42.649071 ], [ -2.7594118, 42.6490575 ], [ -2.7594073, 42.6490485 ], [ -2.7593994, 42.6490305 ], [ -2.7593729, 42.6489674 ], [ -2.7593646, 42.6489494 ], [ -2.7593533, 42.6489223 ], [ -2.7593465, 42.6488863 ], [ -2.7593421, 42.6488593 ], [ -2.7593406, 42.6488503 ], [ -2.7593373, 42.6488322 ], [ -2.7593231, 42.6487511 ], [ -2.7593174, 42.6487241 ], [ -2.7593089, 42.6486746 ], [ -2.7593059, 42.648661 ], [ -2.7592988, 42.6486205 ], [ -2.759294, 42.6485935 ], [ -2.7592913, 42.64858 ], [ -2.7592793, 42.6485259 ], [ -2.7592632, 42.6484493 ], [ -2.7592535, 42.6484043 ], [ -2.7592494, 42.6483863 ], [ -2.7592438, 42.6483592 ], [ -2.7592356, 42.6483187 ], [ -2.7592284, 42.6482871 ], [ -2.7592235, 42.6482646 ], [ -2.7592171, 42.6482511 ], [ -2.7591364, 42.6482059 ], [ -2.7591075, 42.6481878 ], [ -2.7590855, 42.6481743 ], [ -2.7590722, 42.6481652 ], [ -2.7590456, 42.6481517 ], [ -2.7590345, 42.6481472 ], [ -2.7590003, 42.6481246 ], [ -2.7589877, 42.6481156 ], [ -2.7589767, 42.648111 ], [ -2.7589448, 42.6480929 ], [ -2.7588299, 42.6480251 ], [ -2.7588116, 42.6480116 ], [ -2.7587287, 42.6479664 ], [ -2.758712, 42.6479528 ], [ -2.7585872, 42.6478805 ], [ -2.7585389, 42.6478534 ], [ -2.7585195, 42.6478399 ], [ -2.7584993, 42.6478308 ], [ -2.7584868, 42.6478218 ], [ -2.7583484, 42.6477405 ], [ -2.7583346, 42.6477314 ], [ -2.75831, 42.6477178 ], [ -2.7582871, 42.6477043 ], [ -2.7582461, 42.6476772 ], [ -2.758195, 42.64765 ], [ -2.7581068, 42.6475958 ], [ -2.7580677, 42.6475732 ], [ -2.7580559, 42.6475687 ], [ -2.7580376, 42.6475551 ], [ -2.758014, 42.6475416 ], [ -2.75799, 42.6475325 ], [ -2.7579531, 42.6475145 ], [ -2.7578828, 42.6474828 ], [ -2.7578565, 42.6474692 ], [ -2.7578116, 42.6474556 ], [ -2.7577259, 42.6474194 ], [ -2.7577019, 42.6474149 ], [ -2.7576071, 42.6473966 ], [ -2.7575942, 42.6473966 ], [ -2.7575556, 42.6473875 ], [ -2.7575339, 42.6473875 ], [ -2.7575194, 42.6473874 ], [ -2.7575046, 42.6473829 ], [ -2.7573708, 42.6473646 ], [ -2.7573602, 42.6473601 ], [ -2.7573434, 42.6473601 ], [ -2.7572752, 42.6473509 ], [ -2.7572318, 42.6473418 ], [ -2.7571788, 42.6473372 ], [ -2.7571293, 42.6473281 ], [ -2.757108, 42.6473235 ], [ -2.7570729, 42.647319 ], [ -2.7570508, 42.6473189 ], [ -2.7569746, 42.6473052 ], [ -2.7569289, 42.6472961 ], [ -2.7568885, 42.6472871 ], [ -2.7568489, 42.647278 ], [ -2.7567662, 42.6472598 ], [ -2.7567472, 42.6472552 ], [ -2.7567122, 42.6472506 ], [ -2.7566828, 42.6472416 ], [ -2.7566619, 42.647237 ], [ -2.7566047, 42.6472234 ], [ -2.7564715, 42.6471871 ], [ -2.756454, 42.6471825 ], [ -2.7564326, 42.647178 ], [ -2.756385, 42.6471644 ], [ -2.7562286, 42.6471055 ], [ -2.7562164, 42.647101 ], [ -2.7562034, 42.6470965 ], [ -2.7561769, 42.6470739 ], [ -2.7560982, 42.6470152 ], [ -2.7560963, 42.6470061 ], [ -2.7560933, 42.6469927 ], [ -2.756088, 42.6469656 ], [ -2.7561023, 42.6468306 ], [ -2.7561079, 42.6467766 ], [ -2.7561158, 42.6467045 ], [ -2.75613, 42.6465649 ], [ -2.7561404, 42.6464704 ], [ -2.7561455, 42.6464164 ], [ -2.7561522, 42.6463534 ], [ -2.7561602, 42.6462768 ], [ -2.7561713, 42.6461733 ], [ -2.7561784, 42.6461012 ], [ -2.7561911, 42.6459797 ], [ -2.7561946, 42.6459482 ], [ -2.7561958, 42.6459347 ], [ -2.756197, 42.6459257 ], [ -2.7561978, 42.6459167 ], [ -2.7561975, 42.6458897 ], [ -2.7561967, 42.6457906 ], [ -2.7561965, 42.6457726 ], [ -2.756198, 42.6457591 ], [ -2.7561992, 42.6457501 ], [ -2.7562, 42.6457411 ], [ -2.7562151, 42.645588 ], [ -2.7562179, 42.645561 ], [ -2.7562218, 42.6455205 ], [ -2.7562278, 42.6454619 ], [ -2.7562318, 42.6454215 ], [ -2.7562349, 42.6453899 ], [ -2.7562381, 42.6453584 ], [ -2.7562445, 42.6452954 ], [ -2.75625, 42.6452369 ], [ -2.7562567, 42.6451693 ], [ -2.7562587, 42.6451513 ], [ -2.7562623, 42.6451108 ], [ -2.7562639, 42.6450928 ], [ -2.7562679, 42.6450568 ], [ -2.7562706, 42.6450298 ], [ -2.7562715, 42.6450208 ], [ -2.7562738, 42.6449983 ], [ -2.756281, 42.6449262 ], [ -2.7562865, 42.6448722 ], [ -2.7562881, 42.6448497 ], [ -2.7562905, 42.6448317 ], [ -2.7562925, 42.6448092 ], [ -2.7562996, 42.6447371 ], [ -2.7563052, 42.6446786 ], [ -2.7563115, 42.6446201 ], [ -2.7563155, 42.6445796 ], [ -2.7563175, 42.6445571 ], [ -2.7563187, 42.6445435 ], [ -2.7563198, 42.6445346 ], [ -2.7563222, 42.6445075 ], [ -2.7563246, 42.644485 ], [ -2.7563262, 42.6444715 ], [ -2.7563278, 42.6444535 ], [ -2.7563298, 42.6444355 ], [ -2.7563306, 42.6444265 ], [ -2.7563369, 42.644359 ], [ -2.7563393, 42.6443365 ], [ -2.7563444, 42.644287 ], [ -2.7563453, 42.644278 ], [ -2.7563485, 42.6442464 ], [ -2.7563504, 42.6442239 ], [ -2.7563544, 42.6441834 ], [ -2.756356, 42.6441699 ], [ -2.7563583, 42.6441474 ], [ -2.7563619, 42.6441069 ], [ -2.7563663, 42.6440663 ], [ -2.7563719, 42.6440078 ], [ -2.7563731, 42.6439988 ], [ -2.7563786, 42.6439403 ], [ -2.7563822, 42.6439088 ], [ -2.7563897, 42.6438278 ], [ -2.7563965, 42.6437602 ], [ -2.756404, 42.6436882 ], [ -2.7564052, 42.6436747 ], [ -2.7564075, 42.6436522 ], [ -2.7564135, 42.6435891 ], [ -2.7564211, 42.6435126 ], [ -2.7564223, 42.6434991 ], [ -2.7564235, 42.6434901 ], [ -2.7564354, 42.6433686 ], [ -2.7564449, 42.643274 ], [ -2.7564493, 42.643229 ], [ -2.7564603, 42.643121 ], [ -2.7564639, 42.6430804 ], [ -2.7564667, 42.6430534 ], [ -2.7564699, 42.6430219 ], [ -2.7564723, 42.6429994 ], [ -2.7564774, 42.6429454 ], [ -2.7564861, 42.6428598 ], [ -2.7564898, 42.6428193 ], [ -2.7564945, 42.6427698 ], [ -2.7564976, 42.6427428 ], [ -2.7565005, 42.6427158 ], [ -2.756504, 42.6426798 ], [ -2.7565088, 42.6426302 ], [ -2.7565175, 42.6425447 ], [ -2.7565334, 42.6423781 ], [ -2.7565346, 42.6423691 ], [ -2.7565473, 42.6422431 ], [ -2.7565493, 42.6422206 ], [ -2.7565556, 42.642162 ], [ -2.7565606, 42.642153 ], [ -2.7565675, 42.642144 ], [ -2.7565897, 42.6421036 ], [ -2.7566043, 42.6420766 ], [ -2.7566166, 42.6420541 ], [ -2.7566435, 42.6420091 ], [ -2.7566589, 42.6419821 ], [ -2.7566688, 42.6419642 ], [ -2.7566754, 42.6419506 ], [ -2.7566834, 42.6419371 ], [ -2.7566888, 42.6419282 ], [ -2.7567187, 42.6418742 ], [ -2.7567252, 42.6418652 ], [ -2.7567318, 42.6418517 ], [ -2.7567498, 42.6418202 ], [ -2.7567541, 42.6418112 ], [ -2.7567809, 42.6417662 ], [ -2.7568039, 42.6417258 ], [ -2.7568208, 42.6416943 ], [ -2.7568289, 42.6416808 ], [ -2.7568653, 42.6416178 ], [ -2.7568849, 42.6415819 ], [ -2.7569011, 42.6415549 ], [ -2.7569103, 42.6415369 ], [ -2.7569172, 42.6415279 ], [ -2.7569302, 42.6415054 ], [ -2.7569467, 42.6414739 ], [ -2.7569613, 42.6414469 ], [ -2.7569832, 42.641411 ], [ -2.7569974, 42.641384 ], [ -2.7570027, 42.641375 ], [ -2.7570277, 42.64133 ], [ -2.7570726, 42.6412535 ], [ -2.7570783, 42.6412445 ], [ -2.7570856, 42.6412311 ], [ -2.7571198, 42.6411681 ], [ -2.757134, 42.6411456 ], [ -2.757154, 42.6411096 ], [ -2.757197, 42.6410332 ], [ -2.7572016, 42.6410242 ], [ -2.7572327, 42.6409702 ], [ -2.7572545, 42.6409342 ], [ -2.7572757, 42.6408937 ], [ -2.7572841, 42.6408803 ], [ -2.757301, 42.6408488 ], [ -2.7573248, 42.6408083 ], [ -2.7573301, 42.6407993 ], [ -2.7573482, 42.6407678 ], [ -2.7573685, 42.6407318 ], [ -2.7573904, 42.6406959 ], [ -2.7573981, 42.6406824 ], [ -2.7574062, 42.6406644 ], [ -2.7574227, 42.6406374 ], [ -2.7574353, 42.6406149 ], [ -2.7574533, 42.6405834 ], [ -2.7574626, 42.6405654 ], [ -2.7574864, 42.640525 ], [ -2.7574945, 42.6405114 ], [ -2.7575133, 42.64048 ], [ -2.7575278, 42.640453 ], [ -2.7575336, 42.640444 ], [ -2.7575697, 42.6403765 ], [ -2.7576031, 42.6403181 ], [ -2.7576161, 42.6402956 ], [ -2.7576391, 42.6402551 ], [ -2.7576476, 42.6402416 ], [ -2.7576625, 42.6402146 ], [ -2.7576814, 42.6401832 ], [ -2.7576963, 42.6401562 ], [ -2.7577167, 42.6401202 ], [ -2.7577209, 42.6401112 ], [ -2.7577386, 42.6400797 ], [ -2.7577439, 42.6400707 ], [ -2.7577612, 42.6400437 ], [ -2.7577758, 42.6400167 ], [ -2.7577835, 42.6400033 ], [ -2.7577973, 42.6399763 ], [ -2.7578104, 42.6399538 ], [ -2.757823, 42.6399313 ], [ -2.7578706, 42.6398504 ], [ -2.7579089, 42.6397829 ], [ -2.7579347, 42.6397379 ], [ -2.7579416, 42.6397244 ], [ -2.7579504, 42.6397064 ], [ -2.7579976, 42.6396255 ], [ -2.7580268, 42.639576 ], [ -2.7580425, 42.639549 ], [ -2.7580579, 42.639522 ], [ -2.7580663, 42.639504 ], [ -2.7580721, 42.639495 ], [ -2.758079, 42.6394815 ], [ -2.7580989, 42.6394456 ], [ -2.7581185, 42.6394141 ], [ -2.7581262, 42.6394006 ], [ -2.7581342, 42.6393871 ], [ -2.7581677, 42.6393286 ], [ -2.7581726, 42.6393196 ], [ -2.7581953, 42.6392792 ], [ -2.7582014, 42.6392656 ], [ -2.7582245, 42.6392252 ], [ -2.758244, 42.6391937 ], [ -2.7582521, 42.6391802 ], [ -2.7582732, 42.6391397 ], [ -2.758292, 42.6391083 ], [ -2.7583097, 42.6390768 ], [ -2.7583231, 42.6390543 ], [ -2.7583346, 42.6390318 ], [ -2.75835, 42.6390048 ], [ -2.7583573, 42.6389913 ], [ -2.7583637, 42.6389823 ], [ -2.7583833, 42.6389463 ], [ -2.7583995, 42.6389194 ], [ -2.7584167, 42.6388879 ], [ -2.7584256, 42.6388744 ], [ -2.7584528, 42.6388249 ], [ -2.7584624, 42.6388069 ], [ -2.7585035, 42.6387349 ], [ -2.7585235, 42.638699 ], [ -2.7585303, 42.63869 ], [ -2.7585614, 42.638636 ], [ -2.7586002, 42.638564 ], [ -2.7586148, 42.6385416 ], [ -2.7586393, 42.6384966 ], [ -2.7586455, 42.6384876 ], [ -2.7586509, 42.6384741 ], [ -2.7586819, 42.6384201 ], [ -2.7587015, 42.6383887 ], [ -2.7587406, 42.6383167 ], [ -2.758746, 42.6383077 ], [ -2.7587879, 42.6382357 ], [ -2.7588005, 42.6382133 ], [ -2.7588155, 42.6381863 ], [ -2.7588312, 42.6381593 ], [ -2.7588473, 42.6381323 ], [ -2.7588612, 42.6381053 ], [ -2.7588696, 42.6380918 ], [ -2.7588793, 42.6380738 ], [ -2.758893, 42.6380513 ], [ -2.7589092, 42.6380199 ], [ -2.7589199, 42.6380019 ], [ -2.758928, 42.6379884 ], [ -2.7589394, 42.6379704 ], [ -2.7589579, 42.6379344 ], [ -2.7589813, 42.6378939 ], [ -2.7589913, 42.6378759 ], [ -2.759007, 42.6378489 ], [ -2.7590189, 42.637831 ], [ -2.7590262, 42.6378175 ], [ -2.7590488, 42.637777 ], [ -2.7590531, 42.637768 ], [ -2.759063, 42.63775 ], [ -2.7590715, 42.6377365 ], [ -2.7590884, 42.637705 ], [ -2.7590999, 42.6376871 ], [ -2.7591064, 42.6376736 ], [ -2.7591137, 42.63766 ], [ -2.7591206, 42.6376511 ], [ -2.759169, 42.6375656 ], [ -2.7591924, 42.6375251 ], [ -2.7592012, 42.6375071 ], [ -2.7592246, 42.6374667 ], [ -2.7592768, 42.6373767 ], [ -2.7593409, 42.6372643 ], [ -2.759344, 42.6372553 ], [ -2.7593908, 42.6371743 ], [ -2.759418, 42.6371249 ], [ -2.7594678, 42.6371835 ], [ -2.7594939, 42.6372106 ], [ -2.7595357, 42.6372602 ], [ -2.7596093, 42.6373414 ], [ -2.7596169, 42.6373504 ], [ -2.7596511, 42.6373865 ], [ -2.7596639, 42.6374045 ], [ -2.7596844, 42.6374271 ], [ -2.7597273, 42.6374767 ], [ -2.7597467, 42.6374948 ], [ -2.7597645, 42.6375173 ], [ -2.7598165, 42.637576 ], [ -2.7598549, 42.6376166 ], [ -2.7598624, 42.6376256 ], [ -2.7598776, 42.6376437 ], [ -2.759911, 42.6376798 ], [ -2.7599456, 42.6377203 ], [ -2.75996, 42.6377384 ], [ -2.7600089, 42.6377925 ], [ -2.7600306, 42.6378151 ], [ -2.7600378, 42.6378241 ], [ -2.7600439, 42.6378331 ], [ -2.7601274, 42.6379233 ], [ -2.7601721, 42.6379775 ], [ -2.7602575, 42.6380722 ], [ -2.760267, 42.6380813 ], [ -2.7603213, 42.6381444 ], [ -2.7603702, 42.6381986 ], [ -2.7603774, 42.6382076 ], [ -2.7604162, 42.6382527 ], [ -2.7604427, 42.6382798 ], [ -2.7604723, 42.6383158 ], [ -2.7604795, 42.6383249 ], [ -2.7605031, 42.6383474 ], [ -2.7605615, 42.6384151 ], [ -2.7605718, 42.6384241 ], [ -2.760577, 42.6384331 ], [ -2.760623, 42.6384828 ], [ -2.7606632, 42.6385279 ], [ -2.7606955, 42.638564 ], [ -2.7607039, 42.638573 ], [ -2.7607274, 42.6386001 ], [ -2.7607475, 42.6386226 ], [ -2.7607687, 42.6386497 ], [ -2.7608067, 42.6386903 ], [ -2.7608283, 42.6387174 ], [ -2.7608427, 42.6387309 ], [ -2.7608667, 42.6387579 ], [ -2.7608936, 42.6387895 ], [ -2.760935, 42.6388347 ], [ -2.7609718, 42.6388752 ], [ -2.7609801, 42.6388843 ], [ -2.7610033, 42.6389113 ], [ -2.7610378, 42.6389519 ], [ -2.761056, 42.63897 ], [ -2.761061, 42.638979 ], [ -2.7610974, 42.6390196 ], [ -2.7611156, 42.6390377 ], [ -2.7611316, 42.6390557 ], [ -2.7611498, 42.6390782 ], [ -2.761179, 42.6391098 ], [ -2.7611866, 42.6391188 ], [ -2.761223, 42.6391595 ], [ -2.7612473, 42.6391865 ], [ -2.7612796, 42.6392226 ], [ -2.7614105, 42.6393715 ], [ -2.7614227, 42.639385 ], [ -2.7614371, 42.639403 ], [ -2.7614526, 42.6394166 ], [ -2.7614614, 42.6394301 ], [ -2.7614724, 42.6394392 ], [ -2.7615008, 42.6394753 ], [ -2.7615229, 42.6394978 ], [ -2.7616681, 42.6394891 ], [ -2.7617135, 42.6394847 ], [ -2.7617424, 42.6394848 ], [ -2.7618816, 42.6394715 ], [ -2.7620269, 42.6394628 ], [ -2.762052, 42.6394629 ], [ -2.7620627, 42.6394584 ], [ -2.7621531, 42.6394541 ], [ -2.7621683, 42.6394541 ], [ -2.7622598, 42.6394453 ], [ -2.762285, 42.6394453 ], [ -2.7623334, 42.639441 ], [ -2.7624387, 42.6394322 ], [ -2.7624547, 42.6394322 ], [ -2.7625325, 42.6394279 ], [ -2.7625572, 42.6394234 ], [ -2.7626743, 42.6394192 ], [ -2.7627067, 42.6394147 ], [ -2.7627959, 42.6394104 ], [ -2.7628825, 42.6394015 ], [ -2.7629141, 42.6394016 ], [ -2.7629809, 42.6393973 ], [ -2.7630304, 42.6393929 ], [ -2.7630827, 42.6393885 ], [ -2.7631337, 42.6393841 ], [ -2.7631635, 42.6393842 ], [ -2.7632851, 42.6393754 ], [ -2.7633103, 42.6393709 ], [ -2.763337, 42.639371 ], [ -2.7633999, 42.6393666 ], [ -2.7634998, 42.6393578 ], [ -2.7635299, 42.6393579 ], [ -2.7635444, 42.6393579 ], [ -2.7636221, 42.6393491 ], [ -2.7637575, 42.6393403 ], [ -2.7638075, 42.6393359 ], [ -2.7639501, 42.6393272 ], [ -2.7640114, 42.6393229 ], [ -2.7640419, 42.6393229 ], [ -2.764111, 42.6393141 ], [ -2.7641853, 42.6393097 ], [ -2.7641975, 42.6393098 ], [ -2.7642162, 42.6393098 ], [ -2.7643103, 42.639301 ], [ -2.7643287, 42.639301 ], [ -2.7643523, 42.6393011 ], [ -2.764424, 42.6392922 ], [ -2.7644511, 42.6392923 ], [ -2.7645483, 42.6392834 ], [ -2.7646447, 42.6392791 ], [ -2.7647515, 42.6392704 ], [ -2.7648216, 42.639266 ], [ -2.7648545, 42.6392661 ], [ -2.7649208, 42.6392572 ], [ -2.7650405, 42.639253 ], [ -2.7650923, 42.6392485 ], [ -2.7651233, 42.6392441 ], [ -2.7651656, 42.6392442 ], [ -2.7651827, 42.6392397 ], [ -2.7652048, 42.6392398 ], [ -2.7652803, 42.6392354 ], [ -2.7653104, 42.639231 ], [ -2.7653287, 42.639231 ], [ -2.7653962, 42.6392267 ], [ -2.765487, 42.6392178 ], [ -2.7655385, 42.6392179 ], [ -2.7655907, 42.6392135 ], [ -2.7657058, 42.6392048 ], [ -2.7657176, 42.6392048 ], [ -2.765776, 42.6392004 ], [ -2.765837, 42.6391961 ], [ -2.7658907, 42.6391917 ], [ -2.7659155, 42.6391917 ], [ -2.765975, 42.6391873 ], [ -2.7660494, 42.6391785 ], [ -2.7660894, 42.6391786 ], [ -2.766118, 42.6391741 ], [ -2.7662072, 42.6391698 ], [ -2.7663208, 42.639161 ], [ -2.766484, 42.6391478 ], [ -2.7665077, 42.6391479 ], [ -2.7665569, 42.6391435 ], [ -2.7666011, 42.6391436 ], [ -2.766624, 42.6391391 ], [ -2.7667334, 42.6391303 ], [ -2.7668458, 42.6391261 ], [ -2.7668664, 42.6391216 ], [ -2.7668904, 42.6391217 ], [ -2.7670125, 42.6391129 ], [ -2.7670338, 42.639113 ], [ -2.7670967, 42.6391086 ], [ -2.7671661, 42.6390997 ], [ -2.7672542, 42.6390954 ], [ -2.7673343, 42.639091 ], [ -2.7673922, 42.6390867 ], [ -2.7674067, 42.6390867 ], [ -2.7674353, 42.6390822 ], [ -2.7676202, 42.6390691 ], [ -2.7677552, 42.6390604 ], [ -2.7677933, 42.639056 ], [ -2.7678211, 42.639056 ], [ -2.7681189, 42.6390341 ], [ -2.7681331, 42.6390341 ], [ -2.7681631, 42.6390297 ], [ -2.7681822, 42.6390297 ], [ -2.768426, 42.6390753 ], [ -2.7684767, 42.6390799 ], [ -2.7685094, 42.6390889 ], [ -2.7685582, 42.639098 ], [ -2.768575, 42.6390981 ], [ -2.7686184, 42.6391072 ], [ -2.7686774, 42.6391163 ], [ -2.7686919, 42.6391208 ], [ -2.7687075, 42.6391209 ], [ -2.7688004, 42.6391391 ], [ -2.7688565, 42.6391482 ], [ -2.7688698, 42.6391482 ], [ -2.7689517, 42.6391619 ], [ -2.7689623, 42.6391664 ], [ -2.7690458, 42.6391801 ], [ -2.7690637, 42.6391801 ], [ -2.7690747, 42.6391847 ], [ -2.7691578, 42.6391983 ], [ -2.7691719, 42.6392029 ], [ -2.769261, 42.6392165 ], [ -2.769277, 42.6392166 ], [ -2.7693315, 42.6392302 ], [ -2.7693479, 42.6392302 ], [ -2.7693783, 42.6392348 ], [ -2.7694237, 42.6392439 ], [ -2.7694503, 42.6392485 ], [ -2.7694987, 42.6392575 ], [ -2.7695193, 42.6392621 ], [ -2.7696038, 42.6392758 ], [ -2.7696187, 42.6392758 ], [ -2.7696488, 42.6392804 ], [ -2.7697219, 42.639294 ], [ -2.7697505, 42.6392986 ], [ -2.7698377, 42.6393168 ], [ -2.7698869, 42.6393214 ], [ -2.7699303, 42.6393305 ], [ -2.7699532, 42.639335 ], [ -2.7699962, 42.6393396 ], [ -2.7700164, 42.6393441 ], [ -2.7701375, 42.6393669 ], [ -2.7702644, 42.6393897 ], [ -2.7702846, 42.6393897 ], [ -2.7703387, 42.6393988 ], [ -2.7703836, 42.6394079 ], [ -2.770413, 42.6394125 ], [ -2.7704346, 42.639417 ], [ -2.7704503, 42.6394216 ], [ -2.7705333, 42.6394353 ], [ -2.7705874, 42.6394444 ], [ -2.7706716, 42.6394581 ], [ -2.7707265, 42.6394672 ], [ -2.7708525, 42.6394899 ], [ -2.7708906, 42.6394945 ], [ -2.7711241, 42.6395445 ], [ -2.7711824, 42.6395581 ], [ -2.7713107, 42.6395854 ], [ -2.7713538, 42.6395945 ], [ -2.7714414, 42.6396127 ], [ -2.771481, 42.6396218 ], [ -2.7715103, 42.6396264 ], [ -2.7715615, 42.6395904 ], [ -2.771612, 42.6395545 ], [ -2.771714, 42.6394871 ], [ -2.7718088, 42.6394198 ], [ -2.771829, 42.6394063 ], [ -2.772084, 42.6392267 ], [ -2.7721696, 42.6391684 ], [ -2.7723132, 42.6390696 ], [ -2.7725054, 42.6389349 ], [ -2.77258, 42.638881 ], [ -2.7726885, 42.6388092 ], [ -2.7727336, 42.6387777 ], [ -2.772891, 42.6386655 ], [ -2.7729178, 42.6386475 ], [ -2.7730576, 42.6385488 ], [ -2.7730722, 42.6385398 ], [ -2.7731237, 42.6385038 ], [ -2.7732766, 42.638396 ], [ -2.7733317, 42.6383602 ], [ -2.7734256, 42.6382928 ], [ -2.7734444, 42.6382794 ], [ -2.7735678, 42.6382976 ], [ -2.7736093, 42.6383022 ], [ -2.7738684, 42.6383387 ], [ -2.774049, 42.6383661 ], [ -2.7741545, 42.6383798 ], [ -2.7742669, 42.6383935 ], [ -2.7743145, 42.6384026 ], [ -2.77446, 42.638421 ], [ -2.7745416, 42.6384346 ], [ -2.7745888, 42.6384392 ], [ -2.7746749, 42.6384529 ], [ -2.7748418, 42.6384758 ], [ -2.7748624, 42.6384803 ], [ -2.7749656, 42.638494 ], [ -2.7752045, 42.638526 ], [ -2.7752761, 42.6385351 ], [ -2.775345, 42.6385443 ], [ -2.7753634, 42.6385488 ], [ -2.7754951, 42.6385671 ], [ -2.7755371, 42.6385716 ], [ -2.7755847, 42.6385808 ], [ -2.7756921, 42.6385945 ], [ -2.7757188, 42.638599 ], [ -2.7758057, 42.6386082 ], [ -2.7758498, 42.6386173 ], [ -2.7759207, 42.6386265 ], [ -2.7760373, 42.6386447 ], [ -2.7760594, 42.6386447 ], [ -2.7761142, 42.6386538 ], [ -2.7762396, 42.6386721 ], [ -2.7762629, 42.6386722 ], [ -2.7763749, 42.6386904 ], [ -2.7764107, 42.638695 ], [ -2.7765261, 42.6387132 ], [ -2.7767318, 42.6387406 ], [ -2.776874, 42.6387589 ], [ -2.7771162, 42.6387954 ], [ -2.7772244, 42.6388091 ], [ -2.777266, 42.6388137 ], [ -2.777437, 42.6388366 ], [ -2.7774725, 42.6388411 ], [ -2.7776065, 42.6388639 ], [ -2.7778089, 42.6388913 ], [ -2.777906, 42.638905 ], [ -2.7779997, 42.6389187 ], [ -2.7781883, 42.6389416 ], [ -2.7784576, 42.6389826 ], [ -2.7786406, 42.6390055 ], [ -2.7788078, 42.6390283 ], [ -2.7790482, 42.6390649 ], [ -2.7793491, 42.6391059 ], [ -2.7794939, 42.6391242 ], [ -2.7798147, 42.6391699 ], [ -2.779889, 42.639179 ], [ -2.7800144, 42.6391973 ], [ -2.7800822, 42.6392064 ], [ -2.7802133, 42.6392247 ], [ -2.780315, 42.6392384 ], [ -2.7803615, 42.6392475 ], [ -2.7803904, 42.639252 ], [ -2.7805466, 42.6392749 ], [ -2.78064, 42.6392841 ], [ -2.7807051, 42.6392932 ], [ -2.780904, 42.6393251 ], [ -2.7809524, 42.6393297 ], [ -2.7809737, 42.6393342 ], [ -2.7810312, 42.6393389 ], [ -2.7811002, 42.6393525 ], [ -2.7811612, 42.6393571 ], [ -2.7812087, 42.6393662 ], [ -2.781357, 42.6393845 ], [ -2.7814617, 42.6394027 ], [ -2.7815623, 42.6394164 ], [ -2.7815707, 42.6393984 ], [ -2.7816141, 42.6393265 ], [ -2.7816505, 42.6392635 ], [ -2.7816896, 42.639196 ], [ -2.7817426, 42.6391061 ], [ -2.7817648, 42.6390656 ], [ -2.7817882, 42.6390251 ], [ -2.781871, 42.6388857 ], [ -2.7818983, 42.6388362 ], [ -2.7819078, 42.6388227 ], [ -2.7819144, 42.6388092 ], [ -2.7819385, 42.6387687 ], [ -2.7819489, 42.6387507 ], [ -2.7819849, 42.6386878 ], [ -2.7820164, 42.6386338 ], [ -2.7821391, 42.6384269 ], [ -2.7821579, 42.6383909 ], [ -2.7821644, 42.6383819 ], [ -2.7821866, 42.6383414 ], [ -2.7822058, 42.63831 ], [ -2.7823021, 42.6381435 ], [ -2.7823598, 42.6380941 ], [ -2.7823881, 42.6380716 ], [ -2.7824676, 42.6380042 ], [ -2.7826393, 42.6378605 ], [ -2.7826744, 42.6378335 ], [ -2.7827195, 42.6377931 ], [ -2.7827444, 42.6377706 ], [ -2.7827566, 42.6377616 ], [ -2.7829061, 42.6376358 ], [ -2.7829279, 42.6376179 ], [ -2.7829481, 42.6375999 ], [ -2.7829833, 42.6375729 ], [ -2.783059, 42.63751 ], [ -2.7831003, 42.6374741 ], [ -2.7832272, 42.6373663 ], [ -2.7834356, 42.6371911 ], [ -2.7834818, 42.6371506 ], [ -2.7834982, 42.6371371 ], [ -2.7835116, 42.6371282 ], [ -2.7835327, 42.6371102 ], [ -2.7835999, 42.6370518 ], [ -2.7836595, 42.6370024 ], [ -2.7836836, 42.6369844 ], [ -2.7836959, 42.6369709 ], [ -2.7837165, 42.6369665 ], [ -2.7837661, 42.6369576 ], [ -2.7837985, 42.6369531 ], [ -2.7838179, 42.6369486 ], [ -2.7838767, 42.6369352 ], [ -2.7839583, 42.6369219 ], [ -2.7839835, 42.6369129 ], [ -2.784075, 42.6368951 ], [ -2.7840933, 42.6368951 ], [ -2.7841071, 42.6368907 ], [ -2.7841212, 42.6368862 ], [ -2.7842528, 42.6368594 ], [ -2.7843794, 42.6368371 ], [ -2.7843901, 42.6368327 ], [ -2.7844652, 42.6368193 ], [ -2.7845243, 42.6368059 ], [ -2.7847116, 42.6367702 ], [ -2.7848939, 42.6367345 ], [ -2.7849698, 42.6367167 ], [ -2.7850084, 42.6367077 ], [ -2.7850595, 42.6366988 ], [ -2.7851895, 42.636672 ], [ -2.7853314, 42.6366453 ], [ -2.785373, 42.6366364 ], [ -2.7854661, 42.6366185 ], [ -2.7854821, 42.6366141 ], [ -2.7855336, 42.6366052 ], [ -2.7855793, 42.6365962 ], [ -2.7856572, 42.6365784 ], [ -2.7857674, 42.6365561 ], [ -2.7859772, 42.6365159 ], [ -2.7860485, 42.6365025 ], [ -2.7861301, 42.6364847 ], [ -2.7861969, 42.6364713 ], [ -2.7862308, 42.6364669 ], [ -2.7862525, 42.6364624 ], [ -2.786344, 42.6364716 ], [ -2.7863748, 42.6364762 ], [ -2.7864115, 42.6364762 ], [ -2.786504, 42.6364899 ], [ -2.7865802, 42.636499 ], [ -2.7866431, 42.6365037 ], [ -2.786709, 42.6365128 ], [ -2.7867845, 42.636522 ], [ -2.7870329, 42.6365494 ], [ -2.7871228, 42.6365586 ], [ -2.7872489, 42.6365723 ], [ -2.7873205, 42.6365815 ], [ -2.7873366, 42.6365815 ], [ -2.7873674, 42.6365861 ], [ -2.7876291, 42.6366181 ], [ -2.7877168, 42.6366272 ], [ -2.7877991, 42.6366364 ], [ -2.7878273, 42.6366365 ], [ -2.7878551, 42.636641 ], [ -2.7879237, 42.6366502 ], [ -2.7879541, 42.6366547 ], [ -2.7879831, 42.6366548 ], [ -2.7880924, 42.6366685 ], [ -2.7881378, 42.6366731 ], [ -2.78819, 42.6366777 ], [ -2.7883085, 42.6366914 ], [ -2.788478, 42.6367097 ], [ -2.788547, 42.6367189 ], [ -2.7885939, 42.6367235 ], [ -2.7887394, 42.6367417 ], [ -2.7887527, 42.6367417 ], [ -2.7887672, 42.6367463 ], [ -2.7888522, 42.6367554 ], [ -2.7888853, 42.63676 ], [ -2.788968, 42.6367692 ], [ -2.7889833, 42.6367692 ], [ -2.7890042, 42.6367692 ], [ -2.7891764, 42.6367921 ], [ -2.7892557, 42.6368012 ], [ -2.7893365, 42.6368104 ], [ -2.7893826, 42.636815 ], [ -2.7894256, 42.6368195 ], [ -2.7895407, 42.6368333 ], [ -2.7896428, 42.6368425 ], [ -2.7896679, 42.636847 ], [ -2.789791, 42.6368608 ], [ -2.7898653, 42.6368699 ], [ -2.789969, 42.6368791 ], [ -2.7900539, 42.6368882 ], [ -2.7900715, 42.6368928 ], [ -2.7900878, 42.6368928 ], [ -2.7901179, 42.6368974 ], [ -2.7903164, 42.6369203 ], [ -2.7903664, 42.6369249 ], [ -2.7904121, 42.6369294 ], [ -2.7904883, 42.6369386 ], [ -2.7905763, 42.6369477 ], [ -2.7906575, 42.6369569 ], [ -2.790734, 42.636966 ], [ -2.790795, 42.6369752 ], [ -2.7908818, 42.6369844 ], [ -2.7909931, 42.6369981 ], [ -2.7910224, 42.6369981 ], [ -2.7912457, 42.6370255 ], [ -2.7912606, 42.6370255 ], [ -2.7912728, 42.6370301 ], [ -2.7912869, 42.6370301 ], [ -2.7912949, 42.6370211 ], [ -2.7913079, 42.6370076 ], [ -2.7913239, 42.6369941 ], [ -2.7914934, 42.6368233 ], [ -2.7917248, 42.6365941 ], [ -2.7917378, 42.6365806 ], [ -2.7917668, 42.6365537 ], [ -2.7917982, 42.6365222 ], [ -2.791867, 42.6364548 ], [ -2.7919714, 42.6363514 ], [ -2.7920766, 42.6362435 ], [ -2.7920904, 42.6362301 ], [ -2.7921336, 42.6361896 ], [ -2.7921883, 42.6361357 ], [ -2.792199, 42.6361222 ], [ -2.7923083, 42.6360143 ], [ -2.7923221, 42.6360008 ], [ -2.7923829, 42.6359424 ], [ -2.7924392, 42.635884 ], [ -2.7924483, 42.635875 ], [ -2.7925818, 42.6357446 ], [ -2.7925963, 42.6357267 ], [ -2.7926946, 42.6356323 ], [ -2.7927841, 42.6355424 ], [ -2.7927983, 42.6355289 ], [ -2.7929264, 42.6354031 ], [ -2.7929489, 42.6353806 ], [ -2.793033, 42.6352952 ], [ -2.7931061, 42.6352232 ], [ -2.7931382, 42.6351918 ], [ -2.7932644, 42.6350659 ], [ -2.7932981, 42.63503 ], [ -2.7934732, 42.6348592 ], [ -2.7934874, 42.6348457 ], [ -2.7935669, 42.6347648 ], [ -2.7937348, 42.6345985 ], [ -2.7938483, 42.6344862 ], [ -2.7938767, 42.6344592 ], [ -2.7938835, 42.6344502 ], [ -2.7939, 42.6344322 ], [ -2.7939107, 42.6344232 ], [ -2.7939355, 42.6343962 ], [ -2.7940231, 42.6343108 ], [ -2.7940904, 42.6341308 ], [ -2.794102, 42.6340994 ], [ -2.7941185, 42.6340544 ], [ -2.7941623, 42.6339374 ], [ -2.7941885, 42.6338654 ], [ -2.7942108, 42.6338069 ], [ -2.7942177, 42.6337844 ], [ -2.7942542, 42.6336898 ], [ -2.7942889, 42.6335954 ], [ -2.7942927, 42.6335819 ], [ -2.7943262, 42.6334919 ], [ -2.7943458, 42.6334424 ], [ -2.7943535, 42.6334198 ], [ -2.7943789, 42.6333524 ], [ -2.7943854, 42.6333344 ], [ -2.7944108, 42.6332669 ], [ -2.7944504, 42.6331589 ], [ -2.7944565, 42.6331409 ], [ -2.7944665, 42.6331139 ], [ -2.7944738, 42.6330959 ], [ -2.7944788, 42.6330824 ], [ -2.7944877, 42.6330599 ], [ -2.7944942, 42.6330419 ], [ -2.794515, 42.6329834 ], [ -2.7945811, 42.6328079 ], [ -2.7946184, 42.6327044 ], [ -2.7946227, 42.6326954 ], [ -2.7946319, 42.6326684 ], [ -2.7946596, 42.6325919 ], [ -2.794675, 42.6325514 ], [ -2.794685, 42.6325244 ], [ -2.794753, 42.6323399 ], [ -2.7946116, 42.6324522 ], [ -2.7945177, 42.6325241 ], [ -2.7944993, 42.6325375 ], [ -2.7943778, 42.6326319 ], [ -2.7943541, 42.6326499 ], [ -2.7943232, 42.6326723 ], [ -2.7942708, 42.6327128 ], [ -2.7942372, 42.6327397 ], [ -2.7941543, 42.6328026 ], [ -2.7940736, 42.6328655 ], [ -2.793959, 42.6329554 ], [ -2.7938994, 42.6330003 ], [ -2.7938776, 42.6330183 ], [ -2.7938054, 42.6330722 ], [ -2.7937974, 42.6330811 ], [ -2.7936632, 42.6331844 ], [ -2.7936419, 42.633198 ], [ -2.7935021, 42.6332697 ], [ -2.7934888, 42.6332787 ], [ -2.7933563, 42.633346 ], [ -2.7933158, 42.6333729 ], [ -2.793278, 42.6333999 ], [ -2.7932673, 42.6334044 ], [ -2.7930977, 42.6335167 ], [ -2.7930507, 42.6335481 ], [ -2.7929227, 42.6336334 ], [ -2.792909, 42.6336424 ], [ -2.792891, 42.6336559 ], [ -2.7928227, 42.6337008 ], [ -2.7927814, 42.6337322 ], [ -2.7927611, 42.6337457 ], [ -2.7926656, 42.6338131 ], [ -2.7926526, 42.6338265 ], [ -2.7925907, 42.6338805 ], [ -2.792567, 42.6338985 ], [ -2.7924783, 42.6339883 ], [ -2.7924668, 42.6339973 ], [ -2.7924485, 42.6340153 ], [ -2.7923104, 42.6341546 ], [ -2.7922549, 42.6342085 ], [ -2.792211, 42.6342535 ], [ -2.792154, 42.6343074 ], [ -2.7921326, 42.6343254 ], [ -2.7921238, 42.6343344 ], [ -2.7921123, 42.6343434 ], [ -2.7920543, 42.6343793 ], [ -2.7920031, 42.6344107 ], [ -2.7919222, 42.6344466 ], [ -2.7917962, 42.6345094 ], [ -2.7917336, 42.6345408 ], [ -2.791679, 42.6345677 ], [ -2.7916611, 42.6345767 ], [ -2.7916404, 42.6345857 ], [ -2.7915809, 42.6346126 ], [ -2.7914251, 42.6346844 ], [ -2.7913744, 42.6347068 ], [ -2.791361, 42.6347112 ], [ -2.7912729, 42.6347336 ], [ -2.7912592, 42.6347336 ], [ -2.7911421, 42.6347559 ], [ -2.7910792, 42.6347648 ], [ -2.7910528, 42.6347692 ], [ -2.7910402, 42.6347692 ], [ -2.7909846, 42.6347781 ], [ -2.7908469, 42.6348004 ], [ -2.7907218, 42.6348182 ], [ -2.7904595, 42.6348357 ], [ -2.7903894, 42.63484 ], [ -2.7903391, 42.63484 ], [ -2.7903242, 42.6348399 ], [ -2.7903002, 42.6348399 ], [ -2.7902309, 42.6348308 ], [ -2.7900956, 42.6348125 ], [ -2.7900621, 42.6348079 ], [ -2.7899173, 42.6347897 ], [ -2.7898891, 42.6347896 ], [ -2.7898042, 42.6347759 ], [ -2.7897817, 42.6347759 ], [ -2.7897627, 42.6347713 ], [ -2.7897451, 42.6347668 ], [ -2.7897082, 42.6347532 ], [ -2.7895848, 42.634717 ], [ -2.7895232, 42.6346764 ], [ -2.7894951, 42.6346583 ], [ -2.7894704, 42.6346402 ], [ -2.7894077, 42.6345906 ], [ -2.7893655, 42.6345545 ], [ -2.7893245, 42.6345184 ], [ -2.7892492, 42.6344552 ], [ -2.7891823, 42.634392 ], [ -2.7891074, 42.6343424 ], [ -2.7890739, 42.6343198 ], [ -2.7888783, 42.6342429 ], [ -2.7888471, 42.6342293 ], [ -2.788766, 42.6341976 ], [ -2.7887146, 42.634175 ], [ -2.7886198, 42.6341388 ], [ -2.7885822, 42.6341252 ], [ -2.7885346, 42.6341027 ], [ -2.7885098, 42.6340891 ], [ -2.7884916, 42.63408 ], [ -2.7884554, 42.6340665 ], [ -2.7884323, 42.6340349 ], [ -2.7884274, 42.6340259 ], [ -2.7884043, 42.6339718 ], [ -2.7883915, 42.6339268 ], [ -2.7883745, 42.6338592 ], [ -2.7883723, 42.6338502 ], [ -2.7883562, 42.6337826 ], [ -2.788343, 42.6337286 ], [ -2.7882934, 42.6336249 ], [ -2.7882609, 42.6335618 ], [ -2.7881862, 42.6334401 ], [ -2.7881718, 42.633413 ], [ -2.7881616, 42.6333995 ], [ -2.7881274, 42.6333409 ], [ -2.7880812, 42.6332868 ], [ -2.7880713, 42.6332733 ], [ -2.7880504, 42.6332507 ], [ -2.7880329, 42.6332281 ], [ -2.7879591, 42.6331965 ], [ -2.7878769, 42.6331738 ], [ -2.7878464, 42.6331693 ], [ -2.787764, 42.6331691 ], [ -2.7876513, 42.6331644 ], [ -2.7875621, 42.6331597 ], [ -2.7875198, 42.6331596 ], [ -2.7874036, 42.6331504 ], [ -2.7873906, 42.6331504 ], [ -2.7873533, 42.6331458 ], [ -2.7873175, 42.6331458 ], [ -2.7872638, 42.6331276 ], [ -2.7872367, 42.6331186 ], [ -2.7872078, 42.6331095 ], [ -2.7871435, 42.6330689 ], [ -2.7871268, 42.6330599 ], [ -2.7870979, 42.6330418 ], [ -2.7869275, 42.6329379 ], [ -2.7868933, 42.6329153 ], [ -2.7868659, 42.6328973 ], [ -2.7868438, 42.6328837 ], [ -2.7868081, 42.6328611 ], [ -2.7867103, 42.6328024 ], [ -2.7866792, 42.6327843 ], [ -2.7865434, 42.6326985 ], [ -2.7864103, 42.6326172 ], [ -2.786373, 42.6325991 ], [ -2.7863083, 42.6325675 ], [ -2.7861347, 42.6324906 ], [ -2.7861108, 42.6324771 ], [ -2.7860373, 42.6324499 ], [ -2.7859243, 42.6324092 ], [ -2.7858846, 42.6324046 ], [ -2.7857448, 42.6323863 ], [ -2.7857292, 42.6323863 ], [ -2.7856987, 42.6323862 ], [ -2.7856225, 42.6323861 ], [ -2.7855204, 42.6323814 ], [ -2.7854504, 42.6323407 ], [ -2.7853773, 42.6322956 ], [ -2.7853157, 42.6322549 ], [ -2.7852294, 42.6322007 ], [ -2.7851686, 42.6321646 ], [ -2.7850069, 42.6320652 ], [ -2.7849681, 42.6320382 ], [ -2.7848659, 42.6319749 ], [ -2.7846662, 42.6318485 ], [ -2.7846544, 42.6318439 ], [ -2.7845137, 42.6317536 ], [ -2.7844521, 42.6317174 ], [ -2.7843292, 42.6316407 ], [ -2.7842801, 42.6316091 ], [ -2.7841885, 42.6315548 ], [ -2.7840877, 42.6314916 ], [ -2.784071, 42.6314781 ], [ -2.7840189, 42.6314464 ], [ -2.7840067, 42.6314374 ], [ -2.7839774, 42.6314193 ], [ -2.7839634, 42.6314103 ], [ -2.7838675, 42.6313516 ], [ -2.7838459, 42.6313381 ], [ -2.7838151, 42.63132 ], [ -2.7837596, 42.6312839 ], [ -2.783639, 42.6312116 ], [ -2.7836268, 42.6312026 ], [ -2.7835279, 42.6311393 ], [ -2.7834557, 42.6310941 ], [ -2.7833587, 42.6310354 ], [ -2.7833146, 42.6310084 ], [ -2.783178, 42.6309225 ], [ -2.7830666, 42.6308548 ], [ -2.7830328, 42.6308322 ], [ -2.7829985, 42.6308096 ], [ -2.7829628, 42.630787 ], [ -2.7828403, 42.6307102 ], [ -2.782789, 42.6306786 ], [ -2.7827624, 42.6306651 ], [ -2.7827236, 42.630638 ], [ -2.7826883, 42.6306154 ], [ -2.7826673, 42.6306063 ], [ -2.7826582, 42.6305973 ], [ -2.7826273, 42.6305973 ], [ -2.7825454, 42.6305971 ], [ -2.7824482, 42.6305969 ], [ -2.7823419, 42.6305922 ], [ -2.7822039, 42.6305919 ], [ -2.7821212, 42.6305873 ], [ -2.7820969, 42.6305872 ], [ -2.7820545, 42.6305872 ], [ -2.7819128, 42.6305869 ], [ -2.7817257, 42.630582 ], [ -2.781667, 42.6305819 ], [ -2.781649, 42.6305819 ], [ -2.7816281, 42.6305818 ], [ -2.7816132, 42.6305818 ], [ -2.7814189, 42.6305769 ], [ -2.7813411, 42.6305768 ], [ -2.781287, 42.6305722 ], [ -2.7811753, 42.630572 ], [ -2.7811419, 42.6305539 ], [ -2.7811114, 42.6305403 ], [ -2.7810761, 42.6305267 ], [ -2.7810604, 42.6305177 ], [ -2.7809962, 42.6304861 ], [ -2.7808957, 42.6304408 ], [ -2.7808421, 42.6304137 ], [ -2.7808025, 42.6303956 ], [ -2.7805395, 42.6302735 ], [ -2.7804368, 42.6302238 ], [ -2.7802458, 42.6301334 ], [ -2.7801305, 42.6300791 ], [ -2.7798661, 42.6299525 ], [ -2.7798303, 42.629939 ], [ -2.7798079, 42.6299254 ], [ -2.7797322, 42.6298892 ], [ -2.7796751, 42.6298621 ], [ -2.7796218, 42.6298395 ], [ -2.7795648, 42.6298124 ], [ -2.7795016, 42.6297807 ], [ -2.7794422, 42.6297536 ], [ -2.7794088, 42.62974 ], [ -2.7791554, 42.629618 ], [ -2.7790918, 42.6295908 ], [ -2.778986, 42.6295411 ], [ -2.7789145, 42.6295049 ], [ -2.7788776, 42.6294868 ], [ -2.7787269, 42.629419 ], [ -2.7786702, 42.6293919 ], [ -2.7786284, 42.6293693 ], [ -2.778547, 42.6293331 ], [ -2.7785079, 42.6292835 ], [ -2.7784779, 42.6292474 ], [ -2.7783743, 42.6291256 ], [ -2.778355, 42.629103 ], [ -2.778276, 42.6290084 ], [ -2.7782628, 42.6289903 ], [ -2.77824, 42.6289633 ], [ -2.7781906, 42.6289046 ], [ -2.7780256, 42.6287062 ], [ -2.7780104, 42.6286881 ], [ -2.7780005, 42.6286746 ], [ -2.7779937, 42.6286656 ], [ -2.7779512, 42.6286159 ], [ -2.7779288, 42.6285889 ], [ -2.7778366, 42.6284761 ], [ -2.7778286, 42.6284671 ], [ -2.7776089, 42.6282055 ], [ -2.777514, 42.6280883 ], [ -2.7774833, 42.6280522 ], [ -2.7774753, 42.6280432 ], [ -2.7774598, 42.6280251 ], [ -2.7774275, 42.6279845 ], [ -2.7773509, 42.6278943 ], [ -2.7772644, 42.6277906 ], [ -2.7772477, 42.627768 ], [ -2.7772227, 42.627741 ], [ -2.7771945, 42.6277049 ], [ -2.7771072, 42.6276012 ], [ -2.777053, 42.627538 ], [ -2.7770021, 42.6274749 ], [ -2.7769331, 42.6273937 ], [ -2.7768207, 42.6272584 ], [ -2.7767896, 42.6272223 ], [ -2.7766929, 42.627105 ], [ -2.7766705, 42.627078 ], [ -2.7766158, 42.6270148 ], [ -2.7765331, 42.6269156 ], [ -2.7765233, 42.6269021 ], [ -2.7764341, 42.6267938 ], [ -2.7763643, 42.6267126 ], [ -2.7763331, 42.626672 ], [ -2.7762629, 42.6265908 ], [ -2.7762208, 42.6265412 ], [ -2.7762148, 42.6265322 ], [ -2.7761108, 42.6264059 ], [ -2.7760743, 42.6263653 ], [ -2.7760603, 42.6263473 ], [ -2.7760285, 42.6263112 ], [ -2.7760015, 42.6262751 ], [ -2.7759856, 42.6262571 ], [ -2.7759507, 42.6262165 ], [ -2.7759275, 42.6261894 ], [ -2.7759135, 42.6261714 ], [ -2.775907, 42.6261624 ], [ -2.7758983, 42.6261533 ], [ -2.7758884, 42.6261398 ], [ -2.7758683, 42.6261173 ], [ -2.7758596, 42.6261082 ], [ -2.7758137, 42.6260541 ], [ -2.7757738, 42.6260045 ], [ -2.7757283, 42.6259504 ], [ -2.7756926, 42.6259053 ], [ -2.7756755, 42.6258872 ], [ -2.7756376, 42.6258421 ], [ -2.7756012, 42.6257971 ], [ -2.7755765, 42.62577 ], [ -2.7754885, 42.6256617 ], [ -2.7753325, 42.6254768 ], [ -2.7753253, 42.6254677 ], [ -2.7753173, 42.6254587 ], [ -2.7752604, 42.6253866 ], [ -2.7752422, 42.6253686 ], [ -2.7752271, 42.6253505 ], [ -2.7752168, 42.625337 ], [ -2.7752081, 42.6253234 ], [ -2.7751887, 42.6253009 ], [ -2.7751789, 42.6252919 ], [ -2.7751512, 42.6252558 ], [ -2.7750882, 42.6251791 ], [ -2.7750612, 42.6251475 ], [ -2.7750339, 42.625116 ], [ -2.7750199, 42.6250979 ], [ -2.7750096, 42.6250844 ], [ -2.7749674, 42.6250528 ], [ -2.7749196, 42.6250212 ], [ -2.774904, 42.6250076 ], [ -2.7748082, 42.6249399 ], [ -2.7747873, 42.6249219 ], [ -2.7747687, 42.6249083 ], [ -2.7747025, 42.6248632 ], [ -2.7746934, 42.6248541 ], [ -2.7746596, 42.6248315 ], [ -2.7746504, 42.6248225 ], [ -2.7746322, 42.624809 ], [ -2.7746212, 42.6248045 ], [ -2.7745908, 42.6247819 ], [ -2.7745813, 42.6247729 ], [ -2.7745475, 42.6247503 ], [ -2.7745319, 42.6247367 ], [ -2.7745079, 42.6247187 ], [ -2.7744893, 42.6247051 ], [ -2.7744726, 42.6246961 ], [ -2.7744517, 42.6246825 ], [ -2.7744384, 42.6246735 ], [ -2.774363, 42.6246328 ], [ -2.7743193, 42.6246057 ], [ -2.774198, 42.6245379 ], [ -2.7741402, 42.6245018 ], [ -2.7740995, 42.6244792 ], [ -2.7740166, 42.624434 ], [ -2.7738938, 42.6243617 ], [ -2.7738808, 42.6243572 ], [ -2.7738497, 42.6243391 ], [ -2.7737903, 42.624303 ], [ -2.7737234, 42.6242668 ], [ -2.7736413, 42.6242171 ], [ -2.7735986, 42.6241945 ], [ -2.7734679, 42.6241177 ], [ -2.7734446, 42.6241042 ], [ -2.7734233, 42.6240951 ], [ -2.7733439, 42.6240499 ], [ -2.7733047, 42.6240273 ], [ -2.7732051, 42.6239686 ], [ -2.7731693, 42.6239505 ], [ -2.77311, 42.6239144 ], [ -2.7730058, 42.6238556 ], [ -2.7728602, 42.6237698 ], [ -2.7728016, 42.6237381 ], [ -2.7727772, 42.6237246 ], [ -2.7726799, 42.6236703 ], [ -2.7726609, 42.6236568 ], [ -2.7725768, 42.6236116 ], [ -2.7724513, 42.6235393 ], [ -2.7724255, 42.6235213 ], [ -2.7723711, 42.6234941 ], [ -2.7722947, 42.623449 ], [ -2.7722331, 42.6234128 ], [ -2.7721467, 42.6233631 ], [ -2.7720931, 42.6233315 ], [ -2.7720771, 42.6233224 ], [ -2.7720273, 42.6232953 ], [ -2.7720129, 42.6232863 ], [ -2.7720018, 42.6232817 ], [ -2.7719391, 42.6232456 ], [ -2.7719026, 42.623223 ], [ -2.7718072, 42.6231688 ], [ -2.7717809, 42.6231552 ], [ -2.7717592, 42.6231417 ], [ -2.7717147, 42.6231146 ], [ -2.7716991, 42.6231055 ], [ -2.7716866, 42.623101 ], [ -2.7716197, 42.6230604 ], [ -2.7716022, 42.6230513 ], [ -2.7715261, 42.6230061 ], [ -2.7713858, 42.6229248 ], [ -2.771325, 42.6228886 ], [ -2.7713147, 42.6228841 ], [ -2.7712615, 42.6228525 ], [ -2.7711953, 42.6228163 ], [ -2.7711831, 42.6228073 ], [ -2.7711675, 42.6227983 ], [ -2.7711474, 42.6227892 ], [ -2.7711147, 42.6227666 ], [ -2.7710995, 42.6227576 ], [ -2.771058, 42.622735 ], [ -2.7710295, 42.622717 ], [ -2.7709838, 42.6226943 ], [ -2.7709523, 42.6226717 ], [ -2.7709044, 42.6226446 ], [ -2.7708527, 42.6226175 ], [ -2.7708428, 42.6226085 ], [ -2.7708219, 42.6225949 ], [ -2.7708067, 42.6225859 ], [ -2.7707915, 42.6225768 ], [ -2.7707614, 42.6225588 ], [ -2.7707318, 42.6225407 ], [ -2.7706827, 42.6225091 ], [ -2.770571, 42.6224413 ], [ -2.7704755, 42.6223826 ], [ -2.7703896, 42.6223284 ], [ -2.7702364, 42.6222335 ], [ -2.7701657, 42.6221883 ], [ -2.7701493, 42.6221793 ], [ -2.7700835, 42.6221387 ], [ -2.7700505, 42.6221161 ], [ -2.7700311, 42.622107 ], [ -2.7700109, 42.6220935 ], [ -2.7699634, 42.6220619 ], [ -2.7699353, 42.6220483 ], [ -2.7699022, 42.6220257 ], [ -2.7698813, 42.6220122 ], [ -2.7698569, 42.6219986 ], [ -2.7698296, 42.6219805 ], [ -2.769814, 42.6219715 ], [ -2.7697976, 42.6219625 ], [ -2.7697501, 42.6219308 ], [ -2.7696934, 42.6218992 ], [ -2.769676, 42.6218857 ], [ -2.7696303, 42.6218586 ], [ -2.7695463, 42.6218043 ], [ -2.769525, 42.6217953 ], [ -2.769482, 42.6217682 ], [ -2.7694341, 42.6217456 ], [ -2.7693741, 42.6217095 ], [ -2.7693402, 42.6216914 ], [ -2.7692953, 42.6216688 ], [ -2.7692387, 42.6216371 ], [ -2.7692105, 42.6216236 ], [ -2.7691382, 42.6215874 ], [ -2.7690644, 42.6215557 ], [ -2.7689884, 42.621515 ], [ -2.7689382, 42.6214924 ], [ -2.7688058, 42.6214291 ], [ -2.7687016, 42.6213749 ], [ -2.7686491, 42.6213522 ], [ -2.7686266, 42.6213387 ], [ -2.7685171, 42.6212844 ], [ -2.7683612, 42.6212076 ], [ -2.7683349, 42.6211985 ], [ -2.7683026, 42.6211804 ], [ -2.7682143, 42.6211397 ], [ -2.768136, 42.621099 ], [ -2.7681185, 42.62109 ], [ -2.7679887, 42.6210267 ], [ -2.7679678, 42.6210176 ], [ -2.7679154, 42.6209905 ], [ -2.7678248, 42.6209453 ], [ -2.7677895, 42.6209317 ], [ -2.7676993, 42.6208865 ], [ -2.7676571, 42.6208639 ], [ -2.7675715, 42.6208232 ], [ -2.7675566, 42.6208142 ], [ -2.7675441, 42.6208096 ], [ -2.7675293, 42.6208006 ], [ -2.7673916, 42.6207328 ], [ -2.767368, 42.6207237 ], [ -2.767217, 42.6206514 ], [ -2.7671968, 42.6206378 ], [ -2.7670675, 42.6205745 ], [ -2.7669876, 42.6205383 ], [ -2.766786, 42.6204388 ], [ -2.7667499, 42.6204208 ], [ -2.7667271, 42.6204072 ], [ -2.7665852, 42.6203439 ], [ -2.7664087, 42.620258 ], [ -2.7663699, 42.6202399 ], [ -2.7661599, 42.6201449 ], [ -2.7661299, 42.6201313 ], [ -2.765926, 42.6200273 ], [ -2.7658771, 42.6201578 ], [ -2.7658771, 42.6201578 ], [ -2.7637208, 42.6228371 ], [ -2.7637207, 42.6228371 ], [ -2.7604394, 42.6199754 ], [ -2.7592695, 42.6197748 ], [ -2.7592695, 42.6197748 ], [ -2.7566143, 42.6190037 ], [ -2.7494255, 42.6237251 ], [ -2.7494254, 42.6237251 ], [ -2.7464889, 42.6231423 ], [ -2.7464888, 42.6231423 ], [ -2.7407722, 42.622553 ], [ -2.7368828, 42.6195272 ], [ -2.7361894, 42.6191563 ], [ -2.7358803, 42.6190389 ], [ -2.7356172, 42.6189388 ], [ -2.7338421, 42.6185002 ], [ -2.7319751, 42.6180387 ], [ -2.7305747, 42.6176212 ], [ -2.7281658, 42.6136078 ], [ -2.7268046, 42.6126049 ], [ -2.7242169, 42.6105184 ], [ -2.722785, 42.6089929 ], [ -2.7218131, 42.608216 ], [ -2.7189814, 42.6062548 ], [ -2.7171193, 42.6055567 ], [ -2.7171193, 42.6055567 ], [ -2.7159989, 42.6053018 ], [ -2.7151736, 42.6045072 ], [ -2.7139714, 42.6034865 ], [ -2.7111394, 42.6016782 ], [ -2.7097285, 42.6009992 ], [ -2.7097284, 42.6009992 ], [ -2.70794, 42.6002471 ], [ -2.70794, 42.6002471 ], [ -2.7063208, 42.5998287 ], [ -2.7063207, 42.5998287 ], [ -2.6999536, 42.598137 ], [ -2.6911099, 42.5964254 ], [ -2.688677, 42.5959544 ], [ -2.6886769, 42.5959543 ], [ -2.6875332, 42.595555 ], [ -2.6875331, 42.595555 ], [ -2.6861581, 42.5950919 ], [ -2.6861581, 42.5950919 ], [ -2.685074, 42.5949628 ], [ -2.6815795, 42.595624 ], [ -2.6815792, 42.5956241 ], [ -2.6815794, 42.5956241 ], [ -2.6817901, 42.5956607 ], [ -2.6818189, 42.5956833 ], [ -2.6818295, 42.5956923 ], [ -2.6820711, 42.5959812 ], [ -2.6820847, 42.5959947 ], [ -2.6820946, 42.5960083 ], [ -2.6821657, 42.596094 ], [ -2.6822354, 42.5961752 ], [ -2.6823944, 42.5963648 ], [ -2.6825406, 42.5965318 ], [ -2.682555, 42.5965499 ], [ -2.6825997, 42.5965995 ], [ -2.6826231, 42.5966312 ], [ -2.6826421, 42.5966537 ], [ -2.6826769, 42.5966943 ], [ -2.6827004, 42.5967214 ], [ -2.6827375, 42.5967621 ], [ -2.6827648, 42.5967981 ], [ -2.682892, 42.5969426 ], [ -2.682914, 42.5969697 ], [ -2.6830132, 42.5970735 ], [ -2.6830307, 42.5970871 ], [ -2.6831399, 42.5971864 ], [ -2.6831459, 42.5971954 ], [ -2.6832066, 42.5972497 ], [ -2.6832968, 42.5973355 ], [ -2.6833696, 42.5974032 ], [ -2.6833863, 42.5974213 ], [ -2.6835266, 42.5975522 ], [ -2.6835417, 42.5975658 ], [ -2.6835554, 42.5975793 ], [ -2.6835804, 42.5976019 ], [ -2.6836395, 42.5976561 ], [ -2.6837109, 42.5977149 ], [ -2.6837935, 42.5977872 ], [ -2.6838876, 42.597873 ], [ -2.6839352, 42.5979316 ], [ -2.6839405, 42.5979407 ], [ -2.6839534, 42.5979542 ], [ -2.6839617, 42.5979677 ], [ -2.6840352, 42.598058 ], [ -2.6840805, 42.5981392 ], [ -2.6841106, 42.5982113 ], [ -2.6841286, 42.5982564 ], [ -2.6841339, 42.5982654 ], [ -2.6841851, 42.5983826 ], [ -2.6841926, 42.5984096 ], [ -2.6842009, 42.5984367 ], [ -2.6842196, 42.5984998 ], [ -2.6842319, 42.5986304 ], [ -2.6842297, 42.598761 ], [ -2.6842264, 42.598806 ], [ -2.684224, 42.598833 ], [ -2.6842135, 42.5989501 ], [ -2.6841932, 42.5990491 ], [ -2.6841885, 42.5990716 ], [ -2.6841822, 42.5991031 ], [ -2.6841506, 42.599184 ], [ -2.6841413, 42.5992065 ], [ -2.6841375, 42.5992155 ], [ -2.6841166, 42.599274 ], [ -2.6840981, 42.5993235 ], [ -2.6840919, 42.599337 ], [ -2.6840427, 42.5994314 ], [ -2.6839844, 42.5995168 ], [ -2.6838856, 42.5996111 ], [ -2.6838427, 42.5996515 ], [ -2.6838098, 42.5996919 ], [ -2.6837645, 42.5997458 ], [ -2.6836618, 42.5998671 ], [ -2.6835615, 42.5999659 ], [ -2.68355, 42.5999839 ], [ -2.6834955, 42.6000603 ], [ -2.6834886, 42.6000738 ], [ -2.6834593, 42.6001412 ], [ -2.6834583, 42.6001818 ], [ -2.6834575, 42.6001998 ], [ -2.6834566, 42.6002268 ], [ -2.6834556, 42.6002718 ], [ -2.6834574, 42.6003664 ], [ -2.6834573, 42.6003889 ], [ -2.6834822, 42.6005916 ], [ -2.6834829, 42.6006006 ], [ -2.6834895, 42.6006457 ], [ -2.683491, 42.6006592 ], [ -2.6835005, 42.6007267 ], [ -2.6835002, 42.6007808 ], [ -2.6835001, 42.6008033 ], [ -2.6834906, 42.6008708 ], [ -2.6834851, 42.6009068 ], [ -2.6834659, 42.6009428 ], [ -2.683422, 42.6010327 ], [ -2.6833927, 42.6010912 ], [ -2.6833665, 42.6011586 ], [ -2.6833565, 42.6011856 ], [ -2.6833318, 42.6012531 ], [ -2.6833078, 42.6013116 ], [ -2.6832994, 42.6013296 ], [ -2.6832863, 42.6013611 ], [ -2.6832731, 42.6013971 ], [ -2.6832646, 42.601424 ], [ -2.6832397, 42.6015185 ], [ -2.683216, 42.6016941 ], [ -2.6832144, 42.6017121 ], [ -2.6832065, 42.6017661 ], [ -2.6832002, 42.6018021 ], [ -2.6831704, 42.6019686 ], [ -2.6831579, 42.6020272 ], [ -2.6831509, 42.6020586 ], [ -2.6831462, 42.6020856 ], [ -2.6831391, 42.6021216 ], [ -2.6831143, 42.6022116 ], [ -2.6830889, 42.6022611 ], [ -2.6830712, 42.6022971 ], [ -2.6830497, 42.602324 ], [ -2.6829975, 42.602405 ], [ -2.6828964, 42.6025172 ], [ -2.6828895, 42.6025262 ], [ -2.6828719, 42.6025442 ], [ -2.6828642, 42.6025532 ], [ -2.6827195, 42.6026879 ], [ -2.6826881, 42.6027148 ], [ -2.6826759, 42.6027283 ], [ -2.6826468, 42.6027552 ], [ -2.6825388, 42.602854 ], [ -2.6825159, 42.6028809 ], [ -2.6825036, 42.6028944 ], [ -2.6823542, 42.6030471 ], [ -2.6823481, 42.6030561 ], [ -2.6822448, 42.6031413 ], [ -2.6822196, 42.6031593 ], [ -2.6821875, 42.6031817 ], [ -2.682147, 42.6032086 ], [ -2.6821256, 42.6032221 ], [ -2.681926, 42.6033566 ], [ -2.6818472, 42.6034239 ], [ -2.6818212, 42.6034419 ], [ -2.6816997, 42.6035046 ], [ -2.6816226, 42.6035404 ], [ -2.6815989, 42.6035538 ], [ -2.681576, 42.6035627 ], [ -2.6814897, 42.603603 ], [ -2.6813247, 42.6036746 ], [ -2.6812431, 42.6037014 ], [ -2.6812064, 42.6037148 ], [ -2.6810164, 42.6037728 ], [ -2.6807982, 42.6038397 ], [ -2.6807051, 42.603871 ], [ -2.6806745, 42.6038799 ], [ -2.6805227, 42.60392 ], [ -2.6804868, 42.603929 ], [ -2.6804228, 42.6039468 ], [ -2.6803816, 42.6039602 ], [ -2.6802755, 42.6039869 ], [ -2.6802037, 42.6040227 ], [ -2.6801915, 42.6040272 ], [ -2.6801396, 42.6040541 ], [ -2.6800991, 42.6040765 ], [ -2.6800845, 42.6040854 ], [ -2.680031, 42.6041303 ], [ -2.6800149, 42.6041438 ], [ -2.6800034, 42.6041527 ], [ -2.6799308, 42.6042066 ], [ -2.6798833, 42.604247 ], [ -2.6798749, 42.6042559 ], [ -2.6797874, 42.6043773 ], [ -2.6797598, 42.6044132 ], [ -2.6797414, 42.6044357 ], [ -2.6796623, 42.604548 ], [ -2.6796094, 42.6046199 ], [ -2.6794703, 42.6048447 ], [ -2.679445, 42.6048852 ], [ -2.6794381, 42.6048941 ], [ -2.6794319, 42.6049031 ], [ -2.6794043, 42.6049391 ], [ -2.6793529, 42.6050065 ], [ -2.6793437, 42.60502 ], [ -2.6793306, 42.6050379 ], [ -2.6793214, 42.6050469 ], [ -2.6793138, 42.6050604 ], [ -2.6792585, 42.6051323 ], [ -2.6792531, 42.6051413 ], [ -2.6792448, 42.6051503 ], [ -2.6792286, 42.6051727 ], [ -2.6791588, 42.6052671 ], [ -2.6791442, 42.6052851 ], [ -2.6791381, 42.6052941 ], [ -2.6791273, 42.605312 ], [ -2.6791081, 42.605339 ], [ -2.6790337, 42.6054468 ], [ -2.6790252, 42.6054604 ], [ -2.679016, 42.6054693 ], [ -2.6789938, 42.6054963 ], [ -2.67897, 42.6055277 ], [ -2.6789279, 42.6055816 ], [ -2.6789187, 42.6055906 ], [ -2.6788972, 42.6056086 ], [ -2.6788788, 42.6056265 ], [ -2.6788574, 42.6056445 ], [ -2.6788391, 42.6056625 ], [ -2.678761, 42.6057298 ], [ -2.6787358, 42.6057432 ], [ -2.678725, 42.6057522 ], [ -2.6787021, 42.6057656 ], [ -2.6786792, 42.6057836 ], [ -2.6786608, 42.605797 ], [ -2.6786395, 42.605806 ], [ -2.6786073, 42.6058239 ], [ -2.6785745, 42.6058418 ], [ -2.678563, 42.6058463 ], [ -2.6785248, 42.6058597 ], [ -2.6785081, 42.6058687 ], [ -2.6784783, 42.6058776 ], [ -2.6784638, 42.605882 ], [ -2.678437, 42.6058955 ], [ -2.6784196, 42.6058954 ], [ -2.6783944, 42.6058998 ], [ -2.6783654, 42.6059088 ], [ -2.6783532, 42.6059088 ], [ -2.6782311, 42.6059354 ], [ -2.6781572, 42.6059442 ], [ -2.6781076, 42.6059486 ], [ -2.6780626, 42.6059574 ], [ -2.677946, 42.6059752 ], [ -2.6779208, 42.6059751 ], [ -2.6776821, 42.6060149 ], [ -2.6776104, 42.6060282 ], [ -2.6774975, 42.6060549 ], [ -2.6773037, 42.6061084 ], [ -2.6770168, 42.6061932 ], [ -2.6769931, 42.6062021 ], [ -2.676871, 42.6062468 ], [ -2.6768237, 42.6062601 ], [ -2.6768084, 42.6062646 ], [ -2.6766336, 42.6063227 ], [ -2.6765878, 42.6063405 ], [ -2.6765252, 42.6063674 ], [ -2.676503, 42.6063763 ], [ -2.6764908, 42.6063808 ], [ -2.6764465, 42.6063987 ], [ -2.6763228, 42.6064524 ], [ -2.6761891, 42.6065195 ], [ -2.6761746, 42.606524 ], [ -2.6761486, 42.6065374 ], [ -2.6761296, 42.6065464 ], [ -2.6761036, 42.6065598 ], [ -2.676073, 42.6065732 ], [ -2.6760486, 42.6065867 ], [ -2.6760241, 42.6065956 ], [ -2.6759882, 42.6066135 ], [ -2.6759561, 42.6066314 ], [ -2.6758424, 42.6066852 ], [ -2.675782, 42.6067165 ], [ -2.6757667, 42.6067254 ], [ -2.6757553, 42.60673 ], [ -2.6757323, 42.6067434 ], [ -2.6757155, 42.6067523 ], [ -2.675688, 42.6067658 ], [ -2.6756758, 42.6067747 ], [ -2.6756276, 42.6068061 ], [ -2.6756039, 42.6068196 ], [ -2.6755833, 42.606833 ], [ -2.675525, 42.6068914 ], [ -2.6755166, 42.6069004 ], [ -2.6755021, 42.6069138 ], [ -2.6754161, 42.6070397 ], [ -2.6754046, 42.6070577 ], [ -2.6753969, 42.6070711 ], [ -2.6753784, 42.6071116 ], [ -2.6753622, 42.6071431 ], [ -2.6753484, 42.6071746 ], [ -2.6753267, 42.6072195 ], [ -2.6753144, 42.6072465 ], [ -2.6753037, 42.607269 ], [ -2.6752959, 42.607287 ], [ -2.6752836, 42.607323 ], [ -2.675272, 42.6073545 ], [ -2.6752627, 42.6073815 ], [ -2.6752473, 42.6074219 ], [ -2.6751815, 42.6076019 ], [ -2.6751745, 42.6076198 ], [ -2.6751707, 42.6076334 ], [ -2.6751614, 42.6076558 ], [ -2.6751583, 42.6076648 ], [ -2.6751521, 42.6076828 ], [ -2.6751452, 42.6077008 ], [ -2.6751413, 42.6077098 ], [ -2.6750942, 42.6078403 ], [ -2.6750335, 42.6079346 ], [ -2.6750196, 42.6079572 ], [ -2.6750058, 42.6079796 ], [ -2.6749974, 42.6079931 ], [ -2.6749882, 42.6080066 ], [ -2.6749789, 42.6080246 ], [ -2.6749589, 42.608056 ], [ -2.6749505, 42.6080695 ], [ -2.6749321, 42.6080965 ], [ -2.6748944, 42.6081594 ], [ -2.6748767, 42.6081864 ], [ -2.6748652, 42.6082044 ], [ -2.6748529, 42.6082223 ], [ -2.6748437, 42.6082403 ], [ -2.6748022, 42.6083032 ], [ -2.6747853, 42.6083302 ], [ -2.6747722, 42.6083527 ], [ -2.6747507, 42.6083841 ], [ -2.6747408, 42.6084021 ], [ -2.6747123, 42.6084471 ], [ -2.6746862, 42.6084875 ], [ -2.6746731, 42.60851 ], [ -2.6745671, 42.6086763 ], [ -2.6745556, 42.6086943 ], [ -2.6744795, 42.6088157 ], [ -2.6744219, 42.6089101 ], [ -2.6744157, 42.6089191 ], [ -2.6743957, 42.6089505 ], [ -2.6743066, 42.6090898 ], [ -2.6742859, 42.6091258 ], [ -2.6742782, 42.6091348 ], [ -2.6742613, 42.6091618 ], [ -2.6742267, 42.6092157 ], [ -2.6742121, 42.6092427 ], [ -2.674176, 42.6092966 ], [ -2.6741714, 42.6093056 ], [ -2.6741199, 42.6093865 ], [ -2.6741153, 42.6093955 ], [ -2.6740861, 42.6094405 ], [ -2.6740669, 42.6094719 ], [ -2.6740462, 42.6095034 ], [ -2.6740392, 42.6095169 ], [ -2.6740154, 42.6095528 ], [ -2.6740069, 42.6095663 ], [ -2.6739985, 42.6095798 ], [ -2.6739478, 42.6096607 ], [ -2.6739347, 42.6096787 ], [ -2.6738963, 42.6097416 ], [ -2.6738517, 42.6098135 ], [ -2.6738395, 42.6098315 ], [ -2.6737895, 42.6099124 ], [ -2.6737734, 42.6099394 ], [ -2.6737396, 42.6099888 ], [ -2.6737265, 42.6100113 ], [ -2.6737004, 42.6100563 ], [ -2.673685, 42.6100787 ], [ -2.6736551, 42.6101237 ], [ -2.6736197, 42.6101821 ], [ -2.6735966, 42.610218 ], [ -2.6735751, 42.610254 ], [ -2.673559, 42.6102765 ], [ -2.6735429, 42.6103034 ], [ -2.673519, 42.6103394 ], [ -2.6734729, 42.6104158 ], [ -2.6734007, 42.6105282 ], [ -2.673393, 42.6105417 ], [ -2.6733516, 42.6106091 ], [ -2.6733438, 42.6106181 ], [ -2.6733339, 42.6106361 ], [ -2.6732901, 42.6107035 ], [ -2.6732563, 42.6107575 ], [ -2.6732324, 42.6107979 ], [ -2.6732117, 42.6108293 ], [ -2.6731932, 42.6108608 ], [ -2.6731495, 42.6109282 ], [ -2.6731387, 42.6109462 ], [ -2.6730956, 42.6110137 ], [ -2.6730811, 42.6110361 ], [ -2.6730319, 42.6111125 ], [ -2.6730111, 42.6111485 ], [ -2.6729735, 42.6112069 ], [ -2.6729589, 42.6112294 ], [ -2.6729266, 42.6112833 ], [ -2.6728805, 42.6113552 ], [ -2.6728697, 42.6113732 ], [ -2.6728482, 42.6114047 ], [ -2.672829, 42.6114361 ], [ -2.6728159, 42.6114586 ], [ -2.6728021, 42.6114811 ], [ -2.6727799, 42.6115125 ], [ -2.6727483, 42.6115665 ], [ -2.6727345, 42.6115845 ], [ -2.672713, 42.6116204 ], [ -2.6726999, 42.6116429 ], [ -2.6726753, 42.6116789 ], [ -2.6726261, 42.6117598 ], [ -2.6726115, 42.6117823 ], [ -2.6726069, 42.6117913 ], [ -2.6725916, 42.6118137 ], [ -2.6725708, 42.6118452 ], [ -2.6725347, 42.6119036 ], [ -2.6725024, 42.6119575 ], [ -2.6724955, 42.6119665 ], [ -2.6724771, 42.6119935 ], [ -2.6724356, 42.6120609 ], [ -2.672431, 42.6120699 ], [ -2.6724217, 42.6120834 ], [ -2.6723695, 42.6121688 ], [ -2.6723572, 42.6121868 ], [ -2.6723365, 42.6122182 ], [ -2.6722926, 42.6122902 ], [ -2.6722834, 42.6123036 ], [ -2.6722504, 42.6123531 ], [ -2.672245, 42.6123621 ], [ -2.6722058, 42.612425 ], [ -2.6721958, 42.612443 ], [ -2.672172, 42.6124789 ], [ -2.6721512, 42.6125149 ], [ -2.6721413, 42.6125284 ], [ -2.6721197, 42.6125644 ], [ -2.6721097, 42.6125778 ], [ -2.6720998, 42.6125958 ], [ -2.6720706, 42.6126408 ], [ -2.6720636, 42.6126542 ], [ -2.6720268, 42.6127082 ], [ -2.672016, 42.6127262 ], [ -2.6719922, 42.6127666 ], [ -2.6719753, 42.6127936 ], [ -2.6719192, 42.612879 ], [ -2.6719023, 42.6129059 ], [ -2.6718746, 42.6129509 ], [ -2.6718431, 42.6130004 ], [ -2.6718347, 42.6130138 ], [ -2.6717993, 42.6130723 ], [ -2.6717847, 42.6130947 ], [ -2.6717478, 42.6131532 ], [ -2.6717225, 42.6131936 ], [ -2.6716925, 42.6132431 ], [ -2.6716817, 42.6132565 ], [ -2.6716518, 42.613306 ], [ -2.6716449, 42.613315 ], [ -2.6715895, 42.6134049 ], [ -2.6715488, 42.6134678 ], [ -2.6715457, 42.6134768 ], [ -2.671538, 42.6134858 ], [ -2.6715142, 42.6135262 ], [ -2.6713959, 42.6137105 ], [ -2.671392, 42.6137195 ], [ -2.6713828, 42.613733 ], [ -2.6713728, 42.6137465 ], [ -2.6713682, 42.6137555 ], [ -2.6713612, 42.613769 ], [ -2.6713528, 42.6137824 ], [ -2.6713459, 42.6137914 ], [ -2.6713298, 42.6138184 ], [ -2.671319, 42.6138364 ], [ -2.671286, 42.6138858 ], [ -2.6712514, 42.6139397 ], [ -2.6712406, 42.6139578 ], [ -2.671223, 42.6139847 ], [ -2.6712183, 42.6139937 ], [ -2.6712137, 42.6140027 ], [ -2.671173, 42.6140656 ], [ -2.6711384, 42.6141195 ], [ -2.6711215, 42.6141465 ], [ -2.671103, 42.614178 ], [ -2.6710577, 42.6142499 ], [ -2.6710447, 42.6142724 ], [ -2.6710339, 42.6142859 ], [ -2.6710062, 42.6143308 ], [ -2.670987, 42.6143623 ], [ -2.6709563, 42.6144117 ], [ -2.6709263, 42.6144566 ], [ -2.6709225, 42.6144657 ], [ -2.6708756, 42.6145376 ], [ -2.6708641, 42.6145555 ], [ -2.6708418, 42.6145915 ], [ -2.6708326, 42.614605 ], [ -2.6708095, 42.6146409 ], [ -2.6707912, 42.6146499 ], [ -2.6707301, 42.6146767 ], [ -2.6706652, 42.6147036 ], [ -2.6706423, 42.6147125 ], [ -2.670575, 42.6147393 ], [ -2.6705506, 42.6147528 ], [ -2.6705231, 42.6147617 ], [ -2.6704475, 42.614793 ], [ -2.6703932, 42.6148154 ], [ -2.6703078, 42.6148511 ], [ -2.6702253, 42.6148869 ], [ -2.6701787, 42.6149048 ], [ -2.6700977, 42.6149406 ], [ -2.6700343, 42.6149674 ], [ -2.670003, 42.6149808 ], [ -2.6699075, 42.6150211 ], [ -2.6698602, 42.615039 ], [ -2.6698419, 42.6150479 ], [ -2.6697494, 42.6150881 ], [ -2.6696983, 42.615106 ], [ -2.6696586, 42.6151239 ], [ -2.6695302, 42.6151776 ], [ -2.6694959, 42.615191 ], [ -2.6694806, 42.6152 ], [ -2.6694554, 42.6152089 ], [ -2.6694103, 42.6152268 ], [ -2.6693553, 42.6152536 ], [ -2.669334, 42.6152581 ], [ -2.6692706, 42.6152849 ], [ -2.6692202, 42.6153073 ], [ -2.6691644, 42.6153296 ], [ -2.6691438, 42.6153386 ], [ -2.6691292, 42.6153475 ], [ -2.6690498, 42.6153788 ], [ -2.6690086, 42.6153967 ], [ -2.6689743, 42.6154101 ], [ -2.6688329, 42.6154683 ], [ -2.668768, 42.6154951 ], [ -2.6686328, 42.6155532 ], [ -2.6685855, 42.6155756 ], [ -2.6685251, 42.6155979 ], [ -2.6684037, 42.6156471 ], [ -2.6683624, 42.615665 ], [ -2.6682006, 42.6157321 ], [ -2.6681585, 42.615759 ], [ -2.6681096, 42.6157813 ], [ -2.6681004, 42.6157903 ], [ -2.6680828, 42.6157993 ], [ -2.6679583, 42.6158665 ], [ -2.667862, 42.6159157 ], [ -2.667823, 42.6159382 ], [ -2.6678001, 42.6159516 ], [ -2.6677756, 42.615965 ], [ -2.6677642, 42.6159695 ], [ -2.6677489, 42.6159784 ], [ -2.6677229, 42.6159919 ], [ -2.6676961, 42.6160053 ], [ -2.6676411, 42.6160367 ], [ -2.6676136, 42.6160501 ], [ -2.6675975, 42.6160591 ], [ -2.6674347, 42.6161441 ], [ -2.6674225, 42.6161531 ], [ -2.6673942, 42.6161665 ], [ -2.6673752, 42.6161755 ], [ -2.6673538, 42.616189 ], [ -2.6671887, 42.616274 ], [ -2.6671543, 42.6162919 ], [ -2.6671329, 42.6163009 ], [ -2.6670703, 42.6163322 ], [ -2.6670527, 42.6163412 ], [ -2.6670267, 42.6163546 ], [ -2.6670114, 42.6163635 ], [ -2.6668822, 42.6164307 ], [ -2.6668387, 42.6164531 ], [ -2.6668035, 42.616471 ], [ -2.6667806, 42.6164845 ], [ -2.6667668, 42.6164934 ], [ -2.6667118, 42.6165248 ], [ -2.6666621, 42.6165561 ], [ -2.6666346, 42.6165696 ], [ -2.6665979, 42.616592 ], [ -2.666562, 42.6166144 ], [ -2.6665168, 42.6166413 ], [ -2.6664771, 42.6166637 ], [ -2.6664557, 42.6166771 ], [ -2.6664335, 42.6166906 ], [ -2.6664098, 42.616704 ], [ -2.6663762, 42.6167219 ], [ -2.6663525, 42.6167354 ], [ -2.666338, 42.6167443 ], [ -2.6663143, 42.6167623 ], [ -2.6662921, 42.6167712 ], [ -2.6662776, 42.6167802 ], [ -2.6662439, 42.6168026 ], [ -2.6662286, 42.6168115 ], [ -2.6662088, 42.6168205 ], [ -2.6661644, 42.6168474 ], [ -2.6661476, 42.6168563 ], [ -2.6661224, 42.6168743 ], [ -2.665916, 42.6169953 ], [ -2.6658877, 42.6170132 ], [ -2.6658755, 42.6170177 ], [ -2.6658563, 42.6170311 ], [ -2.6658257, 42.617049 ], [ -2.6657493, 42.6170939 ], [ -2.6657111, 42.6171162 ], [ -2.6656714, 42.6171387 ], [ -2.6656117, 42.6171745 ], [ -2.6655826, 42.6171924 ], [ -2.6655566, 42.6172059 ], [ -2.6655146, 42.6172327 ], [ -2.6654038, 42.6172955 ], [ -2.6653346, 42.6173988 ], [ -2.66533, 42.6174078 ], [ -2.6653246, 42.6174168 ], [ -2.665297, 42.6174573 ], [ -2.6652363, 42.6175471 ], [ -2.6652186, 42.6175741 ], [ -2.665211, 42.6175831 ], [ -2.6652017, 42.6175966 ], [ -2.6651833, 42.6176235 ], [ -2.6651771, 42.6176325 ], [ -2.6651387, 42.6176909 ], [ -2.6651034, 42.6177449 ], [ -2.6650957, 42.6177538 ], [ -2.6650842, 42.6177718 ], [ -2.6650411, 42.6178393 ], [ -2.6650297, 42.6178527 ], [ -2.6650212, 42.6178662 ], [ -2.6649912, 42.6179112 ], [ -2.6649497, 42.6179741 ], [ -2.6649343, 42.6179965 ], [ -2.6649244, 42.61801 ], [ -2.6648913, 42.6180595 ], [ -2.6648737, 42.6180864 ], [ -2.6648621, 42.6181044 ], [ -2.6648345, 42.6181448 ], [ -2.6648245, 42.6181583 ], [ -2.6647999, 42.6181988 ], [ -2.6647777, 42.6182302 ], [ -2.6647054, 42.6183381 ], [ -2.6646847, 42.6183696 ], [ -2.6645971, 42.6184999 ], [ -2.664574, 42.6185358 ], [ -2.6645426, 42.6185808 ], [ -2.6643634, 42.6187379 ], [ -2.664319, 42.6187782 ], [ -2.6643036, 42.6187917 ], [ -2.6642202, 42.6188635 ], [ -2.6640694, 42.6189981 ], [ -2.6638488, 42.6191911 ], [ -2.6637546, 42.6192719 ], [ -2.6637447, 42.6192809 ], [ -2.6637217, 42.6193033 ], [ -2.6637117, 42.6193123 ], [ -2.6636489, 42.6193661 ], [ -2.6635624, 42.6194425 ], [ -2.6635456, 42.6194559 ], [ -2.6635356, 42.6194649 ], [ -2.6634996, 42.6194963 ], [ -2.6634872, 42.6195458 ], [ -2.6634825, 42.6195593 ], [ -2.6634779, 42.6195818 ], [ -2.6634732, 42.6195953 ], [ -2.6634584, 42.6196493 ], [ -2.6634514, 42.6196763 ], [ -2.6634374, 42.6197303 ], [ -2.6634273, 42.6197663 ], [ -2.6634203, 42.6197933 ], [ -2.6634133, 42.6198203 ], [ -2.663404, 42.6198517 ], [ -2.6633946, 42.6198878 ], [ -2.6633814, 42.6199372 ], [ -2.6633659, 42.6199957 ], [ -2.663355, 42.6200362 ], [ -2.6633114, 42.6201937 ], [ -2.6633099, 42.6202027 ], [ -2.6633067, 42.6202162 ], [ -2.6632974, 42.6202477 ], [ -2.6632748, 42.6203332 ], [ -2.6632648, 42.6203692 ], [ -2.6632453, 42.6204412 ], [ -2.663246, 42.6204637 ], [ -2.6632468, 42.6205807 ], [ -2.6632475, 42.6206033 ], [ -2.6632474, 42.6206123 ], [ -2.6632481, 42.6206258 ], [ -2.663248, 42.6206483 ], [ -2.6632487, 42.6206663 ], [ -2.6632484, 42.6207068 ], [ -2.6632491, 42.6207204 ], [ -2.6632491, 42.6207294 ], [ -2.6632495, 42.6207879 ], [ -2.6632503, 42.6207969 ], [ -2.6632501, 42.6208239 ], [ -2.6632506, 42.6208735 ], [ -2.6632512, 42.620905 ], [ -2.6632517, 42.62095 ], [ -2.6632524, 42.620968 ], [ -2.6632523, 42.6209861 ], [ -2.6632528, 42.6210266 ], [ -2.6632533, 42.6210671 ], [ -2.6632532, 42.6210941 ], [ -2.6632539, 42.6211076 ], [ -2.663255, 42.6211932 ], [ -2.6632548, 42.6212202 ], [ -2.6632554, 42.6212517 ], [ -2.6632559, 42.6212968 ], [ -2.6632565, 42.6213328 ], [ -2.663257, 42.6213823 ], [ -2.6632576, 42.6214183 ], [ -2.6632575, 42.6214319 ], [ -2.6632581, 42.6214543 ], [ -2.6632603, 42.621612 ], [ -2.6632603, 42.621621 ], [ -2.6632602, 42.621639 ], [ -2.6632607, 42.621684 ], [ -2.6632613, 42.6217065 ], [ -2.6632619, 42.621738 ], [ -2.6632624, 42.6217966 ], [ -2.6632623, 42.6218101 ], [ -2.6632628, 42.6218551 ], [ -2.6632638, 42.6219497 ], [ -2.6632645, 42.6219587 ], [ -2.6632644, 42.6219812 ], [ -2.6632651, 42.6219992 ], [ -2.6632649, 42.6220353 ], [ -2.6632656, 42.6220443 ], [ -2.6632654, 42.6220713 ], [ -2.6632666, 42.6221343 ], [ -2.6632665, 42.6221568 ], [ -2.6632671, 42.6221838 ], [ -2.6632703, 42.622454 ], [ -2.6632708, 42.6224856 ], [ -2.6632708, 42.6224991 ], [ -2.6632714, 42.6225126 ], [ -2.6632714, 42.6225216 ], [ -2.6632719, 42.6225621 ], [ -2.6632718, 42.6225847 ], [ -2.6632725, 42.6226117 ], [ -2.6632731, 42.6226387 ], [ -2.663273, 42.6226567 ], [ -2.663274, 42.6227332 ], [ -2.6631476, 42.6228635 ], [ -2.6631216, 42.6228904 ], [ -2.6631039, 42.6229084 ], [ -2.6630909, 42.6229218 ], [ -2.6630319, 42.6229802 ], [ -2.6630235, 42.6229892 ], [ -2.6629966, 42.6230161 ], [ -2.6629851, 42.6230296 ], [ -2.6629499, 42.6230655 ], [ -2.6629254, 42.6230925 ], [ -2.6630207, 42.6232053 ], [ -2.6630556, 42.6232414 ], [ -2.6630723, 42.623255 ], [ -2.6632133, 42.6233995 ], [ -2.6632436, 42.6234311 ], [ -2.6632876, 42.6234763 ], [ -2.663377, 42.6235666 ], [ -2.6634824, 42.623675 ], [ -2.663515, 42.6237066 ], [ -2.6635726, 42.6237653 ], [ -2.6635938, 42.6237879 ], [ -2.6636545, 42.6238511 ], [ -2.6636976, 42.6238962 ], [ -2.6637211, 42.6239188 ], [ -2.6636715, 42.6239457 ], [ -2.6636554, 42.6239547 ], [ -2.6635965, 42.6239905 ], [ -2.6635445, 42.6240219 ], [ -2.6635063, 42.6240443 ], [ -2.6634512, 42.6240756 ], [ -2.6634352, 42.6240846 ], [ -2.6633978, 42.624107 ], [ -2.6633763, 42.6241205 ], [ -2.6633526, 42.6241339 ], [ -2.6633251, 42.6241518 ], [ -2.6632983, 42.6241652 ], [ -2.6632249, 42.62421 ], [ -2.6631936, 42.624228 ], [ -2.6631309, 42.6242638 ], [ -2.6631003, 42.6242862 ], [ -2.6630391, 42.6243221 ], [ -2.6630108, 42.6243445 ], [ -2.6629465, 42.6243848 ], [ -2.6628525, 42.6244431 ], [ -2.6628097, 42.62447 ], [ -2.6627646, 42.6245014 ], [ -2.6627186, 42.6245283 ], [ -2.6626789, 42.6245551 ], [ -2.6626238, 42.624591 ], [ -2.6626016, 42.6246045 ], [ -2.6625389, 42.6246448 ], [ -2.6624823, 42.6246807 ], [ -2.6624211, 42.6247255 ], [ -2.6622872, 42.6248197 ], [ -2.6622765, 42.6248242 ], [ -2.6621518, 42.6249138 ], [ -2.6620653, 42.6249721 ], [ -2.6620317, 42.6249945 ], [ -2.6620072, 42.6250125 ], [ -2.6619926, 42.6250259 ], [ -2.6619804, 42.6250304 ], [ -2.6619674, 42.6250394 ], [ -2.6619559, 42.6250483 ], [ -2.6619299, 42.6250663 ], [ -2.6619162, 42.6250753 ], [ -2.6618748, 42.6251066 ], [ -2.6618167, 42.6251515 ], [ -2.6617868, 42.6251739 ], [ -2.6617799, 42.6251829 ], [ -2.6617417, 42.6252098 ], [ -2.6617332, 42.6252188 ], [ -2.6617011, 42.6252412 ], [ -2.6616766, 42.6252592 ], [ -2.661633, 42.6252951 ], [ -2.6615763, 42.6253354 ], [ -2.6615587, 42.6253534 ], [ -2.6615265, 42.6253893 ], [ -2.661515, 42.6254028 ], [ -2.6614575, 42.6254612 ], [ -2.6614238, 42.6254971 ], [ -2.6614169, 42.625506 ], [ -2.6613264, 42.6256003 ], [ -2.6612896, 42.6256408 ], [ -2.6612045, 42.6257306 ], [ -2.661193, 42.6257395 ], [ -2.6611754, 42.625762 ], [ -2.6611654, 42.625771 ], [ -2.6611593, 42.62578 ], [ -2.6609308, 42.6260315 ], [ -2.6608863, 42.6260808 ], [ -2.6607966, 42.6261797 ], [ -2.6607675, 42.6262111 ], [ -2.6607583, 42.6262246 ], [ -2.6607329, 42.6262515 ], [ -2.6606663, 42.6263278 ], [ -2.6606364, 42.6263367 ], [ -2.6606143, 42.6263457 ], [ -2.6604699, 42.6264038 ], [ -2.6604523, 42.6264128 ], [ -2.6604065, 42.6264306 ], [ -2.6603905, 42.6264396 ], [ -2.6603439, 42.6264575 ], [ -2.6603118, 42.6264709 ], [ -2.6602507, 42.6264977 ], [ -2.6600235, 42.6266501 ], [ -2.6599783, 42.6266815 ], [ -2.6596677, 42.6268922 ], [ -2.6596532, 42.6269057 ], [ -2.6596272, 42.6269237 ], [ -2.6596057, 42.6269371 ], [ -2.6595904, 42.6269461 ], [ -2.6593908, 42.627085 ], [ -2.6593364, 42.6271209 ], [ -2.6592852, 42.6271568 ], [ -2.6592278, 42.6271926 ], [ -2.6591849, 42.627224 ], [ -2.6591651, 42.627233 ], [ -2.6589779, 42.627318 ], [ -2.6588885, 42.6273582 ], [ -2.6588702, 42.6273672 ], [ -2.6587693, 42.6274119 ], [ -2.658757, 42.6274209 ], [ -2.6586325, 42.6274745 ], [ -2.6586195, 42.6274835 ], [ -2.6586073, 42.627488 ], [ -2.6585599, 42.6275104 ], [ -2.6585354, 42.6275283 ], [ -2.6583579, 42.6276493 ], [ -2.6583044, 42.6276852 ], [ -2.6582332, 42.6277345 ], [ -2.6581728, 42.6277793 ], [ -2.6581598, 42.6277838 ], [ -2.6581491, 42.6277928 ], [ -2.6581383, 42.6278018 ], [ -2.6581268, 42.6278108 ], [ -2.6580863, 42.6278376 ], [ -2.6580748, 42.6278466 ], [ -2.6580641, 42.6278511 ], [ -2.6580465, 42.6278645 ], [ -2.658006, 42.6278914 ], [ -2.6579784, 42.6279094 ], [ -2.6579532, 42.6279273 ], [ -2.6579371, 42.6279363 ], [ -2.6578698, 42.6279766 ], [ -2.6578285, 42.6280035 ], [ -2.6578125, 42.6280124 ], [ -2.6577696, 42.6280393 ], [ -2.6577207, 42.6280707 ], [ -2.6576626, 42.6281065 ], [ -2.6576534, 42.6281155 ], [ -2.657606, 42.6281424 ], [ -2.6575562, 42.6281738 ], [ -2.6575019, 42.6282096 ], [ -2.6573849, 42.6282813 ], [ -2.6573192, 42.6283217 ], [ -2.6572037, 42.6283934 ], [ -2.6571486, 42.6284292 ], [ -2.6571317, 42.6284382 ], [ -2.6570866, 42.6284696 ], [ -2.6570438, 42.6284919 ], [ -2.6569887, 42.6285278 ], [ -2.6569268, 42.6285681 ], [ -2.6568732, 42.6285995 ], [ -2.6568296, 42.6286264 ], [ -2.6567922, 42.6286488 ], [ -2.656721, 42.6286936 ], [ -2.656705, 42.6287071 ], [ -2.656656, 42.6287384 ], [ -2.6566193, 42.6287608 ], [ -2.6566002, 42.6287698 ], [ -2.656497, 42.628837 ], [ -2.6564717, 42.6288504 ], [ -2.6564289, 42.6288773 ], [ -2.6563937, 42.6289043 ], [ -2.6563523, 42.6289311 ], [ -2.6562996, 42.6289625 ], [ -2.6562567, 42.6289939 ], [ -2.6562452, 42.6289984 ], [ -2.6561627, 42.6290521 ], [ -2.656103, 42.6290925 ], [ -2.6560785, 42.6291059 ], [ -2.6559935, 42.6291642 ], [ -2.6559637, 42.6291821 ], [ -2.655774, 42.6293076 ], [ -2.6557465, 42.6293256 ], [ -2.6556126, 42.6294107 ], [ -2.6555514, 42.6294511 ], [ -2.6555346, 42.6294645 ], [ -2.6555055, 42.6294825 ], [ -2.6554657, 42.6295093 ], [ -2.6554451, 42.6295228 ], [ -2.6553441, 42.6295855 ], [ -2.655273, 42.6296348 ], [ -2.6552469, 42.6296528 ], [ -2.6551895, 42.6296886 ], [ -2.6551315, 42.6297245 ], [ -2.6550771, 42.6297603 ], [ -2.6550672, 42.6297693 ], [ -2.6550144, 42.6298007 ], [ -2.6549379, 42.62985 ], [ -2.6549279, 42.629859 ], [ -2.6548851, 42.6298858 ], [ -2.654869, 42.6298948 ], [ -2.6548522, 42.6299082 ], [ -2.6548025, 42.6299396 ], [ -2.6547543, 42.629971 ], [ -2.6547046, 42.6300024 ], [ -2.6546579, 42.6300337 ], [ -2.6546304, 42.6300517 ], [ -2.654612, 42.6300606 ], [ -2.6545547, 42.6300965 ], [ -2.6545286, 42.6301144 ], [ -2.6544888, 42.6301413 ], [ -2.654345, 42.6302354 ], [ -2.6542456, 42.6302982 ], [ -2.6542219, 42.6303161 ], [ -2.654189, 42.6303385 ], [ -2.6541752, 42.6303475 ], [ -2.6541078, 42.6303968 ], [ -2.6540956, 42.6304058 ], [ -2.6540068, 42.6304685 ], [ -2.6539693, 42.6304955 ], [ -2.6539556, 42.6305044 ], [ -2.653879, 42.6305582 ], [ -2.6538063, 42.6306075 ], [ -2.653788, 42.630621 ], [ -2.6537773, 42.63063 ], [ -2.6537298, 42.6306658 ], [ -2.653703, 42.6306838 ], [ -2.6536717, 42.6307062 ], [ -2.6536395, 42.6307286 ], [ -2.6535645, 42.6307824 ], [ -2.6535362, 42.6308003 ], [ -2.6535217, 42.6308138 ], [ -2.653439, 42.6308721 ], [ -2.6534237, 42.6308811 ], [ -2.6533915, 42.6309035 ], [ -2.6533602, 42.6309259 ], [ -2.6532875, 42.6309797 ], [ -2.6532614, 42.6309977 ], [ -2.6532148, 42.631029 ], [ -2.6531513, 42.6310739 ], [ -2.6531352, 42.6310873 ], [ -2.6530617, 42.6311366 ], [ -2.6530403, 42.6311546 ], [ -2.6530082, 42.631177 ], [ -2.6529684, 42.6312039 ], [ -2.6528765, 42.6312711 ], [ -2.6528635, 42.6312801 ], [ -2.6528314, 42.6313025 ], [ -2.6528168, 42.6313115 ], [ -2.6527762, 42.6313429 ], [ -2.6527349, 42.6313698 ], [ -2.6527204, 42.6313742 ], [ -2.6526456, 42.631392 ], [ -2.6525342, 42.6314187 ], [ -2.6524792, 42.6314365 ], [ -2.6524105, 42.6314499 ], [ -2.6523915, 42.6314543 ], [ -2.6523159, 42.6314766 ], [ -2.652193, 42.6315032 ], [ -2.6521823, 42.6315077 ], [ -2.6521648, 42.6315121 ], [ -2.6520861, 42.6315299 ], [ -2.6520258, 42.6315477 ], [ -2.6520052, 42.6315522 ], [ -2.6519892, 42.6315566 ], [ -2.6518655, 42.6315878 ], [ -2.6517495, 42.6316144 ], [ -2.6516495, 42.6316411 ], [ -2.6516289, 42.6316456 ], [ -2.6516106, 42.63165 ], [ -2.6515656, 42.6316589 ], [ -2.6515526, 42.6316634 ], [ -2.6515282, 42.6316678 ], [ -2.6514869, 42.6316812 ], [ -2.6514419, 42.63169 ], [ -2.6512976, 42.6317256 ], [ -2.6512854, 42.6317301 ], [ -2.651264, 42.6317345 ], [ -2.6512213, 42.6317479 ], [ -2.6509671, 42.6318102 ], [ -2.6508634, 42.6318234 ], [ -2.6508489, 42.6318278 ], [ -2.6508298, 42.6318278 ], [ -2.6508069, 42.6318322 ], [ -2.6507924, 42.6318366 ], [ -2.6507413, 42.631841 ], [ -2.6504979, 42.6318808 ], [ -2.6503407, 42.6319028 ], [ -2.6502485, 42.631916 ], [ -2.6501234, 42.6319337 ], [ -2.6500585, 42.631947 ], [ -2.6500448, 42.631947 ], [ -2.649967, 42.6319602 ], [ -2.6499113, 42.631969 ], [ -2.6498762, 42.6319734 ], [ -2.6497983, 42.6319822 ], [ -2.6497182, 42.6319955 ], [ -2.649677, 42.6320043 ], [ -2.6496587, 42.6320088 ], [ -2.6496252, 42.6320177 ], [ -2.6496106, 42.6320222 ], [ -2.6495671, 42.632031 ], [ -2.6495427, 42.63204 ], [ -2.6494946, 42.6320533 ], [ -2.6494663, 42.6320622 ], [ -2.6494396, 42.6320666 ], [ -2.649393, 42.63208 ], [ -2.6492678, 42.6321156 ], [ -2.649245, 42.6321201 ], [ -2.6492213, 42.632129 ], [ -2.6491472, 42.6321468 ], [ -2.6490945, 42.6321647 ], [ -2.6490434, 42.632178 ], [ -2.6490235, 42.6321824 ], [ -2.6489678, 42.6321958 ], [ -2.6489304, 42.6322092 ], [ -2.6488311, 42.6322359 ], [ -2.648738, 42.6322626 ], [ -2.6486968, 42.6322715 ], [ -2.6486853, 42.632276 ], [ -2.6486136, 42.6322938 ], [ -2.648538, 42.6323025 ], [ -2.6485198, 42.6323025 ], [ -2.6484854, 42.6323069 ], [ -2.6484435, 42.6323067 ], [ -2.6483787, 42.632311 ], [ -2.648368, 42.6323155 ], [ -2.6483329, 42.6323154 ], [ -2.648278, 42.6323197 ], [ -2.6481285, 42.6323328 ], [ -2.6481164, 42.6323328 ], [ -2.6480584, 42.6323371 ], [ -2.6479768, 42.6323413 ], [ -2.6479562, 42.6323458 ], [ -2.647854, 42.63235 ], [ -2.647793, 42.6323543 ], [ -2.6477373, 42.6323631 ], [ -2.6477311, 42.6323856 ], [ -2.647731, 42.6323991 ], [ -2.6477309, 42.6324216 ], [ -2.64773, 42.6324441 ], [ -2.6477299, 42.6324667 ], [ -2.6477297, 42.6324937 ], [ -2.6477357, 42.6325117 ], [ -2.647741, 42.6325297 ], [ -2.6477485, 42.6325478 ], [ -2.6477605, 42.6325838 ], [ -2.6477642, 42.6325974 ], [ -2.6477665, 42.6326063 ], [ -2.6477702, 42.6326154 ], [ -2.6477966, 42.632665 ], [ -2.6478434, 42.6327507 ], [ -2.64786, 42.6327823 ], [ -2.6478818, 42.6328228 ], [ -2.6478872, 42.6328319 ], [ -2.647909, 42.6328725 ], [ -2.6479188, 42.6328905 ], [ -2.6479199, 42.632958 ], [ -2.6479199, 42.6329671 ], [ -2.6479198, 42.6329761 ], [ -2.6479242, 42.6330256 ], [ -2.6479256, 42.6330436 ], [ -2.6479285, 42.6330752 ], [ -2.6479299, 42.6330842 ], [ -2.6479442, 42.6331247 ], [ -2.6479569, 42.6331563 ], [ -2.6479727, 42.6332014 ], [ -2.6479893, 42.633242 ], [ -2.647996, 42.6332555 ], [ -2.6480118, 42.6332916 ], [ -2.6480201, 42.6333096 ], [ -2.6480405, 42.6333457 ], [ -2.6480571, 42.6333683 ], [ -2.6480806, 42.6333953 ], [ -2.6480935, 42.6334089 ], [ -2.6481185, 42.633436 ], [ -2.648142, 42.6334631 ], [ -2.6481655, 42.6334857 ], [ -2.6481958, 42.6335127 ], [ -2.6482515, 42.63363 ], [ -2.6482451, 42.633693 ], [ -2.6482052, 42.633747 ], [ -2.6480705, 42.6338276 ], [ -2.648043, 42.633841 ], [ -2.6480262, 42.6338545 ], [ -2.6479826, 42.6338814 ], [ -2.6479329, 42.6339172 ], [ -2.6478668, 42.633989 ], [ -2.6477984, 42.6340924 ], [ -2.6477792, 42.6341329 ], [ -2.6477745, 42.6341419 ], [ -2.6477514, 42.6341913 ], [ -2.6477483, 42.6342003 ], [ -2.647729, 42.6342408 ], [ -2.6477089, 42.6342858 ], [ -2.6477051, 42.6342948 ], [ -2.6476989, 42.6343082 ], [ -2.6476495, 42.6344161 ], [ -2.6475905, 42.63447 ], [ -2.6475699, 42.6344835 ], [ -2.6475186, 42.6345148 ], [ -2.6475018, 42.6345283 ], [ -2.6474574, 42.6345551 ], [ -2.6474206, 42.6345776 ], [ -2.6473533, 42.6346224 ], [ -2.647338, 42.6346359 ], [ -2.6472966, 42.6346717 ], [ -2.6472752, 42.6346942 ], [ -2.647252, 42.6347346 ], [ -2.6472382, 42.6347616 ], [ -2.6472491, 42.6348427 ], [ -2.6472695, 42.6348878 ], [ -2.6472785, 42.6349058 ], [ -2.6472891, 42.6349284 ], [ -2.6473209, 42.6349645 ], [ -2.647333, 42.6349781 ], [ -2.647358, 42.6350096 ], [ -2.6473739, 42.6350277 ], [ -2.6474087, 42.6350638 ], [ -2.6474232, 42.6350774 ], [ -2.6474452, 42.635091 ], [ -2.6475157, 42.6351497 ], [ -2.6475392, 42.6351678 ], [ -2.6475841, 42.635204 ], [ -2.6476083, 42.6352221 ], [ -2.6476326, 42.6352401 ], [ -2.6476455, 42.6352492 ], [ -2.6476691, 42.6352673 ], [ -2.6476949, 42.6352854 ], [ -2.6477481, 42.635317 ], [ -2.6477708, 42.6353306 ], [ -2.6478164, 42.6353578 ], [ -2.6478696, 42.635385 ], [ -2.647878, 42.635394 ], [ -2.6478985, 42.6353986 ], [ -2.6480149, 42.635435 ], [ -2.6480333, 42.6354395 ], [ -2.6480736, 42.6354396 ], [ -2.6481148, 42.6354353 ], [ -2.6481758, 42.6354354 ], [ -2.6482269, 42.6354266 ], [ -2.6482636, 42.6354222 ], [ -2.6482964, 42.6354178 ], [ -2.648352, 42.635409 ], [ -2.6483879, 42.6354046 ], [ -2.6484054, 42.6354047 ], [ -2.6484382, 42.6354048 ], [ -2.6485183, 42.6354005 ], [ -2.6485762, 42.6354097 ], [ -2.6485998, 42.6354142 ], [ -2.6486424, 42.6354189 ], [ -2.6486607, 42.6354279 ], [ -2.6487419, 42.6354777 ], [ -2.648751, 42.6354868 ], [ -2.6488246, 42.6355635 ], [ -2.6488337, 42.6355725 ], [ -2.64887, 42.6356132 ], [ -2.6488958, 42.6356403 ], [ -2.6489064, 42.6356538 ], [ -2.6489231, 42.6356584 ], [ -2.64907, 42.6357084 ], [ -2.6490898, 42.6357129 ], [ -2.6491392, 42.6357356 ], [ -2.6492015, 42.6357673 ], [ -2.6492144, 42.6357719 ], [ -2.6492585, 42.6357945 ], [ -2.6493056, 42.6358217 ], [ -2.6493284, 42.6358352 ], [ -2.6493558, 42.6358488 ], [ -2.6493725, 42.6358669 ], [ -2.6493914, 42.635885 ], [ -2.6494202, 42.6359121 ], [ -2.6494262, 42.6359481 ], [ -2.6494313, 42.6359797 ], [ -2.6494342, 42.6359977 ], [ -2.6494331, 42.6360697 ], [ -2.6494329, 42.6360922 ], [ -2.6494336, 42.6361012 ], [ -2.6494484, 42.6362004 ], [ -2.64948, 42.6362635 ], [ -2.6494861, 42.636277 ], [ -2.6494906, 42.636286 ], [ -2.6495011, 42.6363041 ], [ -2.6495459, 42.6363447 ], [ -2.6495633, 42.6363583 ], [ -2.6495793, 42.6363674 ], [ -2.6496051, 42.6363855 ], [ -2.6496127, 42.6363945 ], [ -2.6496545, 42.6364171 ], [ -2.6496765, 42.6364262 ], [ -2.6496895, 42.6364308 ], [ -2.6497351, 42.6364489 ], [ -2.6497663, 42.6364625 ], [ -2.6498006, 42.6364671 ], [ -2.6498523, 42.6364762 ], [ -2.6498813, 42.6364809 ], [ -2.6499057, 42.6364854 ], [ -2.6499453, 42.6364901 ], [ -2.6499948, 42.6364947 ], [ -2.6500695, 42.6364995 ], [ -2.650087, 42.6364995 ], [ -2.6501191, 42.6364951 ], [ -2.6502075, 42.6364864 ], [ -2.6502373, 42.6364864 ], [ -2.650267, 42.6364775 ], [ -2.6503426, 42.6364643 ], [ -2.6503586, 42.6364598 ], [ -2.6503808, 42.6364554 ], [ -2.6504509, 42.6364421 ], [ -2.6504731, 42.6364377 ], [ -2.6505006, 42.6364287 ], [ -2.6505898, 42.636411 ], [ -2.6506059, 42.6364065 ], [ -2.650654, 42.6363932 ], [ -2.6506945, 42.6363843 ], [ -2.6507227, 42.6363799 ], [ -2.6507563, 42.6363755 ], [ -2.6507944, 42.6363666 ], [ -2.6508303, 42.6363622 ], [ -2.6508654, 42.6363578 ], [ -2.6509028, 42.6363534 ], [ -2.6509271, 42.6363535 ], [ -2.6509821, 42.6363491 ], [ -2.651037, 42.6363448 ], [ -2.651114, 42.6363405 ], [ -2.651156, 42.6363362 ], [ -2.6512124, 42.6363273 ], [ -2.6513032, 42.6363096 ], [ -2.6513413, 42.6363052 ], [ -2.6514108, 42.6362874 ], [ -2.6515017, 42.6362652 ], [ -2.6515307, 42.6362563 ], [ -2.651549, 42.6362518 ], [ -2.6516132, 42.6362295 ], [ -2.651633, 42.6362206 ], [ -2.651662, 42.6362116 ], [ -2.651688, 42.6362027 ], [ -2.651714, 42.6361938 ], [ -2.6518111, 42.6361446 ], [ -2.6518332, 42.6361356 ], [ -2.6518577, 42.6361222 ], [ -2.6518921, 42.6361043 ], [ -2.6519759, 42.6361135 ], [ -2.651998, 42.6361136 ], [ -2.652046, 42.6361183 ], [ -2.6520857, 42.6361184 ], [ -2.6521405, 42.6361231 ], [ -2.6525619, 42.6361558 ], [ -2.6526541, 42.6361651 ], [ -2.6526952, 42.6361652 ], [ -2.652824, 42.6361746 ], [ -2.6528468, 42.6361792 ], [ -2.6528705, 42.6361793 ], [ -2.6529139, 42.636184 ], [ -2.6529268, 42.636184 ], [ -2.6529497, 42.6361841 ], [ -2.6531265, 42.6361981 ], [ -2.6532454, 42.6362074 ], [ -2.6532888, 42.6362121 ], [ -2.6533376, 42.6362167 ], [ -2.6534641, 42.6362261 ], [ -2.6535174, 42.6362308 ], [ -2.6536279, 42.6362356 ], [ -2.6537506, 42.636245 ], [ -2.6537963, 42.6362497 ], [ -2.6538389, 42.6362543 ], [ -2.6538511, 42.6362543 ], [ -2.6539259, 42.6362591 ], [ -2.6539426, 42.6362636 ], [ -2.6539715, 42.6362637 ], [ -2.6540119, 42.6362683 ], [ -2.6540333, 42.6362684 ], [ -2.6540904, 42.6362731 ], [ -2.6541529, 42.6362778 ], [ -2.6542848, 42.6362871 ], [ -2.6544394, 42.6363011 ], [ -2.6545911, 42.6363106 ], [ -2.6547107, 42.63632 ], [ -2.6547389, 42.6363246 ], [ -2.65478, 42.6363247 ], [ -2.6548257, 42.6363293 ], [ -2.6548562, 42.6363294 ], [ -2.6549089, 42.6363251 ], [ -2.6549287, 42.6363207 ], [ -2.6549516, 42.6363162 ], [ -2.655008, 42.6363119 ], [ -2.6550386, 42.6363074 ], [ -2.6552369, 42.6362765 ], [ -2.655256, 42.6362766 ], [ -2.6552796, 42.6362722 ], [ -2.6553033, 42.6362677 ], [ -2.6553453, 42.6362633 ], [ -2.655449, 42.6362456 ], [ -2.6554994, 42.6362413 ], [ -2.655552, 42.6362325 ], [ -2.6556031, 42.6362236 ], [ -2.6557962, 42.6361972 ], [ -2.6558642, 42.6360173 ], [ -2.655985, 42.6362383 ], [ -2.6559902, 42.6362473 ], [ -2.6559971, 42.6362563 ], [ -2.6560091, 42.6362789 ], [ -2.6560219, 42.6363059 ], [ -2.6561442, 42.6365269 ], [ -2.6561503, 42.636536 ], [ -2.6561548, 42.636545 ], [ -2.6562053, 42.6366397 ], [ -2.6562106, 42.6366487 ], [ -2.6562582, 42.6367344 ], [ -2.6562967, 42.6368066 ], [ -2.6563027, 42.6368156 ], [ -2.6563178, 42.6368427 ], [ -2.6563419, 42.6368877 ], [ -2.656348, 42.6368968 ], [ -2.6563918, 42.636978 ], [ -2.6564408, 42.6370682 ], [ -2.6564544, 42.6370907 ], [ -2.656471, 42.6371223 ], [ -2.6564793, 42.6371358 ], [ -2.6564869, 42.6371494 ], [ -2.6564974, 42.6371719 ], [ -2.6565186, 42.637208 ], [ -2.6565231, 42.637217 ], [ -2.6565314, 42.6372306 ], [ -2.6566038, 42.6373659 ], [ -2.6566567, 42.6374606 ], [ -2.6566695, 42.6374831 ], [ -2.6567254, 42.6375869 ], [ -2.6567654, 42.637659 ], [ -2.6567887, 42.6376996 ], [ -2.6568069, 42.6377357 ], [ -2.6568204, 42.6377583 ], [ -2.6568446, 42.6378034 ], [ -2.6568597, 42.6378304 ], [ -2.6568816, 42.637871 ], [ -2.6569012, 42.6379071 ], [ -2.6569073, 42.6379161 ], [ -2.6569321, 42.6379612 ], [ -2.6569397, 42.6379748 ], [ -2.6569638, 42.6380199 ], [ -2.6570039, 42.638092 ], [ -2.6570333, 42.6381462 ], [ -2.6570476, 42.6381732 ], [ -2.6570914, 42.6382544 ], [ -2.6571133, 42.638295 ], [ -2.6571276, 42.6383176 ], [ -2.6571344, 42.6383311 ], [ -2.6571729, 42.6384032 ], [ -2.6571797, 42.6384123 ], [ -2.6572265, 42.638498 ], [ -2.6572325, 42.6385115 ], [ -2.6572484, 42.6385386 ], [ -2.6572529, 42.6385476 ], [ -2.6572725, 42.6385837 ], [ -2.6572876, 42.6386107 ], [ -2.6573104, 42.6386288 ], [ -2.6573643, 42.638665 ], [ -2.6574046, 42.6386921 ], [ -2.6574471, 42.6387238 ], [ -2.6575231, 42.638778 ], [ -2.6575588, 42.6388007 ], [ -2.657599, 42.6388323 ], [ -2.6576506, 42.6388685 ], [ -2.6576628, 42.6388775 ], [ -2.6577668, 42.6389499 ], [ -2.6577873, 42.6389635 ], [ -2.6578405, 42.6389996 ], [ -2.6578549, 42.6390132 ], [ -2.657946, 42.6390765 ], [ -2.6579855, 42.6391036 ], [ -2.6580083, 42.6391217 ], [ -2.6580341, 42.6391398 ], [ -2.6581101, 42.6391941 ], [ -2.6581313, 42.6392076 ], [ -2.6581587, 42.6392257 ], [ -2.6581822, 42.6392438 ], [ -2.6581997, 42.6392574 ], [ -2.6582217, 42.6392709 ], [ -2.658246, 42.639289 ], [ -2.6582779, 42.6393116 ], [ -2.6583022, 42.6393297 ], [ -2.6583303, 42.6393523 ], [ -2.658353, 42.6393704 ], [ -2.6583819, 42.6393885 ], [ -2.6584237, 42.6394202 ], [ -2.6584419, 42.6394337 ], [ -2.6584563, 42.6394473 ], [ -2.6584783, 42.6394608 ], [ -2.6585019, 42.6394789 ], [ -2.6585125, 42.639488 ], [ -2.6586507, 42.6395874 ], [ -2.6586681, 42.639601 ], [ -2.6586818, 42.6396146 ], [ -2.6587205, 42.6396417 ], [ -2.6587524, 42.6396643 ], [ -2.6587737, 42.6396779 ], [ -2.6587965, 42.6396959 ], [ -2.6588246, 42.639714 ], [ -2.6588436, 42.6397276 ], [ -2.6588807, 42.6397547 ], [ -2.6588921, 42.6397638 ], [ -2.6589422, 42.6398 ], [ -2.6589726, 42.6398226 ], [ -2.6589992, 42.6398406 ], [ -2.6590395, 42.6398678 ], [ -2.6590478, 42.6398768 ], [ -2.6590964, 42.6399085 ], [ -2.6591123, 42.6399221 ], [ -2.6591237, 42.6399311 ], [ -2.6591724, 42.6399672 ], [ -2.6592422, 42.640017 ], [ -2.6592612, 42.6400305 ], [ -2.6592719, 42.6400396 ], [ -2.6593006, 42.6400622 ], [ -2.6593189, 42.6400757 ], [ -2.6593637, 42.6401074 ], [ -2.659407, 42.6401391 ], [ -2.6594366, 42.6401616 ], [ -2.6594738, 42.6401888 ], [ -2.6594905, 42.6402023 ], [ -2.6595261, 42.6402295 ], [ -2.6595967, 42.6402837 ], [ -2.6596226, 42.6403018 ], [ -2.6596469, 42.6403199 ], [ -2.6596537, 42.6403289 ], [ -2.6597046, 42.6403651 ], [ -2.6597425, 42.6403967 ], [ -2.6597721, 42.6404193 ], [ -2.6597828, 42.6404283 ], [ -2.6598002, 42.6404419 ], [ -2.6598944, 42.6405142 ], [ -2.65993, 42.6405413 ], [ -2.6600006, 42.6405956 ], [ -2.6600082, 42.6406046 ], [ -2.6600439, 42.6406318 ], [ -2.6600659, 42.6406499 ], [ -2.6600291, 42.6406812 ], [ -2.6600038, 42.6407082 ], [ -2.6599885, 42.6407217 ], [ -2.6599716, 42.6407351 ], [ -2.6599525, 42.6407576 ], [ -2.6599356, 42.640771 ], [ -2.6599203, 42.6407845 ], [ -2.6599004, 42.6408069 ], [ -2.6598437, 42.6408563 ], [ -2.6597977, 42.6409012 ], [ -2.6597908, 42.6409102 ], [ -2.659718, 42.6409775 ], [ -2.6596437, 42.6410493 ], [ -2.6596306, 42.6410583 ], [ -2.6595877, 42.6410987 ], [ -2.6595325, 42.6411526 ], [ -2.6595004, 42.641184 ], [ -2.6594659, 42.6412154 ], [ -2.6594191, 42.6412603 ], [ -2.6594099, 42.6412693 ], [ -2.6593678, 42.6413097 ], [ -2.6593586, 42.6413186 ], [ -2.6593333, 42.6413411 ], [ -2.6592958, 42.641377 ], [ -2.6592797, 42.6413905 ], [ -2.6592743, 42.6413995 ], [ -2.6592444, 42.6414264 ], [ -2.6591762, 42.6414892 ], [ -2.6591532, 42.6415117 ], [ -2.6590628, 42.641597 ], [ -2.6590482, 42.6416104 ], [ -2.6590137, 42.6416418 ], [ -2.659006, 42.6416509 ], [ -2.6589455, 42.6417092 ], [ -2.6588965, 42.6417541 ], [ -2.6588674, 42.641781 ], [ -2.6588536, 42.6417945 ], [ -2.6588115, 42.6418349 ], [ -2.6587562, 42.6418887 ], [ -2.6587485, 42.6418977 ], [ -2.6587309, 42.6419112 ], [ -2.6587118, 42.6419291 ], [ -2.6586803, 42.6419605 ], [ -2.6586344, 42.6420054 ], [ -2.6586229, 42.6420144 ], [ -2.658606, 42.6420369 ], [ -2.6585676, 42.6420818 ], [ -2.6585346, 42.6421222 ], [ -2.6585032, 42.6421627 ], [ -2.6584847, 42.6421851 ], [ -2.6584686, 42.6422076 ], [ -2.6584594, 42.6422165 ], [ -2.6584225, 42.6422615 ], [ -2.6584041, 42.6422839 ], [ -2.6583542, 42.6423469 ], [ -2.6583473, 42.6423558 ], [ -2.6583412, 42.6423648 ], [ -2.6582997, 42.6424142 ], [ -2.6582629, 42.6424591 ], [ -2.6582091, 42.6425265 ], [ -2.6581999, 42.6425355 ], [ -2.6581823, 42.642558 ], [ -2.6581408, 42.6426119 ], [ -2.6581163, 42.6426388 ], [ -2.6580871, 42.6426748 ], [ -2.6580672, 42.6427017 ], [ -2.6580272, 42.6427511 ], [ -2.6580127, 42.6427691 ], [ -2.6579481, 42.6428499 ], [ -2.6579412, 42.6428589 ], [ -2.6579144, 42.6428903 ], [ -2.6579067, 42.6428993 ], [ -2.6578821, 42.6429308 ], [ -2.6578668, 42.6429488 ], [ -2.6577839, 42.6430521 ], [ -2.6577639, 42.6430745 ], [ -2.6577594, 42.6430835 ], [ -2.6577248, 42.643124 ], [ -2.6577156, 42.6431374 ], [ -2.6576895, 42.6431688 ], [ -2.6576642, 42.6432003 ], [ -2.6576426, 42.6432273 ], [ -2.657622, 42.6432497 ], [ -2.6576074, 42.6432677 ], [ -2.6575866, 42.6432946 ], [ -2.6575306, 42.6433665 ], [ -2.6575068, 42.6433935 ], [ -2.6574078, 42.6435148 ], [ -2.6574009, 42.6435237 ], [ -2.6573702, 42.6435596 ], [ -2.6573326, 42.6436001 ], [ -2.6572643, 42.6436764 ], [ -2.6572382, 42.6437079 ], [ -2.657173, 42.6437797 ], [ -2.6571531, 42.6438022 ], [ -2.6571354, 42.6438201 ], [ -2.6571209, 42.6438381 ], [ -2.6571132, 42.6438471 ], [ -2.6570902, 42.6438695 ], [ -2.6570725, 42.643892 ], [ -2.6570419, 42.6439234 ], [ -2.6570357, 42.6439324 ], [ -2.6570234, 42.6439459 ], [ -2.6570027, 42.6439683 ], [ -2.6569491, 42.6440267 ], [ -2.6568884, 42.6440941 ], [ -2.6568785, 42.6441075 ], [ -2.6568623, 42.6441255 ], [ -2.6568539, 42.6441345 ], [ -2.6568117, 42.6441839 ], [ -2.6567849, 42.6442108 ], [ -2.6567174, 42.6442872 ], [ -2.656696, 42.6442916 ], [ -2.6565968, 42.6443093 ], [ -2.6565777, 42.6443138 ], [ -2.6564273, 42.6443448 ], [ -2.6563701, 42.6443537 ], [ -2.656322, 42.6443625 ], [ -2.656293, 42.6443714 ], [ -2.6562663, 42.6443759 ], [ -2.6561273, 42.6444025 ], [ -2.6560602, 42.6444158 ], [ -2.6560076, 42.6444246 ], [ -2.6559854, 42.6444291 ], [ -2.6558984, 42.6444468 ], [ -2.6558847, 42.6444513 ], [ -2.6558404, 42.6444602 ], [ -2.6558167, 42.6444646 ], [ -2.6557732, 42.6444735 ], [ -2.6557534, 42.6444734 ], [ -2.6555237, 42.6445222 ], [ -2.6554809, 42.6445266 ], [ -2.6554473, 42.6445355 ], [ -2.6553947, 42.6445444 ], [ -2.6552947, 42.6445666 ], [ -2.6552649, 42.644571 ], [ -2.6552375, 42.6445754 ], [ -2.6552252, 42.6445799 ], [ -2.6551008, 42.644602 ], [ -2.6550748, 42.6446064 ], [ -2.6550527, 42.6446108 ], [ -2.6550344, 42.6446153 ], [ -2.6549947, 42.6446242 ], [ -2.6548245, 42.6446552 ], [ -2.6547848, 42.6446641 ], [ -2.6547497, 42.644673 ], [ -2.6546795, 42.6446863 ], [ -2.6546681, 42.6446907 ], [ -2.6546405, 42.6446997 ], [ -2.6545969, 42.6447221 ], [ -2.6545542, 42.6447399 ], [ -2.6544953, 42.6447622 ], [ -2.6543386, 42.6448339 ], [ -2.6543089, 42.6448428 ], [ -2.654276, 42.6448607 ], [ -2.6542622, 42.6448651 ], [ -2.6542332, 42.6448785 ], [ -2.6541904, 42.6448965 ], [ -2.6541652, 42.6449054 ], [ -2.6541262, 42.6449233 ], [ -2.6540735, 42.6449456 ], [ -2.6540528, 42.6449545 ], [ -2.6539925, 42.6449814 ], [ -2.6539505, 42.6449993 ], [ -2.6539161, 42.6450127 ], [ -2.6538671, 42.6450351 ], [ -2.6538236, 42.6450529 ], [ -2.6538021, 42.6450619 ], [ -2.6537808, 42.6450708 ], [ -2.6537441, 42.6450887 ], [ -2.6537273, 42.6450932 ], [ -2.6537089, 42.6451021 ], [ -2.65367, 42.64512 ], [ -2.6536271, 42.6451379 ], [ -2.6535821, 42.6451558 ], [ -2.6534904, 42.645196 ], [ -2.6534697, 42.6452049 ], [ -2.6534215, 42.6452273 ], [ -2.653391, 42.6452407 ], [ -2.6533612, 42.6452541 ], [ -2.6533245, 42.6452675 ], [ -2.6532978, 42.645281 ], [ -2.653284, 42.6452855 ], [ -2.6529852, 42.6454151 ], [ -2.6529515, 42.6454285 ], [ -2.6528935, 42.6454554 ], [ -2.6528644, 42.6454688 ], [ -2.6528193, 42.6454867 ], [ -2.6528017, 42.6454956 ], [ -2.6527628, 42.645509 ], [ -2.6527513, 42.6455135 ], [ -2.6527307, 42.6455224 ], [ -2.6527162, 42.6455314 ], [ -2.6527001, 42.6455403 ], [ -2.6524432, 42.6456656 ], [ -2.6523912, 42.6456925 ], [ -2.6523645, 42.6457059 ], [ -2.6522926, 42.6457417 ], [ -2.6522704, 42.6457507 ], [ -2.6522475, 42.6457641 ], [ -2.6522085, 42.645782 ], [ -2.6521412, 42.6458178 ], [ -2.6521267, 42.6458223 ], [ -2.6521106, 42.6458312 ], [ -2.6520571, 42.6458581 ], [ -2.6520273, 42.6458715 ], [ -2.6520013, 42.6458849 ], [ -2.6519768, 42.6458983 ], [ -2.6519615, 42.6459073 ], [ -2.6519333, 42.6459208 ], [ -2.651921, 42.6459252 ], [ -2.6519035, 42.6459297 ], [ -2.6518653, 42.6459475 ], [ -2.6515926, 42.6460278 ], [ -2.651533, 42.6460456 ], [ -2.6512787, 42.6461214 ], [ -2.6512169, 42.6461392 ], [ -2.6511283, 42.6461659 ], [ -2.6508617, 42.6462462 ], [ -2.6507869, 42.646264 ], [ -2.6507449, 42.6462773 ], [ -2.650722, 42.6462863 ], [ -2.650612, 42.6463175 ], [ -2.6505967, 42.6463219 ], [ -2.6505486, 42.6463353 ], [ -2.6502027, 42.6462892 ], [ -2.650157, 42.6462845 ], [ -2.6501464, 42.64628 ], [ -2.6501281, 42.6462799 ], [ -2.6498196, 42.6462385 ], [ -2.6497007, 42.6462201 ], [ -2.6496565, 42.6462155 ], [ -2.6495803, 42.6462062 ], [ -2.6492451, 42.6461601 ], [ -2.6491895, 42.6461555 ], [ -2.6490805, 42.6461371 ], [ -2.6490676, 42.6461371 ], [ -2.6489815, 42.6461278 ], [ -2.6488802, 42.646114 ], [ -2.6482463, 42.6460265 ], [ -2.6481602, 42.6460172 ], [ -2.6481198, 42.6460081 ], [ -2.6480665, 42.6460034 ], [ -2.6480246, 42.6459988 ], [ -2.6479568, 42.6459896 ], [ -2.6479172, 42.645985 ], [ -2.647889, 42.6459804 ], [ -2.6477816, 42.6459575 ], [ -2.6476598, 42.6459301 ], [ -2.6475394, 42.6459073 ], [ -2.6469947, 42.6458335 ], [ -2.6469185, 42.6458198 ], [ -2.6468926, 42.6458197 ], [ -2.6467929, 42.6458059 ], [ -2.646773, 42.6458013 ], [ -2.6467548, 42.6457968 ], [ -2.6466793, 42.6457875 ], [ -2.646658, 42.6457875 ], [ -2.6466336, 42.6457829 ], [ -2.6466131, 42.6457783 ], [ -2.646578, 42.6457737 ], [ -2.6465208, 42.645769 ], [ -2.6464958, 42.6457644 ], [ -2.6464622, 42.6457598 ], [ -2.6464401, 42.6457552 ], [ -2.6464095, 42.6457687 ], [ -2.6463644, 42.645791 ], [ -2.6463423, 42.6458 ], [ -2.6463132, 42.6458179 ], [ -2.6462795, 42.6458313 ], [ -2.6462452, 42.6458492 ], [ -2.6462161, 42.6458626 ], [ -2.6462008, 42.6458671 ], [ -2.6461848, 42.645876 ], [ -2.6461443, 42.6458939 ], [ -2.6461236, 42.6459029 ], [ -2.6461038, 42.6459163 ], [ -2.64609, 42.6459208 ], [ -2.6460663, 42.6459342 ], [ -2.6460395, 42.6459476 ], [ -2.6459783, 42.645979 ], [ -2.6458491, 42.6460461 ], [ -2.6458185, 42.6460595 ], [ -2.6457887, 42.6460729 ], [ -2.6457711, 42.6460819 ], [ -2.6457398, 42.6460953 ], [ -2.6457161, 42.6461042 ], [ -2.6456526, 42.6461355 ], [ -2.6456343, 42.6461445 ], [ -2.6456228, 42.6461489 ], [ -2.6456037, 42.6461579 ], [ -2.6455808, 42.6461669 ], [ -2.6455525, 42.6461803 ], [ -2.6455074, 42.6461981 ], [ -2.6454448, 42.646225 ], [ -2.6452796, 42.646301 ], [ -2.6450595, 42.6463994 ], [ -2.6450037, 42.6464217 ], [ -2.6449571, 42.6464441 ], [ -2.6448333, 42.6464977 ], [ -2.6443517, 42.6467123 ], [ -2.6443558, 42.6467844 ], [ -2.6443614, 42.6468835 ], [ -2.6443642, 42.6469241 ], [ -2.6443677, 42.6469871 ], [ -2.6443697, 42.6470321 ], [ -2.6443725, 42.6470817 ], [ -2.6443773, 42.6471718 ], [ -2.64438, 42.6472168 ], [ -2.6443856, 42.6473204 ], [ -2.6443974, 42.6475275 ], [ -2.6444022, 42.6476131 ], [ -2.6444097, 42.6477572 ], [ -2.6444167, 42.6478743 ], [ -2.6444222, 42.6479734 ], [ -2.6444243, 42.6480185 ], [ -2.644425, 42.6480275 ], [ -2.644434, 42.6481941 ], [ -2.6444347, 42.6482031 ], [ -2.6444354, 42.6482121 ], [ -2.6444396, 42.6482841 ], [ -2.6444409, 42.6483112 ], [ -2.6444423, 42.6483382 ], [ -2.6444451, 42.6483877 ], [ -2.6444458, 42.6483968 ], [ -2.6444478, 42.6484418 ], [ -2.6444491, 42.6484688 ], [ -2.6444513, 42.6485003 ], [ -2.6444527, 42.6485229 ], [ -2.644454, 42.6485499 ], [ -2.6444561, 42.6485859 ], [ -2.6444589, 42.6486354 ], [ -2.6444616, 42.648685 ], [ -2.6444644, 42.64873 ], [ -2.6444658, 42.648757 ], [ -2.6444678, 42.6488021 ], [ -2.6444699, 42.6488336 ], [ -2.644472, 42.6488696 ], [ -2.6444741, 42.6489102 ], [ -2.6444776, 42.6489687 ], [ -2.6444995, 42.6491264 ], [ -2.644501, 42.6491354 ], [ -2.6445017, 42.6491444 ], [ -2.6445295, 42.6493426 ], [ -2.6445325, 42.6493606 ], [ -2.6445354, 42.6493787 ], [ -2.644545, 42.6494462 ], [ -2.6445596, 42.6495499 ], [ -2.6445662, 42.6495994 ], [ -2.6445743, 42.649658 ], [ -2.6445779, 42.6496805 ], [ -2.644586, 42.6497391 ], [ -2.6445919, 42.6497796 ], [ -2.6446006, 42.6498426 ], [ -2.6446043, 42.6498697 ], [ -2.6446109, 42.6499147 ], [ -2.6446085, 42.6499372 ], [ -2.6446053, 42.6499643 ], [ -2.6446005, 42.6500093 ], [ -2.6445973, 42.6500363 ], [ -2.6445941, 42.6500633 ], [ -2.6445924, 42.6500813 ], [ -2.6445707, 42.6502749 ], [ -2.6445571, 42.6503964 ], [ -2.6445523, 42.6504369 ], [ -2.6445491, 42.6504684 ], [ -2.6445362, 42.6505809 ], [ -2.6445354, 42.6505899 ], [ -2.6445338, 42.6505989 ], [ -2.6445274, 42.650662 ], [ -2.6445105, 42.650806 ], [ -2.6445073, 42.6508375 ], [ -2.6445065, 42.6508465 ], [ -2.6445049, 42.6508555 ], [ -2.6444888, 42.6509996 ], [ -2.6444848, 42.6510311 ], [ -2.6444824, 42.6510536 ], [ -2.6444784, 42.6510941 ], [ -2.6444719, 42.6511526 ], [ -2.6444704, 42.6511616 ], [ -2.6444655, 42.6512066 ], [ -2.6444647, 42.6512156 ], [ -2.6444575, 42.6512832 ], [ -2.6444551, 42.6513011 ], [ -2.6444511, 42.6513326 ], [ -2.6444478, 42.6513642 ], [ -2.6444438, 42.6514002 ], [ -2.6444423, 42.6514137 ], [ -2.6444383, 42.6514452 ], [ -2.6444366, 42.6514632 ], [ -2.6444326, 42.6514947 ], [ -2.6444302, 42.6515172 ], [ -2.6444229, 42.6515847 ], [ -2.6444181, 42.6516297 ], [ -2.6444165, 42.6516387 ], [ -2.6444125, 42.6516748 ], [ -2.6444077, 42.6517198 ], [ -2.6444053, 42.6517423 ], [ -2.6444021, 42.6517693 ], [ -2.6443989, 42.6518008 ], [ -2.6443925, 42.6518503 ], [ -2.6443924, 42.6518593 ], [ -2.6443852, 42.6519223 ], [ -2.6443795, 42.6519718 ], [ -2.6443787, 42.6519809 ], [ -2.6443708, 42.6520439 ], [ -2.6443692, 42.6520574 ], [ -2.6443667, 42.6520799 ], [ -2.6443635, 42.6521159 ], [ -2.6443604, 42.6521294 ], [ -2.644351, 42.6521699 ], [ -2.6443479, 42.6521834 ], [ -2.6443385, 42.6522284 ], [ -2.6443346, 42.6522464 ], [ -2.6443252, 42.6522914 ], [ -2.6443181, 42.6523229 ], [ -2.6442962, 42.6524174 ], [ -2.6442946, 42.6524264 ], [ -2.6442845, 42.6524714 ], [ -2.644275, 42.6525164 ], [ -2.6442649, 42.6525614 ], [ -2.6442586, 42.6525929 ], [ -2.6442484, 42.6526379 ], [ -2.6442312, 42.6527144 ], [ -2.6442281, 42.6527279 ], [ -2.6442265, 42.6527368 ], [ -2.6441756, 42.6529663 ], [ -2.6441521, 42.6530744 ], [ -2.644149, 42.6530878 ], [ -2.6441412, 42.6531238 ], [ -2.6441146, 42.6532453 ], [ -2.6441075, 42.6532768 ], [ -2.644095, 42.6533353 ], [ -2.6440801, 42.6534028 ], [ -2.6440687, 42.6533983 ], [ -2.6440233, 42.6533911 ], [ -2.6440108, 42.6533891 ], [ -2.6439856, 42.6533845 ], [ -2.6438912, 42.6533617 ], [ -2.643844, 42.6533526 ], [ -2.6438044, 42.6533479 ], [ -2.6437397, 42.6533342 ], [ -2.6437153, 42.6533297 ], [ -2.6436635, 42.6533205 ], [ -2.6435866, 42.6533022 ], [ -2.6435721, 42.6533022 ], [ -2.6435475, 42.6532968 ] ] ] } }
]
}
