{
"type": "FeatureCollection",
"name": "01055",
"features": [
{ "type": "Feature", "properties": { "CCAA": "16 - País Vasco", "PROVINCIA": "01 - Araba/Álava", "MUNICIPIO": "01055 - Valdegovía/Gaubea", "COD_MUNICIPIO": "01055", "DISTRITO": "01", "SECCION": "0105501001", "V1_H": 81.58, "V1_M": 86.83, "V2_H": 80.91860297, "V2_M": 86.63659936000001, "V3_H": 82.21677219, "V3_M": 87.10560157 }, "geometry": { "type": "Polygon", "coordinates": [ [ [ -3.1046635, 42.9101594 ], [ -3.1058862, 42.9087085 ], [ -3.1084177, 42.9061577 ], [ -3.117568, 42.9058876 ], [ -3.1193317, 42.9056786 ], [ -3.1212909, 42.9052804 ], [ -3.1230055, 42.9051075 ], [ -3.1254787, 42.9044565 ], [ -3.1254787, 42.9044565 ], [ -3.1265314, 42.9040591 ], [ -3.1274765, 42.9049676 ], [ -3.1280537, 42.9056783 ], [ -3.1317277, 42.9110593 ], [ -3.131743, 42.9124911 ], [ -3.1318782, 42.9127431 ], [ -3.1324426, 42.9130936 ], [ -3.1328477, 42.9134804 ], [ -3.1333991, 42.9135518 ], [ -3.1364619, 42.9134852 ], [ -3.1364619, 42.9134852 ], [ -3.1393895, 42.9132565 ], [ -3.1404918, 42.9130931 ], [ -3.1415947, 42.9132358 ], [ -3.1415948, 42.9132358 ], [ -3.1418119, 42.9133177 ], [ -3.1419994, 42.9133884 ], [ -3.1423556, 42.9138112 ], [ -3.1425765, 42.913955 ], [ -3.1432141, 42.9142063 ], [ -3.1443071, 42.9153306 ], [ -3.1452019, 42.9154709 ], [ -3.145447, 42.9155093 ], [ -3.1481202, 42.9165054 ], [ -3.1486476, 42.9167569 ], [ -3.1492733, 42.9170623 ], [ -3.1495557, 42.917323 ], [ -3.1503183, 42.9185558 ], [ -3.1508344, 42.9191945 ], [ -3.1508229, 42.9195007 ], [ -3.1499675, 42.9204563 ], [ -3.1495531, 42.9213844 ], [ -3.1493633, 42.9219784 ], [ -3.1491761, 42.9225646 ], [ -3.1489708, 42.9238526 ], [ -3.1478304, 42.9286718 ], [ -3.1478202, 42.9295453 ], [ -3.1481312, 42.931517 ], [ -3.1479615, 42.9323367 ], [ -3.147754, 42.9326882 ], [ -3.1471917, 42.9332742 ], [ -3.1452947, 42.9344293 ], [ -3.1447316, 42.9346821 ], [ -3.1447316, 42.9346822 ], [ -3.1478344, 42.9355487 ], [ -3.148423, 42.935713 ], [ -3.1517226, 42.9368524 ], [ -3.1527526, 42.9370761 ], [ -3.1527527, 42.9370761 ], [ -3.1549836, 42.9372082 ], [ -3.1549837, 42.9372082 ], [ -3.1575949, 42.9374928 ], [ -3.1575949, 42.9374929 ], [ -3.1596184, 42.9379763 ], [ -3.1638631, 42.9395012 ], [ -3.1651752, 42.9397515 ], [ -3.1680805, 42.9399094 ], [ -3.1693928, 42.9402046 ], [ -3.1731351, 42.9416488 ], [ -3.1783128, 42.943451 ], [ -3.17927, 42.9438367 ], [ -3.1795527, 42.9441154 ], [ -3.1800927, 42.9443397 ], [ -3.1807551, 42.9445277 ], [ -3.1820303, 42.9446338 ], [ -3.1824505, 42.9447128 ], [ -3.1831708, 42.9448481 ], [ -3.1840292, 42.9449458 ], [ -3.1862355, 42.9449332 ], [ -3.1875472, 42.9449491 ], [ -3.191102, 42.9449883 ], [ -3.1919005, 42.9455362 ], [ -3.1946474, 42.9459098 ], [ -3.1965368, 42.9464289 ], [ -3.1990157, 42.946309 ], [ -3.2003974, 42.9462421 ], [ -3.2025875, 42.9449686 ], [ -3.206492, 42.9469427 ], [ -3.2077409, 42.9464902 ], [ -3.2089058, 42.946636 ], [ -3.2097274, 42.9467387 ], [ -3.2097937, 42.9445684 ], [ -3.2116192, 42.9443039 ], [ -3.2131173, 42.9450845 ], [ -3.2137457, 42.9460379 ], [ -3.2166492, 42.9455552 ], [ -3.2166451, 42.9478965 ], [ -3.2178248, 42.9487407 ], [ -3.2199849, 42.949484 ], [ -3.222986, 42.9488389 ], [ -3.223761, 42.9492176 ], [ -3.2247298, 42.949691 ], [ -3.2355567, 42.943861 ], [ -3.235101, 42.9368019 ], [ -3.2353688, 42.9330732 ], [ -3.2399465, 42.9315508 ], [ -3.245725, 42.9238392 ], [ -3.2479849, 42.9189985 ], [ -3.2485642, 42.916764 ], [ -3.2487933, 42.9158449 ], [ -3.2485458, 42.9121444 ], [ -3.2772402, 42.9015785 ], [ -3.2773006, 42.895878 ], [ -3.2770892, 42.8923935 ], [ -3.276404, 42.887019 ], [ -3.2790869, 42.8865347 ], [ -3.286768, 42.8851475 ], [ -3.2867679, 42.8851475 ], [ -3.2826096, 42.8755132 ], [ -3.281049, 42.8742653 ], [ -3.2790814, 42.872352 ], [ -3.2720769, 42.8664434 ], [ -3.2691286, 42.864091 ], [ -3.2536092, 42.8528157 ], [ -3.23676, 42.83793 ], [ -3.2297933, 42.8334595 ], [ -3.2297565, 42.8334325 ], [ -3.2276592, 42.8320859 ], [ -3.2258412, 42.8301173 ], [ -3.2190904, 42.8274378 ], [ -3.2190904, 42.8274378 ], [ -3.2181226, 42.8271065 ], [ -3.2176533, 42.8268652 ], [ -3.2169706, 42.8265143 ], [ -3.2071246, 42.8273159 ], [ -3.2065011, 42.8274432 ], [ -3.206501, 42.8274432 ], [ -3.2055344, 42.8273999 ], [ -3.2055344, 42.8273999 ], [ -3.2092135, 42.8300048 ], [ -3.2114691, 42.8313154 ], [ -3.2115324, 42.8313685 ], [ -3.2139856, 42.8334252 ], [ -3.2140146, 42.8334384 ], [ -3.2157879, 42.8342398 ], [ -3.215835, 42.8342611 ], [ -3.2186562, 42.8362189 ], [ -3.2199187, 42.8368378 ], [ -3.2208509, 42.8374934 ], [ -3.2221765, 42.8386345 ], [ -3.2190709, 42.8393429 ], [ -3.2094446, 42.8442238 ], [ -3.2069961, 42.8513514 ], [ -3.2004724, 42.8550642 ], [ -3.1906875, 42.8694623 ], [ -3.1875483, 42.8677476 ], [ -3.1846789, 42.8662033 ], [ -3.1810724, 42.8636785 ], [ -3.1730607, 42.8572071 ], [ -3.171958, 42.8568125 ], [ -3.171803, 42.8567987 ], [ -3.1709663, 42.8567239 ], [ -3.1699995, 42.8568064 ], [ -3.1699995, 42.8568064 ], [ -3.1699451, 42.8568031 ], [ -3.1692772, 42.8567624 ], [ -3.1664543, 42.8569034 ], [ -3.1642593, 42.8570129 ], [ -3.1619784, 42.856572 ], [ -3.1607446, 42.8563334 ], [ -3.1603162, 42.856343 ], [ -3.1587501, 42.8565884 ], [ -3.1582609, 42.8567241 ], [ -3.1582608, 42.8567241 ], [ -3.1580408, 42.8568411 ], [ -3.1579553, 42.8568866 ], [ -3.1579552, 42.8568867 ], [ -3.1577477, 42.8571121 ], [ -3.1573564, 42.8572837 ], [ -3.1568679, 42.8577166 ], [ -3.1563308, 42.8583297 ], [ -3.1557332, 42.859177 ], [ -3.1545846, 42.85998 ], [ -3.1535198, 42.8600535 ], [ -3.1523812, 42.859965 ], [ -3.1523811, 42.859965 ], [ -3.1498873, 42.8613191 ], [ -3.1461915, 42.8670332 ], [ -3.1447385, 42.868692 ], [ -3.1444819, 42.8689085 ], [ -3.1409234, 42.8707499 ], [ -3.1397243, 42.8711026 ], [ -3.1387209, 42.871293 ], [ -3.1387208, 42.871293 ], [ -3.1390941, 42.8739761 ], [ -3.1380827, 42.8761656 ], [ -3.1256974, 42.8913176 ], [ -3.1256974, 42.8913177 ], [ -3.1189614, 42.8912707 ], [ -3.1189614, 42.8912707 ], [ -3.1149406, 42.8892486 ], [ -3.1129408, 42.8872424 ], [ -3.1125725, 42.8867295 ], [ -3.113323, 42.8818659 ], [ -3.1097944, 42.8807617 ], [ -3.1092922, 42.8806541 ], [ -3.1092921, 42.8806541 ], [ -3.1064017, 42.8802515 ], [ -3.1064016, 42.8802515 ], [ -3.1051892, 42.8801716 ], [ -3.1051892, 42.8801716 ], [ -3.1050536, 42.8795864 ], [ -3.1082473, 42.8711815 ], [ -3.1137438, 42.864062 ], [ -3.1131508, 42.8610639 ], [ -3.114715, 42.8595764 ], [ -3.1150081, 42.8592069 ], [ -3.1157035, 42.8579455 ], [ -3.1159601, 42.8577021 ], [ -3.1186262, 42.8562231 ], [ -3.1208389, 42.8549955 ], [ -3.1208389, 42.8549955 ], [ -3.1219854, 42.852923 ], [ -3.1228356, 42.8495452 ], [ -3.1229199, 42.8488787 ], [ -3.1230664, 42.8487074 ], [ -3.1230665, 42.8487074 ], [ -3.1238998, 42.8492288 ], [ -3.1244876, 42.8494353 ], [ -3.1244877, 42.8494353 ], [ -3.1274132, 42.8496663 ], [ -3.1279148, 42.8495757 ], [ -3.1280559, 42.8495132 ], [ -3.1282205, 42.8494403 ], [ -3.1282205, 42.8494402 ], [ -3.1284282, 42.8492509 ], [ -3.1284282, 42.8492509 ], [ -3.1289273, 42.8479715 ], [ -3.1293306, 42.847674 ], [ -3.1296481, 42.8473314 ], [ -3.1313926, 42.8446548 ], [ -3.1300918, 42.8429273 ], [ -3.1300918, 42.8429273 ], [ -3.1299564, 42.8426033 ], [ -3.1299189, 42.842162 ], [ -3.1301112, 42.8405408 ], [ -3.130282, 42.8402254 ], [ -3.1321128, 42.837945 ], [ -3.1329435, 42.8373497 ], [ -3.1329436, 42.8373497 ], [ -3.1336652, 42.8372228 ], [ -3.1364059, 42.8370845 ], [ -3.1368584, 42.8369759 ], [ -3.1368584, 42.8369759 ], [ -3.1382523, 42.8364789 ], [ -3.1382523, 42.8364789 ], [ -3.1388272, 42.8364062 ], [ -3.1388273, 42.8364062 ], [ -3.1405769, 42.836377 ], [ -3.1409193, 42.8362686 ], [ -3.141188, 42.8360521 ], [ -3.1414197, 42.8356916 ], [ -3.1419666, 42.834034 ], [ -3.1419857, 42.8339841 ], [ -3.1421849, 42.8334636 ], [ -3.1421966, 42.8334333 ], [ -3.1421977, 42.8334303 ], [ -3.1420008, 42.8329263 ], [ -3.1420008, 42.8329262 ], [ -3.1419016, 42.832386 ], [ -3.1419856, 42.8316385 ], [ -3.1426565, 42.8307101 ], [ -3.1431451, 42.8303623 ], [ -3.1436704, 42.8299885 ], [ -3.1436704, 42.8299884 ], [ -3.1437666, 42.8298962 ], [ -3.144122, 42.8295556 ], [ -3.1442926, 42.8292312 ], [ -3.1444503, 42.8286726 ], [ -3.1443397, 42.8284657 ], [ -3.1444972, 42.82779 ], [ -3.1448143, 42.8273304 ], [ -3.1463272, 42.8255274 ], [ -3.1463272, 42.8255274 ], [ -3.1466927, 42.8248966 ], [ -3.1466991, 42.824861 ], [ -3.1468135, 42.824221 ], [ -3.1469939, 42.822897 ], [ -3.1471273, 42.8224105 ], [ -3.1474933, 42.8219778 ], [ -3.1488599, 42.8205261 ], [ -3.1489815, 42.8201658 ], [ -3.1489525, 42.8182747 ], [ -3.1488535, 42.8178515 ], [ -3.1484601, 42.8169875 ], [ -3.1483836, 42.8156728 ], [ -3.1481362, 42.8144755 ], [ -3.1481362, 42.8144754 ], [ -3.1482333, 42.8141691 ], [ -3.1486723, 42.8136283 ], [ -3.1489153, 42.8129165 ], [ -3.1504895, 42.8113745 ], [ -3.1592299, 42.8045907 ], [ -3.1556177, 42.8028395 ], [ -3.1541605, 42.802067 ], [ -3.1529724, 42.8013122 ], [ -3.1522747, 42.801088 ], [ -3.1510393, 42.8009635 ], [ -3.1510393, 42.8009635 ], [ -3.1505252, 42.8007661 ], [ -3.1490676, 42.7998224 ], [ -3.1477323, 42.7987975 ], [ -3.1462022, 42.7981511 ], [ -3.1462022, 42.798151 ], [ -3.1442076, 42.7975772 ], [ -3.1411722, 42.7964193 ], [ -3.1400823, 42.7957182 ], [ -3.138967, 42.7946119 ], [ -3.1374115, 42.793371 ], [ -3.1352321, 42.7920498 ], [ -3.1332859, 42.7911335 ], [ -3.1318654, 42.7900905 ], [ -3.1313879, 42.7898029 ], [ -3.1307395, 42.7896506 ], [ -3.1298346, 42.7895705 ], [ -3.1298345, 42.7895705 ], [ -3.1292424, 42.7897437 ], [ -3.1287837, 42.7898779 ], [ -3.1280377, 42.7897976 ], [ -3.1257015, 42.789395 ], [ -3.1257014, 42.789395 ], [ -3.1233021, 42.7893269 ], [ -3.1225651, 42.7901278 ], [ -3.1224998, 42.7901233 ], [ -3.1224776, 42.7901234 ], [ -3.1224581, 42.7901189 ], [ -3.1224325, 42.7901189 ], [ -3.1224188, 42.7901144 ], [ -3.1224035, 42.7901144 ], [ -3.1223871, 42.7901145 ], [ -3.1223725, 42.79011 ], [ -3.1223538, 42.7901055 ], [ -3.1223129, 42.790101 ], [ -3.1222812, 42.7900966 ], [ -3.1222613, 42.7900921 ], [ -3.1222277, 42.7900831 ], [ -3.1222059, 42.7900831 ], [ -3.1221887, 42.7900786 ], [ -3.1221604, 42.7900742 ], [ -3.1221149, 42.7900652 ], [ -3.1220993, 42.7900652 ], [ -3.1220595, 42.7900563 ], [ -3.1220304, 42.7900518 ], [ -3.1220171, 42.7900473 ], [ -3.1219979, 42.7900473 ], [ -3.1219716, 42.7900429 ], [ -3.1219586, 42.7900384 ], [ -3.1219131, 42.7900294 ], [ -3.1218592, 42.7900204 ], [ -3.1218412, 42.7900205 ], [ -3.1217946, 42.7900115 ], [ -3.1217514, 42.7900071 ], [ -3.1217204, 42.7900026 ], [ -3.1217002, 42.7899981 ], [ -3.1216696, 42.7899981 ], [ -3.1216494, 42.7899937 ], [ -3.1216245, 42.7899892 ], [ -3.1215588, 42.7899803 ], [ -3.1215175, 42.7899758 ], [ -3.1214732, 42.7899669 ], [ -3.1213799, 42.7899534 ], [ -3.1213471, 42.7899489 ], [ -3.1212603, 42.78994 ], [ -3.1211357, 42.7899537 ], [ -3.1211052, 42.7899582 ], [ -3.1210162, 42.7899673 ], [ -3.1209769, 42.7899719 ], [ -3.1209306, 42.7899764 ], [ -3.120897, 42.7899765 ], [ -3.1208729, 42.789981 ], [ -3.1208374, 42.7899855 ], [ -3.1208122, 42.7899855 ], [ -3.1207878, 42.7899901 ], [ -3.1207541, 42.7899946 ], [ -3.1206934, 42.7899992 ], [ -3.1206548, 42.7900037 ], [ -3.1206196, 42.7900037 ], [ -3.1205837, 42.7900083 ], [ -3.1205333, 42.7900128 ], [ -3.1205111, 42.7900173 ], [ -3.1204695, 42.7900219 ], [ -3.1204057, 42.7900265 ], [ -3.1203568, 42.7900311 ], [ -3.120301, 42.7900401 ], [ -3.1202705, 42.7900401 ], [ -3.1201811, 42.7900537 ], [ -3.1201352, 42.7900583 ], [ -3.1201028, 42.7900583 ], [ -3.1200791, 42.7900583 ], [ -3.1200405, 42.7900584 ], [ -3.1200153, 42.7900584 ], [ -3.1199484, 42.7900585 ], [ -3.1199338, 42.7900585 ], [ -3.1198548, 42.7900631 ], [ -3.1198162, 42.7900631 ], [ -3.1197845, 42.7900632 ], [ -3.1196649, 42.7900588 ], [ -3.1196469, 42.7900588 ], [ -3.1196347, 42.7900543 ], [ -3.119619, 42.7900543 ], [ -3.1194539, 42.79005 ], [ -3.1194035, 42.79005 ], [ -3.1193519, 42.7900456 ], [ -3.1193083, 42.7900456 ], [ -3.1192923, 42.7900457 ], [ -3.1191815, 42.7900368 ], [ -3.1190538, 42.7900324 ], [ -3.1190206, 42.7900324 ], [ -3.1188146, 42.7900236 ], [ -3.1186136, 42.7900148 ], [ -3.1185735, 42.7900104 ], [ -3.1185143, 42.7900104 ], [ -3.1184317, 42.790006 ], [ -3.118316, 42.7900016 ], [ -3.1182907, 42.7900017 ], [ -3.1182422, 42.7900017 ], [ -3.1181123, 42.7899973 ], [ -3.1180752, 42.7899974 ], [ -3.117969, 42.789993 ], [ -3.1179526, 42.789993 ], [ -3.117711, 42.7899842 ], [ -3.1176595, 42.7899843 ], [ -3.1176377, 42.7899798 ], [ -3.1176201, 42.7899798 ], [ -3.1175762, 42.7899799 ], [ -3.1175265, 42.7899799 ], [ -3.1174906, 42.7899755 ], [ -3.1174688, 42.7899755 ], [ -3.1174562, 42.7899755 ], [ -3.1174279, 42.7899755 ], [ -3.1173813, 42.7899756 ], [ -3.1173656, 42.7899711 ], [ -3.1173003, 42.7899712 ], [ -3.1172877, 42.7899712 ], [ -3.117272, 42.7899712 ], [ -3.1170072, 42.7899624 ], [ -3.11699, 42.7899624 ], [ -3.1168834, 42.789958 ], [ -3.1168581, 42.7899581 ], [ -3.1168325, 42.7899581 ], [ -3.1166916, 42.7899537 ], [ -3.1166243, 42.7899493 ], [ -3.1165769, 42.7899494 ], [ -3.1165513, 42.7899494 ], [ -3.1164848, 42.7899449 ], [ -3.1164493, 42.789945 ], [ -3.1163866, 42.7899405 ], [ -3.1163454, 42.7899406 ], [ -3.1162969, 42.7899406 ], [ -3.116181, 42.7899363 ], [ -3.1159544, 42.7899275 ], [ -3.1159048, 42.7899275 ], [ -3.1158039, 42.7899231 ], [ -3.1157829, 42.7899232 ], [ -3.115609, 42.7899188 ], [ -3.1155157, 42.7899144 ], [ -3.1154944, 42.7899144 ], [ -3.1154477, 42.7899145 ], [ -3.1153002, 42.7899056 ], [ -3.1152777, 42.7899057 ], [ -3.1152559, 42.7899057 ], [ -3.1149609, 42.7898969 ], [ -3.1149011, 42.78996 ], [ -3.1148759, 42.7899871 ], [ -3.1148637, 42.7900006 ], [ -3.1148263, 42.7900412 ], [ -3.1147962, 42.7900727 ], [ -3.1147782, 42.7900862 ], [ -3.1147359, 42.7901178 ], [ -3.1147035, 42.7901403 ], [ -3.1146897, 42.7901493 ], [ -3.1146611, 42.7901674 ], [ -3.1146317, 42.79019 ], [ -3.1145244, 42.7902621 ], [ -3.1144325, 42.7903207 ], [ -3.1143676, 42.7903613 ], [ -3.1142936, 42.7904064 ], [ -3.1142821, 42.7904109 ], [ -3.1142592, 42.7904245 ], [ -3.1141317, 42.7904831 ], [ -3.1140629, 42.7905102 ], [ -3.1139996, 42.7905283 ], [ -3.1138525, 42.7905689 ], [ -3.1137979, 42.7905825 ], [ -3.1137345, 42.7905961 ], [ -3.1136822, 42.7906097 ], [ -3.1136432, 42.7906187 ], [ -3.1136302, 42.7906232 ], [ -3.1136107, 42.7906277 ], [ -3.1135542, 42.7906368 ], [ -3.1133392, 42.790682 ], [ -3.1133143, 42.7906866 ], [ -3.113296, 42.7906911 ], [ -3.1132559, 42.7907001 ], [ -3.1131711, 42.7907137 ], [ -3.1131474, 42.7907137 ], [ -3.1130856, 42.7907228 ], [ -3.1129801, 42.7907409 ], [ -3.1128002, 42.7907681 ], [ -3.112749, 42.7907726 ], [ -3.1126852, 42.7907862 ], [ -3.1126726, 42.7907862 ], [ -3.112652, 42.7907908 ], [ -3.1126344, 42.7907908 ], [ -3.1123654, 42.7908361 ], [ -3.112338, 42.7908451 ], [ -3.1123223, 42.7908496 ], [ -3.1122952, 42.7908586 ], [ -3.1122414, 42.7908767 ], [ -3.1121382, 42.7909128 ], [ -3.1121031, 42.7909264 ], [ -3.1120783, 42.7909309 ], [ -3.1119431, 42.790976 ], [ -3.1118362, 42.7910122 ], [ -3.1117965, 42.7910257 ], [ -3.1117568, 42.7910393 ], [ -3.1117441, 42.7910438 ], [ -3.1116452, 42.7910754 ], [ -3.1115922, 42.7910935 ], [ -3.1115074, 42.7911251 ], [ -3.1114696, 42.7911341 ], [ -3.1113875, 42.7911657 ], [ -3.1113569, 42.7911747 ], [ -3.1112599, 42.7912064 ], [ -3.1112087, 42.7912244 ], [ -3.1110942, 42.7912606 ], [ -3.1107447, 42.7913779 ], [ -3.1107344, 42.7913825 ], [ -3.1106833, 42.7914005 ], [ -3.1106432, 42.7914141 ], [ -3.1105947, 42.7914276 ], [ -3.1105618, 42.7914412 ], [ -3.1105195, 42.7914547 ], [ -3.1105023, 42.7914503 ], [ -3.1104641, 42.7914413 ], [ -3.1104434, 42.7914368 ], [ -3.1104033, 42.7914278 ], [ -3.1103903, 42.7914233 ], [ -3.110318, 42.7914054 ], [ -3.1103054, 42.7914054 ], [ -3.1102943, 42.7914009 ], [ -3.1102316, 42.7913875 ], [ -3.1101945, 42.7913785 ], [ -3.1101815, 42.791374 ], [ -3.110167, 42.7913695 ], [ -3.1100921, 42.7913561 ], [ -3.1100741, 42.7913516 ], [ -3.1100305, 42.7913381 ], [ -3.1100064, 42.7913337 ], [ -3.1098642, 42.7913022 ], [ -3.1098459, 42.7912978 ], [ -3.1097377, 42.7912709 ], [ -3.1096219, 42.7912439 ], [ -3.1095737, 42.791235 ], [ -3.109472, 42.7912126 ], [ -3.1094506, 42.7912036 ], [ -3.1094334, 42.7912036 ], [ -3.1094182, 42.7911991 ], [ -3.1092901, 42.7911677 ], [ -3.1090825, 42.7911184 ], [ -3.1089594, 42.7910915 ], [ -3.1088593, 42.7910691 ], [ -3.1087499, 42.7910421 ], [ -3.1087228, 42.7910377 ], [ -3.1086873, 42.7910287 ], [ -3.1086211, 42.7910153 ], [ -3.1085466, 42.7909973 ], [ -3.1085282, 42.7909928 ], [ -3.1085026, 42.7909883 ], [ -3.1084395, 42.7909704 ], [ -3.1083684, 42.790957 ], [ -3.1082935, 42.790939 ], [ -3.1082408, 42.7909255 ], [ -3.1081957, 42.7909166 ], [ -3.1081731, 42.7909076 ], [ -3.108029, 42.7908762 ], [ -3.1080187, 42.7908717 ], [ -3.1079369, 42.7908538 ], [ -3.1079132, 42.7908493 ], [ -3.1078539, 42.7908359 ], [ -3.107823, 42.7908269 ], [ -3.1077744, 42.7908179 ], [ -3.1077504, 42.7908135 ], [ -3.107685, 42.7907865 ], [ -3.1076016, 42.7907506 ], [ -3.1075813, 42.7907415 ], [ -3.1075404, 42.7907236 ], [ -3.1075205, 42.7907146 ], [ -3.1074311, 42.7906786 ], [ -3.1072712, 42.7906113 ], [ -3.1071928, 42.7905798 ], [ -3.1071531, 42.7905619 ], [ -3.1071351, 42.7905574 ], [ -3.107095, 42.7905394 ], [ -3.1070395, 42.7905169 ], [ -3.1070078, 42.7905035 ], [ -3.1069764, 42.79049 ], [ -3.1068961, 42.7904585 ], [ -3.1068047, 42.7904181 ], [ -3.1067653, 42.7904001 ], [ -3.1067252, 42.7903821 ], [ -3.1066713, 42.7903552 ], [ -3.1066376, 42.7903372 ], [ -3.1065661, 42.7903013 ], [ -3.1065508, 42.7902967 ], [ -3.1064717, 42.7902563 ], [ -3.1064529, 42.7902473 ], [ -3.1063267, 42.7901889 ], [ -3.1062881, 42.7901664 ], [ -3.1062452, 42.7901484 ], [ -3.1062162, 42.790135 ], [ -3.1061152, 42.7900855 ], [ -3.1060678, 42.7900631 ], [ -3.1060055, 42.7900316 ], [ -3.1059413, 42.7900001 ], [ -3.1058942, 42.7899777 ], [ -3.1058518, 42.7899552 ], [ -3.1058162, 42.7899372 ], [ -3.1057309, 42.7898967 ], [ -3.1057011, 42.7898833 ], [ -3.1056345, 42.7898518 ], [ -3.1056113, 42.7898383 ], [ -3.105594, 42.7898293 ], [ -3.1055141, 42.7897934 ], [ -3.1054479, 42.7897574 ], [ -3.1053271, 42.789699 ], [ -3.1052498, 42.7896631 ], [ -3.1052388, 42.7896586 ], [ -3.1050908, 42.7895866 ], [ -3.1050005, 42.7895417 ], [ -3.1049565, 42.7895192 ], [ -3.1049401, 42.7895147 ], [ -3.1048223, 42.7894563 ], [ -3.1047328, 42.7894114 ], [ -3.1046464, 42.7893709 ], [ -3.1046127, 42.789353 ], [ -3.1045783, 42.7893349 ], [ -3.1044774, 42.7892855 ], [ -3.1043466, 42.7892226 ], [ -3.1043122, 42.7892046 ], [ -3.10422, 42.7891597 ], [ -3.1041783, 42.7891597 ], [ -3.1041188, 42.7891643 ], [ -3.1040924, 42.7891688 ], [ -3.1040752, 42.7891688 ], [ -3.1040107, 42.7891734 ], [ -3.1038013, 42.7891871 ], [ -3.1037619, 42.7891871 ], [ -3.1036855, 42.7891917 ], [ -3.1036638, 42.7891917 ], [ -3.1036412, 42.7891917 ], [ -3.1036297, 42.7891872 ], [ -3.1035484, 42.7891828 ], [ -3.1035308, 42.7891783 ], [ -3.1034795, 42.7891649 ], [ -3.1033981, 42.7891379 ], [ -3.103369, 42.7891334 ], [ -3.1032754, 42.789102 ], [ -3.1032589, 42.7890975 ], [ -3.1031205, 42.7890526 ], [ -3.1029849, 42.7890077 ], [ -3.1029344, 42.7889897 ], [ -3.1028824, 42.7889718 ], [ -3.1028545, 42.7889628 ], [ -3.1028293, 42.7889583 ], [ -3.1028159, 42.7889538 ], [ -3.1027704, 42.7889403 ], [ -3.1027261, 42.7889314 ], [ -3.1026714, 42.7889179 ], [ -3.102601, 42.7889 ], [ -3.1025471, 42.7888865 ], [ -3.1025246, 42.788882 ], [ -3.1024837, 42.7888685 ], [ -3.1024382, 42.7888596 ], [ -3.1024206, 42.7888551 ], [ -3.102392, 42.7888506 ], [ -3.1023343, 42.7888372 ], [ -3.1022494, 42.7888192 ], [ -3.1022368, 42.7888192 ], [ -3.1021963, 42.7888103 ], [ -3.1021508, 42.7888013 ], [ -3.1021405, 42.7887968 ], [ -3.1020904, 42.7887879 ], [ -3.1020437, 42.7887789 ], [ -3.1019841, 42.7887655 ], [ -3.1019551, 42.7887609 ], [ -3.1019333, 42.7887564 ], [ -3.1019069, 42.7887475 ], [ -3.1018576, 42.7887385 ], [ -3.1018412, 42.788734 ], [ -3.1017697, 42.7887161 ], [ -3.1016248, 42.7886802 ], [ -3.1016065, 42.7886757 ], [ -3.1015832, 42.7886712 ], [ -3.1015728, 42.7886667 ], [ -3.1015323, 42.7886533 ], [ -3.1015098, 42.7886443 ], [ -3.1014452, 42.7886218 ], [ -3.1013687, 42.7885949 ], [ -3.1013515, 42.7885904 ], [ -3.1013331, 42.7885814 ], [ -3.101218, 42.7885275 ], [ -3.1010838, 42.7884645 ], [ -3.1010463, 42.788442 ], [ -3.1010172, 42.7884196 ], [ -3.1009649, 42.7883881 ], [ -3.1008902, 42.7883071 ], [ -3.100865, 42.7882756 ], [ -3.1008431, 42.7882531 ], [ -3.1008133, 42.7882216 ], [ -3.1008011, 42.7882081 ], [ -3.1007704, 42.7881721 ], [ -3.1007555, 42.7881586 ], [ -3.100721, 42.7881181 ], [ -3.1006456, 42.7880372 ], [ -3.1006388, 42.7880281 ], [ -3.1006246, 42.7880147 ], [ -3.1005844, 42.7879697 ], [ -3.100563, 42.7879472 ], [ -3.1005523, 42.7879382 ], [ -3.1005033, 42.7878887 ], [ -3.1004504, 42.7878302 ], [ -3.1004347, 42.7878167 ], [ -3.1004187, 42.7877987 ], [ -3.1003892, 42.7877672 ], [ -3.1003495, 42.7877403 ], [ -3.1003384, 42.7877312 ], [ -3.1002978, 42.7877088 ], [ -3.1002699, 42.7876908 ], [ -3.1002504, 42.7876773 ], [ -3.1002335, 42.7876638 ], [ -3.1002087, 42.7876503 ], [ -3.1001574, 42.7876143 ], [ -3.1000951, 42.7875784 ], [ -3.1000714, 42.7875604 ], [ -3.1000542, 42.7875514 ], [ -3.1000186, 42.7875289 ], [ -3.1000052, 42.7875199 ], [ -3.0999933, 42.7875109 ], [ -3.0999004, 42.787457 ], [ -3.0998802, 42.7874435 ], [ -3.099744, 42.7873626 ], [ -3.0997191, 42.787349 ], [ -3.0996893, 42.7873311 ], [ -3.0996774, 42.7873266 ], [ -3.0996377, 42.7872996 ], [ -3.099539, 42.7872412 ], [ -3.0995122, 42.7872322 ], [ -3.099479, 42.7872142 ], [ -3.099461, 42.7872052 ], [ -3.099435, 42.7871917 ], [ -3.0992954, 42.7871288 ], [ -3.0992847, 42.7871198 ], [ -3.0992648, 42.7871108 ], [ -3.0992488, 42.7871063 ], [ -3.0992033, 42.7870838 ], [ -3.0991773, 42.7870703 ], [ -3.0991647, 42.7870659 ], [ -3.0991475, 42.7870569 ], [ -3.0990243, 42.7870029 ], [ -3.09899, 42.7869895 ], [ -3.0989624, 42.786976 ], [ -3.0989383, 42.786967 ], [ -3.0989135, 42.786958 ], [ -3.0989024, 42.7869535 ], [ -3.098853, 42.786931 ], [ -3.0987177, 42.7868726 ], [ -3.0986898, 42.7868591 ], [ -3.0986325, 42.7868367 ], [ -3.0985831, 42.7868142 ], [ -3.0985093, 42.7867782 ], [ -3.0984329, 42.7867468 ], [ -3.098325, 42.7866973 ], [ -3.0983063, 42.7866884 ], [ -3.0982937, 42.7866794 ], [ -3.0981779, 42.7866299 ], [ -3.0981021, 42.786594 ], [ -3.0980849, 42.786585 ], [ -3.0980211, 42.786558 ], [ -3.0979909, 42.7865445 ], [ -3.0979595, 42.7865311 ], [ -3.0978991, 42.7864996 ], [ -3.0977943, 42.7864546 ], [ -3.0977527, 42.7864367 ], [ -3.0977213, 42.7864187 ], [ -3.0976475, 42.7863872 ], [ -3.0975978, 42.7863648 ], [ -3.0975248, 42.7863333 ], [ -3.0974701, 42.7863063 ], [ -3.0974089, 42.7862794 ], [ -3.0973875, 42.7862704 ], [ -3.0973329, 42.7862434 ], [ -3.0973202, 42.7862389 ], [ -3.0972109, 42.7861895 ], [ -3.0971952, 42.7861805 ], [ -3.0971723, 42.7861715 ], [ -3.097136, 42.7861535 ], [ -3.0971245, 42.786149 ], [ -3.0970832, 42.786131 ], [ -3.0970511, 42.7861131 ], [ -3.0970297, 42.7861041 ], [ -3.0969624, 42.7860771 ], [ -3.0969241, 42.7860591 ], [ -3.0969039, 42.7860501 ], [ -3.0968446, 42.7860232 ], [ -3.0968159, 42.7860097 ], [ -3.0967716, 42.7859872 ], [ -3.0967223, 42.7859648 ], [ -3.096572, 42.7858973 ], [ -3.0965597, 42.7858929 ], [ -3.0964825, 42.7858569 ], [ -3.0964546, 42.7858434 ], [ -3.0964275, 42.7858299 ], [ -3.0963957, 42.7858164 ], [ -3.0963609, 42.7858029 ], [ -3.0962841, 42.785767 ], [ -3.0962573, 42.7857535 ], [ -3.0961808, 42.7857176 ], [ -3.0961243, 42.7856951 ], [ -3.0960787, 42.7856726 ], [ -3.095901, 42.7855917 ], [ -3.0958023, 42.7855468 ], [ -3.095758, 42.7855243 ], [ -3.0957255, 42.7855108 ], [ -3.0956589, 42.7854793 ], [ -3.0955702, 42.7854389 ], [ -3.0955175, 42.7854164 ], [ -3.0954819, 42.7854029 ], [ -3.0954296, 42.785376 ], [ -3.0953844, 42.785358 ], [ -3.0953409, 42.7853355 ], [ -3.0952797, 42.7853085 ], [ -3.0952243, 42.7852816 ], [ -3.0951325, 42.7852411 ], [ -3.0950988, 42.7852276 ], [ -3.0950732, 42.7852142 ], [ -3.0949589, 42.7851647 ], [ -3.0948526, 42.7851153 ], [ -3.0948221, 42.7851018 ], [ -3.0947647, 42.7850748 ], [ -3.0947417, 42.7850659 ], [ -3.0947088, 42.7850478 ], [ -3.0946794, 42.7850344 ], [ -3.0946527, 42.7850209 ], [ -3.0946309, 42.7850119 ], [ -3.0946186, 42.7850074 ], [ -3.0946002, 42.7849984 ], [ -3.0945774, 42.7849894 ], [ -3.0945601, 42.7849804 ], [ -3.0945509, 42.7849714 ], [ -3.0945437, 42.7849624 ], [ -3.0945356, 42.7849534 ], [ -3.0945142, 42.7849264 ], [ -3.0945039, 42.7849174 ], [ -3.0944553, 42.7848589 ], [ -3.0944445, 42.7848499 ], [ -3.0944361, 42.7848409 ], [ -3.0944296, 42.784832 ], [ -3.0944028, 42.7848005 ], [ -3.0943634, 42.7847555 ], [ -3.0943566, 42.7847465 ], [ -3.0943428, 42.7847329 ], [ -3.0943156, 42.7847015 ], [ -3.0943007, 42.7846835 ], [ -3.094285, 42.7846655 ], [ -3.0942234, 42.7845935 ], [ -3.0942103, 42.78458 ], [ -3.0942027, 42.784571 ], [ -3.0941506, 42.7845125 ], [ -3.0941307, 42.78449 ], [ -3.0940921, 42.784445 ], [ -3.094086, 42.784436 ], [ -3.0940706, 42.7844135 ], [ -3.0940492, 42.7843865 ], [ -3.0940189, 42.7843505 ], [ -3.0940059, 42.7843325 ], [ -3.0939944, 42.784319 ], [ -3.0939872, 42.78431 ], [ -3.0939814, 42.784301 ], [ -3.093978, 42.7842875 ], [ -3.0939753, 42.784274 ], [ -3.0939722, 42.784265 ], [ -3.0939668, 42.7842425 ], [ -3.093963, 42.784229 ], [ -3.0939591, 42.7842109 ], [ -3.0939572, 42.7842019 ], [ -3.0939755, 42.7841434 ], [ -3.0939846, 42.7841119 ], [ -3.0939906, 42.7840938 ], [ -3.0939964, 42.7840758 ], [ -3.0940093, 42.7840353 ], [ -3.0940356, 42.7839723 ], [ -3.0940417, 42.7839587 ], [ -3.0940508, 42.7839362 ], [ -3.0940634, 42.7839092 ], [ -3.0940576, 42.7838732 ], [ -3.0940514, 42.7838417 ], [ -3.0940464, 42.7838101 ], [ -3.0940453, 42.7838011 ], [ -3.0940314, 42.7837696 ], [ -3.0940257, 42.7837561 ], [ -3.0939831, 42.7836616 ], [ -3.0939702, 42.7836481 ], [ -3.0939514, 42.7836301 ], [ -3.0938909, 42.7835671 ], [ -3.0938672, 42.7835446 ], [ -3.0938565, 42.7835311 ], [ -3.0938469, 42.7835221 ], [ -3.0938382, 42.7835131 ], [ -3.0938259, 42.7835041 ], [ -3.0938106, 42.7834906 ], [ -3.0937999, 42.7834816 ], [ -3.0937922, 42.7834727 ], [ -3.0937544, 42.7834411 ], [ -3.0937463, 42.7834322 ], [ -3.0937103, 42.7834007 ], [ -3.0936954, 42.7833872 ], [ -3.0936824, 42.7833782 ], [ -3.0936683, 42.7833647 ], [ -3.0936514, 42.7833467 ], [ -3.0936427, 42.7833377 ], [ -3.0936308, 42.7833242 ], [ -3.0936193, 42.7833107 ], [ -3.0936139, 42.7833017 ], [ -3.093591, 42.7832747 ], [ -3.093581, 42.7832612 ], [ -3.0935654, 42.7832432 ], [ -3.0935642, 42.7832342 ], [ -3.0935618, 42.7832117 ], [ -3.0935521, 42.7831216 ], [ -3.093549, 42.7830901 ], [ -3.0935475, 42.7830766 ], [ -3.0935463, 42.7830676 ], [ -3.0935437, 42.7830406 ], [ -3.0935428, 42.7830316 ], [ -3.0935313, 42.7829956 ], [ -3.0935294, 42.7829866 ], [ -3.0935083, 42.782919 ], [ -3.0935041, 42.7829055 ], [ -3.0935022, 42.7828965 ], [ -3.093496, 42.782874 ], [ -3.0934906, 42.782856 ], [ -3.0934814, 42.78282 ], [ -3.0934707, 42.782784 ], [ -3.0934657, 42.7827705 ], [ -3.0934526, 42.7827345 ], [ -3.0934415, 42.7827075 ], [ -3.0934335, 42.7826849 ], [ -3.0934288, 42.7826714 ], [ -3.093425, 42.7826624 ], [ -3.09342, 42.7826444 ], [ -3.0934204, 42.7826355 ], [ -3.0934207, 42.7826264 ], [ -3.0934215, 42.7826039 ], [ -3.0934215, 42.7825949 ], [ -3.0934222, 42.7825769 ], [ -3.0934225, 42.7825544 ], [ -3.0934233, 42.7825274 ], [ -3.0934252, 42.7825183 ], [ -3.0934294, 42.7825049 ], [ -3.093435, 42.7824778 ], [ -3.0934411, 42.7824508 ], [ -3.0934495, 42.7824193 ], [ -3.0934548, 42.7823968 ], [ -3.0934613, 42.7823698 ], [ -3.0934689, 42.7823562 ], [ -3.0934761, 42.7823427 ], [ -3.0934841, 42.7823292 ], [ -3.0935196, 42.7822751 ], [ -3.0935287, 42.7822616 ], [ -3.0935653, 42.7822031 ], [ -3.093568, 42.782194 ], [ -3.0935729, 42.7821851 ], [ -3.0935786, 42.7821715 ], [ -3.0935939, 42.7821355 ], [ -3.0935996, 42.782122 ], [ -3.0936061, 42.7821084 ], [ -3.0936213, 42.7820724 ], [ -3.0936308, 42.7820499 ], [ -3.0936342, 42.7820409 ], [ -3.0936528, 42.7819778 ], [ -3.0936654, 42.7819373 ], [ -3.093678, 42.7819013 ], [ -3.0936798, 42.7818878 ], [ -3.0936855, 42.7818563 ], [ -3.0936882, 42.7818427 ], [ -3.0936954, 42.7818022 ], [ -3.0937003, 42.7817752 ], [ -3.0937068, 42.7817392 ], [ -3.0937094, 42.7817211 ], [ -3.0937086, 42.7817031 ], [ -3.0937078, 42.7816806 ], [ -3.093705, 42.7816086 ], [ -3.0936977, 42.7815861 ], [ -3.0936878, 42.7815501 ], [ -3.0936755, 42.7815095 ], [ -3.0936716, 42.781496 ], [ -3.0936617, 42.7814736 ], [ -3.0936551, 42.78146 ], [ -3.0936398, 42.7814285 ], [ -3.0936341, 42.7814105 ], [ -3.0936264, 42.781397 ], [ -3.0936164, 42.7813745 ], [ -3.0936022, 42.781343 ], [ -3.0936019, 42.7813295 ], [ -3.0936014, 42.781316 ], [ -3.093601, 42.7812845 ], [ -3.0936006, 42.7812709 ], [ -3.0936002, 42.7812574 ], [ -3.0936002, 42.781244 ], [ -3.0935998, 42.781235 ], [ -3.0935998, 42.7812259 ], [ -3.0935994, 42.7812169 ], [ -3.0935994, 42.7811989 ], [ -3.0935989, 42.7811404 ], [ -3.0935988, 42.7810864 ], [ -3.0935984, 42.7810728 ], [ -3.0935811, 42.7810368 ], [ -3.0935524, 42.7809783 ], [ -3.0935386, 42.7809648 ], [ -3.0934927, 42.7809288 ], [ -3.09344, 42.7808883 ], [ -3.0934304, 42.7808794 ], [ -3.0933895, 42.7808389 ], [ -3.0933711, 42.7808164 ], [ -3.0933581, 42.7808029 ], [ -3.0933447, 42.7807894 ], [ -3.0933175, 42.7807624 ], [ -3.093308, 42.7807399 ], [ -3.0933037, 42.7807309 ], [ -3.0932945, 42.7807084 ], [ -3.0932872, 42.7806904 ], [ -3.0932838, 42.7806814 ], [ -3.0932707, 42.7806363 ], [ -3.0932677, 42.7806273 ], [ -3.0932631, 42.7806138 ], [ -3.0932608, 42.7806048 ], [ -3.0932516, 42.7805958 ], [ -3.0932424, 42.7805823 ], [ -3.0932263, 42.7805643 ], [ -3.0932221, 42.7805553 ], [ -3.0932114, 42.7805418 ], [ -3.0931804, 42.7805194 ], [ -3.0931674, 42.7805058 ], [ -3.0931456, 42.7804923 ], [ -3.0931111, 42.7804609 ], [ -3.0930917, 42.7804519 ], [ -3.0930534, 42.7804339 ], [ -3.093006, 42.7804114 ], [ -3.0929456, 42.7803845 ], [ -3.0929234, 42.780362 ], [ -3.0929154, 42.780353 ], [ -3.0929008, 42.780335 ], [ -3.0928944, 42.780326 ], [ -3.0928829, 42.7803124 ], [ -3.0928668, 42.7802945 ], [ -3.0928676, 42.7802629 ], [ -3.0928679, 42.7802494 ], [ -3.0928686, 42.7802089 ], [ -3.0928689, 42.7801999 ], [ -3.092877, 42.7801864 ], [ -3.0928884, 42.7801683 ], [ -3.0929048, 42.7801413 ], [ -3.0929273, 42.7801323 ], [ -3.0930178, 42.7800962 ], [ -3.093048, 42.7800962 ], [ -3.09314, 42.7800961 ], [ -3.093166, 42.7800961 ], [ -3.0931867, 42.7800961 ], [ -3.0932069, 42.7800961 ], [ -3.0932268, 42.780096 ], [ -3.0932493, 42.7800915 ], [ -3.0933272, 42.7800915 ], [ -3.0933417, 42.7800915 ], [ -3.0933681, 42.7800914 ], [ -3.0933822, 42.7800914 ], [ -3.0934235, 42.7800914 ], [ -3.0934449, 42.7800824 ], [ -3.0934739, 42.7800733 ], [ -3.0934888, 42.7800688 ], [ -3.093506, 42.7800508 ], [ -3.0934719, 42.7800238 ], [ -3.0934609, 42.7800193 ], [ -3.093444, 42.7800103 ], [ -3.0934318, 42.7800058 ], [ -3.0933676, 42.7799744 ], [ -3.0933297, 42.7799474 ], [ -3.0932815, 42.7799114 ], [ -3.0932673, 42.7798844 ], [ -3.0932585, 42.7798664 ], [ -3.0932593, 42.7798529 ], [ -3.09326, 42.7798393 ], [ -3.0932615, 42.7798124 ], [ -3.0932619, 42.7798033 ], [ -3.0932805, 42.7797898 ], [ -3.0932905, 42.7797808 ], [ -3.093358, 42.7797267 ], [ -3.0933679, 42.7797177 ], [ -3.0933782, 42.7797087 ], [ -3.0933985, 42.7796907 ], [ -3.0934099, 42.7796861 ], [ -3.093463, 42.7796726 ], [ -3.0934951, 42.7796591 ], [ -3.0935073, 42.7796501 ], [ -3.0935199, 42.779641 ], [ -3.0935432, 42.7796275 ], [ -3.0935623, 42.779614 ], [ -3.0935909, 42.7795914 ], [ -3.0935928, 42.7795824 ], [ -3.0935954, 42.7795689 ], [ -3.0935977, 42.7795599 ], [ -3.0935988, 42.7795509 ], [ -3.0936007, 42.7795419 ], [ -3.0936056, 42.7795194 ], [ -3.0936068, 42.7795104 ], [ -3.0936117, 42.7794924 ], [ -3.093617, 42.7794743 ], [ -3.093622, 42.7794518 ], [ -3.0936284, 42.7794293 ], [ -3.0936311, 42.7794203 ], [ -3.0936364, 42.7794023 ], [ -3.0936414, 42.7793798 ], [ -3.0936448, 42.7793663 ], [ -3.0936471, 42.7793573 ], [ -3.0936581, 42.7793257 ], [ -3.0936619, 42.7793167 ], [ -3.093671, 42.7792897 ], [ -3.0936802, 42.7792672 ], [ -3.0936878, 42.7792447 ], [ -3.093698, 42.7792176 ], [ -3.0937141, 42.7791726 ], [ -3.0937174, 42.7791636 ], [ -3.0937289, 42.7791321 ], [ -3.0937369, 42.7791095 ], [ -3.0937437, 42.7790915 ], [ -3.0937528, 42.7790645 ], [ -3.0937585, 42.779051 ], [ -3.0937684, 42.7790194 ], [ -3.0937757, 42.7789969 ], [ -3.0937935, 42.7789384 ], [ -3.0938019, 42.7789114 ], [ -3.0938038, 42.7789023 ], [ -3.0938046, 42.7788933 ], [ -3.0938064, 42.7788753 ], [ -3.0938079, 42.7788573 ], [ -3.0938094, 42.7788438 ], [ -3.0938113, 42.7788213 ], [ -3.0938132, 42.7788033 ], [ -3.0938147, 42.7787808 ], [ -3.0938124, 42.7787628 ], [ -3.0938093, 42.7787403 ], [ -3.0938015, 42.7786862 ], [ -3.0937996, 42.7786727 ], [ -3.0937958, 42.7786457 ], [ -3.0937857, 42.7785737 ], [ -3.0937826, 42.7785512 ], [ -3.0937803, 42.7785331 ], [ -3.0937497, 42.7785062 ], [ -3.0936946, 42.7784522 ], [ -3.0936667, 42.7784297 ], [ -3.0936208, 42.7783892 ], [ -3.093555, 42.7783262 ], [ -3.0935205, 42.7782947 ], [ -3.093449, 42.7782317 ], [ -3.0934177, 42.7782002 ], [ -3.093348, 42.7781372 ], [ -3.0933113, 42.7781058 ], [ -3.0932394, 42.7780383 ], [ -3.0931629, 42.7779708 ], [ -3.0931403, 42.7779483 ], [ -3.0930944, 42.7779078 ], [ -3.0930462, 42.7778628 ], [ -3.0930259, 42.7778448 ], [ -3.0929839, 42.7778088 ], [ -3.0929452, 42.7777729 ], [ -3.0928511, 42.7776874 ], [ -3.0928377, 42.7776739 ], [ -3.09278, 42.7776244 ], [ -3.0927467, 42.7775929 ], [ -3.0927283, 42.7775749 ], [ -3.0926365, 42.7774939 ], [ -3.0926185, 42.7774759 ], [ -3.0925306, 42.777395 ], [ -3.0924571, 42.7773275 ], [ -3.0924445, 42.7773185 ], [ -3.0923638, 42.777242 ], [ -3.0923389, 42.7772195 ], [ -3.0922831, 42.77717 ], [ -3.0922372, 42.7771295 ], [ -3.0922241, 42.7771161 ], [ -3.0921526, 42.7770531 ], [ -3.0920876, 42.7769946 ], [ -3.0920532, 42.7769631 ], [ -3.092003, 42.7769136 ], [ -3.0919652, 42.7768821 ], [ -3.0919262, 42.7768461 ], [ -3.0918829, 42.7768056 ], [ -3.0918481, 42.7767741 ], [ -3.0918106, 42.7767427 ], [ -3.0917682, 42.7767021 ], [ -3.0917498, 42.7766842 ], [ -3.0917383, 42.7766752 ], [ -3.0917246, 42.7766616 ], [ -3.0916614, 42.7766032 ], [ -3.0916519, 42.7765942 ], [ -3.0916048, 42.7765537 ], [ -3.0915738, 42.7765267 ], [ -3.0914973, 42.7764547 ], [ -3.0914844, 42.7764457 ], [ -3.0914132, 42.7763782 ], [ -3.0913711, 42.7763422 ], [ -3.0913313, 42.7763062 ], [ -3.0912637, 42.7762433 ], [ -3.091235, 42.7762163 ], [ -3.0911844, 42.7761713 ], [ -3.0911623, 42.7761488 ], [ -3.0911003, 42.7760948 ], [ -3.0910796, 42.7760768 ], [ -3.0910728, 42.7760678 ], [ -3.0910028, 42.7760048 ], [ -3.0909813, 42.7759868 ], [ -3.0909435, 42.7759508 ], [ -3.0908819, 42.7758968 ], [ -3.0908402, 42.7758564 ], [ -3.0908161, 42.7758384 ], [ -3.0907606, 42.7757844 ], [ -3.090691, 42.7757214 ], [ -3.0906723, 42.7757034 ], [ -3.0906068, 42.7756449 ], [ -3.0905365, 42.7755819 ], [ -3.0905097, 42.7755549 ], [ -3.0904344, 42.7754875 ], [ -3.0904202, 42.775474 ], [ -3.0903705, 42.775429 ], [ -3.0902886, 42.775357 ], [ -3.0902657, 42.7753345 ], [ -3.0902366, 42.7753075 ], [ -3.0902136, 42.7752895 ], [ -3.0902049, 42.7752805 ], [ -3.0901968, 42.7752715 ], [ -3.0901547, 42.7752355 ], [ -3.0900622, 42.77515 ], [ -3.09004, 42.775132 ], [ -3.0900228, 42.775114 ], [ -3.090014, 42.775105 ], [ -3.0899356, 42.7750331 ], [ -3.0898931, 42.7749971 ], [ -3.089877, 42.7749836 ], [ -3.0898602, 42.7749656 ], [ -3.0898303, 42.7749386 ], [ -3.0897764, 42.7748891 ], [ -3.0897286, 42.7748486 ], [ -3.0896713, 42.7747946 ], [ -3.0896311, 42.7747586 ], [ -3.089571, 42.7747046 ], [ -3.0895645, 42.7746957 ], [ -3.0895549, 42.7746867 ], [ -3.0894949, 42.7746327 ], [ -3.0894674, 42.7746101 ], [ -3.0894433, 42.7745877 ], [ -3.0894276, 42.7745742 ], [ -3.0893706, 42.7745202 ], [ -3.0893392, 42.7744932 ], [ -3.0893018, 42.7744572 ], [ -3.0892792, 42.7744392 ], [ -3.0892562, 42.7744167 ], [ -3.0892077, 42.7743717 ], [ -3.0891683, 42.7743357 ], [ -3.0891316, 42.7743043 ], [ -3.0891147, 42.7742907 ], [ -3.0890562, 42.7742368 ], [ -3.0890026, 42.7741873 ], [ -3.0889877, 42.7741738 ], [ -3.0889396, 42.7741288 ], [ -3.0888045, 42.7740388 ], [ -3.0887709, 42.7740163 ], [ -3.0887021, 42.7739714 ], [ -3.0886887, 42.7739624 ], [ -3.0886616, 42.7739444 ], [ -3.0886459, 42.7739354 ], [ -3.0885836, 42.7738949 ], [ -3.0885297, 42.7738589 ], [ -3.0884528, 42.773805 ], [ -3.0884173, 42.7737824 ], [ -3.0884042, 42.7737735 ], [ -3.0883832, 42.77376 ], [ -3.08828, 42.7736925 ], [ -3.088257, 42.773679 ], [ -3.0882104, 42.7736475 ], [ -3.0881798, 42.7736251 ], [ -3.0881416, 42.7736026 ], [ -3.0881167, 42.7735846 ], [ -3.088106, 42.7735756 ], [ -3.0880452, 42.7735351 ], [ -3.088005, 42.7735126 ], [ -3.0879802, 42.7734946 ], [ -3.0879695, 42.7734856 ], [ -3.0879481, 42.7734721 ], [ -3.087841, 42.7734002 ], [ -3.0878131, 42.7733822 ], [ -3.0877351, 42.7733327 ], [ -3.0876441, 42.7732697 ], [ -3.0875294, 42.7731978 ], [ -3.0875103, 42.7731843 ], [ -3.0874958, 42.7731753 ], [ -3.0873982, 42.7731078 ], [ -3.0873034, 42.7730449 ], [ -3.0872155, 42.7729864 ], [ -3.0870725, 42.7728919 ], [ -3.0870064, 42.7728515 ], [ -3.0869452, 42.772811 ], [ -3.0868347, 42.7727345 ], [ -3.0866642, 42.7726221 ], [ -3.0866512, 42.7726131 ], [ -3.0866374, 42.7726041 ], [ -3.0865781, 42.7725681 ], [ -3.0865522, 42.7725501 ], [ -3.0864738, 42.7724961 ], [ -3.0864049, 42.7724512 ], [ -3.0863698, 42.7724287 ], [ -3.0862937, 42.7723792 ], [ -3.0862673, 42.7723612 ], [ -3.0862355, 42.7723387 ], [ -3.0862088, 42.7723207 ], [ -3.0861889, 42.7723072 ], [ -3.0861618, 42.7722893 ], [ -3.0861468, 42.7722803 ], [ -3.0861228, 42.7722668 ], [ -3.0861014, 42.7722578 ], [ -3.08601, 42.7722173 ], [ -3.0859168, 42.7721813 ], [ -3.0858671, 42.7721589 ], [ -3.0858254, 42.7721409 ], [ -3.0857761, 42.7721184 ], [ -3.0857291, 42.7721005 ], [ -3.0857088, 42.7720915 ], [ -3.085684, 42.7720825 ], [ -3.0856481, 42.7720645 ], [ -3.0856167, 42.772051 ], [ -3.085595, 42.772042 ], [ -3.0855315, 42.7720151 ], [ -3.0854555, 42.7719836 ], [ -3.0854409, 42.7719791 ], [ -3.085337, 42.7719342 ], [ -3.0853228, 42.7719296 ], [ -3.0853121, 42.7719206 ], [ -3.0852548, 42.7718982 ], [ -3.0851447, 42.7718532 ], [ -3.0851095, 42.7718353 ], [ -3.085032, 42.7718038 ], [ -3.084983, 42.7717813 ], [ -3.0849464, 42.7717678 ], [ -3.0849077, 42.7717499 ], [ -3.0848691, 42.7717364 ], [ -3.0847472, 42.7716824 ], [ -3.0846425, 42.7716375 ], [ -3.0846058, 42.771624 ], [ -3.0845217, 42.771588 ], [ -3.0845034, 42.771579 ], [ -3.0844292, 42.7715476 ], [ -3.0843983, 42.7715341 ], [ -3.0843478, 42.7715116 ], [ -3.0843321, 42.7715071 ], [ -3.0842859, 42.7714892 ], [ -3.0842278, 42.7714622 ], [ -3.0841563, 42.7714217 ], [ -3.084099, 42.7713902 ], [ -3.0840554, 42.7713677 ], [ -3.0840149, 42.7713452 ], [ -3.0839782, 42.7713228 ], [ -3.0839422, 42.7713048 ], [ -3.0838731, 42.7712643 ], [ -3.083862, 42.7712688 ], [ -3.0838196, 42.7712823 ], [ -3.0838009, 42.7712869 ], [ -3.0837864, 42.7712914 ], [ -3.0837539, 42.7713004 ], [ -3.0837211, 42.7713095 ], [ -3.0837024, 42.7713185 ], [ -3.0836241, 42.771341 ], [ -3.0835684, 42.7713591 ], [ -3.0835424, 42.7713681 ], [ -3.0834725, 42.7713862 ], [ -3.0834611, 42.7713907 ], [ -3.0833943, 42.7714132 ], [ -3.0833717, 42.7714177 ], [ -3.0833278, 42.7714313 ], [ -3.0832644, 42.7714539 ], [ -3.0832373, 42.7714629 ], [ -3.0831358, 42.7714945 ], [ -3.0831239, 42.7714945 ], [ -3.0831075, 42.771499 ], [ -3.0830762, 42.7715125 ], [ -3.0830265, 42.771463 ], [ -3.0829909, 42.7714316 ], [ -3.0829446, 42.7713865 ], [ -3.0829148, 42.7713596 ], [ -3.0828834, 42.771328 ], [ -3.0828287, 42.7712786 ], [ -3.0828031, 42.7712516 ], [ -3.082743, 42.7711976 ], [ -3.0827102, 42.7711661 ], [ -3.0826582, 42.7711166 ], [ -3.082605, 42.7710671 ], [ -3.0825752, 42.7710401 ], [ -3.0825266, 42.7709951 ], [ -3.0824864, 42.7709546 ], [ -3.0824489, 42.7709186 ], [ -3.0823607, 42.7709096 ], [ -3.0823145, 42.7709052 ], [ -3.0822862, 42.7709007 ], [ -3.0822381, 42.7708917 ], [ -3.0821827, 42.7708873 ], [ -3.0821468, 42.7708828 ], [ -3.0819837, 42.7708604 ], [ -3.0818976, 42.7708515 ], [ -3.0818228, 42.7708425 ], [ -3.0817131, 42.7708246 ], [ -3.0816688, 42.7708201 ], [ -3.081657, 42.7708201 ], [ -3.0816016, 42.7708111 ], [ -3.0815607, 42.7708067 ], [ -3.0814999, 42.7707977 ], [ -3.0814499, 42.7707888 ], [ -3.0814361, 42.7707843 ], [ -3.0813994, 42.7707752 ], [ -3.0813773, 42.7707708 ], [ -3.081344, 42.7707618 ], [ -3.0811652, 42.7707214 ], [ -3.0810907, 42.7706899 ], [ -3.0810272, 42.770663 ], [ -3.0810005, 42.7706495 ], [ -3.0809745, 42.7706315 ], [ -3.0809481, 42.770618 ], [ -3.080921, 42.7706 ], [ -3.0808912, 42.770582 ], [ -3.0807478, 42.770447 ], [ -3.0807401, 42.770438 ], [ -3.0806923, 42.7703975 ], [ -3.0805845, 42.7702535 ], [ -3.0805725, 42.7702355 ], [ -3.0805603, 42.770222 ], [ -3.0805469, 42.770204 ], [ -3.0805335, 42.770186 ], [ -3.0805278, 42.770177 ], [ -3.0805056, 42.77015 ], [ -3.0804976, 42.7701365 ], [ -3.0804857, 42.770123 ], [ -3.0804734, 42.770105 ], [ -3.0804593, 42.770087 ], [ -3.0804471, 42.770069 ], [ -3.0804027, 42.7700105 ], [ -3.0803962, 42.7700015 ], [ -3.0803774, 42.769979 ], [ -3.0802917, 42.7698665 ], [ -3.0802802, 42.7698485 ], [ -3.0802741, 42.7698395 ], [ -3.0802538, 42.7698125 ], [ -3.0802118, 42.7697584 ], [ -3.0801647, 42.7696954 ], [ -3.0801333, 42.769655 ], [ -3.0800916, 42.7696009 ], [ -3.0800817, 42.7695875 ], [ -3.0800614, 42.7695604 ], [ -3.0800453, 42.7695379 ], [ -3.0800197, 42.7695065 ], [ -3.079996, 42.7694749 ], [ -3.0799887, 42.7694614 ], [ -3.0799508, 42.7694119 ], [ -3.0799435, 42.7693984 ], [ -3.079937, 42.7693894 ], [ -3.0798969, 42.7693354 ], [ -3.0798666, 42.7692949 ], [ -3.0798517, 42.7692724 ], [ -3.0798276, 42.7692409 ], [ -3.079802, 42.7692049 ], [ -3.0797779, 42.7691689 ], [ -3.079769, 42.7691599 ], [ -3.0797407, 42.7691149 ], [ -3.0797258, 42.7690924 ], [ -3.0796982, 42.7690474 ], [ -3.0796573, 42.7689799 ], [ -3.0796473, 42.7689664 ], [ -3.0796409, 42.7689529 ], [ -3.0796263, 42.7689258 ], [ -3.0795899, 42.7688538 ], [ -3.0795803, 42.7688358 ], [ -3.0795501, 42.7687773 ], [ -3.0795359, 42.7687368 ], [ -3.0795321, 42.7687233 ], [ -3.0794918, 42.7686062 ], [ -3.0794895, 42.7685972 ], [ -3.0794857, 42.7685882 ], [ -3.0794439, 42.7684622 ], [ -3.0794393, 42.7684532 ], [ -3.0794305, 42.7684262 ], [ -3.079422, 42.7683992 ], [ -3.0794182, 42.7683902 ], [ -3.079389, 42.7683046 ], [ -3.0793637, 42.7682281 ], [ -3.0793607, 42.7682191 ], [ -3.0793572, 42.7682101 ], [ -3.079348, 42.7681831 ], [ -3.0793361, 42.7681471 ], [ -3.0793258, 42.7681156 ], [ -3.0793017, 42.7680435 ], [ -3.0792982, 42.7680346 ], [ -3.0792679, 42.7679445 ], [ -3.0792778, 42.7679355 ], [ -3.0793091, 42.767904 ], [ -3.0793159, 42.7678949 ], [ -3.0793419, 42.7678724 ], [ -3.0793533, 42.7678589 ], [ -3.0793819, 42.7678318 ], [ -3.0793957, 42.7678183 ], [ -3.0794113, 42.7678003 ], [ -3.0794453, 42.7677643 ], [ -3.0794422, 42.7677193 ], [ -3.0794414, 42.7677102 ], [ -3.0794398, 42.7676877 ], [ -3.0794317, 42.7675797 ], [ -3.0794313, 42.7675707 ], [ -3.079427, 42.7675166 ], [ -3.0794266, 42.7675076 ], [ -3.079415, 42.76735 ], [ -3.0794142, 42.767341 ], [ -3.0793726, 42.7667827 ], [ -3.0794958, 42.766852 ], [ -3.0785969, 42.7663447 ], [ -3.0784885, 42.7662835 ], [ -3.0776891, 42.7654945 ], [ -3.0770935, 42.7649066 ], [ -3.0764693, 42.7641956 ], [ -3.0764693, 42.7641955 ], [ -3.0758575, 42.7636556 ], [ -3.0750504, 42.763305 ], [ -3.0740601, 42.7630354 ], [ -3.073119, 42.762928 ], [ -3.072361, 42.7627573 ], [ -3.0712114, 42.7621276 ], [ -3.0706366, 42.7617588 ], [ -3.0698174, 42.761381 ], [ -3.0685826, 42.7609855 ], [ -3.0649275, 42.7601501 ], [ -3.0641942, 42.7600875 ], [ -3.0641941, 42.7600875 ], [ -3.0634487, 42.7602409 ], [ -3.0623982, 42.7607549 ], [ -3.0604439, 42.7619986 ], [ -3.0578543, 42.7634679 ], [ -3.0575606, 42.7635723 ], [ -3.0577265, 42.7640128 ], [ -3.0578287, 42.7642829 ], [ -3.057841, 42.7643144 ], [ -3.0579823, 42.7646835 ], [ -3.0580688, 42.7649132 ], [ -3.0581094, 42.7650212 ], [ -3.0582246, 42.7653228 ], [ -3.0582678, 42.7654399 ], [ -3.058331, 42.7656064 ], [ -3.0583678, 42.765701 ], [ -3.0583888, 42.765755 ], [ -3.0584893, 42.7657865 ], [ -3.058555, 42.7658045 ], [ -3.0585764, 42.7658134 ], [ -3.0587614, 42.7658674 ], [ -3.0588248, 42.7658899 ], [ -3.0588813, 42.7659078 ], [ -3.0589302, 42.7659213 ], [ -3.0591377, 42.7659842 ], [ -3.0592137, 42.7660067 ], [ -3.0592286, 42.7660112 ], [ -3.0592626, 42.7660337 ], [ -3.0592772, 42.7660427 ], [ -3.059302, 42.7660562 ], [ -3.0593819, 42.7661057 ], [ -3.0594644, 42.7661552 ], [ -3.059495, 42.7661732 ], [ -3.0595076, 42.7661777 ], [ -3.0595856, 42.7662272 ], [ -3.0595997, 42.7662362 ], [ -3.0597602, 42.7663307 ], [ -3.0597939, 42.7663486 ], [ -3.0598198, 42.7663666 ], [ -3.0598516, 42.7663847 ], [ -3.0598619, 42.7663891 ], [ -3.0599135, 42.7664206 ], [ -3.0599314, 42.7664341 ], [ -3.0599497, 42.7664431 ], [ -3.0601053, 42.7665376 ], [ -3.0601233, 42.7665466 ], [ -3.0601756, 42.7665781 ], [ -3.0601906, 42.7665871 ], [ -3.060218, 42.7666051 ], [ -3.0602429, 42.7666186 ], [ -3.0602975, 42.7666501 ], [ -3.0603358, 42.7666726 ], [ -3.0604645, 42.766749 ], [ -3.0605395, 42.766794 ], [ -3.0605544, 42.766803 ], [ -3.0606331, 42.7668525 ], [ -3.0607924, 42.766947 ], [ -3.06081, 42.766956 ], [ -3.0608196, 42.766965 ], [ -3.0608402, 42.766974 ], [ -3.0608609, 42.7669875 ], [ -3.0608762, 42.7669965 ], [ -3.0608983, 42.7670099 ], [ -3.0610218, 42.7670819 ], [ -3.0610577, 42.7671044 ], [ -3.0611364, 42.767154 ], [ -3.0611766, 42.7671764 ], [ -3.0612274, 42.7672079 ], [ -3.0612561, 42.7672214 ], [ -3.0613401, 42.7672754 ], [ -3.0613584, 42.7672844 ], [ -3.0613466, 42.7672979 ], [ -3.0613344, 42.7673114 ], [ -3.0613169, 42.7673294 ], [ -3.0612558, 42.7673925 ], [ -3.0612448, 42.7674061 ], [ -3.0612295, 42.7674196 ], [ -3.0612131, 42.7674376 ], [ -3.0611982, 42.7674511 ], [ -3.0611757, 42.7674781 ], [ -3.0611334, 42.7675187 ], [ -3.0611127, 42.7675412 ], [ -3.0610941, 42.7675637 ], [ -3.0610311, 42.7676268 ], [ -3.0610208, 42.7676403 ], [ -3.0610013, 42.7676583 ], [ -3.0608097, 42.7678611 ], [ -3.0607922, 42.7678791 ], [ -3.060619, 42.7680593 ], [ -3.0606094, 42.7680728 ], [ -3.0605972, 42.7680818 ], [ -3.0604751, 42.7682124 ], [ -3.0604099, 42.76828 ], [ -3.0603507, 42.7683431 ], [ -3.0602759, 42.7684197 ], [ -3.0602595, 42.7684377 ], [ -3.0601851, 42.7685143 ], [ -3.0601301, 42.7685728 ], [ -3.0600756, 42.7686314 ], [ -3.0599997, 42.7687125 ], [ -3.0599836, 42.768726 ], [ -3.0598554, 42.7688611 ], [ -3.0598417, 42.7688747 ], [ -3.0598226, 42.7688972 ], [ -3.0597318, 42.7689918 ], [ -3.0596677, 42.7690594 ], [ -3.0596188, 42.7691089 ], [ -3.059583, 42.7691495 ], [ -3.0594677, 42.7692711 ], [ -3.0593917, 42.7693477 ], [ -3.0593013, 42.7694423 ], [ -3.0592486, 42.7695008 ], [ -3.0591823, 42.7695684 ], [ -3.0591495, 42.7696045 ], [ -3.0591996, 42.7697756 ], [ -3.059202, 42.7697846 ], [ -3.059205, 42.7697936 ], [ -3.0592077, 42.7698026 ], [ -3.0592096, 42.7698116 ], [ -3.0592211, 42.7698521 ], [ -3.0592828, 42.7700637 ], [ -3.0593403, 42.7702618 ], [ -3.0593778, 42.7703923 ], [ -3.059402, 42.7704779 ], [ -3.059412, 42.7705139 ], [ -3.0594181, 42.7705319 ], [ -3.0594372, 42.7705994 ], [ -3.0594614, 42.770685 ], [ -3.0594813, 42.7707525 ], [ -3.0594974, 42.7708065 ], [ -3.0595032, 42.770829 ], [ -3.0595239, 42.7708966 ], [ -3.0595265, 42.7709101 ], [ -3.0595293, 42.7709191 ], [ -3.0595392, 42.7709461 ], [ -3.059543, 42.7709551 ], [ -3.0595591, 42.7710001 ], [ -3.0595744, 42.7710451 ], [ -3.0595909, 42.7710902 ], [ -3.0596024, 42.7711217 ], [ -3.0596161, 42.7711622 ], [ -3.05962, 42.7711757 ], [ -3.0596368, 42.7712207 ], [ -3.0596403, 42.7712297 ], [ -3.0596541, 42.7712702 ], [ -3.059664, 42.7712972 ], [ -3.0596859, 42.7713603 ], [ -3.0596997, 42.7713963 ], [ -3.0597073, 42.7714188 ], [ -3.0597517, 42.7715448 ], [ -3.059764, 42.7715809 ], [ -3.0597785, 42.7716214 ], [ -3.05979, 42.7716529 ], [ -3.0597985, 42.7716754 ], [ -3.0598551, 42.7718375 ], [ -3.059862, 42.7718555 ], [ -3.0598704, 42.771878 ], [ -3.0598781, 42.7719005 ], [ -3.0598835, 42.7719185 ], [ -3.0598885, 42.771932 ], [ -3.0599053, 42.771977 ], [ -3.0599111, 42.771995 ], [ -3.0599191, 42.7720176 ], [ -3.0600072, 42.7722652 ], [ -3.0600237, 42.7723102 ], [ -3.0600271, 42.7723192 ], [ -3.0600409, 42.7723597 ], [ -3.0600447, 42.7723687 ], [ -3.0600581, 42.7724092 ], [ -3.0600784, 42.7724678 ], [ -3.0600822, 42.7724768 ], [ -3.0600964, 42.7725173 ], [ -3.0601026, 42.7725353 ], [ -3.060111, 42.7725578 ], [ -3.0601267, 42.7726028 ], [ -3.0601397, 42.7726388 ], [ -3.0601428, 42.7726478 ], [ -3.0601477, 42.7726614 ], [ -3.0601566, 42.7726883 ], [ -3.0601616, 42.7727018 ], [ -3.0601677, 42.7727153 ], [ -3.0601746, 42.7727379 ], [ -3.0602216, 42.7728684 ], [ -3.0602263, 42.7728819 ], [ -3.0602297, 42.7728909 ], [ -3.0602382, 42.7729134 ], [ -3.0602558, 42.772963 ], [ -3.0602772, 42.7729945 ], [ -3.0602887, 42.7730125 ], [ -3.0603636, 42.7731205 ], [ -3.0603869, 42.773152 ], [ -3.0604057, 42.773179 ], [ -3.0604099, 42.773188 ], [ -3.0604313, 42.7732195 ], [ -3.0604371, 42.7732285 ], [ -3.0604581, 42.7732555 ], [ -3.060486, 42.7732961 ], [ -3.0605182, 42.7733456 ], [ -3.0605315, 42.7733636 ], [ -3.0606134, 42.7734851 ], [ -3.0606222, 42.7734986 ], [ -3.0606559, 42.7735436 ], [ -3.0606681, 42.7735616 ], [ -3.0606761, 42.7735751 ], [ -3.0606976, 42.7736066 ], [ -3.0607041, 42.7736156 ], [ -3.0607378, 42.7736651 ], [ -3.0607458, 42.7736741 ], [ -3.0607936, 42.7737462 ], [ -3.0608039, 42.7737597 ], [ -3.0608093, 42.7737687 ], [ -3.0608349, 42.7738047 ], [ -3.0608597, 42.7738407 ], [ -3.0609397, 42.7739577 ], [ -3.0609673, 42.7739982 ], [ -3.0609757, 42.7740117 ], [ -3.0609982, 42.7740432 ], [ -3.0610101, 42.7740612 ], [ -3.061033, 42.7740928 ], [ -3.0610518, 42.7741242 ], [ -3.061087, 42.7741738 ], [ -3.0610919, 42.7741828 ], [ -3.0611168, 42.7742188 ], [ -3.0611428, 42.7742548 ], [ -3.0611838, 42.7743133 ], [ -3.0612354, 42.7743898 ], [ -3.0612423, 42.7743988 ], [ -3.0612828, 42.7744574 ], [ -3.0612978, 42.7744799 ], [ -3.0613104, 42.7744978 ], [ -3.0613318, 42.7745294 ], [ -3.061349, 42.7745564 ], [ -3.0613716, 42.7745879 ], [ -3.0614221, 42.7746599 ], [ -3.061429, 42.7746734 ], [ -3.0614581, 42.7747139 ], [ -3.0614894, 42.7747589 ], [ -3.0615078, 42.7747859 ], [ -3.0615212, 42.7748084 ], [ -3.0615786, 42.7748894 ], [ -3.0616229, 42.7749524 ], [ -3.0616325, 42.7749705 ], [ -3.0616551, 42.775002 ], [ -3.0616688, 42.77502 ], [ -3.061683, 42.7750425 ], [ -3.061688, 42.7750515 ], [ -3.0617255, 42.7751055 ], [ -3.0617534, 42.775146 ], [ -3.0617741, 42.775173 ], [ -3.0617824, 42.7751865 ], [ -3.0618299, 42.775254 ], [ -3.0618379, 42.7752675 ], [ -3.0618965, 42.7753531 ], [ -3.0619137, 42.7753801 ], [ -3.0619206, 42.7753891 ], [ -3.0619493, 42.7754296 ], [ -3.0619584, 42.7754431 ], [ -3.0620698, 42.7756052 ], [ -3.0620885, 42.7756321 ], [ -3.0620969, 42.7756456 ], [ -3.0621065, 42.7756591 ], [ -3.0621168, 42.7756726 ], [ -3.062126, 42.7756862 ], [ -3.062147, 42.7757176 ], [ -3.0621566, 42.7757312 ], [ -3.0621761, 42.7757582 ], [ -3.0621918, 42.7757852 ], [ -3.0622136, 42.7758167 ], [ -3.0622373, 42.7758482 ], [ -3.0622511, 42.7758707 ], [ -3.0623222, 42.7759742 ], [ -3.0623303, 42.7759832 ], [ -3.0623544, 42.7760192 ], [ -3.0623647, 42.7760327 ], [ -3.0623945, 42.7760778 ], [ -3.0624248, 42.7761228 ], [ -3.0624428, 42.7761498 ], [ -3.0624676, 42.7761858 ], [ -3.0624737, 42.7761948 ], [ -3.062528, 42.7762713 ], [ -3.0625353, 42.7762848 ], [ -3.0625518, 42.7763073 ], [ -3.0625644, 42.7763253 ], [ -3.0626241, 42.7764063 ], [ -3.0626665, 42.7764648 ], [ -3.0626856, 42.7764918 ], [ -3.0627055, 42.7765189 ], [ -3.0627163, 42.7765369 ], [ -3.0627415, 42.7765684 ], [ -3.0627492, 42.7765819 ], [ -3.0627771, 42.7766179 ], [ -3.0627863, 42.7766314 ], [ -3.062833, 42.7766989 ], [ -3.0628651, 42.7767394 ], [ -3.062906, 42.7767979 ], [ -3.0629795, 42.7769014 ], [ -3.0629856, 42.7769104 ], [ -3.0630422, 42.776987 ], [ -3.0630483, 42.776996 ], [ -3.0630793, 42.7770365 ], [ -3.063111, 42.7770815 ], [ -3.0631244, 42.7770995 ], [ -3.0631504, 42.7771355 ], [ -3.0631803, 42.777176 ], [ -3.063191, 42.777194 ], [ -3.0632576, 42.777284 ], [ -3.0632652, 42.777293 ], [ -3.0633023, 42.777347 ], [ -3.0633207, 42.7773695 ], [ -3.0633387, 42.7773966 ], [ -3.0633574, 42.7774236 ], [ -3.0633754, 42.777446 ], [ -3.063424, 42.7775136 ], [ -3.0634312, 42.7775226 ], [ -3.0634787, 42.7775901 ], [ -3.0634913, 42.7776081 ], [ -3.0635235, 42.7776531 ], [ -3.0635514, 42.7776891 ], [ -3.0635667, 42.7777116 ], [ -3.0636183, 42.7777836 ], [ -3.0636478, 42.7778241 ], [ -3.0636711, 42.7778557 ], [ -3.0637063, 42.7779052 ], [ -3.0637281, 42.7779367 ], [ -3.0637438, 42.7779591 ], [ -3.0637602, 42.7779817 ], [ -3.0637767, 42.7780042 ], [ -3.0637993, 42.7780357 ], [ -3.0638134, 42.7780537 ], [ -3.0638482, 42.7781032 ], [ -3.0639332, 42.7782202 ], [ -3.063942, 42.7782292 ], [ -3.0639565, 42.7782517 ], [ -3.0639779, 42.7782832 ], [ -3.0639875, 42.7782923 ], [ -3.0640028, 42.7783147 ], [ -3.0640185, 42.7783372 ], [ -3.0640579, 42.7783913 ], [ -3.064072, 42.7784092 ], [ -3.0641038, 42.7784543 ], [ -3.0641203, 42.7784768 ], [ -3.064152, 42.7785218 ], [ -3.064175, 42.7785533 ], [ -3.0642079, 42.7785983 ], [ -3.06423, 42.7786298 ], [ -3.0642641, 42.7786793 ], [ -3.0642752, 42.7786928 ], [ -3.0642974, 42.7787243 ], [ -3.0643081, 42.7787378 ], [ -3.0643521, 42.7788008 ], [ -3.0643631, 42.7788144 ], [ -3.0643727, 42.7788279 ], [ -3.0643968, 42.7788593 ], [ -3.0644068, 42.7788729 ], [ -3.0644359, 42.7789134 ], [ -3.0644615, 42.7789494 ], [ -3.0644863, 42.7789854 ], [ -3.0645307, 42.7790439 ], [ -3.0645281, 42.7790574 ], [ -3.0645262, 42.7790664 ], [ -3.0645228, 42.7790844 ], [ -3.0645148, 42.7791205 ], [ -3.0645121, 42.779134 ], [ -3.0645064, 42.7791655 ], [ -3.0644992, 42.779197 ], [ -3.0644931, 42.7792285 ], [ -3.0644866, 42.7792601 ], [ -3.0644817, 42.7792825 ], [ -3.0644748, 42.7793186 ], [ -3.064468, 42.7793501 ], [ -3.0644638, 42.7793726 ], [ -3.0644593, 42.7793907 ], [ -3.0644486, 42.7794447 ], [ -3.0644448, 42.7794627 ], [ -3.0644368, 42.7795032 ], [ -3.0644288, 42.7795393 ], [ -3.0644269, 42.7795483 ], [ -3.0644228, 42.7795708 ], [ -3.0644163, 42.7796023 ], [ -3.064414, 42.7796158 ], [ -3.0644071, 42.7796473 ], [ -3.0643999, 42.7796833 ], [ -3.0643969, 42.7796969 ], [ -3.0643893, 42.7797329 ], [ -3.0643866, 42.7797464 ], [ -3.0643836, 42.7797599 ], [ -3.0643555, 42.7798995 ], [ -3.0643505, 42.779922 ], [ -3.0643418, 42.7799671 ], [ -3.064338, 42.7799851 ], [ -3.0643205, 42.7800706 ], [ -3.0643178, 42.7800842 ], [ -3.0643152, 42.7800932 ], [ -3.0642977, 42.7801787 ], [ -3.0642916, 42.7802103 ], [ -3.0642836, 42.7802508 ], [ -3.0642802, 42.7802642 ], [ -3.0642734, 42.7803003 ], [ -3.0642634, 42.7803453 ], [ -3.0642525, 42.7803994 ], [ -3.0642456, 42.7804354 ], [ -3.064241, 42.7804579 ], [ -3.0642349, 42.7804894 ], [ -3.0642304, 42.7805074 ], [ -3.0642243, 42.780539 ], [ -3.0642178, 42.7805705 ], [ -3.0642144, 42.7805885 ], [ -3.0642068, 42.7806245 ], [ -3.064203, 42.7806425 ], [ -3.0641947, 42.7806831 ], [ -3.0641844, 42.7807326 ], [ -3.0641787, 42.7807596 ], [ -3.0641703, 42.7808002 ], [ -3.0641661, 42.7808227 ], [ -3.0641222, 42.7808047 ], [ -3.0640912, 42.7807912 ], [ -3.063933, 42.7807192 ], [ -3.0639219, 42.7807147 ], [ -3.0637763, 42.7806518 ], [ -3.0637018, 42.7806203 ], [ -3.0636101, 42.7805798 ], [ -3.0635424, 42.7805529 ], [ -3.0635172, 42.7805394 ], [ -3.063506, 42.7805349 ], [ -3.0634457, 42.7805124 ], [ -3.0633948, 42.7804899 ], [ -3.0633024, 42.7804494 ], [ -3.0632733, 42.7804359 ], [ -3.0631804, 42.7803954 ], [ -3.0631655, 42.7803909 ], [ -3.0631407, 42.7803909 ], [ -3.0629841, 42.7804 ], [ -3.0628439, 42.7804092 ], [ -3.0627621, 42.7804137 ], [ -3.0626865, 42.7804182 ], [ -3.0626536, 42.7804183 ], [ -3.0626166, 42.7804228 ], [ -3.0625478, 42.7804273 ], [ -3.0625019, 42.7804318 ], [ -3.0624848, 42.7804319 ], [ -3.0624657, 42.7804319 ], [ -3.06244, 42.7804364 ], [ -3.0624198, 42.7804364 ], [ -3.0623942, 42.7804409 ], [ -3.0623736, 42.7804409 ], [ -3.0623442, 42.7804454 ], [ -3.0623129, 42.7804499 ], [ -3.0622762, 42.7804545 ], [ -3.0622212, 42.780459 ], [ -3.0620951, 42.7804726 ], [ -3.0620424, 42.7804771 ], [ -3.0620095, 42.7804771 ], [ -3.0618105, 42.7804998 ], [ -3.0617437, 42.7805043 ], [ -3.0615733, 42.7805224 ], [ -3.0614728, 42.7805314 ], [ -3.061335, 42.780545 ], [ -3.0612391, 42.7805541 ], [ -3.0611802, 42.7805586 ], [ -3.0610771, 42.7805722 ], [ -3.0610461, 42.7805722 ], [ -3.0610358, 42.7805767 ], [ -3.0608727, 42.7805903 ], [ -3.0607978, 42.7805994 ], [ -3.0606034, 42.7806175 ], [ -3.0605782, 42.7806175 ], [ -3.0605068, 42.7806265 ], [ -3.0604162, 42.7806356 ], [ -3.0603639, 42.7806401 ], [ -3.0602901, 42.7806491 ], [ -3.0602195, 42.7806537 ], [ -3.0601778, 42.7806582 ], [ -3.0601106, 42.7806673 ], [ -3.0600449, 42.7806718 ], [ -3.0599995, 42.7806763 ], [ -3.0599166, 42.7806854 ], [ -3.059805, 42.7806944 ], [ -3.0596817, 42.780708 ], [ -3.0596297, 42.7807125 ], [ -3.0595643, 42.780717 ], [ -3.0595139, 42.7807216 ], [ -3.0594734, 42.7807261 ], [ -3.0593577, 42.7807397 ], [ -3.0593294, 42.7807397 ], [ -3.0592724, 42.7807487 ], [ -3.0591659, 42.7807578 ], [ -3.0590972, 42.7807668 ], [ -3.059075, 42.7807668 ], [ -3.0589921, 42.7807759 ], [ -3.0589783, 42.7807759 ], [ -3.0589344, 42.7807804 ], [ -3.0588924, 42.7807849 ], [ -3.0588152, 42.780794 ], [ -3.0587549, 42.7807985 ], [ -3.0586735, 42.7808076 ], [ -3.0586192, 42.7808121 ], [ -3.0585879, 42.7808166 ], [ -3.0584588, 42.7808257 ], [ -3.0584703, 42.7809157 ], [ -3.0584884, 42.7810508 ], [ -3.0584923, 42.7810823 ], [ -3.0584938, 42.7810913 ], [ -3.0584996, 42.7811363 ], [ -3.0585084, 42.7811994 ], [ -3.0585165, 42.7812624 ], [ -3.0585204, 42.7812939 ], [ -3.0585323, 42.7813795 ], [ -3.0585342, 42.7813975 ], [ -3.0585388, 42.781429 ], [ -3.0585423, 42.781456 ], [ -3.058548, 42.7814966 ], [ -3.0585492, 42.7815056 ], [ -3.0585542, 42.781546 ], [ -3.0585554, 42.7815551 ], [ -3.0585611, 42.7815956 ], [ -3.0585677, 42.7816496 ], [ -3.0585703, 42.7816676 ], [ -3.0585815, 42.7817532 ], [ -3.0585869, 42.7817892 ], [ -3.0585884, 42.7818027 ], [ -3.0585981, 42.7818747 ], [ -3.0586158, 42.7820098 ], [ -3.0586296, 42.7821134 ], [ -3.0586369, 42.7821674 ], [ -3.0586481, 42.7822529 ], [ -3.0586627, 42.782361 ], [ -3.0586685, 42.782406 ], [ -3.0586796, 42.7824871 ], [ -3.0586896, 42.7825636 ], [ -3.0586992, 42.7826356 ], [ -3.0587135, 42.7827437 ], [ -3.0587212, 42.7827977 ], [ -3.0587273, 42.7828473 ], [ -3.0587365, 42.7829148 ], [ -3.0587327, 42.7829328 ], [ -3.0586602, 42.7829554 ], [ -3.0586292, 42.7829644 ], [ -3.0585819, 42.7829779 ], [ -3.0585433, 42.7829915 ], [ -3.0584955, 42.783005 ], [ -3.058457, 42.7830185 ], [ -3.0584104, 42.7830366 ], [ -3.0583886, 42.7830411 ], [ -3.0583638, 42.7830501 ], [ -3.0583405, 42.7830546 ], [ -3.0582996, 42.7830681 ], [ -3.0582775, 42.7830771 ], [ -3.0582408, 42.7830906 ], [ -3.0582274, 42.7830907 ], [ -3.058182, 42.7831087 ], [ -3.0581686, 42.7831132 ], [ -3.0580911, 42.7831358 ], [ -3.0580365, 42.7831538 ], [ -3.0579887, 42.7831673 ], [ -3.0579467, 42.7831809 ], [ -3.0577065, 42.7832575 ], [ -3.0575896, 42.7832981 ], [ -3.0575747, 42.7833026 ], [ -3.0574788, 42.7833342 ], [ -3.057467, 42.7833342 ], [ -3.0574292, 42.7833477 ], [ -3.0573952, 42.7833568 ], [ -3.0573574, 42.7833703 ], [ -3.0573471, 42.7833748 ], [ -3.057292, 42.7833928 ], [ -3.0572485, 42.7834063 ], [ -3.0572011, 42.7834199 ], [ -3.0571683, 42.7834289 ], [ -3.057106, 42.7834514 ], [ -3.0570384, 42.783474 ], [ -3.0567393, 42.7835687 ], [ -3.056721, 42.7835732 ], [ -3.0566423, 42.7835957 ], [ -3.0566232, 42.7836047 ], [ -3.0565606, 42.7836228 ], [ -3.056496, 42.7836408 ], [ -3.056464, 42.7836544 ], [ -3.0563811, 42.7836769 ], [ -3.0563288, 42.7836949 ], [ -3.0562337, 42.783722 ], [ -3.0561534, 42.7837491 ], [ -3.0560534, 42.7837761 ], [ -3.0559376, 42.7838122 ], [ -3.0558964, 42.7838258 ], [ -3.0558799, 42.7838303 ], [ -3.0552482, 42.7840242 ], [ -3.0552069, 42.7840377 ], [ -3.0551725, 42.7840467 ], [ -3.0551527, 42.7840512 ], [ -3.05509, 42.7840738 ], [ -3.0550332, 42.7840873 ], [ -3.0550213, 42.7840918 ], [ -3.0549667, 42.7841098 ], [ -3.0549498, 42.7841144 ], [ -3.0549105, 42.7841279 ], [ -3.0548861, 42.7841324 ], [ -3.0548735, 42.7841369 ], [ -3.0548376, 42.7841505 ], [ -3.0548242, 42.784155 ], [ -3.0548086, 42.7841595 ], [ -3.0544896, 42.7842542 ], [ -3.0541329, 42.7844389 ], [ -3.0541085, 42.7844525 ], [ -3.0540817, 42.784466 ], [ -3.0540653, 42.784475 ], [ -3.0540008, 42.7845111 ], [ -3.0539721, 42.7845246 ], [ -3.0538709, 42.7845742 ], [ -3.0537686, 42.7846282 ], [ -3.0537231, 42.7846508 ], [ -3.0537052, 42.7846643 ], [ -3.0536078, 42.7847139 ], [ -3.0535956, 42.7847184 ], [ -3.0535326, 42.7847499 ], [ -3.053405, 42.7848175 ], [ -3.053347, 42.784849 ], [ -3.0533203, 42.7848626 ], [ -3.0532893, 42.7848761 ], [ -3.0532599, 42.7848941 ], [ -3.0532194, 42.7849122 ], [ -3.0532007, 42.7849257 ], [ -3.0531774, 42.7849347 ], [ -3.0530434, 42.7850068 ], [ -3.0530269, 42.7850158 ], [ -3.0529597, 42.7850474 ], [ -3.0529288, 42.7850654 ], [ -3.0528424, 42.7851104 ], [ -3.0528008, 42.785133 ], [ -3.0527176, 42.7851735 ], [ -3.0526782, 42.7851961 ], [ -3.0526358, 42.7852186 ], [ -3.052553, 42.7852592 ], [ -3.0524571, 42.7853087 ], [ -3.0524021, 42.7853358 ], [ -3.052393, 42.7853448 ], [ -3.0523227, 42.7853808 ], [ -3.0521921, 42.7854484 ], [ -3.0521814, 42.7854529 ], [ -3.0521352, 42.7854755 ], [ -3.0521241, 42.78548 ], [ -3.0520565, 42.785516 ], [ -3.0518903, 42.7856017 ], [ -3.0518491, 42.7856242 ], [ -3.0518209, 42.7856377 ], [ -3.0517677, 42.7856648 ], [ -3.0517487, 42.7856783 ], [ -3.0516559, 42.7857233 ], [ -3.0515264, 42.785791 ], [ -3.0514935, 42.785809 ], [ -3.0514615, 42.785827 ], [ -3.0513977, 42.7858586 ], [ -3.0513618, 42.7858766 ], [ -3.0512648, 42.7859261 ], [ -3.0512476, 42.7859352 ], [ -3.0511987, 42.7859622 ], [ -3.0511602, 42.7859802 ], [ -3.0510608, 42.7860343 ], [ -3.0509967, 42.7860658 ], [ -3.0508607, 42.7861379 ], [ -3.0507882, 42.786174 ], [ -3.0506098, 42.7862686 ], [ -3.0504716, 42.7863407 ], [ -3.0504066, 42.7863723 ], [ -3.0502455, 42.7864579 ], [ -3.0500548, 42.7865525 ], [ -3.0499575, 42.7865931 ], [ -3.0496924, 42.7866923 ], [ -3.0495488, 42.7867464 ], [ -3.0492371, 42.7868636 ], [ -3.0491974, 42.7868771 ], [ -3.0491389, 42.7868996 ], [ -3.0485427, 42.7871521 ], [ -3.0485201, 42.7871611 ], [ -3.048467, 42.7871836 ], [ -3.0483883, 42.7872152 ], [ -3.0483673, 42.7872242 ], [ -3.0482734, 42.7872647 ], [ -3.048244, 42.7872782 ], [ -3.0480679, 42.7873504 ], [ -3.0480385, 42.7873639 ], [ -3.0479689, 42.7873909 ], [ -3.0479296, 42.7874089 ], [ -3.0478864, 42.787427 ], [ -3.0478078, 42.7874585 ], [ -3.0477909, 42.7874676 ], [ -3.0476538, 42.7875261 ], [ -3.0476271, 42.7875352 ], [ -3.047197, 42.7877154 ], [ -3.0471764, 42.7877245 ], [ -3.0471523, 42.787738 ], [ -3.0471294, 42.787747 ], [ -3.0470824, 42.787765 ], [ -3.0470633, 42.787774 ], [ -3.0469846, 42.7878056 ], [ -3.0469709, 42.7878146 ], [ -3.0469338, 42.7878281 ], [ -3.0468815, 42.7878507 ], [ -3.0468506, 42.7878642 ], [ -3.0468032, 42.7878822 ], [ -3.0463047, 42.788094 ], [ -3.0461749, 42.7881481 ], [ -3.0461641, 42.7881526 ], [ -3.0461477, 42.7881571 ], [ -3.0460465, 42.7882022 ], [ -3.0455128, 42.7882564 ], [ -3.0453889, 42.78827 ], [ -3.0453015, 42.788279 ], [ -3.0451196, 42.7882971 ], [ -3.0450661, 42.7883061 ], [ -3.0450398, 42.7883061 ], [ -3.0449622, 42.7883152 ], [ -3.0449363, 42.7883197 ], [ -3.0434997, 42.7884688 ], [ -3.0434225, 42.7884778 ], [ -3.0434114, 42.7884824 ], [ -3.0433193, 42.7884914 ], [ -3.0432976, 42.7884914 ], [ -3.0432804, 42.7884959 ], [ -3.0432299, 42.7885004 ], [ -3.0430278, 42.788523 ], [ -3.0429499, 42.7885275 ], [ -3.0429301, 42.7885861 ], [ -3.042924, 42.7886041 ], [ -3.0429076, 42.7886491 ], [ -3.0428999, 42.7886717 ], [ -3.0428892, 42.7886987 ], [ -3.0428793, 42.7887257 ], [ -3.0428705, 42.7887527 ], [ -3.0428572, 42.7887887 ], [ -3.0428431, 42.7888293 ], [ -3.0428343, 42.7888518 ], [ -3.042824, 42.7888833 ], [ -3.042811, 42.7889193 ], [ -3.0427923, 42.7889689 ], [ -3.0427817, 42.7890004 ], [ -3.0427687, 42.7890364 ], [ -3.0427543, 42.789077 ], [ -3.0427417, 42.789113 ], [ -3.0427329, 42.78914 ], [ -3.0427172, 42.7891805 ], [ -3.042705, 42.7892165 ], [ -3.0426913, 42.7892526 ], [ -3.042681, 42.7892841 ], [ -3.0426554, 42.7893562 ], [ -3.0426471, 42.7893787 ], [ -3.0426379, 42.7894012 ], [ -3.0426295, 42.7894282 ], [ -3.0426123, 42.7894732 ], [ -3.0426028, 42.7895003 ], [ -3.0425921, 42.7895318 ], [ -3.0425837, 42.7895543 ], [ -3.0425788, 42.7895678 ], [ -3.0425696, 42.7895948 ], [ -3.0425605, 42.7896218 ], [ -3.0425464, 42.7896579 ], [ -3.0425429, 42.7896669 ], [ -3.0424526, 42.7899236 ], [ -3.0424144, 42.7900272 ], [ -3.0423892, 42.7900992 ], [ -3.0423274, 42.7902749 ], [ -3.0423199, 42.7902928 ], [ -3.0423179, 42.7903019 ], [ -3.0422209, 42.7902839 ], [ -3.0421994, 42.7902839 ], [ -3.0421478, 42.7902749 ], [ -3.0420734, 42.7902659 ], [ -3.0420409, 42.7902614 ], [ -3.0419599, 42.7902479 ], [ -3.0419407, 42.7902434 ], [ -3.0418624, 42.7902345 ], [ -3.0418384, 42.79023 ], [ -3.0417566, 42.7902165 ], [ -3.0415525, 42.7901896 ], [ -3.0415399, 42.7901851 ], [ -3.0412177, 42.7901401 ], [ -3.0405868, 42.7900458 ], [ -3.0404928, 42.7900323 ], [ -3.0403958, 42.7900189 ], [ -3.0402861, 42.7900054 ], [ -3.0402582, 42.7900009 ], [ -3.0402009, 42.7900594 ], [ -3.0401303, 42.7901315 ], [ -3.0400898, 42.7901721 ], [ -3.0400761, 42.7901856 ], [ -3.0400516, 42.7902126 ], [ -3.0399592, 42.7903072 ], [ -3.0399409, 42.7903252 ], [ -3.0399329, 42.7903342 ], [ -3.0398534, 42.7904153 ], [ -3.0398416, 42.7904288 ], [ -3.0397996, 42.7904738 ], [ -3.0397755, 42.7904964 ], [ -3.0397595, 42.7905144 ], [ -3.0397305, 42.7905459 ], [ -3.0397144, 42.7905594 ], [ -3.0397041, 42.7905729 ], [ -3.0396938, 42.7905819 ], [ -3.0396003, 42.7906765 ], [ -3.0393186, 42.7906361 ], [ -3.0391807, 42.7906181 ], [ -3.0391512, 42.7906136 ], [ -3.039113, 42.7906047 ], [ -3.0390867, 42.7906047 ], [ -3.0390435, 42.7905957 ], [ -3.0390225, 42.7905957 ], [ -3.0389441, 42.7905822 ], [ -3.0388994, 42.7905777 ], [ -3.0388402, 42.7905687 ], [ -3.0387764, 42.7905597 ], [ -3.0387298, 42.7905507 ], [ -3.0386564, 42.7905417 ], [ -3.0386212, 42.7905373 ], [ -3.0385807, 42.7905283 ], [ -3.0385238, 42.7905193 ], [ -3.0384573, 42.7905103 ], [ -3.0383996, 42.7905013 ], [ -3.0383751, 42.7905013 ], [ -3.038317, 42.7904923 ], [ -3.0382471, 42.7904789 ], [ -3.0380839, 42.7904564 ], [ -3.037985, 42.7904429 ], [ -3.0379712, 42.7904384 ], [ -3.0379399, 42.7904339 ], [ -3.0377401, 42.790407 ], [ -3.0377278, 42.7904025 ], [ -3.0376491, 42.790425 ], [ -3.0376006, 42.790434 ], [ -3.03758, 42.790443 ], [ -3.0374925, 42.7904611 ], [ -3.0374321, 42.7904791 ], [ -3.0374114, 42.7904836 ], [ -3.0373011, 42.7905107 ], [ -3.0372502, 42.7905242 ], [ -3.0372338, 42.7905242 ], [ -3.0371165, 42.7905558 ], [ -3.0370351, 42.7905738 ], [ -3.0369691, 42.7905918 ], [ -3.0369412, 42.7905964 ], [ -3.0369102, 42.7906054 ], [ -3.0368682, 42.7906144 ], [ -3.0368132, 42.7906279 ], [ -3.0367872, 42.7906369 ], [ -3.036723, 42.7906504 ], [ -3.0366962, 42.7906595 ], [ -3.0366664, 42.790664 ], [ -3.036639, 42.790673 ], [ -3.0366099, 42.790682 ], [ -3.0365836, 42.7906865 ], [ -3.0365579, 42.790691 ], [ -3.0365075, 42.7907045 ], [ -3.036446, 42.790718 ], [ -3.0364078, 42.7907316 ], [ -3.0363654, 42.7907406 ], [ -3.0363295, 42.7907496 ], [ -3.0362913, 42.7907586 ], [ -3.0362791, 42.7907631 ], [ -3.0361992, 42.7907812 ], [ -3.0361763, 42.7907857 ], [ -3.0361243, 42.7907992 ], [ -3.0359887, 42.7908308 ], [ -3.0359734, 42.7908353 ], [ -3.0358366, 42.7908713 ], [ -3.0356368, 42.7909209 ], [ -3.0355493, 42.790939 ], [ -3.0354706, 42.7909615 ], [ -3.035408, 42.790975 ], [ -3.0353449, 42.7909931 ], [ -3.0353041, 42.7910021 ], [ -3.0352349, 42.7910201 ], [ -3.0351681, 42.7910336 ], [ -3.0350588, 42.7910607 ], [ -3.0350427, 42.7910652 ], [ -3.0349793, 42.7910832 ], [ -3.0349254, 42.7910967 ], [ -3.0348575, 42.7911103 ], [ -3.0348185, 42.7911193 ], [ -3.0347764, 42.7911328 ], [ -3.0346671, 42.7911599 ], [ -3.0345854, 42.7911779 ], [ -3.0345636, 42.7911824 ], [ -3.0345178, 42.7911959 ], [ -3.0344807, 42.7912049 ], [ -3.0344269, 42.7912185 ], [ -3.0344089, 42.791223 ], [ -3.0341976, 42.7912636 ], [ -3.0341716, 42.7912681 ], [ -3.0341025, 42.7912816 ], [ -3.0340207, 42.7912996 ], [ -3.0339993, 42.7913042 ], [ -3.0339768, 42.7913087 ], [ -3.033939, 42.7913132 ], [ -3.033856, 42.7913312 ], [ -3.0335596, 42.7913898 ], [ -3.0335355, 42.7913943 ], [ -3.0333441, 42.7914304 ], [ -3.0332772, 42.7914439 ], [ -3.0332271, 42.791453 ], [ -3.0329895, 42.7915026 ], [ -3.0329257, 42.7915116 ], [ -3.0328619, 42.7915251 ], [ -3.0328118, 42.7915341 ], [ -3.0326796, 42.7915612 ], [ -3.0326074, 42.7915747 ], [ -3.03239, 42.7916198 ], [ -3.032301, 42.7916378 ], [ -3.0321986, 42.7916559 ], [ -3.0321856, 42.7916604 ], [ -3.0321593, 42.7916649 ], [ -3.0321371, 42.7916694 ], [ -3.0321131, 42.7916739 ], [ -3.0320137, 42.7916919 ], [ -3.0319617, 42.7917055 ], [ -3.0319178, 42.79171 ], [ -3.0318781, 42.791719 ], [ -3.0317554, 42.791746 ], [ -3.0317294, 42.7917506 ], [ -3.0317168, 42.7917506 ], [ -3.0316958, 42.7917551 ], [ -3.0316068, 42.7917731 ], [ -3.0315934, 42.7917776 ], [ -3.0314868, 42.7918001 ], [ -3.0314501, 42.7918046 ], [ -3.0314299, 42.7918091 ], [ -3.031308, 42.7918362 ], [ -3.0312579, 42.7918452 ], [ -3.0310222, 42.7918948 ], [ -3.0309959, 42.7918993 ], [ -3.0309844, 42.7919038 ], [ -3.0309622, 42.7919083 ], [ -3.03089, 42.7919219 ], [ -3.0307131, 42.7919579 ], [ -3.030702, 42.7919624 ], [ -3.0306107, 42.7919805 ], [ -3.0305905, 42.791985 ], [ -3.0305034, 42.792003 ], [ -3.0304885, 42.792003 ], [ -3.0304395, 42.7920166 ], [ -3.0304193, 42.7920166 ], [ -3.0303066, 42.7920436 ], [ -3.0302841, 42.7920481 ], [ -3.0302428, 42.7920571 ], [ -3.0302237, 42.7920571 ], [ -3.0302042, 42.7920616 ], [ -3.030135, 42.7920752 ], [ -3.0300873, 42.7920887 ], [ -3.0300399, 42.7920977 ], [ -3.0300094, 42.7921022 ], [ -3.0299547, 42.7921157 ], [ -3.0299279, 42.7921202 ], [ -3.0298752, 42.7921292 ], [ -3.0298091, 42.7921428 ], [ -3.0297277, 42.7921608 ], [ -3.0296941, 42.7921428 ], [ -3.0296494, 42.7921158 ], [ -3.0295817, 42.7920753 ], [ -3.0295691, 42.7920663 ], [ -3.0295298, 42.7920438 ], [ -3.0295156, 42.7920348 ], [ -3.0294659, 42.7920033 ], [ -3.0294132, 42.7919718 ], [ -3.0294017, 42.7919628 ], [ -3.0293516, 42.7919312 ], [ -3.0293069, 42.7919043 ], [ -3.0292966, 42.7918997 ], [ -3.029177, 42.7918278 ], [ -3.0291624, 42.7918188 ], [ -3.0290512, 42.7917467 ], [ -3.0289698, 42.7917017 ], [ -3.0289251, 42.7916747 ], [ -3.0288983, 42.7916567 ], [ -3.0288735, 42.7916432 ], [ -3.0288123, 42.7916072 ], [ -3.0287902, 42.7915937 ], [ -3.0287714, 42.7915802 ], [ -3.0287229, 42.7915532 ], [ -3.0286984, 42.7915397 ], [ -3.0286518, 42.7915082 ], [ -3.0286396, 42.7915037 ], [ -3.0285952, 42.7914767 ], [ -3.0285284, 42.7914362 ], [ -3.0284832, 42.7914091 ], [ -3.0284653, 42.7914001 ], [ -3.0284553, 42.7913912 ], [ -3.028411, 42.7913686 ], [ -3.028398, 42.7913596 ], [ -3.0283831, 42.7913506 ], [ -3.0283728, 42.7913416 ], [ -3.0283579, 42.7913326 ], [ -3.0283105, 42.7913056 ], [ -3.0282524, 42.7912741 ], [ -3.028226, 42.7912561 ], [ -3.0281274, 42.7911976 ], [ -3.0280934, 42.7911751 ], [ -3.0277345, 42.7909636 ], [ -3.0276661, 42.7909231 ], [ -3.0276458, 42.7909095 ], [ -3.0273485, 42.790734 ], [ -3.027295, 42.7907025 ], [ -3.0272384, 42.7906665 ], [ -3.0272029, 42.790644 ], [ -3.0271815, 42.7906305 ], [ -3.0270897, 42.7905764 ], [ -3.0270588, 42.7905585 ], [ -3.0269877, 42.790518 ], [ -3.0269571, 42.7905 ], [ -3.0268505, 42.7904369 ], [ -3.0267309, 42.7903649 ], [ -3.0266781, 42.7903334 ], [ -3.0266383, 42.7903064 ], [ -3.0262535, 42.7900768 ], [ -3.0261121, 42.7899958 ], [ -3.0260272, 42.7899418 ], [ -3.0258927, 42.7898608 ], [ -3.0258671, 42.7898473 ], [ -3.0258483, 42.7898383 ], [ -3.0257532, 42.7897798 ], [ -3.0255629, 42.7896673 ], [ -3.025514, 42.7896357 ], [ -3.0255002, 42.7896267 ], [ -3.0254613, 42.7896042 ], [ -3.0253913, 42.7895637 ], [ -3.0253703, 42.7895682 ], [ -3.0251811, 42.7896043 ], [ -3.0251693, 42.7896088 ], [ -3.0251257, 42.7896178 ], [ -3.0250784, 42.7896268 ], [ -3.0249489, 42.7896539 ], [ -3.024877, 42.7896674 ], [ -3.0247834, 42.7896854 ], [ -3.0247383, 42.7896944 ], [ -3.0246764, 42.789708 ], [ -3.0246607, 42.7897125 ], [ -3.0246214, 42.7897215 ], [ -3.0245683, 42.7897305 ], [ -3.0245205, 42.7897395 ], [ -3.0244441, 42.7897575 ], [ -3.0244033, 42.7897666 ], [ -3.0242504, 42.7897981 ], [ -3.0241519, 42.7898161 ], [ -3.0241217, 42.7898206 ], [ -3.0241037, 42.7898251 ], [ -3.0240128, 42.7898432 ], [ -3.0239971, 42.7898477 ], [ -3.0239727, 42.7898522 ], [ -3.0239371, 42.7898612 ], [ -3.0237377, 42.7898432 ], [ -3.0236479, 42.7898343 ], [ -3.02356, 42.7898298 ], [ -3.0235351, 42.7898253 ], [ -3.0235114, 42.7898253 ], [ -3.0234816, 42.7898208 ], [ -3.0234136, 42.7898163 ], [ -3.0233949, 42.7898163 ], [ -3.0232807, 42.7898028 ], [ -3.0231473, 42.7897938 ], [ -3.0231144, 42.7897893 ], [ -3.0230472, 42.7897848 ], [ -3.0230051, 42.7897804 ], [ -3.0229386, 42.7897759 ], [ -3.0228653, 42.7897714 ], [ -3.022803, 42.7897624 ], [ -3.0227636, 42.7897624 ], [ -3.0227243, 42.7897579 ], [ -3.0226586, 42.7897534 ], [ -3.0225902, 42.7897444 ], [ -3.0224965, 42.7897399 ], [ -3.0223969, 42.7897309 ], [ -3.0221981, 42.789713 ], [ -3.0221382, 42.7897085 ], [ -3.0220889, 42.789704 ], [ -3.021996, 42.789695 ], [ -3.0217216, 42.7896725 ], [ -3.0215558, 42.789659 ], [ -3.021492, 42.7896546 ], [ -3.0213594, 42.7896411 ], [ -3.0213147, 42.7896365 ], [ -3.0212077, 42.7896275 ], [ -3.0211164, 42.7896231 ], [ -3.021043, 42.7896141 ], [ -3.0209956, 42.7896096 ], [ -3.0208837, 42.7896006 ], [ -3.0207778, 42.7895646 ], [ -3.020709, 42.7895421 ], [ -3.0206911, 42.7895331 ], [ -3.0206689, 42.7895466 ], [ -3.0205814, 42.7895962 ], [ -3.0205111, 42.7896367 ], [ -3.0204668, 42.7896637 ], [ -3.0203599, 42.7897223 ], [ -3.0203201, 42.7897448 ], [ -3.0201967, 42.7898169 ], [ -3.0201826, 42.7898214 ], [ -3.0200737, 42.7898844 ], [ -3.0200359, 42.789907 ], [ -3.0199962, 42.7899295 ], [ -3.0199339, 42.7899655 ], [ -3.0198269, 42.7900286 ], [ -3.0197654, 42.7900601 ], [ -3.0196875, 42.7901051 ], [ -3.0195335, 42.7901952 ], [ -3.0195068, 42.7902087 ], [ -3.0194896, 42.7902177 ], [ -3.0193639, 42.7902898 ], [ -3.0192791, 42.7903393 ], [ -3.0192333, 42.7903664 ], [ -3.0191962, 42.7903844 ], [ -3.0190987, 42.7904429 ], [ -3.0190793, 42.7904519 ], [ -3.0190242, 42.7904835 ], [ -3.0189398, 42.790533 ], [ -3.0188871, 42.79056 ], [ -3.0188107, 42.7906051 ], [ -3.0187198, 42.7906591 ], [ -3.0186525, 42.7906951 ], [ -3.0185245, 42.7907672 ], [ -3.018442, 42.7908167 ], [ -3.0183901, 42.7908438 ], [ -3.0183583, 42.7908528 ], [ -3.0182544, 42.7908753 ], [ -3.0182342, 42.7908798 ], [ -3.0182139, 42.7908798 ], [ -3.0182029, 42.7908843 ], [ -3.0181891, 42.7908888 ], [ -3.0178773, 42.7909519 ], [ -3.0178326, 42.7909609 ], [ -3.0177845, 42.7909699 ], [ -3.0176832, 42.7909925 ], [ -3.0176572, 42.790997 ], [ -3.0176186, 42.791006 ], [ -3.0175903, 42.7910105 ], [ -3.0174601, 42.7910375 ], [ -3.0173925, 42.7910511 ], [ -3.0173191, 42.7910691 ], [ -3.0172946, 42.7910736 ], [ -3.0168445, 42.7911637 ], [ -3.016812, 42.7911727 ], [ -3.0167689, 42.7911817 ], [ -3.0166, 42.7912177 ], [ -3.0165759, 42.7912222 ], [ -3.0165457, 42.7912268 ], [ -3.0165003, 42.7912358 ], [ -3.0164579, 42.7912448 ], [ -3.0164101, 42.7912538 ], [ -3.0163505, 42.7912673 ], [ -3.0163016, 42.7912763 ], [ -3.0162878, 42.7912808 ], [ -3.0162672, 42.7912853 ], [ -3.0162347, 42.7912898 ], [ -3.0160846, 42.7913214 ], [ -3.0158614, 42.7913709 ], [ -3.0158415, 42.7913709 ], [ -3.0158225, 42.7913755 ], [ -3.0157888, 42.7913845 ], [ -3.0157617, 42.791389 ], [ -3.0156589, 42.7914115 ], [ -3.0155962, 42.791425 ], [ -3.0155405, 42.791434 ], [ -3.0155099, 42.791443 ], [ -3.0154323, 42.7914565 ], [ -3.0153108, 42.7914836 ], [ -3.0152688, 42.7914926 ], [ -3.0152168, 42.7915016 ], [ -3.0151874, 42.7915106 ], [ -3.0151442, 42.7915151 ], [ -3.0150559, 42.7915376 ], [ -3.0150602, 42.7916232 ], [ -3.0150606, 42.7916322 ], [ -3.0150625, 42.7916772 ], [ -3.0150644, 42.7917222 ], [ -3.0150656, 42.7917493 ], [ -3.0150786, 42.7918528 ], [ -3.0150996, 42.7920194 ], [ -3.0151031, 42.7920464 ], [ -3.0151042, 42.7920599 ], [ -3.0151088, 42.792096 ], [ -3.0151188, 42.7921725 ], [ -3.0151325, 42.7922851 ], [ -3.0151398, 42.7923436 ], [ -3.0151517, 42.7924382 ], [ -3.0151571, 42.7924787 ], [ -3.0151593, 42.7924967 ], [ -3.0151777, 42.7926453 ], [ -3.0152007, 42.7928299 ], [ -3.0152183, 42.7929695 ], [ -3.0152248, 42.7930235 ], [ -3.0152478, 42.7932081 ], [ -3.0152558, 42.7932712 ], [ -3.0152746, 42.7934243 ], [ -3.0152952, 42.7935863 ], [ -3.0152964, 42.7935953 ], [ -3.0153002, 42.7936269 ], [ -3.0153117, 42.7937214 ], [ -3.0153507, 42.7940321 ], [ -3.0153733, 42.7942122 ], [ -3.0153749, 42.7942257 ], [ -3.0153764, 42.7942347 ], [ -3.015378, 42.7942482 ], [ -3.0153886, 42.7943383 ], [ -3.015399, 42.7944193 ], [ -3.0154044, 42.7944644 ], [ -3.0154166, 42.7945589 ], [ -3.0154254, 42.794631 ], [ -3.0154304, 42.7946715 ], [ -3.01544, 42.794748 ], [ -3.0154644, 42.7949461 ], [ -3.015466, 42.7949552 ], [ -3.0154748, 42.7950272 ], [ -3.0154962, 42.7951983 ], [ -3.0154985, 42.7952163 ], [ -3.0155058, 42.7952749 ], [ -3.0155157, 42.7953559 ], [ -3.0155295, 42.7954639 ], [ -3.0155521, 42.7956441 ], [ -3.0155659, 42.7957566 ], [ -3.0155671, 42.7957656 ], [ -3.0155812, 42.7958782 ], [ -3.0156068, 42.7960853 ], [ -3.0156111, 42.7961169 ], [ -3.0156183, 42.7961754 ], [ -3.0156363, 42.7963195 ], [ -3.0156578, 42.7964905 ], [ -3.0156627, 42.7965311 ], [ -3.0156662, 42.7965626 ], [ -3.0156773, 42.7966482 ], [ -3.0157052, 42.7968733 ], [ -3.0157118, 42.7969228 ], [ -3.0157156, 42.7969543 ], [ -3.0157244, 42.7970264 ], [ -3.0157393, 42.797148 ], [ -3.0157435, 42.7971795 ], [ -3.0157512, 42.797238 ], [ -3.0157635, 42.7973371 ], [ -3.0157661, 42.7973596 ], [ -3.0157676, 42.7973731 ], [ -3.0157875, 42.7975307 ], [ -3.0158063, 42.7976838 ], [ -3.0158235, 42.7978233 ], [ -3.0158362, 42.7979224 ], [ -3.0158446, 42.7979899 ], [ -3.0158584, 42.798098 ], [ -3.0158806, 42.7982781 ], [ -3.0158959, 42.7983997 ], [ -3.015902, 42.7984492 ], [ -3.0159193, 42.7985888 ], [ -3.0159285, 42.7986608 ], [ -3.0159308, 42.7986789 ], [ -3.0159732, 42.7987914 ], [ -3.0160252, 42.7989265 ], [ -3.0160764, 42.7990616 ], [ -3.01613, 42.7992011 ], [ -3.0161556, 42.7992642 ], [ -3.0161697, 42.7993002 ], [ -3.0161908, 42.7993587 ], [ -3.0162401, 42.7994848 ], [ -3.0162711, 42.7995658 ], [ -3.0162787, 42.7995839 ], [ -3.0162864, 42.7996064 ], [ -3.0162963, 42.7996334 ], [ -3.0163384, 42.7997414 ], [ -3.0163652, 42.799809 ], [ -3.0163961, 42.79989 ], [ -3.0164382, 42.8000026 ], [ -3.016455, 42.8000431 ], [ -3.0164611, 42.8000611 ], [ -3.0165192, 42.8002142 ], [ -3.016624, 42.8004844 ], [ -3.0166282, 42.8004979 ], [ -3.016652, 42.8005564 ], [ -3.0166757, 42.8006194 ], [ -3.0166867, 42.8006509 ], [ -3.0167437, 42.800795 ], [ -3.016816, 42.8009841 ], [ -3.0169816, 42.8014164 ], [ -3.0169839, 42.8014479 ], [ -3.0169931, 42.801682 ], [ -3.0169943, 42.8017 ], [ -3.0169966, 42.8017631 ], [ -3.01704, 42.8028257 ], [ -3.0170485, 42.8030373 ], [ -3.0170527, 42.8031409 ], [ -3.0170103, 42.8031814 ], [ -3.0167918, 42.8033886 ], [ -3.0167333, 42.8034471 ], [ -3.0166836, 42.8034922 ], [ -3.0164582, 42.8037083 ], [ -3.0163711, 42.8037939 ], [ -3.0163027, 42.8038569 ], [ -3.0161945, 42.8039605 ], [ -3.0161074, 42.8040416 ], [ -3.0160658, 42.8040821 ], [ -3.0160562, 42.8040911 ], [ -3.0159645, 42.8041812 ], [ -3.0158667, 42.8042712 ], [ -3.0158419, 42.8042982 ], [ -3.0158193, 42.8043163 ], [ -3.0156504, 42.8044784 ], [ -3.0156332, 42.8044964 ], [ -3.0155534, 42.804573 ], [ -3.0155335, 42.804591 ], [ -3.0155041, 42.804618 ], [ -3.0154666, 42.804654 ], [ -3.0153745, 42.8047396 ], [ -3.0153157, 42.8047981 ], [ -3.0152542, 42.8048567 ], [ -3.0152133, 42.8048972 ], [ -3.0151827, 42.8049242 ], [ -3.0150876, 42.8050143 ], [ -3.0150234, 42.8050773 ], [ -3.0149118, 42.8051809 ], [ -3.014801, 42.805289 ], [ -3.0146837, 42.8054016 ], [ -3.0146699, 42.8054151 ], [ -3.0146416, 42.8054421 ], [ -3.014613, 42.8054691 ], [ -3.0144582, 42.8056132 ], [ -3.0142362, 42.8058249 ], [ -3.014133, 42.8059239 ], [ -3.0140283, 42.806023 ], [ -3.0139362, 42.8061131 ], [ -3.0138613, 42.8061851 ], [ -3.0137998, 42.8062437 ], [ -3.0136833, 42.8063517 ], [ -3.0135755, 42.8064553 ], [ -3.0135637, 42.8064688 ], [ -3.01354, 42.8064914 ], [ -3.0134399, 42.8065859 ], [ -3.0133829, 42.80664 ], [ -3.0133695, 42.8066535 ], [ -3.0132461, 42.8067705 ], [ -3.0132358, 42.8067795 ], [ -3.0131731, 42.8068381 ], [ -3.0131001, 42.8069101 ], [ -3.0130738, 42.8069327 ], [ -3.0130126, 42.8069912 ], [ -3.0129209, 42.8070813 ], [ -3.0128815, 42.8071173 ], [ -3.0127788, 42.8072164 ], [ -3.0127035, 42.8072884 ], [ -3.0126775, 42.8073109 ], [ -3.012666, 42.8073245 ], [ -3.0126427, 42.807347 ], [ -3.0126076, 42.8073785 ], [ -3.0123764, 42.8075991 ], [ -3.0123649, 42.8076081 ], [ -3.0122747, 42.8076937 ], [ -3.0121398, 42.8078153 ], [ -3.0119464, 42.8079909 ], [ -3.0118402, 42.80809 ], [ -3.0116258, 42.8082836 ], [ -3.0115895, 42.8083196 ], [ -3.0115613, 42.8083422 ], [ -3.0114244, 42.8084683 ], [ -3.0108455, 42.8089996 ], [ -3.0107037, 42.8091302 ], [ -3.0106403, 42.8091843 ], [ -3.0104465, 42.8093644 ], [ -3.0103349, 42.8094634 ], [ -3.0102401, 42.8095535 ], [ -3.0099393, 42.8098282 ], [ -3.0099305, 42.8098372 ], [ -3.0099149, 42.8098507 ], [ -3.0097926, 42.8099633 ], [ -3.0097295, 42.8100173 ], [ -3.0096099, 42.8101299 ], [ -3.0094138, 42.8103055 ], [ -3.0092954, 42.8104181 ], [ -3.0087848, 42.8108819 ], [ -3.0088214, 42.8108954 ], [ -3.0094338, 42.8111205 ], [ -3.0094678, 42.811134 ], [ -3.0095129, 42.8111475 ], [ -3.0095347, 42.8111565 ], [ -3.0096555, 42.8112015 ], [ -3.0101203, 42.8113726 ], [ -3.0101348, 42.8113771 ], [ -3.0105294, 42.8115212 ], [ -3.0107602, 42.8116067 ], [ -3.010886, 42.8116517 ], [ -3.010959, 42.8116787 ], [ -3.0110595, 42.8117147 ], [ -3.0112055, 42.8117687 ], [ -3.0111948, 42.8117957 ], [ -3.0111884, 42.8118093 ], [ -3.0111555, 42.8118948 ], [ -3.0111509, 42.8119038 ], [ -3.0111062, 42.8119579 ], [ -3.0110848, 42.8119804 ], [ -3.0110707, 42.8119894 ], [ -3.0109985, 42.8120479 ], [ -3.0109163, 42.8120795 ], [ -3.0107782, 42.812129 ], [ -3.0106999, 42.8121695 ], [ -3.0106452, 42.8121966 ], [ -3.0106151, 42.8122461 ], [ -3.0106113, 42.8123046 ], [ -3.0106235, 42.8125343 ], [ -3.0106258, 42.8125793 ], [ -3.0106331, 42.8126153 ], [ -3.0106442, 42.8126738 ], [ -3.0106641, 42.8127684 ], [ -3.0106813, 42.8128269 ], [ -3.0106916, 42.8128629 ], [ -3.0106962, 42.8128764 ], [ -3.0107187, 42.812926 ], [ -3.0107329, 42.8129575 ], [ -3.0107685, 42.813007 ], [ -3.0107906, 42.8130386 ], [ -3.0108342, 42.8130926 ], [ -3.0108595, 42.8131241 ], [ -3.0109011, 42.8131601 ], [ -3.0110062, 42.8132457 ], [ -3.0110601, 42.8132907 ], [ -3.0111217, 42.8133267 ], [ -3.0111599, 42.8133537 ], [ -3.0113396, 42.8134663 ], [ -3.0113641, 42.8134798 ], [ -3.0114497, 42.8135293 ], [ -3.0115269, 42.8135743 ], [ -3.0116156, 42.8136103 ], [ -3.0116477, 42.8136238 ], [ -3.0117287, 42.8136554 ], [ -3.0118014, 42.8136824 ], [ -3.0118343, 42.8136914 ], [ -3.0118824, 42.8137093 ], [ -3.011908, 42.8137184 ], [ -3.0119738, 42.8137409 ], [ -3.0120357, 42.8137634 ], [ -3.0121955, 42.8138174 ], [ -3.0123446, 42.8138669 ], [ -3.0123798, 42.8138804 ], [ -3.0124547, 42.8139074 ], [ -3.0125846, 42.8139569 ], [ -3.0126722, 42.813993 ], [ -3.0128519, 42.8140605 ], [ -3.0129302, 42.814092 ], [ -3.0130763, 42.814146 ], [ -3.0133381, 42.8142495 ], [ -3.0134494, 42.81429 ], [ -3.0134669, 42.8142991 ], [ -3.0134907, 42.8143081 ], [ -3.0135529, 42.8143306 ], [ -3.0137204, 42.8143981 ], [ -3.0137579, 42.8144116 ], [ -3.013881, 42.8144521 ], [ -3.013983, 42.8144836 ], [ -3.0140709, 42.8145016 ], [ -3.014147, 42.8145106 ], [ -3.0142269, 42.8145106 ], [ -3.0142468, 42.8145106 ], [ -3.0142674, 42.8145061 ], [ -3.0144165, 42.8144971 ], [ -3.014561, 42.8144745 ], [ -3.0146412, 42.81447 ], [ -3.0146841, 42.8144655 ], [ -3.0146993, 42.814461 ], [ -3.0147991, 42.8144565 ], [ -3.0149558, 42.814461 ], [ -3.0149956, 42.81447 ], [ -3.0150759, 42.8144835 ], [ -3.015134, 42.814497 ], [ -3.0151868, 42.814506 ], [ -3.0154593, 42.814587 ], [ -3.0157426, 42.8146725 ], [ -3.0158764, 42.814713 ], [ -3.0159429, 42.8147355 ], [ -3.0160396, 42.8147625 ], [ -3.0161432, 42.8147985 ], [ -3.0161726, 42.8148076 ], [ -3.0162304, 42.8148256 ], [ -3.0163493, 42.8148615 ], [ -3.0165362, 42.8149066 ], [ -3.0166038, 42.81492 ], [ -3.0167174, 42.8149426 ], [ -3.0167567, 42.8149471 ], [ -3.0169108, 42.8149695 ], [ -3.0169593, 42.814974 ], [ -3.0170392, 42.8149785 ], [ -3.0171574, 42.8150055 ], [ -3.0171784, 42.8150145 ], [ -3.0172327, 42.8150325 ], [ -3.0173038, 42.8150595 ], [ -3.0173649, 42.815082 ], [ -3.0173978, 42.8150955 ], [ -3.0174464, 42.8151225 ], [ -3.0174792, 42.8151361 ], [ -3.0175679, 42.8151991 ], [ -3.0176716, 42.8152846 ], [ -3.0177358, 42.8153342 ], [ -3.0177698, 42.8153611 ], [ -3.017818, 42.8154017 ], [ -3.0179636, 42.8155232 ], [ -3.0180753, 42.8156133 ], [ -3.0181196, 42.8156493 ], [ -3.0181403, 42.8156628 ], [ -3.018224, 42.8157213 ], [ -3.0182546, 42.8157393 ], [ -3.018385, 42.8158158 ], [ -3.0184473, 42.8158564 ], [ -3.0185245, 42.8159014 ], [ -3.0185731, 42.8159194 ], [ -3.018679, 42.8159599 ], [ -3.018921, 42.8160319 ], [ -3.0190788, 42.8160814 ], [ -3.0191167, 42.8160904 ], [ -3.0192398, 42.8161174 ], [ -3.0192716, 42.8161309 ], [ -3.0193706, 42.8161669 ], [ -3.019457, 42.8162074 ], [ -3.0194776, 42.8162209 ], [ -3.0195502, 42.8162704 ], [ -3.0195935, 42.8163109 ], [ -3.0196386, 42.816356 ], [ -3.019702, 42.8164325 ], [ -3.0197238, 42.816455 ], [ -3.0197319, 42.816473 ], [ -3.0197682, 42.8165361 ], [ -3.0197835, 42.8165676 ], [ -3.0198069, 42.8166531 ], [ -3.0198149, 42.8166846 ], [ -3.0198309, 42.8167432 ], [ -3.0198543, 42.8168287 ], [ -3.0197859, 42.8169188 ], [ -3.0197328, 42.8169908 ], [ -3.0197141, 42.8170134 ], [ -3.0196977, 42.8170359 ], [ -3.0196609, 42.8170809 ], [ -3.0194634, 42.8173286 ], [ -3.0194458, 42.8173511 ], [ -3.0193037, 42.8175222 ], [ -3.0192838, 42.8175492 ], [ -3.0191967, 42.8176528 ], [ -3.0191745, 42.8176798 ], [ -3.0191665, 42.8176934 ], [ -3.0190235, 42.8178645 ], [ -3.0189876, 42.8179095 ], [ -3.0189219, 42.8179906 ], [ -3.018834, 42.8180986 ], [ -3.0186724, 42.8182968 ], [ -3.018667, 42.8183058 ], [ -3.0185707, 42.8184229 ], [ -3.0185375, 42.8184634 ], [ -3.0184855, 42.818531 ], [ -3.0184786, 42.81854 ], [ -3.0184033, 42.8186345 ], [ -3.0183926, 42.8186481 ], [ -3.018307, 42.8187561 ], [ -3.0182925, 42.8187787 ], [ -3.0182742, 42.8188012 ], [ -3.0180506, 42.8190758 ], [ -3.0180285, 42.8191029 ], [ -3.0179918, 42.8191479 ], [ -3.0179425, 42.8192109 ], [ -3.0178144, 42.8193686 ], [ -3.0177151, 42.8194901 ], [ -3.0176123, 42.8196162 ], [ -3.0175741, 42.8196658 ], [ -3.0175271, 42.8197603 ], [ -3.0174606, 42.8198999 ], [ -3.0173987, 42.820026 ], [ -3.0173635, 42.8200981 ], [ -3.017328, 42.8201701 ], [ -3.0172638, 42.8203052 ], [ -3.0171672, 42.8205033 ], [ -3.0171083, 42.8206249 ], [ -3.0170094, 42.8208276 ], [ -3.0169734, 42.8209041 ], [ -3.0168737, 42.8211067 ], [ -3.0168255, 42.8212103 ], [ -3.0168129, 42.8212328 ], [ -3.0167572, 42.8213499 ], [ -3.0166846, 42.8214985 ], [ -3.0166532, 42.8215615 ], [ -3.0164163, 42.8220524 ], [ -3.0163407, 42.8222055 ], [ -3.0162971, 42.8222955 ], [ -3.016286, 42.8223225 ], [ -3.0162627, 42.8223676 ], [ -3.0162222, 42.8224531 ], [ -3.0161871, 42.8225252 ], [ -3.0161901, 42.8225342 ], [ -3.0162039, 42.8225792 ], [ -3.0162288, 42.8226647 ], [ -3.0162414, 42.8227053 ], [ -3.0163049, 42.8229124 ], [ -3.0163271, 42.8229844 ], [ -3.0163657, 42.8231105 ], [ -3.0163799, 42.82316 ], [ -3.0164273, 42.8233131 ], [ -3.01644, 42.8233581 ], [ -3.0164453, 42.8233716 ], [ -3.016466, 42.8234437 ], [ -3.0165391, 42.8236823 ], [ -3.0166064, 42.823903 ], [ -3.0166558, 42.824065 ], [ -3.0166852, 42.8241641 ], [ -3.0167598, 42.8244072 ], [ -3.0168046, 42.8245558 ], [ -3.0168092, 42.8245693 ], [ -3.0168364, 42.8246593 ], [ -3.016849, 42.8246999 ], [ -3.0168884, 42.8248304 ], [ -3.0169094, 42.824898 ], [ -3.0169465, 42.8250196 ], [ -3.0169802, 42.8251321 ], [ -3.016994, 42.8251771 ], [ -3.0170391, 42.8253257 ], [ -3.0170506, 42.8253617 ], [ -3.0170686, 42.8254248 ], [ -3.0170854, 42.8254788 ], [ -3.0170988, 42.8255239 ], [ -3.0171168, 42.8255824 ], [ -3.0171344, 42.8256364 ], [ -3.0171405, 42.8256589 ], [ -3.0171501, 42.825695 ], [ -3.0172106, 42.8259201 ], [ -3.0172561, 42.8260912 ], [ -3.0172963, 42.8262398 ], [ -3.0173212, 42.8263298 ], [ -3.0173498, 42.8264379 ], [ -3.0174046, 42.8266405 ], [ -3.0174081, 42.826654 ], [ -3.017413, 42.8266765 ], [ -3.017452, 42.8268206 ], [ -3.0174815, 42.8269286 ], [ -3.0174926, 42.8269691 ], [ -3.0175159, 42.8270592 ], [ -3.0175336, 42.8271223 ], [ -3.0175427, 42.8271583 ], [ -3.0175986, 42.8273654 ], [ -3.0176557, 42.827577 ], [ -3.0176855, 42.827658 ], [ -3.0176901, 42.8276715 ], [ -3.0177192, 42.8277481 ], [ -3.0177563, 42.8278471 ], [ -3.017767, 42.8278787 ], [ -3.0178917, 42.8282118 ], [ -3.0178974, 42.8282299 ], [ -3.0179066, 42.8282524 ], [ -3.0179143, 42.8282749 ], [ -3.0179162, 42.8282839 ], [ -3.0179181, 42.8282974 ], [ -3.0179227, 42.8283334 ], [ -3.0179296, 42.8283875 ], [ -3.0179461, 42.828518 ], [ -3.0179955, 42.8289008 ], [ -3.017999, 42.8289278 ], [ -3.0180001, 42.8289368 ], [ -3.0180089, 42.8290043 ], [ -3.0180173, 42.8290718 ], [ -3.0180192, 42.8290853 ], [ -3.0180388, 42.8292384 ], [ -3.0180599, 42.8294005 ], [ -3.0180625, 42.8294231 ], [ -3.0180637, 42.8294321 ], [ -3.0180736, 42.8295086 ], [ -3.0180787, 42.8295491 ], [ -3.0180886, 42.8296257 ], [ -3.0181108, 42.8297968 ], [ -3.0181116, 42.8298643 ], [ -3.0181128, 42.8299319 ], [ -3.0181143, 42.8300489 ], [ -3.0181174, 42.8302426 ], [ -3.0181182, 42.8303011 ], [ -3.0181194, 42.8303776 ], [ -3.0181213, 42.8304947 ], [ -3.0181225, 42.8305757 ], [ -3.0181233, 42.8306253 ], [ -3.0181252, 42.8307423 ], [ -3.018126, 42.8308144 ], [ -3.0181287, 42.83099 ], [ -3.0181299, 42.8310485 ], [ -3.0181311, 42.831134 ], [ -3.0181327, 42.8312331 ], [ -3.0181342, 42.8313412 ], [ -3.0181365, 42.8314898 ], [ -3.0181396, 42.8316969 ], [ -3.01814, 42.8317194 ], [ -3.0181408, 42.8317734 ], [ -3.0181423, 42.8318995 ], [ -3.0181431, 42.83194 ], [ -3.0181435, 42.8319761 ], [ -3.0181443, 42.8320031 ], [ -3.0181443, 42.8320166 ], [ -3.0181164, 42.8320436 ], [ -3.0180747, 42.8320886 ], [ -3.0180506, 42.8321157 ], [ -3.0179581, 42.8322147 ], [ -3.0179291, 42.8322463 ], [ -3.0179192, 42.8322598 ], [ -3.0178577, 42.8323544 ], [ -3.0178465, 42.8323723 ], [ -3.0177988, 42.8324579 ], [ -3.0177934, 42.8324669 ], [ -3.017764, 42.8325164 ], [ -3.0177025, 42.8326515 ], [ -3.0176933, 42.8326831 ], [ -3.0176902, 42.8326921 ], [ -3.0176723, 42.8327551 ], [ -3.0176696, 42.8327911 ], [ -3.0176669, 42.8328271 ], [ -3.0176666, 42.8328361 ], [ -3.0177018, 42.8329892 ], [ -3.0177297, 42.8330658 ], [ -3.0177596, 42.8331468 ], [ -3.0178216, 42.8333179 ], [ -3.0178303, 42.8333449 ], [ -3.0178388, 42.8333674 ], [ -3.0178468, 42.83339 ], [ -3.0178517, 42.8334035 ], [ -3.0178549, 42.8334125 ], [ -3.0178082, 42.8335836 ], [ -3.0178002, 42.8336106 ], [ -3.0177903, 42.8336466 ], [ -3.0177765, 42.8337007 ], [ -3.0177731, 42.8337097 ], [ -3.017757, 42.8337682 ], [ -3.0177544, 42.8337817 ], [ -3.0177509, 42.8337907 ], [ -3.0177387, 42.8338357 ], [ -3.0177166, 42.8339168 ], [ -3.017707, 42.8339528 ], [ -3.0177001, 42.8339798 ], [ -3.0176887, 42.8340068 ], [ -3.0176833, 42.8340203 ], [ -3.0176783, 42.8340294 ], [ -3.0176753, 42.8340384 ], [ -3.0176718, 42.8340474 ], [ -3.0176065, 42.834205 ], [ -3.0176034, 42.834214 ], [ -3.0175943, 42.8342365 ], [ -3.0175672, 42.834295 ], [ -3.0175186, 42.8343986 ], [ -3.0175148, 42.8344076 ], [ -3.0175029, 42.8344301 ], [ -3.0174811, 42.8344707 ], [ -3.0174739, 42.8344842 ], [ -3.0174575, 42.8345157 ], [ -3.017438, 42.8345562 ], [ -3.0174257, 42.8345787 ], [ -3.0174089, 42.8346057 ], [ -3.017381, 42.8346463 ], [ -3.0173187, 42.8347408 ], [ -3.017313, 42.8347498 ], [ -3.0173053, 42.8347588 ], [ -3.0172747, 42.8348084 ], [ -3.0172652, 42.8348219 ], [ -3.0172602, 42.8348309 ], [ -3.0172541, 42.8348399 ], [ -3.0172392, 42.8348624 ], [ -3.0172197, 42.8348894 ], [ -3.0172132, 42.8348984 ], [ -3.0171949, 42.834921 ], [ -3.017188, 42.83493 ], [ -3.01718, 42.834939 ], [ -3.0171662, 42.834957 ], [ -3.0171593, 42.834966 ], [ -3.0171509, 42.834975 ], [ -3.017131, 42.835002 ], [ -3.0170056, 42.8351416 ], [ -3.0169815, 42.8351641 ], [ -3.0169559, 42.8351912 ], [ -3.0169475, 42.8352002 ], [ -3.0169299, 42.8352182 ], [ -3.0169219, 42.8352272 ], [ -3.0169013, 42.8352497 ], [ -3.0168428, 42.8353082 ], [ -3.0168229, 42.8353307 ], [ -3.0168141, 42.8353397 ], [ -3.0167751, 42.8353803 ], [ -3.0167656, 42.8353893 ], [ -3.0167514, 42.8354028 ], [ -3.0167124, 42.8354433 ], [ -3.0166716, 42.8354883 ], [ -3.0166039, 42.8355559 ], [ -3.0165492, 42.8356099 ], [ -3.016524, 42.8356325 ], [ -3.0165068, 42.8356505 ], [ -3.0164892, 42.8356685 ], [ -3.0164639, 42.835691 ], [ -3.0164418, 42.8357135 ], [ -3.0162827, 42.8358666 ], [ -3.0162101, 42.8359342 ], [ -3.016183, 42.8359612 ], [ -3.0161214, 42.8360198 ], [ -3.0161138, 42.8360288 ], [ -3.0160912, 42.8360468 ], [ -3.0160786, 42.8360603 ], [ -3.016069, 42.8360693 ], [ -3.0160285, 42.8361098 ], [ -3.0160128, 42.8361233 ], [ -3.0159941, 42.8361413 ], [ -3.0159731, 42.8361594 ], [ -3.0159367, 42.8361954 ], [ -3.0159165, 42.8362134 ], [ -3.0158553, 42.8362719 ], [ -3.0158415, 42.8362854 ], [ -3.0158335, 42.8362944 ], [ -3.0158156, 42.8363124 ], [ -3.0157819, 42.836344 ], [ -3.0157598, 42.836362 ], [ -3.0157437, 42.83638 ], [ -3.0157001, 42.8364205 ], [ -3.0156898, 42.8364295 ], [ -3.015658, 42.8364611 ], [ -3.0156343, 42.8364836 ], [ -3.0156256, 42.8364926 ], [ -3.0156152, 42.8365016 ], [ -3.0155632, 42.8365511 ], [ -3.0155403, 42.8365736 ], [ -3.0155189, 42.8365962 ], [ -3.0155017, 42.8366097 ], [ -3.0154669, 42.8366457 ], [ -3.0154493, 42.8366592 ], [ -3.0153843, 42.8367223 ], [ -3.0153744, 42.8367313 ], [ -3.0153373, 42.8367673 ], [ -3.0153182, 42.8367853 ], [ -3.015275, 42.8368258 ], [ -3.0152475, 42.8368529 ], [ -3.0152245, 42.8368754 ], [ -3.0151813, 42.8369159 ], [ -3.0151748, 42.8369294 ], [ -3.015171, 42.8369384 ], [ -3.0151664, 42.8369474 ], [ -3.0151378, 42.837006 ], [ -3.0151236, 42.837033 ], [ -3.0151175, 42.8370465 ], [ -3.0150827, 42.8371185 ], [ -3.0150778, 42.8371275 ], [ -3.0150762, 42.8371365 ], [ -3.015072, 42.83715 ], [ -3.0150545, 42.8372266 ], [ -3.0150372, 42.8372942 ], [ -3.0150239, 42.8373482 ], [ -3.0150224, 42.8373572 ], [ -3.0150158, 42.8373797 ], [ -3.0150154, 42.8373887 ], [ -3.0150139, 42.8374157 ], [ -3.0150132, 42.8374337 ], [ -3.0150117, 42.8374697 ], [ -3.0150098, 42.8375148 ], [ -3.0150086, 42.8375328 ], [ -3.0150071, 42.8375643 ], [ -3.015004, 42.8376273 ], [ -3.0150029, 42.8376408 ], [ -3.0149995, 42.8376724 ], [ -3.0149987, 42.8376814 ], [ -3.0149964, 42.8377039 ], [ -3.0149945, 42.8377264 ], [ -3.0149918, 42.8377534 ], [ -3.0149899, 42.8377714 ], [ -3.0149834, 42.8378389 ], [ -3.0149827, 42.837848 ], [ -3.0149773, 42.837902 ], [ -3.0149678, 42.8380011 ], [ -3.014967, 42.8380101 ], [ -3.0149598, 42.8380956 ], [ -3.0149541, 42.8381677 ], [ -3.0149506, 42.8382082 ], [ -3.0149499, 42.8382172 ], [ -3.0149468, 42.8382532 ], [ -3.0149411, 42.8382892 ], [ -3.0149396, 42.8382982 ], [ -3.0149281, 42.8383658 ], [ -3.0149239, 42.8383928 ], [ -3.0149224, 42.8384018 ], [ -3.0149189, 42.8384153 ], [ -3.0149155, 42.8384333 ], [ -3.0149006, 42.8385009 ], [ -3.0148972, 42.8385189 ], [ -3.0148891, 42.8385549 ], [ -3.0148823, 42.8385909 ], [ -3.0148754, 42.8386224 ], [ -3.0148685, 42.8386495 ], [ -3.0148586, 42.8386945 ], [ -3.0148521, 42.838726 ], [ -3.0148502, 42.838735 ], [ -3.014846, 42.838753 ], [ -3.0148376, 42.8387846 ], [ -3.0148288, 42.8388115 ], [ -3.01482, 42.8388386 ], [ -3.0148116, 42.8388701 ], [ -3.0148085, 42.8388791 ], [ -3.0147979, 42.8389106 ], [ -3.0147883, 42.8389376 ], [ -3.0147691, 42.8389827 ], [ -3.0147661, 42.8389917 ], [ -3.0147623, 42.8390007 ], [ -3.0147543, 42.8390187 ], [ -3.0147271, 42.8390818 ], [ -3.0147172, 42.8391088 ], [ -3.0147103, 42.8391223 ], [ -3.0146797, 42.8391988 ], [ -3.0146759, 42.8392078 ], [ -3.0146736, 42.8392168 ], [ -3.0146625, 42.8392483 ], [ -3.0146587, 42.8392573 ], [ -3.0146434, 42.8393024 ], [ -3.0146339, 42.8393294 ], [ -3.0146228, 42.8393609 ], [ -3.0146159, 42.8393834 ], [ -3.0146037, 42.839415 ], [ -3.0145869, 42.8394645 ], [ -3.0145838, 42.8394735 ], [ -3.0145563, 42.83955 ], [ -3.0145517, 42.8395635 ], [ -3.0145387, 42.8396221 ], [ -3.0145062, 42.8397662 ], [ -3.0144959, 42.8398157 ], [ -3.0144722, 42.8399283 ], [ -3.0144623, 42.8399778 ], [ -3.0144512, 42.8400273 ], [ -3.0144432, 42.8400679 ], [ -3.014431, 42.8401219 ], [ -3.01441, 42.8402209 ], [ -3.0143855, 42.8403335 ], [ -3.014379, 42.840365 ], [ -3.0143542, 42.8404821 ], [ -3.0143512, 42.8404956 ], [ -3.0143458, 42.8405226 ], [ -3.0143217, 42.8406352 ], [ -3.0143034, 42.8407207 ], [ -3.0142915, 42.8407748 ], [ -3.014264, 42.8409054 ], [ -3.0142598, 42.8409233 ], [ -3.014256, 42.8409414 ], [ -3.0142545, 42.8409504 ], [ -3.0142499, 42.8409729 ], [ -3.0142464, 42.8409864 ], [ -3.0142442, 42.8409999 ], [ -3.0142419, 42.8410089 ], [ -3.0142365, 42.8410359 ], [ -3.0142182, 42.8410314 ], [ -3.0141298, 42.8410225 ], [ -3.0141046, 42.8410179 ], [ -3.0140422, 42.841009 ], [ -3.0140155, 42.8410045 ], [ -3.013947, 42.8409954 ], [ -3.0139344, 42.8409954 ], [ -3.0138919, 42.8409909 ], [ -3.0138575, 42.8409865 ], [ -3.0137225, 42.8409684 ], [ -3.0136786, 42.840964 ], [ -3.0136442, 42.8409595 ], [ -3.0135566, 42.840946 ], [ -3.0134502, 42.8409325 ], [ -3.013394, 42.840928 ], [ -3.0133734, 42.8409234 ], [ -3.0133374, 42.840919 ], [ -3.0133126, 42.8409145 ], [ -3.0132942, 42.84091 ], [ -3.0132674, 42.8409055 ], [ -3.0132545, 42.8409055 ], [ -3.0132369, 42.840901 ], [ -3.013178, 42.8408785 ], [ -3.0131646, 42.840874 ], [ -3.0131084, 42.840856 ], [ -3.0130548, 42.840838 ], [ -3.0130017, 42.8408154 ], [ -3.0129837, 42.840811 ], [ -3.0129072, 42.8407524 ], [ -3.0128911, 42.8407389 ], [ -3.0128475, 42.8406849 ], [ -3.0128398, 42.8406759 ], [ -3.0128303, 42.8406669 ], [ -3.0128074, 42.8406354 ], [ -3.0127817, 42.8406083 ], [ -3.0127672, 42.8405903 ], [ -3.0127607, 42.8405813 ], [ -3.0127515, 42.8405723 ], [ -3.0127423, 42.8405588 ], [ -3.0127274, 42.8405408 ], [ -3.0127125, 42.8405273 ], [ -3.0127076, 42.8405183 ], [ -3.0126911, 42.8405003 ], [ -3.0126808, 42.8404913 ], [ -3.0126658, 42.8404733 ], [ -3.0126001, 42.8403967 ], [ -3.0125886, 42.8403832 ], [ -3.0125308, 42.8403157 ], [ -3.0125209, 42.8403067 ], [ -3.0125147, 42.8402977 ], [ -3.012478, 42.8402617 ], [ -3.0124704, 42.8402527 ], [ -3.0124176, 42.8401941 ], [ -3.0124019, 42.8401806 ], [ -3.0123625, 42.8401446 ], [ -3.0123311, 42.8401176 ], [ -3.012322, 42.8401086 ], [ -3.0123097, 42.8400996 ], [ -3.0122918, 42.8400906 ], [ -3.0122742, 42.8400816 ], [ -3.0122512, 42.8400681 ], [ -3.0122375, 42.8400591 ], [ -3.0122099, 42.8400456 ], [ -3.0121958, 42.8400366 ], [ -3.0120287, 42.8399826 ], [ -3.0118975, 42.839951 ], [ -3.0118776, 42.8399465 ], [ -3.011834, 42.8399375 ], [ -3.0118168, 42.839933 ], [ -3.0118004, 42.8399286 ], [ -3.0117885, 42.8399241 ], [ -3.0117755, 42.8399196 ], [ -3.0117315, 42.8399105 ], [ -3.0116871, 42.8399015 ], [ -3.0115915, 42.839879 ], [ -3.0115739, 42.8398745 ], [ -3.0115617, 42.839879 ], [ -3.0115388, 42.8398925 ], [ -3.0115024, 42.8399106 ], [ -3.011491, 42.8399196 ], [ -3.0114371, 42.8399466 ], [ -3.0113973, 42.8399691 ], [ -3.0113793, 42.8399781 ], [ -3.0113308, 42.8400051 ], [ -3.011304, 42.8400186 ], [ -3.0112853, 42.8400276 ], [ -3.0112279, 42.8400592 ], [ -3.0111985, 42.8400727 ], [ -3.0111709, 42.8400907 ], [ -3.0111174, 42.8401177 ], [ -3.0110742, 42.8401402 ], [ -3.0110172, 42.8401718 ], [ -3.01094, 42.8402123 ], [ -3.0109128, 42.8402258 ], [ -3.0107836, 42.8402979 ], [ -3.0107285, 42.8403249 ], [ -3.0106911, 42.8403474 ], [ -3.0106555, 42.8403654 ], [ -3.010579, 42.8404059 ], [ -3.0105335, 42.840433 ], [ -3.0104624, 42.840469 ], [ -3.0104245, 42.8404915 ], [ -3.010324, 42.840532 ], [ -3.0103045, 42.840541 ], [ -3.0101725, 42.8405951 ], [ -3.0101477, 42.8406041 ], [ -3.0100796, 42.8406356 ], [ -3.0099852, 42.8406716 ], [ -3.0099079, 42.8407032 ], [ -3.0098031, 42.8407482 ], [ -3.0097507, 42.8407707 ], [ -3.009734, 42.8407797 ], [ -3.009706, 42.8407887 ], [ -3.0096357, 42.8408203 ], [ -3.0096223, 42.8408248 ], [ -3.0095657, 42.8408473 ], [ -3.0095014, 42.8408743 ], [ -3.00949, 42.8408788 ], [ -3.0094399, 42.8409013 ], [ -3.0094238, 42.8409058 ], [ -3.0093994, 42.8409193 ], [ -3.0093588, 42.8409328 ], [ -3.0093141, 42.8409554 ], [ -3.0093007, 42.8409599 ], [ -3.0092785, 42.8409554 ], [ -3.0092586, 42.8409509 ], [ -3.0092234, 42.8409464 ], [ -3.0090536, 42.8409148 ], [ -3.0090311, 42.8409103 ], [ -3.0089971, 42.8409058 ], [ -3.0089424, 42.8408923 ], [ -3.0089091, 42.8408878 ], [ -3.0088513, 42.8408788 ], [ -3.008784, 42.8408653 ], [ -3.0087454, 42.8408608 ], [ -3.0087221, 42.8408563 ], [ -3.0086494, 42.8408428 ], [ -3.0086234, 42.8408383 ], [ -3.0085721, 42.8408293 ], [ -3.0085534, 42.8408248 ], [ -3.0083554, 42.8407888 ], [ -3.0082429, 42.8407708 ], [ -3.008228, 42.8407663 ], [ -3.0081966, 42.8407618 ], [ -3.0081611, 42.8407528 ], [ -3.008129, 42.8407483 ], [ -3.0080972, 42.8407438 ], [ -3.0080567, 42.8407348 ], [ -3.0080448, 42.8407348 ], [ -3.0080108, 42.8407258 ], [ -3.0079985, 42.8407258 ], [ -3.0079121, 42.8407078 ], [ -3.0078673, 42.8407033 ], [ -3.0078318, 42.8406943 ], [ -3.0077875, 42.8406853 ], [ -3.0077557, 42.8406808 ], [ -3.0077335, 42.8406763 ], [ -3.0076995, 42.8406718 ], [ -3.0076888, 42.8406673 ], [ -3.0074869, 42.8406313 ], [ -3.0073714, 42.8406132 ], [ -3.0072949, 42.8405998 ], [ -3.0072674, 42.8405952 ], [ -3.0071714, 42.8405773 ], [ -3.0070903, 42.8405367 ], [ -3.0070604, 42.8405187 ], [ -3.0070345, 42.8405052 ], [ -3.0070146, 42.8404962 ], [ -3.006997, 42.8404872 ], [ -3.0069404, 42.8404602 ], [ -3.0068895, 42.8404332 ], [ -3.0068738, 42.8404242 ], [ -3.0068157, 42.8403926 ], [ -3.0067912, 42.8403837 ], [ -3.0066822, 42.8403251 ], [ -3.006618, 42.8402936 ], [ -3.0066004, 42.8402846 ], [ -3.0065741, 42.8402711 ], [ -3.0065419, 42.8402531 ], [ -3.0065262, 42.8402486 ], [ -3.0064639, 42.8402171 ], [ -3.0064161, 42.84019 ], [ -3.0063274, 42.840145 ], [ -3.0063128, 42.8401405 ], [ -3.0062971, 42.8401315 ], [ -3.0062551, 42.840109 ], [ -3.0062081, 42.8400865 ], [ -3.0061954, 42.8400775 ], [ -3.0061679, 42.840064 ], [ -3.0059641, 42.8399604 ], [ -3.0059514, 42.8399559 ], [ -3.0059178, 42.8399379 ], [ -3.0059025, 42.8399244 ], [ -3.0056994, 42.8397668 ], [ -3.0056023, 42.8396948 ], [ -3.0055514, 42.8396543 ], [ -3.0055354, 42.8396408 ], [ -3.0055044, 42.8396183 ], [ -3.0054853, 42.8396048 ], [ -3.0054463, 42.8395732 ], [ -3.0054122, 42.8395462 ], [ -3.0053571, 42.8395057 ], [ -3.0053399, 42.8394922 ], [ -3.0052998, 42.8394607 ], [ -3.0052673, 42.8394337 ], [ -3.0052333, 42.8394111 ], [ -3.0051992, 42.8393841 ], [ -3.0051885, 42.8393751 ], [ -3.0051239, 42.8393256 ], [ -3.0050531, 42.8392716 ], [ -3.0050447, 42.8392626 ], [ -3.0049579, 42.839195 ], [ -3.0049472, 42.8391905 ], [ -3.004933, 42.839177 ], [ -3.0049097, 42.839159 ], [ -3.0048933, 42.8391455 ], [ -3.0048317, 42.8391005 ], [ -3.0046876, 42.8389879 ], [ -3.004652, 42.8389609 ], [ -3.0046363, 42.8389474 ], [ -3.0046129, 42.8389339 ], [ -3.0046057, 42.8389249 ], [ -3.0045682, 42.8388979 ], [ -3.0043923, 42.8387628 ], [ -3.0043265, 42.8387088 ], [ -3.0043047, 42.8386953 ], [ -3.0042921, 42.8386862 ], [ -3.0042554, 42.8386547 ], [ -3.004229, 42.8386367 ], [ -3.0041965, 42.8386097 ], [ -3.0041721, 42.8385917 ], [ -3.0041625, 42.8386097 ], [ -3.0041617, 42.8386232 ], [ -3.004156, 42.8387133 ], [ -3.0041541, 42.8387493 ], [ -3.0041533, 42.8387628 ], [ -3.0041504, 42.8388011 ], [ -3.0041503, 42.8388033 ], [ -3.0041472, 42.8388529 ], [ -3.0041464, 42.8388709 ], [ -3.004143, 42.8389204 ], [ -3.0041426, 42.8389294 ], [ -3.0041419, 42.8389429 ], [ -3.0041381, 42.8390045 ], [ -3.004138, 42.8390059 ], [ -3.0041346, 42.83906 ], [ -3.0041334, 42.839078 ], [ -3.0041227, 42.8392491 ], [ -3.0041216, 42.8392671 ], [ -3.0041208, 42.8392806 ], [ -3.0041189, 42.8393121 ], [ -3.0041171, 42.8393423 ], [ -3.004117, 42.8393437 ], [ -3.0041147, 42.8393797 ], [ -3.0041143, 42.8393887 ], [ -3.0041116, 42.8394292 ], [ -3.0041105, 42.8394472 ], [ -3.0041097, 42.8394607 ], [ -3.0041032, 42.8395643 ], [ -3.0040975, 42.8396544 ], [ -3.0040964, 42.8396768 ], [ -3.0040948, 42.8396994 ], [ -3.0040914, 42.8397579 ], [ -3.0040903, 42.8397759 ], [ -3.0040887, 42.8397984 ], [ -3.0040872, 42.8398209 ], [ -3.0040849, 42.8398659 ], [ -3.0040834, 42.839884 ], [ -3.0040818, 42.839911 ], [ -3.0040788, 42.8399605 ], [ -3.0040738, 42.840037 ], [ -3.0040715, 42.8400776 ], [ -3.0040708, 42.8400866 ], [ -3.004067, 42.8401496 ], [ -3.0040662, 42.8401631 ], [ -3.0040639, 42.8402037 ], [ -3.0040631, 42.8402127 ], [ -3.0040589, 42.8402757 ], [ -3.0040589, 42.8402757 ], [ -3.0040581, 42.8402892 ], [ -3.0040551, 42.8403387 ], [ -3.0040544, 42.8403522 ], [ -3.0040536, 42.8403658 ], [ -3.0040513, 42.840401 ], [ -3.0040513, 42.8404018 ], [ -3.0040497, 42.8404288 ], [ -3.0040482, 42.8404513 ], [ -3.0040474, 42.8404648 ], [ -3.0040455, 42.8404964 ], [ -3.0040436, 42.8405234 ], [ -3.0040417, 42.8405594 ], [ -3.004041, 42.8405729 ], [ -3.0040391, 42.8406044 ], [ -3.0040371, 42.8406314 ], [ -3.0040337, 42.8406855 ], [ -3.0040321, 42.8407125 ], [ -3.0040306, 42.840735 ], [ -3.0040283, 42.8407755 ], [ -3.0040272, 42.840789 ], [ -3.0040249, 42.8408295 ], [ -3.0040245, 42.8408383 ], [ -3.0040245, 42.8408385 ], [ -3.0040218, 42.8408791 ], [ -3.0040211, 42.8408881 ], [ -3.004007, 42.8411222 ], [ -3.0040062, 42.8411312 ], [ -3.0040035, 42.8411762 ], [ -3.0039993, 42.8412393 ], [ -3.0039958, 42.8412978 ], [ -3.0039947, 42.8413158 ], [ -3.0039932, 42.8413428 ], [ -3.0039886, 42.8414149 ], [ -3.0039856, 42.8414632 ], [ -3.0039825, 42.8415139 ], [ -3.0039798, 42.841559 ], [ -3.0039779, 42.841586 ], [ -3.0039741, 42.8416085 ], [ -3.0039622, 42.8416799 ], [ -3.0039607, 42.8416891 ], [ -3.0039599, 42.841694 ], [ -3.003958, 42.8417031 ], [ -3.0039427, 42.8417976 ], [ -3.0039343, 42.8418491 ], [ -3.0039331, 42.8418562 ], [ -3.0039282, 42.8418832 ], [ -3.0039209, 42.8419327 ], [ -3.0039149, 42.8419682 ], [ -3.0039141, 42.8419732 ], [ -3.0039121, 42.8419822 ], [ -3.0039022, 42.8420452 ], [ -3.0038965, 42.8420767 ], [ -3.0038946, 42.8420903 ], [ -3.003885, 42.8421443 ], [ -3.0038789, 42.8421848 ], [ -3.0038747, 42.8422073 ], [ -3.0038747, 42.8422074 ], [ -3.0038724, 42.8422254 ], [ -3.0038681, 42.8422478 ], [ -3.0038636, 42.8422749 ], [ -3.0038578, 42.8423109 ], [ -3.0038502, 42.842356 ], [ -3.0038468, 42.8423756 ], [ -3.0038463, 42.8423785 ], [ -3.0038422, 42.8424055 ], [ -3.0038369, 42.8424365 ], [ -3.0038368, 42.8424368 ], [ -3.003836, 42.8424415 ], [ -3.0038307, 42.8424775 ], [ -3.0038242, 42.8425135 ], [ -3.0038184, 42.8425496 ], [ -3.0038162, 42.8425631 ], [ -3.0038131, 42.8425811 ], [ -3.0038101, 42.8425991 ], [ -3.0038062, 42.8426216 ], [ -3.003802, 42.8426486 ], [ -3.0037986, 42.8426711 ], [ -3.0037967, 42.8426801 ], [ -3.0037932, 42.8427026 ], [ -3.0037894, 42.8427252 ], [ -3.0037864, 42.8427432 ], [ -3.0037841, 42.8427567 ], [ -3.003775, 42.8428121 ], [ -3.0037737, 42.8428197 ], [ -3.0037707, 42.8428377 ], [ -3.0037676, 42.8428558 ], [ -3.003725, 42.8431146 ], [ -3.0037235, 42.8431236 ], [ -3.0037172, 42.8431619 ], [ -3.0037106, 42.8432025 ], [ -3.0036682, 42.8434591 ], [ -3.0036632, 42.8434861 ], [ -3.0036604, 42.843503 ], [ -3.0036602, 42.8435041 ], [ -3.0036537, 42.8435446 ], [ -3.003651, 42.8435627 ], [ -3.003646, 42.8435897 ], [ -3.0036437, 42.8436077 ], [ -3.003641, 42.8436212 ], [ -3.003638, 42.8436392 ], [ -3.0036357, 42.8436527 ], [ -3.0036264, 42.8437095 ], [ -3.0036264, 42.8437097 ], [ -3.0036254, 42.8437158 ], [ -3.0036227, 42.8437338 ], [ -3.0036131, 42.8437923 ], [ -3.0036131, 42.8437923 ], [ -3.0036109, 42.8438058 ], [ -3.0036032, 42.8438508 ], [ -3.0036017, 42.8438598 ], [ -3.003591, 42.8439229 ], [ -3.0035868, 42.8439499 ], [ -3.0035837, 42.8439679 ], [ -3.0035757, 42.8440174 ], [ -3.003573, 42.8440354 ], [ -3.0035635, 42.8440895 ], [ -3.0035565, 42.8441345 ], [ -3.0035468, 42.8441936 ], [ -3.0035455, 42.8442021 ], [ -3.0035344, 42.8442651 ], [ -3.0035237, 42.8443326 ], [ -3.0035053, 42.8444452 ], [ -3.0034847, 42.8445668 ], [ -3.0034377, 42.8448504 ], [ -3.0034239, 42.844936 ], [ -3.0034175, 42.8449734 ], [ -3.003417, 42.8449765 ], [ -3.0034135, 42.8449945 ], [ -3.0034086, 42.845026 ], [ -3.0033871, 42.8451566 ], [ -3.0033837, 42.8451791 ], [ -3.0033822, 42.8451881 ], [ -3.0033784, 42.8452106 ], [ -3.0033757, 42.8452287 ], [ -3.0033734, 42.8452403 ], [ -3.003373, 42.8452422 ], [ -3.003373, 42.8452422 ], [ -3.0033704, 42.8452602 ], [ -3.0033461, 42.8453369 ], [ -3.0033405, 42.8453547 ], [ -3.0033378, 42.8453637 ], [ -3.0033275, 42.8453998 ], [ -3.0033195, 42.8454223 ], [ -3.0033176, 42.8454313 ], [ -3.0033072, 42.8454628 ], [ -3.0033042, 42.8454763 ], [ -3.0033012, 42.8454841 ], [ -3.0033007, 42.8454853 ], [ -3.0032973, 42.8454988 ], [ -3.0032908, 42.8455168 ], [ -3.0032862, 42.8455348 ], [ -3.0032813, 42.8455492 ], [ -3.0032801, 42.8455529 ], [ -3.0032617, 42.8456114 ], [ -3.0032568, 42.8456294 ], [ -3.0032514, 42.8456474 ], [ -3.0032403, 42.8456834 ], [ -3.0032384, 42.8456899 ], [ -3.0032379, 42.8456914 ], [ -3.0032376, 42.8456924 ], [ -3.0032277, 42.8457239 ], [ -3.0032277, 42.845724 ], [ -3.003225, 42.8457329 ], [ -3.0031898, 42.8458455 ], [ -3.0031826, 42.8458681 ], [ -3.0031758, 42.8458933 ], [ -3.0031742, 42.8458996 ], [ -3.0031378, 42.8460166 ], [ -3.0031229, 42.8460662 ], [ -3.0031107, 42.8461038 ], [ -3.0031068, 42.8461157 ], [ -3.00309, 42.8461742 ], [ -3.0030862, 42.8461832 ], [ -3.003077, 42.8462147 ], [ -3.0030606, 42.8462688 ], [ -3.0030503, 42.8463015 ], [ -3.0030464, 42.8463138 ], [ -3.0030193, 42.8464039 ], [ -3.0030086, 42.8464354 ], [ -3.0029982, 42.8464714 ], [ -3.002991, 42.8464939 ], [ -3.0029508, 42.8466245 ], [ -3.0029233, 42.8467191 ], [ -3.0029083, 42.8467731 ], [ -3.0028766, 42.8468811 ], [ -3.002874, 42.8468901 ], [ -3.0028483, 42.8469802 ], [ -3.0028403, 42.8470072 ], [ -3.0027883, 42.8471873 ], [ -3.0027776, 42.8472234 ], [ -3.0027703, 42.8472503 ], [ -3.0027703, 42.8472504 ], [ -3.0027676, 42.8472594 ], [ -3.0027252, 42.8474034 ], [ -3.0027225, 42.8474125 ], [ -3.0027179, 42.8474305 ], [ -3.0026977, 42.847498 ], [ -3.0026824, 42.8475543 ], [ -3.0026811, 42.8475588 ], [ -3.0026793, 42.8475655 ], [ -3.0026694, 42.8475971 ], [ -3.0026537, 42.8476511 ], [ -3.0026472, 42.8476736 ], [ -3.0026418, 42.8476916 ], [ -3.0026336, 42.8477193 ], [ -3.0026323, 42.8477237 ], [ -3.0026311, 42.8477277 ], [ -3.0026235, 42.8477547 ], [ -3.0026086, 42.8478087 ], [ -3.0026085, 42.8478087 ], [ -3.0025936, 42.8478582 ], [ -3.0025757, 42.8479213 ], [ -3.0025719, 42.8479347 ], [ -3.0025607, 42.8479708 ], [ -3.0025554, 42.8479888 ], [ -3.0025378, 42.8480518 ], [ -3.0025271, 42.8480878 ], [ -3.0025225, 42.8481058 ], [ -3.0025149, 42.8481284 ], [ -3.0025069, 42.848157 ], [ -3.0025049, 42.8481644 ], [ -3.0024812, 42.8482455 ], [ -3.0024682, 42.8482904 ], [ -3.0024682, 42.8482905 ], [ -3.0024628, 42.8483085 ], [ -3.0024483, 42.8483625 ], [ -3.0024365, 42.848403 ], [ -3.0024166, 42.8484706 ], [ -3.002412, 42.8484841 ], [ -3.0023994, 42.8485291 ], [ -3.0023976, 42.8485361 ], [ -3.0023971, 42.8485381 ], [ -3.0023722, 42.8486237 ], [ -3.0023722, 42.8486237 ], [ -3.00236, 42.8486642 ], [ -3.0023558, 42.8486777 ], [ -3.0023435, 42.8487227 ], [ -3.002332, 42.8487633 ], [ -3.0023294, 42.8487723 ], [ -3.0023144, 42.8488218 ], [ -3.0022926, 42.8488983 ], [ -3.0022923, 42.8489163 ], [ -3.0022915, 42.8489388 ], [ -3.002291, 42.8489718 ], [ -3.0022908, 42.8489884 ], [ -3.0022892, 42.8490469 ], [ -3.0022892, 42.8490469 ], [ -3.0022888, 42.8490604 ], [ -3.0022877, 42.8491091 ], [ -3.0022877, 42.84911 ], [ -3.0022873, 42.8491325 ], [ -3.0022865, 42.8491589 ], [ -3.0022865, 42.8491595 ], [ -3.0022854, 42.849218 ], [ -3.0022839, 42.8492676 ], [ -3.0022835, 42.8492988 ], [ -3.0022835, 42.8492991 ], [ -3.0022823, 42.8493396 ], [ -3.002282, 42.8493573 ], [ -3.002282, 42.8493576 ], [ -3.0022812, 42.8493801 ], [ -3.0022812, 42.8493981 ], [ -3.0022804, 42.8494071 ], [ -3.0022785, 42.8494927 ], [ -3.0022781, 42.8495197 ], [ -3.0022762, 42.8495963 ], [ -3.0022755, 42.8496323 ], [ -3.0022751, 42.8496413 ], [ -3.0022749, 42.8496466 ], [ -3.0022747, 42.8496548 ], [ -3.0022743, 42.8496682 ], [ -3.0022743, 42.8496683 ], [ -3.0022755, 42.8496818 ], [ -3.0022766, 42.8496953 ], [ -3.0022789, 42.8497178 ], [ -3.0022812, 42.8497448 ], [ -3.0022839, 42.8497764 ], [ -3.0022858, 42.8497944 ], [ -3.0022915, 42.8498304 ], [ -3.0022995, 42.8498799 ], [ -3.0023041, 42.849907 ], [ -3.0023107, 42.8499474 ], [ -3.0023252, 42.8500375 ], [ -3.0023283, 42.85006 ], [ -3.0023313, 42.8500825 ], [ -3.0023332, 42.8500961 ], [ -3.0023347, 42.8501096 ], [ -3.0023389, 42.8501411 ], [ -3.0023428, 42.8501681 ], [ -3.0023447, 42.8501816 ], [ -3.0023592, 42.8502897 ], [ -3.0023638, 42.8503212 ], [ -3.0023745, 42.8504022 ], [ -3.0023757, 42.8504112 ], [ -3.002378, 42.8504293 ], [ -3.0023818, 42.8504608 ], [ -3.0023856, 42.8504923 ], [ -3.0023933, 42.8505598 ], [ -3.0023978, 42.8505958 ], [ -3.0024001, 42.8506138 ], [ -3.0024185, 42.8507309 ], [ -3.0024196, 42.8507399 ], [ -3.002422, 42.8507534 ], [ -3.002425, 42.8507714 ], [ -3.0024258, 42.8507804 ], [ -3.0024376, 42.8509065 ], [ -3.0024376, 42.85092 ], [ -3.0024376, 42.8509426 ], [ -3.0024376, 42.8509831 ], [ -3.0024376, 42.8510371 ], [ -3.0024376, 42.8510371 ], [ -3.002438, 42.8510596 ], [ -3.002438, 42.8510821 ], [ -3.002438, 42.8511091 ], [ -3.0024384, 42.8511362 ], [ -3.0024384, 42.8511677 ], [ -3.0024388, 42.8512442 ], [ -3.0024388, 42.8512532 ], [ -3.0024388, 42.8512667 ], [ -3.0024384, 42.8512937 ], [ -3.002438, 42.8513432 ], [ -3.0024373, 42.8514018 ], [ -3.0024369, 42.851433 ], [ -3.0024369, 42.8514333 ], [ -3.0024369, 42.8514559 ], [ -3.0024365, 42.8514649 ], [ -3.0024342, 42.8515729 ], [ -3.0024338, 42.8515909 ], [ -3.0024365, 42.8516044 ], [ -3.0024396, 42.8516224 ], [ -3.0024441, 42.8516495 ], [ -3.0024506, 42.8516855 ], [ -3.0024527, 42.8516973 ], [ -3.0024529, 42.851699 ], [ -3.0024595, 42.851735 ], [ -3.0024625, 42.851753 ], [ -3.0024659, 42.8517755 ], [ -3.0024675, 42.8517845 ], [ -3.0024904, 42.8519151 ], [ -3.0024985, 42.8519647 ], [ -3.0025011, 42.8519917 ], [ -3.00251, 42.8521042 ], [ -3.0025119, 42.8521267 ], [ -3.0025142, 42.8521628 ], [ -3.0025153, 42.8521763 ], [ -3.0025172, 42.8522033 ], [ -3.0025187, 42.8522258 ], [ -3.0025206, 42.8522618 ], [ -3.0025233, 42.8523158 ], [ -3.0025249, 42.8523429 ], [ -3.0025256, 42.8523609 ], [ -3.0025268, 42.8523789 ], [ -3.002526, 42.8524149 ], [ -3.0025252, 42.8524374 ], [ -3.0025218, 42.852568 ], [ -3.0025214, 42.8525815 ], [ -3.002521, 42.8525905 ], [ -3.0025206, 42.852604 ], [ -3.0025195, 42.8526445 ], [ -3.0025175, 42.8526603 ], [ -3.0025174, 42.8526612 ], [ -3.0025172, 42.8526626 ], [ -3.0025077, 42.8527031 ], [ -3.0025015, 42.8527301 ], [ -3.0024973, 42.8527436 ], [ -3.0024866, 42.8527841 ], [ -3.0024764, 42.8528191 ], [ -3.0024721, 42.8528336 ], [ -3.0024721, 42.8528337 ], [ -3.0024683, 42.8528427 ], [ -3.002464, 42.8528607 ], [ -3.0024415, 42.8529327 ], [ -3.0024403, 42.8529417 ], [ -3.0024389, 42.8529552 ], [ -3.0024331, 42.8529957 ], [ -3.0024319, 42.8530048 ], [ -3.0024269, 42.8530408 ], [ -3.0024089, 42.8531668 ], [ -3.0024074, 42.8531804 ], [ -3.0023956, 42.8532929 ], [ -3.0023868, 42.8533785 ], [ -3.0023846, 42.853401 ], [ -3.0023842, 42.8534045 ], [ -3.0023841, 42.8534055 ], [ -3.0023811, 42.8534325 ], [ -3.0023784, 42.8534595 ], [ -3.0023715, 42.8535271 ], [ -3.0023683, 42.853556 ], [ -3.002368, 42.8535586 ], [ -3.0023669, 42.8535766 ], [ -3.0023627, 42.8536306 ], [ -3.0023615, 42.8536396 ], [ -3.0023612, 42.8536486 ], [ -3.0023565, 42.8537037 ], [ -3.0023562, 42.8537072 ], [ -3.0023535, 42.8537432 ], [ -3.0023509, 42.8537747 ], [ -3.0023497, 42.8537882 ], [ -3.0023461, 42.8538394 ], [ -3.0023459, 42.8538423 ], [ -3.0023409, 42.8539008 ], [ -3.0023398, 42.8539143 ], [ -3.0023367, 42.8539548 ], [ -3.0023344, 42.8539818 ], [ -3.0023275, 42.8540719 ], [ -3.002326, 42.8540899 ], [ -3.0023244, 42.8541034 ], [ -3.0023237, 42.8541124 ], [ -3.0023206, 42.8541529 ], [ -3.002318, 42.8541889 ], [ -3.0023172, 42.854198 ], [ -3.0023161, 42.854216 ], [ -3.0023145, 42.854234 ], [ -3.0023134, 42.854243 ], [ -3.0023088, 42.8543015 ], [ -3.0023076, 42.854315 ], [ -3.0023038, 42.8543646 ], [ -3.0023011, 42.8543961 ], [ -3.0023, 42.8544096 ], [ -3.0022996, 42.8544186 ], [ -3.0022988, 42.8544276 ], [ -3.0022977, 42.8544403 ], [ -3.0022977, 42.8544411 ], [ -3.0022946, 42.8544771 ], [ -3.0022896, 42.8545402 ], [ -3.0022881, 42.8545582 ], [ -3.0022843, 42.8546077 ], [ -3.002282, 42.8546392 ], [ -3.0022805, 42.8546572 ], [ -3.0022797, 42.8546662 ], [ -3.0022778, 42.8546887 ], [ -3.0022778, 42.8546888 ], [ -3.0022713, 42.8547698 ], [ -3.0022705, 42.8547788 ], [ -3.0022682, 42.8548058 ], [ -3.0022678, 42.8548148 ], [ -3.0022655, 42.8548419 ], [ -3.0022648, 42.8548508 ], [ -3.002264, 42.8548599 ], [ -3.0022625, 42.8548779 ], [ -3.0022579, 42.8549364 ], [ -3.0022525, 42.8550039 ], [ -3.0022518, 42.8550129 ], [ -3.0022487, 42.855049 ], [ -3.0022472, 42.855067 ], [ -3.0022449, 42.8550985 ], [ -3.0022434, 42.8551165 ], [ -3.0022416, 42.8551377 ], [ -3.0022415, 42.8551383 ], [ -3.0022415, 42.855139 ], [ -3.0022373, 42.855193 ], [ -3.0022354, 42.8552156 ], [ -3.0022346, 42.8552291 ], [ -3.0022311, 42.8552696 ], [ -3.0022288, 42.8552966 ], [ -3.0022254, 42.8553371 ], [ -3.0022239, 42.8553597 ], [ -3.0022189, 42.8554182 ], [ -3.0022128, 42.8554992 ], [ -3.0022092, 42.8555414 ], [ -3.0022089, 42.8555443 ], [ -3.0022082, 42.8555533 ], [ -3.0022074, 42.8555623 ], [ -3.002207, 42.8555713 ], [ -3.002204, 42.8556028 ], [ -3.0022002, 42.8556523 ], [ -3.0021979, 42.8556839 ], [ -3.0021917, 42.8557604 ], [ -3.0021891, 42.8557919 ], [ -3.0021891, 42.855792 ], [ -3.0021864, 42.8558234 ], [ -3.0021852, 42.8558369 ], [ -3.002183, 42.8558685 ], [ -3.002183, 42.8558685 ], [ -3.002181, 42.855891 ], [ -3.0021795, 42.8559089 ], [ -3.0021765, 42.8559495 ], [ -3.0021719, 42.8560035 ], [ -3.0021711, 42.8560123 ], [ -3.0021711, 42.8560125 ], [ -3.0021673, 42.856026 ], [ -3.0021631, 42.8560395 ], [ -3.0021577, 42.8560576 ], [ -3.0021267, 42.8561521 ], [ -3.0021214, 42.8561701 ], [ -3.0021099, 42.8562062 ], [ -3.0021061, 42.8562152 ], [ -3.0021061, 42.8562152 ], [ -3.0020946, 42.8562512 ], [ -3.0020823, 42.8562917 ], [ -3.0020823, 42.8562917 ], [ -3.0020781, 42.8563052 ], [ -3.0020655, 42.8563412 ], [ -3.002046, 42.8564043 ], [ -3.0020372, 42.8564313 ], [ -3.0020315, 42.8564493 ], [ -3.0020185, 42.8564898 ], [ -3.0020116, 42.8565101 ], [ -3.0020093, 42.8565168 ], [ -3.0019944, 42.8565619 ], [ -3.0019848, 42.8565934 ], [ -3.0019798, 42.8566114 ], [ -3.0019619, 42.8566654 ], [ -3.0019316, 42.85676 ], [ -3.0019202, 42.856796 ], [ -3.0019125, 42.8568185 ], [ -3.0019064, 42.8568365 ], [ -3.0018957, 42.8568715 ], [ -3.0018926, 42.8568816 ], [ -3.0018884, 42.8568951 ], [ -3.0018662, 42.8569626 ], [ -3.0018506, 42.8570121 ], [ -3.0018364, 42.8570571 ], [ -3.0018304, 42.8570742 ], [ -3.0018269, 42.8570842 ], [ -3.0018183, 42.857112 ], [ -3.0018157, 42.8571202 ], [ -3.0018081, 42.8571427 ], [ -3.0018031, 42.8571562 ], [ -3.0017882, 42.8572058 ], [ -3.0017767, 42.8572418 ], [ -3.0017622, 42.8572868 ], [ -3.0017591, 42.8572958 ], [ -3.0017473, 42.8573318 ], [ -3.0017377, 42.8573633 ], [ -3.0017339, 42.8573723 ], [ -3.0017232, 42.8574084 ], [ -3.0017163, 42.8574264 ], [ -3.0016956, 42.8574921 ], [ -3.0016922, 42.8575029 ], [ -3.0016884, 42.8575164 ], [ -3.0016814, 42.857537 ], [ -3.0016792, 42.8575435 ], [ -3.0016762, 42.8575524 ], [ -3.0016471, 42.8576425 ], [ -3.0016401, 42.857665 ], [ -3.0016401, 42.8576651 ], [ -3.0016302, 42.8576965 ], [ -3.0016111, 42.8577551 ], [ -3.0016042, 42.8577776 ], [ -3.0015935, 42.8578091 ], [ -3.0015889, 42.8578271 ], [ -3.001578, 42.8578591 ], [ -3.0015767, 42.8578631 ], [ -3.0015629, 42.8579036 ], [ -3.0015579, 42.8579217 ], [ -3.0015407, 42.8579757 ], [ -3.0015361, 42.85799 ], [ -3.0015356, 42.8579916 ], [ -3.001535, 42.8579937 ], [ -3.0015101, 42.8580702 ], [ -3.0015101, 42.8580703 ], [ -3.0014994, 42.8581018 ], [ -3.0014941, 42.8581198 ], [ -3.0014741, 42.8581828 ], [ -3.0014696, 42.8581963 ], [ -3.0014512, 42.8582549 ], [ -3.0014294, 42.8583179 ], [ -3.0014234, 42.8583392 ], [ -3.0014217, 42.8583449 ], [ -3.0014122, 42.8583764 ], [ -3.0013919, 42.858435 ], [ -3.0013896, 42.858444 ], [ -3.0013829, 42.8584637 ], [ -3.001382, 42.8584665 ], [ -3.0013736, 42.8584935 ], [ -3.0013622, 42.8585294 ], [ -3.0013579, 42.858543 ], [ -3.0013487, 42.8585701 ], [ -3.0013395, 42.8586016 ], [ -3.0013315, 42.8586241 ], [ -3.0013215, 42.8586556 ], [ -3.0013112, 42.8586871 ], [ -3.0012936, 42.8587412 ], [ -3.0012806, 42.8587817 ], [ -3.0012703, 42.8588132 ], [ -3.0012642, 42.8588357 ], [ -3.0012576, 42.8588537 ], [ -3.0012194, 42.8589753 ], [ -3.0011968, 42.8590428 ], [ -3.0011919, 42.8590609 ], [ -3.0011838, 42.8590834 ], [ -3.0011705, 42.8591239 ], [ -3.0011639, 42.8591464 ], [ -3.0011454, 42.8592052 ], [ -3.0011398, 42.8592229 ], [ -3.0011188, 42.859286 ], [ -3.0011062, 42.8593265 ], [ -3.0010951, 42.859358 ], [ -3.0010867, 42.859385 ], [ -3.0010867, 42.8593851 ], [ -3.0010717, 42.8594345 ], [ -3.0010618, 42.8594616 ], [ -3.0010496, 42.8595021 ], [ -3.0010373, 42.8595381 ], [ -3.0010346, 42.8595471 ], [ -3.0010269, 42.8595697 ], [ -3.0010224, 42.8595877 ], [ -3.0010071, 42.8596327 ], [ -3.0010045, 42.8596402 ], [ -3.0009994, 42.8596552 ], [ -3.0009994, 42.8596552 ], [ -3.0009822, 42.8597092 ], [ -3.0009777, 42.8597256 ], [ -3.0009773, 42.8597272 ], [ -3.0009658, 42.8597633 ], [ -3.000957, 42.8597903 ], [ -3.0009355, 42.8598578 ], [ -3.0009313, 42.8598668 ], [ -3.0009313, 42.8598668 ], [ -3.0009258, 42.859884 ], [ -3.0009241, 42.8598893 ], [ -3.0009069, 42.8599433 ], [ -3.0008916, 42.8599929 ], [ -3.000887, 42.8600064 ], [ -3.0008804, 42.8600285 ], [ -3.0008799, 42.8600302 ], [ -3.0008789, 42.8600334 ], [ -3.0008602, 42.860092 ], [ -3.0008541, 42.86011 ], [ -3.0008468, 42.8601329 ], [ -3.0008426, 42.860146 ], [ -3.0008368, 42.8601622 ], [ -3.0008346, 42.8601685 ], [ -3.0008196, 42.8602135 ], [ -3.0008024, 42.8602675 ], [ -3.0007925, 42.8602991 ], [ -3.0007906, 42.8603081 ], [ -3.0007787, 42.8603441 ], [ -3.000773, 42.8603621 ], [ -3.0007634, 42.8603911 ], [ -3.0007611, 42.8603981 ], [ -3.0007534, 42.8604206 ], [ -3.0007493, 42.8604347 ], [ -3.0007481, 42.8604386 ], [ -3.0007393, 42.8604656 ], [ -3.0007133, 42.8605152 ], [ -3.0006926, 42.8605512 ], [ -3.0006766, 42.8605827 ], [ -3.0006689, 42.8605963 ], [ -3.0006567, 42.8606187 ], [ -3.0006429, 42.8606458 ], [ -3.0006211, 42.8606863 ], [ -3.0006089, 42.8607088 ], [ -3.0005958, 42.8607313 ], [ -3.0005813, 42.8607583 ], [ -3.0005614, 42.8607989 ], [ -3.0005381, 42.8608394 ], [ -3.0005339, 42.8608484 ], [ -3.0004864, 42.8609384 ], [ -3.0004769, 42.8609564 ], [ -3.0004486, 42.861006 ], [ -3.0004049, 42.861087 ], [ -3.0003931, 42.8611095 ], [ -3.0003709, 42.8611501 ], [ -3.0003613, 42.8611681 ], [ -3.0003445, 42.8611996 ], [ -3.0003193, 42.8612491 ], [ -3.000307, 42.8612716 ], [ -3.0002887, 42.8613077 ], [ -3.0002382, 42.8613977 ], [ -3.000224, 42.8614247 ], [ -3.0002114, 42.8614472 ], [ -3.0001927, 42.8614832 ], [ -3.0001479, 42.8615688 ], [ -3.0001336, 42.8615932 ], [ -3.0001242, 42.8616093 ], [ -3.0001085, 42.8616408 ], [ -3.0000805, 42.8616949 ], [ -3.0000626, 42.8617264 ], [ -3.0000373, 42.8617714 ], [ -3.0000281, 42.8617894 ], [ -3.0000224, 42.8618029 ], [ -3.0000052, 42.8618345 ], [ -2.9999842, 42.8618705 ], [ -2.9999704, 42.8618975 ], [ -2.9999455, 42.861947 ], [ -2.9999191, 42.861992 ], [ -2.9999088, 42.8620145 ], [ -2.9998904, 42.8620461 ], [ -2.9998835, 42.8620596 ], [ -2.9998533, 42.8621181 ], [ -2.9998449, 42.8621317 ], [ -2.999838, 42.8621452 ], [ -2.9998151, 42.8621857 ], [ -2.9997925, 42.8622307 ], [ -2.9997745, 42.8622622 ], [ -2.9997405, 42.8623253 ], [ -2.9997229, 42.8623601 ], [ -2.9997156, 42.8623748 ], [ -2.9997095, 42.8623838 ], [ -2.9996842, 42.8624333 ], [ -2.9996654, 42.8624648 ], [ -2.9996349, 42.8625234 ], [ -2.9996349, 42.8625234 ], [ -2.9996142, 42.8625639 ], [ -2.9995981, 42.8625909 ], [ -2.9995683, 42.8626494 ], [ -2.9995457, 42.86269 ], [ -2.999517, 42.862744 ], [ -2.9994914, 42.862789 ], [ -2.9994757, 42.8628205 ], [ -2.9994592, 42.8628521 ], [ -2.9994329, 42.8629016 ], [ -2.9994301, 42.8629054 ], [ -2.9994263, 42.8629106 ], [ -2.9994022, 42.8629556 ], [ -2.9993969, 42.8629646 ], [ -2.9993751, 42.8630051 ], [ -2.9993667, 42.8630231 ], [ -2.9993449, 42.8630637 ], [ -2.9993216, 42.8631087 ], [ -2.9992932, 42.8631607 ], [ -2.9992798, 42.8631853 ], [ -2.9992599, 42.8632213 ], [ -2.9992435, 42.8632528 ], [ -2.9992259, 42.8632843 ], [ -2.9992018, 42.8633293 ], [ -2.9991796, 42.8633698 ], [ -2.999175, 42.8633789 ], [ -2.9991345, 42.8634554 ], [ -2.999123, 42.8634779 ], [ -2.9991103, 42.8635004 ], [ -2.9990927, 42.8635319 ], [ -2.9990606, 42.863595 ], [ -2.9990578, 42.8636005 ], [ -2.999056, 42.863604 ], [ -2.999046, 42.863622 ], [ -2.9990159, 42.863676 ], [ -2.9989945, 42.8637165 ], [ -2.9989722, 42.8637571 ], [ -2.9989508, 42.8637976 ], [ -2.9989386, 42.8638201 ], [ -2.9988846, 42.8639192 ], [ -2.9988425, 42.8640002 ], [ -2.9988253, 42.8640317 ], [ -2.9987721, 42.8641308 ], [ -2.9987541, 42.8641623 ], [ -2.998745, 42.8641803 ], [ -2.9987128, 42.8642433 ], [ -2.998696, 42.8642704 ], [ -2.9986918, 42.8642794 ], [ -2.9986849, 42.8642929 ], [ -2.998652, 42.8643559 ], [ -2.9986402, 42.8643785 ], [ -2.9986233, 42.86441 ], [ -2.998613, 42.8644279 ], [ -2.9986057, 42.8644415 ], [ -2.9986, 42.8644505 ], [ -2.9985468, 42.864527 ], [ -2.998502, 42.8645901 ], [ -2.9984955, 42.864599 ], [ -2.9984309, 42.8646891 ], [ -2.9984308, 42.8646891 ], [ -2.9983988, 42.8647341 ], [ -2.9983834, 42.8647567 ], [ -2.9983655, 42.8647837 ], [ -2.9983524, 42.8648016 ], [ -2.9983451, 42.8648107 ], [ -2.9982966, 42.8648782 ], [ -2.9982805, 42.8649007 ], [ -2.9982728, 42.8649142 ], [ -2.9982426, 42.8649548 ], [ -2.998217, 42.8649908 ], [ -2.9981826, 42.8650403 ], [ -2.9981711, 42.8650538 ], [ -2.9981481, 42.8650899 ], [ -2.9981018, 42.8651529 ], [ -2.9980579, 42.8652159 ], [ -2.9980471, 42.8652294 ], [ -2.9980292, 42.8652564 ], [ -2.9979882, 42.865315 ], [ -2.9979803, 42.8653227 ], [ -2.997979, 42.865324 ], [ -2.9979729, 42.865333 ], [ -2.9979557, 42.86536 ], [ -2.9979381, 42.8653825 ], [ -2.9979071, 42.8654275 ], [ -2.9979006, 42.8654365 ], [ -2.9978547, 42.8654996 ], [ -2.9978348, 42.8655311 ], [ -2.9978153, 42.8655581 ], [ -2.997798, 42.8655806 ], [ -2.9977862, 42.8655986 ], [ -2.9977552, 42.8656391 ], [ -2.9977322, 42.8656752 ], [ -2.9977235, 42.8656842 ], [ -2.9976802, 42.8657472 ], [ -2.997663, 42.8657697 ], [ -2.9976324, 42.8658148 ], [ -2.9976236, 42.8658283 ], [ -2.9975892, 42.8658733 ], [ -2.9975773, 42.8658913 ], [ -2.997544, 42.8659363 ], [ -2.9975321, 42.8659543 ], [ -2.9975058, 42.8659903 ], [ -2.9974893, 42.8660174 ], [ -2.9974418, 42.8660804 ], [ -2.9974201, 42.8661119 ], [ -2.9973868, 42.8661614 ], [ -2.9973726, 42.8661795 ], [ -2.9973654, 42.8661885 ], [ -2.9973171, 42.866256 ], [ -2.9972992, 42.866283 ], [ -2.9972846, 42.8663055 ], [ -2.9972532, 42.866346 ], [ -2.9972391, 42.8663686 ], [ -2.9972173, 42.8663981 ], [ -2.9972092, 42.8664091 ], [ -2.9971802, 42.8664496 ], [ -2.9971744, 42.8664586 ], [ -2.9971675, 42.8664676 ], [ -2.997161, 42.866478 ], [ -2.9971591, 42.8664811 ], [ -2.9970815, 42.8665892 ], [ -2.9970669, 42.8666117 ], [ -2.9970355, 42.8666567 ], [ -2.9970309, 42.8666618 ], [ -2.9970233, 42.8666702 ], [ -2.9970049, 42.8666973 ], [ -2.9969992, 42.8667063 ], [ -2.9969674, 42.8667513 ], [ -2.9969368, 42.8667918 ], [ -2.9969311, 42.8668008 ], [ -2.9969062, 42.8668368 ], [ -2.9968591, 42.8669043 ], [ -2.9968392, 42.8669314 ], [ -2.9968254, 42.8669494 ], [ -2.9967906, 42.8669989 ], [ -2.9967746, 42.8670214 ], [ -2.9967597, 42.8670439 ], [ -2.996731, 42.8670845 ], [ -2.9967176, 42.8671025 ], [ -2.9966881, 42.867143 ], [ -2.9966575, 42.867188 ], [ -2.9966406, 42.8672105 ], [ -2.9966154, 42.8672465 ], [ -2.9966065, 42.8672579 ], [ -2.9966013, 42.8672646 ], [ -2.9965954, 42.8672741 ], [ -2.9965844, 42.8672916 ], [ -2.9965415, 42.8673501 ], [ -2.9965305, 42.8673681 ], [ -2.9965232, 42.8673771 ], [ -2.9964991, 42.8674087 ], [ -2.996491, 42.8674221 ], [ -2.9964857, 42.8674312 ], [ -2.9964417, 42.8674897 ], [ -2.9964153, 42.8675302 ], [ -2.9963828, 42.8675752 ], [ -2.9963682, 42.8675933 ], [ -2.9963545, 42.8676158 ], [ -2.99633, 42.8676473 ], [ -2.9963223, 42.8676608 ], [ -2.9962841, 42.8677148 ], [ -2.9962669, 42.8677373 ], [ -2.9962615, 42.8677463 ], [ -2.9962202, 42.8678049 ], [ -2.9961945, 42.8678499 ], [ -2.9961704, 42.8678994 ], [ -2.9961421, 42.8679534 ], [ -2.9961345, 42.8679715 ], [ -2.9961302, 42.8679804 ], [ -2.9961016, 42.8680345 ], [ -2.9960962, 42.868048 ], [ -2.996077, 42.868084 ], [ -2.996061, 42.8681155 ], [ -2.9960235, 42.8681921 ], [ -2.9960105, 42.8682146 ], [ -2.9960017, 42.8682326 ], [ -2.9959802, 42.8682776 ], [ -2.9959485, 42.8683407 ], [ -2.995932, 42.8683722 ], [ -2.9959255, 42.8683857 ], [ -2.9958972, 42.8684397 ], [ -2.9958842, 42.8684667 ], [ -2.9958666, 42.8685027 ], [ -2.9958607, 42.8685147 ], [ -2.9958578, 42.8685207 ], [ -2.9958329, 42.8685658 ], [ -2.9958264, 42.8685793 ], [ -2.9958203, 42.8685945 ], [ -2.9958191, 42.8685973 ], [ -2.9957935, 42.8686468 ], [ -2.9957724, 42.8686874 ], [ -2.9957633, 42.8687054 ], [ -2.9957404, 42.8687504 ], [ -2.9957254, 42.8687819 ], [ -2.9957105, 42.8688134 ], [ -2.9956879, 42.8688539 ], [ -2.9956799, 42.868872 ], [ -2.9956707, 42.86889 ], [ -2.9956274, 42.8689755 ], [ -2.9956026, 42.8690251 ], [ -2.9955976, 42.8690341 ], [ -2.9955888, 42.8690521 ], [ -2.9955761, 42.8690791 ], [ -2.9955659, 42.8690971 ], [ -2.9955425, 42.8691421 ], [ -2.9955241, 42.8691827 ], [ -2.9955088, 42.8692096 ], [ -2.9955054, 42.8692187 ], [ -2.9954901, 42.8692502 ], [ -2.9954667, 42.8692952 ], [ -2.995461, 42.8693042 ], [ -2.9954487, 42.8693312 ], [ -2.9954024, 42.8694213 ], [ -2.9953381, 42.8695473 ], [ -2.9953282, 42.8695699 ], [ -2.9953224, 42.8695789 ], [ -2.9952945, 42.8696374 ], [ -2.9952865, 42.8696509 ], [ -2.9952712, 42.8696824 ], [ -2.9952505, 42.8697229 ], [ -2.9952367, 42.8697499 ], [ -2.995195, 42.8698355 ], [ -2.9951893, 42.8698445 ], [ -2.9951644, 42.869894 ], [ -2.995154, 42.8699134 ], [ -2.9951498, 42.8699211 ], [ -2.9951219, 42.8699796 ], [ -2.9950936, 42.8700336 ], [ -2.9950775, 42.8700651 ], [ -2.9950538, 42.8701146 ], [ -2.9950492, 42.870121 ], [ -2.9950473, 42.8701237 ], [ -2.9950021, 42.8702137 ], [ -2.9949887, 42.8702407 ], [ -2.9949769, 42.8702678 ], [ -2.9949528, 42.8703128 ], [ -2.9949486, 42.8703218 ], [ -2.994943, 42.8703321 ], [ -2.9949413, 42.8703353 ], [ -2.9949061, 42.8704073 ], [ -2.9948969, 42.8704253 ], [ -2.994887, 42.8704433 ], [ -2.9948705, 42.8704749 ], [ -2.9948613, 42.8704929 ], [ -2.9948613, 42.8704929 ], [ -2.9948575, 42.8705019 ], [ -2.9948318, 42.8705514 ], [ -2.9948152, 42.8705861 ], [ -2.9948017, 42.8706144 ], [ -2.9947963, 42.8706234 ], [ -2.9947848, 42.8706459 ], [ -2.9947714, 42.8706721 ], [ -2.9947664, 42.870682 ], [ -2.9947339, 42.870745 ], [ -2.9947302, 42.8707536 ], [ -2.9947282, 42.8707585 ], [ -2.9947136, 42.8707855 ], [ -2.9947079, 42.8707991 ], [ -2.9946765, 42.8708621 ], [ -2.9946644, 42.8708846 ], [ -2.994662, 42.8708891 ], [ -2.9946409, 42.8709296 ], [ -2.9946359, 42.8709431 ], [ -2.9946191, 42.8709747 ], [ -2.9945808, 42.8710512 ], [ -2.9945716, 42.8710692 ], [ -2.9945663, 42.8710782 ], [ -2.9945525, 42.8711052 ], [ -2.9945338, 42.8711457 ], [ -2.994507, 42.8711953 ], [ -2.9944603, 42.8712898 ], [ -2.9944499, 42.8713123 ], [ -2.9944201, 42.8713709 ], [ -2.9944147, 42.8713799 ], [ -2.9944036, 42.8714024 ], [ -2.9943898, 42.8714294 ], [ -2.9943754, 42.8714589 ], [ -2.9943722, 42.8714654 ], [ -2.994339, 42.8715284 ], [ -2.9943187, 42.871569 ], [ -2.9942984, 42.8716095 ], [ -2.9942823, 42.871641 ], [ -2.9942739, 42.871659 ], [ -2.9942613, 42.871686 ], [ -2.9942563, 42.8716951 ], [ -2.9942333, 42.8717401 ], [ -2.9942043, 42.8717986 ], [ -2.9941993, 42.8718076 ], [ -2.9941993, 42.8718076 ], [ -2.9941683, 42.8718707 ], [ -2.9941377, 42.8719292 ], [ -2.9941197, 42.8719652 ], [ -2.9941117, 42.8719787 ], [ -2.9940607, 42.8720823 ], [ -2.9940259, 42.8721498 ], [ -2.9940102, 42.8721813 ], [ -2.9939857, 42.8722308 ], [ -2.9939811, 42.8722398 ], [ -2.9939593, 42.8722849 ], [ -2.993944, 42.8723119 ], [ -2.9939295, 42.8723434 ], [ -2.9939138, 42.8723749 ], [ -2.9938954, 42.8724109 ], [ -2.9938602, 42.8724785 ], [ -2.9938587, 42.872537 ], [ -2.9938583, 42.872546 ], [ -2.9938579, 42.872555 ], [ -2.9938571, 42.8725956 ], [ -2.9938564, 42.8726181 ], [ -2.9938548, 42.8726676 ], [ -2.9938545, 42.8726766 ], [ -2.993854, 42.8726991 ], [ -2.9938537, 42.8727126 ], [ -2.9938533, 42.8727216 ], [ -2.9938529, 42.8727441 ], [ -2.9938526, 42.8727531 ], [ -2.9938514, 42.8727936 ], [ -2.993851, 42.8728027 ], [ -2.9938487, 42.8728823 ], [ -2.9938487, 42.8728837 ], [ -2.9938487, 42.8728972 ], [ -2.9938476, 42.8729242 ], [ -2.9938476, 42.8729332 ], [ -2.9938444, 42.8730368 ], [ -2.9938433, 42.8730765 ], [ -2.9938433, 42.8730773 ], [ -2.9938422, 42.8731134 ], [ -2.993841, 42.8731584 ], [ -2.9938394, 42.8732124 ], [ -2.9938391, 42.8732302 ], [ -2.9938391, 42.8732304 ], [ -2.9938383, 42.8732529 ], [ -2.9938379, 42.8732709 ], [ -2.9938375, 42.873289 ], [ -2.9938352, 42.8733745 ], [ -2.993834, 42.8734105 ], [ -2.9938306, 42.8735321 ], [ -2.9938302, 42.8735456 ], [ -2.9938287, 42.8735952 ], [ -2.9938279, 42.8736221 ], [ -2.9938276, 42.8736398 ], [ -2.9938275, 42.8736402 ], [ -2.9938268, 42.8736717 ], [ -2.993826, 42.8736897 ], [ -2.9938252, 42.8737212 ], [ -2.9938241, 42.8737572 ], [ -2.9938241, 42.8737662 ], [ -2.9938191, 42.8739418 ], [ -2.9938156, 42.8740589 ], [ -2.9938153, 42.8740769 ], [ -2.9938145, 42.8741085 ], [ -2.9938118, 42.874194 ], [ -2.9938118, 42.874203 ], [ -2.9938114, 42.874212 ], [ -2.993811, 42.8742205 ], [ -2.993811, 42.874221 ], [ -2.993811, 42.874221 ], [ -2.9938106, 42.8742345 ], [ -2.9938095, 42.874284 ], [ -2.9938033, 42.8744911 ], [ -2.9938033, 42.8744912 ], [ -2.9938026, 42.8745226 ], [ -2.9937998, 42.8746172 ], [ -2.9937995, 42.874635 ], [ -2.9937995, 42.8746353 ], [ -2.9937983, 42.8746712 ], [ -2.993798, 42.8746867 ], [ -2.9937979, 42.8746891 ], [ -2.9937979, 42.8746893 ], [ -2.9937976, 42.8746983 ], [ -2.9937968, 42.8747298 ], [ -2.993796, 42.8747478 ], [ -2.9937957, 42.8747748 ], [ -2.9937949, 42.8747973 ], [ -2.9937941, 42.8748198 ], [ -2.9937937, 42.8748334 ], [ -2.9937929, 42.8748694 ], [ -2.9937922, 42.8748964 ], [ -2.993791, 42.8749279 ], [ -2.9937903, 42.8749504 ], [ -2.9937887, 42.8750135 ], [ -2.993788, 42.8750405 ], [ -2.9937868, 42.8750765 ], [ -2.9937868, 42.87509 ], [ -2.9937868, 42.875108 ], [ -2.993786, 42.8751396 ], [ -2.993786, 42.8751531 ], [ -2.9937856, 42.8751891 ], [ -2.9937853, 42.8752296 ], [ -2.9937849, 42.8752521 ], [ -2.9937841, 42.8753056 ], [ -2.9937841, 42.8753061 ], [ -2.9937837, 42.8753332 ], [ -2.9937837, 42.8753422 ], [ -2.9937833, 42.8753692 ], [ -2.9937833, 42.8753827 ], [ -2.9937829, 42.8754229 ], [ -2.9937829, 42.8754232 ], [ -2.9937822, 42.8754547 ], [ -2.9937822, 42.8754817 ], [ -2.9937818, 42.8754997 ], [ -2.9937814, 42.8755268 ], [ -2.9937814, 42.8755358 ], [ -2.993781, 42.8755898 ], [ -2.9937806, 42.8756033 ], [ -2.9937802, 42.8756348 ], [ -2.9937799, 42.8756574 ], [ -2.9937794, 42.8756888 ], [ -2.9937794, 42.8756979 ], [ -2.993779, 42.8757384 ], [ -2.9937787, 42.8757609 ], [ -2.9937779, 42.8758194 ], [ -2.9937775, 42.8758555 ], [ -2.9937759, 42.8759815 ], [ -2.9937756, 42.8759995 ], [ -2.9937752, 42.8760265 ], [ -2.9937748, 42.8760626 ], [ -2.9937744, 42.8761163 ], [ -2.9937744, 42.8761166 ], [ -2.9937718, 42.8761301 ], [ -2.9937633, 42.8761662 ], [ -2.9937473, 42.8762328 ], [ -2.9937438, 42.8762472 ], [ -2.9937422, 42.8762562 ], [ -2.9937385, 42.8762699 ], [ -2.9937378, 42.8762724 ], [ -2.9937373, 42.8762742 ], [ -2.9937159, 42.8763643 ], [ -2.9936703, 42.8765534 ], [ -2.993668, 42.8765624 ], [ -2.9936661, 42.8765714 ], [ -2.9936634, 42.8765804 ], [ -2.9936623, 42.8765894 ], [ -2.9935933, 42.876873 ], [ -2.99357, 42.8769676 ], [ -2.9935635, 42.8769991 ], [ -2.9935524, 42.877045 ], [ -2.9935505, 42.8770532 ], [ -2.9935482, 42.8770621 ], [ -2.9935321, 42.8771297 ], [ -2.9935241, 42.8771611 ], [ -2.9935218, 42.8771702 ], [ -2.9935152, 42.8771972 ], [ -2.9934746, 42.8773683 ], [ -2.9934651, 42.8774043 ], [ -2.9934582, 42.8774359 ], [ -2.9934494, 42.8774719 ], [ -2.9934411, 42.8775083 ], [ -2.9934405, 42.8775108 ], [ -2.9934391, 42.8775169 ], [ -2.9934321, 42.8775439 ], [ -2.9934203, 42.8775935 ], [ -2.9934176, 42.8776024 ], [ -2.9934176, 42.8776025 ], [ -2.9934153, 42.877616 ], [ -2.993403, 42.8776655 ], [ -2.9933943, 42.8777015 ], [ -2.9933793, 42.8777646 ], [ -2.9933705, 42.8778006 ], [ -2.9933535, 42.8778709 ], [ -2.9933499, 42.8778861 ], [ -2.9933326, 42.8779582 ], [ -2.9933139, 42.8780347 ], [ -2.9932821, 42.8781337 ], [ -2.9932197, 42.8783274 ], [ -2.9932063, 42.8783679 ], [ -2.9931887, 42.8784264 ], [ -2.9931464, 42.8785567 ], [ -2.9931332, 42.8785975 ], [ -2.993106, 42.8786831 ], [ -2.9930689, 42.8787956 ], [ -2.9930562, 42.8788361 ], [ -2.9930539, 42.8788452 ], [ -2.9930474, 42.8788632 ], [ -2.9930229, 42.8789397 ], [ -2.9930187, 42.8789532 ], [ -2.9930157, 42.8789639 ], [ -2.9930149, 42.8789667 ], [ -2.9930631, 42.8789847 ], [ -2.9931431, 42.8790118 ], [ -2.9931993, 42.8790343 ], [ -2.9932131, 42.8790388 ], [ -2.9932689, 42.8790613 ], [ -2.993321, 42.8790838 ], [ -2.9933914, 42.8791154 ], [ -2.9934568, 42.8791469 ], [ -2.9934943, 42.8791604 ], [ -2.9935176, 42.8791694 ], [ -2.993546, 42.8791829 ], [ -2.9936011, 42.8792099 ], [ -2.993634, 42.8792234 ], [ -2.9936688, 42.8792369 ], [ -2.9936933, 42.8792504 ], [ -2.9937189, 42.8792595 ], [ -2.9937591, 42.8792775 ], [ -2.9937889, 42.8792955 ], [ -2.99381, 42.879309 ], [ -2.9938226, 42.8793135 ], [ -2.9938444, 42.879327 ], [ -2.9938632, 42.879336 ], [ -2.9938884, 42.8793495 ], [ -2.9939194, 42.8793675 ], [ -2.9939531, 42.8793855 ], [ -2.9940002, 42.8794125 ], [ -2.9940373, 42.8794305 ], [ -2.9940797, 42.8794531 ], [ -2.9941153, 42.8794756 ], [ -2.994131, 42.8794846 ], [ -2.9941509, 42.8794981 ], [ -2.9941773, 42.8795161 ], [ -2.9942144, 42.8795386 ], [ -2.9942297, 42.8795476 ], [ -2.994281, 42.8795836 ], [ -2.9943101, 42.8796017 ], [ -2.9943828, 42.8796467 ], [ -2.9944325, 42.8796782 ], [ -2.994457, 42.8796918 ], [ -2.9944937, 42.8797188 ], [ -2.9945347, 42.8797413 ], [ -2.9945515, 42.8797548 ], [ -2.9945848, 42.8797728 ], [ -2.9946304, 42.8798043 ], [ -2.9946728, 42.8798313 ], [ -2.9947287, 42.8798674 ], [ -2.9947428, 42.8798719 ], [ -2.9948258, 42.8799259 ], [ -2.9949031, 42.8799754 ], [ -2.9949326, 42.8799934 ], [ -2.9949865, 42.8800205 ], [ -2.9950302, 42.8800475 ], [ -2.9950631, 42.8800655 ], [ -2.9950776, 42.8800745 ], [ -2.9950998, 42.8800835 ], [ -2.9951243, 42.880097 ], [ -2.9951438, 42.8801105 ], [ -2.9951717, 42.880124 ], [ -2.9952525, 42.8801646 ], [ -2.9953562, 42.8801871 ], [ -2.9953746, 42.8801916 ], [ -2.9953897, 42.8801936 ], [ -2.9954082, 42.8801961 ], [ -2.9954714, 42.8802096 ], [ -2.9954985, 42.8802141 ], [ -2.9955211, 42.8802186 ], [ -2.9955544, 42.8802276 ], [ -2.9955877, 42.8802321 ], [ -2.9956669, 42.8802456 ], [ -2.995691, 42.8802501 ], [ -2.9957059, 42.8802546 ], [ -2.9957381, 42.8802592 ], [ -2.9957579, 42.8802637 ], [ -2.9957706, 42.8802637 ], [ -2.9957809, 42.880266 ], [ -2.9957908, 42.8802682 ], [ -2.9958151, 42.8802727 ], [ -2.9958394, 42.8802772 ], [ -2.9958605, 42.8802862 ], [ -2.9958877, 42.8802997 ], [ -2.9959458, 42.8803267 ], [ -2.9959592, 42.8803312 ], [ -2.9959753, 42.8803357 ], [ -2.995987, 42.8803413 ], [ -2.9959941, 42.8803447 ], [ -2.9960205, 42.8803627 ], [ -2.99604, 42.8803762 ], [ -2.9961066, 42.8804213 ], [ -2.9961494, 42.8804483 ], [ -2.9961655, 42.8804573 ], [ -2.9961762, 42.8804663 ], [ -2.9962015, 42.8804843 ], [ -2.996221, 42.8804978 ], [ -2.9962668, 42.8805338 ], [ -2.9963009, 42.8805563 ], [ -2.9963323, 42.8805789 ], [ -2.9963525, 42.8805924 ], [ -2.9963943, 42.8806239 ], [ -2.9964069, 42.8806329 ], [ -2.9964459, 42.8806599 ], [ -2.9964555, 42.8806689 ], [ -2.9964842, 42.8806914 ], [ -2.9965202, 42.880714 ], [ -2.9965282, 42.880723 ], [ -2.9965615, 42.8807455 ], [ -2.9965745, 42.8807545 ], [ -2.9966074, 42.880777 ], [ -2.9966541, 42.8808085 ], [ -2.9967069, 42.8808445 ], [ -2.9967421, 42.880867 ], [ -2.9967624, 42.8808805 ], [ -2.9968615, 42.8809481 ], [ -2.9968802, 42.8809571 ], [ -2.9968963, 42.8809706 ], [ -2.9969109, 42.8809796 ], [ -2.9970164, 42.8810517 ], [ -2.9970279, 42.8810562 ], [ -2.9970762, 42.8810922 ], [ -2.9971458, 42.8811372 ], [ -2.9971573, 42.8811462 ], [ -2.9972089, 42.8811778 ], [ -2.9972456, 42.8812048 ], [ -2.9972908, 42.8812318 ], [ -2.9973984, 42.8813038 ], [ -2.9974473, 42.8813353 ], [ -2.9974642, 42.8813444 ], [ -2.9974745, 42.8813534 ], [ -2.9974871, 42.8813623 ], [ -2.997525, 42.8813849 ], [ -2.997541, 42.8813984 ], [ -2.9975548, 42.8814074 ], [ -2.997564, 42.8814119 ], [ -2.9975732, 42.8814164 ], [ -2.997626, 42.8814524 ], [ -2.9976834, 42.8814885 ], [ -2.9977182, 42.8815154 ], [ -2.9977504, 42.8815335 ], [ -2.9977592, 42.8815425 ], [ -2.9978028, 42.8815695 ], [ -2.9978296, 42.8815875 ], [ -2.9978483, 42.881601 ], [ -2.9979027, 42.8816325 ], [ -2.9979746, 42.8816821 ], [ -2.9980262, 42.8817136 ], [ -2.9980615, 42.8817361 ], [ -2.9980837, 42.8817541 ], [ -2.9981441, 42.8817901 ], [ -2.9982555, 42.8818667 ], [ -2.9982677, 42.8818712 ], [ -2.9983366, 42.8819162 ], [ -2.9983488, 42.8819252 ], [ -2.9984491, 42.8819928 ], [ -2.9984609, 42.8819973 ], [ -2.9984713, 42.8820063 ], [ -2.9984851, 42.8820108 ], [ -2.9985287, 42.8820378 ], [ -2.9985409, 42.8820468 ], [ -2.9985555, 42.8820513 ], [ -2.9986362, 42.8821008 ], [ -2.9986626, 42.8821144 ], [ -2.9987931, 42.8821909 ], [ -2.9988088, 42.8821999 ], [ -2.9988278, 42.8822102 ], [ -2.998875, 42.8822359 ], [ -2.9988873, 42.8822449 ], [ -2.9989595, 42.8822854 ], [ -2.9990533, 42.8823395 ], [ -2.9990686, 42.882353 ], [ -2.9990813, 42.882362 ], [ -2.9990939, 42.8823665 ], [ -2.9991478, 42.8824025 ], [ -2.9991558, 42.8824115 ], [ -2.999161, 42.8824138 ], [ -2.9991662, 42.882416 ], [ -2.999196, 42.8824386 ], [ -2.9992366, 42.8824655 ], [ -2.9992795, 42.8824926 ], [ -2.9993403, 42.8825331 ], [ -2.9993545, 42.8825421 ], [ -2.9993805, 42.8825601 ], [ -2.9994475, 42.8826006 ], [ -2.9994635, 42.8826096 ], [ -2.9994785, 42.8826186 ], [ -2.9995343, 42.8826547 ], [ -2.9995849, 42.8826862 ], [ -2.9995956, 42.8826907 ], [ -2.9996177, 42.8827087 ], [ -2.9996441, 42.8827312 ], [ -2.9996729, 42.8827538 ], [ -2.9996973, 42.8827763 ], [ -2.999713, 42.8827853 ], [ -2.9997291, 42.8827987 ], [ -2.9997474, 42.8828168 ], [ -2.9997662, 42.8828303 ], [ -2.9998041, 42.8828618 ], [ -2.9998366, 42.8828888 ], [ -2.9998913, 42.8829338 ], [ -2.9999254, 42.8829609 ], [ -2.9999346, 42.8829699 ], [ -2.9999732, 42.8830014 ], [ -2.9999904, 42.8830149 ], [ -3.0000322, 42.8830464 ], [ -3.0000475, 42.8830599 ], [ -3.0000586, 42.8830689 ], [ -3.000067, 42.8830779 ], [ -3.0000938, 42.8831004 ], [ -3.0001049, 42.8831095 ], [ -3.0001638, 42.883159 ], [ -3.0001971, 42.8831905 ], [ -3.0002285, 42.8832175 ], [ -3.0002725, 42.8832535 ], [ -3.0003046, 42.8832851 ], [ -3.0003375, 42.8833121 ], [ -3.000349, 42.8833211 ], [ -3.0003643, 42.8833346 ], [ -3.0004252, 42.8833886 ], [ -3.0004447, 42.8834066 ], [ -3.0005396, 42.8834877 ], [ -3.000602, 42.8835417 ], [ -3.000623, 42.8835597 ], [ -3.0007118, 42.8836363 ], [ -3.0007198, 42.8836453 ], [ -3.000796, 42.8837083 ], [ -3.0008243, 42.8837353 ], [ -3.0008419, 42.8837488 ], [ -3.0008606, 42.8837668 ], [ -3.000902, 42.8838029 ], [ -3.0009754, 42.8838659 ], [ -3.001013, 42.8838974 ], [ -3.0011075, 42.8839785 ], [ -3.0011239, 42.8839965 ], [ -3.0011794, 42.8840415 ], [ -3.0012494, 42.8840955 ], [ -3.001308, 42.8841451 ], [ -3.0013459, 42.8841766 ], [ -3.0014691, 42.8842801 ], [ -3.001502, 42.8843117 ], [ -3.0015889, 42.8843972 ], [ -3.0016214, 42.8844332 ], [ -3.0016371, 42.8844647 ], [ -3.0016516, 42.8844963 ], [ -3.0016574, 42.8845098 ], [ -3.0016624, 42.8845188 ], [ -3.0016666, 42.8845278 ], [ -3.0016762, 42.8845503 ], [ -3.0016789, 42.8845613 ], [ -3.0016796, 42.8845638 ], [ -3.0016891, 42.8845998 ], [ -3.0017297, 42.8847619 ], [ -3.0017507, 42.8848204 ], [ -3.0017668, 42.8848655 ], [ -3.0017779, 42.8848925 ], [ -3.0017852, 42.884906 ], [ -3.0017898, 42.884915 ], [ -3.0018059, 42.8849465 ], [ -3.0018104, 42.8849555 ], [ -3.0018177, 42.884969 ], [ -3.0018239, 42.884978 ], [ -3.0018319, 42.8849915 ], [ -3.0018384, 42.8850051 ], [ -3.0018537, 42.8850321 ], [ -3.0018578, 42.8850411 ], [ -3.0018598, 42.8850456 ], [ -3.001869, 42.8850636 ], [ -3.0018832, 42.8850861 ], [ -3.001913, 42.8851491 ], [ -3.0019176, 42.8851582 ], [ -3.0019456, 42.8852167 ], [ -3.0019685, 42.8852617 ], [ -3.0019731, 42.8852707 ], [ -3.0019792, 42.8852842 ], [ -3.0019823, 42.8852932 ], [ -3.0020102, 42.8853472 ], [ -3.0020167, 42.8853608 ], [ -3.0020316, 42.8853923 ], [ -3.0020466, 42.8854193 ], [ -3.0020511, 42.8854283 ], [ -3.0020558, 42.8854373 ], [ -3.0020642, 42.8854553 ], [ -3.0020821, 42.8854868 ], [ -3.0020967, 42.8855183 ], [ -3.0021013, 42.8855274 ], [ -3.0021109, 42.8855454 ], [ -3.002117, 42.8855634 ], [ -3.0021243, 42.8855859 ], [ -3.0021319, 42.8856084 ], [ -3.0021384, 42.8856309 ], [ -3.0021415, 42.8856399 ], [ -3.002148, 42.8856579 ], [ -3.002179, 42.8857525 ], [ -3.002179, 42.8857525 ], [ -3.0021813, 42.8857615 ], [ -3.0021847, 42.8857705 ], [ -3.0022027, 42.8858515 ], [ -3.0022314, 42.8859821 ], [ -3.0022326, 42.8859911 ], [ -3.0022632, 42.8861127 ], [ -3.0022785, 42.8861712 ], [ -3.002293, 42.8862298 ], [ -3.0022946, 42.8862388 ], [ -3.0022965, 42.8862523 ], [ -3.0023038, 42.8862928 ], [ -3.0023271, 42.8864279 ], [ -3.0023293, 42.8864399 ], [ -3.0023313, 42.8864504 ], [ -3.0023325, 42.8864594 ], [ -3.0023378, 42.8864909 ], [ -3.0023378, 42.8864909 ], [ -3.0023443, 42.8865269 ], [ -3.0023489, 42.886554 ], [ -3.0023531, 42.8865765 ], [ -3.0023696, 42.8866755 ], [ -3.0023887, 42.8867881 ], [ -3.0024059, 42.8868872 ], [ -3.0024121, 42.8869232 ], [ -3.0024297, 42.8870267 ], [ -3.0024499, 42.8870988 ], [ -3.0024549, 42.8871168 ], [ -3.0024584, 42.8871258 ], [ -3.0024584, 42.8871258 ], [ -3.0024607, 42.8871348 ], [ -3.0024633, 42.8871438 ], [ -3.0024748, 42.8871843 ], [ -3.0024886, 42.8872339 ], [ -3.0024909, 42.8872429 ], [ -3.0025054, 42.8872788 ], [ -3.0025119, 42.8872969 ], [ -3.0025166, 42.8873104 ], [ -3.0025242, 42.8873284 ], [ -3.0025364, 42.8873599 ], [ -3.0025437, 42.8873779 ], [ -3.0025563, 42.8874095 ], [ -3.0025659, 42.887432 ], [ -3.0025694, 42.887441 ], [ -3.0025571, 42.887504 ], [ -3.0025548, 42.887513 ], [ -3.002551, 42.8875355 ], [ -3.0025476, 42.8875535 ], [ -3.0025368, 42.8876075 ], [ -3.0025368, 42.8876076 ], [ -3.0025211, 42.8876886 ], [ -3.0025104, 42.8877786 ], [ -3.0025094, 42.8877869 ], [ -3.0025093, 42.8877877 ], [ -3.002515, 42.8878102 ], [ -3.0025174, 42.8878182 ], [ -3.0025204, 42.8878282 ], [ -3.0025238, 42.8878417 ], [ -3.0025284, 42.8878552 ], [ -3.0025395, 42.8878778 ], [ -3.0025471, 42.8878868 ], [ -3.0025563, 42.8879048 ], [ -3.0025682, 42.8879228 ], [ -3.0025854, 42.8879408 ], [ -3.0026092, 42.8879633 ], [ -3.0026467, 42.8879948 ], [ -3.0026975, 42.8880398 ], [ -3.0027098, 42.8880533 ], [ -3.0027163, 42.8880623 ], [ -3.0027243, 42.8880714 ], [ -3.0027439, 42.8880938 ], [ -3.0027619, 42.8881164 ], [ -3.0027714, 42.8881254 ], [ -3.0028097, 42.8881704 ], [ -3.0028534, 42.8882244 ], [ -3.0028997, 42.8882784 ], [ -3.0029169, 42.8882965 ], [ -3.0029375, 42.888319 ], [ -3.0030336, 42.888436 ], [ -3.0030466, 42.8884495 ], [ -3.0030677, 42.8884721 ], [ -3.0030787, 42.8884856 ], [ -3.0031297, 42.8885441 ], [ -3.0032816, 42.8887242 ], [ -3.0033302, 42.8887783 ], [ -3.0033348, 42.8887873 ], [ -3.0033784, 42.8888368 ], [ -3.0033842, 42.8888458 ], [ -3.0034006, 42.8888638 ], [ -3.0034136, 42.8888773 ], [ -3.0034512, 42.8889223 ], [ -3.0034718, 42.8889448 ], [ -3.0034902, 42.8889674 ], [ -3.0035032, 42.8889809 ], [ -3.0035468, 42.8890349 ], [ -3.0035732, 42.8890664 ], [ -3.0036662, 42.8891745 ], [ -3.0037669, 42.8892915 ], [ -3.0038438, 42.8893816 ], [ -3.0039586, 42.8895167 ], [ -3.0039827, 42.8895437 ], [ -3.0040107, 42.8895752 ], [ -3.0040325, 42.8896022 ], [ -3.0040509, 42.8896247 ], [ -3.0040581, 42.8896337 ], [ -3.0040727, 42.8896472 ], [ -3.00408, 42.8896562 ], [ -3.0040922, 42.8896698 ], [ -3.0040972, 42.8896787 ], [ -3.0041071, 42.8896878 ], [ -3.0041305, 42.8897147 ], [ -3.0041527, 42.8897418 ], [ -3.0041798, 42.8897733 ], [ -3.0041998, 42.8897958 ], [ -3.0042334, 42.8898363 ], [ -3.0042614, 42.8898679 ], [ -3.0043019, 42.8899174 ], [ -3.0044428, 42.8900795 ], [ -3.0045454, 42.8902011 ], [ -3.0045637, 42.8902236 ], [ -3.0045721, 42.8902326 ], [ -3.0047218, 42.8904082 ], [ -3.0047436, 42.8904352 ], [ -3.0047689, 42.8904622 ], [ -3.0047861, 42.8904847 ], [ -3.0048106, 42.8905117 ], [ -3.0048221, 42.8905252 ], [ -3.0048619, 42.8905703 ], [ -3.0049063, 42.8906243 ], [ -3.0049223, 42.8906427 ], [ -3.0049258, 42.8906468 ], [ -3.0049411, 42.8906648 ], [ -3.0050077, 42.8907413 ], [ -3.0050215, 42.8907594 ], [ -3.0050762, 42.8908224 ], [ -3.0050942, 42.8908449 ], [ -3.0051313, 42.8908854 ], [ -3.0051765, 42.8909394 ], [ -3.0052037, 42.890971 ], [ -3.0052213, 42.8909935 ], [ -3.0052381, 42.8910115 ], [ -3.0052947, 42.891079 ], [ -3.0053143, 42.8911015 ], [ -3.0053219, 42.8911105 ], [ -3.0053442, 42.8911375 ], [ -3.005366, 42.89116 ], [ -3.0053839, 42.8911826 ], [ -3.0054203, 42.8912231 ], [ -3.0054471, 42.8912546 ], [ -3.0054621, 42.8912727 ], [ -3.0054965, 42.8913131 ], [ -3.0055237, 42.8913447 ], [ -3.0055386, 42.8913627 ], [ -3.0055715, 42.8914032 ], [ -3.0055742, 42.8914482 ], [ -3.0055772, 42.8915112 ], [ -3.0055799, 42.8915608 ], [ -3.0055811, 42.8915833 ], [ -3.005582, 42.8916029 ], [ -3.005583, 42.8916238 ], [ -3.0055838, 42.8916328 ], [ -3.0055841, 42.8916418 ], [ -3.0055876, 42.8917139 ], [ -3.0055887, 42.8917274 ], [ -3.0055899, 42.891758 ], [ -3.0055899, 42.8917589 ], [ -3.005593, 42.8918174 ], [ -3.0055953, 42.8918579 ], [ -3.0055964, 42.891885 ], [ -3.0056014, 42.8919751 ], [ -3.0056014, 42.891984 ], [ -3.0056056, 42.8920561 ], [ -3.0056083, 42.8921146 ], [ -3.0056102, 42.8921506 ], [ -3.0056102, 42.8921506 ], [ -3.0056118, 42.8921777 ], [ -3.0056171, 42.8922857 ], [ -3.0056171, 42.8922857 ], [ -3.0056182, 42.8923037 ], [ -3.0056201, 42.8923442 ], [ -3.0056221, 42.8923848 ], [ -3.0056252, 42.8924343 ], [ -3.0056267, 42.8924658 ], [ -3.0056278, 42.8924929 ], [ -3.0056282, 42.8925018 ], [ -3.0056328, 42.8925874 ], [ -3.0056336, 42.8926054 ], [ -3.0056344, 42.8926189 ], [ -3.0056389, 42.892709 ], [ -3.0056405, 42.8927405 ], [ -3.0056416, 42.8927585 ], [ -3.0056447, 42.892826 ], [ -3.0056477, 42.8928835 ], [ -3.0056478, 42.8928846 ], [ -3.0056497, 42.8929206 ], [ -3.0056508, 42.8929431 ], [ -3.0056535, 42.8929926 ], [ -3.0056558, 42.8930331 ], [ -3.005657, 42.8930601 ], [ -3.0056596, 42.8931052 ], [ -3.00566, 42.8931187 ], [ -3.0056619, 42.8931547 ], [ -3.0056631, 42.8931772 ], [ -3.0056665, 42.8932492 ], [ -3.0056688, 42.8932943 ], [ -3.0056719, 42.8933438 ], [ -3.0056734, 42.8933753 ], [ -3.0056753, 42.8934158 ], [ -3.0056765, 42.8934384 ], [ -3.0056769, 42.8934474 ], [ -3.0056769, 42.8934474 ], [ -3.0056788, 42.8934834 ], [ -3.0056803, 42.8935149 ], [ -3.0056819, 42.8935419 ], [ -3.0056842, 42.8935869 ], [ -3.0056857, 42.8936184 ], [ -3.005688, 42.8936635 ], [ -3.0056899, 42.893695 ], [ -3.0056915, 42.8937311 ], [ -3.0056922, 42.8937401 ], [ -3.0056945, 42.8937896 ], [ -3.005696, 42.8938211 ], [ -3.0056987, 42.8938706 ], [ -3.0056987, 42.8938706 ], [ -3.0057018, 42.8939337 ], [ -3.0057045, 42.8939832 ], [ -3.0057056, 42.8940057 ], [ -3.0057056, 42.8940057 ], [ -3.0057064, 42.8940237 ], [ -3.0057098, 42.8940867 ], [ -3.0057106, 42.8941003 ], [ -3.0057122, 42.8941273 ], [ -3.0057144, 42.8941678 ], [ -3.0057148, 42.8941813 ], [ -3.005716, 42.8942038 ], [ -3.0057167, 42.8942173 ], [ -3.0057202, 42.8942804 ], [ -3.0057221, 42.8943254 ], [ -3.0057225, 42.8943344 ], [ -3.0057236, 42.8943569 ], [ -3.0057244, 42.8943659 ], [ -3.0057259, 42.8944019 ], [ -3.0057278, 42.8944335 ], [ -3.0057294, 42.8944605 ], [ -3.0057301, 42.8944785 ], [ -3.0057309, 42.8944965 ], [ -3.0057324, 42.8945235 ], [ -3.0057332, 42.8945415 ], [ -3.0057382, 42.8946406 ], [ -3.005739, 42.8946541 ], [ -3.0057424, 42.8947171 ], [ -3.0057443, 42.8947531 ], [ -3.0057463, 42.8947937 ], [ -3.0057834, 42.8948387 ], [ -3.005799, 42.8948612 ], [ -3.0058109, 42.8948747 ], [ -3.0058232, 42.8948882 ], [ -3.0058366, 42.8949062 ], [ -3.0058595, 42.8949332 ], [ -3.0058967, 42.8949782 ], [ -3.0059522, 42.8950458 ], [ -3.0059583, 42.8950548 ], [ -3.0059801, 42.8950818 ], [ -3.0060571, 42.8951764 ], [ -3.0060731, 42.8951944 ], [ -3.0060781, 42.8952034 ], [ -3.0060877, 42.8952124 ], [ -3.0061091, 42.8952394 ], [ -3.0061742, 42.8953205 ], [ -3.0061826, 42.8953295 ], [ -3.0062113, 42.8953655 ], [ -3.0062637, 42.8954285 ], [ -3.0062921, 42.8954645 ], [ -3.0063013, 42.8954735 ], [ -3.0063078, 42.8954825 ], [ -3.0063682, 42.8955591 ], [ -3.0063813, 42.8955726 ], [ -3.0064448, 42.8956491 ], [ -3.0064506, 42.8956581 ], [ -3.0064885, 42.8957032 ], [ -3.0065126, 42.8957347 ], [ -3.0065329, 42.8957572 ], [ -3.0065531, 42.8957842 ], [ -3.0065681, 42.8958022 ], [ -3.0066006, 42.8958427 ], [ -3.0066159, 42.8958607 ], [ -3.0066561, 42.8959103 ], [ -3.0066653, 42.8959193 ], [ -3.006681, 42.8959418 ], [ -3.0067143, 42.8959823 ], [ -3.0067882, 42.8960724 ], [ -3.0068089, 42.8960994 ], [ -3.0068506, 42.8961489 ], [ -3.0068648, 42.8961669 ], [ -3.0068961, 42.8962074 ], [ -3.0069064, 42.8962164 ], [ -3.0069436, 42.8962659 ], [ -3.0069788, 42.8963065 ], [ -3.0069968, 42.896329 ], [ -3.0070373, 42.8963785 ], [ -3.0070622, 42.89641 ], [ -3.0070722, 42.8964235 ], [ -3.0070852, 42.896437 ], [ -3.0070971, 42.8964505 ], [ -3.0071273, 42.8964911 ], [ -3.00714, 42.8965046 ], [ -3.0071618, 42.8965316 ], [ -3.0071714, 42.8965451 ], [ -3.007267, 42.8966622 ], [ -3.0072938, 42.8966937 ], [ -3.0073157, 42.8967207 ], [ -3.0073352, 42.8967477 ], [ -3.0073467, 42.8967612 ], [ -3.0073689, 42.8967882 ], [ -3.0073811, 42.8968018 ], [ -3.007396, 42.8968198 ], [ -3.0074079, 42.8968378 ], [ -3.0077038, 42.897198 ], [ -3.0077088, 42.897207 ], [ -3.0077421, 42.8972475 ], [ -3.0077972, 42.897315 ], [ -3.0078489, 42.8973781 ], [ -3.0079415, 42.8974276 ], [ -3.007997, 42.8974546 ], [ -3.0080097, 42.8974636 ], [ -3.0081054, 42.8975131 ], [ -3.0081773, 42.8975492 ], [ -3.0082417, 42.8975851 ], [ -3.0082922, 42.8976077 ], [ -3.0083144, 42.8976211 ], [ -3.0083634, 42.8976482 ], [ -3.0083875, 42.8976572 ], [ -3.0083975, 42.8976662 ], [ -3.0085004, 42.8977157 ], [ -3.0085226, 42.8977292 ], [ -3.0085402, 42.8977382 ], [ -3.008611, 42.8977742 ], [ -3.0086486, 42.8977967 ], [ -3.0086864, 42.8978148 ], [ -3.0087155, 42.8978283 ], [ -3.0087335, 42.8978373 ], [ -3.0087714, 42.8978598 ], [ -3.008807, 42.8978778 ], [ -3.0088575, 42.8979048 ], [ -3.0088798, 42.8979138 ], [ -3.0089265, 42.8979408 ], [ -3.008977, 42.8979633 ], [ -3.0090175, 42.8979858 ], [ -3.0090306, 42.8979949 ], [ -3.0090895, 42.8980219 ], [ -3.009119, 42.8980398 ], [ -3.0091354, 42.8980488 ], [ -3.0091688, 42.8980669 ], [ -3.0092017, 42.8980804 ], [ -3.0092285, 42.8980939 ], [ -3.0093004, 42.8981344 ], [ -3.0093636, 42.8981659 ], [ -3.0094214, 42.8981974 ], [ -3.0094689, 42.8982199 ], [ -3.009498, 42.8982379 ], [ -3.0095125, 42.8982424 ], [ -3.0095787, 42.8982785 ], [ -3.0096339, 42.8983055 ], [ -3.0096469, 42.8983145 ], [ -3.0096725, 42.898328 ], [ -3.0097004, 42.8983415 ], [ -3.0097101, 42.8983455 ], [ -3.0097223, 42.8983505 ], [ -3.0097514, 42.8983685 ], [ -3.0097797, 42.898382 ], [ -3.0097969, 42.898391 ], [ -3.0098417, 42.8984135 ], [ -3.0098758, 42.8984315 ], [ -3.0099328, 42.8984631 ], [ -3.009945, 42.8984676 ], [ -3.0099784, 42.8984855 ], [ -3.0100825, 42.8985396 ], [ -3.0101947, 42.8985981 ], [ -3.0102513, 42.8986296 ], [ -3.0102647, 42.8986341 ], [ -3.0102804, 42.8986431 ], [ -3.0103122, 42.8986611 ], [ -3.0103413, 42.8986746 ], [ -3.0103784, 42.8986926 ], [ -3.010417, 42.8987152 ], [ -3.0104488, 42.8987286 ], [ -3.0105124, 42.8987647 ], [ -3.0105985, 42.8988097 ], [ -3.0106123, 42.8988142 ], [ -3.0106712, 42.8988457 ], [ -3.0106919, 42.8988547 ], [ -3.0107535, 42.8988907 ], [ -3.0107799, 42.8989042 ], [ -3.0108316, 42.8989312 ], [ -3.0108554, 42.8989402 ], [ -3.0109036, 42.8989673 ], [ -3.0109503, 42.8989898 ], [ -3.0109695, 42.8989988 ], [ -3.0110219, 42.8990303 ], [ -3.011077, 42.8990573 ], [ -3.0111149, 42.8990753 ], [ -3.011142, 42.8990888 ], [ -3.0111711, 42.8991068 ], [ -3.0112161, 42.8991289 ], [ -3.0112538, 42.8991474 ], [ -3.0112722, 42.8991563 ], [ -3.0113863, 42.8992194 ], [ -3.0114035, 42.8992283 ], [ -3.0114537, 42.8992509 ], [ -3.0115226, 42.8992869 ], [ -3.0115501, 42.8993049 ], [ -3.0116589, 42.8993589 ], [ -3.0116792, 42.8993679 ], [ -3.011719, 42.8993904 ], [ -3.0117584, 42.899413 ], [ -3.0117787, 42.899422 ], [ -3.0118441, 42.8994534 ], [ -3.0118939, 42.8994805 ], [ -3.0119621, 42.8995165 ], [ -3.0119808, 42.8995255 ], [ -3.0120723, 42.899575 ], [ -3.0120945, 42.899584 ], [ -3.0121719, 42.8996245 ], [ -3.0122668, 42.8996741 ], [ -3.0123016, 42.8996921 ], [ -3.0123491, 42.899719 ], [ -3.0123904, 42.8997416 ], [ -3.0124076, 42.8997506 ], [ -3.0124719, 42.8997821 ], [ -3.0124903, 42.8997911 ], [ -3.0125612, 42.8998271 ], [ -3.0125887, 42.8998406 ], [ -3.0126082, 42.8998541 ], [ -3.0126607, 42.8998811 ], [ -3.0126909, 42.8998946 ], [ -3.01272, 42.8999127 ], [ -3.0127437, 42.8999217 ], [ -3.0127828, 42.8999441 ], [ -3.0128092, 42.8999576 ], [ -3.0128333, 42.8999711 ], [ -3.0128471, 42.8999756 ], [ -3.012908, 42.9000072 ], [ -3.0129416, 42.9000252 ], [ -3.0129735, 42.9000432 ], [ -3.0129865, 42.9000477 ], [ -3.0131108, 42.9001152 ], [ -3.0131269, 42.9001242 ], [ -3.0131495, 42.9001332 ], [ -3.0132085, 42.9001647 ], [ -3.0132598, 42.9001918 ], [ -3.0132763, 42.9001992 ], [ -3.0132896, 42.9002052 ], [ -3.0132982, 42.9002097 ], [ -3.0133069, 42.9002142 ], [ -3.0133804, 42.9002547 ], [ -3.0134056, 42.9002683 ], [ -3.013419, 42.9002728 ], [ -3.0134276, 42.9002773 ], [ -3.0134362, 42.9002818 ], [ -3.0134573, 42.9002953 ], [ -3.0134849, 42.9003088 ], [ -3.0135656, 42.9003493 ], [ -3.0136537, 42.9003943 ], [ -3.0136728, 42.9004123 ], [ -3.0136981, 42.9004349 ], [ -3.0137073, 42.9004439 ], [ -3.0137418, 42.9004753 ], [ -3.0137812, 42.9005114 ], [ -3.0138168, 42.9005429 ], [ -3.013826, 42.9005519 ], [ -3.0138371, 42.9005654 ], [ -3.013875, 42.9006059 ], [ -3.013955, 42.900696 ], [ -3.0139749, 42.900723 ], [ -3.0139963, 42.9007545 ], [ -3.0140412, 42.900813 ], [ -3.0140622, 42.9008445 ], [ -3.0140818, 42.9008715 ], [ -3.0140879, 42.9008851 ], [ -3.0141158, 42.9009616 ], [ -3.0141377, 42.9010201 ], [ -3.0141422, 42.9010336 ], [ -3.0141457, 42.9010516 ], [ -3.0141514, 42.9010832 ], [ -3.0141557, 42.9011101 ], [ -3.0141672, 42.9011732 ], [ -3.0141702, 42.9011912 ], [ -3.0141702, 42.9011912 ], [ -3.0141725, 42.9012047 ], [ -3.0141775, 42.9012272 ], [ -3.0141802, 42.9012407 ], [ -3.0141852, 42.9012678 ], [ -3.0141921, 42.9012993 ], [ -3.014194, 42.9013127 ], [ -3.014197, 42.9013263 ], [ -3.014212, 42.9013713 ], [ -3.0142154, 42.9013803 ], [ -3.014222, 42.9013983 ], [ -3.0142342, 42.9014327 ], [ -3.0142396, 42.9014478 ], [ -3.0142484, 42.9014749 ], [ -3.0142587, 42.9015019 ], [ -3.0142748, 42.9015469 ], [ -3.0142871, 42.9015784 ], [ -3.0143039, 42.9016235 ], [ -3.0143112, 42.901646 ], [ -3.0143258, 42.9016865 ], [ -3.0143464, 42.9017405 ], [ -3.0143537, 42.9017721 ], [ -3.0143568, 42.9017856 ], [ -3.0143621, 42.9018081 ], [ -3.0143648, 42.9018171 ], [ -3.0143778, 42.9018756 ], [ -3.0143759, 42.9019026 ], [ -3.0143729, 42.9019431 ], [ -3.0143717, 42.9019611 ], [ -3.0143694, 42.9019792 ], [ -3.0143649, 42.9020062 ], [ -3.0143618, 42.9020197 ], [ -3.0143564, 42.9020512 ], [ -3.0143549, 42.9020602 ], [ -3.0143488, 42.9020962 ], [ -3.0143465, 42.9021097 ], [ -3.0143415, 42.9021367 ], [ -3.0143396, 42.9021502 ], [ -3.0143377, 42.9021593 ], [ -3.014322, 42.9022448 ], [ -3.0143132, 42.9022943 ], [ -3.0143136, 42.9023214 ], [ -3.0143167, 42.9024339 ], [ -3.0143175, 42.9024745 ], [ -3.0143179, 42.9024925 ], [ -3.0143175, 42.9025285 ], [ -3.0143056, 42.902596 ], [ -3.014296, 42.9026455 ], [ -3.0142922, 42.9026681 ], [ -3.0142907, 42.9026771 ], [ -3.0142884, 42.902686 ], [ -3.0142808, 42.9027176 ], [ -3.0142697, 42.9027581 ], [ -3.0142666, 42.9027716 ], [ -3.0142567, 42.9028076 ], [ -3.0142506, 42.9028302 ], [ -3.0142471, 42.9028437 ], [ -3.0142437, 42.9028526 ], [ -3.0142333, 42.9028842 ], [ -3.0142119, 42.9029427 ], [ -3.0142093, 42.9029517 ], [ -3.0142035, 42.9029697 ], [ -3.0142035, 42.9029698 ], [ -3.0141966, 42.9029878 ], [ -3.0141847, 42.9030193 ], [ -3.0141698, 42.9030688 ], [ -3.0141385, 42.9031634 ], [ -3.0141335, 42.9031769 ], [ -3.0141278, 42.9031949 ], [ -3.014114, 42.9032354 ], [ -3.0140944, 42.9032984 ], [ -3.0140812, 42.9033386 ], [ -3.0140795, 42.9033435 ], [ -3.0140593, 42.903402 ], [ -3.0140566, 42.903411 ], [ -3.0140413, 42.9034606 ], [ -3.0140375, 42.9034696 ], [ -3.0140311, 42.9034889 ], [ -3.0140286, 42.9034966 ], [ -3.0140264, 42.9035056 ], [ -3.0140114, 42.9035506 ], [ -3.0140008, 42.9035821 ], [ -3.0139885, 42.9036226 ], [ -3.0139839, 42.9036361 ], [ -3.0139705, 42.9036767 ], [ -3.0139621, 42.9037037 ], [ -3.013956, 42.9037217 ], [ -3.0139533, 42.9037307 ], [ -3.013943, 42.9037622 ], [ -3.0139276, 42.9038118 ], [ -3.013917, 42.9038433 ], [ -3.0139147, 42.90385 ], [ -3.0139139, 42.9038523 ], [ -3.0139093, 42.9038703 ], [ -3.0139009, 42.9038973 ], [ -3.0138871, 42.9039378 ], [ -3.0138684, 42.9039874 ], [ -3.0138504, 42.9040369 ], [ -3.0138469, 42.9040459 ], [ -3.0138301, 42.9040909 ], [ -3.0138156, 42.9041314 ], [ -3.0138014, 42.904154 ], [ -3.0137945, 42.9041675 ], [ -3.0137769, 42.9042035 ], [ -3.0137769, 42.9042035 ], [ -3.0137536, 42.904244 ], [ -3.0137459, 42.9042575 ], [ -3.0137425, 42.9042665 ], [ -3.0137172, 42.9043071 ], [ -3.0136797, 42.9043656 ], [ -3.0136751, 42.9043746 ], [ -3.0136606, 42.9043971 ], [ -3.0136499, 42.9044151 ], [ -3.0136403, 42.9044376 ], [ -3.0136338, 42.9044511 ], [ -3.0136296, 42.9044602 ], [ -3.0136097, 42.9045052 ], [ -3.0135993, 42.9045277 ], [ -3.0135909, 42.9045457 ], [ -3.0135703, 42.9045908 ], [ -3.0135668, 42.9046043 ], [ -3.0135565, 42.9046448 ], [ -3.013545, 42.9046898 ], [ -3.0135404, 42.9047078 ], [ -3.0135404, 42.9047078 ], [ -3.0135317, 42.9047438 ], [ -3.0135267, 42.9048069 ], [ -3.013524, 42.9048384 ], [ -3.0135228, 42.9048519 ], [ -3.0135228, 42.9048609 ], [ -3.0135221, 42.9048874 ], [ -3.0135221, 42.9048879 ], [ -3.0135221, 42.9049014 ], [ -3.0135221, 42.9049014 ], [ -3.013521, 42.9049419 ], [ -3.013521, 42.9049555 ], [ -3.0135198, 42.9050005 ], [ -3.0135198, 42.9050185 ], [ -3.0135191, 42.90505 ], [ -3.0135183, 42.905086 ], [ -3.0135179, 42.9051041 ], [ -3.0135176, 42.9051125 ], [ -3.0135176, 42.905113 ], [ -3.0135176, 42.9051131 ], [ -3.0135172, 42.9051491 ], [ -3.0135153, 42.9051626 ], [ -3.0135145, 42.9051716 ], [ -3.0135084, 42.9052076 ], [ -3.0135049, 42.9052301 ], [ -3.0134996, 42.9052616 ], [ -3.0134977, 42.9052751 ], [ -3.0134939, 42.9052977 ], [ -3.0134919, 42.9053112 ], [ -3.0134831, 42.9053382 ], [ -3.0134766, 42.9053607 ], [ -3.0134644, 42.9054057 ], [ -3.0134537, 42.9054417 ], [ -3.0134479, 42.9054598 ], [ -3.0134319, 42.9055003 ], [ -3.0134285, 42.905512 ], [ -3.0134284, 42.9055125 ], [ -3.013428, 42.9055138 ], [ -3.0134146, 42.9055498 ], [ -3.0134104, 42.9055633 ], [ -3.0133978, 42.9055948 ], [ -3.0133906, 42.9056174 ], [ -3.013373, 42.9056669 ], [ -3.0133695, 42.9056759 ], [ -3.01336, 42.9057004 ], [ -3.0133573, 42.9057074 ], [ -3.0133554, 42.9057164 ], [ -3.0133401, 42.905757 ], [ -3.0133335, 42.905775 ], [ -3.0133267, 42.905793 ], [ -3.0133022, 42.9058605 ], [ -3.0132907, 42.905892 ], [ -3.0132854, 42.9059055 ], [ -3.0132758, 42.9059326 ], [ -3.0132647, 42.9059641 ], [ -3.0132605, 42.9059731 ], [ -3.0132493, 42.9060001 ], [ -3.0132401, 42.9060227 ], [ -3.0132383, 42.9060271 ], [ -3.0132283, 42.9060496 ], [ -3.0132164, 42.9060767 ], [ -3.0132065, 42.9060991 ], [ -3.0131935, 42.9061307 ], [ -3.0131835, 42.9061532 ], [ -3.0131744, 42.9061712 ], [ -3.0131464, 42.9062387 ], [ -3.0131415, 42.9062477 ], [ -3.0131361, 42.9062613 ], [ -3.0131277, 42.9062793 ], [ -3.0131158, 42.9063063 ], [ -3.013102, 42.9063378 ], [ -3.013094, 42.9063558 ], [ -3.0130894, 42.9063667 ], [ -3.0130806, 42.9063874 ], [ -3.013068, 42.9064189 ], [ -3.0130523, 42.9064549 ], [ -3.0130454, 42.9064684 ], [ -3.0130301, 42.9065044 ], [ -3.0130259, 42.9065134 ], [ -3.0130087, 42.9065539 ], [ -3.012995, 42.9065839 ], [ -3.0129922, 42.90659 ], [ -3.0129815, 42.906617 ], [ -3.0129731, 42.906635 ], [ -3.0129662, 42.906662 ], [ -3.0129609, 42.906689 ], [ -3.0129578, 42.906698 ], [ -3.0129578, 42.906698 ], [ -3.0129524, 42.9067205 ], [ -3.0129494, 42.906734 ], [ -3.0129456, 42.9067521 ], [ -3.0129448, 42.9067604 ], [ -3.0129448, 42.9067611 ], [ -3.012944, 42.9067746 ], [ -3.0129433, 42.9067836 ], [ -3.0129421, 42.9068061 ], [ -3.0129398, 42.9068421 ], [ -3.0129383, 42.9068646 ], [ -3.0129375, 42.9068826 ], [ -3.012936, 42.9069052 ], [ -3.0129349, 42.9069277 ], [ -3.0129345, 42.9069412 ], [ -3.012933, 42.9069727 ], [ -3.0129318, 42.9069952 ], [ -3.0129299, 42.9070402 ], [ -3.0129288, 42.9070582 ], [ -3.0129276, 42.9070853 ], [ -3.0129269, 42.9071078 ], [ -3.0129265, 42.9071168 ], [ -3.0129253, 42.9071393 ], [ -3.0129246, 42.9071528 ], [ -3.0129234, 42.9071753 ], [ -3.0129204, 42.9072383 ], [ -3.01292, 42.9072608 ], [ -3.0129196, 42.9072743 ], [ -3.0129192, 42.9073059 ], [ -3.0129189, 42.9073194 ], [ -3.0129185, 42.9073326 ], [ -3.0129185, 42.9073329 ], [ -3.0129173, 42.9073959 ], [ -3.0129173, 42.907405 ], [ -3.0129166, 42.9074224 ], [ -3.0129166, 42.907423 ], [ -3.0129162, 42.9074545 ], [ -3.0129158, 42.9074635 ], [ -3.0129147, 42.9075265 ], [ -3.0129143, 42.90754 ], [ -3.012912, 42.907558 ], [ -3.0129063, 42.9075986 ], [ -3.0129055, 42.9076076 ], [ -3.0128979, 42.9076616 ], [ -3.0128891, 42.9077021 ], [ -3.0128852, 42.9077201 ], [ -3.0128799, 42.9077471 ], [ -3.0128673, 42.9078057 ], [ -3.0128527, 42.9078777 ], [ -3.0128527, 42.9078777 ], [ -3.0128458, 42.9079092 ], [ -3.0128401, 42.9079363 ], [ -3.0128366, 42.9079542 ], [ -3.0128271, 42.9079993 ], [ -3.012816, 42.9080488 ], [ -3.0128133, 42.9080623 ], [ -3.0128037, 42.9081073 ], [ -3.0128007, 42.9081208 ], [ -3.0127942, 42.9081523 ], [ -3.0127911, 42.9081704 ], [ -3.0127846, 42.9081974 ], [ -3.0127819, 42.9082109 ], [ -3.0127732, 42.9082515 ], [ -3.0127704, 42.908265 ], [ -3.012768, 42.9082776 ], [ -3.0127678, 42.9082785 ], [ -3.0127628, 42.9083055 ], [ -3.012754, 42.908346 ], [ -3.0127487, 42.9083685 ], [ -3.0127464, 42.908382 ], [ -3.0127284, 42.9084676 ], [ -3.0127548, 42.9084811 ], [ -3.012787, 42.9084991 ], [ -3.0128123, 42.9085171 ], [ -3.0128934, 42.9085621 ], [ -3.0129076, 42.9085711 ], [ -3.0129543, 42.9085981 ], [ -3.0129976, 42.9086252 ], [ -3.0130537, 42.9086567 ], [ -3.0131097, 42.9086882 ], [ -3.0131484, 42.9087107 ], [ -3.0131676, 42.9087242 ], [ -3.0131955, 42.9087377 ], [ -3.0132591, 42.9087782 ], [ -3.013287, 42.9087917 ], [ -3.0133134, 42.9088097 ], [ -3.0133487, 42.9088277 ], [ -3.0133854, 42.9088502 ], [ -3.0134436, 42.9088863 ], [ -3.0134601, 42.9088952 ], [ -3.0134735, 42.9089042 ], [ -3.013506, 42.9089222 ], [ -3.0135447, 42.9089448 ], [ -3.0135845, 42.9089673 ], [ -3.0136063, 42.9089808 ], [ -3.0136439, 42.9090033 ], [ -3.0136553, 42.9090123 ], [ -3.0136664, 42.9090168 ], [ -3.0136823, 42.9090258 ], [ -3.0136982, 42.9090348 ], [ -3.0137285, 42.9090528 ], [ -3.0137695, 42.9090798 ], [ -3.0137832, 42.9090888 ], [ -3.0138043, 42.9091001 ], [ -3.0138253, 42.9091113 ], [ -3.0138407, 42.9091203 ], [ -3.0138724, 42.9091429 ], [ -3.013895, 42.9091564 ], [ -3.0139632, 42.9091968 ], [ -3.0140175, 42.9092284 ], [ -3.0140681, 42.9092599 ], [ -3.0140823, 42.9092689 ], [ -3.0141753, 42.9093229 ], [ -3.0141963, 42.9093364 ], [ -3.0142572, 42.9093724 ], [ -3.0143323, 42.9094175 ], [ -3.0144674, 42.9094985 ], [ -3.0145509, 42.909548 ], [ -3.0146218, 42.909593 ], [ -3.0146964, 42.909638 ], [ -3.0147251, 42.9096516 ], [ -3.0147396, 42.9096606 ], [ -3.0147619, 42.909674 ], [ -3.0147787, 42.909683 ], [ -3.0148036, 42.909701 ], [ -3.0148258, 42.9097146 ], [ -3.0148415, 42.9097235 ], [ -3.0148737, 42.9097416 ], [ -3.0148921, 42.909755 ], [ -3.0150042, 42.9098226 ], [ -3.0150257, 42.9098316 ], [ -3.0150667, 42.9098586 ], [ -3.0151995, 42.9099396 ], [ -3.0152378, 42.9099621 ], [ -3.0152646, 42.9099756 ], [ -3.0152784, 42.9099847 ], [ -3.0153538, 42.9100297 ], [ -3.0153687, 42.9100387 ], [ -3.0153902, 42.9100522 ], [ -3.0154024, 42.9100612 ], [ -3.0154269, 42.9100747 ], [ -3.015811, 42.9103043 ], [ -3.0158631, 42.9103358 ], [ -3.0159037, 42.9103628 ], [ -3.0161368, 42.9105024 ], [ -3.0162257, 42.9105519 ], [ -3.0167509, 42.9105383 ], [ -3.016751, 42.9105383 ], [ -3.0179392, 42.9101599 ], [ -3.0181474, 42.9099798 ], [ -3.0189065, 42.9085118 ], [ -3.0208909, 42.9079712 ], [ -3.020891, 42.9079711 ], [ -3.0232428, 42.9073314 ], [ -3.026146, 42.9069886 ], [ -3.0265135, 42.9070425 ], [ -3.0265136, 42.9070425 ], [ -3.0274692, 42.9073845 ], [ -3.0274693, 42.9073845 ], [ -3.0283632, 42.9066819 ], [ -3.0284799, 42.9066328 ], [ -3.0287062, 42.9065377 ], [ -3.0317072, 42.9059787 ], [ -3.0331036, 42.9058252 ], [ -3.0381136, 42.9054455 ], [ -3.0381137, 42.9054455 ], [ -3.0428539, 42.9046064 ], [ -3.0442258, 42.9045068 ], [ -3.0471777, 42.9041455 ], [ -3.0571966, 42.9025561 ], [ -3.06005, 42.9017172 ], [ -3.0640196, 42.9025886 ], [ -3.0666903, 42.9029833 ], [ -3.0666904, 42.9029833 ], [ -3.0680013, 42.9032707 ], [ -3.0680014, 42.9032707 ], [ -3.0689698, 42.9039185 ], [ -3.0705742, 42.9036114 ], [ -3.0705742, 42.9036114 ], [ -3.072532, 42.9017281 ], [ -3.0751769, 42.901006 ], [ -3.075177, 42.901006 ], [ -3.0751888, 42.9010058 ], [ -3.0760344, 42.9009875 ], [ -3.0804313, 42.9006243 ], [ -3.0804314, 42.9006243 ], [ -3.0823298, 42.9005329 ], [ -3.0823299, 42.9005329 ], [ -3.0895178, 42.8989967 ], [ -3.0895178, 42.8989967 ], [ -3.090135, 42.8990187 ], [ -3.090755, 42.8990407 ], [ -3.0915144, 42.8990131 ], [ -3.0915144, 42.8990131 ], [ -3.092102, 42.8987785 ], [ -3.0926288, 42.8988682 ], [ -3.0926288, 42.8988682 ], [ -3.0937808, 42.8992455 ], [ -3.0928877, 42.8999936 ], [ -3.0928391, 42.9002728 ], [ -3.0929746, 42.900741 ], [ -3.0932566, 42.9009659 ], [ -3.0937408, 42.90124 ], [ -3.0946542, 42.9017572 ], [ -3.0955864, 42.9025669 ], [ -3.0963715, 42.9033587 ], [ -3.0975129, 42.9047175 ], [ -3.0985195, 42.9061035 ], [ -3.0990468, 42.9064993 ], [ -3.1002486, 42.9072367 ], [ -3.1046635, 42.9101594 ] ] ] } }
]
}
