{
"type": "FeatureCollection",
"name": "13034",
"features": [
{ "type": "Feature", "properties": { "CCAA": "08 - Castilla-La Mancha", "PROVINCIA": "13 - Ciudad Real", "MUNICIPIO": "13034 - Ciudad Real", "COD_MUNICIPIO": "13034", "DISTRITO": "01", "SECCION": "1303401007", "V1_H": 81.57, "V1_M": 86.95, "V2_H": 81.38052192000001, "V2_M": 86.83819346, "V3_H": 81.78107492, "V3_M": 87.15502078 }, "geometry": { "type": "Polygon", "coordinates": [ [ [ -3.9278286, 38.9787953 ], [ -3.9278456, 38.978776 ], [ -3.9278866, 38.9787283 ], [ -3.9280327, 38.9788368 ], [ -3.9282054, 38.9789613 ], [ -3.9283962, 38.9790988 ], [ -3.9285044, 38.9791759 ], [ -3.9287142, 38.9793238 ], [ -3.9288354, 38.979387 ], [ -3.9289446, 38.9794162 ], [ -3.9289859, 38.9794271 ], [ -3.9289961, 38.9794296 ], [ -3.9289938, 38.9794251 ], [ -3.9289903, 38.9794186 ], [ -3.9289846, 38.9794076 ], [ -3.9289416, 38.9793257 ], [ -3.928883, 38.9792136 ], [ -3.928824, 38.9791006 ], [ -3.9287613, 38.9789742 ], [ -3.9287032, 38.9788551 ], [ -3.9286589, 38.9787645 ], [ -3.9285893, 38.978622 ], [ -3.9285196, 38.9784792 ], [ -3.9284535, 38.9783433 ], [ -3.9284073, 38.9782482 ], [ -3.9283619, 38.9781546 ], [ -3.9283266, 38.9780796 ], [ -3.9282917, 38.9779991 ], [ -3.9282628, 38.9779324 ], [ -3.9282253, 38.9778423 ], [ -3.9281916, 38.9777564 ], [ -3.9281383, 38.9776204 ], [ -3.9280963, 38.9775133 ], [ -3.9280455, 38.9773822 ], [ -3.9279946, 38.977248 ], [ -3.9279388, 38.9771007 ], [ -3.927908, 38.9770115 ], [ -3.9278705, 38.9769052 ], [ -3.9278068, 38.9767517 ], [ -3.9277338, 38.9765758 ], [ -3.9277068, 38.9765089 ], [ -3.9276711, 38.9764185 ], [ -3.9276056, 38.9762531 ], [ -3.9275332, 38.9760704 ], [ -3.927473, 38.9759168 ], [ -3.9274324, 38.9758108 ], [ -3.9273642, 38.9756327 ], [ -3.9272785, 38.9754088 ], [ -3.9272546, 38.9753462 ], [ -3.927242, 38.975313 ], [ -3.9271969, 38.9751942 ], [ -3.9271352, 38.9750313 ], [ -3.9271131, 38.9749752 ], [ -3.9270964, 38.974933 ], [ -3.9270543, 38.9748263 ], [ -3.9269813, 38.9746414 ], [ -3.926922, 38.9744913 ], [ -3.9268708, 38.9743614 ], [ -3.9268409, 38.974285 ], [ -3.9268151, 38.9742081 ], [ -3.9267251, 38.9739393 ], [ -3.9267013, 38.9738826 ], [ -3.9261459, 38.9740628 ], [ -3.924614, 38.9755722 ], [ -3.9236159, 38.9768008 ], [ -3.9231466, 38.9778199 ], [ -3.9231487, 38.97782 ], [ -3.9239931, 38.9778774 ], [ -3.924721, 38.9779814 ], [ -3.9264728, 38.9784248 ], [ -3.9276245, 38.9786809 ], [ -3.9278286, 38.9787953 ] ] ] } },
{ "type": "Feature", "properties": { "CCAA": "08 - Castilla-La Mancha", "PROVINCIA": "13 - Ciudad Real", "MUNICIPIO": "13034 - Ciudad Real", "COD_MUNICIPIO": "13034", "DISTRITO": "02", "SECCION": "1303402003", "V1_H": 81.73, "V1_M": 86.8, "V2_H": 81.31626673, "V2_M": 86.83145999, "V3_H": 82.17064416, "V3_M": 87.00536352 }, "geometry": { "type": "Polygon", "coordinates": [ [ [ -3.9322556, 38.9822088 ], [ -3.9322911, 38.9822793 ], [ -3.9324193, 38.9825335 ], [ -3.9325063, 38.9827676 ], [ -3.9324791, 38.9829041 ], [ -3.9324698, 38.9829503 ], [ -3.9324608, 38.982996 ], [ -3.9324583, 38.9830066 ], [ -3.9323947, 38.983288 ], [ -3.9323932, 38.9832947 ], [ -3.9323759, 38.9833711 ], [ -3.9323106, 38.9836171 ], [ -3.9322449, 38.9838648 ], [ -3.9322448, 38.9838655 ], [ -3.9322443, 38.9838748 ], [ -3.9322375, 38.9839683 ], [ -3.9322362, 38.9839873 ], [ -3.9322281, 38.9840967 ], [ -3.9321501, 38.9845226 ], [ -3.9321468, 38.9845323 ], [ -3.9321339, 38.9845694 ], [ -3.9321221, 38.9846036 ], [ -3.9321095, 38.9846398 ], [ -3.9321507, 38.9846383 ], [ -3.9331956, 38.984601 ], [ -3.9342601, 38.984563 ], [ -3.93427, 38.9845626 ], [ -3.9342792, 38.984246 ], [ -3.9342595, 38.9839414 ], [ -3.9342592, 38.98394 ], [ -3.9341938, 38.9835336 ], [ -3.9341583, 38.9832235 ], [ -3.9341402, 38.9830661 ], [ -3.9341355, 38.9830334 ], [ -3.93413, 38.983001 ], [ -3.9341241, 38.9829685 ], [ -3.9341174, 38.9829361 ], [ -3.93411, 38.9829037 ], [ -3.934107, 38.9828911 ], [ -3.9341022, 38.9828715 ], [ -3.9340937, 38.9828393 ], [ -3.9340846, 38.9828073 ], [ -3.9340749, 38.9827754 ], [ -3.9340646, 38.9827436 ], [ -3.9340549, 38.9827159 ], [ -3.9340535, 38.982712 ], [ -3.9340481, 38.982698 ], [ -3.9340436, 38.982686 ], [ -3.9340416, 38.9826808 ], [ -3.9340287, 38.9826499 ], [ -3.9340149, 38.9826192 ], [ -3.9340001, 38.9825888 ], [ -3.9339846, 38.9825586 ], [ -3.9339831, 38.9825556 ], [ -3.9339683, 38.9825287 ], [ -3.933951, 38.9824991 ], [ -3.9339329, 38.9824698 ], [ -3.933915, 38.9824425 ], [ -3.9339139, 38.9824409 ], [ -3.9339108, 38.9824364 ], [ -3.9339049, 38.9824279 ], [ -3.9338942, 38.9824123 ], [ -3.9338845, 38.982399 ], [ -3.9338768, 38.9823884 ], [ -3.9338736, 38.982384 ], [ -3.9338488, 38.98235 ], [ -3.9338227, 38.9823166 ], [ -3.9337954, 38.9822837 ], [ -3.9337668, 38.9822515 ], [ -3.9337592, 38.9822435 ], [ -3.9337371, 38.98222 ], [ -3.933708, 38.982191 ], [ -3.9337062, 38.9821892 ], [ -3.933704, 38.9821872 ], [ -3.9336875, 38.9821716 ], [ -3.9336741, 38.9821591 ], [ -3.933641, 38.9821297 ], [ -3.9336066, 38.982101 ], [ -3.9335714, 38.9820732 ], [ -3.9335461, 38.9820545 ], [ -3.9335431, 38.9820522 ], [ -3.9335351, 38.9820463 ], [ -3.9335332, 38.9820452 ], [ -3.9334899, 38.9820163 ], [ -3.933444, 38.9819867 ], [ -3.9333978, 38.9819577 ], [ -3.9333511, 38.981929 ], [ -3.933304, 38.9819008 ], [ -3.9332894, 38.9818923 ], [ -3.9332795, 38.9818865 ], [ -3.9332564, 38.9818731 ], [ -3.9332083, 38.9818459 ], [ -3.93316, 38.981819 ], [ -3.9331111, 38.9817927 ], [ -3.9330618, 38.9817669 ], [ -3.9330121, 38.9817415 ], [ -3.9328122, 38.9816198 ], [ -3.9328002, 38.9816325 ], [ -3.9327278, 38.9817092 ], [ -3.9327061, 38.981732 ], [ -3.9326785, 38.9817614 ], [ -3.9326519, 38.9817894 ], [ -3.9326285, 38.9818143 ], [ -3.9326221, 38.981821 ], [ -3.932605, 38.9818391 ], [ -3.9322879, 38.9821748 ], [ -3.9322556, 38.9822088 ] ] ] } },
{ "type": "Feature", "properties": { "CCAA": "08 - Castilla-La Mancha", "PROVINCIA": "13 - Ciudad Real", "MUNICIPIO": "13034 - Ciudad Real", "COD_MUNICIPIO": "13034", "DISTRITO": "01", "SECCION": "1303401004", "V1_H": 80.99, "V1_M": 86.66, "V2_H": 80.84822772, "V2_M": 86.63128417, "V3_H": 81.25601163, "V3_M": 86.83891366 }, "geometry": { "type": "Polygon", "coordinates": [ [ [ -3.9273491, 38.9798951 ], [ -3.9276201, 38.9808687 ], [ -3.9277468, 38.9813259 ], [ -3.9278455, 38.9816294 ], [ -3.9279197, 38.9818823 ], [ -3.9280489, 38.9821799 ], [ -3.9280514, 38.9821789 ], [ -3.9281417, 38.9821412 ], [ -3.928169, 38.9821298 ], [ -3.928865, 38.9819889 ], [ -3.9288981, 38.9819822 ], [ -3.928928, 38.9819766 ], [ -3.9290027, 38.9819626 ], [ -3.9291133, 38.981942 ], [ -3.9296369, 38.9819081 ], [ -3.9299119, 38.9820188 ], [ -3.9306001, 38.9812399 ], [ -3.9307987, 38.9810202 ], [ -3.9310617, 38.980709 ], [ -3.9303956, 38.9803818 ], [ -3.9301854, 38.9802785 ], [ -3.9298046, 38.9801747 ], [ -3.929489, 38.9800885 ], [ -3.9293641, 38.9800544 ], [ -3.9289995, 38.9799549 ], [ -3.9289824, 38.9799503 ], [ -3.928981, 38.9799499 ], [ -3.9289764, 38.9799487 ], [ -3.9288477, 38.9799136 ], [ -3.9288214, 38.9799119 ], [ -3.9285851, 38.9798961 ], [ -3.9284191, 38.979885 ], [ -3.927664, 38.9798921 ], [ -3.9274718, 38.9798939 ], [ -3.9273491, 38.9798951 ] ] ] } },
{ "type": "Feature", "properties": { "CCAA": "08 - Castilla-La Mancha", "PROVINCIA": "13 - Ciudad Real", "MUNICIPIO": "13034 - Ciudad Real", "COD_MUNICIPIO": "13034", "DISTRITO": "01", "SECCION": "1303401006", "V1_H": 80.31, "V1_M": 86.3, "V2_H": 80.10187432, "V2_M": 86.1135989, "V3_H": 80.75259804, "V3_M": 86.72412179 }, "geometry": { "type": "Polygon", "coordinates": [ [ [ -3.9322824, 38.9813369 ], [ -3.9324021, 38.9814008 ], [ -3.9324853, 38.9814453 ], [ -3.9327487, 38.9815859 ], [ -3.9351968, 38.978631 ], [ -3.9357767, 38.9780577 ], [ -3.9374074, 38.9764458 ], [ -3.9392297, 38.9747247 ], [ -3.9392303, 38.9747241 ], [ -3.939222, 38.9747193 ], [ -3.9389334, 38.9745525 ], [ -3.9381636, 38.9741616 ], [ -3.9377446, 38.9739527 ], [ -3.9375621, 38.9738736 ], [ -3.9375564, 38.9738704 ], [ -3.9375322, 38.9738567 ], [ -3.9370378, 38.9735772 ], [ -3.9369936, 38.9735522 ], [ -3.9369038, 38.9735015 ], [ -3.9368425, 38.9734691 ], [ -3.9365308, 38.9733045 ], [ -3.9364529, 38.9732634 ], [ -3.9363404, 38.9732284 ], [ -3.9362926, 38.9732135 ], [ -3.9360597, 38.973176 ], [ -3.9357059, 38.9731824 ], [ -3.9357051, 38.9731824 ], [ -3.9350079, 38.9732337 ], [ -3.9335356, 38.9733456 ], [ -3.9315377, 38.9735218 ], [ -3.9286501, 38.9737283 ], [ -3.9269628, 38.9738675 ], [ -3.9269365, 38.9738755 ], [ -3.9268112, 38.9739133 ], [ -3.9267917, 38.9739191 ], [ -3.9267692, 38.973926 ], [ -3.9267251, 38.9739393 ], [ -3.9268151, 38.9742081 ], [ -3.9268409, 38.974285 ], [ -3.9268708, 38.9743614 ], [ -3.926922, 38.9744913 ], [ -3.9269813, 38.9746414 ], [ -3.9270543, 38.9748263 ], [ -3.9270964, 38.974933 ], [ -3.9271131, 38.9749752 ], [ -3.9271352, 38.9750313 ], [ -3.9271969, 38.9751942 ], [ -3.927242, 38.975313 ], [ -3.9272546, 38.9753462 ], [ -3.9272785, 38.9754088 ], [ -3.9273642, 38.9756327 ], [ -3.9274324, 38.9758108 ], [ -3.927473, 38.9759168 ], [ -3.9275332, 38.9760704 ], [ -3.9276056, 38.9762531 ], [ -3.9276711, 38.9764185 ], [ -3.9277068, 38.9765089 ], [ -3.9277338, 38.9765758 ], [ -3.9278068, 38.9767517 ], [ -3.9278705, 38.9769052 ], [ -3.927908, 38.9770115 ], [ -3.9279388, 38.9771007 ], [ -3.9279946, 38.977248 ], [ -3.9280455, 38.9773822 ], [ -3.9280963, 38.9775133 ], [ -3.9281383, 38.9776204 ], [ -3.9281916, 38.9777564 ], [ -3.9282253, 38.9778423 ], [ -3.9282628, 38.9779324 ], [ -3.9282917, 38.9779991 ], [ -3.9283266, 38.9780796 ], [ -3.9283619, 38.9781546 ], [ -3.9284073, 38.9782482 ], [ -3.9284535, 38.9783433 ], [ -3.9285196, 38.9784792 ], [ -3.9285893, 38.978622 ], [ -3.9286589, 38.9787645 ], [ -3.9287032, 38.9788551 ], [ -3.9287613, 38.9789742 ], [ -3.928824, 38.9791006 ], [ -3.928883, 38.9792136 ], [ -3.9289416, 38.9793257 ], [ -3.9289846, 38.9794076 ], [ -3.9289903, 38.9794186 ], [ -3.9289938, 38.9794251 ], [ -3.9289961, 38.9794296 ], [ -3.9289859, 38.9794271 ], [ -3.9289446, 38.9794162 ], [ -3.9288354, 38.979387 ], [ -3.9287142, 38.9793238 ], [ -3.9285044, 38.9791759 ], [ -3.9283962, 38.9790988 ], [ -3.9282054, 38.9789613 ], [ -3.9280327, 38.9788368 ], [ -3.9278866, 38.9787283 ], [ -3.9278456, 38.978776 ], [ -3.9278286, 38.9787953 ], [ -3.9277432, 38.978892 ], [ -3.927657, 38.97899 ], [ -3.9276245, 38.9790279 ], [ -3.9275371, 38.9791596 ], [ -3.9275164, 38.9791907 ], [ -3.9274941, 38.9792318 ], [ -3.9274511, 38.9793125 ], [ -3.9274071, 38.979419 ], [ -3.9273873, 38.9794682 ], [ -3.9273699, 38.9795155 ], [ -3.9273417, 38.9795938 ], [ -3.9273269, 38.9796952 ], [ -3.9273229, 38.9797229 ], [ -3.9273282, 38.9797685 ], [ -3.9273426, 38.9798553 ], [ -3.9273476, 38.9798857 ], [ -3.9273491, 38.9798951 ], [ -3.9274718, 38.9798939 ], [ -3.927664, 38.9798921 ], [ -3.9284191, 38.979885 ], [ -3.9285851, 38.9798961 ], [ -3.9288214, 38.9799119 ], [ -3.9288477, 38.9799136 ], [ -3.9289764, 38.9799487 ], [ -3.928981, 38.9799499 ], [ -3.9289824, 38.9799503 ], [ -3.9289995, 38.9799549 ], [ -3.9293641, 38.9800544 ], [ -3.929489, 38.9800885 ], [ -3.9298046, 38.9801747 ], [ -3.9301854, 38.9802785 ], [ -3.9303956, 38.9803818 ], [ -3.9310617, 38.980709 ], [ -3.9314704, 38.9809192 ], [ -3.9319585, 38.9811703 ], [ -3.9321575, 38.9812726 ], [ -3.9322824, 38.9813369 ] ] ] } },
{ "type": "Feature", "properties": { "CCAA": "08 - Castilla-La Mancha", "PROVINCIA": "13 - Ciudad Real", "MUNICIPIO": "13034 - Ciudad Real", "COD_MUNICIPIO": "13034", "DISTRITO": "01", "SECCION": "1303401008", "V1_H": 81.1, "V1_M": 86.64, "V2_H": 80.60081217, "V2_M": 86.48118059, "V3_H": 81.51550291, "V3_M": 86.87452308 }, "geometry": { "type": "Polygon", "coordinates": [ [ [ -3.9208065, 38.9777761 ], [ -3.920938, 38.9778271 ], [ -3.9211866, 38.9779234 ], [ -3.9214079, 38.9780125 ], [ -3.9216712, 38.9781186 ], [ -3.9218628, 38.9781959 ], [ -3.9220599, 38.9782754 ], [ -3.9222449, 38.9783499 ], [ -3.922347, 38.9783911 ], [ -3.9225646, 38.9784788 ], [ -3.9227941, 38.9785713 ], [ -3.9229845, 38.9786504 ], [ -3.9232292, 38.9787523 ], [ -3.9233191, 38.9787897 ], [ -3.923606, 38.9789091 ], [ -3.9238292, 38.979002 ], [ -3.9238826, 38.9790179 ], [ -3.9240071, 38.9790548 ], [ -3.9241787, 38.9791056 ], [ -3.9242634, 38.9791307 ], [ -3.9245584, 38.979218 ], [ -3.92493, 38.979328 ], [ -3.9250455, 38.9793576 ], [ -3.9251577, 38.9793862 ], [ -3.9252983, 38.9794221 ], [ -3.9256194, 38.979504 ], [ -3.9258614, 38.9795657 ], [ -3.9260722, 38.9796195 ], [ -3.926151, 38.9796396 ], [ -3.9262811, 38.9796728 ], [ -3.9264333, 38.9797117 ], [ -3.9264711, 38.9797202 ], [ -3.9266894, 38.9797636 ], [ -3.9269205, 38.9798097 ], [ -3.9271024, 38.9798459 ], [ -3.9273491, 38.9798951 ], [ -3.9273476, 38.9798857 ], [ -3.9273426, 38.9798553 ], [ -3.9273282, 38.9797685 ], [ -3.9273229, 38.9797229 ], [ -3.9273269, 38.9796952 ], [ -3.9273417, 38.9795938 ], [ -3.9273699, 38.9795155 ], [ -3.9273873, 38.9794682 ], [ -3.9274071, 38.979419 ], [ -3.9274511, 38.9793125 ], [ -3.9274941, 38.9792318 ], [ -3.9275164, 38.9791907 ], [ -3.9275371, 38.9791596 ], [ -3.9276245, 38.9790279 ], [ -3.927657, 38.97899 ], [ -3.9277432, 38.978892 ], [ -3.9278286, 38.9787953 ], [ -3.9276245, 38.9786809 ], [ -3.9264728, 38.9784248 ], [ -3.924721, 38.9779814 ], [ -3.9239931, 38.9778774 ], [ -3.9231487, 38.97782 ], [ -3.9231466, 38.9778199 ], [ -3.9211661, 38.9776528 ], [ -3.920838, 38.9776553 ], [ -3.9208065, 38.9777761 ] ] ] } },
{ "type": "Feature", "properties": { "CCAA": "08 - Castilla-La Mancha", "PROVINCIA": "13 - Ciudad Real", "MUNICIPIO": "13034 - Ciudad Real", "COD_MUNICIPIO": "13034", "DISTRITO": "02", "SECCION": "1303402018", "V1_H": 78.55, "V1_M": 84.66, "V2_H": 78.61689556, "V2_M": 84.78747684, "V3_H": 78.67326671, "V3_M": 84.67928018000001 }, "geometry": { "type": "Polygon", "coordinates": [ [ [ -3.9410312, 38.9771999 ], [ -3.9410329, 38.9772059 ], [ -3.9410562, 38.9772844 ], [ -3.9410719, 38.9773382 ], [ -3.9410822, 38.977373 ], [ -3.9410921, 38.9774064 ], [ -3.9412883, 38.9780711 ], [ -3.9413598, 38.9783273 ], [ -3.9415827, 38.9791274 ], [ -3.9417307, 38.9796584 ], [ -3.9419553, 38.980472 ], [ -3.941959, 38.9804717 ], [ -3.9420897, 38.9804606 ], [ -3.9424663, 38.9804286 ], [ -3.9427466, 38.9803842 ], [ -3.9429855, 38.9803465 ], [ -3.9430959, 38.9803291 ], [ -3.9434245, 38.9802742 ], [ -3.9435689, 38.9802502 ], [ -3.9445065, 38.9800938 ], [ -3.9445068, 38.9800938 ], [ -3.94463, 38.9800733 ], [ -3.9459737, 38.9798728 ], [ -3.9461445, 38.9798451 ], [ -3.9464282, 38.9797993 ], [ -3.9465548, 38.9798248 ], [ -3.9466139, 38.9798163 ], [ -3.9466725, 38.979806 ], [ -3.9467305, 38.9797937 ], [ -3.9467879, 38.9797795 ], [ -3.9468443, 38.9797636 ], [ -3.9468999, 38.9797457 ], [ -3.9469544, 38.9797261 ], [ -3.947008, 38.9797046 ], [ -3.9470602, 38.9796816 ], [ -3.9471112, 38.9796568 ], [ -3.9471607, 38.9796303 ], [ -3.9475088, 38.9794236 ], [ -3.9475893, 38.9793758 ], [ -3.9475912, 38.9793701 ], [ -3.9480395, 38.9791239 ], [ -3.9484755, 38.9788844 ], [ -3.9478661, 38.9778324 ], [ -3.9478661, 38.9778318 ], [ -3.9466713, 38.9780434 ], [ -3.9464512, 38.9775593 ], [ -3.9460122, 38.9764056 ], [ -3.945979, 38.9764111 ], [ -3.9457724, 38.9764455 ], [ -3.9435565, 38.9768193 ], [ -3.9410312, 38.9771999 ] ] ] } },
{ "type": "Feature", "properties": { "CCAA": "08 - Castilla-La Mancha", "PROVINCIA": "13 - Ciudad Real", "MUNICIPIO": "13034 - Ciudad Real", "COD_MUNICIPIO": "13034", "DISTRITO": "02", "SECCION": "1303402002", "V1_H": 80.99, "V1_M": 86.67, "V2_H": 80.575161, "V2_M": 86.38311792, "V3_H": 81.41956161, "V3_M": 87.05147909 }, "geometry": { "type": "Polygon", "coordinates": [ [ [ -3.9298634, 38.9852777 ], [ -3.9299762, 38.9854338 ], [ -3.9299884, 38.985444 ], [ -3.9300924, 38.9855319 ], [ -3.9302759, 38.9856869 ], [ -3.930311, 38.9857146 ], [ -3.9304891, 38.98585 ], [ -3.9309654, 38.9862073 ], [ -3.9311917, 38.9863369 ], [ -3.9313772, 38.9864411 ], [ -3.9313914, 38.9864548 ], [ -3.9313916, 38.9864543 ], [ -3.9314204, 38.9863998 ], [ -3.9314494, 38.9863449 ], [ -3.9314654, 38.9863185 ], [ -3.9315547, 38.9861698 ], [ -3.93192, 38.9855619 ], [ -3.9319206, 38.9855611 ], [ -3.931913, 38.9855566 ], [ -3.9318422, 38.9855137 ], [ -3.9317836, 38.9854781 ], [ -3.9318135, 38.9854023 ], [ -3.9319546, 38.9850453 ], [ -3.9320628, 38.9847746 ], [ -3.9320869, 38.984705 ], [ -3.932087, 38.9847046 ], [ -3.9320964, 38.9846778 ], [ -3.932109, 38.9846415 ], [ -3.9321095, 38.9846398 ], [ -3.9321221, 38.9846036 ], [ -3.9321339, 38.9845694 ], [ -3.9321468, 38.9845323 ], [ -3.9321501, 38.9845226 ], [ -3.9322281, 38.9840967 ], [ -3.9322362, 38.9839873 ], [ -3.9322375, 38.9839683 ], [ -3.9322443, 38.9838748 ], [ -3.9322448, 38.9838655 ], [ -3.9322449, 38.9838648 ], [ -3.9323106, 38.9836171 ], [ -3.9323759, 38.9833711 ], [ -3.9323932, 38.9832947 ], [ -3.9323947, 38.983288 ], [ -3.9324583, 38.9830066 ], [ -3.9324608, 38.982996 ], [ -3.9324698, 38.9829503 ], [ -3.9324791, 38.9829041 ], [ -3.9325063, 38.9827676 ], [ -3.9324193, 38.9825335 ], [ -3.9322911, 38.9822793 ], [ -3.9322556, 38.9822088 ], [ -3.9317724, 38.9827168 ], [ -3.9317577, 38.9827382 ], [ -3.9316389, 38.9829108 ], [ -3.9315247, 38.9830767 ], [ -3.9314993, 38.9831135 ], [ -3.931391, 38.9832599 ], [ -3.9313876, 38.9832649 ], [ -3.931058, 38.9837375 ], [ -3.9309938, 38.9838205 ], [ -3.9309135, 38.9839239 ], [ -3.9305799, 38.9843618 ], [ -3.9303831, 38.9846318 ], [ -3.9303833, 38.9846319 ], [ -3.9298634, 38.9852777 ] ] ] } },
{ "type": "Feature", "properties": { "CCAA": "08 - Castilla-La Mancha", "PROVINCIA": "13 - Ciudad Real", "MUNICIPIO": "13034 - Ciudad Real", "COD_MUNICIPIO": "13034", "DISTRITO": "02", "SECCION": "1303402004", "V1_H": 81.88, "V1_M": 87.06, "V2_H": 81.54316391, "V2_M": 86.92154098, "V3_H": 82.24926416, "V3_M": 87.34198023 }, "geometry": { "type": "Polygon", "coordinates": [ [ [ -3.9328122, 38.9816198 ], [ -3.9330121, 38.9817415 ], [ -3.9330618, 38.9817669 ], [ -3.9331111, 38.9817927 ], [ -3.93316, 38.981819 ], [ -3.9332083, 38.9818459 ], [ -3.9332564, 38.9818731 ], [ -3.9332795, 38.9818865 ], [ -3.9332894, 38.9818923 ], [ -3.933304, 38.9819008 ], [ -3.9333511, 38.981929 ], [ -3.9333978, 38.9819577 ], [ -3.933444, 38.9819867 ], [ -3.9334899, 38.9820163 ], [ -3.9335332, 38.9820452 ], [ -3.9335351, 38.9820463 ], [ -3.9335431, 38.9820522 ], [ -3.9335461, 38.9820545 ], [ -3.9335714, 38.9820732 ], [ -3.9336066, 38.982101 ], [ -3.933641, 38.9821297 ], [ -3.9336741, 38.9821591 ], [ -3.9336875, 38.9821716 ], [ -3.933704, 38.9821872 ], [ -3.9337062, 38.9821892 ], [ -3.933708, 38.982191 ], [ -3.9337371, 38.98222 ], [ -3.9337592, 38.9822435 ], [ -3.9337668, 38.9822515 ], [ -3.9337954, 38.9822837 ], [ -3.9338227, 38.9823166 ], [ -3.9338488, 38.98235 ], [ -3.9338736, 38.982384 ], [ -3.9338768, 38.9823884 ], [ -3.9338845, 38.982399 ], [ -3.9338942, 38.9824123 ], [ -3.9339049, 38.9824279 ], [ -3.9339108, 38.9824364 ], [ -3.9339139, 38.9824409 ], [ -3.933915, 38.9824425 ], [ -3.9339329, 38.9824698 ], [ -3.933951, 38.9824991 ], [ -3.9339683, 38.9825287 ], [ -3.9339831, 38.9825556 ], [ -3.9339846, 38.9825586 ], [ -3.9340001, 38.9825888 ], [ -3.9340149, 38.9826192 ], [ -3.9340287, 38.9826499 ], [ -3.9340416, 38.9826808 ], [ -3.9340436, 38.982686 ], [ -3.9340481, 38.982698 ], [ -3.9340535, 38.982712 ], [ -3.9340549, 38.9827159 ], [ -3.9340646, 38.9827436 ], [ -3.9340749, 38.9827754 ], [ -3.9340846, 38.9828073 ], [ -3.9340937, 38.9828393 ], [ -3.9341022, 38.9828715 ], [ -3.934107, 38.9828911 ], [ -3.93411, 38.9829037 ], [ -3.9341174, 38.9829361 ], [ -3.9341241, 38.9829685 ], [ -3.93413, 38.983001 ], [ -3.9341355, 38.9830334 ], [ -3.9341402, 38.9830661 ], [ -3.9341583, 38.9832235 ], [ -3.9341938, 38.9835336 ], [ -3.9342592, 38.98394 ], [ -3.9348079, 38.9839189 ], [ -3.9349807, 38.9839142 ], [ -3.9351189, 38.9834062 ], [ -3.9352545, 38.9828819 ], [ -3.935317, 38.9826399 ], [ -3.9354975, 38.9819105 ], [ -3.9359705, 38.9818444 ], [ -3.9361936, 38.9817937 ], [ -3.9363828, 38.9817507 ], [ -3.9364374, 38.9817407 ], [ -3.9364525, 38.9817379 ], [ -3.9366789, 38.9816966 ], [ -3.9367953, 38.9816785 ], [ -3.9370648, 38.9816247 ], [ -3.9377557, 38.9814774 ], [ -3.9377838, 38.9814484 ], [ -3.9378126, 38.9814187 ], [ -3.9378204, 38.9814107 ], [ -3.9378302, 38.9814006 ], [ -3.9378861, 38.981343 ], [ -3.9379816, 38.9812763 ], [ -3.9379973, 38.9812654 ], [ -3.9380082, 38.9812579 ], [ -3.9380279, 38.9812441 ], [ -3.9380633, 38.9812195 ], [ -3.938526, 38.9810803 ], [ -3.9387639, 38.9810245 ], [ -3.9388413, 38.9810064 ], [ -3.9390915, 38.9809479 ], [ -3.9391313, 38.9809386 ], [ -3.9393753, 38.9808815 ], [ -3.9394219, 38.9808705 ], [ -3.9395831, 38.9808328 ], [ -3.9396091, 38.9808274 ], [ -3.9400388, 38.980738 ], [ -3.9400457, 38.9807365 ], [ -3.940384, 38.9806897 ], [ -3.9409738, 38.9805672 ], [ -3.941711, 38.9805049 ], [ -3.9419553, 38.980472 ], [ -3.9417307, 38.9796584 ], [ -3.9415827, 38.9791274 ], [ -3.9413598, 38.9783273 ], [ -3.9412883, 38.9780711 ], [ -3.9410921, 38.9774064 ], [ -3.9410822, 38.977373 ], [ -3.9410719, 38.9773382 ], [ -3.9410562, 38.9772844 ], [ -3.9410329, 38.9772059 ], [ -3.9410312, 38.9771999 ], [ -3.9410293, 38.9771935 ], [ -3.9386899, 38.9775107 ], [ -3.9371155, 38.9779031 ], [ -3.9361398, 38.9782467 ], [ -3.9357767, 38.9780577 ], [ -3.9351968, 38.978631 ], [ -3.9327487, 38.9815859 ], [ -3.9328122, 38.9816198 ] ] ] } },
{ "type": "Feature", "properties": { "CCAA": "08 - Castilla-La Mancha", "PROVINCIA": "13 - Ciudad Real", "MUNICIPIO": "13034 - Ciudad Real", "COD_MUNICIPIO": "13034", "DISTRITO": "02", "SECCION": "1303402011", "V1_H": 80.3, "V1_M": 86.18, "V2_H": 80.25682951, "V2_M": 86.26310791, "V3_H": 80.49886239, "V3_M": 86.29802272000001 }, "geometry": { "type": "Polygon", "coordinates": [ [ [ -3.9315458, 38.9894229 ], [ -3.9315519, 38.9894279 ], [ -3.9327096, 38.9903457 ], [ -3.9327097, 38.9903458 ], [ -3.9329579, 38.9897697 ], [ -3.9331744, 38.9892868 ], [ -3.9332002, 38.9892293 ], [ -3.9332203, 38.9891801 ], [ -3.9332577, 38.9890887 ], [ -3.9333952, 38.9887525 ], [ -3.9333961, 38.9887505 ], [ -3.9334054, 38.9887278 ], [ -3.9334265, 38.9886789 ], [ -3.9335391, 38.988418 ], [ -3.9335421, 38.9884112 ], [ -3.933544, 38.9884069 ], [ -3.9335759, 38.9883328 ], [ -3.9335795, 38.9883247 ], [ -3.9335969, 38.9882844 ], [ -3.9336167, 38.9882384 ], [ -3.9337783, 38.9878244 ], [ -3.9337855, 38.9878062 ], [ -3.9337891, 38.987797 ], [ -3.9337892, 38.9877968 ], [ -3.9337923, 38.9877888 ], [ -3.9338027, 38.9877623 ], [ -3.933825, 38.9877057 ], [ -3.9338455, 38.9876537 ], [ -3.933851, 38.9876397 ], [ -3.933863, 38.9876091 ], [ -3.9338724, 38.987585 ], [ -3.9339069, 38.9875003 ], [ -3.9339484, 38.9873979 ], [ -3.9339713, 38.9873412 ], [ -3.9339841, 38.9873093 ], [ -3.933991, 38.9872899 ], [ -3.9340401, 38.9871504 ], [ -3.9340414, 38.9871465 ], [ -3.9340677, 38.9870568 ], [ -3.9340867, 38.9869914 ], [ -3.9341053, 38.9869079 ], [ -3.9335965, 38.9865881 ], [ -3.9335957, 38.9865876 ], [ -3.9329792, 38.9862088 ], [ -3.9326744, 38.9869101 ], [ -3.9325741, 38.9871675 ], [ -3.9325738, 38.9871684 ], [ -3.9324642, 38.9874098 ], [ -3.9322685, 38.98784 ], [ -3.9321564, 38.9880848 ], [ -3.9321534, 38.9880923 ], [ -3.9321533, 38.9880925 ], [ -3.9320203, 38.988423 ], [ -3.9317765, 38.9889816 ], [ -3.9316272, 38.9893577 ], [ -3.9315458, 38.9894229 ] ] ] } },
{ "type": "Feature", "properties": { "CCAA": "08 - Castilla-La Mancha", "PROVINCIA": "13 - Ciudad Real", "MUNICIPIO": "13034 - Ciudad Real", "COD_MUNICIPIO": "13034", "DISTRITO": "02", "SECCION": "1303402013", "V1_H": 80.55, "V1_M": 86.21, "V2_H": 80.25181467, "V2_M": 85.94546636, "V3_H": 81.01047082, "V3_M": 86.65561049 }, "geometry": { "type": "Polygon", "coordinates": [ [ [ -3.9280779, 38.9910504 ], [ -3.928088, 38.9910504 ], [ -3.9281264, 38.9910506 ], [ -3.9282219, 38.9910509 ], [ -3.9283386, 38.9910512 ], [ -3.9285891, 38.991052 ], [ -3.9289213, 38.9910531 ], [ -3.9290251, 38.9910553 ], [ -3.929216, 38.9910593 ], [ -3.9293047, 38.9910611 ], [ -3.9294634, 38.9910671 ], [ -3.9296305, 38.9910741 ], [ -3.9296717, 38.9910762 ], [ -3.9297068, 38.9911004 ], [ -3.9297073, 38.9910994 ], [ -3.92971, 38.9910918 ], [ -3.9297157, 38.9910767 ], [ -3.9297222, 38.991059 ], [ -3.929742, 38.9909992 ], [ -3.9299553, 38.9903551 ], [ -3.9299664, 38.9903216 ], [ -3.9300967, 38.9899279 ], [ -3.9301379, 38.9897336 ], [ -3.9301509, 38.9896723 ], [ -3.9302162, 38.9894493 ], [ -3.9303091, 38.9891874 ], [ -3.930418, 38.9888607 ], [ -3.9304615, 38.9887445 ], [ -3.9303536, 38.9888147 ], [ -3.9303465, 38.9888198 ], [ -3.9302616, 38.9888451 ], [ -3.9300752, 38.9889644 ], [ -3.929616, 38.9892651 ], [ -3.9294123, 38.989404 ], [ -3.9294094, 38.9894059 ], [ -3.929054, 38.9895218 ], [ -3.9289114, 38.9895605 ], [ -3.92828, 38.9897319 ], [ -3.9281815, 38.9897587 ], [ -3.9281763, 38.9898183 ], [ -3.9281725, 38.9898677 ], [ -3.9281582, 38.9900497 ], [ -3.9281294, 38.9904084 ], [ -3.9281293, 38.9904119 ], [ -3.9281184, 38.9905461 ], [ -3.9281171, 38.9905626 ], [ -3.9281163, 38.9905731 ], [ -3.9280804, 38.9910192 ], [ -3.9280779, 38.9910504 ] ] ] } },
{ "type": "Feature", "properties": { "CCAA": "08 - Castilla-La Mancha", "PROVINCIA": "13 - Ciudad Real", "MUNICIPIO": "13034 - Ciudad Real", "COD_MUNICIPIO": "13034", "DISTRITO": "04", "SECCION": "1303404008", "V1_H": 81.55, "V1_M": 86.88, "V2_H": 81.46298126000001, "V2_M": 86.741846, "V3_H": 81.68783029, "V3_M": 87.18580847 }, "geometry": { "type": "Polygon", "coordinates": [ [ [ -3.9242018, 38.984203 ], [ -3.9242021, 38.9842036 ], [ -3.9242024, 38.9842044 ], [ -3.9242062, 38.9842137 ], [ -3.9242133, 38.9842314 ], [ -3.9242373, 38.9842906 ], [ -3.9243631, 38.9846016 ], [ -3.9243788, 38.9846402 ], [ -3.9245099, 38.9849648 ], [ -3.9246919, 38.9849244 ], [ -3.9247391, 38.9849139 ], [ -3.9248106, 38.984898 ], [ -3.9249481, 38.9848674 ], [ -3.925007, 38.9848544 ], [ -3.9251334, 38.9847388 ], [ -3.9260287, 38.9844974 ], [ -3.9267673, 38.9843051 ], [ -3.9266783, 38.9840235 ], [ -3.9266025, 38.9837419 ], [ -3.9265567, 38.9834753 ], [ -3.9265501, 38.983437 ], [ -3.9265342, 38.9833446 ], [ -3.9264339, 38.9832806 ], [ -3.9261221, 38.9831925 ], [ -3.9257931, 38.9830909 ], [ -3.9257607, 38.9830809 ], [ -3.925668, 38.9830522 ], [ -3.9252904, 38.9837097 ], [ -3.9252722, 38.9837619 ], [ -3.9251955, 38.983982 ], [ -3.925186, 38.9840394 ], [ -3.9249379, 38.9840806 ], [ -3.9242021, 38.984203 ], [ -3.9242018, 38.984203 ] ] ] } },
{ "type": "Feature", "properties": { "CCAA": "08 - Castilla-La Mancha", "PROVINCIA": "13 - Ciudad Real", "MUNICIPIO": "13034 - Ciudad Real", "COD_MUNICIPIO": "13034", "DISTRITO": "04", "SECCION": "1303404010", "V1_H": 80.23, "V1_M": 86.04, "V2_H": 80.01377171, "V2_M": 86.1814847, "V3_H": 80.55154758, "V3_M": 86.06989916000001 }, "geometry": { "type": "Polygon", "coordinates": [ [ [ -3.9167667, 38.9801186 ], [ -3.9167556, 38.9801397 ], [ -3.9166816, 38.9802597 ], [ -3.9159702, 38.9815976 ], [ -3.9159135, 38.9817042 ], [ -3.9158205, 38.9818912 ], [ -3.9157661, 38.9820008 ], [ -3.9153642, 38.98278 ], [ -3.9152298, 38.9830406 ], [ -3.9147568, 38.9839573 ], [ -3.9146463, 38.9841716 ], [ -3.9145764, 38.9843068 ], [ -3.9145582, 38.9843423 ], [ -3.9144523, 38.9845474 ], [ -3.9144252, 38.9845833 ], [ -3.9143435, 38.9846911 ], [ -3.9141115, 38.9853681 ], [ -3.9141038, 38.9854882 ], [ -3.9141018, 38.9855205 ], [ -3.9141193, 38.9858465 ], [ -3.9141194, 38.9858472 ], [ -3.914137, 38.985952 ], [ -3.9141601, 38.9860887 ], [ -3.9141768, 38.9861883 ], [ -3.9142169, 38.9863456 ], [ -3.9142889, 38.9865149 ], [ -3.9143807, 38.9866921 ], [ -3.9145073, 38.9868702 ], [ -3.9148673, 38.9873064 ], [ -3.9149735, 38.9874352 ], [ -3.9172525, 38.9867964 ], [ -3.9199337, 38.9860877 ], [ -3.9199339, 38.9860877 ], [ -3.9200133, 38.9858966 ], [ -3.9200485, 38.9858121 ], [ -3.920076, 38.9857461 ], [ -3.9199708, 38.9852379 ], [ -3.9199672, 38.9852066 ], [ -3.9199152, 38.9847401 ], [ -3.9199877, 38.9843627 ], [ -3.9199908, 38.9843467 ], [ -3.9200025, 38.9843318 ], [ -3.9202727, 38.9839882 ], [ -3.9206795, 38.9835849 ], [ -3.9207965, 38.9834947 ], [ -3.9208585, 38.9834469 ], [ -3.9208652, 38.9834418 ], [ -3.9196572, 38.9824842 ], [ -3.9190707, 38.9819892 ], [ -3.9184796, 38.9811352 ], [ -3.9182723, 38.9805747 ], [ -3.9180794, 38.9795771 ], [ -3.9179373, 38.9784278 ], [ -3.9178347, 38.9785031 ], [ -3.9178171, 38.9785148 ], [ -3.9176278, 38.9786883 ], [ -3.9175547, 38.9787554 ], [ -3.9175543, 38.9787556 ], [ -3.9174851, 38.9788192 ], [ -3.9174379, 38.9788622 ], [ -3.9173658, 38.9789856 ], [ -3.9173106, 38.9790798 ], [ -3.9171982, 38.9792946 ], [ -3.9167667, 38.9801186 ] ] ] } },
{ "type": "Feature", "properties": { "CCAA": "08 - Castilla-La Mancha", "PROVINCIA": "13 - Ciudad Real", "MUNICIPIO": "13034 - Ciudad Real", "COD_MUNICIPIO": "13034", "DISTRITO": "01", "SECCION": "1303401003", "V1_H": 80.74, "V1_M": 86.31, "V2_H": 80.60059228, "V2_M": 86.16828649, "V3_H": 80.96013544, "V3_M": 86.56561146 }, "geometry": { "type": "Polygon", "coordinates": [ [ [ -3.9280489, 38.9821799 ], [ -3.928164, 38.9824505 ], [ -3.9282255, 38.9825699 ], [ -3.928247, 38.9826118 ], [ -3.9283615, 38.9828342 ], [ -3.928414, 38.9829365 ], [ -3.9284954, 38.9830949 ], [ -3.9284988, 38.983097 ], [ -3.9285852, 38.9831495 ], [ -3.9286005, 38.9831289 ], [ -3.9286175, 38.9831073 ], [ -3.9286354, 38.9830862 ], [ -3.9286541, 38.9830655 ], [ -3.9286736, 38.9830452 ], [ -3.9286939, 38.9830254 ], [ -3.928715, 38.983006 ], [ -3.9287367, 38.9829872 ], [ -3.9287592, 38.982969 ], [ -3.9288361, 38.9829332 ], [ -3.9291896, 38.9827682 ], [ -3.9292099, 38.9827588 ], [ -3.9292306, 38.9827491 ], [ -3.9301296, 38.982329 ], [ -3.9304178, 38.9821854 ], [ -3.930417, 38.9821851 ], [ -3.9322824, 38.9813369 ], [ -3.9321575, 38.9812726 ], [ -3.9319585, 38.9811703 ], [ -3.9314704, 38.9809192 ], [ -3.9310617, 38.980709 ], [ -3.9307987, 38.9810202 ], [ -3.9306001, 38.9812399 ], [ -3.9299119, 38.9820188 ], [ -3.9296369, 38.9819081 ], [ -3.9291133, 38.981942 ], [ -3.9290027, 38.9819626 ], [ -3.928928, 38.9819766 ], [ -3.9288981, 38.9819822 ], [ -3.928865, 38.9819889 ], [ -3.928169, 38.9821298 ], [ -3.9281417, 38.9821412 ], [ -3.9280514, 38.9821789 ], [ -3.9280489, 38.9821799 ] ] ] } },
{ "type": "Feature", "properties": { "CCAA": "08 - Castilla-La Mancha", "PROVINCIA": "13 - Ciudad Real", "MUNICIPIO": "13034 - Ciudad Real", "COD_MUNICIPIO": "13034", "DISTRITO": "02", "SECCION": "1303402006", "V1_H": 80.56, "V1_M": 86.09, "V2_H": 80.29410508, "V2_M": 85.89209003000001, "V3_H": 80.91212464, "V3_M": 86.35342073 }, "geometry": { "type": "Polygon", "coordinates": [ [ [ -3.9349807, 38.9839142 ], [ -3.9351041, 38.9839108 ], [ -3.9359402, 38.9838878 ], [ -3.9363969, 38.9838695 ], [ -3.9363981, 38.9838696 ], [ -3.9365001, 38.9838655 ], [ -3.9365003, 38.9838655 ], [ -3.9367259, 38.9838566 ], [ -3.9369906, 38.9838461 ], [ -3.9370413, 38.983844 ], [ -3.9371127, 38.9838412 ], [ -3.9371134, 38.983862 ], [ -3.9371184, 38.9838827 ], [ -3.9371274, 38.9839026 ], [ -3.9371404, 38.9839212 ], [ -3.937157, 38.9839379 ], [ -3.9371766, 38.9839524 ], [ -3.9371989, 38.9839644 ], [ -3.9372234, 38.9839734 ], [ -3.9372494, 38.9839794 ], [ -3.9372762, 38.9839821 ], [ -3.9373033, 38.9839815 ], [ -3.9379177, 38.9839334 ], [ -3.9379476, 38.983931 ], [ -3.9380007, 38.9839269 ], [ -3.9380129, 38.9839249 ], [ -3.938025, 38.9839223 ], [ -3.9380368, 38.9839191 ], [ -3.9380484, 38.9839155 ], [ -3.9380598, 38.9839114 ], [ -3.9380709, 38.9839067 ], [ -3.9380814, 38.9839016 ], [ -3.9380917, 38.983896 ], [ -3.9381015, 38.98389 ], [ -3.9381755, 38.9839056 ], [ -3.9382485, 38.9839242 ], [ -3.9383203, 38.9839457 ], [ -3.9383905, 38.98397 ], [ -3.9384589, 38.9839971 ], [ -3.9385255, 38.9840268 ], [ -3.9385901, 38.9840591 ], [ -3.9386424, 38.9840884 ], [ -3.9390231, 38.9839051 ], [ -3.9394847, 38.9836827 ], [ -3.9393222, 38.9834788 ], [ -3.9390423, 38.9831215 ], [ -3.9388554, 38.9828828 ], [ -3.9388319, 38.9828532 ], [ -3.9386099, 38.9825758 ], [ -3.9385372, 38.9824851 ], [ -3.9384896, 38.9824256 ], [ -3.9384671, 38.9823976 ], [ -3.9384075, 38.9823252 ], [ -3.938164, 38.9820294 ], [ -3.9381582, 38.9820214 ], [ -3.9378863, 38.9816538 ], [ -3.9378519, 38.9816072 ], [ -3.9378031, 38.9815415 ], [ -3.9377557, 38.9814774 ], [ -3.9370648, 38.9816247 ], [ -3.9367953, 38.9816785 ], [ -3.9366789, 38.9816966 ], [ -3.9364525, 38.9817379 ], [ -3.9364374, 38.9817407 ], [ -3.9363828, 38.9817507 ], [ -3.9361936, 38.9817937 ], [ -3.9359705, 38.9818444 ], [ -3.9354975, 38.9819105 ], [ -3.935317, 38.9826399 ], [ -3.9352545, 38.9828819 ], [ -3.9351189, 38.9834062 ], [ -3.9349807, 38.9839142 ] ] ] } },
{ "type": "Feature", "properties": { "CCAA": "08 - Castilla-La Mancha", "PROVINCIA": "13 - Ciudad Real", "MUNICIPIO": "13034 - Ciudad Real", "COD_MUNICIPIO": "13034", "DISTRITO": "02", "SECCION": "1303402007", "V1_H": 80.21, "V1_M": 86.09, "V2_H": 80.08965404, "V2_M": 85.91309697, "V3_H": 80.44476746, "V3_M": 86.42186139 }, "geometry": { "type": "Polygon", "coordinates": [ [ [ -3.933851, 38.9876397 ], [ -3.9346095, 38.9880614 ], [ -3.9351797, 38.9877469 ], [ -3.9355416, 38.9873864 ], [ -3.935993, 38.9868678 ], [ -3.9364623, 38.9863204 ], [ -3.9366007, 38.9861572 ], [ -3.9371011, 38.985743 ], [ -3.9371683, 38.9857462 ], [ -3.9375003, 38.985683 ], [ -3.937509, 38.9856814 ], [ -3.9377004, 38.9856236 ], [ -3.937993, 38.9854791 ], [ -3.9380658, 38.9854426 ], [ -3.9381411, 38.9854048 ], [ -3.9384485, 38.9852511 ], [ -3.9393127, 38.9848183 ], [ -3.9395118, 38.9850655 ], [ -3.9399413, 38.9848569 ], [ -3.9402854, 38.9846901 ], [ -3.9399688, 38.9842906 ], [ -3.9394847, 38.9836827 ], [ -3.9390231, 38.9839051 ], [ -3.9386424, 38.9840884 ], [ -3.9385901, 38.9840591 ], [ -3.9385255, 38.9840268 ], [ -3.9384589, 38.9839971 ], [ -3.9383905, 38.98397 ], [ -3.9383203, 38.9839457 ], [ -3.9382485, 38.9839242 ], [ -3.9381755, 38.9839056 ], [ -3.9381015, 38.98389 ], [ -3.9380917, 38.983896 ], [ -3.9380814, 38.9839016 ], [ -3.9380709, 38.9839067 ], [ -3.9380598, 38.9839114 ], [ -3.9380484, 38.9839155 ], [ -3.9380368, 38.9839191 ], [ -3.938025, 38.9839223 ], [ -3.9380129, 38.9839249 ], [ -3.9380007, 38.9839269 ], [ -3.9379476, 38.983931 ], [ -3.9379177, 38.9839334 ], [ -3.9373033, 38.9839815 ], [ -3.9372762, 38.9839821 ], [ -3.9372494, 38.9839794 ], [ -3.9372234, 38.9839734 ], [ -3.9371989, 38.9839644 ], [ -3.9371766, 38.9839524 ], [ -3.937157, 38.9839379 ], [ -3.9371404, 38.9839212 ], [ -3.9371274, 38.9839026 ], [ -3.9371184, 38.9838827 ], [ -3.9371134, 38.983862 ], [ -3.9371127, 38.9838412 ], [ -3.9370413, 38.983844 ], [ -3.9369906, 38.9838461 ], [ -3.9367259, 38.9838566 ], [ -3.9365003, 38.9838655 ], [ -3.9365001, 38.9838655 ], [ -3.9363981, 38.9838696 ], [ -3.9363969, 38.9838695 ], [ -3.9359402, 38.9838878 ], [ -3.9351041, 38.9839108 ], [ -3.9349807, 38.9839142 ], [ -3.9348079, 38.9839189 ], [ -3.9342592, 38.98394 ], [ -3.9342595, 38.9839414 ], [ -3.9342792, 38.984246 ], [ -3.93427, 38.9845626 ], [ -3.9342601, 38.984563 ], [ -3.9342589, 38.9848856 ], [ -3.9342533, 38.9850473 ], [ -3.9342495, 38.9851549 ], [ -3.9342473, 38.9852283 ], [ -3.9342421, 38.9854032 ], [ -3.9342331, 38.9856961 ], [ -3.9342283, 38.985851 ], [ -3.9342241, 38.9859638 ], [ -3.934209, 38.9863587 ], [ -3.9341465, 38.9867211 ], [ -3.9341263, 38.9868124 ], [ -3.9341203, 38.9868398 ], [ -3.9341053, 38.9869079 ], [ -3.9340867, 38.9869914 ], [ -3.9340677, 38.9870568 ], [ -3.9340414, 38.9871465 ], [ -3.9340401, 38.9871504 ], [ -3.933991, 38.9872899 ], [ -3.9339841, 38.9873093 ], [ -3.9339713, 38.9873412 ], [ -3.9339484, 38.9873979 ], [ -3.9339069, 38.9875003 ], [ -3.9338724, 38.987585 ], [ -3.933863, 38.9876091 ], [ -3.933851, 38.9876397 ] ] ] } },
{ "type": "Feature", "properties": { "CCAA": "08 - Castilla-La Mancha", "PROVINCIA": "13 - Ciudad Real", "MUNICIPIO": "13034 - Ciudad Real", "COD_MUNICIPIO": "13034", "DISTRITO": "03", "SECCION": "1303403002", "V1_H": 80.06, "V1_M": 86.09, "V2_H": 79.80248703, "V2_M": 86.14116428, "V3_H": 80.46064959, "V3_M": 86.17412372 }, "geometry": { "type": "Polygon", "coordinates": [ [ [ -3.9243975, 38.990179 ], [ -3.9243892, 38.9901869 ], [ -3.9236591, 38.9909252 ], [ -3.9236074, 38.9909877 ], [ -3.9235085, 38.9911067 ], [ -3.923333, 38.9912779 ], [ -3.9234963, 38.991217 ], [ -3.9236017, 38.9911778 ], [ -3.9237703, 38.9911149 ], [ -3.924166, 38.9909673 ], [ -3.9241978, 38.9909543 ], [ -3.9244667, 38.9908451 ], [ -3.9246768, 38.9907598 ], [ -3.9246963, 38.9907519 ], [ -3.9247059, 38.9907485 ], [ -3.9247064, 38.9907484 ], [ -3.9250232, 38.9906345 ], [ -3.9252844, 38.9905406 ], [ -3.9253626, 38.9905098 ], [ -3.9253741, 38.9905054 ], [ -3.9256351, 38.9904258 ], [ -3.9259325, 38.9903485 ], [ -3.9259471, 38.9903444 ], [ -3.9261917, 38.9902764 ], [ -3.9264997, 38.9901929 ], [ -3.9265005, 38.9901927 ], [ -3.9269055, 38.9901033 ], [ -3.9272612, 38.9900252 ], [ -3.9272625, 38.990025 ], [ -3.9272266, 38.989942 ], [ -3.9268735, 38.9891161 ], [ -3.9268698, 38.9891117 ], [ -3.9266045, 38.9885122 ], [ -3.9263848, 38.9881223 ], [ -3.9261911, 38.9883097 ], [ -3.9261213, 38.9883772 ], [ -3.9260903, 38.9884072 ], [ -3.9259231, 38.9885614 ], [ -3.9256238, 38.9888857 ], [ -3.9253032, 38.9892097 ], [ -3.925064, 38.9894514 ], [ -3.9250085, 38.9895087 ], [ -3.9248018, 38.9897222 ], [ -3.9247696, 38.9898284 ], [ -3.9247679, 38.9898342 ], [ -3.9244502, 38.99013 ], [ -3.9243975, 38.990179 ] ] ] } },
{ "type": "Feature", "properties": { "CCAA": "08 - Castilla-La Mancha", "PROVINCIA": "13 - Ciudad Real", "MUNICIPIO": "13034 - Ciudad Real", "COD_MUNICIPIO": "13034", "DISTRITO": "05", "SECCION": "1303405001", "V1_H": 80.38, "V1_M": 86.41, "V2_H": 80.21151379, "V2_M": 86.36716419, "V3_H": 80.6951312, "V3_M": 86.59024448 }, "geometry": { "type": "Polygon", "coordinates": [ [ [ -3.9105817, 39.0584092 ], [ -3.9152598, 39.0599946 ], [ -3.915756, 39.0599366 ], [ -3.9165837, 39.0595877 ], [ -3.9176834, 39.0588312 ], [ -3.9188373, 39.0577948 ], [ -3.9194761, 39.057141 ], [ -3.9200143, 39.0567583 ], [ -3.9208484, 39.0560218 ], [ -3.9219827, 39.055265 ], [ -3.9231644, 39.0545978 ], [ -3.9238089, 39.0543945 ], [ -3.9243635, 39.0552641 ], [ -3.9250798, 39.0552495 ], [ -3.9249534, 39.0561876 ], [ -3.9242155, 39.0572117 ], [ -3.9238796, 39.0580434 ], [ -3.9236255, 39.0589375 ], [ -3.9232473, 39.0609589 ], [ -3.9230048, 39.062754 ], [ -3.9225659, 39.0636676 ], [ -3.9221134, 39.0644191 ], [ -3.9214841, 39.0658027 ], [ -3.9216716, 39.0659995 ], [ -3.9241472, 39.0688184 ], [ -3.925559, 39.0680503 ], [ -3.9267986, 39.0673736 ], [ -3.9269895, 39.0669486 ], [ -3.9277203, 39.0662669 ], [ -3.9281216, 39.0660205 ], [ -3.9291453, 39.0656338 ], [ -3.9300785, 39.0654011 ], [ -3.9309426, 39.065187 ], [ -3.9314856, 39.0651646 ], [ -3.9323533, 39.0652298 ], [ -3.9336162, 39.065454 ], [ -3.9343925, 39.065601 ], [ -3.938189, 39.065994 ], [ -3.9414658, 39.0664182 ], [ -3.9429375, 39.0667036 ], [ -3.946565, 39.0665571 ], [ -3.9478842, 39.0666636 ], [ -3.948962, 39.0668801 ], [ -3.9497148, 39.0669821 ], [ -3.9513802, 39.0670496 ], [ -3.9551478, 39.0670098 ], [ -3.958796, 39.0666825 ], [ -3.9612217, 39.0665544 ], [ -3.9628482, 39.0663158 ], [ -3.9645085, 39.0660047 ], [ -3.9665217, 39.0661502 ], [ -3.9691007, 39.066255 ], [ -3.9719585, 39.0664565 ], [ -3.9736122, 39.0665148 ], [ -3.9745041, 39.0666515 ], [ -3.9763039, 39.0672402 ], [ -3.9772082, 39.0674399 ], [ -3.9782044, 39.0675937 ], [ -3.9795117, 39.0676729 ], [ -3.981696, 39.0676455 ], [ -3.9830436, 39.0673008 ], [ -3.9838246, 39.0669428 ], [ -3.984534, 39.0664231 ], [ -3.985644, 39.0656118 ], [ -3.985989, 39.0654917 ], [ -3.9871393, 39.0650855 ], [ -3.9880856, 39.0649784 ], [ -3.9892532, 39.0649955 ], [ -3.9911037, 39.065899 ], [ -3.9949621, 39.0682089 ], [ -3.9958099, 39.0684991 ], [ -3.9976894, 39.0689876 ], [ -3.9983143, 39.0690364 ], [ -4.0000233, 39.0689136 ], [ -4.0005605, 39.0692964 ], [ -4.0011577, 39.069841 ], [ -4.0026326, 39.0711439 ], [ -4.0029387, 39.0715378 ], [ -4.0034773, 39.0720197 ], [ -4.0044904, 39.0725426 ], [ -4.0054423, 39.0728228 ], [ -4.0060798, 39.0729435 ], [ -4.0069121, 39.0729453 ], [ -4.0090367, 39.0727738 ], [ -4.0106724, 39.0731831 ], [ -4.0115861, 39.0732112 ], [ -4.0125242, 39.0733293 ], [ -4.0135453, 39.0735997 ], [ -4.0145923, 39.0740592 ], [ -4.0163832, 39.0739986 ], [ -4.0175557, 39.0743398 ], [ -4.0197169, 39.0751048 ], [ -4.0209608, 39.0755895 ], [ -4.0213446, 39.0757484 ], [ -4.0239359, 39.0766718 ], [ -4.0258079, 39.0774123 ], [ -4.0275275, 39.0780099 ], [ -4.0306608, 39.0788293 ], [ -4.033041, 39.0795291 ], [ -4.0349886, 39.0798993 ], [ -4.0374494, 39.0805713 ], [ -4.0393639, 39.0810409 ], [ -4.0399082, 39.0811081 ], [ -4.0409027, 39.0811262 ], [ -4.0427164, 39.081029 ], [ -4.0444626, 39.0810584 ], [ -4.0442973, 39.0784737 ], [ -4.0443398, 39.0774371 ], [ -4.0442421, 39.0762936 ], [ -4.0441578, 39.0737173 ], [ -4.0436348, 39.0672431 ], [ -4.0437819, 39.0615379 ], [ -4.0439693, 39.0593466 ], [ -4.0443367, 39.0568292 ], [ -4.0446964, 39.0537893 ], [ -4.0450655, 39.0513891 ], [ -4.0455698, 39.0487534 ], [ -4.0466524, 39.0445897 ], [ -4.0467064, 39.0443369 ], [ -4.0472177, 39.0429626 ], [ -4.047331, 39.0420245 ], [ -4.0473953, 39.0416905 ], [ -4.0476087, 39.0404901 ], [ -4.0477292, 39.0384796 ], [ -4.0470519, 39.0379901 ], [ -4.045843, 39.0367124 ], [ -4.0455645, 39.0358498 ], [ -4.0449112, 39.0330713 ], [ -4.0444835, 39.0322731 ], [ -4.0439531, 39.031557 ], [ -4.0430785, 39.0310061 ], [ -4.0405949, 39.0302354 ], [ -4.039564, 39.0300553 ], [ -4.0391369, 39.0300772 ], [ -4.0378381, 39.0329091 ], [ -4.0371245, 39.0338796 ], [ -4.0353072, 39.0360224 ], [ -4.0352391, 39.0361041 ], [ -4.034329, 39.0370853 ], [ -4.0320579, 39.0390158 ], [ -4.0304786, 39.040066 ], [ -4.0288377, 39.0408464 ], [ -4.0272843, 39.0412926 ], [ -4.0272038, 39.0413203 ], [ -4.026663, 39.0414783 ], [ -4.0260178, 39.0416101 ], [ -4.024744, 39.041414 ], [ -4.0234251, 39.0412994 ], [ -4.0228676, 39.0411061 ], [ -4.0218577, 39.0407815 ], [ -4.0212686, 39.0407957 ], [ -4.0209686, 39.0408254 ], [ -4.0205072, 39.0408834 ], [ -4.0200575, 39.0409415 ], [ -4.0188244, 39.0411685 ], [ -4.0177057, 39.0413134 ], [ -4.0167471, 39.0405378 ], [ -4.0140867, 39.0387227 ], [ -4.0134659, 39.0381334 ], [ -4.0132431, 39.037099 ], [ -4.0121236, 39.0347569 ], [ -4.0114821, 39.031897 ], [ -4.0109572, 39.0299281 ], [ -4.0106093, 39.0273991 ], [ -4.0103326, 39.0258156 ], [ -4.0101816, 39.0233208 ], [ -4.0102532, 39.0226714 ], [ -4.0108451, 39.0204316 ], [ -4.0115301, 39.0198669 ], [ -4.0124589, 39.0193903 ], [ -4.0173518, 39.0174374 ], [ -4.0190735, 39.0166745 ], [ -4.0209626, 39.0155136 ], [ -4.0217183, 39.0150474 ], [ -4.0225955, 39.0142017 ], [ -4.0229681, 39.0136128 ], [ -4.0238126, 39.0121005 ], [ -4.0243146, 39.0116726 ], [ -4.0248773, 39.0114424 ], [ -4.0254754, 39.0112749 ], [ -4.026284, 39.0112768 ], [ -4.026702, 39.0114353 ], [ -4.029644, 39.0120042 ], [ -4.0339367, 39.0133269 ], [ -4.0383883, 39.0152338 ], [ -4.040006, 39.0160664 ], [ -4.0407065, 39.0165738 ], [ -4.0409997, 39.0168775 ], [ -4.0416962, 39.0178986 ], [ -4.0417791, 39.018042 ], [ -4.0422453, 39.0191101 ], [ -4.0431266, 39.0185526 ], [ -4.04422, 39.0175066 ], [ -4.0450828, 39.0164806 ], [ -4.0456149, 39.015746 ], [ -4.045916, 39.0150134 ], [ -4.0460808, 39.0144442 ], [ -4.0461754, 39.0138035 ], [ -4.0465553, 39.0121512 ], [ -4.0480823, 39.0123177 ], [ -4.0490208, 39.0125165 ], [ -4.0493685, 39.0133784 ], [ -4.0531638, 39.011506 ], [ -4.0540954, 39.0112363 ], [ -4.0544417, 39.0112241 ], [ -4.0548941, 39.0113552 ], [ -4.0554432, 39.0117738 ], [ -4.0557249, 39.0128615 ], [ -4.0561509, 39.0135425 ], [ -4.0578835, 39.0166536 ], [ -4.0596697, 39.0186919 ], [ -4.0597093, 39.0205749 ], [ -4.0599573, 39.0224829 ], [ -4.0600813, 39.0245994 ], [ -4.0602491, 39.0250033 ], [ -4.0604937, 39.0251363 ], [ -4.0619226, 39.025673 ], [ -4.0632977, 39.0264714 ], [ -4.063672, 39.0267834 ], [ -4.0642305, 39.0278146 ], [ -4.0645464, 39.028082 ], [ -4.06493, 39.0282407 ], [ -4.065624, 39.0282975 ], [ -4.0685493, 39.027694 ], [ -4.0694496, 39.0276407 ], [ -4.0699252, 39.0277715 ], [ -4.0704954, 39.0280456 ], [ -4.0711726, 39.028517 ], [ -4.071638, 39.028738 ], [ -4.072205, 39.0287959 ], [ -4.0749778, 39.0288064 ], [ -4.077475, 39.0289276 ], [ -4.0811663, 39.029326 ], [ -4.0820595, 39.0280471 ], [ -4.08326, 39.0264681 ], [ -4.0838628, 39.0258498 ], [ -4.0854515, 39.0247356 ], [ -4.0881904, 39.0232954 ], [ -4.0902386, 39.0220238 ], [ -4.0905951, 39.0211644 ], [ -4.090892, 39.0201885 ], [ -4.0910965, 39.0192134 ], [ -4.0919925, 39.0128793 ], [ -4.0920594, 39.0119776 ], [ -4.09201, 39.0117708 ], [ -4.0916465, 39.0114138 ], [ -4.0890231, 39.0105552 ], [ -4.0883041, 39.0103637 ], [ -4.0875939, 39.0099918 ], [ -4.0864609, 39.0091644 ], [ -4.0832077, 39.007897 ], [ -4.0818579, 39.0072337 ], [ -4.0807727, 39.0065049 ], [ -4.0798527, 39.0059998 ], [ -4.0788429, 39.0056667 ], [ -4.0770467, 39.0052688 ], [ -4.0739217, 39.004054 ], [ -4.0729479, 39.0038017 ], [ -4.0723192, 39.003465 ], [ -4.0709967, 39.0023057 ], [ -4.070585, 39.0018049 ], [ -4.0698408, 39.0007034 ], [ -4.0696369, 39.0002006 ], [ -4.0696357, 39.0001195 ], [ -4.0695701, 38.9995975 ], [ -4.0700121, 38.9982688 ], [ -4.070087, 38.9971148 ], [ -4.0704041, 38.9966974 ], [ -4.0709727, 38.9961154 ], [ -4.0711423, 38.9958796 ], [ -4.0712075, 38.9956087 ], [ -4.07104, 38.9944568 ], [ -4.0710276, 38.9943938 ], [ -4.0710985, 38.9937354 ], [ -4.0729357, 38.9938176 ], [ -4.0734755, 38.9913347 ], [ -4.075313, 38.990678 ], [ -4.0760964, 38.9905626 ], [ -4.0765433, 38.9903332 ], [ -4.0773966, 38.9894963 ], [ -4.0779593, 38.9892929 ], [ -4.0792024, 38.9890381 ], [ -4.0811492, 38.9887408 ], [ -4.0828066, 38.988401 ], [ -4.083392, 38.9881703 ], [ -4.0835626, 38.9879975 ], [ -4.0839291, 38.987048 ], [ -4.0839923, 38.9866509 ], [ -4.0838255, 38.98631 ], [ -4.0830643, 38.9856052 ], [ -4.0822427, 38.9847298 ], [ -4.0818184, 38.984157 ], [ -4.0815898, 38.9835554 ], [ -4.0812371, 38.9816123 ], [ -4.0809416, 38.9804075 ], [ -4.0836824, 38.9799496 ], [ -4.0835092, 38.9784373 ], [ -4.0827581, 38.9776333 ], [ -4.0833519, 38.9756905 ], [ -4.0835886, 38.9745529 ], [ -4.084595, 38.9746877 ], [ -4.084532, 38.972832 ], [ -4.0843982, 38.9716258 ], [ -4.0842876, 38.9711853 ], [ -4.0840858, 38.9685469 ], [ -4.0838553, 38.9678102 ], [ -4.0834243, 38.9667959 ], [ -4.0824925, 38.9654889 ], [ -4.0815552, 38.9645695 ], [ -4.0806201, 38.9638032 ], [ -4.0803001, 38.9632475 ], [ -4.0799939, 38.9628448 ], [ -4.0795012, 38.9623268 ], [ -4.0786235, 38.9615329 ], [ -4.0783615, 38.9609946 ], [ -4.0781904, 38.9588426 ], [ -4.0782695, 38.9579678 ], [ -4.0784313, 38.9572184 ], [ -4.0776041, 38.9559464 ], [ -4.0773184, 38.9553724 ], [ -4.0773324, 38.9547685 ], [ -4.0781891, 38.952661 ], [ -4.0790509, 38.95013 ], [ -4.0791307, 38.9493092 ], [ -4.0790445, 38.9481927 ], [ -4.0790897, 38.9466063 ], [ -4.0797599, 38.9459062 ], [ -4.080394, 38.9451074 ], [ -4.0807537, 38.9444733 ], [ -4.0808485, 38.9438777 ], [ -4.080836, 38.9438147 ], [ -4.0806546, 38.9432667 ], [ -4.0800931, 38.9427674 ], [ -4.0791504, 38.9422354 ], [ -4.0771083, 38.9414883 ], [ -4.0765131, 38.9410432 ], [ -4.0759632, 38.9405347 ], [ -4.0755376, 38.9398628 ], [ -4.0749256, 38.9390664 ], [ -4.0727763, 38.93732 ], [ -4.0708559, 38.9362113 ], [ -4.0696277, 38.9350961 ], [ -4.067434, 38.9334491 ], [ -4.0669684, 38.9331741 ], [ -4.0664231, 38.9329718 ], [ -4.0657293, 38.932861 ], [ -4.0646099, 38.9328441 ], [ -4.0638849, 38.9329679 ], [ -4.0631634, 38.9333259 ], [ -4.0625771, 38.9334664 ], [ -4.0548392, 38.9344827 ], [ -4.0541589, 38.9345159 ], [ -4.052795, 38.9343479 ], [ -4.0520331, 38.9343188 ], [ -4.0517547, 38.9342131 ], [ -4.051335, 38.9339196 ], [ -4.0511152, 38.9338765 ], [ -4.0505281, 38.9339719 ], [ -4.049186, 38.9344976 ], [ -4.0489804, 38.9338506 ], [ -4.0484023, 38.9314138 ], [ -4.0483004, 38.9307659 ], [ -4.0477382, 38.9301943 ], [ -4.0474641, 38.929593 ], [ -4.0471609, 38.9285865 ], [ -4.0465462, 38.9283667 ], [ -4.0452744, 38.9273869 ], [ -4.0439496, 38.9267319 ], [ -4.042768, 38.926391 ], [ -4.0417057, 38.9263284 ], [ -4.0411725, 38.9261529 ], [ -4.0395496, 38.9248247 ], [ -4.0388611, 38.9226952 ], [ -4.0385142, 38.9218512 ], [ -4.0384282, 38.9214916 ], [ -4.0385674, 38.9207514 ], [ -4.0388423, 38.9198299 ], [ -4.0390151, 38.9190173 ], [ -4.039058, 38.9172147 ], [ -4.0384102, 38.9170853 ], [ -4.0372798, 38.9170864 ], [ -4.0351963, 38.9165822 ], [ -4.0324937, 38.9163358 ], [ -4.0316552, 38.9165865 ], [ -4.0310722, 38.9169521 ], [ -4.0306649, 38.9174964 ], [ -4.0304917, 38.9182818 ], [ -4.0306867, 38.919001 ], [ -4.031217, 38.9197803 ], [ -4.031802, 38.9203518 ], [ -4.0323974, 38.9208422 ], [ -4.0328562, 38.9214599 ], [ -4.0329551, 38.9219096 ], [ -4.0321613, 38.9236557 ], [ -4.0307423, 38.9244432 ], [ -4.0295591, 38.9247871 ], [ -4.028306, 38.9250865 ], [ -4.0272334, 38.9251049 ], [ -4.0260424, 38.9249081 ], [ -4.0247232, 38.9246223 ], [ -4.0223107, 38.9245173 ], [ -4.0212287, 38.92468 ], [ -4.0198951, 38.924998 ], [ -4.0188981, 38.9254663 ], [ -4.0183873, 38.9260474 ], [ -4.0185031, 38.9268844 ], [ -4.0184296, 38.9273897 ], [ -4.0179389, 38.9277635 ], [ -4.0177132, 38.9281169 ], [ -4.0176866, 38.9286758 ], [ -4.0179119, 38.9291064 ], [ -4.0185964, 38.9309927 ], [ -4.018888, 38.9320174 ], [ -4.0194774, 38.9328954 ], [ -4.0199572, 38.9333688 ], [ -4.0203946, 38.9341039 ], [ -4.0204845, 38.9347429 ], [ -4.0202984, 38.9354474 ], [ -4.0199417, 38.9363155 ], [ -4.020034, 38.9379278 ], [ -4.0202176, 38.938665 ], [ -4.020158, 38.9393324 ], [ -4.0198276, 38.9412366 ], [ -4.01982, 38.943129 ], [ -4.0197597, 38.9437513 ], [ -4.0200569, 38.9443614 ], [ -4.0201453, 38.9448923 ], [ -4.0199464, 38.9455068 ], [ -4.0203018, 38.9461435 ], [ -4.0210913, 38.946488 ], [ -4.0219597, 38.9483007 ], [ -4.02214, 38.9488037 ], [ -4.0217736, 38.9498071 ], [ -4.0216699, 38.9506191 ], [ -4.0214925, 38.9543421 ], [ -4.0209587, 38.9541396 ], [ -4.0193924, 38.9535585 ], [ -4.0184331, 38.9534588 ], [ -4.0155717, 38.9535017 ], [ -4.014604, 38.9536183 ], [ -4.0135598, 38.9540418 ], [ -4.0127353, 38.9544905 ], [ -4.0119753, 38.9554253 ], [ -4.0099251, 38.9573353 ], [ -4.0095462, 38.9574738 ], [ -4.0084952, 38.9574198 ], [ -4.0052903, 38.9568527 ], [ -4.0048288, 38.9568566 ], [ -4.0043081, 38.956762 ], [ -4.003832, 38.9565588 ], [ -4.0021447, 38.9563931 ], [ -4.0013092, 38.9560669 ], [ -4.0001272, 38.9565456 ], [ -3.9989823, 38.9572042 ], [ -3.9976511, 38.9577472 ], [ -3.9969983, 38.9572752 ], [ -3.996336, 38.9569565 ], [ -3.9954916, 38.9568285 ], [ -3.9949375, 38.9568152 ], [ -3.9945771, 38.956629 ], [ -3.9943949, 38.9568018 ], [ -3.9943974, 38.956982 ], [ -3.9950858, 38.9583458 ], [ -3.9939093, 38.9592209 ], [ -3.9937012, 38.9591956 ], [ -3.9933397, 38.9589284 ], [ -3.9922625, 38.9578202 ], [ -3.9916816, 38.9575458 ], [ -3.9909394, 38.9572907 ], [ -3.990521, 38.957078 ], [ -3.9902208, 38.9570715 ], [ -3.9895941, 38.9568246 ], [ -3.9889586, 38.9567669 ], [ -3.9884138, 38.9566003 ], [ -3.9872607, 38.9558351 ], [ -3.9867979, 38.9557489 ], [ -3.9856692, 38.9559206 ], [ -3.984949, 38.9555843 ], [ -3.9839335, 38.9547548 ], [ -3.9831907, 38.9544547 ], [ -3.9828524, 38.9541872 ], [ -3.9818911, 38.9531049 ], [ -3.9813595, 38.9530463 ], [ -3.9808372, 38.9528344 ], [ -3.9803941, 38.9525048 ], [ -3.979976, 38.95231 ], [ -3.9790394, 38.9521737 ], [ -3.9770832, 38.9517485 ], [ -3.9763895, 38.9516552 ], [ -3.975613, 38.9514094 ], [ -3.974475, 38.9508963 ], [ -3.9739343, 38.9510179 ], [ -3.9724365, 38.9511926 ], [ -3.9716033, 38.9510283 ], [ -3.9712685, 38.9510131 ], [ -3.9701428, 38.9514009 ], [ -3.9688404, 38.9515198 ], [ -3.967076, 38.9516065 ], [ -3.9662314, 38.9514513 ], [ -3.9669492, 38.9507695 ], [ -3.9671869, 38.9504342 ], [ -3.966627, 38.9499883 ], [ -3.9664641, 38.9498905 ], [ -3.9661503, 38.9497309 ], [ -3.9656405, 38.9495819 ], [ -3.9641279, 38.9486573 ], [ -3.9632645, 38.9479615 ], [ -3.9623442, 38.9473203 ], [ -3.9606798, 38.9462617 ], [ -3.9588664, 38.9452764 ], [ -3.9587719, 38.945115 ], [ -3.9593117, 38.9440742 ], [ -3.9597372, 38.9431065 ], [ -3.960165, 38.9423191 ], [ -3.9603319, 38.9418581 ], [ -3.9607817, 38.9401333 ], [ -3.9611173, 38.9393466 ], [ -3.9620075, 38.9377713 ], [ -3.9623782, 38.9370293 ], [ -3.9626325, 38.9362072 ], [ -3.9627838, 38.935449 ], [ -3.963287, 38.9342645 ], [ -3.9633538, 38.9340927 ], [ -3.9638308, 38.9335301 ], [ -3.9646521, 38.9319823 ], [ -3.9635423, 38.9318203 ], [ -3.9622838, 38.9317496 ], [ -3.9610334, 38.9314175 ], [ -3.9600242, 38.9310112 ], [ -3.9592251, 38.9307835 ], [ -3.9583228, 38.9306017 ], [ -3.9570514, 38.9304319 ], [ -3.9544364, 38.9298586 ], [ -3.9528726, 38.9293757 ], [ -3.9534789, 38.9289923 ], [ -3.9541511, 38.9283651 ], [ -3.9546508, 38.9277753 ], [ -3.9549445, 38.9273043 ], [ -3.9553423, 38.9260034 ], [ -3.9556829, 38.9255951 ], [ -3.9566664, 38.9240912 ], [ -3.9570463, 38.923178 ], [ -3.9666914, 38.9198726 ], [ -3.9672332, 38.9198501 ], [ -3.9690575, 38.9199791 ], [ -3.9700374, 38.9199349 ], [ -3.9710037, 38.9197467 ], [ -3.9717852, 38.9195329 ], [ -3.9737459, 38.9186696 ], [ -3.976492, 38.9178897 ], [ -3.9766184, 38.9178526 ], [ -3.9781956, 38.9167851 ], [ -3.9796014, 38.9158452 ], [ -3.9808395, 38.9144561 ], [ -3.9828459, 38.9127361 ], [ -3.9848732, 38.9125479 ], [ -3.9854506, 38.912597 ], [ -3.9859828, 38.9127187 ], [ -3.9869526, 38.9127826 ], [ -3.9877277, 38.9129563 ], [ -3.9881308, 38.9129078 ], [ -3.9896004, 38.9124268 ], [ -3.9898725, 38.9120911 ], [ -3.9911817, 38.9125125 ], [ -3.9921667, 38.9111885 ], [ -3.9923923, 38.9141332 ], [ -3.9920622, 38.9144514 ], [ -3.9916167, 38.9147616 ], [ -3.9916879, 38.9157342 ], [ -3.9915557, 38.9161859 ], [ -3.9931078, 38.9166503 ], [ -3.9935249, 38.9167819 ], [ -3.9966189, 38.9178008 ], [ -3.9967696, 38.9178536 ], [ -3.9973282, 38.9182093 ], [ -3.9981391, 38.9184547 ], [ -3.9987985, 38.9185932 ], [ -3.9994682, 38.9186416 ], [ -4.0000441, 38.9185825 ], [ -4.0005416, 38.9186864 ], [ -4.0008298, 38.918675 ], [ -4.0015003, 38.9171373 ], [ -4.0029902, 38.9172777 ], [ -4.0041116, 38.9174573 ], [ -4.0049423, 38.9174682 ], [ -4.0051768, 38.9169255 ], [ -4.0047595, 38.9167759 ], [ -4.0038787, 38.9164861 ], [ -4.0043468, 38.9161396 ], [ -4.0058233, 38.9161449 ], [ -4.0062493, 38.9160962 ], [ -4.0066453, 38.9155431 ], [ -4.0085186, 38.9134364 ], [ -4.0095656, 38.9124361 ], [ -4.0104776, 38.9116803 ], [ -4.0113264, 38.9113486 ], [ -4.012397, 38.9128352 ], [ -4.0130079, 38.9136138 ], [ -4.0136857, 38.9142387 ], [ -4.0148368, 38.9148865 ], [ -4.0166222, 38.9139068 ], [ -4.0187126, 38.9124829 ], [ -4.0183205, 38.9108733 ], [ -4.018771, 38.9109234 ], [ -4.0203508, 38.9109006 ], [ -4.0209607, 38.9108052 ], [ -4.0213865, 38.9107384 ], [ -4.0220643, 38.9105522 ], [ -4.0226125, 38.910178 ], [ -4.0229514, 38.9096794 ], [ -4.023026, 38.9092552 ], [ -4.022904, 38.9087877 ], [ -4.0225994, 38.908457 ], [ -4.0221939, 38.9083344 ], [ -4.0217212, 38.9083385 ], [ -4.0209638, 38.9077955 ], [ -4.0229557, 38.9067598 ], [ -4.0234116, 38.9063863 ], [ -4.0237734, 38.9050765 ], [ -4.0237422, 38.9045091 ], [ -4.023569, 38.9036906 ], [ -4.0237489, 38.9033736 ], [ -4.0248825, 38.9020031 ], [ -4.0251188, 38.9015955 ], [ -4.0259436, 38.8996148 ], [ -4.0254699, 38.8995468 ], [ -4.0250991, 38.899424 ], [ -4.0244236, 38.8989613 ], [ -4.0238841, 38.8983262 ], [ -4.0237145, 38.89776 ], [ -4.0229183, 38.8969199 ], [ -4.0227121, 38.8962099 ], [ -4.0227665, 38.8951821 ], [ -4.022263, 38.8946458 ], [ -4.0219441, 38.893306 ], [ -4.0216061, 38.8922546 ], [ -4.0213976, 38.8913824 ], [ -4.0209669, 38.8902958 ], [ -4.0209549, 38.8902599 ], [ -4.020373, 38.8890755 ], [ -4.0200908, 38.8886904 ], [ -4.0198558, 38.8883861 ], [ -4.0184174, 38.8877769 ], [ -4.0165091, 38.88655 ], [ -4.0151272, 38.8858591 ], [ -4.0147085, 38.8856014 ], [ -4.0124788, 38.8828453 ], [ -4.0122157, 38.8821808 ], [ -4.0122192, 38.8816131 ], [ -4.0131907, 38.8793969 ], [ -4.0129688, 38.8783805 ], [ -4.0129152, 38.8778494 ], [ -4.011733, 38.874967 ], [ -4.011154, 38.8739628 ], [ -4.0109552, 38.8737663 ], [ -4.0105031, 38.8735899 ], [ -4.0101418, 38.8724937 ], [ -4.0098629, 38.8723339 ], [ -4.009053, 38.8721246 ], [ -4.0086469, 38.8719389 ], [ -4.0077381, 38.8712529 ], [ -4.0065997, 38.8706319 ], [ -4.0061245, 38.8704468 ], [ -4.0058129, 38.8696024 ], [ -4.0055435, 38.8692984 ], [ -4.0043793, 38.8684793 ], [ -4.0043743, 38.8681279 ], [ -4.0044891, 38.8672709 ], [ -4.0044882, 38.8672078 ], [ -4.0042298, 38.8660476 ], [ -4.0041098, 38.8632551 ], [ -4.0041088, 38.8631831 ], [ -4.0037376, 38.860555 ], [ -4.004279, 38.8580722 ], [ -4.0046642, 38.8567803 ], [ -4.004811, 38.8557428 ], [ -4.0049646, 38.8535518 ], [ -4.0054843, 38.8519973 ], [ -4.0055801, 38.8514288 ], [ -4.0053116, 38.8495478 ], [ -4.0052507, 38.848494 ], [ -4.0051397, 38.8479723 ], [ -4.0049622, 38.8476494 ], [ -4.0042012, 38.8467909 ], [ -4.0037383, 38.8466507 ], [ -4.0028415, 38.8467935 ], [ -4.0013802, 38.8469502 ], [ -3.9989651, 38.8472953 ], [ -3.9984685, 38.8463894 ], [ -3.9977866, 38.845422 ], [ -3.9972708, 38.8447866 ], [ -3.9966893, 38.8444041 ], [ -3.9949971, 38.8436977 ], [ -3.9924616, 38.8428271 ], [ -3.9912217, 38.842324 ], [ -3.9892856, 38.8431334 ], [ -3.9881344, 38.8423771 ], [ -3.9877283, 38.8421733 ], [ -3.9860776, 38.841962 ], [ -3.985308, 38.8421307 ], [ -3.983714, 38.8426848 ], [ -3.9827078, 38.8432519 ], [ -3.9787549, 38.8457362 ], [ -3.9783992, 38.8458383 ], [ -3.9763677, 38.845594 ], [ -3.9755041, 38.8456372 ], [ -3.9739085, 38.8477772 ], [ -3.9736004, 38.847996 ], [ -3.9736026, 38.8481582 ], [ -3.9743762, 38.8491159 ], [ -3.9736782, 38.8494822 ], [ -3.9734037, 38.8496287 ], [ -3.9734874, 38.8507003 ], [ -3.9734325, 38.850899 ], [ -3.9729192, 38.8512908 ], [ -3.9737919, 38.8519053 ], [ -3.9748139, 38.8524825 ], [ -3.9764849, 38.8533246 ], [ -3.9789421, 38.8551964 ], [ -3.9785227, 38.8557046 ], [ -3.9775747, 38.8571723 ], [ -3.976782, 38.8581972 ], [ -3.975782, 38.8592418 ], [ -3.9751343, 38.8599141 ], [ -3.973417, 38.8616045 ], [ -3.9740991, 38.8626081 ], [ -3.9747435, 38.8633686 ], [ -3.9762384, 38.864807 ], [ -3.977972, 38.866829 ], [ -3.9791765, 38.8680895 ], [ -3.981108, 38.870245 ], [ -3.9812291, 38.8706675 ], [ -3.9800912, 38.8717494 ], [ -3.9783879, 38.8727909 ], [ -3.975925, 38.8722348 ], [ -3.9729092, 38.8708633 ], [ -3.9692787, 38.8709025 ], [ -3.9678262, 38.8734466 ], [ -3.9651381, 38.8732886 ], [ -3.9651416, 38.8735499 ], [ -3.965729, 38.8743651 ], [ -3.9658519, 38.8749228 ], [ -3.9650193, 38.8747314 ], [ -3.9641952, 38.8751708 ], [ -3.9641392, 38.8744323 ], [ -3.96404, 38.8739195 ], [ -3.9635538, 38.8729142 ], [ -3.9629727, 38.8734146 ], [ -3.9619747, 38.8746394 ], [ -3.9607337, 38.875794 ], [ -3.9570836, 38.8752472 ], [ -3.9559142, 38.8748693 ], [ -3.9552224, 38.874857 ], [ -3.9546805, 38.8739873 ], [ -3.9540837, 38.8741904 ], [ -3.9526616, 38.8730036 ], [ -3.950554, 38.8714167 ], [ -3.9496506, 38.8719647 ], [ -3.949156, 38.8729149 ], [ -3.9484288, 38.8728397 ], [ -3.948414, 38.8725966 ], [ -3.9485021, 38.8722805 ], [ -3.9482321, 38.8719132 ], [ -3.9477904, 38.8716374 ], [ -3.9473352, 38.8712176 ], [ -3.9465988, 38.8713137 ], [ -3.9463671, 38.8720995 ], [ -3.9459187, 38.8730583 ], [ -3.9455577, 38.8727819 ], [ -3.9448228, 38.8712559 ], [ -3.9445518, 38.8708076 ], [ -3.9443012, 38.8701608 ], [ -3.9431164, 38.8686114 ], [ -3.9425031, 38.8684271 ], [ -3.9421708, 38.868583 ], [ -3.9416139, 38.8691732 ], [ -3.9412265, 38.8695188 ], [ -3.9414419, 38.8701208 ], [ -3.9405659, 38.8701278 ], [ -3.9403194, 38.8706615 ], [ -3.9396371, 38.8713698 ], [ -3.93922, 38.871211 ], [ -3.9386194, 38.8711167 ], [ -3.9378935, 38.8711496 ], [ -3.9367196, 38.8712851 ], [ -3.9363034, 38.8711984 ], [ -3.9357118, 38.8709057 ], [ -3.9349449, 38.8704433 ], [ -3.934414, 38.8703935 ], [ -3.9339188, 38.8704245 ], [ -3.9327918, 38.8706317 ], [ -3.9314821, 38.8709666 ], [ -3.9307214, 38.8709726 ], [ -3.9294566, 38.871217 ], [ -3.9286254, 38.8711245 ], [ -3.9267924, 38.871112 ], [ -3.9263871, 38.8709711 ], [ -3.9263712, 38.8706288 ], [ -3.9268069, 38.869562 ], [ -3.927972, 38.8678586 ], [ -3.9281963, 38.8673792 ], [ -3.9281321, 38.8668751 ], [ -3.9278264, 38.8664089 ], [ -3.9274656, 38.8661415 ], [ -3.9268656, 38.8660921 ], [ -3.9265977, 38.865878 ], [ -3.9257381, 38.8653622 ], [ -3.9255175, 38.8652378 ], [ -3.9251008, 38.8651059 ], [ -3.9249588, 38.8648186 ], [ -3.9247488, 38.8646221 ], [ -3.9227185, 38.8653861 ], [ -3.9222793, 38.8652904 ], [ -3.9220103, 38.8649952 ], [ -3.9217269, 38.8644657 ], [ -3.9214243, 38.8642429 ], [ -3.9207187, 38.8640411 ], [ -3.9208023, 38.8633736 ], [ -3.92035, 38.8631609 ], [ -3.9200096, 38.8635781 ], [ -3.9168768, 38.8628548 ], [ -3.9162014, 38.8632206 ], [ -3.9144423, 38.8644599 ], [ -3.9131382, 38.865227 ], [ -3.9117407, 38.8659138 ], [ -3.9112758, 38.8663168 ], [ -3.9110104, 38.8655861 ], [ -3.9087, 38.8660906 ], [ -3.9070751, 38.8661123 ], [ -3.9047948, 38.8662651 ], [ -3.9047754, 38.8662667 ], [ -3.9024229, 38.8664637 ], [ -3.900339, 38.866651 ], [ -3.8983372, 38.8669547 ], [ -3.8945536, 38.8677072 ], [ -3.8922288, 38.8680347 ], [ -3.887412, 38.8687131 ], [ -3.8867019, 38.868813 ], [ -3.8841832, 38.8691676 ], [ -3.8841639, 38.8691704 ], [ -3.8791139, 38.8690564 ], [ -3.8791136, 38.8690564 ], [ -3.8771303, 38.8702949 ], [ -3.8761252, 38.8706829 ], [ -3.8753161, 38.8714276 ], [ -3.8753159, 38.8714279 ], [ -3.8753161, 38.8714285 ], [ -3.8754842, 38.8719853 ], [ -3.8758249, 38.8725144 ], [ -3.8760286, 38.8731436 ], [ -3.8760104, 38.8735403 ], [ -3.8758063, 38.8747584 ], [ -3.8751238, 38.8755024 ], [ -3.8727761, 38.8767725 ], [ -3.8709307, 38.8776423 ], [ -3.8707156, 38.8779026 ], [ -3.8702036, 38.8785219 ], [ -3.8697162, 38.8792013 ], [ -3.8695374, 38.8796712 ], [ -3.8691761, 38.8812419 ], [ -3.8699702, 38.8818258 ], [ -3.8711526, 38.8826951 ], [ -3.8701954, 38.8829662 ], [ -3.8697749, 38.8830853 ], [ -3.8697663, 38.8833191 ], [ -3.8696099, 38.8837258 ], [ -3.869315, 38.8840971 ], [ -3.869315, 38.8840971 ], [ -3.8693147, 38.8840975 ], [ -3.8695585, 38.884365 ], [ -3.8695669, 38.8843743 ], [ -3.8697466, 38.8845718 ], [ -3.868411, 38.8846809 ], [ -3.8675638, 38.8851738 ], [ -3.8669491, 38.8858272 ], [ -3.8663602, 38.8867056 ], [ -3.8656388, 38.8883631 ], [ -3.8653857, 38.8889445 ], [ -3.8653842, 38.888947 ], [ -3.8653845, 38.8889472 ], [ -3.8653868, 38.8889484 ], [ -3.8653869, 38.8889485 ], [ -3.8666612, 38.88965 ], [ -3.865672, 38.8908007 ], [ -3.8656725, 38.8908014 ], [ -3.865672, 38.8908018 ], [ -3.866025, 38.8913849 ], [ -3.866361, 38.8915176 ], [ -3.8669154, 38.8915946 ], [ -3.8677802, 38.8915971 ], [ -3.8685637, 38.8915463 ], [ -3.8685668, 38.8915457 ], [ -3.8692194, 38.8914243 ], [ -3.8696267, 38.8917276 ], [ -3.8696261, 38.8917287 ], [ -3.8691979, 38.8925194 ], [ -3.8691767, 38.8925586 ], [ -3.8688033, 38.8932471 ], [ -3.8688035, 38.8932475 ], [ -3.8688035, 38.8932476 ], [ -3.8688043, 38.8932488 ], [ -3.8688044, 38.893249 ], [ -3.8690634, 38.8937099 ], [ -3.869136, 38.8938294 ], [ -3.8696393, 38.8946573 ], [ -3.8716224, 38.8952597 ], [ -3.8716297, 38.895263 ], [ -3.871236, 38.8969595 ], [ -3.8712357, 38.8969601 ], [ -3.8714028, 38.8974275 ], [ -3.871919, 38.8981445 ], [ -3.8719194, 38.8981453 ], [ -3.8727461, 38.9007054 ], [ -3.8737167, 38.901888 ], [ -3.8737168, 38.9018881 ], [ -3.8737178, 38.9018894 ], [ -3.8738843, 38.9023111 ], [ -3.8739007, 38.9027074 ], [ -3.8735028, 38.9059995 ], [ -3.8733671, 38.9074902 ], [ -3.8731571, 38.9097958 ], [ -3.8731388, 38.9111296 ], [ -3.8731389, 38.9111302 ], [ -3.8732506, 38.911777 ], [ -3.8732506, 38.9117776 ], [ -3.8737098, 38.9116029 ], [ -3.8746875, 38.9113884 ], [ -3.8768599, 38.9107773 ], [ -3.8781502, 38.9106595 ], [ -3.8789016, 38.910798 ], [ -3.8798013, 38.9108002 ], [ -3.8818184, 38.9107039 ], [ -3.8867425, 38.9106397 ], [ -3.8875703, 38.9104351 ], [ -3.8886291, 38.9102468 ], [ -3.89008, 38.9119119 ], [ -3.8903152, 38.9122705 ], [ -3.8904968, 38.9126938 ], [ -3.8906003, 38.9129352 ], [ -3.8911157, 38.9135711 ], [ -3.8946163, 38.9167883 ], [ -3.8987359, 38.9205864 ], [ -3.9022781, 38.9233887 ], [ -3.903425, 38.9237763 ], [ -3.9062998, 38.9248714 ], [ -3.9071002, 38.9252256 ], [ -3.9074024, 38.9253945 ], [ -3.9084019, 38.9259815 ], [ -3.9101314, 38.926815 ], [ -3.9122304, 38.9276728 ], [ -3.9136708, 38.9284365 ], [ -3.9146367, 38.9290957 ], [ -3.9169785, 38.9299785 ], [ -3.9137292, 38.9374922 ], [ -3.9167909, 38.9405049 ], [ -3.9172205, 38.9409753 ], [ -3.917657, 38.9414533 ], [ -3.9192961, 38.9441798 ], [ -3.9191707, 38.9451991 ], [ -3.9189974, 38.9460745 ], [ -3.9187004, 38.9480954 ], [ -3.9186665, 38.9490508 ], [ -3.9188303, 38.9510139 ], [ -3.9186055, 38.9532595 ], [ -3.9186027, 38.9532843 ], [ -3.9203603, 38.9574843 ], [ -3.9214219, 38.9602561 ], [ -3.9240731, 38.967191 ], [ -3.9243503, 38.9678265 ], [ -3.9250812, 38.9677617 ], [ -3.9261764, 38.9676917 ], [ -3.9274405, 38.9676068 ], [ -3.9286558, 38.9675236 ], [ -3.9296946, 38.9674531 ], [ -3.9300157, 38.967429 ], [ -3.9302203, 38.9672094 ], [ -3.9304022, 38.9670897 ], [ -3.9307918, 38.9669931 ], [ -3.9311836, 38.9670647 ], [ -3.9313522, 38.9671506 ], [ -3.9314896, 38.9672865 ], [ -3.9325899, 38.9672528 ], [ -3.9337106, 38.9671757 ], [ -3.9351894, 38.9670775 ], [ -3.9356087, 38.9670497 ], [ -3.9376754, 38.9669692 ], [ -3.9386132, 38.9670878 ], [ -3.9394424, 38.9672702 ], [ -3.9403396, 38.9675643 ], [ -3.941259, 38.9679825 ], [ -3.9421926, 38.9685309 ], [ -3.9431918, 38.9691105 ], [ -3.9432626, 38.9690352 ], [ -3.943335, 38.9690845 ], [ -3.9436259, 38.9687645 ], [ -3.9438834, 38.9689306 ], [ -3.9445431, 38.9693487 ], [ -3.9442197, 38.9696973 ], [ -3.94387, 38.9700955 ], [ -3.9436398, 38.9704273 ], [ -3.9433099, 38.9707972 ], [ -3.9428995, 38.9711082 ], [ -3.942924, 38.9711277 ], [ -3.9429504, 38.9711482 ], [ -3.9430993, 38.9712365 ], [ -3.9432568, 38.9713303 ], [ -3.9433083, 38.9713773 ], [ -3.9433548, 38.9714197 ], [ -3.9434079, 38.9714638 ], [ -3.9436027, 38.9716255 ], [ -3.9437136, 38.9717211 ], [ -3.9438304, 38.9718226 ], [ -3.943893, 38.971902 ], [ -3.9439286, 38.9719482 ], [ -3.9439582, 38.9720037 ], [ -3.944011, 38.9721025 ], [ -3.9440522, 38.9722245 ], [ -3.9440876, 38.9723322 ], [ -3.9441377, 38.9724847 ], [ -3.9441623, 38.9725594 ], [ -3.9441945, 38.9726577 ], [ -3.944253, 38.9728361 ], [ -3.9443075, 38.9730021 ], [ -3.9443363, 38.9730899 ], [ -3.9443655, 38.973179 ], [ -3.9444053, 38.9733 ], [ -3.944474, 38.9735118 ], [ -3.9445353, 38.9737014 ], [ -3.9445588, 38.9737738 ], [ -3.9446051, 38.973917 ], [ -3.9446428, 38.9740335 ], [ -3.9446815, 38.9740624 ], [ -3.9447828, 38.9741774 ], [ -3.9449237, 38.9743386 ], [ -3.9449885, 38.9744161 ], [ -3.9451462, 38.9745977 ], [ -3.9451634, 38.9746366 ], [ -3.9452476, 38.9748188 ], [ -3.9453262, 38.9749882 ], [ -3.9453691, 38.9750842 ], [ -3.9455076, 38.9753883 ], [ -3.9455904, 38.9755663 ], [ -3.9456961, 38.9757928 ], [ -3.9457718, 38.9759589 ], [ -3.9458193, 38.9760643 ], [ -3.9458792, 38.9762013 ], [ -3.945979, 38.9764111 ], [ -3.9460122, 38.9764056 ], [ -3.9464512, 38.9775593 ], [ -3.9466713, 38.9780434 ], [ -3.9478661, 38.9778318 ], [ -3.9478661, 38.9778324 ], [ -3.9484755, 38.9788844 ], [ -3.9480395, 38.9791239 ], [ -3.9482895, 38.9804889 ], [ -3.9487297, 38.9806363 ], [ -3.9482181, 38.9814054 ], [ -3.9466055, 38.9807264 ], [ -3.9456296, 38.9822418 ], [ -3.9457446, 38.9843828 ], [ -3.9455819, 38.9843927 ], [ -3.9455945, 38.984394 ], [ -3.9452128, 38.9845648 ], [ -3.9446588, 38.9847424 ], [ -3.9443376, 38.9849512 ], [ -3.9441006, 38.9851428 ], [ -3.9431935, 38.9871126 ], [ -3.9426464, 38.9886123 ], [ -3.9424575, 38.989246 ], [ -3.9410523, 38.9894414 ], [ -3.9395684, 38.9938709 ], [ -3.9501897, 39.0029231 ], [ -3.9549724, 39.0070102 ], [ -3.9457434, 39.0125957 ], [ -3.9376583, 39.0174825 ], [ -3.9313843, 39.0207118 ], [ -3.9269296, 39.0228667 ], [ -3.9251721, 39.0235164 ], [ -3.9250627, 39.0203382 ], [ -3.9250643, 39.0152517 ], [ -3.9249605, 39.0124974 ], [ -3.9249415, 39.0116066 ], [ -3.9253145, 39.0099406 ], [ -3.9259912, 39.0073482 ], [ -3.9268186, 39.0042002 ], [ -3.9270853, 39.0032164 ], [ -3.9270361, 39.0032131 ], [ -3.9271072, 39.0029274 ], [ -3.9244909, 39.00271 ], [ -3.9240953, 39.0031001 ], [ -3.9236034, 39.0034166 ], [ -3.9231894, 39.0038516 ], [ -3.9230041, 39.0042698 ], [ -3.9227987, 39.0046137 ], [ -3.9225758, 39.0036033 ], [ -3.9221138, 39.0018208 ], [ -3.9217522, 39.0004095 ], [ -3.9211801, 38.9993475 ], [ -3.9211061, 38.9992216 ], [ -3.9201973, 38.9995292 ], [ -3.9188272, 38.9998752 ], [ -3.9172547, 38.9970185 ], [ -3.9172491, 38.9970123 ], [ -3.9129305, 38.9922365 ], [ -3.9122838, 38.991551 ], [ -3.9097222, 38.9923578 ], [ -3.9091063, 38.992475 ], [ -3.9084513, 38.9927371 ], [ -3.9075311, 38.9931939 ], [ -3.9057946, 38.9941708 ], [ -3.9053442, 38.9943509 ], [ -3.9042366, 38.9946325 ], [ -3.9012839, 38.9954582 ], [ -3.8999284, 38.9956614 ], [ -3.8985305, 38.9957685 ], [ -3.8975371, 38.9936886 ], [ -3.8975316, 38.9932551 ], [ -3.8973207, 38.992522 ], [ -3.8957662, 38.9929897 ], [ -3.8963417, 38.9926262 ], [ -3.8969179, 38.9923095 ], [ -3.8971538, 38.9919798 ], [ -3.8972101, 38.9916827 ], [ -3.8976254, 38.9913049 ], [ -3.8983012, 38.9909562 ], [ -3.8988817, 38.9909829 ], [ -3.8994824, 38.9910252 ], [ -3.8999993, 38.9907714 ], [ -3.9006903, 38.9900479 ], [ -3.9011215, 38.989342 ], [ -3.9017069, 38.9881821 ], [ -3.9020125, 38.9870401 ], [ -3.9024567, 38.9857877 ], [ -3.9029664, 38.9849719 ], [ -3.9036121, 38.983835 ], [ -3.904438, 38.9827201 ], [ -3.9056208, 38.9813527 ], [ -3.9066661, 38.9801893 ], [ -3.9080502, 38.9789295 ], [ -3.9089387, 38.9780249 ], [ -3.9093216, 38.9775872 ], [ -3.9101215, 38.976673 ], [ -3.9110014, 38.9752814 ], [ -3.9106051, 38.9751904 ], [ -3.9082058, 38.9745741 ], [ -3.9076839, 38.9755392 ], [ -3.9071302, 38.9764807 ], [ -3.906746, 38.9771325 ], [ -3.9065001, 38.9777652 ], [ -3.9044457, 38.9778081 ], [ -3.8995856, 38.9778096 ], [ -3.8989985, 38.9779493 ], [ -3.8986439, 38.9782044 ], [ -3.8980811, 38.978434 ], [ -3.8959496, 38.9796849 ], [ -3.8938023, 38.9815216 ], [ -3.8916954, 38.9829074 ], [ -3.8912137, 38.9831633 ], [ -3.8899027, 38.9835788 ], [ -3.8885831, 38.9842287 ], [ -3.8884231, 38.9843561 ], [ -3.8883573, 38.9846359 ], [ -3.8884185, 38.9858429 ], [ -3.8886301, 38.9870668 ], [ -3.8869743, 38.9876111 ], [ -3.8866178, 38.9877309 ], [ -3.8867907, 38.9895499 ], [ -3.8867532, 38.990253 ], [ -3.8863833, 38.9914573 ], [ -3.8863205, 38.991662 ], [ -3.8854948, 38.993047 ], [ -3.8853045, 38.993526 ], [ -3.8852208, 38.9942205 ], [ -3.8852279, 38.9947971 ], [ -3.8853265, 38.995292 ], [ -3.8858275, 38.9965768 ], [ -3.8859592, 38.9969543 ], [ -3.8861828, 38.997295 ], [ -3.8867132, 38.998147 ], [ -3.8869972, 38.9987035 ], [ -3.8871779, 38.9992969 ], [ -3.8873616, 39.0001425 ], [ -3.8877931, 39.0014008 ], [ -3.8880452, 39.0040121 ], [ -3.8880673, 39.004859 ], [ -3.88782, 39.0063206 ], [ -3.8872756, 39.0080459 ], [ -3.8868694, 39.008815 ], [ -3.8865626, 39.0092138 ], [ -3.886459, 39.0101697 ], [ -3.8861354, 39.0120014 ], [ -3.8859667, 39.0132913 ], [ -3.8861398, 39.0169845 ], [ -3.8857319, 39.0194746 ], [ -3.8854654, 39.0203327 ], [ -3.8838196, 39.0235982 ], [ -3.8824958, 39.026762 ], [ -3.8821197, 39.0281075 ], [ -3.8818227, 39.0302364 ], [ -3.8818981, 39.0307224 ], [ -3.8821614, 39.0314593 ], [ -3.8823808, 39.0323768 ], [ -3.8822975, 39.0331073 ], [ -3.8824786, 39.0337367 ], [ -3.8827143, 39.0341134 ], [ -3.8837012, 39.0354306 ], [ -3.8851545, 39.0370776 ], [ -3.8854959, 39.0375886 ], [ -3.8864065, 39.0392578 ], [ -3.88789, 39.0414722 ], [ -3.8885051, 39.0426029 ], [ -3.8895702, 39.0446132 ], [ -3.8900362, 39.0458352 ], [ -3.8906523, 39.047047 ], [ -3.8915582, 39.0492477 ], [ -3.8919974, 39.0501725 ], [ -3.8947318, 39.0534857 ], [ -3.8960633, 39.0545928 ], [ -3.8971229, 39.0552154 ], [ -3.8976479, 39.0556079 ], [ -3.8981821, 39.055811 ], [ -3.9001058, 39.0562197 ], [ -3.9011941, 39.0563735 ], [ -3.9019131, 39.0565662 ], [ -3.9027911, 39.0565414 ], [ -3.9043256, 39.0563313 ], [ -3.9047179, 39.0562832 ], [ -3.9053948, 39.0568006 ], [ -3.9062445, 39.0572715 ], [ -3.9069459, 39.0569868 ], [ -3.9069641, 39.0575002 ], [ -3.9077008, 39.0572693 ], [ -3.9090667, 39.0565377 ], [ -3.9101256, 39.0579983 ], [ -3.9105817, 39.0584092 ] ] ] } },
{ "type": "Feature", "properties": { "CCAA": "08 - Castilla-La Mancha", "PROVINCIA": "13 - Ciudad Real", "MUNICIPIO": "13034 - Ciudad Real", "COD_MUNICIPIO": "13034", "DISTRITO": "01", "SECCION": "1303401009", "V1_H": 81.37, "V1_M": 86.85, "V2_H": 81.08688328, "V2_M": 86.76748373, "V3_H": 81.75507894, "V3_M": 87.07522296 }, "geometry": { "type": "Polygon", "coordinates": [ [ [ -3.939222, 38.9747193 ], [ -3.9393496, 38.9747889 ], [ -3.9394115, 38.9747321 ], [ -3.9397083, 38.9744188 ], [ -3.940293, 38.9738139 ], [ -3.9407937, 38.973295 ], [ -3.9414922, 38.9725681 ], [ -3.9417771, 38.9722764 ], [ -3.9424036, 38.9716189 ], [ -3.9427642, 38.9712482 ], [ -3.9427979, 38.9712135 ], [ -3.9428995, 38.9711082 ], [ -3.9433099, 38.9707972 ], [ -3.9436398, 38.9704273 ], [ -3.94387, 38.9700955 ], [ -3.9442197, 38.9696973 ], [ -3.9445431, 38.9693487 ], [ -3.9438834, 38.9689306 ], [ -3.9436259, 38.9687645 ], [ -3.943335, 38.9690845 ], [ -3.9432626, 38.9690352 ], [ -3.9431918, 38.9691105 ], [ -3.9421926, 38.9685309 ], [ -3.941259, 38.9679825 ], [ -3.9403396, 38.9675643 ], [ -3.9394424, 38.9672702 ], [ -3.9386132, 38.9670878 ], [ -3.9376754, 38.9669692 ], [ -3.9356087, 38.9670497 ], [ -3.9351894, 38.9670775 ], [ -3.9353251, 38.9678598 ], [ -3.9354719, 38.9690364 ], [ -3.9356784, 38.970575 ], [ -3.9358021, 38.9716206 ], [ -3.935927, 38.9725232 ], [ -3.9360057, 38.972699 ], [ -3.9360569, 38.9728751 ], [ -3.9359728, 38.9729854 ], [ -3.9358939, 38.9730194 ], [ -3.9357263, 38.9730541 ], [ -3.9357059, 38.9731824 ], [ -3.9360597, 38.973176 ], [ -3.9362926, 38.9732135 ], [ -3.9363404, 38.9732284 ], [ -3.9364529, 38.9732634 ], [ -3.9365308, 38.9733045 ], [ -3.9368425, 38.9734691 ], [ -3.9369038, 38.9735015 ], [ -3.9369936, 38.9735522 ], [ -3.9370378, 38.9735772 ], [ -3.9375322, 38.9738567 ], [ -3.9375564, 38.9738704 ], [ -3.9375621, 38.9738736 ], [ -3.9377446, 38.9739527 ], [ -3.9381636, 38.9741616 ], [ -3.9389334, 38.9745525 ], [ -3.939222, 38.9747193 ] ] ] } },
{ "type": "Feature", "properties": { "CCAA": "08 - Castilla-La Mancha", "PROVINCIA": "13 - Ciudad Real", "MUNICIPIO": "13034 - Ciudad Real", "COD_MUNICIPIO": "13034", "DISTRITO": "01", "SECCION": "1303401011", "V1_H": 81.47, "V1_M": 86.95, "V2_H": 81.05678048, "V2_M": 86.75805168, "V3_H": 81.85108408000001, "V3_M": 87.21302779 }, "geometry": { "type": "Polygon", "coordinates": [ [ [ -3.9267013, 38.9738826 ], [ -3.9267251, 38.9739393 ], [ -3.9267692, 38.973926 ], [ -3.9267917, 38.9739191 ], [ -3.9268112, 38.9739133 ], [ -3.9269365, 38.9738755 ], [ -3.9269628, 38.9738675 ], [ -3.9286501, 38.9737283 ], [ -3.9315377, 38.9735218 ], [ -3.9335356, 38.9733456 ], [ -3.9350079, 38.9732337 ], [ -3.9357051, 38.9731824 ], [ -3.9357059, 38.9731824 ], [ -3.9357263, 38.9730541 ], [ -3.9358939, 38.9730194 ], [ -3.9359728, 38.9729854 ], [ -3.9360569, 38.9728751 ], [ -3.9360057, 38.972699 ], [ -3.935927, 38.9725232 ], [ -3.9358021, 38.9716206 ], [ -3.9356784, 38.970575 ], [ -3.9354719, 38.9690364 ], [ -3.9353251, 38.9678598 ], [ -3.9351894, 38.9670775 ], [ -3.9337106, 38.9671757 ], [ -3.9325899, 38.9672528 ], [ -3.9314896, 38.9672865 ], [ -3.9313522, 38.9671506 ], [ -3.9311836, 38.9670647 ], [ -3.9307918, 38.9669931 ], [ -3.9304022, 38.9670897 ], [ -3.9302203, 38.9672094 ], [ -3.9300157, 38.967429 ], [ -3.9296946, 38.9674531 ], [ -3.9286558, 38.9675236 ], [ -3.9274405, 38.9676068 ], [ -3.9261764, 38.9676917 ], [ -3.9250812, 38.9677617 ], [ -3.9243503, 38.9678265 ], [ -3.9244839, 38.9681328 ], [ -3.9251418, 38.969847 ], [ -3.9261517, 38.9724829 ], [ -3.9264978, 38.9733961 ], [ -3.9265923, 38.973622 ], [ -3.9266286, 38.9737087 ], [ -3.9267013, 38.9738826 ] ] ] } },
{ "type": "Feature", "properties": { "CCAA": "08 - Castilla-La Mancha", "PROVINCIA": "13 - Ciudad Real", "MUNICIPIO": "13034 - Ciudad Real", "COD_MUNICIPIO": "13034", "DISTRITO": "02", "SECCION": "1303402015", "V1_H": 79.63, "V1_M": 85.51, "V2_H": 79.79644461, "V2_M": 85.57767022, "V3_H": 79.53263393, "V3_M": 85.68344389000001 }, "geometry": { "type": "Polygon", "coordinates": [ [ [ -3.9279756, 38.9959182 ], [ -3.9285827, 38.9959477 ], [ -3.9289547, 38.9959551 ], [ -3.9292283, 38.9958838 ], [ -3.9294298, 38.9957129 ], [ -3.9297456, 38.9953692 ], [ -3.9308328, 38.9941745 ], [ -3.9299695, 38.9936954 ], [ -3.9299271, 38.9936719 ], [ -3.9298791, 38.9936452 ], [ -3.9298315, 38.9936535 ], [ -3.9294164, 38.9935532 ], [ -3.9289243, 38.9934344 ], [ -3.9289241, 38.9934343 ], [ -3.9289126, 38.9934707 ], [ -3.9288706, 38.9936031 ], [ -3.9287293, 38.993938 ], [ -3.9287013, 38.9940045 ], [ -3.9286497, 38.9941385 ], [ -3.9285561, 38.9943807 ], [ -3.9285305, 38.9944469 ], [ -3.9283912, 38.9948079 ], [ -3.9283695, 38.994864 ], [ -3.9282454, 38.9951853 ], [ -3.9281304, 38.9954778 ], [ -3.9281081, 38.9955348 ], [ -3.9281031, 38.9955475 ], [ -3.928102, 38.9955504 ], [ -3.927981, 38.9958593 ], [ -3.9279756, 38.9959182 ] ] ] } },
{ "type": "Feature", "properties": { "CCAA": "08 - Castilla-La Mancha", "PROVINCIA": "13 - Ciudad Real", "MUNICIPIO": "13034 - Ciudad Real", "COD_MUNICIPIO": "13034", "DISTRITO": "02", "SECCION": "1303402017", "V1_H": 80.24, "V1_M": 86.29, "V2_H": 79.84273941, "V2_M": 86.47368807, "V3_H": 80.7355329, "V3_M": 86.23078999000001 }, "geometry": { "type": "Polygon", "coordinates": [ [ [ -3.9280197, 38.9921286 ], [ -3.9286163, 38.9922394 ], [ -3.9291565, 38.9923518 ], [ -3.9292885, 38.9923877 ], [ -3.9292953, 38.9923914 ], [ -3.9293592, 38.9921551 ], [ -3.9294352, 38.9919395 ], [ -3.9294962, 38.9917662 ], [ -3.9295071, 38.9917351 ], [ -3.9296003, 38.9914342 ], [ -3.9296866, 38.9911551 ], [ -3.9297068, 38.9911004 ], [ -3.9296717, 38.9910762 ], [ -3.9296305, 38.9910741 ], [ -3.9294634, 38.9910671 ], [ -3.9293047, 38.9910611 ], [ -3.929216, 38.9910593 ], [ -3.9290251, 38.9910553 ], [ -3.9289213, 38.9910531 ], [ -3.9285891, 38.991052 ], [ -3.9283386, 38.9910512 ], [ -3.9282219, 38.9910509 ], [ -3.9281264, 38.9910506 ], [ -3.928088, 38.9910504 ], [ -3.9280779, 38.9910504 ], [ -3.9280765, 38.9910677 ], [ -3.9280757, 38.9910852 ], [ -3.9280755, 38.991088 ], [ -3.9280441, 38.9916752 ], [ -3.9280428, 38.9916996 ], [ -3.9280293, 38.9919507 ], [ -3.9280203, 38.9921156 ], [ -3.9280197, 38.9921286 ] ] ] } },
{ "type": "Feature", "properties": { "CCAA": "08 - Castilla-La Mancha", "PROVINCIA": "13 - Ciudad Real", "MUNICIPIO": "13034 - Ciudad Real", "COD_MUNICIPIO": "13034", "DISTRITO": "04", "SECCION": "1303404004", "V1_H": 80.55, "V1_M": 86.21, "V2_H": 80.25181467, "V2_M": 85.94546636, "V3_H": 81.01047082, "V3_M": 86.65561049 }, "geometry": { "type": "Polygon", "coordinates": [ [ [ -3.9235537, 38.9886488 ], [ -3.9237562, 38.9891386 ], [ -3.9239395, 38.9891684 ], [ -3.9240876, 38.9894397 ], [ -3.9241447, 38.9896441 ], [ -3.9240703, 38.9896822 ], [ -3.9243334, 38.9901231 ], [ -3.9243975, 38.990179 ], [ -3.9244502, 38.99013 ], [ -3.9247679, 38.9898342 ], [ -3.9247696, 38.9898284 ], [ -3.9247289, 38.9897405 ], [ -3.9247159, 38.9897127 ], [ -3.9246547, 38.9896186 ], [ -3.9246176, 38.9895616 ], [ -3.9244844, 38.9893159 ], [ -3.9244788, 38.9893058 ], [ -3.9244628, 38.9892765 ], [ -3.9243373, 38.9890295 ], [ -3.9243341, 38.9890232 ], [ -3.9243049, 38.9889302 ], [ -3.9242722, 38.9888255 ], [ -3.9242062, 38.9885613 ], [ -3.9242059, 38.9885605 ], [ -3.924215, 38.9884849 ], [ -3.9241902, 38.9882535 ], [ -3.9240696, 38.9875183 ], [ -3.9240772, 38.9873973 ], [ -3.9240142, 38.9870339 ], [ -3.9239, 38.9864738 ], [ -3.9239004, 38.9863556 ], [ -3.9239004, 38.9862939 ], [ -3.9239737, 38.9862199 ], [ -3.9240936, 38.9859563 ], [ -3.9240569, 38.9857684 ], [ -3.9239144, 38.9853421 ], [ -3.9238442, 38.9851433 ], [ -3.9237725, 38.9851625 ], [ -3.923457, 38.9852471 ], [ -3.9231822, 38.9853208 ], [ -3.9231602, 38.9853267 ], [ -3.9231179, 38.9853381 ], [ -3.9223625, 38.9855289 ], [ -3.9221065, 38.9855935 ], [ -3.9218856, 38.9856493 ], [ -3.9218016, 38.9856705 ], [ -3.9218008, 38.9856707 ], [ -3.9218843, 38.985705 ], [ -3.9221852, 38.9861824 ], [ -3.9224141, 38.9865233 ], [ -3.9226579, 38.9868889 ], [ -3.9228257, 38.987157 ], [ -3.9230386, 38.9874847 ], [ -3.9231635, 38.9876774 ], [ -3.9235537, 38.9886488 ] ] ] } },
{ "type": "Feature", "properties": { "CCAA": "08 - Castilla-La Mancha", "PROVINCIA": "13 - Ciudad Real", "MUNICIPIO": "13034 - Ciudad Real", "COD_MUNICIPIO": "13034", "DISTRITO": "04", "SECCION": "1303404006", "V1_H": 80.53, "V1_M": 86.43, "V2_H": 80.43347749, "V2_M": 86.30479166000001, "V3_H": 80.8868878, "V3_M": 86.74881461 }, "geometry": { "type": "Polygon", "coordinates": [ [ [ -3.8973207, 38.992522 ], [ -3.8975316, 38.9932551 ], [ -3.8975371, 38.9936886 ], [ -3.8985305, 38.9957685 ], [ -3.8999284, 38.9956614 ], [ -3.9012839, 38.9954582 ], [ -3.9042366, 38.9946325 ], [ -3.9053442, 38.9943509 ], [ -3.9057946, 38.9941708 ], [ -3.9075311, 38.9931939 ], [ -3.9084513, 38.9927371 ], [ -3.9091063, 38.992475 ], [ -3.9097222, 38.9923578 ], [ -3.9122838, 38.991551 ], [ -3.9129305, 38.9922365 ], [ -3.9172491, 38.9970123 ], [ -3.9172469, 38.9970048 ], [ -3.917234, 38.9969801 ], [ -3.9172166, 38.9969502 ], [ -3.9173278, 38.9968604 ], [ -3.9176879, 38.9965834 ], [ -3.9179655, 38.9963672 ], [ -3.9182264, 38.9961632 ], [ -3.918388, 38.9960368 ], [ -3.9185255, 38.9959456 ], [ -3.9187897, 38.9957644 ], [ -3.9189313, 38.9956298 ], [ -3.919126, 38.9954419 ], [ -3.9193772, 38.9952067 ], [ -3.9196633, 38.9949351 ], [ -3.9198195, 38.9947873 ], [ -3.9176007, 38.9914534 ], [ -3.9176696, 38.9911095 ], [ -3.9195114, 38.9917912 ], [ -3.9198804, 38.9919695 ], [ -3.9210318, 38.9936316 ], [ -3.9210336, 38.9936297 ], [ -3.9210474, 38.9936197 ], [ -3.9211453, 38.9935492 ], [ -3.9212265, 38.9934904 ], [ -3.921349, 38.9933974 ], [ -3.9214964, 38.9932854 ], [ -3.9215914, 38.9932132 ], [ -3.9216419, 38.9931762 ], [ -3.9216903, 38.9931377 ], [ -3.9218028, 38.9930543 ], [ -3.9219938, 38.9929074 ], [ -3.9221417, 38.9927949 ], [ -3.9223025, 38.9926719 ], [ -3.9223967, 38.992599 ], [ -3.922428, 38.9925637 ], [ -3.9225149, 38.9924644 ], [ -3.9224484, 38.9923475 ], [ -3.9224349, 38.9923237 ], [ -3.9223945, 38.9922449 ], [ -3.922344, 38.9921466 ], [ -3.922326, 38.9921085 ], [ -3.9222729, 38.9919963 ], [ -3.922249, 38.9919458 ], [ -3.922221, 38.9918866 ], [ -3.922183, 38.9918064 ], [ -3.9220471, 38.9915049 ], [ -3.921933, 38.9912515 ], [ -3.921861, 38.9910714 ], [ -3.9218102, 38.9909151 ], [ -3.9218041, 38.9908922 ], [ -3.9217395, 38.9906473 ], [ -3.9217315, 38.9906167 ], [ -3.9217283, 38.9905824 ], [ -3.9217006, 38.9902886 ], [ -3.9216823, 38.9901524 ], [ -3.9216671, 38.9900385 ], [ -3.9216647, 38.9900212 ], [ -3.9216498, 38.9898737 ], [ -3.921621, 38.9895922 ], [ -3.9215949, 38.9893888 ], [ -3.921574, 38.9892249 ], [ -3.9224163, 38.98898 ], [ -3.9225553, 38.9889377 ], [ -3.9228868, 38.9888371 ], [ -3.9229258, 38.9888253 ], [ -3.9235537, 38.9886488 ], [ -3.9231635, 38.9876774 ], [ -3.9230386, 38.9874847 ], [ -3.9228257, 38.987157 ], [ -3.9226579, 38.9868889 ], [ -3.9224141, 38.9865233 ], [ -3.9221852, 38.9861824 ], [ -3.9218843, 38.985705 ], [ -3.9218008, 38.9856707 ], [ -3.9217943, 38.9856723 ], [ -3.9208527, 38.9858966 ], [ -3.9206076, 38.9859492 ], [ -3.920594, 38.985952 ], [ -3.9205372, 38.9859636 ], [ -3.9203682, 38.9859984 ], [ -3.9202513, 38.9860224 ], [ -3.9199339, 38.9860877 ], [ -3.9199337, 38.9860877 ], [ -3.9172525, 38.9867964 ], [ -3.9149735, 38.9874352 ], [ -3.9145018, 38.9875674 ], [ -3.9112132, 38.9885065 ], [ -3.9069273, 38.9896951 ], [ -3.9021835, 38.9910589 ], [ -3.8973207, 38.992522 ] ] ] } },
{ "type": "Feature", "properties": { "CCAA": "08 - Castilla-La Mancha", "PROVINCIA": "13 - Ciudad Real", "MUNICIPIO": "13034 - Ciudad Real", "COD_MUNICIPIO": "13034", "DISTRITO": "03", "SECCION": "1303403003", "V1_H": 79.73, "V1_M": 85.7, "V2_H": 79.65450701, "V2_M": 85.67937417, "V3_H": 79.92768478000001, "V3_M": 85.93517811 }, "geometry": { "type": "Polygon", "coordinates": [ [ [ -3.9225149, 38.9924644 ], [ -3.9225412, 38.992487 ], [ -3.9225865, 38.9925262 ], [ -3.9225875, 38.9925257 ], [ -3.9225903, 38.9925243 ], [ -3.9229047, 38.9923763 ], [ -3.923325, 38.9922122 ], [ -3.9237985, 38.9920093 ], [ -3.9238786, 38.9919836 ], [ -3.9244876, 38.991788 ], [ -3.9246212, 38.991752 ], [ -3.9246947, 38.9917321 ], [ -3.9247723, 38.9917112 ], [ -3.9247999, 38.9917042 ], [ -3.9249405, 38.9916689 ], [ -3.924945, 38.9916678 ], [ -3.9250363, 38.9916448 ], [ -3.92508, 38.9916338 ], [ -3.9251403, 38.9916187 ], [ -3.9251568, 38.9916146 ], [ -3.9251659, 38.9916123 ], [ -3.9255186, 38.9915436 ], [ -3.9255407, 38.9915393 ], [ -3.9255611, 38.9915339 ], [ -3.9255644, 38.991533 ], [ -3.9257274, 38.99149 ], [ -3.9261359, 38.9913977 ], [ -3.9262024, 38.9913828 ], [ -3.9262278, 38.9913771 ], [ -3.9262697, 38.9913699 ], [ -3.9265518, 38.9913216 ], [ -3.9267078, 38.9912908 ], [ -3.9267237, 38.9912877 ], [ -3.9267241, 38.9912876 ], [ -3.9268689, 38.9912592 ], [ -3.9269203, 38.9912491 ], [ -3.9270954, 38.99121 ], [ -3.9272872, 38.9911671 ], [ -3.9273814, 38.991146 ], [ -3.9273905, 38.9911447 ], [ -3.9275679, 38.9911203 ], [ -3.9275891, 38.9911175 ], [ -3.9276905, 38.9911036 ], [ -3.9278871, 38.991087 ], [ -3.9280755, 38.991088 ], [ -3.9280757, 38.9910852 ], [ -3.9280765, 38.9910677 ], [ -3.9280779, 38.9910504 ], [ -3.9280804, 38.9910192 ], [ -3.9281163, 38.9905731 ], [ -3.9281171, 38.9905626 ], [ -3.9281184, 38.9905461 ], [ -3.9281293, 38.9904119 ], [ -3.9281294, 38.9904084 ], [ -3.9281582, 38.9900497 ], [ -3.9281725, 38.9898677 ], [ -3.9280252, 38.9898842 ], [ -3.9278865, 38.9899214 ], [ -3.9275614, 38.9899777 ], [ -3.9272625, 38.990025 ], [ -3.9272612, 38.9900252 ], [ -3.9269055, 38.9901033 ], [ -3.9265005, 38.9901927 ], [ -3.9264997, 38.9901929 ], [ -3.9261917, 38.9902764 ], [ -3.9259471, 38.9903444 ], [ -3.9259325, 38.9903485 ], [ -3.9256351, 38.9904258 ], [ -3.9253741, 38.9905054 ], [ -3.9253626, 38.9905098 ], [ -3.9252844, 38.9905406 ], [ -3.9250232, 38.9906345 ], [ -3.9247064, 38.9907484 ], [ -3.9247059, 38.9907485 ], [ -3.9246963, 38.9907519 ], [ -3.9246768, 38.9907598 ], [ -3.9244667, 38.9908451 ], [ -3.9241978, 38.9909543 ], [ -3.924166, 38.9909673 ], [ -3.9237703, 38.9911149 ], [ -3.9236017, 38.9911778 ], [ -3.9234963, 38.991217 ], [ -3.923333, 38.9912779 ], [ -3.9233303, 38.9912806 ], [ -3.9231702, 38.9914462 ], [ -3.922934, 38.9916906 ], [ -3.9227463, 38.9918848 ], [ -3.9226495, 38.9919839 ], [ -3.9226403, 38.9919934 ], [ -3.9225344, 38.9921017 ], [ -3.9225294, 38.9921069 ], [ -3.9223945, 38.9922449 ], [ -3.9224349, 38.9923237 ], [ -3.9224484, 38.9923475 ], [ -3.9225149, 38.9924644 ] ] ] } },
{ "type": "Feature", "properties": { "CCAA": "08 - Castilla-La Mancha", "PROVINCIA": "13 - Ciudad Real", "MUNICIPIO": "13034 - Ciudad Real", "COD_MUNICIPIO": "13034", "DISTRITO": "04", "SECCION": "1303404011", "V1_H": 81.55, "V1_M": 86.88, "V2_H": 81.46298126000001, "V2_M": 86.741846, "V3_H": 81.68783029, "V3_M": 87.18580847 }, "geometry": { "type": "Polygon", "coordinates": [ [ [ -3.9179373, 38.9784278 ], [ -3.9180794, 38.9795771 ], [ -3.9182723, 38.9805747 ], [ -3.9184796, 38.9811352 ], [ -3.9190707, 38.9819892 ], [ -3.9196572, 38.9824842 ], [ -3.9208652, 38.9834418 ], [ -3.9208959, 38.9834182 ], [ -3.9209707, 38.9833416 ], [ -3.9211487, 38.9831594 ], [ -3.9211574, 38.9831539 ], [ -3.9213218, 38.9830514 ], [ -3.9214172, 38.982992 ], [ -3.9214805, 38.9829525 ], [ -3.9214907, 38.9829461 ], [ -3.9215138, 38.9829437 ], [ -3.9220954, 38.9828828 ], [ -3.9222504, 38.9828665 ], [ -3.9222672, 38.9828648 ], [ -3.9223159, 38.9828597 ], [ -3.9223522, 38.9828589 ], [ -3.9223717, 38.9828585 ], [ -3.9227777, 38.9828491 ], [ -3.9228437, 38.9828476 ], [ -3.9233217, 38.9827906 ], [ -3.9236744, 38.9826866 ], [ -3.9238354, 38.9826177 ], [ -3.9240496, 38.9825261 ], [ -3.9241311, 38.9824912 ], [ -3.9242648, 38.982378 ], [ -3.9244295, 38.9822385 ], [ -3.9244796, 38.9821894 ], [ -3.9245859, 38.9820852 ], [ -3.9246788, 38.9819943 ], [ -3.9248344, 38.9818685 ], [ -3.9248739, 38.9818365 ], [ -3.9249083, 38.9818086 ], [ -3.9249449, 38.9817791 ], [ -3.9249469, 38.9817783 ], [ -3.9250313, 38.9817452 ], [ -3.9251016, 38.9817176 ], [ -3.9251024, 38.9817173 ], [ -3.9251108, 38.981714 ], [ -3.9251911, 38.9816824 ], [ -3.9251833, 38.9816785 ], [ -3.9251211, 38.9816471 ], [ -3.9251132, 38.9816431 ], [ -3.9250487, 38.9816107 ], [ -3.9250182, 38.9815953 ], [ -3.9249605, 38.9815662 ], [ -3.9249121, 38.9815418 ], [ -3.9249048, 38.9815374 ], [ -3.9249019, 38.9815357 ], [ -3.9248879, 38.9815273 ], [ -3.9248709, 38.981517 ], [ -3.9248459, 38.9815019 ], [ -3.9248318, 38.9814935 ], [ -3.9247961, 38.9814719 ], [ -3.9247677, 38.9814548 ], [ -3.9247316, 38.981433 ], [ -3.9247176, 38.9814246 ], [ -3.924676, 38.9813995 ], [ -3.9244454, 38.9812604 ], [ -3.9242691, 38.9811542 ], [ -3.9241604, 38.9810881 ], [ -3.9238618, 38.9809067 ], [ -3.9236742, 38.9807928 ], [ -3.9236084, 38.9807529 ], [ -3.9235429, 38.9807131 ], [ -3.9235426, 38.9807129 ], [ -3.9231818, 38.9804938 ], [ -3.9230435, 38.9804057 ], [ -3.9226503, 38.9801554 ], [ -3.9225782, 38.9801097 ], [ -3.9222167, 38.9798857 ], [ -3.9217891, 38.979621 ], [ -3.9216938, 38.9795577 ], [ -3.9213363, 38.9793086 ], [ -3.9210763, 38.9790858 ], [ -3.9209825, 38.9790056 ], [ -3.9209697, 38.9789946 ], [ -3.9209189, 38.9789512 ], [ -3.9204894, 38.9785585 ], [ -3.9204228, 38.9784943 ], [ -3.9200902, 38.9781739 ], [ -3.9200895, 38.9781732 ], [ -3.9200119, 38.9780974 ], [ -3.9197951, 38.9778852 ], [ -3.9196521, 38.9777454 ], [ -3.9194661, 38.9774743 ], [ -3.9193812, 38.9773506 ], [ -3.9190734, 38.9772779 ], [ -3.9183241, 38.97712 ], [ -3.9177161, 38.9769919 ], [ -3.9176812, 38.9769823 ], [ -3.9179231, 38.9783137 ], [ -3.9179373, 38.9784278 ] ] ] } },
{ "type": "Feature", "properties": { "CCAA": "08 - Castilla-La Mancha", "PROVINCIA": "13 - Ciudad Real", "MUNICIPIO": "13034 - Ciudad Real", "COD_MUNICIPIO": "13034", "DISTRITO": "04", "SECCION": "1303404014", "V1_H": 81.55, "V1_M": 86.88, "V2_H": 81.46298126000001, "V2_M": 86.741846, "V3_H": 81.68783029, "V3_M": 87.18580847 }, "geometry": { "type": "Polygon", "coordinates": [ [ [ -3.9093216, 38.9775872 ], [ -3.9096939, 38.9786784 ], [ -3.9098177, 38.9788014 ], [ -3.9102934, 38.9796942 ], [ -3.9112329, 38.9814989 ], [ -3.9125921, 38.9788752 ], [ -3.9167667, 38.9801186 ], [ -3.9171982, 38.9792946 ], [ -3.9173106, 38.9790798 ], [ -3.9173658, 38.9789856 ], [ -3.9174379, 38.9788622 ], [ -3.9174851, 38.9788192 ], [ -3.9175543, 38.9787556 ], [ -3.9175547, 38.9787554 ], [ -3.9176278, 38.9786883 ], [ -3.9178171, 38.9785148 ], [ -3.9178347, 38.9785031 ], [ -3.9179373, 38.9784278 ], [ -3.9179231, 38.9783137 ], [ -3.9176812, 38.9769823 ], [ -3.9140632, 38.9759849 ], [ -3.9110014, 38.9752814 ], [ -3.9101215, 38.976673 ], [ -3.9093216, 38.9775872 ] ] ] } },
{ "type": "Feature", "properties": { "CCAA": "08 - Castilla-La Mancha", "PROVINCIA": "13 - Ciudad Real", "MUNICIPIO": "13034 - Ciudad Real", "COD_MUNICIPIO": "13034", "DISTRITO": "01", "SECCION": "1303401010", "V1_H": 81.47, "V1_M": 86.75, "V2_H": 81.12898066, "V2_M": 86.51613614, "V3_H": 81.81510349, "V3_M": 87.06728245 }, "geometry": { "type": "Polygon", "coordinates": [ [ [ -3.9208065, 38.9777761 ], [ -3.920838, 38.9776553 ], [ -3.9211661, 38.9776528 ], [ -3.9231466, 38.9778199 ], [ -3.9236159, 38.9768008 ], [ -3.924614, 38.9755722 ], [ -3.9261459, 38.9740628 ], [ -3.9267013, 38.9738826 ], [ -3.9266286, 38.9737087 ], [ -3.9265923, 38.973622 ], [ -3.9264978, 38.9733961 ], [ -3.9261517, 38.9724829 ], [ -3.9251418, 38.969847 ], [ -3.9244839, 38.9681328 ], [ -3.9243503, 38.9678265 ], [ -3.9240731, 38.967191 ], [ -3.9214219, 38.9602561 ], [ -3.9203603, 38.9574843 ], [ -3.9186027, 38.9532843 ], [ -3.9185226, 38.95399 ], [ -3.9191359, 38.9576978 ], [ -3.9191575, 38.9584726 ], [ -3.9189795, 38.9598797 ], [ -3.9189744, 38.9612765 ], [ -3.9185647, 38.9626223 ], [ -3.9185061, 38.9643439 ], [ -3.9168525, 38.9649967 ], [ -3.9168373, 38.9656096 ], [ -3.9128901, 38.9683348 ], [ -3.9112876, 38.9675814 ], [ -3.9110611, 38.9679256 ], [ -3.9104896, 38.9692637 ], [ -3.9101887, 38.9697872 ], [ -3.9100266, 38.9700693 ], [ -3.9101901, 38.9729245 ], [ -3.9101397, 38.9731005 ], [ -3.9100686, 38.973349 ], [ -3.9088755, 38.9730339 ], [ -3.9087633, 38.9732871 ], [ -3.9086876, 38.9736841 ], [ -3.908462, 38.9741004 ], [ -3.9082058, 38.9745741 ], [ -3.9106051, 38.9751904 ], [ -3.9110014, 38.9752814 ], [ -3.9140632, 38.9759849 ], [ -3.9176812, 38.9769823 ], [ -3.9177161, 38.9769919 ], [ -3.9183241, 38.97712 ], [ -3.9190734, 38.9772779 ], [ -3.9193812, 38.9773506 ], [ -3.919401, 38.9773553 ], [ -3.9195119, 38.9773815 ], [ -3.9196826, 38.9774218 ], [ -3.9198805, 38.9774686 ], [ -3.9202204, 38.9775489 ], [ -3.9203325, 38.9775923 ], [ -3.9205017, 38.9776579 ], [ -3.9206466, 38.9777141 ], [ -3.9208065, 38.9777761 ] ] ] } },
{ "type": "Feature", "properties": { "CCAA": "08 - Castilla-La Mancha", "PROVINCIA": "13 - Ciudad Real", "MUNICIPIO": "13034 - Ciudad Real", "COD_MUNICIPIO": "13034", "DISTRITO": "02", "SECCION": "1303402001", "V1_H": 81.47, "V1_M": 86.75, "V2_H": 81.12898066, "V2_M": 86.51613614, "V3_H": 81.81510349, "V3_M": 87.06728245 }, "geometry": { "type": "Polygon", "coordinates": [ [ [ -3.9284808, 38.9864191 ], [ -3.9284805, 38.9864253 ], [ -3.9284741, 38.9866156 ], [ -3.9284733, 38.9866419 ], [ -3.9284667, 38.9868397 ], [ -3.9284637, 38.9869249 ], [ -3.9284596, 38.9870517 ], [ -3.928449, 38.987382 ], [ -3.9284464, 38.9874125 ], [ -3.9284444, 38.9874365 ], [ -3.9284439, 38.9874418 ], [ -3.9283981, 38.9879681 ], [ -3.9283849, 38.9881204 ], [ -3.9283663, 38.9882996 ], [ -3.928358, 38.9883797 ], [ -3.9283264, 38.9886864 ], [ -3.9283262, 38.9886871 ], [ -3.9283216, 38.988705 ], [ -3.9283166, 38.9887173 ], [ -3.9283145, 38.9887223 ], [ -3.9283046, 38.988739 ], [ -3.9282946, 38.9887519 ], [ -3.9282925, 38.9887546 ], [ -3.9282782, 38.988769 ], [ -3.9282723, 38.9887736 ], [ -3.9282648, 38.9887795 ], [ -3.9282584, 38.9888566 ], [ -3.9282475, 38.9889858 ], [ -3.9282113, 38.9894158 ], [ -3.9281815, 38.9897587 ], [ -3.92828, 38.9897319 ], [ -3.9289114, 38.9895605 ], [ -3.929054, 38.9895218 ], [ -3.9294094, 38.9894059 ], [ -3.9294123, 38.989404 ], [ -3.929616, 38.9892651 ], [ -3.9300752, 38.9889644 ], [ -3.9302616, 38.9888451 ], [ -3.9303465, 38.9888198 ], [ -3.9303536, 38.9888147 ], [ -3.9304615, 38.9887445 ], [ -3.9304913, 38.9887251 ], [ -3.9305151, 38.988681 ], [ -3.9305335, 38.9886024 ], [ -3.9305709, 38.9884428 ], [ -3.9306546, 38.9881848 ], [ -3.9307606, 38.9878699 ], [ -3.9308844, 38.9875663 ], [ -3.9309521, 38.9874151 ], [ -3.9309553, 38.9874077 ], [ -3.9309861, 38.9873387 ], [ -3.9311089, 38.9870512 ], [ -3.9311148, 38.9870409 ], [ -3.93119, 38.9869085 ], [ -3.9313813, 38.9864739 ], [ -3.9313914, 38.9864548 ], [ -3.9313772, 38.9864411 ], [ -3.9311917, 38.9863369 ], [ -3.9309654, 38.9862073 ], [ -3.9304891, 38.98585 ], [ -3.930311, 38.9857146 ], [ -3.9302759, 38.9856869 ], [ -3.9300924, 38.9855319 ], [ -3.9299884, 38.985444 ], [ -3.9299762, 38.9854338 ], [ -3.9298634, 38.9852777 ], [ -3.9298054, 38.9853227 ], [ -3.9292841, 38.9857263 ], [ -3.9292534, 38.9857501 ], [ -3.9290644, 38.985888 ], [ -3.9290283, 38.9859143 ], [ -3.9288164, 38.98608 ], [ -3.9284873, 38.9863372 ], [ -3.9284914, 38.9863638 ], [ -3.9284913, 38.9863645 ], [ -3.9284863, 38.9863905 ], [ -3.9284808, 38.9864191 ] ] ] } },
{ "type": "Feature", "properties": { "CCAA": "08 - Castilla-La Mancha", "PROVINCIA": "13 - Ciudad Real", "MUNICIPIO": "13034 - Ciudad Real", "COD_MUNICIPIO": "13034", "DISTRITO": "02", "SECCION": "1303402014", "V1_H": 80.01, "V1_M": 85.88, "V2_H": 79.90171161000001, "V2_M": 85.93881404, "V3_H": 80.29104055000001, "V3_M": 85.88520273 }, "geometry": { "type": "Polygon", "coordinates": [ [ [ -3.9289241, 38.9934343 ], [ -3.9289243, 38.9934344 ], [ -3.9294164, 38.9935532 ], [ -3.9298315, 38.9936535 ], [ -3.9298791, 38.9936452 ], [ -3.9299271, 38.9936719 ], [ -3.9299695, 38.9936954 ], [ -3.9308328, 38.9941745 ], [ -3.9310049, 38.9939813 ], [ -3.9311931, 38.9937301 ], [ -3.9312627, 38.9936334 ], [ -3.9312681, 38.9936259 ], [ -3.9313002, 38.9935815 ], [ -3.9314855, 38.9931477 ], [ -3.9317141, 38.9926126 ], [ -3.9317866, 38.992443 ], [ -3.9318105, 38.9923895 ], [ -3.9320202, 38.9919189 ], [ -3.9320472, 38.9918582 ], [ -3.9315945, 38.9917182 ], [ -3.9312563, 38.9916136 ], [ -3.9310891, 38.991562 ], [ -3.9307597, 38.9914567 ], [ -3.9307581, 38.9914561 ], [ -3.930408, 38.9913417 ], [ -3.9303884, 38.9913352 ], [ -3.9298232, 38.9911505 ], [ -3.9297396, 38.9911232 ], [ -3.9297068, 38.9911004 ], [ -3.9296866, 38.9911551 ], [ -3.9296003, 38.9914342 ], [ -3.9295071, 38.9917351 ], [ -3.9294962, 38.9917662 ], [ -3.9294352, 38.9919395 ], [ -3.9293592, 38.9921551 ], [ -3.9292953, 38.9923914 ], [ -3.9292943, 38.9923955 ], [ -3.9291799, 38.9926716 ], [ -3.9291027, 38.9928982 ], [ -3.9289841, 38.9932452 ], [ -3.9289706, 38.9932879 ], [ -3.9289241, 38.9934343 ] ] ] } },
{ "type": "Feature", "properties": { "CCAA": "08 - Castilla-La Mancha", "PROVINCIA": "13 - Ciudad Real", "MUNICIPIO": "13034 - Ciudad Real", "COD_MUNICIPIO": "13034", "DISTRITO": "02", "SECCION": "1303402016", "V1_H": 80.56, "V1_M": 86.09, "V2_H": 80.29410508, "V2_M": 85.89209003000001, "V3_H": 80.91212464, "V3_M": 86.35342073 }, "geometry": { "type": "Polygon", "coordinates": [ [ [ -3.9280197, 38.9921286 ], [ -3.9280167, 38.9921747 ], [ -3.9279938, 38.9925356 ], [ -3.9279896, 38.9926026 ], [ -3.9279805, 38.9927474 ], [ -3.9279749, 38.9928345 ], [ -3.927957, 38.9931133 ], [ -3.9279297, 38.9935081 ], [ -3.9279234, 38.9935987 ], [ -3.927921, 38.9936339 ], [ -3.9279085, 38.9938121 ], [ -3.9279081, 38.9938192 ], [ -3.9278959, 38.9939939 ], [ -3.9278933, 38.9940322 ], [ -3.9278929, 38.9940375 ], [ -3.9278897, 38.9941131 ], [ -3.9278799, 38.9943415 ], [ -3.9278646, 38.994701 ], [ -3.9278514, 38.9950093 ], [ -3.9278319, 38.9952911 ], [ -3.9278541, 38.9953878 ], [ -3.9278578, 38.9954076 ], [ -3.9278645, 38.9954269 ], [ -3.9278743, 38.9954455 ], [ -3.927887, 38.9954629 ], [ -3.9279024, 38.995479 ], [ -3.9279202, 38.9954935 ], [ -3.9279401, 38.9955061 ], [ -3.927962, 38.9955167 ], [ -3.9279853, 38.9955252 ], [ -3.9280097, 38.9955312 ], [ -3.9280349, 38.9955349 ], [ -3.9281019, 38.9955504 ], [ -3.928102, 38.9955504 ], [ -3.9281031, 38.9955475 ], [ -3.9281081, 38.9955348 ], [ -3.9281304, 38.9954778 ], [ -3.9282454, 38.9951853 ], [ -3.9283695, 38.994864 ], [ -3.9283912, 38.9948079 ], [ -3.9285305, 38.9944469 ], [ -3.9285561, 38.9943807 ], [ -3.9286497, 38.9941385 ], [ -3.9287013, 38.9940045 ], [ -3.9287293, 38.993938 ], [ -3.9288706, 38.9936031 ], [ -3.9289126, 38.9934707 ], [ -3.9289241, 38.9934343 ], [ -3.9289706, 38.9932879 ], [ -3.9289841, 38.9932452 ], [ -3.9291027, 38.9928982 ], [ -3.9291799, 38.9926716 ], [ -3.9292943, 38.9923955 ], [ -3.9292953, 38.9923914 ], [ -3.9292885, 38.9923877 ], [ -3.9291565, 38.9923518 ], [ -3.9286163, 38.9922394 ], [ -3.9280197, 38.9921286 ] ] ] } },
{ "type": "Feature", "properties": { "CCAA": "08 - Castilla-La Mancha", "PROVINCIA": "13 - Ciudad Real", "MUNICIPIO": "13034 - Ciudad Real", "COD_MUNICIPIO": "13034", "DISTRITO": "04", "SECCION": "1303404003", "V1_H": 80.65, "V1_M": 86.42, "V2_H": 80.32339709, "V2_M": 86.16224497, "V3_H": 80.9318118, "V3_M": 86.73476557 }, "geometry": { "type": "Polygon", "coordinates": [ [ [ -3.9238442, 38.9851433 ], [ -3.9239144, 38.9853421 ], [ -3.9240569, 38.9857684 ], [ -3.9240936, 38.9859563 ], [ -3.9239737, 38.9862199 ], [ -3.9239004, 38.9862939 ], [ -3.9239004, 38.9863556 ], [ -3.9239, 38.9864738 ], [ -3.9240142, 38.9870339 ], [ -3.9240772, 38.9873973 ], [ -3.9240696, 38.9875183 ], [ -3.9241902, 38.9882535 ], [ -3.924215, 38.9884849 ], [ -3.9242059, 38.9885605 ], [ -3.9242062, 38.9885613 ], [ -3.9242722, 38.9888255 ], [ -3.9243049, 38.9889302 ], [ -3.9243341, 38.9890232 ], [ -3.9243373, 38.9890295 ], [ -3.9244628, 38.9892765 ], [ -3.9244788, 38.9893058 ], [ -3.9244844, 38.9893159 ], [ -3.9246176, 38.9895616 ], [ -3.9246547, 38.9896186 ], [ -3.9247159, 38.9897127 ], [ -3.9247289, 38.9897405 ], [ -3.9247696, 38.9898284 ], [ -3.9248018, 38.9897222 ], [ -3.9250085, 38.9895087 ], [ -3.925064, 38.9894514 ], [ -3.9253032, 38.9892097 ], [ -3.9256238, 38.9888857 ], [ -3.9259231, 38.9885614 ], [ -3.9258864, 38.9885049 ], [ -3.9257893, 38.9882923 ], [ -3.9257889, 38.9882917 ], [ -3.9256899, 38.9880264 ], [ -3.9257035, 38.9875967 ], [ -3.9257061, 38.9874635 ], [ -3.9257093, 38.9872906 ], [ -3.9256269, 38.9865466 ], [ -3.9255912, 38.9862426 ], [ -3.925461, 38.9857361 ], [ -3.9253732, 38.985359 ], [ -3.9252722, 38.9849846 ], [ -3.9252422, 38.9848934 ], [ -3.9252094, 38.9847936 ], [ -3.9251334, 38.9847388 ], [ -3.925007, 38.9848544 ], [ -3.9249481, 38.9848674 ], [ -3.9248106, 38.984898 ], [ -3.9247391, 38.9849139 ], [ -3.9246919, 38.9849244 ], [ -3.9245099, 38.9849648 ], [ -3.9243834, 38.9849987 ], [ -3.9242218, 38.9850421 ], [ -3.9239701, 38.9851095 ], [ -3.9238442, 38.9851433 ] ] ] } },
{ "type": "Feature", "properties": { "CCAA": "08 - Castilla-La Mancha", "PROVINCIA": "13 - Ciudad Real", "MUNICIPIO": "13034 - Ciudad Real", "COD_MUNICIPIO": "13034", "DISTRITO": "04", "SECCION": "1303404005", "V1_H": 80.21, "V1_M": 86.35, "V2_H": 80.00126986, "V2_M": 86.33312861, "V3_H": 80.58114521, "V3_M": 86.56210486000001 }, "geometry": { "type": "Polygon", "coordinates": [ [ [ -3.9235537, 38.9886488 ], [ -3.9229258, 38.9888253 ], [ -3.9228868, 38.9888371 ], [ -3.9225553, 38.9889377 ], [ -3.9224163, 38.98898 ], [ -3.921574, 38.9892249 ], [ -3.9215949, 38.9893888 ], [ -3.921621, 38.9895922 ], [ -3.9216498, 38.9898737 ], [ -3.9216647, 38.9900212 ], [ -3.9216671, 38.9900385 ], [ -3.9216823, 38.9901524 ], [ -3.9217006, 38.9902886 ], [ -3.9217283, 38.9905824 ], [ -3.9217315, 38.9906167 ], [ -3.9217395, 38.9906473 ], [ -3.9218041, 38.9908922 ], [ -3.9218102, 38.9909151 ], [ -3.921861, 38.9910714 ], [ -3.921933, 38.9912515 ], [ -3.9220471, 38.9915049 ], [ -3.922183, 38.9918064 ], [ -3.922221, 38.9918866 ], [ -3.922249, 38.9919458 ], [ -3.9222729, 38.9919963 ], [ -3.922326, 38.9921085 ], [ -3.922344, 38.9921466 ], [ -3.9223945, 38.9922449 ], [ -3.9225294, 38.9921069 ], [ -3.9225344, 38.9921017 ], [ -3.9226403, 38.9919934 ], [ -3.9226495, 38.9919839 ], [ -3.9227463, 38.9918848 ], [ -3.922934, 38.9916906 ], [ -3.9231702, 38.9914462 ], [ -3.9233303, 38.9912806 ], [ -3.923333, 38.9912779 ], [ -3.9235085, 38.9911067 ], [ -3.9236074, 38.9909877 ], [ -3.9236591, 38.9909252 ], [ -3.9243892, 38.9901869 ], [ -3.9243975, 38.990179 ], [ -3.9243334, 38.9901231 ], [ -3.9240703, 38.9896822 ], [ -3.9241447, 38.9896441 ], [ -3.9240876, 38.9894397 ], [ -3.9239395, 38.9891684 ], [ -3.9237562, 38.9891386 ], [ -3.9235537, 38.9886488 ] ] ] } },
{ "type": "Feature", "properties": { "CCAA": "08 - Castilla-La Mancha", "PROVINCIA": "13 - Ciudad Real", "MUNICIPIO": "13034 - Ciudad Real", "COD_MUNICIPIO": "13034", "DISTRITO": "01", "SECCION": "1303401001", "V1_H": 81.57, "V1_M": 86.95, "V2_H": 81.38052192000001, "V2_M": 86.83819346, "V3_H": 81.78107492, "V3_M": 87.15502078 }, "geometry": { "type": "Polygon", "coordinates": [ [ [ -3.9284372, 38.9860048 ], [ -3.9284378, 38.9860097 ], [ -3.9284566, 38.9861421 ], [ -3.9284873, 38.9863372 ], [ -3.9288164, 38.98608 ], [ -3.9290283, 38.9859143 ], [ -3.9290644, 38.985888 ], [ -3.9292534, 38.9857501 ], [ -3.9292841, 38.9857263 ], [ -3.9298054, 38.9853227 ], [ -3.9298634, 38.9852777 ], [ -3.9303833, 38.9846319 ], [ -3.9303831, 38.9846318 ], [ -3.9305799, 38.9843618 ], [ -3.9309135, 38.9839239 ], [ -3.9309938, 38.9838205 ], [ -3.931058, 38.9837375 ], [ -3.9313876, 38.9832649 ], [ -3.931391, 38.9832599 ], [ -3.9314993, 38.9831135 ], [ -3.9315247, 38.9830767 ], [ -3.9313839, 38.983094 ], [ -3.9313642, 38.9830965 ], [ -3.9313449, 38.9831006 ], [ -3.9313262, 38.9831063 ], [ -3.9313086, 38.9831136 ], [ -3.9312918, 38.9831223 ], [ -3.93127, 38.983132 ], [ -3.9312479, 38.9831415 ], [ -3.9312256, 38.9831505 ], [ -3.9312029, 38.9831591 ], [ -3.93118, 38.9831674 ], [ -3.9311569, 38.9831752 ], [ -3.9311335, 38.9831826 ], [ -3.93111, 38.9831896 ], [ -3.9310863, 38.9831962 ], [ -3.9310623, 38.9832023 ], [ -3.9310382, 38.9832081 ], [ -3.9303244, 38.9834029 ], [ -3.9298642, 38.9835298 ], [ -3.9298402, 38.9835365 ], [ -3.9293087, 38.9836693 ], [ -3.9290891, 38.9837063 ], [ -3.9287715, 38.983806 ], [ -3.9287551, 38.9838124 ], [ -3.9287377, 38.9838173 ], [ -3.9287198, 38.9838205 ], [ -3.9287014, 38.9838219 ], [ -3.9286948, 38.98383 ], [ -3.9285764, 38.9839761 ], [ -3.9285187, 38.9840474 ], [ -3.9285132, 38.9840532 ], [ -3.9284725, 38.9840952 ], [ -3.9284296, 38.9841451 ], [ -3.928416, 38.9841629 ], [ -3.9283904, 38.9841966 ], [ -3.9283745, 38.9842207 ], [ -3.9283551, 38.9842499 ], [ -3.9283236, 38.9843046 ], [ -3.9283028, 38.9843469 ], [ -3.9282962, 38.9843606 ], [ -3.9282906, 38.9843743 ], [ -3.9282727, 38.9844177 ], [ -3.9282535, 38.9844758 ], [ -3.9282384, 38.9845347 ], [ -3.9282369, 38.984543 ], [ -3.9282276, 38.9845941 ], [ -3.9282211, 38.9846539 ], [ -3.9282187, 38.9846696 ], [ -3.9282081, 38.9847359 ], [ -3.9281878, 38.984863 ], [ -3.9281856, 38.984876 ], [ -3.9281662, 38.9849973 ], [ -3.928178, 38.9850064 ], [ -3.9281936, 38.9850187 ], [ -3.9282478, 38.9850613 ], [ -3.9283544, 38.9855435 ], [ -3.928403, 38.9857644 ], [ -3.9284263, 38.9859288 ], [ -3.9284372, 38.9860048 ] ] ] } },
{ "type": "Feature", "properties": { "CCAA": "08 - Castilla-La Mancha", "PROVINCIA": "13 - Ciudad Real", "MUNICIPIO": "13034 - Ciudad Real", "COD_MUNICIPIO": "13034", "DISTRITO": "01", "SECCION": "1303401002", "V1_H": 81.18, "V1_M": 86.79, "V2_H": 80.97904731, "V2_M": 86.77314473, "V3_H": 81.44010912, "V3_M": 86.96351832000001 }, "geometry": { "type": "Polygon", "coordinates": [ [ [ -3.9285393, 38.9837268 ], [ -3.9285587, 38.9837511 ], [ -3.9285856, 38.9837844 ], [ -3.928599, 38.9837943 ], [ -3.9286086, 38.9837999 ], [ -3.9286138, 38.9838029 ], [ -3.9286231, 38.983807 ], [ -3.9286298, 38.98381 ], [ -3.9286361, 38.9838121 ], [ -3.9286469, 38.9838156 ], [ -3.9286566, 38.9838177 ], [ -3.9286647, 38.9838194 ], [ -3.9286769, 38.9838208 ], [ -3.928683, 38.9838215 ], [ -3.9287014, 38.9838219 ], [ -3.9287198, 38.9838205 ], [ -3.9287377, 38.9838173 ], [ -3.9287551, 38.9838124 ], [ -3.9287715, 38.983806 ], [ -3.9290891, 38.9837063 ], [ -3.9293087, 38.9836693 ], [ -3.9298402, 38.9835365 ], [ -3.9298642, 38.9835298 ], [ -3.9303244, 38.9834029 ], [ -3.9310382, 38.9832081 ], [ -3.9310623, 38.9832023 ], [ -3.9310863, 38.9831962 ], [ -3.93111, 38.9831896 ], [ -3.9311335, 38.9831826 ], [ -3.9311569, 38.9831752 ], [ -3.93118, 38.9831674 ], [ -3.9312029, 38.9831591 ], [ -3.9312256, 38.9831505 ], [ -3.9312479, 38.9831415 ], [ -3.93127, 38.983132 ], [ -3.9312918, 38.9831223 ], [ -3.9313086, 38.9831136 ], [ -3.9313262, 38.9831063 ], [ -3.9313449, 38.9831006 ], [ -3.9313642, 38.9830965 ], [ -3.9313839, 38.983094 ], [ -3.9315247, 38.9830767 ], [ -3.9316389, 38.9829108 ], [ -3.9317577, 38.9827382 ], [ -3.9317724, 38.9827168 ], [ -3.9322556, 38.9822088 ], [ -3.9322879, 38.9821748 ], [ -3.932605, 38.9818391 ], [ -3.9326221, 38.981821 ], [ -3.9326285, 38.9818143 ], [ -3.9326519, 38.9817894 ], [ -3.9326785, 38.9817614 ], [ -3.9327061, 38.981732 ], [ -3.9327278, 38.9817092 ], [ -3.9328002, 38.9816325 ], [ -3.9328122, 38.9816198 ], [ -3.9327487, 38.9815859 ], [ -3.9324853, 38.9814453 ], [ -3.9324021, 38.9814008 ], [ -3.9322824, 38.9813369 ], [ -3.930417, 38.9821851 ], [ -3.9304178, 38.9821854 ], [ -3.9301296, 38.982329 ], [ -3.9292306, 38.9827491 ], [ -3.9292099, 38.9827588 ], [ -3.9291896, 38.9827682 ], [ -3.9288361, 38.9829332 ], [ -3.9287592, 38.982969 ], [ -3.9287367, 38.9829872 ], [ -3.928715, 38.983006 ], [ -3.9286939, 38.9830254 ], [ -3.9286736, 38.9830452 ], [ -3.9286541, 38.9830655 ], [ -3.9286354, 38.9830862 ], [ -3.9286175, 38.9831073 ], [ -3.9286005, 38.9831289 ], [ -3.9285852, 38.9831495 ], [ -3.9285842, 38.9831509 ], [ -3.9285707, 38.9831705 ], [ -3.9285689, 38.9831732 ], [ -3.9285543, 38.9831959 ], [ -3.9285447, 38.9832154 ], [ -3.9285299, 38.9832453 ], [ -3.9285283, 38.983249 ], [ -3.9285105, 38.983292 ], [ -3.9285089, 38.9832956 ], [ -3.9285022, 38.9833154 ], [ -3.9284917, 38.9833467 ], [ -3.928478, 38.9833986 ], [ -3.9284682, 38.9834509 ], [ -3.928462, 38.9835036 ], [ -3.9284599, 38.9835494 ], [ -3.9284597, 38.9835541 ], [ -3.9284596, 38.9835565 ], [ -3.928516, 38.983677 ], [ -3.9285393, 38.9837268 ] ] ] } },
{ "type": "Feature", "properties": { "CCAA": "08 - Castilla-La Mancha", "PROVINCIA": "13 - Ciudad Real", "MUNICIPIO": "13034 - Ciudad Real", "COD_MUNICIPIO": "13034", "DISTRITO": "02", "SECCION": "1303402008", "V1_H": 81.55, "V1_M": 86.88, "V2_H": 81.46298126000001, "V2_M": 86.741846, "V3_H": 81.68783029, "V3_M": 87.18580847 }, "geometry": { "type": "Polygon", "coordinates": [ [ [ -3.9333961, 38.9887505 ], [ -3.9338392, 38.9890677 ], [ -3.9338495, 38.9890604 ], [ -3.9368855, 38.9916898 ], [ -3.9384787, 38.9930197 ], [ -3.9395641, 38.9938837 ], [ -3.9395684, 38.9938709 ], [ -3.9410523, 38.9894414 ], [ -3.9408903, 38.9894391 ], [ -3.9406767, 38.9893779 ], [ -3.9402973, 38.9892753 ], [ -3.939649, 38.9891217 ], [ -3.9407118, 38.9861556 ], [ -3.9404979, 38.9861129 ], [ -3.9385978, 38.9870493 ], [ -3.937509, 38.9856814 ], [ -3.9375003, 38.985683 ], [ -3.9371683, 38.9857462 ], [ -3.9371011, 38.985743 ], [ -3.9366007, 38.9861572 ], [ -3.9364623, 38.9863204 ], [ -3.935993, 38.9868678 ], [ -3.9355416, 38.9873864 ], [ -3.9351797, 38.9877469 ], [ -3.9346095, 38.9880614 ], [ -3.933851, 38.9876397 ], [ -3.9338455, 38.9876537 ], [ -3.933825, 38.9877057 ], [ -3.9338027, 38.9877623 ], [ -3.9337923, 38.9877888 ], [ -3.9337892, 38.9877968 ], [ -3.9337891, 38.987797 ], [ -3.9337855, 38.9878062 ], [ -3.9337783, 38.9878244 ], [ -3.9336167, 38.9882384 ], [ -3.9335969, 38.9882844 ], [ -3.9335795, 38.9883247 ], [ -3.9335759, 38.9883328 ], [ -3.933544, 38.9884069 ], [ -3.9335421, 38.9884112 ], [ -3.9335391, 38.988418 ], [ -3.9334265, 38.9886789 ], [ -3.9334054, 38.9887278 ], [ -3.9333961, 38.9887505 ] ] ] } },
{ "type": "Feature", "properties": { "CCAA": "08 - Castilla-La Mancha", "PROVINCIA": "13 - Ciudad Real", "MUNICIPIO": "13034 - Ciudad Real", "COD_MUNICIPIO": "13034", "DISTRITO": "02", "SECCION": "1303402009", "V1_H": 80.56, "V1_M": 86.09, "V2_H": 80.29410508, "V2_M": 85.89209003000001, "V3_H": 80.91212464, "V3_M": 86.35342073 }, "geometry": { "type": "Polygon", "coordinates": [ [ [ -3.9329792, 38.9862088 ], [ -3.9335957, 38.9865876 ], [ -3.9335965, 38.9865881 ], [ -3.9341053, 38.9869079 ], [ -3.9341203, 38.9868398 ], [ -3.9341263, 38.9868124 ], [ -3.9341465, 38.9867211 ], [ -3.934209, 38.9863587 ], [ -3.9342241, 38.9859638 ], [ -3.9342283, 38.985851 ], [ -3.9342331, 38.9856961 ], [ -3.9342421, 38.9854032 ], [ -3.9342473, 38.9852283 ], [ -3.9342495, 38.9851549 ], [ -3.9342533, 38.9850473 ], [ -3.9342589, 38.9848856 ], [ -3.9342601, 38.984563 ], [ -3.9331956, 38.984601 ], [ -3.9321507, 38.9846383 ], [ -3.9321095, 38.9846398 ], [ -3.932109, 38.9846415 ], [ -3.9320964, 38.9846778 ], [ -3.932087, 38.9847046 ], [ -3.9320869, 38.984705 ], [ -3.9320628, 38.9847746 ], [ -3.9319546, 38.9850453 ], [ -3.9318135, 38.9854023 ], [ -3.9317836, 38.9854781 ], [ -3.9318422, 38.9855137 ], [ -3.931913, 38.9855566 ], [ -3.9319206, 38.9855611 ], [ -3.9325873, 38.9859652 ], [ -3.9325887, 38.9859661 ], [ -3.9326514, 38.9860051 ], [ -3.9326738, 38.986019 ], [ -3.9329792, 38.9862088 ] ] ] } },
{ "type": "Feature", "properties": { "CCAA": "08 - Castilla-La Mancha", "PROVINCIA": "13 - Ciudad Real", "MUNICIPIO": "13034 - Ciudad Real", "COD_MUNICIPIO": "13034", "DISTRITO": "03", "SECCION": "1303403001", "V1_H": 80.91, "V1_M": 86.64, "V2_H": 80.44720226, "V2_M": 86.54313262, "V3_H": 81.45534141, "V3_M": 86.89844934 }, "geometry": { "type": "Polygon", "coordinates": [ [ [ -3.9263848, 38.9881223 ], [ -3.9266045, 38.9885122 ], [ -3.9268698, 38.9891117 ], [ -3.9268735, 38.9891161 ], [ -3.9272266, 38.989942 ], [ -3.9272625, 38.990025 ], [ -3.9275614, 38.9899777 ], [ -3.9278865, 38.9899214 ], [ -3.9280252, 38.9898842 ], [ -3.9281725, 38.9898677 ], [ -3.9281763, 38.9898183 ], [ -3.9281815, 38.9897587 ], [ -3.9282113, 38.9894158 ], [ -3.9282475, 38.9889858 ], [ -3.9282584, 38.9888566 ], [ -3.9282648, 38.9887795 ], [ -3.9282723, 38.9887736 ], [ -3.9282782, 38.988769 ], [ -3.9282925, 38.9887546 ], [ -3.9282946, 38.9887519 ], [ -3.9283046, 38.988739 ], [ -3.9283145, 38.9887223 ], [ -3.9283166, 38.9887173 ], [ -3.9283216, 38.988705 ], [ -3.9283262, 38.9886871 ], [ -3.9283264, 38.9886864 ], [ -3.928358, 38.9883797 ], [ -3.9283663, 38.9882996 ], [ -3.9283849, 38.9881204 ], [ -3.9283981, 38.9879681 ], [ -3.9284439, 38.9874418 ], [ -3.9284444, 38.9874365 ], [ -3.9284464, 38.9874125 ], [ -3.928449, 38.987382 ], [ -3.9284596, 38.9870517 ], [ -3.9284637, 38.9869249 ], [ -3.9284667, 38.9868397 ], [ -3.9284733, 38.9866419 ], [ -3.9284741, 38.9866156 ], [ -3.9284805, 38.9864253 ], [ -3.9284808, 38.9864191 ], [ -3.9273679, 38.9873173 ], [ -3.9272039, 38.9874517 ], [ -3.9263853, 38.9881218 ], [ -3.9263848, 38.9881223 ] ] ] } },
{ "type": "Feature", "properties": { "CCAA": "08 - Castilla-La Mancha", "PROVINCIA": "13 - Ciudad Real", "MUNICIPIO": "13034 - Ciudad Real", "COD_MUNICIPIO": "13034", "DISTRITO": "03", "SECCION": "1303403004", "V1_H": 80.91, "V1_M": 86.7, "V2_H": 80.91796575, "V2_M": 86.73459974, "V3_H": 81.00259482, "V3_M": 86.81948346 }, "geometry": { "type": "Polygon", "coordinates": [ [ [ -3.9225865, 38.9925262 ], [ -3.9226153, 38.9925532 ], [ -3.92302, 38.9929322 ], [ -3.9230489, 38.9929595 ], [ -3.9233198, 38.9932175 ], [ -3.9235562, 38.9934461 ], [ -3.923992, 38.9938673 ], [ -3.9240913, 38.9939521 ], [ -3.9242396, 38.9940789 ], [ -3.924261, 38.9940936 ], [ -3.9244696, 38.994237 ], [ -3.9250744, 38.9945747 ], [ -3.9258779, 38.9950232 ], [ -3.9260676, 38.9951291 ], [ -3.9262089, 38.995207 ], [ -3.9271704, 38.9957381 ], [ -3.927344, 38.9958175 ], [ -3.9274031, 38.9958446 ], [ -3.9274479, 38.9958611 ], [ -3.9279635, 38.996051 ], [ -3.9279756, 38.9959182 ], [ -3.927981, 38.9958593 ], [ -3.928102, 38.9955504 ], [ -3.9281019, 38.9955504 ], [ -3.9280349, 38.9955349 ], [ -3.9280097, 38.9955312 ], [ -3.9279853, 38.9955252 ], [ -3.927962, 38.9955167 ], [ -3.9279401, 38.9955061 ], [ -3.9279202, 38.9954935 ], [ -3.9279024, 38.995479 ], [ -3.927887, 38.9954629 ], [ -3.9278743, 38.9954455 ], [ -3.9278645, 38.9954269 ], [ -3.9278578, 38.9954076 ], [ -3.9278541, 38.9953878 ], [ -3.9278319, 38.9952911 ], [ -3.9278514, 38.9950093 ], [ -3.9278646, 38.994701 ], [ -3.9278799, 38.9943415 ], [ -3.9278897, 38.9941131 ], [ -3.9278929, 38.9940375 ], [ -3.9278933, 38.9940322 ], [ -3.9278959, 38.9939939 ], [ -3.9279081, 38.9938192 ], [ -3.9279085, 38.9938121 ], [ -3.927921, 38.9936339 ], [ -3.9279234, 38.9935987 ], [ -3.9279297, 38.9935081 ], [ -3.927957, 38.9931133 ], [ -3.9279749, 38.9928345 ], [ -3.9279805, 38.9927474 ], [ -3.9279896, 38.9926026 ], [ -3.9279938, 38.9925356 ], [ -3.9280167, 38.9921747 ], [ -3.9280197, 38.9921286 ], [ -3.9280203, 38.9921156 ], [ -3.9280293, 38.9919507 ], [ -3.9280428, 38.9916996 ], [ -3.9280441, 38.9916752 ], [ -3.9280755, 38.991088 ], [ -3.9278871, 38.991087 ], [ -3.9276905, 38.9911036 ], [ -3.9275891, 38.9911175 ], [ -3.9275679, 38.9911203 ], [ -3.9273905, 38.9911447 ], [ -3.9273814, 38.991146 ], [ -3.9272872, 38.9911671 ], [ -3.9270954, 38.99121 ], [ -3.9269203, 38.9912491 ], [ -3.9268689, 38.9912592 ], [ -3.9267241, 38.9912876 ], [ -3.9267237, 38.9912877 ], [ -3.9267078, 38.9912908 ], [ -3.9265518, 38.9913216 ], [ -3.9262697, 38.9913699 ], [ -3.9262278, 38.9913771 ], [ -3.9262024, 38.9913828 ], [ -3.9261359, 38.9913977 ], [ -3.9257274, 38.99149 ], [ -3.9255644, 38.991533 ], [ -3.9255611, 38.9915339 ], [ -3.9255407, 38.9915393 ], [ -3.9255186, 38.9915436 ], [ -3.9251659, 38.9916123 ], [ -3.9251568, 38.9916146 ], [ -3.9251403, 38.9916187 ], [ -3.92508, 38.9916338 ], [ -3.9250363, 38.9916448 ], [ -3.924945, 38.9916678 ], [ -3.9249405, 38.9916689 ], [ -3.9247999, 38.9917042 ], [ -3.9247723, 38.9917112 ], [ -3.9246947, 38.9917321 ], [ -3.9246212, 38.991752 ], [ -3.9244876, 38.991788 ], [ -3.9238786, 38.9919836 ], [ -3.9237985, 38.9920093 ], [ -3.923325, 38.9922122 ], [ -3.9229047, 38.9923763 ], [ -3.9225903, 38.9925243 ], [ -3.9225875, 38.9925257 ], [ -3.9225865, 38.9925262 ] ] ] } },
{ "type": "Feature", "properties": { "CCAA": "08 - Castilla-La Mancha", "PROVINCIA": "13 - Ciudad Real", "MUNICIPIO": "13034 - Ciudad Real", "COD_MUNICIPIO": "13034", "DISTRITO": "02", "SECCION": "1303402010", "V1_H": 80.78, "V1_M": 86.64, "V2_H": 80.55514168000001, "V2_M": 86.45889906, "V3_H": 81.06237696, "V3_M": 86.87120108000001 }, "geometry": { "type": "Polygon", "coordinates": [ [ [ -3.9305335, 38.9886024 ], [ -3.9307119, 38.9887454 ], [ -3.9307124, 38.9887463 ], [ -3.9315458, 38.9894229 ], [ -3.9316272, 38.9893577 ], [ -3.9317765, 38.9889816 ], [ -3.9320203, 38.988423 ], [ -3.9321533, 38.9880925 ], [ -3.9321534, 38.9880923 ], [ -3.9321564, 38.9880848 ], [ -3.9322685, 38.98784 ], [ -3.9324642, 38.9874098 ], [ -3.9325738, 38.9871684 ], [ -3.9325741, 38.9871675 ], [ -3.9326744, 38.9869101 ], [ -3.9329792, 38.9862088 ], [ -3.9326738, 38.986019 ], [ -3.9326514, 38.9860051 ], [ -3.9325887, 38.9859661 ], [ -3.9325873, 38.9859652 ], [ -3.9319206, 38.9855611 ], [ -3.93192, 38.9855619 ], [ -3.9315547, 38.9861698 ], [ -3.9314654, 38.9863185 ], [ -3.9314494, 38.9863449 ], [ -3.9314204, 38.9863998 ], [ -3.9313916, 38.9864543 ], [ -3.9313914, 38.9864548 ], [ -3.9313813, 38.9864739 ], [ -3.93119, 38.9869085 ], [ -3.9311148, 38.9870409 ], [ -3.9311089, 38.9870512 ], [ -3.9309861, 38.9873387 ], [ -3.9309553, 38.9874077 ], [ -3.9309521, 38.9874151 ], [ -3.9308844, 38.9875663 ], [ -3.9307606, 38.9878699 ], [ -3.9306546, 38.9881848 ], [ -3.9305709, 38.9884428 ], [ -3.9305335, 38.9886024 ] ] ] } },
{ "type": "Feature", "properties": { "CCAA": "08 - Castilla-La Mancha", "PROVINCIA": "13 - Ciudad Real", "MUNICIPIO": "13034 - Ciudad Real", "COD_MUNICIPIO": "13034", "DISTRITO": "02", "SECCION": "1303402021", "V1_H": 80.65, "V1_M": 86.42, "V2_H": 80.32339709, "V2_M": 86.16224497, "V3_H": 80.9318118, "V3_M": 86.73476557 }, "geometry": { "type": "Polygon", "coordinates": [ [ [ -3.9312627, 38.9936334 ], [ -3.9322021, 38.9943179 ], [ -3.9328972, 38.9948992 ], [ -3.9330914, 38.9949647 ], [ -3.9341262, 38.9952414 ], [ -3.938136, 38.9962989 ], [ -3.938676, 38.9964282 ], [ -3.939586, 38.9939012 ], [ -3.9395641, 38.9938837 ], [ -3.9384787, 38.9930197 ], [ -3.9368855, 38.9916898 ], [ -3.9338495, 38.9890604 ], [ -3.9338392, 38.9890677 ], [ -3.9333961, 38.9887505 ], [ -3.9333952, 38.9887525 ], [ -3.9332577, 38.9890887 ], [ -3.9332203, 38.9891801 ], [ -3.9332002, 38.9892293 ], [ -3.9331744, 38.9892868 ], [ -3.9329579, 38.9897697 ], [ -3.9327097, 38.9903458 ], [ -3.9326977, 38.9903735 ], [ -3.9323674, 38.9911399 ], [ -3.9323585, 38.9911599 ], [ -3.9323525, 38.9911734 ], [ -3.9320472, 38.9918582 ], [ -3.9320202, 38.9919189 ], [ -3.9318105, 38.9923895 ], [ -3.9317866, 38.992443 ], [ -3.9317141, 38.9926126 ], [ -3.9314855, 38.9931477 ], [ -3.9313002, 38.9935815 ], [ -3.9312681, 38.9936259 ], [ -3.9312627, 38.9936334 ] ] ] } },
{ "type": "Feature", "properties": { "CCAA": "08 - Castilla-La Mancha", "PROVINCIA": "13 - Ciudad Real", "MUNICIPIO": "13034 - Ciudad Real", "COD_MUNICIPIO": "13034", "DISTRITO": "03", "SECCION": "1303403006", "V1_H": 80.85, "V1_M": 86.44, "V2_H": 80.47892397, "V2_M": 86.23437891, "V3_H": 81.22204479, "V3_M": 86.80010662 }, "geometry": { "type": "Polygon", "coordinates": [ [ [ -3.9210318, 38.9936316 ], [ -3.9210267, 38.993637 ], [ -3.9210261, 38.9936376 ], [ -3.9215914, 38.9943412 ], [ -3.9217098, 38.9944886 ], [ -3.9220747, 38.994895 ], [ -3.922242, 38.9950808 ], [ -3.9226505, 38.9953816 ], [ -3.9227577, 38.9955562 ], [ -3.9227897, 38.9957196 ], [ -3.9225235, 38.9959907 ], [ -3.9224354, 38.9961317 ], [ -3.9229248, 38.996888 ], [ -3.9232509, 38.9966191 ], [ -3.92334, 38.9965456 ], [ -3.9235924, 38.9963682 ], [ -3.9237722, 38.9963668 ], [ -3.9239083, 38.9964592 ], [ -3.9240901, 38.9966098 ], [ -3.924682, 38.9971782 ], [ -3.9254717, 38.9979788 ], [ -3.9259644, 38.9984808 ], [ -3.9259645, 38.9984808 ], [ -3.926064, 38.9985822 ], [ -3.9264437, 38.9989651 ], [ -3.9263116, 38.9991767 ], [ -3.9260481, 38.9996583 ], [ -3.9258725, 38.9999871 ], [ -3.9257986, 39.0001547 ], [ -3.9256396, 39.0005152 ], [ -3.9254936, 39.0008087 ], [ -3.9258084, 39.0008179 ], [ -3.9263771, 39.0008622 ], [ -3.9273087, 39.0009346 ], [ -3.9276574, 39.0009462 ], [ -3.9276503, 39.0004041 ], [ -3.9277107, 38.9995252 ], [ -3.9278391, 38.9974181 ], [ -3.9279635, 38.996051 ], [ -3.9274479, 38.9958611 ], [ -3.9274031, 38.9958446 ], [ -3.927344, 38.9958175 ], [ -3.9271704, 38.9957381 ], [ -3.9262089, 38.995207 ], [ -3.9260676, 38.9951291 ], [ -3.9258779, 38.9950232 ], [ -3.9250744, 38.9945747 ], [ -3.9244696, 38.994237 ], [ -3.924261, 38.9940936 ], [ -3.9242396, 38.9940789 ], [ -3.9240913, 38.9939521 ], [ -3.923992, 38.9938673 ], [ -3.9235562, 38.9934461 ], [ -3.9233198, 38.9932175 ], [ -3.9230489, 38.9929595 ], [ -3.92302, 38.9929322 ], [ -3.9226153, 38.9925532 ], [ -3.9225865, 38.9925262 ], [ -3.9225412, 38.992487 ], [ -3.9225149, 38.9924644 ], [ -3.922428, 38.9925637 ], [ -3.9223967, 38.992599 ], [ -3.9223025, 38.9926719 ], [ -3.9221417, 38.9927949 ], [ -3.9219938, 38.9929074 ], [ -3.9218028, 38.9930543 ], [ -3.9216903, 38.9931377 ], [ -3.9216419, 38.9931762 ], [ -3.9215914, 38.9932132 ], [ -3.9214964, 38.9932854 ], [ -3.921349, 38.9933974 ], [ -3.9212265, 38.9934904 ], [ -3.9211453, 38.9935492 ], [ -3.9210474, 38.9936197 ], [ -3.9210336, 38.9936297 ], [ -3.9210318, 38.9936316 ] ] ] } },
{ "type": "Feature", "properties": { "CCAA": "08 - Castilla-La Mancha", "PROVINCIA": "13 - Ciudad Real", "MUNICIPIO": "13034 - Ciudad Real", "COD_MUNICIPIO": "13034", "DISTRITO": "04", "SECCION": "1303404007", "V1_H": 81.41, "V1_M": 86.82, "V2_H": 80.96532964, "V2_M": 86.87567885, "V3_H": 81.8694609, "V3_M": 86.90400308 }, "geometry": { "type": "Polygon", "coordinates": [ [ [ -3.925668, 38.9830522 ], [ -3.9257607, 38.9830809 ], [ -3.9257931, 38.9830909 ], [ -3.9261221, 38.9831925 ], [ -3.9264339, 38.9832806 ], [ -3.9265342, 38.9833446 ], [ -3.9265501, 38.983437 ], [ -3.9265567, 38.9834753 ], [ -3.9266025, 38.9837419 ], [ -3.9266783, 38.9840235 ], [ -3.9267673, 38.9843051 ], [ -3.9272559, 38.9842082 ], [ -3.927271, 38.9842053 ], [ -3.9277734, 38.9840202 ], [ -3.9278281, 38.9839976 ], [ -3.9278762, 38.9839799 ], [ -3.9285386, 38.983727 ], [ -3.9285393, 38.9837268 ], [ -3.928516, 38.983677 ], [ -3.9284596, 38.9835565 ], [ -3.9284597, 38.9835541 ], [ -3.9284599, 38.9835494 ], [ -3.928462, 38.9835036 ], [ -3.9284682, 38.9834509 ], [ -3.928478, 38.9833986 ], [ -3.9284917, 38.9833467 ], [ -3.9285022, 38.9833154 ], [ -3.9285089, 38.9832956 ], [ -3.9285105, 38.983292 ], [ -3.9285283, 38.983249 ], [ -3.9285299, 38.9832453 ], [ -3.9285447, 38.9832154 ], [ -3.9285543, 38.9831959 ], [ -3.9285689, 38.9831732 ], [ -3.9285707, 38.9831705 ], [ -3.9285842, 38.9831509 ], [ -3.9285852, 38.9831495 ], [ -3.9284988, 38.983097 ], [ -3.9284954, 38.9830949 ], [ -3.928414, 38.9829365 ], [ -3.9283615, 38.9828342 ], [ -3.928247, 38.9826118 ], [ -3.9282255, 38.9825699 ], [ -3.928164, 38.9824505 ], [ -3.9280489, 38.9821799 ], [ -3.9279197, 38.9818823 ], [ -3.9278455, 38.9816294 ], [ -3.9277468, 38.9813259 ], [ -3.9276201, 38.9808687 ], [ -3.9273491, 38.9798951 ], [ -3.9271593, 38.9799297 ], [ -3.926954, 38.9800801 ], [ -3.9262088, 38.9807574 ], [ -3.9254782, 38.9814215 ], [ -3.9252361, 38.9816415 ], [ -3.9251911, 38.9816824 ], [ -3.925205, 38.9817445 ], [ -3.9252228, 38.9818248 ], [ -3.9252389, 38.9818974 ], [ -3.9253037, 38.9819921 ], [ -3.9253303, 38.9820307 ], [ -3.9253403, 38.9820454 ], [ -3.9256321, 38.9824215 ], [ -3.9256863, 38.982483 ], [ -3.9256909, 38.9824882 ], [ -3.9257056, 38.9825048 ], [ -3.9257158, 38.9825164 ], [ -3.9257206, 38.9825218 ], [ -3.9257933, 38.9826042 ], [ -3.9258518, 38.9826704 ], [ -3.9258988, 38.9827236 ], [ -3.925851, 38.9827919 ], [ -3.9257345, 38.9829578 ], [ -3.925668, 38.9830522 ] ] ] } },
{ "type": "Feature", "properties": { "CCAA": "08 - Castilla-La Mancha", "PROVINCIA": "13 - Ciudad Real", "MUNICIPIO": "13034 - Ciudad Real", "COD_MUNICIPIO": "13034", "DISTRITO": "02", "SECCION": "1303402020", "V1_H": 79.86, "V1_M": 85.62, "V2_H": 79.74592797, "V2_M": 85.80311169, "V3_H": 80.14073418, "V3_M": 85.57864485 }, "geometry": { "type": "Polygon", "coordinates": [ [ [ -3.937509, 38.9856814 ], [ -3.9385978, 38.9870493 ], [ -3.9404979, 38.9861129 ], [ -3.9407118, 38.9861556 ], [ -3.939649, 38.9891217 ], [ -3.9402973, 38.9892753 ], [ -3.9406767, 38.9893779 ], [ -3.9408903, 38.9894391 ], [ -3.9410523, 38.9894414 ], [ -3.9424575, 38.989246 ], [ -3.9426464, 38.9886123 ], [ -3.9431935, 38.9871126 ], [ -3.9441006, 38.9851428 ], [ -3.9443376, 38.9849512 ], [ -3.9446588, 38.9847424 ], [ -3.9452128, 38.9845648 ], [ -3.9455945, 38.984394 ], [ -3.9455819, 38.9843927 ], [ -3.9447623, 38.9843101 ], [ -3.9437032, 38.9841207 ], [ -3.9429975, 38.9845497 ], [ -3.942407, 38.9841287 ], [ -3.9423154, 38.9841521 ], [ -3.9422762, 38.9841622 ], [ -3.942234, 38.9841738 ], [ -3.9420554, 38.9842236 ], [ -3.941804, 38.9842936 ], [ -3.9414667, 38.9843416 ], [ -3.9414153, 38.9843489 ], [ -3.9413639, 38.9843562 ], [ -3.9413465, 38.9843592 ], [ -3.9413169, 38.9843642 ], [ -3.941311, 38.9843651 ], [ -3.9412696, 38.9843718 ], [ -3.9412274, 38.9843782 ], [ -3.9411749, 38.9843857 ], [ -3.9411594, 38.9843878 ], [ -3.9411275, 38.984392 ], [ -3.9410798, 38.9843979 ], [ -3.9410321, 38.9844034 ], [ -3.9410082, 38.9844058 ], [ -3.9409844, 38.9844084 ], [ -3.9409612, 38.9844106 ], [ -3.9409365, 38.9844129 ], [ -3.9408886, 38.9844171 ], [ -3.940879, 38.9844179 ], [ -3.9408405, 38.9844209 ], [ -3.9402854, 38.9846901 ], [ -3.9399413, 38.9848569 ], [ -3.9395118, 38.9850655 ], [ -3.9393127, 38.9848183 ], [ -3.9384485, 38.9852511 ], [ -3.9381411, 38.9854048 ], [ -3.9380658, 38.9854426 ], [ -3.937993, 38.9854791 ], [ -3.9377004, 38.9856236 ], [ -3.937509, 38.9856814 ] ] ] } },
{ "type": "Feature", "properties": { "CCAA": "08 - Castilla-La Mancha", "PROVINCIA": "13 - Ciudad Real", "MUNICIPIO": "13034 - Ciudad Real", "COD_MUNICIPIO": "13034", "DISTRITO": "02", "SECCION": "1303402022", "V1_H": 81.04, "V1_M": 86.55, "V2_H": 80.90626992, "V2_M": 86.32523903000001, "V3_H": 81.22678782, "V3_M": 86.81274177 }, "geometry": { "type": "Polygon", "coordinates": [ [ [ -3.9271072, 39.0029274 ], [ -3.9270361, 39.0032131 ], [ -3.9270853, 39.0032164 ], [ -3.9268186, 39.0042002 ], [ -3.9259912, 39.0073482 ], [ -3.9253145, 39.0099406 ], [ -3.9249415, 39.0116066 ], [ -3.9249605, 39.0124974 ], [ -3.9250643, 39.0152517 ], [ -3.9250627, 39.0203382 ], [ -3.9251721, 39.0235164 ], [ -3.9269296, 39.0228667 ], [ -3.9313843, 39.0207118 ], [ -3.9376583, 39.0174825 ], [ -3.9457434, 39.0125957 ], [ -3.9549724, 39.0070102 ], [ -3.9501897, 39.0029231 ], [ -3.9395684, 38.9938709 ], [ -3.9395641, 38.9938837 ], [ -3.939586, 38.9939012 ], [ -3.938676, 38.9964282 ], [ -3.938136, 38.9962989 ], [ -3.9341262, 38.9952414 ], [ -3.9330914, 38.9949647 ], [ -3.9328972, 38.9948992 ], [ -3.9322021, 38.9943179 ], [ -3.9312627, 38.9936334 ], [ -3.9311931, 38.9937301 ], [ -3.9310049, 38.9939813 ], [ -3.9308328, 38.9941745 ], [ -3.9297456, 38.9953692 ], [ -3.9294298, 38.9957129 ], [ -3.9292283, 38.9958838 ], [ -3.9289547, 38.9959551 ], [ -3.9285827, 38.9959477 ], [ -3.9279756, 38.9959182 ], [ -3.9279635, 38.996051 ], [ -3.9278391, 38.9974181 ], [ -3.9277107, 38.9995252 ], [ -3.9276503, 39.0004041 ], [ -3.9276574, 39.0009462 ], [ -3.9276577, 39.0009713 ], [ -3.9276578, 39.0009806 ], [ -3.9277075, 39.0009848 ], [ -3.9271072, 39.0029274 ] ] ] } },
{ "type": "Feature", "properties": { "CCAA": "08 - Castilla-La Mancha", "PROVINCIA": "13 - Ciudad Real", "MUNICIPIO": "13034 - Ciudad Real", "COD_MUNICIPIO": "13034", "DISTRITO": "03", "SECCION": "1303403005", "V1_H": 80.99, "V1_M": 86.67, "V2_H": 80.575161, "V2_M": 86.38311792, "V3_H": 81.41956161, "V3_M": 87.05147909 }, "geometry": { "type": "Polygon", "coordinates": [ [ [ -3.9172491, 38.9970123 ], [ -3.9172547, 38.9970185 ], [ -3.9188272, 38.9998752 ], [ -3.9201973, 38.9995292 ], [ -3.9211061, 38.9992216 ], [ -3.9211801, 38.9993475 ], [ -3.9217522, 39.0004095 ], [ -3.9221138, 39.0018208 ], [ -3.9225758, 39.0036033 ], [ -3.9227987, 39.0046137 ], [ -3.9230041, 39.0042698 ], [ -3.9231894, 39.0038516 ], [ -3.9236034, 39.0034166 ], [ -3.9240953, 39.0031001 ], [ -3.9244909, 39.00271 ], [ -3.9271072, 39.0029274 ], [ -3.9277075, 39.0009848 ], [ -3.9276578, 39.0009806 ], [ -3.9276577, 39.0009713 ], [ -3.9276574, 39.0009462 ], [ -3.9273087, 39.0009346 ], [ -3.9263771, 39.0008622 ], [ -3.9258084, 39.0008179 ], [ -3.9254936, 39.0008087 ], [ -3.9256396, 39.0005152 ], [ -3.9257986, 39.0001547 ], [ -3.9258725, 38.9999871 ], [ -3.9260481, 38.9996583 ], [ -3.9263116, 38.9991767 ], [ -3.9264437, 38.9989651 ], [ -3.926064, 38.9985822 ], [ -3.9259645, 38.9984808 ], [ -3.9259644, 38.9984808 ], [ -3.9254717, 38.9979788 ], [ -3.924682, 38.9971782 ], [ -3.9240901, 38.9966098 ], [ -3.9239083, 38.9964592 ], [ -3.9237722, 38.9963668 ], [ -3.9235924, 38.9963682 ], [ -3.92334, 38.9965456 ], [ -3.9232509, 38.9966191 ], [ -3.9229248, 38.996888 ], [ -3.9224354, 38.9961317 ], [ -3.9225235, 38.9959907 ], [ -3.9227897, 38.9957196 ], [ -3.9227577, 38.9955562 ], [ -3.9226505, 38.9953816 ], [ -3.922242, 38.9950808 ], [ -3.9220747, 38.994895 ], [ -3.9217098, 38.9944886 ], [ -3.9215914, 38.9943412 ], [ -3.9210261, 38.9936376 ], [ -3.9210267, 38.993637 ], [ -3.9210318, 38.9936316 ], [ -3.9198804, 38.9919695 ], [ -3.9195114, 38.9917912 ], [ -3.9176696, 38.9911095 ], [ -3.9176007, 38.9914534 ], [ -3.9198195, 38.9947873 ], [ -3.9196633, 38.9949351 ], [ -3.9193772, 38.9952067 ], [ -3.919126, 38.9954419 ], [ -3.9189313, 38.9956298 ], [ -3.9187897, 38.9957644 ], [ -3.9185255, 38.9959456 ], [ -3.918388, 38.9960368 ], [ -3.9182264, 38.9961632 ], [ -3.9179655, 38.9963672 ], [ -3.9176879, 38.9965834 ], [ -3.9173278, 38.9968604 ], [ -3.9172166, 38.9969502 ], [ -3.917234, 38.9969801 ], [ -3.9172469, 38.9970048 ], [ -3.9172491, 38.9970123 ] ] ] } },
{ "type": "Feature", "properties": { "CCAA": "08 - Castilla-La Mancha", "PROVINCIA": "13 - Ciudad Real", "MUNICIPIO": "13034 - Ciudad Real", "COD_MUNICIPIO": "13034", "DISTRITO": "04", "SECCION": "1303404001", "V1_H": 81.73, "V1_M": 86.8, "V2_H": 81.31626673, "V2_M": 86.83145999, "V3_H": 82.17064416, "V3_M": 87.00536352 }, "geometry": { "type": "Polygon", "coordinates": [ [ [ -3.9251334, 38.9847388 ], [ -3.9252094, 38.9847936 ], [ -3.9252422, 38.9848934 ], [ -3.9252722, 38.9849846 ], [ -3.9253732, 38.985359 ], [ -3.925461, 38.9857361 ], [ -3.9255912, 38.9862426 ], [ -3.9261483, 38.9861551 ], [ -3.9262185, 38.9861265 ], [ -3.926271, 38.9861074 ], [ -3.9269209, 38.9861245 ], [ -3.9272596, 38.986122 ], [ -3.9272556, 38.9860717 ], [ -3.9274045, 38.9860652 ], [ -3.9279552, 38.9860413 ], [ -3.9284194, 38.9860061 ], [ -3.9284372, 38.9860048 ], [ -3.9284263, 38.9859288 ], [ -3.928403, 38.9857644 ], [ -3.9283544, 38.9855435 ], [ -3.9282478, 38.9850613 ], [ -3.9281936, 38.9850187 ], [ -3.928178, 38.9850064 ], [ -3.9281662, 38.9849973 ], [ -3.9281856, 38.984876 ], [ -3.9281878, 38.984863 ], [ -3.9282081, 38.9847359 ], [ -3.9282187, 38.9846696 ], [ -3.9282211, 38.9846539 ], [ -3.9282276, 38.9845941 ], [ -3.9282369, 38.984543 ], [ -3.9282384, 38.9845347 ], [ -3.9282535, 38.9844758 ], [ -3.9282727, 38.9844177 ], [ -3.9282906, 38.9843743 ], [ -3.9282962, 38.9843606 ], [ -3.9283028, 38.9843469 ], [ -3.9283236, 38.9843046 ], [ -3.9283551, 38.9842499 ], [ -3.9283745, 38.9842207 ], [ -3.9283904, 38.9841966 ], [ -3.928416, 38.9841629 ], [ -3.9284296, 38.9841451 ], [ -3.9284725, 38.9840952 ], [ -3.9285132, 38.9840532 ], [ -3.9285187, 38.9840474 ], [ -3.9285764, 38.9839761 ], [ -3.9286948, 38.98383 ], [ -3.9287014, 38.9838219 ], [ -3.928683, 38.9838215 ], [ -3.9286769, 38.9838208 ], [ -3.9286647, 38.9838194 ], [ -3.9286566, 38.9838177 ], [ -3.9286469, 38.9838156 ], [ -3.9286361, 38.9838121 ], [ -3.9286298, 38.98381 ], [ -3.9286231, 38.983807 ], [ -3.9286138, 38.9838029 ], [ -3.9286086, 38.9837999 ], [ -3.928599, 38.9837943 ], [ -3.9285856, 38.9837844 ], [ -3.9285587, 38.9837511 ], [ -3.9285393, 38.9837268 ], [ -3.9285386, 38.983727 ], [ -3.9278762, 38.9839799 ], [ -3.9278281, 38.9839976 ], [ -3.9277734, 38.9840202 ], [ -3.927271, 38.9842053 ], [ -3.9272559, 38.9842082 ], [ -3.9267673, 38.9843051 ], [ -3.9260287, 38.9844974 ], [ -3.9251334, 38.9847388 ] ] ] } },
{ "type": "Feature", "properties": { "CCAA": "08 - Castilla-La Mancha", "PROVINCIA": "13 - Ciudad Real", "MUNICIPIO": "13034 - Ciudad Real", "COD_MUNICIPIO": "13034", "DISTRITO": "04", "SECCION": "1303404012", "V1_H": 81.41, "V1_M": 86.82, "V2_H": 80.96532964, "V2_M": 86.87567885, "V3_H": 81.8694609, "V3_M": 86.90400308 }, "geometry": { "type": "Polygon", "coordinates": [ [ [ -3.9208652, 38.9834418 ], [ -3.9208585, 38.9834469 ], [ -3.9207965, 38.9834947 ], [ -3.9206795, 38.9835849 ], [ -3.9202727, 38.9839882 ], [ -3.9200025, 38.9843318 ], [ -3.9199908, 38.9843467 ], [ -3.9199877, 38.9843627 ], [ -3.9199152, 38.9847401 ], [ -3.9199672, 38.9852066 ], [ -3.9199708, 38.9852379 ], [ -3.920076, 38.9857461 ], [ -3.9200485, 38.9858121 ], [ -3.9200133, 38.9858966 ], [ -3.9199339, 38.9860877 ], [ -3.9202513, 38.9860224 ], [ -3.9203682, 38.9859984 ], [ -3.9205372, 38.9859636 ], [ -3.920594, 38.985952 ], [ -3.9206076, 38.9859492 ], [ -3.9208527, 38.9858966 ], [ -3.9217943, 38.9856723 ], [ -3.9218008, 38.9856707 ], [ -3.9218016, 38.9856705 ], [ -3.9217952, 38.985651 ], [ -3.9217729, 38.9855741 ], [ -3.9217474, 38.9854857 ], [ -3.9216919, 38.9852932 ], [ -3.921648, 38.9851409 ], [ -3.9216338, 38.9850919 ], [ -3.9216245, 38.9850592 ], [ -3.9215984, 38.9849679 ], [ -3.9215702, 38.9848688 ], [ -3.9215438, 38.9847765 ], [ -3.9215125, 38.9846667 ], [ -3.9216107, 38.9846509 ], [ -3.9218127, 38.9846191 ], [ -3.9221126, 38.984572 ], [ -3.9223913, 38.9845281 ], [ -3.9226055, 38.9844944 ], [ -3.9228613, 38.9844542 ], [ -3.9229124, 38.9844448 ], [ -3.922964, 38.9844351 ], [ -3.9231879, 38.9843931 ], [ -3.9234868, 38.9843371 ], [ -3.9237822, 38.9842817 ], [ -3.9238341, 38.984272 ], [ -3.9240334, 38.9842346 ], [ -3.9242018, 38.984203 ], [ -3.9242021, 38.984203 ], [ -3.9249379, 38.9840806 ], [ -3.925186, 38.9840394 ], [ -3.9251955, 38.983982 ], [ -3.9252722, 38.9837619 ], [ -3.9252904, 38.9837097 ], [ -3.925668, 38.9830522 ], [ -3.9257345, 38.9829578 ], [ -3.925851, 38.9827919 ], [ -3.9258988, 38.9827236 ], [ -3.9258518, 38.9826704 ], [ -3.9257933, 38.9826042 ], [ -3.9257206, 38.9825218 ], [ -3.9257158, 38.9825164 ], [ -3.9257056, 38.9825048 ], [ -3.9256909, 38.9824882 ], [ -3.9256863, 38.982483 ], [ -3.9256321, 38.9824215 ], [ -3.9253403, 38.9820454 ], [ -3.9253303, 38.9820307 ], [ -3.9253037, 38.9819921 ], [ -3.9252389, 38.9818974 ], [ -3.9252228, 38.9818248 ], [ -3.925205, 38.9817445 ], [ -3.9251911, 38.9816824 ], [ -3.9251108, 38.981714 ], [ -3.9251024, 38.9817173 ], [ -3.9251016, 38.9817176 ], [ -3.9250313, 38.9817452 ], [ -3.9249469, 38.9817783 ], [ -3.9249449, 38.9817791 ], [ -3.9249083, 38.9818086 ], [ -3.9248739, 38.9818365 ], [ -3.9248344, 38.9818685 ], [ -3.9246788, 38.9819943 ], [ -3.9245859, 38.9820852 ], [ -3.9244796, 38.9821894 ], [ -3.9244295, 38.9822385 ], [ -3.9242648, 38.982378 ], [ -3.9241311, 38.9824912 ], [ -3.9240496, 38.9825261 ], [ -3.9238354, 38.9826177 ], [ -3.9236744, 38.9826866 ], [ -3.9233217, 38.9827906 ], [ -3.9228437, 38.9828476 ], [ -3.9227777, 38.9828491 ], [ -3.9223717, 38.9828585 ], [ -3.9223522, 38.9828589 ], [ -3.9223159, 38.9828597 ], [ -3.9222672, 38.9828648 ], [ -3.9222504, 38.9828665 ], [ -3.9220954, 38.9828828 ], [ -3.9215138, 38.9829437 ], [ -3.9214907, 38.9829461 ], [ -3.9214805, 38.9829525 ], [ -3.9214172, 38.982992 ], [ -3.9213218, 38.9830514 ], [ -3.9211574, 38.9831539 ], [ -3.9211487, 38.9831594 ], [ -3.9209707, 38.9833416 ], [ -3.9208959, 38.9834182 ], [ -3.9208652, 38.9834418 ] ] ] } },
{ "type": "Feature", "properties": { "CCAA": "08 - Castilla-La Mancha", "PROVINCIA": "13 - Ciudad Real", "MUNICIPIO": "13034 - Ciudad Real", "COD_MUNICIPIO": "13034", "DISTRITO": "04", "SECCION": "1303404013", "V1_H": 81.73, "V1_M": 86.8, "V2_H": 81.31626673, "V2_M": 86.83145999, "V3_H": 82.17064416, "V3_M": 87.00536352 }, "geometry": { "type": "Polygon", "coordinates": [ [ [ -3.9093216, 38.9775872 ], [ -3.9089387, 38.9780249 ], [ -3.9080502, 38.9789295 ], [ -3.9066661, 38.9801893 ], [ -3.9056208, 38.9813527 ], [ -3.904438, 38.9827201 ], [ -3.9036121, 38.983835 ], [ -3.9029664, 38.9849719 ], [ -3.9024567, 38.9857877 ], [ -3.9020125, 38.9870401 ], [ -3.9017069, 38.9881821 ], [ -3.9011215, 38.989342 ], [ -3.9006903, 38.9900479 ], [ -3.8999993, 38.9907714 ], [ -3.8994824, 38.9910252 ], [ -3.8988817, 38.9909829 ], [ -3.8983012, 38.9909562 ], [ -3.8976254, 38.9913049 ], [ -3.8972101, 38.9916827 ], [ -3.8971538, 38.9919798 ], [ -3.8969179, 38.9923095 ], [ -3.8963417, 38.9926262 ], [ -3.8957662, 38.9929897 ], [ -3.8973207, 38.992522 ], [ -3.9021835, 38.9910589 ], [ -3.9069273, 38.9896951 ], [ -3.9112132, 38.9885065 ], [ -3.9145018, 38.9875674 ], [ -3.9149735, 38.9874352 ], [ -3.9148673, 38.9873064 ], [ -3.9145073, 38.9868702 ], [ -3.9143807, 38.9866921 ], [ -3.9142889, 38.9865149 ], [ -3.9142169, 38.9863456 ], [ -3.9141768, 38.9861883 ], [ -3.9141601, 38.9860887 ], [ -3.914137, 38.985952 ], [ -3.9141194, 38.9858472 ], [ -3.9141193, 38.9858465 ], [ -3.9141018, 38.9855205 ], [ -3.9141038, 38.9854882 ], [ -3.9141115, 38.9853681 ], [ -3.9143435, 38.9846911 ], [ -3.9144252, 38.9845833 ], [ -3.9144523, 38.9845474 ], [ -3.9145582, 38.9843423 ], [ -3.9145764, 38.9843068 ], [ -3.9146463, 38.9841716 ], [ -3.9147568, 38.9839573 ], [ -3.9152298, 38.9830406 ], [ -3.9153642, 38.98278 ], [ -3.9157661, 38.9820008 ], [ -3.9158205, 38.9818912 ], [ -3.9159135, 38.9817042 ], [ -3.9159702, 38.9815976 ], [ -3.9166816, 38.9802597 ], [ -3.9167556, 38.9801397 ], [ -3.9167667, 38.9801186 ], [ -3.9125921, 38.9788752 ], [ -3.9112329, 38.9814989 ], [ -3.9102934, 38.9796942 ], [ -3.9098177, 38.9788014 ], [ -3.9096939, 38.9786784 ], [ -3.9093216, 38.9775872 ] ] ] } },
{ "type": "Feature", "properties": { "CCAA": "08 - Castilla-La Mancha", "PROVINCIA": "13 - Ciudad Real", "MUNICIPIO": "13034 - Ciudad Real", "COD_MUNICIPIO": "13034", "DISTRITO": "01", "SECCION": "1303401005", "V1_H": 80.53, "V1_M": 86.43, "V2_H": 80.43347749, "V2_M": 86.30479166000001, "V3_H": 80.8868878, "V3_M": 86.74881461 }, "geometry": { "type": "Polygon", "coordinates": [ [ [ -3.9193812, 38.9773506 ], [ -3.9194661, 38.9774743 ], [ -3.9196521, 38.9777454 ], [ -3.9197951, 38.9778852 ], [ -3.9200119, 38.9780974 ], [ -3.9200895, 38.9781732 ], [ -3.9200902, 38.9781739 ], [ -3.9204228, 38.9784943 ], [ -3.9204894, 38.9785585 ], [ -3.9209189, 38.9789512 ], [ -3.9209697, 38.9789946 ], [ -3.9209825, 38.9790056 ], [ -3.9210763, 38.9790858 ], [ -3.9213363, 38.9793086 ], [ -3.9216938, 38.9795577 ], [ -3.9217891, 38.979621 ], [ -3.9222167, 38.9798857 ], [ -3.9225782, 38.9801097 ], [ -3.9226503, 38.9801554 ], [ -3.9230435, 38.9804057 ], [ -3.9231818, 38.9804938 ], [ -3.9235426, 38.9807129 ], [ -3.9235429, 38.9807131 ], [ -3.9236084, 38.9807529 ], [ -3.9236742, 38.9807928 ], [ -3.9238618, 38.9809067 ], [ -3.9241604, 38.9810881 ], [ -3.9242691, 38.9811542 ], [ -3.9244454, 38.9812604 ], [ -3.924676, 38.9813995 ], [ -3.9247176, 38.9814246 ], [ -3.9247316, 38.981433 ], [ -3.9247677, 38.9814548 ], [ -3.9247961, 38.9814719 ], [ -3.9248318, 38.9814935 ], [ -3.9248459, 38.9815019 ], [ -3.9248709, 38.981517 ], [ -3.9248879, 38.9815273 ], [ -3.9249019, 38.9815357 ], [ -3.9249048, 38.9815374 ], [ -3.9249121, 38.9815418 ], [ -3.9249605, 38.9815662 ], [ -3.9250182, 38.9815953 ], [ -3.9250487, 38.9816107 ], [ -3.9251132, 38.9816431 ], [ -3.9251211, 38.9816471 ], [ -3.9251833, 38.9816785 ], [ -3.9251911, 38.9816824 ], [ -3.9252361, 38.9816415 ], [ -3.9254782, 38.9814215 ], [ -3.9262088, 38.9807574 ], [ -3.926954, 38.9800801 ], [ -3.9271593, 38.9799297 ], [ -3.9273491, 38.9798951 ], [ -3.9271024, 38.9798459 ], [ -3.9269205, 38.9798097 ], [ -3.9266894, 38.9797636 ], [ -3.9264711, 38.9797202 ], [ -3.9264333, 38.9797117 ], [ -3.9262811, 38.9796728 ], [ -3.926151, 38.9796396 ], [ -3.9260722, 38.9796195 ], [ -3.9258614, 38.9795657 ], [ -3.9256194, 38.979504 ], [ -3.9252983, 38.9794221 ], [ -3.9251577, 38.9793862 ], [ -3.9250455, 38.9793576 ], [ -3.92493, 38.979328 ], [ -3.9245584, 38.979218 ], [ -3.9242634, 38.9791307 ], [ -3.9241787, 38.9791056 ], [ -3.9240071, 38.9790548 ], [ -3.9238826, 38.9790179 ], [ -3.9238292, 38.979002 ], [ -3.923606, 38.9789091 ], [ -3.9233191, 38.9787897 ], [ -3.9232292, 38.9787523 ], [ -3.9229845, 38.9786504 ], [ -3.9227941, 38.9785713 ], [ -3.9225646, 38.9784788 ], [ -3.922347, 38.9783911 ], [ -3.9222449, 38.9783499 ], [ -3.9220599, 38.9782754 ], [ -3.9218628, 38.9781959 ], [ -3.9216712, 38.9781186 ], [ -3.9214079, 38.9780125 ], [ -3.9211866, 38.9779234 ], [ -3.920938, 38.9778271 ], [ -3.9208065, 38.9777761 ], [ -3.9206466, 38.9777141 ], [ -3.9205017, 38.9776579 ], [ -3.9203325, 38.9775923 ], [ -3.9202204, 38.9775489 ], [ -3.9198805, 38.9774686 ], [ -3.9196826, 38.9774218 ], [ -3.9195119, 38.9773815 ], [ -3.919401, 38.9773553 ], [ -3.9193812, 38.9773506 ] ] ] } },
{ "type": "Feature", "properties": { "CCAA": "08 - Castilla-La Mancha", "PROVINCIA": "13 - Ciudad Real", "MUNICIPIO": "13034 - Ciudad Real", "COD_MUNICIPIO": "13034", "DISTRITO": "02", "SECCION": "1303402005", "V1_H": 80.24, "V1_M": 86.29, "V2_H": 79.84273941, "V2_M": 86.47368807, "V3_H": 80.7355329, "V3_M": 86.23078999000001 }, "geometry": { "type": "Polygon", "coordinates": [ [ [ -3.9394847, 38.9836827 ], [ -3.9399688, 38.9842906 ], [ -3.9402854, 38.9846901 ], [ -3.9408405, 38.9844209 ], [ -3.940879, 38.9844179 ], [ -3.9408886, 38.9844171 ], [ -3.9409365, 38.9844129 ], [ -3.9409612, 38.9844106 ], [ -3.9409844, 38.9844084 ], [ -3.9410082, 38.9844058 ], [ -3.9410321, 38.9844034 ], [ -3.9410798, 38.9843979 ], [ -3.9411275, 38.984392 ], [ -3.9411594, 38.9843878 ], [ -3.9411749, 38.9843857 ], [ -3.9412274, 38.9843782 ], [ -3.9412696, 38.9843718 ], [ -3.941311, 38.9843651 ], [ -3.9413169, 38.9843642 ], [ -3.9413465, 38.9843592 ], [ -3.9413639, 38.9843562 ], [ -3.9414153, 38.9843489 ], [ -3.9414667, 38.9843416 ], [ -3.941804, 38.9842936 ], [ -3.9420554, 38.9842236 ], [ -3.942234, 38.9841738 ], [ -3.9422762, 38.9841622 ], [ -3.9423154, 38.9841521 ], [ -3.942407, 38.9841287 ], [ -3.9429975, 38.9845497 ], [ -3.9437032, 38.9841207 ], [ -3.9447623, 38.9843101 ], [ -3.9455819, 38.9843927 ], [ -3.9457446, 38.9843828 ], [ -3.9456296, 38.9822418 ], [ -3.9466055, 38.9807264 ], [ -3.9482181, 38.9814054 ], [ -3.9487297, 38.9806363 ], [ -3.9482895, 38.9804889 ], [ -3.9480395, 38.9791239 ], [ -3.9475912, 38.9793701 ], [ -3.9475893, 38.9793758 ], [ -3.9475088, 38.9794236 ], [ -3.9471607, 38.9796303 ], [ -3.9471112, 38.9796568 ], [ -3.9470602, 38.9796816 ], [ -3.947008, 38.9797046 ], [ -3.9469544, 38.9797261 ], [ -3.9468999, 38.9797457 ], [ -3.9468443, 38.9797636 ], [ -3.9467879, 38.9797795 ], [ -3.9467305, 38.9797937 ], [ -3.9466725, 38.979806 ], [ -3.9466139, 38.9798163 ], [ -3.9465548, 38.9798248 ], [ -3.9464282, 38.9797993 ], [ -3.9461445, 38.9798451 ], [ -3.9459737, 38.9798728 ], [ -3.94463, 38.9800733 ], [ -3.9445068, 38.9800938 ], [ -3.9445065, 38.9800938 ], [ -3.9435689, 38.9802502 ], [ -3.9434245, 38.9802742 ], [ -3.9430959, 38.9803291 ], [ -3.9429855, 38.9803465 ], [ -3.9427466, 38.9803842 ], [ -3.9424663, 38.9804286 ], [ -3.9420897, 38.9804606 ], [ -3.941959, 38.9804717 ], [ -3.9419553, 38.980472 ], [ -3.941711, 38.9805049 ], [ -3.9409738, 38.9805672 ], [ -3.940384, 38.9806897 ], [ -3.9400457, 38.9807365 ], [ -3.9400388, 38.980738 ], [ -3.9396091, 38.9808274 ], [ -3.9395831, 38.9808328 ], [ -3.9394219, 38.9808705 ], [ -3.9393753, 38.9808815 ], [ -3.9391313, 38.9809386 ], [ -3.9390915, 38.9809479 ], [ -3.9388413, 38.9810064 ], [ -3.9387639, 38.9810245 ], [ -3.938526, 38.9810803 ], [ -3.9380633, 38.9812195 ], [ -3.9380279, 38.9812441 ], [ -3.9380082, 38.9812579 ], [ -3.9379973, 38.9812654 ], [ -3.9379816, 38.9812763 ], [ -3.9378861, 38.981343 ], [ -3.9378302, 38.9814006 ], [ -3.9378204, 38.9814107 ], [ -3.9378126, 38.9814187 ], [ -3.9377838, 38.9814484 ], [ -3.9377557, 38.9814774 ], [ -3.9378031, 38.9815415 ], [ -3.9378519, 38.9816072 ], [ -3.9378863, 38.9816538 ], [ -3.9381582, 38.9820214 ], [ -3.938164, 38.9820294 ], [ -3.9384075, 38.9823252 ], [ -3.9384671, 38.9823976 ], [ -3.9384896, 38.9824256 ], [ -3.9385372, 38.9824851 ], [ -3.9386099, 38.9825758 ], [ -3.9388319, 38.9828532 ], [ -3.9388554, 38.9828828 ], [ -3.9390423, 38.9831215 ], [ -3.9393222, 38.9834788 ], [ -3.9394847, 38.9836827 ] ] ] } },
{ "type": "Feature", "properties": { "CCAA": "08 - Castilla-La Mancha", "PROVINCIA": "13 - Ciudad Real", "MUNICIPIO": "13034 - Ciudad Real", "COD_MUNICIPIO": "13034", "DISTRITO": "02", "SECCION": "1303402012", "V1_H": 79.85, "V1_M": 85.78, "V2_H": 79.86035794, "V2_M": 85.76242541000001, "V3_H": 79.99500792000001, "V3_M": 85.93655133 }, "geometry": { "type": "Polygon", "coordinates": [ [ [ -3.9297068, 38.9911004 ], [ -3.9297396, 38.9911232 ], [ -3.9298232, 38.9911505 ], [ -3.9303884, 38.9913352 ], [ -3.930408, 38.9913417 ], [ -3.9307581, 38.9914561 ], [ -3.9307597, 38.9914567 ], [ -3.9310891, 38.991562 ], [ -3.9312563, 38.9916136 ], [ -3.9315945, 38.9917182 ], [ -3.9320472, 38.9918582 ], [ -3.9323525, 38.9911734 ], [ -3.9323585, 38.9911599 ], [ -3.9323674, 38.9911399 ], [ -3.9326977, 38.9903735 ], [ -3.9327097, 38.9903458 ], [ -3.9327096, 38.9903457 ], [ -3.9315519, 38.9894279 ], [ -3.9315458, 38.9894229 ], [ -3.9307124, 38.9887463 ], [ -3.9307119, 38.9887454 ], [ -3.9305335, 38.9886024 ], [ -3.9305151, 38.988681 ], [ -3.9304913, 38.9887251 ], [ -3.9304615, 38.9887445 ], [ -3.930418, 38.9888607 ], [ -3.9303091, 38.9891874 ], [ -3.9302162, 38.9894493 ], [ -3.9301509, 38.9896723 ], [ -3.9301379, 38.9897336 ], [ -3.9300967, 38.9899279 ], [ -3.9299664, 38.9903216 ], [ -3.9299553, 38.9903551 ], [ -3.929742, 38.9909992 ], [ -3.9297222, 38.991059 ], [ -3.9297157, 38.9910767 ], [ -3.92971, 38.9910918 ], [ -3.9297073, 38.9910994 ], [ -3.9297068, 38.9911004 ] ] ] } },
{ "type": "Feature", "properties": { "CCAA": "08 - Castilla-La Mancha", "PROVINCIA": "13 - Ciudad Real", "MUNICIPIO": "13034 - Ciudad Real", "COD_MUNICIPIO": "13034", "DISTRITO": "02", "SECCION": "1303402019", "V1_H": 81.73, "V1_M": 86.8, "V2_H": 81.31626673, "V2_M": 86.83145999, "V3_H": 82.17064416, "V3_M": 87.00536352 }, "geometry": { "type": "Polygon", "coordinates": [ [ [ -3.9357767, 38.9780577 ], [ -3.9361398, 38.9782467 ], [ -3.9371155, 38.9779031 ], [ -3.9386899, 38.9775107 ], [ -3.9410293, 38.9771935 ], [ -3.9410312, 38.9771999 ], [ -3.9435565, 38.9768193 ], [ -3.9457724, 38.9764455 ], [ -3.945979, 38.9764111 ], [ -3.9458792, 38.9762013 ], [ -3.9458193, 38.9760643 ], [ -3.9457718, 38.9759589 ], [ -3.9456961, 38.9757928 ], [ -3.9455904, 38.9755663 ], [ -3.9455076, 38.9753883 ], [ -3.9453691, 38.9750842 ], [ -3.9453262, 38.9749882 ], [ -3.9452476, 38.9748188 ], [ -3.9451634, 38.9746366 ], [ -3.9451462, 38.9745977 ], [ -3.9449885, 38.9744161 ], [ -3.9449237, 38.9743386 ], [ -3.9447828, 38.9741774 ], [ -3.9446815, 38.9740624 ], [ -3.9446428, 38.9740335 ], [ -3.9446051, 38.973917 ], [ -3.9445588, 38.9737738 ], [ -3.9445353, 38.9737014 ], [ -3.944474, 38.9735118 ], [ -3.9444053, 38.9733 ], [ -3.9443655, 38.973179 ], [ -3.9443363, 38.9730899 ], [ -3.9443075, 38.9730021 ], [ -3.944253, 38.9728361 ], [ -3.9441945, 38.9726577 ], [ -3.9441623, 38.9725594 ], [ -3.9441377, 38.9724847 ], [ -3.9440876, 38.9723322 ], [ -3.9440522, 38.9722245 ], [ -3.944011, 38.9721025 ], [ -3.9439582, 38.9720037 ], [ -3.9439286, 38.9719482 ], [ -3.943893, 38.971902 ], [ -3.9438304, 38.9718226 ], [ -3.9437136, 38.9717211 ], [ -3.9436027, 38.9716255 ], [ -3.9434079, 38.9714638 ], [ -3.9433548, 38.9714197 ], [ -3.9433083, 38.9713773 ], [ -3.9432568, 38.9713303 ], [ -3.9430993, 38.9712365 ], [ -3.9429504, 38.9711482 ], [ -3.942924, 38.9711277 ], [ -3.9428995, 38.9711082 ], [ -3.9427979, 38.9712135 ], [ -3.9427642, 38.9712482 ], [ -3.9424036, 38.9716189 ], [ -3.9417771, 38.9722764 ], [ -3.9414922, 38.9725681 ], [ -3.9407937, 38.973295 ], [ -3.940293, 38.9738139 ], [ -3.9397083, 38.9744188 ], [ -3.9394115, 38.9747321 ], [ -3.9393496, 38.9747889 ], [ -3.939222, 38.9747193 ], [ -3.9392303, 38.9747241 ], [ -3.9392297, 38.9747247 ], [ -3.9374074, 38.9764458 ], [ -3.9357767, 38.9780577 ] ] ] } },
{ "type": "Feature", "properties": { "CCAA": "08 - Castilla-La Mancha", "PROVINCIA": "13 - Ciudad Real", "MUNICIPIO": "13034 - Ciudad Real", "COD_MUNICIPIO": "13034", "DISTRITO": "04", "SECCION": "1303404002", "V1_H": 80.78, "V1_M": 86.64, "V2_H": 80.55514168000001, "V2_M": 86.45889906, "V3_H": 81.06237696, "V3_M": 86.87120108000001 }, "geometry": { "type": "Polygon", "coordinates": [ [ [ -3.9255912, 38.9862426 ], [ -3.9256269, 38.9865466 ], [ -3.9257093, 38.9872906 ], [ -3.9257061, 38.9874635 ], [ -3.9257035, 38.9875967 ], [ -3.9256899, 38.9880264 ], [ -3.9257889, 38.9882917 ], [ -3.9257893, 38.9882923 ], [ -3.9258864, 38.9885049 ], [ -3.9259231, 38.9885614 ], [ -3.9260903, 38.9884072 ], [ -3.9261213, 38.9883772 ], [ -3.9261911, 38.9883097 ], [ -3.9263848, 38.9881223 ], [ -3.9263853, 38.9881218 ], [ -3.9272039, 38.9874517 ], [ -3.9273679, 38.9873173 ], [ -3.9284808, 38.9864191 ], [ -3.9284863, 38.9863905 ], [ -3.9284913, 38.9863645 ], [ -3.9284914, 38.9863638 ], [ -3.9284873, 38.9863372 ], [ -3.9284566, 38.9861421 ], [ -3.9284378, 38.9860097 ], [ -3.9284372, 38.9860048 ], [ -3.9284194, 38.9860061 ], [ -3.9279552, 38.9860413 ], [ -3.9274045, 38.9860652 ], [ -3.9272556, 38.9860717 ], [ -3.9272596, 38.986122 ], [ -3.9269209, 38.9861245 ], [ -3.926271, 38.9861074 ], [ -3.9262185, 38.9861265 ], [ -3.9261483, 38.9861551 ], [ -3.9255912, 38.9862426 ] ] ] } },
{ "type": "Feature", "properties": { "CCAA": "08 - Castilla-La Mancha", "PROVINCIA": "13 - Ciudad Real", "MUNICIPIO": "13034 - Ciudad Real", "COD_MUNICIPIO": "13034", "DISTRITO": "04", "SECCION": "1303404009", "V1_H": 81.68, "V1_M": 87.08, "V2_H": 81.12537096, "V2_M": 86.91948792, "V3_H": 82.31095034000001, "V3_M": 87.32789848 }, "geometry": { "type": "Polygon", "coordinates": [ [ [ -3.9242018, 38.984203 ], [ -3.9240334, 38.9842346 ], [ -3.9238341, 38.984272 ], [ -3.9237822, 38.9842817 ], [ -3.9234868, 38.9843371 ], [ -3.9231879, 38.9843931 ], [ -3.922964, 38.9844351 ], [ -3.9229124, 38.9844448 ], [ -3.9228613, 38.9844542 ], [ -3.9226055, 38.9844944 ], [ -3.9223913, 38.9845281 ], [ -3.9221126, 38.984572 ], [ -3.9218127, 38.9846191 ], [ -3.9216107, 38.9846509 ], [ -3.9215125, 38.9846667 ], [ -3.9215438, 38.9847765 ], [ -3.9215702, 38.9848688 ], [ -3.9215984, 38.9849679 ], [ -3.9216245, 38.9850592 ], [ -3.9216338, 38.9850919 ], [ -3.921648, 38.9851409 ], [ -3.9216919, 38.9852932 ], [ -3.9217474, 38.9854857 ], [ -3.9217729, 38.9855741 ], [ -3.9217952, 38.985651 ], [ -3.9218016, 38.9856705 ], [ -3.9218856, 38.9856493 ], [ -3.9221065, 38.9855935 ], [ -3.9223625, 38.9855289 ], [ -3.9231179, 38.9853381 ], [ -3.9231602, 38.9853267 ], [ -3.9231822, 38.9853208 ], [ -3.923457, 38.9852471 ], [ -3.9237725, 38.9851625 ], [ -3.9238442, 38.9851433 ], [ -3.9239701, 38.9851095 ], [ -3.9242218, 38.9850421 ], [ -3.9243834, 38.9849987 ], [ -3.9245099, 38.9849648 ], [ -3.9243788, 38.9846402 ], [ -3.9243631, 38.9846016 ], [ -3.9242373, 38.9842906 ], [ -3.9242133, 38.9842314 ], [ -3.9242062, 38.9842137 ], [ -3.9242024, 38.9842044 ], [ -3.9242021, 38.9842036 ], [ -3.9242018, 38.984203 ] ] ] } }
]
}
