{
"type": "FeatureCollection",
"name": "30016",
"features": [
{ "type": "Feature", "properties": { "CCAA": "14 - Región de Murcia", "PROVINCIA": "30 - Murcia", "MUNICIPIO": "30016 - Cartagena", "COD_MUNICIPIO": "30016", "DISTRITO": "01", "SECCION": "3001601004", "V1_H": 80.85, "V1_M": 86.44, "V2_H": 80.47892397, "V2_M": 86.23437891, "V3_H": 81.22204479, "V3_M": 86.80010662 }, "geometry": { "type": "Polygon", "coordinates": [ [ [ -0.9775871, 37.6049871 ], [ -0.9777381, 37.6061262 ], [ -0.9777435, 37.6061263 ], [ -0.9792548, 37.6060751 ], [ -0.980759, 37.6060254 ], [ -0.9808869, 37.606017 ], [ -0.9809907, 37.6060011 ], [ -0.9809816, 37.6056012 ], [ -0.9809821, 37.6056011 ], [ -0.980945, 37.6055088 ], [ -0.9808835, 37.605367 ], [ -0.980737, 37.6049844 ], [ -0.9806928, 37.6048765 ], [ -0.9806745, 37.6048125 ], [ -0.980664, 37.6047766 ], [ -0.9806331, 37.6046463 ], [ -0.9806267, 37.6046196 ], [ -0.9805962, 37.6045195 ], [ -0.9805664, 37.6044511 ], [ -0.9804585, 37.6042069 ], [ -0.9804436, 37.6041718 ], [ -0.9803743, 37.6040105 ], [ -0.9803508, 37.6039555 ], [ -0.9803494, 37.6039522 ], [ -0.9802768, 37.603783 ], [ -0.9802506, 37.6037344 ], [ -0.9802504, 37.6037341 ], [ -0.9805315, 37.6036086 ], [ -0.9805779, 37.6035828 ], [ -0.9808634, 37.6034242 ], [ -0.981057, 37.6033141 ], [ -0.9811042, 37.6032408 ], [ -0.9816855, 37.6028874 ], [ -0.9817736, 37.6028842 ], [ -0.9817922, 37.6028836 ], [ -0.9820995, 37.602707 ], [ -0.9824122, 37.6025183 ], [ -0.9826194, 37.602397 ], [ -0.9825767, 37.6023567 ], [ -0.9823582, 37.6021225 ], [ -0.9821844, 37.6019593 ], [ -0.9821723, 37.6019677 ], [ -0.9820886, 37.6020162 ], [ -0.981924, 37.602112 ], [ -0.9813962, 37.6015298 ], [ -0.9812181, 37.6013027 ], [ -0.9812022, 37.6012779 ], [ -0.9810935, 37.6013663 ], [ -0.9808957, 37.6015269 ], [ -0.9806984, 37.6013058 ], [ -0.980575, 37.6012944 ], [ -0.9802102, 37.6012629 ], [ -0.9801818, 37.6012226 ], [ -0.9799407, 37.601361 ], [ -0.9799063, 37.6013763 ], [ -0.9799036, 37.6013739 ], [ -0.9798949, 37.6013635 ], [ -0.9798911, 37.6013615 ], [ -0.9798808, 37.6013585 ], [ -0.9798628, 37.6013535 ], [ -0.9798526, 37.6013447 ], [ -0.979817, 37.6012697 ], [ -0.9797863, 37.6011575 ], [ -0.9797792, 37.6011319 ], [ -0.9797499, 37.6010666 ], [ -0.9796969, 37.6009171 ], [ -0.9797491, 37.6009028 ], [ -0.9796436, 37.6005867 ], [ -0.9796646, 37.6005756 ], [ -0.9796883, 37.6005645 ], [ -0.9797042, 37.6005496 ], [ -0.979723, 37.6005309 ], [ -0.979739, 37.6005121 ], [ -0.9797578, 37.6004857 ], [ -0.9797873, 37.600452 ], [ -0.9798194, 37.6004163 ], [ -0.9798486, 37.6003921 ], [ -0.9798883, 37.6003661 ], [ -0.9799409, 37.6003364 ], [ -0.980004, 37.6003033 ], [ -0.9800383, 37.6002829 ], [ -0.9800516, 37.6002736 ], [ -0.9800675, 37.6002606 ], [ -0.9800783, 37.6002474 ], [ -0.9800864, 37.6002323 ], [ -0.9800869, 37.6002132 ], [ -0.9800849, 37.6001904 ], [ -0.9800753, 37.6001616 ], [ -0.9800292, 37.6000344 ], [ -0.9798419, 37.5994408 ], [ -0.9798151, 37.5993557 ], [ -0.9798298, 37.599198 ], [ -0.9797626, 37.5990168 ], [ -0.9797214, 37.5990557 ], [ -0.9792541, 37.59914 ], [ -0.9787139, 37.5992444 ], [ -0.9786747, 37.5992491 ], [ -0.9786354, 37.599249 ], [ -0.9785929, 37.5992444 ], [ -0.978557, 37.5992375 ], [ -0.9785243, 37.5992306 ], [ -0.9784818, 37.5992284 ], [ -0.9784556, 37.5992284 ], [ -0.978401, 37.5992337 ], [ -0.9779532, 37.5992816 ], [ -0.9776685, 37.5993084 ], [ -0.9773976, 37.5993341 ], [ -0.9773323, 37.5993386 ], [ -0.9772374, 37.5993317 ], [ -0.9772113, 37.5993957 ], [ -0.9772095, 37.5994002 ], [ -0.9771943, 37.5994369 ], [ -0.9771552, 37.5995513 ], [ -0.9771355, 37.5996222 ], [ -0.9771198, 37.5996718 ], [ -0.9771159, 37.5996839 ], [ -0.9770666, 37.6000348 ], [ -0.9770566, 37.6001023 ], [ -0.9770556, 37.600301 ], [ -0.977065, 37.6004241 ], [ -0.9770696, 37.6004522 ], [ -0.9771413, 37.6008994 ], [ -0.9772492, 37.6016549 ], [ -0.9773122, 37.6021167 ], [ -0.9773166, 37.6021737 ], [ -0.9773255, 37.6022607 ], [ -0.9773432, 37.6023356 ], [ -0.9773498, 37.6024082 ], [ -0.9773485, 37.6024537 ], [ -0.9773419, 37.6024888 ], [ -0.9773324, 37.6025259 ], [ -0.9773024, 37.6025916 ], [ -0.9772667, 37.6026635 ], [ -0.9772601, 37.6026806 ], [ -0.9772454, 37.6027191 ], [ -0.9772385, 37.6027686 ], [ -0.977239, 37.602831 ], [ -0.9773264, 37.6029865 ], [ -0.9774334, 37.6031772 ], [ -0.9775673, 37.6034358 ], [ -0.9776416, 37.6035772 ], [ -0.9776518, 37.6036029 ], [ -0.9777022, 37.6037116 ], [ -0.9776917, 37.6037165 ], [ -0.9776903, 37.6037171 ], [ -0.9776773, 37.603724 ], [ -0.9776652, 37.6037316 ], [ -0.9776535, 37.6037397 ], [ -0.9776495, 37.6037429 ], [ -0.9776423, 37.6037485 ], [ -0.9776317, 37.603758 ], [ -0.9776222, 37.6037678 ], [ -0.9776171, 37.6037737 ], [ -0.9776136, 37.6037778 ], [ -0.9776055, 37.6037887 ], [ -0.9776051, 37.6037893 ], [ -0.9776049, 37.6037898 ], [ -0.9775984, 37.6037999 ], [ -0.9775923, 37.603811 ], [ -0.977587, 37.6038226 ], [ -0.9775843, 37.60383 ], [ -0.9775826, 37.6038348 ], [ -0.9775792, 37.6038472 ], [ -0.9775769, 37.6038591 ], [ -0.9775754, 37.6038716 ], [ -0.9775751, 37.6038841 ], [ -0.9775755, 37.6038967 ], [ -0.977577, 37.603908 ], [ -0.9775772, 37.6039091 ], [ -0.9775797, 37.6039212 ], [ -0.9775816, 37.6039279 ], [ -0.9775832, 37.6039331 ], [ -0.9775876, 37.6039454 ], [ -0.9775932, 37.603957 ], [ -0.9775994, 37.6039683 ], [ -0.9776068, 37.6039794 ], [ -0.9776149, 37.6039901 ], [ -0.9776237, 37.6040002 ], [ -0.9776333, 37.6040098 ], [ -0.977644, 37.6040193 ], [ -0.9776553, 37.604028 ], [ -0.9776598, 37.6040309 ], [ -0.97756, 37.6040841 ], [ -0.9775508, 37.604089 ], [ -0.977538, 37.6042074 ], [ -0.9775196, 37.6044792 ], [ -0.9775871, 37.6049871 ] ] ] } },
{ "type": "Feature", "properties": { "CCAA": "14 - Región de Murcia", "PROVINCIA": "30 - Murcia", "MUNICIPIO": "30016 - Cartagena", "COD_MUNICIPIO": "30016", "DISTRITO": "01", "SECCION": "3001601002", "V1_H": 81.88, "V1_M": 87.06, "V2_H": 81.54316391, "V2_M": 86.92154098, "V3_H": 82.24926416, "V3_M": 87.34198023 }, "geometry": { "type": "Polygon", "coordinates": [ [ [ -0.9826194, 37.602397 ], [ -0.9827089, 37.6024815 ], [ -0.9832174, 37.6021242 ], [ -0.9834217, 37.6019837 ], [ -0.9834321, 37.6019765 ], [ -0.9834406, 37.6019725 ], [ -0.9834483, 37.6019701 ], [ -0.9834575, 37.6019671 ], [ -0.983461, 37.6019666 ], [ -0.9834655, 37.6019659 ], [ -0.9831199, 37.601574 ], [ -0.9831154, 37.6015689 ], [ -0.98307, 37.6015134 ], [ -0.9830695, 37.6015129 ], [ -0.9830012, 37.6014424 ], [ -0.9830923, 37.6013927 ], [ -0.9831206, 37.6013772 ], [ -0.9831042, 37.6013521 ], [ -0.9833638, 37.6011609 ], [ -0.9833647, 37.6011602 ], [ -0.9834225, 37.6011177 ], [ -0.9835302, 37.6010278 ], [ -0.9836401, 37.6009417 ], [ -0.9838408, 37.6007848 ], [ -0.9838993, 37.600738 ], [ -0.9839786, 37.6006746 ], [ -0.9842047, 37.6005208 ], [ -0.9843424, 37.6004297 ], [ -0.9843606, 37.6004176 ], [ -0.98479, 37.6001749 ], [ -0.9847917, 37.6001739 ], [ -0.9848699, 37.6001289 ], [ -0.9850541, 37.600023 ], [ -0.9849004, 37.599863 ], [ -0.9852073, 37.5996969 ], [ -0.9852807, 37.5996572 ], [ -0.9853118, 37.5996404 ], [ -0.9855017, 37.5995376 ], [ -0.9857553, 37.5994003 ], [ -0.9854905, 37.5990026 ], [ -0.9855953, 37.598583 ], [ -0.9855642, 37.5985688 ], [ -0.9855111, 37.5985296 ], [ -0.9854565, 37.5984828 ], [ -0.9854092, 37.5984076 ], [ -0.9853827, 37.5983351 ], [ -0.9853684, 37.598264 ], [ -0.9853657, 37.5982233 ], [ -0.9853476, 37.5979515 ], [ -0.9853242, 37.5977314 ], [ -0.9853163, 37.5977075 ], [ -0.9852828, 37.5976904 ], [ -0.9852152, 37.5976694 ], [ -0.9851615, 37.5976604 ], [ -0.9851374, 37.5971652 ], [ -0.9850805, 37.5971644 ], [ -0.9850605, 37.5971607 ], [ -0.9849498, 37.5971658 ], [ -0.9844409, 37.5971909 ], [ -0.9811902, 37.597289 ], [ -0.9799392, 37.5973278 ], [ -0.9779143, 37.5974181 ], [ -0.9760262, 37.5974676 ], [ -0.9759817, 37.5973476 ], [ -0.9758367, 37.5972556 ], [ -0.9758256, 37.5972486 ], [ -0.9758011, 37.5972331 ], [ -0.9758021, 37.5977526 ], [ -0.9758134, 37.5978714 ], [ -0.9758303, 37.5979287 ], [ -0.9758369, 37.59797 ], [ -0.9760054, 37.5979615 ], [ -0.9760056, 37.5979634 ], [ -0.9760778, 37.59925 ], [ -0.9761013, 37.5992692 ], [ -0.9766279, 37.5990107 ], [ -0.9767717, 37.599049 ], [ -0.9767798, 37.5990572 ], [ -0.9768649, 37.5991281 ], [ -0.9769269, 37.5991715 ], [ -0.9769382, 37.5991794 ], [ -0.9769694, 37.5992013 ], [ -0.9770075, 37.5992206 ], [ -0.9770425, 37.5992384 ], [ -0.9771721, 37.5993043 ], [ -0.9772048, 37.5993203 ], [ -0.9772374, 37.5993317 ], [ -0.9773323, 37.5993386 ], [ -0.9773976, 37.5993341 ], [ -0.9776685, 37.5993084 ], [ -0.9779532, 37.5992816 ], [ -0.978401, 37.5992337 ], [ -0.9784556, 37.5992284 ], [ -0.9784818, 37.5992284 ], [ -0.9785243, 37.5992306 ], [ -0.978557, 37.5992375 ], [ -0.9785929, 37.5992444 ], [ -0.9786354, 37.599249 ], [ -0.9786747, 37.5992491 ], [ -0.9787139, 37.5992444 ], [ -0.9792541, 37.59914 ], [ -0.9797214, 37.5990557 ], [ -0.9797626, 37.5990168 ], [ -0.9798298, 37.599198 ], [ -0.9798151, 37.5993557 ], [ -0.9798419, 37.5994408 ], [ -0.9800292, 37.6000344 ], [ -0.9800753, 37.6001616 ], [ -0.9800849, 37.6001904 ], [ -0.9800869, 37.6002132 ], [ -0.9800864, 37.6002323 ], [ -0.9800783, 37.6002474 ], [ -0.9800675, 37.6002606 ], [ -0.9800516, 37.6002736 ], [ -0.9800383, 37.6002829 ], [ -0.980004, 37.6003033 ], [ -0.9799409, 37.6003364 ], [ -0.9798883, 37.6003661 ], [ -0.9798486, 37.6003921 ], [ -0.9798194, 37.6004163 ], [ -0.9797873, 37.600452 ], [ -0.9797578, 37.6004857 ], [ -0.979739, 37.6005121 ], [ -0.979723, 37.6005309 ], [ -0.9797042, 37.6005496 ], [ -0.9796883, 37.6005645 ], [ -0.9796646, 37.6005756 ], [ -0.9796436, 37.6005867 ], [ -0.9797491, 37.6009028 ], [ -0.9796969, 37.6009171 ], [ -0.9797499, 37.6010666 ], [ -0.9797792, 37.6011319 ], [ -0.9797863, 37.6011575 ], [ -0.979817, 37.6012697 ], [ -0.9798526, 37.6013447 ], [ -0.9798628, 37.6013535 ], [ -0.9798808, 37.6013585 ], [ -0.9798911, 37.6013615 ], [ -0.9798949, 37.6013635 ], [ -0.9799036, 37.6013739 ], [ -0.9799063, 37.6013763 ], [ -0.9799407, 37.601361 ], [ -0.9801818, 37.6012226 ], [ -0.9802102, 37.6012629 ], [ -0.980575, 37.6012944 ], [ -0.9806984, 37.6013058 ], [ -0.9808957, 37.6015269 ], [ -0.9810935, 37.6013663 ], [ -0.9812022, 37.6012779 ], [ -0.9812181, 37.6013027 ], [ -0.9813962, 37.6015298 ], [ -0.981924, 37.602112 ], [ -0.9820886, 37.6020162 ], [ -0.9821723, 37.6019677 ], [ -0.9821844, 37.6019593 ], [ -0.9823582, 37.6021225 ], [ -0.9825767, 37.6023567 ], [ -0.9826194, 37.602397 ] ] ] } },
{ "type": "Feature", "properties": { "CCAA": "14 - Región de Murcia", "PROVINCIA": "30 - Murcia", "MUNICIPIO": "30016 - Cartagena", "COD_MUNICIPIO": "30016", "DISTRITO": "02", "SECCION": "3001602002", "V1_H": 79.19, "V1_M": 85.12, "V2_H": 79.38537767, "V2_M": 85.11224236, "V3_H": 79.115857, "V3_M": 85.3484756 }, "geometry": { "type": "Polygon", "coordinates": [ [ [ -0.9805779, 37.6035828 ], [ -0.9806981, 37.6037995 ], [ -0.9807889, 37.603963 ], [ -0.9808031, 37.6039887 ], [ -0.9809262, 37.6041931 ], [ -0.9809597, 37.6041601 ], [ -0.9812747, 37.6039713 ], [ -0.981312, 37.6039489 ], [ -0.9813328, 37.6039723 ], [ -0.9814742, 37.6041312 ], [ -0.9814922, 37.6041589 ], [ -0.981523, 37.6042068 ], [ -0.9815888, 37.6042675 ], [ -0.9816592, 37.6042963 ], [ -0.9816622, 37.6042965 ], [ -0.9817109, 37.604301 ], [ -0.98188, 37.6043316 ], [ -0.9819121, 37.6043375 ], [ -0.9820759, 37.6043639 ], [ -0.9822098, 37.6043841 ], [ -0.9822166, 37.6043852 ], [ -0.9823057, 37.6043958 ], [ -0.9823843, 37.6044058 ], [ -0.9824268, 37.6044166 ], [ -0.9824861, 37.6044321 ], [ -0.9825544, 37.6044534 ], [ -0.9826069, 37.6044699 ], [ -0.9826848, 37.6044933 ], [ -0.9827338, 37.6045081 ], [ -0.9829029, 37.6045592 ], [ -0.9829968, 37.6045858 ], [ -0.9830255, 37.6045941 ], [ -0.9832852, 37.6046505 ], [ -0.9833061, 37.6046557 ], [ -0.9833387, 37.6046671 ], [ -0.9833601, 37.6046774 ], [ -0.9833725, 37.6046861 ], [ -0.9834014, 37.6047067 ], [ -0.9834232, 37.604722 ], [ -0.9834539, 37.6047423 ], [ -0.9834903, 37.6047727 ], [ -0.9835139, 37.6048047 ], [ -0.9835258, 37.6048023 ], [ -0.9835842, 37.604806 ], [ -0.9836109, 37.6048077 ], [ -0.9838734, 37.6048337 ], [ -0.9838933, 37.6048367 ], [ -0.9840309, 37.6047433 ], [ -0.9841329, 37.6046739 ], [ -0.984385, 37.6045028 ], [ -0.9846596, 37.604322 ], [ -0.9847291, 37.6043865 ], [ -0.9847169, 37.6043645 ], [ -0.9847119, 37.6043443 ], [ -0.98471, 37.6043264 ], [ -0.984714, 37.6043077 ], [ -0.984758, 37.6042723 ], [ -0.9847673, 37.6042648 ], [ -0.9848396, 37.6042358 ], [ -0.9847617, 37.6041352 ], [ -0.9846741, 37.6040294 ], [ -0.9846464, 37.6039962 ], [ -0.9844237, 37.6037242 ], [ -0.9842986, 37.6035796 ], [ -0.9842756, 37.6035552 ], [ -0.9841627, 37.6034074 ], [ -0.9839668, 37.6031623 ], [ -0.984077, 37.6031095 ], [ -0.9843792, 37.6029797 ], [ -0.9842134, 37.6027885 ], [ -0.9840443, 37.6026062 ], [ -0.9840417, 37.6026034 ], [ -0.9838892, 37.6024393 ], [ -0.9838478, 37.6024112 ], [ -0.9838771, 37.6023513 ], [ -0.9836325, 37.6021245 ], [ -0.9835235, 37.6019962 ], [ -0.9835535, 37.6019524 ], [ -0.9835123, 37.6019634 ], [ -0.9834961, 37.6019652 ], [ -0.9834793, 37.6019654 ], [ -0.9834667, 37.6019657 ], [ -0.9834655, 37.6019659 ], [ -0.983461, 37.6019666 ], [ -0.9834575, 37.6019671 ], [ -0.9834483, 37.6019701 ], [ -0.9834406, 37.6019725 ], [ -0.9834321, 37.6019765 ], [ -0.9834217, 37.6019837 ], [ -0.9832174, 37.6021242 ], [ -0.9827089, 37.6024815 ], [ -0.9826194, 37.602397 ], [ -0.9824122, 37.6025183 ], [ -0.9820995, 37.602707 ], [ -0.9817922, 37.6028836 ], [ -0.9817736, 37.6028842 ], [ -0.9816855, 37.6028874 ], [ -0.9811042, 37.6032408 ], [ -0.981057, 37.6033141 ], [ -0.9808634, 37.6034242 ], [ -0.9805779, 37.6035828 ] ] ] } },
{ "type": "Feature", "properties": { "CCAA": "14 - Región de Murcia", "PROVINCIA": "30 - Murcia", "MUNICIPIO": "30016 - Cartagena", "COD_MUNICIPIO": "30016", "DISTRITO": "02", "SECCION": "3001602005", "V1_H": 81.57, "V1_M": 86.95, "V2_H": 81.38052192000001, "V2_M": 86.83819346, "V3_H": 81.78107492, "V3_M": 87.15502078 }, "geometry": { "type": "Polygon", "coordinates": [ [ [ -0.9805779, 37.6035828 ], [ -0.9805315, 37.6036086 ], [ -0.9802504, 37.6037341 ], [ -0.9802506, 37.6037344 ], [ -0.9802768, 37.603783 ], [ -0.9803494, 37.6039522 ], [ -0.9803508, 37.6039555 ], [ -0.9803743, 37.6040105 ], [ -0.9804436, 37.6041718 ], [ -0.9804585, 37.6042069 ], [ -0.9805664, 37.6044511 ], [ -0.9805962, 37.6045195 ], [ -0.9806267, 37.6046196 ], [ -0.9806331, 37.6046463 ], [ -0.980664, 37.6047766 ], [ -0.9806745, 37.6048125 ], [ -0.9806928, 37.6048765 ], [ -0.980737, 37.6049844 ], [ -0.9808835, 37.605367 ], [ -0.980945, 37.6055088 ], [ -0.9809821, 37.6056011 ], [ -0.9809816, 37.6056012 ], [ -0.9809907, 37.6060011 ], [ -0.981429, 37.6059949 ], [ -0.9814187, 37.6057508 ], [ -0.9817164, 37.6057104 ], [ -0.9822085, 37.6056436 ], [ -0.9830943, 37.6055322 ], [ -0.983122, 37.605941 ], [ -0.9834234, 37.6059286 ], [ -0.984174, 37.6058931 ], [ -0.9847148, 37.6058731 ], [ -0.9849592, 37.6058641 ], [ -0.9849584, 37.6058526 ], [ -0.9849271, 37.6053658 ], [ -0.9849126, 37.6052007 ], [ -0.9848656, 37.6049466 ], [ -0.984952, 37.6045572 ], [ -0.9848356, 37.6044823 ], [ -0.9847543, 37.6044092 ], [ -0.9847322, 37.6043894 ], [ -0.9847291, 37.6043865 ], [ -0.9846596, 37.604322 ], [ -0.984385, 37.6045028 ], [ -0.9841329, 37.6046739 ], [ -0.9840309, 37.6047433 ], [ -0.9838933, 37.6048367 ], [ -0.9838734, 37.6048337 ], [ -0.9836109, 37.6048077 ], [ -0.9835842, 37.604806 ], [ -0.9835258, 37.6048023 ], [ -0.9835139, 37.6048047 ], [ -0.9834903, 37.6047727 ], [ -0.9834539, 37.6047423 ], [ -0.9834232, 37.604722 ], [ -0.9834014, 37.6047067 ], [ -0.9833725, 37.6046861 ], [ -0.9833601, 37.6046774 ], [ -0.9833387, 37.6046671 ], [ -0.9833061, 37.6046557 ], [ -0.9832852, 37.6046505 ], [ -0.9830255, 37.6045941 ], [ -0.9829968, 37.6045858 ], [ -0.9829029, 37.6045592 ], [ -0.9827338, 37.6045081 ], [ -0.9826848, 37.6044933 ], [ -0.9826069, 37.6044699 ], [ -0.9825544, 37.6044534 ], [ -0.9824861, 37.6044321 ], [ -0.9824268, 37.6044166 ], [ -0.9823843, 37.6044058 ], [ -0.9823057, 37.6043958 ], [ -0.9822166, 37.6043852 ], [ -0.9822098, 37.6043841 ], [ -0.9820759, 37.6043639 ], [ -0.9819121, 37.6043375 ], [ -0.98188, 37.6043316 ], [ -0.9817109, 37.604301 ], [ -0.9816622, 37.6042965 ], [ -0.9816592, 37.6042963 ], [ -0.9815888, 37.6042675 ], [ -0.981523, 37.6042068 ], [ -0.9814922, 37.6041589 ], [ -0.9814742, 37.6041312 ], [ -0.9813328, 37.6039723 ], [ -0.981312, 37.6039489 ], [ -0.9812747, 37.6039713 ], [ -0.9809597, 37.6041601 ], [ -0.9809262, 37.6041931 ], [ -0.9808031, 37.6039887 ], [ -0.9807889, 37.603963 ], [ -0.9806981, 37.6037995 ], [ -0.9805779, 37.6035828 ] ] ] } },
{ "type": "Feature", "properties": { "CCAA": "14 - Región de Murcia", "PROVINCIA": "30 - Murcia", "MUNICIPIO": "30016 - Cartagena", "COD_MUNICIPIO": "30016", "DISTRITO": "03", "SECCION": "3001603003", "V1_H": 81.41, "V1_M": 86.82, "V2_H": 80.96532964, "V2_M": 86.87567885, "V3_H": 81.8694609, "V3_M": 86.90400308 }, "geometry": { "type": "Polygon", "coordinates": [ [ [ -0.9849592, 37.6058641 ], [ -0.9849592, 37.6058646 ], [ -0.9849594, 37.6058683 ], [ -0.9849846, 37.6062877 ], [ -0.9849951, 37.6065604 ], [ -0.9849967, 37.6066024 ], [ -0.9850002, 37.6066935 ], [ -0.9850015, 37.6067267 ], [ -0.9850041, 37.6067971 ], [ -0.9850043, 37.6068024 ], [ -0.9850205, 37.6068017 ], [ -0.9850739, 37.6067993 ], [ -0.9852145, 37.6067949 ], [ -0.9853775, 37.60679 ], [ -0.9854315, 37.6067884 ], [ -0.9862486, 37.6067634 ], [ -0.9861765, 37.6058374 ], [ -0.9856051, 37.6058397 ], [ -0.9855655, 37.6052437 ], [ -0.9856843, 37.6051532 ], [ -0.9871947, 37.6053962 ], [ -0.9873422, 37.6054044 ], [ -0.9873789, 37.6052839 ], [ -0.9874534, 37.6051355 ], [ -0.9874633, 37.6051155 ], [ -0.9874872, 37.6050678 ], [ -0.987499, 37.6050444 ], [ -0.9875064, 37.6050296 ], [ -0.9875153, 37.6050118 ], [ -0.9875177, 37.6050068 ], [ -0.9875236, 37.6049952 ], [ -0.9875397, 37.6049631 ], [ -0.9875396, 37.6049623 ], [ -0.987471, 37.6049467 ], [ -0.9874466, 37.6049102 ], [ -0.9874893, 37.6047391 ], [ -0.9875302, 37.6046094 ], [ -0.987537, 37.604588 ], [ -0.9875063, 37.6045614 ], [ -0.9874115, 37.6045033 ], [ -0.9873144, 37.6044704 ], [ -0.9872094, 37.6044375 ], [ -0.9871579, 37.6044101 ], [ -0.9871319, 37.6043785 ], [ -0.9871232, 37.6043507 ], [ -0.9872165, 37.6042085 ], [ -0.9872341, 37.6041816 ], [ -0.9866641, 37.604082 ], [ -0.9866254, 37.6040753 ], [ -0.9865377, 37.6040613 ], [ -0.9863434, 37.6040301 ], [ -0.9863149, 37.6040257 ], [ -0.9856859, 37.6039172 ], [ -0.9856849, 37.603917 ], [ -0.9849653, 37.6037917 ], [ -0.9849566, 37.6037903 ], [ -0.9847718, 37.6037616 ], [ -0.9846367, 37.6037404 ], [ -0.9844237, 37.6037242 ], [ -0.9846464, 37.6039962 ], [ -0.9846741, 37.6040294 ], [ -0.9847617, 37.6041352 ], [ -0.9848396, 37.6042358 ], [ -0.9847673, 37.6042648 ], [ -0.984758, 37.6042723 ], [ -0.984714, 37.6043077 ], [ -0.98471, 37.6043264 ], [ -0.9847119, 37.6043443 ], [ -0.9847169, 37.6043645 ], [ -0.9847291, 37.6043865 ], [ -0.9847322, 37.6043894 ], [ -0.9847543, 37.6044092 ], [ -0.9848356, 37.6044823 ], [ -0.984952, 37.6045572 ], [ -0.9848656, 37.6049466 ], [ -0.9849126, 37.6052007 ], [ -0.9849271, 37.6053658 ], [ -0.9849584, 37.6058526 ], [ -0.9849592, 37.6058641 ] ] ] } },
{ "type": "Feature", "properties": { "CCAA": "14 - Región de Murcia", "PROVINCIA": "30 - Murcia", "MUNICIPIO": "30016 - Cartagena", "COD_MUNICIPIO": "30016", "DISTRITO": "03", "SECCION": "3001603011", "V1_H": 80.24, "V1_M": 86.29, "V2_H": 79.84273941, "V2_M": 86.47368807, "V3_H": 80.7355329, "V3_M": 86.23078999000001 }, "geometry": { "type": "Polygon", "coordinates": [ [ [ -0.9897155, 37.6104534 ], [ -0.9897355, 37.6105248 ], [ -0.9897898, 37.6107199 ], [ -0.9898697, 37.6110066 ], [ -0.9899496, 37.6112937 ], [ -0.9900668, 37.6112716 ], [ -0.9903445, 37.6112191 ], [ -0.990627, 37.6111688 ], [ -0.9911494, 37.6110761 ], [ -0.9913924, 37.6110329 ], [ -0.9917379, 37.610975 ], [ -0.9915401, 37.6104496 ], [ -0.9914316, 37.6101659 ], [ -0.991335, 37.6099132 ], [ -0.9912701, 37.609747 ], [ -0.9910796, 37.6097854 ], [ -0.9905649, 37.6098019 ], [ -0.9902655, 37.6098113 ], [ -0.9902579, 37.6098115 ], [ -0.990289, 37.61019 ], [ -0.9903878, 37.6101941 ], [ -0.9904086, 37.6104233 ], [ -0.9897155, 37.6104534 ] ] ] } },
{ "type": "Feature", "properties": { "CCAA": "14 - Región de Murcia", "PROVINCIA": "30 - Murcia", "MUNICIPIO": "30016 - Cartagena", "COD_MUNICIPIO": "30016", "DISTRITO": "03", "SECCION": "3001603018", "V1_H": 80.65, "V1_M": 86.4, "V2_H": 80.41087182, "V2_M": 86.2775211, "V3_H": 80.94660094, "V3_M": 86.57847437 }, "geometry": { "type": "Polygon", "coordinates": [ [ [ -0.9840616, 37.6161069 ], [ -0.9844211, 37.6163217 ], [ -0.9845932, 37.6165079 ], [ -0.9846849, 37.616607 ], [ -0.9850017, 37.6165289 ], [ -0.9852843, 37.6164147 ], [ -0.9856753, 37.6162565 ], [ -0.9862827, 37.6161166 ], [ -0.9871329, 37.6159207 ], [ -0.9871125, 37.6158296 ], [ -0.9870931, 37.6156719 ], [ -0.9870904, 37.6156497 ], [ -0.987055, 37.6153623 ], [ -0.9870265, 37.6149802 ], [ -0.9869999, 37.6146233 ], [ -0.9869893, 37.6144921 ], [ -0.9869328, 37.6138008 ], [ -0.9869206, 37.6137096 ], [ -0.9869159, 37.6136746 ], [ -0.986892, 37.6134993 ], [ -0.9868914, 37.6134918 ], [ -0.9868751, 37.6133065 ], [ -0.9868695, 37.6132348 ], [ -0.9868534, 37.6130787 ], [ -0.9868065, 37.6125853 ], [ -0.9868055, 37.6125751 ], [ -0.9868021, 37.6125399 ], [ -0.9867663, 37.6121963 ], [ -0.9867243, 37.6117952 ], [ -0.9852604, 37.6119698 ], [ -0.9852627, 37.6120015 ], [ -0.9853009, 37.6125371 ], [ -0.9853044, 37.6125898 ], [ -0.9853024, 37.6126207 ], [ -0.9852997, 37.61265 ], [ -0.9853043, 37.6127728 ], [ -0.9853219, 37.6130526 ], [ -0.985364, 37.6137194 ], [ -0.9853905, 37.6143367 ], [ -0.9854028, 37.6146238 ], [ -0.9854103, 37.61476 ], [ -0.9854138, 37.6148153 ], [ -0.9854127, 37.6148539 ], [ -0.9854093, 37.614887 ], [ -0.9854037, 37.6149126 ], [ -0.9853925, 37.6149444 ], [ -0.9853736, 37.614981 ], [ -0.9853455, 37.6150284 ], [ -0.9853421, 37.615033 ], [ -0.9853168, 37.6150658 ], [ -0.9851847, 37.6152218 ], [ -0.9846874, 37.615836 ], [ -0.9846761, 37.6158398 ], [ -0.9846547, 37.6158445 ], [ -0.9846435, 37.6158479 ], [ -0.9846347, 37.6158516 ], [ -0.9846246, 37.6158547 ], [ -0.9846126, 37.6158591 ], [ -0.9846057, 37.6158625 ], [ -0.9846012, 37.6158663 ], [ -0.9845969, 37.6158741 ], [ -0.984591, 37.6158833 ], [ -0.9845819, 37.6158955 ], [ -0.984576, 37.6159052 ], [ -0.9845706, 37.6159114 ], [ -0.9845674, 37.6159128 ], [ -0.9845594, 37.6159165 ], [ -0.9844951, 37.6159505 ], [ -0.984482, 37.6159568 ], [ -0.9844697, 37.6159648 ], [ -0.9844563, 37.6159721 ], [ -0.9840788, 37.6161131 ], [ -0.9840616, 37.6161069 ] ] ] } },
{ "type": "Feature", "properties": { "CCAA": "14 - Región de Murcia", "PROVINCIA": "30 - Murcia", "MUNICIPIO": "30016 - Cartagena", "COD_MUNICIPIO": "30016", "DISTRITO": "03", "SECCION": "3001603029", "V1_H": 81.72, "V1_M": 86.96, "V2_H": 81.44760383000001, "V2_M": 86.83587728000001, "V3_H": 82.03657934, "V3_M": 87.26058658 }, "geometry": { "type": "Polygon", "coordinates": [ [ [ -0.9873422, 37.6054044 ], [ -0.9871947, 37.6053962 ], [ -0.9856843, 37.6051532 ], [ -0.9855655, 37.6052437 ], [ -0.9856051, 37.6058397 ], [ -0.9861765, 37.6058374 ], [ -0.9862486, 37.6067634 ], [ -0.9871042, 37.6067373 ], [ -0.9871534, 37.6067357 ], [ -0.9872156, 37.6067339 ], [ -0.9872623, 37.6067325 ], [ -0.9874114, 37.6067292 ], [ -0.9873411, 37.6062871 ], [ -0.9872423, 37.6057787 ], [ -0.987245, 37.6057671 ], [ -0.9872887, 37.6055792 ], [ -0.987334, 37.6054311 ], [ -0.9873396, 37.6054127 ], [ -0.9873422, 37.6054044 ] ] ] } },
{ "type": "Feature", "properties": { "CCAA": "14 - Región de Murcia", "PROVINCIA": "30 - Murcia", "MUNICIPIO": "30016 - Cartagena", "COD_MUNICIPIO": "30016", "DISTRITO": "03", "SECCION": "3001603037", "V1_H": 81.13, "V1_M": 86.76, "V2_H": 80.8252038, "V2_M": 86.73512652, "V3_H": 81.48774648, "V3_M": 86.92091474 }, "geometry": { "type": "Polygon", "coordinates": [ [ [ -0.9899991, 37.6132161 ], [ -0.9900242, 37.6133135 ], [ -0.9900287, 37.613331 ], [ -0.9900368, 37.6133625 ], [ -0.9900546, 37.6134324 ], [ -0.9902633, 37.6142 ], [ -0.9904484, 37.6141648 ], [ -0.9905692, 37.6145788 ], [ -0.9910208, 37.6144904 ], [ -0.9910598, 37.6146224 ], [ -0.9911109, 37.6147986 ], [ -0.9911931, 37.6150646 ], [ -0.9911989, 37.6150836 ], [ -0.9913409, 37.615058 ], [ -0.9915576, 37.6150188 ], [ -0.9916635, 37.6149997 ], [ -0.9916648, 37.6149995 ], [ -0.9916879, 37.6149951 ], [ -0.9916357, 37.6148491 ], [ -0.99135, 37.6139914 ], [ -0.9915582, 37.6139475 ], [ -0.9912357, 37.6129791 ], [ -0.9924157, 37.6127598 ], [ -0.9923917, 37.6127017 ], [ -0.9923738, 37.6126586 ], [ -0.9923348, 37.6125646 ], [ -0.9923247, 37.6125403 ], [ -0.9923182, 37.6125228 ], [ -0.9921124, 37.6119833 ], [ -0.9920733, 37.6118639 ], [ -0.9920319, 37.6117372 ], [ -0.9920156, 37.6116948 ], [ -0.992003, 37.611662 ], [ -0.991791, 37.6111131 ], [ -0.991751, 37.611004 ], [ -0.9917379, 37.610975 ], [ -0.9913924, 37.6110329 ], [ -0.9911494, 37.6110761 ], [ -0.990627, 37.6111688 ], [ -0.9903445, 37.6112191 ], [ -0.9900668, 37.6112716 ], [ -0.9899496, 37.6112937 ], [ -0.9895155, 37.6113757 ], [ -0.9898168, 37.6125409 ], [ -0.9898193, 37.612541 ], [ -0.9899345, 37.6129648 ], [ -0.9899775, 37.613132 ], [ -0.9899978, 37.6132108 ], [ -0.9899991, 37.6132161 ] ] ] } },
{ "type": "Feature", "properties": { "CCAA": "14 - Región de Murcia", "PROVINCIA": "30 - Murcia", "MUNICIPIO": "30016 - Cartagena", "COD_MUNICIPIO": "30016", "DISTRITO": "05", "SECCION": "3001605002", "V1_H": 79.85, "V1_M": 85.78, "V2_H": 79.86035794, "V2_M": 85.76242541000001, "V3_H": 79.99500792000001, "V3_M": 85.93655133 }, "geometry": { "type": "Polygon", "coordinates": [ [ [ -0.8720108, 37.5875223 ], [ -0.8932685, 37.5791693 ], [ -0.8988477, 37.5785057 ], [ -0.8995292, 37.5781364 ], [ -0.9038776, 37.5769166 ], [ -0.9051639, 37.5754897 ], [ -0.9061136, 37.5758117 ], [ -0.9098059, 37.5740459 ], [ -0.9105532, 37.5781795 ], [ -0.9160707, 37.5831604 ], [ -0.920445, 37.5844584 ], [ -0.9193165, 37.587109 ], [ -0.9190186, 37.5909189 ], [ -0.9198987, 37.5971911 ], [ -0.9197399, 37.6097781 ], [ -0.9199061, 37.6106966 ], [ -0.9233492, 37.6144961 ], [ -0.9240055, 37.6150417 ], [ -0.9250824, 37.6158096 ], [ -0.9260747, 37.6156728 ], [ -0.9273241, 37.6156667 ], [ -0.9279743, 37.6156107 ], [ -0.9280152, 37.6156072 ], [ -0.9293117, 37.6150291 ], [ -0.9306485, 37.6145318 ], [ -0.9309915, 37.6143869 ], [ -0.9318566, 37.6140212 ], [ -0.9338419, 37.6134523 ], [ -0.9349712, 37.6131582 ], [ -0.9362548, 37.6129806 ], [ -0.9377941, 37.6128866 ], [ -0.9393571, 37.6129532 ], [ -0.9411834, 37.6128629 ], [ -0.9423658, 37.6127069 ], [ -0.9437663, 37.6124621 ], [ -0.945576, 37.6119937 ], [ -0.9466113, 37.6114921 ], [ -0.948238, 37.6109067 ], [ -0.9491438, 37.6104149 ], [ -0.9491125, 37.6086855 ], [ -0.9500942, 37.6085153 ], [ -0.952908, 37.6080714 ], [ -0.9551354, 37.6075512 ], [ -0.957887, 37.6072553 ], [ -0.9603501, 37.6069393 ], [ -0.9603502, 37.6069381 ], [ -0.9606894, 37.6039443 ], [ -0.962268, 37.6038646 ], [ -0.963039, 37.6018424 ], [ -0.9635571, 37.600869 ], [ -0.9642327, 37.5998315 ], [ -0.9641184, 37.5998266 ], [ -0.9634783, 37.5997994 ], [ -0.9630496, 37.5996966 ], [ -0.962537, 37.5995924 ], [ -0.9618462, 37.5994279 ], [ -0.9615365, 37.5993557 ], [ -0.9613844, 37.5992196 ], [ -0.9612227, 37.5992373 ], [ -0.961377, 37.5978748 ], [ -0.9596168, 37.5970146 ], [ -0.9593329, 37.5969348 ], [ -0.9578074, 37.5967656 ], [ -0.9574589, 37.596727 ], [ -0.9556311, 37.5968747 ], [ -0.9541786, 37.5969586 ], [ -0.9523325, 37.5972321 ], [ -0.9506758, 37.5974163 ], [ -0.9491124, 37.5973728 ], [ -0.9479011, 37.5970934 ], [ -0.9468714, 37.5965188 ], [ -0.9459569, 37.5959342 ], [ -0.9450221, 37.595086 ], [ -0.9446634, 37.5941767 ], [ -0.9448436, 37.5930226 ], [ -0.9448623, 37.5919809 ], [ -0.9458359, 37.5911579 ], [ -0.9474292, 37.5902515 ], [ -0.9488961, 37.5897098 ], [ -0.9505608, 37.5897203 ], [ -0.9519066, 37.5898296 ], [ -0.9540186, 37.5891353 ], [ -0.9541839, 37.589081 ], [ -0.9550644, 37.588713 ], [ -0.9547728, 37.5881613 ], [ -0.9556008, 37.5873936 ], [ -0.9563108, 37.5867273 ], [ -0.9571105, 37.5859478 ], [ -0.9566332, 37.5856094 ], [ -0.9557666, 37.5857813 ], [ -0.9544405, 37.5859585 ], [ -0.9536669, 37.5859139 ], [ -0.9518533, 37.5860733 ], [ -0.9505002, 37.5857463 ], [ -0.9496484, 37.5854488 ], [ -0.9486774, 37.5848406 ], [ -0.9481238, 37.5841921 ], [ -0.9475824, 37.5836124 ], [ -0.9475034, 37.5829358 ], [ -0.9472152, 37.5825198 ], [ -0.9468032, 37.5823884 ], [ -0.9460268, 37.5828819 ], [ -0.9456838, 37.5832896 ], [ -0.9448197, 37.5833812 ], [ -0.9442476, 37.5833164 ], [ -0.9436676, 37.5835034 ], [ -0.9428864, 37.5836991 ], [ -0.9423657, 37.5842762 ], [ -0.9418619, 37.5847733 ], [ -0.9413072, 37.5850637 ], [ -0.9408753, 37.5851037 ], [ -0.9405854, 37.5847449 ], [ -0.9404994, 37.5838392 ], [ -0.9406948, 37.583109 ], [ -0.9404904, 37.5823162 ], [ -0.9401162, 37.5818991 ], [ -0.9390537, 37.5814613 ], [ -0.9381789, 37.5814382 ], [ -0.9373773, 37.5809237 ], [ -0.9371606, 37.5808954 ], [ -0.9370397, 37.5802552 ], [ -0.9371264, 37.5797869 ], [ -0.9370361, 37.5790185 ], [ -0.9376601, 37.5783512 ], [ -0.9384277, 37.5781324 ], [ -0.9396473, 37.5776906 ], [ -0.9411538, 37.5772526 ], [ -0.9424767, 37.5767205 ], [ -0.9437594, 37.5760963 ], [ -0.9447901, 37.5752741 ], [ -0.9461086, 37.5748793 ], [ -0.9473177, 37.5743114 ], [ -0.9483206, 37.5739124 ], [ -0.9492555, 37.5738446 ], [ -0.9499895, 37.5742321 ], [ -0.9505254, 37.5749834 ], [ -0.9513191, 37.5748451 ], [ -0.9522478, 37.5749718 ], [ -0.9524641, 37.5749403 ], [ -0.953142, 37.5757393 ], [ -0.9540645, 37.5765186 ], [ -0.9548399, 37.5765059 ], [ -0.9555177, 37.5768583 ], [ -0.9563621, 37.5773847 ], [ -0.9571356, 37.5778871 ], [ -0.957615, 37.5781568 ], [ -0.9584108, 37.5779497 ], [ -0.9592584, 37.5774684 ], [ -0.9605697, 37.5768444 ], [ -0.9612684, 37.5765329 ], [ -0.9620934, 37.5758567 ], [ -0.9630934, 37.5750912 ], [ -0.9640923, 37.574459 ], [ -0.963108, 37.574505 ], [ -0.9611286, 37.5752368 ], [ -0.9580397, 37.5751665 ], [ -0.9583988, 37.574035 ], [ -0.9573752, 37.573361 ], [ -0.9558618, 37.5744867 ], [ -0.9541226, 37.574296 ], [ -0.9541337, 37.5738907 ], [ -0.95289, 37.573824 ], [ -0.9527543, 37.5705126 ], [ -0.9521609, 37.5694405 ], [ -0.9511537, 37.5702707 ], [ -0.9489315, 37.5712122 ], [ -0.945181, 37.5708878 ], [ -0.9475808, 37.56844 ], [ -0.9491897, 37.567992 ], [ -0.9492237, 37.5675589 ], [ -0.9522038, 37.5666475 ], [ -0.9545209, 37.565947 ], [ -0.9573807, 37.5648701 ], [ -0.9607506, 37.5633794 ], [ -0.9623519, 37.5615145 ], [ -0.9618509, 37.560785 ], [ -0.9577529, 37.5599565 ], [ -0.955135, 37.5600548 ], [ -0.9521059, 37.5578224 ], [ -0.9512226, 37.5586548 ], [ -0.9497462, 37.5588263 ], [ -0.9479702, 37.5587954 ], [ -0.941845, 37.5600405 ], [ -0.939486, 37.5597938 ], [ -0.9379919, 37.5601902 ], [ -0.9327721, 37.5581696 ], [ -0.9289681, 37.5585902 ], [ -0.927853, 37.5571821 ], [ -0.9246328, 37.556965 ], [ -0.9216395, 37.5559013 ], [ -0.9199445, 37.5545844 ], [ -0.9180191, 37.555829 ], [ -0.9159518, 37.5597494 ], [ -0.9131293, 37.5598882 ], [ -0.9106083, 37.559745 ], [ -0.906983, 37.561455 ], [ -0.9060842, 37.5636385 ], [ -0.9047094, 37.5638113 ], [ -0.9019799, 37.5646639 ], [ -0.8987219, 37.565372 ], [ -0.8948306, 37.5680879 ], [ -0.8921036, 37.5684363 ], [ -0.8906506, 37.5669515 ], [ -0.8825266, 37.569977 ], [ -0.8789502, 37.5699213 ], [ -0.8789958, 37.5735184 ], [ -0.8786664, 37.574746 ], [ -0.879789, 37.5766784 ], [ -0.8785613, 37.5780447 ], [ -0.8757184, 37.5784695 ], [ -0.87433, 37.5779235 ], [ -0.8744263, 37.5765284 ], [ -0.8725733, 37.575988 ], [ -0.8709966, 37.5760948 ], [ -0.8709964, 37.5760959 ], [ -0.8709964, 37.576096 ], [ -0.8717318, 37.5833728 ], [ -0.8717791, 37.5838408 ], [ -0.8719946, 37.585973 ], [ -0.8719947, 37.5859776 ], [ -0.8720108, 37.5875223 ] ] ] } },
{ "type": "Feature", "properties": { "CCAA": "14 - Región de Murcia", "PROVINCIA": "30 - Murcia", "MUNICIPIO": "30016 - Cartagena", "COD_MUNICIPIO": "30016", "DISTRITO": "01", "SECCION": "3001601001", "V1_H": 81.41, "V1_M": 86.82, "V2_H": 80.96532964, "V2_M": 86.87567885, "V3_H": 81.8694609, "V3_M": 86.90400308 }, "geometry": { "type": "Polygon", "coordinates": [ [ [ -0.9916595, 37.6041959 ], [ -0.9916732, 37.6042043 ], [ -0.991749, 37.6042402 ], [ -0.9921344, 37.6044712 ], [ -0.9924957, 37.6043952 ], [ -0.9927039, 37.6043514 ], [ -0.9928299, 37.6043249 ], [ -0.992833, 37.6043242 ], [ -0.9929882, 37.604297 ], [ -0.9930106, 37.604293 ], [ -0.9931713, 37.6042649 ], [ -0.9935199, 37.6042038 ], [ -0.9936467, 37.6041824 ], [ -0.9937454, 37.6041658 ], [ -0.9937728, 37.6041565 ], [ -0.9937878, 37.6041482 ], [ -0.9938132, 37.6041335 ], [ -0.9938358, 37.6041155 ], [ -0.9938555, 37.6040987 ], [ -0.9938752, 37.6040775 ], [ -0.9938934, 37.6040573 ], [ -0.9939193, 37.6040244 ], [ -0.9939511, 37.6039798 ], [ -0.9943666, 37.6033839 ], [ -0.9948058, 37.6027545 ], [ -0.9951749, 37.6022157 ], [ -0.9955404, 37.6016903 ], [ -0.9957935, 37.6013265 ], [ -0.9958285, 37.6012762 ], [ -0.9958512, 37.6012435 ], [ -0.9956499, 37.6006433 ], [ -0.9947993, 37.6001928 ], [ -0.9945038, 37.6002556 ], [ -0.9942175, 37.6003164 ], [ -0.9943961, 37.6008443 ], [ -0.994401, 37.6008641 ], [ -0.9944058, 37.6008862 ], [ -0.9944096, 37.6009024 ], [ -0.9944107, 37.6009157 ], [ -0.9944145, 37.6009345 ], [ -0.994416, 37.6009506 ], [ -0.994416, 37.6009652 ], [ -0.9944179, 37.6009836 ], [ -0.9944165, 37.6010046 ], [ -0.9944173, 37.6010235 ], [ -0.9944155, 37.601038 ], [ -0.9944143, 37.6010531 ], [ -0.9944126, 37.601064 ], [ -0.9944116, 37.6010741 ], [ -0.9943069, 37.6010941 ], [ -0.9942888, 37.6010761 ], [ -0.9942708, 37.6010536 ], [ -0.994255, 37.6010322 ], [ -0.9942371, 37.6010078 ], [ -0.9942265, 37.6009888 ], [ -0.9942135, 37.6009692 ], [ -0.9942042, 37.6009492 ], [ -0.9941892, 37.6009117 ], [ -0.994168, 37.6008433 ], [ -0.9940089, 37.6003572 ], [ -0.9939604, 37.6003691 ], [ -0.9941898, 37.6010605 ], [ -0.9938941, 37.6011253 ], [ -0.993658, 37.6004314 ], [ -0.9936166, 37.6004426 ], [ -0.9938201, 37.6010317 ], [ -0.993828, 37.6010488 ], [ -0.9938311, 37.6010681 ], [ -0.9938344, 37.6010834 ], [ -0.9938377, 37.6010986 ], [ -0.9938394, 37.6011137 ], [ -0.9938438, 37.6011303 ], [ -0.9938449, 37.6011451 ], [ -0.993846, 37.6011583 ], [ -0.9938464, 37.6011743 ], [ -0.9938472, 37.6011927 ], [ -0.9938422, 37.6012265 ], [ -0.9938423, 37.6012397 ], [ -0.9938367, 37.6012587 ], [ -0.993745, 37.6012767 ], [ -0.9937283, 37.6012625 ], [ -0.9937102, 37.6012437 ], [ -0.9936949, 37.6012245 ], [ -0.9936785, 37.6012049 ], [ -0.9936651, 37.6011833 ], [ -0.9936516, 37.6011647 ], [ -0.9936425, 37.601148 ], [ -0.9936313, 37.6011284 ], [ -0.9936213, 37.6011084 ], [ -0.9936057, 37.6010581 ], [ -0.9934114, 37.6004849 ], [ -0.9926021, 37.6006499 ], [ -0.9909656, 37.6009837 ], [ -0.9908833, 37.6010005 ], [ -0.9908053, 37.6009671 ], [ -0.9907873, 37.6009084 ], [ -0.9906212, 37.6009385 ], [ -0.9906422, 37.6010174 ], [ -0.9905102, 37.6010443 ], [ -0.9905491, 37.6011645 ], [ -0.9898019, 37.6013149 ], [ -0.9897978, 37.6013015 ], [ -0.9891182, 37.6014387 ], [ -0.9890987, 37.6013847 ], [ -0.9897798, 37.6012438 ], [ -0.9897734, 37.6012295 ], [ -0.9898238, 37.601218 ], [ -0.9898172, 37.6011994 ], [ -0.9897694, 37.6012103 ], [ -0.9897643, 37.6011963 ], [ -0.9890827, 37.6013388 ], [ -0.989055, 37.6012565 ], [ -0.9897373, 37.6011043 ], [ -0.989731, 37.6010899 ], [ -0.9897798, 37.6010799 ], [ -0.9897737, 37.6010632 ], [ -0.9897238, 37.6010719 ], [ -0.9897203, 37.6010594 ], [ -0.9896965, 37.6010646 ], [ -0.9890404, 37.6012144 ], [ -0.9890123, 37.6011363 ], [ -0.9896942, 37.6009805 ], [ -0.9896961, 37.6009858 ], [ -0.990584, 37.6007831 ], [ -0.9906101, 37.6008556 ], [ -0.990834, 37.6008044 ], [ -0.9908841, 37.6007935 ], [ -0.9904565, 37.5996221 ], [ -0.9899873, 37.5981592 ], [ -0.9899165, 37.5981742 ], [ -0.9896098, 37.5972471 ], [ -0.9894899, 37.5971227 ], [ -0.9885916, 37.5970015 ], [ -0.9876943, 37.5971687 ], [ -0.9876744, 37.5971089 ], [ -0.9875382, 37.5971356 ], [ -0.9875438, 37.5971569 ], [ -0.986776, 37.597301 ], [ -0.9867755, 37.5972994 ], [ -0.9867468, 37.5972043 ], [ -0.9878561, 37.5969645 ], [ -0.9877248, 37.5965146 ], [ -0.9871207, 37.5966426 ], [ -0.9870714, 37.5964772 ], [ -0.9873914, 37.5964097 ], [ -0.9873216, 37.5961721 ], [ -0.9865106, 37.5963294 ], [ -0.9865846, 37.5965808 ], [ -0.9867955, 37.5965369 ], [ -0.986856, 37.5967497 ], [ -0.9865602, 37.5968173 ], [ -0.986585, 37.5968968 ], [ -0.986206, 37.596989 ], [ -0.9862691, 37.5971455 ], [ -0.9860039, 37.5971557 ], [ -0.9856016, 37.5971711 ], [ -0.9851374, 37.5971652 ], [ -0.9851615, 37.5976604 ], [ -0.9852152, 37.5976694 ], [ -0.9852828, 37.5976904 ], [ -0.9853163, 37.5977075 ], [ -0.9853242, 37.5977314 ], [ -0.9853476, 37.5979515 ], [ -0.9853657, 37.5982233 ], [ -0.9853684, 37.598264 ], [ -0.9853827, 37.5983351 ], [ -0.9854092, 37.5984076 ], [ -0.9854565, 37.5984828 ], [ -0.9855111, 37.5985296 ], [ -0.9855642, 37.5985688 ], [ -0.9855953, 37.598583 ], [ -0.9854905, 37.5990026 ], [ -0.9857553, 37.5994003 ], [ -0.9858674, 37.5995438 ], [ -0.9860997, 37.5998408 ], [ -0.9861254, 37.5998739 ], [ -0.9861667, 37.5999334 ], [ -0.9862267, 37.6000325 ], [ -0.986414, 37.6003909 ], [ -0.9864171, 37.6003974 ], [ -0.9864681, 37.6005085 ], [ -0.9865409, 37.6006673 ], [ -0.9868527, 37.6013551 ], [ -0.9868629, 37.6013769 ], [ -0.9868623, 37.6013986 ], [ -0.9868571, 37.6014216 ], [ -0.9869561, 37.6015946 ], [ -0.9870515, 37.6017409 ], [ -0.987115, 37.6018202 ], [ -0.9871432, 37.6018556 ], [ -0.9872295, 37.6019649 ], [ -0.9872537, 37.6019936 ], [ -0.9872908, 37.6020378 ], [ -0.9873634, 37.6021235 ], [ -0.9875806, 37.6022558 ], [ -0.9876239, 37.6022851 ], [ -0.9876306, 37.6022899 ], [ -0.9876641, 37.6023356 ], [ -0.9878371, 37.6025623 ], [ -0.98786, 37.6026059 ], [ -0.9878704, 37.6026237 ], [ -0.9878757, 37.602633 ], [ -0.9878907, 37.6026594 ], [ -0.9880914, 37.6029329 ], [ -0.9880921, 37.6029324 ], [ -0.9881085, 37.6029245 ], [ -0.98811, 37.6029232 ], [ -0.98839, 37.6026734 ], [ -0.9885747, 37.6025224 ], [ -0.9889131, 37.6025217 ], [ -0.9892341, 37.6026981 ], [ -0.9892636, 37.6027164 ], [ -0.989676, 37.6029722 ], [ -0.9899151, 37.6031204 ], [ -0.9900567, 37.6032085 ], [ -0.9906528, 37.6035771 ], [ -0.9908564, 37.6037022 ], [ -0.9910141, 37.6037991 ], [ -0.9915805, 37.6041472 ], [ -0.9916595, 37.6041959 ] ] ] } },
{ "type": "Feature", "properties": { "CCAA": "14 - Región de Murcia", "PROVINCIA": "30 - Murcia", "MUNICIPIO": "30016 - Cartagena", "COD_MUNICIPIO": "30016", "DISTRITO": "02", "SECCION": "3001602006", "V1_H": 81.37, "V1_M": 86.85, "V2_H": 81.08688328, "V2_M": 86.76748373, "V3_H": 81.75507894, "V3_M": 87.07522296 }, "geometry": { "type": "Polygon", "coordinates": [ [ [ -0.9834655, 37.6019659 ], [ -0.9834667, 37.6019657 ], [ -0.9834793, 37.6019654 ], [ -0.9834961, 37.6019652 ], [ -0.9835123, 37.6019634 ], [ -0.9835535, 37.6019524 ], [ -0.9835235, 37.6019962 ], [ -0.9836325, 37.6021245 ], [ -0.9838771, 37.6023513 ], [ -0.9838478, 37.6024112 ], [ -0.9838892, 37.6024393 ], [ -0.9840417, 37.6026034 ], [ -0.9840443, 37.6026062 ], [ -0.9842134, 37.6027885 ], [ -0.984428, 37.6026826 ], [ -0.9845746, 37.6026232 ], [ -0.984805, 37.60253 ], [ -0.9849189, 37.6024839 ], [ -0.9848127, 37.6022476 ], [ -0.9848055, 37.6022319 ], [ -0.9851204, 37.6021241 ], [ -0.9851553, 37.60211 ], [ -0.9851793, 37.6021003 ], [ -0.9853895, 37.6020225 ], [ -0.9854728, 37.6019945 ], [ -0.9858097, 37.6018813 ], [ -0.9859359, 37.6018203 ], [ -0.985972, 37.6018216 ], [ -0.9861556, 37.6018118 ], [ -0.9861855, 37.6018094 ], [ -0.9862925, 37.6018013 ], [ -0.9863961, 37.601793 ], [ -0.9866138, 37.6017773 ], [ -0.9866209, 37.6017768 ], [ -0.9868144, 37.6017601 ], [ -0.9868557, 37.6017559 ], [ -0.9869454, 37.6017466 ], [ -0.9870515, 37.6017409 ], [ -0.9869561, 37.6015946 ], [ -0.9868571, 37.6014216 ], [ -0.9868623, 37.6013986 ], [ -0.9868629, 37.6013769 ], [ -0.9868527, 37.6013551 ], [ -0.9865409, 37.6006673 ], [ -0.9864681, 37.6005085 ], [ -0.9864171, 37.6003974 ], [ -0.986414, 37.6003909 ], [ -0.9862267, 37.6000325 ], [ -0.9861667, 37.5999334 ], [ -0.9861254, 37.5998739 ], [ -0.9860997, 37.5998408 ], [ -0.9858674, 37.5995438 ], [ -0.9857553, 37.5994003 ], [ -0.9855017, 37.5995376 ], [ -0.9853118, 37.5996404 ], [ -0.9852807, 37.5996572 ], [ -0.9852073, 37.5996969 ], [ -0.9849004, 37.599863 ], [ -0.9850541, 37.600023 ], [ -0.9848699, 37.6001289 ], [ -0.9847917, 37.6001739 ], [ -0.98479, 37.6001749 ], [ -0.9843606, 37.6004176 ], [ -0.9843424, 37.6004297 ], [ -0.9842047, 37.6005208 ], [ -0.9839786, 37.6006746 ], [ -0.9838993, 37.600738 ], [ -0.9838408, 37.6007848 ], [ -0.9836401, 37.6009417 ], [ -0.9835302, 37.6010278 ], [ -0.9834225, 37.6011177 ], [ -0.9833647, 37.6011602 ], [ -0.9833638, 37.6011609 ], [ -0.9831042, 37.6013521 ], [ -0.9831206, 37.6013772 ], [ -0.9830923, 37.6013927 ], [ -0.9830012, 37.6014424 ], [ -0.9830695, 37.6015129 ], [ -0.98307, 37.6015134 ], [ -0.9831154, 37.6015689 ], [ -0.9831199, 37.601574 ], [ -0.9834655, 37.6019659 ] ] ] } },
{ "type": "Feature", "properties": { "CCAA": "14 - Región de Murcia", "PROVINCIA": "30 - Murcia", "MUNICIPIO": "30016 - Cartagena", "COD_MUNICIPIO": "30016", "DISTRITO": "02", "SECCION": "3001602008", "V1_H": 80.31, "V1_M": 86.3, "V2_H": 80.10187432, "V2_M": 86.1135989, "V3_H": 80.75259804, "V3_M": 86.72412179 }, "geometry": { "type": "Polygon", "coordinates": [ [ [ -0.9756178, 37.6056317 ], [ -0.9756341, 37.6056561 ], [ -0.9767449, 37.6052607 ], [ -0.9767528, 37.6052577 ], [ -0.9773197, 37.6050476 ], [ -0.9775871, 37.6049871 ], [ -0.9775196, 37.6044792 ], [ -0.977538, 37.6042074 ], [ -0.9775508, 37.604089 ], [ -0.97756, 37.6040841 ], [ -0.9776598, 37.6040309 ], [ -0.9776553, 37.604028 ], [ -0.977644, 37.6040193 ], [ -0.9776333, 37.6040098 ], [ -0.9776237, 37.6040002 ], [ -0.9776149, 37.6039901 ], [ -0.9776068, 37.6039794 ], [ -0.9775994, 37.6039683 ], [ -0.9775932, 37.603957 ], [ -0.9775876, 37.6039454 ], [ -0.9775832, 37.6039331 ], [ -0.9775816, 37.6039279 ], [ -0.9775797, 37.6039212 ], [ -0.9775772, 37.6039091 ], [ -0.977577, 37.603908 ], [ -0.9775755, 37.6038967 ], [ -0.9775751, 37.6038841 ], [ -0.9775754, 37.6038716 ], [ -0.9775769, 37.6038591 ], [ -0.9775792, 37.6038472 ], [ -0.9775826, 37.6038348 ], [ -0.9775843, 37.60383 ], [ -0.977587, 37.6038226 ], [ -0.9775923, 37.603811 ], [ -0.9775984, 37.6037999 ], [ -0.9776049, 37.6037898 ], [ -0.9776051, 37.6037893 ], [ -0.9776055, 37.6037887 ], [ -0.9776136, 37.6037778 ], [ -0.9776171, 37.6037737 ], [ -0.9776222, 37.6037678 ], [ -0.9776317, 37.603758 ], [ -0.9776423, 37.6037485 ], [ -0.9776495, 37.6037429 ], [ -0.9776535, 37.6037397 ], [ -0.9776652, 37.6037316 ], [ -0.9776773, 37.603724 ], [ -0.9776903, 37.6037171 ], [ -0.9776917, 37.6037165 ], [ -0.9774921, 37.603713 ], [ -0.9773247, 37.6037325 ], [ -0.9770002, 37.6037714 ], [ -0.9769769, 37.6037734 ], [ -0.976605, 37.6038055 ], [ -0.976416, 37.6038148 ], [ -0.9763267, 37.6038193 ], [ -0.9758094, 37.6038776 ], [ -0.9751994, 37.6039465 ], [ -0.975095, 37.6039582 ], [ -0.9749428, 37.6039752 ], [ -0.9747485, 37.6039968 ], [ -0.9747501, 37.6042211 ], [ -0.9747505, 37.6042702 ], [ -0.9747919, 37.6043777 ], [ -0.9749635, 37.6046488 ], [ -0.9749659, 37.6046509 ], [ -0.9750439, 37.6047213 ], [ -0.975086, 37.6047837 ], [ -0.9753143, 37.605173 ], [ -0.9753241, 37.6051904 ], [ -0.9756178, 37.6056317 ] ] ] } },
{ "type": "Feature", "properties": { "CCAA": "14 - Región de Murcia", "PROVINCIA": "30 - Murcia", "MUNICIPIO": "30016 - Cartagena", "COD_MUNICIPIO": "30016", "DISTRITO": "03", "SECCION": "3001603019", "V1_H": 81.9, "V1_M": 87.09, "V2_H": 81.63118556000001, "V2_M": 87.01244814, "V3_H": 82.24024873, "V3_M": 87.26921271000001 }, "geometry": { "type": "Polygon", "coordinates": [ [ [ -0.9908527, 37.6086609 ], [ -0.9912701, 37.609747 ], [ -0.9914378, 37.6097133 ], [ -0.9914477, 37.6097113 ], [ -0.9917505, 37.6096181 ], [ -0.9921607, 37.6094975 ], [ -0.9924978, 37.6093944 ], [ -0.9924994, 37.6093939 ], [ -0.9928397, 37.6092947 ], [ -0.9928406, 37.6092944 ], [ -0.9928404, 37.6092939 ], [ -0.9928291, 37.6092704 ], [ -0.9927805, 37.6091691 ], [ -0.9925394, 37.608684 ], [ -0.9925321, 37.6086695 ], [ -0.9923819, 37.6083677 ], [ -0.9923116, 37.608224 ], [ -0.9923115, 37.6082237 ], [ -0.9922535, 37.6081055 ], [ -0.9921684, 37.607932 ], [ -0.9920845, 37.6077607 ], [ -0.9919045, 37.6073934 ], [ -0.9918551, 37.6072915 ], [ -0.9918503, 37.6072818 ], [ -0.9918501, 37.6072813 ], [ -0.9917974, 37.6071727 ], [ -0.9917915, 37.6071604 ], [ -0.9917656, 37.6071073 ], [ -0.9917621, 37.6071 ], [ -0.9917496, 37.6070744 ], [ -0.9917494, 37.6070738 ], [ -0.9917352, 37.6070466 ], [ -0.9917274, 37.6070318 ], [ -0.9917128, 37.6070037 ], [ -0.9917012, 37.6069817 ], [ -0.9916982, 37.6069757 ], [ -0.9916953, 37.6069705 ], [ -0.9916812, 37.6069398 ], [ -0.9916707, 37.6069172 ], [ -0.9916081, 37.6067822 ], [ -0.9915991, 37.6067627 ], [ -0.9915751, 37.6067112 ], [ -0.99156, 37.6067167 ], [ -0.9915021, 37.6067315 ], [ -0.9914369, 37.6067422 ], [ -0.9913826, 37.6067479 ], [ -0.9913356, 37.6067507 ], [ -0.9912692, 37.6067498 ], [ -0.9912179, 37.6067438 ], [ -0.9911564, 37.6067335 ], [ -0.9911128, 37.606723 ], [ -0.9910749, 37.606711 ], [ -0.991034, 37.6066957 ], [ -0.9909995, 37.6066807 ], [ -0.990961, 37.6066639 ], [ -0.9909261, 37.6066426 ], [ -0.9908976, 37.6066233 ], [ -0.9908632, 37.6065989 ], [ -0.9908301, 37.6065722 ], [ -0.9908012, 37.6065417 ], [ -0.9907651, 37.6065002 ], [ -0.9907467, 37.6064748 ], [ -0.9907419, 37.6064683 ], [ -0.9907262, 37.6064415 ], [ -0.9906598, 37.6064616 ], [ -0.9903323, 37.6065604 ], [ -0.9900718, 37.6066389 ], [ -0.9900625, 37.6066416 ], [ -0.9900657, 37.6066493 ], [ -0.990228, 37.6070445 ], [ -0.9902663, 37.6071455 ], [ -0.9902875, 37.6072017 ], [ -0.9902878, 37.6072024 ], [ -0.990347, 37.6073585 ], [ -0.9904292, 37.6075764 ], [ -0.9904637, 37.6076617 ], [ -0.990486, 37.6077168 ], [ -0.9905113, 37.6077795 ], [ -0.990531, 37.6078284 ], [ -0.9906902, 37.6082815 ], [ -0.9907205, 37.6083681 ], [ -0.9907743, 37.6084581 ], [ -0.9908448, 37.6086408 ], [ -0.9908527, 37.6086609 ] ] ] } },
{ "type": "Feature", "properties": { "CCAA": "14 - Región de Murcia", "PROVINCIA": "30 - Murcia", "MUNICIPIO": "30016 - Cartagena", "COD_MUNICIPIO": "30016", "DISTRITO": "03", "SECCION": "3001603021", "V1_H": 79.86, "V1_M": 85.62, "V2_H": 79.74592797, "V2_M": 85.80311169, "V3_H": 80.14073418, "V3_M": 85.57864485 }, "geometry": { "type": "Polygon", "coordinates": [ [ [ -0.9830897, 37.6143512 ], [ -0.9831129, 37.6143628 ], [ -0.9831768, 37.6143865 ], [ -0.9832316, 37.6143991 ], [ -0.9832931, 37.6144074 ], [ -0.983341, 37.6144084 ], [ -0.9834248, 37.6144083 ], [ -0.9839039, 37.6143911 ], [ -0.9841652, 37.6143822 ], [ -0.9841466, 37.6142824 ], [ -0.9841271, 37.6139242 ], [ -0.984094, 37.6133626 ], [ -0.9840798, 37.6130746 ], [ -0.9840777, 37.6130313 ], [ -0.9840531, 37.6125347 ], [ -0.9840241, 37.6120602 ], [ -0.9836053, 37.6120696 ], [ -0.9834245, 37.6120687 ], [ -0.9826218, 37.612092 ], [ -0.9822359, 37.6121017 ], [ -0.9821845, 37.6121029 ], [ -0.9819437, 37.6121081 ], [ -0.9818439, 37.6121323 ], [ -0.9817431, 37.6121741 ], [ -0.9814494, 37.612354 ], [ -0.9811785, 37.6125339 ], [ -0.9811691, 37.61254 ], [ -0.9811624, 37.6125426 ], [ -0.9811543, 37.6125436 ], [ -0.9811535, 37.6125436 ], [ -0.9811632, 37.6125691 ], [ -0.9811672, 37.6125744 ], [ -0.981184, 37.6125979 ], [ -0.9812262, 37.6126335 ], [ -0.9816058, 37.612989 ], [ -0.9816529, 37.6130331 ], [ -0.9818403, 37.6132084 ], [ -0.9819295, 37.6132921 ], [ -0.9821573, 37.6135053 ], [ -0.9822916, 37.6136312 ], [ -0.9829319, 37.6142271 ], [ -0.9830202, 37.6143093 ], [ -0.9830648, 37.6143387 ], [ -0.9830897, 37.6143512 ] ] ] } },
{ "type": "Feature", "properties": { "CCAA": "14 - Región de Murcia", "PROVINCIA": "30 - Murcia", "MUNICIPIO": "30016 - Cartagena", "COD_MUNICIPIO": "30016", "DISTRITO": "03", "SECCION": "3001603026", "V1_H": 80.78, "V1_M": 86.63, "V2_H": 80.78050334, "V2_M": 86.59104663, "V3_H": 80.85502768000001, "V3_M": 86.88271981 }, "geometry": { "type": "Polygon", "coordinates": [ [ [ -0.9810321, 37.6088773 ], [ -0.9810436, 37.6090759 ], [ -0.9810624, 37.6093372 ], [ -0.9810762, 37.60953 ], [ -0.9810815, 37.6095999 ], [ -0.981088, 37.6096172 ], [ -0.9811061, 37.6096405 ], [ -0.9811275, 37.6096622 ], [ -0.9811675, 37.6096897 ], [ -0.9813483, 37.609803 ], [ -0.9814693, 37.6098855 ], [ -0.9815175, 37.6099154 ], [ -0.9815354, 37.6099372 ], [ -0.9815387, 37.6099732 ], [ -0.9815433, 37.6101183 ], [ -0.9815559, 37.6104422 ], [ -0.981558, 37.6105169 ], [ -0.9815589, 37.6106201 ], [ -0.9815634, 37.6107547 ], [ -0.9815687, 37.6107812 ], [ -0.9815788, 37.6108005 ], [ -0.9816331, 37.6108465 ], [ -0.9820455, 37.6112198 ], [ -0.9821014, 37.6112688 ], [ -0.9821655, 37.6113305 ], [ -0.9822011, 37.6113917 ], [ -0.9822135, 37.6114607 ], [ -0.9822248, 37.6117293 ], [ -0.9822359, 37.6121017 ], [ -0.9826218, 37.612092 ], [ -0.9834245, 37.6120687 ], [ -0.9836053, 37.6120696 ], [ -0.9840241, 37.6120602 ], [ -0.984013, 37.6118781 ], [ -0.9839804, 37.6112695 ], [ -0.9839699, 37.6111607 ], [ -0.9839629, 37.6109366 ], [ -0.9839348, 37.6104516 ], [ -0.9839182, 37.610005 ], [ -0.9839105, 37.610005 ], [ -0.9838667, 37.6100013 ], [ -0.9838195, 37.6099944 ], [ -0.9837708, 37.6099865 ], [ -0.9837096, 37.6099743 ], [ -0.9836752, 37.6099638 ], [ -0.983639, 37.6099511 ], [ -0.983589, 37.6099286 ], [ -0.9835435, 37.6099071 ], [ -0.9835414, 37.609906 ], [ -0.9834242, 37.6098459 ], [ -0.9833131, 37.6097806 ], [ -0.9831384, 37.6096777 ], [ -0.9826232, 37.6094052 ], [ -0.981479, 37.6088002 ], [ -0.9810786, 37.608869 ], [ -0.9810321, 37.6088773 ] ] ] } },
{ "type": "Feature", "properties": { "CCAA": "14 - Región de Murcia", "PROVINCIA": "30 - Murcia", "MUNICIPIO": "30016 - Cartagena", "COD_MUNICIPIO": "30016", "DISTRITO": "03", "SECCION": "3001603028", "V1_H": 82.08, "V1_M": 87.23, "V2_H": 81.77226367, "V2_M": 87.02227373, "V3_H": 82.52263661000001, "V3_M": 87.52638345 }, "geometry": { "type": "Polygon", "coordinates": [ [ [ -0.9903079, 37.6040568 ], [ -0.9904507, 37.6042046 ], [ -0.9910166, 37.6047446 ], [ -0.9911148, 37.6048372 ], [ -0.9911426, 37.604802 ], [ -0.991165, 37.6047734 ], [ -0.9911845, 37.6047487 ], [ -0.9915731, 37.6042512 ], [ -0.9915783, 37.6042457 ], [ -0.9915907, 37.6042325 ], [ -0.9916013, 37.6042241 ], [ -0.9916595, 37.6041959 ], [ -0.9915805, 37.6041472 ], [ -0.9910141, 37.6037991 ], [ -0.9908564, 37.6037022 ], [ -0.9906528, 37.6035771 ], [ -0.9900567, 37.6032085 ], [ -0.9899151, 37.6031204 ], [ -0.989676, 37.6029722 ], [ -0.9892636, 37.6027164 ], [ -0.9892341, 37.6026981 ], [ -0.9889131, 37.6025217 ], [ -0.9885747, 37.6025224 ], [ -0.98839, 37.6026734 ], [ -0.98811, 37.6029232 ], [ -0.9881085, 37.6029245 ], [ -0.9880921, 37.6029324 ], [ -0.9884253, 37.6030573 ], [ -0.9886178, 37.6031243 ], [ -0.9888452, 37.6032034 ], [ -0.9891961, 37.6033255 ], [ -0.9893186, 37.6034019 ], [ -0.9896757, 37.6036247 ], [ -0.9901398, 37.6038624 ], [ -0.9903079, 37.6040568 ] ] ] } },
{ "type": "Feature", "properties": { "CCAA": "14 - Región de Murcia", "PROVINCIA": "30 - Murcia", "MUNICIPIO": "30016 - Cartagena", "COD_MUNICIPIO": "30016", "DISTRITO": "02", "SECCION": "3001602011", "V1_H": 81.37, "V1_M": 86.85, "V2_H": 81.08688328, "V2_M": 86.76748373, "V3_H": 81.75507894, "V3_M": 87.07522296 }, "geometry": { "type": "Polygon", "coordinates": [ [ [ -0.981429, 37.6059949 ], [ -0.98143, 37.6060204 ], [ -0.9814493, 37.6062885 ], [ -0.9814543, 37.6069162 ], [ -0.9814977, 37.6069149 ], [ -0.9831758, 37.6068627 ], [ -0.9834236, 37.6068551 ], [ -0.9838433, 37.6068429 ], [ -0.9846893, 37.6068169 ], [ -0.9847602, 37.6068136 ], [ -0.9849731, 37.6068039 ], [ -0.9850043, 37.6068024 ], [ -0.9850041, 37.6067971 ], [ -0.9850015, 37.6067267 ], [ -0.9850002, 37.6066935 ], [ -0.9849967, 37.6066024 ], [ -0.9849951, 37.6065604 ], [ -0.9849846, 37.6062877 ], [ -0.9849594, 37.6058683 ], [ -0.9849592, 37.6058646 ], [ -0.9849592, 37.6058641 ], [ -0.9847148, 37.6058731 ], [ -0.984174, 37.6058931 ], [ -0.9834234, 37.6059286 ], [ -0.983122, 37.605941 ], [ -0.9830943, 37.6055322 ], [ -0.9822085, 37.6056436 ], [ -0.9817164, 37.6057104 ], [ -0.9814187, 37.6057508 ], [ -0.981429, 37.6059949 ] ] ] } },
{ "type": "Feature", "properties": { "CCAA": "14 - Región de Murcia", "PROVINCIA": "30 - Murcia", "MUNICIPIO": "30016 - Cartagena", "COD_MUNICIPIO": "30016", "DISTRITO": "02", "SECCION": "3001602013", "V1_H": 80.25, "V1_M": 86.11, "V2_H": 80.02266353, "V2_M": 86.02270939, "V3_H": 80.50879823, "V3_M": 86.37032083 }, "geometry": { "type": "Polygon", "coordinates": [ [ [ -0.969875, 37.6102693 ], [ -0.9722322, 37.6103539 ], [ -0.9723819, 37.6100454 ], [ -0.9725113, 37.6097791 ], [ -0.9726548, 37.6094962 ], [ -0.9726791, 37.6094482 ], [ -0.972759, 37.6093174 ], [ -0.9727812, 37.609281 ], [ -0.9728171, 37.6092221 ], [ -0.972939, 37.6090073 ], [ -0.9729828, 37.6089461 ], [ -0.9731118, 37.6087652 ], [ -0.9733166, 37.6084698 ], [ -0.9733848, 37.6083716 ], [ -0.9734052, 37.6083424 ], [ -0.9734628, 37.6082599 ], [ -0.9735083, 37.6081948 ], [ -0.9737047, 37.6079135 ], [ -0.9740465, 37.6074241 ], [ -0.9741251, 37.6073226 ], [ -0.9741074, 37.6073157 ], [ -0.9740847, 37.6073043 ], [ -0.9740635, 37.6072912 ], [ -0.9740442, 37.6072763 ], [ -0.974027, 37.6072598 ], [ -0.974012, 37.6072421 ], [ -0.9739994, 37.6072231 ], [ -0.9739894, 37.6072033 ], [ -0.9739821, 37.6071827 ], [ -0.9739775, 37.6071616 ], [ -0.9739756, 37.6071403 ], [ -0.9739758, 37.6071397 ], [ -0.9733523, 37.6071543 ], [ -0.9728157, 37.6071669 ], [ -0.9723883, 37.607177 ], [ -0.9722029, 37.607181 ], [ -0.9720801, 37.6071837 ], [ -0.9718754, 37.6071883 ], [ -0.9715269, 37.6071967 ], [ -0.9714208, 37.6072026 ], [ -0.9713278, 37.6072082 ], [ -0.9712708, 37.6072145 ], [ -0.971201, 37.6072247 ], [ -0.9710967, 37.6072404 ], [ -0.9709774, 37.6072636 ], [ -0.9709178, 37.6072792 ], [ -0.9708593, 37.607294 ], [ -0.9707768, 37.6073185 ], [ -0.9707068, 37.6073424 ], [ -0.9706234, 37.6073727 ], [ -0.970609, 37.6073786 ], [ -0.9705759, 37.6073921 ], [ -0.9704476, 37.6075709 ], [ -0.9704394, 37.6075824 ], [ -0.9704394, 37.6075826 ], [ -0.9704389, 37.6075833 ], [ -0.9704331, 37.6075936 ], [ -0.9703892, 37.6076694 ], [ -0.9703617, 37.6077222 ], [ -0.9703284, 37.6077918 ], [ -0.970298, 37.6078593 ], [ -0.9702521, 37.6079656 ], [ -0.9702092, 37.6080706 ], [ -0.9701709, 37.6081607 ], [ -0.9701477, 37.6082227 ], [ -0.970126, 37.608286 ], [ -0.9700563, 37.6085226 ], [ -0.9700252, 37.6086208 ], [ -0.9699823, 37.6087485 ], [ -0.9699436, 37.6089 ], [ -0.9699177, 37.6090137 ], [ -0.969878, 37.6092672 ], [ -0.9698612, 37.6094896 ], [ -0.9698493, 37.6096874 ], [ -0.9698496, 37.6099148 ], [ -0.9698611, 37.610136 ], [ -0.969875, 37.6102693 ] ] ] } },
{ "type": "Feature", "properties": { "CCAA": "14 - Región de Murcia", "PROVINCIA": "30 - Murcia", "MUNICIPIO": "30016 - Cartagena", "COD_MUNICIPIO": "30016", "DISTRITO": "03", "SECCION": "3001603013", "V1_H": 81.41, "V1_M": 86.82, "V2_H": 80.96532964, "V2_M": 86.87567885, "V3_H": 81.8694609, "V3_M": 86.90400308 }, "geometry": { "type": "Polygon", "coordinates": [ [ [ -0.9874285, 37.6067289 ], [ -0.9874302, 37.6067357 ], [ -0.9874535, 37.6068335 ], [ -0.9874729, 37.6069365 ], [ -0.987485, 37.6070004 ], [ -0.9874994, 37.6070775 ], [ -0.9875487, 37.6072944 ], [ -0.987581, 37.6074339 ], [ -0.9876303, 37.6076551 ], [ -0.987667, 37.6078341 ], [ -0.9876947, 37.6079705 ], [ -0.9877805, 37.6083688 ], [ -0.9878166, 37.6085891 ], [ -0.9878287, 37.608663 ], [ -0.987857, 37.6087988 ], [ -0.9880583, 37.6087922 ], [ -0.9881038, 37.6087906 ], [ -0.9882504, 37.6087858 ], [ -0.9884616, 37.6087783 ], [ -0.9885452, 37.6087754 ], [ -0.9888975, 37.608763 ], [ -0.9889066, 37.6087627 ], [ -0.9889949, 37.6087602 ], [ -0.9890245, 37.6087593 ], [ -0.9891556, 37.6087556 ], [ -0.9892222, 37.6087537 ], [ -0.9892787, 37.6087521 ], [ -0.9893446, 37.6087502 ], [ -0.9894054, 37.6087486 ], [ -0.9896041, 37.6087413 ], [ -0.9898293, 37.6087322 ], [ -0.9900178, 37.6087246 ], [ -0.9905061, 37.6087051 ], [ -0.9905647, 37.6087018 ], [ -0.9906106, 37.6086993 ], [ -0.9906515, 37.6086969 ], [ -0.9908527, 37.6086609 ], [ -0.9908448, 37.6086408 ], [ -0.9907743, 37.6084581 ], [ -0.9907205, 37.6083681 ], [ -0.9906902, 37.6082815 ], [ -0.990531, 37.6078284 ], [ -0.9905113, 37.6077795 ], [ -0.990486, 37.6077168 ], [ -0.9904637, 37.6076617 ], [ -0.9904292, 37.6075764 ], [ -0.990347, 37.6073585 ], [ -0.9902878, 37.6072024 ], [ -0.9902875, 37.6072017 ], [ -0.9902663, 37.6071455 ], [ -0.990228, 37.6070445 ], [ -0.9900657, 37.6066493 ], [ -0.9900625, 37.6066416 ], [ -0.9900511, 37.6066422 ], [ -0.9897978, 37.6066556 ], [ -0.9897942, 37.6066558 ], [ -0.9897129, 37.6066571 ], [ -0.9896566, 37.6066581 ], [ -0.9896489, 37.6066582 ], [ -0.9894156, 37.6066654 ], [ -0.988851, 37.6066839 ], [ -0.9886565, 37.6066899 ], [ -0.9886264, 37.6066909 ], [ -0.9883215, 37.6067004 ], [ -0.9877341, 37.6067193 ], [ -0.98773, 37.6067196 ], [ -0.9876673, 37.606722 ], [ -0.9876274, 37.6067236 ], [ -0.9876248, 37.6067238 ], [ -0.9875813, 37.6067257 ], [ -0.9874362, 37.6067287 ], [ -0.9874285, 37.6067289 ] ] ] } },
{ "type": "Feature", "properties": { "CCAA": "14 - Región de Murcia", "PROVINCIA": "30 - Murcia", "MUNICIPIO": "30016 - Cartagena", "COD_MUNICIPIO": "30016", "DISTRITO": "03", "SECCION": "3001603015", "V1_H": 81.72, "V1_M": 86.96, "V2_H": 81.44760383000001, "V2_M": 86.83587728000001, "V3_H": 82.03657934, "V3_M": 87.26058658 }, "geometry": { "type": "Polygon", "coordinates": [ [ [ -0.9915751, 37.6067112 ], [ -0.9915991, 37.6067627 ], [ -0.9916081, 37.6067822 ], [ -0.9916707, 37.6069172 ], [ -0.9916812, 37.6069398 ], [ -0.9916953, 37.6069705 ], [ -0.9916982, 37.6069757 ], [ -0.9917012, 37.6069817 ], [ -0.9917128, 37.6070037 ], [ -0.9917274, 37.6070318 ], [ -0.9917352, 37.6070466 ], [ -0.9917494, 37.6070738 ], [ -0.9917496, 37.6070744 ], [ -0.9917621, 37.6071 ], [ -0.9917656, 37.6071073 ], [ -0.9917915, 37.6071604 ], [ -0.9917974, 37.6071727 ], [ -0.9918501, 37.6072813 ], [ -0.9918503, 37.6072818 ], [ -0.9918551, 37.6072915 ], [ -0.9919045, 37.6073934 ], [ -0.9920845, 37.6077607 ], [ -0.9921684, 37.607932 ], [ -0.9922535, 37.6081055 ], [ -0.9923115, 37.6082237 ], [ -0.9923982, 37.6081971 ], [ -0.9924395, 37.6081842 ], [ -0.9930364, 37.6080004 ], [ -0.9936211, 37.6078157 ], [ -0.9940651, 37.6076511 ], [ -0.9940526, 37.6076242 ], [ -0.9940397, 37.6075923 ], [ -0.9940201, 37.607557 ], [ -0.9940045, 37.6075268 ], [ -0.9939912, 37.6075022 ], [ -0.9939816, 37.6074807 ], [ -0.9939683, 37.6074588 ], [ -0.993953, 37.6074345 ], [ -0.9939397, 37.6074146 ], [ -0.9939227, 37.6073859 ], [ -0.9939102, 37.6073657 ], [ -0.9938991, 37.6073427 ], [ -0.9938867, 37.6073203 ], [ -0.993875, 37.6072987 ], [ -0.993862, 37.6072763 ], [ -0.9938515, 37.6072583 ], [ -0.9938456, 37.607248 ], [ -0.9938364, 37.6072356 ], [ -0.9938256, 37.6072196 ], [ -0.9938152, 37.6072001 ], [ -0.993805, 37.6071814 ], [ -0.9937893, 37.6071583 ], [ -0.9937808, 37.6071461 ], [ -0.9937732, 37.6071349 ], [ -0.993761, 37.6071133 ], [ -0.9937459, 37.6070881 ], [ -0.9937312, 37.6070581 ], [ -0.9937163, 37.607022 ], [ -0.9937047, 37.6069927 ], [ -0.9936944, 37.6069643 ], [ -0.9936797, 37.6069298 ], [ -0.9936704, 37.6069139 ], [ -0.9936619, 37.6068978 ], [ -0.9936525, 37.6068785 ], [ -0.993645, 37.6068557 ], [ -0.9936411, 37.6068343 ], [ -0.9936398, 37.6068197 ], [ -0.9936371, 37.6068055 ], [ -0.9936324, 37.6067901 ], [ -0.9936264, 37.6067702 ], [ -0.9936155, 37.6067402 ], [ -0.99361, 37.6067223 ], [ -0.9935997, 37.6066999 ], [ -0.993595, 37.6066803 ], [ -0.9935926, 37.6066651 ], [ -0.9935896, 37.6066513 ], [ -0.9935847, 37.6066375 ], [ -0.9935763, 37.6066166 ], [ -0.9935719, 37.6066011 ], [ -0.9935719, 37.6066009 ], [ -0.9935674, 37.6065873 ], [ -0.9935603, 37.6065711 ], [ -0.9935527, 37.6065525 ], [ -0.9935392, 37.6065225 ], [ -0.9935304, 37.6065009 ], [ -0.9935251, 37.6064864 ], [ -0.9935198, 37.6064776 ], [ -0.993502, 37.6063649 ], [ -0.9933978, 37.6057029 ], [ -0.992813, 37.6058738 ], [ -0.9925245, 37.6059841 ], [ -0.9922238, 37.6060874 ], [ -0.9922238, 37.6060873 ], [ -0.9921487, 37.6061133 ], [ -0.9919883, 37.6061685 ], [ -0.9919901, 37.6061919 ], [ -0.9919908, 37.606214 ], [ -0.9919912, 37.6062361 ], [ -0.9919901, 37.6062557 ], [ -0.9919893, 37.6062766 ], [ -0.9919891, 37.6062859 ], [ -0.9919857, 37.606328 ], [ -0.9919752, 37.6063719 ], [ -0.9919563, 37.6064202 ], [ -0.9919404, 37.6064498 ], [ -0.9918804, 37.6065301 ], [ -0.9918103, 37.6065928 ], [ -0.9917496, 37.6066329 ], [ -0.9916521, 37.6066799 ], [ -0.9916146, 37.6066968 ], [ -0.9915751, 37.6067112 ] ] ] } },
{ "type": "Feature", "properties": { "CCAA": "14 - Región de Murcia", "PROVINCIA": "30 - Murcia", "MUNICIPIO": "30016 - Cartagena", "COD_MUNICIPIO": "30016", "DISTRITO": "02", "SECCION": "3001602010", "V1_H": 79.2, "V1_M": 85.22, "V2_H": 79.18248439, "V2_M": 85.25623492, "V3_H": 79.42953696, "V3_M": 85.41396632 }, "geometry": { "type": "Polygon", "coordinates": [ [ [ -0.9711947, 37.6131655 ], [ -0.9712106, 37.613182 ], [ -0.9712915, 37.6132656 ], [ -0.9714363, 37.6134003 ], [ -0.9718765, 37.6137676 ], [ -0.9719943, 37.6138599 ], [ -0.9719957, 37.6138611 ], [ -0.9723653, 37.6141047 ], [ -0.9726105, 37.6142431 ], [ -0.9728589, 37.6143963 ], [ -0.9728603, 37.6143971 ], [ -0.9731004, 37.6145453 ], [ -0.9731508, 37.6145765 ], [ -0.9746959, 37.6153573 ], [ -0.9758865, 37.613937 ], [ -0.9755222, 37.6135316 ], [ -0.9753723, 37.6133618 ], [ -0.9750867, 37.6130389 ], [ -0.9749803, 37.6129187 ], [ -0.9749414, 37.6128748 ], [ -0.9749396, 37.6128728 ], [ -0.9747931, 37.6127207 ], [ -0.9746992, 37.6126266 ], [ -0.9746208, 37.6125349 ], [ -0.9745912, 37.6124527 ], [ -0.9745795, 37.6123695 ], [ -0.9745646, 37.611944 ], [ -0.9745595, 37.6118016 ], [ -0.9745458, 37.6114499 ], [ -0.9745386, 37.6112686 ], [ -0.9745197, 37.610948 ], [ -0.9745121, 37.6108198 ], [ -0.974497, 37.6104532 ], [ -0.974495, 37.6104531 ], [ -0.9744878, 37.6102837 ], [ -0.9740645, 37.6102969 ], [ -0.9736493, 37.6103097 ], [ -0.9732663, 37.6103217 ], [ -0.9732127, 37.6103234 ], [ -0.9727976, 37.6103363 ], [ -0.9722322, 37.6103539 ], [ -0.969875, 37.6102693 ], [ -0.9698849, 37.6103645 ], [ -0.9698865, 37.6104537 ], [ -0.9698914, 37.6105017 ], [ -0.9699214, 37.6106543 ], [ -0.9699635, 37.6108601 ], [ -0.9700351, 37.6111415 ], [ -0.9700976, 37.6113844 ], [ -0.9702077, 37.6116867 ], [ -0.9702976, 37.611884 ], [ -0.9704211, 37.6121326 ], [ -0.9705226, 37.6122981 ], [ -0.9706238, 37.6124559 ], [ -0.9706772, 37.6125353 ], [ -0.9707689, 37.6126685 ], [ -0.9708758, 37.6128049 ], [ -0.9709178, 37.6128583 ], [ -0.9709312, 37.6128746 ], [ -0.9709813, 37.6129359 ], [ -0.9709993, 37.6129583 ], [ -0.9711126, 37.6130808 ], [ -0.9711284, 37.6130971 ], [ -0.9711718, 37.6131418 ], [ -0.9711947, 37.6131655 ] ] ] } },
{ "type": "Feature", "properties": { "CCAA": "14 - Región de Murcia", "PROVINCIA": "30 - Murcia", "MUNICIPIO": "30016 - Cartagena", "COD_MUNICIPIO": "30016", "DISTRITO": "02", "SECCION": "3001602012", "V1_H": 80.65, "V1_M": 86.4, "V2_H": 80.41087182, "V2_M": 86.2775211, "V3_H": 80.94660094, "V3_M": 86.57847437 }, "geometry": { "type": "Polygon", "coordinates": [ [ [ -0.9759937, 37.6061966 ], [ -0.9760554, 37.6062893 ], [ -0.9763582, 37.6067814 ], [ -0.9763834, 37.6068492 ], [ -0.9764396, 37.6070724 ], [ -0.9775959, 37.6070371 ], [ -0.9778051, 37.6070297 ], [ -0.9778455, 37.6070283 ], [ -0.9780728, 37.6070203 ], [ -0.9781798, 37.6070161 ], [ -0.9792551, 37.6069831 ], [ -0.9814543, 37.6069162 ], [ -0.9814493, 37.6062885 ], [ -0.98143, 37.6060204 ], [ -0.981429, 37.6059949 ], [ -0.9809907, 37.6060011 ], [ -0.9808869, 37.606017 ], [ -0.980759, 37.6060254 ], [ -0.9792548, 37.6060751 ], [ -0.9777435, 37.6061263 ], [ -0.9777381, 37.6061262 ], [ -0.9777381, 37.6061263 ], [ -0.9777381, 37.6061264 ], [ -0.9777371, 37.6061263 ], [ -0.9776904, 37.6061233 ], [ -0.977501, 37.6061106 ], [ -0.9773939, 37.6061134 ], [ -0.9773148, 37.6061245 ], [ -0.97719, 37.606142 ], [ -0.9770231, 37.6061531 ], [ -0.9759937, 37.6061966 ] ] ] } },
{ "type": "Feature", "properties": { "CCAA": "14 - Región de Murcia", "PROVINCIA": "30 - Murcia", "MUNICIPIO": "30016 - Cartagena", "COD_MUNICIPIO": "30016", "DISTRITO": "03", "SECCION": "3001603014", "V1_H": 81.0, "V1_M": 86.46, "V2_H": 80.73228769000001, "V2_M": 86.26471443, "V3_H": 81.28044537, "V3_M": 86.73149122 }, "geometry": { "type": "Polygon", "coordinates": [ [ [ -0.9850471, 37.607917 ], [ -0.9850644, 37.6083695 ], [ -0.9850659, 37.6083986 ], [ -0.9850729, 37.6085423 ], [ -0.9850903, 37.6088963 ], [ -0.9855496, 37.6088801 ], [ -0.9855667, 37.6088795 ], [ -0.9857279, 37.6088739 ], [ -0.9860651, 37.608862 ], [ -0.9861123, 37.6088603 ], [ -0.986441, 37.6088487 ], [ -0.9864313, 37.6087693 ], [ -0.98642, 37.608676 ], [ -0.9864091, 37.6086021 ], [ -0.9864035, 37.608565 ], [ -0.9863745, 37.6083691 ], [ -0.9863763, 37.6083523 ], [ -0.9863813, 37.6083057 ], [ -0.9863839, 37.6082804 ], [ -0.9863804, 37.6082339 ], [ -0.9863574, 37.6079359 ], [ -0.9863525, 37.6078746 ], [ -0.986344, 37.6077721 ], [ -0.9863324, 37.6076291 ], [ -0.9863252, 37.6075415 ], [ -0.9863209, 37.6074881 ], [ -0.9863188, 37.6074621 ], [ -0.9863144, 37.6074098 ], [ -0.9863005, 37.6072778 ], [ -0.9862631, 37.606923 ], [ -0.9862486, 37.6067634 ], [ -0.9854315, 37.6067884 ], [ -0.9853775, 37.60679 ], [ -0.9852145, 37.6067949 ], [ -0.9850739, 37.6067993 ], [ -0.9850205, 37.6068017 ], [ -0.9850043, 37.6068024 ], [ -0.9850045, 37.6068076 ], [ -0.9850074, 37.6068809 ], [ -0.9850086, 37.6069149 ], [ -0.9850125, 37.6070126 ], [ -0.985014, 37.6070549 ], [ -0.9850307, 37.6074879 ], [ -0.9850461, 37.6078907 ], [ -0.9850471, 37.6079157 ], [ -0.9850471, 37.607917 ] ] ] } },
{ "type": "Feature", "properties": { "CCAA": "14 - Región de Murcia", "PROVINCIA": "30 - Murcia", "MUNICIPIO": "30016 - Cartagena", "COD_MUNICIPIO": "30016", "DISTRITO": "03", "SECCION": "3001603016", "V1_H": 81.9, "V1_M": 87.09, "V2_H": 81.63118556000001, "V2_M": 87.01244814, "V3_H": 82.24024873, "V3_M": 87.26921271000001 }, "geometry": { "type": "Polygon", "coordinates": [ [ [ -0.9924157, 37.6127598 ], [ -0.9912357, 37.6129791 ], [ -0.9915582, 37.6139475 ], [ -0.99135, 37.6139914 ], [ -0.9916357, 37.6148491 ], [ -0.9916879, 37.6149951 ], [ -0.991752, 37.6149829 ], [ -0.991792, 37.6149756 ], [ -0.9918044, 37.6149733 ], [ -0.9920383, 37.6149299 ], [ -0.9921539, 37.6149084 ], [ -0.9921552, 37.6149082 ], [ -0.9922699, 37.6148869 ], [ -0.992504, 37.6148433 ], [ -0.9926378, 37.6148185 ], [ -0.9927412, 37.6147994 ], [ -0.9929755, 37.6147558 ], [ -0.9931768, 37.6147184 ], [ -0.9931831, 37.6147173 ], [ -0.9932273, 37.6147101 ], [ -0.9932786, 37.6147052 ], [ -0.9933296, 37.6147061 ], [ -0.9934002, 37.6147102 ], [ -0.9934635, 37.6147164 ], [ -0.9934708, 37.6147172 ], [ -0.9935264, 37.6147128 ], [ -0.9935928, 37.6147076 ], [ -0.9938202, 37.6146691 ], [ -0.9938606, 37.6146623 ], [ -0.9939165, 37.6146528 ], [ -0.993978, 37.6146424 ], [ -0.9940177, 37.6146357 ], [ -0.9941016, 37.6146215 ], [ -0.9942595, 37.6145867 ], [ -0.9943248, 37.6145725 ], [ -0.9944321, 37.6145489 ], [ -0.9944384, 37.6145474 ], [ -0.9944858, 37.6145371 ], [ -0.9949243, 37.6144406 ], [ -0.9949876, 37.6144246 ], [ -0.9951719, 37.6143766 ], [ -0.9951699, 37.6143743 ], [ -0.9951526, 37.6143549 ], [ -0.9951396, 37.6143343 ], [ -0.9951333, 37.6143207 ], [ -0.9951301, 37.6143142 ], [ -0.995123, 37.614293 ], [ -0.995119, 37.6142742 ], [ -0.9951159, 37.6142578 ], [ -0.9951158, 37.6142538 ], [ -0.9951152, 37.6142397 ], [ -0.9951157, 37.6142211 ], [ -0.9951202, 37.6142026 ], [ -0.9951276, 37.6141839 ], [ -0.9951398, 37.6141635 ], [ -0.9951607, 37.6141428 ], [ -0.9951943, 37.6141234 ], [ -0.9952111, 37.6141199 ], [ -0.9951814, 37.6140586 ], [ -0.9951793, 37.6140542 ], [ -0.9951119, 37.6139158 ], [ -0.9948531, 37.6133813 ], [ -0.9948009, 37.6132773 ], [ -0.9947689, 37.6132136 ], [ -0.9947633, 37.6132025 ], [ -0.9944307, 37.6125397 ], [ -0.99435, 37.6123759 ], [ -0.9943307, 37.6123366 ], [ -0.9943073, 37.6122892 ], [ -0.9942684, 37.6122104 ], [ -0.994256, 37.612185 ], [ -0.9924157, 37.6127598 ] ] ] } },
{ "type": "Feature", "properties": { "CCAA": "14 - Región de Murcia", "PROVINCIA": "30 - Murcia", "MUNICIPIO": "30016 - Cartagena", "COD_MUNICIPIO": "30016", "DISTRITO": "03", "SECCION": "3001603031", "V1_H": 81.58, "V1_M": 86.83, "V2_H": 80.91860297, "V2_M": 86.63659936000001, "V3_H": 82.21677219, "V3_M": 87.10560157 }, "geometry": { "type": "Polygon", "coordinates": [ [ [ -0.9923115, 37.6082237 ], [ -0.9923116, 37.608224 ], [ -0.9923819, 37.6083677 ], [ -0.9925321, 37.6086695 ], [ -0.9925394, 37.608684 ], [ -0.9927805, 37.6091691 ], [ -0.9928291, 37.6092704 ], [ -0.9928404, 37.6092939 ], [ -0.9928406, 37.6092944 ], [ -0.9946003, 37.6087425 ], [ -0.9945233, 37.6085841 ], [ -0.9945213, 37.6085765 ], [ -0.9945182, 37.6085652 ], [ -0.9945154, 37.6085523 ], [ -0.9945126, 37.6085415 ], [ -0.99451, 37.6085314 ], [ -0.9945068, 37.6085235 ], [ -0.9945016, 37.6085126 ], [ -0.9944933, 37.6085016 ], [ -0.9944896, 37.6084956 ], [ -0.994478, 37.6084767 ], [ -0.9944702, 37.6084627 ], [ -0.9944629, 37.6084495 ], [ -0.9944555, 37.6084335 ], [ -0.9944473, 37.6084153 ], [ -0.9944415, 37.6084047 ], [ -0.9944367, 37.6083934 ], [ -0.9944333, 37.6083842 ], [ -0.9944234, 37.6083671 ], [ -0.9944152, 37.6083421 ], [ -0.9943992, 37.6083028 ], [ -0.9943861, 37.6082838 ], [ -0.9943703, 37.6082646 ], [ -0.994365, 37.6082583 ], [ -0.9943592, 37.6082527 ], [ -0.9943441, 37.6082385 ], [ -0.994328, 37.6082139 ], [ -0.9943173, 37.6081931 ], [ -0.9943077, 37.6081617 ], [ -0.9942988, 37.6081363 ], [ -0.9942886, 37.6081069 ], [ -0.9942789, 37.608079 ], [ -0.9942746, 37.6080657 ], [ -0.9942608, 37.6080332 ], [ -0.994249, 37.6080077 ], [ -0.9942352, 37.6079765 ], [ -0.994221, 37.607943 ], [ -0.99421, 37.6079183 ], [ -0.9941979, 37.6078922 ], [ -0.994188, 37.6078699 ], [ -0.9941676, 37.6078309 ], [ -0.9941518, 37.6077988 ], [ -0.9941374, 37.6077754 ], [ -0.9941348, 37.6077713 ], [ -0.994122, 37.6077515 ], [ -0.9941044, 37.6077226 ], [ -0.9940857, 37.6076915 ], [ -0.9940665, 37.6076541 ], [ -0.9940651, 37.6076511 ], [ -0.9936211, 37.6078157 ], [ -0.9930364, 37.6080004 ], [ -0.9924395, 37.6081842 ], [ -0.9923982, 37.6081971 ], [ -0.9923115, 37.6082237 ] ] ] } },
{ "type": "Feature", "properties": { "CCAA": "14 - Región de Murcia", "PROVINCIA": "30 - Murcia", "MUNICIPIO": "30016 - Cartagena", "COD_MUNICIPIO": "30016", "DISTRITO": "03", "SECCION": "3001603034", "V1_H": 80.78, "V1_M": 86.63, "V2_H": 80.78050334, "V2_M": 86.59104663, "V3_H": 80.85502768000001, "V3_M": 86.88271981 }, "geometry": { "type": "Polygon", "coordinates": [ [ [ -0.9888228, 37.6134064 ], [ -0.9888258, 37.6134211 ], [ -0.9888873, 37.6137207 ], [ -0.9888913, 37.6137397 ], [ -0.9889118, 37.6138389 ], [ -0.9889876, 37.6142076 ], [ -0.9890062, 37.6143093 ], [ -0.9890259, 37.6144172 ], [ -0.989027, 37.6144219 ], [ -0.9890728, 37.6146229 ], [ -0.9892175, 37.6153409 ], [ -0.9892284, 37.6153905 ], [ -0.9892395, 37.6154406 ], [ -0.9894408, 37.6154042 ], [ -0.9894532, 37.6154019 ], [ -0.9898724, 37.6153262 ], [ -0.9904695, 37.6152182 ], [ -0.9909117, 37.6151356 ], [ -0.9910287, 37.6151145 ], [ -0.991077, 37.6151057 ], [ -0.9911989, 37.6150836 ], [ -0.9911931, 37.6150646 ], [ -0.9911109, 37.6147986 ], [ -0.9910598, 37.6146224 ], [ -0.9910208, 37.6144904 ], [ -0.9905692, 37.6145788 ], [ -0.9904484, 37.6141648 ], [ -0.9902633, 37.6142 ], [ -0.9900546, 37.6134324 ], [ -0.9900368, 37.6133625 ], [ -0.9900287, 37.613331 ], [ -0.9900242, 37.6133135 ], [ -0.9899991, 37.6132161 ], [ -0.9888228, 37.6134064 ] ] ] } },
{ "type": "Feature", "properties": { "CCAA": "14 - Región de Murcia", "PROVINCIA": "30 - Murcia", "MUNICIPIO": "30016 - Cartagena", "COD_MUNICIPIO": "30016", "DISTRITO": "05", "SECCION": "3001605008", "V1_H": 79.29, "V1_M": 85.18, "V2_H": 79.29248013, "V2_M": 85.31775581, "V3_H": 79.43295666, "V3_M": 85.21995842 }, "geometry": { "type": "Polygon", "coordinates": [ [ [ -0.9736604, 37.6021421 ], [ -0.9736727, 37.6021538 ], [ -0.9736992, 37.6021678 ], [ -0.9737261, 37.6021694 ], [ -0.9737468, 37.6021695 ], [ -0.9739374, 37.6021206 ], [ -0.9744738, 37.6019828 ], [ -0.9747008, 37.6021945 ], [ -0.9749668, 37.6024424 ], [ -0.9750655, 37.6025147 ], [ -0.9751536, 37.6025398 ], [ -0.9752766, 37.602613 ], [ -0.9749217, 37.6030251 ], [ -0.9747229, 37.6032508 ], [ -0.9747189, 37.6032548 ], [ -0.9746849, 37.6032917 ], [ -0.9745903, 37.6033946 ], [ -0.973864, 37.6040958 ], [ -0.9741671, 37.6040618 ], [ -0.9745333, 37.6040206 ], [ -0.9747485, 37.6039968 ], [ -0.9749428, 37.6039752 ], [ -0.975095, 37.6039582 ], [ -0.9751994, 37.6039465 ], [ -0.9758094, 37.6038776 ], [ -0.9763267, 37.6038193 ], [ -0.976416, 37.6038148 ], [ -0.976605, 37.6038055 ], [ -0.9769769, 37.6037734 ], [ -0.9770002, 37.6037714 ], [ -0.9773247, 37.6037325 ], [ -0.9774921, 37.603713 ], [ -0.9776917, 37.6037165 ], [ -0.9777022, 37.6037116 ], [ -0.9776518, 37.6036029 ], [ -0.9776416, 37.6035772 ], [ -0.9775673, 37.6034358 ], [ -0.9774334, 37.6031772 ], [ -0.9773264, 37.6029865 ], [ -0.977239, 37.602831 ], [ -0.9772385, 37.6027686 ], [ -0.9772454, 37.6027191 ], [ -0.9772601, 37.6026806 ], [ -0.9772667, 37.6026635 ], [ -0.9773024, 37.6025916 ], [ -0.9773324, 37.6025259 ], [ -0.9773419, 37.6024888 ], [ -0.9773485, 37.6024537 ], [ -0.9773498, 37.6024082 ], [ -0.9773432, 37.6023356 ], [ -0.9773255, 37.6022607 ], [ -0.9773166, 37.6021737 ], [ -0.9773122, 37.6021167 ], [ -0.9772492, 37.6016549 ], [ -0.9771413, 37.6008994 ], [ -0.9770696, 37.6004522 ], [ -0.977065, 37.6004241 ], [ -0.9770556, 37.600301 ], [ -0.9770566, 37.6001023 ], [ -0.9770666, 37.6000348 ], [ -0.9771159, 37.5996839 ], [ -0.9771198, 37.5996718 ], [ -0.9771355, 37.5996222 ], [ -0.9771552, 37.5995513 ], [ -0.9771943, 37.5994369 ], [ -0.9772095, 37.5994002 ], [ -0.9772113, 37.5993957 ], [ -0.9772374, 37.5993317 ], [ -0.9772048, 37.5993203 ], [ -0.9771721, 37.5993043 ], [ -0.9770425, 37.5992384 ], [ -0.9770075, 37.5992206 ], [ -0.9769694, 37.5992013 ], [ -0.9769382, 37.5991794 ], [ -0.9769269, 37.5991715 ], [ -0.9768649, 37.5991281 ], [ -0.9767798, 37.5990572 ], [ -0.9767717, 37.599049 ], [ -0.9766279, 37.5990107 ], [ -0.9761013, 37.5992692 ], [ -0.9760778, 37.59925 ], [ -0.9760056, 37.5979634 ], [ -0.9760054, 37.5979615 ], [ -0.9758369, 37.59797 ], [ -0.9758303, 37.5979287 ], [ -0.9758134, 37.5978714 ], [ -0.9758021, 37.5977526 ], [ -0.9758011, 37.5972331 ], [ -0.9750051, 37.5967281 ], [ -0.9748752, 37.5966848 ], [ -0.9747784, 37.5967927 ], [ -0.975037, 37.5969341 ], [ -0.9750341, 37.5970437 ], [ -0.9747295, 37.5972165 ], [ -0.9742204, 37.5969886 ], [ -0.9739808, 37.5968406 ], [ -0.9739288, 37.5967469 ], [ -0.9736927, 37.5967952 ], [ -0.9736304, 37.5968427 ], [ -0.9732266, 37.59706 ], [ -0.9728343, 37.5973996 ], [ -0.9727609, 37.5974247 ], [ -0.9725253, 37.5975017 ], [ -0.9722891, 37.5975627 ], [ -0.9719295, 37.5976085 ], [ -0.9717475, 37.5976314 ], [ -0.9714899, 37.5976698 ], [ -0.9714468, 37.5976863 ], [ -0.9713864, 37.5977213 ], [ -0.9713407, 37.597746 ], [ -0.9711896, 37.5978602 ], [ -0.9708394, 37.5981323 ], [ -0.9707815, 37.5982075 ], [ -0.9707446, 37.5982479 ], [ -0.9707101, 37.5982961 ], [ -0.9705618, 37.5982418 ], [ -0.9705128, 37.5983487 ], [ -0.9703765, 37.5986465 ], [ -0.970372, 37.5986564 ], [ -0.9703794, 37.5986679 ], [ -0.970616, 37.5990406 ], [ -0.970769, 37.5992817 ], [ -0.9708473, 37.5993997 ], [ -0.9709666, 37.5993567 ], [ -0.9711199, 37.5995183 ], [ -0.9712154, 37.5996251 ], [ -0.9712776, 37.5996752 ], [ -0.9715391, 37.599875 ], [ -0.9715657, 37.5998878 ], [ -0.9716023, 37.5999053 ], [ -0.9716098, 37.5999089 ], [ -0.9716098, 37.5999091 ], [ -0.9716633, 37.5998452 ], [ -0.9716634, 37.5998452 ], [ -0.9717027, 37.5998447 ], [ -0.971806, 37.5998432 ], [ -0.9718293, 37.5998428 ], [ -0.9718576, 37.5998425 ], [ -0.9718807, 37.5998444 ], [ -0.9720138, 37.5998544 ], [ -0.9720431, 37.5998567 ], [ -0.972044, 37.599856 ], [ -0.9728206, 37.6001099 ], [ -0.972814, 37.600123 ], [ -0.9728112, 37.6001387 ], [ -0.9728117, 37.6001525 ], [ -0.9728139, 37.6001629 ], [ -0.9728165, 37.6001729 ], [ -0.9728211, 37.6001822 ], [ -0.9728331, 37.6001982 ], [ -0.973072, 37.6005162 ], [ -0.9730882, 37.6005386 ], [ -0.9731033, 37.6005633 ], [ -0.9731136, 37.600582 ], [ -0.9731232, 37.6006001 ], [ -0.9731309, 37.6006208 ], [ -0.9731366, 37.6006348 ], [ -0.9731428, 37.6006509 ], [ -0.973237, 37.6011396 ], [ -0.9734205, 37.6013876 ], [ -0.9734224, 37.6013868 ], [ -0.973484, 37.6014797 ], [ -0.9735054, 37.6015122 ], [ -0.9735055, 37.6015144 ], [ -0.9735518, 37.6015911 ], [ -0.9735495, 37.6015921 ], [ -0.9735636, 37.6016134 ], [ -0.97364, 37.6021099 ], [ -0.9736534, 37.6021354 ], [ -0.9736572, 37.6021391 ], [ -0.9736604, 37.6021421 ] ] ] } },
{ "type": "Feature", "properties": { "CCAA": "14 - Región de Murcia", "PROVINCIA": "30 - Murcia", "MUNICIPIO": "30016 - Cartagena", "COD_MUNICIPIO": "30016", "DISTRITO": "02", "SECCION": "3001602014", "V1_H": 79.68, "V1_M": 85.47, "V2_H": 79.93758061, "V2_M": 85.65037312, "V3_H": 79.53414521000001, "V3_M": 85.4025844 }, "geometry": { "type": "Polygon", "coordinates": [ [ [ -0.9753723, 37.6133618 ], [ -0.9755519, 37.6133761 ], [ -0.9757458, 37.613412 ], [ -0.976313, 37.6135152 ], [ -0.9764995, 37.6135489 ], [ -0.9773461, 37.6137021 ], [ -0.9776717, 37.613761 ], [ -0.9779528, 37.613812 ], [ -0.9780632, 37.6138328 ], [ -0.9780132, 37.6128585 ], [ -0.9779609, 37.6128316 ], [ -0.9779309, 37.612428 ], [ -0.9779049, 37.6123334 ], [ -0.9778777, 37.6121314 ], [ -0.9779595, 37.610191 ], [ -0.9779275, 37.6094605 ], [ -0.9779434, 37.6092673 ], [ -0.9779441, 37.6092579 ], [ -0.9779523, 37.609151 ], [ -0.977955, 37.609122 ], [ -0.9779561, 37.6091095 ], [ -0.9744332, 37.6092105 ], [ -0.9744878, 37.6102837 ], [ -0.974495, 37.6104531 ], [ -0.974497, 37.6104532 ], [ -0.9745121, 37.6108198 ], [ -0.9745197, 37.610948 ], [ -0.9745386, 37.6112686 ], [ -0.9745458, 37.6114499 ], [ -0.9745595, 37.6118016 ], [ -0.9745646, 37.611944 ], [ -0.9745795, 37.6123695 ], [ -0.9745912, 37.6124527 ], [ -0.9746208, 37.6125349 ], [ -0.9746992, 37.6126266 ], [ -0.9747931, 37.6127207 ], [ -0.9749396, 37.6128728 ], [ -0.9749414, 37.6128748 ], [ -0.9749803, 37.6129187 ], [ -0.9750867, 37.6130389 ], [ -0.9753723, 37.6133618 ] ] ] } },
{ "type": "Feature", "properties": { "CCAA": "14 - Región de Murcia", "PROVINCIA": "30 - Murcia", "MUNICIPIO": "30016 - Cartagena", "COD_MUNICIPIO": "30016", "DISTRITO": "03", "SECCION": "3001603002", "V1_H": 81.9, "V1_M": 87.09, "V2_H": 81.63118556000001, "V2_M": 87.01244814, "V3_H": 82.24024873, "V3_M": 87.26921271000001 }, "geometry": { "type": "Polygon", "coordinates": [ [ [ -0.9873422, 37.6054044 ], [ -0.9873396, 37.6054127 ], [ -0.987334, 37.6054311 ], [ -0.9872887, 37.6055792 ], [ -0.987245, 37.6057671 ], [ -0.9872423, 37.6057787 ], [ -0.9873411, 37.6062871 ], [ -0.9874114, 37.6067292 ], [ -0.9874157, 37.6067292 ], [ -0.9874285, 37.6067289 ], [ -0.9874362, 37.6067287 ], [ -0.9875813, 37.6067257 ], [ -0.9876248, 37.6067238 ], [ -0.9876274, 37.6067236 ], [ -0.9876673, 37.606722 ], [ -0.98773, 37.6067196 ], [ -0.9877341, 37.6067193 ], [ -0.9883215, 37.6067004 ], [ -0.9886264, 37.6066909 ], [ -0.9886565, 37.6066899 ], [ -0.988851, 37.6066839 ], [ -0.9894156, 37.6066654 ], [ -0.9896489, 37.6066582 ], [ -0.9896566, 37.6066581 ], [ -0.9897129, 37.6066571 ], [ -0.9897942, 37.6066558 ], [ -0.9897978, 37.6066556 ], [ -0.9900511, 37.6066422 ], [ -0.9900625, 37.6066416 ], [ -0.9900718, 37.6066389 ], [ -0.9903323, 37.6065604 ], [ -0.9906598, 37.6064616 ], [ -0.9907262, 37.6064415 ], [ -0.9907419, 37.6064683 ], [ -0.9907467, 37.6064748 ], [ -0.9907651, 37.6065002 ], [ -0.9908012, 37.6065417 ], [ -0.9908301, 37.6065722 ], [ -0.9908632, 37.6065989 ], [ -0.9908976, 37.6066233 ], [ -0.9909261, 37.6066426 ], [ -0.990961, 37.6066639 ], [ -0.9909995, 37.6066807 ], [ -0.991034, 37.6066957 ], [ -0.9910749, 37.606711 ], [ -0.9911128, 37.606723 ], [ -0.9911564, 37.6067335 ], [ -0.9912179, 37.6067438 ], [ -0.9912692, 37.6067498 ], [ -0.9913356, 37.6067507 ], [ -0.9913826, 37.6067479 ], [ -0.9914369, 37.6067422 ], [ -0.9915021, 37.6067315 ], [ -0.99156, 37.6067167 ], [ -0.9915751, 37.6067112 ], [ -0.9916146, 37.6066968 ], [ -0.9916521, 37.6066799 ], [ -0.9917496, 37.6066329 ], [ -0.9918103, 37.6065928 ], [ -0.9918804, 37.6065301 ], [ -0.9919404, 37.6064498 ], [ -0.9919563, 37.6064202 ], [ -0.9919752, 37.6063719 ], [ -0.9919857, 37.606328 ], [ -0.9919891, 37.6062859 ], [ -0.9919893, 37.6062766 ], [ -0.9919901, 37.6062557 ], [ -0.9919912, 37.6062361 ], [ -0.9919908, 37.606214 ], [ -0.9919901, 37.6061919 ], [ -0.9919883, 37.6061685 ], [ -0.9919881, 37.606167 ], [ -0.9919865, 37.6061555 ], [ -0.9919843, 37.6061408 ], [ -0.9919776, 37.606113 ], [ -0.9919701, 37.6060868 ], [ -0.9919576, 37.6060551 ], [ -0.9919469, 37.6060302 ], [ -0.9919377, 37.6060135 ], [ -0.9919331, 37.6060054 ], [ -0.9919134, 37.6059713 ], [ -0.9919084, 37.6059647 ], [ -0.9918894, 37.6059405 ], [ -0.9918649, 37.6059112 ], [ -0.9918389, 37.6058865 ], [ -0.9918179, 37.6058705 ], [ -0.9917497, 37.6058297 ], [ -0.9917492, 37.6058253 ], [ -0.9917462, 37.6058228 ], [ -0.9917131, 37.6058024 ], [ -0.9916784, 37.6057837 ], [ -0.9916422, 37.6057667 ], [ -0.9916047, 37.6057516 ], [ -0.9915662, 37.6057384 ], [ -0.9915267, 37.6057272 ], [ -0.9914864, 37.605718 ], [ -0.9914453, 37.6057109 ], [ -0.9914038, 37.6057059 ], [ -0.991362, 37.6057029 ], [ -0.9913199, 37.6057021 ], [ -0.9912781, 37.6057034 ], [ -0.9912363, 37.6057067 ], [ -0.9911949, 37.6057122 ], [ -0.9911541, 37.6057198 ], [ -0.9911138, 37.6057294 ], [ -0.9910956, 37.6057348 ], [ -0.9910782, 37.60574 ], [ -0.9910585, 37.6056962 ], [ -0.9910566, 37.605692 ], [ -0.9910223, 37.6056161 ], [ -0.9910218, 37.6056149 ], [ -0.9909362, 37.605425 ], [ -0.9909244, 37.605399 ], [ -0.9909131, 37.6053768 ], [ -0.9908656, 37.6052847 ], [ -0.9908179, 37.6051921 ], [ -0.9908131, 37.6051828 ], [ -0.99081, 37.6051772 ], [ -0.9907126, 37.6051455 ], [ -0.9900506, 37.6046258 ], [ -0.9897578, 37.6044125 ], [ -0.9894729, 37.6042049 ], [ -0.9893526, 37.6041093 ], [ -0.9892116, 37.603997 ], [ -0.9891837, 37.6040147 ], [ -0.9890533, 37.6041042 ], [ -0.9889063, 37.6042051 ], [ -0.9886559, 37.6043615 ], [ -0.9886422, 37.6043697 ], [ -0.9880041, 37.6047513 ], [ -0.987878, 37.6048224 ], [ -0.9875302, 37.6046094 ], [ -0.9874893, 37.6047391 ], [ -0.9874466, 37.6049102 ], [ -0.987471, 37.6049467 ], [ -0.9875396, 37.6049623 ], [ -0.9875397, 37.6049631 ], [ -0.9875236, 37.6049952 ], [ -0.9875177, 37.6050068 ], [ -0.9875153, 37.6050118 ], [ -0.9875064, 37.6050296 ], [ -0.987499, 37.6050444 ], [ -0.9874872, 37.6050678 ], [ -0.9874633, 37.6051155 ], [ -0.9874534, 37.6051355 ], [ -0.9873789, 37.6052839 ], [ -0.9873422, 37.6054044 ] ] ] } },
{ "type": "Feature", "properties": { "CCAA": "14 - Región de Murcia", "PROVINCIA": "30 - Murcia", "MUNICIPIO": "30016 - Cartagena", "COD_MUNICIPIO": "30016", "DISTRITO": "03", "SECCION": "3001603010", "V1_H": 81.88, "V1_M": 87.06, "V2_H": 81.54316391, "V2_M": 86.92154098, "V3_H": 82.24926416, "V3_M": 87.34198023 }, "geometry": { "type": "Polygon", "coordinates": [ [ [ -0.9897578, 37.6044125 ], [ -0.9900506, 37.6046258 ], [ -0.9907126, 37.6051455 ], [ -0.99081, 37.6051772 ], [ -0.9908131, 37.6051828 ], [ -0.9908179, 37.6051921 ], [ -0.9908656, 37.6052847 ], [ -0.9909131, 37.6053768 ], [ -0.9909244, 37.605399 ], [ -0.9909362, 37.605425 ], [ -0.9910218, 37.6056149 ], [ -0.9910223, 37.6056161 ], [ -0.9910566, 37.605692 ], [ -0.9910585, 37.6056962 ], [ -0.9910782, 37.60574 ], [ -0.9910956, 37.6057348 ], [ -0.9911138, 37.6057294 ], [ -0.9911541, 37.6057198 ], [ -0.9911949, 37.6057122 ], [ -0.9912363, 37.6057067 ], [ -0.9912781, 37.6057034 ], [ -0.9913199, 37.6057021 ], [ -0.991362, 37.6057029 ], [ -0.9914038, 37.6057059 ], [ -0.9914453, 37.6057109 ], [ -0.9914864, 37.605718 ], [ -0.9915267, 37.6057272 ], [ -0.9915662, 37.6057384 ], [ -0.9916047, 37.6057516 ], [ -0.9916422, 37.6057667 ], [ -0.9916784, 37.6057837 ], [ -0.9917131, 37.6058024 ], [ -0.9917462, 37.6058228 ], [ -0.9917492, 37.6058253 ], [ -0.9917497, 37.6058297 ], [ -0.9918179, 37.6058705 ], [ -0.9918389, 37.6058865 ], [ -0.9918649, 37.6059112 ], [ -0.9918894, 37.6059405 ], [ -0.9919084, 37.6059647 ], [ -0.9919134, 37.6059713 ], [ -0.9919331, 37.6060054 ], [ -0.9919377, 37.6060135 ], [ -0.9919469, 37.6060302 ], [ -0.9919576, 37.6060551 ], [ -0.9919701, 37.6060868 ], [ -0.9919776, 37.606113 ], [ -0.9919843, 37.6061408 ], [ -0.9919865, 37.6061555 ], [ -0.9919881, 37.606167 ], [ -0.9919883, 37.6061685 ], [ -0.9921487, 37.6061133 ], [ -0.9922238, 37.6060873 ], [ -0.9922238, 37.6060874 ], [ -0.9925245, 37.6059841 ], [ -0.992813, 37.6058738 ], [ -0.9933978, 37.6057029 ], [ -0.9931713, 37.6042649 ], [ -0.9930106, 37.604293 ], [ -0.9929882, 37.604297 ], [ -0.992833, 37.6043242 ], [ -0.9928299, 37.6043249 ], [ -0.9927039, 37.6043514 ], [ -0.9924957, 37.6043952 ], [ -0.9921344, 37.6044712 ], [ -0.991749, 37.6042402 ], [ -0.9916732, 37.6042043 ], [ -0.9916595, 37.6041959 ], [ -0.9916013, 37.6042241 ], [ -0.9915907, 37.6042325 ], [ -0.9915783, 37.6042457 ], [ -0.9915731, 37.6042512 ], [ -0.9911845, 37.6047487 ], [ -0.991165, 37.6047734 ], [ -0.9911426, 37.604802 ], [ -0.9911148, 37.6048372 ], [ -0.9910166, 37.6047446 ], [ -0.9904507, 37.6042046 ], [ -0.9903079, 37.6040568 ], [ -0.9897578, 37.6044125 ] ] ] } },
{ "type": "Feature", "properties": { "CCAA": "14 - Región de Murcia", "PROVINCIA": "30 - Murcia", "MUNICIPIO": "30016 - Cartagena", "COD_MUNICIPIO": "30016", "DISTRITO": "03", "SECCION": "3001603012", "V1_H": 81.11, "V1_M": 86.51, "V2_H": 80.75023294, "V2_M": 86.37370028, "V3_H": 81.47997818, "V3_M": 86.68611994 }, "geometry": { "type": "Polygon", "coordinates": [ [ [ -0.9865531, 37.6099457 ], [ -0.986558, 37.6099894 ], [ -0.9865999, 37.6104509 ], [ -0.9866446, 37.6110327 ], [ -0.9866446, 37.6110329 ], [ -0.9866795, 37.6113655 ], [ -0.9866815, 37.6113851 ], [ -0.9867055, 37.6116146 ], [ -0.9867092, 37.6116504 ], [ -0.9867243, 37.6117952 ], [ -0.987582, 37.611693 ], [ -0.9876099, 37.6116893 ], [ -0.9880914, 37.6116277 ], [ -0.9884361, 37.6115753 ], [ -0.9885979, 37.6115507 ], [ -0.9889923, 37.6114752 ], [ -0.9892446, 37.611427 ], [ -0.989515, 37.6113758 ], [ -0.9895155, 37.6113757 ], [ -0.9899496, 37.6112937 ], [ -0.9898697, 37.6110066 ], [ -0.9897898, 37.6107199 ], [ -0.9897355, 37.6105248 ], [ -0.9897155, 37.6104534 ], [ -0.9897146, 37.6104503 ], [ -0.9895878, 37.6100054 ], [ -0.9895371, 37.6098342 ], [ -0.9865531, 37.6099457 ] ] ] } },
{ "type": "Feature", "properties": { "CCAA": "14 - Región de Murcia", "PROVINCIA": "30 - Murcia", "MUNICIPIO": "30016 - Cartagena", "COD_MUNICIPIO": "30016", "DISTRITO": "03", "SECCION": "3001603036", "V1_H": 80.65, "V1_M": 86.42, "V2_H": 80.32339709, "V2_M": 86.16224497, "V3_H": 80.9318118, "V3_M": 86.73476557 }, "geometry": { "type": "Polygon", "coordinates": [ [ [ -0.9832241, 37.6079785 ], [ -0.9832509, 37.6083699 ], [ -0.983262, 37.6084588 ], [ -0.9832623, 37.6084659 ], [ -0.9832636, 37.6085114 ], [ -0.9832761, 37.6089531 ], [ -0.9834241, 37.6089489 ], [ -0.9844337, 37.6089195 ], [ -0.9846327, 37.6089125 ], [ -0.9850903, 37.6088963 ], [ -0.9850729, 37.6085423 ], [ -0.9850659, 37.6083986 ], [ -0.9850644, 37.6083695 ], [ -0.9850471, 37.607917 ], [ -0.9832241, 37.6079785 ] ] ] } },
{ "type": "Feature", "properties": { "CCAA": "14 - Región de Murcia", "PROVINCIA": "30 - Murcia", "MUNICIPIO": "30016 - Cartagena", "COD_MUNICIPIO": "30016", "DISTRITO": "04", "SECCION": "3001604001", "V1_H": 80.31, "V1_M": 85.98, "V2_H": 80.51251293, "V2_M": 86.22129475, "V3_H": 80.221823, "V3_M": 85.87405604 }, "geometry": { "type": "Polygon", "coordinates": [ [ [ -0.9792611, 37.6089279 ], [ -0.9793067, 37.6093844 ], [ -0.9793259, 37.6097962 ], [ -0.9793275, 37.6098324 ], [ -0.9793396, 37.6101293 ], [ -0.9793415, 37.6101765 ], [ -0.9793431, 37.6103644 ], [ -0.9793497, 37.6104524 ], [ -0.9793464, 37.6105202 ], [ -0.9793471, 37.6105344 ], [ -0.9793518, 37.6106588 ], [ -0.9793591, 37.6107177 ], [ -0.9793691, 37.6107976 ], [ -0.9794284, 37.6109393 ], [ -0.9795215, 37.6110574 ], [ -0.979642, 37.6111672 ], [ -0.9797999, 37.6113051 ], [ -0.9798455, 37.6113477 ], [ -0.9806379, 37.6120876 ], [ -0.9808471, 37.6122829 ], [ -0.9810014, 37.6124294 ], [ -0.9811322, 37.6125339 ], [ -0.9811368, 37.6125384 ], [ -0.9811411, 37.6125417 ], [ -0.9811477, 37.6125435 ], [ -0.9811535, 37.6125436 ], [ -0.9811543, 37.6125436 ], [ -0.9811624, 37.6125426 ], [ -0.9811691, 37.61254 ], [ -0.9811785, 37.6125339 ], [ -0.9814494, 37.612354 ], [ -0.9817431, 37.6121741 ], [ -0.9818439, 37.6121323 ], [ -0.9819437, 37.6121081 ], [ -0.9821845, 37.6121029 ], [ -0.9822359, 37.6121017 ], [ -0.9822248, 37.6117293 ], [ -0.9822135, 37.6114607 ], [ -0.9822011, 37.6113917 ], [ -0.9821655, 37.6113305 ], [ -0.9821014, 37.6112688 ], [ -0.9820455, 37.6112198 ], [ -0.9816331, 37.6108465 ], [ -0.9815788, 37.6108005 ], [ -0.9815687, 37.6107812 ], [ -0.9815634, 37.6107547 ], [ -0.9815589, 37.6106201 ], [ -0.981558, 37.6105169 ], [ -0.9815559, 37.6104422 ], [ -0.9815433, 37.6101183 ], [ -0.9815387, 37.6099732 ], [ -0.9815354, 37.6099372 ], [ -0.9815175, 37.6099154 ], [ -0.9814693, 37.6098855 ], [ -0.9813483, 37.609803 ], [ -0.9811675, 37.6096897 ], [ -0.9811275, 37.6096622 ], [ -0.9811061, 37.6096405 ], [ -0.981088, 37.6096172 ], [ -0.9810815, 37.6095999 ], [ -0.9810762, 37.60953 ], [ -0.9810624, 37.6093372 ], [ -0.9810436, 37.6090759 ], [ -0.9810321, 37.6088773 ], [ -0.979879, 37.6090856 ], [ -0.979672, 37.609106 ], [ -0.9796701, 37.6091061 ], [ -0.9795621, 37.608922 ], [ -0.9792611, 37.6089279 ] ] ] } },
{ "type": "Feature", "properties": { "CCAA": "14 - Región de Murcia", "PROVINCIA": "30 - Murcia", "MUNICIPIO": "30016 - Cartagena", "COD_MUNICIPIO": "30016", "DISTRITO": "05", "SECCION": "3001605006", "V1_H": 75.48, "V1_M": 82.31, "V2_H": 75.36985678000001, "V2_M": 82.56533706, "V3_H": 75.8600571, "V3_M": 82.01450712 }, "geometry": { "type": "Polygon", "coordinates": [ [ [ -0.9689172, 37.6029298 ], [ -0.9690686, 37.6033908 ], [ -0.9695721, 37.6031789 ], [ -0.9696224, 37.6031577 ], [ -0.9696788, 37.603134 ], [ -0.970024, 37.6029842 ], [ -0.9700887, 37.6029593 ], [ -0.9707202, 37.6027168 ], [ -0.9707586, 37.6027015 ], [ -0.9713703, 37.6024596 ], [ -0.971332, 37.6023951 ], [ -0.9715724, 37.6023412 ], [ -0.9715817, 37.6023623 ], [ -0.9716788, 37.6022388 ], [ -0.9717012, 37.6022384 ], [ -0.9718321, 37.6022367 ], [ -0.9718552, 37.6022623 ], [ -0.9718687, 37.6022843 ], [ -0.971908, 37.6023279 ], [ -0.9720462, 37.6024691 ], [ -0.9720798, 37.6024523 ], [ -0.9721294, 37.6024213 ], [ -0.972137, 37.6023851 ], [ -0.9721661, 37.6023464 ], [ -0.9721872, 37.6023066 ], [ -0.9722431, 37.6022184 ], [ -0.9722885, 37.6021181 ], [ -0.9723535, 37.6021064 ], [ -0.9723979, 37.602094 ], [ -0.9724253, 37.6020995 ], [ -0.972498, 37.6021269 ], [ -0.9725488, 37.6021406 ], [ -0.9725546, 37.6021422 ], [ -0.9726779, 37.6020394 ], [ -0.9727446, 37.6020562 ], [ -0.9727743, 37.6021993 ], [ -0.9729137, 37.6021774 ], [ -0.9732482, 37.6021743 ], [ -0.9736604, 37.6021421 ], [ -0.9736572, 37.6021391 ], [ -0.9736534, 37.6021354 ], [ -0.97364, 37.6021099 ], [ -0.9735636, 37.6016134 ], [ -0.9735495, 37.6015921 ], [ -0.9735518, 37.6015911 ], [ -0.9735055, 37.6015144 ], [ -0.9735054, 37.6015122 ], [ -0.973484, 37.6014797 ], [ -0.9734224, 37.6013868 ], [ -0.9734205, 37.6013876 ], [ -0.973237, 37.6011396 ], [ -0.9731428, 37.6006509 ], [ -0.9731366, 37.6006348 ], [ -0.9731309, 37.6006208 ], [ -0.9731232, 37.6006001 ], [ -0.9731136, 37.600582 ], [ -0.9731033, 37.6005633 ], [ -0.9730882, 37.6005386 ], [ -0.973072, 37.6005162 ], [ -0.9728331, 37.6001982 ], [ -0.9728211, 37.6001822 ], [ -0.9728165, 37.6001729 ], [ -0.9728139, 37.6001629 ], [ -0.9728117, 37.6001525 ], [ -0.9728112, 37.6001387 ], [ -0.972814, 37.600123 ], [ -0.9728206, 37.6001099 ], [ -0.972044, 37.599856 ], [ -0.9720431, 37.5998567 ], [ -0.9720138, 37.5998544 ], [ -0.9718807, 37.5998444 ], [ -0.9718576, 37.5998425 ], [ -0.9718293, 37.5998428 ], [ -0.971806, 37.5998432 ], [ -0.9717027, 37.5998447 ], [ -0.9716634, 37.5998452 ], [ -0.9716633, 37.5998452 ], [ -0.9716098, 37.5999091 ], [ -0.9716133, 37.5999365 ], [ -0.9716587, 37.600073 ], [ -0.9716722, 37.6001448 ], [ -0.9717086, 37.6004106 ], [ -0.9717049, 37.6004604 ], [ -0.9715437, 37.6004391 ], [ -0.9714609, 37.6004216 ], [ -0.9713892, 37.6004035 ], [ -0.9712947, 37.6003738 ], [ -0.9712434, 37.6003736 ], [ -0.9712274, 37.6003876 ], [ -0.9706872, 37.6003551 ], [ -0.9705369, 37.6003072 ], [ -0.9704964, 37.6002944 ], [ -0.9704572, 37.600282 ], [ -0.9702783, 37.6002644 ], [ -0.9701538, 37.6002545 ], [ -0.9701232, 37.6002521 ], [ -0.9701223, 37.6002519 ], [ -0.9700381, 37.6002394 ], [ -0.9699376, 37.6002312 ], [ -0.9697384, 37.6001864 ], [ -0.9695574, 37.6007823 ], [ -0.9694832, 37.6010326 ], [ -0.9694194, 37.6012475 ], [ -0.9694959, 37.6012615 ], [ -0.969797, 37.6013049 ], [ -0.969886, 37.6013179 ], [ -0.9699868, 37.6013278 ], [ -0.9700431, 37.6013927 ], [ -0.9703122, 37.6016479 ], [ -0.9702974, 37.6016609 ], [ -0.9701171, 37.6018178 ], [ -0.9700741, 37.6018684 ], [ -0.9699665, 37.6019662 ], [ -0.9699543, 37.6019768 ], [ -0.9699018, 37.6020218 ], [ -0.9696739, 37.6022179 ], [ -0.969666, 37.6022246 ], [ -0.9694444, 37.6024151 ], [ -0.9693919, 37.6024604 ], [ -0.9691756, 37.6026467 ], [ -0.9691495, 37.602725 ], [ -0.9691655, 37.6027766 ], [ -0.9691962, 37.6028205 ], [ -0.9690778, 37.6028704 ], [ -0.9690018, 37.6028984 ], [ -0.9689172, 37.6029298 ] ] ] } },
{ "type": "Feature", "properties": { "CCAA": "14 - Región de Murcia", "PROVINCIA": "30 - Murcia", "MUNICIPIO": "30016 - Cartagena", "COD_MUNICIPIO": "30016", "DISTRITO": "02", "SECCION": "3001602004", "V1_H": 80.24, "V1_M": 86.29, "V2_H": 79.84273941, "V2_M": 86.47368807, "V3_H": 80.7355329, "V3_M": 86.23078999000001 }, "geometry": { "type": "Polygon", "coordinates": [ [ [ -0.973073, 37.6041569 ], [ -0.9729847, 37.6044608 ], [ -0.9729524, 37.6045174 ], [ -0.9728166, 37.6046048 ], [ -0.9725671, 37.604723 ], [ -0.9724213, 37.6048022 ], [ -0.9721318, 37.6048789 ], [ -0.9719251, 37.6049325 ], [ -0.9718941, 37.6049401 ], [ -0.9716758, 37.6050425 ], [ -0.9714069, 37.6051195 ], [ -0.9710867, 37.6051956 ], [ -0.9707564, 37.6052635 ], [ -0.9704886, 37.6052997 ], [ -0.9701242, 37.6054894 ], [ -0.9700502, 37.6055697 ], [ -0.9700275, 37.605651 ], [ -0.9703639, 37.6064896 ], [ -0.970438, 37.6071604 ], [ -0.970596, 37.607362 ], [ -0.9705966, 37.6073629 ], [ -0.9706012, 37.6073687 ], [ -0.970609, 37.6073786 ], [ -0.9706234, 37.6073727 ], [ -0.9707068, 37.6073424 ], [ -0.9707768, 37.6073185 ], [ -0.9708593, 37.607294 ], [ -0.9709178, 37.6072792 ], [ -0.9709774, 37.6072636 ], [ -0.9710967, 37.6072404 ], [ -0.971201, 37.6072247 ], [ -0.9712708, 37.6072145 ], [ -0.9713278, 37.6072082 ], [ -0.9714208, 37.6072026 ], [ -0.9715269, 37.6071967 ], [ -0.9718754, 37.6071883 ], [ -0.9720801, 37.6071837 ], [ -0.9722029, 37.607181 ], [ -0.9723883, 37.607177 ], [ -0.9728157, 37.6071669 ], [ -0.9733523, 37.6071543 ], [ -0.9739758, 37.6071397 ], [ -0.9739766, 37.6071189 ], [ -0.9739805, 37.6070978 ], [ -0.9739871, 37.607077 ], [ -0.9739964, 37.607057 ], [ -0.9740082, 37.6070377 ], [ -0.9740225, 37.6070197 ], [ -0.974039, 37.6070028 ], [ -0.9740578, 37.6069875 ], [ -0.9740785, 37.6069737 ], [ -0.9741008, 37.6069619 ], [ -0.9741246, 37.6069518 ], [ -0.9741495, 37.6069439 ], [ -0.9741754, 37.606938 ], [ -0.9742019, 37.6069344 ], [ -0.9742287, 37.6069329 ], [ -0.9742556, 37.6069337 ], [ -0.9742822, 37.6069368 ], [ -0.9743083, 37.606942 ], [ -0.9743335, 37.6069494 ], [ -0.9743577, 37.6069588 ], [ -0.9743804, 37.6069702 ], [ -0.9743924, 37.6069776 ], [ -0.9744015, 37.6069834 ], [ -0.9744208, 37.6069983 ], [ -0.974438, 37.6070147 ], [ -0.974453, 37.6070325 ], [ -0.9744656, 37.6070514 ], [ -0.9744756, 37.6070712 ], [ -0.9744829, 37.6070918 ], [ -0.9744875, 37.6071129 ], [ -0.9744889, 37.6071277 ], [ -0.9750864, 37.6071138 ], [ -0.9764396, 37.6070724 ], [ -0.9763834, 37.6068492 ], [ -0.9763582, 37.6067814 ], [ -0.9760554, 37.6062893 ], [ -0.9759937, 37.6061966 ], [ -0.9759928, 37.6061966 ], [ -0.9757186, 37.6061973 ], [ -0.9750863, 37.6062158 ], [ -0.9750069, 37.6062212 ], [ -0.9750862, 37.606142 ], [ -0.9751307, 37.606089 ], [ -0.9752933, 37.6058976 ], [ -0.9754251, 37.6057397 ], [ -0.9754672, 37.6057021 ], [ -0.9755434, 37.6056619 ], [ -0.9756178, 37.6056317 ], [ -0.9753241, 37.6051904 ], [ -0.9753143, 37.605173 ], [ -0.975086, 37.6047837 ], [ -0.9750439, 37.6047213 ], [ -0.9749659, 37.6046509 ], [ -0.9749635, 37.6046488 ], [ -0.9747919, 37.6043777 ], [ -0.9747505, 37.6042702 ], [ -0.9747501, 37.6042211 ], [ -0.9747485, 37.6039968 ], [ -0.9745333, 37.6040206 ], [ -0.9741671, 37.6040618 ], [ -0.973864, 37.6040958 ], [ -0.9737866, 37.6041044 ], [ -0.9734347, 37.6041212 ], [ -0.9733678, 37.6041275 ], [ -0.9732982, 37.604134 ], [ -0.973073, 37.6041569 ] ] ] } },
{ "type": "Feature", "properties": { "CCAA": "14 - Región de Murcia", "PROVINCIA": "30 - Murcia", "MUNICIPIO": "30016 - Cartagena", "COD_MUNICIPIO": "30016", "DISTRITO": "03", "SECCION": "3001603005", "V1_H": 80.53, "V1_M": 86.43, "V2_H": 80.43347749, "V2_M": 86.30479166000001, "V3_H": 80.8868878, "V3_M": 86.74881461 }, "geometry": { "type": "Polygon", "coordinates": [ [ [ -0.9839182, 37.610005 ], [ -0.9839348, 37.6104516 ], [ -0.9839629, 37.6109366 ], [ -0.9839699, 37.6111607 ], [ -0.9839804, 37.6112695 ], [ -0.984013, 37.6118781 ], [ -0.9840241, 37.6120602 ], [ -0.9844056, 37.6120519 ], [ -0.9845482, 37.6120435 ], [ -0.9850521, 37.6120139 ], [ -0.9850882, 37.6120118 ], [ -0.9852627, 37.6120015 ], [ -0.9852604, 37.6119698 ], [ -0.9867243, 37.6117952 ], [ -0.9867092, 37.6116504 ], [ -0.9867055, 37.6116146 ], [ -0.9866815, 37.6113851 ], [ -0.9866795, 37.6113655 ], [ -0.9866446, 37.6110329 ], [ -0.9866446, 37.6110327 ], [ -0.9865999, 37.6104509 ], [ -0.986558, 37.6099894 ], [ -0.9865531, 37.6099457 ], [ -0.98655, 37.6099177 ], [ -0.9863666, 37.6099215 ], [ -0.9859834, 37.6099295 ], [ -0.9855401, 37.6099432 ], [ -0.9854663, 37.6099454 ], [ -0.9853674, 37.6099485 ], [ -0.9851423, 37.6099555 ], [ -0.9848994, 37.609963 ], [ -0.9848514, 37.6099645 ], [ -0.9848196, 37.6099655 ], [ -0.9847405, 37.6099695 ], [ -0.984604, 37.6099765 ], [ -0.984027, 37.6100058 ], [ -0.9839182, 37.610005 ] ] ] } },
{ "type": "Feature", "properties": { "CCAA": "14 - Región de Murcia", "PROVINCIA": "30 - Murcia", "MUNICIPIO": "30016 - Cartagena", "COD_MUNICIPIO": "30016", "DISTRITO": "03", "SECCION": "3001603006", "V1_H": 80.72, "V1_M": 86.56, "V2_H": 80.63016227, "V2_M": 86.55369361, "V3_H": 80.94352394000001, "V3_M": 86.74641221 }, "geometry": { "type": "Polygon", "coordinates": [ [ [ -0.9833131, 37.6097806 ], [ -0.9834242, 37.6098459 ], [ -0.9835414, 37.609906 ], [ -0.9835435, 37.6099071 ], [ -0.983589, 37.6099286 ], [ -0.983639, 37.6099511 ], [ -0.9836752, 37.6099638 ], [ -0.9837096, 37.6099743 ], [ -0.9837708, 37.6099865 ], [ -0.9838195, 37.6099944 ], [ -0.9838667, 37.6100013 ], [ -0.9839105, 37.610005 ], [ -0.9839182, 37.610005 ], [ -0.984027, 37.6100058 ], [ -0.984604, 37.6099765 ], [ -0.9847405, 37.6099695 ], [ -0.9848196, 37.6099655 ], [ -0.9848514, 37.6099645 ], [ -0.9848994, 37.609963 ], [ -0.9851423, 37.6099555 ], [ -0.9853674, 37.6099485 ], [ -0.9854663, 37.6099454 ], [ -0.9855401, 37.6099432 ], [ -0.9859834, 37.6099295 ], [ -0.9863666, 37.6099215 ], [ -0.98655, 37.6099177 ], [ -0.9865298, 37.6097389 ], [ -0.9865255, 37.6097012 ], [ -0.9865193, 37.6096464 ], [ -0.9865141, 37.6095999 ], [ -0.9865099, 37.6095639 ], [ -0.9865067, 37.6095156 ], [ -0.9865006, 37.6094256 ], [ -0.986496, 37.6093576 ], [ -0.9864877, 37.6092368 ], [ -0.986481, 37.6091801 ], [ -0.9864539, 37.6089565 ], [ -0.986441, 37.6088487 ], [ -0.9861123, 37.6088603 ], [ -0.9860651, 37.608862 ], [ -0.9857279, 37.6088739 ], [ -0.9855667, 37.6088795 ], [ -0.9855496, 37.6088801 ], [ -0.9850903, 37.6088963 ], [ -0.9846327, 37.6089125 ], [ -0.9844337, 37.6089195 ], [ -0.9834241, 37.6089489 ], [ -0.9832761, 37.6089531 ], [ -0.9832806, 37.609117 ], [ -0.9833131, 37.6097806 ] ] ] } },
{ "type": "Feature", "properties": { "CCAA": "14 - Región de Murcia", "PROVINCIA": "30 - Murcia", "MUNICIPIO": "30016 - Cartagena", "COD_MUNICIPIO": "30016", "DISTRITO": "03", "SECCION": "3001603023", "V1_H": 81.57, "V1_M": 86.95, "V2_H": 81.38052192000001, "V2_M": 86.83819346, "V3_H": 81.78107492, "V3_M": 87.15502078 }, "geometry": { "type": "Polygon", "coordinates": [ [ [ -0.9831758, 37.6068627 ], [ -0.983199, 37.6073539 ], [ -0.9832033, 37.6075447 ], [ -0.9832075, 37.6077393 ], [ -0.9832226, 37.6079577 ], [ -0.9832241, 37.6079785 ], [ -0.9850471, 37.607917 ], [ -0.9850471, 37.6079157 ], [ -0.9850461, 37.6078907 ], [ -0.9850307, 37.6074879 ], [ -0.985014, 37.6070549 ], [ -0.9850125, 37.6070126 ], [ -0.9850086, 37.6069149 ], [ -0.9850074, 37.6068809 ], [ -0.9850045, 37.6068076 ], [ -0.9850043, 37.6068024 ], [ -0.9849731, 37.6068039 ], [ -0.9847602, 37.6068136 ], [ -0.9846893, 37.6068169 ], [ -0.9838433, 37.6068429 ], [ -0.9834236, 37.6068551 ], [ -0.9831758, 37.6068627 ] ] ] } },
{ "type": "Feature", "properties": { "CCAA": "14 - Región de Murcia", "PROVINCIA": "30 - Murcia", "MUNICIPIO": "30016 - Cartagena", "COD_MUNICIPIO": "30016", "DISTRITO": "03", "SECCION": "3001603024", "V1_H": 81.73, "V1_M": 86.8, "V2_H": 81.31626673, "V2_M": 86.83145999, "V3_H": 82.17064416, "V3_M": 87.00536352 }, "geometry": { "type": "Polygon", "coordinates": [ [ [ -0.993403, 37.6104476 ], [ -0.9934055, 37.6104527 ], [ -0.9934092, 37.6104603 ], [ -0.9935783, 37.6108056 ], [ -0.9935919, 37.6108334 ], [ -0.9936041, 37.6108584 ], [ -0.9936338, 37.6109189 ], [ -0.9936449, 37.6109415 ], [ -0.993659, 37.6109703 ], [ -0.9938321, 37.611324 ], [ -0.9938717, 37.6114049 ], [ -0.9942519, 37.6121767 ], [ -0.994256, 37.612185 ], [ -0.9943034, 37.6121704 ], [ -0.9958761, 37.6116834 ], [ -0.9958756, 37.6116828 ], [ -0.9958608, 37.6116579 ], [ -0.995845, 37.6116316 ], [ -0.995833, 37.6116105 ], [ -0.995824, 37.6115903 ], [ -0.9958135, 37.6115664 ], [ -0.9958038, 37.6115454 ], [ -0.9957911, 37.6115201 ], [ -0.9957819, 37.6115007 ], [ -0.9957673, 37.6114696 ], [ -0.9957543, 37.6114431 ], [ -0.9957424, 37.6114172 ], [ -0.9957341, 37.6113957 ], [ -0.9957235, 37.6113681 ], [ -0.9957155, 37.6113446 ], [ -0.9957059, 37.6113205 ], [ -0.9956989, 37.6113038 ], [ -0.9956907, 37.611282 ], [ -0.9956815, 37.6112614 ], [ -0.9956669, 37.6112368 ], [ -0.9956548, 37.6112187 ], [ -0.9956377, 37.6111947 ], [ -0.9956225, 37.6111746 ], [ -0.9956085, 37.6111541 ], [ -0.9955717, 37.6111044 ], [ -0.9955412, 37.6110618 ], [ -0.9955265, 37.6110386 ], [ -0.9954994, 37.6109999 ], [ -0.9954815, 37.6109752 ], [ -0.9954634, 37.6109459 ], [ -0.9954529, 37.6109296 ], [ -0.9954446, 37.6109187 ], [ -0.9954396, 37.610912 ], [ -0.9954355, 37.6109043 ], [ -0.9954311, 37.610892 ], [ -0.9954276, 37.610883 ], [ -0.9954141, 37.6108387 ], [ -0.9954186, 37.6107974 ], [ -0.9954027, 37.6107582 ], [ -0.9953888, 37.6107264 ], [ -0.9953761, 37.6107015 ], [ -0.995366, 37.6106767 ], [ -0.9953626, 37.610652 ], [ -0.9953604, 37.6106323 ], [ -0.9953566, 37.6106263 ], [ -0.9953501, 37.6106202 ], [ -0.9953395, 37.6106152 ], [ -0.9953079, 37.610589 ], [ -0.9952857, 37.610567 ], [ -0.9952753, 37.6105529 ], [ -0.9952517, 37.6104845 ], [ -0.9952412, 37.6104562 ], [ -0.9952236, 37.6104142 ], [ -0.9952074, 37.6103718 ], [ -0.9951921, 37.6103236 ], [ -0.9951799, 37.6102524 ], [ -0.9951588, 37.6101886 ], [ -0.9951393, 37.6101559 ], [ -0.9951205, 37.6101226 ], [ -0.9950943, 37.6100732 ], [ -0.9950789, 37.6100348 ], [ -0.995049, 37.6099459 ], [ -0.9950427, 37.6099272 ], [ -0.9936942, 37.6103633 ], [ -0.9935061, 37.6104178 ], [ -0.9934578, 37.6104317 ], [ -0.993403, 37.6104476 ] ] ] } },
{ "type": "Feature", "properties": { "CCAA": "14 - Región de Murcia", "PROVINCIA": "30 - Murcia", "MUNICIPIO": "30016 - Cartagena", "COD_MUNICIPIO": "30016", "DISTRITO": "04", "SECCION": "3001604005", "V1_H": 75.48, "V1_M": 82.31, "V2_H": 75.36985678000001, "V2_M": 82.56533706, "V3_H": 75.8600571, "V3_M": 82.01450712 }, "geometry": { "type": "Polygon", "coordinates": [ [ [ -0.9746959, 37.6153573 ], [ -0.9754909, 37.6157591 ], [ -0.9773671, 37.6167071 ], [ -0.9787855, 37.6174467 ], [ -0.9792561, 37.6176922 ], [ -0.9794344, 37.6177957 ], [ -0.9796311, 37.6179008 ], [ -0.9797664, 37.6179759 ], [ -0.9805395, 37.6184002 ], [ -0.9805409, 37.6183968 ], [ -0.9805953, 37.6182658 ], [ -0.9806546, 37.6180858 ], [ -0.9806893, 37.6179468 ], [ -0.9806896, 37.6179456 ], [ -0.9807145, 37.6177918 ], [ -0.980718, 37.6177315 ], [ -0.980729, 37.6175427 ], [ -0.9807267, 37.61748 ], [ -0.9807201, 37.6172951 ], [ -0.9806922, 37.6171341 ], [ -0.9806783, 37.6170405 ], [ -0.980674, 37.6170114 ], [ -0.9806689, 37.6169271 ], [ -0.9801914, 37.6169558 ], [ -0.9801424, 37.6169587 ], [ -0.9798561, 37.6169759 ], [ -0.9795354, 37.616992 ], [ -0.9794861, 37.6169696 ], [ -0.9794803, 37.6169661 ], [ -0.9793503, 37.6168897 ], [ -0.979256, 37.6168402 ], [ -0.9792478, 37.6168358 ], [ -0.9790205, 37.6167163 ], [ -0.9790027, 37.616707 ], [ -0.9789659, 37.6166881 ], [ -0.9787827, 37.6165944 ], [ -0.978721, 37.6165601 ], [ -0.9786877, 37.6165315 ], [ -0.9786641, 37.6165116 ], [ -0.9786307, 37.6164686 ], [ -0.9786218, 37.6164518 ], [ -0.9786062, 37.616423 ], [ -0.9785866, 37.6163501 ], [ -0.9785797, 37.6162683 ], [ -0.9785689, 37.6161361 ], [ -0.978566, 37.6161006 ], [ -0.978561, 37.6160398 ], [ -0.9785464, 37.6158558 ], [ -0.9785493, 37.61585 ], [ -0.9785761, 37.6157937 ], [ -0.9785978, 37.6157046 ], [ -0.9785999, 37.6156928 ], [ -0.9786094, 37.6156374 ], [ -0.9786427, 37.6155215 ], [ -0.9786806, 37.6153895 ], [ -0.9786967, 37.6153329 ], [ -0.9787524, 37.6151376 ], [ -0.9788093, 37.6149438 ], [ -0.9788676, 37.614745 ], [ -0.9788908, 37.6146754 ], [ -0.9789078, 37.6146244 ], [ -0.9789464, 37.6144633 ], [ -0.9789788, 37.6143568 ], [ -0.9790588, 37.6140928 ], [ -0.9790858, 37.6140261 ], [ -0.979021, 37.6140137 ], [ -0.9787956, 37.6139707 ], [ -0.9785392, 37.6139224 ], [ -0.9780632, 37.6138328 ], [ -0.9779528, 37.613812 ], [ -0.9776717, 37.613761 ], [ -0.9773461, 37.6137021 ], [ -0.9764995, 37.6135489 ], [ -0.976313, 37.6135152 ], [ -0.9757458, 37.613412 ], [ -0.9755519, 37.6133761 ], [ -0.9753723, 37.6133618 ], [ -0.9755222, 37.6135316 ], [ -0.9758865, 37.613937 ], [ -0.9746959, 37.6153573 ] ] ] } },
{ "type": "Feature", "properties": { "CCAA": "14 - Región de Murcia", "PROVINCIA": "30 - Murcia", "MUNICIPIO": "30016 - Cartagena", "COD_MUNICIPIO": "30016", "DISTRITO": "05", "SECCION": "3001605001", "V1_H": 80.06, "V1_M": 86.12, "V2_H": 80.10460866, "V2_M": 86.20761786, "V3_H": 80.17898723, "V3_M": 86.18020212 }, "geometry": { "type": "Polygon", "coordinates": [ [ [ -0.9165005, 37.6078201 ], [ -0.9166192, 37.6079562 ], [ -0.9170992, 37.6077698 ], [ -0.9171281, 37.6078312 ], [ -0.9186884, 37.607347 ], [ -0.9191072, 37.6072198 ], [ -0.9191209, 37.6041866 ], [ -0.9192403, 37.600467 ], [ -0.9157773, 37.6005692 ], [ -0.9134232, 37.6005603 ], [ -0.9121928, 37.6004292 ], [ -0.9121323, 37.6017457 ], [ -0.913746, 37.6017809 ], [ -0.9137267, 37.6018619 ], [ -0.913569, 37.6026269 ], [ -0.9132392, 37.6038676 ], [ -0.9134196, 37.6039114 ], [ -0.9136384, 37.6040056 ], [ -0.9137912, 37.6040219 ], [ -0.9138127, 37.6042662 ], [ -0.913881, 37.6046693 ], [ -0.9139147, 37.6050854 ], [ -0.9140222, 37.6051009 ], [ -0.9140449, 37.6053045 ], [ -0.9141432, 37.6058482 ], [ -0.9141435, 37.6062457 ], [ -0.9141196, 37.6064892 ], [ -0.914088, 37.606606 ], [ -0.9140249, 37.6068307 ], [ -0.9139548, 37.607105 ], [ -0.9139041, 37.6072938 ], [ -0.9142747, 37.6072371 ], [ -0.9145655, 37.6071926 ], [ -0.9150501, 37.6071199 ], [ -0.9152269, 37.6070914 ], [ -0.9153923, 37.6070627 ], [ -0.9154331, 37.6071068 ], [ -0.9155831, 37.6072191 ], [ -0.9158087, 37.6073693 ], [ -0.9159903, 37.6074456 ], [ -0.9161859, 37.6075709 ], [ -0.9163509, 37.6076956 ], [ -0.9165005, 37.6078201 ] ] ] } },
{ "type": "Feature", "properties": { "CCAA": "14 - Región de Murcia", "PROVINCIA": "30 - Murcia", "MUNICIPIO": "30016 - Cartagena", "COD_MUNICIPIO": "30016", "DISTRITO": "06", "SECCION": "3001606004", "V1_H": 78.55, "V1_M": 84.66, "V2_H": 78.61689556, "V2_M": 84.78747684, "V3_H": 78.67326671, "V3_M": 84.67928018000001 }, "geometry": { "type": "Polygon", "coordinates": [ [ [ -0.8325053, 37.6215266 ], [ -0.8326662, 37.6253188 ], [ -0.832538, 37.6274466 ], [ -0.8331174, 37.6272945 ], [ -0.8340286, 37.6271013 ], [ -0.8352349, 37.6266719 ], [ -0.8364878, 37.6265637 ], [ -0.8391496, 37.6266014 ], [ -0.8394063, 37.6225747 ], [ -0.8401209, 37.6187835 ], [ -0.8328025, 37.6182104 ], [ -0.8325053, 37.6215266 ] ] ] } },
{ "type": "Feature", "properties": { "CCAA": "14 - Región de Murcia", "PROVINCIA": "30 - Murcia", "MUNICIPIO": "30016 - Cartagena", "COD_MUNICIPIO": "30016", "DISTRITO": "06", "SECCION": "3001606005", "V1_H": 80.06, "V1_M": 86.12, "V2_H": 80.10460866, "V2_M": 86.20761786, "V3_H": 80.17898723, "V3_M": 86.18020212 }, "geometry": { "type": "Polygon", "coordinates": [ [ [ -0.7832782, 37.6245776 ], [ -0.7841289, 37.6248716 ], [ -0.7879829, 37.6259812 ], [ -0.7918851, 37.6269426 ], [ -0.7951384, 37.627986 ], [ -0.7972319, 37.6285087 ], [ -0.799789, 37.6297594 ], [ -0.8002898, 37.6301246 ], [ -0.8006181, 37.6298745 ], [ -0.8009466, 37.6295013 ], [ -0.8011839, 37.6288522 ], [ -0.8006485, 37.6285467 ], [ -0.799852, 37.6283176 ], [ -0.7987126, 37.6280378 ], [ -0.7979452, 37.6277977 ], [ -0.797068, 37.6274071 ], [ -0.7963305, 37.6271331 ], [ -0.7958746, 37.6265998 ], [ -0.7954777, 37.6260216 ], [ -0.7953004, 37.6253205 ], [ -0.7952697, 37.6245301 ], [ -0.7954813, 37.6233653 ], [ -0.7954859, 37.6223807 ], [ -0.7956639, 37.6213642 ], [ -0.7959741, 37.6202581 ], [ -0.7960919, 37.6193209 ], [ -0.7958556, 37.6186649 ], [ -0.7961615, 37.617261 ], [ -0.7961913, 37.6163798 ], [ -0.7962016, 37.6152235 ], [ -0.7961042, 37.6147069 ], [ -0.795764, 37.6141524 ], [ -0.7957248, 37.6136137 ], [ -0.7972114, 37.6129597 ], [ -0.7983449, 37.612503 ], [ -0.8045785, 37.6172382 ], [ -0.8068367, 37.6187299 ], [ -0.8108311, 37.6166295 ], [ -0.8122179, 37.6151293 ], [ -0.8144308, 37.6116223 ], [ -0.8078494, 37.6074146 ], [ -0.8081433, 37.6072439 ], [ -0.8111749, 37.605467 ], [ -0.813209, 37.6043169 ], [ -0.8145413, 37.603546 ], [ -0.815393, 37.6025506 ], [ -0.8164632, 37.6010317 ], [ -0.8172204, 37.5998517 ], [ -0.8179209, 37.5990832 ], [ -0.8200751, 37.598198 ], [ -0.8215291, 37.5976463 ], [ -0.822605, 37.597238 ], [ -0.8226616, 37.5964029 ], [ -0.8233684, 37.5954398 ], [ -0.824667, 37.5952408 ], [ -0.8253588, 37.5951591 ], [ -0.825909, 37.5958768 ], [ -0.8262973, 37.5975769 ], [ -0.8267343, 37.5982472 ], [ -0.8275149, 37.5989453 ], [ -0.828638, 37.5997055 ], [ -0.8297167, 37.6000758 ], [ -0.8301651, 37.6004028 ], [ -0.8300789, 37.6008366 ], [ -0.8297564, 37.6010382 ], [ -0.8295161, 37.6013554 ], [ -0.8294721, 37.6018127 ], [ -0.8301159, 37.6018791 ], [ -0.8307665, 37.6021746 ], [ -0.8314982, 37.6026201 ], [ -0.8314688, 37.6035013 ], [ -0.8312326, 37.6041277 ], [ -0.8309344, 37.6048906 ], [ -0.8309218, 37.6052683 ], [ -0.8313321, 37.605881 ], [ -0.8315031, 37.6063528 ], [ -0.8316147, 37.6068811 ], [ -0.8314185, 37.6075996 ], [ -0.8315852, 37.6081974 ], [ -0.832243, 37.6082755 ], [ -0.8324603, 37.6077862 ], [ -0.8325927, 37.6072614 ], [ -0.8327185, 37.6069311 ], [ -0.8332743, 37.6070535 ], [ -0.8335907, 37.6074702 ], [ -0.834049, 37.6079347 ], [ -0.8343185, 37.6084652 ], [ -0.8345178, 37.6089489 ], [ -0.83492, 37.6089432 ], [ -0.8355287, 37.6092037 ], [ -0.8360215, 37.6090618 ], [ -0.8362671, 37.6085844 ], [ -0.8365851, 37.6072264 ], [ -0.8372331, 37.6071668 ], [ -0.8384393, 37.607161 ], [ -0.8394491, 37.607015 ], [ -0.8396252, 37.6064679 ], [ -0.839832, 37.6054289 ], [ -0.8399371, 37.6048579 ], [ -0.8392422, 37.6050312 ], [ -0.8385349, 37.6051472 ], [ -0.8387993, 37.6045326 ], [ -0.8392655, 37.603898 ], [ -0.8400934, 37.6027419 ], [ -0.8406325, 37.6018804 ], [ -0.8405362, 37.6017922 ], [ -0.8404979, 37.6017571 ], [ -0.8404979, 37.6017567 ], [ -0.840566, 37.6007572 ], [ -0.8405661, 37.6007552 ], [ -0.8405662, 37.6007541 ], [ -0.841356, 37.5891652 ], [ -0.8416193, 37.5852949 ], [ -0.8416193, 37.5852949 ], [ -0.8416194, 37.5852938 ], [ -0.840666, 37.584178 ], [ -0.8405158, 37.5823362 ], [ -0.8416498, 37.580718 ], [ -0.8418996, 37.5806775 ], [ -0.842014, 37.5794714 ], [ -0.8402889, 37.5776375 ], [ -0.8310115, 37.5785655 ], [ -0.8272237, 37.5771891 ], [ -0.8195711, 37.5752117 ], [ -0.8154111, 37.578441 ], [ -0.8131672, 37.5812381 ], [ -0.8088274, 37.5840329 ], [ -0.8086307, 37.5849473 ], [ -0.8083546, 37.5847085 ], [ -0.8076947, 37.5847948 ], [ -0.8061332, 37.5847657 ], [ -0.8056761, 37.585298 ], [ -0.8044151, 37.5854294 ], [ -0.8037621, 37.5860649 ], [ -0.8021226, 37.5863667 ], [ -0.8002801, 37.5858733 ], [ -0.7977524, 37.585936 ], [ -0.7969389, 37.5866417 ], [ -0.7937956, 37.5868787 ], [ -0.7926935, 37.5877677 ], [ -0.7889023, 37.5876797 ], [ -0.7881832, 37.589018 ], [ -0.7884723, 37.5899528 ], [ -0.7881744, 37.5904513 ], [ -0.7884366, 37.5911575 ], [ -0.7874798, 37.5913479 ], [ -0.7868899, 37.5921479 ], [ -0.7851467, 37.5921236 ], [ -0.7852479, 37.592531 ], [ -0.7846101, 37.5926458 ], [ -0.7834674, 37.5941197 ], [ -0.7827775, 37.5944672 ], [ -0.7815664, 37.5944641 ], [ -0.7791054, 37.5953359 ], [ -0.7766556, 37.5939295 ], [ -0.7758845, 37.5951034 ], [ -0.7748612, 37.5952389 ], [ -0.7740276, 37.5958343 ], [ -0.7730334, 37.5957621 ], [ -0.7719822, 37.5964462 ], [ -0.7712891, 37.5969006 ], [ -0.7707895, 37.5973333 ], [ -0.7703819, 37.596937 ], [ -0.7698954, 37.5972882 ], [ -0.767588, 37.5971911 ], [ -0.766918, 37.5964856 ], [ -0.7659914, 37.5968172 ], [ -0.7649385, 37.597169 ], [ -0.764676, 37.5976033 ], [ -0.7629663, 37.5983482 ], [ -0.7595646, 37.5980921 ], [ -0.7506765, 37.5979961 ], [ -0.7489465, 37.5990276 ], [ -0.7433298, 37.6001255 ], [ -0.7410377, 37.6002534 ], [ -0.7342829, 37.6011432 ], [ -0.7299299, 37.6023746 ], [ -0.7304544, 37.6026466 ], [ -0.7301976, 37.6036414 ], [ -0.7262966, 37.6052785 ], [ -0.7254238, 37.6049378 ], [ -0.7246359, 37.6054999 ], [ -0.7227251, 37.6053898 ], [ -0.7224183, 37.6057893 ], [ -0.7208976, 37.6058867 ], [ -0.7198564, 37.6073535 ], [ -0.7178869, 37.6069352 ], [ -0.7187439, 37.607791 ], [ -0.7185926, 37.6097875 ], [ -0.7175177, 37.6100933 ], [ -0.7173905, 37.6120537 ], [ -0.7157193, 37.6133365 ], [ -0.7155724, 37.6144348 ], [ -0.7152057, 37.6142108 ], [ -0.7149047, 37.6162692 ], [ -0.7151649, 37.6166432 ], [ -0.7148713, 37.6177357 ], [ -0.7142072, 37.617895 ], [ -0.7137338, 37.620387 ], [ -0.7140299, 37.6213648 ], [ -0.7149655, 37.6221232 ], [ -0.7163477, 37.6224304 ], [ -0.7170932, 37.6228768 ], [ -0.7170442, 37.62346 ], [ -0.7164234, 37.624378 ], [ -0.716407, 37.6252593 ], [ -0.7161618, 37.6261143 ], [ -0.7164855, 37.6271268 ], [ -0.7208381, 37.6266776 ], [ -0.7267873, 37.6261493 ], [ -0.729307, 37.6259103 ], [ -0.7293258, 37.6259086 ], [ -0.7331411, 37.6255466 ], [ -0.7387664, 37.6248297 ], [ -0.7432864, 37.6240959 ], [ -0.7468876, 37.6237719 ], [ -0.7515599, 37.6232004 ], [ -0.7556427, 37.6230664 ], [ -0.7588187, 37.6225755 ], [ -0.7613324, 37.6225555 ], [ -0.7683527, 37.622602 ], [ -0.7722586, 37.6226022 ], [ -0.7732105, 37.6227067 ], [ -0.7753412, 37.622733 ], [ -0.7763714, 37.6227524 ], [ -0.776794, 37.6227609 ], [ -0.777492, 37.6227466 ], [ -0.7783603, 37.6227973 ], [ -0.778645, 37.6227821 ], [ -0.779386, 37.6227686 ], [ -0.7798248, 37.6227838 ], [ -0.7802439, 37.6228807 ], [ -0.7811986, 37.6232138 ], [ -0.7815654, 37.6233742 ], [ -0.7816755, 37.6231183 ], [ -0.7819147, 37.6241064 ], [ -0.7832782, 37.6245776 ] ] ] } },
{ "type": "Feature", "properties": { "CCAA": "14 - Región de Murcia", "PROVINCIA": "30 - Murcia", "MUNICIPIO": "30016 - Cartagena", "COD_MUNICIPIO": "30016", "DISTRITO": "02", "SECCION": "3001602001", "V1_H": 79.2, "V1_M": 85.22, "V2_H": 79.18248439, "V2_M": 85.25623492, "V3_H": 79.42953696, "V3_M": 85.41396632 }, "geometry": { "type": "Polygon", "coordinates": [ [ [ -0.9739758, 37.6071397 ], [ -0.9739756, 37.6071403 ], [ -0.9739775, 37.6071616 ], [ -0.9739821, 37.6071827 ], [ -0.9739894, 37.6072033 ], [ -0.9739994, 37.6072231 ], [ -0.974012, 37.6072421 ], [ -0.974027, 37.6072598 ], [ -0.9740442, 37.6072763 ], [ -0.9740635, 37.6072912 ], [ -0.9740847, 37.6073043 ], [ -0.9741074, 37.6073157 ], [ -0.9741251, 37.6073226 ], [ -0.9740465, 37.6074241 ], [ -0.9737047, 37.6079135 ], [ -0.9735083, 37.6081948 ], [ -0.9734628, 37.6082599 ], [ -0.9734052, 37.6083424 ], [ -0.9733848, 37.6083716 ], [ -0.9733166, 37.6084698 ], [ -0.9731118, 37.6087652 ], [ -0.9729828, 37.6089461 ], [ -0.972939, 37.6090073 ], [ -0.9728171, 37.6092221 ], [ -0.9727812, 37.609281 ], [ -0.972759, 37.6093174 ], [ -0.9726791, 37.6094482 ], [ -0.9726548, 37.6094962 ], [ -0.9725113, 37.6097791 ], [ -0.9723819, 37.6100454 ], [ -0.9722322, 37.6103539 ], [ -0.9727976, 37.6103363 ], [ -0.9732127, 37.6103234 ], [ -0.9732663, 37.6103217 ], [ -0.9736493, 37.6103097 ], [ -0.9740645, 37.6102969 ], [ -0.9744878, 37.6102837 ], [ -0.9744332, 37.6092105 ], [ -0.9779561, 37.6091095 ], [ -0.9779616, 37.6090478 ], [ -0.9779504, 37.6088731 ], [ -0.9780435, 37.6089402 ], [ -0.9780669, 37.6089509 ], [ -0.9780867, 37.6089588 ], [ -0.9781074, 37.6089659 ], [ -0.9781342, 37.6089682 ], [ -0.9781797, 37.6089669 ], [ -0.9786837, 37.6089589 ], [ -0.9787024, 37.6089557 ], [ -0.9787668, 37.6089313 ], [ -0.9788246, 37.60893 ], [ -0.9792553, 37.608928 ], [ -0.9792611, 37.6089279 ], [ -0.9795621, 37.608922 ], [ -0.9796701, 37.6091061 ], [ -0.979672, 37.609106 ], [ -0.979879, 37.6090856 ], [ -0.9810321, 37.6088773 ], [ -0.9810786, 37.608869 ], [ -0.981479, 37.6088002 ], [ -0.9814621, 37.6084806 ], [ -0.9814591, 37.6084214 ], [ -0.9814626, 37.6080312 ], [ -0.9814673, 37.6077746 ], [ -0.9814606, 37.6074353 ], [ -0.9814566, 37.6072425 ], [ -0.9814543, 37.6069162 ], [ -0.9792551, 37.6069831 ], [ -0.9781798, 37.6070161 ], [ -0.9780728, 37.6070203 ], [ -0.9778455, 37.6070283 ], [ -0.9778051, 37.6070297 ], [ -0.9775959, 37.6070371 ], [ -0.9764396, 37.6070724 ], [ -0.9750864, 37.6071138 ], [ -0.9744889, 37.6071277 ], [ -0.9744875, 37.6071129 ], [ -0.9744829, 37.6070918 ], [ -0.9744756, 37.6070712 ], [ -0.9744656, 37.6070514 ], [ -0.974453, 37.6070325 ], [ -0.974438, 37.6070147 ], [ -0.9744208, 37.6069983 ], [ -0.9744015, 37.6069834 ], [ -0.9743924, 37.6069776 ], [ -0.9743804, 37.6069702 ], [ -0.9743577, 37.6069588 ], [ -0.9743335, 37.6069494 ], [ -0.9743083, 37.606942 ], [ -0.9742822, 37.6069368 ], [ -0.9742556, 37.6069337 ], [ -0.9742287, 37.6069329 ], [ -0.9742019, 37.6069344 ], [ -0.9741754, 37.606938 ], [ -0.9741495, 37.6069439 ], [ -0.9741246, 37.6069518 ], [ -0.9741008, 37.6069619 ], [ -0.9740785, 37.6069737 ], [ -0.9740578, 37.6069875 ], [ -0.974039, 37.6070028 ], [ -0.9740225, 37.6070197 ], [ -0.9740082, 37.6070377 ], [ -0.9739964, 37.607057 ], [ -0.9739871, 37.607077 ], [ -0.9739805, 37.6070978 ], [ -0.9739766, 37.6071189 ], [ -0.9739758, 37.6071397 ] ] ] } },
{ "type": "Feature", "properties": { "CCAA": "14 - Región de Murcia", "PROVINCIA": "30 - Murcia", "MUNICIPIO": "30016 - Cartagena", "COD_MUNICIPIO": "30016", "DISTRITO": "03", "SECCION": "3001603007", "V1_H": 81.68, "V1_M": 87.08, "V2_H": 81.12537096, "V2_M": 86.91948792, "V3_H": 82.31095034000001, "V3_M": 87.32789848 }, "geometry": { "type": "Polygon", "coordinates": [ [ [ -0.9917379, 37.610975 ], [ -0.991751, 37.611004 ], [ -0.991791, 37.6111131 ], [ -0.992003, 37.611662 ], [ -0.9920156, 37.6116948 ], [ -0.9920319, 37.6117372 ], [ -0.9920733, 37.6118639 ], [ -0.9921124, 37.6119833 ], [ -0.9923182, 37.6125228 ], [ -0.9923247, 37.6125403 ], [ -0.9923348, 37.6125646 ], [ -0.9923738, 37.6126586 ], [ -0.9923917, 37.6127017 ], [ -0.9924157, 37.6127598 ], [ -0.994256, 37.612185 ], [ -0.9942519, 37.6121767 ], [ -0.9938717, 37.6114049 ], [ -0.9938321, 37.611324 ], [ -0.993659, 37.6109703 ], [ -0.9936449, 37.6109415 ], [ -0.9936338, 37.6109189 ], [ -0.9936041, 37.6108584 ], [ -0.9935919, 37.6108334 ], [ -0.9935783, 37.6108056 ], [ -0.9934092, 37.6104603 ], [ -0.9934055, 37.6104527 ], [ -0.993403, 37.6104476 ], [ -0.9928978, 37.6094137 ], [ -0.9928953, 37.6094087 ], [ -0.9928483, 37.6093104 ], [ -0.9928397, 37.6092947 ], [ -0.9924994, 37.6093939 ], [ -0.9924978, 37.6093944 ], [ -0.9921607, 37.6094975 ], [ -0.9917505, 37.6096181 ], [ -0.9914477, 37.6097113 ], [ -0.9914378, 37.6097133 ], [ -0.9912701, 37.609747 ], [ -0.991335, 37.6099132 ], [ -0.9914316, 37.6101659 ], [ -0.9915401, 37.6104496 ], [ -0.9917379, 37.610975 ] ] ] } },
{ "type": "Feature", "properties": { "CCAA": "14 - Región de Murcia", "PROVINCIA": "30 - Murcia", "MUNICIPIO": "30016 - Cartagena", "COD_MUNICIPIO": "30016", "DISTRITO": "03", "SECCION": "3001603008", "V1_H": 80.3, "V1_M": 86.18, "V2_H": 80.25682951, "V2_M": 86.26310791, "V3_H": 80.49886239, "V3_M": 86.29802272000001 }, "geometry": { "type": "Polygon", "coordinates": [ [ [ -0.9868055, 37.6125751 ], [ -0.9868065, 37.6125853 ], [ -0.9868534, 37.6130787 ], [ -0.9868695, 37.6132348 ], [ -0.9868751, 37.6133065 ], [ -0.9868914, 37.6134918 ], [ -0.986892, 37.6134993 ], [ -0.9869159, 37.6136746 ], [ -0.9869206, 37.6137096 ], [ -0.9869328, 37.6138008 ], [ -0.9869893, 37.6144921 ], [ -0.9869999, 37.6146233 ], [ -0.9870265, 37.6149802 ], [ -0.987055, 37.6153623 ], [ -0.9870904, 37.6156497 ], [ -0.9870931, 37.6156719 ], [ -0.9871125, 37.6158296 ], [ -0.9871329, 37.6159207 ], [ -0.9890951, 37.6154687 ], [ -0.9892395, 37.6154406 ], [ -0.9892284, 37.6153905 ], [ -0.9892175, 37.6153409 ], [ -0.9890728, 37.6146229 ], [ -0.989027, 37.6144219 ], [ -0.9890259, 37.6144172 ], [ -0.9890062, 37.6143093 ], [ -0.9889876, 37.6142076 ], [ -0.9889118, 37.6138389 ], [ -0.9888913, 37.6137397 ], [ -0.9888873, 37.6137207 ], [ -0.9888258, 37.6134211 ], [ -0.9888228, 37.6134064 ], [ -0.988794, 37.613266 ], [ -0.9887863, 37.6132285 ], [ -0.9887748, 37.6131729 ], [ -0.9887621, 37.6131113 ], [ -0.9887562, 37.6130824 ], [ -0.9887428, 37.6130171 ], [ -0.9887245, 37.6129278 ], [ -0.9886901, 37.6127606 ], [ -0.9886885, 37.612753 ], [ -0.9886868, 37.6127448 ], [ -0.9886613, 37.6126541 ], [ -0.988648, 37.6126074 ], [ -0.9886297, 37.6125426 ], [ -0.988626, 37.6125225 ], [ -0.9886227, 37.6125052 ], [ -0.9868055, 37.6125751 ] ] ] } },
{ "type": "Feature", "properties": { "CCAA": "14 - Región de Murcia", "PROVINCIA": "30 - Murcia", "MUNICIPIO": "30016 - Cartagena", "COD_MUNICIPIO": "30016", "DISTRITO": "03", "SECCION": "3001603022", "V1_H": 81.13, "V1_M": 86.76, "V2_H": 80.8252038, "V2_M": 86.73512652, "V3_H": 81.48774648, "V3_M": 86.92091474 }, "geometry": { "type": "Polygon", "coordinates": [ [ [ -0.9862486, 37.6067634 ], [ -0.9862631, 37.606923 ], [ -0.9863005, 37.6072778 ], [ -0.9863144, 37.6074098 ], [ -0.9863188, 37.6074621 ], [ -0.9863209, 37.6074881 ], [ -0.9863252, 37.6075415 ], [ -0.9863324, 37.6076291 ], [ -0.986344, 37.6077721 ], [ -0.9863525, 37.6078746 ], [ -0.9863574, 37.6079359 ], [ -0.9863804, 37.6082339 ], [ -0.9863839, 37.6082804 ], [ -0.9863813, 37.6083057 ], [ -0.9863763, 37.6083523 ], [ -0.9863745, 37.6083691 ], [ -0.9864035, 37.608565 ], [ -0.9864091, 37.6086021 ], [ -0.98642, 37.608676 ], [ -0.9864313, 37.6087693 ], [ -0.986441, 37.6088487 ], [ -0.9869443, 37.6088311 ], [ -0.9875815, 37.6088083 ], [ -0.9876074, 37.6088073 ], [ -0.9876505, 37.6088057 ], [ -0.9876527, 37.6088056 ], [ -0.987857, 37.6087988 ], [ -0.9878287, 37.608663 ], [ -0.9878166, 37.6085891 ], [ -0.9877805, 37.6083688 ], [ -0.9876947, 37.6079705 ], [ -0.987667, 37.6078341 ], [ -0.9876303, 37.6076551 ], [ -0.987581, 37.6074339 ], [ -0.9875487, 37.6072944 ], [ -0.9874994, 37.6070775 ], [ -0.987485, 37.6070004 ], [ -0.9874729, 37.6069365 ], [ -0.9874535, 37.6068335 ], [ -0.9874302, 37.6067357 ], [ -0.9874285, 37.6067289 ], [ -0.9874157, 37.6067292 ], [ -0.9874114, 37.6067292 ], [ -0.9872623, 37.6067325 ], [ -0.9872156, 37.6067339 ], [ -0.9871534, 37.6067357 ], [ -0.9871042, 37.6067373 ], [ -0.9862486, 37.6067634 ] ] ] } },
{ "type": "Feature", "properties": { "CCAA": "14 - Región de Murcia", "PROVINCIA": "30 - Murcia", "MUNICIPIO": "30016 - Cartagena", "COD_MUNICIPIO": "30016", "DISTRITO": "03", "SECCION": "3001603025", "V1_H": 80.06, "V1_M": 86.09, "V2_H": 79.80248703, "V2_M": 86.14116428, "V3_H": 80.46064959, "V3_M": 86.17412372 }, "geometry": { "type": "Polygon", "coordinates": [ [ [ -0.9840616, 37.6161069 ], [ -0.9840788, 37.6161131 ], [ -0.9844563, 37.6159721 ], [ -0.9844697, 37.6159648 ], [ -0.984482, 37.6159568 ], [ -0.9844951, 37.6159505 ], [ -0.9845594, 37.6159165 ], [ -0.9845674, 37.6159128 ], [ -0.9845706, 37.6159114 ], [ -0.984576, 37.6159052 ], [ -0.9845819, 37.6158955 ], [ -0.984591, 37.6158833 ], [ -0.9845969, 37.6158741 ], [ -0.9846012, 37.6158663 ], [ -0.9846057, 37.6158625 ], [ -0.9846126, 37.6158591 ], [ -0.9846246, 37.6158547 ], [ -0.9846347, 37.6158516 ], [ -0.9846435, 37.6158479 ], [ -0.9846547, 37.6158445 ], [ -0.9846761, 37.6158398 ], [ -0.9846874, 37.615836 ], [ -0.9851847, 37.6152218 ], [ -0.9853168, 37.6150658 ], [ -0.9853421, 37.615033 ], [ -0.9853455, 37.6150284 ], [ -0.9853736, 37.614981 ], [ -0.9853925, 37.6149444 ], [ -0.9854037, 37.6149126 ], [ -0.9854093, 37.614887 ], [ -0.9854127, 37.6148539 ], [ -0.9854138, 37.6148153 ], [ -0.9854103, 37.61476 ], [ -0.9854028, 37.6146238 ], [ -0.9853905, 37.6143367 ], [ -0.985364, 37.6137194 ], [ -0.9853219, 37.6130526 ], [ -0.9853043, 37.6127728 ], [ -0.9852997, 37.61265 ], [ -0.9853024, 37.6126207 ], [ -0.9853044, 37.6125898 ], [ -0.9853009, 37.6125371 ], [ -0.9852627, 37.6120015 ], [ -0.9850882, 37.6120118 ], [ -0.9850521, 37.6120139 ], [ -0.9845482, 37.6120435 ], [ -0.9844056, 37.6120519 ], [ -0.9840241, 37.6120602 ], [ -0.9840531, 37.6125347 ], [ -0.9840777, 37.6130313 ], [ -0.9840798, 37.6130746 ], [ -0.984094, 37.6133626 ], [ -0.9841271, 37.6139242 ], [ -0.9841466, 37.6142824 ], [ -0.9841652, 37.6143822 ], [ -0.9839039, 37.6143911 ], [ -0.9834248, 37.6144083 ], [ -0.983341, 37.6144084 ], [ -0.9832931, 37.6144074 ], [ -0.9832316, 37.6143991 ], [ -0.9831768, 37.6143865 ], [ -0.9831129, 37.6143628 ], [ -0.9830897, 37.6143512 ], [ -0.9829914, 37.6144232 ], [ -0.9830039, 37.6146244 ], [ -0.9830081, 37.6146532 ], [ -0.9830123, 37.6147172 ], [ -0.983017, 37.6147912 ], [ -0.9830182, 37.6148112 ], [ -0.98302, 37.6148399 ], [ -0.9830269, 37.6149562 ], [ -0.9830272, 37.6149615 ], [ -0.9830504, 37.6152414 ], [ -0.983005, 37.6152783 ], [ -0.9829715, 37.6153055 ], [ -0.9829221, 37.6153457 ], [ -0.9827156, 37.6155136 ], [ -0.9831926, 37.6157577 ], [ -0.9833036, 37.6158145 ], [ -0.9834252, 37.6158768 ], [ -0.9834783, 37.6158962 ], [ -0.9835012, 37.6159069 ], [ -0.9840616, 37.6161069 ] ] ] } },
{ "type": "Feature", "properties": { "CCAA": "14 - Región de Murcia", "PROVINCIA": "30 - Murcia", "MUNICIPIO": "30016 - Cartagena", "COD_MUNICIPIO": "30016", "DISTRITO": "04", "SECCION": "3001604003", "V1_H": 79.94, "V1_M": 85.93, "V2_H": 80.18978947, "V2_M": 86.02067046000001, "V3_H": 79.89390484, "V3_M": 85.97042077 }, "geometry": { "type": "Polygon", "coordinates": [ [ [ -0.9822809, 37.6152911 ], [ -0.9823488, 37.6153258 ], [ -0.9825387, 37.6154231 ], [ -0.9827156, 37.6155136 ], [ -0.9829221, 37.6153457 ], [ -0.9829715, 37.6153055 ], [ -0.983005, 37.6152783 ], [ -0.9830504, 37.6152414 ], [ -0.9830272, 37.6149615 ], [ -0.9830269, 37.6149562 ], [ -0.98302, 37.6148399 ], [ -0.9830182, 37.6148112 ], [ -0.983017, 37.6147912 ], [ -0.9830123, 37.6147172 ], [ -0.9830081, 37.6146532 ], [ -0.9830039, 37.6146244 ], [ -0.9829914, 37.6144232 ], [ -0.9830897, 37.6143512 ], [ -0.9830648, 37.6143387 ], [ -0.9830202, 37.6143093 ], [ -0.9829319, 37.6142271 ], [ -0.9822916, 37.6136312 ], [ -0.9821573, 37.6135053 ], [ -0.9819295, 37.6132921 ], [ -0.9818403, 37.6132084 ], [ -0.9816529, 37.6130331 ], [ -0.9816058, 37.612989 ], [ -0.9812262, 37.6126335 ], [ -0.981184, 37.6125979 ], [ -0.9811672, 37.6125744 ], [ -0.9810918, 37.6126072 ], [ -0.981014, 37.6126527 ], [ -0.9805484, 37.6129709 ], [ -0.9804971, 37.613006 ], [ -0.9804866, 37.6130131 ], [ -0.9800758, 37.6132938 ], [ -0.9799913, 37.6133319 ], [ -0.9795758, 37.6136027 ], [ -0.9792556, 37.6138113 ], [ -0.979021, 37.6140137 ], [ -0.9790858, 37.6140261 ], [ -0.9792557, 37.6140586 ], [ -0.9798675, 37.614172 ], [ -0.9802635, 37.6142454 ], [ -0.9802933, 37.614251 ], [ -0.9807502, 37.6143356 ], [ -0.9807636, 37.6143109 ], [ -0.9809967, 37.6143305 ], [ -0.9809957, 37.6143679 ], [ -0.9812685, 37.614421 ], [ -0.9813004, 37.6144512 ], [ -0.9814873, 37.6146247 ], [ -0.981616, 37.6147401 ], [ -0.9816342, 37.6147563 ], [ -0.9816355, 37.6147576 ], [ -0.9818992, 37.6149613 ], [ -0.9819257, 37.614984 ], [ -0.9819261, 37.6149844 ], [ -0.9822809, 37.6152911 ] ] ] } },
{ "type": "Feature", "properties": { "CCAA": "14 - Región de Murcia", "PROVINCIA": "30 - Murcia", "MUNICIPIO": "30016 - Cartagena", "COD_MUNICIPIO": "30016", "DISTRITO": "04", "SECCION": "3001604004", "V1_H": 77.6, "V1_M": 83.87, "V2_H": 77.77347434000001, "V2_M": 84.06024086, "V3_H": 77.45781126, "V3_M": 83.80561047 }, "geometry": { "type": "Polygon", "coordinates": [ [ [ -0.9790858, 37.6140261 ], [ -0.9790588, 37.6140928 ], [ -0.9789788, 37.6143568 ], [ -0.9789464, 37.6144633 ], [ -0.9789078, 37.6146244 ], [ -0.9788908, 37.6146754 ], [ -0.9788676, 37.614745 ], [ -0.9788093, 37.6149438 ], [ -0.9787524, 37.6151376 ], [ -0.9786967, 37.6153329 ], [ -0.9786806, 37.6153895 ], [ -0.9786427, 37.6155215 ], [ -0.9786094, 37.6156374 ], [ -0.9785999, 37.6156928 ], [ -0.9785978, 37.6157046 ], [ -0.9785761, 37.6157937 ], [ -0.9785493, 37.61585 ], [ -0.9785464, 37.6158558 ], [ -0.978561, 37.6160398 ], [ -0.978566, 37.6161006 ], [ -0.9785689, 37.6161361 ], [ -0.9785797, 37.6162683 ], [ -0.9785866, 37.6163501 ], [ -0.9786062, 37.616423 ], [ -0.9786218, 37.6164518 ], [ -0.9786307, 37.6164686 ], [ -0.9786641, 37.6165116 ], [ -0.9786877, 37.6165315 ], [ -0.978721, 37.6165601 ], [ -0.9787827, 37.6165944 ], [ -0.9789659, 37.6166881 ], [ -0.9790027, 37.616707 ], [ -0.9790205, 37.6167163 ], [ -0.9792478, 37.6168358 ], [ -0.979256, 37.6168402 ], [ -0.9793503, 37.6168897 ], [ -0.9794803, 37.6169661 ], [ -0.9794861, 37.6169696 ], [ -0.9795354, 37.616992 ], [ -0.9798561, 37.6169759 ], [ -0.9801424, 37.6169587 ], [ -0.9801914, 37.6169558 ], [ -0.9806689, 37.6169271 ], [ -0.980674, 37.6170114 ], [ -0.9806783, 37.6170405 ], [ -0.9812354, 37.6169854 ], [ -0.9813756, 37.6167065 ], [ -0.981448, 37.6165516 ], [ -0.9814513, 37.6165444 ], [ -0.9820841, 37.6151905 ], [ -0.9822809, 37.6152911 ], [ -0.9819261, 37.6149844 ], [ -0.9819257, 37.614984 ], [ -0.9818992, 37.6149613 ], [ -0.9816355, 37.6147576 ], [ -0.9816342, 37.6147563 ], [ -0.981616, 37.6147401 ], [ -0.9814873, 37.6146247 ], [ -0.9813004, 37.6144512 ], [ -0.9812685, 37.614421 ], [ -0.9809957, 37.6143679 ], [ -0.9809967, 37.6143305 ], [ -0.9807636, 37.6143109 ], [ -0.9807502, 37.6143356 ], [ -0.9802933, 37.614251 ], [ -0.9802635, 37.6142454 ], [ -0.9798675, 37.614172 ], [ -0.9792557, 37.6140586 ], [ -0.9790858, 37.6140261 ] ] ] } },
{ "type": "Feature", "properties": { "CCAA": "14 - Región de Murcia", "PROVINCIA": "30 - Murcia", "MUNICIPIO": "30016 - Cartagena", "COD_MUNICIPIO": "30016", "DISTRITO": "06", "SECCION": "3001606006", "V1_H": 78.77, "V1_M": 84.85, "V2_H": 78.83270398000001, "V2_M": 84.81764444, "V3_H": 78.82199574000001, "V3_M": 85.12573797 }, "geometry": { "type": "Polygon", "coordinates": [ [ [ -0.7738833, 37.648558 ], [ -0.7748566, 37.6481827 ], [ -0.7782287, 37.6483533 ], [ -0.7882316, 37.6511915 ], [ -0.7968371, 37.6551735 ], [ -0.8016936, 37.6495033 ], [ -0.803668, 37.6476083 ], [ -0.8063282, 37.6445438 ], [ -0.8063001, 37.6436733 ], [ -0.8061267, 37.6424227 ], [ -0.8065824, 37.6412614 ], [ -0.8047098, 37.640994 ], [ -0.8036014, 37.6402109 ], [ -0.8025949, 37.6398185 ], [ -0.8010974, 37.6386518 ], [ -0.7999519, 37.6376964 ], [ -0.8014747, 37.6347071 ], [ -0.8027314, 37.6332139 ], [ -0.8039273, 37.6318229 ], [ -0.8014259, 37.6306189 ], [ -0.8004618, 37.63025 ], [ -0.8002898, 37.6301246 ], [ -0.799789, 37.6297594 ], [ -0.7972319, 37.6285087 ], [ -0.7951384, 37.627986 ], [ -0.7918851, 37.6269426 ], [ -0.7879829, 37.6259812 ], [ -0.7841289, 37.6248716 ], [ -0.7832782, 37.6245776 ], [ -0.7830789, 37.6254213 ], [ -0.7825086, 37.6271036 ], [ -0.7821962, 37.6280634 ], [ -0.7819562, 37.6287111 ], [ -0.7817922, 37.6289212 ], [ -0.7815499, 37.6291173 ], [ -0.7812786, 37.6292251 ], [ -0.7809927, 37.6292949 ], [ -0.7805202, 37.6292735 ], [ -0.7788566, 37.6290039 ], [ -0.7787866, 37.6294284 ], [ -0.7786761, 37.6300787 ], [ -0.778755, 37.630491 ], [ -0.7790167, 37.6308825 ], [ -0.7794521, 37.6315673 ], [ -0.7794999, 37.6320031 ], [ -0.7794551, 37.6324855 ], [ -0.7795015, 37.6329696 ], [ -0.7795124, 37.6336222 ], [ -0.7794112, 37.6339586 ], [ -0.7790093, 37.6341926 ], [ -0.7786102, 37.6343301 ], [ -0.7783644, 37.6344221 ], [ -0.7782343, 37.6347096 ], [ -0.7782821, 37.6351454 ], [ -0.7783292, 37.6356054 ], [ -0.7783748, 37.6361136 ], [ -0.7783336, 37.6364753 ], [ -0.7781067, 37.6369543 ], [ -0.7778804, 37.6374091 ], [ -0.7778921, 37.6380375 ], [ -0.7778351, 37.6389305 ], [ -0.7775554, 37.6401575 ], [ -0.7773669, 37.6413862 ], [ -0.7773756, 37.6421112 ], [ -0.7768494, 37.6434544 ], [ -0.7760657, 37.6442611 ], [ -0.7756507, 37.6449298 ], [ -0.7754844, 37.6454099 ], [ -0.7753175, 37.6459142 ], [ -0.7746841, 37.6467721 ], [ -0.7738833, 37.648558 ] ] ] } },
{ "type": "Feature", "properties": { "CCAA": "14 - Región de Murcia", "PROVINCIA": "30 - Murcia", "MUNICIPIO": "30016 - Cartagena", "COD_MUNICIPIO": "30016", "DISTRITO": "06", "SECCION": "3001606007", "V1_H": 79.81, "V1_M": 85.63, "V2_H": 79.83092799000001, "V2_M": 85.85143097, "V3_H": 80.00184088, "V3_M": 85.62912109 }, "geometry": { "type": "Polygon", "coordinates": [ [ [ -0.8602459, 37.64246 ], [ -0.8601873, 37.6421403 ], [ -0.8609051, 37.642227 ], [ -0.8616412, 37.6422991 ], [ -0.8621287, 37.6423519 ], [ -0.863269, 37.6424826 ], [ -0.8639034, 37.6425602 ], [ -0.8647952, 37.6426717 ], [ -0.8651355, 37.6427072 ], [ -0.8652087, 37.6427305 ], [ -0.8661065, 37.6435979 ], [ -0.8662184, 37.6438787 ], [ -0.8663743, 37.6442337 ], [ -0.8665537, 37.6447358 ], [ -0.8667042, 37.6452814 ], [ -0.8667769, 37.6456422 ], [ -0.8668102, 37.645674 ], [ -0.8675561, 37.6455965 ], [ -0.8684598, 37.6455338 ], [ -0.8707176, 37.6454269 ], [ -0.8706099, 37.6447869 ], [ -0.8706022, 37.6443596 ], [ -0.8706241, 37.6440595 ], [ -0.8708271, 37.6426149 ], [ -0.8710719, 37.6419756 ], [ -0.8630093, 37.6414178 ], [ -0.8615119, 37.6413216 ], [ -0.8583348, 37.6412686 ], [ -0.8583828, 37.6423416 ], [ -0.8602402, 37.6424596 ], [ -0.8602459, 37.64246 ] ] ] } },
{ "type": "Feature", "properties": { "CCAA": "14 - Región de Murcia", "PROVINCIA": "30 - Murcia", "MUNICIPIO": "30016 - Cartagena", "COD_MUNICIPIO": "30016", "DISTRITO": "07", "SECCION": "3001607005", "V1_H": 79.78, "V1_M": 85.67, "V2_H": 79.78305357000001, "V2_M": 85.83721796, "V3_H": 80.07461692, "V3_M": 85.64972132 }, "geometry": { "type": "Polygon", "coordinates": [ [ [ -0.9929692, 37.712162 ], [ -0.992971, 37.7121976 ], [ -0.9930229, 37.7125269 ], [ -0.9930411, 37.7126044 ], [ -0.9931756, 37.7131767 ], [ -0.9938008, 37.7131423 ], [ -0.9943842, 37.7131522 ], [ -0.9946062, 37.713185 ], [ -0.995157, 37.713204 ], [ -0.9953461, 37.7132555 ], [ -0.995833, 37.7135359 ], [ -0.9965027, 37.7139562 ], [ -0.996908, 37.7142594 ], [ -0.9970346, 37.7143742 ], [ -0.9973685, 37.71447 ], [ -0.9983918, 37.7150011 ], [ -0.9994689, 37.7156473 ], [ -1.0000157, 37.7159624 ], [ -1.0030061, 37.7177829 ], [ -1.003155, 37.717831 ], [ -1.0037423, 37.7183651 ], [ -1.0051852, 37.7182004 ], [ -1.0063235, 37.7181233 ], [ -1.0076535, 37.7183578 ], [ -1.0096004, 37.7186344 ], [ -1.011325, 37.7191258 ], [ -1.0131271, 37.7194349 ], [ -1.0148473, 37.7196056 ], [ -1.0157591, 37.7198805 ], [ -1.0169485, 37.72001 ], [ -1.0183805, 37.7201999 ], [ -1.0198273, 37.7203785 ], [ -1.0215546, 37.7203201 ], [ -1.023752, 37.7204051 ], [ -1.0256763, 37.7204866 ], [ -1.0277303, 37.7205582 ], [ -1.0294474, 37.7203621 ], [ -1.030395, 37.7204084 ], [ -1.0313093, 37.7206031 ], [ -1.0324571, 37.7206861 ], [ -1.0336238, 37.7206206 ], [ -1.0347283, 37.7203435 ], [ -1.0348162, 37.720189 ], [ -1.0326726, 37.7178836 ], [ -1.0320827, 37.7169602 ], [ -1.0317718, 37.7163151 ], [ -1.031665, 37.715581 ], [ -1.0315939, 37.7146182 ], [ -1.0314551, 37.7139867 ], [ -1.0303565, 37.714179 ], [ -1.029505, 37.7142829 ], [ -1.0289887, 37.7142421 ], [ -1.0284405, 37.7138344 ], [ -1.0282159, 37.7131904 ], [ -1.0284922, 37.7126214 ], [ -1.0289081, 37.711722 ], [ -1.0281972, 37.7114612 ], [ -1.0277157, 37.7107567 ], [ -1.0272977, 37.7098583 ], [ -1.0274359, 37.7086349 ], [ -1.0275536, 37.7071479 ], [ -1.0272261, 37.7056438 ], [ -1.0273963, 37.7043177 ], [ -1.0277118, 37.7044011 ], [ -1.0277699, 37.7043224 ], [ -1.0272608, 37.7035832 ], [ -1.0265732, 37.7030364 ], [ -1.025942, 37.7025247 ], [ -1.0254773, 37.7022097 ], [ -1.0248475, 37.7021216 ], [ -1.0240982, 37.7021808 ], [ -1.023039, 37.7020301 ], [ -1.0217497, 37.7014185 ], [ -1.0210278, 37.7010544 ], [ -1.0205147, 37.7009105 ], [ -1.0200157, 37.7007783 ], [ -1.0193551, 37.700289 ], [ -1.0188349, 37.6994466 ], [ -1.0184433, 37.6986287 ], [ -1.0180002, 37.6976155 ], [ -1.0174169, 37.6969555 ], [ -1.0165476, 37.696246 ], [ -1.0159093, 37.6955051 ], [ -1.0151087, 37.6948996 ], [ -1.0144339, 37.6944101 ], [ -1.0134181, 37.6937904 ], [ -1.0124728, 37.6932174 ], [ -1.0124014, 37.6931709 ], [ -1.0114865, 37.6925751 ], [ -1.0104102, 37.6920576 ], [ -1.0090672, 37.6913307 ], [ -1.0073655, 37.6905877 ], [ -1.0058918, 37.6899048 ], [ -1.0046967, 37.6895117 ], [ -1.0034746, 37.689061 ], [ -1.0020266, 37.6884814 ], [ -1.000815, 37.6881568 ], [ -0.9997015, 37.6879136 ], [ -0.9986412, 37.6878084 ], [ -0.9976135, 37.6875777 ], [ -0.9969716, 37.6869627 ], [ -0.9961212, 37.6861159 ], [ -0.9954386, 37.6849621 ], [ -0.9947632, 37.6840375 ], [ -0.9941662, 37.6833657 ], [ -0.9932093, 37.6827122 ], [ -0.9926104, 37.6816396 ], [ -0.9922838, 37.6810515 ], [ -0.9913515, 37.6809937 ], [ -0.9907474, 37.6810088 ], [ -0.9902285, 37.6810594 ], [ -0.9895242, 37.6810618 ], [ -0.9891062, 37.6811022 ], [ -0.9885092, 37.6808884 ], [ -0.9876322, 37.680442 ], [ -0.9866453, 37.6802919 ], [ -0.9856849, 37.6802108 ], [ -0.9846679, 37.6801061 ], [ -0.9836177, 37.6801383 ], [ -0.9821484, 37.680413 ], [ -0.9812604, 37.6833596 ], [ -0.9802993, 37.6883394 ], [ -0.9791495, 37.6919999 ], [ -0.978446, 37.6951739 ], [ -0.9770884, 37.7015135 ], [ -0.9780501, 37.7021494 ], [ -0.9790722, 37.7027364 ], [ -0.9796375, 37.7030611 ], [ -0.9844472, 37.7056489 ], [ -0.9861807, 37.7051404 ], [ -0.9867807, 37.7047918 ], [ -0.9870749, 37.7048313 ], [ -0.9889393, 37.704939 ], [ -0.9901279, 37.7049869 ], [ -0.9906176, 37.7051143 ], [ -0.9907799, 37.7051976 ], [ -0.9920939, 37.7060404 ], [ -0.9923422, 37.7061051 ], [ -0.9942656, 37.7061205 ], [ -0.99583, 37.7061472 ], [ -0.9958059, 37.7066389 ], [ -1.0004967, 37.7080226 ], [ -0.9996723, 37.7087685 ], [ -0.9990393, 37.7092672 ], [ -0.9984371, 37.7098356 ], [ -0.9980827, 37.71008 ], [ -0.9976966, 37.7102893 ], [ -0.9972366, 37.7104196 ], [ -0.9968785, 37.7105912 ], [ -0.9963988, 37.7108309 ], [ -0.9957586, 37.7112373 ], [ -0.995216, 37.7116866 ], [ -0.995085, 37.7117257 ], [ -0.9940942, 37.7116303 ], [ -0.9934581, 37.7116939 ], [ -0.9929519, 37.7117887 ], [ -0.9929526, 37.7118301 ], [ -0.9929692, 37.712162 ] ] ] } },
{ "type": "Feature", "properties": { "CCAA": "14 - Región de Murcia", "PROVINCIA": "30 - Murcia", "MUNICIPIO": "30016 - Cartagena", "COD_MUNICIPIO": "30016", "DISTRITO": "02", "SECCION": "3001602007", "V1_H": 79.92, "V1_M": 85.8, "V2_H": 79.90391364, "V2_M": 85.68196434, "V3_H": 80.09820982, "V3_M": 86.14356104 }, "geometry": { "type": "Polygon", "coordinates": [ [ [ -0.9756178, 37.6056317 ], [ -0.9755434, 37.6056619 ], [ -0.9754672, 37.6057021 ], [ -0.9754251, 37.6057397 ], [ -0.9752933, 37.6058976 ], [ -0.9751307, 37.606089 ], [ -0.9750862, 37.606142 ], [ -0.9750069, 37.6062212 ], [ -0.9750863, 37.6062158 ], [ -0.9757186, 37.6061973 ], [ -0.9759928, 37.6061966 ], [ -0.9759937, 37.6061966 ], [ -0.9770231, 37.6061531 ], [ -0.97719, 37.606142 ], [ -0.9773148, 37.6061245 ], [ -0.9773939, 37.6061134 ], [ -0.977501, 37.6061106 ], [ -0.9776904, 37.6061233 ], [ -0.9777371, 37.6061263 ], [ -0.9777381, 37.6061264 ], [ -0.9777381, 37.6061263 ], [ -0.9777381, 37.6061262 ], [ -0.9775871, 37.6049871 ], [ -0.9773197, 37.6050476 ], [ -0.9767528, 37.6052577 ], [ -0.9767449, 37.6052607 ], [ -0.9756341, 37.6056561 ], [ -0.9756178, 37.6056317 ] ] ] } },
{ "type": "Feature", "properties": { "CCAA": "14 - Región de Murcia", "PROVINCIA": "30 - Murcia", "MUNICIPIO": "30016 - Cartagena", "COD_MUNICIPIO": "30016", "DISTRITO": "03", "SECCION": "3001603001", "V1_H": 81.47, "V1_M": 86.95, "V2_H": 81.05678048, "V2_M": 86.75805168, "V3_H": 81.85108408000001, "V3_M": 87.21302779 }, "geometry": { "type": "Polygon", "coordinates": [ [ [ -0.9875302, 37.6046094 ], [ -0.987878, 37.6048224 ], [ -0.9880041, 37.6047513 ], [ -0.9886422, 37.6043697 ], [ -0.9886559, 37.6043615 ], [ -0.9889063, 37.6042051 ], [ -0.9890533, 37.6041042 ], [ -0.9891837, 37.6040147 ], [ -0.9892116, 37.603997 ], [ -0.9893526, 37.6041093 ], [ -0.9894729, 37.6042049 ], [ -0.9897578, 37.6044125 ], [ -0.9903079, 37.6040568 ], [ -0.9901398, 37.6038624 ], [ -0.9896757, 37.6036247 ], [ -0.9893186, 37.6034019 ], [ -0.9891961, 37.6033255 ], [ -0.9888452, 37.6032034 ], [ -0.9886178, 37.6031243 ], [ -0.9884253, 37.6030573 ], [ -0.9880921, 37.6029324 ], [ -0.9880914, 37.6029329 ], [ -0.9878907, 37.6026594 ], [ -0.9878757, 37.602633 ], [ -0.9878704, 37.6026237 ], [ -0.98786, 37.6026059 ], [ -0.9878371, 37.6025623 ], [ -0.9876641, 37.6023356 ], [ -0.9876306, 37.6022899 ], [ -0.9876239, 37.6022851 ], [ -0.9875806, 37.6022558 ], [ -0.9873634, 37.6021235 ], [ -0.9872908, 37.6020378 ], [ -0.9872537, 37.6019936 ], [ -0.9872295, 37.6019649 ], [ -0.9871432, 37.6018556 ], [ -0.987115, 37.6018202 ], [ -0.9870515, 37.6017409 ], [ -0.9869454, 37.6017466 ], [ -0.9868557, 37.6017559 ], [ -0.9868144, 37.6017601 ], [ -0.9866209, 37.6017768 ], [ -0.9866138, 37.6017773 ], [ -0.9863961, 37.601793 ], [ -0.9862925, 37.6018013 ], [ -0.9861855, 37.6018094 ], [ -0.9861556, 37.6018118 ], [ -0.985972, 37.6018216 ], [ -0.9859359, 37.6018203 ], [ -0.9858097, 37.6018813 ], [ -0.9854728, 37.6019945 ], [ -0.9853895, 37.6020225 ], [ -0.9851793, 37.6021003 ], [ -0.9851553, 37.60211 ], [ -0.9851204, 37.6021241 ], [ -0.9848055, 37.6022319 ], [ -0.9848127, 37.6022476 ], [ -0.9849189, 37.6024839 ], [ -0.984805, 37.60253 ], [ -0.9845746, 37.6026232 ], [ -0.984428, 37.6026826 ], [ -0.9842134, 37.6027885 ], [ -0.9843792, 37.6029797 ], [ -0.984077, 37.6031095 ], [ -0.9839668, 37.6031623 ], [ -0.9841627, 37.6034074 ], [ -0.9842756, 37.6035552 ], [ -0.9842986, 37.6035796 ], [ -0.9844237, 37.6037242 ], [ -0.9846367, 37.6037404 ], [ -0.9847718, 37.6037616 ], [ -0.9849566, 37.6037903 ], [ -0.9849653, 37.6037917 ], [ -0.9856849, 37.603917 ], [ -0.9856859, 37.6039172 ], [ -0.9863149, 37.6040257 ], [ -0.9863434, 37.6040301 ], [ -0.9865377, 37.6040613 ], [ -0.9866254, 37.6040753 ], [ -0.9866641, 37.604082 ], [ -0.9872341, 37.6041816 ], [ -0.9872165, 37.6042085 ], [ -0.9871232, 37.6043507 ], [ -0.9871319, 37.6043785 ], [ -0.9871579, 37.6044101 ], [ -0.9872094, 37.6044375 ], [ -0.9873144, 37.6044704 ], [ -0.9874115, 37.6045033 ], [ -0.9875063, 37.6045614 ], [ -0.987537, 37.604588 ], [ -0.9875302, 37.6046094 ] ] ] } },
{ "type": "Feature", "properties": { "CCAA": "14 - Región de Murcia", "PROVINCIA": "30 - Murcia", "MUNICIPIO": "30016 - Cartagena", "COD_MUNICIPIO": "30016", "DISTRITO": "03", "SECCION": "3001603009", "V1_H": 81.41, "V1_M": 86.82, "V2_H": 80.96532964, "V2_M": 86.87567885, "V3_H": 81.8694609, "V3_M": 86.90400308 }, "geometry": { "type": "Polygon", "coordinates": [ [ [ -0.9928397, 37.6092947 ], [ -0.9928483, 37.6093104 ], [ -0.9928953, 37.6094087 ], [ -0.9928978, 37.6094137 ], [ -0.993403, 37.6104476 ], [ -0.9934578, 37.6104317 ], [ -0.9935061, 37.6104178 ], [ -0.9936942, 37.6103633 ], [ -0.9950427, 37.6099272 ], [ -0.9950308, 37.6098925 ], [ -0.995016, 37.6098283 ], [ -0.9949992, 37.6097534 ], [ -0.9949959, 37.609729 ], [ -0.9949805, 37.6096631 ], [ -0.9949691, 37.6096202 ], [ -0.9949604, 37.6095912 ], [ -0.9949388, 37.6095429 ], [ -0.994915, 37.609494 ], [ -0.9948798, 37.609431 ], [ -0.9948352, 37.6093592 ], [ -0.9948211, 37.6093325 ], [ -0.9947873, 37.6092725 ], [ -0.9947629, 37.6092202 ], [ -0.9947386, 37.6091608 ], [ -0.9947242, 37.6091138 ], [ -0.994667, 37.6089826 ], [ -0.9946462, 37.6089428 ], [ -0.9946288, 37.6089131 ], [ -0.9946199, 37.6088962 ], [ -0.9946165, 37.6088906 ], [ -0.994614, 37.6088828 ], [ -0.9946114, 37.6088636 ], [ -0.9946082, 37.6088338 ], [ -0.9946044, 37.6087861 ], [ -0.9946028, 37.6087537 ], [ -0.9946028, 37.6087536 ], [ -0.9946013, 37.6087469 ], [ -0.9946013, 37.6087466 ], [ -0.9946003, 37.6087425 ], [ -0.9928406, 37.6092944 ], [ -0.9928397, 37.6092947 ] ] ] } },
{ "type": "Feature", "properties": { "CCAA": "14 - Región de Murcia", "PROVINCIA": "30 - Murcia", "MUNICIPIO": "30016 - Cartagena", "COD_MUNICIPIO": "30016", "DISTRITO": "03", "SECCION": "3001603020", "V1_H": 80.85, "V1_M": 86.44, "V2_H": 80.47892397, "V2_M": 86.23437891, "V3_H": 81.22204479, "V3_M": 86.80010662 }, "geometry": { "type": "Polygon", "coordinates": [ [ [ -0.981479, 37.6088002 ], [ -0.9826232, 37.6094052 ], [ -0.9831384, 37.6096777 ], [ -0.9833131, 37.6097806 ], [ -0.9832806, 37.609117 ], [ -0.9832761, 37.6089531 ], [ -0.9832636, 37.6085114 ], [ -0.9832623, 37.6084659 ], [ -0.983262, 37.6084588 ], [ -0.9832509, 37.6083699 ], [ -0.9832241, 37.6079785 ], [ -0.9832226, 37.6079577 ], [ -0.9832075, 37.6077393 ], [ -0.9832033, 37.6075447 ], [ -0.983199, 37.6073539 ], [ -0.9831758, 37.6068627 ], [ -0.9814977, 37.6069149 ], [ -0.9814543, 37.6069162 ], [ -0.9814566, 37.6072425 ], [ -0.9814606, 37.6074353 ], [ -0.9814673, 37.6077746 ], [ -0.9814626, 37.6080312 ], [ -0.9814591, 37.6084214 ], [ -0.9814621, 37.6084806 ], [ -0.981479, 37.6088002 ] ] ] } },
{ "type": "Feature", "properties": { "CCAA": "14 - Región de Murcia", "PROVINCIA": "30 - Murcia", "MUNICIPIO": "30016 - Cartagena", "COD_MUNICIPIO": "30016", "DISTRITO": "03", "SECCION": "3001603027", "V1_H": 81.18, "V1_M": 86.79, "V2_H": 80.97904731, "V2_M": 86.77314473, "V3_H": 81.44010912, "V3_M": 86.96351832000001 }, "geometry": { "type": "Polygon", "coordinates": [ [ [ -0.9954376, 37.6142464 ], [ -0.9954382, 37.6142476 ], [ -0.9954384, 37.6142476 ], [ -0.9954951, 37.6142328 ], [ -0.9956741, 37.6141861 ], [ -0.9958203, 37.6141489 ], [ -0.9959207, 37.6141233 ], [ -0.996642, 37.6139449 ], [ -0.9966534, 37.6139416 ], [ -0.9967481, 37.6139138 ], [ -0.9968213, 37.6138989 ], [ -0.9968491, 37.6138976 ], [ -0.9968677, 37.6138982 ], [ -0.9968808, 37.6139 ], [ -0.9969296, 37.6139122 ], [ -0.996952, 37.6139211 ], [ -0.9969567, 37.6139229 ], [ -0.9972972, 37.6140586 ], [ -0.9973423, 37.6140766 ], [ -0.9973864, 37.6140942 ], [ -0.9975012, 37.61414 ], [ -0.997567, 37.6141661 ], [ -0.9982484, 37.6144376 ], [ -0.9986544, 37.6139108 ], [ -0.9986281, 37.6139002 ], [ -0.9986051, 37.6138928 ], [ -0.9985858, 37.6138853 ], [ -0.9985622, 37.6138759 ], [ -0.9985336, 37.6138653 ], [ -0.9984895, 37.6138489 ], [ -0.9984627, 37.613839 ], [ -0.9984343, 37.6138288 ], [ -0.9984106, 37.6138219 ], [ -0.9983757, 37.6138122 ], [ -0.9983378, 37.6137993 ], [ -0.9983121, 37.6137905 ], [ -0.9982878, 37.6137809 ], [ -0.9982675, 37.6137695 ], [ -0.9982433, 37.6137528 ], [ -0.9982209, 37.6137349 ], [ -0.998201, 37.6137153 ], [ -0.9981846, 37.6137005 ], [ -0.9981665, 37.6136824 ], [ -0.9981489, 37.6136655 ], [ -0.9981362, 37.6136537 ], [ -0.9981208, 37.613641 ], [ -0.998111, 37.6136316 ], [ -0.9980965, 37.6136167 ], [ -0.9980812, 37.6136006 ], [ -0.9980679, 37.6135878 ], [ -0.9980461, 37.6135677 ], [ -0.9980305, 37.613554 ], [ -0.998013, 37.613539 ], [ -0.9979943, 37.6135237 ], [ -0.9979737, 37.6135066 ], [ -0.9979539, 37.613489 ], [ -0.9979363, 37.6134737 ], [ -0.9979036, 37.6134459 ], [ -0.9978799, 37.6134244 ], [ -0.9978561, 37.6134036 ], [ -0.9978437, 37.613389 ], [ -0.9978307, 37.6133761 ], [ -0.9978136, 37.6133606 ], [ -0.9978, 37.6133492 ], [ -0.9977711, 37.6133231 ], [ -0.9977566, 37.6133107 ], [ -0.9977415, 37.6132974 ], [ -0.997726, 37.6132833 ], [ -0.9977089, 37.6132699 ], [ -0.9977009, 37.6132634 ], [ -0.9976941, 37.613258 ], [ -0.9976774, 37.6132427 ], [ -0.9976564, 37.6132241 ], [ -0.9976421, 37.6132108 ], [ -0.9976236, 37.6131941 ], [ -0.9975961, 37.6131681 ], [ -0.9975591, 37.6131389 ], [ -0.9975294, 37.6131165 ], [ -0.9975043, 37.6130963 ], [ -0.9974768, 37.6130732 ], [ -0.9974552, 37.6130545 ], [ -0.9974317, 37.613035 ], [ -0.9974121, 37.613019 ], [ -0.9973923, 37.6130023 ], [ -0.9973783, 37.6129916 ], [ -0.9973555, 37.6129738 ], [ -0.9973374, 37.6129613 ], [ -0.9973166, 37.6129487 ], [ -0.9973002, 37.6129414 ], [ -0.9972823, 37.6129296 ], [ -0.9972655, 37.6129184 ], [ -0.9972522, 37.6129089 ], [ -0.9972354, 37.6128957 ], [ -0.9972147, 37.612879 ], [ -0.9971908, 37.6128613 ], [ -0.9971689, 37.6128442 ], [ -0.9971507, 37.612831 ], [ -0.9971334, 37.612818 ], [ -0.9971118, 37.6128038 ], [ -0.9970919, 37.6127904 ], [ -0.9970694, 37.6127734 ], [ -0.9970498, 37.6127578 ], [ -0.9970282, 37.612741 ], [ -0.9970089, 37.6127247 ], [ -0.9969779, 37.6127013 ], [ -0.9969509, 37.6126814 ], [ -0.9969324, 37.6126656 ], [ -0.9969072, 37.6126464 ], [ -0.9968885, 37.6126323 ], [ -0.9968643, 37.6126126 ], [ -0.9968466, 37.6125991 ], [ -0.9968307, 37.6125879 ], [ -0.9968168, 37.6125747 ], [ -0.9968015, 37.6125625 ], [ -0.9967915, 37.6125536 ], [ -0.996775, 37.612539 ], [ -0.9967503, 37.6125187 ], [ -0.996708, 37.6124833 ], [ -0.9966714, 37.6124519 ], [ -0.9966275, 37.6124134 ], [ -0.9965843, 37.6123761 ], [ -0.9965372, 37.6123351 ], [ -0.9965048, 37.6123044 ], [ -0.996475, 37.6122774 ], [ -0.9964383, 37.6122448 ], [ -0.9964025, 37.6122151 ], [ -0.9963745, 37.6121898 ], [ -0.9963459, 37.612167 ], [ -0.9963201, 37.6121428 ], [ -0.9962889, 37.6121135 ], [ -0.9962598, 37.6120865 ], [ -0.9962261, 37.6120552 ], [ -0.9961923, 37.6120241 ], [ -0.9961671, 37.6120026 ], [ -0.9961397, 37.611979 ], [ -0.996117, 37.611959 ], [ -0.9961167, 37.6119589 ], [ -0.9960948, 37.6119429 ], [ -0.9960764, 37.6119246 ], [ -0.9960517, 37.6118993 ], [ -0.9960244, 37.6118741 ], [ -0.9960004, 37.6118492 ], [ -0.9959768, 37.6118247 ], [ -0.9959569, 37.6118051 ], [ -0.9959403, 37.6117842 ], [ -0.9959198, 37.6117599 ], [ -0.9959189, 37.6117584 ], [ -0.9958838, 37.6116961 ], [ -0.9958761, 37.6116834 ], [ -0.9943034, 37.6121704 ], [ -0.994256, 37.612185 ], [ -0.9942684, 37.6122104 ], [ -0.9943073, 37.6122892 ], [ -0.9943307, 37.6123366 ], [ -0.99435, 37.6123759 ], [ -0.9944307, 37.6125397 ], [ -0.9947633, 37.6132025 ], [ -0.9947689, 37.6132136 ], [ -0.9948009, 37.6132773 ], [ -0.9948531, 37.6133813 ], [ -0.9951119, 37.6139158 ], [ -0.9951793, 37.6140542 ], [ -0.9951814, 37.6140586 ], [ -0.9952111, 37.6141199 ], [ -0.9952269, 37.6141166 ], [ -0.9952488, 37.6141147 ], [ -0.9952726, 37.6141141 ], [ -0.9952992, 37.6141187 ], [ -0.9953272, 37.6141275 ], [ -0.9953487, 37.6141412 ], [ -0.9953655, 37.6141532 ], [ -0.9953788, 37.6141652 ], [ -0.9953893, 37.6141753 ], [ -0.9953912, 37.6141773 ], [ -0.9954027, 37.6141894 ], [ -0.9954178, 37.6142084 ], [ -0.9954278, 37.6142269 ], [ -0.9954376, 37.6142464 ] ] ] } },
{ "type": "Feature", "properties": { "CCAA": "14 - Región de Murcia", "PROVINCIA": "30 - Murcia", "MUNICIPIO": "30016 - Cartagena", "COD_MUNICIPIO": "30016", "DISTRITO": "03", "SECCION": "3001603035", "V1_H": 81.55, "V1_M": 86.88, "V2_H": 81.46298126000001, "V2_M": 86.741846, "V3_H": 81.68783029, "V3_M": 87.18580847 }, "geometry": { "type": "Polygon", "coordinates": [ [ [ -0.9895371, 37.6098342 ], [ -0.9895878, 37.6100054 ], [ -0.9897146, 37.6104503 ], [ -0.9897155, 37.6104534 ], [ -0.9904086, 37.6104233 ], [ -0.9903878, 37.6101941 ], [ -0.990289, 37.61019 ], [ -0.9902579, 37.6098115 ], [ -0.9902655, 37.6098113 ], [ -0.9905649, 37.6098019 ], [ -0.9910796, 37.6097854 ], [ -0.9912701, 37.609747 ], [ -0.9908527, 37.6086609 ], [ -0.9906515, 37.6086969 ], [ -0.9906106, 37.6086993 ], [ -0.9905647, 37.6087018 ], [ -0.9905061, 37.6087051 ], [ -0.9900178, 37.6087246 ], [ -0.9898293, 37.6087322 ], [ -0.9896041, 37.6087413 ], [ -0.9894054, 37.6087486 ], [ -0.9893446, 37.6087502 ], [ -0.9892787, 37.6087521 ], [ -0.9892222, 37.6087537 ], [ -0.9892288, 37.6087781 ], [ -0.9892649, 37.6089108 ], [ -0.9893875, 37.609326 ], [ -0.98947, 37.6096092 ], [ -0.9894806, 37.6096447 ], [ -0.9895319, 37.6098171 ], [ -0.9895342, 37.6098249 ], [ -0.9895371, 37.6098342 ] ] ] } },
{ "type": "Feature", "properties": { "CCAA": "14 - Región de Murcia", "PROVINCIA": "30 - Murcia", "MUNICIPIO": "30016 - Cartagena", "COD_MUNICIPIO": "30016", "DISTRITO": "04", "SECCION": "3001604002", "V1_H": 80.02, "V1_M": 86.02, "V2_H": 79.96138623, "V2_M": 86.18252023, "V3_H": 80.18726569, "V3_M": 86.15258899 }, "geometry": { "type": "Polygon", "coordinates": [ [ [ -0.9780632, 37.6138328 ], [ -0.9785392, 37.6139224 ], [ -0.9787956, 37.6139707 ], [ -0.979021, 37.6140137 ], [ -0.9792556, 37.6138113 ], [ -0.9795758, 37.6136027 ], [ -0.9799913, 37.6133319 ], [ -0.9800758, 37.6132938 ], [ -0.9804866, 37.6130131 ], [ -0.9804971, 37.613006 ], [ -0.9805484, 37.6129709 ], [ -0.981014, 37.6126527 ], [ -0.9810918, 37.6126072 ], [ -0.9811672, 37.6125744 ], [ -0.9811632, 37.6125691 ], [ -0.9811535, 37.6125436 ], [ -0.9811477, 37.6125435 ], [ -0.9811411, 37.6125417 ], [ -0.9811368, 37.6125384 ], [ -0.9811322, 37.6125339 ], [ -0.9810014, 37.6124294 ], [ -0.9808471, 37.6122829 ], [ -0.9806379, 37.6120876 ], [ -0.9798455, 37.6113477 ], [ -0.9797999, 37.6113051 ], [ -0.979642, 37.6111672 ], [ -0.9795215, 37.6110574 ], [ -0.9794284, 37.6109393 ], [ -0.9793691, 37.6107976 ], [ -0.9793591, 37.6107177 ], [ -0.9793518, 37.6106588 ], [ -0.9793471, 37.6105344 ], [ -0.9793464, 37.6105202 ], [ -0.9793497, 37.6104524 ], [ -0.9793431, 37.6103644 ], [ -0.9793415, 37.6101765 ], [ -0.9793396, 37.6101293 ], [ -0.9793275, 37.6098324 ], [ -0.9793259, 37.6097962 ], [ -0.9793067, 37.6093844 ], [ -0.9792611, 37.6089279 ], [ -0.9792553, 37.608928 ], [ -0.9788246, 37.60893 ], [ -0.9787668, 37.6089313 ], [ -0.9787024, 37.6089557 ], [ -0.9786837, 37.6089589 ], [ -0.9781797, 37.6089669 ], [ -0.9781342, 37.6089682 ], [ -0.9781074, 37.6089659 ], [ -0.9780867, 37.6089588 ], [ -0.9780669, 37.6089509 ], [ -0.9780435, 37.6089402 ], [ -0.9779504, 37.6088731 ], [ -0.9779616, 37.6090478 ], [ -0.9779561, 37.6091095 ], [ -0.977955, 37.609122 ], [ -0.9779523, 37.609151 ], [ -0.9779441, 37.6092579 ], [ -0.9779434, 37.6092673 ], [ -0.9779275, 37.6094605 ], [ -0.9779595, 37.610191 ], [ -0.9778777, 37.6121314 ], [ -0.9779049, 37.6123334 ], [ -0.9779309, 37.612428 ], [ -0.9779609, 37.6128316 ], [ -0.9780132, 37.6128585 ], [ -0.9780632, 37.6138328 ] ] ] } },
{ "type": "Feature", "properties": { "CCAA": "14 - Región de Murcia", "PROVINCIA": "30 - Murcia", "MUNICIPIO": "30016 - Cartagena", "COD_MUNICIPIO": "30016", "DISTRITO": "05", "SECCION": "3001605005", "V1_H": 75.48, "V1_M": 82.31, "V2_H": 75.36985678000001, "V2_M": 82.56533706, "V3_H": 75.8600571, "V3_M": 82.01450712 }, "geometry": { "type": "Polygon", "coordinates": [ [ [ -0.9603502, 37.6069381 ], [ -0.9616838, 37.6071094 ], [ -0.9620286, 37.6070048 ], [ -0.9664828, 37.6055724 ], [ -0.9669964, 37.6054074 ], [ -0.9670432, 37.6053923 ], [ -0.9689821, 37.6047821 ], [ -0.9695987, 37.6046008 ], [ -0.9697312, 37.6045649 ], [ -0.9698963, 37.6045169 ], [ -0.970075, 37.6044751 ], [ -0.970257, 37.6044372 ], [ -0.9703978, 37.6044136 ], [ -0.9705187, 37.6044006 ], [ -0.9706506, 37.6043837 ], [ -0.9707801, 37.6043708 ], [ -0.9709415, 37.6043521 ], [ -0.9711287, 37.6043399 ], [ -0.971336, 37.6043193 ], [ -0.9716518, 37.6042905 ], [ -0.9720306, 37.6042539 ], [ -0.9724898, 37.6042158 ], [ -0.9730409, 37.6041601 ], [ -0.973073, 37.6041569 ], [ -0.9732982, 37.604134 ], [ -0.9733678, 37.6041275 ], [ -0.9734347, 37.6041212 ], [ -0.9737866, 37.6041044 ], [ -0.973864, 37.6040958 ], [ -0.9745903, 37.6033946 ], [ -0.9746849, 37.6032917 ], [ -0.9747189, 37.6032548 ], [ -0.9747229, 37.6032508 ], [ -0.9749217, 37.6030251 ], [ -0.9752766, 37.602613 ], [ -0.9751536, 37.6025398 ], [ -0.9750655, 37.6025147 ], [ -0.9749668, 37.6024424 ], [ -0.9747008, 37.6021945 ], [ -0.9744738, 37.6019828 ], [ -0.9739374, 37.6021206 ], [ -0.9737468, 37.6021695 ], [ -0.9737261, 37.6021694 ], [ -0.9736992, 37.6021678 ], [ -0.9736727, 37.6021538 ], [ -0.9736604, 37.6021421 ], [ -0.9732482, 37.6021743 ], [ -0.9729137, 37.6021774 ], [ -0.9727743, 37.6021993 ], [ -0.9727446, 37.6020562 ], [ -0.9726779, 37.6020394 ], [ -0.9725546, 37.6021422 ], [ -0.9725488, 37.6021406 ], [ -0.972498, 37.6021269 ], [ -0.9724253, 37.6020995 ], [ -0.9723979, 37.602094 ], [ -0.9723535, 37.6021064 ], [ -0.9722885, 37.6021181 ], [ -0.9722431, 37.6022184 ], [ -0.9721872, 37.6023066 ], [ -0.9721661, 37.6023464 ], [ -0.972137, 37.6023851 ], [ -0.9721294, 37.6024213 ], [ -0.9720798, 37.6024523 ], [ -0.9720462, 37.6024691 ], [ -0.971908, 37.6023279 ], [ -0.9718687, 37.6022843 ], [ -0.9718552, 37.6022623 ], [ -0.9718321, 37.6022367 ], [ -0.9717012, 37.6022384 ], [ -0.9716788, 37.6022388 ], [ -0.9715817, 37.6023623 ], [ -0.9715724, 37.6023412 ], [ -0.971332, 37.6023951 ], [ -0.9713703, 37.6024596 ], [ -0.9707586, 37.6027015 ], [ -0.9707202, 37.6027168 ], [ -0.9700887, 37.6029593 ], [ -0.970024, 37.6029842 ], [ -0.9696788, 37.603134 ], [ -0.9696224, 37.6031577 ], [ -0.9695721, 37.6031789 ], [ -0.9690686, 37.6033908 ], [ -0.9689172, 37.6029298 ], [ -0.9688789, 37.602944 ], [ -0.9687655, 37.6029998 ], [ -0.9686892, 37.6030373 ], [ -0.9685625, 37.602899 ], [ -0.9684753, 37.6028038 ], [ -0.9684509, 37.6025588 ], [ -0.9678362, 37.6026015 ], [ -0.9676704, 37.6025733 ], [ -0.9676341, 37.6028759 ], [ -0.9676231, 37.6028769 ], [ -0.9675061, 37.6028871 ], [ -0.9668875, 37.6029411 ], [ -0.9668814, 37.6029416 ], [ -0.9666997, 37.6030497 ], [ -0.9666982, 37.6030506 ], [ -0.9667724, 37.6036373 ], [ -0.962268, 37.6038646 ], [ -0.9606894, 37.6039443 ], [ -0.9603502, 37.6069381 ] ] ] } },
{ "type": "Feature", "properties": { "CCAA": "14 - Región de Murcia", "PROVINCIA": "30 - Murcia", "MUNICIPIO": "30016 - Cartagena", "COD_MUNICIPIO": "30016", "DISTRITO": "06", "SECCION": "3001606001", "V1_H": 79.86, "V1_M": 85.62, "V2_H": 79.74592797, "V2_M": 85.80311169, "V3_H": 80.14073418, "V3_M": 85.57864485 }, "geometry": { "type": "Polygon", "coordinates": [ [ [ -0.8351295, 37.689694 ], [ -0.8364747, 37.6891019 ], [ -0.8381438, 37.6903391 ], [ -0.8395386, 37.6898895 ], [ -0.8390918, 37.6894939 ], [ -0.8382989, 37.688704 ], [ -0.8374735, 37.6875932 ], [ -0.8369544, 37.6863493 ], [ -0.8360202, 37.6854888 ], [ -0.8378088, 37.6835677 ], [ -0.8382417, 37.6835166 ], [ -0.8386897, 37.6834428 ], [ -0.8394126, 37.6828805 ], [ -0.839736, 37.6822325 ], [ -0.8394696, 37.681599 ], [ -0.8395128, 37.6811645 ], [ -0.8399693, 37.6804038 ], [ -0.8406303, 37.6791079 ], [ -0.8418378, 37.6782319 ], [ -0.8420872, 37.6789453 ], [ -0.842991, 37.6789924 ], [ -0.8447558, 37.6790746 ], [ -0.8455546, 37.6792576 ], [ -0.8466783, 37.6796054 ], [ -0.8476913, 37.6798258 ], [ -0.8489713, 37.6802331 ], [ -0.8499726, 37.6803731 ], [ -0.851217, 37.6801159 ], [ -0.8522868, 37.6803598 ], [ -0.8535467, 37.6805035 ], [ -0.8547336, 37.6806805 ], [ -0.8560627, 37.6804701 ], [ -0.8566071, 37.6800884 ], [ -0.8575706, 37.6796324 ], [ -0.8591307, 37.6789559 ], [ -0.8603864, 37.6787902 ], [ -0.8621513, 37.678437 ], [ -0.864056, 37.6782002 ], [ -0.8653374, 37.6781265 ], [ -0.8665757, 37.6780521 ], [ -0.867495, 37.6776298 ], [ -0.8689181, 37.6771802 ], [ -0.8692372, 37.6770445 ], [ -0.8693185, 37.6754912 ], [ -0.8694203, 37.6741415 ], [ -0.8693079, 37.6731897 ], [ -0.8691177, 37.6724198 ], [ -0.8691799, 37.6714017 ], [ -0.8690992, 37.6699236 ], [ -0.8688498, 37.6683286 ], [ -0.868662, 37.6664807 ], [ -0.8684739, 37.6641477 ], [ -0.8681755, 37.6612194 ], [ -0.8677097, 37.6565083 ], [ -0.8674625, 37.6536966 ], [ -0.8673691, 37.6525084 ], [ -0.8672218, 37.6518528 ], [ -0.8671189, 37.6495659 ], [ -0.8671375, 37.6494431 ], [ -0.86666, 37.6494785 ], [ -0.8661652, 37.6495697 ], [ -0.8658256, 37.6496519 ], [ -0.864813, 37.6497111 ], [ -0.8645122, 37.6497756 ], [ -0.864027, 37.6498796 ], [ -0.8630264, 37.6501218 ], [ -0.8624663, 37.6502258 ], [ -0.8619282, 37.6503622 ], [ -0.8616047, 37.6504248 ], [ -0.8615999, 37.6503959 ], [ -0.8615008, 37.6504384 ], [ -0.8612256, 37.6504743 ], [ -0.8613804, 37.6510494 ], [ -0.8609658, 37.6511645 ], [ -0.8611717, 37.6517541 ], [ -0.8602576, 37.6519555 ], [ -0.8603043, 37.6521199 ], [ -0.8596075, 37.6519165 ], [ -0.8593775, 37.6515717 ], [ -0.8588625, 37.6516032 ], [ -0.8588146, 37.6514797 ], [ -0.8585398, 37.651502 ], [ -0.8584892, 37.6514738 ], [ -0.8581447, 37.6515357 ], [ -0.8581419, 37.651631 ], [ -0.8579345, 37.6516953 ], [ -0.8578165, 37.6516251 ], [ -0.8572991, 37.6517383 ], [ -0.8573127, 37.6518612 ], [ -0.8570523, 37.6519791 ], [ -0.8567759, 37.6520558 ], [ -0.8566607, 37.6518902 ], [ -0.8563018, 37.6518564 ], [ -0.8559281, 37.6517406 ], [ -0.8557432, 37.6516146 ], [ -0.8557152, 37.6513961 ], [ -0.8555094, 37.6508065 ], [ -0.8541313, 37.6510539 ], [ -0.8538653, 37.650177 ], [ -0.8537977, 37.649549 ], [ -0.8537651, 37.6488944 ], [ -0.8538205, 37.6481597 ], [ -0.8538451, 37.6479012 ], [ -0.8539409, 37.6475487 ], [ -0.8540714, 37.6471832 ], [ -0.8556113, 37.6472657 ], [ -0.8572882, 37.6473507 ], [ -0.8587603, 37.6474047 ], [ -0.8596864, 37.6473806 ], [ -0.8609702, 37.6474312 ], [ -0.8611106, 37.6474565 ], [ -0.8611092, 37.6474484 ], [ -0.8626197, 37.6476007 ], [ -0.8626604, 37.6465292 ], [ -0.8626745, 37.6456801 ], [ -0.8626847, 37.6456077 ], [ -0.8626728, 37.6455902 ], [ -0.8626772, 37.6454357 ], [ -0.8623588, 37.6445841 ], [ -0.8621468, 37.6440072 ], [ -0.8616459, 37.6436975 ], [ -0.8606011, 37.6430425 ], [ -0.8602563, 37.6428056 ], [ -0.8602402, 37.6424596 ], [ -0.8583828, 37.6423416 ], [ -0.8578974, 37.6423108 ], [ -0.8569509, 37.6422632 ], [ -0.8554729, 37.6417846 ], [ -0.8537263, 37.6416112 ], [ -0.8524043, 37.641627 ], [ -0.850697, 37.6415687 ], [ -0.8482691, 37.6415804 ], [ -0.8469506, 37.6414931 ], [ -0.8460884, 37.6415039 ], [ -0.8460275, 37.6415154 ], [ -0.8455825, 37.6415998 ], [ -0.8453205, 37.6425694 ], [ -0.845119, 37.6434482 ], [ -0.8442782, 37.6445469 ], [ -0.8436444, 37.6454654 ], [ -0.8428886, 37.6461646 ], [ -0.8421037, 37.6468749 ], [ -0.8414283, 37.647747 ], [ -0.8411074, 37.6487615 ], [ -0.8409277, 37.6494116 ], [ -0.8409782, 37.6504886 ], [ -0.8411163, 37.651521 ], [ -0.8412856, 37.6529088 ], [ -0.8415898, 37.6545619 ], [ -0.8416909, 37.6554106 ], [ -0.8398601, 37.6556022 ], [ -0.8380332, 37.6561031 ], [ -0.836381, 37.6565377 ], [ -0.8348773, 37.6568255 ], [ -0.834092, 37.6571121 ], [ -0.832765, 37.6577001 ], [ -0.8312452, 37.6584685 ], [ -0.8301662, 37.6589455 ], [ -0.8285268, 37.6589909 ], [ -0.8273996, 37.6587573 ], [ -0.825992, 37.6587487 ], [ -0.8245759, 37.6589918 ], [ -0.823728, 37.6594262 ], [ -0.822276, 37.6590277 ], [ -0.8217651, 37.6588371 ], [ -0.8202906, 37.6595374 ], [ -0.8191418, 37.6603797 ], [ -0.8177182, 37.6616989 ], [ -0.8162403, 37.6629257 ], [ -0.8149117, 37.6639829 ], [ -0.8135253, 37.6653888 ], [ -0.8145006, 37.6656215 ], [ -0.8150293, 37.6661636 ], [ -0.8148542, 37.6667291 ], [ -0.8253513, 37.6752844 ], [ -0.8266574, 37.6783021 ], [ -0.8276299, 37.6795816 ], [ -0.8289024, 37.6826043 ], [ -0.8346473, 37.6874158 ], [ -0.8348678, 37.6891856 ], [ -0.8351295, 37.689694 ] ] ] } },
{ "type": "Feature", "properties": { "CCAA": "14 - Región de Murcia", "PROVINCIA": "30 - Murcia", "MUNICIPIO": "30016 - Cartagena", "COD_MUNICIPIO": "30016", "DISTRITO": "06", "SECCION": "3001606008", "V1_H": 81.04, "V1_M": 86.55, "V2_H": 80.90626992, "V2_M": 86.32523903000001, "V3_H": 81.22678782, "V3_M": 86.81274177 }, "geometry": { "type": "Polygon", "coordinates": [ [ [ -0.7142072, 37.617895 ], [ -0.7135133, 37.6180614 ], [ -0.7134325, 37.6173755 ], [ -0.7127447, 37.6172636 ], [ -0.7115991, 37.6173033 ], [ -0.7117811, 37.6176589 ], [ -0.7108527, 37.6183787 ], [ -0.7106689, 37.6191778 ], [ -0.7096319, 37.6197433 ], [ -0.7093739, 37.6207662 ], [ -0.7082598, 37.6205277 ], [ -0.7083358, 37.6221147 ], [ -0.707758, 37.6224836 ], [ -0.706497, 37.6237122 ], [ -0.7034141, 37.6259501 ], [ -0.7036966, 37.6272881 ], [ -0.7037502, 37.6275422 ], [ -0.7023062, 37.6276942 ], [ -0.703037, 37.6286265 ], [ -0.7023278, 37.6295787 ], [ -0.7004807, 37.6295962 ], [ -0.7022949, 37.6299019 ], [ -0.7006611, 37.631095 ], [ -0.6990046, 37.630415 ], [ -0.6982883, 37.6308769 ], [ -0.6971604, 37.6310548 ], [ -0.696047, 37.6307881 ], [ -0.6959706, 37.6299671 ], [ -0.6951497, 37.6304917 ], [ -0.6937535, 37.630211 ], [ -0.6936418, 37.6309044 ], [ -0.6924216, 37.6311424 ], [ -0.6920331, 37.6319712 ], [ -0.6907174, 37.6323791 ], [ -0.6888186, 37.6326037 ], [ -0.6881256, 37.6337419 ], [ -0.689848, 37.6330098 ], [ -0.6897332, 37.6338016 ], [ -0.6889635, 37.6341273 ], [ -0.6891875, 37.6345822 ], [ -0.6886343, 37.6356077 ], [ -0.6891205, 37.6367437 ], [ -0.6909369, 37.6362668 ], [ -0.6918345, 37.6347242 ], [ -0.6932423, 37.6350053 ], [ -0.6933403, 37.634413 ], [ -0.6941863, 37.6345365 ], [ -0.6950282, 37.6337054 ], [ -0.6956248, 37.6341958 ], [ -0.6965466, 37.6325832 ], [ -0.697426, 37.632744 ], [ -0.70289, 37.6352388 ], [ -0.7054804, 37.6376942 ], [ -0.7078777, 37.6399662 ], [ -0.7094212, 37.6410068 ], [ -0.7094618, 37.6410517 ], [ -0.7117389, 37.6396627 ], [ -0.7109469, 37.6391237 ], [ -0.7111631, 37.6390407 ], [ -0.7142246, 37.6386409 ], [ -0.7150719, 37.6392589 ], [ -0.7162413, 37.6395433 ], [ -0.7170824, 37.6397984 ], [ -0.7180604, 37.6391417 ], [ -0.718306, 37.6388742 ], [ -0.7183197, 37.6387867 ], [ -0.7186465, 37.6385735 ], [ -0.7196464, 37.6378333 ], [ -0.7199906, 37.6378623 ], [ -0.7201598, 37.6379667 ], [ -0.7212432, 37.6388392 ], [ -0.721827, 37.6390878 ], [ -0.7219842, 37.6391043 ], [ -0.7221154, 37.6390486 ], [ -0.7224374, 37.6386472 ], [ -0.7227329, 37.6381917 ], [ -0.7232762, 37.6371811 ], [ -0.7233842, 37.637186 ], [ -0.7234937, 37.6367928 ], [ -0.7237845, 37.6363025 ], [ -0.7244413, 37.6356094 ], [ -0.7249601, 37.635114 ], [ -0.7254397, 37.6347226 ], [ -0.7252877, 37.6345957 ], [ -0.7260728, 37.6340196 ], [ -0.7263946, 37.634083 ], [ -0.728061, 37.6329229 ], [ -0.7251874, 37.6311985 ], [ -0.7251404, 37.631169 ], [ -0.7247194, 37.6312085 ], [ -0.7246304, 37.6301959 ], [ -0.7272082, 37.6298164 ], [ -0.7275554, 37.6294416 ], [ -0.7303492, 37.6291047 ], [ -0.7301049, 37.628355 ], [ -0.7300829, 37.6282791 ], [ -0.7300721, 37.6282344 ], [ -0.7298869, 37.6276965 ], [ -0.7296832, 37.6270148 ], [ -0.7294927, 37.6264273 ], [ -0.7293258, 37.6259086 ], [ -0.729307, 37.6259103 ], [ -0.7267873, 37.6261493 ], [ -0.7208381, 37.6266776 ], [ -0.7164855, 37.6271268 ], [ -0.7161618, 37.6261143 ], [ -0.716407, 37.6252593 ], [ -0.7164234, 37.624378 ], [ -0.7170442, 37.62346 ], [ -0.7170932, 37.6228768 ], [ -0.7163477, 37.6224304 ], [ -0.7149655, 37.6221232 ], [ -0.7140299, 37.6213648 ], [ -0.7137338, 37.620387 ], [ -0.7142072, 37.617895 ] ] ] } },
{ "type": "Feature", "properties": { "CCAA": "14 - Región de Murcia", "PROVINCIA": "30 - Murcia", "MUNICIPIO": "30016 - Cartagena", "COD_MUNICIPIO": "30016", "DISTRITO": "03", "SECCION": "3001603017", "V1_H": 80.38, "V1_M": 86.41, "V2_H": 80.21151379, "V2_M": 86.36716419, "V3_H": 80.6951312, "V3_M": 86.59024448 }, "geometry": { "type": "Polygon", "coordinates": [ [ [ -0.9886227, 37.6125052 ], [ -0.988626, 37.6125225 ], [ -0.9886297, 37.6125426 ], [ -0.988648, 37.6126074 ], [ -0.9886613, 37.6126541 ], [ -0.9886868, 37.6127448 ], [ -0.9886885, 37.612753 ], [ -0.9886901, 37.6127606 ], [ -0.9887245, 37.6129278 ], [ -0.9887428, 37.6130171 ], [ -0.9887562, 37.6130824 ], [ -0.9887621, 37.6131113 ], [ -0.9887748, 37.6131729 ], [ -0.9887863, 37.6132285 ], [ -0.988794, 37.613266 ], [ -0.9888228, 37.6134064 ], [ -0.9899991, 37.6132161 ], [ -0.9899978, 37.6132108 ], [ -0.9899775, 37.613132 ], [ -0.9899345, 37.6129648 ], [ -0.9898193, 37.612541 ], [ -0.9898168, 37.6125409 ], [ -0.9895155, 37.6113757 ], [ -0.989515, 37.6113758 ], [ -0.9892446, 37.611427 ], [ -0.9889923, 37.6114752 ], [ -0.9885979, 37.6115507 ], [ -0.9884361, 37.6115753 ], [ -0.9884655, 37.6117175 ], [ -0.9885769, 37.6122608 ], [ -0.9886227, 37.6125052 ] ] ] } },
{ "type": "Feature", "properties": { "CCAA": "14 - Región de Murcia", "PROVINCIA": "30 - Murcia", "MUNICIPIO": "30016 - Cartagena", "COD_MUNICIPIO": "30016", "DISTRITO": "03", "SECCION": "3001603030", "V1_H": 80.53, "V1_M": 86.43, "V2_H": 80.43347749, "V2_M": 86.30479166000001, "V3_H": 80.8868878, "V3_M": 86.74881461 }, "geometry": { "type": "Polygon", "coordinates": [ [ [ -0.9867243, 37.6117952 ], [ -0.9867663, 37.6121963 ], [ -0.9868021, 37.6125399 ], [ -0.9868055, 37.6125751 ], [ -0.9886227, 37.6125052 ], [ -0.9885769, 37.6122608 ], [ -0.9884655, 37.6117175 ], [ -0.9884361, 37.6115753 ], [ -0.9880914, 37.6116277 ], [ -0.9876099, 37.6116893 ], [ -0.987582, 37.611693 ], [ -0.9867243, 37.6117952 ] ] ] } },
{ "type": "Feature", "properties": { "CCAA": "14 - Región de Murcia", "PROVINCIA": "30 - Murcia", "MUNICIPIO": "30016 - Cartagena", "COD_MUNICIPIO": "30016", "DISTRITO": "03", "SECCION": "3001603032", "V1_H": 81.72, "V1_M": 86.96, "V2_H": 81.44760383000001, "V2_M": 86.83587728000001, "V3_H": 82.03657934, "V3_M": 87.26058658 }, "geometry": { "type": "Polygon", "coordinates": [ [ [ -0.98655, 37.6099177 ], [ -0.9865531, 37.6099457 ], [ -0.9895371, 37.6098342 ], [ -0.9895342, 37.6098249 ], [ -0.9895319, 37.6098171 ], [ -0.9894806, 37.6096447 ], [ -0.98947, 37.6096092 ], [ -0.9893875, 37.609326 ], [ -0.9892649, 37.6089108 ], [ -0.9892288, 37.6087781 ], [ -0.9892222, 37.6087537 ], [ -0.9891556, 37.6087556 ], [ -0.9890245, 37.6087593 ], [ -0.9889949, 37.6087602 ], [ -0.9889066, 37.6087627 ], [ -0.9888975, 37.608763 ], [ -0.9885452, 37.6087754 ], [ -0.9884616, 37.6087783 ], [ -0.9882504, 37.6087858 ], [ -0.9881038, 37.6087906 ], [ -0.9880583, 37.6087922 ], [ -0.987857, 37.6087988 ], [ -0.9876527, 37.6088056 ], [ -0.9876505, 37.6088057 ], [ -0.9876074, 37.6088073 ], [ -0.9875815, 37.6088083 ], [ -0.9869443, 37.6088311 ], [ -0.986441, 37.6088487 ], [ -0.9864539, 37.6089565 ], [ -0.986481, 37.6091801 ], [ -0.9864877, 37.6092368 ], [ -0.986496, 37.6093576 ], [ -0.9865006, 37.6094256 ], [ -0.9865067, 37.6095156 ], [ -0.9865099, 37.6095639 ], [ -0.9865141, 37.6095999 ], [ -0.9865193, 37.6096464 ], [ -0.9865255, 37.6097012 ], [ -0.9865298, 37.6097389 ], [ -0.98655, 37.6099177 ] ] ] } },
{ "type": "Feature", "properties": { "CCAA": "14 - Región de Murcia", "PROVINCIA": "30 - Murcia", "MUNICIPIO": "30016 - Cartagena", "COD_MUNICIPIO": "30016", "DISTRITO": "05", "SECCION": "3001605007", "V1_H": 77.6, "V1_M": 83.87, "V2_H": 77.77347434000001, "V2_M": 84.06024086, "V3_H": 77.45781126, "V3_M": 83.80561047 }, "geometry": { "type": "Polygon", "coordinates": [ [ [ -0.9672326, 37.5968351 ], [ -0.9680755, 37.5973774 ], [ -0.9685987, 37.5977536 ], [ -0.9694939, 37.5981171 ], [ -0.9696235, 37.5982004 ], [ -0.9705128, 37.5983487 ], [ -0.9705618, 37.5982418 ], [ -0.9707101, 37.5982961 ], [ -0.9707446, 37.5982479 ], [ -0.9707815, 37.5982075 ], [ -0.9708394, 37.5981323 ], [ -0.9711896, 37.5978602 ], [ -0.9713407, 37.597746 ], [ -0.9713864, 37.5977213 ], [ -0.9714468, 37.5976863 ], [ -0.9714899, 37.5976698 ], [ -0.9717475, 37.5976314 ], [ -0.9719295, 37.5976085 ], [ -0.9722891, 37.5975627 ], [ -0.9725253, 37.5975017 ], [ -0.9727609, 37.5974247 ], [ -0.9728343, 37.5973996 ], [ -0.9732266, 37.59706 ], [ -0.9736304, 37.5968427 ], [ -0.9736927, 37.5967952 ], [ -0.9739288, 37.5967469 ], [ -0.9739271, 37.5967439 ], [ -0.9739093, 37.5966301 ], [ -0.9738313, 37.5961326 ], [ -0.9736756, 37.5952428 ], [ -0.9736139, 37.5948279 ], [ -0.9733688, 37.5933276 ], [ -0.9727249, 37.593394 ], [ -0.9729099, 37.5945526 ], [ -0.971823, 37.5946648 ], [ -0.971339, 37.5938148 ], [ -0.9713872, 37.5935718 ], [ -0.9714374, 37.5935743 ], [ -0.971527, 37.5928855 ], [ -0.9730305, 37.5929684 ], [ -0.9732519, 37.5929893 ], [ -0.9732852, 37.5929932 ], [ -0.973322, 37.5930024 ], [ -0.9733707, 37.5930164 ], [ -0.9734296, 37.5930341 ], [ -0.9734759, 37.5930486 ], [ -0.9735941, 37.59309 ], [ -0.9737404, 37.5928558 ], [ -0.9752639, 37.5903502 ], [ -0.9757946, 37.5894794 ], [ -0.9756149, 37.5893988 ], [ -0.9757203, 37.5893394 ], [ -0.9756084, 37.5892755 ], [ -0.9755333, 37.5892346 ], [ -0.9754934, 37.5892178 ], [ -0.9753812, 37.5893409 ], [ -0.9750505, 37.5891509 ], [ -0.9752779, 37.5888353 ], [ -0.9752766, 37.5888352 ], [ -0.9772297, 37.5852921 ], [ -0.9787548, 37.5824879 ], [ -0.9771311, 37.5809928 ], [ -0.9761986, 37.5815513 ], [ -0.9752869, 37.5813385 ], [ -0.9746376, 37.580229 ], [ -0.9751297, 37.5800572 ], [ -0.9762573, 37.5785333 ], [ -0.975135, 37.57692 ], [ -0.972116, 37.5767499 ], [ -0.9711034, 37.575696 ], [ -0.9693356, 37.5753164 ], [ -0.9706717, 37.5740665 ], [ -0.9689275, 37.5736675 ], [ -0.9665921, 37.5754579 ], [ -0.9653524, 37.5744001 ], [ -0.9640923, 37.574459 ], [ -0.9630934, 37.5750912 ], [ -0.9620934, 37.5758567 ], [ -0.9612684, 37.5765329 ], [ -0.9605697, 37.5768444 ], [ -0.9592584, 37.5774684 ], [ -0.9584108, 37.5779497 ], [ -0.957615, 37.5781568 ], [ -0.9571356, 37.5778871 ], [ -0.9563621, 37.5773847 ], [ -0.9555177, 37.5768583 ], [ -0.9548399, 37.5765059 ], [ -0.9540645, 37.5765186 ], [ -0.953142, 37.5757393 ], [ -0.9524641, 37.5749403 ], [ -0.9522478, 37.5749718 ], [ -0.9513191, 37.5748451 ], [ -0.9505254, 37.5749834 ], [ -0.9499895, 37.5742321 ], [ -0.9492555, 37.5738446 ], [ -0.9483206, 37.5739124 ], [ -0.9473177, 37.5743114 ], [ -0.9461086, 37.5748793 ], [ -0.9447901, 37.5752741 ], [ -0.9437594, 37.5760963 ], [ -0.9424767, 37.5767205 ], [ -0.9411538, 37.5772526 ], [ -0.9396473, 37.5776906 ], [ -0.9384277, 37.5781324 ], [ -0.9376601, 37.5783512 ], [ -0.9370361, 37.5790185 ], [ -0.9371264, 37.5797869 ], [ -0.9370397, 37.5802552 ], [ -0.9371606, 37.5808954 ], [ -0.9373773, 37.5809237 ], [ -0.9381789, 37.5814382 ], [ -0.9390537, 37.5814613 ], [ -0.9401162, 37.5818991 ], [ -0.9404904, 37.5823162 ], [ -0.9406948, 37.583109 ], [ -0.9404994, 37.5838392 ], [ -0.9405854, 37.5847449 ], [ -0.9408753, 37.5851037 ], [ -0.9413072, 37.5850637 ], [ -0.9418619, 37.5847733 ], [ -0.9423657, 37.5842762 ], [ -0.9428864, 37.5836991 ], [ -0.9436676, 37.5835034 ], [ -0.9442476, 37.5833164 ], [ -0.9448197, 37.5833812 ], [ -0.9456838, 37.5832896 ], [ -0.9460268, 37.5828819 ], [ -0.9468032, 37.5823884 ], [ -0.9472152, 37.5825198 ], [ -0.9475034, 37.5829358 ], [ -0.9475824, 37.5836124 ], [ -0.9481238, 37.5841921 ], [ -0.9486774, 37.5848406 ], [ -0.9496484, 37.5854488 ], [ -0.9505002, 37.5857463 ], [ -0.9518533, 37.5860733 ], [ -0.9536669, 37.5859139 ], [ -0.9544405, 37.5859585 ], [ -0.9557666, 37.5857813 ], [ -0.9566332, 37.5856094 ], [ -0.9571105, 37.5859478 ], [ -0.9563108, 37.5867273 ], [ -0.9556008, 37.5873936 ], [ -0.9547728, 37.5881613 ], [ -0.9550644, 37.588713 ], [ -0.9541839, 37.589081 ], [ -0.9540186, 37.5891353 ], [ -0.9589951, 37.5926671 ], [ -0.9590121, 37.5926792 ], [ -0.9591703, 37.5927917 ], [ -0.9594234, 37.5929718 ], [ -0.9595031, 37.5930288 ], [ -0.9597564, 37.5932081 ], [ -0.9598558, 37.593278 ], [ -0.9600316, 37.5934017 ], [ -0.9600916, 37.5934414 ], [ -0.9601277, 37.5934609 ], [ -0.9601975, 37.5934989 ], [ -0.9602558, 37.5935255 ], [ -0.9603047, 37.5935449 ], [ -0.9603623, 37.5935652 ], [ -0.9604219, 37.5935802 ], [ -0.9604367, 37.5935837 ], [ -0.9605966, 37.5936227 ], [ -0.9610853, 37.5937417 ], [ -0.961411, 37.5938178 ], [ -0.9615711, 37.5938609 ], [ -0.961666, 37.5938942 ], [ -0.9617528, 37.5939258 ], [ -0.9618339, 37.5939606 ], [ -0.9620625, 37.594068 ], [ -0.9623775, 37.5942213 ], [ -0.9624741, 37.5942628 ], [ -0.9624868, 37.5942681 ], [ -0.9627293, 37.5943687 ], [ -0.9627936, 37.5943958 ], [ -0.9628893, 37.5944364 ], [ -0.9629035, 37.5944429 ], [ -0.9633508, 37.5946511 ], [ -0.9638119, 37.5948551 ], [ -0.9639032, 37.5949017 ], [ -0.9640349, 37.5949643 ], [ -0.9642626, 37.5950902 ], [ -0.9646445, 37.5953075 ], [ -0.9649795, 37.5954908 ], [ -0.9650983, 37.5955581 ], [ -0.9657732, 37.5959407 ], [ -0.9658298, 37.5959729 ], [ -0.9668474, 37.5965365 ], [ -0.9670816, 37.5966906 ], [ -0.967258, 37.5968094 ], [ -0.9672326, 37.5968351 ] ] ] } },
{ "type": "Feature", "properties": { "CCAA": "14 - Región de Murcia", "PROVINCIA": "30 - Murcia", "MUNICIPIO": "30016 - Cartagena", "COD_MUNICIPIO": "30016", "DISTRITO": "05", "SECCION": "3001605009", "V1_H": 75.48, "V1_M": 82.31, "V2_H": 75.36985678000001, "V2_M": 82.56533706, "V3_H": 75.8600571, "V3_M": 82.01450712 }, "geometry": { "type": "Polygon", "coordinates": [ [ [ -0.9540186, 37.5891353 ], [ -0.9519066, 37.5898296 ], [ -0.9505608, 37.5897203 ], [ -0.9488961, 37.5897098 ], [ -0.9474292, 37.5902515 ], [ -0.9458359, 37.5911579 ], [ -0.9448623, 37.5919809 ], [ -0.9448436, 37.5930226 ], [ -0.9446634, 37.5941767 ], [ -0.9450221, 37.595086 ], [ -0.9459569, 37.5959342 ], [ -0.9468714, 37.5965188 ], [ -0.9479011, 37.5970934 ], [ -0.9491124, 37.5973728 ], [ -0.9506758, 37.5974163 ], [ -0.9523325, 37.5972321 ], [ -0.9541786, 37.5969586 ], [ -0.9556311, 37.5968747 ], [ -0.9574589, 37.596727 ], [ -0.9578074, 37.5967656 ], [ -0.9593329, 37.5969348 ], [ -0.9596168, 37.5970146 ], [ -0.961377, 37.5978748 ], [ -0.9612227, 37.5992373 ], [ -0.9613844, 37.5992196 ], [ -0.9615365, 37.5993557 ], [ -0.9618462, 37.5994279 ], [ -0.962537, 37.5995924 ], [ -0.9630496, 37.5996966 ], [ -0.9634783, 37.5997994 ], [ -0.9641184, 37.5998266 ], [ -0.9644617, 37.5994252 ], [ -0.9647615, 37.5995777 ], [ -0.9651094, 37.5991875 ], [ -0.9653118, 37.5989588 ], [ -0.9653263, 37.5989424 ], [ -0.9655854, 37.5986495 ], [ -0.9657645, 37.598447 ], [ -0.9657752, 37.598435 ], [ -0.9657892, 37.5984193 ], [ -0.9665006, 37.5976231 ], [ -0.9667102, 37.5973915 ], [ -0.9667376, 37.5973613 ], [ -0.9670092, 37.5970612 ], [ -0.9672326, 37.5968351 ], [ -0.967258, 37.5968094 ], [ -0.9670816, 37.5966906 ], [ -0.9668474, 37.5965365 ], [ -0.9658298, 37.5959729 ], [ -0.9657732, 37.5959407 ], [ -0.9650983, 37.5955581 ], [ -0.9649795, 37.5954908 ], [ -0.9646445, 37.5953075 ], [ -0.9642626, 37.5950902 ], [ -0.9640349, 37.5949643 ], [ -0.9639032, 37.5949017 ], [ -0.9638119, 37.5948551 ], [ -0.9633508, 37.5946511 ], [ -0.9629035, 37.5944429 ], [ -0.9628893, 37.5944364 ], [ -0.9627936, 37.5943958 ], [ -0.9627293, 37.5943687 ], [ -0.9624868, 37.5942681 ], [ -0.9624741, 37.5942628 ], [ -0.9623775, 37.5942213 ], [ -0.9620625, 37.594068 ], [ -0.9618339, 37.5939606 ], [ -0.9617528, 37.5939258 ], [ -0.961666, 37.5938942 ], [ -0.9615711, 37.5938609 ], [ -0.961411, 37.5938178 ], [ -0.9610853, 37.5937417 ], [ -0.9605966, 37.5936227 ], [ -0.9604367, 37.5935837 ], [ -0.9604219, 37.5935802 ], [ -0.9603623, 37.5935652 ], [ -0.9603047, 37.5935449 ], [ -0.9602558, 37.5935255 ], [ -0.9601975, 37.5934989 ], [ -0.9601277, 37.5934609 ], [ -0.9600916, 37.5934414 ], [ -0.9600316, 37.5934017 ], [ -0.9598558, 37.593278 ], [ -0.9597564, 37.5932081 ], [ -0.9595031, 37.5930288 ], [ -0.9594234, 37.5929718 ], [ -0.9591703, 37.5927917 ], [ -0.9590121, 37.5926792 ], [ -0.9589951, 37.5926671 ], [ -0.9540186, 37.5891353 ] ] ] } },
{ "type": "Feature", "properties": { "CCAA": "14 - Región de Murcia", "PROVINCIA": "30 - Murcia", "MUNICIPIO": "30016 - Cartagena", "COD_MUNICIPIO": "30016", "DISTRITO": "06", "SECCION": "3001606013", "V1_H": 79.73, "V1_M": 85.7, "V2_H": 79.65450701, "V2_M": 85.67937417, "V3_H": 79.92768478000001, "V3_M": 85.93517811 }, "geometry": { "type": "Polygon", "coordinates": [ [ [ -0.7249504, 37.6372569 ], [ -0.7249995, 37.6371986 ], [ -0.7250836, 37.6371059 ], [ -0.7251218, 37.6370661 ], [ -0.7251648, 37.6370223 ], [ -0.7252007, 37.6369814 ], [ -0.7252338, 37.6369404 ], [ -0.725272, 37.6369015 ], [ -0.7253265, 37.6368476 ], [ -0.7255398, 37.636613 ], [ -0.7256731, 37.6364708 ], [ -0.7259837, 37.6361794 ], [ -0.7261787, 37.6359978 ], [ -0.7262553, 37.6359244 ], [ -0.726328, 37.635858 ], [ -0.7264599, 37.6357395 ], [ -0.7266671, 37.6355639 ], [ -0.7267605, 37.6354886 ], [ -0.7268808, 37.6353885 ], [ -0.726909, 37.635368 ], [ -0.7269437, 37.6353396 ], [ -0.7269937, 37.6353025 ], [ -0.7271206, 37.6352202 ], [ -0.7272563, 37.6351304 ], [ -0.7273935, 37.6350376 ], [ -0.7275052, 37.6349649 ], [ -0.7276009, 37.6349002 ], [ -0.727687, 37.6348407 ], [ -0.727766, 37.6347851 ], [ -0.7278381, 37.6347392 ], [ -0.7278926, 37.6347055 ], [ -0.7279288, 37.6346794 ], [ -0.7279772, 37.6346528 ], [ -0.728017, 37.6346328 ], [ -0.7280626, 37.6346038 ], [ -0.7281068, 37.6345693 ], [ -0.7281653, 37.6345289 ], [ -0.7282196, 37.6344897 ], [ -0.7283138, 37.63443 ], [ -0.7283822, 37.6343955 ], [ -0.7284743, 37.6343518 ], [ -0.7285623, 37.6343085 ], [ -0.7286479, 37.6342667 ], [ -0.7287398, 37.6342158 ], [ -0.7288011, 37.6341851 ], [ -0.7288649, 37.6341514 ], [ -0.7289447, 37.634109 ], [ -0.7290252, 37.634068 ], [ -0.7291001, 37.6340301 ], [ -0.7292545, 37.6339568 ], [ -0.729413, 37.633883 ], [ -0.7295046, 37.633838 ], [ -0.7295828, 37.6338029 ], [ -0.7296518, 37.6337699 ], [ -0.7297456, 37.6337258 ], [ -0.7298092, 37.6337029 ], [ -0.729858, 37.6336884 ], [ -0.7298751, 37.6336826 ], [ -0.7299506, 37.6336538 ], [ -0.7300037, 37.6336334 ], [ -0.7300674, 37.633612 ], [ -0.7301221, 37.6335953 ], [ -0.7301751, 37.633574 ], [ -0.7302479, 37.6335442 ], [ -0.7304605, 37.6334722 ], [ -0.7305504, 37.6334445 ], [ -0.7306268, 37.63342 ], [ -0.7307209, 37.633391 ], [ -0.7307745, 37.633372 ], [ -0.7308633, 37.6333433 ], [ -0.730905, 37.633332 ], [ -0.7309301, 37.6333257 ], [ -0.730966, 37.6333142 ], [ -0.7310078, 37.6333012 ], [ -0.731065, 37.6332814 ], [ -0.7311305, 37.6332651 ], [ -0.7311934, 37.6332533 ], [ -0.7312229, 37.6332517 ], [ -0.7312493, 37.6332458 ], [ -0.7312587, 37.6332421 ], [ -0.731271, 37.6332389 ], [ -0.7312919, 37.6332374 ], [ -0.7313121, 37.6332378 ], [ -0.7313676, 37.6332523 ], [ -0.731379, 37.6332555 ], [ -0.7313869, 37.6332654 ], [ -0.7313911, 37.6332738 ], [ -0.7313961, 37.6332764 ], [ -0.7314033, 37.6332711 ], [ -0.7314067, 37.6332635 ], [ -0.7314116, 37.6332586 ], [ -0.731423, 37.6332599 ], [ -0.7314353, 37.6332664 ], [ -0.7314405, 37.633268 ], [ -0.7314472, 37.6332604 ], [ -0.7314563, 37.6332539 ], [ -0.731469, 37.6332508 ], [ -0.7314692, 37.6332507 ], [ -0.7314959, 37.6332463 ], [ -0.7315077, 37.6332431 ], [ -0.731516, 37.6332393 ], [ -0.7315141, 37.6332222 ], [ -0.7315008, 37.6331955 ], [ -0.7314888, 37.6331748 ], [ -0.7314804, 37.6331622 ], [ -0.7314749, 37.6331482 ], [ -0.731466, 37.6331248 ], [ -0.7314602, 37.6331163 ], [ -0.7314557, 37.6331056 ], [ -0.7314541, 37.6330946 ], [ -0.7314563, 37.6330868 ], [ -0.7314652, 37.633073 ], [ -0.7314733, 37.6330636 ], [ -0.7314894, 37.6330546 ], [ -0.7315176, 37.6330364 ], [ -0.7315271, 37.6330221 ], [ -0.7315342, 37.6330104 ], [ -0.7315387, 37.633002 ], [ -0.7315424, 37.6329993 ], [ -0.7315511, 37.6329992 ], [ -0.7315714, 37.6329963 ], [ -0.7315915, 37.6329884 ], [ -0.731608, 37.6329826 ], [ -0.7316198, 37.6329776 ], [ -0.7316271, 37.6329728 ], [ -0.7316332, 37.6329676 ], [ -0.7316384, 37.632965 ], [ -0.7316715, 37.6329663 ], [ -0.7316875, 37.632966 ], [ -0.7317443, 37.6329416 ], [ -0.7317869, 37.6329235 ], [ -0.7318392, 37.6329072 ], [ -0.7319058, 37.632884 ], [ -0.7320415, 37.6328425 ], [ -0.7321962, 37.6327925 ], [ -0.7322534, 37.6327722 ], [ -0.7323157, 37.6327517 ], [ -0.7323737, 37.632738 ], [ -0.7324129, 37.6327276 ], [ -0.7324782, 37.6327075 ], [ -0.7325415, 37.6326898 ], [ -0.7325883, 37.6326774 ], [ -0.7326481, 37.6326627 ], [ -0.7327053, 37.6326513 ], [ -0.7327537, 37.6326416 ], [ -0.7328, 37.6326296 ], [ -0.7328464, 37.6326167 ], [ -0.7329015, 37.6326015 ], [ -0.7329455, 37.6325884 ], [ -0.7329824, 37.6325798 ], [ -0.7330094, 37.632572 ], [ -0.7330364, 37.6325635 ], [ -0.7330928, 37.6325489 ], [ -0.7331297, 37.6325429 ], [ -0.7331512, 37.6325388 ], [ -0.7331744, 37.6325331 ], [ -0.7332471, 37.6325213 ], [ -0.7332851, 37.6325126 ], [ -0.7333226, 37.632504 ], [ -0.7333755, 37.6324955 ], [ -0.7334215, 37.6324886 ], [ -0.733473, 37.6324772 ], [ -0.7335553, 37.6324598 ], [ -0.7337194, 37.6324258 ], [ -0.7338257, 37.6324032 ], [ -0.7339198, 37.6323822 ], [ -0.7339746, 37.6323719 ], [ -0.7340467, 37.6323517 ], [ -0.7341148, 37.6323434 ], [ -0.7341821, 37.6323341 ], [ -0.7342623, 37.6323248 ], [ -0.7343224, 37.6323133 ], [ -0.734351, 37.6323071 ], [ -0.7343862, 37.6322965 ], [ -0.7344493, 37.6322834 ], [ -0.7345087, 37.6322743 ], [ -0.7346275, 37.6322527 ], [ -0.7347097, 37.6322403 ], [ -0.7350148, 37.6321864 ], [ -0.7352432, 37.6321522 ], [ -0.7354169, 37.6321359 ], [ -0.7356475, 37.6321336 ], [ -0.7356717, 37.6321325 ], [ -0.735712, 37.6321244 ], [ -0.7357556, 37.632116 ], [ -0.735914, 37.6320835 ], [ -0.735979, 37.6320753 ], [ -0.7361093, 37.632067 ], [ -0.7364409, 37.6320357 ], [ -0.7366174, 37.6320223 ], [ -0.7367764, 37.6320274 ], [ -0.7368656, 37.6320253 ], [ -0.7369334, 37.6320334 ], [ -0.7369702, 37.6320363 ], [ -0.7369989, 37.6320368 ], [ -0.7370285, 37.6320272 ], [ -0.7370845, 37.6320202 ], [ -0.7371551, 37.6320173 ], [ -0.7375733, 37.6320067 ], [ -0.7378748, 37.6320038 ], [ -0.7380909, 37.6320141 ], [ -0.7382525, 37.6320119 ], [ -0.7384125, 37.6320211 ], [ -0.7385065, 37.6320341 ], [ -0.7386645, 37.6320544 ], [ -0.7388532, 37.6320689 ], [ -0.7390936, 37.6320754 ], [ -0.7393028, 37.6320933 ], [ -0.7394266, 37.6321039 ], [ -0.7398883, 37.6321434 ], [ -0.7400767, 37.6321682 ], [ -0.7407758, 37.6324322 ], [ -0.7415811, 37.6329499 ], [ -0.7477887, 37.6347818 ], [ -0.7497675, 37.6368022 ], [ -0.7507204, 37.6371442 ], [ -0.7511953, 37.638305 ], [ -0.7499844, 37.639735 ], [ -0.7512083, 37.6420113 ], [ -0.7534284, 37.6416735 ], [ -0.7598894, 37.6423653 ], [ -0.7606685, 37.6436052 ], [ -0.7623118, 37.6432224 ], [ -0.7633269, 37.6445033 ], [ -0.7666751, 37.6454933 ], [ -0.7667878, 37.646253 ], [ -0.7717836, 37.6471051 ], [ -0.7737217, 37.6486203 ], [ -0.7738833, 37.648558 ], [ -0.7746841, 37.6467721 ], [ -0.7753175, 37.6459142 ], [ -0.7754844, 37.6454099 ], [ -0.7756507, 37.6449298 ], [ -0.7760657, 37.6442611 ], [ -0.7768494, 37.6434544 ], [ -0.7773756, 37.6421112 ], [ -0.7773669, 37.6413862 ], [ -0.7775554, 37.6401575 ], [ -0.7778351, 37.6389305 ], [ -0.7778921, 37.6380375 ], [ -0.7778804, 37.6374091 ], [ -0.7781067, 37.6369543 ], [ -0.7783336, 37.6364753 ], [ -0.7783748, 37.6361136 ], [ -0.7783292, 37.6356054 ], [ -0.7782821, 37.6351454 ], [ -0.7782343, 37.6347096 ], [ -0.7783644, 37.6344221 ], [ -0.7786102, 37.6343301 ], [ -0.7790093, 37.6341926 ], [ -0.7794112, 37.6339586 ], [ -0.7795124, 37.6336222 ], [ -0.7795015, 37.6329696 ], [ -0.7794551, 37.6324855 ], [ -0.7794999, 37.6320031 ], [ -0.7794521, 37.6315673 ], [ -0.7790167, 37.6308825 ], [ -0.778755, 37.630491 ], [ -0.7786761, 37.6300787 ], [ -0.7787866, 37.6294284 ], [ -0.7788566, 37.6290039 ], [ -0.7778053, 37.6288336 ], [ -0.7772721, 37.6287357 ], [ -0.776955, 37.6287924 ], [ -0.7766271, 37.6286859 ], [ -0.7762203, 37.6285779 ], [ -0.7756417, 37.6284165 ], [ -0.773669, 37.6279403 ], [ -0.7724619, 37.6277043 ], [ -0.7722586, 37.6226022 ], [ -0.7683527, 37.622602 ], [ -0.7613324, 37.6225555 ], [ -0.7588187, 37.6225755 ], [ -0.7556427, 37.6230664 ], [ -0.7515599, 37.6232004 ], [ -0.7468876, 37.6237719 ], [ -0.7432864, 37.6240959 ], [ -0.7387664, 37.6248297 ], [ -0.7331411, 37.6255466 ], [ -0.7293258, 37.6259086 ], [ -0.7294927, 37.6264273 ], [ -0.7296832, 37.6270148 ], [ -0.7298869, 37.6276965 ], [ -0.7300721, 37.6282344 ], [ -0.7300829, 37.6282791 ], [ -0.7301049, 37.628355 ], [ -0.7303492, 37.6291047 ], [ -0.7275554, 37.6294416 ], [ -0.7272082, 37.6298164 ], [ -0.7246304, 37.6301959 ], [ -0.7247194, 37.6312085 ], [ -0.7251404, 37.631169 ], [ -0.7251874, 37.6311985 ], [ -0.728061, 37.6329229 ], [ -0.7263946, 37.634083 ], [ -0.7260728, 37.6340196 ], [ -0.7252877, 37.6345957 ], [ -0.7254397, 37.6347226 ], [ -0.7249601, 37.635114 ], [ -0.7244413, 37.6356094 ], [ -0.7237845, 37.6363025 ], [ -0.7234937, 37.6367928 ], [ -0.7233842, 37.637186 ], [ -0.7249504, 37.6372569 ] ] ] } },
{ "type": "Feature", "properties": { "CCAA": "14 - Región de Murcia", "PROVINCIA": "30 - Murcia", "MUNICIPIO": "30016 - Cartagena", "COD_MUNICIPIO": "30016", "DISTRITO": "06", "SECCION": "3001606016", "V1_H": 80.06, "V1_M": 86.09, "V2_H": 79.80248703, "V2_M": 86.14116428, "V3_H": 80.46064959, "V3_M": 86.17412372 }, "geometry": { "type": "Polygon", "coordinates": [ [ [ -0.7200208, 37.6533937 ], [ -0.7201071, 37.6534968 ], [ -0.720101, 37.6535035 ], [ -0.7200939, 37.6535093 ], [ -0.7200838, 37.6535164 ], [ -0.7200802, 37.6535195 ], [ -0.7200708, 37.653527 ], [ -0.7200583, 37.6535354 ], [ -0.7200465, 37.653544 ], [ -0.720043, 37.6535457 ], [ -0.7200318, 37.6535528 ], [ -0.7200212, 37.6535584 ], [ -0.7200083, 37.6535651 ], [ -0.7200019, 37.6535681 ], [ -0.7199877, 37.6535764 ], [ -0.719973, 37.6535853 ], [ -0.7199623, 37.6535933 ], [ -0.7199503, 37.6536049 ], [ -0.7199409, 37.653612 ], [ -0.7199242, 37.6536254 ], [ -0.7199153, 37.653633 ], [ -0.719904, 37.6536424 ], [ -0.7198946, 37.6536486 ], [ -0.7198862, 37.6536543 ], [ -0.7198715, 37.6536637 ], [ -0.7198575, 37.6536706 ], [ -0.7198427, 37.6536785 ], [ -0.7198309, 37.6536856 ], [ -0.719822, 37.6536932 ], [ -0.719816, 37.6537018 ], [ -0.71981, 37.6537075 ], [ -0.7198033, 37.6537143 ], [ -0.719788, 37.6537254 ], [ -0.7197756, 37.6537329 ], [ -0.7197638, 37.6537395 ], [ -0.719755, 37.6537448 ], [ -0.7197373, 37.6537577 ], [ -0.7197283, 37.6537657 ], [ -0.7197164, 37.6537769 ], [ -0.7197086, 37.6537859 ], [ -0.7196997, 37.6537917 ], [ -0.7196932, 37.6537957 ], [ -0.719679, 37.6538063 ], [ -0.7196659, 37.6538156 ], [ -0.7196576, 37.6538246 ], [ -0.7196504, 37.6538309 ], [ -0.7196462, 37.6538349 ], [ -0.7196302, 37.6538473 ], [ -0.7196189, 37.6538558 ], [ -0.7196059, 37.6538651 ], [ -0.7195948, 37.6538704 ], [ -0.7195849, 37.6538752 ], [ -0.7195766, 37.65388 ], [ -0.71956, 37.6538911 ], [ -0.719547, 37.6539 ], [ -0.7195339, 37.6539102 ], [ -0.7195262, 37.6539164 ], [ -0.7195179, 37.6539236 ], [ -0.7195085, 37.6539307 ], [ -0.7194959, 37.6539405 ], [ -0.7194835, 37.6539503 ], [ -0.7194804, 37.6539544 ], [ -0.7194645, 37.653965 ], [ -0.7194504, 37.6539725 ], [ -0.719437, 37.6539791 ], [ -0.7194236, 37.6539829 ], [ -0.7194078, 37.6539861 ], [ -0.7193986, 37.6539882 ], [ -0.7193747, 37.6539941 ], [ -0.7193585, 37.6539983 ], [ -0.7193427, 37.654003 ], [ -0.7193299, 37.6540068 ], [ -0.7193135, 37.6540142 ], [ -0.7193012, 37.6540199 ], [ -0.7192936, 37.6540229 ], [ -0.719279, 37.6540299 ], [ -0.7192748, 37.6540344 ], [ -0.719256, 37.6540422 ], [ -0.7192408, 37.6540478 ], [ -0.7192296, 37.6540535 ], [ -0.7192162, 37.6540596 ], [ -0.7192061, 37.6540658 ], [ -0.7191956, 37.654072 ], [ -0.7191885, 37.6540754 ], [ -0.7191825, 37.6540808 ], [ -0.719166, 37.6540909 ], [ -0.7191507, 37.6541021 ], [ -0.7191376, 37.6541123 ], [ -0.7191288, 37.6541181 ], [ -0.7191169, 37.6541256 ], [ -0.7191028, 37.6541353 ], [ -0.7190927, 37.6541434 ], [ -0.7190791, 37.6541527 ], [ -0.7190686, 37.6541579 ], [ -0.7190496, 37.6541708 ], [ -0.7190419, 37.6541757 ], [ -0.7190325, 37.6541809 ], [ -0.7190319, 37.6541824 ], [ -0.7190172, 37.6541911 ], [ -0.7190065, 37.6542001 ], [ -0.7189981, 37.6542081 ], [ -0.7189944, 37.654214 ], [ -0.7189901, 37.6542216 ], [ -0.7189869, 37.6542303 ], [ -0.7189825, 37.6542403 ], [ -0.7189799, 37.6542458 ], [ -0.718978, 37.6542521 ], [ -0.7189754, 37.6542594 ], [ -0.7189745, 37.6542662 ], [ -0.718975, 37.6542699 ], [ -0.71898, 37.6542769 ], [ -0.7189866, 37.6542821 ], [ -0.7189929, 37.6542855 ], [ -0.7189957, 37.6542846 ], [ -0.7189988, 37.6542833 ], [ -0.7190057, 37.6542831 ], [ -0.7190109, 37.6542832 ], [ -0.7190142, 37.654285 ], [ -0.7190141, 37.6542892 ], [ -0.7190121, 37.6542941 ], [ -0.7190061, 37.6543032 ], [ -0.7189971, 37.6543107 ], [ -0.7189882, 37.6543184 ], [ -0.718971, 37.6543299 ], [ -0.7189628, 37.6543361 ], [ -0.7189515, 37.654345 ], [ -0.7189414, 37.654353 ], [ -0.7189306, 37.6543638 ], [ -0.7189234, 37.6543705 ], [ -0.7189104, 37.6543807 ], [ -0.7188962, 37.654391 ], [ -0.7188832, 37.6544002 ], [ -0.7188702, 37.6544087 ], [ -0.718859, 37.6544171 ], [ -0.7188406, 37.6544295 ], [ -0.7188217, 37.6544414 ], [ -0.7188028, 37.6544543 ], [ -0.7187833, 37.6544681 ], [ -0.7187655, 37.654481 ], [ -0.7187478, 37.6544943 ], [ -0.7187329, 37.6545054 ], [ -0.718718, 37.6545211 ], [ -0.7187083, 37.6545323 ], [ -0.7187059, 37.6545346 ], [ -0.7186976, 37.6545413 ], [ -0.7186898, 37.654547 ], [ -0.7186853, 37.6545493 ], [ -0.7186735, 37.6545558 ], [ -0.7186722, 37.6545562 ], [ -0.7186646, 37.6545616 ], [ -0.718654, 37.6545678 ], [ -0.7186528, 37.6545691 ], [ -0.7186475, 37.6545721 ], [ -0.7186374, 37.6545788 ], [ -0.7186357, 37.6545797 ], [ -0.7186263, 37.6545841 ], [ -0.7186174, 37.6545925 ], [ -0.7186108, 37.6545961 ], [ -0.7185984, 37.6546054 ], [ -0.718595, 37.6546072 ], [ -0.7185824, 37.6546184 ], [ -0.7185818, 37.6546193 ], [ -0.7185728, 37.6546269 ], [ -0.718557, 37.6546365 ], [ -0.718551, 37.6546414 ], [ -0.718541, 37.6546481 ], [ -0.7185292, 37.6546565 ], [ -0.7185256, 37.6546591 ], [ -0.7185185, 37.6546636 ], [ -0.7184996, 37.6546765 ], [ -0.7184878, 37.6546835 ], [ -0.7184788, 37.654693 ], [ -0.7184776, 37.6546934 ], [ -0.7184722, 37.6546992 ], [ -0.7184621, 37.6547077 ], [ -0.7184497, 37.6547175 ], [ -0.7184467, 37.6547193 ], [ -0.7184359, 37.6547304 ], [ -0.718433, 37.6547332 ], [ -0.718424, 37.6547412 ], [ -0.7184132, 37.654751 ], [ -0.7184091, 37.6547546 ], [ -0.7184013, 37.6547622 ], [ -0.7183947, 37.654768 ], [ -0.7183865, 37.6547747 ], [ -0.7183764, 37.6547827 ], [ -0.7183728, 37.6547853 ], [ -0.7183657, 37.6547907 ], [ -0.7183527, 37.6548 ], [ -0.7183508, 37.6548013 ], [ -0.7183426, 37.6548086 ], [ -0.7183331, 37.6548156 ], [ -0.7183182, 37.6548272 ], [ -0.7183153, 37.6548294 ], [ -0.7183052, 37.6548365 ], [ -0.7182915, 37.6548495 ], [ -0.7182909, 37.6548499 ], [ -0.7182825, 37.6548566 ], [ -0.7182743, 37.6548633 ], [ -0.7182625, 37.6548713 ], [ -0.7182513, 37.6548779 ], [ -0.7182483, 37.6548796 ], [ -0.7182429, 37.6548832 ], [ -0.7182325, 37.6548894 ], [ -0.7182241, 37.6548947 ], [ -0.7182205, 37.6548978 ], [ -0.7182134, 37.6549037 ], [ -0.7182075, 37.6549081 ], [ -0.7181993, 37.6549134 ], [ -0.718191, 37.6549182 ], [ -0.7181845, 37.6549231 ], [ -0.7181716, 37.6549315 ], [ -0.7181691, 37.6549328 ], [ -0.718161, 37.6549363 ], [ -0.7181521, 37.6549407 ], [ -0.7181433, 37.654946 ], [ -0.718135, 37.6549504 ], [ -0.7181281, 37.6549515 ], [ -0.7181252, 37.6549529 ], [ -0.7181152, 37.6549572 ], [ -0.718107, 37.6549607 ], [ -0.7180995, 37.6549647 ], [ -0.7180884, 37.6549667 ], [ -0.7180767, 37.6549715 ], [ -0.7180685, 37.6549755 ], [ -0.7180527, 37.6549801 ], [ -0.7180499, 37.6549805 ], [ -0.7180388, 37.6549834 ], [ -0.7180266, 37.6549859 ], [ -0.7180191, 37.6549867 ], [ -0.7180091, 37.6549892 ], [ -0.7179977, 37.6549884 ], [ -0.7179874, 37.6549873 ], [ -0.7179817, 37.6549877 ], [ -0.7179781, 37.654988 ], [ -0.7179718, 37.6549869 ], [ -0.7179632, 37.6549868 ], [ -0.7179592, 37.6549876 ], [ -0.7179535, 37.6549869 ], [ -0.717946, 37.6549872 ], [ -0.7179321, 37.6549869 ], [ -0.7179252, 37.6549867 ], [ -0.7179126, 37.6549846 ], [ -0.7179104, 37.6549846 ], [ -0.7178943, 37.6549828 ], [ -0.7178828, 37.6549821 ], [ -0.7178713, 37.6549809 ], [ -0.7178626, 37.6549803 ], [ -0.7178552, 37.6549796 ], [ -0.7178443, 37.6549785 ], [ -0.7178363, 37.6549773 ], [ -0.71783, 37.6549768 ], [ -0.7178231, 37.6549767 ], [ -0.7178184, 37.6549775 ], [ -0.7178161, 37.6549783 ], [ -0.7178091, 37.6549804 ], [ -0.7177992, 37.6549847 ], [ -0.7177933, 37.6549874 ], [ -0.7177885, 37.6549905 ], [ -0.7177833, 37.6549931 ], [ -0.7177762, 37.6549967 ], [ -0.7177751, 37.6549971 ], [ -0.7177663, 37.655001 ], [ -0.7177558, 37.6550044 ], [ -0.7177459, 37.6550073 ], [ -0.7177377, 37.6550109 ], [ -0.717726, 37.6550165 ], [ -0.7177189, 37.6550218 ], [ -0.7177082, 37.6550307 ], [ -0.7176986, 37.6550393 ], [ -0.7176909, 37.6550465 ], [ -0.7176879, 37.65505 ], [ -0.7176813, 37.6550572 ], [ -0.7176753, 37.655063 ], [ -0.7176675, 37.6550706 ], [ -0.717658, 37.6550787 ], [ -0.7176478, 37.6550881 ], [ -0.7176425, 37.6550939 ], [ -0.7176346, 37.6551015 ], [ -0.7176269, 37.6551082 ], [ -0.7176151, 37.6551166 ], [ -0.7176086, 37.655122 ], [ -0.7176032, 37.6551279 ], [ -0.7175954, 37.655135 ], [ -0.7175888, 37.6551408 ], [ -0.7175824, 37.6551457 ], [ -0.7175746, 37.655151 ], [ -0.7175681, 37.6551554 ], [ -0.7175616, 37.6551613 ], [ -0.7175515, 37.6551688 ], [ -0.7175444, 37.6551732 ], [ -0.7175397, 37.6551768 ], [ -0.7175325, 37.6551825 ], [ -0.7175249, 37.6551879 ], [ -0.7175142, 37.6551945 ], [ -0.7175049, 37.6551998 ], [ -0.7174931, 37.6552074 ], [ -0.7174848, 37.6552122 ], [ -0.7174753, 37.6552175 ], [ -0.7174671, 37.6552223 ], [ -0.7174577, 37.6552271 ], [ -0.7174489, 37.6552316 ], [ -0.7174384, 37.6552359 ], [ -0.717428, 37.6552397 ], [ -0.7174203, 37.6552423 ], [ -0.7174075, 37.6552466 ], [ -0.7173998, 37.6552501 ], [ -0.7173904, 37.6552535 ], [ -0.717384, 37.6552562 ], [ -0.7173683, 37.6552612 ], [ -0.7173567, 37.6552646 ], [ -0.7173398, 37.6552694 ], [ -0.7173316, 37.655271 ], [ -0.7173166, 37.6552733 ], [ -0.7173039, 37.6552753 ], [ -0.7173027, 37.6552753 ], [ -0.7172911, 37.655276 ], [ -0.7172791, 37.6552752 ], [ -0.7172654, 37.6552745 ], [ -0.7172624, 37.6552739 ], [ -0.7172475, 37.6552731 ], [ -0.717232, 37.6552723 ], [ -0.7172176, 37.6552706 ], [ -0.7172038, 37.6552699 ], [ -0.7172027, 37.6552698 ], [ -0.7171878, 37.6552691 ], [ -0.717173, 37.655265 ], [ -0.717169, 37.655264 ], [ -0.7171542, 37.6552595 ], [ -0.7171423, 37.6552546 ], [ -0.7171405, 37.6552537 ], [ -0.7171259, 37.6552447 ], [ -0.7171197, 37.65524 ], [ -0.7171159, 37.6552366 ], [ -0.7171025, 37.6552276 ], [ -0.7170974, 37.6552225 ], [ -0.7170968, 37.6552225 ], [ -0.7170892, 37.6552117 ], [ -0.7170855, 37.6552034 ], [ -0.717083, 37.6551923 ], [ -0.7170815, 37.6551854 ], [ -0.7170812, 37.6551771 ], [ -0.7170819, 37.6551758 ], [ -0.7170863, 37.6551653 ], [ -0.7170895, 37.6551567 ], [ -0.7170916, 37.655149 ], [ -0.7170928, 37.6551444 ], [ -0.7170929, 37.6551412 ], [ -0.7170946, 37.6551298 ], [ -0.717095, 37.6551197 ], [ -0.7170952, 37.6551142 ], [ -0.7170951, 37.655101 ], [ -0.7170937, 37.6550922 ], [ -0.7170932, 37.6550889 ], [ -0.7170869, 37.6550732 ], [ -0.7170831, 37.6550663 ], [ -0.7170805, 37.6550598 ], [ -0.7170762, 37.655051 ], [ -0.7170724, 37.6550449 ], [ -0.7170719, 37.6550445 ], [ -0.7170637, 37.6550296 ], [ -0.71706, 37.6550217 ], [ -0.7170579, 37.6550153 ], [ -0.7170561, 37.6550069 ], [ -0.7170562, 37.655002 ], [ -0.7170593, 37.6549965 ], [ -0.71706, 37.6549915 ], [ -0.7170614, 37.654986 ], [ -0.7170621, 37.6549823 ], [ -0.7170591, 37.6549695 ], [ -0.7170537, 37.654962 ], [ -0.7170509, 37.6549596 ], [ -0.7170427, 37.6549476 ], [ -0.7170405, 37.6549443 ], [ -0.7170297, 37.654927 ], [ -0.7170274, 37.654923 ], [ -0.7170193, 37.6549104 ], [ -0.7170117, 37.654901 ], [ -0.7170077, 37.6548959 ], [ -0.7170002, 37.6548824 ], [ -0.7169987, 37.6548782 ], [ -0.7169966, 37.6548732 ], [ -0.7169941, 37.6548621 ], [ -0.7169944, 37.6548557 ], [ -0.7169968, 37.6548488 ], [ -0.7170016, 37.6548435 ], [ -0.717007, 37.654839 ], [ -0.7170124, 37.654835 ], [ -0.7170177, 37.6548306 ], [ -0.7170213, 37.6548274 ], [ -0.7170238, 37.6548238 ], [ -0.7170271, 37.6548224 ], [ -0.71703, 37.6548204 ], [ -0.7170575, 37.6548134 ], [ -0.7170599, 37.6548082 ], [ -0.7170571, 37.6548007 ], [ -0.7170502, 37.6547947 ], [ -0.7170403, 37.6547914 ], [ -0.7169562, 37.6548072 ], [ -0.7169555, 37.6548067 ], [ -0.7169514, 37.6548038 ], [ -0.7169485, 37.6548024 ], [ -0.7169474, 37.6548006 ], [ -0.7169458, 37.6547977 ], [ -0.7169436, 37.6547953 ], [ -0.7169426, 37.6547917 ], [ -0.7169404, 37.6547893 ], [ -0.7169372, 37.6547838 ], [ -0.7169334, 37.6547787 ], [ -0.71693, 37.6547735 ], [ -0.7169284, 37.6547707 ], [ -0.7169246, 37.6547669 ], [ -0.7169205, 37.654766 ], [ -0.7169143, 37.6547658 ], [ -0.7169061, 37.6547661 ], [ -0.7168991, 37.6547691 ], [ -0.7168938, 37.6547727 ], [ -0.7168902, 37.6547763 ], [ -0.71689, 37.6547813 ], [ -0.7168899, 37.6547855 ], [ -0.7168902, 37.6547914 ], [ -0.7168907, 37.6547955 ], [ -0.7168909, 37.6548024 ], [ -0.7168906, 37.6548134 ], [ -0.7168891, 37.6548207 ], [ -0.7168871, 37.654828 ], [ -0.7168853, 37.6548325 ], [ -0.7168811, 37.6548365 ], [ -0.7168763, 37.6548405 ], [ -0.7168692, 37.6548454 ], [ -0.7168615, 37.6548493 ], [ -0.7168515, 37.6548565 ], [ -0.7168455, 37.6548609 ], [ -0.7168379, 37.6548658 ], [ -0.7168342, 37.6548698 ], [ -0.7168282, 37.654877 ], [ -0.716824, 37.6548829 ], [ -0.7168202, 37.6548892 ], [ -0.7168173, 37.6548937 ], [ -0.7168136, 37.6548991 ], [ -0.7168094, 37.6549046 ], [ -0.7168057, 37.6549095 ], [ -0.7168049, 37.6549164 ], [ -0.7168051, 37.6549247 ], [ -0.7168077, 37.6549325 ], [ -0.7168098, 37.6549385 ], [ -0.716813, 37.6549468 ], [ -0.7168144, 37.6549528 ], [ -0.7168182, 37.6549607 ], [ -0.7168204, 37.654964 ], [ -0.7168225, 37.6549681 ], [ -0.7168229, 37.6549727 ], [ -0.716821, 37.6549759 ], [ -0.7168158, 37.6549785 ], [ -0.7168098, 37.6549839 ], [ -0.7168055, 37.6549915 ], [ -0.7168063, 37.6549989 ], [ -0.7168091, 37.6550026 ], [ -0.7168157, 37.655012 ], [ -0.7168163, 37.655012 ], [ -0.7168212, 37.6550181 ], [ -0.7168237, 37.6550287 ], [ -0.7168232, 37.6550419 ], [ -0.7168223, 37.6550493 ], [ -0.7168219, 37.6550616 ], [ -0.7168202, 37.6550758 ], [ -0.7168204, 37.6550854 ], [ -0.7168219, 37.6550923 ], [ -0.7168225, 37.6551065 ], [ -0.716823, 37.655108 ], [ -0.7168271, 37.6551217 ], [ -0.7168266, 37.6551333 ], [ -0.7168265, 37.6551373 ], [ -0.7168268, 37.655146 ], [ -0.7168269, 37.6551562 ], [ -0.7168264, 37.6551717 ], [ -0.7168263, 37.655174 ], [ -0.7168278, 37.6551799 ], [ -0.7168315, 37.6551883 ], [ -0.7168375, 37.6551958 ], [ -0.7168412, 37.6552051 ], [ -0.7168433, 37.6552111 ], [ -0.7168482, 37.6552166 ], [ -0.7168519, 37.6552273 ], [ -0.7168532, 37.6552383 ], [ -0.7168522, 37.6552484 ], [ -0.7168501, 37.6552575 ], [ -0.7168482, 37.6552661 ], [ -0.7168473, 37.6552721 ], [ -0.7168436, 37.6552785 ], [ -0.716837, 37.6552852 ], [ -0.7168327, 37.6552938 ], [ -0.7168324, 37.6553006 ], [ -0.7168346, 37.6553048 ], [ -0.716839, 37.6553086 ], [ -0.716843, 37.6553101 ], [ -0.7168554, 37.6553186 ], [ -0.7168593, 37.6553219 ], [ -0.7168699, 37.6553295 ], [ -0.7168726, 37.6553328 ], [ -0.7168794, 37.6553389 ], [ -0.7168837, 37.6553449 ], [ -0.7168851, 37.6553532 ], [ -0.7168893, 37.6553662 ], [ -0.7168915, 37.6553685 ], [ -0.7168936, 37.6553754 ], [ -0.7168961, 37.6553841 ], [ -0.7169015, 37.6553934 ], [ -0.7169057, 37.6554036 ], [ -0.7169083, 37.6554115 ], [ -0.716907, 37.6554156 ], [ -0.716905, 37.6554233 ], [ -0.7169036, 37.6554283 ], [ -0.7169038, 37.6554389 ], [ -0.7169065, 37.6554449 ], [ -0.7169131, 37.655451 ], [ -0.7169137, 37.6554515 ], [ -0.7169194, 37.6554534 ], [ -0.7169268, 37.6554555 ], [ -0.7169359, 37.6554557 ], [ -0.7169428, 37.6554577 ], [ -0.716949, 37.6554615 ], [ -0.7169581, 37.6554667 ], [ -0.7169631, 37.6554701 ], [ -0.7169658, 37.6554729 ], [ -0.7169731, 37.6554803 ], [ -0.7169786, 37.6554856 ], [ -0.7169836, 37.6554903 ], [ -0.716991, 37.6554954 ], [ -0.7169954, 37.6554992 ], [ -0.7170009, 37.6555048 ], [ -0.7170088, 37.6555082 ], [ -0.7170157, 37.6555098 ], [ -0.7170226, 37.6555109 ], [ -0.7170305, 37.6555151 ], [ -0.7170355, 37.6555189 ], [ -0.71704, 37.6555245 ], [ -0.7170448, 37.655532 ], [ -0.7170509, 37.655539 ], [ -0.7170586, 37.6555474 ], [ -0.7170643, 37.6555503 ], [ -0.7170694, 37.6555504 ], [ -0.7170752, 37.6555501 ], [ -0.7170787, 37.6555502 ], [ -0.7170868, 37.6555504 ], [ -0.7170925, 37.6555514 ], [ -0.7171022, 37.6555548 ], [ -0.7171066, 37.6555577 ], [ -0.7171104, 37.6555637 ], [ -0.7171154, 37.6555703 ], [ -0.7171176, 37.6555717 ], [ -0.7171209, 37.6555759 ], [ -0.7171213, 37.6555814 ], [ -0.7171223, 37.6555847 ], [ -0.7171267, 37.6555898 ], [ -0.7171357, 37.655595 ], [ -0.717146, 37.6555976 ], [ -0.7171541, 37.6555982 ], [ -0.7171616, 37.655598 ], [ -0.7171747, 37.6555978 ], [ -0.717176, 37.6555983 ], [ -0.7171822, 37.6555989 ], [ -0.7171926, 37.6556009 ], [ -0.7172033, 37.6556049 ], [ -0.7172079, 37.6556082 ], [ -0.71721, 37.6556119 ], [ -0.7172133, 37.6556175 ], [ -0.7172171, 37.6556217 ], [ -0.7172201, 37.6556355 ], [ -0.7172281, 37.6556376 ], [ -0.717239, 37.6556355 ], [ -0.7172536, 37.6556303 ], [ -0.7172607, 37.6556255 ], [ -0.7172684, 37.6556197 ], [ -0.7172778, 37.6556157 ], [ -0.717283, 37.6556155 ], [ -0.717287, 37.6556151 ], [ -0.7172965, 37.6556103 ], [ -0.7173012, 37.6556072 ], [ -0.7173129, 37.6556019 ], [ -0.7173193, 37.6556007 ], [ -0.7173273, 37.6556008 ], [ -0.7173423, 37.6556003 ], [ -0.7173626, 37.6555976 ], [ -0.7173793, 37.6555962 ], [ -0.7173897, 37.6555946 ], [ -0.7174014, 37.6555917 ], [ -0.7174165, 37.6555873 ], [ -0.7174288, 37.6555826 ], [ -0.7174364, 37.6555777 ], [ -0.7174429, 37.6555742 ], [ -0.7174517, 37.6555698 ], [ -0.7174605, 37.6555646 ], [ -0.7174665, 37.6555605 ], [ -0.7174718, 37.6555566 ], [ -0.7174789, 37.6555526 ], [ -0.7174895, 37.6555459 ], [ -0.7174965, 37.6555425 ], [ -0.7175069, 37.6555409 ], [ -0.7175157, 37.6555379 ], [ -0.717525, 37.6555344 ], [ -0.7175414, 37.6555279 ], [ -0.7175431, 37.6555271 ], [ -0.7175479, 37.6555253 ], [ -0.7175573, 37.6555205 ], [ -0.7175613, 37.6555179 ], [ -0.7175678, 37.6555134 ], [ -0.7175749, 37.6555108 ], [ -0.7175865, 37.6555079 ], [ -0.717597, 37.6555039 ], [ -0.7176064, 37.6554996 ], [ -0.7176164, 37.6554943 ], [ -0.7176235, 37.6554895 ], [ -0.7176317, 37.6554833 ], [ -0.7176377, 37.6554783 ], [ -0.7176449, 37.6554716 ], [ -0.7176515, 37.6554658 ], [ -0.7176557, 37.6554618 ], [ -0.7176645, 37.6554537 ], [ -0.7176693, 37.6554489 ], [ -0.71767, 37.655448 ], [ -0.7176747, 37.6554435 ], [ -0.7176819, 37.6554372 ], [ -0.7176848, 37.6554341 ], [ -0.7176909, 37.6554283 ], [ -0.717698, 37.6554234 ], [ -0.7177056, 37.6554194 ], [ -0.7177109, 37.6554172 ], [ -0.717715, 37.6554159 ], [ -0.7177214, 37.6554129 ], [ -0.7177232, 37.6554107 ], [ -0.7177344, 37.6554032 ], [ -0.7177444, 37.6553992 ], [ -0.7177542, 37.6553971 ], [ -0.7177636, 37.6553942 ], [ -0.7177717, 37.6553907 ], [ -0.7177794, 37.6553867 ], [ -0.7177893, 37.6553838 ], [ -0.7178021, 37.6553785 ], [ -0.717811, 37.6553742 ], [ -0.7178239, 37.6553676 ], [ -0.7178368, 37.6553605 ], [ -0.7178486, 37.655353 ], [ -0.7178562, 37.6553491 ], [ -0.7178615, 37.6553461 ], [ -0.7178657, 37.6553433 ], [ -0.7178786, 37.655335 ], [ -0.7178893, 37.6553283 ], [ -0.7179016, 37.6553218 ], [ -0.7179133, 37.6553161 ], [ -0.7179281, 37.6553082 ], [ -0.717941, 37.6553006 ], [ -0.7179537, 37.6553004 ], [ -0.7179566, 37.6552983 ], [ -0.7179672, 37.6552935 ], [ -0.7179789, 37.6552887 ], [ -0.717987, 37.6552861 ], [ -0.7179945, 37.6552863 ], [ -0.7180082, 37.6552889 ], [ -0.7180237, 37.6552915 ], [ -0.7180517, 37.6552987 ], [ -0.7180528, 37.6552987 ], [ -0.718066, 37.6553008 ], [ -0.7180877, 37.6553049 ], [ -0.7180951, 37.655307 ], [ -0.7181066, 37.65531 ], [ -0.718131, 37.6553174 ], [ -0.7181418, 37.6553208 ], [ -0.7181629, 37.6553268 ], [ -0.718168, 37.6553275 ], [ -0.718184, 37.6553319 ], [ -0.7182034, 37.6553379 ], [ -0.718212, 37.65534 ], [ -0.7182244, 37.6553434 ], [ -0.7182471, 37.6553531 ], [ -0.7182488, 37.6553532 ], [ -0.7182608, 37.6553576 ], [ -0.7182795, 37.6553654 ], [ -0.718288, 37.6553678 ], [ -0.7183005, 37.6553722 ], [ -0.7183203, 37.6553837 ], [ -0.7183231, 37.6553851 ], [ -0.7183385, 37.6553919 ], [ -0.7183552, 37.6554024 ], [ -0.7183643, 37.6554067 ], [ -0.7183733, 37.6554129 ], [ -0.718389, 37.6554251 ], [ -0.7183935, 37.6554276 ], [ -0.7184053, 37.6554352 ], [ -0.7184193, 37.655447 ], [ -0.7184231, 37.6554498 ], [ -0.718431, 37.6554559 ], [ -0.7184471, 37.6554709 ], [ -0.7184544, 37.6554761 ], [ -0.7184662, 37.6554852 ], [ -0.7184813, 37.6554988 ], [ -0.7184846, 37.6555007 ], [ -0.7184942, 37.6555078 ], [ -0.7185081, 37.6555182 ], [ -0.7185098, 37.6555187 ], [ -0.7185199, 37.6555253 ], [ -0.7185384, 37.6555409 ], [ -0.7185422, 37.6555443 ], [ -0.7185507, 37.6555504 ], [ -0.7185617, 37.6555617 ], [ -0.7185685, 37.6555659 ], [ -0.7185781, 37.6555707 ], [ -0.7185866, 37.655575 ], [ -0.7186024, 37.6555855 ], [ -0.7186091, 37.6555888 ], [ -0.71862, 37.6555937 ], [ -0.7186356, 37.655605 ], [ -0.7186441, 37.6556098 ], [ -0.718658, 37.6556189 ], [ -0.7186721, 37.6556311 ], [ -0.7186732, 37.6556311 ], [ -0.7186822, 37.6556372 ], [ -0.7186923, 37.6556444 ], [ -0.7187062, 37.6556576 ], [ -0.7187113, 37.6556609 ], [ -0.718719, 37.6556665 ], [ -0.7187308, 37.6556755 ], [ -0.7187448, 37.6556887 ], [ -0.7187538, 37.6556953 ], [ -0.7187632, 37.6557029 ], [ -0.7187748, 37.6557145 ], [ -0.7187805, 37.6557188 ], [ -0.7187922, 37.6557283 ], [ -0.7187999, 37.6557386 ], [ -0.7188071, 37.655747 ], [ -0.7188119, 37.6557539 ], [ -0.7188225, 37.6557661 ], [ -0.7188292, 37.6557722 ], [ -0.7188373, 37.6557825 ], [ -0.7188473, 37.6557947 ], [ -0.7188594, 37.6558096 ], [ -0.7188611, 37.6558111 ], [ -0.7188705, 37.6558217 ], [ -0.7188854, 37.6558395 ], [ -0.7188859, 37.6558396 ], [ -0.7188976, 37.6558526 ], [ -0.7189108, 37.6558681 ], [ -0.7189119, 37.6558695 ], [ -0.7189235, 37.6558812 ], [ -0.7189353, 37.6558897 ], [ -0.7189364, 37.6558902 ], [ -0.718947, 37.6558982 ], [ -0.7189604, 37.65591 ], [ -0.7189666, 37.6559156 ], [ -0.7189788, 37.6559256 ], [ -0.7189867, 37.6559317 ], [ -0.7190005, 37.6559477 ], [ -0.7190098, 37.6559565 ], [ -0.7190238, 37.6559706 ], [ -0.7190272, 37.6559729 ], [ -0.7190355, 37.6559824 ], [ -0.7190509, 37.6560006 ], [ -0.7190515, 37.6560006 ], [ -0.719058, 37.6560085 ], [ -0.7190697, 37.6560212 ], [ -0.7190758, 37.6560287 ], [ -0.7190855, 37.6560435 ], [ -0.7190855, 37.656044 ], [ -0.7190927, 37.6560538 ], [ -0.7191029, 37.6560719 ], [ -0.7191067, 37.6560775 ], [ -0.7191147, 37.6560923 ], [ -0.7191198, 37.6560985 ], [ -0.7191258, 37.6561054 ], [ -0.7191378, 37.6561236 ], [ -0.7191384, 37.6561241 ], [ -0.7191459, 37.6561362 ], [ -0.7191563, 37.6561524 ], [ -0.7191568, 37.6561533 ], [ -0.719165, 37.6561655 ], [ -0.7191759, 37.6561841 ], [ -0.7191769, 37.6561864 ], [ -0.7191828, 37.6561971 ], [ -0.7191897, 37.6562137 ], [ -0.7191908, 37.656216 ], [ -0.7191967, 37.6562244 ], [ -0.7192022, 37.6562351 ], [ -0.7192113, 37.6562523 ], [ -0.7192124, 37.6562532 ], [ -0.7192198, 37.6562685 ], [ -0.7192288, 37.6562903 ], [ -0.7192293, 37.6562916 ], [ -0.7192357, 37.6563078 ], [ -0.7192419, 37.6563245 ], [ -0.7192424, 37.6563268 ], [ -0.7192471, 37.6563411 ], [ -0.7192531, 37.6563642 ], [ -0.7192542, 37.6563669 ], [ -0.7192566, 37.6563798 ], [ -0.7192621, 37.6564006 ], [ -0.7192635, 37.6564084 ], [ -0.7192648, 37.6564226 ], [ -0.719268, 37.6564442 ], [ -0.7192685, 37.6564451 ], [ -0.7192698, 37.6564552 ], [ -0.719272, 37.6564746 ], [ -0.7192724, 37.6564778 ], [ -0.7192736, 37.6564935 ], [ -0.7192759, 37.6565082 ], [ -0.7192781, 37.6565114 ], [ -0.7192816, 37.6565252 ], [ -0.7192878, 37.656546 ], [ -0.7192888, 37.6565497 ], [ -0.7192935, 37.6565631 ], [ -0.7192985, 37.6565802 ], [ -0.7192995, 37.6565834 ], [ -0.7193054, 37.6565959 ], [ -0.7193141, 37.6566094 ], [ -0.7193169, 37.6566114 ], [ -0.7193253, 37.6566188 ], [ -0.7193381, 37.6566319 ], [ -0.7193386, 37.6566324 ], [ -0.7193481, 37.6566413 ], [ -0.7193597, 37.6566535 ], [ -0.7193636, 37.6566568 ], [ -0.7193731, 37.6566649 ], [ -0.7193847, 37.656677 ], [ -0.7193875, 37.6566794 ], [ -0.7193981, 37.6566879 ], [ -0.7194076, 37.6566973 ], [ -0.719412, 37.6567006 ], [ -0.7194204, 37.65671 ], [ -0.7194323, 37.656724 ], [ -0.7194358, 37.6567277 ], [ -0.7194435, 37.6567384 ], [ -0.7194527, 37.6567528 ], [ -0.7194576, 37.656759 ], [ -0.7194631, 37.6567687 ], [ -0.71947, 37.6567826 ], [ -0.7194722, 37.6567854 ], [ -0.7194786, 37.6567975 ], [ -0.7194829, 37.6568072 ], [ -0.7194893, 37.6568188 ], [ -0.7194917, 37.6568212 ], [ -0.7194952, 37.6568313 ], [ -0.7195049, 37.656847 ], [ -0.7195109, 37.6568638 ], [ -0.7195123, 37.6568688 ], [ -0.7195157, 37.6568822 ], [ -0.7195176, 37.6568925 ], [ -0.7195194, 37.6569046 ], [ -0.7195181, 37.6569125 ], [ -0.7195171, 37.656923 ], [ -0.7195125, 37.6569395 ], [ -0.719506, 37.6569599 ], [ -0.7195052, 37.6569636 ], [ -0.7195048, 37.6569754 ], [ -0.7195048, 37.6569919 ], [ -0.7195052, 37.6570117 ], [ -0.719505, 37.6570163 ], [ -0.7195062, 37.6570291 ], [ -0.7195097, 37.657042 ], [ -0.7195139, 37.6570522 ], [ -0.719521, 37.6570643 ], [ -0.719528, 37.6570782 ], [ -0.719535, 37.6570907 ], [ -0.7195449, 37.6571042 ], [ -0.7195582, 37.6571151 ], [ -0.7195621, 37.6571184 ], [ -0.719574, 37.6571278 ], [ -0.7195866, 37.6571424 ], [ -0.7195872, 37.6571428 ], [ -0.7195955, 37.6571499 ], [ -0.7196055, 37.6571602 ], [ -0.7196099, 37.6571658 ], [ -0.7196171, 37.6571742 ], [ -0.7196247, 37.6571858 ], [ -0.7196323, 37.6572002 ], [ -0.7196328, 37.6572012 ], [ -0.7196366, 37.6572077 ], [ -0.7196463, 37.6572235 ], [ -0.7196506, 37.6572305 ], [ -0.7196566, 37.6572412 ], [ -0.719663, 37.6572564 ], [ -0.7196716, 37.6572708 ], [ -0.7196758, 37.6572814 ], [ -0.719686, 37.6573018 ], [ -0.7196926, 37.6573126 ], [ -0.7196995, 37.6573251 ], [ -0.7197075, 37.6573427 ], [ -0.7197086, 37.657345 ], [ -0.7197139, 37.6573543 ], [ -0.7197187, 37.6573664 ], [ -0.7197192, 37.6573673 ], [ -0.7197255, 37.6573825 ], [ -0.7197297, 37.657395 ], [ -0.7197354, 37.6574103 ], [ -0.7197414, 37.6574205 ], [ -0.7197462, 37.6574316 ], [ -0.7197524, 37.6574497 ], [ -0.7197545, 37.6574543 ], [ -0.719757, 37.6574649 ], [ -0.7197605, 37.6574792 ], [ -0.7197656, 37.6574953 ], [ -0.719767, 37.6575064 ], [ -0.7197686, 37.6575224 ], [ -0.7197707, 37.6575284 ], [ -0.7197711, 37.6575354 ], [ -0.7197728, 37.6575486 ], [ -0.7197763, 37.6575662 ], [ -0.7197784, 37.6575713 ], [ -0.7197791, 37.6575818 ], [ -0.7197798, 37.6575946 ], [ -0.7197797, 37.6576116 ], [ -0.7197789, 37.657618 ], [ -0.7197767, 37.657628 ], [ -0.719777, 37.6576385 ], [ -0.7197788, 37.6576487 ], [ -0.7197819, 37.6576602 ], [ -0.7197855, 37.6576709 ], [ -0.7197881, 37.6576787 ], [ -0.7197913, 37.6576866 ], [ -0.7197943, 37.6576972 ], [ -0.7197985, 37.6577092 ], [ -0.7197988, 37.6577142 ], [ -0.7197998, 37.6577189 ], [ -0.7198007, 37.6577267 ], [ -0.7198028, 37.6577331 ], [ -0.7198054, 37.6577387 ], [ -0.7198086, 37.6577442 ], [ -0.7198108, 37.6577498 ], [ -0.7198128, 37.6577577 ], [ -0.7198217, 37.6577811 ], [ -0.7198286, 37.6577928 ], [ -0.7198372, 37.6578074 ], [ -0.7198418, 37.6578193 ], [ -0.7198489, 37.6578397 ], [ -0.7198599, 37.6578626 ], [ -0.7198664, 37.6578838 ], [ -0.719869, 37.6578903 ], [ -0.7198775, 37.6579075 ], [ -0.7198828, 37.6579292 ], [ -0.7198831, 37.6579343 ], [ -0.7198893, 37.6579487 ], [ -0.7198958, 37.6579713 ], [ -0.7198961, 37.6579764 ], [ -0.7199006, 37.6579921 ], [ -0.7199057, 37.6580184 ], [ -0.719906, 37.6580239 ], [ -0.7199095, 37.6580364 ], [ -0.7199187, 37.6580491 ], [ -0.7199303, 37.6580709 ], [ -0.7199329, 37.6580769 ], [ -0.7199414, 37.6580914 ], [ -0.7199532, 37.6581114 ], [ -0.7199556, 37.6581216 ], [ -0.7199613, 37.6581337 ], [ -0.7199681, 37.6581495 ], [ -0.7199741, 37.6581689 ], [ -0.7199776, 37.6581792 ], [ -0.71998, 37.6581915 ], [ -0.7199788, 37.6582058 ], [ -0.7199785, 37.6582108 ], [ -0.7199814, 37.6582233 ], [ -0.7199899, 37.6582368 ], [ -0.7199953, 37.6582571 ], [ -0.7199953, 37.6582576 ], [ -0.7199963, 37.6582723 ], [ -0.7199986, 37.6582871 ], [ -0.7200004, 37.6583087 ], [ -0.7200006, 37.6583164 ], [ -0.7200017, 37.6583307 ], [ -0.7200026, 37.6583486 ], [ -0.720003, 37.6583633 ], [ -0.7200059, 37.6583763 ], [ -0.7200105, 37.6584029 ], [ -0.7200124, 37.6584108 ], [ -0.720015, 37.6584278 ], [ -0.7200203, 37.6584504 ], [ -0.7200202, 37.6584518 ], [ -0.7200236, 37.6584666 ], [ -0.7200268, 37.6584836 ], [ -0.7200346, 37.6585155 ], [ -0.7200354, 37.658522 ], [ -0.7200388, 37.6585359 ], [ -0.7200432, 37.6585511 ], [ -0.7200484, 37.6585764 ], [ -0.7200488, 37.6585792 ], [ -0.7200539, 37.658595 ], [ -0.7200598, 37.6586258 ], [ -0.7200604, 37.6586268 ], [ -0.7200638, 37.658642 ], [ -0.7200653, 37.6586577 ], [ -0.7200726, 37.6586876 ], [ -0.7200736, 37.65869 ], [ -0.7200782, 37.6587025 ], [ -0.7200878, 37.6587202 ], [ -0.7200935, 37.6587461 ], [ -0.7200935, 37.6587465 ], [ -0.7201002, 37.6587618 ], [ -0.720107, 37.65879 ], [ -0.7201072, 37.658796 ], [ -0.720109, 37.6588079 ], [ -0.720113, 37.6588209 ], [ -0.7201202, 37.65884 ], [ -0.720122, 37.6588486 ], [ -0.7201288, 37.6588672 ], [ -0.7201365, 37.6588858 ], [ -0.7201462, 37.6589122 ], [ -0.7201481, 37.6589183 ], [ -0.7201542, 37.6589372 ], [ -0.7201614, 37.6589544 ], [ -0.7201699, 37.6589844 ], [ -0.7201714, 37.6589896 ], [ -0.7201768, 37.659008 ], [ -0.7201822, 37.6590283 ], [ -0.7201867, 37.6590432 ], [ -0.7201893, 37.6590731 ], [ -0.7201898, 37.6590771 ], [ -0.7201918, 37.6590946 ], [ -0.7201946, 37.6591098 ], [ -0.7201977, 37.6591274 ], [ -0.7202028, 37.6591532 ], [ -0.7202049, 37.6591602 ], [ -0.720207, 37.6591777 ], [ -0.7202063, 37.6591904 ], [ -0.7202102, 37.6592061 ], [ -0.7202199, 37.659222 ], [ -0.7202304, 37.6592411 ], [ -0.7202347, 37.659249 ], [ -0.7202443, 37.6592649 ], [ -0.7202536, 37.6592776 ], [ -0.7202596, 37.6592851 ], [ -0.7202705, 37.6592973 ], [ -0.7202841, 37.6593152 ], [ -0.7202911, 37.6593235 ], [ -0.7202988, 37.6593321 ], [ -0.7203104, 37.6593434 ], [ -0.7203252, 37.6593599 ], [ -0.7203306, 37.6593669 ], [ -0.7203454, 37.6593838 ], [ -0.7203573, 37.6594007 ], [ -0.72036, 37.6594049 ], [ -0.7203663, 37.6594166 ], [ -0.7203753, 37.6594338 ], [ -0.7203843, 37.6594488 ], [ -0.7203854, 37.6594505 ], [ -0.7203919, 37.6594622 ], [ -0.7204018, 37.6594822 ], [ -0.7204023, 37.6594841 ], [ -0.7204074, 37.659498 ], [ -0.7204148, 37.6595111 ], [ -0.7204244, 37.6595306 ], [ -0.7204259, 37.6595338 ], [ -0.7204322, 37.6595469 ], [ -0.7204432, 37.6595596 ], [ -0.7204558, 37.6595737 ], [ -0.7204575, 37.6595751 ], [ -0.7204671, 37.6595882 ], [ -0.7204781, 37.6596014 ], [ -0.7204786, 37.6596023 ], [ -0.7204857, 37.6596117 ], [ -0.7204975, 37.6596299 ], [ -0.7205029, 37.6596369 ], [ -0.7205089, 37.6596468 ], [ -0.720521, 37.6596695 ], [ -0.7205237, 37.6596742 ], [ -0.7205328, 37.6596874 ], [ -0.7205415, 37.6597009 ], [ -0.7205522, 37.6597158 ], [ -0.7205593, 37.6597244 ], [ -0.7205631, 37.6597304 ], [ -0.7205721, 37.6597462 ], [ -0.720583, 37.6597612 ], [ -0.7205911, 37.659772 ], [ -0.7205965, 37.65978 ], [ -0.7206091, 37.6597941 ], [ -0.7206143, 37.6598071 ], [ -0.7206173, 37.659815 ], [ -0.7206218, 37.6598293 ], [ -0.7206256, 37.6598459 ], [ -0.7206281, 37.659857 ], [ -0.7206329, 37.6598664 ], [ -0.7206406, 37.6598744 ], [ -0.7206499, 37.6598829 ], [ -0.720651, 37.6598839 ], [ -0.7206587, 37.6598927 ], [ -0.7206691, 37.6599022 ], [ -0.7206813, 37.6599141 ], [ -0.7206863, 37.6599183 ], [ -0.7206967, 37.6599291 ], [ -0.720706, 37.6599395 ], [ -0.7207126, 37.6599466 ], [ -0.7207213, 37.6599555 ], [ -0.7207219, 37.6599561 ], [ -0.7207263, 37.6599616 ], [ -0.7207312, 37.6599682 ], [ -0.7207355, 37.6599757 ], [ -0.7207386, 37.6599818 ], [ -0.720744, 37.6599888 ], [ -0.7207495, 37.6599958 ], [ -0.720758, 37.660024 ], [ -0.7207699, 37.6600391 ], [ -0.7207705, 37.6600395 ], [ -0.7207848, 37.6600555 ], [ -0.7207949, 37.6600724 ], [ -0.720796, 37.6600746 ], [ -0.7208045, 37.6600882 ], [ -0.7208148, 37.6601032 ], [ -0.7208299, 37.6601247 ], [ -0.7208304, 37.6601257 ], [ -0.7208346, 37.6601349 ], [ -0.7208422, 37.6601462 ], [ -0.7208562, 37.6601658 ], [ -0.7208584, 37.6601691 ], [ -0.7208658, 37.6601821 ], [ -0.7208759, 37.6601999 ], [ -0.7208849, 37.660218 ], [ -0.7208859, 37.6602213 ], [ -0.7208933, 37.6602357 ], [ -0.7209049, 37.6602585 ], [ -0.7209064, 37.6602622 ], [ -0.7209127, 37.6602757 ], [ -0.7209211, 37.6602924 ], [ -0.7209366, 37.6603186 ], [ -0.7209372, 37.6603209 ], [ -0.7209418, 37.6603306 ], [ -0.7209503, 37.6603474 ], [ -0.7209614, 37.6603679 ], [ -0.7209631, 37.6603689 ], [ -0.7209719, 37.6603774 ], [ -0.7209826, 37.6603841 ], [ -0.7210028, 37.6603952 ], [ -0.7210044, 37.6603961 ], [ -0.7210112, 37.6604 ], [ -0.7210223, 37.6604086 ], [ -0.7210332, 37.6604217 ], [ -0.7210338, 37.6604222 ], [ -0.7210379, 37.6604316 ], [ -0.7210486, 37.6604484 ], [ -0.7210554, 37.6604637 ], [ -0.721057, 37.6604675 ], [ -0.7210617, 37.6604776 ], [ -0.7210692, 37.6604916 ], [ -0.7210764, 37.6605074 ], [ -0.721079, 37.6605148 ], [ -0.7210825, 37.6605259 ], [ -0.7210899, 37.6605408 ], [ -0.7210962, 37.6605543 ], [ -0.7210993, 37.6605617 ], [ -0.7211032, 37.6605756 ], [ -0.7211078, 37.6605877 ], [ -0.7211191, 37.6606044 ], [ -0.7211256, 37.6606157 ], [ -0.7211308, 37.6606273 ], [ -0.7211384, 37.6606385 ], [ -0.7211522, 37.6606504 ], [ -0.7211566, 37.6606542 ], [ -0.7211654, 37.6606627 ], [ -0.7211783, 37.6606717 ], [ -0.7211916, 37.6606813 ], [ -0.7211939, 37.6606823 ], [ -0.7212023, 37.6606881 ], [ -0.7212129, 37.6606952 ], [ -0.7212264, 37.6607029 ], [ -0.721232, 37.6607067 ], [ -0.7212369, 37.6607133 ], [ -0.7212449, 37.660725 ], [ -0.7212575, 37.6607396 ], [ -0.721264, 37.6607494 ], [ -0.7212676, 37.6607578 ], [ -0.7212717, 37.6607667 ], [ -0.721276, 37.660775 ], [ -0.7212813, 37.6607843 ], [ -0.7212839, 37.6607922 ], [ -0.7212861, 37.6608038 ], [ -0.7212896, 37.6608172 ], [ -0.7212897, 37.6608286 ], [ -0.7212894, 37.6608332 ], [ -0.7212916, 37.6608475 ], [ -0.7212934, 37.660859 ], [ -0.7212928, 37.6608695 ], [ -0.7212919, 37.66088 ], [ -0.7212901, 37.6608928 ], [ -0.7212897, 37.660902 ], [ -0.7212891, 37.660913 ], [ -0.7212887, 37.660923 ], [ -0.7212887, 37.660934 ], [ -0.7212889, 37.6609442 ], [ -0.7212896, 37.6609538 ], [ -0.7212904, 37.6609597 ], [ -0.7212913, 37.6609644 ], [ -0.7212947, 37.6609778 ], [ -0.7212972, 37.6609852 ], [ -0.7212979, 37.6609953 ], [ -0.7213009, 37.6610064 ], [ -0.7213044, 37.6610189 ], [ -0.7213067, 37.6610304 ], [ -0.7213096, 37.6610424 ], [ -0.7213155, 37.6610522 ], [ -0.7213223, 37.6610657 ], [ -0.7213303, 37.6610801 ], [ -0.721334, 37.6610871 ], [ -0.7213397, 37.6611001 ], [ -0.7213487, 37.6611164 ], [ -0.7213562, 37.6611281 ], [ -0.7213633, 37.6611384 ], [ -0.7213709, 37.6611479 ], [ -0.7213813, 37.661161 ], [ -0.7213882, 37.6611745 ], [ -0.721398, 37.6611858 ], [ -0.7214083, 37.6611989 ], [ -0.721418, 37.6612143 ], [ -0.7214254, 37.6612264 ], [ -0.7214303, 37.661244 ], [ -0.7214309, 37.6612449 ], [ -0.7214344, 37.6612551 ], [ -0.7214403, 37.6612668 ], [ -0.7214455, 37.6612783 ], [ -0.7214523, 37.6612924 ], [ -0.7214592, 37.6613054 ], [ -0.7214695, 37.6613212 ], [ -0.7214715, 37.6613241 ], [ -0.7214792, 37.6613334 ], [ -0.7214879, 37.6613452 ], [ -0.721496, 37.6613569 ], [ -0.7215024, 37.6613662 ], [ -0.7215095, 37.6613742 ], [ -0.7215217, 37.6613856 ], [ -0.7215401, 37.661399 ], [ -0.7215406, 37.661399 ], [ -0.7215535, 37.6614095 ], [ -0.7215617, 37.6614184 ], [ -0.7215812, 37.6614323 ], [ -0.7215811, 37.6614331 ], [ -0.7215939, 37.6614436 ], [ -0.721605, 37.6614531 ], [ -0.7216215, 37.6614696 ], [ -0.7216248, 37.6614739 ], [ -0.7216351, 37.6614866 ], [ -0.7216482, 37.6615034 ], [ -0.7216493, 37.661504 ], [ -0.7216557, 37.6615142 ], [ -0.7216655, 37.6615292 ], [ -0.7216728, 37.6615441 ], [ -0.7216764, 37.6615538 ], [ -0.7216826, 37.6615686 ], [ -0.7216894, 37.6615826 ], [ -0.7216937, 37.6616015 ], [ -0.7216948, 37.6616048 ], [ -0.721697, 37.6616154 ], [ -0.721701, 37.6616288 ], [ -0.7217065, 37.6616477 ], [ -0.72171, 37.6616607 ], [ -0.7217126, 37.6616677 ], [ -0.721717, 37.6616834 ], [ -0.7217205, 37.6616945 ], [ -0.7217226, 37.6617088 ], [ -0.7217236, 37.6617248 ], [ -0.7217235, 37.6617284 ], [ -0.7217239, 37.6617436 ], [ -0.7217249, 37.6617611 ], [ -0.7217248, 37.6617739 ], [ -0.7217241, 37.6617899 ], [ -0.721724, 37.6617918 ], [ -0.7217233, 37.6618074 ], [ -0.7217226, 37.6618206 ], [ -0.7217214, 37.6618339 ], [ -0.7217195, 37.6618517 ], [ -0.7217193, 37.6618559 ], [ -0.7217214, 37.6618696 ], [ -0.7217226, 37.6618825 ], [ -0.7217265, 37.6618973 ], [ -0.721731, 37.6619135 ], [ -0.7217331, 37.6619172 ], [ -0.7217382, 37.6619307 ], [ -0.7217444, 37.6619469 ], [ -0.7217545, 37.6619642 ], [ -0.7217556, 37.661967 ], [ -0.7217613, 37.661978 ], [ -0.7217697, 37.6619971 ], [ -0.7217782, 37.6620102 ], [ -0.7217804, 37.662013 ], [ -0.7217856, 37.6620269 ], [ -0.7217896, 37.6620412 ], [ -0.7217939, 37.6620575 ], [ -0.7217985, 37.6620713 ], [ -0.721804, 37.6620894 ], [ -0.7218088, 37.6621093 ], [ -0.7218109, 37.6621162 ], [ -0.7218149, 37.6621278 ], [ -0.721819, 37.6621389 ], [ -0.7218183, 37.662154 ], [ -0.7218186, 37.6621586 ], [ -0.7218193, 37.66217 ], [ -0.7218198, 37.6621843 ], [ -0.7218191, 37.6621985 ], [ -0.7218177, 37.6622141 ], [ -0.7218175, 37.6622205 ], [ -0.721817, 37.6622291 ], [ -0.7218154, 37.6622401 ], [ -0.7218155, 37.6622497 ], [ -0.7218187, 37.6622572 ], [ -0.7218218, 37.6622633 ], [ -0.7218267, 37.6622684 ], [ -0.721831, 37.662275 ], [ -0.7218348, 37.6622815 ], [ -0.7218389, 37.6622917 ], [ -0.72184, 37.6622931 ], [ -0.7218416, 37.6622987 ], [ -0.7218431, 37.662305 ], [ -0.7218445, 37.6623099 ], [ -0.7218457, 37.6623165 ], [ -0.7218467, 37.6623222 ], [ -0.7218476, 37.6623261 ], [ -0.7218493, 37.6623287 ], [ -0.7218528, 37.662335 ], [ -0.721856, 37.6623452 ], [ -0.7218587, 37.6623567 ], [ -0.7218607, 37.6623682 ], [ -0.7218623, 37.6623787 ], [ -0.7218639, 37.6623911 ], [ -0.7218648, 37.6624012 ], [ -0.721867, 37.6624127 ], [ -0.7218719, 37.6624205 ], [ -0.721877, 37.6624302 ], [ -0.7218829, 37.6624518 ], [ -0.7218918, 37.662472 ], [ -0.7219024, 37.6625257 ], [ -0.7219049, 37.662606 ], [ -0.7218947, 37.6626645 ], [ -0.7218877, 37.6627024 ], [ -0.7218798, 37.6627252 ], [ -0.7218644, 37.6627558 ], [ -0.721834, 37.6628132 ], [ -0.7218042, 37.6628715 ], [ -0.7217737, 37.6629335 ], [ -0.7217369, 37.6629973 ], [ -0.7216929, 37.6630449 ], [ -0.7216286, 37.6631015 ], [ -0.7215876, 37.6631395 ], [ -0.7215286, 37.6631857 ], [ -0.7214866, 37.6632159 ], [ -0.7214604, 37.6632344 ], [ -0.7214586, 37.6632363 ], [ -0.7214348, 37.663247 ], [ -0.7214204, 37.6632509 ], [ -0.7213922, 37.6632515 ], [ -0.7213824, 37.663251 ], [ -0.7213698, 37.663249 ], [ -0.7213542, 37.6632461 ], [ -0.7213462, 37.6632443 ], [ -0.7213359, 37.66324 ], [ -0.7213182, 37.6632339 ], [ -0.7213079, 37.6632292 ], [ -0.7212982, 37.6632263 ], [ -0.7212718, 37.6632219 ], [ -0.7211964, 37.6632184 ], [ -0.7211924, 37.6632184 ], [ -0.7211671, 37.6632168 ], [ -0.7211567, 37.6632157 ], [ -0.7211244, 37.6632218 ], [ -0.7211018, 37.6632302 ], [ -0.7210885, 37.6632334 ], [ -0.7210833, 37.6632323 ], [ -0.721073, 37.6632276 ], [ -0.7210697, 37.6632249 ], [ -0.7210645, 37.6632221 ], [ -0.7210611, 37.6632202 ], [ -0.7208577, 37.6631943 ], [ -0.7208462, 37.6631937 ], [ -0.7208353, 37.6631913 ], [ -0.7208319, 37.6631862 ], [ -0.7208269, 37.6631788 ], [ -0.7208241, 37.6631738 ], [ -0.7208185, 37.6631645 ], [ -0.7208156, 37.6631626 ], [ -0.7208129, 37.6631594 ], [ -0.7208094, 37.6631562 ], [ -0.7207951, 37.6631519 ], [ -0.7207774, 37.663149 ], [ -0.7207537, 37.6631474 ], [ -0.7207463, 37.6631468 ], [ -0.7207296, 37.6631471 ], [ -0.7207077, 37.6631483 ], [ -0.7206827, 37.6631567 ], [ -0.720663, 37.663168 ], [ -0.7206455, 37.6631811 ], [ -0.7206408, 37.6631856 ], [ -0.720628, 37.6631959 ], [ -0.720618, 37.6632059 ], [ -0.7206011, 37.663215 ], [ -0.7205795, 37.6632317 ], [ -0.7205731, 37.6632389 ], [ -0.7205591, 37.6632511 ], [ -0.7205485, 37.6632611 ], [ -0.7205357, 37.6632725 ], [ -0.7205285, 37.6632848 ], [ -0.7205261, 37.6632884 ], [ -0.720515, 37.6632997 ], [ -0.720508, 37.6633057 ], [ -0.7204936, 37.6633114 ], [ -0.7204768, 37.6633159 ], [ -0.7204726, 37.6633167 ], [ -0.7204599, 37.663322 ], [ -0.7204495, 37.6633252 ], [ -0.7204286, 37.6633313 ], [ -0.7204107, 37.6633375 ], [ -0.7203991, 37.6633416 ], [ -0.7203806, 37.66335 ], [ -0.7203794, 37.663351 ], [ -0.7203712, 37.6633565 ], [ -0.7203648, 37.6633631 ], [ -0.7203555, 37.6633709 ], [ -0.7203478, 37.6633773 ], [ -0.7203351, 37.6633844 ], [ -0.7203205, 37.663392 ], [ -0.7203031, 37.6633996 ], [ -0.7203014, 37.6634006 ], [ -0.720291, 37.6634036 ], [ -0.7202764, 37.6634099 ], [ -0.7202625, 37.6634153 ], [ -0.7202456, 37.6634257 ], [ -0.7202445, 37.6634261 ], [ -0.7202381, 37.6634311 ], [ -0.7202293, 37.6634397 ], [ -0.720217, 37.6634487 ], [ -0.7202041, 37.66346 ], [ -0.7201918, 37.6634736 ], [ -0.7201877, 37.6634777 ], [ -0.720183, 37.6634841 ], [ -0.720173, 37.663495 ], [ -0.7201625, 37.6635054 ], [ -0.720152, 37.6635154 ], [ -0.7201362, 37.6635281 ], [ -0.7201321, 37.6635312 ], [ -0.7201198, 37.6635397 ], [ -0.7201117, 37.6635461 ], [ -0.7201006, 37.6635524 ], [ -0.7200832, 37.6635632 ], [ -0.7200698, 37.6635708 ], [ -0.7200628, 37.6635767 ], [ -0.7200599, 37.6635786 ], [ -0.7200483, 37.6635849 ], [ -0.7200389, 37.6635916 ], [ -0.7200279, 37.6636007 ], [ -0.7200149, 37.6636115 ], [ -0.7199974, 37.6636251 ], [ -0.7199969, 37.6636261 ], [ -0.719991, 37.6636328 ], [ -0.7199804, 37.6636423 ], [ -0.7199624, 37.6636577 ], [ -0.7199238, 37.663689 ], [ -0.7199086, 37.6637039 ], [ -0.7199073, 37.6637048 ], [ -0.719901, 37.6637102 ], [ -0.7198939, 37.6637184 ], [ -0.719888, 37.6637298 ], [ -0.7198809, 37.6637402 ], [ -0.7198803, 37.6637411 ], [ -0.719879, 37.6637494 ], [ -0.7198783, 37.6637581 ], [ -0.7198781, 37.6637667 ], [ -0.7198762, 37.6637778 ], [ -0.7198731, 37.6637855 ], [ -0.7198684, 37.6637919 ], [ -0.719862, 37.6637978 ], [ -0.7198556, 37.6638032 ], [ -0.7198428, 37.6638049 ], [ -0.7198378, 37.6638039 ], [ -0.7198262, 37.6638024 ], [ -0.7198107, 37.6638013 ], [ -0.7197975, 37.6638012 ], [ -0.7197853, 37.6638011 ], [ -0.7197831, 37.6638015 ], [ -0.7197658, 37.6638031 ], [ -0.719749, 37.6638071 ], [ -0.7197339, 37.6638111 ], [ -0.7197252, 37.6638152 ], [ -0.7197171, 37.6638187 ], [ -0.7197033, 37.6638246 ], [ -0.7196957, 37.6638276 ], [ -0.7196824, 37.6638325 ], [ -0.7196806, 37.6638339 ], [ -0.7196702, 37.6638383 ], [ -0.719662, 37.6638415 ], [ -0.7196544, 37.6638455 ], [ -0.7196395, 37.6638476 ], [ -0.7196273, 37.663849 ], [ -0.7196193, 37.6638488 ], [ -0.719613, 37.6638487 ], [ -0.7195985, 37.6638513 ], [ -0.7195841, 37.6638521 ], [ -0.7195756, 37.6638475 ], [ -0.7195722, 37.6638437 ], [ -0.7195704, 37.6638414 ], [ -0.7195693, 37.6638401 ], [ -0.7195666, 37.663835 ], [ -0.7195632, 37.6638313 ], [ -0.7195609, 37.6638295 ], [ -0.7195517, 37.6638284 ], [ -0.7195442, 37.6638292 ], [ -0.7195332, 37.6638305 ], [ -0.7195251, 37.6638336 ], [ -0.7195107, 37.663838 ], [ -0.7195065, 37.6638403 ], [ -0.7194979, 37.6638444 ], [ -0.7194914, 37.6638498 ], [ -0.7194843, 37.663858 ], [ -0.7194767, 37.6638657 ], [ -0.7194702, 37.6638738 ], [ -0.7194645, 37.6638825 ], [ -0.7194615, 37.6638866 ], [ -0.7194567, 37.6638957 ], [ -0.7194508, 37.6639039 ], [ -0.719446, 37.6639135 ], [ -0.7194383, 37.6639258 ], [ -0.7194335, 37.6639371 ], [ -0.7194334, 37.6639436 ], [ -0.7194362, 37.6639473 ], [ -0.719443, 37.6639537 ], [ -0.7194516, 37.6639589 ], [ -0.719463, 37.6639635 ], [ -0.7194733, 37.6639669 ], [ -0.7194819, 37.6639692 ], [ -0.7195019, 37.6639731 ], [ -0.7195031, 37.6639732 ], [ -0.7195198, 37.6639724 ], [ -0.7195268, 37.6639684 ], [ -0.719528, 37.6639652 ], [ -0.719531, 37.6639606 ], [ -0.7195345, 37.6639565 ], [ -0.7195403, 37.6639511 ], [ -0.7195468, 37.6639475 ], [ -0.7195508, 37.6639457 ], [ -0.7195617, 37.6639463 ], [ -0.7195674, 37.6639473 ], [ -0.7195835, 37.6639515 ], [ -0.7195887, 37.6639526 ], [ -0.7195938, 37.6639543 ], [ -0.7196013, 37.6639568 ], [ -0.7196099, 37.6639601 ], [ -0.7196253, 37.6639652 ], [ -0.7196379, 37.6639677 ], [ -0.7196436, 37.6639691 ], [ -0.7196551, 37.6639724 ], [ -0.7196717, 37.6639777 ], [ -0.7196849, 37.663981 ], [ -0.7196895, 37.6639825 ], [ -0.7197021, 37.6639853 ], [ -0.7197124, 37.6639877 ], [ -0.7197296, 37.6639921 ], [ -0.7197485, 37.6639959 ], [ -0.719756, 37.6639964 ], [ -0.7197659, 37.6639928 ], [ -0.7197682, 37.663991 ], [ -0.71977, 37.6639874 ], [ -0.7197701, 37.663986 ], [ -0.7197701, 37.6639805 ], [ -0.7197702, 37.6639787 ], [ -0.719776, 37.6639742 ], [ -0.7197858, 37.6639724 ], [ -0.7197933, 37.6639702 ], [ -0.7198026, 37.6639676 ], [ -0.7198211, 37.6639636 ], [ -0.7198303, 37.6639624 ], [ -0.7198511, 37.6639585 ], [ -0.7198587, 37.6639576 ], [ -0.7198667, 37.6639572 ], [ -0.7198793, 37.6639587 ], [ -0.7198959, 37.6639616 ], [ -0.7199184, 37.6639656 ], [ -0.7199212, 37.663966 ], [ -0.7199361, 37.6639685 ], [ -0.7199505, 37.6639728 ], [ -0.7199757, 37.6639789 ], [ -0.7199803, 37.663979 ], [ -0.7199912, 37.6639787 ], [ -0.7200091, 37.6639771 ], [ -0.7200196, 37.6639744 ], [ -0.720034, 37.6639695 ], [ -0.7200467, 37.663966 ], [ -0.7200543, 37.6639638 ], [ -0.7200647, 37.6639602 ], [ -0.7200774, 37.6639572 ], [ -0.7200894, 37.6639582 ], [ -0.7201009, 37.6639601 ], [ -0.7201234, 37.6639622 ], [ -0.7201296, 37.6639632 ], [ -0.7201417, 37.6639665 ], [ -0.7201681, 37.6639732 ], [ -0.7201773, 37.6639742 ], [ -0.7201905, 37.6639771 ], [ -0.7202094, 37.6639828 ], [ -0.7202254, 37.6639857 ], [ -0.7202334, 37.6639872 ], [ -0.720241, 37.6639882 ], [ -0.7202656, 37.6639921 ], [ -0.720288, 37.663996 ], [ -0.7202996, 37.6639975 ], [ -0.7203202, 37.6640009 ], [ -0.7203465, 37.6640071 ], [ -0.7203495, 37.6640076 ], [ -0.7203592, 37.6640082 ], [ -0.7203782, 37.6640102 ], [ -0.7204035, 37.6640142 ], [ -0.7204115, 37.6640156 ], [ -0.7204213, 37.6640166 ], [ -0.720442, 37.6640182 ], [ -0.7204678, 37.664024 ], [ -0.7204706, 37.6640245 ], [ -0.7204838, 37.6640269 ], [ -0.720501, 37.6640307 ], [ -0.7205273, 37.6640406 ], [ -0.7205296, 37.6640416 ], [ -0.720544, 37.6640463 ], [ -0.720561, 37.6640543 ], [ -0.7205891, 37.664067 ], [ -0.7205954, 37.6640688 ], [ -0.7206068, 37.6640731 ], [ -0.7206274, 37.6640797 ], [ -0.7206509, 37.6640868 ], [ -0.7206595, 37.6640892 ], [ -0.7206721, 37.6640939 ], [ -0.7206909, 37.6641005 ], [ -0.7207139, 37.664109 ], [ -0.7207235, 37.6641128 ], [ -0.7207316, 37.6641156 ], [ -0.7207493, 37.6641223 ], [ -0.7207762, 37.664133 ], [ -0.720783, 37.6641359 ], [ -0.720798, 37.6641397 ], [ -0.7208089, 37.664143 ], [ -0.7208334, 37.664151 ], [ -0.7208386, 37.6641525 ], [ -0.720865, 37.6641573 ], [ -0.7208799, 37.6641639 ], [ -0.7208964, 37.6641732 ], [ -0.7209044, 37.6641765 ], [ -0.7209216, 37.6641831 ], [ -0.720937, 37.6641888 ], [ -0.7209587, 37.6641941 ], [ -0.7209604, 37.6641945 ], [ -0.720972, 37.664196 ], [ -0.720992, 37.6641994 ], [ -0.7210047, 37.6642033 ], [ -0.7210276, 37.6642067 ], [ -0.7210369, 37.6642085 ], [ -0.7210437, 37.66421 ], [ -0.721057, 37.6642116 ], [ -0.7210787, 37.6642164 ], [ -0.7210977, 37.6642221 ], [ -0.7211027, 37.6642234 ], [ -0.7211114, 37.6642254 ], [ -0.7211246, 37.6642256 ], [ -0.7211361, 37.6642298 ], [ -0.7211537, 37.6642396 ], [ -0.7211851, 37.664256 ], [ -0.7212011, 37.6642621 ], [ -0.72122, 37.6642687 ], [ -0.7212434, 37.66428 ], [ -0.7212474, 37.6642817 ], [ -0.721257, 37.6642888 ], [ -0.721265, 37.6642952 ], [ -0.7212764, 37.6643031 ], [ -0.7212855, 37.6643083 ], [ -0.7212958, 37.664313 ], [ -0.7213112, 37.6643196 ], [ -0.7213232, 37.6643243 ], [ -0.721341, 37.6643309 ], [ -0.7213478, 37.6643337 ], [ -0.7213581, 37.6643388 ], [ -0.7213776, 37.6643437 ], [ -0.7213891, 37.6643447 ], [ -0.7213995, 37.6643433 ], [ -0.7214133, 37.6643427 ], [ -0.7214191, 37.6643431 ], [ -0.7214288, 37.6643446 ], [ -0.7214385, 37.6643493 ], [ -0.721446, 37.664353 ], [ -0.7214602, 37.6643582 ], [ -0.7214705, 37.6643625 ], [ -0.7214813, 37.6643686 ], [ -0.7214859, 37.66437 ], [ -0.721494, 37.6643723 ], [ -0.7215003, 37.6643742 ], [ -0.7215083, 37.6643771 ], [ -0.7215146, 37.6643785 ], [ -0.721522, 37.66438 ], [ -0.7215267, 37.6643804 ], [ -0.7215324, 37.6643814 ], [ -0.7215497, 37.6643844 ], [ -0.7215547, 37.6643857 ], [ -0.7215651, 37.6643854 ], [ -0.7215767, 37.6643828 ], [ -0.7215773, 37.6643814 ], [ -0.7215865, 37.6643797 ], [ -0.7215923, 37.6643788 ], [ -0.7215992, 37.6643753 ], [ -0.7216016, 37.664373 ], [ -0.7216069, 37.6643689 ], [ -0.7216099, 37.6643657 ], [ -0.7216139, 37.6643612 ], [ -0.7216152, 37.664358 ], [ -0.7216187, 37.6643539 ], [ -0.7216222, 37.6643485 ], [ -0.7216287, 37.6643435 ], [ -0.7216321, 37.6643417 ], [ -0.7216379, 37.6643385 ], [ -0.7216426, 37.6643354 ], [ -0.7216485, 37.6643295 ], [ -0.7216519, 37.6643273 ], [ -0.7216549, 37.6643223 ], [ -0.7216562, 37.6643195 ], [ -0.7216591, 37.6643154 ], [ -0.7216609, 37.6643099 ], [ -0.7216633, 37.6643058 ], [ -0.7216651, 37.6643017 ], [ -0.7216674, 37.6642958 ], [ -0.7216698, 37.6642944 ], [ -0.7216738, 37.6642954 ], [ -0.7216784, 37.6642969 ], [ -0.7216813, 37.6642987 ], [ -0.7216829, 37.6643001 ], [ -0.7216834, 37.6643028 ], [ -0.7216845, 37.6643079 ], [ -0.7216878, 37.6643189 ], [ -0.7216889, 37.664324 ], [ -0.7216893, 37.6643309 ], [ -0.7216915, 37.6643377 ], [ -0.7216937, 37.6643451 ], [ -0.7216958, 37.6643529 ], [ -0.721698, 37.6643602 ], [ -0.721699, 37.6643662 ], [ -0.721699, 37.6643672 ], [ -0.7217006, 37.664373 ], [ -0.7217023, 37.6643777 ], [ -0.7217062, 37.6643833 ], [ -0.721709, 37.6643902 ], [ -0.7217101, 37.6643947 ], [ -0.72171, 37.6643979 ], [ -0.7217094, 37.6644007 ], [ -0.7217082, 37.6644016 ], [ -0.7217047, 37.664403 ], [ -0.7217013, 37.6644034 ], [ -0.7216978, 37.6644047 ], [ -0.7216955, 37.6644056 ], [ -0.7216926, 37.6644065 ], [ -0.7216885, 37.6644069 ], [ -0.7216862, 37.6644078 ], [ -0.7216822, 37.6644091 ], [ -0.7216793, 37.6644109 ], [ -0.721677, 37.6644136 ], [ -0.7216757, 37.6644182 ], [ -0.721675, 37.6644201 ], [ -0.721675, 37.6644232 ], [ -0.7216755, 37.6644269 ], [ -0.7216766, 37.6644297 ], [ -0.7216805, 37.6644339 ], [ -0.7216823, 37.6644357 ], [ -0.7216863, 37.6644376 ], [ -0.7216937, 37.664439 ], [ -0.7217001, 37.6644391 ], [ -0.7217052, 37.6644382 ], [ -0.7217111, 37.6644369 ], [ -0.7217157, 37.6644346 ], [ -0.721718, 37.6644319 ], [ -0.7217215, 37.6644283 ], [ -0.7217221, 37.6644278 ], [ -0.7217262, 37.6644237 ], [ -0.7217268, 37.6644215 ], [ -0.7217303, 37.6644174 ], [ -0.7217333, 37.6644147 ], [ -0.7217386, 37.6644129 ], [ -0.7217408, 37.6644129 ], [ -0.7217443, 37.6644129 ], [ -0.7217483, 37.6644143 ], [ -0.7217528, 37.6644171 ], [ -0.7217551, 37.6644186 ], [ -0.7217579, 37.6644204 ], [ -0.7217619, 37.6644237 ], [ -0.7217636, 37.6644265 ], [ -0.7217653, 37.6644301 ], [ -0.7217652, 37.6644333 ], [ -0.7217657, 37.6644371 ], [ -0.7217673, 37.664442 ], [ -0.7217679, 37.6644466 ], [ -0.7217689, 37.6644535 ], [ -0.72177, 37.664459 ], [ -0.7217711, 37.6644659 ], [ -0.7217727, 37.6644733 ], [ -0.7217748, 37.6644811 ], [ -0.7217763, 37.6644898 ], [ -0.721778, 37.6644944 ], [ -0.7217824, 37.6645018 ], [ -0.7217869, 37.6645101 ], [ -0.721792, 37.6645184 ], [ -0.7218016, 37.6645286 ], [ -0.7218044, 37.6645322 ], [ -0.7218123, 37.664541 ], [ -0.7218173, 37.6645461 ], [ -0.7218202, 37.6645494 ], [ -0.7218265, 37.6645508 ], [ -0.7218323, 37.6645505 ], [ -0.7218351, 37.6645504 ], [ -0.7218392, 37.6645509 ], [ -0.7218438, 37.6645524 ], [ -0.7218506, 37.6645561 ], [ -0.7218592, 37.6645604 ], [ -0.7218632, 37.664564 ], [ -0.7218694, 37.6645691 ], [ -0.7218727, 37.6645751 ], [ -0.7218737, 37.6645811 ], [ -0.7218743, 37.6645866 ], [ -0.7218741, 37.6645903 ], [ -0.721877, 37.6645972 ], [ -0.7218815, 37.6646027 ], [ -0.7218825, 37.664605 ], [ -0.72189, 37.6646101 ], [ -0.7218951, 37.6646138 ], [ -0.7218991, 37.6646166 ], [ -0.7219093, 37.6646222 ], [ -0.7219224, 37.6646288 ], [ -0.721964, 37.664653 ], [ -0.7220058, 37.6646667 ], [ -0.7220643, 37.6646866 ], [ -0.7221374, 37.6647098 ], [ -0.7222287, 37.6647332 ], [ -0.7222378, 37.6647342 ], [ -0.7222465, 37.6647371 ], [ -0.7222659, 37.6647377 ], [ -0.7222729, 37.6647368 ], [ -0.7222776, 37.6647346 ], [ -0.722285, 37.6647328 ], [ -0.7223007, 37.6647271 ], [ -0.7223854, 37.6647421 ], [ -0.722398, 37.664745 ], [ -0.7224196, 37.6647448 ], [ -0.722446, 37.6647455 ], [ -0.72248, 37.6647435 ], [ -0.7225138, 37.6647362 ], [ -0.722551, 37.6647293 ], [ -0.7225866, 37.6647169 ], [ -0.7226184, 37.6647013 ], [ -0.7226449, 37.6646863 ], [ -0.7226617, 37.6646697 ], [ -0.7226778, 37.664656 ], [ -0.7226952, 37.6646404 ], [ -0.7227, 37.6646332 ], [ -0.7226974, 37.6646281 ], [ -0.7226919, 37.6646225 ], [ -0.7226763, 37.6646087 ], [ -0.7226534, 37.6645894 ], [ -0.7226497, 37.6645816 ], [ -0.722641, 37.6645698 ], [ -0.7226419, 37.6645616 ], [ -0.7226467, 37.6645572 ], [ -0.722657, 37.6645556 ], [ -0.7226769, 37.6645501 ], [ -0.722692, 37.6645454 ], [ -0.7227107, 37.6645395 ], [ -0.722753, 37.6645493 ], [ -0.7227837, 37.6645427 ], [ -0.7228232, 37.6645378 ], [ -0.7228465, 37.6645434 ], [ -0.7228746, 37.6645492 ], [ -0.7229054, 37.6645559 ], [ -0.7229282, 37.6645629 ], [ -0.722944, 37.6645706 ], [ -0.7229501, 37.6645776 ], [ -0.722956, 37.6645869 ], [ -0.7229637, 37.6645967 ], [ -0.7229719, 37.6646052 ], [ -0.7229842, 37.6646165 ], [ -0.7229962, 37.6646195 ], [ -0.7230087, 37.6646216 ], [ -0.723029, 37.6646194 ], [ -0.7230477, 37.6646135 ], [ -0.7230602, 37.6646033 ], [ -0.72307, 37.6645911 ], [ -0.7230791, 37.6645776 ], [ -0.7230797, 37.6645758 ], [ -0.7230884, 37.6645756 ], [ -0.7230946, 37.6645808 ], [ -0.7230989, 37.6645868 ], [ -0.7231015, 37.6645943 ], [ -0.7231074, 37.6646067 ], [ -0.7231155, 37.6646193 ], [ -0.7231239, 37.6646255 ], [ -0.7231352, 37.6646299 ], [ -0.7231495, 37.6646326 ], [ -0.7231645, 37.6646334 ], [ -0.723183, 37.6646311 ], [ -0.7231989, 37.6646246 ], [ -0.7232113, 37.6646153 ], [ -0.7232204, 37.6646031 ], [ -0.7232352, 37.664593 ], [ -0.7232439, 37.6645932 ], [ -0.7232548, 37.6645944 ], [ -0.7232683, 37.6646007 ], [ -0.7232888, 37.6646063 ], [ -0.7233032, 37.664608 ], [ -0.7233183, 37.6646056 ], [ -0.7233289, 37.6645981 ], [ -0.7233404, 37.664587 ], [ -0.7233466, 37.6645765 ], [ -0.7233571, 37.6645585 ], [ -0.7233654, 37.6645381 ], [ -0.7233715, 37.6645273 ], [ -0.7233761, 37.6645305 ], [ -0.7233828, 37.6645335 ], [ -0.7233889, 37.6645401 ], [ -0.7233954, 37.6645503 ], [ -0.7234034, 37.6645666 ], [ -0.7234104, 37.6645786 ], [ -0.723417, 37.6645879 ], [ -0.7234219, 37.6645936 ], [ -0.7234362, 37.6645958 ], [ -0.72345, 37.6645975 ], [ -0.7234674, 37.6645952 ], [ -0.7234872, 37.6645911 ], [ -0.7235133, 37.6645849 ], [ -0.7235371, 37.6645795 ], [ -0.7235466, 37.6645743 ], [ -0.7235532, 37.6645652 ], [ -0.7235582, 37.6645567 ], [ -0.7235603, 37.6645471 ], [ -0.7235633, 37.6645449 ], [ -0.723569, 37.6645455 ], [ -0.7235805, 37.664549 ], [ -0.7235917, 37.6645562 ], [ -0.7236053, 37.6645588 ], [ -0.7236183, 37.664554 ], [ -0.7236289, 37.6645479 ], [ -0.7236366, 37.6645426 ], [ -0.7236386, 37.6645354 ], [ -0.7236384, 37.6645275 ], [ -0.7236469, 37.6645158 ], [ -0.7236566, 37.6645037 ], [ -0.7236725, 37.664494 ], [ -0.7236867, 37.6644861 ], [ -0.7237031, 37.6644806 ], [ -0.7237155, 37.6644709 ], [ -0.7237269, 37.6644615 ], [ -0.7237434, 37.6644532 ], [ -0.7237669, 37.6644387 ], [ -0.7237826, 37.6644367 ], [ -0.7237987, 37.6644376 ], [ -0.7238188, 37.6644404 ], [ -0.7238427, 37.664447 ], [ -0.7238638, 37.6644525 ], [ -0.7238771, 37.6644634 ], [ -0.7238886, 37.6644678 ], [ -0.7239054, 37.6644765 ], [ -0.7239281, 37.6644871 ], [ -0.7239529, 37.6644992 ], [ -0.7239858, 37.6645124 ], [ -0.7240111, 37.6645259 ], [ -0.7240293, 37.664535 ], [ -0.72405, 37.664548 ], [ -0.7240788, 37.6645624 ], [ -0.7241001, 37.6645804 ], [ -0.7241093, 37.6645957 ], [ -0.7241545, 37.6646573 ], [ -0.7241748, 37.6646821 ], [ -0.7241957, 37.6647074 ], [ -0.7242116, 37.6647279 ], [ -0.7242267, 37.6647544 ], [ -0.7242451, 37.6647833 ], [ -0.7242602, 37.6648084 ], [ -0.724281, 37.664851 ], [ -0.7242939, 37.6648752 ], [ -0.7243031, 37.6648887 ], [ -0.7243169, 37.6649042 ], [ -0.7243346, 37.6649211 ], [ -0.7243545, 37.6649422 ], [ -0.7243737, 37.6649652 ], [ -0.7243984, 37.6649979 ], [ -0.7244193, 37.6650232 ], [ -0.7244265, 37.6650412 ], [ -0.7244319, 37.665051 ], [ -0.7244416, 37.6650663 ], [ -0.7244516, 37.6650794 ], [ -0.7244513, 37.6650844 ], [ -0.7244494, 37.6650894 ], [ -0.7244452, 37.6650935 ], [ -0.7244339, 37.6651018 ], [ -0.7244284, 37.6651086 ], [ -0.724427, 37.6651169 ], [ -0.7244277, 37.6651261 ], [ -0.7244337, 37.6651499 ], [ -0.724434, 37.6651573 ], [ -0.7244373, 37.6651611 ], [ -0.7244409, 37.6651579 ], [ -0.7244554, 37.66514 ], [ -0.7244585, 37.6651346 ], [ -0.7244615, 37.6651315 ], [ -0.724465, 37.6651302 ], [ -0.724483, 37.665127 ], [ -0.7244865, 37.665127 ], [ -0.7244893, 37.6651285 ], [ -0.7244926, 37.6651317 ], [ -0.7244952, 37.6651383 ], [ -0.7244975, 37.6651544 ], [ -0.7244982, 37.6651781 ], [ -0.7244997, 37.6651855 ], [ -0.7244993, 37.6651938 ], [ -0.7244954, 37.6652051 ], [ -0.7244891, 37.6652187 ], [ -0.7244876, 37.6652274 ], [ -0.7244825, 37.6652378 ], [ -0.7244757, 37.66525 ], [ -0.7244697, 37.6652576 ], [ -0.7244613, 37.6652656 ], [ -0.7244463, 37.6652795 ], [ -0.724432, 37.6652915 ], [ -0.7244222, 37.6653059 ], [ -0.7244179, 37.6653146 ], [ -0.7244174, 37.6653237 ], [ -0.7244159, 37.6653319 ], [ -0.7244133, 37.6653396 ], [ -0.7244128, 37.6653539 ], [ -0.7244147, 37.6653603 ], [ -0.7244167, 37.6653625 ], [ -0.7244202, 37.6653641 ], [ -0.7244275, 37.6653663 ], [ -0.7244336, 37.6653662 ], [ -0.724437, 37.6653649 ], [ -0.7244424, 37.6653605 ], [ -0.7244466, 37.6653556 ], [ -0.7244508, 37.6653543 ], [ -0.7244605, 37.665355 ], [ -0.7244656, 37.665357 ], [ -0.7244691, 37.6653566 ], [ -0.7244872, 37.665351 ], [ -0.7245006, 37.6653464 ], [ -0.7245082, 37.6653453 ], [ -0.7245133, 37.6653462 ], [ -0.7245184, 37.6653463 ], [ -0.7245261, 37.6653452 ], [ -0.7245384, 37.66534 ], [ -0.7245947, 37.6653131 ], [ -0.72462, 37.6653017 ], [ -0.7246224, 37.665299 ], [ -0.7246268, 37.6652918 ], [ -0.724631, 37.6652855 ], [ -0.7246364, 37.6652801 ], [ -0.7246573, 37.6652766 ], [ -0.7246648, 37.6652763 ], [ -0.7246699, 37.6652782 ], [ -0.7246732, 37.6652811 ], [ -0.7246777, 37.6652839 ], [ -0.72469, 37.6652943 ], [ -0.7246961, 37.6653032 ], [ -0.7247043, 37.6653259 ], [ -0.7247062, 37.6653345 ], [ -0.7247088, 37.6653415 ], [ -0.7247114, 37.6653499 ], [ -0.7247186, 37.6653693 ], [ -0.7247289, 37.6654011 ], [ -0.7247309, 37.6654076 ], [ -0.7247322, 37.6654177 ], [ -0.724737, 37.6654293 ], [ -0.7247411, 37.6654436 ], [ -0.7247435, 37.6654523 ], [ -0.7247472, 37.6654616 ], [ -0.724753, 37.6654774 ], [ -0.7247602, 37.6654963 ], [ -0.7247657, 37.6655161 ], [ -0.7247655, 37.6655226 ], [ -0.7247624, 37.6655275 ], [ -0.7247557, 37.665536 ], [ -0.7247539, 37.6655379 ], [ -0.7247536, 37.6655434 ], [ -0.7247549, 37.6655549 ], [ -0.7247559, 37.6655585 ], [ -0.724758, 37.6655637 ], [ -0.7247635, 37.665571 ], [ -0.7247762, 37.6655843 ], [ -0.7247868, 37.6655932 ], [ -0.724799, 37.6656063 ], [ -0.7248045, 37.6656138 ], [ -0.7248143, 37.6656254 ], [ -0.7248191, 37.6656338 ], [ -0.7248201, 37.6656384 ], [ -0.7248203, 37.6656463 ], [ -0.7248211, 37.6656587 ], [ -0.7248262, 37.6656716 ], [ -0.7248326, 37.6656878 ], [ -0.7248452, 37.6657147 ], [ -0.7248536, 37.6657246 ], [ -0.7248596, 37.6657311 ], [ -0.7248641, 37.6657339 ], [ -0.7248686, 37.6657373 ], [ -0.7248736, 37.6657415 ], [ -0.7248803, 37.6657481 ], [ -0.7248846, 37.6657532 ], [ -0.7248866, 37.6657616 ], [ -0.7248869, 37.6657671 ], [ -0.7248873, 37.6657726 ], [ -0.7248881, 37.6657808 ], [ -0.724889, 37.66579 ], [ -0.7248936, 37.6658025 ], [ -0.7249038, 37.6658211 ], [ -0.7249039, 37.6658308 ], [ -0.7249054, 37.6658376 ], [ -0.7249268, 37.6658506 ], [ -0.7249311, 37.6658575 ], [ -0.7249343, 37.6658654 ], [ -0.7249339, 37.6658741 ], [ -0.7249344, 37.6658764 ], [ -0.7249406, 37.6658816 ], [ -0.724955, 37.6658943 ], [ -0.724967, 37.665912 ], [ -0.7249871, 37.6659414 ], [ -0.724993, 37.6659521 ], [ -0.7250008, 37.6659587 ], [ -0.725009, 37.6659681 ], [ -0.7250163, 37.6659756 ], [ -0.7250218, 37.6659798 ], [ -0.7250313, 37.6659865 ], [ -0.725036, 37.665987 ], [ -0.7250377, 37.6659848 ], [ -0.7250402, 37.6659826 ], [ -0.7250431, 37.665979 ], [ -0.725052, 37.6659738 ], [ -0.7250671, 37.6659709 ], [ -0.7250878, 37.6659714 ], [ -0.7251184, 37.6659741 ], [ -0.725151, 37.665978 ], [ -0.7251612, 37.6659796 ], [ -0.7251669, 37.6659839 ], [ -0.725166, 37.6659898 ], [ -0.725164, 37.6659953 ], [ -0.7251578, 37.6660213 ], [ -0.725157, 37.6660299 ], [ -0.7251573, 37.6660341 ], [ -0.7251611, 37.6660401 ], [ -0.7251646, 37.6660421 ], [ -0.7251707, 37.666045 ], [ -0.7251752, 37.6660487 ], [ -0.725175, 37.6660524 ], [ -0.7251743, 37.6660569 ], [ -0.7251718, 37.6660597 ], [ -0.7251671, 37.6660632 ], [ -0.7251653, 37.6660668 ], [ -0.725165, 37.6660737 ], [ -0.7251665, 37.6660801 ], [ -0.7251679, 37.6660866 ], [ -0.7251715, 37.6660958 ], [ -0.7251818, 37.6661121 ], [ -0.725188, 37.6661173 ], [ -0.7252042, 37.6661278 ], [ -0.7252191, 37.6661309 ], [ -0.7252383, 37.6661396 ], [ -0.7252686, 37.6661478 ], [ -0.7252823, 37.6661504 ], [ -0.7252889, 37.6661575 ], [ -0.7253045, 37.6661698 ], [ -0.7253248, 37.6661799 ], [ -0.725352, 37.6661911 ], [ -0.7253738, 37.6661967 ], [ -0.7253946, 37.6662068 ], [ -0.7254318, 37.6662449 ], [ -0.7254602, 37.6662698 ], [ -0.7254789, 37.6662895 ], [ -0.7254866, 37.6662985 ], [ -0.7254999, 37.666313 ], [ -0.7255145, 37.6663345 ], [ -0.7255355, 37.666357 ], [ -0.7255509, 37.6663766 ], [ -0.7255515, 37.6663904 ], [ -0.7255502, 37.6664059 ], [ -0.7255548, 37.6664212 ], [ -0.725561, 37.666441 ], [ -0.7255728, 37.666461 ], [ -0.7255813, 37.6664777 ], [ -0.7255883, 37.6664765 ], [ -0.7255977, 37.6664753 ], [ -0.7256096, 37.6664756 ], [ -0.7256164, 37.6664794 ], [ -0.7256167, 37.6664859 ], [ -0.725621, 37.6664942 ], [ -0.7256338, 37.6665198 ], [ -0.7256617, 37.6665718 ], [ -0.7256899, 37.6666275 ], [ -0.7257232, 37.6666901 ], [ -0.7257493, 37.6667421 ], [ -0.7257623, 37.6667773 ], [ -0.725772, 37.6667954 ], [ -0.7257854, 37.666804 ], [ -0.7257967, 37.6668098 ], [ -0.7258026, 37.6668213 ], [ -0.7258129, 37.6668353 ], [ -0.7258214, 37.6668548 ], [ -0.7258269, 37.666877 ], [ -0.7258383, 37.6669089 ], [ -0.7258551, 37.6669289 ], [ -0.7258672, 37.6669474 ], [ -0.7258762, 37.6669723 ], [ -0.7258924, 37.6670102 ], [ -0.7259156, 37.66705 ], [ -0.7259408, 37.6670931 ], [ -0.7259665, 37.6671407 ], [ -0.7259859, 37.6671663 ], [ -0.726, 37.6671748 ], [ -0.7260109, 37.6671782 ], [ -0.7260212, 37.6671788 ], [ -0.7260346, 37.6671754 ], [ -0.7260526, 37.6671697 ], [ -0.7260653, 37.6671704 ], [ -0.7260822, 37.6671817 ], [ -0.7260889, 37.6671896 ], [ -0.7260954, 37.6672025 ], [ -0.7261242, 37.6672613 ], [ -0.7261427, 37.6673042 ], [ -0.7261544, 37.6673365 ], [ -0.7261553, 37.6673494 ], [ -0.7261543, 37.6673622 ], [ -0.7261517, 37.6673713 ], [ -0.7261491, 37.667379 ], [ -0.726142, 37.6673845 ], [ -0.7261328, 37.6673879 ], [ -0.72612, 37.6673941 ], [ -0.7261163, 37.6674009 ], [ -0.7261165, 37.6674101 ], [ -0.7261232, 37.6674199 ], [ -0.726134, 37.6674421 ], [ -0.7261504, 37.6674785 ], [ -0.726154, 37.6674905 ], [ -0.7261561, 37.6675167 ], [ -0.7261644, 37.6675508 ], [ -0.7261761, 37.6675849 ], [ -0.7262006, 37.6676339 ], [ -0.7262147, 37.6676621 ], [ -0.7262297, 37.6676839 ], [ -0.7262508, 37.6677104 ], [ -0.7262728, 37.6677442 ], [ -0.7263011, 37.6677837 ], [ -0.7263049, 37.6678131 ], [ -0.7263172, 37.6678481 ], [ -0.7263324, 37.6678827 ], [ -0.7263494, 37.667906 ], [ -0.7263596, 37.6679337 ], [ -0.7263685, 37.6679664 ], [ -0.7263661, 37.6679888 ], [ -0.7263758, 37.6680105 ], [ -0.7263899, 37.6680447 ], [ -0.726395, 37.6680658 ], [ -0.7264089, 37.6680835 ], [ -0.7264246, 37.6680988 ], [ -0.7264446, 37.6681225 ], [ -0.7264611, 37.6681343 ], [ -0.7264923, 37.6681514 ], [ -0.7265122, 37.6681609 ], [ -0.7265265, 37.6681804 ], [ -0.7265368, 37.6682043 ], [ -0.7265519, 37.6682391 ], [ -0.7265593, 37.6682625 ], [ -0.7265754, 37.6682834 ], [ -0.7265931, 37.6683095 ], [ -0.7266175, 37.6683424 ], [ -0.7266387, 37.668368 ], [ -0.7266574, 37.6683981 ], [ -0.726682, 37.6684425 ], [ -0.7267019, 37.6684731 ], [ -0.7267217, 37.6685046 ], [ -0.7267466, 37.6685435 ], [ -0.7267631, 37.6685723 ], [ -0.7267733, 37.6685963 ], [ -0.7267875, 37.6686222 ], [ -0.727351, 37.6685929 ], [ -0.7284592, 37.6685293 ], [ -0.7298813, 37.6684476 ], [ -0.7318386, 37.6683352 ], [ -0.7319206, 37.6683237 ], [ -0.731969, 37.6683169 ], [ -0.7329202, 37.6683436 ], [ -0.733015, 37.6683463 ], [ -0.7330157, 37.6683452 ], [ -0.7330253, 37.6683266 ], [ -0.7330336, 37.6683125 ], [ -0.7330437, 37.6682975 ], [ -0.7330566, 37.6682866 ], [ -0.7330822, 37.6682733 ], [ -0.733102, 37.6682647 ], [ -0.7331163, 37.6682663 ], [ -0.7331278, 37.6682687 ], [ -0.7331522, 37.6682589 ], [ -0.7332039, 37.6682403 ], [ -0.7332567, 37.668218 ], [ -0.7332903, 37.668207 ], [ -0.7333223, 37.6681959 ], [ -0.7333536, 37.6681849 ], [ -0.7333779, 37.6681797 ], [ -0.7333993, 37.6681744 ], [ -0.7334109, 37.6681718 ], [ -0.7334184, 37.6681673 ], [ -0.7334319, 37.6681592 ], [ -0.7334417, 37.6681548 ], [ -0.7334638, 37.6681468 ], [ -0.7334858, 37.6681402 ], [ -0.7335147, 37.6681304 ], [ -0.7335316, 37.6681251 ], [ -0.7335496, 37.668118 ], [ -0.7335723, 37.6681055 ], [ -0.7335975, 37.6680911 ], [ -0.7336202, 37.6680725 ], [ -0.7336419, 37.6680611 ], [ -0.733665, 37.6680465 ], [ -0.7336875, 37.6680314 ], [ -0.7337031, 37.6680204 ], [ -0.7337228, 37.6680081 ], [ -0.7337493, 37.6680384 ], [ -0.7337847, 37.6680598 ], [ -0.7338289, 37.6680518 ], [ -0.7342593, 37.6678586 ], [ -0.734257, 37.6676721 ], [ -0.7336812, 37.66751 ], [ -0.7336722, 37.6675423 ], [ -0.7336622, 37.6675791 ], [ -0.7336507, 37.6675933 ], [ -0.7336344, 37.6676065 ], [ -0.7336247, 37.6676085 ], [ -0.7336086, 37.6676097 ], [ -0.733593, 37.6676108 ], [ -0.7335752, 37.667607 ], [ -0.7335236, 37.6675986 ], [ -0.7334835, 37.6675939 ], [ -0.7334611, 37.6675886 ], [ -0.7334335, 37.6675856 ], [ -0.7333863, 37.6675774 ], [ -0.7333499, 37.6675709 ], [ -0.7333319, 37.6675683 ], [ -0.7333072, 37.6675603 ], [ -0.7332861, 37.6675573 ], [ -0.7332689, 37.6675539 ], [ -0.7332563, 37.6675533 ], [ -0.733243, 37.6675531 ], [ -0.7332258, 37.6675492 ], [ -0.7332017, 37.6675425 ], [ -0.7331782, 37.6675371 ], [ -0.733161, 37.6675306 ], [ -0.7331175, 37.6675204 ], [ -0.7330694, 37.6675093 ], [ -0.733035, 37.6675011 ], [ -0.7330144, 37.6674971 ], [ -0.7330011, 37.6674947 ], [ -0.7329696, 37.6674925 ], [ -0.7329402, 37.6674881 ], [ -0.7329203, 37.6674814 ], [ -0.7328979, 37.6674761 ], [ -0.7328785, 37.6674685 ], [ -0.7328671, 37.6674633 ], [ -0.7328608, 37.667461 ], [ -0.732847, 37.6674603 ], [ -0.7328411, 37.667464 ], [ -0.7328417, 37.6674676 ], [ -0.7328405, 37.6674695 ], [ -0.7328353, 37.6674707 ], [ -0.7328237, 37.6674683 ], [ -0.7327959, 37.6674583 ], [ -0.732765, 37.6674447 ], [ -0.732753, 37.667439 ], [ -0.7327383, 37.6674265 ], [ -0.7327277, 37.6674113 ], [ -0.7327125, 37.6673928 ], [ -0.7327041, 37.6673789 ], [ -0.7326926, 37.6673536 ], [ -0.7326785, 37.6673145 ], [ -0.7326666, 37.6672722 ], [ -0.7326505, 37.6672193 ], [ -0.7326416, 37.6671766 ], [ -0.7326349, 37.6671376 ], [ -0.732626, 37.6670985 ], [ -0.7326156, 37.6670395 ], [ -0.7326084, 37.6670042 ], [ -0.7326091, 37.6669708 ], [ -0.7326099, 37.6669301 ], [ -0.7326097, 37.6668893 ], [ -0.7326089, 37.6668659 ], [ -0.7326073, 37.6668316 ], [ -0.7326101, 37.666782 ], [ -0.732612, 37.6667436 ], [ -0.7326167, 37.6667153 ], [ -0.7326239, 37.666698 ], [ -0.7326368, 37.6666573 ], [ -0.7326454, 37.6666327 ], [ -0.7326482, 37.6665809 ], [ -0.7326518, 37.6665425 ], [ -0.7326569, 37.6665224 ], [ -0.7326659, 37.6665023 ], [ -0.7326824, 37.666487 ], [ -0.7326989, 37.666463 ], [ -0.7327375, 37.6664355 ], [ -0.7327628, 37.6664124 ], [ -0.7327957, 37.6663844 ], [ -0.7328155, 37.6663677 ], [ -0.7328324, 37.6663583 ], [ -0.7328561, 37.6663517 ], [ -0.7328875, 37.6663439 ], [ -0.7329146, 37.6663378 ], [ -0.7329504, 37.6663346 ], [ -0.7329936, 37.6663355 ], [ -0.7330573, 37.6663419 ], [ -0.7331361, 37.6663502 ], [ -0.733186, 37.6663554 ], [ -0.7332045, 37.6663574 ], [ -0.7332251, 37.6663609 ], [ -0.7332337, 37.6663651 ], [ -0.7332412, 37.6663652 ], [ -0.7332924, 37.6663668 ], [ -0.7333016, 37.6663651 ], [ -0.7333292, 37.6663682 ], [ -0.7333619, 37.6663732 ], [ -0.7333816, 37.6663702 ], [ -0.7333987, 37.6663773 ], [ -0.7334191, 37.6663684 ], [ -0.7334706, 37.6663796 ], [ -0.7335547, 37.6663774 ], [ -0.7336046, 37.6663593 ], [ -0.7336334, 37.6663619 ], [ -0.7336723, 37.666363 ], [ -0.7337319, 37.6663339 ], [ -0.7337472, 37.6663251 ], [ -0.7337642, 37.6663191 ], [ -0.7337846, 37.6663126 ], [ -0.7338102, 37.6663037 ], [ -0.7338389, 37.666292 ], [ -0.7338782, 37.6662763 ], [ -0.7339243, 37.6662587 ], [ -0.7339507, 37.6662474 ], [ -0.7339706, 37.6662368 ], [ -0.7339936, 37.6662249 ], [ -0.7340125, 37.6662121 ], [ -0.7340326, 37.6661993 ], [ -0.7340689, 37.6661808 ], [ -0.7340901, 37.6661686 ], [ -0.7341025, 37.6661633 ], [ -0.734111, 37.6661645 ], [ -0.734118, 37.6661632 ], [ -0.7341222, 37.6661587 ], [ -0.7341241, 37.6661565 ], [ -0.7341265, 37.6661515 ], [ -0.7341331, 37.6661461 ], [ -0.7341413, 37.6661418 ], [ -0.7341813, 37.6661211 ], [ -0.7342201, 37.6661005 ], [ -0.7342448, 37.666085 ], [ -0.7342704, 37.6660645 ], [ -0.7342854, 37.6660488 ], [ -0.7342938, 37.6660413 ], [ -0.7343026, 37.6660341 ], [ -0.7343121, 37.6660293 ], [ -0.7343207, 37.6660281 ], [ -0.7343271, 37.6660255 ], [ -0.7343348, 37.6660225 ], [ -0.7343458, 37.6660191 ], [ -0.7343594, 37.6660125 ], [ -0.7343642, 37.6660076 ], [ -0.7343648, 37.6660044 ], [ -0.7343627, 37.6660016 ], [ -0.7343552, 37.6660006 ], [ -0.7343495, 37.6659995 ], [ -0.7343478, 37.6659967 ], [ -0.7343562, 37.6659896 ], [ -0.7343925, 37.6659602 ], [ -0.7344116, 37.6659413 ], [ -0.7344226, 37.6659259 ], [ -0.7344253, 37.665915 ], [ -0.7344285, 37.6659069 ], [ -0.7344322, 37.6658987 ], [ -0.7344366, 37.6658897 ], [ -0.7344397, 37.6658856 ], [ -0.7344444, 37.6658816 ], [ -0.7344503, 37.6658767 ], [ -0.7344582, 37.66587 ], [ -0.734479, 37.6658516 ], [ -0.734499, 37.6658242 ], [ -0.7345205, 37.6657893 ], [ -0.7345417, 37.6657459 ], [ -0.7345621, 37.6657092 ], [ -0.7345751, 37.6656857 ], [ -0.7345834, 37.6656643 ], [ -0.7345891, 37.6656511 ], [ -0.7346075, 37.6656204 ], [ -0.7346237, 37.6655882 ], [ -0.7346318, 37.665559 ], [ -0.7346344, 37.6655371 ], [ -0.7346345, 37.6655174 ], [ -0.7346345, 37.6655023 ], [ -0.7346275, 37.665476 ], [ -0.7346211, 37.6654461 ], [ -0.7346132, 37.6654101 ], [ -0.734605, 37.6653838 ], [ -0.734598, 37.6653589 ], [ -0.7345885, 37.665333 ], [ -0.7345789, 37.6653144 ], [ -0.7345738, 37.665295 ], [ -0.7345642, 37.6652618 ], [ -0.7345487, 37.6652293 ], [ -0.7345362, 37.6652084 ], [ -0.7345257, 37.6651944 ], [ -0.7345149, 37.6651777 ], [ -0.7345045, 37.6651627 ], [ -0.7344954, 37.6651456 ], [ -0.7344924, 37.6651331 ], [ -0.7344878, 37.665117 ], [ -0.7344791, 37.6651022 ], [ -0.7344693, 37.6650895 ], [ -0.7344578, 37.6650727 ], [ -0.7344465, 37.6650536 ], [ -0.7344338, 37.6650245 ], [ -0.7344222, 37.6649953 ], [ -0.7344159, 37.6649777 ], [ -0.7344104, 37.664957 ], [ -0.7344054, 37.6649358 ], [ -0.7344025, 37.6649219 ], [ -0.7343995, 37.6649109 ], [ -0.7343908, 37.6648974 ], [ -0.7343814, 37.6648852 ], [ -0.7343697, 37.6648767 ], [ -0.7343566, 37.6648691 ], [ -0.7343494, 37.6648635 ], [ -0.73434, 37.6648522 ], [ -0.7343186, 37.6648104 ], [ -0.7342935, 37.6647709 ], [ -0.7342781, 37.6647522 ], [ -0.7342619, 37.6647261 ], [ -0.7342354, 37.6646935 ], [ -0.7342146, 37.6646682 ], [ -0.7341948, 37.6646416 ], [ -0.7341771, 37.6646228 ], [ -0.734156, 37.6646008 ], [ -0.7341222, 37.6645666 ], [ -0.7341073, 37.6645506 ], [ -0.7340874, 37.6645253 ], [ -0.7340699, 37.6645029 ], [ -0.7340481, 37.6644837 ], [ -0.7340209, 37.664472 ], [ -0.7339963, 37.664454 ], [ -0.7339788, 37.6644439 ], [ -0.7339613, 37.6644357 ], [ -0.7339479, 37.6644235 ], [ -0.7339333, 37.6644117 ], [ -0.7339178, 37.6643967 ], [ -0.7339044, 37.6643854 ], [ -0.7338922, 37.6643723 ], [ -0.733882, 37.6643556 ], [ -0.73387, 37.6643355 ], [ -0.7338629, 37.6643111 ], [ -0.7338615, 37.6642702 ], [ -0.7338563, 37.6642128 ], [ -0.7338571, 37.6641587 ], [ -0.7338614, 37.664107 ], [ -0.7338782, 37.6640442 ], [ -0.7338911, 37.6640054 ], [ -0.7339017, 37.6639722 ], [ -0.7339188, 37.6639314 ], [ -0.7339326, 37.663901 ], [ -0.7339511, 37.663867 ], [ -0.7339681, 37.6638468 ], [ -0.7339782, 37.6638379 ], [ -0.7339975, 37.6638164 ], [ -0.7340383, 37.663788 ], [ -0.7340684, 37.663769 ], [ -0.7340908, 37.6637557 ], [ -0.7341015, 37.6637482 ], [ -0.7341086, 37.6637397 ], [ -0.7341193, 37.6637317 ], [ -0.7341405, 37.6637197 ], [ -0.7341683, 37.6636993 ], [ -0.734194, 37.6636614 ], [ -0.7342057, 37.6636402 ], [ -0.7342127, 37.6636242 ], [ -0.7342148, 37.6635986 ], [ -0.7342211, 37.6635722 ], [ -0.7342218, 37.6635506 ], [ -0.7342251, 37.6635392 ], [ -0.7342378, 37.6635253 ], [ -0.7342503, 37.6635123 ], [ -0.7342704, 37.6635 ], [ -0.7343093, 37.6634779 ], [ -0.7343623, 37.6634453 ], [ -0.7344123, 37.6634176 ], [ -0.7344519, 37.6633919 ], [ -0.7344767, 37.6633764 ], [ -0.7344965, 37.6633577 ], [ -0.7345036, 37.6633491 ], [ -0.7345027, 37.6633431 ], [ -0.7344861, 37.6632966 ], [ -0.7339656, 37.6629588 ], [ -0.7339373, 37.6629537 ], [ -0.7338035, 37.6630022 ], [ -0.7337744, 37.6630057 ], [ -0.7337633, 37.6629924 ], [ -0.7337007, 37.6629838 ], [ -0.7336899, 37.6629805 ], [ -0.7336675, 37.6629796 ], [ -0.7336477, 37.6629824 ], [ -0.7336237, 37.6629887 ], [ -0.7335938, 37.6629961 ], [ -0.733559, 37.6630061 ], [ -0.733535, 37.6630202 ], [ -0.7335014, 37.6630302 ], [ -0.7334549, 37.6630261 ], [ -0.7327004, 37.6629627 ], [ -0.7326392, 37.6629616 ], [ -0.7326198, 37.6629786 ], [ -0.7325975, 37.6630148 ], [ -0.7325768, 37.6630241 ], [ -0.7325465, 37.66302 ], [ -0.7325081, 37.6630184 ], [ -0.7324661, 37.6630153 ], [ -0.7324284, 37.6630105 ], [ -0.7323893, 37.6630074 ], [ -0.7323501, 37.6629998 ], [ -0.7323127, 37.6629912 ], [ -0.7322774, 37.6629833 ], [ -0.7322427, 37.6629777 ], [ -0.7322138, 37.6629691 ], [ -0.7321874, 37.6629588 ], [ -0.7321581, 37.6629572 ], [ -0.732135, 37.6629589 ], [ -0.7321135, 37.6629616 ], [ -0.7320956, 37.6629603 ], [ -0.7320698, 37.6629574 ], [ -0.7320312, 37.6629503 ], [ -0.731983, 37.6629459 ], [ -0.7319606, 37.6629441 ], [ -0.7319437, 37.6629474 ], [ -0.7319273, 37.66295 ], [ -0.7319137, 37.6629567 ], [ -0.7319016, 37.6629636 ], [ -0.7318869, 37.6629684 ], [ -0.7318721, 37.6629728 ], [ -0.7318538, 37.6629729 ], [ -0.7318402, 37.6629673 ], [ -0.7318201, 37.6629578 ], [ -0.7318027, 37.6629501 ], [ -0.7317798, 37.6629418 ], [ -0.7317571, 37.6629258 ], [ -0.7317015, 37.6629224 ], [ -0.7316544, 37.6629273 ], [ -0.7316389, 37.6629266 ], [ -0.7316142, 37.6629242 ], [ -0.7315897, 37.6629204 ], [ -0.7315636, 37.6629142 ], [ -0.731533, 37.6629065 ], [ -0.7315052, 37.6629003 ], [ -0.7314738, 37.6628874 ], [ -0.7314352, 37.6628697 ], [ -0.7314035, 37.6628528 ], [ -0.7313596, 37.6628366 ], [ -0.7313409, 37.6628335 ], [ -0.7313162, 37.6628311 ], [ -0.7312938, 37.6628297 ], [ -0.7312479, 37.6628254 ], [ -0.7311768, 37.6628201 ], [ -0.7311077, 37.6628102 ], [ -0.7310404, 37.6627995 ], [ -0.7309698, 37.6627869 ], [ -0.730898, 37.6627737 ], [ -0.7308229, 37.662759 ], [ -0.7307799, 37.6627472 ], [ -0.7307327, 37.6627369 ], [ -0.7306682, 37.6627189 ], [ -0.7306342, 37.6627106 ], [ -0.7305921, 37.6626937 ], [ -0.7305213, 37.6626663 ], [ -0.730432, 37.6626221 ], [ -0.7303514, 37.6625801 ], [ -0.7302897, 37.6625454 ], [ -0.7302473, 37.6625165 ], [ -0.7302031, 37.6624873 ], [ -0.7301478, 37.6624353 ], [ -0.730061, 37.6623367 ], [ -0.7300083, 37.6622609 ], [ -0.7299466, 37.6621476 ], [ -0.7299201, 37.6620826 ], [ -0.7298947, 37.6619999 ], [ -0.7298784, 37.6619136 ], [ -0.729883, 37.6618229 ], [ -0.7298944, 37.6617735 ], [ -0.7299043, 37.6617292 ], [ -0.7299069, 37.6616857 ], [ -0.7299049, 37.6616412 ], [ -0.7299127, 37.6615964 ], [ -0.7299301, 37.6615577 ], [ -0.7299464, 37.6615166 ], [ -0.7299694, 37.6614614 ], [ -0.7299854, 37.6614363 ], [ -0.7300024, 37.6614155 ], [ -0.7300277, 37.6613892 ], [ -0.7300597, 37.6613753 ], [ -0.7300989, 37.6613464 ], [ -0.7301006, 37.6613451 ], [ -0.7301539, 37.6613265 ], [ -0.7302009, 37.6613087 ], [ -0.7302584, 37.6612864 ], [ -0.7303254, 37.6612707 ], [ -0.7303778, 37.6612699 ], [ -0.7304504, 37.6612702 ], [ -0.7304993, 37.6612699 ], [ -0.7305606, 37.66126 ], [ -0.7306439, 37.6612394 ], [ -0.7306889, 37.6612289 ], [ -0.7307196, 37.6612233 ], [ -0.7307638, 37.6612018 ], [ -0.7307745, 37.6611854 ], [ -0.7307862, 37.6611731 ], [ -0.7308113, 37.6611532 ], [ -0.730837, 37.6611403 ], [ -0.7308738, 37.6611356 ], [ -0.7309003, 37.6611364 ], [ -0.7309192, 37.6611421 ], [ -0.7309255, 37.661144 ], [ -0.7309346, 37.6611506 ], [ -0.7309426, 37.6611561 ], [ -0.7309452, 37.6611667 ], [ -0.7309451, 37.6611749 ], [ -0.7309495, 37.6611882 ], [ -0.7309648, 37.6612008 ], [ -0.7309801, 37.6612079 ], [ -0.7309876, 37.661212 ], [ -0.7310001, 37.6612172 ], [ -0.7310233, 37.661212 ], [ -0.731053, 37.6611637 ], [ -0.73112, 37.6610931 ], [ -0.7311256, 37.661072 ], [ -0.7311584, 37.6610714 ], [ -0.731169, 37.6610895 ], [ -0.7311826, 37.6610992 ], [ -0.7312071, 37.6611178 ], [ -0.7312248, 37.661124 ], [ -0.7312413, 37.6611287 ], [ -0.7312563, 37.6611276 ], [ -0.7312864, 37.6611215 ], [ -0.7314488, 37.6610939 ], [ -0.7314868, 37.6610898 ], [ -0.7315049, 37.6610753 ], [ -0.7315294, 37.6610623 ], [ -0.7315525, 37.661058 ], [ -0.731571, 37.6610573 ], [ -0.7315848, 37.6610566 ], [ -0.7316038, 37.6610563 ], [ -0.731677, 37.6610479 ], [ -0.7316944, 37.6610468 ], [ -0.7317071, 37.661045 ], [ -0.7317594, 37.6610544 ], [ -0.7317684, 37.6610581 ], [ -0.7318025, 37.6610525 ], [ -0.7318315, 37.6610451 ], [ -0.7318447, 37.6610453 ], [ -0.731862, 37.6610436 ], [ -0.7318696, 37.6610391 ], [ -0.7318726, 37.6610313 ], [ -0.7318785, 37.661025 ], [ -0.7318877, 37.6610242 ], [ -0.7319004, 37.6610239 ], [ -0.7319108, 37.6610258 ], [ -0.7319256, 37.6610301 ], [ -0.7319393, 37.6610362 ], [ -0.731953, 37.661041 ], [ -0.731991, 37.6610413 ], [ -0.7320241, 37.6610321 ], [ -0.7320604, 37.6610311 ], [ -0.7320943, 37.6610288 ], [ -0.7321186, 37.6610249 ], [ -0.7322027, 37.6610199 ], [ -0.7322085, 37.66102 ], [ -0.7322132, 37.6610136 ], [ -0.732222, 37.6610082 ], [ -0.7322405, 37.661003 ], [ -0.7322567, 37.6610017 ], [ -0.7322629, 37.6610059 ], [ -0.7322738, 37.6610133 ], [ -0.7322789, 37.6610139 ], [ -0.7322858, 37.6610139 ], [ -0.7323065, 37.6610128 ], [ -0.7323233, 37.6610111 ], [ -0.732372, 37.6610218 ], [ -0.7324417, 37.6610189 ], [ -0.7324566, 37.6610246 ], [ -0.7324773, 37.6610253 ], [ -0.7325037, 37.6610306 ], [ -0.7325124, 37.6610284 ], [ -0.7325223, 37.661023 ], [ -0.7325333, 37.6610231 ], [ -0.7325423, 37.6610273 ], [ -0.7325487, 37.6610316 ], [ -0.7325543, 37.661033 ], [ -0.7325618, 37.6610317 ], [ -0.7325759, 37.6610208 ], [ -0.7325847, 37.661015 ], [ -0.7325871, 37.66101 ], [ -0.7326101, 37.6610107 ], [ -0.7326284, 37.6610141 ], [ -0.7326563, 37.661031 ], [ -0.7326743, 37.6610283 ], [ -0.7326961, 37.6610263 ], [ -0.7327256, 37.6610221 ], [ -0.7327325, 37.6610212 ], [ -0.7328507, 37.6610409 ], [ -0.7328813, 37.6610421 ], [ -0.7328967, 37.6610487 ], [ -0.7329099, 37.661048 ], [ -0.7329199, 37.6610385 ], [ -0.7329246, 37.6610349 ], [ -0.7329367, 37.6610345 ], [ -0.7329459, 37.6610347 ], [ -0.7329516, 37.6610365 ], [ -0.7329557, 37.6610374 ], [ -0.7329641, 37.6610458 ], [ -0.7329669, 37.6610518 ], [ -0.7329709, 37.661056 ], [ -0.7329824, 37.6610547 ], [ -0.7329996, 37.6610545 ], [ -0.733026, 37.6610575 ], [ -0.7330411, 37.6610591 ], [ -0.7330565, 37.6610605 ], [ -0.7330612, 37.6610606 ], [ -0.7330681, 37.6610611 ], [ -0.7330693, 37.6610594 ], [ -0.733074, 37.6610549 ], [ -0.7331646, 37.66107 ], [ -0.7331978, 37.6610787 ], [ -0.7332104, 37.661082 ], [ -0.7332322, 37.6610882 ], [ -0.733242, 37.6610874 ], [ -0.7332495, 37.6610856 ], [ -0.7332576, 37.661083 ], [ -0.7332618, 37.6610776 ], [ -0.7332641, 37.6610744 ], [ -0.7332682, 37.6610717 ], [ -0.733278, 37.6610718 ], [ -0.7332958, 37.661072 ], [ -0.7333016, 37.661072 ], [ -0.7333033, 37.6610743 ], [ -0.7333039, 37.6610758 ], [ -0.7333083, 37.6610822 ], [ -0.7333112, 37.6610846 ], [ -0.7333163, 37.6610887 ], [ -0.733322, 37.6610906 ], [ -0.733403, 37.6611007 ], [ -0.7334047, 37.6611034 ], [ -0.7334092, 37.6611085 ], [ -0.7334138, 37.6611113 ], [ -0.7334229, 37.661111 ], [ -0.7334432, 37.6611107 ], [ -0.7334593, 37.6611081 ], [ -0.7334685, 37.6611073 ], [ -0.7335012, 37.6611138 ], [ -0.7335276, 37.6611172 ], [ -0.7335477, 37.6611192 ], [ -0.7335626, 37.6611221 ], [ -0.7335783, 37.6611214 ], [ -0.7335915, 37.6611197 ], [ -0.7335996, 37.6611175 ], [ -0.7336106, 37.6611167 ], [ -0.7336204, 37.6611164 ], [ -0.7336313, 37.6611165 ], [ -0.7336446, 37.6611158 ], [ -0.7336514, 37.6611191 ], [ -0.7336593, 37.6611242 ], [ -0.7336713, 37.6611325 ], [ -0.7336776, 37.6611368 ], [ -0.7336844, 37.6611391 ], [ -0.7336948, 37.6611374 ], [ -0.7337063, 37.6611384 ], [ -0.7337155, 37.6611399 ], [ -0.7337241, 37.6611423 ], [ -0.733743, 37.6611467 ], [ -0.7337551, 37.6611495 ], [ -0.7337676, 37.6611524 ], [ -0.7337814, 37.6611534 ], [ -0.7337883, 37.6611545 ], [ -0.7338119, 37.6611584 ], [ -0.7338188, 37.6611599 ], [ -0.7338305, 37.6611623 ], [ -0.733929, 37.6611655 ], [ -0.7339497, 37.6611684 ], [ -0.7339799, 37.6611747 ], [ -0.7340039, 37.6611791 ], [ -0.7340377, 37.661185 ], [ -0.7340631, 37.6611963 ], [ -0.7340921, 37.6612044 ], [ -0.734107, 37.661207 ], [ -0.7341287, 37.6612131 ], [ -0.734147, 37.6612159 ], [ -0.7341687, 37.6612202 ], [ -0.7341881, 37.6612244 ], [ -0.7342199, 37.6612344 ], [ -0.734247, 37.6612452 ], [ -0.7342951, 37.6612689 ], [ -0.7343125, 37.6612781 ], [ -0.7343243, 37.6612867 ], [ -0.7343445, 37.6613102 ], [ -0.7343501, 37.6613159 ], [ -0.7343567, 37.661321 ], [ -0.7343652, 37.6613272 ], [ -0.7343797, 37.6613381 ], [ -0.7343921, 37.661356 ], [ -0.7343944, 37.6613582 ], [ -0.7343882, 37.6614177 ], [ -0.7344004, 37.6614323 ], [ -0.7344053, 37.6614393 ], [ -0.7344086, 37.6614444 ], [ -0.7344066, 37.6614508 ], [ -0.7344004, 37.6614579 ], [ -0.7343978, 37.6614638 ], [ -0.7343937, 37.6614926 ], [ -0.7343923, 37.6615261 ], [ -0.7343948, 37.6615495 ], [ -0.7343986, 37.6615657 ], [ -0.7344018, 37.6615741 ], [ -0.7344071, 37.6615842 ], [ -0.7344131, 37.6615917 ], [ -0.7344198, 37.6615965 ], [ -0.734422, 37.6615984 ], [ -0.7344265, 37.6616022 ], [ -0.7344269, 37.6616055 ], [ -0.7344318, 37.6616124 ], [ -0.7344384, 37.661619 ], [ -0.7344505, 37.6616327 ], [ -0.734454, 37.6616446 ], [ -0.7344525, 37.6616529 ], [ -0.734451, 37.6616616 ], [ -0.7344496, 37.6616675 ], [ -0.7344459, 37.661672 ], [ -0.7344417, 37.6616774 ], [ -0.7344381, 37.6616818 ], [ -0.734435, 37.6616846 ], [ -0.7344347, 37.6616927 ], [ -0.734455, 37.661702 ], [ -0.7344588, 37.6617058 ], [ -0.7344854, 37.6617469 ], [ -0.7345033, 37.6617735 ], [ -0.7345096, 37.6617847 ], [ -0.7345136, 37.6618008 ], [ -0.7345364, 37.6618303 ], [ -0.7345592, 37.6618653 ], [ -0.7345649, 37.6618792 ], [ -0.7345801, 37.6619025 ], [ -0.7345965, 37.6619228 ], [ -0.7346063, 37.6619358 ], [ -0.7346309, 37.661953 ], [ -0.7346669, 37.6619875 ], [ -0.7346828, 37.6620057 ], [ -0.7346943, 37.6620194 ], [ -0.7346994, 37.6620351 ], [ -0.7347045, 37.6620504 ], [ -0.7347086, 37.6620638 ], [ -0.7347133, 37.6620726 ], [ -0.7347202, 37.6620746 ], [ -0.7347271, 37.6620752 ], [ -0.7347397, 37.6620774 ], [ -0.7347458, 37.6620808 ], [ -0.7347554, 37.662087 ], [ -0.7347768, 37.6620977 ], [ -0.7347943, 37.662105 ], [ -0.7348079, 37.6621127 ], [ -0.7348189, 37.6621227 ], [ -0.7348273, 37.6621289 ], [ -0.7348395, 37.6621384 ], [ -0.7348506, 37.6621515 ], [ -0.7348547, 37.6621598 ], [ -0.7348562, 37.6621668 ], [ -0.734856, 37.6621718 ], [ -0.7348505, 37.6621799 ], [ -0.7348497, 37.6621831 ], [ -0.7348507, 37.6621868 ], [ -0.7348587, 37.6621902 ], [ -0.7348631, 37.6621922 ], [ -0.73487, 37.6621938 ], [ -0.7348747, 37.6621934 ], [ -0.7348854, 37.6621988 ], [ -0.7348968, 37.6622004 ], [ -0.7349032, 37.6621992 ], [ -0.7349101, 37.662198 ], [ -0.7349192, 37.662201 ], [ -0.7349354, 37.6622138 ], [ -0.7349374, 37.6622216 ], [ -0.7349621, 37.662249 ], [ -0.7349764, 37.6622507 ], [ -0.7349913, 37.6622557 ], [ -0.7350003, 37.6622605 ], [ -0.7350075, 37.6622648 ], [ -0.7350119, 37.6622705 ], [ -0.735014, 37.6622751 ], [ -0.7350168, 37.662278 ], [ -0.7350242, 37.6622786 ], [ -0.7350251, 37.6622851 ], [ -0.7350312, 37.6622902 ], [ -0.7350357, 37.6622927 ], [ -0.735051, 37.6623013 ], [ -0.7350559, 37.6623051 ], [ -0.735057, 37.662308 ], [ -0.7350586, 37.6623116 ], [ -0.7350658, 37.6623177 ], [ -0.7350769, 37.6623268 ], [ -0.7350846, 37.6623375 ], [ -0.7350901, 37.6623414 ], [ -0.7350934, 37.6623456 ], [ -0.7350977, 37.6623535 ], [ -0.7351007, 37.6623623 ], [ -0.7351073, 37.6623698 ], [ -0.7351116, 37.6623772 ], [ -0.7351138, 37.6623928 ], [ -0.7351105, 37.6624158 ], [ -0.7351121, 37.6624181 ], [ -0.7351114, 37.6624235 ], [ -0.7351047, 37.662432 ], [ -0.7351032, 37.6624389 ], [ -0.735104, 37.6624472 ], [ -0.735117, 37.6624659 ], [ -0.7351302, 37.6624809 ], [ -0.7351425, 37.66249 ], [ -0.7351547, 37.6625018 ], [ -0.7351811, 37.6625176 ], [ -0.73519, 37.6625238 ], [ -0.7351985, 37.6625276 ], [ -0.7352023, 37.6625319 ], [ -0.7352068, 37.6625347 ], [ -0.7352198, 37.6625411 ], [ -0.7352327, 37.6625497 ], [ -0.735249, 37.6625583 ], [ -0.7352591, 37.6625633 ], [ -0.7352686, 37.6625717 ], [ -0.7354128, 37.6625846 ], [ -0.7355963, 37.6625871 ], [ -0.7356292, 37.6625874 ], [ -0.7356339, 37.6625848 ], [ -0.7356427, 37.6625809 ], [ -0.7356474, 37.6625787 ], [ -0.7356535, 37.6625733 ], [ -0.7356647, 37.6625659 ], [ -0.7356695, 37.662561 ], [ -0.7356726, 37.6625564 ], [ -0.7356784, 37.6625548 ], [ -0.7356872, 37.6625518 ], [ -0.7356954, 37.6625469 ], [ -0.7357037, 37.6625445 ], [ -0.7357187, 37.6625412 ], [ -0.7357287, 37.6625369 ], [ -0.7357517, 37.6625265 ], [ -0.7357562, 37.6625256 ], [ -0.7357604, 37.6625239 ], [ -0.7357657, 37.6625213 ], [ -0.7357704, 37.6625201 ], [ -0.7357773, 37.6625189 ], [ -0.7357837, 37.6625177 ], [ -0.735792, 37.6625133 ], [ -0.7358009, 37.6625076 ], [ -0.7358085, 37.6625032 ], [ -0.7358313, 37.6624951 ], [ -0.7358354, 37.6624939 ], [ -0.7358418, 37.6624932 ], [ -0.7358453, 37.6624919 ], [ -0.735862, 37.6624794 ], [ -0.7358728, 37.6624687 ], [ -0.7358753, 37.6624642 ], [ -0.7358779, 37.6624579 ], [ -0.7358789, 37.6624478 ], [ -0.7358775, 37.6624409 ], [ -0.7358779, 37.6624308 ], [ -0.7358811, 37.6624254 ], [ -0.7358828, 37.6624236 ], [ -0.7358877, 37.6624178 ], [ -0.7358912, 37.6624142 ], [ -0.7359063, 37.6623995 ], [ -0.7359167, 37.6623874 ], [ -0.7359341, 37.6623704 ], [ -0.7359528, 37.6623516 ], [ -0.7359602, 37.6623519 ], [ -0.7359648, 37.662352 ], [ -0.7359706, 37.6623507 ], [ -0.7359766, 37.6623477 ], [ -0.7359784, 37.6623431 ], [ -0.7359815, 37.6623382 ], [ -0.7359864, 37.6623333 ], [ -0.7359881, 37.6623337 ], [ -0.735992, 37.6623375 ], [ -0.7359958, 37.6623428 ], [ -0.7360034, 37.6623534 ], [ -0.7360141, 37.6623601 ], [ -0.7360208, 37.6623621 ], [ -0.7360297, 37.6623578 ], [ -0.7360315, 37.6623556 ], [ -0.7360481, 37.6623432 ], [ -0.7360564, 37.6623398 ], [ -0.7360682, 37.6623318 ], [ -0.7360689, 37.6623305 ], [ -0.7360702, 37.6623263 ], [ -0.7360704, 37.6623223 ], [ -0.7360719, 37.6623158 ], [ -0.7360744, 37.6623105 ], [ -0.7360779, 37.6623073 ], [ -0.736088, 37.6623016 ], [ -0.7360943, 37.6623004 ], [ -0.7360992, 37.6622969 ], [ -0.7361083, 37.6622857 ], [ -0.7361125, 37.6622803 ], [ -0.7361239, 37.6622709 ], [ -0.736125, 37.6622705 ], [ -0.7361315, 37.662267 ], [ -0.736144, 37.6622604 ], [ -0.7361481, 37.6622578 ], [ -0.7361569, 37.6622526 ], [ -0.736166, 37.6622446 ], [ -0.7361703, 37.6622387 ], [ -0.7361757, 37.662231 ], [ -0.7362041, 37.6622126 ], [ -0.7362295, 37.6621995 ], [ -0.7362389, 37.6621942 ], [ -0.736245, 37.6621898 ], [ -0.7362626, 37.6621806 ], [ -0.7362686, 37.6621868 ], [ -0.7362685, 37.6621886 ], [ -0.7362762, 37.6621984 ], [ -0.7362797, 37.6621981 ], [ -0.7362861, 37.6621968 ], [ -0.7362914, 37.6621947 ], [ -0.7362961, 37.6621925 ], [ -0.7362995, 37.6621908 ], [ -0.7363133, 37.662193 ], [ -0.7363202, 37.6621932 ], [ -0.7363296, 37.6621888 ], [ -0.7363363, 37.6621822 ], [ -0.7363405, 37.6621773 ], [ -0.7363436, 37.6621731 ], [ -0.7363443, 37.6621691 ], [ -0.7363417, 37.6621626 ], [ -0.7363425, 37.6621594 ], [ -0.7363455, 37.6621558 ], [ -0.7363497, 37.6621532 ], [ -0.7363539, 37.6621482 ], [ -0.7363593, 37.662142 ], [ -0.7363635, 37.662138 ], [ -0.7363655, 37.6621302 ], [ -0.7363682, 37.6621225 ], [ -0.7363713, 37.6621171 ], [ -0.7363735, 37.6621088 ], [ -0.7363844, 37.662095 ], [ -0.7363934, 37.6620883 ], [ -0.7364023, 37.6620808 ], [ -0.7364099, 37.6620768 ], [ -0.7364193, 37.6620725 ], [ -0.7364346, 37.6620656 ], [ -0.7364488, 37.6620587 ], [ -0.736459, 37.6620474 ], [ -0.7364609, 37.6620434 ], [ -0.7364618, 37.6620369 ], [ -0.7364632, 37.662032 ], [ -0.7364638, 37.6620292 ], [ -0.7364686, 37.6620257 ], [ -0.7364758, 37.6620194 ], [ -0.7364789, 37.6620154 ], [ -0.7364821, 37.6620068 ], [ -0.7364829, 37.6620017 ], [ -0.7364798, 37.6619929 ], [ -0.7364801, 37.6619861 ], [ -0.7364827, 37.6619802 ], [ -0.7364916, 37.6619749 ], [ -0.7365012, 37.6619642 ], [ -0.736509, 37.661958 ], [ -0.7365207, 37.6619528 ], [ -0.7365271, 37.6619516 ], [ -0.7365342, 37.6619485 ], [ -0.7365437, 37.6619424 ], [ -0.7365461, 37.6619374 ], [ -0.7365483, 37.6619292 ], [ -0.7365531, 37.661923 ], [ -0.7365637, 37.6619191 ], [ -0.7365719, 37.6619148 ], [ -0.7365765, 37.6619126 ], [ -0.7365961, 37.6618883 ], [ -0.7366068, 37.6618789 ], [ -0.7366197, 37.6618605 ], [ -0.736636, 37.6618417 ], [ -0.7366481, 37.6618296 ], [ -0.7366623, 37.6618199 ], [ -0.7366801, 37.6618099 ], [ -0.7366928, 37.6618097 ], [ -0.7367065, 37.6618124 ], [ -0.7367151, 37.6618131 ], [ -0.7367238, 37.661812 ], [ -0.736741, 37.6618023 ], [ -0.7367497, 37.6617984 ], [ -0.7367556, 37.6617945 ], [ -0.7367604, 37.6617918 ], [ -0.7367682, 37.6617847 ], [ -0.7367811, 37.6617791 ], [ -0.736791, 37.6617766 ], [ -0.7368009, 37.6617727 ], [ -0.7368079, 37.6617716 ], [ -0.7368125, 37.6617717 ], [ -0.7368167, 37.6617695 ], [ -0.7368204, 37.6617623 ], [ -0.7368213, 37.6617577 ], [ -0.7368225, 37.6617531 ], [ -0.7368252, 37.6617459 ], [ -0.7368273, 37.6617382 ], [ -0.7368293, 37.66173 ], [ -0.7368355, 37.6617214 ], [ -0.7368418, 37.6617087 ], [ -0.7368454, 37.6617028 ], [ -0.7368537, 37.6616838 ], [ -0.7368595, 37.6616711 ], [ -0.7368676, 37.6616562 ], [ -0.7368719, 37.6616499 ], [ -0.7368803, 37.6616432 ], [ -0.736895, 37.6616341 ], [ -0.7368989, 37.6615988 ], [ -0.7369012, 37.6615852 ], [ -0.736901, 37.6615783 ], [ -0.7368991, 37.6615548 ], [ -0.7368993, 37.6615484 ], [ -0.7369002, 37.6615278 ], [ -0.7368951, 37.6615111 ], [ -0.736895, 37.6615001 ], [ -0.7368977, 37.6614782 ], [ -0.7368988, 37.6614663 ], [ -0.7369049, 37.6614587 ], [ -0.736919, 37.6614406 ], [ -0.7369515, 37.6614058 ], [ -0.736983, 37.6613718 ], [ -0.737015, 37.6613369 ], [ -0.7370543, 37.6612953 ], [ -0.7370999, 37.6612529 ], [ -0.7371263, 37.6612289 ], [ -0.737157, 37.6611985 ], [ -0.7371898, 37.661171 ], [ -0.7372344, 37.6611396 ], [ -0.7372648, 37.6611152 ], [ -0.7373064, 37.6610866 ], [ -0.7373352, 37.6610603 ], [ -0.737343, 37.661054 ], [ -0.7373646, 37.6610454 ], [ -0.737384, 37.6610354 ], [ -0.7374035, 37.661024 ], [ -0.7374774, 37.660993 ], [ -0.7374987, 37.6609958 ], [ -0.7375106, 37.6609985 ], [ -0.7375349, 37.6609996 ], [ -0.737541, 37.6610011 ], [ -0.7375537, 37.6610015 ], [ -0.7375567, 37.6610011 ], [ -0.7375637, 37.6609976 ], [ -0.7375736, 37.660996 ], [ -0.7375792, 37.6609975 ], [ -0.7376087, 37.6610094 ], [ -0.7376141, 37.6610074 ], [ -0.7376147, 37.6610042 ], [ -0.7376153, 37.6610027 ], [ -0.7376185, 37.6609968 ], [ -0.7376209, 37.6609941 ], [ -0.7376221, 37.6609937 ], [ -0.7376307, 37.6609939 ], [ -0.7376324, 37.6609944 ], [ -0.7376433, 37.6609965 ], [ -0.737645, 37.660997 ], [ -0.7376546, 37.6610023 ], [ -0.7376646, 37.6610081 ], [ -0.7376681, 37.6610105 ], [ -0.7376741, 37.6610148 ], [ -0.7376816, 37.6610163 ], [ -0.7376844, 37.6610178 ], [ -0.7376884, 37.6610206 ], [ -0.7376969, 37.6610218 ], [ -0.7377039, 37.661021 ], [ -0.7377062, 37.6610174 ], [ -0.7377082, 37.6610115 ], [ -0.7377086, 37.6610056 ], [ -0.7377075, 37.6610019 ], [ -0.7377056, 37.6609955 ], [ -0.7377085, 37.6609923 ], [ -0.7377103, 37.6609923 ], [ -0.7377183, 37.6609939 ], [ -0.7377269, 37.660996 ], [ -0.7377325, 37.6609975 ], [ -0.7377371, 37.660999 ], [ -0.7377484, 37.6610035 ], [ -0.737764, 37.6610016 ], [ -0.7377694, 37.6609976 ], [ -0.7377809, 37.660997 ], [ -0.7377885, 37.6609953 ], [ -0.7377955, 37.6609937 ], [ -0.7378076, 37.6609936 ], [ -0.7378169, 37.6609907 ], [ -0.7378338, 37.6609856 ], [ -0.7378455, 37.6609822 ], [ -0.7378541, 37.6609833 ], [ -0.7378648, 37.6609869 ], [ -0.7378741, 37.6609885 ], [ -0.7378877, 37.6609916 ], [ -0.7379031, 37.6609952 ], [ -0.7379181, 37.660997 ], [ -0.7379366, 37.660997 ], [ -0.7379468, 37.6609996 ], [ -0.7379537, 37.6610011 ], [ -0.737965, 37.6610029 ], [ -0.7379742, 37.661005 ], [ -0.7379839, 37.6610066 ], [ -0.7379976, 37.6610087 ], [ -0.7380073, 37.6610099 ], [ -0.7380228, 37.6610117 ], [ -0.7380337, 37.6610139 ], [ -0.73804, 37.6610154 ], [ -0.7380451, 37.6610187 ], [ -0.7380535, 37.6610236 ], [ -0.738066, 37.6610266 ], [ -0.7380768, 37.6610297 ], [ -0.7380911, 37.6610319 ], [ -0.738102, 37.6610336 ], [ -0.7381186, 37.6610363 ], [ -0.738138, 37.6610396 ], [ -0.7381415, 37.6610401 ], [ -0.7381576, 37.6610419 ], [ -0.7381706, 37.6610451 ], [ -0.7381861, 37.6610473 ], [ -0.7382062, 37.6610511 ], [ -0.738217, 37.6610527 ], [ -0.7382285, 37.6610539 ], [ -0.738254, 37.661062 ], [ -0.7383007, 37.6610756 ], [ -0.7383087, 37.661078 ], [ -0.7383155, 37.6610792 ], [ -0.7383248, 37.661079 ], [ -0.7383352, 37.6610769 ], [ -0.7383468, 37.6610741 ], [ -0.7383509, 37.6610742 ], [ -0.7383561, 37.6610753 ], [ -0.7383605, 37.6610776 ], [ -0.7383633, 37.6610796 ], [ -0.738369, 37.661082 ], [ -0.7383787, 37.6610859 ], [ -0.7383894, 37.6610912 ], [ -0.7383916, 37.6610922 ], [ -0.738407, 37.6610963 ], [ -0.7384156, 37.661098 ], [ -0.7384361, 37.6611012 ], [ -0.7384482, 37.661102 ], [ -0.7384694, 37.6611058 ], [ -0.7385334, 37.6611029 ], [ -0.7385776, 37.6610936 ], [ -0.7385794, 37.6610936 ], [ -0.7385868, 37.6610943 ], [ -0.7385902, 37.6610952 ], [ -0.7386015, 37.6611006 ], [ -0.7386152, 37.6611065 ], [ -0.738627, 37.6611123 ], [ -0.7386354, 37.6611167 ], [ -0.7386428, 37.6611191 ], [ -0.7386486, 37.6611192 ], [ -0.7386599, 37.661121 ], [ -0.7386674, 37.6611212 ], [ -0.7386848, 37.6611221 ], [ -0.7386969, 37.6611201 ], [ -0.7387014, 37.661123 ], [ -0.7387076, 37.6611268 ], [ -0.7387137, 37.6611307 ], [ -0.7387217, 37.6611345 ], [ -0.7387344, 37.6611335 ], [ -0.7387432, 37.6611283 ], [ -0.7387521, 37.6611225 ], [ -0.7387609, 37.6611187 ], [ -0.7387759, 37.6611172 ], [ -0.7387919, 37.6611209 ], [ -0.7388057, 37.6611217 ], [ -0.7388212, 37.6611235 ], [ -0.7388338, 37.6611256 ], [ -0.738881, 37.6611398 ], [ -0.7389173, 37.6611389 ], [ -0.7389241, 37.6611437 ], [ -0.7389347, 37.6611521 ], [ -0.7389392, 37.6611532 ], [ -0.738961, 37.6611556 ], [ -0.739011, 37.6611606 ], [ -0.7390207, 37.6611627 ], [ -0.7390368, 37.6611613 ], [ -0.7390468, 37.6611566 ], [ -0.7390498, 37.6611535 ], [ -0.7390482, 37.6611484 ], [ -0.7390491, 37.6611419 ], [ -0.7390512, 37.6611333 ], [ -0.7390546, 37.6611219 ], [ -0.7390571, 37.6611188 ], [ -0.7390657, 37.6611194 ], [ -0.7390701, 37.6611242 ], [ -0.7390789, 37.6611313 ], [ -0.7391041, 37.6611498 ], [ -0.7391292, 37.6611693 ], [ -0.7391556, 37.6611856 ], [ -0.7391843, 37.6611887 ], [ -0.7391964, 37.6611885 ], [ -0.7392143, 37.6611886 ], [ -0.7392333, 37.661189 ], [ -0.739251, 37.6611905 ], [ -0.7392693, 37.6611932 ], [ -0.7392981, 37.6611949 ], [ -0.7393251, 37.661197 ], [ -0.7393531, 37.6612024 ], [ -0.7393709, 37.6612024 ], [ -0.7394039, 37.6611978 ], [ -0.7394379, 37.6612006 ], [ -0.7394454, 37.6611994 ], [ -0.7394607, 37.6612048 ], [ -0.739476, 37.6612093 ], [ -0.7394966, 37.6612145 ], [ -0.7395085, 37.661218 ], [ -0.7395268, 37.6612203 ], [ -0.7395447, 37.661223 ], [ -0.7395572, 37.6612225 ], [ -0.739573, 37.6612202 ], [ -0.7395932, 37.6612189 ], [ -0.7396098, 37.6612203 ], [ -0.739627, 37.661223 ], [ -0.7396476, 37.6612272 ], [ -0.7396608, 37.6612281 ], [ -0.7396748, 37.661223 ], [ -0.7396814, 37.6612176 ], [ -0.7396867, 37.6612141 ], [ -0.7396953, 37.6612148 ], [ -0.7397087, 37.6612257 ], [ -0.7397275, 37.6612317 ], [ -0.7397361, 37.6612323 ], [ -0.7397452, 37.6612326 ], [ -0.7397687, 37.661236 ], [ -0.7397974, 37.6612386 ], [ -0.7400727, 37.6612831 ], [ -0.7400893, 37.661285 ], [ -0.7401077, 37.6612854 ], [ -0.7401312, 37.6612884 ], [ -0.7401536, 37.6612904 ], [ -0.7401777, 37.6612928 ], [ -0.7401945, 37.6612905 ], [ -0.7402074, 37.6612845 ], [ -0.740224, 37.6612756 ], [ -0.740228, 37.661273 ], [ -0.7402388, 37.661266 ], [ -0.740253, 37.6612581 ], [ -0.7402648, 37.6612502 ], [ -0.74029, 37.6612421 ], [ -0.7402958, 37.6612391 ], [ -0.7403159, 37.6612282 ], [ -0.7403196, 37.6612223 ], [ -0.7403292, 37.6612111 ], [ -0.7403304, 37.6612101 ], [ -0.7403347, 37.6612062 ], [ -0.7403387, 37.6612082 ], [ -0.7403403, 37.6612091 ], [ -0.7403419, 37.661211 ], [ -0.7403498, 37.6612158 ], [ -0.7403531, 37.6612191 ], [ -0.7403617, 37.6612203 ], [ -0.7403847, 37.6612222 ], [ -0.7403974, 37.6612212 ], [ -0.7404067, 37.6612201 ], [ -0.7404093, 37.6612137 ], [ -0.7404119, 37.6612055 ], [ -0.7404152, 37.6611955 ], [ -0.7404191, 37.6611846 ], [ -0.7404289, 37.6611721 ], [ -0.7404377, 37.6611553 ], [ -0.7404401, 37.6611379 ], [ -0.7404568, 37.6611265 ], [ -0.7404585, 37.6610995 ], [ -0.7404711, 37.6610741 ], [ -0.7404784, 37.6610656 ], [ -0.7404905, 37.6610508 ], [ -0.7405027, 37.6610379 ], [ -0.7405101, 37.6610248 ], [ -0.7405099, 37.6610165 ], [ -0.7405019, 37.6610015 ], [ -0.7404962, 37.6609872 ], [ -0.7404916, 37.6609733 ], [ -0.7404883, 37.6609549 ], [ -0.740483, 37.6609323 ], [ -0.74048, 37.6609093 ], [ -0.7404782, 37.6608964 ], [ -0.740477, 37.660884 ], [ -0.7404761, 37.660866 ], [ -0.7404755, 37.66085 ], [ -0.740475, 37.6608357 ], [ -0.7404778, 37.6608116 ], [ -0.7404882, 37.6607976 ], [ -0.7404958, 37.6607941 ], [ -0.7405072, 37.6607862 ], [ -0.7405152, 37.6607699 ], [ -0.7405163, 37.6607612 ], [ -0.7405155, 37.6607511 ], [ -0.7405151, 37.6607337 ], [ -0.7405127, 37.6607254 ], [ -0.7405122, 37.6606928 ], [ -0.7405068, 37.6606849 ], [ -0.7404984, 37.6606286 ], [ -0.7404971, 37.6606153 ], [ -0.740495, 37.6605987 ], [ -0.740494, 37.6605808 ], [ -0.7404948, 37.6605621 ], [ -0.7404944, 37.6605437 ], [ -0.7404918, 37.6605258 ], [ -0.7404872, 37.6604995 ], [ -0.7404847, 37.6604775 ], [ -0.7404823, 37.660465 ], [ -0.7404782, 37.6604401 ], [ -0.7404726, 37.660423 ], [ -0.7404623, 37.6604071 ], [ -0.7404566, 37.6603795 ], [ -0.7404501, 37.6603688 ], [ -0.7404479, 37.660354 ], [ -0.7404456, 37.6603402 ], [ -0.7404458, 37.6603356 ], [ -0.7404418, 37.6603217 ], [ -0.7404323, 37.6603023 ], [ -0.7404278, 37.6602851 ], [ -0.7404198, 37.6602684 ], [ -0.7403996, 37.6602431 ], [ -0.7403944, 37.6602319 ], [ -0.7403951, 37.660226 ], [ -0.7404024, 37.6602198 ], [ -0.7404088, 37.6602159 ], [ -0.7404127, 37.6602086 ], [ -0.7404096, 37.6601984 ], [ -0.7404072, 37.6601892 ], [ -0.7404115, 37.6601807 ], [ -0.7404178, 37.6601698 ], [ -0.7404191, 37.6601657 ], [ -0.740419, 37.6601551 ], [ -0.7404194, 37.6601437 ], [ -0.7404167, 37.6601276 ], [ -0.7404117, 37.6601096 ], [ -0.7404094, 37.6600944 ], [ -0.7404085, 37.6600797 ], [ -0.7404037, 37.6600685 ], [ -0.7404, 37.6600464 ], [ -0.7403916, 37.6600288 ], [ -0.7403764, 37.6600054 ], [ -0.7403758, 37.659994 ], [ -0.7403751, 37.6599824 ], [ -0.7403777, 37.6599775 ], [ -0.7403819, 37.6599716 ], [ -0.7403856, 37.6599662 ], [ -0.7403842, 37.6599593 ], [ -0.740382, 37.6599552 ], [ -0.7403753, 37.6599503 ], [ -0.7403709, 37.6599475 ], [ -0.7403669, 37.659945 ], [ -0.7403593, 37.6599352 ], [ -0.7403578, 37.6599288 ], [ -0.7403554, 37.6599196 ], [ -0.7403559, 37.6599076 ], [ -0.7403598, 37.6598986 ], [ -0.7403623, 37.6598918 ], [ -0.7403726, 37.6598682 ], [ -0.7403711, 37.6598603 ], [ -0.7403702, 37.6598548 ], [ -0.7403704, 37.6598383 ], [ -0.7403682, 37.6598227 ], [ -0.7403706, 37.6598058 ], [ -0.7403722, 37.6597962 ], [ -0.7403686, 37.6597856 ], [ -0.7403586, 37.659777 ], [ -0.7403476, 37.6597648 ], [ -0.7403408, 37.65975 ], [ -0.7403331, 37.6597396 ], [ -0.740324, 37.6597247 ], [ -0.7403211, 37.6597123 ], [ -0.7403232, 37.6597018 ], [ -0.7403288, 37.6596937 ], [ -0.7403293, 37.6596804 ], [ -0.7403226, 37.659661 ], [ -0.7403069, 37.6596514 ], [ -0.7402957, 37.6596428 ], [ -0.7402921, 37.6596354 ], [ -0.740286, 37.6596178 ], [ -0.7402857, 37.6596095 ], [ -0.7402846, 37.6595967 ], [ -0.7402793, 37.6595827 ], [ -0.7402747, 37.6595721 ], [ -0.7402699, 37.65956 ], [ -0.7402653, 37.6595498 ], [ -0.7402583, 37.6595377 ], [ -0.7402551, 37.6595302 ], [ -0.740248, 37.6595214 ], [ -0.7402351, 37.6595123 ], [ -0.7402246, 37.6595033 ], [ -0.7402187, 37.6594904 ], [ -0.7402135, 37.6594805 ], [ -0.7402015, 37.6594641 ], [ -0.7401896, 37.6594465 ], [ -0.7401766, 37.6594273 ], [ -0.7401602, 37.659408 ], [ -0.7401446, 37.6593921 ], [ -0.7401302, 37.6593784 ], [ -0.7401068, 37.6593617 ], [ -0.74009, 37.6593543 ], [ -0.7400876, 37.6593534 ], [ -0.7400874, 37.659351 ], [ -0.7400859, 37.6593363 ], [ -0.7400753, 37.6593177 ], [ -0.7400721, 37.6593108 ], [ -0.7400649, 37.6593047 ], [ -0.74006, 37.6592999 ], [ -0.7400493, 37.6592914 ], [ -0.7400443, 37.6592876 ], [ -0.7400369, 37.6592845 ], [ -0.7400358, 37.6592841 ], [ -0.740032, 37.6592799 ], [ -0.7400307, 37.6592763 ], [ -0.7400288, 37.6592715 ], [ -0.7400235, 37.6592609 ], [ -0.7400172, 37.6592488 ], [ -0.7400046, 37.6592324 ], [ -0.7400012, 37.6592181 ], [ -0.7399914, 37.6592045 ], [ -0.7399829, 37.6592015 ], [ -0.739979, 37.6591973 ], [ -0.739977, 37.6591899 ], [ -0.7399769, 37.6591799 ], [ -0.739975, 37.6591688 ], [ -0.7399721, 37.659159 ], [ -0.7399603, 37.6591496 ], [ -0.7399486, 37.6591397 ], [ -0.7399385, 37.6591348 ], [ -0.7399269, 37.6591235 ], [ -0.7399063, 37.659106 ], [ -0.7398837, 37.6590834 ], [ -0.7398798, 37.6590805 ], [ -0.7398681, 37.6590692 ], [ -0.7398615, 37.6590658 ], [ -0.7398489, 37.6590595 ], [ -0.7398356, 37.6590499 ], [ -0.7398322, 37.6590462 ], [ -0.7398261, 37.6590401 ], [ -0.7398153, 37.6590237 ], [ -0.7398032, 37.6590114 ], [ -0.7397967, 37.6590003 ], [ -0.739788, 37.6589899 ], [ -0.7397765, 37.6589759 ], [ -0.7397554, 37.6589584 ], [ -0.7397344, 37.6589386 ], [ -0.7397183, 37.658923 ], [ -0.7397047, 37.6589019 ], [ -0.7396966, 37.6588903 ], [ -0.7396867, 37.65888 ], [ -0.7396785, 37.6588688 ], [ -0.7396658, 37.658845 ], [ -0.7396569, 37.6588251 ], [ -0.7396491, 37.6588165 ], [ -0.7396387, 37.6588053 ], [ -0.7396277, 37.6587926 ], [ -0.7396116, 37.6587784 ], [ -0.7395948, 37.658766 ], [ -0.7395734, 37.6587573 ], [ -0.7395535, 37.6587479 ], [ -0.7395359, 37.6587438 ], [ -0.7395244, 37.6587421 ], [ -0.7395078, 37.6587389 ], [ -0.7394951, 37.6587395 ], [ -0.739472, 37.6587421 ], [ -0.7394652, 37.6587401 ], [ -0.7394609, 37.6587326 ], [ -0.7394584, 37.6587247 ], [ -0.7394494, 37.6587159 ], [ -0.7394361, 37.6587059 ], [ -0.7394295, 37.6586984 ], [ -0.7393914, 37.6586607 ], [ -0.7393703, 37.6586417 ], [ -0.7393586, 37.6586332 ], [ -0.7393405, 37.6586249 ], [ -0.7393239, 37.6586199 ], [ -0.7393079, 37.6586167 ], [ -0.7392489, 37.6585981 ], [ -0.739231, 37.6585843 ], [ -0.739206, 37.6585759 ], [ -0.739177, 37.6585682 ], [ -0.7391559, 37.6585626 ], [ -0.7391246, 37.6585531 ], [ -0.7391098, 37.658549 ], [ -0.7390922, 37.6585425 ], [ -0.7390652, 37.6585304 ], [ -0.739055, 37.6585242 ], [ -0.739038, 37.6585195 ], [ -0.7390203, 37.6585136 ], [ -0.7390068, 37.6585068 ], [ -0.7389897, 37.6585036 ], [ -0.738972, 37.6584989 ], [ -0.7389567, 37.6584935 ], [ -0.7389363, 37.6584856 ], [ -0.7389187, 37.6584769 ], [ -0.7388962, 37.6584662 ], [ -0.7388844, 37.6584591 ], [ -0.7388726, 37.6584527 ], [ -0.7388543, 37.6584499 ], [ -0.7388284, 37.6584474 ], [ -0.7388107, 37.6584456 ], [ -0.7387985, 37.6584452 ], [ -0.7387679, 37.6584357 ], [ -0.7387228, 37.658413 ], [ -0.7387139, 37.658404 ], [ -0.7387078, 37.6584002 ], [ -0.7387025, 37.6584019 ], [ -0.7386987, 37.6583972 ], [ -0.7386964, 37.6583953 ], [ -0.7386851, 37.6583909 ], [ -0.7386634, 37.6583844 ], [ -0.7386532, 37.6583817 ], [ -0.738636, 37.6583809 ], [ -0.7386096, 37.6583774 ], [ -0.7385797, 37.6583743 ], [ -0.7385616, 37.6583673 ], [ -0.7385481, 37.6583615 ], [ -0.7385442, 37.6583591 ], [ -0.7385252, 37.6583563 ], [ -0.7385088, 37.6583518 ], [ -0.7384898, 37.658349 ], [ -0.7384768, 37.6583453 ], [ -0.7384647, 37.6583437 ], [ -0.7384544, 37.6583421 ], [ -0.7384424, 37.6583408 ], [ -0.7384331, 37.6583424 ], [ -0.7384138, 37.6583478 ], [ -0.7384008, 37.6583429 ], [ -0.738394, 37.6583413 ], [ -0.7383815, 37.6583386 ], [ -0.7383631, 37.658335 ], [ -0.7383529, 37.6583315 ], [ -0.7383125, 37.6583199 ], [ -0.7382853, 37.6583114 ], [ -0.7382608, 37.6583047 ], [ -0.7382329, 37.6582957 ], [ -0.7381976, 37.6582866 ], [ -0.7381694, 37.6582853 ], [ -0.7381423, 37.6582842 ], [ -0.7381062, 37.6582808 ], [ -0.7380649, 37.658278 ], [ -0.7380431, 37.6582765 ], [ -0.7380136, 37.6582756 ], [ -0.7379754, 37.6582687 ], [ -0.7379191, 37.658263 ], [ -0.7378663, 37.6582584 ], [ -0.7378232, 37.6582563 ], [ -0.7377953, 37.6582505 ], [ -0.7377688, 37.6582471 ], [ -0.7377306, 37.6582401 ], [ -0.73768, 37.6582382 ], [ -0.7376229, 37.6582372 ], [ -0.7375176, 37.658223 ], [ -0.7374804, 37.6582141 ], [ -0.7374413, 37.6582163 ], [ -0.7374068, 37.6582131 ], [ -0.7373665, 37.6582115 ], [ -0.7373248, 37.658203 ], [ -0.7372815, 37.658207 ], [ -0.737178, 37.6582019 ], [ -0.7370628, 37.6582038 ], [ -0.7369331, 37.6582022 ], [ -0.736834, 37.6582041 ], [ -0.7367763, 37.6582044 ], [ -0.7367424, 37.6582049 ], [ -0.7367096, 37.6582022 ], [ -0.7366745, 37.6581994 ], [ -0.7366568, 37.6581962 ], [ -0.7365621, 37.6582037 ], [ -0.7365402, 37.6582046 ], [ -0.7365204, 37.6582071 ], [ -0.7364896, 37.6582132 ], [ -0.7364538, 37.6582155 ], [ -0.7363463, 37.6582227 ], [ -0.7363237, 37.6582248 ], [ -0.7363059, 37.6582248 ], [ -0.7362847, 37.6582234 ], [ -0.7362565, 37.6582216 ], [ -0.73623, 37.65822 ], [ -0.7362231, 37.6582198 ], [ -0.7361239, 37.6581974 ], [ -0.7361035, 37.6582019 ], [ -0.7360972, 37.6582009 ], [ -0.736061, 37.658187 ], [ -0.7360461, 37.6581825 ], [ -0.7360319, 37.658178 ], [ -0.7360143, 37.658173 ], [ -0.7359952, 37.6581619 ], [ -0.7359876, 37.6581517 ], [ -0.7359799, 37.6581431 ], [ -0.7359709, 37.6581374 ], [ -0.7359561, 37.6581333 ], [ -0.7359452, 37.6581321 ], [ -0.7359319, 37.6581337 ], [ -0.7359173, 37.6581364 ], [ -0.7359039, 37.6581434 ], [ -0.7358762, 37.658155 ], [ -0.7358685, 37.6581608 ], [ -0.7358575, 37.6581609 ], [ -0.7358512, 37.6581594 ], [ -0.7358446, 37.6581538 ], [ -0.7358363, 37.6581467 ], [ -0.7358262, 37.6581405 ], [ -0.7358245, 37.6581394 ], [ -0.7357995, 37.6581324 ], [ -0.7357816, 37.6581309 ], [ -0.7357541, 37.6581279 ], [ -0.7357317, 37.6581255 ], [ -0.7357238, 37.6581212 ], [ -0.7357143, 37.6581154 ], [ -0.735703, 37.6581092 ], [ -0.7356872, 37.6581036 ], [ -0.7356781, 37.6581011 ], [ -0.7356695, 37.6581009 ], [ -0.7356612, 37.6581038 ], [ -0.735657, 37.6581088 ], [ -0.7356524, 37.6581206 ], [ -0.735651, 37.6581283 ], [ -0.7356501, 37.6581324 ], [ -0.7356483, 37.6581384 ], [ -0.7356444, 37.658146 ], [ -0.735636, 37.6581536 ], [ -0.735629, 37.6581575 ], [ -0.7356095, 37.6581667 ], [ -0.7355881, 37.6581831 ], [ -0.7355705, 37.6581909 ], [ -0.7355599, 37.6581956 ], [ -0.735538, 37.6582101 ], [ -0.7355243, 37.6582194 ], [ -0.7355118, 37.6582292 ], [ -0.7355041, 37.6582358 ], [ -0.7354932, 37.6582484 ], [ -0.7354881, 37.6582579 ], [ -0.7354799, 37.6582737 ], [ -0.7354742, 37.6582846 ], [ -0.7354711, 37.6582923 ], [ -0.7354658, 37.6583068 ], [ -0.7354603, 37.6583168 ], [ -0.73546, 37.6583204 ], [ -0.7354572, 37.6583337 ], [ -0.7354534, 37.6583574 ], [ -0.7354532, 37.6583748 ], [ -0.7354576, 37.658391 ], [ -0.7354612, 37.6583989 ], [ -0.7354638, 37.6584091 ], [ -0.7354667, 37.6584224 ], [ -0.7354694, 37.6584385 ], [ -0.7354705, 37.6584519 ], [ -0.7354706, 37.6584647 ], [ -0.7354671, 37.6584917 ], [ -0.7354632, 37.6585012 ], [ -0.7354558, 37.6585276 ], [ -0.7354532, 37.6585477 ], [ -0.7354518, 37.6585655 ], [ -0.7354549, 37.6585876 ], [ -0.7354613, 37.6585997 ], [ -0.7354666, 37.6586104 ], [ -0.735472, 37.6586326 ], [ -0.7354752, 37.6586515 ], [ -0.7354746, 37.6586524 ], [ -0.7354738, 37.6586574 ], [ -0.7354708, 37.6586738 ], [ -0.7354645, 37.658686 ], [ -0.7354584, 37.6586951 ], [ -0.7354485, 37.6587118 ], [ -0.7354434, 37.6587217 ], [ -0.7354447, 37.6587319 ], [ -0.7354618, 37.6587336 ], [ -0.7354631, 37.6587327 ], [ -0.7354764, 37.6587317 ], [ -0.7354831, 37.6587347 ], [ -0.7354919, 37.6587455 ], [ -0.7354926, 37.658756 ], [ -0.7354944, 37.658768 ], [ -0.7354947, 37.658774 ], [ -0.7354993, 37.6587887 ], [ -0.735503, 37.6587958 ], [ -0.7355077, 37.658805 ], [ -0.7355129, 37.6588203 ], [ -0.7355156, 37.6588378 ], [ -0.7355121, 37.6588519 ], [ -0.7355023, 37.6588654 ], [ -0.7354943, 37.6588776 ], [ -0.735484, 37.6588892 ], [ -0.7354811, 37.6589025 ], [ -0.7354717, 37.6589205 ], [ -0.7354666, 37.658931 ], [ -0.7354653, 37.6589474 ], [ -0.7354887, 37.6589944 ], [ -0.7354942, 37.6589995 ], [ -0.7355057, 37.6590128 ], [ -0.735513, 37.6590203 ], [ -0.7355255, 37.6590362 ], [ -0.7355349, 37.6590466 ], [ -0.7355454, 37.6590675 ], [ -0.73556, 37.6590916 ], [ -0.7355681, 37.6591038 ], [ -0.7355744, 37.6591168 ], [ -0.7355792, 37.6591279 ], [ -0.7355837, 37.6591441 ], [ -0.7355899, 37.6591608 ], [ -0.735594, 37.6591719 ], [ -0.7355978, 37.6591926 ], [ -0.7356026, 37.6592129 ], [ -0.7356059, 37.65923 ], [ -0.7356073, 37.6592378 ], [ -0.7356064, 37.6592584 ], [ -0.7356063, 37.6592731 ], [ -0.7356059, 37.6592814 ], [ -0.7356047, 37.6593098 ], [ -0.7356044, 37.6593176 ], [ -0.7356035, 37.6593405 ], [ -0.7356028, 37.6593547 ], [ -0.7356021, 37.6593721 ], [ -0.7356009, 37.6593858 ], [ -0.7355978, 37.659405 ], [ -0.7355928, 37.6594277 ], [ -0.7355923, 37.6594379 ], [ -0.7355889, 37.6594506 ], [ -0.7355851, 37.6594839 ], [ -0.7355762, 37.6595058 ], [ -0.7355729, 37.659513 ], [ -0.7355684, 37.6595252 ], [ -0.7355587, 37.6595388 ], [ -0.7355509, 37.6595436 ], [ -0.735541, 37.6595447 ], [ -0.7355332, 37.6595431 ], [ -0.7355222, 37.6595429 ], [ -0.7355174, 37.6595473 ], [ -0.7355171, 37.6595523 ], [ -0.7355189, 37.6595643 ], [ -0.7355215, 37.6595708 ], [ -0.7355242, 37.6595763 ], [ -0.7355348, 37.659595 ], [ -0.7355396, 37.6596075 ], [ -0.7355392, 37.6596161 ], [ -0.7355389, 37.6596217 ], [ -0.7355368, 37.6596312 ], [ -0.735528, 37.659647 ], [ -0.7355267, 37.6596498 ], [ -0.7355219, 37.6596538 ], [ -0.7355178, 37.6596564 ], [ -0.7355141, 37.6596627 ], [ -0.7355131, 37.6596728 ], [ -0.7355121, 37.6596824 ], [ -0.7355112, 37.6596925 ], [ -0.7355067, 37.6596993 ], [ -0.735498, 37.6597146 ], [ -0.7354909, 37.6597209 ], [ -0.7354889, 37.6597253 ], [ -0.7354892, 37.6597323 ], [ -0.7354941, 37.6597379 ], [ -0.7355031, 37.6597441 ], [ -0.7355092, 37.6597502 ], [ -0.7355187, 37.6597582 ], [ -0.7355184, 37.6597619 ], [ -0.735518, 37.6597725 ], [ -0.7355173, 37.6597761 ], [ -0.7355118, 37.6597993 ], [ -0.7355085, 37.6598075 ], [ -0.7355051, 37.6598185 ], [ -0.7354968, 37.6598503 ], [ -0.735494, 37.6598617 ], [ -0.7354879, 37.6598831 ], [ -0.7354831, 37.6599026 ], [ -0.7354797, 37.659914 ], [ -0.7354736, 37.6599225 ], [ -0.7354654, 37.6599366 ], [ -0.7354564, 37.659945 ], [ -0.7354437, 37.6599616 ], [ -0.7354315, 37.659976 ], [ -0.7354224, 37.6599868 ], [ -0.7354199, 37.6599895 ], [ -0.7354126, 37.6600002 ], [ -0.7354086, 37.6600131 ], [ -0.7354082, 37.6600212 ], [ -0.7354083, 37.6600327 ], [ -0.7354103, 37.6600397 ], [ -0.7354123, 37.6600621 ], [ -0.7354097, 37.660068 ], [ -0.7354011, 37.6600798 ], [ -0.7353974, 37.6600848 ], [ -0.7353881, 37.6600996 ], [ -0.7353833, 37.6601054 ], [ -0.7353661, 37.6601315 ], [ -0.7353515, 37.66015 ], [ -0.7353371, 37.6601743 ], [ -0.7353305, 37.6601966 ], [ -0.7352958, 37.6602493 ], [ -0.7352735, 37.6602868 ], [ -0.7352688, 37.6603156 ], [ -0.7352617, 37.6603208 ], [ -0.7352445, 37.6603305 ], [ -0.7352281, 37.6603516 ], [ -0.7351956, 37.6603861 ], [ -0.7351661, 37.6604256 ], [ -0.7351324, 37.6604725 ], [ -0.7350819, 37.6605243 ], [ -0.734997, 37.6605931 ], [ -0.7349372, 37.6606318 ], [ -0.7348851, 37.6606635 ], [ -0.7348439, 37.6606839 ], [ -0.7348168, 37.6606978 ], [ -0.7347833, 37.6607148 ], [ -0.7347442, 37.6607385 ], [ -0.7346882, 37.6607549 ], [ -0.7346573, 37.6607651 ], [ -0.7346257, 37.6607739 ], [ -0.7346054, 37.6607793 ], [ -0.7345763, 37.6607858 ], [ -0.7345629, 37.6607888 ], [ -0.7345482, 37.6607966 ], [ -0.7345299, 37.6608052 ], [ -0.734504, 37.6608169 ], [ -0.734487, 37.6608257 ], [ -0.7344717, 37.6608335 ], [ -0.7344545, 37.6608436 ], [ -0.7344337, 37.6608462 ], [ -0.7343987, 37.6608535 ], [ -0.7342823, 37.6608697 ], [ -0.7342759, 37.6608713 ], [ -0.734266, 37.6608715 ], [ -0.7342447, 37.6608709 ], [ -0.7342235, 37.6608694 ], [ -0.7342086, 37.6608677 ], [ -0.7341854, 37.6608717 ], [ -0.7341743, 37.6608755 ], [ -0.734163, 37.6608807 ], [ -0.7341384, 37.6608924 ], [ -0.7341154, 37.6609037 ], [ -0.7340857, 37.6609107 ], [ -0.7340282, 37.6609238 ], [ -0.7340066, 37.6609278 ], [ -0.7339567, 37.6609632 ], [ -0.7339419, 37.6609729 ], [ -0.7339297, 37.6609748 ], [ -0.7338363, 37.6609695 ], [ -0.733667, 37.6609616 ], [ -0.7335564, 37.660964 ], [ -0.7333998, 37.6609357 ], [ -0.7333521, 37.6609333 ], [ -0.7333321, 37.6609477 ], [ -0.7333211, 37.6609554 ], [ -0.7333164, 37.6609572 ], [ -0.7332843, 37.6609568 ], [ -0.7332805, 37.6609421 ], [ -0.7332491, 37.6609285 ], [ -0.7329889, 37.6608921 ], [ -0.7327906, 37.6608734 ], [ -0.732594, 37.6608566 ], [ -0.7324149, 37.6608513 ], [ -0.732317, 37.6608544 ], [ -0.7322818, 37.6608604 ], [ -0.7322769, 37.6608732 ], [ -0.7322348, 37.6608837 ], [ -0.7322172, 37.660868 ], [ -0.7322133, 37.6608628 ], [ -0.7322012, 37.6608567 ], [ -0.7321904, 37.660853 ], [ -0.7321829, 37.6608533 ], [ -0.7321552, 37.6608586 ], [ -0.732127, 37.6608564 ], [ -0.7320652, 37.6608671 ], [ -0.7320277, 37.6608677 ], [ -0.7319287, 37.6608679 ], [ -0.7318898, 37.6608899 ], [ -0.7318747, 37.6608934 ], [ -0.7318512, 37.6608858 ], [ -0.7318162, 37.6608785 ], [ -0.7317817, 37.6608796 ], [ -0.7317205, 37.660883 ], [ -0.731619, 37.6608915 ], [ -0.7315711, 37.6608969 ], [ -0.7315624, 37.660901 ], [ -0.7315438, 37.6609103 ], [ -0.7315298, 37.6609166 ], [ -0.7315044, 37.6609209 ], [ -0.7314786, 37.6609156 ], [ -0.7314546, 37.6609071 ], [ -0.731431, 37.6609077 ], [ -0.7314038, 37.6609106 ], [ -0.7313525, 37.660916 ], [ -0.7313099, 37.6609183 ], [ -0.7312925, 37.6609241 ], [ -0.7312592, 37.6609228 ], [ -0.7312118, 37.6609295 ], [ -0.731187, 37.660932 ], [ -0.7311678, 37.6609374 ], [ -0.7311567, 37.6609495 ], [ -0.7311507, 37.6609577 ], [ -0.7311508, 37.6609614 ], [ -0.7311506, 37.660966 ], [ -0.7311499, 37.6609687 ], [ -0.7311499, 37.6609701 ], [ -0.731098, 37.6609732 ], [ -0.7310754, 37.6609565 ], [ -0.7310405, 37.6609418 ], [ -0.7310077, 37.6609405 ], [ -0.7309725, 37.6609452 ], [ -0.7309633, 37.660946 ], [ -0.7309424, 37.660954 ], [ -0.7309054, 37.6609638 ], [ -0.7308673, 37.6609674 ], [ -0.7308292, 37.6609707 ], [ -0.730798, 37.6609754 ], [ -0.7307767, 37.6609787 ], [ -0.7307494, 37.6609858 ], [ -0.7307437, 37.660988 ], [ -0.7307425, 37.6609884 ], [ -0.7307132, 37.660984 ], [ -0.730662, 37.6609834 ], [ -0.7306257, 37.6609853 ], [ -0.7305785, 37.6609862 ], [ -0.7305293, 37.6609952 ], [ -0.7305079, 37.6610023 ], [ -0.7304858, 37.6610135 ], [ -0.7304771, 37.661018 ], [ -0.7304443, 37.6610126 ], [ -0.7304058, 37.6610067 ], [ -0.7303524, 37.6610019 ], [ -0.7303091, 37.6610093 ], [ -0.7302461, 37.6610181 ], [ -0.7301798, 37.6610271 ], [ -0.7301429, 37.6610275 ], [ -0.7301038, 37.661023 ], [ -0.7300728, 37.6610199 ], [ -0.7300365, 37.66102 ], [ -0.7300066, 37.6610246 ], [ -0.7299822, 37.6610303 ], [ -0.7299521, 37.6610355 ], [ -0.7299239, 37.6610403 ], [ -0.7298846, 37.6610421 ], [ -0.7298507, 37.6610389 ], [ -0.7298088, 37.6610339 ], [ -0.7297679, 37.6610311 ], [ -0.7297002, 37.6610231 ], [ -0.7296478, 37.6610188 ], [ -0.7296098, 37.6610188 ], [ -0.7295643, 37.6610202 ], [ -0.7295251, 37.6610207 ], [ -0.7294906, 37.6610235 ], [ -0.729456, 37.661024 ], [ -0.7293985, 37.6610215 ], [ -0.729338, 37.6610222 ], [ -0.7292631, 37.6610218 ], [ -0.7291624, 37.6610207 ], [ -0.7291187, 37.6610202 ], [ -0.7290235, 37.6610288 ], [ -0.7289859, 37.6610348 ], [ -0.728926, 37.6610662 ], [ -0.7288698, 37.6610829 ], [ -0.7288327, 37.6610963 ], [ -0.7288112, 37.6611062 ], [ -0.7287849, 37.6611273 ], [ -0.7287326, 37.6611846 ], [ -0.7286936, 37.6612038 ], [ -0.7285575, 37.6611849 ], [ -0.7284801, 37.6611639 ], [ -0.7284224, 37.6611467 ], [ -0.7283836, 37.6611297 ], [ -0.7283458, 37.661116 ], [ -0.7282775, 37.6611016 ], [ -0.7282213, 37.6610922 ], [ -0.7281462, 37.6610726 ], [ -0.7280999, 37.661056 ], [ -0.7280645, 37.6610391 ], [ -0.728028, 37.6610263 ], [ -0.727989, 37.6610148 ], [ -0.7279518, 37.6610044 ], [ -0.7279116, 37.6609929 ], [ -0.7278784, 37.6609824 ], [ -0.7278024, 37.6609573 ], [ -0.7277554, 37.6609412 ], [ -0.727712, 37.6609274 ], [ -0.7276255, 37.6609027 ], [ -0.7275082, 37.6608628 ], [ -0.7274122, 37.6608274 ], [ -0.7273362, 37.6607949 ], [ -0.7272635, 37.6607685 ], [ -0.7272059, 37.6607454 ], [ -0.7271641, 37.660727 ], [ -0.7271407, 37.6607185 ], [ -0.7264243, 37.6603297 ], [ -0.7258576, 37.6600346 ], [ -0.7258099, 37.6599979 ], [ -0.7257572, 37.6599515 ], [ -0.7256879, 37.6599039 ], [ -0.7256137, 37.6598669 ], [ -0.7255418, 37.6598304 ], [ -0.7255024, 37.6598144 ], [ -0.7254213, 37.6597791 ], [ -0.7253827, 37.659753 ], [ -0.7253258, 37.6597185 ], [ -0.7252837, 37.6596909 ], [ -0.7252274, 37.6596563 ], [ -0.7251978, 37.6596327 ], [ -0.7251399, 37.6595931 ], [ -0.7250779, 37.6595516 ], [ -0.7249658, 37.6594807 ], [ -0.7249331, 37.6594414 ], [ -0.7248921, 37.6594171 ], [ -0.7248324, 37.6593816 ], [ -0.7247994, 37.6593602 ], [ -0.7247506, 37.6593225 ], [ -0.7247034, 37.6592959 ], [ -0.7246516, 37.6592618 ], [ -0.724598, 37.6592318 ], [ -0.7245531, 37.6592029 ], [ -0.724501, 37.6591607 ], [ -0.7244617, 37.6591364 ], [ -0.7244224, 37.659109 ], [ -0.7243455, 37.6590352 ], [ -0.7242656, 37.6589738 ], [ -0.724196, 37.6589084 ], [ -0.7241196, 37.6588306 ], [ -0.7240891, 37.6588022 ], [ -0.7240516, 37.6587519 ], [ -0.7240202, 37.6587025 ], [ -0.7240029, 37.6586748 ], [ -0.7239744, 37.6586268 ], [ -0.7236757, 37.6579017 ], [ -0.7236788, 37.657888 ], [ -0.7236593, 37.6578553 ], [ -0.7236369, 37.6578303 ], [ -0.7236155, 37.6578043 ], [ -0.7235935, 37.657779 ], [ -0.7235809, 37.6577519 ], [ -0.7235729, 37.6577241 ], [ -0.7235564, 37.6576844 ], [ -0.7235559, 37.6576312 ], [ -0.7235519, 37.6575673 ], [ -0.7235518, 37.6575144 ], [ -0.723556, 37.6574683 ], [ -0.7235603, 37.6574378 ], [ -0.7235647, 37.6574136 ], [ -0.7235722, 37.6573868 ], [ -0.7235766, 37.6573553 ], [ -0.7235769, 37.6573406 ], [ -0.7235835, 37.6573093 ], [ -0.7235857, 37.657286 ], [ -0.7235873, 37.6572603 ], [ -0.7235888, 37.657237 ], [ -0.7235942, 37.657217 ], [ -0.7235994, 37.6571985 ], [ -0.7236054, 37.6571854 ], [ -0.7236105, 37.6571691 ], [ -0.7236121, 37.6571526 ], [ -0.7236, 37.6570989 ], [ -0.7235969, 37.6570846 ], [ -0.7235956, 37.6570684 ], [ -0.7236055, 37.6570239 ], [ -0.7236145, 37.6569912 ], [ -0.7236224, 37.6569676 ], [ -0.7236331, 37.6569346 ], [ -0.7236405, 37.6569019 ], [ -0.7236467, 37.6568594 ], [ -0.7236536, 37.6568153 ], [ -0.7236596, 37.6567921 ], [ -0.7236688, 37.6567659 ], [ -0.7236775, 37.6567483 ], [ -0.7236983, 37.6567198 ], [ -0.7237185, 37.6566935 ], [ -0.7237298, 37.6566798 ], [ -0.7237415, 37.6566669 ], [ -0.7237474, 37.6566575 ], [ -0.7237516, 37.6566439 ], [ -0.7237531, 37.6566312 ], [ -0.7237518, 37.656615 ], [ -0.7237434, 37.6565945 ], [ -0.7237316, 37.6565623 ], [ -0.7237213, 37.6565436 ], [ -0.7237079, 37.6565101 ], [ -0.7236955, 37.6564774 ], [ -0.7236797, 37.6564447 ], [ -0.7236733, 37.6564289 ], [ -0.7236616, 37.656404 ], [ -0.7236491, 37.6563851 ], [ -0.7236247, 37.6563507 ], [ -0.723606, 37.6563187 ], [ -0.7235858, 37.6562922 ], [ -0.7235736, 37.6562683 ], [ -0.7235651, 37.6562386 ], [ -0.7235608, 37.6562068 ], [ -0.7235619, 37.6561894 ], [ -0.723567, 37.656174 ], [ -0.7235862, 37.6561514 ], [ -0.7235937, 37.6561443 ], [ -0.7235986, 37.656139 ], [ -0.7236015, 37.6561296 ], [ -0.7235969, 37.6561206 ], [ -0.7235812, 37.6561062 ], [ -0.7235607, 37.6560925 ], [ -0.7235493, 37.6560806 ], [ -0.7235416, 37.6560564 ], [ -0.7235324, 37.6560303 ], [ -0.7235227, 37.656001 ], [ -0.7235178, 37.6559789 ], [ -0.7235176, 37.6559563 ], [ -0.7235189, 37.6559362 ], [ -0.7235183, 37.6559188 ], [ -0.7235135, 37.6558952 ], [ -0.7235075, 37.6558803 ], [ -0.7235026, 37.655858 ], [ -0.7234945, 37.6558398 ], [ -0.7234823, 37.6558247 ], [ -0.72344, 37.6557738 ], [ -0.7234317, 37.6557414 ], [ -0.7234255, 37.6557228 ], [ -0.7234194, 37.6556996 ], [ -0.7234172, 37.6556705 ], [ -0.7234161, 37.655643 ], [ -0.7234163, 37.6556136 ], [ -0.7234115, 37.6555813 ], [ -0.7234036, 37.6555521 ], [ -0.7233929, 37.6555288 ], [ -0.7233736, 37.6554986 ], [ -0.7233569, 37.6554708 ], [ -0.723344, 37.6554473 ], [ -0.7232877, 37.6553823 ], [ -0.7232548, 37.655346 ], [ -0.7232362, 37.6553214 ], [ -0.723223, 37.6553039 ], [ -0.7232116, 37.6552915 ], [ -0.723205, 37.6552779 ], [ -0.7232002, 37.655264 ], [ -0.7231994, 37.6552497 ], [ -0.7231879, 37.6551941 ], [ -0.7231741, 37.6551758 ], [ -0.7231646, 37.655163 ], [ -0.7231562, 37.6551407 ], [ -0.7231421, 37.6551097 ], [ -0.7231278, 37.6550811 ], [ -0.7231008, 37.6550351 ], [ -0.7230448, 37.654964 ], [ -0.7230297, 37.6549405 ], [ -0.7230156, 37.6549165 ], [ -0.7230027, 37.6548843 ], [ -0.7229872, 37.654847 ], [ -0.7229714, 37.654806 ], [ -0.7229592, 37.654772 ], [ -0.7229523, 37.6547461 ], [ -0.7229418, 37.6547195 ], [ -0.7229331, 37.6546939 ], [ -0.7229239, 37.6546668 ], [ -0.7229207, 37.6546451 ], [ -0.7229138, 37.6546164 ], [ -0.722908, 37.6545915 ], [ -0.7229, 37.654554 ], [ -0.7228928, 37.6545055 ], [ -0.722889, 37.6544658 ], [ -0.7228888, 37.6544254 ], [ -0.7228869, 37.6543823 ], [ -0.7228838, 37.6543408 ], [ -0.7228847, 37.6543184 ], [ -0.7228858, 37.6542831 ], [ -0.7228871, 37.6542465 ], [ -0.7228891, 37.6542058 ], [ -0.7228928, 37.6541669 ], [ -0.7228985, 37.6540602 ], [ -0.7229004, 37.6540218 ], [ -0.722903, 37.653999 ], [ -0.7229058, 37.6539752 ], [ -0.7229069, 37.6539564 ], [ -0.7229088, 37.6539364 ], [ -0.7229129, 37.6539177 ], [ -0.7229207, 37.6538964 ], [ -0.7229337, 37.6538635 ], [ -0.7229496, 37.6538319 ], [ -0.7229635, 37.6538032 ], [ -0.7229903, 37.6537648 ], [ -0.723015, 37.6537382 ], [ -0.7230383, 37.6537172 ], [ -0.723054, 37.6537064 ], [ -0.7230704, 37.653702 ], [ -0.7230957, 37.6536943 ], [ -0.7231301, 37.6536878 ], [ -0.7231525, 37.653681 ], [ -0.7232602, 37.6536661 ], [ -0.7232885, 37.6536614 ], [ -0.7233436, 37.6536457 ], [ -0.7233688, 37.6536345 ], [ -0.7233829, 37.6536298 ], [ -0.7234257, 37.6536284 ], [ -0.7234942, 37.6536297 ], [ -0.7235219, 37.6536339 ], [ -0.7235426, 37.6536401 ], [ -0.7235574, 37.653647 ], [ -0.7235703, 37.6536465 ], [ -0.7235843, 37.6536431 ], [ -0.7235954, 37.6536367 ], [ -0.7236057, 37.6536275 ], [ -0.7236099, 37.6536195 ], [ -0.7236141, 37.6536094 ], [ -0.7236171, 37.6535686 ], [ -0.723621, 37.6535439 ], [ -0.7236287, 37.6534782 ], [ -0.723635, 37.653434 ], [ -0.7236364, 37.6534134 ], [ -0.7236376, 37.6533946 ], [ -0.7236348, 37.6533835 ], [ -0.723629, 37.6533736 ], [ -0.7236227, 37.6533488 ], [ -0.7236129, 37.6533311 ], [ -0.7235995, 37.653296 ], [ -0.7235958, 37.6532734 ], [ -0.7235941, 37.653245 ], [ -0.7235928, 37.6532096 ], [ -0.723594, 37.6531808 ], [ -0.7235964, 37.6531533 ], [ -0.7235964, 37.6531131 ], [ -0.7235949, 37.6530942 ], [ -0.7235921, 37.6530552 ], [ -0.7235928, 37.653025 ], [ -0.7235965, 37.6530082 ], [ -0.7235988, 37.6529945 ], [ -0.7236052, 37.6529663 ], [ -0.7236077, 37.652948 ], [ -0.7236121, 37.6529266 ], [ -0.7236179, 37.6529011 ], [ -0.7236212, 37.6528774 ], [ -0.7236229, 37.6528641 ], [ -0.7236251, 37.6528532 ], [ -0.7236278, 37.6528317 ], [ -0.723632, 37.6528135 ], [ -0.7236366, 37.6528021 ], [ -0.723662, 37.6527342 ], [ -0.723673, 37.6527074 ], [ -0.7236852, 37.6526776 ], [ -0.7236932, 37.6526654 ], [ -0.7237025, 37.6526482 ], [ -0.7237095, 37.6526351 ], [ -0.7237298, 37.6525931 ], [ -0.7237356, 37.6525804 ], [ -0.7237403, 37.652564 ], [ -0.7237433, 37.6525467 ], [ -0.723747, 37.6525276 ], [ -0.7237541, 37.652497 ], [ -0.7237573, 37.6524756 ], [ -0.7237591, 37.6524647 ], [ -0.7237623, 37.6524551 ], [ -0.723773, 37.6524353 ], [ -0.7237819, 37.6524144 ], [ -0.7237887, 37.652405 ], [ -0.7237941, 37.6523992 ], [ -0.7238001, 37.6523947 ], [ -0.7238067, 37.6523895 ], [ -0.7238082, 37.6523794 ], [ -0.7238069, 37.6523721 ], [ -0.7238027, 37.6523591 ], [ -0.7238003, 37.6523512 ], [ -0.7237985, 37.6523379 ], [ -0.7237986, 37.652325 ], [ -0.7238001, 37.6523151 ], [ -0.7238043, 37.6522964 ], [ -0.7238077, 37.6522855 ], [ -0.7238199, 37.6522331 ], [ -0.723844, 37.6521403 ], [ -0.7238644, 37.6520694 ], [ -0.7238753, 37.6520317 ], [ -0.7238907, 37.6519826 ], [ -0.7239081, 37.6519272 ], [ -0.7239155, 37.6518884 ], [ -0.7239235, 37.6518511 ], [ -0.7239438, 37.6517944 ], [ -0.7239596, 37.6517609 ], [ -0.723976, 37.6517293 ], [ -0.7239989, 37.6516928 ], [ -0.7240331, 37.6516502 ], [ -0.7240612, 37.6516258 ], [ -0.7240908, 37.6515945 ], [ -0.7241126, 37.6515694 ], [ -0.7241345, 37.6515687 ], [ -0.7241615, 37.6515575 ], [ -0.7241747, 37.6515455 ], [ -0.724192, 37.6515432 ], [ -0.7242067, 37.6515381 ], [ -0.7242184, 37.6515339 ], [ -0.724226, 37.6515295 ], [ -0.7242354, 37.6515257 ], [ -0.7245901, 37.6515309 ], [ -0.7245765, 37.6515098 ], [ -0.7245709, 37.651495 ], [ -0.7245593, 37.6514814 ], [ -0.7245369, 37.6514808 ], [ -0.7245104, 37.6514814 ], [ -0.7244374, 37.6514776 ], [ -0.724376, 37.6514736 ], [ -0.724335, 37.6514744 ], [ -0.7242716, 37.6514757 ], [ -0.7242239, 37.651474 ], [ -0.7241768, 37.6514723 ], [ -0.7241243, 37.6514722 ], [ -0.7240719, 37.6514744 ], [ -0.7240196, 37.6514707 ], [ -0.7239966, 37.6514696 ], [ -0.7239054, 37.6514735 ], [ -0.7238738, 37.6514731 ], [ -0.7238473, 37.6514729 ], [ -0.7238082, 37.6514704 ], [ -0.7237663, 37.6514674 ], [ -0.723722, 37.6514662 ], [ -0.7236835, 37.6514643 ], [ -0.7236537, 37.6514621 ], [ -0.7236116, 37.6514632 ], [ -0.7235667, 37.6514643 ], [ -0.7235217, 37.651464 ], [ -0.7234923, 37.6514646 ], [ -0.7234565, 37.6514668 ], [ -0.7234208, 37.6514676 ], [ -0.7233849, 37.6514689 ], [ -0.7233458, 37.6514701 ], [ -0.7233129, 37.6514711 ], [ -0.7232789, 37.6514725 ], [ -0.7232454, 37.6514733 ], [ -0.7232032, 37.6514786 ], [ -0.723165, 37.6514817 ], [ -0.7231291, 37.6514849 ], [ -0.7231026, 37.6514869 ], [ -0.7230806, 37.651489 ], [ -0.7230573, 37.6514938 ], [ -0.7230334, 37.6515002 ], [ -0.7230057, 37.651503 ], [ -0.7229782, 37.651511 ], [ -0.7229436, 37.651515 ], [ -0.7229156, 37.6515211 ], [ -0.7228832, 37.6515258 ], [ -0.7228555, 37.6515268 ], [ -0.7228393, 37.6515286 ], [ -0.7228305, 37.6515312 ], [ -0.7228189, 37.6515332 ], [ -0.7228079, 37.6515352 ], [ -0.7228023, 37.6515351 ], [ -0.7227892, 37.6515335 ], [ -0.7227398, 37.651548 ], [ -0.7226877, 37.6515574 ], [ -0.7226439, 37.6515605 ], [ -0.7226092, 37.6515711 ], [ -0.7225796, 37.6515816 ], [ -0.7225594, 37.6515962 ], [ -0.7225509, 37.6516156 ], [ -0.7225351, 37.6516443 ], [ -0.7225264, 37.651665 ], [ -0.7225243, 37.6516716 ], [ -0.722522, 37.6516955 ], [ -0.7225201, 37.6517203 ], [ -0.7225277, 37.6517855 ], [ -0.7225221, 37.6518255 ], [ -0.7225138, 37.6518826 ], [ -0.7225031, 37.6519476 ], [ -0.7224945, 37.6519936 ], [ -0.7224915, 37.6520281 ], [ -0.7224863, 37.6520729 ], [ -0.7224759, 37.6521298 ], [ -0.7224659, 37.6522015 ], [ -0.7224512, 37.6522885 ], [ -0.7224384, 37.6523528 ], [ -0.722428, 37.6524105 ], [ -0.722414, 37.652455 ], [ -0.7223879, 37.6525016 ], [ -0.7223644, 37.6525364 ], [ -0.7223386, 37.6525677 ], [ -0.7223121, 37.6525956 ], [ -0.7223017, 37.6526225 ], [ -0.7222525, 37.6526684 ], [ -0.7222205, 37.6526985 ], [ -0.722176, 37.6527364 ], [ -0.7221318, 37.652773 ], [ -0.7220789, 37.6528081 ], [ -0.7220563, 37.6528224 ], [ -0.7220198, 37.652833 ], [ -0.721945, 37.6528392 ], [ -0.7218511, 37.652856 ], [ -0.7218095, 37.6528662 ], [ -0.7217196, 37.6528715 ], [ -0.7216811, 37.6528766 ], [ -0.7216497, 37.652878 ], [ -0.7216011, 37.6528767 ], [ -0.7215397, 37.6528696 ], [ -0.7214862, 37.6528757 ], [ -0.7213498, 37.6529192 ], [ -0.7212923, 37.6529305 ], [ -0.7211982, 37.6529431 ], [ -0.7210898, 37.652967 ], [ -0.720958, 37.6529926 ], [ -0.7209001, 37.6530061 ], [ -0.720872, 37.6530177 ], [ -0.7207361, 37.6530555 ], [ -0.7206638, 37.6530848 ], [ -0.7205998, 37.6531219 ], [ -0.7205566, 37.6531529 ], [ -0.7203749, 37.653286 ], [ -0.7203497, 37.6533066 ], [ -0.7203171, 37.6533373 ], [ -0.7202734, 37.6532841 ], [ -0.7202261, 37.6532298 ], [ -0.7200208, 37.6533937 ] ] ] } },
{ "type": "Feature", "properties": { "CCAA": "14 - Región de Murcia", "PROVINCIA": "30 - Murcia", "MUNICIPIO": "30016 - Cartagena", "COD_MUNICIPIO": "30016", "DISTRITO": "07", "SECCION": "3001607014", "V1_H": 80.61, "V1_M": 86.39, "V2_H": 80.33359214, "V2_M": 86.26240397, "V3_H": 81.01911703, "V3_M": 86.63389387 }, "geometry": { "type": "Polygon", "coordinates": [ [ [ -0.9844472, 37.7056489 ], [ -0.9865972, 37.7067169 ], [ -0.9883626, 37.7076894 ], [ -0.9886628, 37.7080087 ], [ -0.9893532, 37.7089825 ], [ -0.9897067, 37.7096169 ], [ -0.9900165, 37.7100443 ], [ -0.9901623, 37.7101351 ], [ -0.9907799, 37.7110586 ], [ -0.9912177, 37.7113213 ], [ -0.9919849, 37.7117369 ], [ -0.9922506, 37.7119672 ], [ -0.9925191, 37.7120896 ], [ -0.9926868, 37.712166 ], [ -0.9929692, 37.712162 ], [ -0.9929526, 37.7118301 ], [ -0.9929519, 37.7117887 ], [ -0.9929496, 37.7116401 ], [ -0.9929149, 37.7114238 ], [ -0.9928765, 37.7111945 ], [ -0.9928317, 37.7110504 ], [ -0.9926763, 37.7105036 ], [ -0.9925424, 37.710057 ], [ -0.9923105, 37.7093381 ], [ -0.9921134, 37.7088325 ], [ -0.991985, 37.7084858 ], [ -0.9916235, 37.707462 ], [ -0.991426, 37.7069692 ], [ -0.9912361, 37.7065136 ], [ -0.990897, 37.705961 ], [ -0.990692, 37.7055531 ], [ -0.9906176, 37.7051143 ], [ -0.9901279, 37.7049869 ], [ -0.9889393, 37.704939 ], [ -0.9870749, 37.7048313 ], [ -0.9867807, 37.7047918 ], [ -0.9861807, 37.7051404 ], [ -0.9844472, 37.7056489 ] ] ] } },
{ "type": "Feature", "properties": { "CCAA": "14 - Región de Murcia", "PROVINCIA": "30 - Murcia", "MUNICIPIO": "30016 - Cartagena", "COD_MUNICIPIO": "30016", "DISTRITO": "07", "SECCION": "3001607006", "V1_H": 79.81, "V1_M": 85.63, "V2_H": 79.83092799000001, "V2_M": 85.85143097, "V3_H": 80.00184088, "V3_M": 85.62912109 }, "geometry": { "type": "Polygon", "coordinates": [ [ [ -0.9369948, 37.724268 ], [ -0.9375097, 37.7243068 ], [ -0.9392165, 37.7240903 ], [ -0.9465103, 37.7231648 ], [ -0.9526031, 37.7223914 ], [ -0.9540099, 37.7222127 ], [ -0.9543032, 37.7221755 ], [ -0.955676, 37.7218141 ], [ -0.9558455, 37.7217698 ], [ -0.955846, 37.7217697 ], [ -0.9558463, 37.7217697 ], [ -0.9561402, 37.7217619 ], [ -0.9659279, 37.7215026 ], [ -0.9664212, 37.7217184 ], [ -0.9667311, 37.7217414 ], [ -0.9667386, 37.7217414 ], [ -0.9667585, 37.721748 ], [ -0.9697429, 37.7226409 ], [ -0.9700887, 37.7228541 ], [ -0.9700917, 37.7228566 ], [ -0.9718786, 37.7236814 ], [ -0.9728894, 37.7196161 ], [ -0.9737846, 37.7153913 ], [ -0.9747203, 37.7107891 ], [ -0.9754003, 37.7083706 ], [ -0.9764199, 37.7042962 ], [ -0.9769129, 37.7023331 ], [ -0.9769327, 37.7022407 ], [ -0.9769432, 37.7021917 ], [ -0.9769626, 37.7021011 ], [ -0.9770884, 37.7015135 ], [ -0.9750669, 37.7002035 ], [ -0.9727296, 37.6978151 ], [ -0.9704623, 37.6954003 ], [ -0.9683758, 37.6933319 ], [ -0.9671369, 37.6924514 ], [ -0.9666313, 37.6920921 ], [ -0.9660251, 37.6915886 ], [ -0.9652084, 37.6910512 ], [ -0.9649442, 37.6908955 ], [ -0.9638981, 37.6901162 ], [ -0.9638177, 37.6900612 ], [ -0.9634673, 37.6896233 ], [ -0.9633363, 37.689478 ], [ -0.9629236, 37.6894219 ], [ -0.9624095, 37.6893828 ], [ -0.962519, 37.6896749 ], [ -0.9615682, 37.6900735 ], [ -0.9611008, 37.6901775 ], [ -0.9610279, 37.6901992 ], [ -0.9604365, 37.6904748 ], [ -0.9600633, 37.6906378 ], [ -0.959555, 37.6908503 ], [ -0.9594726, 37.6900947 ], [ -0.9590355, 37.6901503 ], [ -0.9590537, 37.6901009 ], [ -0.9591476, 37.6896894 ], [ -0.9586524, 37.689618 ], [ -0.9579845, 37.6895217 ], [ -0.9578722, 37.6894637 ], [ -0.9556535, 37.6891146 ], [ -0.9556479, 37.688452 ], [ -0.9546535, 37.6882328 ], [ -0.9540624, 37.6881247 ], [ -0.9535931, 37.6880985 ], [ -0.9533237, 37.6880835 ], [ -0.9521742, 37.6880194 ], [ -0.9525628, 37.6863036 ], [ -0.9528164, 37.6850385 ], [ -0.9522974, 37.684836 ], [ -0.9493438, 37.6837092 ], [ -0.9467911, 37.6826335 ], [ -0.9452844, 37.6821098 ], [ -0.9432546, 37.6813157 ], [ -0.9424503, 37.6810287 ], [ -0.9417549, 37.6806078 ], [ -0.9413435, 37.6804749 ], [ -0.9411923, 37.6815402 ], [ -0.9403765, 37.6832354 ], [ -0.9393783, 37.6847908 ], [ -0.9385101, 37.686325 ], [ -0.9377776, 37.6872083 ], [ -0.9367732, 37.6880537 ], [ -0.9354201, 37.6894669 ], [ -0.9341357, 37.690526 ], [ -0.9330778, 37.6912447 ], [ -0.9319315, 37.6920309 ], [ -0.931372, 37.6924471 ], [ -0.9308015, 37.6936531 ], [ -0.9305515, 37.6947261 ], [ -0.9303906, 37.6957086 ], [ -0.9304887, 37.6966831 ], [ -0.9305773, 37.6979553 ], [ -0.9305568, 37.6990427 ], [ -0.930442, 37.7003808 ], [ -0.9301345, 37.701453 ], [ -0.9297869, 37.7028796 ], [ -0.928695, 37.7046511 ], [ -0.9275721, 37.7064909 ], [ -0.9269465, 37.7085092 ], [ -0.9301491, 37.7099604 ], [ -0.9297148, 37.7113973 ], [ -0.9290313, 37.7125331 ], [ -0.9288376, 37.7131946 ], [ -0.9300725, 37.713692 ], [ -0.9308902, 37.7141953 ], [ -0.9314954, 37.7146042 ], [ -0.9312788, 37.7155288 ], [ -0.9310261, 37.7162352 ], [ -0.9308254, 37.7171142 ], [ -0.9314059, 37.7178433 ], [ -0.9314753, 37.7188175 ], [ -0.9315535, 37.7199635 ], [ -0.9315234, 37.720902 ], [ -0.9319713, 37.7217323 ], [ -0.9323562, 37.7227336 ], [ -0.9328962, 37.7233821 ], [ -0.9332568, 37.7239859 ], [ -0.9308821, 37.7238072 ], [ -0.9332504, 37.7239858 ], [ -0.9369948, 37.724268 ] ] ] } },
{ "type": "Feature", "properties": { "CCAA": "14 - Región de Murcia", "PROVINCIA": "30 - Murcia", "MUNICIPIO": "30016 - Cartagena", "COD_MUNICIPIO": "30016", "DISTRITO": "07", "SECCION": "3001607007", "V1_H": 79.47, "V1_M": 85.31, "V2_H": 79.34656828, "V2_M": 85.44731594, "V3_H": 79.76976452, "V3_M": 85.31663719 }, "geometry": { "type": "Polygon", "coordinates": [ [ [ -0.9838408, 37.7237295 ], [ -0.9866038, 37.724255 ], [ -0.9883022, 37.7248665 ], [ -0.9883118, 37.72487 ], [ -0.9924132, 37.7229549 ], [ -0.9970445, 37.7207922 ], [ -1.0036876, 37.7201389 ], [ -1.0145535, 37.7245344 ], [ -1.0189847, 37.7263265 ], [ -1.0189861, 37.726327 ], [ -1.0189979, 37.7263267 ], [ -1.0199853, 37.7262988 ], [ -1.0209025, 37.7262004 ], [ -1.0209295, 37.7261986 ], [ -1.0246656, 37.7258278 ], [ -1.0284039, 37.7254565 ], [ -1.0314629, 37.7248178 ], [ -1.0322559, 37.7234889 ], [ -1.0329919, 37.7224676 ], [ -1.0342082, 37.7212577 ], [ -1.0347283, 37.7203435 ], [ -1.0336238, 37.7206206 ], [ -1.0324571, 37.7206861 ], [ -1.0313093, 37.7206031 ], [ -1.030395, 37.7204084 ], [ -1.0294474, 37.7203621 ], [ -1.0277303, 37.7205582 ], [ -1.0256763, 37.7204866 ], [ -1.023752, 37.7204051 ], [ -1.0215546, 37.7203201 ], [ -1.0198273, 37.7203785 ], [ -1.0183805, 37.7201999 ], [ -1.0169485, 37.72001 ], [ -1.0157591, 37.7198805 ], [ -1.0148473, 37.7196056 ], [ -1.0131271, 37.7194349 ], [ -1.011325, 37.7191258 ], [ -1.0096004, 37.7186344 ], [ -1.0076535, 37.7183578 ], [ -1.0063235, 37.7181233 ], [ -1.0051852, 37.7182004 ], [ -1.0037423, 37.7183651 ], [ -1.003155, 37.717831 ], [ -1.0030061, 37.7177829 ], [ -1.0000157, 37.7159624 ], [ -0.9994689, 37.7156473 ], [ -0.9983918, 37.7150011 ], [ -0.9973685, 37.71447 ], [ -0.9970346, 37.7143742 ], [ -0.996908, 37.7142594 ], [ -0.9965027, 37.7139562 ], [ -0.995833, 37.7135359 ], [ -0.9953461, 37.7132555 ], [ -0.995157, 37.713204 ], [ -0.9946062, 37.713185 ], [ -0.9943842, 37.7131522 ], [ -0.9938008, 37.7131423 ], [ -0.9931756, 37.7131767 ], [ -0.9930411, 37.7126044 ], [ -0.9930229, 37.7125269 ], [ -0.992971, 37.7121976 ], [ -0.9929692, 37.712162 ], [ -0.9926868, 37.712166 ], [ -0.9925191, 37.7120896 ], [ -0.9922506, 37.7119672 ], [ -0.9919849, 37.7117369 ], [ -0.9912177, 37.7113213 ], [ -0.9907799, 37.7110586 ], [ -0.9901623, 37.7101351 ], [ -0.9900165, 37.7100443 ], [ -0.9897067, 37.7096169 ], [ -0.9893532, 37.7089825 ], [ -0.9886628, 37.7080087 ], [ -0.9883626, 37.7076894 ], [ -0.9865972, 37.7067169 ], [ -0.9844472, 37.7056489 ], [ -0.9796375, 37.7030611 ], [ -0.9790722, 37.7027364 ], [ -0.9780501, 37.7021494 ], [ -0.9770884, 37.7015135 ], [ -0.9769626, 37.7021011 ], [ -0.9769432, 37.7021917 ], [ -0.9769327, 37.7022407 ], [ -0.9769129, 37.7023331 ], [ -0.9764199, 37.7042962 ], [ -0.9754003, 37.7083706 ], [ -0.9747203, 37.7107891 ], [ -0.9737846, 37.7153913 ], [ -0.9728894, 37.7196161 ], [ -0.9718786, 37.7236814 ], [ -0.9700917, 37.7228566 ], [ -0.9707206, 37.7233967 ], [ -0.9710554, 37.7236007 ], [ -0.9718409, 37.7239206 ], [ -0.9724695, 37.7239987 ], [ -0.9724696, 37.7239988 ], [ -0.9725985, 37.7240148 ], [ -0.9728707, 37.7240172 ], [ -0.9733925, 37.7240194 ], [ -0.9764822, 37.7237965 ], [ -0.9820622, 37.7233936 ], [ -0.9820663, 37.7233933 ], [ -0.9820664, 37.7233933 ], [ -0.9820678, 37.7233936 ], [ -0.9826984, 37.7235123 ], [ -0.9838408, 37.7237295 ] ] ] } },
{ "type": "Feature", "properties": { "CCAA": "14 - Región de Murcia", "PROVINCIA": "30 - Murcia", "MUNICIPIO": "30016 - Cartagena", "COD_MUNICIPIO": "30016", "DISTRITO": "08", "SECCION": "3001608010", "V1_H": 79.57, "V1_M": 85.52, "V2_H": 79.5571672, "V2_M": 85.61629353, "V3_H": 79.73611669, "V3_M": 85.61269153000001 }, "geometry": { "type": "Polygon", "coordinates": [ [ [ -0.9875965, 37.6295687 ], [ -0.987872, 37.629575 ], [ -0.9880231, 37.6295784 ], [ -0.9881949, 37.6295824 ], [ -0.9883491, 37.6295859 ], [ -0.9883748, 37.6295873 ], [ -0.9891923, 37.6296347 ], [ -0.989335, 37.6296342 ], [ -0.9895766, 37.6296333 ], [ -0.9896147, 37.6296333 ], [ -0.9897801, 37.6296346 ], [ -0.9898116, 37.6296348 ], [ -0.9898123, 37.6296131 ], [ -0.9898467, 37.6286783 ], [ -0.9898524, 37.6285208 ], [ -0.9902532, 37.6285281 ], [ -0.990649, 37.6285353 ], [ -0.9910349, 37.6285423 ], [ -0.9916336, 37.6285531 ], [ -0.9914942, 37.6283798 ], [ -0.9911265, 37.6279222 ], [ -0.9910756, 37.6278303 ], [ -0.990896, 37.6275076 ], [ -0.990739, 37.6272254 ], [ -0.9907134, 37.6271794 ], [ -0.9906574, 37.6270636 ], [ -0.9898884, 37.627221 ], [ -0.9896498, 37.6272656 ], [ -0.9893685, 37.6273159 ], [ -0.9887836, 37.6274206 ], [ -0.9887408, 37.6274283 ], [ -0.9885154, 37.6274627 ], [ -0.9885027, 37.6274647 ], [ -0.9884641, 37.6274599 ], [ -0.9881182, 37.6272998 ], [ -0.9880618, 37.6273517 ], [ -0.9878804, 37.6275186 ], [ -0.9877951, 37.627719 ], [ -0.987791, 37.6277285 ], [ -0.9877254, 37.6278825 ], [ -0.9877231, 37.6278908 ], [ -0.9876548, 37.6281316 ], [ -0.9876544, 37.6281324 ], [ -0.9874499, 37.6285782 ], [ -0.9874329, 37.6286152 ], [ -0.9874265, 37.6288561 ], [ -0.9874775, 37.6291745 ], [ -0.9875628, 37.629469 ], [ -0.9875878, 37.6295428 ], [ -0.9875922, 37.6295559 ], [ -0.9875965, 37.6295687 ] ] ] } },
{ "type": "Feature", "properties": { "CCAA": "14 - Región de Murcia", "PROVINCIA": "30 - Murcia", "MUNICIPIO": "30016 - Cartagena", "COD_MUNICIPIO": "30016", "DISTRITO": "08", "SECCION": "3001608011", "V1_H": 80.01, "V1_M": 85.96, "V2_H": 79.87654463, "V2_M": 85.8497366, "V3_H": 80.24882261, "V3_M": 86.17409879 }, "geometry": { "type": "Polygon", "coordinates": [ [ [ -0.9557122, 37.660263 ], [ -0.9559064, 37.6598538 ], [ -0.9571419, 37.6607632 ], [ -0.9587154, 37.6614365 ], [ -0.9598692, 37.6622074 ], [ -0.9612916, 37.6626611 ], [ -0.9623478, 37.662881 ], [ -0.9634862, 37.6623235 ], [ -0.9648112, 37.6617683 ], [ -0.9662274, 37.661054 ], [ -0.9674808, 37.6609444 ], [ -0.9700203, 37.6610577 ], [ -0.9720388, 37.6612901 ], [ -0.9745223, 37.6613568 ], [ -0.9773347, 37.6614734 ], [ -0.978396, 37.661533 ], [ -0.979857, 37.6616779 ], [ -0.9816497, 37.6622393 ], [ -0.9824888, 37.6625134 ], [ -0.9862657, 37.6630257 ], [ -0.9863791, 37.6626209 ], [ -0.9881221, 37.6574222 ], [ -0.9890673, 37.653839 ], [ -0.9893693, 37.6526337 ], [ -0.9898879, 37.6505634 ], [ -0.9913402, 37.6449944 ], [ -0.9923042, 37.6408885 ], [ -0.9923507, 37.6406906 ], [ -0.9924408, 37.6402196 ], [ -0.9925004, 37.6399082 ], [ -0.9925546, 37.6396249 ], [ -0.9921621, 37.639442 ], [ -0.99183, 37.6392873 ], [ -0.9915659, 37.6391642 ], [ -0.9886337, 37.6378026 ], [ -0.9886583, 37.6371339 ], [ -0.9887006, 37.6355676 ], [ -0.9887068, 37.6349185 ], [ -0.9886823, 37.6343674 ], [ -0.9885937, 37.6338958 ], [ -0.9884743, 37.6333118 ], [ -0.9882828, 37.6324802 ], [ -0.9880435, 37.6313345 ], [ -0.9880037, 37.6311413 ], [ -0.9879832, 37.6308588 ], [ -0.9879342, 37.6306528 ], [ -0.9878279, 37.6302664 ], [ -0.9877513, 37.6300131 ], [ -0.9875965, 37.6295687 ], [ -0.9870056, 37.6296991 ], [ -0.9869499, 37.6297124 ], [ -0.9865015, 37.6298192 ], [ -0.9864688, 37.629827 ], [ -0.9863488, 37.6298556 ], [ -0.9862524, 37.6298786 ], [ -0.9862248, 37.6298852 ], [ -0.9857453, 37.6300436 ], [ -0.9855025, 37.6301238 ], [ -0.9847253, 37.630419 ], [ -0.9846227, 37.630458 ], [ -0.9845076, 37.6305051 ], [ -0.9840458, 37.6306409 ], [ -0.9840289, 37.6306456 ], [ -0.9837072, 37.6307353 ], [ -0.9832704, 37.6308518 ], [ -0.9831615, 37.6308707 ], [ -0.98294, 37.6309095 ], [ -0.9826496, 37.6309572 ], [ -0.9818942, 37.6310338 ], [ -0.981888, 37.630993 ], [ -0.9814672, 37.6310143 ], [ -0.9808217, 37.6309365 ], [ -0.9803361, 37.6309329 ], [ -0.9798196, 37.6309622 ], [ -0.9794106, 37.6310077 ], [ -0.9790913, 37.6310642 ], [ -0.9788208, 37.6310882 ], [ -0.9786661, 37.6310426 ], [ -0.9777153, 37.6307259 ], [ -0.9771213, 37.6305202 ], [ -0.9769071, 37.6304593 ], [ -0.9770905, 37.6292225 ], [ -0.9771677, 37.6288089 ], [ -0.9780062, 37.6259777 ], [ -0.9779897, 37.6259791 ], [ -0.9782715, 37.624999 ], [ -0.978481, 37.6242253 ], [ -0.9741306, 37.6233027 ], [ -0.9744998, 37.6237982 ], [ -0.9737259, 37.6246585 ], [ -0.9736327, 37.6247621 ], [ -0.9727211, 37.6254372 ], [ -0.9720267, 37.626058 ], [ -0.9713494, 37.6270453 ], [ -0.9707995, 37.6280916 ], [ -0.9701437, 37.6288502 ], [ -0.9695161, 37.6282581 ], [ -0.9664587, 37.6286648 ], [ -0.9630981, 37.6291568 ], [ -0.9630622, 37.6292636 ], [ -0.9630606, 37.6292697 ], [ -0.962993, 37.6295367 ], [ -0.9629097, 37.6300708 ], [ -0.962881, 37.6302204 ], [ -0.9628483, 37.6303971 ], [ -0.9628292, 37.6305332 ], [ -0.9627951, 37.6306896 ], [ -0.9624439, 37.6321955 ], [ -0.9624008, 37.6321877 ], [ -0.9613898, 37.6320074 ], [ -0.9613457, 37.6320008 ], [ -0.9605055, 37.6318788 ], [ -0.9604467, 37.6318702 ], [ -0.9602441, 37.6316791 ], [ -0.959537, 37.632284 ], [ -0.9588611, 37.6327675 ], [ -0.9584662, 37.6329913 ], [ -0.9571709, 37.6317148 ], [ -0.956394, 37.6313038 ], [ -0.9555835, 37.6305947 ], [ -0.9545773, 37.6301692 ], [ -0.953205, 37.629968 ], [ -0.9521459, 37.629851 ], [ -0.9507153, 37.6301298 ], [ -0.9502354, 37.6303181 ], [ -0.9488391, 37.6299676 ], [ -0.9474664, 37.6297777 ], [ -0.9465553, 37.6295252 ], [ -0.9448866, 37.6300642 ], [ -0.942783, 37.6302768 ], [ -0.941036, 37.6301162 ], [ -0.9395604, 37.630005 ], [ -0.9388459, 37.6298925 ], [ -0.9387329, 37.6298337 ], [ -0.9374009, 37.6306175 ], [ -0.9352905, 37.6314939 ], [ -0.9336177, 37.6326052 ], [ -0.931921, 37.6335673 ], [ -0.9296538, 37.6348559 ], [ -0.9306234, 37.6355193 ], [ -0.9314712, 37.6359543 ], [ -0.9329261, 37.636718 ], [ -0.9339655, 37.6374532 ], [ -0.9344695, 37.6374141 ], [ -0.9346433, 37.6378172 ], [ -0.9352568, 37.6388444 ], [ -0.9358688, 37.6394709 ], [ -0.9369267, 37.6405269 ], [ -0.937546, 37.6409245 ], [ -0.9384414, 37.6412226 ], [ -0.9393372, 37.6415093 ], [ -0.9396782, 37.6420749 ], [ -0.9412478, 37.6428515 ], [ -0.9417465, 37.6434306 ], [ -0.942371, 37.6436679 ], [ -0.9430149, 37.6437451 ], [ -0.943587, 37.6438214 ], [ -0.9439167, 37.6442952 ], [ -0.9436673, 37.6449102 ], [ -0.9434126, 37.6452389 ], [ -0.9438395, 37.645817 ], [ -0.944337, 37.6459839 ], [ -0.9446391, 37.6468696 ], [ -0.9453913, 37.6476124 ], [ -0.9459452, 37.6482609 ], [ -0.9466328, 37.6487738 ], [ -0.9475008, 37.6494837 ], [ -0.9478136, 37.6500375 ], [ -0.948699, 37.650656 ], [ -0.9490549, 37.6512104 ], [ -0.9496922, 37.6519516 ], [ -0.9501361, 37.6524498 ], [ -0.9511751, 37.6532077 ], [ -0.9517708, 37.6539026 ], [ -0.9523999, 37.654449 ], [ -0.9530223, 37.6556595 ], [ -0.9533222, 37.6560607 ], [ -0.9535323, 37.6563418 ], [ -0.9540209, 37.6572413 ], [ -0.9545114, 37.6580836 ], [ -0.9547118, 37.6590137 ], [ -0.9557122, 37.660263 ] ] ] } },
{ "type": "Feature", "properties": { "CCAA": "14 - Región de Murcia", "PROVINCIA": "30 - Murcia", "MUNICIPIO": "30016 - Cartagena", "COD_MUNICIPIO": "30016", "DISTRITO": "08", "SECCION": "3001608024", "V1_H": 80.91, "V1_M": 86.7, "V2_H": 80.91796575, "V2_M": 86.73459974, "V3_H": 81.00259482, "V3_M": 86.81948346 }, "geometry": { "type": "Polygon", "coordinates": [ [ [ -0.9946013, 37.6087469 ], [ -0.9947223, 37.6087157 ], [ -0.9950261, 37.6086144 ], [ -0.9953466, 37.6085167 ], [ -0.9956071, 37.6084679 ], [ -0.9957354, 37.60852 ], [ -0.9962306, 37.6087646 ], [ -0.9963286, 37.6088249 ], [ -0.9964837, 37.6087907 ], [ -0.9970941, 37.6086487 ], [ -0.997399, 37.6085904 ], [ -0.9977026, 37.6085765 ], [ -0.9978459, 37.6085916 ], [ -0.9979964, 37.6086323 ], [ -0.9982576, 37.6087129 ], [ -0.998121, 37.6090471 ], [ -0.9984964, 37.6090344 ], [ -0.99864, 37.6090368 ], [ -0.9988613, 37.6091168 ], [ -0.999331, 37.6094612 ], [ -0.9997307, 37.6097347 ], [ -1.0000963, 37.6097917 ], [ -1.0007667, 37.6100888 ], [ -1.0008965, 37.6100084 ], [ -1.0015945, 37.6095758 ], [ -1.001977, 37.6093029 ], [ -1.0023001, 37.6090376 ], [ -1.002532, 37.6088022 ], [ -1.0026148, 37.6085058 ], [ -1.0035166, 37.6075022 ], [ -1.0038903, 37.6070762 ], [ -1.0062893, 37.6065642 ], [ -1.0081379, 37.6074362 ], [ -1.008229, 37.6062848 ], [ -1.0085135, 37.6061408 ], [ -1.0072929, 37.6048477 ], [ -1.0061264, 37.6035734 ], [ -1.0051979, 37.6024966 ], [ -1.0042367, 37.6015455 ], [ -1.0029648, 37.5999721 ], [ -1.0017722, 37.5986172 ], [ -1.0013336, 37.59702 ], [ -1.0020472, 37.5948421 ], [ -1.0027825, 37.5938095 ], [ -1.0033505, 37.5930839 ], [ -1.0033348, 37.592202 ], [ -1.0030581, 37.590939 ], [ -1.0029001, 37.5895515 ], [ -1.0017873, 37.5879457 ], [ -1.0012104, 37.5866445 ], [ -1.000202, 37.5849256 ], [ -0.9995078, 37.5847793 ], [ -0.9986187, 37.5845755 ], [ -0.9994845, 37.5873304 ], [ -0.9985138, 37.5872041 ], [ -0.9958728, 37.5860158 ], [ -0.9941031, 37.5861576 ], [ -0.9914805, 37.5834347 ], [ -0.9904045, 37.5830108 ], [ -0.9897666, 37.5814678 ], [ -0.9888937, 37.5815262 ], [ -0.9866161, 37.5849204 ], [ -0.9854046, 37.5853588 ], [ -0.9832966, 37.5841343 ], [ -0.9858477, 37.5869716 ], [ -0.9886877, 37.5874988 ], [ -0.9887888, 37.5883454 ], [ -0.9891988, 37.5878399 ], [ -0.9892467, 37.5885898 ], [ -0.9871562, 37.5921928 ], [ -0.9874052, 37.5926608 ], [ -0.9872568, 37.5926687 ], [ -0.9872742, 37.592903 ], [ -0.9885935, 37.5935727 ], [ -0.9884475, 37.5937513 ], [ -0.9870748, 37.5930575 ], [ -0.9869408, 37.593217 ], [ -0.9887245, 37.5950865 ], [ -0.9896341, 37.5960919 ], [ -0.989837, 37.596149 ], [ -0.993462, 37.5955317 ], [ -0.9934604, 37.5955246 ], [ -0.9934964, 37.5955196 ], [ -0.993498, 37.5955266 ], [ -0.9936496, 37.5955011 ], [ -0.9936481, 37.5954939 ], [ -0.9936843, 37.5954877 ], [ -0.9936859, 37.5954941 ], [ -0.9948617, 37.5952895 ], [ -0.9948691, 37.5953233 ], [ -0.9948744, 37.5953536 ], [ -0.9948832, 37.5954024 ], [ -0.9948893, 37.5954488 ], [ -0.9948939, 37.5954835 ], [ -0.994897, 37.5955199 ], [ -0.9949013, 37.5955559 ], [ -0.9949028, 37.5955886 ], [ -0.9949062, 37.5956221 ], [ -0.9949055, 37.5956499 ], [ -0.9949068, 37.59568 ], [ -0.9949075, 37.5957113 ], [ -0.9949067, 37.5957408 ], [ -0.9949067, 37.5957753 ], [ -0.9949028, 37.5958072 ], [ -0.9938585, 37.5957869 ], [ -0.9937702, 37.595803 ], [ -0.993774, 37.5958155 ], [ -0.9937343, 37.5958231 ], [ -0.9937305, 37.59581 ], [ -0.9935896, 37.5958354 ], [ -0.9935926, 37.5958497 ], [ -0.9935628, 37.5958555 ], [ -0.9935581, 37.5958405 ], [ -0.9934395, 37.595862 ], [ -0.9935885, 37.5963326 ], [ -0.9936199, 37.5963484 ], [ -0.9936481, 37.5963426 ], [ -0.9936435, 37.5963263 ], [ -0.9936794, 37.5963185 ], [ -0.9936844, 37.5963367 ], [ -0.9937217, 37.5963286 ], [ -0.9937169, 37.5963102 ], [ -0.9937569, 37.5963022 ], [ -0.9937622, 37.5963212 ], [ -0.9938623, 37.5963015 ], [ -0.9938567, 37.596282 ], [ -0.993904, 37.5962721 ], [ -0.993906, 37.5962786 ], [ -0.994731, 37.5961074 ], [ -0.9948177, 37.5960897 ], [ -0.9949057, 37.5960715 ], [ -0.994967, 37.5960593 ], [ -0.9950444, 37.5960454 ], [ -0.9951142, 37.5960331 ], [ -0.9951745, 37.5960232 ], [ -0.9952275, 37.5960144 ], [ -0.9952928, 37.5960059 ], [ -0.9953438, 37.596 ], [ -0.9954053, 37.5959927 ], [ -0.9955168, 37.5959825 ], [ -0.9955881, 37.5959769 ], [ -0.9956429, 37.5959735 ], [ -0.9956908, 37.5959715 ], [ -0.9957369, 37.5959706 ], [ -0.9957895, 37.5959708 ], [ -0.9958481, 37.5959716 ], [ -0.9959133, 37.5959747 ], [ -0.9959551, 37.5959783 ], [ -0.9959671, 37.5960173 ], [ -0.9959416, 37.5960332 ], [ -0.9958945, 37.5960604 ], [ -0.9958382, 37.5960889 ], [ -0.9957882, 37.5961125 ], [ -0.9957462, 37.5961316 ], [ -0.9956507, 37.596168 ], [ -0.9955611, 37.5962009 ], [ -0.9955122, 37.5962171 ], [ -0.9954627, 37.5962338 ], [ -0.9953976, 37.5962522 ], [ -0.9953455, 37.5962671 ], [ -0.9952939, 37.5962806 ], [ -0.9952052, 37.5963035 ], [ -0.9951527, 37.5963148 ], [ -0.9950289, 37.5963401 ], [ -0.993972, 37.5965556 ], [ -0.993975, 37.5965667 ], [ -0.9939411, 37.5965742 ], [ -0.9939325, 37.5965457 ], [ -0.9938403, 37.5965653 ], [ -0.9938437, 37.5965765 ], [ -0.9938132, 37.5965832 ], [ -0.993809, 37.5965709 ], [ -0.9937626, 37.5965815 ], [ -0.9937659, 37.5965934 ], [ -0.9937358, 37.5966001 ], [ -0.9937317, 37.5965879 ], [ -0.9937019, 37.5965914 ], [ -0.9936777, 37.5966126 ], [ -0.9937288, 37.5967378 ], [ -0.9962825, 37.5969305 ], [ -0.9966464, 37.596957 ], [ -0.9965999, 37.5973758 ], [ -0.9962712, 37.5973529 ], [ -0.9938607, 37.5971676 ], [ -0.994718, 37.5996946 ], [ -0.9948581, 37.6001409 ], [ -0.9947993, 37.6001928 ], [ -0.9956499, 37.6006433 ], [ -0.9958512, 37.6012435 ], [ -0.9958547, 37.6012385 ], [ -0.9961644, 37.6013329 ], [ -0.9965163, 37.601434 ], [ -0.9967371, 37.6015026 ], [ -0.9969042, 37.6017857 ], [ -0.9971985, 37.6018055 ], [ -0.9972003, 37.6019408 ], [ -0.9973857, 37.6019651 ], [ -0.997724, 37.6019419 ], [ -0.9978403, 37.6020009 ], [ -0.9979061, 37.6016495 ], [ -0.9982048, 37.6016726 ], [ -0.9986025, 37.6019274 ], [ -0.9990768, 37.6022317 ], [ -0.9992082, 37.6023133 ], [ -0.9992134, 37.6023166 ], [ -0.9993577, 37.6024626 ], [ -0.9994083, 37.602514 ], [ -0.9994464, 37.6025529 ], [ -0.9995964, 37.60254 ], [ -0.9996762, 37.6025332 ], [ -0.9996961, 37.6026019 ], [ -0.9997395, 37.6027522 ], [ -0.9997745, 37.6028741 ], [ -0.999893, 37.602858 ], [ -0.9999373, 37.6028521 ], [ -1.0000079, 37.6028426 ], [ -1.0000786, 37.6030648 ], [ -1.000425, 37.6030118 ], [ -1.0004995, 37.6031535 ], [ -1.0006607, 37.603168 ], [ -1.0004377, 37.603445 ], [ -1.0004338, 37.6034479 ], [ -1.0003801, 37.6034842 ], [ -1.0003223, 37.6035249 ], [ -1.0002749, 37.6035553 ], [ -1.0002379, 37.6035755 ], [ -1.0002053, 37.6035887 ], [ -1.0001886, 37.6035956 ], [ -1.0001621, 37.6036054 ], [ -1.0001423, 37.6036122 ], [ -1.0001172, 37.6036194 ], [ -1.0000994, 37.6036244 ], [ -1.0000878, 37.603627 ], [ -1.0000872, 37.6036272 ], [ -1.0000741, 37.6036346 ], [ -1.0000633, 37.6036498 ], [ -1.0000492, 37.6036836 ], [ -0.9997274, 37.6035892 ], [ -0.9996842, 37.6035831 ], [ -0.9996601, 37.6035875 ], [ -0.9996358, 37.6035964 ], [ -0.9996112, 37.6036137 ], [ -0.9995665, 37.603655 ], [ -0.9994886, 37.6037345 ], [ -0.9994576, 37.6037829 ], [ -0.9994215, 37.6038437 ], [ -0.9993801, 37.6039241 ], [ -0.9993643, 37.6039614 ], [ -0.9993545, 37.6039845 ], [ -0.9992842, 37.6039579 ], [ -0.9988894, 37.6043299 ], [ -0.9988587, 37.6043213 ], [ -0.9988384, 37.60433 ], [ -0.9987092, 37.604361 ], [ -0.9986417, 37.6043736 ], [ -0.9985576, 37.604389 ], [ -0.9985354, 37.604398 ], [ -0.9985236, 37.6044035 ], [ -0.9984879, 37.60442 ], [ -0.9983924, 37.6045088 ], [ -0.9983267, 37.6045749 ], [ -0.9982436, 37.6046771 ], [ -0.9982009, 37.6047431 ], [ -0.9981384, 37.6048711 ], [ -0.9981179, 37.6049009 ], [ -0.9980975, 37.6049239 ], [ -0.9980759, 37.6049413 ], [ -0.998045, 37.6049642 ], [ -0.9980413, 37.6049655 ], [ -0.9980127, 37.6049769 ], [ -0.9979499, 37.6049916 ], [ -0.9977071, 37.6050329 ], [ -0.997657, 37.6050415 ], [ -0.9975288, 37.6050595 ], [ -0.9974962, 37.6050642 ], [ -0.9974447, 37.605078 ], [ -0.9973491, 37.6051098 ], [ -0.9971267, 37.6051823 ], [ -0.996897, 37.6052574 ], [ -0.9965362, 37.6053818 ], [ -0.9964477, 37.6054237 ], [ -0.9963249, 37.6055421 ], [ -0.99608, 37.6057609 ], [ -0.9959291, 37.6058567 ], [ -0.9958118, 37.6059269 ], [ -0.9956948, 37.6059839 ], [ -0.9954452, 37.6060715 ], [ -0.9951541, 37.6061649 ], [ -0.9947814, 37.6062307 ], [ -0.994252, 37.6063004 ], [ -0.993502, 37.6063649 ], [ -0.9935198, 37.6064776 ], [ -0.9935251, 37.6064864 ], [ -0.9935304, 37.6065009 ], [ -0.9935392, 37.6065225 ], [ -0.9935527, 37.6065525 ], [ -0.9935603, 37.6065711 ], [ -0.9935674, 37.6065873 ], [ -0.9935719, 37.6066009 ], [ -0.9935719, 37.6066011 ], [ -0.9935763, 37.6066166 ], [ -0.9935847, 37.6066375 ], [ -0.9935896, 37.6066513 ], [ -0.9935926, 37.6066651 ], [ -0.993595, 37.6066803 ], [ -0.9935997, 37.6066999 ], [ -0.99361, 37.6067223 ], [ -0.9936155, 37.6067402 ], [ -0.9936264, 37.6067702 ], [ -0.9936324, 37.6067901 ], [ -0.9936371, 37.6068055 ], [ -0.9936398, 37.6068197 ], [ -0.9936411, 37.6068343 ], [ -0.993645, 37.6068557 ], [ -0.9936525, 37.6068785 ], [ -0.9936619, 37.6068978 ], [ -0.9936704, 37.6069139 ], [ -0.9936797, 37.6069298 ], [ -0.9936944, 37.6069643 ], [ -0.9937047, 37.6069927 ], [ -0.9937163, 37.607022 ], [ -0.9937312, 37.6070581 ], [ -0.9937459, 37.6070881 ], [ -0.993761, 37.6071133 ], [ -0.9937732, 37.6071349 ], [ -0.9937808, 37.6071461 ], [ -0.9937893, 37.6071583 ], [ -0.993805, 37.6071814 ], [ -0.9938152, 37.6072001 ], [ -0.9938256, 37.6072196 ], [ -0.9938364, 37.6072356 ], [ -0.9938456, 37.607248 ], [ -0.9938515, 37.6072583 ], [ -0.993862, 37.6072763 ], [ -0.993875, 37.6072987 ], [ -0.9938867, 37.6073203 ], [ -0.9938991, 37.6073427 ], [ -0.9939102, 37.6073657 ], [ -0.9939227, 37.6073859 ], [ -0.9939397, 37.6074146 ], [ -0.993953, 37.6074345 ], [ -0.9939683, 37.6074588 ], [ -0.9939816, 37.6074807 ], [ -0.9939912, 37.6075022 ], [ -0.9940045, 37.6075268 ], [ -0.9940201, 37.607557 ], [ -0.9940397, 37.6075923 ], [ -0.9940526, 37.6076242 ], [ -0.9940651, 37.6076511 ], [ -0.9940665, 37.6076541 ], [ -0.9940857, 37.6076915 ], [ -0.9941044, 37.6077226 ], [ -0.994122, 37.6077515 ], [ -0.9941348, 37.6077713 ], [ -0.9941374, 37.6077754 ], [ -0.9941518, 37.6077988 ], [ -0.9941676, 37.6078309 ], [ -0.994188, 37.6078699 ], [ -0.9941979, 37.6078922 ], [ -0.99421, 37.6079183 ], [ -0.994221, 37.607943 ], [ -0.9942352, 37.6079765 ], [ -0.994249, 37.6080077 ], [ -0.9942608, 37.6080332 ], [ -0.9942746, 37.6080657 ], [ -0.9942789, 37.608079 ], [ -0.9942886, 37.6081069 ], [ -0.9942988, 37.6081363 ], [ -0.9943077, 37.6081617 ], [ -0.9943173, 37.6081931 ], [ -0.994328, 37.6082139 ], [ -0.9943441, 37.6082385 ], [ -0.9943592, 37.6082527 ], [ -0.994365, 37.6082583 ], [ -0.9943703, 37.6082646 ], [ -0.9943861, 37.6082838 ], [ -0.9943992, 37.6083028 ], [ -0.9944152, 37.6083421 ], [ -0.9944234, 37.6083671 ], [ -0.9944333, 37.6083842 ], [ -0.9944367, 37.6083934 ], [ -0.9944415, 37.6084047 ], [ -0.9944473, 37.6084153 ], [ -0.9944555, 37.6084335 ], [ -0.9944629, 37.6084495 ], [ -0.9944702, 37.6084627 ], [ -0.994478, 37.6084767 ], [ -0.9944896, 37.6084956 ], [ -0.9944933, 37.6085016 ], [ -0.9945016, 37.6085126 ], [ -0.9945068, 37.6085235 ], [ -0.99451, 37.6085314 ], [ -0.9945126, 37.6085415 ], [ -0.9945154, 37.6085523 ], [ -0.9945182, 37.6085652 ], [ -0.9945213, 37.6085765 ], [ -0.9945233, 37.6085841 ], [ -0.9946003, 37.6087425 ], [ -0.9946013, 37.6087466 ], [ -0.9946013, 37.6087469 ] ] ] } },
{ "type": "Feature", "properties": { "CCAA": "14 - Región de Murcia", "PROVINCIA": "30 - Murcia", "MUNICIPIO": "30016 - Cartagena", "COD_MUNICIPIO": "30016", "DISTRITO": "08", "SECCION": "3001608025", "V1_H": 80.06, "V1_M": 86.09, "V2_H": 79.80248703, "V2_M": 86.14116428, "V3_H": 80.46064959, "V3_M": 86.17412372 }, "geometry": { "type": "Polygon", "coordinates": [ [ [ -1.0022412, 37.6158151 ], [ -1.0024945, 37.6158459 ], [ -1.0028073, 37.6158772 ], [ -1.0030571, 37.6158607 ], [ -1.0032413, 37.6158328 ], [ -1.0033738, 37.6158039 ], [ -1.0035113, 37.6157648 ], [ -1.0036016, 37.6157284 ], [ -1.0037634, 37.615662 ], [ -1.003873, 37.6156086 ], [ -1.0045705, 37.6152742 ], [ -1.0053442, 37.6149056 ], [ -1.0058269, 37.6146779 ], [ -1.0089494, 37.6131969 ], [ -1.0098789, 37.612756 ], [ -1.0106238, 37.6124027 ], [ -1.0119848, 37.6117571 ], [ -1.0121511, 37.6116421 ], [ -1.0133208, 37.6109585 ], [ -1.0111451, 37.6088813 ], [ -1.0092037, 37.6071277 ], [ -1.0086275, 37.6062616 ], [ -1.0085135, 37.6061408 ], [ -1.008229, 37.6062848 ], [ -1.0081379, 37.6074362 ], [ -1.0062893, 37.6065642 ], [ -1.0038903, 37.6070762 ], [ -1.0035166, 37.6075022 ], [ -1.0026148, 37.6085058 ], [ -1.002532, 37.6088022 ], [ -1.0023001, 37.6090376 ], [ -1.001977, 37.6093029 ], [ -1.0015945, 37.6095758 ], [ -1.0008965, 37.6100084 ], [ -1.0007667, 37.6100888 ], [ -1.0000963, 37.6097917 ], [ -0.9997307, 37.6097347 ], [ -0.999331, 37.6094612 ], [ -0.9988613, 37.6091168 ], [ -0.99864, 37.6090368 ], [ -0.9984964, 37.6090344 ], [ -0.998121, 37.6090471 ], [ -0.9982576, 37.6087129 ], [ -0.9979964, 37.6086323 ], [ -0.9978459, 37.6085916 ], [ -0.9977026, 37.6085765 ], [ -0.997399, 37.6085904 ], [ -0.9970941, 37.6086487 ], [ -0.9964837, 37.6087907 ], [ -0.9963286, 37.6088249 ], [ -0.9962306, 37.6087646 ], [ -0.9957354, 37.60852 ], [ -0.9956071, 37.6084679 ], [ -0.9953466, 37.6085167 ], [ -0.9950261, 37.6086144 ], [ -0.9947223, 37.6087157 ], [ -0.9946013, 37.6087469 ], [ -0.9946028, 37.6087536 ], [ -0.9946028, 37.6087537 ], [ -0.9946044, 37.6087861 ], [ -0.9946082, 37.6088338 ], [ -0.9946114, 37.6088636 ], [ -0.994614, 37.6088828 ], [ -0.9946165, 37.6088906 ], [ -0.9946199, 37.6088962 ], [ -0.9946288, 37.6089131 ], [ -0.9946462, 37.6089428 ], [ -0.994667, 37.6089826 ], [ -0.9947242, 37.6091138 ], [ -0.9947386, 37.6091608 ], [ -0.9947629, 37.6092202 ], [ -0.9947873, 37.6092725 ], [ -0.9948211, 37.6093325 ], [ -0.9948352, 37.6093592 ], [ -0.9948798, 37.609431 ], [ -0.994915, 37.609494 ], [ -0.9949388, 37.6095429 ], [ -0.9949604, 37.6095912 ], [ -0.9949691, 37.6096202 ], [ -0.9949805, 37.6096631 ], [ -0.9949959, 37.609729 ], [ -0.9949992, 37.6097534 ], [ -0.995016, 37.6098283 ], [ -0.9950308, 37.6098925 ], [ -0.9950427, 37.6099272 ], [ -0.995049, 37.6099459 ], [ -0.9950789, 37.6100348 ], [ -0.9950943, 37.6100732 ], [ -0.9951205, 37.6101226 ], [ -0.9951393, 37.6101559 ], [ -0.9951588, 37.6101886 ], [ -0.9951799, 37.6102524 ], [ -0.9951921, 37.6103236 ], [ -0.9952074, 37.6103718 ], [ -0.9952236, 37.6104142 ], [ -0.9952412, 37.6104562 ], [ -0.9952517, 37.6104845 ], [ -0.9952753, 37.6105529 ], [ -0.9952857, 37.610567 ], [ -0.9953079, 37.610589 ], [ -0.9953395, 37.6106152 ], [ -0.9953501, 37.6106202 ], [ -0.9953566, 37.6106263 ], [ -0.9953604, 37.6106323 ], [ -0.9953626, 37.610652 ], [ -0.995366, 37.6106767 ], [ -0.9953761, 37.6107015 ], [ -0.9953888, 37.6107264 ], [ -0.9954027, 37.6107582 ], [ -0.9954186, 37.6107974 ], [ -0.9954141, 37.6108387 ], [ -0.9954276, 37.610883 ], [ -0.9954311, 37.610892 ], [ -0.9954355, 37.6109043 ], [ -0.9954396, 37.610912 ], [ -0.9954446, 37.6109187 ], [ -0.9954529, 37.6109296 ], [ -0.9954634, 37.6109459 ], [ -0.9954815, 37.6109752 ], [ -0.9954994, 37.6109999 ], [ -0.9955265, 37.6110386 ], [ -0.9955412, 37.6110618 ], [ -0.9955717, 37.6111044 ], [ -0.9956085, 37.6111541 ], [ -0.9956225, 37.6111746 ], [ -0.9956377, 37.6111947 ], [ -0.9956548, 37.6112187 ], [ -0.9956669, 37.6112368 ], [ -0.9956815, 37.6112614 ], [ -0.9956907, 37.611282 ], [ -0.9956989, 37.6113038 ], [ -0.9957059, 37.6113205 ], [ -0.9957155, 37.6113446 ], [ -0.9957235, 37.6113681 ], [ -0.9957341, 37.6113957 ], [ -0.9957424, 37.6114172 ], [ -0.9957543, 37.6114431 ], [ -0.9957673, 37.6114696 ], [ -0.9957819, 37.6115007 ], [ -0.9957911, 37.6115201 ], [ -0.9958038, 37.6115454 ], [ -0.9958135, 37.6115664 ], [ -0.995824, 37.6115903 ], [ -0.995833, 37.6116105 ], [ -0.995845, 37.6116316 ], [ -0.9958608, 37.6116579 ], [ -0.9958756, 37.6116828 ], [ -0.9958761, 37.6116834 ], [ -0.9958838, 37.6116961 ], [ -0.9959189, 37.6117584 ], [ -0.9959198, 37.6117599 ], [ -0.9959403, 37.6117842 ], [ -0.9959569, 37.6118051 ], [ -0.9959768, 37.6118247 ], [ -0.9960004, 37.6118492 ], [ -0.9960244, 37.6118741 ], [ -0.9960517, 37.6118993 ], [ -0.9960764, 37.6119246 ], [ -0.9960948, 37.6119429 ], [ -0.9961167, 37.6119589 ], [ -0.996117, 37.611959 ], [ -0.9961397, 37.611979 ], [ -0.9961671, 37.6120026 ], [ -0.9961923, 37.6120241 ], [ -0.9962261, 37.6120552 ], [ -0.9962598, 37.6120865 ], [ -0.9962889, 37.6121135 ], [ -0.9963201, 37.6121428 ], [ -0.9963459, 37.612167 ], [ -0.9963745, 37.6121898 ], [ -0.9964025, 37.6122151 ], [ -0.9964383, 37.6122448 ], [ -0.996475, 37.6122774 ], [ -0.9965048, 37.6123044 ], [ -0.9965372, 37.6123351 ], [ -0.9965843, 37.6123761 ], [ -0.9966275, 37.6124134 ], [ -0.9966714, 37.6124519 ], [ -0.996708, 37.6124833 ], [ -0.9967503, 37.6125187 ], [ -0.996775, 37.612539 ], [ -0.9967915, 37.6125536 ], [ -0.9968015, 37.6125625 ], [ -0.9968168, 37.6125747 ], [ -0.9968307, 37.6125879 ], [ -0.9968466, 37.6125991 ], [ -0.9968643, 37.6126126 ], [ -0.9968885, 37.6126323 ], [ -0.9969072, 37.6126464 ], [ -0.9969324, 37.6126656 ], [ -0.9969509, 37.6126814 ], [ -0.9969779, 37.6127013 ], [ -0.9970089, 37.6127247 ], [ -0.9970282, 37.612741 ], [ -0.9970498, 37.6127578 ], [ -0.9970694, 37.6127734 ], [ -0.9970919, 37.6127904 ], [ -0.9971118, 37.6128038 ], [ -0.9971334, 37.612818 ], [ -0.9971507, 37.612831 ], [ -0.9971689, 37.6128442 ], [ -0.9971908, 37.6128613 ], [ -0.9972147, 37.612879 ], [ -0.9972354, 37.6128957 ], [ -0.9972522, 37.6129089 ], [ -0.9972655, 37.6129184 ], [ -0.9972823, 37.6129296 ], [ -0.9973002, 37.6129414 ], [ -0.9973166, 37.6129487 ], [ -0.9973374, 37.6129613 ], [ -0.9973555, 37.6129738 ], [ -0.9973783, 37.6129916 ], [ -0.9973923, 37.6130023 ], [ -0.9974121, 37.613019 ], [ -0.9974317, 37.613035 ], [ -0.9974552, 37.6130545 ], [ -0.9974768, 37.6130732 ], [ -0.9975043, 37.6130963 ], [ -0.9975294, 37.6131165 ], [ -0.9975591, 37.6131389 ], [ -0.9975961, 37.6131681 ], [ -0.9976236, 37.6131941 ], [ -0.9976421, 37.6132108 ], [ -0.9976564, 37.6132241 ], [ -0.9976774, 37.6132427 ], [ -0.9976941, 37.613258 ], [ -0.9977009, 37.6132634 ], [ -0.9977089, 37.6132699 ], [ -0.997726, 37.6132833 ], [ -0.9977415, 37.6132974 ], [ -0.9977566, 37.6133107 ], [ -0.9977711, 37.6133231 ], [ -0.9978, 37.6133492 ], [ -0.9978136, 37.6133606 ], [ -0.9978307, 37.6133761 ], [ -0.9978437, 37.613389 ], [ -0.9978561, 37.6134036 ], [ -0.9978799, 37.6134244 ], [ -0.9979036, 37.6134459 ], [ -0.9979363, 37.6134737 ], [ -0.9979539, 37.613489 ], [ -0.9979737, 37.6135066 ], [ -0.9979943, 37.6135237 ], [ -0.998013, 37.613539 ], [ -0.9980305, 37.613554 ], [ -0.9980461, 37.6135677 ], [ -0.9980679, 37.6135878 ], [ -0.9980812, 37.6136006 ], [ -0.9980965, 37.6136167 ], [ -0.998111, 37.6136316 ], [ -0.9981208, 37.613641 ], [ -0.9981362, 37.6136537 ], [ -0.9981489, 37.6136655 ], [ -0.9981665, 37.6136824 ], [ -0.9981846, 37.6137005 ], [ -0.998201, 37.6137153 ], [ -0.9982209, 37.6137349 ], [ -0.9982433, 37.6137528 ], [ -0.9982675, 37.6137695 ], [ -0.9982878, 37.6137809 ], [ -0.9983121, 37.6137905 ], [ -0.9983378, 37.6137993 ], [ -0.9983757, 37.6138122 ], [ -0.9984106, 37.6138219 ], [ -0.9984343, 37.6138288 ], [ -0.9984627, 37.613839 ], [ -0.9984895, 37.6138489 ], [ -0.9985336, 37.6138653 ], [ -0.9985622, 37.6138759 ], [ -0.9985858, 37.6138853 ], [ -0.9986051, 37.6138928 ], [ -0.9986281, 37.6139002 ], [ -0.9986544, 37.6139108 ], [ -0.9982484, 37.6144376 ], [ -0.9983129, 37.6144633 ], [ -0.9987064, 37.6146201 ], [ -0.9987224, 37.6146264 ], [ -0.9989927, 37.6147306 ], [ -0.9990171, 37.61474 ], [ -0.9991816, 37.6148034 ], [ -0.9992239, 37.6148198 ], [ -0.9995178, 37.6149369 ], [ -1.0007112, 37.6154129 ], [ -1.0007466, 37.6154271 ], [ -1.0009919, 37.6155263 ], [ -1.0012025, 37.6156055 ], [ -1.0013461, 37.6156517 ], [ -1.0013471, 37.6156519 ], [ -1.0014343, 37.6156746 ], [ -1.0015258, 37.6156985 ], [ -1.0017645, 37.6157437 ], [ -1.0022412, 37.6158151 ] ] ] } },
{ "type": "Feature", "properties": { "CCAA": "14 - Región de Murcia", "PROVINCIA": "30 - Murcia", "MUNICIPIO": "30016 - Cartagena", "COD_MUNICIPIO": "30016", "DISTRITO": "06", "SECCION": "3001606003", "V1_H": 79.29, "V1_M": 85.18, "V2_H": 79.29248013, "V2_M": 85.31775581, "V3_H": 79.43295666, "V3_M": 85.21995842 }, "geometry": { "type": "Polygon", "coordinates": [ [ [ -0.8016936, 37.6495033 ], [ -0.7968371, 37.6551735 ], [ -0.8033724, 37.6581968 ], [ -0.8125351, 37.6642417 ], [ -0.8131954, 37.6653101 ], [ -0.8135253, 37.6653888 ], [ -0.8149117, 37.6639829 ], [ -0.8162403, 37.6629257 ], [ -0.8177182, 37.6616989 ], [ -0.8191418, 37.6603797 ], [ -0.8202906, 37.6595374 ], [ -0.8217651, 37.6588371 ], [ -0.822276, 37.6590277 ], [ -0.823728, 37.6594262 ], [ -0.8245759, 37.6589918 ], [ -0.825992, 37.6587487 ], [ -0.8273996, 37.6587573 ], [ -0.8285268, 37.6589909 ], [ -0.8301662, 37.6589455 ], [ -0.8312452, 37.6584685 ], [ -0.832765, 37.6577001 ], [ -0.834092, 37.6571121 ], [ -0.8348773, 37.6568255 ], [ -0.836381, 37.6565377 ], [ -0.8380332, 37.6561031 ], [ -0.8398601, 37.6556022 ], [ -0.8416909, 37.6554106 ], [ -0.8415898, 37.6545619 ], [ -0.8412856, 37.6529088 ], [ -0.8411163, 37.651521 ], [ -0.8409782, 37.6504886 ], [ -0.8409277, 37.6494116 ], [ -0.8411074, 37.6487615 ], [ -0.8414283, 37.647747 ], [ -0.8421037, 37.6468749 ], [ -0.8428886, 37.6461646 ], [ -0.8436444, 37.6454654 ], [ -0.8442782, 37.6445469 ], [ -0.845119, 37.6434482 ], [ -0.8453205, 37.6425694 ], [ -0.8455825, 37.6415998 ], [ -0.8460275, 37.6415154 ], [ -0.8467502, 37.6397385 ], [ -0.8468387, 37.6388009 ], [ -0.8469574, 37.6378178 ], [ -0.8473519, 37.6371822 ], [ -0.8477139, 37.6366606 ], [ -0.84781, 37.6359292 ], [ -0.8473052, 37.6355557 ], [ -0.8466948, 37.635341 ], [ -0.845886, 37.6350434 ], [ -0.8460804, 37.6335118 ], [ -0.8473146, 37.6331056 ], [ -0.8484899, 37.6327443 ], [ -0.84925, 37.6323427 ], [ -0.8497774, 37.6320296 ], [ -0.8503308, 37.6313618 ], [ -0.8509523, 37.6308095 ], [ -0.8514876, 37.6302559 ], [ -0.8523387, 37.6297069 ], [ -0.8531464, 37.6296037 ], [ -0.8536469, 37.629668 ], [ -0.8545229, 37.6296688 ], [ -0.8549509, 37.6293198 ], [ -0.8551938, 37.6289225 ], [ -0.8555828, 37.6275768 ], [ -0.8554076, 37.6254905 ], [ -0.8556742, 37.6248073 ], [ -0.8561664, 37.623818 ], [ -0.8569317, 37.6232562 ], [ -0.8575553, 37.6226352 ], [ -0.8581577, 37.62222 ], [ -0.8586355, 37.6216657 ], [ -0.8591129, 37.6211227 ], [ -0.8604618, 37.619629 ], [ -0.8604179, 37.619606 ], [ -0.8593121, 37.6190266 ], [ -0.8574509, 37.6180533 ], [ -0.85425, 37.6162919 ], [ -0.8542499, 37.6162914 ], [ -0.8542498, 37.6162913 ], [ -0.8534514, 37.6085998 ], [ -0.8534303, 37.6085958 ], [ -0.8521437, 37.6083862 ], [ -0.8506272, 37.6080618 ], [ -0.8490589, 37.6077262 ], [ -0.8478176, 37.6075264 ], [ -0.8477961, 37.6075229 ], [ -0.8446946, 37.6050872 ], [ -0.8428373, 37.6038997 ], [ -0.8409588, 37.6021793 ], [ -0.8406325, 37.6018804 ], [ -0.8400934, 37.6027419 ], [ -0.8392655, 37.603898 ], [ -0.8387993, 37.6045326 ], [ -0.8385349, 37.6051472 ], [ -0.8392422, 37.6050312 ], [ -0.8399371, 37.6048579 ], [ -0.839832, 37.6054289 ], [ -0.8396252, 37.6064679 ], [ -0.8394491, 37.607015 ], [ -0.8384393, 37.607161 ], [ -0.8372331, 37.6071668 ], [ -0.8365851, 37.6072264 ], [ -0.8362671, 37.6085844 ], [ -0.8360215, 37.6090618 ], [ -0.8355287, 37.6092037 ], [ -0.83492, 37.6089432 ], [ -0.8345178, 37.6089489 ], [ -0.8343185, 37.6084652 ], [ -0.834049, 37.6079347 ], [ -0.8335907, 37.6074702 ], [ -0.8332743, 37.6070535 ], [ -0.8327185, 37.6069311 ], [ -0.8325927, 37.6072614 ], [ -0.8324603, 37.6077862 ], [ -0.832243, 37.6082755 ], [ -0.8315852, 37.6081974 ], [ -0.8314185, 37.6075996 ], [ -0.8316147, 37.6068811 ], [ -0.8315031, 37.6063528 ], [ -0.8313321, 37.605881 ], [ -0.8309218, 37.6052683 ], [ -0.8309344, 37.6048906 ], [ -0.8312326, 37.6041277 ], [ -0.8314688, 37.6035013 ], [ -0.8314982, 37.6026201 ], [ -0.8307665, 37.6021746 ], [ -0.8301159, 37.6018791 ], [ -0.8294721, 37.6018127 ], [ -0.8295161, 37.6013554 ], [ -0.8297564, 37.6010382 ], [ -0.8300789, 37.6008366 ], [ -0.8301651, 37.6004028 ], [ -0.8297167, 37.6000758 ], [ -0.828638, 37.5997055 ], [ -0.8275149, 37.5989453 ], [ -0.8267343, 37.5982472 ], [ -0.8262973, 37.5975769 ], [ -0.825909, 37.5958768 ], [ -0.8253588, 37.5951591 ], [ -0.824667, 37.5952408 ], [ -0.8233684, 37.5954398 ], [ -0.8226616, 37.5964029 ], [ -0.822605, 37.597238 ], [ -0.8215291, 37.5976463 ], [ -0.8200751, 37.598198 ], [ -0.8179209, 37.5990832 ], [ -0.8172204, 37.5998517 ], [ -0.8164632, 37.6010317 ], [ -0.815393, 37.6025506 ], [ -0.8145413, 37.603546 ], [ -0.813209, 37.6043169 ], [ -0.8111749, 37.605467 ], [ -0.8081433, 37.6072439 ], [ -0.8078494, 37.6074146 ], [ -0.8144308, 37.6116223 ], [ -0.8122179, 37.6151293 ], [ -0.8108311, 37.6166295 ], [ -0.8068367, 37.6187299 ], [ -0.8045785, 37.6172382 ], [ -0.7983449, 37.612503 ], [ -0.7972114, 37.6129597 ], [ -0.7957248, 37.6136137 ], [ -0.795764, 37.6141524 ], [ -0.7961042, 37.6147069 ], [ -0.7962016, 37.6152235 ], [ -0.7961913, 37.6163798 ], [ -0.7961615, 37.617261 ], [ -0.7958556, 37.6186649 ], [ -0.7960919, 37.6193209 ], [ -0.7959741, 37.6202581 ], [ -0.7956639, 37.6213642 ], [ -0.7954859, 37.6223807 ], [ -0.7954813, 37.6233653 ], [ -0.7952697, 37.6245301 ], [ -0.7953004, 37.6253205 ], [ -0.7954777, 37.6260216 ], [ -0.7958746, 37.6265998 ], [ -0.7963305, 37.6271331 ], [ -0.797068, 37.6274071 ], [ -0.7979452, 37.6277977 ], [ -0.7987126, 37.6280378 ], [ -0.799852, 37.6283176 ], [ -0.8006485, 37.6285467 ], [ -0.8011839, 37.6288522 ], [ -0.8009466, 37.6295013 ], [ -0.8006181, 37.6298745 ], [ -0.8002898, 37.6301246 ], [ -0.8004618, 37.63025 ], [ -0.8014259, 37.6306189 ], [ -0.8039273, 37.6318229 ], [ -0.8027314, 37.6332139 ], [ -0.8014747, 37.6347071 ], [ -0.7999519, 37.6376964 ], [ -0.8010974, 37.6386518 ], [ -0.8025949, 37.6398185 ], [ -0.8036014, 37.6402109 ], [ -0.8047098, 37.640994 ], [ -0.8065824, 37.6412614 ], [ -0.8061267, 37.6424227 ], [ -0.8063001, 37.6436733 ], [ -0.8063282, 37.6445438 ], [ -0.803668, 37.6476083 ], [ -0.8016936, 37.6495033 ] ], [ [ -0.8326662, 37.6253188 ], [ -0.8325053, 37.6215266 ], [ -0.8328025, 37.6182104 ], [ -0.8401209, 37.6187835 ], [ -0.8394063, 37.6225747 ], [ -0.8391496, 37.6266014 ], [ -0.8364878, 37.6265637 ], [ -0.8352349, 37.6266719 ], [ -0.8340286, 37.6271013 ], [ -0.8331174, 37.6272945 ], [ -0.832538, 37.6274466 ], [ -0.8326662, 37.6253188 ] ] ] } },
{ "type": "Feature", "properties": { "CCAA": "14 - Región de Murcia", "PROVINCIA": "30 - Murcia", "MUNICIPIO": "30016 - Cartagena", "COD_MUNICIPIO": "30016", "DISTRITO": "06", "SECCION": "3001606010", "V1_H": 79.78, "V1_M": 85.67, "V2_H": 79.78305357000001, "V2_M": 85.83721796, "V3_H": 80.07461692, "V3_M": 85.64972132 }, "geometry": { "type": "Polygon", "coordinates": [ [ [ -0.8615999, 37.6503959 ], [ -0.8616047, 37.6504248 ], [ -0.8619282, 37.6503622 ], [ -0.8624663, 37.6502258 ], [ -0.8630264, 37.6501218 ], [ -0.864027, 37.6498796 ], [ -0.8645122, 37.6497756 ], [ -0.8644365, 37.6493901 ], [ -0.8644322, 37.6492942 ], [ -0.8647946, 37.6492613 ], [ -0.8647615, 37.6489338 ], [ -0.8647259, 37.6484429 ], [ -0.8647179, 37.6482286 ], [ -0.8643988, 37.6479862 ], [ -0.8642246, 37.6478816 ], [ -0.8640847, 37.647817 ], [ -0.8637758, 37.6477156 ], [ -0.8635427, 37.6476889 ], [ -0.8630054, 37.6476397 ], [ -0.8627087, 37.6476061 ], [ -0.8626509, 37.6475937 ], [ -0.8626501, 37.6476038 ], [ -0.8626197, 37.6476007 ], [ -0.8611092, 37.6474484 ], [ -0.8611106, 37.6474565 ], [ -0.8615999, 37.6503959 ] ] ] } },
{ "type": "Feature", "properties": { "CCAA": "14 - Región de Murcia", "PROVINCIA": "30 - Murcia", "MUNICIPIO": "30016 - Cartagena", "COD_MUNICIPIO": "30016", "DISTRITO": "07", "SECCION": "3001607001", "V1_H": 79.29, "V1_M": 85.18, "V2_H": 79.29248013, "V2_M": 85.31775581, "V3_H": 79.43295666, "V3_M": 85.21995842 }, "geometry": { "type": "Polygon", "coordinates": [ [ [ -1.0348162, 37.720189 ], [ -1.0347283, 37.7203435 ], [ -1.0342082, 37.7212577 ], [ -1.0329919, 37.7224676 ], [ -1.0322559, 37.7234889 ], [ -1.0314629, 37.7248178 ], [ -1.0284039, 37.7254565 ], [ -1.0246656, 37.7258278 ], [ -1.0284037, 37.7254577 ], [ -1.0314111, 37.7250033 ], [ -1.0342275, 37.7244736 ], [ -1.0346214, 37.7243878 ], [ -1.0361104, 37.7240634 ], [ -1.0400293, 37.7230292 ], [ -1.0422337, 37.7231534 ], [ -1.0461584, 37.7233755 ], [ -1.0489538, 37.7234909 ], [ -1.0501929, 37.7235426 ], [ -1.0508275, 37.7235688 ], [ -1.0515156, 37.7235713 ], [ -1.0522229, 37.7235739 ], [ -1.0522289, 37.7235735 ], [ -1.0533707, 37.7235028 ], [ -1.0543138, 37.723266 ], [ -1.0546835, 37.7231732 ], [ -1.0546841, 37.723173 ], [ -1.0596187, 37.7205958 ], [ -1.0597918, 37.720049 ], [ -1.066013, 37.7172764 ], [ -1.0675169, 37.7170307 ], [ -1.0699345, 37.7170842 ], [ -1.0722223, 37.7171348 ], [ -1.0804256, 37.716656 ], [ -1.0814148, 37.7165208 ], [ -1.0814275, 37.7165191 ], [ -1.0841517, 37.7160227 ], [ -1.0845558, 37.7160115 ], [ -1.0845602, 37.7160108 ], [ -1.0850071, 37.7160093 ], [ -1.0858651, 37.7160055 ], [ -1.0858644, 37.7160066 ], [ -1.0858649, 37.7160066 ], [ -1.0856929, 37.7162782 ], [ -1.0856286, 37.7163802 ], [ -1.0884724, 37.7165255 ], [ -1.0902889, 37.7169063 ], [ -1.0902891, 37.7169064 ], [ -1.0903937, 37.7172506 ], [ -1.0905562, 37.7175506 ], [ -1.0905622, 37.7175532 ], [ -1.0928566, 37.7185341 ], [ -1.0933598, 37.7188216 ], [ -1.0939375, 37.7192996 ], [ -1.0945699, 37.7196882 ], [ -1.0945853, 37.7196976 ], [ -1.0952153, 37.7203477 ], [ -1.0956845, 37.7206346 ], [ -1.0959563, 37.720648 ], [ -1.0959565, 37.720648 ], [ -1.0959665, 37.7206467 ], [ -1.0973337, 37.720472 ], [ -1.0974047, 37.7204692 ], [ -1.0973552, 37.7195686 ], [ -1.0971645, 37.7182496 ], [ -1.0969465, 37.7168844 ], [ -1.0964009, 37.716374 ], [ -1.0948958, 37.7157377 ], [ -1.0919788, 37.7147179 ], [ -1.0905535, 37.7143001 ], [ -1.0887029, 37.7136823 ], [ -1.086111, 37.7128496 ], [ -1.0848617, 37.7123193 ], [ -1.0844179, 37.7123332 ], [ -1.0840702, 37.7123441 ], [ -1.0829373, 37.7112884 ], [ -1.0813299, 37.7102384 ], [ -1.0803592, 37.7095282 ], [ -1.0791821, 37.7089872 ], [ -1.0772873, 37.7084146 ], [ -1.0756836, 37.7077196 ], [ -1.0745764, 37.7072481 ], [ -1.0735781, 37.7065032 ], [ -1.0723499, 37.7057554 ], [ -1.0711954, 37.7049513 ], [ -1.0699847, 37.7041006 ], [ -1.0684728, 37.702754 ], [ -1.0673289, 37.7020759 ], [ -1.0669956, 37.701213 ], [ -1.066593, 37.701689 ], [ -1.0656953, 37.7023765 ], [ -1.0648293, 37.7024918 ], [ -1.0645033, 37.7013886 ], [ -1.0638674, 37.7000755 ], [ -1.0632176, 37.6992203 ], [ -1.0625392, 37.6983646 ], [ -1.0616677, 37.6977127 ], [ -1.060566, 37.6970694 ], [ -1.0596452, 37.696623 ], [ -1.0589498, 37.6963282 ], [ -1.0583103, 37.6956104 ], [ -1.0577869, 37.6948597 ], [ -1.057232, 37.6942003 ], [ -1.056725, 37.6933811 ], [ -1.0564334, 37.6930454 ], [ -1.0558205, 37.693347 ], [ -1.0550924, 37.6941281 ], [ -1.0543742, 37.6950582 ], [ -1.0538406, 37.6955897 ], [ -1.0533517, 37.6960646 ], [ -1.0523086, 37.6972769 ], [ -1.0515971, 37.6984589 ], [ -1.0508307, 37.6995487 ], [ -1.0492518, 37.6994719 ], [ -1.0484843, 37.6996571 ], [ -1.047272, 37.6998138 ], [ -1.0463709, 37.7001347 ], [ -1.0461744, 37.7001606 ], [ -1.0460534, 37.7001766 ], [ -1.0452804, 37.7024227 ], [ -1.0446628, 37.7014646 ], [ -1.0433068, 37.7016196 ], [ -1.0415809, 37.7016439 ], [ -1.0398026, 37.7015073 ], [ -1.0384861, 37.7013077 ], [ -1.0375451, 37.7010555 ], [ -1.0368164, 37.700909 ], [ -1.0364291, 37.7008813 ], [ -1.0399667, 37.7064787 ], [ -1.0371552, 37.7058024 ], [ -1.035367, 37.7055168 ], [ -1.03351, 37.7051272 ], [ -1.0319345, 37.7049357 ], [ -1.0303008, 37.7047664 ], [ -1.0288508, 37.7047023 ], [ -1.0277118, 37.7044011 ], [ -1.0273963, 37.7043177 ], [ -1.0272261, 37.7056438 ], [ -1.0275536, 37.7071479 ], [ -1.0274359, 37.7086349 ], [ -1.0272977, 37.7098583 ], [ -1.0277157, 37.7107567 ], [ -1.0281972, 37.7114612 ], [ -1.0289081, 37.711722 ], [ -1.0284922, 37.7126214 ], [ -1.0282159, 37.7131904 ], [ -1.0284405, 37.7138344 ], [ -1.0289887, 37.7142421 ], [ -1.029505, 37.7142829 ], [ -1.0303565, 37.714179 ], [ -1.0314551, 37.7139867 ], [ -1.0315939, 37.7146182 ], [ -1.031665, 37.715581 ], [ -1.0317718, 37.7163151 ], [ -1.0320827, 37.7169602 ], [ -1.0326726, 37.7178836 ], [ -1.0348162, 37.720189 ] ], [ [ -1.0454493, 37.7144468 ], [ -1.0454787, 37.7143543 ], [ -1.0454479, 37.7142703 ], [ -1.0456835, 37.7142772 ], [ -1.0460476, 37.7141777 ], [ -1.0462886, 37.7141459 ], [ -1.0464546, 37.7141129 ], [ -1.0470518, 37.7140012 ], [ -1.0476909, 37.713895 ], [ -1.0484436, 37.7136905 ], [ -1.0486935, 37.7136612 ], [ -1.0490403, 37.7137146 ], [ -1.0491557, 37.7137785 ], [ -1.0492332, 37.7137989 ], [ -1.0492659, 37.713809 ], [ -1.0492807, 37.7138188 ], [ -1.0493434, 37.7138317 ], [ -1.0493672, 37.7138393 ], [ -1.049405, 37.7139997 ], [ -1.0494706, 37.714244 ], [ -1.0495534, 37.7144075 ], [ -1.0497692, 37.7147616 ], [ -1.0500174, 37.7150914 ], [ -1.0499065, 37.7155356 ], [ -1.0495806, 37.7177481 ], [ -1.0495403, 37.7178953 ], [ -1.048231, 37.7186551 ], [ -1.0482742, 37.7188303 ], [ -1.0476005, 37.719024 ], [ -1.0471192, 37.7191678 ], [ -1.0445371, 37.7192918 ], [ -1.043725, 37.7193457 ], [ -1.043285, 37.7193586 ], [ -1.0432239, 37.7191716 ], [ -1.0431386, 37.7189913 ], [ -1.0429957, 37.7187171 ], [ -1.0428584, 37.7184621 ], [ -1.0426436, 37.7180675 ], [ -1.0425464, 37.7178846 ], [ -1.0428639, 37.7176801 ], [ -1.0430066, 37.7176205 ], [ -1.0431238, 37.7174984 ], [ -1.043298, 37.7173821 ], [ -1.0434106, 37.7173243 ], [ -1.04352, 37.7172737 ], [ -1.0435691, 37.7172316 ], [ -1.0436516, 37.7170637 ], [ -1.0437058, 37.7169406 ], [ -1.0437639, 37.7167866 ], [ -1.0438653, 37.7165832 ], [ -1.0439217, 37.7164935 ], [ -1.0440925, 37.7163914 ], [ -1.0442823, 37.7162515 ], [ -1.0446194, 37.7159853 ], [ -1.0446951, 37.7159627 ], [ -1.0447425, 37.7158705 ], [ -1.0446216, 37.7155585 ], [ -1.0446673, 37.7154186 ], [ -1.0447199, 37.7153598 ], [ -1.0447759, 37.7152845 ], [ -1.0449477, 37.7150298 ], [ -1.0450448, 37.7148764 ], [ -1.0453019, 37.7145731 ], [ -1.0454493, 37.7144468 ] ] ] } },
{ "type": "Feature", "properties": { "CCAA": "14 - Región de Murcia", "PROVINCIA": "30 - Murcia", "MUNICIPIO": "30016 - Cartagena", "COD_MUNICIPIO": "30016", "DISTRITO": "07", "SECCION": "3001607012", "V1_H": 79.57, "V1_M": 85.52, "V2_H": 79.5571672, "V2_M": 85.61629353, "V3_H": 79.73611669, "V3_M": 85.61269153000001 }, "geometry": { "type": "Polygon", "coordinates": [ [ [ -0.9906176, 37.7051143 ], [ -0.990692, 37.7055531 ], [ -0.990897, 37.705961 ], [ -0.9912361, 37.7065136 ], [ -0.991426, 37.7069692 ], [ -0.9916235, 37.707462 ], [ -0.991985, 37.7084858 ], [ -0.9921134, 37.7088325 ], [ -0.9923105, 37.7093381 ], [ -0.9925424, 37.710057 ], [ -0.9926763, 37.7105036 ], [ -0.9928317, 37.7110504 ], [ -0.9928765, 37.7111945 ], [ -0.9929149, 37.7114238 ], [ -0.9929496, 37.7116401 ], [ -0.9929519, 37.7117887 ], [ -0.9934581, 37.7116939 ], [ -0.9940942, 37.7116303 ], [ -0.995085, 37.7117257 ], [ -0.995216, 37.7116866 ], [ -0.9957586, 37.7112373 ], [ -0.9963988, 37.7108309 ], [ -0.9968785, 37.7105912 ], [ -0.9972366, 37.7104196 ], [ -0.9976966, 37.7102893 ], [ -0.9980827, 37.71008 ], [ -0.9984371, 37.7098356 ], [ -0.9990393, 37.7092672 ], [ -0.9996723, 37.7087685 ], [ -1.0004967, 37.7080226 ], [ -0.9958059, 37.7066389 ], [ -0.99583, 37.7061472 ], [ -0.9942656, 37.7061205 ], [ -0.9923422, 37.7061051 ], [ -0.9920939, 37.7060404 ], [ -0.9907799, 37.7051976 ], [ -0.9906176, 37.7051143 ] ] ] } },
{ "type": "Feature", "properties": { "CCAA": "14 - Región de Murcia", "PROVINCIA": "30 - Murcia", "MUNICIPIO": "30016 - Cartagena", "COD_MUNICIPIO": "30016", "DISTRITO": "08", "SECCION": "3001608005", "V1_H": 79.92, "V1_M": 85.8, "V2_H": 79.90391364, "V2_M": 85.68196434, "V3_H": 80.09820982, "V3_M": 86.14356104 }, "geometry": { "type": "Polygon", "coordinates": [ [ [ -0.9927984, 37.6168069 ], [ -0.9930969, 37.6176899 ], [ -0.9930973, 37.6176911 ], [ -0.9931459, 37.6178336 ], [ -0.9934616, 37.6187615 ], [ -0.9935945, 37.6187374 ], [ -0.9940296, 37.6186553 ], [ -0.9943699, 37.6185911 ], [ -0.9946525, 37.6185199 ], [ -0.9943463, 37.6177124 ], [ -0.9942931, 37.6175814 ], [ -0.9942834, 37.6175576 ], [ -0.9940133, 37.6168924 ], [ -0.9939478, 37.6167312 ], [ -0.9939365, 37.6167034 ], [ -0.9938906, 37.6165832 ], [ -0.9937521, 37.6162215 ], [ -0.9937389, 37.6161869 ], [ -0.9936858, 37.6160426 ], [ -0.9935381, 37.6156623 ], [ -0.9931768, 37.6147184 ], [ -0.9929755, 37.6147558 ], [ -0.9927412, 37.6147994 ], [ -0.9926378, 37.6148185 ], [ -0.992504, 37.6148433 ], [ -0.9922699, 37.6148869 ], [ -0.9921552, 37.6149082 ], [ -0.9921539, 37.6149084 ], [ -0.9921851, 37.6150002 ], [ -0.9921971, 37.6150357 ], [ -0.9922006, 37.6150462 ], [ -0.9924165, 37.6156584 ], [ -0.9924832, 37.6158531 ], [ -0.9925113, 37.6159355 ], [ -0.9927635, 37.6167037 ], [ -0.9927984, 37.6168069 ] ] ] } },
{ "type": "Feature", "properties": { "CCAA": "14 - Región de Murcia", "PROVINCIA": "30 - Murcia", "MUNICIPIO": "30016 - Cartagena", "COD_MUNICIPIO": "30016", "DISTRITO": "08", "SECCION": "3001608012", "V1_H": 79.92, "V1_M": 85.8, "V2_H": 79.90391364, "V2_M": 85.68196434, "V3_H": 80.09820982, "V3_M": 86.14356104 }, "geometry": { "type": "Polygon", "coordinates": [ [ [ -0.9780062, 37.6259777 ], [ -0.9771677, 37.6288089 ], [ -0.9770905, 37.6292225 ], [ -0.9769071, 37.6304593 ], [ -0.9771213, 37.6305202 ], [ -0.9777153, 37.6307259 ], [ -0.9786661, 37.6310426 ], [ -0.9788208, 37.6310882 ], [ -0.9790913, 37.6310642 ], [ -0.9794106, 37.6310077 ], [ -0.9798196, 37.6309622 ], [ -0.9803361, 37.6309329 ], [ -0.9808217, 37.6309365 ], [ -0.9814672, 37.6310143 ], [ -0.981888, 37.630993 ], [ -0.9818942, 37.6310338 ], [ -0.9826496, 37.6309572 ], [ -0.98294, 37.6309095 ], [ -0.9831615, 37.6308707 ], [ -0.9832704, 37.6308518 ], [ -0.9837072, 37.6307353 ], [ -0.9840289, 37.6306456 ], [ -0.9840458, 37.6306409 ], [ -0.9845076, 37.6305051 ], [ -0.9846227, 37.630458 ], [ -0.9847253, 37.630419 ], [ -0.9855025, 37.6301238 ], [ -0.9857453, 37.6300436 ], [ -0.9862248, 37.6298852 ], [ -0.9862524, 37.6298786 ], [ -0.9863488, 37.6298556 ], [ -0.9864688, 37.629827 ], [ -0.9865015, 37.6298192 ], [ -0.9869499, 37.6297124 ], [ -0.9870056, 37.6296991 ], [ -0.9875965, 37.6295687 ], [ -0.9875922, 37.6295559 ], [ -0.9875878, 37.6295428 ], [ -0.9875628, 37.629469 ], [ -0.9874775, 37.6291745 ], [ -0.9874265, 37.6288561 ], [ -0.9874329, 37.6286152 ], [ -0.9874499, 37.6285782 ], [ -0.9876544, 37.6281324 ], [ -0.9876548, 37.6281316 ], [ -0.9877231, 37.6278908 ], [ -0.9877254, 37.6278825 ], [ -0.987791, 37.6277285 ], [ -0.9877951, 37.627719 ], [ -0.9878804, 37.6275186 ], [ -0.9880618, 37.6273517 ], [ -0.9877722, 37.6272527 ], [ -0.9876544, 37.6272126 ], [ -0.9876523, 37.6272119 ], [ -0.9874773, 37.6272202 ], [ -0.9873312, 37.6272353 ], [ -0.986886, 37.6272815 ], [ -0.9842407, 37.6275268 ], [ -0.9814834, 37.6277645 ], [ -0.9814005, 37.6277719 ], [ -0.9813965, 37.6277722 ], [ -0.9811863, 37.6257157 ], [ -0.9780062, 37.6259777 ] ] ] } },
{ "type": "Feature", "properties": { "CCAA": "14 - Región de Murcia", "PROVINCIA": "30 - Murcia", "MUNICIPIO": "30016 - Cartagena", "COD_MUNICIPIO": "30016", "DISTRITO": "08", "SECCION": "3001608023", "V1_H": 80.31, "V1_M": 85.98, "V2_H": 80.51251293, "V2_M": 86.22129475, "V3_H": 80.221823, "V3_M": 85.87405604 }, "geometry": { "type": "Polygon", "coordinates": [ [ [ -0.9933978, 37.6057029 ], [ -0.993502, 37.6063649 ], [ -0.994252, 37.6063004 ], [ -0.9947814, 37.6062307 ], [ -0.9951541, 37.6061649 ], [ -0.9954452, 37.6060715 ], [ -0.9956948, 37.6059839 ], [ -0.9958118, 37.6059269 ], [ -0.9959291, 37.6058567 ], [ -0.99608, 37.6057609 ], [ -0.9963249, 37.6055421 ], [ -0.9964477, 37.6054237 ], [ -0.9965362, 37.6053818 ], [ -0.996897, 37.6052574 ], [ -0.9971267, 37.6051823 ], [ -0.9973491, 37.6051098 ], [ -0.9974447, 37.605078 ], [ -0.9974962, 37.6050642 ], [ -0.9975288, 37.6050595 ], [ -0.997657, 37.6050415 ], [ -0.9977071, 37.6050329 ], [ -0.9979499, 37.6049916 ], [ -0.9980127, 37.6049769 ], [ -0.9980413, 37.6049655 ], [ -0.998045, 37.6049642 ], [ -0.9980759, 37.6049413 ], [ -0.9980975, 37.6049239 ], [ -0.9981179, 37.6049009 ], [ -0.9981384, 37.6048711 ], [ -0.9982009, 37.6047431 ], [ -0.9982436, 37.6046771 ], [ -0.9983267, 37.6045749 ], [ -0.9983924, 37.6045088 ], [ -0.9984879, 37.60442 ], [ -0.9985236, 37.6044035 ], [ -0.9985354, 37.604398 ], [ -0.9985576, 37.604389 ], [ -0.9986417, 37.6043736 ], [ -0.9987092, 37.604361 ], [ -0.9988384, 37.60433 ], [ -0.9988587, 37.6043213 ], [ -0.9988894, 37.6043299 ], [ -0.9992842, 37.6039579 ], [ -0.9992267, 37.6039361 ], [ -0.9991822, 37.6039385 ], [ -0.9990089, 37.6039892 ], [ -0.9989902, 37.6039889 ], [ -0.9989333, 37.603983 ], [ -0.998922, 37.6039803 ], [ -0.9988875, 37.6039722 ], [ -0.9988692, 37.6039671 ], [ -0.9988282, 37.6039557 ], [ -0.9986245, 37.6039067 ], [ -0.9985744, 37.6038965 ], [ -0.9985245, 37.6038914 ], [ -0.9983572, 37.603871 ], [ -0.9982536, 37.6038599 ], [ -0.9981382, 37.6038483 ], [ -0.998036, 37.6038402 ], [ -0.9979726, 37.6038378 ], [ -0.9978777, 37.6038335 ], [ -0.9979033, 37.6039226 ], [ -0.9979054, 37.6039295 ], [ -0.9975878, 37.6039976 ], [ -0.9975104, 37.6040132 ], [ -0.9973196, 37.6040501 ], [ -0.9971713, 37.6040799 ], [ -0.9971659, 37.6040633 ], [ -0.9970686, 37.6036753 ], [ -0.9970413, 37.6035697 ], [ -0.9962006, 37.6037263 ], [ -0.9960997, 37.6037422 ], [ -0.9957819, 37.6038004 ], [ -0.995189, 37.6039089 ], [ -0.9950511, 37.6039342 ], [ -0.9945101, 37.6040306 ], [ -0.9938532, 37.6041475 ], [ -0.9938403, 37.6041499 ], [ -0.9937454, 37.6041658 ], [ -0.9936467, 37.6041824 ], [ -0.9935199, 37.6042038 ], [ -0.9931713, 37.6042649 ], [ -0.9933978, 37.6057029 ] ] ] } },
{ "type": "Feature", "properties": { "CCAA": "14 - Región de Murcia", "PROVINCIA": "30 - Murcia", "MUNICIPIO": "30016 - Cartagena", "COD_MUNICIPIO": "30016", "DISTRITO": "08", "SECCION": "3001608030", "V1_H": 80.21, "V1_M": 86.35, "V2_H": 80.00126986, "V2_M": 86.33312861, "V3_H": 80.58114521, "V3_M": 86.56210486000001 }, "geometry": { "type": "Polygon", "coordinates": [ [ [ -0.9936858, 37.6160426 ], [ -0.9944097, 37.6158821 ], [ -0.9946815, 37.6166047 ], [ -0.9956854, 37.6163299 ], [ -0.9953901, 37.6157679 ], [ -0.9954236, 37.6156215 ], [ -0.9955117, 37.6150939 ], [ -0.9955015, 37.6149232 ], [ -0.9953742, 37.6144331 ], [ -0.9954344, 37.614393 ], [ -0.9954521, 37.6142875 ], [ -0.9954376, 37.6142464 ], [ -0.9954278, 37.6142269 ], [ -0.9954178, 37.6142084 ], [ -0.9954027, 37.6141894 ], [ -0.9953912, 37.6141773 ], [ -0.9953893, 37.6141753 ], [ -0.9953788, 37.6141652 ], [ -0.9953655, 37.6141532 ], [ -0.9953487, 37.6141412 ], [ -0.9953272, 37.6141275 ], [ -0.9952992, 37.6141187 ], [ -0.9952726, 37.6141141 ], [ -0.9952488, 37.6141147 ], [ -0.9952269, 37.6141166 ], [ -0.9952111, 37.6141199 ], [ -0.9951943, 37.6141234 ], [ -0.9951607, 37.6141428 ], [ -0.9951398, 37.6141635 ], [ -0.9951276, 37.6141839 ], [ -0.9951202, 37.6142026 ], [ -0.9951157, 37.6142211 ], [ -0.9951152, 37.6142397 ], [ -0.9951158, 37.6142538 ], [ -0.9951159, 37.6142578 ], [ -0.995119, 37.6142742 ], [ -0.995123, 37.614293 ], [ -0.9951301, 37.6143142 ], [ -0.9951333, 37.6143207 ], [ -0.9951396, 37.6143343 ], [ -0.9951526, 37.6143549 ], [ -0.9951699, 37.6143743 ], [ -0.9951719, 37.6143766 ], [ -0.9949876, 37.6144246 ], [ -0.9949243, 37.6144406 ], [ -0.9944858, 37.6145371 ], [ -0.9944384, 37.6145474 ], [ -0.9944321, 37.6145489 ], [ -0.9943248, 37.6145725 ], [ -0.9942595, 37.6145867 ], [ -0.9941016, 37.6146215 ], [ -0.9940177, 37.6146357 ], [ -0.993978, 37.6146424 ], [ -0.9939165, 37.6146528 ], [ -0.9938606, 37.6146623 ], [ -0.9938202, 37.6146691 ], [ -0.9935928, 37.6147076 ], [ -0.9935264, 37.6147128 ], [ -0.9934708, 37.6147172 ], [ -0.9934635, 37.6147164 ], [ -0.9934002, 37.6147102 ], [ -0.9933296, 37.6147061 ], [ -0.9932786, 37.6147052 ], [ -0.9932273, 37.6147101 ], [ -0.9931831, 37.6147173 ], [ -0.9931768, 37.6147184 ], [ -0.9935381, 37.6156623 ], [ -0.9936858, 37.6160426 ] ] ] } },
{ "type": "Feature", "properties": { "CCAA": "14 - Región de Murcia", "PROVINCIA": "30 - Murcia", "MUNICIPIO": "30016 - Cartagena", "COD_MUNICIPIO": "30016", "DISTRITO": "05", "SECCION": "3001605012", "V1_H": 80.23, "V1_M": 86.04, "V2_H": 80.01377171, "V2_M": 86.1814847, "V3_H": 80.55154758, "V3_M": 86.06989916000001 }, "geometry": { "type": "Polygon", "coordinates": [ [ [ -0.9641184, 37.5998266 ], [ -0.9642327, 37.5998315 ], [ -0.9635571, 37.600869 ], [ -0.963039, 37.6018424 ], [ -0.962268, 37.6038646 ], [ -0.9667724, 37.6036373 ], [ -0.9666982, 37.6030506 ], [ -0.9666997, 37.6030497 ], [ -0.9668814, 37.6029416 ], [ -0.9668875, 37.6029411 ], [ -0.9675061, 37.6028871 ], [ -0.9676231, 37.6028769 ], [ -0.9676341, 37.6028759 ], [ -0.9676704, 37.6025733 ], [ -0.9678362, 37.6026015 ], [ -0.9684509, 37.6025588 ], [ -0.9684753, 37.6028038 ], [ -0.9685625, 37.602899 ], [ -0.9686892, 37.6030373 ], [ -0.9687655, 37.6029998 ], [ -0.9688789, 37.602944 ], [ -0.9689172, 37.6029298 ], [ -0.9690018, 37.6028984 ], [ -0.9690778, 37.6028704 ], [ -0.9691962, 37.6028205 ], [ -0.9691655, 37.6027766 ], [ -0.9691495, 37.602725 ], [ -0.9691756, 37.6026467 ], [ -0.9693919, 37.6024604 ], [ -0.9694444, 37.6024151 ], [ -0.969666, 37.6022246 ], [ -0.9696739, 37.6022179 ], [ -0.9699018, 37.6020218 ], [ -0.9699543, 37.6019768 ], [ -0.9699665, 37.6019662 ], [ -0.9700741, 37.6018684 ], [ -0.9701171, 37.6018178 ], [ -0.9702974, 37.6016609 ], [ -0.9703122, 37.6016479 ], [ -0.9700431, 37.6013927 ], [ -0.9699868, 37.6013278 ], [ -0.969886, 37.6013179 ], [ -0.969797, 37.6013049 ], [ -0.9694959, 37.6012615 ], [ -0.9694194, 37.6012475 ], [ -0.9694832, 37.6010326 ], [ -0.9695574, 37.6007823 ], [ -0.9697384, 37.6001864 ], [ -0.9699376, 37.6002312 ], [ -0.9700381, 37.6002394 ], [ -0.9701223, 37.6002519 ], [ -0.9701232, 37.6002521 ], [ -0.9701538, 37.6002545 ], [ -0.9702783, 37.6002644 ], [ -0.9704572, 37.600282 ], [ -0.9704964, 37.6002944 ], [ -0.9705369, 37.6003072 ], [ -0.9706872, 37.6003551 ], [ -0.9712274, 37.6003876 ], [ -0.9712434, 37.6003736 ], [ -0.9712947, 37.6003738 ], [ -0.9713892, 37.6004035 ], [ -0.9714609, 37.6004216 ], [ -0.9715437, 37.6004391 ], [ -0.9717049, 37.6004604 ], [ -0.9717086, 37.6004106 ], [ -0.9716722, 37.6001448 ], [ -0.9716587, 37.600073 ], [ -0.9716133, 37.5999365 ], [ -0.9716098, 37.5999091 ], [ -0.9716098, 37.5999089 ], [ -0.9716023, 37.5999053 ], [ -0.9715657, 37.5998878 ], [ -0.9715391, 37.599875 ], [ -0.9712776, 37.5996752 ], [ -0.9712154, 37.5996251 ], [ -0.9711199, 37.5995183 ], [ -0.9709666, 37.5993567 ], [ -0.9708473, 37.5993997 ], [ -0.970769, 37.5992817 ], [ -0.970616, 37.5990406 ], [ -0.9703794, 37.5986679 ], [ -0.970372, 37.5986564 ], [ -0.9703765, 37.5986465 ], [ -0.9705128, 37.5983487 ], [ -0.9696235, 37.5982004 ], [ -0.9694939, 37.5981171 ], [ -0.9685987, 37.5977536 ], [ -0.9680755, 37.5973774 ], [ -0.9672326, 37.5968351 ], [ -0.9670092, 37.5970612 ], [ -0.9667376, 37.5973613 ], [ -0.9667102, 37.5973915 ], [ -0.9665006, 37.5976231 ], [ -0.9657892, 37.5984193 ], [ -0.9657752, 37.598435 ], [ -0.9657645, 37.598447 ], [ -0.9655854, 37.5986495 ], [ -0.9653263, 37.5989424 ], [ -0.9653118, 37.5989588 ], [ -0.9651094, 37.5991875 ], [ -0.9647615, 37.5995777 ], [ -0.9644617, 37.5994252 ], [ -0.9641184, 37.5998266 ] ] ] } },
{ "type": "Feature", "properties": { "CCAA": "14 - Región de Murcia", "PROVINCIA": "30 - Murcia", "MUNICIPIO": "30016 - Cartagena", "COD_MUNICIPIO": "30016", "DISTRITO": "06", "SECCION": "3001606002", "V1_H": 79.68, "V1_M": 85.47, "V2_H": 79.93758061, "V2_M": 85.65037312, "V3_H": 79.53414521000001, "V3_M": 85.4025844 }, "geometry": { "type": "Polygon", "coordinates": [ [ [ -0.8671375, 37.6494431 ], [ -0.8671189, 37.6495659 ], [ -0.8672218, 37.6518528 ], [ -0.8673691, 37.6525084 ], [ -0.8674625, 37.6536966 ], [ -0.8677097, 37.6565083 ], [ -0.8681755, 37.6612194 ], [ -0.8684739, 37.6641477 ], [ -0.868662, 37.6664807 ], [ -0.8688498, 37.6683286 ], [ -0.8690992, 37.6699236 ], [ -0.8691799, 37.6714017 ], [ -0.8691177, 37.6724198 ], [ -0.8693079, 37.6731897 ], [ -0.8694203, 37.6741415 ], [ -0.8693185, 37.6754912 ], [ -0.8692372, 37.6770445 ], [ -0.8699091, 37.6767588 ], [ -0.8714694, 37.6760706 ], [ -0.873033, 37.6752794 ], [ -0.8747425, 37.6748565 ], [ -0.8759116, 37.6747009 ], [ -0.8768671, 37.6744852 ], [ -0.8781034, 37.6740328 ], [ -0.87906, 37.6737827 ], [ -0.8796465, 37.6734244 ], [ -0.8800177, 37.6721815 ], [ -0.8806651, 37.6708394 ], [ -0.8813566, 37.6690284 ], [ -0.8820625, 37.6676527 ], [ -0.8822929, 37.6663163 ], [ -0.8825741, 37.6651866 ], [ -0.8832346, 37.6647606 ], [ -0.8843491, 37.663631 ], [ -0.8855041, 37.662582 ], [ -0.8866864, 37.6611327 ], [ -0.8878983, 37.660096 ], [ -0.889478, 37.659236 ], [ -0.8907285, 37.6583372 ], [ -0.891408, 37.6577625 ], [ -0.891522, 37.6573519 ], [ -0.891557, 37.6562761 ], [ -0.8919921, 37.6557096 ], [ -0.8928905, 37.6545883 ], [ -0.8929498, 37.6545319 ], [ -0.8940939, 37.6542498 ], [ -0.8958398, 37.6535753 ], [ -0.8967009, 37.6527168 ], [ -0.8977593, 37.6519756 ], [ -0.8987591, 37.6512679 ], [ -0.9002578, 37.6506815 ], [ -0.9017193, 37.6499114 ], [ -0.903377, 37.6492927 ], [ -0.9043786, 37.6485277 ], [ -0.9050683, 37.6480791 ], [ -0.9057599, 37.6475181 ], [ -0.9056697, 37.6468049 ], [ -0.9057593, 37.64581 ], [ -0.905918, 37.6454399 ], [ -0.9057068, 37.6454828 ], [ -0.9056459, 37.6454952 ], [ -0.9047148, 37.6455597 ], [ -0.9044811, 37.6455111 ], [ -0.9044782, 37.6455105 ], [ -0.9044534, 37.6454975 ], [ -0.9018758, 37.6441485 ], [ -0.9005764, 37.6432869 ], [ -0.900563, 37.643278 ], [ -0.8977354, 37.6410648 ], [ -0.8950746, 37.6405757 ], [ -0.8888903, 37.639654 ], [ -0.8866439, 37.6392961 ], [ -0.8861438, 37.6392168 ], [ -0.8831744, 37.6387459 ], [ -0.8827484, 37.638678 ], [ -0.8817264, 37.6385151 ], [ -0.8817244, 37.6385113 ], [ -0.8808575, 37.6363919 ], [ -0.8803338, 37.635283 ], [ -0.8797508, 37.6342632 ], [ -0.8780393, 37.6317031 ], [ -0.8779031, 37.6314993 ], [ -0.8777321, 37.6311358 ], [ -0.8777321, 37.6311355 ], [ -0.8777318, 37.6311338 ], [ -0.8775809, 37.6300787 ], [ -0.8775562, 37.6289672 ], [ -0.877556, 37.6289608 ], [ -0.8775557, 37.6289608 ], [ -0.8758101, 37.6289947 ], [ -0.8754019, 37.6290031 ], [ -0.8745741, 37.6288051 ], [ -0.8742204, 37.6287205 ], [ -0.8742202, 37.6287205 ], [ -0.872477, 37.6290585 ], [ -0.8720528, 37.6290241 ], [ -0.8720474, 37.6290237 ], [ -0.8709519, 37.6277062 ], [ -0.8707292, 37.627567 ], [ -0.8707216, 37.6275659 ], [ -0.8693077, 37.6273521 ], [ -0.8688035, 37.6271537 ], [ -0.8688038, 37.6271526 ], [ -0.8688907, 37.6268765 ], [ -0.8690402, 37.6264022 ], [ -0.8699486, 37.6259314 ], [ -0.8699485, 37.625931 ], [ -0.8699488, 37.6259308 ], [ -0.8695835, 37.6244372 ], [ -0.8693663, 37.6241089 ], [ -0.8674226, 37.6231365 ], [ -0.8674193, 37.6231375 ], [ -0.8665656, 37.6233914 ], [ -0.865644, 37.6235279 ], [ -0.8652401, 37.6234578 ], [ -0.8652381, 37.6234575 ], [ -0.8652344, 37.6234551 ], [ -0.8646485, 37.6230773 ], [ -0.8643947, 37.6228384 ], [ -0.864091, 37.6216023 ], [ -0.86407, 37.6215168 ], [ -0.8611873, 37.6200092 ], [ -0.8608899, 37.6198533 ], [ -0.8608898, 37.6198533 ], [ -0.8604618, 37.619629 ], [ -0.8591129, 37.6211227 ], [ -0.8586355, 37.6216657 ], [ -0.8581577, 37.62222 ], [ -0.8575553, 37.6226352 ], [ -0.8569317, 37.6232562 ], [ -0.8561664, 37.623818 ], [ -0.8556742, 37.6248073 ], [ -0.8554076, 37.6254905 ], [ -0.8555828, 37.6275768 ], [ -0.8551938, 37.6289225 ], [ -0.8549509, 37.6293198 ], [ -0.8545229, 37.6296688 ], [ -0.8536469, 37.629668 ], [ -0.8531464, 37.6296037 ], [ -0.8523387, 37.6297069 ], [ -0.8514876, 37.6302559 ], [ -0.8509523, 37.6308095 ], [ -0.8503308, 37.6313618 ], [ -0.8497774, 37.6320296 ], [ -0.84925, 37.6323427 ], [ -0.8484899, 37.6327443 ], [ -0.8473146, 37.6331056 ], [ -0.8460804, 37.6335118 ], [ -0.845886, 37.6350434 ], [ -0.8466948, 37.635341 ], [ -0.8473052, 37.6355557 ], [ -0.84781, 37.6359292 ], [ -0.8477139, 37.6366606 ], [ -0.8473519, 37.6371822 ], [ -0.8469574, 37.6378178 ], [ -0.8468387, 37.6388009 ], [ -0.8467502, 37.6397385 ], [ -0.8460275, 37.6415154 ], [ -0.8460884, 37.6415039 ], [ -0.8469506, 37.6414931 ], [ -0.8482691, 37.6415804 ], [ -0.850697, 37.6415687 ], [ -0.8524043, 37.641627 ], [ -0.8537263, 37.6416112 ], [ -0.8554729, 37.6417846 ], [ -0.8569509, 37.6422632 ], [ -0.8578974, 37.6423108 ], [ -0.8583828, 37.6423416 ], [ -0.8583348, 37.6412686 ], [ -0.8615119, 37.6413216 ], [ -0.8630093, 37.6414178 ], [ -0.8710719, 37.6419756 ], [ -0.8708271, 37.6426149 ], [ -0.8706241, 37.6440595 ], [ -0.8706022, 37.6443596 ], [ -0.8706099, 37.6447869 ], [ -0.8707176, 37.6454269 ], [ -0.8684598, 37.6455338 ], [ -0.8675561, 37.6455965 ], [ -0.8668102, 37.645674 ], [ -0.8667779, 37.6456773 ], [ -0.8668532, 37.6462904 ], [ -0.8668634, 37.6470921 ], [ -0.8668193, 37.6474933 ], [ -0.8669056, 37.6475467 ], [ -0.86725, 37.6477004 ], [ -0.8673587, 37.6477621 ], [ -0.8676385, 37.648013 ], [ -0.8678306, 37.6482446 ], [ -0.8677568, 37.6485101 ], [ -0.8676815, 37.6486738 ], [ -0.8673023, 37.6491164 ], [ -0.8671549, 37.6493279 ], [ -0.8671375, 37.6494431 ] ] ] } },
{ "type": "Feature", "properties": { "CCAA": "14 - Región de Murcia", "PROVINCIA": "30 - Murcia", "MUNICIPIO": "30016 - Cartagena", "COD_MUNICIPIO": "30016", "DISTRITO": "06", "SECCION": "3001606009", "V1_H": 80.23, "V1_M": 86.04, "V2_H": 80.01377171, "V2_M": 86.1814847, "V3_H": 80.55154758, "V3_M": 86.06989916000001 }, "geometry": { "type": "Polygon", "coordinates": [ [ [ -0.7094618, 37.6410517 ], [ -0.7095804, 37.6411378 ], [ -0.7096195, 37.6411685 ], [ -0.709646, 37.6411963 ], [ -0.7096707, 37.6412292 ], [ -0.7097064, 37.6412576 ], [ -0.7097471, 37.6412984 ], [ -0.7097859, 37.6413492 ], [ -0.7098396, 37.641432 ], [ -0.7098873, 37.6415178 ], [ -0.7099213, 37.6415828 ], [ -0.7099773, 37.6416586 ], [ -0.7100213, 37.6417091 ], [ -0.7100591, 37.6417484 ], [ -0.7100816, 37.6417803 ], [ -0.7101088, 37.6418315 ], [ -0.7101779, 37.6419469 ], [ -0.7102236, 37.6420268 ], [ -0.7102927, 37.6421183 ], [ -0.7103378, 37.6421642 ], [ -0.7104237, 37.6422482 ], [ -0.7104843, 37.6423264 ], [ -0.7105288, 37.6423824 ], [ -0.7105908, 37.6424464 ], [ -0.710611, 37.6424755 ], [ -0.7106699, 37.642527 ], [ -0.7107532, 37.642594 ], [ -0.7108145, 37.6426387 ], [ -0.7109207, 37.6427779 ], [ -0.7109804, 37.642874 ], [ -0.7110642, 37.6430643 ], [ -0.7111637, 37.6432836 ], [ -0.7112477, 37.6434689 ], [ -0.7113253, 37.6436243 ], [ -0.7114012, 37.6438008 ], [ -0.7115141, 37.6439767 ], [ -0.7115963, 37.6441043 ], [ -0.7116795, 37.644223 ], [ -0.7116922, 37.6442375 ], [ -0.7116988, 37.6442437 ], [ -0.7117111, 37.644255 ], [ -0.7117203, 37.6442681 ], [ -0.7117272, 37.6442793 ], [ -0.7117343, 37.6442886 ], [ -0.7117508, 37.644307 ], [ -0.7117569, 37.6443136 ], [ -0.7117656, 37.6443243 ], [ -0.7117755, 37.6443338 ], [ -0.7117815, 37.6443395 ], [ -0.7117983, 37.6443528 ], [ -0.711807, 37.6443644 ], [ -0.7118261, 37.6443884 ], [ -0.7118361, 37.6443964 ], [ -0.7118444, 37.6444044 ], [ -0.7118493, 37.644411 ], [ -0.7118597, 37.6444237 ], [ -0.7118766, 37.6444429 ], [ -0.7118881, 37.644457 ], [ -0.7118978, 37.6444723 ], [ -0.7119093, 37.6444882 ], [ -0.7119167, 37.6445008 ], [ -0.7119212, 37.6445147 ], [ -0.7119237, 37.6445249 ], [ -0.711926, 37.6445377 ], [ -0.7119288, 37.6445529 ], [ -0.711933, 37.6445751 ], [ -0.7119356, 37.644593 ], [ -0.7119385, 37.6446192 ], [ -0.71194, 37.6446257 ], [ -0.7119429, 37.6446523 ], [ -0.7119501, 37.6446823 ], [ -0.7119563, 37.6446995 ], [ -0.711968, 37.6447191 ], [ -0.711982, 37.6447428 ], [ -0.7119941, 37.6447564 ], [ -0.7120051, 37.6447654 ], [ -0.7120196, 37.6447778 ], [ -0.7120313, 37.6447877 ], [ -0.7120424, 37.6447962 ], [ -0.7120585, 37.6448086 ], [ -0.7120766, 37.6448178 ], [ -0.7120873, 37.6448227 ], [ -0.7121099, 37.6448338 ], [ -0.7121275, 37.6448403 ], [ -0.7121428, 37.6448453 ], [ -0.7121626, 37.6448527 ], [ -0.7121835, 37.6448625 ], [ -0.7122027, 37.6448699 ], [ -0.7122157, 37.6448748 ], [ -0.7122361, 37.6448836 ], [ -0.7122536, 37.6448938 ], [ -0.7122698, 37.6449061 ], [ -0.7122764, 37.6449109 ], [ -0.7122926, 37.6449242 ], [ -0.7123041, 37.6449341 ], [ -0.7123156, 37.6449477 ], [ -0.7123262, 37.644959 ], [ -0.7123415, 37.6449759 ], [ -0.7123543, 37.6449864 ], [ -0.7123676, 37.6449982 ], [ -0.7123812, 37.6450141 ], [ -0.712397, 37.6450357 ], [ -0.7124162, 37.6450577 ], [ -0.7124222, 37.6450639 ], [ -0.7124393, 37.6450831 ], [ -0.7124546, 37.6451005 ], [ -0.7124678, 37.6451137 ], [ -0.71248, 37.645126 ], [ -0.7124935, 37.6451442 ], [ -0.7125101, 37.6451616 ], [ -0.7125221, 37.6451766 ], [ -0.7125271, 37.6451818 ], [ -0.7125464, 37.6452131 ], [ -0.7125588, 37.6452312 ], [ -0.712569, 37.6452489 ], [ -0.7125803, 37.645268 ], [ -0.7125882, 37.6452811 ], [ -0.7126047, 37.6453126 ], [ -0.7126143, 37.6453303 ], [ -0.7126218, 37.6453425 ], [ -0.7126366, 37.6453608 ], [ -0.7126426, 37.6453683 ], [ -0.7126574, 37.6453847 ], [ -0.7126647, 37.6453913 ], [ -0.7126975, 37.6454298 ], [ -0.7127068, 37.6454388 ], [ -0.7127146, 37.6454464 ], [ -0.7127278, 37.6454614 ], [ -0.7127391, 37.6454782 ], [ -0.7127522, 37.6454946 ], [ -0.7127625, 37.6455077 ], [ -0.7127758, 37.6455227 ], [ -0.712787, 37.6455409 ], [ -0.7127989, 37.6455591 ], [ -0.7128112, 37.6455783 ], [ -0.7128234, 37.6456015 ], [ -0.712831, 37.6456146 ], [ -0.7128421, 37.6456355 ], [ -0.7128548, 37.6456629 ], [ -0.7128757, 37.6456969 ], [ -0.7128889, 37.6457248 ], [ -0.7128987, 37.6457493 ], [ -0.7129053, 37.6457687 ], [ -0.7129116, 37.6457973 ], [ -0.7129318, 37.6458342 ], [ -0.7129523, 37.6459044 ], [ -0.7129882, 37.6459906 ], [ -0.7130636, 37.6461219 ], [ -0.7130746, 37.646147 ], [ -0.7130825, 37.6461637 ], [ -0.7130862, 37.6461724 ], [ -0.7130968, 37.646192 ], [ -0.7131042, 37.6462055 ], [ -0.7131244, 37.6462454 ], [ -0.7131361, 37.6462687 ], [ -0.7131552, 37.6463179 ], [ -0.7131766, 37.6463533 ], [ -0.7131929, 37.6463885 ], [ -0.7132146, 37.6464318 ], [ -0.7132252, 37.6464522 ], [ -0.7132365, 37.6464718 ], [ -0.7132402, 37.6464779 ], [ -0.7132526, 37.646498 ], [ -0.7132637, 37.6465069 ], [ -0.7132708, 37.6465159 ], [ -0.7132857, 37.6465305 ], [ -0.7132973, 37.6465409 ], [ -0.7133055, 37.6465507 ], [ -0.7133054, 37.6465535 ], [ -0.7133027, 37.6465625 ], [ -0.7133001, 37.6465702 ], [ -0.7132997, 37.6465781 ], [ -0.7133011, 37.6465863 ], [ -0.7133051, 37.6465974 ], [ -0.7133061, 37.6466043 ], [ -0.7133067, 37.6466268 ], [ -0.7133065, 37.6466451 ], [ -0.7133055, 37.6466658 ], [ -0.7133068, 37.6466768 ], [ -0.7133048, 37.6467088 ], [ -0.7133026, 37.6467317 ], [ -0.7132993, 37.6467526 ], [ -0.7132975, 37.6467842 ], [ -0.7133203, 37.6468527 ], [ -0.7133252, 37.646861 ], [ -0.7133405, 37.6468798 ], [ -0.7133526, 37.6468903 ], [ -0.7133671, 37.646902 ], [ -0.7133886, 37.6469242 ], [ -0.7133935, 37.6469293 ], [ -0.7134154, 37.6469428 ], [ -0.7134396, 37.6469558 ], [ -0.7134486, 37.6469616 ], [ -0.7134597, 37.6469706 ], [ -0.7134785, 37.6469867 ], [ -0.7134908, 37.6469953 ], [ -0.713508, 37.6470119 ], [ -0.7135245, 37.6470288 ], [ -0.7135517, 37.6470516 ], [ -0.7135689, 37.6470648 ], [ -0.7135885, 37.64708 ], [ -0.7136144, 37.647105 ], [ -0.7136306, 37.6471174 ], [ -0.71365, 37.6471345 ], [ -0.7136651, 37.6471458 ], [ -0.7137001, 37.6471858 ], [ -0.7137155, 37.6472046 ], [ -0.7137237, 37.6472148 ], [ -0.7137372, 37.6472336 ], [ -0.7137501, 37.6472536 ], [ -0.7137777, 37.6472947 ], [ -0.7137901, 37.6473148 ], [ -0.7137995, 37.6473356 ], [ -0.7138137, 37.6473645 ], [ -0.7138285, 37.6473974 ], [ -0.713835, 37.6474178 ], [ -0.7138423, 37.647434 ], [ -0.7138451, 37.6474501 ], [ -0.7138486, 37.6474621 ], [ -0.7138531, 37.6474769 ], [ -0.7138589, 37.6474894 ], [ -0.7138637, 37.6475116 ], [ -0.7138674, 37.647531 ], [ -0.713872, 37.6475444 ], [ -0.7138802, 37.6475675 ], [ -0.7138888, 37.6475947 ], [ -0.7139178, 37.6476542 ], [ -0.713924, 37.6476709 ], [ -0.7139297, 37.6476844 ], [ -0.7139375, 37.6477033 ], [ -0.7139483, 37.6477211 ], [ -0.713955, 37.6477254 ], [ -0.7139836, 37.6477674 ], [ -0.7139964, 37.6477796 ], [ -0.7140169, 37.647799 ], [ -0.7140379, 37.6478294 ], [ -0.7140551, 37.6478459 ], [ -0.7140703, 37.647866 ], [ -0.7140837, 37.6478879 ], [ -0.7141033, 37.6479132 ], [ -0.7141258, 37.6479533 ], [ -0.7141278, 37.6479579 ], [ -0.7141322, 37.647964 ], [ -0.7141452, 37.6479831 ], [ -0.7141555, 37.647999 ], [ -0.7141662, 37.6480145 ], [ -0.7141813, 37.6480382 ], [ -0.7141971, 37.6480589 ], [ -0.7142267, 37.6480927 ], [ -0.7142343, 37.6481029 ], [ -0.7142504, 37.6481281 ], [ -0.7142655, 37.6481542 ], [ -0.7142783, 37.6481761 ], [ -0.7142968, 37.6482018 ], [ -0.7143151, 37.6482294 ], [ -0.7143311, 37.6482592 ], [ -0.71434, 37.6482795 ], [ -0.7143587, 37.648313 ], [ -0.714373, 37.64834 ], [ -0.7143893, 37.6483744 ], [ -0.7143945, 37.648386 ], [ -0.7143998, 37.6483985 ], [ -0.714406, 37.6484143 ], [ -0.7144117, 37.6484291 ], [ -0.7144173, 37.6484466 ], [ -0.714427, 37.6484713 ], [ -0.7144351, 37.6484866 ], [ -0.7144476, 37.6485148 ], [ -0.7144629, 37.6485465 ], [ -0.7144844, 37.6485937 ], [ -0.7144932, 37.6486179 ], [ -0.7145118, 37.6486509 ], [ -0.714526, 37.6486669 ], [ -0.7145699, 37.6487305 ], [ -0.7145828, 37.6487543 ], [ -0.7145925, 37.6487788 ], [ -0.7146361, 37.6489058 ], [ -0.7146451, 37.648948 ], [ -0.7146643, 37.6490383 ], [ -0.714674, 37.6490624 ], [ -0.7146817, 37.6490795 ], [ -0.7147192, 37.64916 ], [ -0.7147554, 37.6492271 ], [ -0.7147763, 37.6492635 ], [ -0.7148046, 37.6493008 ], [ -0.7148915, 37.649399 ], [ -0.7149348, 37.6494362 ], [ -0.7149738, 37.6494711 ], [ -0.7150309, 37.6495229 ], [ -0.7150943, 37.6495761 ], [ -0.7151663, 37.6496356 ], [ -0.7152103, 37.6496742 ], [ -0.7152496, 37.6497118 ], [ -0.7153163, 37.6497832 ], [ -0.7153779, 37.6498585 ], [ -0.7154384, 37.6499314 ], [ -0.7154741, 37.6499842 ], [ -0.7155038, 37.6500319 ], [ -0.7155241, 37.6500802 ], [ -0.7156017, 37.6502475 ], [ -0.715614, 37.6503024 ], [ -0.7156514, 37.6503698 ], [ -0.7156689, 37.6503899 ], [ -0.7156734, 37.6504124 ], [ -0.7156906, 37.6504475 ], [ -0.7158455, 37.6507212 ], [ -0.7158572, 37.6507378 ], [ -0.7158669, 37.6507559 ], [ -0.7158712, 37.6507706 ], [ -0.7158789, 37.6507909 ], [ -0.7159511, 37.6509445 ], [ -0.7159665, 37.6509731 ], [ -0.7159809, 37.6509936 ], [ -0.71599, 37.6510181 ], [ -0.7160763, 37.6511866 ], [ -0.7160937, 37.6512187 ], [ -0.7161643, 37.6513639 ], [ -0.7161903, 37.6514111 ], [ -0.7163426, 37.6516942 ], [ -0.7163711, 37.6517527 ], [ -0.7163942, 37.6518086 ], [ -0.7164195, 37.6518764 ], [ -0.7164683, 37.6520087 ], [ -0.7165128, 37.6521096 ], [ -0.7165404, 37.6522006 ], [ -0.7165686, 37.6523348 ], [ -0.7165836, 37.6524273 ], [ -0.7165878, 37.6524487 ], [ -0.7166086, 37.6524897 ], [ -0.7166635, 37.652578 ], [ -0.716692, 37.6526064 ], [ -0.7167399, 37.6526493 ], [ -0.7167998, 37.6527125 ], [ -0.7168719, 37.6527655 ], [ -0.7169361, 37.6528176 ], [ -0.7169932, 37.6528672 ], [ -0.71705, 37.6529298 ], [ -0.7170844, 37.6529691 ], [ -0.7171147, 37.6530007 ], [ -0.7171451, 37.6530333 ], [ -0.7171794, 37.6530818 ], [ -0.7172571, 37.6531806 ], [ -0.7172858, 37.6532013 ], [ -0.7173138, 37.6532268 ], [ -0.7173219, 37.6532332 ], [ -0.7173293, 37.653239 ], [ -0.7173406, 37.653248 ], [ -0.7173546, 37.6532602 ], [ -0.7173617, 37.6532687 ], [ -0.7173689, 37.6532785 ], [ -0.7173765, 37.6532887 ], [ -0.7173808, 37.6532952 ], [ -0.7173891, 37.6533078 ], [ -0.7173902, 37.6533091 ], [ -0.7174067, 37.6533297 ], [ -0.7174182, 37.6533447 ], [ -0.7174253, 37.6533544 ], [ -0.7174374, 37.6533699 ], [ -0.717449, 37.653383 ], [ -0.7174544, 37.6533918 ], [ -0.7174587, 37.6533988 ], [ -0.7174687, 37.65341 ], [ -0.7174771, 37.6534184 ], [ -0.717487, 37.6534306 ], [ -0.7174925, 37.6534358 ], [ -0.7175047, 37.6534498 ], [ -0.7175158, 37.6534602 ], [ -0.7175242, 37.6534672 ], [ -0.7175308, 37.6534729 ], [ -0.7175424, 37.6534855 ], [ -0.7175469, 37.6534901 ], [ -0.7175524, 37.6534976 ], [ -0.7175656, 37.653514 ], [ -0.7175694, 37.6535183 ], [ -0.7175738, 37.6535252 ], [ -0.7175836, 37.6535396 ], [ -0.7175858, 37.6535425 ], [ -0.7175918, 37.6535485 ], [ -0.7176007, 37.6535592 ], [ -0.7176029, 37.6535625 ], [ -0.71761, 37.6535742 ], [ -0.7176149, 37.6535811 ], [ -0.7176186, 37.65359 ], [ -0.7176283, 37.6536071 ], [ -0.717632, 37.6536141 ], [ -0.7176394, 37.6536307 ], [ -0.7176428, 37.6536364 ], [ -0.7176464, 37.6536456 ], [ -0.7176534, 37.6536595 ], [ -0.7176583, 37.653666 ], [ -0.7176637, 37.653673 ], [ -0.717673, 37.6536893 ], [ -0.7176774, 37.6536954 ], [ -0.7176833, 37.653706 ], [ -0.7176881, 37.6537153 ], [ -0.7176891, 37.6537181 ], [ -0.7176928, 37.6537269 ], [ -0.717698, 37.653744 ], [ -0.7177006, 37.65375 ], [ -0.7177055, 37.6537588 ], [ -0.7177102, 37.653769 ], [ -0.7177102, 37.6537695 ], [ -0.7177152, 37.6537788 ], [ -0.7177197, 37.6537922 ], [ -0.7177223, 37.6537995 ], [ -0.7177254, 37.6538092 ], [ -0.717729, 37.653824 ], [ -0.7177336, 37.6538401 ], [ -0.7177351, 37.6538447 ], [ -0.7177374, 37.6538586 ], [ -0.7177394, 37.6538683 ], [ -0.7177411, 37.653883 ], [ -0.7177429, 37.653899 ], [ -0.7177431, 37.6539077 ], [ -0.7177437, 37.653921 ], [ -0.717743, 37.6539371 ], [ -0.7177427, 37.6539485 ], [ -0.7177424, 37.6539549 ], [ -0.7177416, 37.6539641 ], [ -0.7177405, 37.653975 ], [ -0.7177395, 37.6539865 ], [ -0.7177378, 37.6540007 ], [ -0.7177344, 37.6540152 ], [ -0.717733, 37.6540216 ], [ -0.7177308, 37.6540349 ], [ -0.717728, 37.6540472 ], [ -0.7177239, 37.6540636 ], [ -0.7177226, 37.6540691 ], [ -0.7177198, 37.6540813 ], [ -0.717717, 37.6540964 ], [ -0.7177149, 37.654105 ], [ -0.7177102, 37.6541205 ], [ -0.7177052, 37.6541328 ], [ -0.7177013, 37.6541469 ], [ -0.7176966, 37.6541601 ], [ -0.717691, 37.6541742 ], [ -0.7176857, 37.6541911 ], [ -0.7176854, 37.6541988 ], [ -0.7176862, 37.6542103 ], [ -0.7176898, 37.65422 ], [ -0.7176948, 37.6542242 ], [ -0.7177048, 37.6542336 ], [ -0.7177116, 37.6542383 ], [ -0.7177211, 37.6542468 ], [ -0.7177276, 37.6542561 ], [ -0.7177325, 37.6542632 ], [ -0.7177388, 37.6542789 ], [ -0.7177403, 37.6542848 ], [ -0.7177417, 37.654295 ], [ -0.7177469, 37.6543107 ], [ -0.7177485, 37.6543153 ], [ -0.7177502, 37.6543291 ], [ -0.7177522, 37.6543388 ], [ -0.7177511, 37.6543497 ], [ -0.7177501, 37.6543621 ], [ -0.7177496, 37.6543731 ], [ -0.7177485, 37.6543891 ], [ -0.7177478, 37.6543932 ], [ -0.7177468, 37.6544037 ], [ -0.7177452, 37.6544156 ], [ -0.7177437, 37.6544248 ], [ -0.7177384, 37.6544439 ], [ -0.7177378, 37.6544452 ], [ -0.7177351, 37.6544557 ], [ -0.7177322, 37.6544685 ], [ -0.7177289, 37.6544799 ], [ -0.7177245, 37.6544907 ], [ -0.7177207, 37.6545003 ], [ -0.7177189, 37.6545025 ], [ -0.7177133, 37.6545116 ], [ -0.7177072, 37.654522 ], [ -0.7177012, 37.6545292 ], [ -0.7176951, 37.6545377 ], [ -0.7176865, 37.654549 ], [ -0.7176833, 37.654559 ], [ -0.7176825, 37.6545672 ], [ -0.7176824, 37.6545705 ], [ -0.7176821, 37.6545769 ], [ -0.7176814, 37.6545814 ], [ -0.7176787, 37.6545911 ], [ -0.717676, 37.6546014 ], [ -0.7176727, 37.6546128 ], [ -0.7176718, 37.6546202 ], [ -0.7176717, 37.6546243 ], [ -0.7176684, 37.6546347 ], [ -0.717664, 37.6546443 ], [ -0.7176608, 37.6546515 ], [ -0.7176559, 37.6546611 ], [ -0.7176514, 37.6546724 ], [ -0.7176494, 37.6546821 ], [ -0.7176452, 37.6546989 ], [ -0.7176431, 37.6547079 ], [ -0.7176394, 37.6547152 ], [ -0.717634, 37.654722 ], [ -0.717628, 37.6547292 ], [ -0.7176232, 37.6547346 ], [ -0.7176184, 37.6547399 ], [ -0.7176119, 37.6547453 ], [ -0.7176047, 37.6547502 ], [ -0.7175942, 37.6547541 ], [ -0.717578, 37.6547565 ], [ -0.7175734, 37.6547577 ], [ -0.7175596, 37.6547588 ], [ -0.717548, 37.654758 ], [ -0.7175366, 37.6547559 ], [ -0.7175188, 37.6547537 ], [ -0.7175113, 37.6547531 ], [ -0.7175016, 37.6547515 ], [ -0.7174878, 37.6547493 ], [ -0.717477, 37.6547467 ], [ -0.7174616, 37.6547441 ], [ -0.7174507, 37.6547426 ], [ -0.7174409, 37.6547427 ], [ -0.7174316, 37.6547452 ], [ -0.7174223, 37.6547477 ], [ -0.7174123, 37.6547503 ], [ -0.717395, 37.6547536 ], [ -0.7173874, 37.6547557 ], [ -0.7173781, 37.6547591 ], [ -0.7173664, 37.6547621 ], [ -0.7173445, 37.6547634 ], [ -0.7173347, 37.6547641 ], [ -0.717322, 37.6547647 ], [ -0.7173087, 37.6547653 ], [ -0.7172966, 37.6547659 ], [ -0.7172827, 37.654767 ], [ -0.71727, 37.6547671 ], [ -0.7172649, 37.6547675 ], [ -0.7172533, 37.6547686 ], [ -0.7172441, 37.6547698 ], [ -0.7172314, 37.6547709 ], [ -0.7172203, 37.6547725 ], [ -0.7172086, 37.6547768 ], [ -0.717197, 37.6547801 ], [ -0.7171888, 37.6547827 ], [ -0.7171801, 37.6547867 ], [ -0.7171799, 37.6547903 ], [ -0.7171804, 37.6547926 ], [ -0.7171838, 37.6547964 ], [ -0.7171894, 37.6547992 ], [ -0.7171951, 37.6548012 ], [ -0.717207, 37.6548051 ], [ -0.7172133, 37.6548058 ], [ -0.7172306, 37.6548075 ], [ -0.7172334, 37.6548072 ], [ -0.7172444, 37.6548065 ], [ -0.7172583, 37.6548068 ], [ -0.7172651, 37.654807 ], [ -0.7172766, 37.6548072 ], [ -0.7172967, 37.6548086 ], [ -0.7173059, 37.6548088 ], [ -0.7173226, 37.6548096 ], [ -0.7173502, 37.6548103 ], [ -0.7173739, 37.6548109 ], [ -0.7173969, 37.6548109 ], [ -0.7174096, 37.6548112 ], [ -0.7174348, 37.6548113 ], [ -0.7174476, 37.6548103 ], [ -0.7174706, 37.6548085 ], [ -0.7174856, 37.6548074 ], [ -0.7175035, 37.6548075 ], [ -0.7175218, 37.6548088 ], [ -0.7175311, 37.654809 ], [ -0.7175478, 37.6548094 ], [ -0.717565, 37.6548093 ], [ -0.7175743, 37.6548086 ], [ -0.7175968, 37.6548073 ], [ -0.7176049, 37.6548066 ], [ -0.7176194, 37.6548041 ], [ -0.717638, 37.6547995 ], [ -0.7176447, 37.6547995 ], [ -0.7176612, 37.6547973 ], [ -0.717679, 37.654795 ], [ -0.7176934, 37.6547953 ], [ -0.7177136, 37.6547944 ], [ -0.7177275, 37.654792 ], [ -0.7177477, 37.6547897 ], [ -0.7177582, 37.6547886 ], [ -0.7177721, 37.6547866 ], [ -0.7177907, 37.6547838 ], [ -0.7178091, 37.6547806 ], [ -0.7178282, 37.6547778 ], [ -0.7178434, 37.6547745 ], [ -0.7178556, 37.6547711 ], [ -0.7178718, 37.6547683 ], [ -0.717888, 37.6547654 ], [ -0.7179031, 37.6547636 ], [ -0.7179206, 37.6547593 ], [ -0.7179363, 37.6547542 ], [ -0.7179504, 37.6547463 ], [ -0.7179552, 37.6547399 ], [ -0.7179717, 37.6547316 ], [ -0.7179823, 37.6547245 ], [ -0.7179906, 37.6547183 ], [ -0.7179959, 37.6547148 ], [ -0.7179995, 37.6547116 ], [ -0.7180049, 37.6547053 ], [ -0.7180117, 37.6546959 ], [ -0.7180176, 37.6546896 ], [ -0.7180242, 37.6546829 ], [ -0.7180337, 37.6546771 ], [ -0.7180466, 37.6546688 ], [ -0.7180543, 37.6546634 ], [ -0.7180609, 37.6546586 ], [ -0.7180651, 37.6546545 ], [ -0.7180711, 37.6546478 ], [ -0.7180799, 37.6546402 ], [ -0.7180948, 37.6546272 ], [ -0.7181001, 37.6546242 ], [ -0.7181137, 37.6546162 ], [ -0.7181314, 37.6546061 ], [ -0.7181421, 37.6545985 ], [ -0.718155, 37.6545905 ], [ -0.7181627, 37.6545853 ], [ -0.7181705, 37.6545777 ], [ -0.7181806, 37.6545687 ], [ -0.7181889, 37.6545611 ], [ -0.7181989, 37.654554 ], [ -0.7182113, 37.6545465 ], [ -0.7182149, 37.6545425 ], [ -0.718231, 37.6545277 ], [ -0.7182411, 37.6545225 ], [ -0.7182511, 37.6545162 ], [ -0.7182565, 37.6545118 ], [ -0.7182664, 37.6545057 ], [ -0.7182765, 37.654499 ], [ -0.7182848, 37.6544932 ], [ -0.7182931, 37.6544865 ], [ -0.7183049, 37.654479 ], [ -0.7183161, 37.6544705 ], [ -0.7183512, 37.6544425 ], [ -0.7183619, 37.654435 ], [ -0.7183701, 37.6544296 ], [ -0.7183813, 37.6544225 ], [ -0.7183936, 37.654415 ], [ -0.7184037, 37.6544084 ], [ -0.7184161, 37.6544004 ], [ -0.7184256, 37.6543938 ], [ -0.7184345, 37.6543862 ], [ -0.7184886, 37.6543407 ], [ -0.7185022, 37.6543305 ], [ -0.7185223, 37.6543168 ], [ -0.7185324, 37.6543092 ], [ -0.7185454, 37.6542998 ], [ -0.7185597, 37.6542892 ], [ -0.7185703, 37.6542821 ], [ -0.718588, 37.6542711 ], [ -0.7186064, 37.6542558 ], [ -0.7186207, 37.6542443 ], [ -0.7186283, 37.6542385 ], [ -0.7186432, 37.6542279 ], [ -0.7186592, 37.6542154 ], [ -0.7186734, 37.6542061 ], [ -0.7186875, 37.6541959 ], [ -0.7187013, 37.6541862 ], [ -0.7187283, 37.6541685 ], [ -0.7187425, 37.6541605 ], [ -0.7187579, 37.6541512 ], [ -0.7187678, 37.6541441 ], [ -0.7187815, 37.6541334 ], [ -0.7187975, 37.6541219 ], [ -0.7188188, 37.6541072 ], [ -0.718833, 37.6540952 ], [ -0.7188443, 37.6540863 ], [ -0.7188591, 37.654077 ], [ -0.7188815, 37.6540615 ], [ -0.718897, 37.654049 ], [ -0.7189112, 37.6540392 ], [ -0.7189213, 37.6540304 ], [ -0.7189308, 37.6540219 ], [ -0.7189439, 37.6540129 ], [ -0.7189568, 37.6540041 ], [ -0.7189681, 37.6539952 ], [ -0.7189901, 37.6539792 ], [ -0.719006, 37.6539663 ], [ -0.7190203, 37.6539566 ], [ -0.719035, 37.6539468 ], [ -0.7190521, 37.6539344 ], [ -0.7190605, 37.6539282 ], [ -0.7190771, 37.653917 ], [ -0.7190913, 37.6539051 ], [ -0.7191021, 37.6538938 ], [ -0.7191123, 37.6538835 ], [ -0.7191259, 37.6538719 ], [ -0.7191414, 37.6538585 ], [ -0.719151, 37.6538505 ], [ -0.7191622, 37.6538434 ], [ -0.7191735, 37.6538344 ], [ -0.7191942, 37.6538184 ], [ -0.7192043, 37.6538113 ], [ -0.719222, 37.6537984 ], [ -0.7192404, 37.6537824 ], [ -0.7192512, 37.653773 ], [ -0.7192684, 37.6537601 ], [ -0.7192867, 37.6537468 ], [ -0.7193075, 37.6537313 ], [ -0.7193241, 37.6537179 ], [ -0.7193418, 37.6537054 ], [ -0.7193625, 37.6536927 ], [ -0.7193743, 37.6536847 ], [ -0.7193843, 37.6536803 ], [ -0.7194048, 37.6536711 ], [ -0.7194308, 37.6536521 ], [ -0.7194467, 37.6536424 ], [ -0.7194627, 37.6536308 ], [ -0.7194881, 37.6536145 ], [ -0.7195036, 37.6536015 ], [ -0.7195244, 37.6535864 ], [ -0.7195405, 37.6535698 ], [ -0.7195576, 37.6535583 ], [ -0.7195677, 37.6535512 ], [ -0.7195771, 37.653545 ], [ -0.7196008, 37.6535299 ], [ -0.7196102, 37.6535206 ], [ -0.7196223, 37.6535093 ], [ -0.7196364, 37.6534973 ], [ -0.7196519, 37.6534844 ], [ -0.7196684, 37.6534751 ], [ -0.7196892, 37.6534577 ], [ -0.7196982, 37.6534497 ], [ -0.7197113, 37.6534376 ], [ -0.7197255, 37.6534269 ], [ -0.7197362, 37.6534194 ], [ -0.7197481, 37.65341 ], [ -0.7197706, 37.6533908 ], [ -0.7197742, 37.6533877 ], [ -0.7197885, 37.6533757 ], [ -0.7197993, 37.6533644 ], [ -0.7198107, 37.6533529 ], [ -0.7198225, 37.653344 ], [ -0.7198318, 37.6533376 ], [ -0.7198428, 37.6533316 ], [ -0.7198556, 37.6533242 ], [ -0.719869, 37.6533168 ], [ -0.7198795, 37.6533112 ], [ -0.7198952, 37.6533012 ], [ -0.7199256, 37.6532841 ], [ -0.7200079, 37.6533783 ], [ -0.7200208, 37.6533937 ], [ -0.7202261, 37.6532298 ], [ -0.720119, 37.6531072 ], [ -0.7202401, 37.6530084 ], [ -0.7204316, 37.652862 ], [ -0.7204731, 37.6528224 ], [ -0.7205129, 37.6527879 ], [ -0.7205585, 37.6527392 ], [ -0.720592, 37.652702 ], [ -0.720625, 37.652653 ], [ -0.720652, 37.652613 ], [ -0.7206885, 37.6525113 ], [ -0.7207767, 37.6522475 ], [ -0.7207957, 37.652204 ], [ -0.7208124, 37.6521643 ], [ -0.7208251, 37.6521194 ], [ -0.7208368, 37.6520661 ], [ -0.7208923, 37.6518792 ], [ -0.7209004, 37.6518166 ], [ -0.7209019, 37.6518017 ], [ -0.7208966, 37.6517938 ], [ -0.7209577, 37.6517695 ], [ -0.7209975, 37.6517444 ], [ -0.7210872, 37.6516899 ], [ -0.7213258, 37.651578 ], [ -0.721445, 37.6515416 ], [ -0.7216092, 37.6515161 ], [ -0.7218384, 37.6515139 ], [ -0.7221366, 37.6515173 ], [ -0.7221966, 37.6515177 ], [ -0.7222852, 37.6515023 ], [ -0.7223802, 37.6514856 ], [ -0.7224326, 37.6514744 ], [ -0.7226348, 37.6514102 ], [ -0.7227942, 37.6513686 ], [ -0.7228568, 37.6513528 ], [ -0.7229534, 37.6513298 ], [ -0.7230747, 37.651306 ], [ -0.7232295, 37.65127 ], [ -0.7232769, 37.6512631 ], [ -0.7234005, 37.6512453 ], [ -0.7235137, 37.6512375 ], [ -0.7236838, 37.6512233 ], [ -0.723711, 37.6512185 ], [ -0.7237376, 37.6512146 ], [ -0.7237561, 37.6512134 ], [ -0.7238206, 37.6512146 ], [ -0.7238904, 37.6512124 ], [ -0.723952, 37.6512123 ], [ -0.7240035, 37.6512064 ], [ -0.7240904, 37.6512087 ], [ -0.7241536, 37.6512096 ], [ -0.7242407, 37.6512092 ], [ -0.7242678, 37.651209 ], [ -0.7243296, 37.6512034 ], [ -0.7243556, 37.6512027 ], [ -0.7243913, 37.6512042 ], [ -0.7244159, 37.6512071 ], [ -0.7244422, 37.6512083 ], [ -0.7244614, 37.6512048 ], [ -0.7244846, 37.6512021 ], [ -0.7245144, 37.6512052 ], [ -0.724557, 37.6512064 ], [ -0.7245725, 37.6512074 ], [ -0.7245766, 37.6512061 ], [ -0.7245767, 37.6512019 ], [ -0.7245765, 37.6511955 ], [ -0.7245732, 37.6511918 ], [ -0.724553, 37.6511921 ], [ -0.7244964, 37.6511951 ], [ -0.7244158, 37.6511943 ], [ -0.7243198, 37.6511921 ], [ -0.7242063, 37.6511913 ], [ -0.7240752, 37.6511882 ], [ -0.7239593, 37.6511896 ], [ -0.7238821, 37.6511898 ], [ -0.7238379, 37.6511872 ], [ -0.7238196, 37.6511849 ], [ -0.7237934, 37.6511754 ], [ -0.7237761, 37.651163 ], [ -0.7237824, 37.6511664 ], [ -0.7237712, 37.6511588 ], [ -0.7237704, 37.6511492 ], [ -0.7237733, 37.6511227 ], [ -0.7237907, 37.651069 ], [ -0.7237922, 37.6510609 ], [ -0.7237921, 37.651048 ], [ -0.7237919, 37.6510389 ], [ -0.7237884, 37.6510297 ], [ -0.7237811, 37.6510239 ], [ -0.7237669, 37.6510207 ], [ -0.723757, 37.6510205 ], [ -0.7237453, 37.651028 ], [ -0.7237419, 37.6510366 ], [ -0.7237306, 37.6510582 ], [ -0.7237191, 37.6510868 ], [ -0.7237032, 37.6511207 ], [ -0.723683, 37.6511486 ], [ -0.7236674, 37.6511619 ], [ -0.7236527, 37.6511684 ], [ -0.7236298, 37.6511783 ], [ -0.7236099, 37.6511841 ], [ -0.7235875, 37.6511835 ], [ -0.7235722, 37.6511804 ], [ -0.7235511, 37.6511734 ], [ -0.7235043, 37.6511506 ], [ -0.7234221, 37.651108 ], [ -0.7233684, 37.6510726 ], [ -0.7232564, 37.6509981 ], [ -0.7231597, 37.6509318 ], [ -0.7230782, 37.650859 ], [ -0.7229728, 37.6507558 ], [ -0.722918, 37.6506901 ], [ -0.7228586, 37.6506111 ], [ -0.7228189, 37.6505616 ], [ -0.7227289, 37.6504027 ], [ -0.7226897, 37.6503141 ], [ -0.72267, 37.6502362 ], [ -0.7226549, 37.650156 ], [ -0.7226426, 37.6500956 ], [ -0.7226349, 37.6500761 ], [ -0.7226321, 37.6500123 ], [ -0.7226318, 37.6499315 ], [ -0.7226451, 37.6498813 ], [ -0.7226577, 37.6498404 ], [ -0.7226718, 37.6498133 ], [ -0.7226974, 37.6497843 ], [ -0.7227217, 37.6497677 ], [ -0.7227503, 37.6497605 ], [ -0.7227868, 37.649764 ], [ -0.722843, 37.6497728 ], [ -0.7230606, 37.6497993 ], [ -0.7230912, 37.6497973 ], [ -0.7231119, 37.6497988 ], [ -0.7231233, 37.6498005 ], [ -0.7231302, 37.649802 ], [ -0.7231453, 37.6497974 ], [ -0.7231555, 37.6497913 ], [ -0.723165, 37.6497843 ], [ -0.7231688, 37.6497742 ], [ -0.7231632, 37.6497572 ], [ -0.7231558, 37.6497418 ], [ -0.7231445, 37.6497397 ], [ -0.7231285, 37.6497365 ], [ -0.7231003, 37.6497335 ], [ -0.7230912, 37.6497318 ], [ -0.7230815, 37.6497302 ], [ -0.7230516, 37.6497298 ], [ -0.7230436, 37.6497291 ], [ -0.7229993, 37.6497279 ], [ -0.7229831, 37.6497279 ], [ -0.7229607, 37.649726 ], [ -0.7229458, 37.6497251 ], [ -0.7229218, 37.6497207 ], [ -0.7229063, 37.6497185 ], [ -0.7228885, 37.649718 ], [ -0.7228617, 37.6497127 ], [ -0.7228448, 37.6497136 ], [ -0.7227835, 37.6497072 ], [ -0.7227527, 37.6496979 ], [ -0.7227274, 37.6496827 ], [ -0.7226863, 37.6496639 ], [ -0.7226456, 37.6496424 ], [ -0.7226211, 37.6496278 ], [ -0.7226006, 37.6496063 ], [ -0.7225391, 37.6495197 ], [ -0.7225078, 37.6494625 ], [ -0.7224957, 37.6494325 ], [ -0.7224851, 37.6494162 ], [ -0.722487, 37.6493901 ], [ -0.7225037, 37.6493646 ], [ -0.7225029, 37.6493439 ], [ -0.7224975, 37.649315 ], [ -0.7224536, 37.6491736 ], [ -0.7224491, 37.6491094 ], [ -0.7224525, 37.6490284 ], [ -0.7224534, 37.6489972 ], [ -0.7224663, 37.6489745 ], [ -0.7224919, 37.6489542 ], [ -0.7225423, 37.6489468 ], [ -0.7226123, 37.6489397 ], [ -0.7226372, 37.6489337 ], [ -0.722647, 37.6489212 ], [ -0.7226457, 37.64891 ], [ -0.7226417, 37.648898 ], [ -0.7226337, 37.6488936 ], [ -0.7226159, 37.6488931 ], [ -0.7225664, 37.6488925 ], [ -0.7225189, 37.648892 ], [ -0.7224997, 37.6488851 ], [ -0.7224856, 37.6488732 ], [ -0.7224664, 37.6488501 ], [ -0.7224526, 37.6488204 ], [ -0.7224358, 37.6487741 ], [ -0.722419, 37.6487103 ], [ -0.7223984, 37.6486434 ], [ -0.7223821, 37.6485701 ], [ -0.7223742, 37.6484869 ], [ -0.7223597, 37.6484127 ], [ -0.7223534, 37.6483341 ], [ -0.72235, 37.6482795 ], [ -0.7223447, 37.6482423 ], [ -0.7223809, 37.6482289 ], [ -0.7223624, 37.6479989 ], [ -0.7222322, 37.6479558 ], [ -0.7221114, 37.6479616 ], [ -0.7222354, 37.6488162 ], [ -0.7222098, 37.6488367 ], [ -0.7221271, 37.6488609 ], [ -0.722313, 37.6500743 ], [ -0.720992, 37.6502313 ], [ -0.7208838, 37.6511023 ], [ -0.7208757, 37.6511859 ], [ -0.7208715, 37.6512979 ], [ -0.7208728, 37.651432 ], [ -0.7208746, 37.6515058 ], [ -0.7208743, 37.6516696 ], [ -0.7208117, 37.6517092 ], [ -0.7207835, 37.6516738 ], [ -0.720772, 37.6516464 ], [ -0.7207592, 37.6515945 ], [ -0.7207475, 37.6515354 ], [ -0.7207792, 37.651384 ], [ -0.7207767, 37.6512978 ], [ -0.7208008, 37.6511684 ], [ -0.7208363, 37.6508898 ], [ -0.7208583, 37.6506544 ], [ -0.7208587, 37.6506333 ], [ -0.7208342, 37.6505598 ], [ -0.7208271, 37.650526 ], [ -0.7208019, 37.6504892 ], [ -0.7207848, 37.6504517 ], [ -0.7207394, 37.6503813 ], [ -0.7207253, 37.6503498 ], [ -0.7207044, 37.6502991 ], [ -0.7207001, 37.6502839 ], [ -0.720698, 37.6502759 ], [ -0.7206919, 37.6502496 ], [ -0.7207026, 37.6501708 ], [ -0.7206995, 37.6501433 ], [ -0.720687, 37.6501184 ], [ -0.7206551, 37.650077 ], [ -0.7206228, 37.6500347 ], [ -0.7205883, 37.6499544 ], [ -0.7205719, 37.6499033 ], [ -0.7205488, 37.6498169 ], [ -0.7205265, 37.6497545 ], [ -0.720519, 37.6497226 ], [ -0.7204959, 37.6496865 ], [ -0.7204511, 37.6496212 ], [ -0.7204178, 37.6495706 ], [ -0.7204053, 37.6495368 ], [ -0.7203819, 37.6494801 ], [ -0.7202465, 37.6492675 ], [ -0.720227, 37.6492373 ], [ -0.7202114, 37.6491963 ], [ -0.7201885, 37.6491195 ], [ -0.7201697, 37.6490779 ], [ -0.7201532, 37.6490503 ], [ -0.7201267, 37.6490246 ], [ -0.7200641, 37.648978 ], [ -0.7200271, 37.6489538 ], [ -0.7200126, 37.6489291 ], [ -0.7199568, 37.6488238 ], [ -0.7199342, 37.6487717 ], [ -0.7199248, 37.648753 ], [ -0.7199163, 37.6487359 ], [ -0.7199044, 37.6487186 ], [ -0.7198934, 37.6487058 ], [ -0.7198792, 37.6486894 ], [ -0.719871, 37.6486805 ], [ -0.7198644, 37.6486717 ], [ -0.7198577, 37.6486545 ], [ -0.7198521, 37.6486397 ], [ -0.7198466, 37.6486184 ], [ -0.7198445, 37.6486151 ], [ -0.7198371, 37.648598 ], [ -0.7198273, 37.6485739 ], [ -0.7198121, 37.6485395 ], [ -0.7197983, 37.6484998 ], [ -0.7197904, 37.6484716 ], [ -0.7197842, 37.648454 ], [ -0.7197933, 37.6483787 ], [ -0.7197905, 37.6483378 ], [ -0.7197981, 37.6483224 ], [ -0.7198146, 37.6483018 ], [ -0.7198316, 37.6482834 ], [ -0.7198493, 37.6482583 ], [ -0.71986, 37.6482393 ], [ -0.7198629, 37.648227 ], [ -0.7198641, 37.6482124 ], [ -0.7198633, 37.6481914 ], [ -0.7198658, 37.6481611 ], [ -0.7198667, 37.648129 ], [ -0.7198652, 37.6481093 ], [ -0.7198609, 37.6480886 ], [ -0.7198577, 37.6480707 ], [ -0.7198556, 37.6480536 ], [ -0.7198553, 37.6480339 ], [ -0.7198557, 37.648023 ], [ -0.7198569, 37.6479849 ], [ -0.7198604, 37.6479451 ], [ -0.7198604, 37.64792 ], [ -0.7198606, 37.6479006 ], [ -0.7198648, 37.6478706 ], [ -0.7198652, 37.647838 ], [ -0.7198647, 37.6478086 ], [ -0.7198649, 37.6477917 ], [ -0.7198664, 37.6477721 ], [ -0.7198699, 37.6477575 ], [ -0.7198773, 37.6477357 ], [ -0.7198845, 37.6477139 ], [ -0.7198895, 37.6477067 ], [ -0.7198932, 37.6476981 ], [ -0.7199036, 37.647686 ], [ -0.7199186, 37.6476726 ], [ -0.7199541, 37.6476517 ], [ -0.7199771, 37.6476381 ], [ -0.7200048, 37.6476269 ], [ -0.7200292, 37.6476207 ], [ -0.7200467, 37.6476148 ], [ -0.7200952, 37.6476023 ], [ -0.7201302, 37.6475933 ], [ -0.7201529, 37.6475875 ], [ -0.7201685, 37.6475847 ], [ -0.7201894, 37.6475812 ], [ -0.720253, 37.6475756 ], [ -0.7203317, 37.6475805 ], [ -0.720397, 37.6475772 ], [ -0.7204373, 37.6475778 ], [ -0.720483, 37.6475736 ], [ -0.7205302, 37.6475749 ], [ -0.7205676, 37.6475755 ], [ -0.7206091, 37.6475762 ], [ -0.7206346, 37.6475718 ], [ -0.720664, 37.6475709 ], [ -0.7207149, 37.6475672 ], [ -0.7207737, 37.6475674 ], [ -0.7208186, 37.6475668 ], [ -0.7208567, 37.6475643 ], [ -0.7208906, 37.6475661 ], [ -0.7209073, 37.6475652 ], [ -0.7209189, 37.6475636 ], [ -0.7210154, 37.6475599 ], [ -0.7210797, 37.6475525 ], [ -0.7211359, 37.6475444 ], [ -0.7211762, 37.6475451 ], [ -0.7212017, 37.6475425 ], [ -0.7212334, 37.6475407 ], [ -0.721275, 37.6475395 ], [ -0.7212952, 37.6475396 ], [ -0.7213205, 37.6475376 ], [ -0.721347, 37.6475379 ], [ -0.7213666, 37.6475384 ], [ -0.7213896, 37.6475386 ], [ -0.7214098, 37.6475387 ], [ -0.7214346, 37.6475393 ], [ -0.7214964, 37.6475346 ], [ -0.7215361, 37.6475358 ], [ -0.7215541, 37.6475335 ], [ -0.7215702, 37.647533 ], [ -0.7215997, 37.6475316 ], [ -0.7216221, 37.6475317 ], [ -0.7216482, 37.6475292 ], [ -0.7216782, 37.6475269 ], [ -0.7217038, 37.6475234 ], [ -0.7217205, 37.6475211 ], [ -0.7217518, 37.6475179 ], [ -0.7217703, 37.6475156 ], [ -0.7217864, 37.6475161 ], [ -0.721806, 37.6475166 ], [ -0.721827, 37.6475135 ], [ -0.7218682, 37.647516 ], [ -0.7218913, 37.6475167 ], [ -0.7219172, 37.6475156 ], [ -0.721934, 37.6475146 ], [ -0.7219559, 37.6475134 ], [ -0.7219927, 37.6475144 ], [ -0.7220244, 37.6475157 ], [ -0.7220642, 37.6475164 ], [ -0.7220751, 37.6475143 ], [ -0.7221008, 37.6475082 ], [ -0.7221248, 37.6474997 ], [ -0.7221559, 37.6474873 ], [ -0.7221701, 37.647478 ], [ -0.7221829, 37.6474637 ], [ -0.7222061, 37.6474342 ], [ -0.7222237, 37.6473869 ], [ -0.7222271, 37.6473623 ], [ -0.7222358, 37.6473492 ], [ -0.7222365, 37.6473319 ], [ -0.7222388, 37.6473058 ], [ -0.7222328, 37.6472726 ], [ -0.7222292, 37.6472496 ], [ -0.7222223, 37.6472233 ], [ -0.7222189, 37.6471975 ], [ -0.7222128, 37.6471758 ], [ -0.72221, 37.6471505 ], [ -0.7222108, 37.6471317 ], [ -0.7222091, 37.6471084 ], [ -0.7222099, 37.6470864 ], [ -0.7222145, 37.6470746 ], [ -0.7222195, 37.6470651 ], [ -0.7222251, 37.6470562 ], [ -0.7222372, 37.647044 ], [ -0.7222594, 37.6470355 ], [ -0.7223385, 37.6470198 ], [ -0.7223652, 37.6470177 ], [ -0.7224098, 37.6470121 ], [ -0.7224759, 37.6470007 ], [ -0.7224914, 37.6470034 ], [ -0.7225223, 37.6470079 ], [ -0.7225418, 37.647008 ], [ -0.7225643, 37.6470073 ], [ -0.7225685, 37.6470046 ], [ -0.7225832, 37.6469981 ], [ -0.7225955, 37.6469948 ], [ -0.722603, 37.6469941 ], [ -0.7226161, 37.6469967 ], [ -0.7226684, 37.6470005 ], [ -0.7226882, 37.6469951 ], [ -0.7226989, 37.646987 ], [ -0.7227158, 37.6469693 ], [ -0.7227236, 37.6469626 ], [ -0.722731, 37.6469508 ], [ -0.7227316, 37.646939 ], [ -0.7227251, 37.6469273 ], [ -0.7227141, 37.646917 ], [ -0.7226955, 37.6469064 ], [ -0.7226836, 37.6469023 ], [ -0.7226682, 37.6469 ], [ -0.7226488, 37.646895 ], [ -0.722635, 37.646896 ], [ -0.7226203, 37.6469006 ], [ -0.7226116, 37.6469036 ], [ -0.72259, 37.6469113 ], [ -0.7225482, 37.6469165 ], [ -0.7225367, 37.6469166 ], [ -0.7225211, 37.6469162 ], [ -0.7224942, 37.6469132 ], [ -0.7224833, 37.6469096 ], [ -0.7224726, 37.6469071 ], [ -0.722453, 37.6469052 ], [ -0.7224324, 37.6469046 ], [ -0.7224129, 37.6469023 ], [ -0.7224049, 37.6469011 ], [ -0.7223963, 37.6469004 ], [ -0.7223859, 37.6468992 ], [ -0.7223721, 37.6468993 ], [ -0.7223479, 37.6469018 ], [ -0.7223293, 37.6469041 ], [ -0.7223124, 37.6469081 ], [ -0.7223029, 37.6469129 ], [ -0.7222929, 37.6469196 ], [ -0.7222805, 37.6469133 ], [ -0.722271, 37.6469043 ], [ -0.7222636, 37.6468894 ], [ -0.7222614, 37.6468879 ], [ -0.7222491, 37.6468789 ], [ -0.7222374, 37.6468703 ], [ -0.722227, 37.6468573 ], [ -0.7222163, 37.6468409 ], [ -0.7222115, 37.6468307 ], [ -0.7222052, 37.6468186 ], [ -0.7221939, 37.6467986 ], [ -0.7221926, 37.6467894 ], [ -0.7221854, 37.6467704 ], [ -0.7221845, 37.6467639 ], [ -0.7221611, 37.6466831 ], [ -0.7221486, 37.646575 ], [ -0.7221428, 37.6464718 ], [ -0.7221346, 37.6463432 ], [ -0.7221319, 37.6462235 ], [ -0.7221261, 37.6461221 ], [ -0.7221273, 37.6460923 ], [ -0.7221203, 37.6460554 ], [ -0.7221166, 37.6460219 ], [ -0.7221166, 37.6459967 ], [ -0.7221142, 37.6459733 ], [ -0.722114, 37.6459637 ], [ -0.7221134, 37.6459389 ], [ -0.722113, 37.6459224 ], [ -0.7221145, 37.6459137 ], [ -0.722117, 37.6458963 ], [ -0.7221177, 37.6458813 ], [ -0.722105, 37.6457508 ], [ -0.7220942, 37.6456456 ], [ -0.7220866, 37.6455958 ], [ -0.7220881, 37.6455619 ], [ -0.7220851, 37.6455394 ], [ -0.722082, 37.6455178 ], [ -0.7220825, 37.6454939 ], [ -0.7220824, 37.6454701 ], [ -0.7220831, 37.6454537 ], [ -0.7220843, 37.6454289 ], [ -0.7220859, 37.6454038 ], [ -0.7220886, 37.6453814 ], [ -0.7220902, 37.6453709 ], [ -0.7221012, 37.6452658 ], [ -0.7221041, 37.6451871 ], [ -0.7221012, 37.6451493 ], [ -0.7221033, 37.6451013 ], [ -0.7221103, 37.6450364 ], [ -0.7221241, 37.644969 ], [ -0.7221452, 37.6448476 ], [ -0.722163, 37.6447689 ], [ -0.7221853, 37.6446452 ], [ -0.7221965, 37.6445466 ], [ -0.722203, 37.6444524 ], [ -0.7222097, 37.644392 ], [ -0.7222136, 37.6443441 ], [ -0.7222174, 37.64431 ], [ -0.7222178, 37.6442944 ], [ -0.7222202, 37.6442844 ], [ -0.7222279, 37.6442496 ], [ -0.7222308, 37.6442231 ], [ -0.7222382, 37.6441985 ], [ -0.722251, 37.6441711 ], [ -0.7222601, 37.6441493 ], [ -0.7222718, 37.6441169 ], [ -0.7222784, 37.6441028 ], [ -0.7222917, 37.6440768 ], [ -0.7223023, 37.6440687 ], [ -0.7223053, 37.6440605 ], [ -0.7223095, 37.6440496 ], [ -0.7223183, 37.6440223 ], [ -0.7223192, 37.6440085 ], [ -0.7223218, 37.6439917 ], [ -0.7223244, 37.6439792 ], [ -0.7223243, 37.6439537 ], [ -0.7223277, 37.6439335 ], [ -0.7223301, 37.643907 ], [ -0.7223306, 37.6438836 ], [ -0.7223335, 37.6438603 ], [ -0.7223396, 37.64382 ], [ -0.7223427, 37.6438059 ], [ -0.7223458, 37.6437972 ], [ -0.7223471, 37.6437886 ], [ -0.722359, 37.643774 ], [ -0.7223712, 37.6437655 ], [ -0.7223731, 37.6437601 ], [ -0.7223744, 37.6437555 ], [ -0.7223745, 37.6437467 ], [ -0.7223718, 37.6437407 ], [ -0.7223664, 37.6437288 ], [ -0.7223591, 37.6437195 ], [ -0.7223489, 37.6437111 ], [ -0.7223427, 37.643706 ], [ -0.7223359, 37.6437027 ], [ -0.7223359, 37.6436972 ], [ -0.7223374, 37.6436876 ], [ -0.7223406, 37.6436703 ], [ -0.7223452, 37.6436474 ], [ -0.7223485, 37.6436264 ], [ -0.7223514, 37.6435998 ], [ -0.7223583, 37.6435468 ], [ -0.7223682, 37.6435199 ], [ -0.7223761, 37.6434999 ], [ -0.7223796, 37.6434738 ], [ -0.7223779, 37.6434454 ], [ -0.7223779, 37.6434444 ], [ -0.7223736, 37.6434077 ], [ -0.7223762, 37.6433651 ], [ -0.7223925, 37.643337 ], [ -0.7223988, 37.643283 ], [ -0.7224071, 37.6431969 ], [ -0.7224214, 37.6431271 ], [ -0.7224278, 37.6430713 ], [ -0.7224384, 37.6430105 ], [ -0.7224498, 37.6429626 ], [ -0.7224631, 37.6429238 ], [ -0.7224634, 37.6429228 ], [ -0.7224924, 37.64286 ], [ -0.7224947, 37.642857 ], [ -0.7225269, 37.6428152 ], [ -0.7225304, 37.6428111 ], [ -0.7225417, 37.6427956 ], [ -0.72255, 37.6427843 ], [ -0.7225647, 37.6427726 ], [ -0.7225775, 37.6427645 ], [ -0.7225927, 37.6427574 ], [ -0.7226026, 37.6427529 ], [ -0.7226164, 37.6427471 ], [ -0.7226236, 37.6427403 ], [ -0.7226284, 37.6427299 ], [ -0.7226298, 37.6427185 ], [ -0.7226295, 37.6427103 ], [ -0.7226267, 37.6427033 ], [ -0.7226216, 37.6426964 ], [ -0.7226149, 37.6426904 ], [ -0.7226035, 37.6426847 ], [ -0.7225909, 37.6426804 ], [ -0.7225813, 37.6426747 ], [ -0.7225659, 37.642669 ], [ -0.7225521, 37.6426675 ], [ -0.7225364, 37.6426687 ], [ -0.7225191, 37.6426725 ], [ -0.7224984, 37.6426736 ], [ -0.722473, 37.6426765 ], [ -0.7224616, 37.6426763 ], [ -0.7224528, 37.6426762 ], [ -0.7224441, 37.642678 ], [ -0.7224205, 37.6426817 ], [ -0.7224102, 37.6426812 ], [ -0.7223987, 37.6426769 ], [ -0.7223781, 37.6426711 ], [ -0.7223593, 37.6426616 ], [ -0.7223428, 37.6426513 ], [ -0.7223343, 37.6426453 ], [ -0.7223109, 37.6426354 ], [ -0.7222866, 37.6426189 ], [ -0.7222569, 37.6426085 ], [ -0.7222393, 37.6426 ], [ -0.7222176, 37.6425882 ], [ -0.7222041, 37.6425757 ], [ -0.722198, 37.6425679 ], [ -0.7221929, 37.642559 ], [ -0.722188, 37.6425498 ], [ -0.7221814, 37.6425356 ], [ -0.7221794, 37.6425236 ], [ -0.7221738, 37.6425138 ], [ -0.7221504, 37.6425044 ], [ -0.7221218, 37.642493 ], [ -0.7220571, 37.642455 ], [ -0.7219965, 37.6423859 ], [ -0.7219927, 37.6423749 ], [ -0.7219799, 37.6423577 ], [ -0.7219743, 37.6423485 ], [ -0.7219761, 37.6423435 ], [ -0.7219803, 37.6423385 ], [ -0.7219845, 37.642329 ], [ -0.7219996, 37.6423246 ], [ -0.7220237, 37.6423299 ], [ -0.722042, 37.6423343 ], [ -0.7220589, 37.6423501 ], [ -0.7221972, 37.6424496 ], [ -0.7222068, 37.6424822 ], [ -0.7222161, 37.6425016 ], [ -0.7222207, 37.6425031 ], [ -0.7222298, 37.6425073 ], [ -0.722236, 37.6425129 ], [ -0.7222359, 37.6425166 ], [ -0.7222289, 37.6425228 ], [ -0.7222277, 37.6425261 ], [ -0.7222292, 37.6425325 ], [ -0.7222331, 37.6425418 ], [ -0.7222636, 37.6425398 ], [ -0.7222774, 37.6425428 ], [ -0.7222911, 37.6425462 ], [ -0.7223065, 37.6425528 ], [ -0.7223224, 37.6425595 ], [ -0.7223337, 37.6425715 ], [ -0.7223424, 37.6425899 ], [ -0.7223528, 37.6425915 ], [ -0.7223632, 37.6425929 ], [ -0.7223752, 37.6425982 ], [ -0.7223968, 37.6426076 ], [ -0.7224191, 37.6426139 ], [ -0.7224363, 37.6426197 ], [ -0.7224592, 37.6426217 ], [ -0.7224871, 37.6426143 ], [ -0.7225021, 37.6426091 ], [ -0.722508, 37.6426064 ], [ -0.7225234, 37.6425869 ], [ -0.7225323, 37.6425742 ], [ -0.7225393, 37.6425688 ], [ -0.7225549, 37.642564 ], [ -0.7225665, 37.642565 ], [ -0.7225808, 37.6425657 ], [ -0.7225883, 37.6425667 ], [ -0.7225902, 37.6425589 ], [ -0.7225903, 37.6425521 ], [ -0.7225831, 37.6425424 ], [ -0.7225764, 37.6425322 ], [ -0.7225697, 37.6425225 ], [ -0.722563, 37.6425151 ], [ -0.7225529, 37.6425021 ], [ -0.7225394, 37.6424859 ], [ -0.7225242, 37.6424765 ], [ -0.7225049, 37.6424611 ], [ -0.7225005, 37.6424551 ], [ -0.7225007, 37.642445 ], [ -0.722506, 37.6424364 ], [ -0.7225146, 37.6424141 ], [ -0.7225426, 37.6423719 ], [ -0.7225657, 37.6423397 ], [ -0.7225848, 37.6423143 ], [ -0.722616, 37.6422822 ], [ -0.7226516, 37.6422387 ], [ -0.7226688, 37.6422137 ], [ -0.7226907, 37.6421883 ], [ -0.7227165, 37.6421676 ], [ -0.722783, 37.6421296 ], [ -0.7228121, 37.6421203 ], [ -0.7228447, 37.6421217 ], [ -0.72289, 37.6421595 ], [ -0.7228996, 37.6421706 ], [ -0.7229056, 37.6421811 ], [ -0.7229228, 37.642186 ], [ -0.7229406, 37.642184 ], [ -0.7229553, 37.6421768 ], [ -0.7229757, 37.6421634 ], [ -0.7229851, 37.6421538 ], [ -0.722994, 37.6421426 ], [ -0.7230029, 37.6421321 ], [ -0.7230206, 37.6421117 ], [ -0.7230342, 37.6420964 ], [ -0.7230584, 37.6420724 ], [ -0.7230788, 37.6420554 ], [ -0.7231196, 37.6420163 ], [ -0.723137, 37.6420045 ], [ -0.7231678, 37.6419767 ], [ -0.7231843, 37.6419621 ], [ -0.7232107, 37.6419424 ], [ -0.7232472, 37.6419179 ], [ -0.7232951, 37.6418847 ], [ -0.7233531, 37.6418445 ], [ -0.7234239, 37.6417832 ], [ -0.7234902, 37.6417305 ], [ -0.723539, 37.6416904 ], [ -0.7235777, 37.6416579 ], [ -0.723612, 37.6416297 ], [ -0.7236605, 37.6415873 ], [ -0.723684, 37.6415679 ], [ -0.7236925, 37.6415586 ], [ -0.7237005, 37.6415496 ], [ -0.723712, 37.641529 ], [ -0.7237199, 37.6415127 ], [ -0.7237257, 37.6414996 ], [ -0.7237326, 37.6414894 ], [ -0.7237485, 37.6414843 ], [ -0.7237605, 37.6414843 ], [ -0.7237749, 37.6414847 ], [ -0.7237854, 37.6414838 ], [ -0.7241986, 37.6411535 ], [ -0.7241953, 37.641059 ], [ -0.7241699, 37.6410588 ], [ -0.7241689, 37.6410438 ], [ -0.7241725, 37.6410316 ], [ -0.7241879, 37.641011 ], [ -0.7242128, 37.640988 ], [ -0.7242427, 37.6409675 ], [ -0.7242778, 37.6409462 ], [ -0.7243062, 37.6409343 ], [ -0.7243639, 37.6409116 ], [ -0.7244108, 37.6408852 ], [ -0.7244485, 37.6408626 ], [ -0.724473, 37.6408443 ], [ -0.7245065, 37.6408216 ], [ -0.724524, 37.6408084 ], [ -0.7245814, 37.6407484 ], [ -0.7246067, 37.6407181 ], [ -0.724624, 37.6406953 ], [ -0.7246413, 37.6406753 ], [ -0.7246536, 37.6406601 ], [ -0.7246616, 37.6406512 ], [ -0.7246685, 37.6406423 ], [ -0.7246734, 37.6406351 ], [ -0.7246801, 37.640617 ], [ -0.7246858, 37.6405993 ], [ -0.7246884, 37.6405829 ], [ -0.7246835, 37.6405671 ], [ -0.7246696, 37.640546 ], [ -0.7246614, 37.6405282 ], [ -0.72466, 37.6405104 ], [ -0.724664, 37.6404692 ], [ -0.7246744, 37.6404366 ], [ -0.724679, 37.6404156 ], [ -0.7246864, 37.6403958 ], [ -0.7246902, 37.6403793 ], [ -0.7246913, 37.6403592 ], [ -0.7246814, 37.6403396 ], [ -0.7246677, 37.6402863 ], [ -0.7246559, 37.6402474 ], [ -0.724644, 37.6402108 ], [ -0.7246379, 37.6401753 ], [ -0.7246261, 37.6401176 ], [ -0.7246168, 37.6400765 ], [ -0.7246162, 37.6400452 ], [ -0.7246167, 37.6400135 ], [ -0.7246143, 37.6399837 ], [ -0.7246096, 37.6399643 ], [ -0.7245906, 37.6399319 ], [ -0.7245779, 37.6399128 ], [ -0.7245612, 37.6399012 ], [ -0.7245505, 37.6398861 ], [ -0.7245418, 37.6398748 ], [ -0.7245349, 37.6398654 ], [ -0.7245231, 37.6398488 ], [ -0.7244998, 37.6398142 ], [ -0.7244913, 37.6397942 ], [ -0.7244842, 37.6397691 ], [ -0.7244791, 37.6397492 ], [ -0.7244718, 37.6397365 ], [ -0.724465, 37.6397252 ], [ -0.724464, 37.6397138 ], [ -0.7244641, 37.6396922 ], [ -0.7244638, 37.6396702 ], [ -0.7244616, 37.6396591 ], [ -0.7244492, 37.6396169 ], [ -0.7244356, 37.6395938 ], [ -0.7244267, 37.6395697 ], [ -0.7244187, 37.6395216 ], [ -0.7244126, 37.6394911 ], [ -0.7244102, 37.6394727 ], [ -0.7244078, 37.6394556 ], [ -0.7244056, 37.6394436 ], [ -0.724406, 37.6394271 ], [ -0.7244107, 37.6394089 ], [ -0.7244174, 37.6393936 ], [ -0.724425, 37.6393815 ], [ -0.7244345, 37.6393689 ], [ -0.7244449, 37.6393583 ], [ -0.7244511, 37.6393513 ], [ -0.7244602, 37.6393356 ], [ -0.7242326, 37.6392957 ], [ -0.7241985, 37.63927 ], [ -0.7241466, 37.6392314 ], [ -0.7241286, 37.6392151 ], [ -0.7240975, 37.6391781 ], [ -0.7240542, 37.6391205 ], [ -0.7240392, 37.6390938 ], [ -0.7240267, 37.6390717 ], [ -0.724013, 37.6390409 ], [ -0.7239976, 37.6390018 ], [ -0.7239904, 37.6389689 ], [ -0.7239875, 37.6389325 ], [ -0.7239821, 37.6388979 ], [ -0.7239778, 37.6388643 ], [ -0.7239775, 37.6388317 ], [ -0.7239807, 37.6387896 ], [ -0.7239862, 37.6387467 ], [ -0.7239933, 37.6387157 ], [ -0.7240029, 37.6386707 ], [ -0.7240126, 37.6386353 ], [ -0.7240251, 37.6386018 ], [ -0.7240399, 37.6385656 ], [ -0.7240567, 37.6385264 ], [ -0.7240733, 37.6384925 ], [ -0.7240867, 37.6384605 ], [ -0.7241116, 37.6384032 ], [ -0.7241307, 37.638364 ], [ -0.7241501, 37.6383322 ], [ -0.7241784, 37.6382837 ], [ -0.7241892, 37.6382571 ], [ -0.724201, 37.6382327 ], [ -0.7242049, 37.6382186 ], [ -0.7242093, 37.6381936 ], [ -0.7242132, 37.6381666 ], [ -0.7242166, 37.6381484 ], [ -0.7242265, 37.6381291 ], [ -0.7242394, 37.6381167 ], [ -0.7242748, 37.6380744 ], [ -0.7242903, 37.6380466 ], [ -0.7243027, 37.6380246 ], [ -0.7243171, 37.6380045 ], [ -0.7243372, 37.6379873 ], [ -0.7243567, 37.6379698 ], [ -0.7243679, 37.6379559 ], [ -0.7243949, 37.6379199 ], [ -0.724421, 37.63788 ], [ -0.7244483, 37.6378393 ], [ -0.7244686, 37.6378088 ], [ -0.724504, 37.6377583 ], [ -0.7245426, 37.637713 ], [ -0.7245748, 37.6376757 ], [ -0.7246029, 37.6376395 ], [ -0.7246348, 37.6376077 ], [ -0.7246775, 37.6375607 ], [ -0.7247126, 37.6375162 ], [ -0.7247424, 37.6374807 ], [ -0.7247711, 37.637445 ], [ -0.72489, 37.6373197 ], [ -0.7249504, 37.6372569 ], [ -0.7233842, 37.637186 ], [ -0.7232762, 37.6371811 ], [ -0.7227329, 37.6381917 ], [ -0.7224374, 37.6386472 ], [ -0.7221154, 37.6390486 ], [ -0.7219842, 37.6391043 ], [ -0.721827, 37.6390878 ], [ -0.7212432, 37.6388392 ], [ -0.7201598, 37.6379667 ], [ -0.7199906, 37.6378623 ], [ -0.7196464, 37.6378333 ], [ -0.7186465, 37.6385735 ], [ -0.7183197, 37.6387867 ], [ -0.718306, 37.6388742 ], [ -0.7180604, 37.6391417 ], [ -0.7170824, 37.6397984 ], [ -0.7162413, 37.6395433 ], [ -0.7150719, 37.6392589 ], [ -0.7142246, 37.6386409 ], [ -0.7111631, 37.6390407 ], [ -0.7109469, 37.6391237 ], [ -0.7117389, 37.6396627 ], [ -0.7094618, 37.6410517 ] ] ] } },
{ "type": "Feature", "properties": { "CCAA": "14 - Región de Murcia", "PROVINCIA": "30 - Murcia", "MUNICIPIO": "30016 - Cartagena", "COD_MUNICIPIO": "30016", "DISTRITO": "06", "SECCION": "3001606011", "V1_H": 79.36, "V1_M": 85.46, "V2_H": 79.32780616, "V2_M": 85.51002556, "V3_H": 79.53169609, "V3_M": 85.5666933 }, "geometry": { "type": "Polygon", "coordinates": [ [ [ -0.7788566, 37.6290039 ], [ -0.7805202, 37.6292735 ], [ -0.7809927, 37.6292949 ], [ -0.7812786, 37.6292251 ], [ -0.7815499, 37.6291173 ], [ -0.7817922, 37.6289212 ], [ -0.7819562, 37.6287111 ], [ -0.7821962, 37.6280634 ], [ -0.7825086, 37.6271036 ], [ -0.7830789, 37.6254213 ], [ -0.7832782, 37.6245776 ], [ -0.7819147, 37.6241064 ], [ -0.7816755, 37.6231183 ], [ -0.7815654, 37.6233742 ], [ -0.7811986, 37.6232138 ], [ -0.7802439, 37.6228807 ], [ -0.7798248, 37.6227838 ], [ -0.779386, 37.6227686 ], [ -0.778645, 37.6227821 ], [ -0.7783603, 37.6227973 ], [ -0.777492, 37.6227466 ], [ -0.776794, 37.6227609 ], [ -0.7763714, 37.6227524 ], [ -0.7753412, 37.622733 ], [ -0.7732105, 37.6227067 ], [ -0.7722586, 37.6226022 ], [ -0.7724619, 37.6277043 ], [ -0.773669, 37.6279403 ], [ -0.7756417, 37.6284165 ], [ -0.7762203, 37.6285779 ], [ -0.7766271, 37.6286859 ], [ -0.776955, 37.6287924 ], [ -0.7772721, 37.6287357 ], [ -0.7778053, 37.6288336 ], [ -0.7788566, 37.6290039 ] ] ] } },
{ "type": "Feature", "properties": { "CCAA": "14 - Región de Murcia", "PROVINCIA": "30 - Murcia", "MUNICIPIO": "30016 - Cartagena", "COD_MUNICIPIO": "30016", "DISTRITO": "08", "SECCION": "3001608004", "V1_H": 79.9, "V1_M": 85.71, "V2_H": 79.8721496, "V2_M": 85.86187756, "V3_H": 80.05417582, "V3_M": 85.81846709 }, "geometry": { "type": "Polygon", "coordinates": [ [ [ -0.9953025, 37.6202117 ], [ -0.9954753, 37.6206548 ], [ -0.9955223, 37.6207758 ], [ -0.9956347, 37.6210586 ], [ -0.9956666, 37.621145 ], [ -0.9957973, 37.6214998 ], [ -0.9958021, 37.6215125 ], [ -0.9959093, 37.6218034 ], [ -0.9966925, 37.6216157 ], [ -0.9967441, 37.6216061 ], [ -0.9968344, 37.6215891 ], [ -0.9968893, 37.6215792 ], [ -0.9969251, 37.621578 ], [ -0.9970134, 37.6215758 ], [ -0.9971697, 37.6215768 ], [ -0.9978803, 37.6215595 ], [ -0.997832, 37.6211439 ], [ -0.9978301, 37.6210077 ], [ -0.9978297, 37.6209762 ], [ -0.997849, 37.6208176 ], [ -0.9978447, 37.6207079 ], [ -0.9978253, 37.6206512 ], [ -0.9978136, 37.6206173 ], [ -0.9977906, 37.6205819 ], [ -0.9977608, 37.6205363 ], [ -0.9976452, 37.6203593 ], [ -0.9974873, 37.6200875 ], [ -0.9974207, 37.6199731 ], [ -0.9972556, 37.619778 ], [ -0.9972158, 37.6197362 ], [ -0.9971464, 37.6196636 ], [ -0.9969532, 37.6195104 ], [ -0.996947, 37.6195048 ], [ -0.9967121, 37.6192991 ], [ -0.9962814, 37.6189217 ], [ -0.9961913, 37.6188319 ], [ -0.9961621, 37.6187801 ], [ -0.9961561, 37.6187697 ], [ -0.9961242, 37.6186867 ], [ -0.9960943, 37.618577 ], [ -0.9960871, 37.618551 ], [ -0.9960501, 37.6183107 ], [ -0.9960204, 37.6181177 ], [ -0.995991, 37.617951 ], [ -0.9959771, 37.6178725 ], [ -0.9958628, 37.6178687 ], [ -0.9958259, 37.6178801 ], [ -0.9957845, 37.6179062 ], [ -0.9957626, 37.6179685 ], [ -0.9957369, 37.6181323 ], [ -0.9954056, 37.6181961 ], [ -0.995441, 37.618326 ], [ -0.9946525, 37.6185199 ], [ -0.9947541, 37.6187882 ], [ -0.9948867, 37.6191326 ], [ -0.9949005, 37.6191685 ], [ -0.9950024, 37.6194335 ], [ -0.9951452, 37.6198052 ], [ -0.995217, 37.6199923 ], [ -0.9953025, 37.6202117 ] ] ] } },
{ "type": "Feature", "properties": { "CCAA": "14 - Región de Murcia", "PROVINCIA": "30 - Murcia", "MUNICIPIO": "30016 - Cartagena", "COD_MUNICIPIO": "30016", "DISTRITO": "08", "SECCION": "3001608006", "V1_H": 81.04, "V1_M": 86.55, "V2_H": 80.90626992, "V2_M": 86.32523903000001, "V3_H": 81.22678782, "V3_M": 86.81274177 }, "geometry": { "type": "Polygon", "coordinates": [ [ [ -0.9894041, 37.6164106 ], [ -0.9894073, 37.6164297 ], [ -0.9894594, 37.6166743 ], [ -0.989489, 37.6167576 ], [ -0.989521, 37.6168483 ], [ -0.989619, 37.617134 ], [ -0.9896449, 37.617261 ], [ -0.9896833, 37.6174534 ], [ -0.9896864, 37.6174692 ], [ -0.9900312, 37.6173976 ], [ -0.9903274, 37.6173349 ], [ -0.9912139, 37.6171434 ], [ -0.9912649, 37.617133 ], [ -0.9915411, 37.6170764 ], [ -0.9915928, 37.6170659 ], [ -0.9916362, 37.617057 ], [ -0.9917525, 37.6170334 ], [ -0.9917768, 37.617028 ], [ -0.9922526, 37.6169235 ], [ -0.9922854, 37.6169164 ], [ -0.9927984, 37.6168069 ], [ -0.9927635, 37.6167037 ], [ -0.9925113, 37.6159355 ], [ -0.9924832, 37.6158531 ], [ -0.9924165, 37.6156584 ], [ -0.9922006, 37.6150462 ], [ -0.9921971, 37.6150357 ], [ -0.9921851, 37.6150002 ], [ -0.9921539, 37.6149084 ], [ -0.9920383, 37.6149299 ], [ -0.9918044, 37.6149733 ], [ -0.991792, 37.6149756 ], [ -0.991752, 37.6149829 ], [ -0.9916879, 37.6149951 ], [ -0.9916648, 37.6149995 ], [ -0.9916635, 37.6149997 ], [ -0.9915576, 37.6150188 ], [ -0.9913409, 37.615058 ], [ -0.9911989, 37.6150836 ], [ -0.991077, 37.6151057 ], [ -0.9910287, 37.6151145 ], [ -0.9909117, 37.6151356 ], [ -0.9904695, 37.6152182 ], [ -0.9898724, 37.6153262 ], [ -0.9894532, 37.6154019 ], [ -0.9894408, 37.6154042 ], [ -0.9892395, 37.6154406 ], [ -0.9892707, 37.6155828 ], [ -0.9894041, 37.6164106 ] ] ] } },
{ "type": "Feature", "properties": { "CCAA": "14 - Región de Murcia", "PROVINCIA": "30 - Murcia", "MUNICIPIO": "30016 - Cartagena", "COD_MUNICIPIO": "30016", "DISTRITO": "08", "SECCION": "3001608013", "V1_H": 79.36, "V1_M": 85.46, "V2_H": 79.32780616, "V2_M": 85.51002556, "V3_H": 79.53169609, "V3_M": 85.5666933 }, "geometry": { "type": "Polygon", "coordinates": [ [ [ -0.978481, 37.6242253 ], [ -0.9782715, 37.624999 ], [ -0.9779897, 37.6259791 ], [ -0.9780062, 37.6259777 ], [ -0.9811863, 37.6257157 ], [ -0.9833938, 37.6255338 ], [ -0.9833979, 37.6255334 ], [ -0.9841857, 37.6254641 ], [ -0.9843552, 37.625451 ], [ -0.9843268, 37.6251823 ], [ -0.9843329, 37.6251488 ], [ -0.9844069, 37.6251448 ], [ -0.9848245, 37.6251077 ], [ -0.9848178, 37.6250227 ], [ -0.9850483, 37.625003 ], [ -0.9852464, 37.6249861 ], [ -0.9851894, 37.6245489 ], [ -0.9851474, 37.6242284 ], [ -0.985133, 37.6240796 ], [ -0.9851225, 37.6239495 ], [ -0.984685, 37.6239844 ], [ -0.9842247, 37.6240213 ], [ -0.9841996, 37.6240237 ], [ -0.9837044, 37.624073 ], [ -0.9836834, 37.6240743 ], [ -0.9832022, 37.6241072 ], [ -0.9831788, 37.6241089 ], [ -0.9828443, 37.6241416 ], [ -0.9827762, 37.6241409 ], [ -0.9827362, 37.6241406 ], [ -0.9826645, 37.6241399 ], [ -0.9825396, 37.6241541 ], [ -0.9804557, 37.6241882 ], [ -0.9794958, 37.6242099 ], [ -0.9789807, 37.6241916 ], [ -0.9785155, 37.6240977 ], [ -0.978481, 37.6242253 ] ] ] } },
{ "type": "Feature", "properties": { "CCAA": "14 - Región de Murcia", "PROVINCIA": "30 - Murcia", "MUNICIPIO": "30016 - Cartagena", "COD_MUNICIPIO": "30016", "DISTRITO": "08", "SECCION": "3001608015", "V1_H": 79.89, "V1_M": 85.97, "V2_H": 79.67266264, "V2_M": 85.8368825, "V3_H": 80.33686579, "V3_M": 86.2809331 }, "geometry": { "type": "Polygon", "coordinates": [ [ [ -1.0048602, 37.6249736 ], [ -1.0052191, 37.6250261 ], [ -1.0053812, 37.6250323 ], [ -1.0055691, 37.6250207 ], [ -1.0056906, 37.624996 ], [ -1.0058558, 37.624956 ], [ -1.0060074, 37.6249063 ], [ -1.0061166, 37.6248571 ], [ -1.0062366, 37.6247772 ], [ -1.0063659, 37.6246811 ], [ -1.0068796, 37.6242469 ], [ -1.0072417, 37.6239251 ], [ -1.0073677, 37.6238078 ], [ -1.0075381, 37.6236795 ], [ -1.0079183, 37.6234177 ], [ -1.0080234, 37.6233496 ], [ -1.0081751, 37.6232587 ], [ -1.0081889, 37.6232504 ], [ -1.0082937, 37.6231938 ], [ -1.0085795, 37.6230442 ], [ -1.0093686, 37.6226408 ], [ -1.0094361, 37.6226052 ], [ -1.0094652, 37.62259 ], [ -1.0094705, 37.6225888 ], [ -1.0095731, 37.6225656 ], [ -1.0097646, 37.6225308 ], [ -1.0098489, 37.6225071 ], [ -1.0099366, 37.6224826 ], [ -1.0101294, 37.6224429 ], [ -1.0101502, 37.6224374 ], [ -1.0102516, 37.6224107 ], [ -1.0103448, 37.6223774 ], [ -1.0104511, 37.6223398 ], [ -1.0106062, 37.6222813 ], [ -1.0095633, 37.6209333 ], [ -1.007957, 37.6213169 ], [ -1.0077381, 37.6214277 ], [ -1.0077071, 37.6214434 ], [ -1.0049698, 37.6221212 ], [ -1.0050788, 37.6224005 ], [ -1.0051698, 37.6226421 ], [ -1.0051924, 37.622723 ], [ -1.0052322, 37.6228656 ], [ -1.0052165, 37.6230878 ], [ -1.0048602, 37.6249736 ] ] ] } },
{ "type": "Feature", "properties": { "CCAA": "14 - Región de Murcia", "PROVINCIA": "30 - Murcia", "MUNICIPIO": "30016 - Cartagena", "COD_MUNICIPIO": "30016", "DISTRITO": "08", "SECCION": "3001608038", "V1_H": 80.78, "V1_M": 86.63, "V2_H": 80.78050334, "V2_M": 86.59104663, "V3_H": 80.85502768000001, "V3_M": 86.88271981 }, "geometry": { "type": "Polygon", "coordinates": [ [ [ -0.9805409, 37.6183968 ], [ -0.9830817, 37.6197326 ], [ -0.9841125, 37.6175824 ], [ -0.9844459, 37.6177733 ], [ -0.9856069, 37.6184384 ], [ -0.986868, 37.6183171 ], [ -0.9869539, 37.6182789 ], [ -0.9872684, 37.61826 ], [ -0.9877445, 37.6182314 ], [ -0.988083, 37.6182185 ], [ -0.9885276, 37.6181981 ], [ -0.9886257, 37.6181945 ], [ -0.9886942, 37.618192 ], [ -0.9887639, 37.6181894 ], [ -0.9888194, 37.6181874 ], [ -0.9890498, 37.6181791 ], [ -0.9890875, 37.6181777 ], [ -0.9891363, 37.6180256 ], [ -0.9891628, 37.6179431 ], [ -0.9892676, 37.6176308 ], [ -0.9892692, 37.6176259 ], [ -0.9892763, 37.6175991 ], [ -0.9893133, 37.6174572 ], [ -0.9893501, 37.6173328 ], [ -0.9893779, 37.6172039 ], [ -0.9893953, 37.6171136 ], [ -0.9894007, 37.6170398 ], [ -0.9894013, 37.6169518 ], [ -0.9894041, 37.6164106 ], [ -0.9892707, 37.6155828 ], [ -0.9892395, 37.6154406 ], [ -0.9890951, 37.6154687 ], [ -0.9871329, 37.6159207 ], [ -0.9862827, 37.6161166 ], [ -0.9856753, 37.6162565 ], [ -0.9852843, 37.6164147 ], [ -0.9850017, 37.6165289 ], [ -0.9846849, 37.616607 ], [ -0.9845932, 37.6165079 ], [ -0.9844211, 37.6163217 ], [ -0.9840616, 37.6161069 ], [ -0.9835012, 37.6159069 ], [ -0.9834783, 37.6158962 ], [ -0.9834252, 37.6158768 ], [ -0.9833036, 37.6158145 ], [ -0.9831926, 37.6157577 ], [ -0.9827156, 37.6155136 ], [ -0.9825387, 37.6154231 ], [ -0.9823488, 37.6153258 ], [ -0.9822809, 37.6152911 ], [ -0.9820841, 37.6151905 ], [ -0.9814513, 37.6165444 ], [ -0.981448, 37.6165516 ], [ -0.9813756, 37.6167065 ], [ -0.9812354, 37.6169854 ], [ -0.9806783, 37.6170405 ], [ -0.9806922, 37.6171341 ], [ -0.9807201, 37.6172951 ], [ -0.9807267, 37.61748 ], [ -0.980729, 37.6175427 ], [ -0.980718, 37.6177315 ], [ -0.9807145, 37.6177918 ], [ -0.9806896, 37.6179456 ], [ -0.9806893, 37.6179468 ], [ -0.9806546, 37.6180858 ], [ -0.9805953, 37.6182658 ], [ -0.9805409, 37.6183968 ] ] ] } },
{ "type": "Feature", "properties": { "CCAA": "14 - Región de Murcia", "PROVINCIA": "30 - Murcia", "MUNICIPIO": "30016 - Cartagena", "COD_MUNICIPIO": "30016", "DISTRITO": "08", "SECCION": "3001608040", "V1_H": 80.39, "V1_M": 86.24, "V2_H": 80.20629068, "V2_M": 86.34105578, "V3_H": 80.66489809, "V3_M": 86.38520791000001 }, "geometry": { "type": "Polygon", "coordinates": [ [ [ -1.0046545, 37.6213134 ], [ -1.0047478, 37.6215524 ], [ -1.0047591, 37.6215814 ], [ -1.0049698, 37.6221212 ], [ -1.0077071, 37.6214434 ], [ -1.0077381, 37.6214277 ], [ -1.0073578, 37.6204122 ], [ -1.0070429, 37.6204868 ], [ -1.0067713, 37.6198221 ], [ -1.0067847, 37.6197344 ], [ -1.0066971, 37.6194956 ], [ -1.0066143, 37.6194942 ], [ -1.0041861, 37.6201038 ], [ -1.0044031, 37.6206697 ], [ -1.0045164, 37.6209596 ], [ -1.0045309, 37.6209968 ], [ -1.0046545, 37.6213134 ] ] ] } },
{ "type": "Feature", "properties": { "CCAA": "14 - Región de Murcia", "PROVINCIA": "30 - Murcia", "MUNICIPIO": "30016 - Cartagena", "COD_MUNICIPIO": "30016", "DISTRITO": "08", "SECCION": "3001608028", "V1_H": 80.78, "V1_M": 86.63, "V2_H": 80.78050334, "V2_M": 86.59104663, "V3_H": 80.85502768000001, "V3_M": 86.88271981 }, "geometry": { "type": "Polygon", "coordinates": [ [ [ -0.9896864, 37.6174692 ], [ -0.9896978, 37.617524 ], [ -0.9897056, 37.6175614 ], [ -0.9897205, 37.6176336 ], [ -0.9897692, 37.6178855 ], [ -0.9897872, 37.6179794 ], [ -0.9897939, 37.6180113 ], [ -0.9898921, 37.6184766 ], [ -0.9900136, 37.6190525 ], [ -0.9900801, 37.6193678 ], [ -0.9923465, 37.6189614 ], [ -0.9923774, 37.6189559 ], [ -0.9920951, 37.6179909 ], [ -0.9920077, 37.6180475 ], [ -0.9915409, 37.6181455 ], [ -0.9912649, 37.617133 ], [ -0.9912139, 37.6171434 ], [ -0.9903274, 37.6173349 ], [ -0.9900312, 37.6173976 ], [ -0.9896864, 37.6174692 ] ] ] } },
{ "type": "Feature", "properties": { "CCAA": "14 - Región de Murcia", "PROVINCIA": "30 - Murcia", "MUNICIPIO": "30016 - Cartagena", "COD_MUNICIPIO": "30016", "DISTRITO": "09", "SECCION": "3001609001", "V1_H": 80.31, "V1_M": 85.98, "V2_H": 80.51251293, "V2_M": 86.22129475, "V3_H": 80.221823, "V3_M": 85.87405604 }, "geometry": { "type": "Polygon", "coordinates": [ [ [ -1.1186308, 37.6887617 ], [ -1.1202329, 37.68793 ], [ -1.1223217, 37.6881422 ], [ -1.1232913, 37.6880861 ], [ -1.1238085, 37.6879835 ], [ -1.1246266, 37.687821 ], [ -1.1291192, 37.6864609 ], [ -1.1321177, 37.6863116 ], [ -1.1353171, 37.6870433 ], [ -1.1365731, 37.6873305 ], [ -1.1380524, 37.6878394 ], [ -1.1404976, 37.688611 ], [ -1.1420576, 37.6893744 ], [ -1.1427896, 37.6899069 ], [ -1.1427899, 37.6899071 ], [ -1.14279, 37.6899071 ], [ -1.1429788, 37.6897347 ], [ -1.1468714, 37.6861823 ], [ -1.1483083, 37.684871 ], [ -1.1483083, 37.684871 ], [ -1.1487033, 37.6845105 ], [ -1.1532644, 37.6803477 ], [ -1.1588356, 37.6744595 ], [ -1.1647736, 37.6681822 ], [ -1.1661526, 37.6667242 ], [ -1.1686614, 37.6642849 ], [ -1.171296, 37.6613337 ], [ -1.1716308, 37.6610865 ], [ -1.1716519, 37.6610801 ], [ -1.17291, 37.6607008 ], [ -1.1760679, 37.6595213 ], [ -1.1765527, 37.6593402 ], [ -1.1766169, 37.6593162 ], [ -1.176617, 37.6593156 ], [ -1.1768513, 37.6585358 ], [ -1.1769856, 37.6576817 ], [ -1.1770074, 37.6567899 ], [ -1.1769607, 37.6563835 ], [ -1.1767749, 37.6556517 ], [ -1.1767746, 37.6556507 ], [ -1.1767742, 37.6556473 ], [ -1.1765704, 37.6538 ], [ -1.1762851, 37.6530138 ], [ -1.1758758, 37.6518854 ], [ -1.1757624, 37.6515729 ], [ -1.1749989, 37.6494679 ], [ -1.1750721, 37.6487931 ], [ -1.1750738, 37.6487908 ], [ -1.1755647, 37.6481158 ], [ -1.176155, 37.6466919 ], [ -1.1762688, 37.646207 ], [ -1.1762583, 37.6457117 ], [ -1.1762583, 37.6457112 ], [ -1.1759855, 37.6452834 ], [ -1.1746658, 37.6441097 ], [ -1.1746654, 37.6441094 ], [ -1.174668, 37.6441058 ], [ -1.1752053, 37.6433517 ], [ -1.1755491, 37.6427352 ], [ -1.1755611, 37.6427083 ], [ -1.1758371, 37.6420818 ], [ -1.1782493, 37.6407672 ], [ -1.1787228, 37.640405 ], [ -1.1789993, 37.6401147 ], [ -1.1790019, 37.6401119 ], [ -1.179741, 37.6389675 ], [ -1.1798821, 37.6387495 ], [ -1.1801091, 37.6383987 ], [ -1.1801449, 37.6383788 ], [ -1.1811661, 37.6378112 ], [ -1.1822599, 37.637107 ], [ -1.1827618, 37.6369706 ], [ -1.182769, 37.6369692 ], [ -1.1844126, 37.6366625 ], [ -1.1852468, 37.636378 ], [ -1.1856516, 37.6359802 ], [ -1.1856532, 37.6359787 ], [ -1.1859377, 37.6354604 ], [ -1.1864963, 37.6339278 ], [ -1.1867992, 37.63359 ], [ -1.1871554, 37.6333882 ], [ -1.1875823, 37.6332823 ], [ -1.1875999, 37.6332779 ], [ -1.1876, 37.6332779 ], [ -1.1882191, 37.6334496 ], [ -1.1882237, 37.633449 ], [ -1.1886285, 37.6333928 ], [ -1.1890284, 37.6332548 ], [ -1.1893093, 37.6330489 ], [ -1.1895823, 37.6328487 ], [ -1.1899571, 37.6328095 ], [ -1.1899608, 37.632811 ], [ -1.1905158, 37.6330478 ], [ -1.1911013, 37.6332956 ], [ -1.1922484, 37.6336557 ], [ -1.1926213, 37.6336975 ], [ -1.1930182, 37.6336855 ], [ -1.1930233, 37.6336837 ], [ -1.1952351, 37.6329264 ], [ -1.1958161, 37.6328001 ], [ -1.197341, 37.6327247 ], [ -1.1973478, 37.6327243 ], [ -1.1973599, 37.6327253 ], [ -1.1979246, 37.6327693 ], [ -1.1986996, 37.6329438 ], [ -1.1988263, 37.6329723 ], [ -1.1996698, 37.6332375 ], [ -1.2000343, 37.633162 ], [ -1.2000396, 37.6331582 ], [ -1.2013483, 37.6322447 ], [ -1.2019627, 37.6319766 ], [ -1.2019667, 37.6319748 ], [ -1.2019775, 37.6319725 ], [ -1.2037439, 37.6315873 ], [ -1.2040356, 37.6316455 ], [ -1.2040371, 37.6316458 ], [ -1.205061, 37.6324185 ], [ -1.2063009, 37.6331673 ], [ -1.2082366, 37.6341932 ], [ -1.2088568, 37.6345219 ], [ -1.2088745, 37.6345313 ], [ -1.2132273, 37.6311726 ], [ -1.2142876, 37.6307309 ], [ -1.2142918, 37.6307291 ], [ -1.2157735, 37.630373 ], [ -1.21341, 37.6272897 ], [ -1.2086096, 37.6210267 ], [ -1.2086104, 37.621025 ], [ -1.2091457, 37.6199354 ], [ -1.2091534, 37.6196111 ], [ -1.209092, 37.6192634 ], [ -1.2090736, 37.6191592 ], [ -1.209093, 37.6188261 ], [ -1.2092674, 37.618622 ], [ -1.2092679, 37.6186215 ], [ -1.2103035, 37.6184299 ], [ -1.2108931, 37.6184118 ], [ -1.2113154, 37.618283 ], [ -1.2116243, 37.6180905 ], [ -1.2116259, 37.6180895 ], [ -1.2116259, 37.6180895 ], [ -1.2116004, 37.6177376 ], [ -1.2111838, 37.6171545 ], [ -1.2106301, 37.6166013 ], [ -1.2100663, 37.616038 ], [ -1.2098597, 37.6156744 ], [ -1.2096465, 37.6151312 ], [ -1.2096464, 37.6151309 ], [ -1.2096462, 37.6151304 ], [ -1.2097232, 37.614753 ], [ -1.2097484, 37.6147066 ], [ -1.2101974, 37.613877 ], [ -1.2102949, 37.6135901 ], [ -1.2100868, 37.6132987 ], [ -1.2100867, 37.6132985 ], [ -1.2090903, 37.6123281 ], [ -1.2089424, 37.6118843 ], [ -1.2091673, 37.6114821 ], [ -1.2095618, 37.6110916 ], [ -1.2107211, 37.6102709 ], [ -1.2118552, 37.6094681 ], [ -1.2122971, 37.6089881 ], [ -1.2126226, 37.6085458 ], [ -1.2126249, 37.6085427 ], [ -1.212625, 37.6085425 ], [ -1.2127841, 37.6080492 ], [ -1.2128099, 37.6074458 ], [ -1.2123756, 37.6061865 ], [ -1.2123754, 37.6061863 ], [ -1.2111597, 37.6049243 ], [ -1.2095757, 37.6034313 ], [ -1.2094091, 37.6032034 ], [ -1.209093, 37.6027751 ], [ -1.2090018, 37.602323 ], [ -1.2090428, 37.6020445 ], [ -1.209056, 37.6019544 ], [ -1.2092674, 37.6016422 ], [ -1.2093113, 37.6016135 ], [ -1.2096125, 37.6014221 ], [ -1.2102289, 37.6012242 ], [ -1.2112449, 37.6012754 ], [ -1.2115067, 37.6012886 ], [ -1.2120392, 37.6013147 ], [ -1.2132754, 37.6012771 ], [ -1.2138075, 37.6012604 ], [ -1.2142203, 37.601006 ], [ -1.2142214, 37.6010053 ], [ -1.2142222, 37.6010043 ], [ -1.2144516, 37.6007361 ], [ -1.214839, 37.6002846 ], [ -1.2155701, 37.599079 ], [ -1.2159204, 37.5981651 ], [ -1.2161671, 37.5973216 ], [ -1.2162347, 37.596863 ], [ -1.2161694, 37.5962762 ], [ -1.2159222, 37.5952451 ], [ -1.2157452, 37.5947777 ], [ -1.2155067, 37.5941483 ], [ -1.2154893, 37.5938416 ], [ -1.2154346, 37.5929054 ], [ -1.2154345, 37.5929045 ], [ -1.2154345, 37.5929035 ], [ -1.2158084, 37.5924224 ], [ -1.2159795, 37.5923146 ], [ -1.2165788, 37.5919384 ], [ -1.2166195, 37.5919226 ], [ -1.2206143, 37.5903681 ], [ -1.221132, 37.5901105 ], [ -1.2211416, 37.5901057 ], [ -1.221147, 37.5901021 ], [ -1.2226607, 37.5890922 ], [ -1.2233184, 37.5885793 ], [ -1.2234048, 37.5882833 ], [ -1.2234045, 37.5882822 ], [ -1.2234043, 37.5882813 ], [ -1.2229211, 37.5871464 ], [ -1.2227055, 37.5867316 ], [ -1.2220817, 37.585821 ], [ -1.2215689, 37.5845245 ], [ -1.2214638, 37.5837228 ], [ -1.2214631, 37.5837213 ], [ -1.2219765, 37.5816647 ], [ -1.2229017, 37.5800553 ], [ -1.2238492, 37.5784069 ], [ -1.2239459, 37.5782234 ], [ -1.2239736, 37.5781709 ], [ -1.224053, 37.5780523 ], [ -1.2247596, 37.5768231 ], [ -1.2248137, 37.5766514 ], [ -1.2248335, 37.5766224 ], [ -1.2250835, 37.5762589 ], [ -1.2250188, 37.5756451 ], [ -1.2251261, 37.5749437 ], [ -1.2253134, 37.5742075 ], [ -1.2255513, 37.5737245 ], [ -1.2259326, 37.5733704 ], [ -1.2256421, 37.5732397 ], [ -1.2243167, 37.5737323 ], [ -1.2240615, 37.5744579 ], [ -1.2193927, 37.5755592 ], [ -1.2170594, 37.5756141 ], [ -1.2081812, 37.572804 ], [ -1.2050111, 37.5737106 ], [ -1.2000851, 37.5732497 ], [ -1.1959974, 37.5709341 ], [ -1.1908272, 37.5688807 ], [ -1.1894001, 37.5698417 ], [ -1.1887664, 37.5693448 ], [ -1.1888018, 37.5682338 ], [ -1.1885747, 37.5692132 ], [ -1.1882884, 37.5701948 ], [ -1.1876836, 37.5712759 ], [ -1.186937, 37.5722981 ], [ -1.1859457, 37.5733405 ], [ -1.1849975, 37.5748872 ], [ -1.1848562, 37.576317 ], [ -1.1837805, 37.5767973 ], [ -1.1822303, 37.5773066 ], [ -1.1805186, 37.5779401 ], [ -1.1791497, 37.5786347 ], [ -1.1778433, 37.5791467 ], [ -1.1764851, 37.5799674 ], [ -1.1752096, 37.5809034 ], [ -1.1747448, 37.5815966 ], [ -1.1743037, 37.5824619 ], [ -1.1742543, 37.5831827 ], [ -1.1740953, 37.584223 ], [ -1.1738101, 37.5851587 ], [ -1.1734246, 37.5855895 ], [ -1.1729626, 37.5861797 ], [ -1.1723558, 37.5873179 ], [ -1.1720958, 37.587876 ], [ -1.1716047, 37.5889812 ], [ -1.1715151, 37.5901023 ], [ -1.1709367, 37.5907485 ], [ -1.1697819, 37.5919721 ], [ -1.1693838, 37.5928379 ], [ -1.1691273, 37.59327 ], [ -1.1682558, 37.5946228 ], [ -1.1672073, 37.5956415 ], [ -1.166592, 37.5960696 ], [ -1.1657452, 37.5965639 ], [ -1.1647873, 37.5974232 ], [ -1.1638427, 37.5983171 ], [ -1.1632238, 37.5988711 ], [ -1.1622141, 37.5995352 ], [ -1.1611215, 37.6000838 ], [ -1.1590713, 37.6014803 ], [ -1.158361, 37.6027088 ], [ -1.1576627, 37.6035253 ], [ -1.156534, 37.6043254 ], [ -1.1557221, 37.6050948 ], [ -1.1551171, 37.6056604 ], [ -1.1546349, 37.6064449 ], [ -1.1543286, 37.6071055 ], [ -1.1539118, 37.6076161 ], [ -1.1538669, 37.6081766 ], [ -1.1535742, 37.6088603 ], [ -1.1537733, 37.6094237 ], [ -1.1533534, 37.6100372 ], [ -1.1533678, 37.6100373 ], [ -1.1531343, 37.6106644 ], [ -1.1525572, 37.6112533 ], [ -1.1528691, 37.6118866 ], [ -1.1530845, 37.6123815 ], [ -1.1532755, 37.6127272 ], [ -1.1534645, 37.6131416 ], [ -1.1528787, 37.6135356 ], [ -1.1525216, 37.6139667 ], [ -1.1520857, 37.6146372 ], [ -1.1518648, 37.6153218 ], [ -1.1516413, 37.6160978 ], [ -1.1519425, 37.6166051 ], [ -1.1522246, 37.6172725 ], [ -1.1523245, 37.6177889 ], [ -1.1531365, 37.6185081 ], [ -1.153641, 37.6189376 ], [ -1.1538912, 37.6197191 ], [ -1.1539998, 37.6204303 ], [ -1.1535466, 37.6212037 ], [ -1.1531825, 37.6218751 ], [ -1.1517193, 37.6223164 ], [ -1.1505311, 37.6226806 ], [ -1.1497216, 37.6228659 ], [ -1.148916, 37.6229139 ], [ -1.1467246, 37.6227169 ], [ -1.1451504, 37.622527 ], [ -1.1437789, 37.6217898 ], [ -1.1426265, 37.6209291 ], [ -1.1419117, 37.6208178 ], [ -1.140596, 37.6211232 ], [ -1.1391538, 37.6213355 ], [ -1.1379987, 37.6215511 ], [ -1.1368069, 37.6215487 ], [ -1.1350195, 37.6212875 ], [ -1.1330004, 37.6210922 ], [ -1.1319919, 37.6212064 ], [ -1.1314293, 37.6212915 ], [ -1.1323363, 37.6217028 ], [ -1.1329005, 37.6220529 ], [ -1.1337077, 37.6224402 ], [ -1.134556, 37.6228966 ], [ -1.1353027, 37.6233862 ], [ -1.1356773, 37.6238371 ], [ -1.1357467, 37.6244105 ], [ -1.1358582, 37.6250187 ], [ -1.1357166, 37.6259331 ], [ -1.1355456, 37.6263776 ], [ -1.1353392, 37.6270508 ], [ -1.1348673, 37.6279613 ], [ -1.1345798, 37.6289542 ], [ -1.1338555, 37.6301481 ], [ -1.1332898, 37.6313209 ], [ -1.1325858, 37.6323089 ], [ -1.1321119, 37.6332881 ], [ -1.1314032, 37.633944 ], [ -1.1310532, 37.6346155 ], [ -1.1305182, 37.6352276 ], [ -1.1307315, 37.6357912 ], [ -1.131273, 37.6364273 ], [ -1.1321067, 37.6373874 ], [ -1.1327817, 37.6383685 ], [ -1.1319309, 37.6384845 ], [ -1.1309224, 37.6385873 ], [ -1.1292728, 37.6390032 ], [ -1.1279534, 37.6394229 ], [ -1.1265849, 37.6395557 ], [ -1.1254138, 37.6398168 ], [ -1.1239093, 37.6401771 ], [ -1.1227448, 37.6407016 ], [ -1.12314, 37.6399619 ], [ -1.1237921, 37.6387902 ], [ -1.1240098, 37.6377393 ], [ -1.1240166, 37.637018 ], [ -1.1237292, 37.6365337 ], [ -1.1232064, 37.6362413 ], [ -1.1227066, 37.6361438 ], [ -1.1221149, 37.6362399 ], [ -1.1216443, 37.6366123 ], [ -1.1211813, 37.6372137 ], [ -1.1208466, 37.637851 ], [ -1.1204006, 37.638361 ], [ -1.1200859, 37.6388039 ], [ -1.1192457, 37.6390459 ], [ -1.1186898, 37.638902 ], [ -1.1182724, 37.6389314 ], [ -1.1180766, 37.6392383 ], [ -1.1182264, 37.6395149 ], [ -1.1183158, 37.6398938 ], [ -1.1180888, 37.6407728 ], [ -1.1177342, 37.641593 ], [ -1.1173085, 37.6423896 ], [ -1.1170513, 37.6428331 ], [ -1.1171393, 37.6432578 ], [ -1.1172293, 37.6436138 ], [ -1.1171737, 37.6440369 ], [ -1.1164244, 37.6441196 ], [ -1.1157925, 37.6441122 ], [ -1.1151029, 37.6441155 ], [ -1.1145282, 37.6441201 ], [ -1.1141722, 37.6440129 ], [ -1.1134644, 37.643661 ], [ -1.1130495, 37.6431179 ], [ -1.1125242, 37.643398 ], [ -1.1120408, 37.6437129 ], [ -1.1115328, 37.6438901 ], [ -1.1108145, 37.643893 ], [ -1.1103492, 37.6440822 ], [ -1.1097233, 37.644361 ], [ -1.1090178, 37.6449023 ], [ -1.1082955, 37.6455235 ], [ -1.1080829, 37.6459103 ], [ -1.1076321, 37.6465805 ], [ -1.1075332, 37.6474954 ], [ -1.1072468, 37.6484309 ], [ -1.1070077, 37.6492296 ], [ -1.1066979, 37.650474 ], [ -1.1064887, 37.6512273 ], [ -1.1064246, 37.6519364 ], [ -1.1062835, 37.6525746 ], [ -1.1065038, 37.6526587 ], [ -1.1079086, 37.6537289 ], [ -1.1097236, 37.6550214 ], [ -1.1106608, 37.6558798 ], [ -1.111379, 37.6563693 ], [ -1.1124191, 37.6571487 ], [ -1.1132013, 37.6579023 ], [ -1.1145203, 37.6589713 ], [ -1.1147724, 37.6591918 ], [ -1.115439, 37.659486 ], [ -1.1161404, 37.6595744 ], [ -1.1167166, 37.6595239 ], [ -1.1178645, 37.6595718 ], [ -1.1183968, 37.6600361 ], [ -1.1190998, 37.6605596 ], [ -1.1211833, 37.6629887 ], [ -1.1213306, 37.6643302 ], [ -1.1210827, 37.6644532 ], [ -1.1205688, 37.664825 ], [ -1.1203109, 37.6647991 ], [ -1.1198638, 37.6643702 ], [ -1.1194168, 37.6644222 ], [ -1.118983, 37.6640278 ], [ -1.1185864, 37.6633475 ], [ -1.1184587, 37.6628079 ], [ -1.1180857, 37.6622996 ], [ -1.117518, 37.6620639 ], [ -1.1171322, 37.6619907 ], [ -1.1164563, 37.662498 ], [ -1.1163888, 37.6633216 ], [ -1.1169571, 37.6640268 ], [ -1.1171771, 37.6643614 ], [ -1.1167248, 37.6645966 ], [ -1.1166455, 37.6648475 ], [ -1.1169845, 37.6650462 ], [ -1.1174852, 37.6651208 ], [ -1.1179719, 37.6651838 ], [ -1.1182531, 37.6653932 ], [ -1.1177887, 37.665548 ], [ -1.1171102, 37.6656545 ], [ -1.1167871, 37.6658912 ], [ -1.1165074, 37.6661169 ], [ -1.1165377, 37.6665524 ], [ -1.116893, 37.6666825 ], [ -1.1165265, 37.6669301 ], [ -1.1161958, 37.6669376 ], [ -1.1156951, 37.6668631 ], [ -1.1154347, 37.6664363 ], [ -1.115258, 37.6665831 ], [ -1.1152147, 37.6670749 ], [ -1.1148361, 37.6672422 ], [ -1.1147988, 37.6666192 ], [ -1.1142425, 37.6664222 ], [ -1.1136409, 37.6663579 ], [ -1.1124695, 37.6661265 ], [ -1.111395, 37.6660222 ], [ -1.1107606, 37.6660948 ], [ -1.1104118, 37.666228 ], [ -1.1099128, 37.6660962 ], [ -1.1097717, 37.665522 ], [ -1.1093435, 37.6654253 ], [ -1.1087979, 37.6658998 ], [ -1.1083055, 37.6665122 ], [ -1.1080614, 37.6669903 ], [ -1.1080769, 37.667437 ], [ -1.1082046, 37.6679767 ], [ -1.1082509, 37.6683551 ], [ -1.1084757, 37.6690104 ], [ -1.1089747, 37.6691423 ], [ -1.1095079, 37.6690914 ], [ -1.1099142, 37.6689588 ], [ -1.1102586, 37.6689743 ], [ -1.110682, 37.6692313 ], [ -1.1112034, 37.6695809 ], [ -1.1109066, 37.669898 ], [ -1.1101885, 37.6703705 ], [ -1.1100251, 37.6710326 ], [ -1.1107315, 37.6714418 ], [ -1.1113448, 37.6715979 ], [ -1.1119146, 37.6717649 ], [ -1.1123525, 37.672022 ], [ -1.112789, 37.6723249 ], [ -1.1132703, 37.6725711 ], [ -1.1137102, 37.6727595 ], [ -1.1138567, 37.6731505 ], [ -1.1133889, 37.6734198 ], [ -1.1128139, 37.6734244 ], [ -1.1119702, 37.6732885 ], [ -1.1111708, 37.6731073 ], [ -1.1109081, 37.6732416 ], [ -1.1106175, 37.6733526 ], [ -1.1101173, 37.6732551 ], [ -1.1098257, 37.6734005 ], [ -1.1094943, 37.6739119 ], [ -1.1091746, 37.674034 ], [ -1.1087683, 37.6741666 ], [ -1.1086047, 37.673867 ], [ -1.108618, 37.6734206 ], [ -1.1088309, 37.6730223 ], [ -1.1090443, 37.6726126 ], [ -1.108782, 37.6727355 ], [ -1.1083131, 37.6730391 ], [ -1.1080478, 37.673265 ], [ -1.1075381, 37.673007 ], [ -1.1074579, 37.672319 ], [ -1.1074264, 37.6719293 ], [ -1.1071004, 37.6717766 ], [ -1.1066065, 37.671473 ], [ -1.105947, 37.6714194 ], [ -1.1053892, 37.6713326 ], [ -1.1044866, 37.6712417 ], [ -1.104109, 37.6713746 ], [ -1.1037609, 37.6714849 ], [ -1.1032964, 37.6716398 ], [ -1.1030725, 37.6719233 ], [ -1.1031221, 37.6721873 ], [ -1.1033475, 37.6723388 ], [ -1.1036136, 37.672571 ], [ -1.1037669, 37.6727331 ], [ -1.1040741, 37.6730345 ], [ -1.1044158, 37.6731416 ], [ -1.1045803, 37.6734069 ], [ -1.1041419, 37.6736536 ], [ -1.1041307, 37.6740313 ], [ -1.1042221, 37.6743416 ], [ -1.1040658, 37.6747634 ], [ -1.1042481, 37.6749144 ], [ -1.1044814, 37.6748027 ], [ -1.104875, 37.6746127 ], [ -1.105173, 37.6747422 ], [ -1.1054843, 37.6749062 ], [ -1.1057367, 37.6751153 ], [ -1.1060316, 37.6753479 ], [ -1.1063726, 37.6754778 ], [ -1.1066278, 37.6755954 ], [ -1.1069405, 37.6757136 ], [ -1.1068033, 37.6759753 ], [ -1.1065359, 37.6762699 ], [ -1.1064145, 37.676486 ], [ -1.1065056, 37.6768077 ], [ -1.1067974, 37.6771432 ], [ -1.1067893, 37.6774179 ], [ -1.106436, 37.6777 ], [ -1.1060259, 37.6779585 ], [ -1.1056193, 37.6781025 ], [ -1.1053829, 37.6783173 ], [ -1.1055325, 37.6786053 ], [ -1.1058243, 37.6789408 ], [ -1.1058966, 37.6794112 ], [ -1.1062154, 37.6798042 ], [ -1.1066427, 37.6799353 ], [ -1.1071602, 37.67993 ], [ -1.1078088, 37.679869 ], [ -1.1087812, 37.6795485 ], [ -1.1092432, 37.6794738 ], [ -1.1095299, 37.6795001 ], [ -1.1098681, 37.6792407 ], [ -1.1103569, 37.6792351 ], [ -1.110596, 37.6794096 ], [ -1.1107736, 37.6797209 ], [ -1.1111825, 37.6799891 ], [ -1.1115813, 37.6801083 ], [ -1.1119183, 37.6803757 ], [ -1.1115487, 37.6807263 ], [ -1.1109603, 37.6806964 ], [ -1.1105023, 37.6806338 ], [ -1.1101582, 37.6806068 ], [ -1.1097023, 37.6809563 ], [ -1.1095779, 37.6812755 ], [ -1.1094935, 37.6816981 ], [ -1.1090564, 37.681899 ], [ -1.1080985, 37.6817274 ], [ -1.1076888, 37.6819744 ], [ -1.1071676, 37.6825865 ], [ -1.1068339, 37.683178 ], [ -1.1069383, 37.6835342 ], [ -1.1071607, 37.6837887 ], [ -1.1077258, 37.6836352 ], [ -1.1082337, 37.6834694 ], [ -1.1087286, 37.6832577 ], [ -1.1091713, 37.6833546 ], [ -1.1094716, 37.683404 ], [ -1.1097534, 37.6831096 ], [ -1.1101187, 37.6829078 ], [ -1.110533, 37.6829929 ], [ -1.1107429, 37.6826977 ], [ -1.1111721, 37.6822791 ], [ -1.1117166, 37.6818504 ], [ -1.1121123, 37.6815917 ], [ -1.1123732, 37.6815147 ], [ -1.1128316, 37.6815659 ], [ -1.1132763, 37.6815941 ], [ -1.1139786, 37.6816596 ], [ -1.1145235, 37.6817004 ], [ -1.1151339, 37.6819595 ], [ -1.1152925, 37.6819385 ], [ -1.1160161, 37.6822562 ], [ -1.1164828, 37.6825136 ], [ -1.1169351, 37.6827709 ], [ -1.1175324, 37.682984 ], [ -1.1182215, 37.683496 ], [ -1.1185706, 37.6838436 ], [ -1.1187612, 37.6842008 ], [ -1.1188223, 37.6845679 ], [ -1.1187954, 37.6849913 ], [ -1.1187801, 37.6855064 ], [ -1.1185604, 37.6861335 ], [ -1.1183776, 37.6864864 ], [ -1.1183099, 37.686829 ], [ -1.1184394, 37.6873115 ], [ -1.118601, 37.6876798 ], [ -1.1184979, 37.6882511 ], [ -1.1184549, 37.6887897 ], [ -1.1186308, 37.6887617 ] ] ] } },
{ "type": "Feature", "properties": { "CCAA": "14 - Región de Murcia", "PROVINCIA": "30 - Murcia", "MUNICIPIO": "30016 - Cartagena", "COD_MUNICIPIO": "30016", "DISTRITO": "09", "SECCION": "3001609002", "V1_H": 79.85, "V1_M": 85.78, "V2_H": 79.86035794, "V2_M": 85.76242541000001, "V3_H": 79.99500792000001, "V3_M": 85.93655133 }, "geometry": { "type": "Polygon", "coordinates": [ [ [ -1.0489875, 37.6625774 ], [ -1.0507103, 37.6632444 ], [ -1.0528951, 37.6642324 ], [ -1.0540534, 37.6650277 ], [ -1.0545683, 37.6657684 ], [ -1.0552167, 37.6663356 ], [ -1.0560189, 37.6666564 ], [ -1.056878, 37.6669195 ], [ -1.0580715, 37.667071 ], [ -1.0595021, 37.6673142 ], [ -1.0619116, 37.668174 ], [ -1.0633976, 37.6684181 ], [ -1.0643472, 37.6687412 ], [ -1.0661048, 37.6691655 ], [ -1.0670307, 37.6696932 ], [ -1.0682179, 37.6700935 ], [ -1.0688752, 37.6703239 ], [ -1.0703756, 37.6714322 ], [ -1.0723026, 37.6731479 ], [ -1.0738845, 37.6739645 ], [ -1.0740994, 37.6742024 ], [ -1.0761503, 37.6754075 ], [ -1.0763652, 37.6756453 ], [ -1.0791191, 37.6767446 ], [ -1.0797956, 37.6769461 ], [ -1.0807774, 37.67746 ], [ -1.081891, 37.6785765 ], [ -1.0825247, 37.6790115 ], [ -1.0830957, 37.6790207 ], [ -1.0856084, 37.6801893 ], [ -1.0872785, 37.6818859 ], [ -1.0877048, 37.6822045 ], [ -1.0900165, 37.6831817 ], [ -1.0912344, 37.6837216 ], [ -1.0917675, 37.6840659 ], [ -1.0933162, 37.6848797 ], [ -1.0944, 37.6851601 ], [ -1.0959973, 37.6857285 ], [ -1.0979286, 37.6864533 ], [ -1.0985759, 37.6867379 ], [ -1.0990821, 37.6870369 ], [ -1.0997729, 37.6875459 ], [ -1.1001824, 37.6877763 ], [ -1.1009891, 37.6881584 ], [ -1.1022271, 37.6884559 ], [ -1.1027754, 37.6885443 ], [ -1.1039716, 37.6886713 ], [ -1.1062654, 37.688922 ], [ -1.1075759, 37.6890347 ], [ -1.1085945, 37.6890409 ], [ -1.1097677, 37.6892634 ], [ -1.1111149, 37.6896452 ], [ -1.1126837, 37.6899388 ], [ -1.1137411, 37.6899736 ], [ -1.1159326, 37.6896865 ], [ -1.1177915, 37.6891973 ], [ -1.1186308, 37.6887617 ], [ -1.1184549, 37.6887897 ], [ -1.1184979, 37.6882511 ], [ -1.118601, 37.6876798 ], [ -1.1184394, 37.6873115 ], [ -1.1183099, 37.686829 ], [ -1.1183776, 37.6864864 ], [ -1.1185604, 37.6861335 ], [ -1.1187801, 37.6855064 ], [ -1.1187954, 37.6849913 ], [ -1.1188223, 37.6845679 ], [ -1.1187612, 37.6842008 ], [ -1.1185706, 37.6838436 ], [ -1.1182215, 37.683496 ], [ -1.1175324, 37.682984 ], [ -1.1169351, 37.6827709 ], [ -1.1164828, 37.6825136 ], [ -1.1160161, 37.6822562 ], [ -1.1152925, 37.6819385 ], [ -1.1151339, 37.6819595 ], [ -1.1145235, 37.6817004 ], [ -1.1139786, 37.6816596 ], [ -1.1132763, 37.6815941 ], [ -1.1128316, 37.6815659 ], [ -1.1123732, 37.6815147 ], [ -1.1121123, 37.6815917 ], [ -1.1117166, 37.6818504 ], [ -1.1111721, 37.6822791 ], [ -1.1107429, 37.6826977 ], [ -1.110533, 37.6829929 ], [ -1.1101187, 37.6829078 ], [ -1.1097534, 37.6831096 ], [ -1.1094716, 37.683404 ], [ -1.1091713, 37.6833546 ], [ -1.1087286, 37.6832577 ], [ -1.1082337, 37.6834694 ], [ -1.1077258, 37.6836352 ], [ -1.1071607, 37.6837887 ], [ -1.1069383, 37.6835342 ], [ -1.1068339, 37.683178 ], [ -1.1071676, 37.6825865 ], [ -1.1076888, 37.6819744 ], [ -1.1080985, 37.6817274 ], [ -1.1090564, 37.681899 ], [ -1.1094935, 37.6816981 ], [ -1.1095779, 37.6812755 ], [ -1.1097023, 37.6809563 ], [ -1.1101582, 37.6806068 ], [ -1.1105023, 37.6806338 ], [ -1.1109603, 37.6806964 ], [ -1.1115487, 37.6807263 ], [ -1.1119183, 37.6803757 ], [ -1.1115813, 37.6801083 ], [ -1.1111825, 37.6799891 ], [ -1.1107736, 37.6797209 ], [ -1.110596, 37.6794096 ], [ -1.1103569, 37.6792351 ], [ -1.1098681, 37.6792407 ], [ -1.1095299, 37.6795001 ], [ -1.1092432, 37.6794738 ], [ -1.1087812, 37.6795485 ], [ -1.1078088, 37.679869 ], [ -1.1071602, 37.67993 ], [ -1.1066427, 37.6799353 ], [ -1.1062154, 37.6798042 ], [ -1.1058966, 37.6794112 ], [ -1.1058243, 37.6789408 ], [ -1.1055325, 37.6786053 ], [ -1.1053829, 37.6783173 ], [ -1.1056193, 37.6781025 ], [ -1.1060259, 37.6779585 ], [ -1.106436, 37.6777 ], [ -1.1067893, 37.6774179 ], [ -1.1067974, 37.6771432 ], [ -1.1065056, 37.6768077 ], [ -1.1064145, 37.676486 ], [ -1.1065359, 37.6762699 ], [ -1.1068033, 37.6759753 ], [ -1.1069405, 37.6757136 ], [ -1.1066278, 37.6755954 ], [ -1.1063726, 37.6754778 ], [ -1.1060316, 37.6753479 ], [ -1.1057367, 37.6751153 ], [ -1.1054843, 37.6749062 ], [ -1.105173, 37.6747422 ], [ -1.104875, 37.6746127 ], [ -1.1044814, 37.6748027 ], [ -1.1042481, 37.6749144 ], [ -1.1040658, 37.6747634 ], [ -1.1042221, 37.6743416 ], [ -1.1041307, 37.6740313 ], [ -1.1041419, 37.6736536 ], [ -1.1045803, 37.6734069 ], [ -1.1044158, 37.6731416 ], [ -1.1040741, 37.6730345 ], [ -1.1037669, 37.6727331 ], [ -1.1036136, 37.672571 ], [ -1.1033475, 37.6723388 ], [ -1.1031221, 37.6721873 ], [ -1.1030725, 37.6719233 ], [ -1.1032964, 37.6716398 ], [ -1.1037609, 37.6714849 ], [ -1.104109, 37.6713746 ], [ -1.1044866, 37.6712417 ], [ -1.1053892, 37.6713326 ], [ -1.105947, 37.6714194 ], [ -1.1066065, 37.671473 ], [ -1.1071004, 37.6717766 ], [ -1.1074264, 37.6719293 ], [ -1.1074579, 37.672319 ], [ -1.1075381, 37.673007 ], [ -1.1080478, 37.673265 ], [ -1.1083131, 37.6730391 ], [ -1.108782, 37.6727355 ], [ -1.1090443, 37.6726126 ], [ -1.1088309, 37.6730223 ], [ -1.108618, 37.6734206 ], [ -1.1086047, 37.673867 ], [ -1.1087683, 37.6741666 ], [ -1.1091746, 37.674034 ], [ -1.1094943, 37.6739119 ], [ -1.1098257, 37.6734005 ], [ -1.1101173, 37.6732551 ], [ -1.1106175, 37.6733526 ], [ -1.1109081, 37.6732416 ], [ -1.1111708, 37.6731073 ], [ -1.1119702, 37.6732885 ], [ -1.1128139, 37.6734244 ], [ -1.1133889, 37.6734198 ], [ -1.1138567, 37.6731505 ], [ -1.1137102, 37.6727595 ], [ -1.1132703, 37.6725711 ], [ -1.112789, 37.6723249 ], [ -1.1123525, 37.672022 ], [ -1.1119146, 37.6717649 ], [ -1.1113448, 37.6715979 ], [ -1.1107315, 37.6714418 ], [ -1.1100251, 37.6710326 ], [ -1.1101885, 37.6703705 ], [ -1.1109066, 37.669898 ], [ -1.1112034, 37.6695809 ], [ -1.110682, 37.6692313 ], [ -1.1102586, 37.6689743 ], [ -1.1099142, 37.6689588 ], [ -1.1095079, 37.6690914 ], [ -1.1089747, 37.6691423 ], [ -1.1084757, 37.6690104 ], [ -1.1082509, 37.6683551 ], [ -1.1082046, 37.6679767 ], [ -1.1080769, 37.667437 ], [ -1.1080614, 37.6669903 ], [ -1.1083055, 37.6665122 ], [ -1.1087979, 37.6658998 ], [ -1.1093435, 37.6654253 ], [ -1.1097717, 37.665522 ], [ -1.1099128, 37.6660962 ], [ -1.1104118, 37.666228 ], [ -1.1107606, 37.6660948 ], [ -1.111395, 37.6660222 ], [ -1.1124695, 37.6661265 ], [ -1.1136409, 37.6663579 ], [ -1.1142425, 37.6664222 ], [ -1.1147988, 37.6666192 ], [ -1.1148361, 37.6672422 ], [ -1.1152147, 37.6670749 ], [ -1.115258, 37.6665831 ], [ -1.1154347, 37.6664363 ], [ -1.1156951, 37.6668631 ], [ -1.1161958, 37.6669376 ], [ -1.1165265, 37.6669301 ], [ -1.116893, 37.6666825 ], [ -1.1165377, 37.6665524 ], [ -1.1165074, 37.6661169 ], [ -1.1167871, 37.6658912 ], [ -1.1171102, 37.6656545 ], [ -1.1177887, 37.665548 ], [ -1.1182531, 37.6653932 ], [ -1.1179719, 37.6651838 ], [ -1.1174852, 37.6651208 ], [ -1.1169845, 37.6650462 ], [ -1.1166455, 37.6648475 ], [ -1.1167248, 37.6645966 ], [ -1.1171771, 37.6643614 ], [ -1.1169571, 37.6640268 ], [ -1.1163888, 37.6633216 ], [ -1.1164563, 37.662498 ], [ -1.1171322, 37.6619907 ], [ -1.117518, 37.6620639 ], [ -1.1180857, 37.6622996 ], [ -1.1184587, 37.6628079 ], [ -1.1185864, 37.6633475 ], [ -1.118983, 37.6640278 ], [ -1.1194168, 37.6644222 ], [ -1.1198638, 37.6643702 ], [ -1.1203109, 37.6647991 ], [ -1.1205688, 37.664825 ], [ -1.1210827, 37.6644532 ], [ -1.1213306, 37.6643302 ], [ -1.1211833, 37.6629887 ], [ -1.1190998, 37.6605596 ], [ -1.1183968, 37.6600361 ], [ -1.1178645, 37.6595718 ], [ -1.1167166, 37.6595239 ], [ -1.1161404, 37.6595744 ], [ -1.115439, 37.659486 ], [ -1.1147724, 37.6591918 ], [ -1.1145203, 37.6589713 ], [ -1.1132013, 37.6579023 ], [ -1.1124191, 37.6571487 ], [ -1.111379, 37.6563693 ], [ -1.1106608, 37.6558798 ], [ -1.1097236, 37.6550214 ], [ -1.1079086, 37.6537289 ], [ -1.1065038, 37.6526587 ], [ -1.1062835, 37.6525746 ], [ -1.1054526, 37.652257 ], [ -1.1041364, 37.6515886 ], [ -1.1029638, 37.650922 ], [ -1.1025932, 37.650826 ], [ -1.1013486, 37.6511317 ], [ -1.1004087, 37.6513381 ], [ -1.0995293, 37.6514421 ], [ -1.0984327, 37.6516008 ], [ -1.097422, 37.6517719 ], [ -1.0963022, 37.6512661 ], [ -1.095529, 37.6506958 ], [ -1.0944978, 37.650111 ], [ -1.0934686, 37.6494574 ], [ -1.0926651, 37.6489439 ], [ -1.0915217, 37.6482661 ], [ -1.0908154, 37.6478683 ], [ -1.0897476, 37.6475463 ], [ -1.0884908, 37.6463404 ], [ -1.0885462, 37.6454479 ], [ -1.0879332, 37.6443298 ], [ -1.0872878, 37.6433373 ], [ -1.0866239, 37.642482 ], [ -1.0864964, 37.6414614 ], [ -1.0871115, 37.6405871 ], [ -1.0873788, 37.6403772 ], [ -1.0843994, 37.6400163 ], [ -1.080788, 37.6392627 ], [ -1.0780077, 37.6385764 ], [ -1.0762794, 37.6377768 ], [ -1.0751384, 37.637511 ], [ -1.0740294, 37.6371312 ], [ -1.0727763, 37.6367724 ], [ -1.0696417, 37.6359327 ], [ -1.0659328, 37.6355669 ], [ -1.0633964, 37.6353755 ], [ -1.0626331, 37.6349654 ], [ -1.0601068, 37.6344421 ], [ -1.0587116, 37.6340357 ], [ -1.0574182, 37.6335847 ], [ -1.0567938, 37.6333366 ], [ -1.0559645, 37.6327424 ], [ -1.055065, 37.6320901 ], [ -1.0540442, 37.6316539 ], [ -1.0532149, 37.6310597 ], [ -1.0526067, 37.6303662 ], [ -1.0515186, 37.6315425 ], [ -1.0515142, 37.6316298 ], [ -1.0512198, 37.6319657 ], [ -1.0490726, 37.6308577 ], [ -1.0485342, 37.6318478 ], [ -1.0476687, 37.6316898 ], [ -1.047564, 37.631678 ], [ -1.047503, 37.6317605 ], [ -1.0474094, 37.6319661 ], [ -1.0474433, 37.632117 ], [ -1.0470092, 37.6323304 ], [ -1.0465639, 37.6323414 ], [ -1.0463166, 37.6323089 ], [ -1.0458226, 37.6322439 ], [ -1.0451047, 37.6322253 ], [ -1.0443024, 37.632222 ], [ -1.0431633, 37.6324036 ], [ -1.0429399, 37.6313107 ], [ -1.0433866, 37.6310976 ], [ -1.043117, 37.630485 ], [ -1.0431144, 37.6302645 ], [ -1.0430667, 37.630164 ], [ -1.0430223, 37.6300926 ], [ -1.0429699, 37.6300082 ], [ -1.0429599, 37.6299078 ], [ -1.0430173, 37.6298018 ], [ -1.0431509, 37.6297098 ], [ -1.0432733, 37.6296524 ], [ -1.0434179, 37.6295846 ], [ -1.0435036, 37.6295192 ], [ -1.0435808, 37.6294604 ], [ -1.0436228, 37.6291145 ], [ -1.0435874, 37.6291103 ], [ -1.0420529, 37.6289844 ], [ -1.0407066, 37.6289028 ], [ -1.0395671, 37.6288065 ], [ -1.038987, 37.6286419 ], [ -1.037046, 37.6280321 ], [ -1.033968, 37.6268891 ], [ -1.0338, 37.6268793 ], [ -1.0334847, 37.6267473 ], [ -1.0332476, 37.6266729 ], [ -1.0325728, 37.626401 ], [ -1.0321691, 37.6262675 ], [ -1.0315777, 37.6261943 ], [ -1.0309411, 37.6261555 ], [ -1.0302003, 37.6260445 ], [ -1.0297078, 37.6259165 ], [ -1.0288694, 37.625811 ], [ -1.028427, 37.6257965 ], [ -1.0276959, 37.6256505 ], [ -1.0271259, 37.6254367 ], [ -1.0260551, 37.6250807 ], [ -1.0254603, 37.6248031 ], [ -1.0249997, 37.6246662 ], [ -1.0249504, 37.6251061 ], [ -1.0247443, 37.6256952 ], [ -1.0240039, 37.6261788 ], [ -1.0230497, 37.6262317 ], [ -1.0223105, 37.6260126 ], [ -1.0212573, 37.6257722 ], [ -1.0205618, 37.6258708 ], [ -1.0210831, 37.6262469 ], [ -1.0216716, 37.6266977 ], [ -1.0220398, 37.6276224 ], [ -1.0222498, 37.6284159 ], [ -1.0218377, 37.6291438 ], [ -1.0214014, 37.6296706 ], [ -1.0207221, 37.6301531 ], [ -1.0198333, 37.6305358 ], [ -1.0192652, 37.6313936 ], [ -1.01892, 37.6324118 ], [ -1.0188441, 37.6329888 ], [ -1.0190414, 37.6335463 ], [ -1.0195694, 37.6341833 ], [ -1.0200031, 37.6345939 ], [ -1.0206905, 37.6355294 ], [ -1.0209193, 37.6360847 ], [ -1.0208122, 37.6365896 ], [ -1.0203707, 37.6369846 ], [ -1.0198324, 37.6374972 ], [ -1.0193954, 37.6377354 ], [ -1.0188536, 37.6382604 ], [ -1.018762, 37.6393017 ], [ -1.0191737, 37.6400589 ], [ -1.021184, 37.640843 ], [ -1.0236224, 37.6411637 ], [ -1.0245649, 37.641205 ], [ -1.0264177, 37.6410718 ], [ -1.0279462, 37.6416832 ], [ -1.029769, 37.6428475 ], [ -1.0307402, 37.6438652 ], [ -1.0302275, 37.6461809 ], [ -1.0298174, 37.6473079 ], [ -1.0302631, 37.6484302 ], [ -1.031269, 37.6491254 ], [ -1.0326068, 37.6495861 ], [ -1.0349788, 37.6497618 ], [ -1.036456, 37.6499829 ], [ -1.0375091, 37.6504237 ], [ -1.0395421, 37.6519239 ], [ -1.0412617, 37.6528391 ], [ -1.0420691, 37.6532155 ], [ -1.0427252, 37.653842 ], [ -1.0405692, 37.6559251 ], [ -1.0426821, 37.6577529 ], [ -1.0429709, 37.6577195 ], [ -1.0434146, 37.6572691 ], [ -1.0468303, 37.6587755 ], [ -1.0494565, 37.6592768 ], [ -1.0482494, 37.6623541 ], [ -1.0488136, 37.66251 ], [ -1.0489875, 37.6625774 ] ] ] } },
{ "type": "Feature", "properties": { "CCAA": "14 - Región de Murcia", "PROVINCIA": "30 - Murcia", "MUNICIPIO": "30016 - Cartagena", "COD_MUNICIPIO": "30016", "DISTRITO": "07", "SECCION": "3001607008", "V1_H": 79.63, "V1_M": 85.51, "V2_H": 79.79644461, "V2_M": 85.57767022, "V3_H": 79.53263393, "V3_M": 85.68344389000001 }, "geometry": { "type": "Polygon", "coordinates": [ [ [ -1.0974047, 37.7204692 ], [ -1.0974191, 37.7204686 ], [ -1.0986284, 37.7204208 ], [ -1.0986694, 37.7204222 ], [ -1.1006575, 37.7204896 ], [ -1.1014249, 37.7206462 ], [ -1.1014251, 37.7206462 ], [ -1.1014265, 37.7206466 ], [ -1.1054902, 37.7218381 ], [ -1.1068367, 37.7224275 ], [ -1.107786, 37.7230195 ], [ -1.108418, 37.7235975 ], [ -1.1086686, 37.7240534 ], [ -1.1089262, 37.724522 ], [ -1.1089277, 37.7245248 ], [ -1.1093522, 37.7274606 ], [ -1.1095657, 37.7279675 ], [ -1.1095663, 37.7279687 ], [ -1.1095685, 37.7279717 ], [ -1.1101148, 37.7287075 ], [ -1.1106248, 37.7291753 ], [ -1.1123123, 37.7301936 ], [ -1.1131219, 37.730486 ], [ -1.1140714, 37.7306274 ], [ -1.1163339, 37.7308438 ], [ -1.1175691, 37.7309627 ], [ -1.1175779, 37.7309592 ], [ -1.120492, 37.7298017 ], [ -1.1204922, 37.7298007 ], [ -1.120519, 37.7296655 ], [ -1.121828, 37.7230616 ], [ -1.1230666, 37.7168113 ], [ -1.1230666, 37.7168112 ], [ -1.122899, 37.7166013 ], [ -1.1226809, 37.7163283 ], [ -1.1224398, 37.7160263 ], [ -1.1229416, 37.715025 ], [ -1.1231598, 37.7144697 ], [ -1.1227161, 37.7131739 ], [ -1.1210379, 37.7127056 ], [ -1.1210376, 37.7127055 ], [ -1.1209302, 37.7115683 ], [ -1.1207615, 37.7110609 ], [ -1.1210354, 37.7096504 ], [ -1.1221777, 37.7093363 ], [ -1.1221778, 37.709335 ], [ -1.1224227, 37.7086181 ], [ -1.1222556, 37.7080096 ], [ -1.1221318, 37.707559 ], [ -1.1223005, 37.707245 ], [ -1.1224294, 37.707005 ], [ -1.1223566, 37.7062919 ], [ -1.1226379, 37.7057106 ], [ -1.1229193, 37.7051293 ], [ -1.1228582, 37.7030555 ], [ -1.123051, 37.7028869 ], [ -1.1236583, 37.7023558 ], [ -1.1240507, 37.7023539 ], [ -1.1248835, 37.7023488 ], [ -1.1248899, 37.7023435 ], [ -1.1266328, 37.7008986 ], [ -1.1267667, 37.7005525 ], [ -1.1269239, 37.7001462 ], [ -1.1280329, 37.6993438 ], [ -1.1284432, 37.6983509 ], [ -1.1284436, 37.6983499 ], [ -1.1282158, 37.6974675 ], [ -1.1281026, 37.6970288 ], [ -1.1281028, 37.6970284 ], [ -1.1288574, 37.6958782 ], [ -1.1290462, 37.6955162 ], [ -1.1290718, 37.695467 ], [ -1.1290857, 37.6954529 ], [ -1.1293163, 37.6952186 ], [ -1.1294331, 37.6948965 ], [ -1.12956, 37.6945465 ], [ -1.1299453, 37.6940761 ], [ -1.1299461, 37.694075 ], [ -1.1308948, 37.6937836 ], [ -1.1330863, 37.695035 ], [ -1.1340741, 37.6953927 ], [ -1.1340751, 37.6953931 ], [ -1.1340753, 37.6953932 ], [ -1.1366942, 37.6937641 ], [ -1.142351, 37.6902453 ], [ -1.1425659, 37.6901115 ], [ -1.1427899, 37.6899071 ], [ -1.1427899, 37.6899071 ], [ -1.1427896, 37.6899069 ], [ -1.1420576, 37.6893744 ], [ -1.1404976, 37.688611 ], [ -1.1380524, 37.6878394 ], [ -1.1365731, 37.6873305 ], [ -1.1353171, 37.6870433 ], [ -1.1321177, 37.6863116 ], [ -1.1291192, 37.6864609 ], [ -1.1246266, 37.687821 ], [ -1.1238085, 37.6879835 ], [ -1.1232913, 37.6880861 ], [ -1.1223217, 37.6881422 ], [ -1.1202329, 37.68793 ], [ -1.1186308, 37.6887617 ], [ -1.1177915, 37.6891973 ], [ -1.1159326, 37.6896865 ], [ -1.1137411, 37.6899736 ], [ -1.1126837, 37.6899388 ], [ -1.1111149, 37.6896452 ], [ -1.1097677, 37.6892634 ], [ -1.1085945, 37.6890409 ], [ -1.1075759, 37.6890347 ], [ -1.1062654, 37.688922 ], [ -1.1039716, 37.6886713 ], [ -1.1027754, 37.6885443 ], [ -1.1022271, 37.6884559 ], [ -1.1009891, 37.6881584 ], [ -1.1001824, 37.6877763 ], [ -1.0997729, 37.6875459 ], [ -1.0990821, 37.6870369 ], [ -1.0985759, 37.6867379 ], [ -1.0979286, 37.6864533 ], [ -1.0959973, 37.6857285 ], [ -1.0944, 37.6851601 ], [ -1.0933162, 37.6848797 ], [ -1.0917675, 37.6840659 ], [ -1.0912344, 37.6837216 ], [ -1.0900165, 37.6831817 ], [ -1.0877048, 37.6822045 ], [ -1.0872785, 37.6818859 ], [ -1.0856084, 37.6801893 ], [ -1.0830957, 37.6790207 ], [ -1.0825247, 37.6790115 ], [ -1.081891, 37.6785765 ], [ -1.0807774, 37.67746 ], [ -1.0797956, 37.6769461 ], [ -1.0791191, 37.6767446 ], [ -1.0763652, 37.6756453 ], [ -1.0761503, 37.6754075 ], [ -1.0740994, 37.6742024 ], [ -1.0738845, 37.6739645 ], [ -1.0723026, 37.6731479 ], [ -1.0703756, 37.6714322 ], [ -1.0688752, 37.6703239 ], [ -1.0682179, 37.6700935 ], [ -1.0670307, 37.6696932 ], [ -1.0661048, 37.6691655 ], [ -1.0643472, 37.6687412 ], [ -1.0633976, 37.6684181 ], [ -1.0619116, 37.668174 ], [ -1.0595021, 37.6673142 ], [ -1.0580715, 37.667071 ], [ -1.056878, 37.6669195 ], [ -1.0560189, 37.6666564 ], [ -1.0552167, 37.6663356 ], [ -1.0545683, 37.6657684 ], [ -1.0540534, 37.6650277 ], [ -1.0528951, 37.6642324 ], [ -1.0507103, 37.6632444 ], [ -1.0489875, 37.6625774 ], [ -1.0472403, 37.6651177 ], [ -1.0475307, 37.6653184 ], [ -1.048163, 37.6659048 ], [ -1.0489958, 37.6668 ], [ -1.0498327, 37.6679569 ], [ -1.0509884, 37.6695206 ], [ -1.0532048, 37.6724552 ], [ -1.0549578, 37.6734651 ], [ -1.0561775, 37.6748317 ], [ -1.0575045, 37.6762182 ], [ -1.0585885, 37.6769473 ], [ -1.0595442, 37.6778066 ], [ -1.0607196, 37.6786199 ], [ -1.0609847, 37.6788311 ], [ -1.0613384, 37.6792339 ], [ -1.0622018, 37.6804473 ], [ -1.0635078, 37.6826439 ], [ -1.0642156, 37.6838382 ], [ -1.0643565, 37.6840225 ], [ -1.0650734, 37.6848695 ], [ -1.0661581, 37.6859791 ], [ -1.067116, 37.6870027 ], [ -1.067357, 37.6871749 ], [ -1.0677275, 37.6875893 ], [ -1.0679167, 37.6879612 ], [ -1.0680093, 37.6882261 ], [ -1.068087, 37.688425 ], [ -1.0681796, 37.68869 ], [ -1.068259, 37.688823 ], [ -1.0685798, 37.6892366 ], [ -1.0687397, 37.6894631 ], [ -1.0688674, 37.6896496 ], [ -1.0693708, 37.690053 ], [ -1.0696656, 37.6901896 ], [ -1.0698134, 37.6902447 ], [ -1.0699283, 37.6902861 ], [ -1.0701561, 37.6904747 ], [ -1.0702691, 37.6905683 ], [ -1.0706755, 37.6908779 ], [ -1.0708702, 37.6910391 ], [ -1.0713567, 37.6914554 ], [ -1.0716142, 37.6917494 ], [ -1.0720193, 37.6921117 ], [ -1.0723597, 37.6924071 ], [ -1.072639, 37.6925038 ], [ -1.0727046, 37.6925312 ], [ -1.0728026, 37.6925855 ], [ -1.072827, 37.6926282 ], [ -1.0730717, 37.6927797 ], [ -1.0739406, 37.6937389 ], [ -1.0748603, 37.6947138 ], [ -1.0758985, 37.6964731 ], [ -1.0769414, 37.6980522 ], [ -1.0824621, 37.7068136 ], [ -1.0860016, 37.7122783 ], [ -1.0942185, 37.7152753 ], [ -1.0968856, 37.7164599 ], [ -1.0969465, 37.7168844 ], [ -1.0971645, 37.7182496 ], [ -1.0973552, 37.7195686 ], [ -1.0974047, 37.7204692 ] ] ] } },
{ "type": "Feature", "properties": { "CCAA": "14 - Región de Murcia", "PROVINCIA": "30 - Murcia", "MUNICIPIO": "30016 - Cartagena", "COD_MUNICIPIO": "30016", "DISTRITO": "08", "SECCION": "3001608008", "V1_H": 79.33, "V1_M": 85.14, "V2_H": 79.29974376, "V2_M": 85.20981541, "V3_H": 79.50065775, "V3_M": 85.33298389 }, "geometry": { "type": "Polygon", "coordinates": [ [ [ -0.986886, 37.6272815 ], [ -0.9873312, 37.6272353 ], [ -0.9874773, 37.6272202 ], [ -0.9876523, 37.6272119 ], [ -0.9876544, 37.6272126 ], [ -0.9877722, 37.6272527 ], [ -0.9880618, 37.6273517 ], [ -0.9881182, 37.6272998 ], [ -0.9882308, 37.6271961 ], [ -0.9884264, 37.6270117 ], [ -0.9886806, 37.6267718 ], [ -0.9887059, 37.626748 ], [ -0.9887575, 37.6266293 ], [ -0.9887893, 37.6265474 ], [ -0.9888939, 37.6262778 ], [ -0.9889142, 37.6262259 ], [ -0.988926, 37.6261954 ], [ -0.9889414, 37.6261324 ], [ -0.988987, 37.6259465 ], [ -0.9889946, 37.6259147 ], [ -0.9890476, 37.6256981 ], [ -0.9890543, 37.6256785 ], [ -0.9890671, 37.6256408 ], [ -0.9890657, 37.6254852 ], [ -0.9890629, 37.625463 ], [ -0.989062, 37.6254555 ], [ -0.9890508, 37.6253699 ], [ -0.9890235, 37.6252632 ], [ -0.9890183, 37.6252389 ], [ -0.9890128, 37.6252143 ], [ -0.9889631, 37.6250453 ], [ -0.9889623, 37.6250431 ], [ -0.9889437, 37.6249961 ], [ -0.9889348, 37.624974 ], [ -0.9888338, 37.6246934 ], [ -0.9888269, 37.6246767 ], [ -0.9887433, 37.6244749 ], [ -0.9887368, 37.6244578 ], [ -0.9887245, 37.6244253 ], [ -0.9887161, 37.6244019 ], [ -0.9886905, 37.6241953 ], [ -0.9886892, 37.6241832 ], [ -0.9886874, 37.6241689 ], [ -0.9886708, 37.6240311 ], [ -0.9886509, 37.6239105 ], [ -0.9886505, 37.6239055 ], [ -0.9886478, 37.6238804 ], [ -0.9886462, 37.623865 ], [ -0.9886312, 37.6237073 ], [ -0.9886354, 37.6236747 ], [ -0.9886846, 37.6232991 ], [ -0.9887239, 37.6230003 ], [ -0.9887451, 37.6228372 ], [ -0.9887793, 37.6227095 ], [ -0.9887746, 37.6227069 ], [ -0.9886892, 37.6226672 ], [ -0.9886186, 37.622632 ], [ -0.9885537, 37.6226001 ], [ -0.9884542, 37.6225475 ], [ -0.9876136, 37.6221037 ], [ -0.98707, 37.6218226 ], [ -0.9864781, 37.621514 ], [ -0.9862688, 37.6214051 ], [ -0.9860774, 37.6216143 ], [ -0.9861311, 37.6221744 ], [ -0.9860719, 37.6222264 ], [ -0.9861141, 37.6224859 ], [ -0.9861472, 37.62269 ], [ -0.9861744, 37.6228581 ], [ -0.9861808, 37.6228949 ], [ -0.9861945, 37.6229754 ], [ -0.9862283, 37.6231859 ], [ -0.9862741, 37.6234707 ], [ -0.9863085, 37.6236857 ], [ -0.9863314, 37.6238366 ], [ -0.9864044, 37.6243192 ], [ -0.9864088, 37.6243445 ], [ -0.9864577, 37.6246285 ], [ -0.9864967, 37.6248551 ], [ -0.9864995, 37.6248719 ], [ -0.9865339, 37.6251023 ], [ -0.9865514, 37.6252119 ], [ -0.9865562, 37.6252432 ], [ -0.9865832, 37.6254286 ], [ -0.9865847, 37.6254371 ], [ -0.9866183, 37.6256292 ], [ -0.9866212, 37.6256449 ], [ -0.9866334, 37.6257145 ], [ -0.9866589, 37.6258448 ], [ -0.9866582, 37.6258681 ], [ -0.986659, 37.6258771 ], [ -0.9866604, 37.6258959 ], [ -0.98666, 37.6259129 ], [ -0.9867132, 37.6262273 ], [ -0.9867275, 37.6263118 ], [ -0.986764, 37.6265786 ], [ -0.9867662, 37.6265953 ], [ -0.9868243, 37.6269276 ], [ -0.986886, 37.6272815 ] ] ] } },
{ "type": "Feature", "properties": { "CCAA": "14 - Región de Murcia", "PROVINCIA": "30 - Murcia", "MUNICIPIO": "30016 - Cartagena", "COD_MUNICIPIO": "30016", "DISTRITO": "08", "SECCION": "3001608009", "V1_H": 79.68, "V1_M": 85.47, "V2_H": 79.93758061, "V2_M": 85.65037312, "V3_H": 79.53414521000001, "V3_M": 85.4025844 }, "geometry": { "type": "Polygon", "coordinates": [ [ [ -0.9881182, 37.6272998 ], [ -0.9884641, 37.6274599 ], [ -0.9885027, 37.6274647 ], [ -0.9885154, 37.6274627 ], [ -0.9887408, 37.6274283 ], [ -0.9887836, 37.6274206 ], [ -0.9893685, 37.6273159 ], [ -0.9896498, 37.6272656 ], [ -0.9898884, 37.627221 ], [ -0.9906574, 37.6270636 ], [ -0.9907134, 37.6271794 ], [ -0.990739, 37.6272254 ], [ -0.991698, 37.6271153 ], [ -0.9929802, 37.6269681 ], [ -0.9929584, 37.6269309 ], [ -0.992832, 37.6266987 ], [ -0.9927741, 37.6265932 ], [ -0.9927322, 37.6265175 ], [ -0.9926345, 37.6263419 ], [ -0.9925682, 37.6262275 ], [ -0.9925056, 37.6261343 ], [ -0.992471, 37.6260794 ], [ -0.9924256, 37.6260068 ], [ -0.9923953, 37.6259583 ], [ -0.9923545, 37.6258996 ], [ -0.9923185, 37.6258445 ], [ -0.9923159, 37.6258409 ], [ -0.9922286, 37.6257067 ], [ -0.992153, 37.6256104 ], [ -0.992081, 37.6255102 ], [ -0.9919912, 37.6253957 ], [ -0.9919268, 37.6253203 ], [ -0.9918247, 37.6251836 ], [ -0.9917505, 37.6250928 ], [ -0.9915472, 37.6248641 ], [ -0.9914553, 37.6247588 ], [ -0.9913686, 37.6246658 ], [ -0.991315, 37.6246096 ], [ -0.9912781, 37.6245701 ], [ -0.9912304, 37.6245199 ], [ -0.9910676, 37.6243591 ], [ -0.9909823, 37.624276 ], [ -0.990909, 37.6242081 ], [ -0.9908514, 37.6241526 ], [ -0.9907886, 37.6240928 ], [ -0.9907262, 37.6240441 ], [ -0.9906834, 37.624005 ], [ -0.9906103, 37.6239445 ], [ -0.9905088, 37.6238595 ], [ -0.9904811, 37.6238363 ], [ -0.9903945, 37.6237696 ], [ -0.9903855, 37.6237615 ], [ -0.9903455, 37.6237267 ], [ -0.9902571, 37.6236484 ], [ -0.9901916, 37.6236014 ], [ -0.9901083, 37.6235397 ], [ -0.99003, 37.6234814 ], [ -0.9899801, 37.6234482 ], [ -0.9899468, 37.6234241 ], [ -0.9898995, 37.6233903 ], [ -0.9898356, 37.6233451 ], [ -0.9897712, 37.6233008 ], [ -0.9897055, 37.6232584 ], [ -0.9896438, 37.623217 ], [ -0.9895989, 37.623188 ], [ -0.9895478, 37.6231546 ], [ -0.9894815, 37.6231149 ], [ -0.9893984, 37.623063 ], [ -0.9893959, 37.6230615 ], [ -0.9892283, 37.6229662 ], [ -0.9891265, 37.6229063 ], [ -0.9890506, 37.6228604 ], [ -0.9889763, 37.6228164 ], [ -0.988903, 37.6227784 ], [ -0.9887851, 37.6227127 ], [ -0.9887793, 37.6227095 ], [ -0.9887451, 37.6228372 ], [ -0.9887239, 37.6230003 ], [ -0.9886846, 37.6232991 ], [ -0.9886354, 37.6236747 ], [ -0.9886312, 37.6237073 ], [ -0.9886462, 37.623865 ], [ -0.9886478, 37.6238804 ], [ -0.9886505, 37.6239055 ], [ -0.9886509, 37.6239105 ], [ -0.9886708, 37.6240311 ], [ -0.9886874, 37.6241689 ], [ -0.9886892, 37.6241832 ], [ -0.9886905, 37.6241953 ], [ -0.9887161, 37.6244019 ], [ -0.9887245, 37.6244253 ], [ -0.9887368, 37.6244578 ], [ -0.9887433, 37.6244749 ], [ -0.9888269, 37.6246767 ], [ -0.9888338, 37.6246934 ], [ -0.9889348, 37.624974 ], [ -0.9889437, 37.6249961 ], [ -0.9889623, 37.6250431 ], [ -0.9889631, 37.6250453 ], [ -0.9890128, 37.6252143 ], [ -0.9890183, 37.6252389 ], [ -0.9890235, 37.6252632 ], [ -0.9890508, 37.6253699 ], [ -0.989062, 37.6254555 ], [ -0.9890629, 37.625463 ], [ -0.9890657, 37.6254852 ], [ -0.9890671, 37.6256408 ], [ -0.9890543, 37.6256785 ], [ -0.9890476, 37.6256981 ], [ -0.9889946, 37.6259147 ], [ -0.988987, 37.6259465 ], [ -0.9889414, 37.6261324 ], [ -0.988926, 37.6261954 ], [ -0.9889142, 37.6262259 ], [ -0.9888939, 37.6262778 ], [ -0.9887893, 37.6265474 ], [ -0.9887575, 37.6266293 ], [ -0.9887059, 37.626748 ], [ -0.9886806, 37.6267718 ], [ -0.9884264, 37.6270117 ], [ -0.9882308, 37.6271961 ], [ -0.9881182, 37.6272998 ] ] ] } },
{ "type": "Feature", "properties": { "CCAA": "14 - Región de Murcia", "PROVINCIA": "30 - Murcia", "MUNICIPIO": "30016 - Cartagena", "COD_MUNICIPIO": "30016", "DISTRITO": "08", "SECCION": "3001608026", "V1_H": 79.92, "V1_M": 85.8, "V2_H": 79.90391364, "V2_M": 85.68196434, "V3_H": 80.09820982, "V3_M": 86.14356104 }, "geometry": { "type": "Polygon", "coordinates": [ [ [ -0.990739, 37.6272254 ], [ -0.990896, 37.6275076 ], [ -0.9910756, 37.6278303 ], [ -0.9911265, 37.6279222 ], [ -0.9914942, 37.6283798 ], [ -0.9916336, 37.6285531 ], [ -0.9910349, 37.6285423 ], [ -0.990649, 37.6285353 ], [ -0.9902532, 37.6285281 ], [ -0.9898524, 37.6285208 ], [ -0.9898467, 37.6286783 ], [ -0.9898123, 37.6296131 ], [ -0.9898116, 37.6296348 ], [ -0.9902233, 37.6296383 ], [ -0.9906242, 37.6296416 ], [ -0.9908844, 37.6296438 ], [ -0.990938, 37.6296443 ], [ -0.9909818, 37.6296439 ], [ -0.9909955, 37.6296438 ], [ -0.9913525, 37.6296411 ], [ -0.9914317, 37.6296405 ], [ -0.9919741, 37.6296365 ], [ -0.9921854, 37.629635 ], [ -0.9924257, 37.6296294 ], [ -0.9925221, 37.6296273 ], [ -0.9928839, 37.6296189 ], [ -0.9936619, 37.6296234 ], [ -0.9936793, 37.6296235 ], [ -0.9936321, 37.6291652 ], [ -0.9935784, 37.628953 ], [ -0.9935302, 37.6287626 ], [ -0.9934029, 37.6281041 ], [ -0.9932525, 37.6276499 ], [ -0.9930678, 37.6271821 ], [ -0.9930277, 37.6270493 ], [ -0.9929802, 37.6269681 ], [ -0.991698, 37.6271153 ], [ -0.990739, 37.6272254 ] ] ] } },
{ "type": "Feature", "properties": { "CCAA": "14 - Región de Murcia", "PROVINCIA": "30 - Murcia", "MUNICIPIO": "30016 - Cartagena", "COD_MUNICIPIO": "30016", "DISTRITO": "08", "SECCION": "3001608027", "V1_H": 79.92, "V1_M": 85.8, "V2_H": 79.90391364, "V2_M": 85.68196434, "V3_H": 80.09820982, "V3_M": 86.14356104 }, "geometry": { "type": "Polygon", "coordinates": [ [ [ -1.0018542, 37.6271801 ], [ -1.0018543, 37.6271801 ], [ -1.0019129, 37.6273333 ], [ -1.0019726, 37.6274893 ], [ -1.0022194, 37.6280825 ], [ -1.0021947, 37.6280903 ], [ -1.0021359, 37.6281089 ], [ -1.0021684, 37.6281829 ], [ -1.0022955, 37.6284825 ], [ -1.0025602, 37.6284178 ], [ -1.0029967, 37.6279597 ], [ -1.0032598, 37.6279004 ], [ -1.0037769, 37.6277837 ], [ -1.0036208, 37.6272986 ], [ -1.0037986, 37.6270866 ], [ -1.0038166, 37.627043 ], [ -1.0038282, 37.6269998 ], [ -1.0038296, 37.6269692 ], [ -1.0038445, 37.6269265 ], [ -1.0038569, 37.6268858 ], [ -1.0038662, 37.6266034 ], [ -1.0038836, 37.6260794 ], [ -1.0037945, 37.6260829 ], [ -1.0038026, 37.6250461 ], [ -1.0039292, 37.6250203 ], [ -1.0040383, 37.6249978 ], [ -1.0041816, 37.6249679 ], [ -1.0042762, 37.6249532 ], [ -1.0043726, 37.6249444 ], [ -1.0044476, 37.6249391 ], [ -1.0045091, 37.6249432 ], [ -1.0045878, 37.6249515 ], [ -1.0046594, 37.6249624 ], [ -1.0047399, 37.6249774 ], [ -1.0048113, 37.6249897 ], [ -1.0048555, 37.6249984 ], [ -1.0048602, 37.6249736 ], [ -1.0052165, 37.6230878 ], [ -1.0052322, 37.6228656 ], [ -1.0051924, 37.622723 ], [ -1.004127, 37.6229688 ], [ -1.0030339, 37.6232273 ], [ -1.0026217, 37.623328 ], [ -1.0021795, 37.6234361 ], [ -1.002108, 37.6234536 ], [ -1.0017453, 37.6235434 ], [ -1.0017438, 37.6235438 ], [ -1.0013179, 37.6236491 ], [ -1.0009238, 37.6237466 ], [ -1.0005172, 37.6238471 ], [ -0.9998427, 37.624014 ], [ -0.9997744, 37.6240309 ], [ -0.9998947, 37.624177 ], [ -1.0002179, 37.6245893 ], [ -1.0004152, 37.6248286 ], [ -1.0005333, 37.624972 ], [ -1.0007162, 37.6251989 ], [ -1.000807, 37.6253117 ], [ -1.0009065, 37.6254354 ], [ -1.0009974, 37.6255479 ], [ -1.0010469, 37.6256093 ], [ -1.0011935, 37.6257907 ], [ -1.0012019, 37.6258013 ], [ -1.0013013, 37.6259253 ], [ -1.0013714, 37.6260336 ], [ -1.0013767, 37.6260415 ], [ -1.0014747, 37.6262157 ], [ -1.0015677, 37.6264006 ], [ -1.0016548, 37.626625 ], [ -1.0017005, 37.6267657 ], [ -1.0017276, 37.6268498 ], [ -1.0018207, 37.6270926 ], [ -1.0018542, 37.6271801 ] ] ] } },
{ "type": "Feature", "properties": { "CCAA": "14 - Región de Murcia", "PROVINCIA": "30 - Murcia", "MUNICIPIO": "30016 - Cartagena", "COD_MUNICIPIO": "30016", "DISTRITO": "08", "SECCION": "3001608041", "V1_H": 81.37, "V1_M": 86.85, "V2_H": 81.08688328, "V2_M": 86.76748373, "V3_H": 81.75507894, "V3_M": 87.07522296 }, "geometry": { "type": "Polygon", "coordinates": [ [ [ -0.9936858, 37.6160426 ], [ -0.9937389, 37.6161869 ], [ -0.9937521, 37.6162215 ], [ -0.9938906, 37.6165832 ], [ -0.9939365, 37.6167034 ], [ -0.9939478, 37.6167312 ], [ -0.9940133, 37.6168924 ], [ -0.9942834, 37.6175576 ], [ -0.9942931, 37.6175814 ], [ -0.9943463, 37.6177124 ], [ -0.9946525, 37.6185199 ], [ -0.995441, 37.618326 ], [ -0.9954056, 37.6181961 ], [ -0.9957369, 37.6181323 ], [ -0.9957626, 37.6179685 ], [ -0.9957845, 37.6179062 ], [ -0.9958259, 37.6178801 ], [ -0.9958628, 37.6178687 ], [ -0.9959771, 37.6178725 ], [ -0.9959696, 37.6178297 ], [ -0.9959536, 37.6177397 ], [ -0.9959245, 37.6175589 ], [ -0.9958848, 37.6173121 ], [ -0.9957855, 37.616746 ], [ -0.9957758, 37.6165446 ], [ -0.9957206, 37.6163967 ], [ -0.9956854, 37.6163299 ], [ -0.9946815, 37.6166047 ], [ -0.9944097, 37.6158821 ], [ -0.9936858, 37.6160426 ] ] ] } },
{ "type": "Feature", "properties": { "CCAA": "14 - Región de Murcia", "PROVINCIA": "30 - Murcia", "MUNICIPIO": "30016 - Cartagena", "COD_MUNICIPIO": "30016", "DISTRITO": "09", "SECCION": "3001609003", "V1_H": 80.01, "V1_M": 85.88, "V2_H": 79.90171161000001, "V2_M": 85.93881404, "V3_H": 80.29104055000001, "V3_M": 85.88520273 }, "geometry": { "type": "Polygon", "coordinates": [ [ [ -1.0526067, 37.6303662 ], [ -1.0532149, 37.6310597 ], [ -1.0540442, 37.6316539 ], [ -1.055065, 37.6320901 ], [ -1.0559645, 37.6327424 ], [ -1.0567938, 37.6333366 ], [ -1.0574182, 37.6335847 ], [ -1.0587116, 37.6340357 ], [ -1.0601068, 37.6344421 ], [ -1.0626331, 37.6349654 ], [ -1.0633964, 37.6353755 ], [ -1.0659328, 37.6355669 ], [ -1.0696417, 37.6359327 ], [ -1.0727763, 37.6367724 ], [ -1.0740294, 37.6371312 ], [ -1.0751384, 37.637511 ], [ -1.0762794, 37.6377768 ], [ -1.0780077, 37.6385764 ], [ -1.080788, 37.6392627 ], [ -1.0843994, 37.6400163 ], [ -1.0873788, 37.6403772 ], [ -1.0871115, 37.6405871 ], [ -1.0864964, 37.6414614 ], [ -1.0866239, 37.642482 ], [ -1.0872878, 37.6433373 ], [ -1.0879332, 37.6443298 ], [ -1.0885462, 37.6454479 ], [ -1.0884908, 37.6463404 ], [ -1.0897476, 37.6475463 ], [ -1.0908154, 37.6478683 ], [ -1.0915217, 37.6482661 ], [ -1.0926651, 37.6489439 ], [ -1.0934686, 37.6494574 ], [ -1.0944978, 37.650111 ], [ -1.095529, 37.6506958 ], [ -1.0963022, 37.6512661 ], [ -1.097422, 37.6517719 ], [ -1.0984327, 37.6516008 ], [ -1.0995293, 37.6514421 ], [ -1.1004087, 37.6513381 ], [ -1.1013486, 37.6511317 ], [ -1.1025932, 37.650826 ], [ -1.1029638, 37.650922 ], [ -1.1041364, 37.6515886 ], [ -1.1054526, 37.652257 ], [ -1.1062835, 37.6525746 ], [ -1.1064246, 37.6519364 ], [ -1.1064887, 37.6512273 ], [ -1.1066979, 37.650474 ], [ -1.1070077, 37.6492296 ], [ -1.1072468, 37.6484309 ], [ -1.1075332, 37.6474954 ], [ -1.1076321, 37.6465805 ], [ -1.1080829, 37.6459103 ], [ -1.1082955, 37.6455235 ], [ -1.1090178, 37.6449023 ], [ -1.1097233, 37.644361 ], [ -1.1103492, 37.6440822 ], [ -1.1108145, 37.643893 ], [ -1.1115328, 37.6438901 ], [ -1.1120408, 37.6437129 ], [ -1.1125242, 37.643398 ], [ -1.1130495, 37.6431179 ], [ -1.1134644, 37.643661 ], [ -1.1141722, 37.6440129 ], [ -1.1145282, 37.6441201 ], [ -1.1151029, 37.6441155 ], [ -1.1157925, 37.6441122 ], [ -1.1164244, 37.6441196 ], [ -1.1171737, 37.6440369 ], [ -1.1172293, 37.6436138 ], [ -1.1171393, 37.6432578 ], [ -1.1170513, 37.6428331 ], [ -1.1173085, 37.6423896 ], [ -1.1177342, 37.641593 ], [ -1.1180888, 37.6407728 ], [ -1.1183158, 37.6398938 ], [ -1.1182264, 37.6395149 ], [ -1.1180766, 37.6392383 ], [ -1.1182724, 37.6389314 ], [ -1.1186898, 37.638902 ], [ -1.1192457, 37.6390459 ], [ -1.1200859, 37.6388039 ], [ -1.1204006, 37.638361 ], [ -1.1208466, 37.637851 ], [ -1.1211813, 37.6372137 ], [ -1.1216443, 37.6366123 ], [ -1.1221149, 37.6362399 ], [ -1.1227066, 37.6361438 ], [ -1.1232064, 37.6362413 ], [ -1.1237292, 37.6365337 ], [ -1.1240166, 37.637018 ], [ -1.1240098, 37.6377393 ], [ -1.1237921, 37.6387902 ], [ -1.12314, 37.6399619 ], [ -1.1227448, 37.6407016 ], [ -1.1239093, 37.6401771 ], [ -1.1254138, 37.6398168 ], [ -1.1265849, 37.6395557 ], [ -1.1279534, 37.6394229 ], [ -1.1292728, 37.6390032 ], [ -1.1309224, 37.6385873 ], [ -1.1319309, 37.6384845 ], [ -1.1327817, 37.6383685 ], [ -1.1321067, 37.6373874 ], [ -1.131273, 37.6364273 ], [ -1.1307315, 37.6357912 ], [ -1.1305182, 37.6352276 ], [ -1.1310532, 37.6346155 ], [ -1.1314032, 37.633944 ], [ -1.1321119, 37.6332881 ], [ -1.1325858, 37.6323089 ], [ -1.1332898, 37.6313209 ], [ -1.1338555, 37.6301481 ], [ -1.1345798, 37.6289542 ], [ -1.1348673, 37.6279613 ], [ -1.1353392, 37.6270508 ], [ -1.1355456, 37.6263776 ], [ -1.1357166, 37.6259331 ], [ -1.1358582, 37.6250187 ], [ -1.1357467, 37.6244105 ], [ -1.1356773, 37.6238371 ], [ -1.1353027, 37.6233862 ], [ -1.134556, 37.6228966 ], [ -1.1337077, 37.6224402 ], [ -1.1329005, 37.6220529 ], [ -1.1323363, 37.6217028 ], [ -1.1314293, 37.6212915 ], [ -1.1319919, 37.6212064 ], [ -1.1330004, 37.6210922 ], [ -1.1350195, 37.6212875 ], [ -1.1368069, 37.6215487 ], [ -1.1379987, 37.6215511 ], [ -1.1391538, 37.6213355 ], [ -1.140596, 37.6211232 ], [ -1.1419117, 37.6208178 ], [ -1.1426265, 37.6209291 ], [ -1.1437789, 37.6217898 ], [ -1.1451504, 37.622527 ], [ -1.1467246, 37.6227169 ], [ -1.148916, 37.6229139 ], [ -1.1497216, 37.6228659 ], [ -1.1505311, 37.6226806 ], [ -1.1517193, 37.6223164 ], [ -1.1531825, 37.6218751 ], [ -1.1535466, 37.6212037 ], [ -1.1539998, 37.6204303 ], [ -1.1538912, 37.6197191 ], [ -1.153641, 37.6189376 ], [ -1.1531365, 37.6185081 ], [ -1.1523245, 37.6177889 ], [ -1.1522246, 37.6172725 ], [ -1.1519425, 37.6166051 ], [ -1.1516413, 37.6160978 ], [ -1.1518648, 37.6153218 ], [ -1.1520857, 37.6146372 ], [ -1.1525216, 37.6139667 ], [ -1.1528787, 37.6135356 ], [ -1.1534645, 37.6131416 ], [ -1.1532755, 37.6127272 ], [ -1.1530845, 37.6123815 ], [ -1.1528691, 37.6118866 ], [ -1.1525572, 37.6112533 ], [ -1.1531343, 37.6106644 ], [ -1.1533678, 37.6100373 ], [ -1.1533534, 37.6100372 ], [ -1.1537733, 37.6094237 ], [ -1.1535742, 37.6088603 ], [ -1.1538669, 37.6081766 ], [ -1.1539118, 37.6076161 ], [ -1.1543286, 37.6071055 ], [ -1.1546349, 37.6064449 ], [ -1.1551171, 37.6056604 ], [ -1.1557221, 37.6050948 ], [ -1.156534, 37.6043254 ], [ -1.1576627, 37.6035253 ], [ -1.158361, 37.6027088 ], [ -1.1590713, 37.6014803 ], [ -1.1611215, 37.6000838 ], [ -1.1622141, 37.5995352 ], [ -1.1632238, 37.5988711 ], [ -1.1638427, 37.5983171 ], [ -1.1647873, 37.5974232 ], [ -1.1657452, 37.5965639 ], [ -1.166592, 37.5960696 ], [ -1.1672073, 37.5956415 ], [ -1.1682558, 37.5946228 ], [ -1.1691273, 37.59327 ], [ -1.1693838, 37.5928379 ], [ -1.1697819, 37.5919721 ], [ -1.1709367, 37.5907485 ], [ -1.1715151, 37.5901023 ], [ -1.1716047, 37.5889812 ], [ -1.1720958, 37.587876 ], [ -1.1723558, 37.5873179 ], [ -1.1729626, 37.5861797 ], [ -1.1734246, 37.5855895 ], [ -1.1738101, 37.5851587 ], [ -1.1740953, 37.584223 ], [ -1.1742543, 37.5831827 ], [ -1.1743037, 37.5824619 ], [ -1.1747448, 37.5815966 ], [ -1.1752096, 37.5809034 ], [ -1.1764851, 37.5799674 ], [ -1.1778433, 37.5791467 ], [ -1.1791497, 37.5786347 ], [ -1.1805186, 37.5779401 ], [ -1.1822303, 37.5773066 ], [ -1.1837805, 37.5767973 ], [ -1.1848562, 37.576317 ], [ -1.1849975, 37.5748872 ], [ -1.1859457, 37.5733405 ], [ -1.186937, 37.5722981 ], [ -1.1876836, 37.5712759 ], [ -1.1882884, 37.5701948 ], [ -1.1885747, 37.5692132 ], [ -1.1888018, 37.5682338 ], [ -1.1888141, 37.56785 ], [ -1.1875895, 37.5679016 ], [ -1.1871207, 37.5681197 ], [ -1.1846686, 37.5674342 ], [ -1.1819798, 37.5672041 ], [ -1.1782997, 37.5653703 ], [ -1.1733439, 37.5624294 ], [ -1.1686867, 37.5575356 ], [ -1.1701371, 37.5542488 ], [ -1.170085, 37.552654 ], [ -1.1742033, 37.5513575 ], [ -1.1742781, 37.5501419 ], [ -1.172994, 37.5485167 ], [ -1.1717346, 37.5458386 ], [ -1.1688598, 37.5444337 ], [ -1.1675161, 37.5429342 ], [ -1.1653525, 37.5416304 ], [ -1.1618587, 37.5414578 ], [ -1.1585869, 37.5410293 ], [ -1.1546682, 37.5406978 ], [ -1.1548524, 37.5414751 ], [ -1.1537612, 37.5416552 ], [ -1.1524832, 37.5411677 ], [ -1.1533651, 37.540759 ], [ -1.1533599, 37.540038 ], [ -1.1506411, 37.540139 ], [ -1.1502321, 37.541124 ], [ -1.1496983, 37.541186 ], [ -1.14849, 37.5419895 ], [ -1.1473552, 37.5421068 ], [ -1.1467201, 37.5412576 ], [ -1.1458289, 37.540686 ], [ -1.1361453, 37.5400264 ], [ -1.1336539, 37.5405476 ], [ -1.1325516, 37.539826 ], [ -1.1271634, 37.5389661 ], [ -1.1265686, 37.5396608 ], [ -1.1204585, 37.5378062 ], [ -1.1197765, 37.5365505 ], [ -1.1201107, 37.5345112 ], [ -1.1182434, 37.5345068 ], [ -1.1167027, 37.5345638 ], [ -1.1161687, 37.5351242 ], [ -1.1138127, 37.5351852 ], [ -1.1110055, 37.5343094 ], [ -1.1069795, 37.5355517 ], [ -1.11132, 37.5384517 ], [ -1.1159867, 37.5432324 ], [ -1.1168817, 37.5441029 ], [ -1.1166224, 37.5449549 ], [ -1.1172071, 37.5451248 ], [ -1.1209078, 37.5455809 ], [ -1.1223556, 37.5465221 ], [ -1.125245, 37.5473171 ], [ -1.1264103, 37.5495887 ], [ -1.1256513, 37.5505145 ], [ -1.1259055, 37.551203 ], [ -1.1270627, 37.5520324 ], [ -1.1260574, 37.552836 ], [ -1.1246683, 37.5545179 ], [ -1.1244765, 37.5549373 ], [ -1.1238971, 37.5572712 ], [ -1.1234806, 37.5571942 ], [ -1.1213345, 37.5565461 ], [ -1.1220013, 37.5597561 ], [ -1.12101, 37.5595347 ], [ -1.1196928, 37.5601446 ], [ -1.12031, 37.562154 ], [ -1.1194694, 37.5622758 ], [ -1.1182359, 37.5631743 ], [ -1.1149572, 37.5638711 ], [ -1.1135923, 37.5654884 ], [ -1.1124973, 37.5653469 ], [ -1.1118878, 37.5670665 ], [ -1.1085733, 37.5692045 ], [ -1.1079045, 37.5687882 ], [ -1.1076082, 37.5693129 ], [ -1.1069184, 37.569268 ], [ -1.1037861, 37.5682264 ], [ -1.1024484, 37.5687259 ], [ -1.1022723, 37.5680669 ], [ -1.1002021, 37.5684644 ], [ -1.0958288, 37.5707906 ], [ -1.0938372, 37.5707416 ], [ -1.0921418, 37.5715253 ], [ -1.09186, 37.5727909 ], [ -1.0908268, 37.5737937 ], [ -1.0909019, 37.5748398 ], [ -1.0881754, 37.5765361 ], [ -1.0841793, 37.5769219 ], [ -1.0837424, 37.5776076 ], [ -1.0805195, 37.5778875 ], [ -1.0798913, 37.5794376 ], [ -1.078719, 37.5818518 ], [ -1.0759633, 37.5820153 ], [ -1.0738609, 37.5840538 ], [ -1.0715532, 37.5834908 ], [ -1.0715352, 37.5835243 ], [ -1.0709594, 37.5840555 ], [ -1.0700625, 37.5847659 ], [ -1.0689772, 37.5860123 ], [ -1.0687417, 37.586685 ], [ -1.0694343, 37.5875179 ], [ -1.0697969, 37.5883467 ], [ -1.0700919, 37.5890373 ], [ -1.070259, 37.5901615 ], [ -1.0707501, 37.5910148 ], [ -1.071041, 37.5918428 ], [ -1.0713667, 37.592946 ], [ -1.0716016, 37.5937275 ], [ -1.0720209, 37.5945799 ], [ -1.0730116, 37.5955309 ], [ -1.0734224, 37.5961885 ], [ -1.0729877, 37.5968016 ], [ -1.072674, 37.59721 ], [ -1.0724548, 37.5978142 ], [ -1.0721752, 37.5985207 ], [ -1.0719669, 37.5992396 ], [ -1.0716665, 37.5996825 ], [ -1.0714313, 37.6003438 ], [ -1.0713126, 37.6009492 ], [ -1.0705918, 37.6015244 ], [ -1.070591, 37.6020282 ], [ -1.0706032, 37.602578 ], [ -1.0708464, 37.6030848 ], [ -1.070799, 37.6037025 ], [ -1.0707395, 37.6042514 ], [ -1.0705743, 37.6049708 ], [ -1.0707161, 37.6059801 ], [ -1.0697848, 37.6068734 ], [ -1.0693598, 37.6062041 ], [ -1.0686854, 37.6057149 ], [ -1.0681802, 37.6053309 ], [ -1.067493, 37.6052653 ], [ -1.0668472, 37.6052574 ], [ -1.0662662, 37.6054793 ], [ -1.0658365, 37.6059206 ], [ -1.0658473, 37.6065162 ], [ -1.0654752, 37.6074277 ], [ -1.0647225, 37.6081055 ], [ -1.0644866, 37.6083382 ], [ -1.0638051, 37.6090104 ], [ -1.062337, 37.6100802 ], [ -1.0610071, 37.6113234 ], [ -1.0595317, 37.6126336 ], [ -1.0582235, 37.6136366 ], [ -1.0565978, 37.6151624 ], [ -1.0546898, 37.6165245 ], [ -1.0540932, 37.6177308 ], [ -1.0524366, 37.6193249 ], [ -1.0506309, 37.62015 ], [ -1.0476422, 37.6211551 ], [ -1.0448996, 37.6220944 ], [ -1.0423673, 37.6231966 ], [ -1.0429732, 37.6237902 ], [ -1.0433852, 37.6241939 ], [ -1.0441052, 37.6250731 ], [ -1.0445385, 37.6256824 ], [ -1.0445734, 37.6257315 ], [ -1.0448109, 37.6258154 ], [ -1.0453122, 37.6259926 ], [ -1.0462659, 37.6257983 ], [ -1.0472533, 37.6254441 ], [ -1.0481831, 37.6250892 ], [ -1.0491649, 37.6249181 ], [ -1.0494475, 37.6250705 ], [ -1.0498603, 37.6251901 ], [ -1.0504223, 37.6255978 ], [ -1.0505009, 37.6263201 ], [ -1.0505809, 37.6269967 ], [ -1.0511182, 37.6282171 ], [ -1.0518146, 37.629405 ], [ -1.0525347, 37.6302842 ], [ -1.0526067, 37.6303662 ] ] ] } },
{ "type": "Feature", "properties": { "CCAA": "14 - Región de Murcia", "PROVINCIA": "30 - Murcia", "MUNICIPIO": "30016 - Cartagena", "COD_MUNICIPIO": "30016", "DISTRITO": "07", "SECCION": "3001607002", "V1_H": 79.29, "V1_M": 85.18, "V2_H": 79.29248013, "V2_M": 85.31775581, "V3_H": 79.43295666, "V3_M": 85.21995842 }, "geometry": { "type": "Polygon", "coordinates": [ [ [ -1.0461744, 37.7001606 ], [ -1.0463709, 37.7001347 ], [ -1.047272, 37.6998138 ], [ -1.0484843, 37.6996571 ], [ -1.0492518, 37.6994719 ], [ -1.0508307, 37.6995487 ], [ -1.0515971, 37.6984589 ], [ -1.0523086, 37.6972769 ], [ -1.0533517, 37.6960646 ], [ -1.0538406, 37.6955897 ], [ -1.0543742, 37.6950582 ], [ -1.0550924, 37.6941281 ], [ -1.0558205, 37.693347 ], [ -1.0564334, 37.6930454 ], [ -1.056725, 37.6933811 ], [ -1.057232, 37.6942003 ], [ -1.0577869, 37.6948597 ], [ -1.0583103, 37.6956104 ], [ -1.0589498, 37.6963282 ], [ -1.0596452, 37.696623 ], [ -1.060566, 37.6970694 ], [ -1.0616677, 37.6977127 ], [ -1.0625392, 37.6983646 ], [ -1.0632176, 37.6992203 ], [ -1.0638674, 37.7000755 ], [ -1.0645033, 37.7013886 ], [ -1.0648293, 37.7024918 ], [ -1.0656953, 37.7023765 ], [ -1.066593, 37.701689 ], [ -1.0669956, 37.701213 ], [ -1.0673289, 37.7020759 ], [ -1.0684728, 37.702754 ], [ -1.0699847, 37.7041006 ], [ -1.0711954, 37.7049513 ], [ -1.0723499, 37.7057554 ], [ -1.0735781, 37.7065032 ], [ -1.0745764, 37.7072481 ], [ -1.0756836, 37.7077196 ], [ -1.0772873, 37.7084146 ], [ -1.0791821, 37.7089872 ], [ -1.0803592, 37.7095282 ], [ -1.0813299, 37.7102384 ], [ -1.0829373, 37.7112884 ], [ -1.0840702, 37.7123441 ], [ -1.0844179, 37.7123332 ], [ -1.0848617, 37.7123193 ], [ -1.086111, 37.7128496 ], [ -1.0887029, 37.7136823 ], [ -1.0905535, 37.7143001 ], [ -1.0919788, 37.7147179 ], [ -1.0948958, 37.7157377 ], [ -1.0964009, 37.716374 ], [ -1.0969465, 37.7168844 ], [ -1.0968856, 37.7164599 ], [ -1.0942185, 37.7152753 ], [ -1.0860016, 37.7122783 ], [ -1.0824621, 37.7068136 ], [ -1.0769414, 37.6980522 ], [ -1.0758985, 37.6964731 ], [ -1.0748603, 37.6947138 ], [ -1.0739406, 37.6937389 ], [ -1.0730717, 37.6927797 ], [ -1.072827, 37.6926282 ], [ -1.0728026, 37.6925855 ], [ -1.0727046, 37.6925312 ], [ -1.072639, 37.6925038 ], [ -1.0723597, 37.6924071 ], [ -1.0720193, 37.6921117 ], [ -1.0716142, 37.6917494 ], [ -1.0713567, 37.6914554 ], [ -1.0708702, 37.6910391 ], [ -1.0706755, 37.6908779 ], [ -1.0702691, 37.6905683 ], [ -1.0701561, 37.6904747 ], [ -1.0658347, 37.6922378 ], [ -1.0658697, 37.692368 ], [ -1.0657058, 37.6923529 ], [ -1.0651023, 37.6921006 ], [ -1.0642241, 37.691589 ], [ -1.0638501, 37.6912348 ], [ -1.0604415, 37.6888242 ], [ -1.060327, 37.6876385 ], [ -1.0636318, 37.687421 ], [ -1.0644858, 37.6874739 ], [ -1.0647258, 37.6876429 ], [ -1.067116, 37.6870027 ], [ -1.0661581, 37.6859791 ], [ -1.0650734, 37.6848695 ], [ -1.0643565, 37.6840225 ], [ -1.0642156, 37.6838382 ], [ -1.0635078, 37.6826439 ], [ -1.0622018, 37.6804473 ], [ -1.0613384, 37.6792339 ], [ -1.0609847, 37.6788311 ], [ -1.0607196, 37.6786199 ], [ -1.0595442, 37.6778066 ], [ -1.0585885, 37.6769473 ], [ -1.0575045, 37.6762182 ], [ -1.0561775, 37.6748317 ], [ -1.0549578, 37.6734651 ], [ -1.0532048, 37.6724552 ], [ -1.0509884, 37.6695206 ], [ -1.0498327, 37.6679569 ], [ -1.0489958, 37.6668 ], [ -1.048163, 37.6659048 ], [ -1.0475307, 37.6653184 ], [ -1.0472403, 37.6651177 ], [ -1.047175, 37.6650725 ], [ -1.0478345, 37.6658022 ], [ -1.0485043, 37.6665191 ], [ -1.0488362, 37.6687687 ], [ -1.0490774, 37.6698137 ], [ -1.0494773, 37.6708377 ], [ -1.0493738, 37.6718784 ], [ -1.048966, 37.672526 ], [ -1.0485994, 37.6737123 ], [ -1.04839, 37.6741808 ], [ -1.0480751, 37.6748852 ], [ -1.0477084, 37.6760715 ], [ -1.0476367, 37.6770095 ], [ -1.0475829, 37.6778333 ], [ -1.0479792, 37.6785023 ], [ -1.0485014, 37.6792873 ], [ -1.0486785, 37.6800796 ], [ -1.0480142, 37.6806554 ], [ -1.0473356, 37.6812309 ], [ -1.0465046, 37.6820908 ], [ -1.0454187, 37.6828217 ], [ -1.0446427, 37.6837624 ], [ -1.0442822, 37.6842732 ], [ -1.0439118, 37.6851044 ], [ -1.0437434, 37.6859153 ], [ -1.0433153, 37.6872268 ], [ -1.0432393, 37.6883021 ], [ -1.0431917, 37.6893893 ], [ -1.0427029, 37.6908031 ], [ -1.042431, 37.6917043 ], [ -1.0416626, 37.6928626 ], [ -1.0413395, 37.6940265 ], [ -1.0418554, 37.6945482 ], [ -1.0426254, 37.6952219 ], [ -1.0432405, 37.6962601 ], [ -1.0441813, 37.6974626 ], [ -1.0461744, 37.7001606 ] ] ] } },
{ "type": "Feature", "properties": { "CCAA": "14 - Región de Murcia", "PROVINCIA": "30 - Murcia", "MUNICIPIO": "30016 - Cartagena", "COD_MUNICIPIO": "30016", "DISTRITO": "07", "SECCION": "3001607004", "V1_H": 80.21, "V1_M": 86.09, "V2_H": 80.08965404, "V2_M": 85.91309697, "V3_H": 80.44476746, "V3_M": 86.42186139 }, "geometry": { "type": "Polygon", "coordinates": [ [ [ -0.9671369, 37.6924514 ], [ -0.9683758, 37.6933319 ], [ -0.9704623, 37.6954003 ], [ -0.9727296, 37.6978151 ], [ -0.9750669, 37.7002035 ], [ -0.9770884, 37.7015135 ], [ -0.978446, 37.6951739 ], [ -0.9791495, 37.6919999 ], [ -0.9802993, 37.6883394 ], [ -0.9812604, 37.6833596 ], [ -0.9821484, 37.680413 ], [ -0.9823191, 37.6798467 ], [ -0.9832886, 37.6750502 ], [ -0.983825, 37.6730648 ], [ -0.9850204, 37.6674697 ], [ -0.9862657, 37.6630257 ], [ -0.9824888, 37.6625134 ], [ -0.9816497, 37.6622393 ], [ -0.979857, 37.6616779 ], [ -0.978396, 37.661533 ], [ -0.9773347, 37.6614734 ], [ -0.9745223, 37.6613568 ], [ -0.9720388, 37.6612901 ], [ -0.9700203, 37.6610577 ], [ -0.9674808, 37.6609444 ], [ -0.9662274, 37.661054 ], [ -0.9648112, 37.6617683 ], [ -0.9634862, 37.6623235 ], [ -0.9623478, 37.662881 ], [ -0.9612916, 37.6626611 ], [ -0.9598692, 37.6622074 ], [ -0.9587154, 37.6614365 ], [ -0.9571419, 37.6607632 ], [ -0.9559064, 37.6598538 ], [ -0.9557122, 37.660263 ], [ -0.9555985, 37.6605024 ], [ -0.9540801, 37.6617191 ], [ -0.9516495, 37.6631526 ], [ -0.9502868, 37.6644399 ], [ -0.9486993, 37.6655639 ], [ -0.9474961, 37.6663495 ], [ -0.9461845, 37.6669276 ], [ -0.9444355, 37.6677059 ], [ -0.9436859, 37.6682341 ], [ -0.9426767, 37.6692398 ], [ -0.9416598, 37.6700392 ], [ -0.9403556, 37.6712814 ], [ -0.9393626, 37.67223 ], [ -0.938747, 37.6730576 ], [ -0.9385145, 37.6740392 ], [ -0.9379077, 37.6750388 ], [ -0.936782, 37.674291 ], [ -0.9363843, 37.6745948 ], [ -0.9349234, 37.6753425 ], [ -0.9339251, 37.6760047 ], [ -0.9330751, 37.6769666 ], [ -0.9327128, 37.6775114 ], [ -0.9336222, 37.6778327 ], [ -0.9347427, 37.6782942 ], [ -0.9368711, 37.6791469 ], [ -0.9394224, 37.6798106 ], [ -0.9413444, 37.6804686 ], [ -0.9413435, 37.6804749 ], [ -0.9417549, 37.6806078 ], [ -0.9424503, 37.6810287 ], [ -0.9432546, 37.6813157 ], [ -0.9452844, 37.6821098 ], [ -0.9467911, 37.6826335 ], [ -0.9493438, 37.6837092 ], [ -0.9522974, 37.684836 ], [ -0.9528164, 37.6850385 ], [ -0.9551224, 37.6859381 ], [ -0.9567385, 37.6865211 ], [ -0.9568443, 37.6865624 ], [ -0.9569782, 37.6857371 ], [ -0.957552, 37.6857697 ], [ -0.9579281, 37.6858569 ], [ -0.9584407, 37.6860199 ], [ -0.9592353, 37.685322 ], [ -0.958734, 37.6847483 ], [ -0.960109, 37.6847577 ], [ -0.9602187, 37.6844228 ], [ -0.9603611, 37.6839458 ], [ -0.9603842, 37.6836266 ], [ -0.9604371, 37.6830053 ], [ -0.9605028, 37.682704 ], [ -0.9631361, 37.6830577 ], [ -0.9633779, 37.6831418 ], [ -0.9640703, 37.6832699 ], [ -0.9637955, 37.6837738 ], [ -0.9636694, 37.6843806 ], [ -0.9638365, 37.6847382 ], [ -0.9642361, 37.6855214 ], [ -0.9650545, 37.6857697 ], [ -0.9658794, 37.6859213 ], [ -0.968963, 37.6886833 ], [ -0.968017, 37.6889017 ], [ -0.9671369, 37.6924514 ] ] ] } },
{ "type": "Feature", "properties": { "CCAA": "14 - Región de Murcia", "PROVINCIA": "30 - Murcia", "MUNICIPIO": "30016 - Cartagena", "COD_MUNICIPIO": "30016", "DISTRITO": "07", "SECCION": "3001607009", "V1_H": 79.85, "V1_M": 85.78, "V2_H": 79.86035794, "V2_M": 85.76242541000001, "V3_H": 79.99500792000001, "V3_M": 85.93655133 }, "geometry": { "type": "Polygon", "coordinates": [ [ [ -1.0454787, 37.7143543 ], [ -1.0454493, 37.7144468 ], [ -1.0453019, 37.7145731 ], [ -1.0450448, 37.7148764 ], [ -1.0449477, 37.7150298 ], [ -1.0447759, 37.7152845 ], [ -1.0447199, 37.7153598 ], [ -1.0446673, 37.7154186 ], [ -1.0446216, 37.7155585 ], [ -1.0447425, 37.7158705 ], [ -1.0446951, 37.7159627 ], [ -1.0446194, 37.7159853 ], [ -1.0442823, 37.7162515 ], [ -1.0440925, 37.7163914 ], [ -1.0439217, 37.7164935 ], [ -1.0438653, 37.7165832 ], [ -1.0437639, 37.7167866 ], [ -1.0437058, 37.7169406 ], [ -1.0436516, 37.7170637 ], [ -1.0435691, 37.7172316 ], [ -1.04352, 37.7172737 ], [ -1.0434106, 37.7173243 ], [ -1.043298, 37.7173821 ], [ -1.0431238, 37.7174984 ], [ -1.0430066, 37.7176205 ], [ -1.0428639, 37.7176801 ], [ -1.0425464, 37.7178846 ], [ -1.0426436, 37.7180675 ], [ -1.0428584, 37.7184621 ], [ -1.0429957, 37.7187171 ], [ -1.0431386, 37.7189913 ], [ -1.0432239, 37.7191716 ], [ -1.043285, 37.7193586 ], [ -1.043725, 37.7193457 ], [ -1.0445371, 37.7192918 ], [ -1.0471192, 37.7191678 ], [ -1.0476005, 37.719024 ], [ -1.0482742, 37.7188303 ], [ -1.048231, 37.7186551 ], [ -1.0495403, 37.7178953 ], [ -1.0495806, 37.7177481 ], [ -1.0499065, 37.7155356 ], [ -1.0500174, 37.7150914 ], [ -1.0497692, 37.7147616 ], [ -1.0495534, 37.7144075 ], [ -1.0494706, 37.714244 ], [ -1.049405, 37.7139997 ], [ -1.0493672, 37.7138393 ], [ -1.0493434, 37.7138317 ], [ -1.0492807, 37.7138188 ], [ -1.0492659, 37.713809 ], [ -1.0492332, 37.7137989 ], [ -1.0491557, 37.7137785 ], [ -1.0490403, 37.7137146 ], [ -1.0486935, 37.7136612 ], [ -1.0484436, 37.7136905 ], [ -1.0476909, 37.713895 ], [ -1.0470518, 37.7140012 ], [ -1.0464546, 37.7141129 ], [ -1.0462886, 37.7141459 ], [ -1.0460476, 37.7141777 ], [ -1.0456835, 37.7142772 ], [ -1.0454479, 37.7142703 ], [ -1.0454787, 37.7143543 ] ] ] } },
{ "type": "Feature", "properties": { "CCAA": "14 - Región de Murcia", "PROVINCIA": "30 - Murcia", "MUNICIPIO": "30016 - Cartagena", "COD_MUNICIPIO": "30016", "DISTRITO": "07", "SECCION": "3001607011", "V1_H": 80.23, "V1_M": 86.04, "V2_H": 80.01377171, "V2_M": 86.1814847, "V3_H": 80.55154758, "V3_M": 86.06989916000001 }, "geometry": { "type": "Polygon", "coordinates": [ [ [ -0.9633363, 37.689478 ], [ -0.9634673, 37.6896233 ], [ -0.9638177, 37.6900612 ], [ -0.9638981, 37.6901162 ], [ -0.9649442, 37.6908955 ], [ -0.9652084, 37.6910512 ], [ -0.9660251, 37.6915886 ], [ -0.9666313, 37.6920921 ], [ -0.9671369, 37.6924514 ], [ -0.968017, 37.6889017 ], [ -0.968963, 37.6886833 ], [ -0.9658794, 37.6859213 ], [ -0.9650545, 37.6857697 ], [ -0.9642361, 37.6855214 ], [ -0.9638365, 37.6847382 ], [ -0.9636694, 37.6843806 ], [ -0.9637955, 37.6837738 ], [ -0.9640703, 37.6832699 ], [ -0.9633779, 37.6831418 ], [ -0.9631361, 37.6830577 ], [ -0.9605028, 37.682704 ], [ -0.9604371, 37.6830053 ], [ -0.9603842, 37.6836266 ], [ -0.9603611, 37.6839458 ], [ -0.9602187, 37.6844228 ], [ -0.960109, 37.6847577 ], [ -0.958734, 37.6847483 ], [ -0.9592353, 37.685322 ], [ -0.9584407, 37.6860199 ], [ -0.9579281, 37.6858569 ], [ -0.957552, 37.6857697 ], [ -0.9569782, 37.6857371 ], [ -0.9568443, 37.6865624 ], [ -0.9604466, 37.6879696 ], [ -0.9613882, 37.6882796 ], [ -0.9623477, 37.688662 ], [ -0.9627555, 37.6888694 ], [ -0.9629399, 37.6890384 ], [ -0.9633363, 37.689478 ] ] ] } },
{ "type": "Feature", "properties": { "CCAA": "14 - Región de Murcia", "PROVINCIA": "30 - Murcia", "MUNICIPIO": "30016 - Cartagena", "COD_MUNICIPIO": "30016", "DISTRITO": "08", "SECCION": "3001608020", "V1_H": 80.02, "V1_M": 85.97, "V2_H": 79.96436773000001, "V2_M": 86.10256972000001, "V3_H": 80.28635595, "V3_M": 85.87857517 }, "geometry": { "type": "Polygon", "coordinates": [ [ [ -0.9887851, 37.6227127 ], [ -0.988903, 37.6227784 ], [ -0.9889763, 37.6228164 ], [ -0.9890506, 37.6228604 ], [ -0.9891265, 37.6229063 ], [ -0.9892283, 37.6229662 ], [ -0.9893959, 37.6230615 ], [ -0.9893984, 37.623063 ], [ -0.9894815, 37.6231149 ], [ -0.9895478, 37.6231546 ], [ -0.9895989, 37.623188 ], [ -0.9896438, 37.623217 ], [ -0.9897055, 37.6232584 ], [ -0.9897712, 37.6233008 ], [ -0.9898356, 37.6233451 ], [ -0.9898995, 37.6233903 ], [ -0.9899468, 37.6234241 ], [ -0.9899801, 37.6234482 ], [ -0.99003, 37.6234814 ], [ -0.9901083, 37.6235397 ], [ -0.9901916, 37.6236014 ], [ -0.9902571, 37.6236484 ], [ -0.9903455, 37.6237267 ], [ -0.9903855, 37.6237615 ], [ -0.9903856, 37.6237613 ], [ -0.9903907, 37.6237498 ], [ -0.990501, 37.6235069 ], [ -0.9904089, 37.6234742 ], [ -0.9903968, 37.6234699 ], [ -0.990368, 37.6234519 ], [ -0.9903548, 37.6234437 ], [ -0.9903325, 37.6234225 ], [ -0.9903275, 37.6234178 ], [ -0.9903227, 37.6233972 ], [ -0.9903302, 37.6233699 ], [ -0.9906465, 37.6229144 ], [ -0.9907406, 37.6227921 ], [ -0.9907846, 37.6227347 ], [ -0.9909435, 37.622505 ], [ -0.9909732, 37.6224619 ], [ -0.9909796, 37.6224288 ], [ -0.9909724, 37.6224277 ], [ -0.9909184, 37.6224199 ], [ -0.9909517, 37.6222159 ], [ -0.9909513, 37.6222004 ], [ -0.9909505, 37.6221745 ], [ -0.9909501, 37.6221606 ], [ -0.9909398, 37.6221064 ], [ -0.9909264, 37.6220361 ], [ -0.9908724, 37.6217529 ], [ -0.9908563, 37.621669 ], [ -0.9908505, 37.6216503 ], [ -0.9908234, 37.6215622 ], [ -0.990774, 37.621403 ], [ -0.9907395, 37.6212912 ], [ -0.9906982, 37.6211561 ], [ -0.9906054, 37.6208513 ], [ -0.99054, 37.6206364 ], [ -0.9905293, 37.6206061 ], [ -0.9905124, 37.6205589 ], [ -0.9904745, 37.6204525 ], [ -0.9904582, 37.620407 ], [ -0.9903366, 37.6200656 ], [ -0.9901389, 37.6195115 ], [ -0.9901331, 37.6194951 ], [ -0.9901034, 37.6194237 ], [ -0.9900801, 37.6193678 ], [ -0.9900136, 37.6190525 ], [ -0.9898921, 37.6184766 ], [ -0.9897939, 37.6180113 ], [ -0.9897872, 37.6179794 ], [ -0.9897692, 37.6178855 ], [ -0.9897205, 37.6176336 ], [ -0.9897056, 37.6175614 ], [ -0.9896978, 37.617524 ], [ -0.9896864, 37.6174692 ], [ -0.9896833, 37.6174534 ], [ -0.9896449, 37.617261 ], [ -0.989619, 37.617134 ], [ -0.989521, 37.6168483 ], [ -0.989489, 37.6167576 ], [ -0.9894594, 37.6166743 ], [ -0.9894073, 37.6164297 ], [ -0.9894041, 37.6164106 ], [ -0.9894013, 37.6169518 ], [ -0.9894007, 37.6170398 ], [ -0.9893953, 37.6171136 ], [ -0.9893779, 37.6172039 ], [ -0.9893501, 37.6173328 ], [ -0.9893133, 37.6174572 ], [ -0.9892763, 37.6175991 ], [ -0.9892692, 37.6176259 ], [ -0.9892676, 37.6176308 ], [ -0.9891628, 37.6179431 ], [ -0.9891363, 37.6180256 ], [ -0.9890875, 37.6181777 ], [ -0.989001, 37.6184469 ], [ -0.9889265, 37.6186788 ], [ -0.9888871, 37.6188012 ], [ -0.988793, 37.6190939 ], [ -0.9887536, 37.6192163 ], [ -0.9887325, 37.619282 ], [ -0.9885934, 37.6197278 ], [ -0.9885857, 37.6197525 ], [ -0.9885381, 37.6198917 ], [ -0.9885235, 37.6199538 ], [ -0.9885208, 37.6200044 ], [ -0.9885186, 37.6200446 ], [ -0.9885137, 37.6201278 ], [ -0.9885255, 37.6202623 ], [ -0.9885411, 37.6204038 ], [ -0.9885751, 37.6207163 ], [ -0.9885838, 37.6207867 ], [ -0.9885894, 37.6208324 ], [ -0.988608, 37.620986 ], [ -0.98863, 37.6211685 ], [ -0.9886309, 37.6211757 ], [ -0.9886604, 37.6214755 ], [ -0.988668, 37.621552 ], [ -0.9886695, 37.6215675 ], [ -0.9886907, 37.6217854 ], [ -0.9887101, 37.621953 ], [ -0.9887157, 37.6220034 ], [ -0.9887259, 37.6220634 ], [ -0.9887357, 37.6221229 ], [ -0.9887443, 37.6221813 ], [ -0.9888143, 37.6226587 ], [ -0.9888066, 37.6226841 ], [ -0.9887852, 37.6227125 ], [ -0.9887851, 37.6227127 ] ] ] } },
{ "type": "Feature", "properties": { "CCAA": "14 - Región de Murcia", "PROVINCIA": "30 - Murcia", "MUNICIPIO": "30016 - Cartagena", "COD_MUNICIPIO": "30016", "DISTRITO": "08", "SECCION": "3001608022", "V1_H": 80.01, "V1_M": 85.96, "V2_H": 79.87654463, "V2_M": 85.8497366, "V3_H": 80.24882261, "V3_M": 86.17409879 }, "geometry": { "type": "Polygon", "coordinates": [ [ [ -0.9958512, 37.6012435 ], [ -0.9958285, 37.6012762 ], [ -0.9957935, 37.6013265 ], [ -0.9955404, 37.6016903 ], [ -0.9951749, 37.6022157 ], [ -0.9948058, 37.6027545 ], [ -0.9943666, 37.6033839 ], [ -0.9939511, 37.6039798 ], [ -0.9939193, 37.6040244 ], [ -0.9938934, 37.6040573 ], [ -0.9938752, 37.6040775 ], [ -0.9938555, 37.6040987 ], [ -0.9938358, 37.6041155 ], [ -0.9938132, 37.6041335 ], [ -0.9937878, 37.6041482 ], [ -0.9937728, 37.6041565 ], [ -0.9937454, 37.6041658 ], [ -0.9938403, 37.6041499 ], [ -0.9938532, 37.6041475 ], [ -0.9945101, 37.6040306 ], [ -0.9950511, 37.6039342 ], [ -0.995189, 37.6039089 ], [ -0.9957819, 37.6038004 ], [ -0.9960997, 37.6037422 ], [ -0.9962006, 37.6037263 ], [ -0.9970413, 37.6035697 ], [ -0.9970686, 37.6036753 ], [ -0.9971659, 37.6040633 ], [ -0.9971713, 37.6040799 ], [ -0.9973196, 37.6040501 ], [ -0.9975104, 37.6040132 ], [ -0.9975878, 37.6039976 ], [ -0.9979054, 37.6039295 ], [ -0.9979033, 37.6039226 ], [ -0.9978777, 37.6038335 ], [ -0.9979726, 37.6038378 ], [ -0.998036, 37.6038402 ], [ -0.9981382, 37.6038483 ], [ -0.9982536, 37.6038599 ], [ -0.9983572, 37.603871 ], [ -0.9985245, 37.6038914 ], [ -0.9985744, 37.6038965 ], [ -0.9986245, 37.6039067 ], [ -0.9988282, 37.6039557 ], [ -0.9988692, 37.6039671 ], [ -0.9988875, 37.6039722 ], [ -0.998922, 37.6039803 ], [ -0.9989333, 37.603983 ], [ -0.9989902, 37.6039889 ], [ -0.9990089, 37.6039892 ], [ -0.9991822, 37.6039385 ], [ -0.9992267, 37.6039361 ], [ -0.9992842, 37.6039579 ], [ -0.9993545, 37.6039845 ], [ -0.9993643, 37.6039614 ], [ -0.9993801, 37.6039241 ], [ -0.9994215, 37.6038437 ], [ -0.9994576, 37.6037829 ], [ -0.9994886, 37.6037345 ], [ -0.9995665, 37.603655 ], [ -0.9996112, 37.6036137 ], [ -0.9996358, 37.6035964 ], [ -0.9996601, 37.6035875 ], [ -0.9996842, 37.6035831 ], [ -0.9997274, 37.6035892 ], [ -1.0000492, 37.6036836 ], [ -1.0000633, 37.6036498 ], [ -1.0000741, 37.6036346 ], [ -1.0000872, 37.6036272 ], [ -1.0000878, 37.603627 ], [ -1.0000994, 37.6036244 ], [ -1.0001172, 37.6036194 ], [ -1.0001423, 37.6036122 ], [ -1.0001621, 37.6036054 ], [ -1.0001886, 37.6035956 ], [ -1.0002053, 37.6035887 ], [ -1.0002379, 37.6035755 ], [ -1.0002749, 37.6035553 ], [ -1.0003223, 37.6035249 ], [ -1.0003801, 37.6034842 ], [ -1.0004338, 37.6034479 ], [ -1.0004377, 37.603445 ], [ -1.0006607, 37.603168 ], [ -1.0004995, 37.6031535 ], [ -1.000425, 37.6030118 ], [ -1.0000786, 37.6030648 ], [ -1.0000079, 37.6028426 ], [ -0.9999373, 37.6028521 ], [ -0.999893, 37.602858 ], [ -0.9997745, 37.6028741 ], [ -0.9997395, 37.6027522 ], [ -0.9996961, 37.6026019 ], [ -0.9996762, 37.6025332 ], [ -0.9995964, 37.60254 ], [ -0.9994464, 37.6025529 ], [ -0.9994083, 37.602514 ], [ -0.9993577, 37.6024626 ], [ -0.9992134, 37.6023166 ], [ -0.9992082, 37.6023133 ], [ -0.9990768, 37.6022317 ], [ -0.9986025, 37.6019274 ], [ -0.9982048, 37.6016726 ], [ -0.9979061, 37.6016495 ], [ -0.9978403, 37.6020009 ], [ -0.997724, 37.6019419 ], [ -0.9973857, 37.6019651 ], [ -0.9972003, 37.6019408 ], [ -0.9971985, 37.6018055 ], [ -0.9969042, 37.6017857 ], [ -0.9967371, 37.6015026 ], [ -0.9965163, 37.601434 ], [ -0.9961644, 37.6013329 ], [ -0.9958547, 37.6012385 ], [ -0.9958512, 37.6012435 ] ] ] } },
{ "type": "Feature", "properties": { "CCAA": "14 - Región de Murcia", "PROVINCIA": "30 - Murcia", "MUNICIPIO": "30016 - Cartagena", "COD_MUNICIPIO": "30016", "DISTRITO": "08", "SECCION": "3001608029", "V1_H": 80.53, "V1_M": 86.43, "V2_H": 80.43347749, "V2_M": 86.30479166000001, "V3_H": 80.8868878, "V3_M": 86.74881461 }, "geometry": { "type": "Polygon", "coordinates": [ [ [ -1.0077381, 37.6214277 ], [ -1.007957, 37.6213169 ], [ -1.0095633, 37.6209333 ], [ -1.0106062, 37.6222813 ], [ -1.0107189, 37.6222388 ], [ -1.0108619, 37.6221771 ], [ -1.0124963, 37.6213078 ], [ -1.0122447, 37.6202282 ], [ -1.0118259, 37.6194277 ], [ -1.0113392, 37.6189761 ], [ -1.0104905, 37.6183433 ], [ -1.0094916, 37.617848 ], [ -1.0085906, 37.6175294 ], [ -1.0065871, 37.6172972 ], [ -1.0057813, 37.6172603 ], [ -1.0046741, 37.6169731 ], [ -1.0037138, 37.6166768 ], [ -1.0028288, 37.6163118 ], [ -1.0023813, 37.6161488 ], [ -1.0024588, 37.6162574 ], [ -1.0024946, 37.6163444 ], [ -1.0025117, 37.616386 ], [ -1.0031166, 37.6178612 ], [ -1.003349, 37.6184358 ], [ -1.0040374, 37.6201385 ], [ -1.0041861, 37.6201038 ], [ -1.0066143, 37.6194942 ], [ -1.0066971, 37.6194956 ], [ -1.0067847, 37.6197344 ], [ -1.0067713, 37.6198221 ], [ -1.0070429, 37.6204868 ], [ -1.0073578, 37.6204122 ], [ -1.0077381, 37.6214277 ] ] ] } },
{ "type": "Feature", "properties": { "CCAA": "14 - Región de Murcia", "PROVINCIA": "30 - Murcia", "MUNICIPIO": "30016 - Cartagena", "COD_MUNICIPIO": "30016", "DISTRITO": "08", "SECCION": "3001608031", "V1_H": 80.02, "V1_M": 86.02, "V2_H": 79.96138623, "V2_M": 86.18252023, "V3_H": 80.18726569, "V3_M": 86.15258899 }, "geometry": { "type": "Polygon", "coordinates": [ [ [ -0.9875965, 37.6295687 ], [ -0.9877513, 37.6300131 ], [ -0.9878279, 37.6302664 ], [ -0.9879342, 37.6306528 ], [ -0.9879832, 37.6308588 ], [ -0.9880037, 37.6311413 ], [ -0.9880435, 37.6313345 ], [ -0.9882828, 37.6324802 ], [ -0.9884743, 37.6333118 ], [ -0.9885937, 37.6338958 ], [ -0.9886823, 37.6343674 ], [ -0.9887068, 37.6349185 ], [ -0.9887006, 37.6355676 ], [ -0.9886583, 37.6371339 ], [ -0.9886337, 37.6378026 ], [ -0.9915659, 37.6391642 ], [ -0.99183, 37.6392873 ], [ -0.9920452, 37.6383323 ], [ -0.9923392, 37.6370665 ], [ -0.9927397, 37.6352745 ], [ -0.9930116, 37.6341477 ], [ -0.9932304, 37.6329986 ], [ -0.993623, 37.6318374 ], [ -0.9936619, 37.6296234 ], [ -0.9928839, 37.6296189 ], [ -0.9925221, 37.6296273 ], [ -0.9924257, 37.6296294 ], [ -0.9921854, 37.629635 ], [ -0.9919741, 37.6296365 ], [ -0.9914317, 37.6296405 ], [ -0.9913525, 37.6296411 ], [ -0.9909955, 37.6296438 ], [ -0.9909818, 37.6296439 ], [ -0.990938, 37.6296443 ], [ -0.9908844, 37.6296438 ], [ -0.9906242, 37.6296416 ], [ -0.9902233, 37.6296383 ], [ -0.9898116, 37.6296348 ], [ -0.9897801, 37.6296346 ], [ -0.9896147, 37.6296333 ], [ -0.9895766, 37.6296333 ], [ -0.989335, 37.6296342 ], [ -0.9891923, 37.6296347 ], [ -0.9883748, 37.6295873 ], [ -0.9883491, 37.6295859 ], [ -0.9881949, 37.6295824 ], [ -0.9880231, 37.6295784 ], [ -0.987872, 37.629575 ], [ -0.9875965, 37.6295687 ] ] ] } },
{ "type": "Feature", "properties": { "CCAA": "14 - Región de Murcia", "PROVINCIA": "30 - Murcia", "MUNICIPIO": "30016 - Cartagena", "COD_MUNICIPIO": "30016", "DISTRITO": "10", "SECCION": "3001610008", "V1_H": 80.11, "V1_M": 85.95, "V2_H": 80.1609953, "V2_M": 86.03869322, "V3_H": 80.32004483, "V3_M": 85.9872989 }, "geometry": { "type": "Polygon", "coordinates": [ [ [ -0.99183, 37.6392873 ], [ -0.9921621, 37.639442 ], [ -0.9945065, 37.638542 ], [ -0.9961218, 37.636452 ], [ -0.999374, 37.6340212 ], [ -0.9999648, 37.6335796 ], [ -1.0011642, 37.6308912 ], [ -1.0024998, 37.6288928 ], [ -1.0024411, 37.6288258 ], [ -1.0021605, 37.629292 ], [ -1.0012804, 37.6290943 ], [ -1.0011889, 37.6293298 ], [ -1.0005633, 37.6294817 ], [ -0.9999651, 37.6295663 ], [ -0.9997376, 37.6301109 ], [ -0.9996214, 37.6303189 ], [ -0.9995231, 37.6307106 ], [ -0.9974998, 37.6309796 ], [ -0.9968478, 37.6311636 ], [ -0.9967165, 37.6300933 ], [ -0.9966761, 37.6299048 ], [ -0.9966202, 37.6299233 ], [ -0.9953233, 37.6303289 ], [ -0.9950661, 37.6304401 ], [ -0.9949216, 37.6306803 ], [ -0.9945123, 37.6315805 ], [ -0.9943025, 37.631548 ], [ -0.9942621, 37.6316976 ], [ -0.9939392, 37.6316103 ], [ -0.993876, 37.6318268 ], [ -0.993623, 37.6318374 ], [ -0.9932304, 37.6329986 ], [ -0.9930116, 37.6341477 ], [ -0.9927397, 37.6352745 ], [ -0.9923392, 37.6370665 ], [ -0.9920452, 37.6383323 ], [ -0.99183, 37.6392873 ] ] ] } },
{ "type": "Feature", "properties": { "CCAA": "14 - Región de Murcia", "PROVINCIA": "30 - Murcia", "MUNICIPIO": "30016 - Cartagena", "COD_MUNICIPIO": "30016", "DISTRITO": "06", "SECCION": "3001606012", "V1_H": 79.85, "V1_M": 85.78, "V2_H": 79.86035794, "V2_M": 85.76242541000001, "V3_H": 79.99500792000001, "V3_M": 85.93655133 }, "geometry": { "type": "Polygon", "coordinates": [ [ [ -0.8611106, 37.6474565 ], [ -0.8609702, 37.6474312 ], [ -0.8596864, 37.6473806 ], [ -0.8587603, 37.6474047 ], [ -0.8572882, 37.6473507 ], [ -0.8556113, 37.6472657 ], [ -0.8540714, 37.6471832 ], [ -0.8539409, 37.6475487 ], [ -0.8538451, 37.6479012 ], [ -0.8538205, 37.6481597 ], [ -0.8537651, 37.6488944 ], [ -0.8537977, 37.649549 ], [ -0.8538653, 37.650177 ], [ -0.8541313, 37.6510539 ], [ -0.8555094, 37.6508065 ], [ -0.8557152, 37.6513961 ], [ -0.8557432, 37.6516146 ], [ -0.8559281, 37.6517406 ], [ -0.8563018, 37.6518564 ], [ -0.8566607, 37.6518902 ], [ -0.8567759, 37.6520558 ], [ -0.8570523, 37.6519791 ], [ -0.8573127, 37.6518612 ], [ -0.8572991, 37.6517383 ], [ -0.8578165, 37.6516251 ], [ -0.8579345, 37.6516953 ], [ -0.8581419, 37.651631 ], [ -0.8581447, 37.6515357 ], [ -0.8584892, 37.6514738 ], [ -0.8585398, 37.651502 ], [ -0.8588146, 37.6514797 ], [ -0.8588625, 37.6516032 ], [ -0.8593775, 37.6515717 ], [ -0.8596075, 37.6519165 ], [ -0.8603043, 37.6521199 ], [ -0.8602576, 37.6519555 ], [ -0.8611717, 37.6517541 ], [ -0.8609658, 37.6511645 ], [ -0.8613804, 37.6510494 ], [ -0.8612256, 37.6504743 ], [ -0.8615008, 37.6504384 ], [ -0.8615999, 37.6503959 ], [ -0.8611106, 37.6474565 ] ] ] } },
{ "type": "Feature", "properties": { "CCAA": "14 - Región de Murcia", "PROVINCIA": "30 - Murcia", "MUNICIPIO": "30016 - Cartagena", "COD_MUNICIPIO": "30016", "DISTRITO": "07", "SECCION": "3001607003", "V1_H": 79.81, "V1_M": 85.63, "V2_H": 79.83092799000001, "V2_M": 85.85143097, "V3_H": 80.00184088, "V3_M": 85.62912109 }, "geometry": { "type": "Polygon", "coordinates": [ [ [ -0.9308821, 37.7238072 ], [ -0.9332568, 37.7239859 ], [ -0.9328962, 37.7233821 ], [ -0.9323562, 37.7227336 ], [ -0.9319713, 37.7217323 ], [ -0.9315234, 37.720902 ], [ -0.9315535, 37.7199635 ], [ -0.9314753, 37.7188175 ], [ -0.9314059, 37.7178433 ], [ -0.9308254, 37.7171142 ], [ -0.9310261, 37.7162352 ], [ -0.9312788, 37.7155288 ], [ -0.9314954, 37.7146042 ], [ -0.9308902, 37.7141953 ], [ -0.9300725, 37.713692 ], [ -0.9288376, 37.7131946 ], [ -0.9290313, 37.7125331 ], [ -0.9297148, 37.7113973 ], [ -0.9301491, 37.7099604 ], [ -0.9269465, 37.7085092 ], [ -0.9275721, 37.7064909 ], [ -0.928695, 37.7046511 ], [ -0.9297869, 37.7028796 ], [ -0.9301345, 37.701453 ], [ -0.930442, 37.7003808 ], [ -0.9305568, 37.6990427 ], [ -0.9305773, 37.6979553 ], [ -0.9304887, 37.6966831 ], [ -0.9303906, 37.6957086 ], [ -0.9305515, 37.6947261 ], [ -0.9308015, 37.6936531 ], [ -0.931372, 37.6924471 ], [ -0.9319315, 37.6920309 ], [ -0.9330778, 37.6912447 ], [ -0.9341357, 37.690526 ], [ -0.9354201, 37.6894669 ], [ -0.9367732, 37.6880537 ], [ -0.9377776, 37.6872083 ], [ -0.9385101, 37.686325 ], [ -0.9393783, 37.6847908 ], [ -0.9403765, 37.6832354 ], [ -0.9411923, 37.6815402 ], [ -0.9413435, 37.6804749 ], [ -0.9413444, 37.6804686 ], [ -0.9394224, 37.6798106 ], [ -0.9368711, 37.6791469 ], [ -0.9347427, 37.6782942 ], [ -0.9336222, 37.6778327 ], [ -0.9327128, 37.6775114 ], [ -0.9330751, 37.6769666 ], [ -0.9339251, 37.6760047 ], [ -0.9349234, 37.6753425 ], [ -0.9363843, 37.6745948 ], [ -0.936782, 37.674291 ], [ -0.9379077, 37.6750388 ], [ -0.9385145, 37.6740392 ], [ -0.938747, 37.6730576 ], [ -0.9393626, 37.67223 ], [ -0.9403556, 37.6712814 ], [ -0.9416598, 37.6700392 ], [ -0.9426767, 37.6692398 ], [ -0.9436859, 37.6682341 ], [ -0.9444355, 37.6677059 ], [ -0.9461845, 37.6669276 ], [ -0.9474961, 37.6663495 ], [ -0.9486993, 37.6655639 ], [ -0.9502868, 37.6644399 ], [ -0.9516495, 37.6631526 ], [ -0.9540801, 37.6617191 ], [ -0.9555985, 37.6605024 ], [ -0.9557122, 37.660263 ], [ -0.9547118, 37.6590137 ], [ -0.9545114, 37.6580836 ], [ -0.9540209, 37.6572413 ], [ -0.9535323, 37.6563418 ], [ -0.9533222, 37.6560607 ], [ -0.951953, 37.6563095 ], [ -0.9499968, 37.6568333 ], [ -0.9496033, 37.6570113 ], [ -0.9493013, 37.6579233 ], [ -0.9493569, 37.6588858 ], [ -0.948927, 37.6593038 ], [ -0.9477865, 37.6599299 ], [ -0.9472811, 37.6604614 ], [ -0.9463677, 37.6611707 ], [ -0.9457223, 37.6615858 ], [ -0.9446646, 37.662316 ], [ -0.9442659, 37.6626542 ], [ -0.9432268, 37.6628008 ], [ -0.9417144, 37.6629181 ], [ -0.940075, 37.662965 ], [ -0.9388546, 37.6629373 ], [ -0.9380812, 37.6628583 ], [ -0.9374092, 37.6627578 ], [ -0.9364647, 37.6630887 ], [ -0.9351443, 37.6639413 ], [ -0.9345213, 37.6645513 ], [ -0.9339772, 37.6653913 ], [ -0.9333877, 37.6658529 ], [ -0.9327345, 37.6660617 ], [ -0.9320447, 37.666064 ], [ -0.9311071, 37.6661774 ], [ -0.93024, 37.6667841 ], [ -0.9291503, 37.6671588 ], [ -0.9280525, 37.6673388 ], [ -0.926832, 37.667311 ], [ -0.9258425, 37.6672519 ], [ -0.9248198, 37.6668832 ], [ -0.923701, 37.6663759 ], [ -0.9228551, 37.6658722 ], [ -0.9218891, 37.6655271 ], [ -0.9211338, 37.6653338 ], [ -0.9205575, 37.6653833 ], [ -0.9193831, 37.665711 ], [ -0.9190447, 37.6659583 ], [ -0.9181074, 37.6656136 ], [ -0.9176928, 37.6655508 ], [ -0.9167287, 37.665595 ], [ -0.9161233, 37.6656556 ], [ -0.9153967, 37.6654626 ], [ -0.9148462, 37.6651574 ], [ -0.9135458, 37.6658269 ], [ -0.9125838, 37.6662489 ], [ -0.9113771, 37.6662441 ], [ -0.9105942, 37.6660159 ], [ -0.9099722, 37.6656983 ], [ -0.909227, 37.6647493 ], [ -0.9087716, 37.6637241 ], [ -0.9081064, 37.6625244 ], [ -0.907622, 37.6615102 ], [ -0.9075746, 37.6607538 ], [ -0.9070201, 37.660128 ], [ -0.9064116, 37.6593984 ], [ -0.9059175, 37.6586818 ], [ -0.9058097, 37.6584628 ], [ -0.9072898, 37.6571204 ], [ -0.9085499, 37.6563588 ], [ -0.909612, 37.6555031 ], [ -0.9103183, 37.6545394 ], [ -0.910895, 37.6540319 ], [ -0.9111918, 37.6537383 ], [ -0.9093863, 37.6522597 ], [ -0.9079937, 37.6504546 ], [ -0.9072617, 37.649105 ], [ -0.9061808, 37.6483232 ], [ -0.9057727, 37.6476192 ], [ -0.9057599, 37.6475181 ], [ -0.9050683, 37.6480791 ], [ -0.9043786, 37.6485277 ], [ -0.903377, 37.6492927 ], [ -0.9017193, 37.6499114 ], [ -0.9002578, 37.6506815 ], [ -0.8987591, 37.6512679 ], [ -0.8977593, 37.6519756 ], [ -0.8967009, 37.6527168 ], [ -0.8958398, 37.6535753 ], [ -0.8940939, 37.6542498 ], [ -0.8929498, 37.6545319 ], [ -0.8928905, 37.6545883 ], [ -0.8919921, 37.6557096 ], [ -0.891557, 37.6562761 ], [ -0.891522, 37.6573519 ], [ -0.891408, 37.6577625 ], [ -0.8907285, 37.6583372 ], [ -0.889478, 37.659236 ], [ -0.8878983, 37.660096 ], [ -0.8866864, 37.6611327 ], [ -0.8855041, 37.662582 ], [ -0.8843491, 37.663631 ], [ -0.8832346, 37.6647606 ], [ -0.8825741, 37.6651866 ], [ -0.8822929, 37.6663163 ], [ -0.8820625, 37.6676527 ], [ -0.8813566, 37.6690284 ], [ -0.8806651, 37.6708394 ], [ -0.8800177, 37.6721815 ], [ -0.8796465, 37.6734244 ], [ -0.87906, 37.6737827 ], [ -0.8781034, 37.6740328 ], [ -0.8768671, 37.6744852 ], [ -0.8759116, 37.6747009 ], [ -0.8747425, 37.6748565 ], [ -0.873033, 37.6752794 ], [ -0.8714694, 37.6760706 ], [ -0.8699091, 37.6767588 ], [ -0.8692372, 37.6770445 ], [ -0.8689181, 37.6771802 ], [ -0.867495, 37.6776298 ], [ -0.8665757, 37.6780521 ], [ -0.8653374, 37.6781265 ], [ -0.864056, 37.6782002 ], [ -0.8621513, 37.678437 ], [ -0.8603864, 37.6787902 ], [ -0.8591307, 37.6789559 ], [ -0.8575706, 37.6796324 ], [ -0.8566071, 37.6800884 ], [ -0.8560627, 37.6804701 ], [ -0.8547336, 37.6806805 ], [ -0.8535467, 37.6805035 ], [ -0.8522868, 37.6803598 ], [ -0.851217, 37.6801159 ], [ -0.8499726, 37.6803731 ], [ -0.8489713, 37.6802331 ], [ -0.8476913, 37.6798258 ], [ -0.8466783, 37.6796054 ], [ -0.8455546, 37.6792576 ], [ -0.8447558, 37.6790746 ], [ -0.842991, 37.6789924 ], [ -0.8420872, 37.6789453 ], [ -0.8418378, 37.6782319 ], [ -0.8406303, 37.6791079 ], [ -0.8399693, 37.6804038 ], [ -0.8395128, 37.6811645 ], [ -0.8394696, 37.681599 ], [ -0.839736, 37.6822325 ], [ -0.8394126, 37.6828805 ], [ -0.8386897, 37.6834428 ], [ -0.8382417, 37.6835166 ], [ -0.8378088, 37.6835677 ], [ -0.8360202, 37.6854888 ], [ -0.8369544, 37.6863493 ], [ -0.8374735, 37.6875932 ], [ -0.8382989, 37.688704 ], [ -0.8390918, 37.6894939 ], [ -0.8395386, 37.6898895 ], [ -0.8381438, 37.6903391 ], [ -0.8364747, 37.6891019 ], [ -0.8351295, 37.689694 ], [ -0.8358556, 37.6911046 ], [ -0.8392199, 37.6947259 ], [ -0.8412913, 37.6979997 ], [ -0.8444379, 37.7005608 ], [ -0.8493358, 37.7053561 ], [ -0.8540312, 37.710063 ], [ -0.8542528, 37.7102472 ], [ -0.8569518, 37.713028 ], [ -0.8595242, 37.7174736 ], [ -0.859341, 37.7183264 ], [ -0.8599844, 37.7188225 ], [ -0.860035, 37.721403 ], [ -0.8600678, 37.7215104 ], [ -0.8600518, 37.7214562 ], [ -0.8605114, 37.7214015 ], [ -0.8619925, 37.7211851 ], [ -0.8633821, 37.720994 ], [ -0.8648518, 37.7207773 ], [ -0.8661499, 37.7206116 ], [ -0.8671751, 37.720468 ], [ -0.8678851, 37.720634 ], [ -0.8680277, 37.7206772 ], [ -0.8680472, 37.7206829 ], [ -0.8688525, 37.7209219 ], [ -0.8694831, 37.7210865 ], [ -0.8702358, 37.7213434 ], [ -0.8710355, 37.7215471 ], [ -0.8717331, 37.721749 ], [ -0.8721382, 37.7218644 ], [ -0.8733362, 37.7221744 ], [ -0.8740084, 37.7223217 ], [ -0.8747519, 37.7225064 ], [ -0.8750679, 37.722618 ], [ -0.8753174, 37.722573 ], [ -0.8755112, 37.7225381 ], [ -0.8760913, 37.7224855 ], [ -0.8765696, 37.722422 ], [ -0.8770927, 37.7223604 ], [ -0.8959553, 37.7201384 ], [ -0.8973435, 37.719992 ], [ -0.8990442, 37.7200314 ], [ -0.9016285, 37.7201134 ], [ -0.9031469, 37.7201766 ], [ -0.9058683, 37.720225 ], [ -0.9074672, 37.7202534 ], [ -0.9090088, 37.7202988 ], [ -0.9105379, 37.720389 ], [ -0.9123633, 37.7204303 ], [ -0.9135452, 37.7208365 ], [ -0.9138386, 37.7209367 ], [ -0.9139701, 37.7209815 ], [ -0.9140298, 37.7210029 ], [ -0.9196821, 37.7229488 ], [ -0.9197346, 37.7229669 ], [ -0.9202554, 37.7230054 ], [ -0.9299467, 37.7237367 ], [ -0.9308821, 37.7238072 ] ] ] } },
{ "type": "Feature", "properties": { "CCAA": "14 - Región de Murcia", "PROVINCIA": "30 - Murcia", "MUNICIPIO": "30016 - Cartagena", "COD_MUNICIPIO": "30016", "DISTRITO": "07", "SECCION": "3001607010", "V1_H": 78.55, "V1_M": 84.66, "V2_H": 78.61689556, "V2_M": 84.78747684, "V3_H": 78.67326671, "V3_M": 84.67928018000001 }, "geometry": { "type": "Polygon", "coordinates": [ [ [ -1.067116, 37.6870027 ], [ -1.0647258, 37.6876429 ], [ -1.0644858, 37.6874739 ], [ -1.0636318, 37.687421 ], [ -1.060327, 37.6876385 ], [ -1.0604415, 37.6888242 ], [ -1.0638501, 37.6912348 ], [ -1.0642241, 37.691589 ], [ -1.0651023, 37.6921006 ], [ -1.0657058, 37.6923529 ], [ -1.0658697, 37.692368 ], [ -1.0658347, 37.6922378 ], [ -1.0701561, 37.6904747 ], [ -1.0699283, 37.6902861 ], [ -1.0698134, 37.6902447 ], [ -1.0696656, 37.6901896 ], [ -1.0693708, 37.690053 ], [ -1.0688674, 37.6896496 ], [ -1.0687397, 37.6894631 ], [ -1.0685798, 37.6892366 ], [ -1.068259, 37.688823 ], [ -1.0681796, 37.68869 ], [ -1.068087, 37.688425 ], [ -1.0680093, 37.6882261 ], [ -1.0679167, 37.6879612 ], [ -1.0677275, 37.6875893 ], [ -1.067357, 37.6871749 ], [ -1.067116, 37.6870027 ] ] ] } },
{ "type": "Feature", "properties": { "CCAA": "14 - Región de Murcia", "PROVINCIA": "30 - Murcia", "MUNICIPIO": "30016 - Cartagena", "COD_MUNICIPIO": "30016", "DISTRITO": "08", "SECCION": "3001608003", "V1_H": 80.02, "V1_M": 86.02, "V2_H": 79.96138623, "V2_M": 86.18252023, "V3_H": 80.18726569, "V3_M": 86.15258899 }, "geometry": { "type": "Polygon", "coordinates": [ [ [ -0.9993988, 37.6180059 ], [ -0.9994497, 37.6180239 ], [ -0.9997647, 37.6179713 ], [ -1.0001476, 37.6179074 ], [ -1.0005155, 37.617791 ], [ -1.0009247, 37.6176615 ], [ -1.0013484, 37.6175275 ], [ -1.0015477, 37.6179263 ], [ -1.0014591, 37.6179666 ], [ -1.0017904, 37.6188231 ], [ -1.0018012, 37.6188204 ], [ -1.0018937, 37.6187974 ], [ -1.003349, 37.6184358 ], [ -1.0031166, 37.6178612 ], [ -1.0025117, 37.616386 ], [ -1.0024946, 37.6163444 ], [ -1.0024588, 37.6162574 ], [ -1.0023813, 37.6161488 ], [ -1.0022412, 37.6158151 ], [ -1.0017645, 37.6157437 ], [ -1.0015258, 37.6156985 ], [ -1.0014343, 37.6156746 ], [ -1.0013471, 37.6156519 ], [ -1.0013461, 37.6156517 ], [ -1.0012025, 37.6156055 ], [ -1.0009919, 37.6155263 ], [ -1.0007466, 37.6154271 ], [ -1.0007112, 37.6154129 ], [ -0.9995178, 37.6149369 ], [ -0.9992239, 37.6148198 ], [ -0.9991816, 37.6148034 ], [ -0.9990171, 37.61474 ], [ -0.9989927, 37.6147306 ], [ -0.9987224, 37.6146264 ], [ -0.9987064, 37.6146201 ], [ -0.9983129, 37.6144633 ], [ -0.9983113, 37.6144658 ], [ -0.9983054, 37.614475 ], [ -0.9982138, 37.6146203 ], [ -0.998157, 37.6147062 ], [ -0.9981473, 37.6147208 ], [ -0.9980745, 37.6148304 ], [ -0.9980698, 37.6148374 ], [ -0.9980549, 37.6148652 ], [ -0.998024, 37.6149227 ], [ -0.9980221, 37.6149271 ], [ -0.9980993, 37.6150599 ], [ -0.9982165, 37.6153143 ], [ -0.9983635, 37.6156336 ], [ -0.998529, 37.615993 ], [ -0.9985367, 37.6160099 ], [ -0.9986139, 37.6161693 ], [ -0.998623, 37.6161884 ], [ -0.9987765, 37.6164652 ], [ -0.9988537, 37.6166048 ], [ -0.9988907, 37.6166305 ], [ -0.9988917, 37.6166326 ], [ -0.9988919, 37.6166329 ], [ -0.9989986, 37.616873 ], [ -0.9990071, 37.6169101 ], [ -0.9990588, 37.6171392 ], [ -0.9990639, 37.6171619 ], [ -0.9991706, 37.6174502 ], [ -0.9992418, 37.6176431 ], [ -0.9992473, 37.6176611 ], [ -0.9992886, 37.6177963 ], [ -0.999316, 37.6178448 ], [ -0.9993988, 37.6180059 ] ] ] } },
{ "type": "Feature", "properties": { "CCAA": "14 - Región de Murcia", "PROVINCIA": "30 - Murcia", "MUNICIPIO": "30016 - Cartagena", "COD_MUNICIPIO": "30016", "DISTRITO": "08", "SECCION": "3001608007", "V1_H": 80.65, "V1_M": 86.42, "V2_H": 80.32339709, "V2_M": 86.16224497, "V3_H": 80.9318118, "V3_M": 86.73476557 }, "geometry": { "type": "Polygon", "coordinates": [ [ [ -0.9908724, 37.6217529 ], [ -0.9909047, 37.6217549 ], [ -0.9910081, 37.6217618 ], [ -0.9911496, 37.6217711 ], [ -0.9911618, 37.6217719 ], [ -0.9911686, 37.6217728 ], [ -0.9912584, 37.6217846 ], [ -0.9912754, 37.6217765 ], [ -0.991411, 37.6217113 ], [ -0.9914445, 37.6216952 ], [ -0.9915415, 37.6216487 ], [ -0.9918322, 37.6215393 ], [ -0.9919207, 37.621506 ], [ -0.9929262, 37.621128 ], [ -0.9930051, 37.6210984 ], [ -0.9930661, 37.6210755 ], [ -0.9930916, 37.6210658 ], [ -0.9931876, 37.6210297 ], [ -0.9932882, 37.6209918 ], [ -0.9933324, 37.6209753 ], [ -0.9934089, 37.6209466 ], [ -0.993446, 37.6209326 ], [ -0.9935628, 37.6208887 ], [ -0.9936141, 37.6208693 ], [ -0.9938443, 37.6207828 ], [ -0.993931, 37.6207541 ], [ -0.9940336, 37.6207203 ], [ -0.9941588, 37.6206788 ], [ -0.9942643, 37.6206353 ], [ -0.9951043, 37.6202886 ], [ -0.9953025, 37.6202117 ], [ -0.995217, 37.6199923 ], [ -0.9951452, 37.6198052 ], [ -0.9950024, 37.6194335 ], [ -0.9949005, 37.6191685 ], [ -0.9925945, 37.619738 ], [ -0.9923465, 37.6189614 ], [ -0.9900801, 37.6193678 ], [ -0.9901034, 37.6194237 ], [ -0.9901331, 37.6194951 ], [ -0.9901389, 37.6195115 ], [ -0.9903366, 37.6200656 ], [ -0.9904582, 37.620407 ], [ -0.9904745, 37.6204525 ], [ -0.9905124, 37.6205589 ], [ -0.9905293, 37.6206061 ], [ -0.99054, 37.6206364 ], [ -0.9906054, 37.6208513 ], [ -0.9906982, 37.6211561 ], [ -0.9907395, 37.6212912 ], [ -0.990774, 37.621403 ], [ -0.9908234, 37.6215622 ], [ -0.9908505, 37.6216503 ], [ -0.9908563, 37.621669 ], [ -0.9908724, 37.6217529 ] ] ] } },
{ "type": "Feature", "properties": { "CCAA": "14 - Región de Murcia", "PROVINCIA": "30 - Murcia", "MUNICIPIO": "30016 - Cartagena", "COD_MUNICIPIO": "30016", "DISTRITO": "08", "SECCION": "3001608014", "V1_H": 78.77, "V1_M": 84.85, "V2_H": 78.83270398000001, "V2_M": 84.81764444, "V3_H": 78.82199574000001, "V3_M": 85.12573797 }, "geometry": { "type": "Polygon", "coordinates": [ [ [ -0.9741306, 37.6233027 ], [ -0.978481, 37.6242253 ], [ -0.9785155, 37.6240977 ], [ -0.9789807, 37.6241916 ], [ -0.9794958, 37.6242099 ], [ -0.9804557, 37.6241882 ], [ -0.9825396, 37.6241541 ], [ -0.9826645, 37.6241399 ], [ -0.9827362, 37.6241406 ], [ -0.9827762, 37.6241409 ], [ -0.9828443, 37.6241416 ], [ -0.9831788, 37.6241089 ], [ -0.9832022, 37.6241072 ], [ -0.9836834, 37.6240743 ], [ -0.9837044, 37.624073 ], [ -0.9841996, 37.6240237 ], [ -0.9842247, 37.6240213 ], [ -0.984685, 37.6239844 ], [ -0.9851225, 37.6239495 ], [ -0.9858584, 37.6238908 ], [ -0.9859034, 37.6238862 ], [ -0.9862872, 37.6238475 ], [ -0.9863314, 37.6238366 ], [ -0.9863085, 37.6236857 ], [ -0.9862741, 37.6234707 ], [ -0.9862283, 37.6231859 ], [ -0.9861945, 37.6229754 ], [ -0.9861808, 37.6228949 ], [ -0.9861744, 37.6228581 ], [ -0.9861472, 37.62269 ], [ -0.9861141, 37.6224859 ], [ -0.9860719, 37.6222264 ], [ -0.9861311, 37.6221744 ], [ -0.9860774, 37.6216143 ], [ -0.9862688, 37.6214051 ], [ -0.9849592, 37.6207229 ], [ -0.9849643, 37.6207223 ], [ -0.9830817, 37.6197326 ], [ -0.9805409, 37.6183968 ], [ -0.9805395, 37.6184002 ], [ -0.9797664, 37.6179759 ], [ -0.9796311, 37.6179008 ], [ -0.9794344, 37.6177957 ], [ -0.9792561, 37.6176922 ], [ -0.9787855, 37.6174467 ], [ -0.9773671, 37.6167071 ], [ -0.9754909, 37.6157591 ], [ -0.9746959, 37.6153573 ], [ -0.9731508, 37.6145765 ], [ -0.9731004, 37.6145453 ], [ -0.9728603, 37.6143971 ], [ -0.9728589, 37.6143963 ], [ -0.9726105, 37.6142431 ], [ -0.9723653, 37.6141047 ], [ -0.9719957, 37.6138611 ], [ -0.9719943, 37.6138599 ], [ -0.9718765, 37.6137676 ], [ -0.9714363, 37.6134003 ], [ -0.9712915, 37.6132656 ], [ -0.9712106, 37.613182 ], [ -0.9711947, 37.6131655 ], [ -0.9699679, 37.6156007 ], [ -0.9698054, 37.6162846 ], [ -0.9700822, 37.6175674 ], [ -0.9702705, 37.6185817 ], [ -0.9700965, 37.6188076 ], [ -0.9698808, 37.6188039 ], [ -0.9698735, 37.6190708 ], [ -0.9700507, 37.619608 ], [ -0.9702728, 37.6202603 ], [ -0.9702645, 37.6205654 ], [ -0.9703041, 37.6208713 ], [ -0.9702479, 37.6211755 ], [ -0.9701849, 37.6217276 ], [ -0.9701923, 37.6223382 ], [ -0.9713601, 37.6226063 ], [ -0.9719537, 37.6228263 ], [ -0.9731466, 37.6230566 ], [ -0.9740517, 37.6232037 ], [ -0.9740964, 37.6232567 ], [ -0.9741306, 37.6233027 ] ] ] } },
{ "type": "Feature", "properties": { "CCAA": "14 - Región de Murcia", "PROVINCIA": "30 - Murcia", "MUNICIPIO": "30016 - Cartagena", "COD_MUNICIPIO": "30016", "DISTRITO": "08", "SECCION": "3001608021", "V1_H": 79.73, "V1_M": 85.7, "V2_H": 79.65450701, "V2_M": 85.67937417, "V3_H": 79.92768478000001, "V3_M": 85.93517811 }, "geometry": { "type": "Polygon", "coordinates": [ [ [ -0.9830817, 37.6197326 ], [ -0.9849643, 37.6207223 ], [ -0.9853482, 37.6206777 ], [ -0.9854545, 37.6206652 ], [ -0.9862142, 37.620601 ], [ -0.9863934, 37.6205841 ], [ -0.9864388, 37.6205799 ], [ -0.9868242, 37.6205466 ], [ -0.9872903, 37.6205072 ], [ -0.9874488, 37.6204883 ], [ -0.9873924, 37.6200859 ], [ -0.9873885, 37.6200023 ], [ -0.9873555, 37.6197392 ], [ -0.9874961, 37.6198066 ], [ -0.987444, 37.6193581 ], [ -0.9874407, 37.6193316 ], [ -0.987428, 37.6192318 ], [ -0.9873925, 37.6189858 ], [ -0.9873597, 37.6187584 ], [ -0.9873482, 37.6186418 ], [ -0.986868, 37.6183171 ], [ -0.9856069, 37.6184384 ], [ -0.9844459, 37.6177733 ], [ -0.9841125, 37.6175824 ], [ -0.9830817, 37.6197326 ] ] ] } },
{ "type": "Feature", "properties": { "CCAA": "14 - Región de Murcia", "PROVINCIA": "30 - Murcia", "MUNICIPIO": "30016 - Cartagena", "COD_MUNICIPIO": "30016", "DISTRITO": "08", "SECCION": "3001608032", "V1_H": 79.92, "V1_M": 85.8, "V2_H": 79.90391364, "V2_M": 85.68196434, "V3_H": 80.09820982, "V3_M": 86.14356104 }, "geometry": { "type": "Polygon", "coordinates": [ [ [ -0.9811863, 37.6257157 ], [ -0.9813965, 37.6277722 ], [ -0.9814005, 37.6277719 ], [ -0.9814834, 37.6277645 ], [ -0.9842407, 37.6275268 ], [ -0.986886, 37.6272815 ], [ -0.9868243, 37.6269276 ], [ -0.9867662, 37.6265953 ], [ -0.986764, 37.6265786 ], [ -0.9867275, 37.6263118 ], [ -0.9867132, 37.6262273 ], [ -0.98666, 37.6259129 ], [ -0.9866604, 37.6258959 ], [ -0.986659, 37.6258771 ], [ -0.9866582, 37.6258681 ], [ -0.9866589, 37.6258448 ], [ -0.9866334, 37.6257145 ], [ -0.9866212, 37.6256449 ], [ -0.9866183, 37.6256292 ], [ -0.9865847, 37.6254371 ], [ -0.9865832, 37.6254286 ], [ -0.9865562, 37.6252432 ], [ -0.9865514, 37.6252119 ], [ -0.9865339, 37.6251023 ], [ -0.9864995, 37.6248719 ], [ -0.9864967, 37.6248551 ], [ -0.9864577, 37.6246285 ], [ -0.9864088, 37.6243445 ], [ -0.9864044, 37.6243192 ], [ -0.9863314, 37.6238366 ], [ -0.9862872, 37.6238475 ], [ -0.9859034, 37.6238862 ], [ -0.9858584, 37.6238908 ], [ -0.9851225, 37.6239495 ], [ -0.985133, 37.6240796 ], [ -0.9851474, 37.6242284 ], [ -0.9851894, 37.6245489 ], [ -0.9852464, 37.6249861 ], [ -0.9850483, 37.625003 ], [ -0.9848178, 37.6250227 ], [ -0.9848245, 37.6251077 ], [ -0.9844069, 37.6251448 ], [ -0.9843329, 37.6251488 ], [ -0.9843268, 37.6251823 ], [ -0.9843552, 37.625451 ], [ -0.9841857, 37.6254641 ], [ -0.9833979, 37.6255334 ], [ -0.9833938, 37.6255338 ], [ -0.9811863, 37.6257157 ] ] ] } },
{ "type": "Feature", "properties": { "CCAA": "14 - Región de Murcia", "PROVINCIA": "30 - Murcia", "MUNICIPIO": "30016 - Cartagena", "COD_MUNICIPIO": "30016", "DISTRITO": "08", "SECCION": "3001608039", "V1_H": 80.91, "V1_M": 86.64, "V2_H": 80.44720226, "V2_M": 86.54313262, "V3_H": 81.45534141, "V3_M": 86.89844934 }, "geometry": { "type": "Polygon", "coordinates": [ [ [ -0.9912649, 37.617133 ], [ -0.9915409, 37.6181455 ], [ -0.9920077, 37.6180475 ], [ -0.9920951, 37.6179909 ], [ -0.9923774, 37.6189559 ], [ -0.9934616, 37.6187615 ], [ -0.9931459, 37.6178336 ], [ -0.9930973, 37.6176911 ], [ -0.9930969, 37.6176899 ], [ -0.9927984, 37.6168069 ], [ -0.9922854, 37.6169164 ], [ -0.9922526, 37.6169235 ], [ -0.9917768, 37.617028 ], [ -0.9917525, 37.6170334 ], [ -0.9916362, 37.617057 ], [ -0.9915928, 37.6170659 ], [ -0.9915411, 37.6170764 ], [ -0.9912649, 37.617133 ] ] ] } },
{ "type": "Feature", "properties": { "CCAA": "14 - Región de Murcia", "PROVINCIA": "30 - Murcia", "MUNICIPIO": "30016 - Cartagena", "COD_MUNICIPIO": "30016", "DISTRITO": "06", "SECCION": "3001606014", "V1_H": 79.29, "V1_M": 85.18, "V2_H": 79.29248013, "V2_M": 85.31775581, "V3_H": 79.43295666, "V3_M": 85.21995842 }, "geometry": { "type": "Polygon", "coordinates": [ [ [ -0.8602459, 37.64246 ], [ -0.8603271, 37.6424651 ], [ -0.8604252, 37.642491 ], [ -0.8606937, 37.6426257 ], [ -0.8613882, 37.6428902 ], [ -0.8621618, 37.6433381 ], [ -0.8626629, 37.6436911 ], [ -0.8628931, 37.6438907 ], [ -0.8634912, 37.6442885 ], [ -0.8639139, 37.6446323 ], [ -0.8646094, 37.6452034 ], [ -0.86521, 37.6459578 ], [ -0.8657174, 37.6465069 ], [ -0.86599, 37.6468238 ], [ -0.8665151, 37.6472812 ], [ -0.8667364, 37.6474419 ], [ -0.8668193, 37.6474933 ], [ -0.8668634, 37.6470921 ], [ -0.8668532, 37.6462904 ], [ -0.8667779, 37.6456773 ], [ -0.8668102, 37.645674 ], [ -0.8667769, 37.6456422 ], [ -0.8667042, 37.6452814 ], [ -0.8665537, 37.6447358 ], [ -0.8663743, 37.6442337 ], [ -0.8662184, 37.6438787 ], [ -0.8661065, 37.6435979 ], [ -0.8652087, 37.6427305 ], [ -0.8651355, 37.6427072 ], [ -0.8647952, 37.6426717 ], [ -0.8639034, 37.6425602 ], [ -0.863269, 37.6424826 ], [ -0.8621287, 37.6423519 ], [ -0.8616412, 37.6422991 ], [ -0.8609051, 37.642227 ], [ -0.8601873, 37.6421403 ], [ -0.8602459, 37.64246 ] ] ] } },
{ "type": "Feature", "properties": { "CCAA": "14 - Región de Murcia", "PROVINCIA": "30 - Murcia", "MUNICIPIO": "30016 - Cartagena", "COD_MUNICIPIO": "30016", "DISTRITO": "06", "SECCION": "3001606017", "V1_H": 79.78, "V1_M": 85.67, "V2_H": 79.78305357000001, "V2_M": 85.83721796, "V3_H": 80.07461692, "V3_M": 85.64972132 }, "geometry": { "type": "Polygon", "coordinates": [ [ [ -0.8626197, 37.6476007 ], [ -0.8626501, 37.6476038 ], [ -0.8626509, 37.6475937 ], [ -0.8627087, 37.6476061 ], [ -0.8630054, 37.6476397 ], [ -0.8635427, 37.6476889 ], [ -0.8637758, 37.6477156 ], [ -0.8640847, 37.647817 ], [ -0.8642246, 37.6478816 ], [ -0.8643988, 37.6479862 ], [ -0.8647179, 37.6482286 ], [ -0.8647259, 37.6484429 ], [ -0.8647615, 37.6489338 ], [ -0.8647946, 37.6492613 ], [ -0.8644322, 37.6492942 ], [ -0.8644365, 37.6493901 ], [ -0.8645122, 37.6497756 ], [ -0.864813, 37.6497111 ], [ -0.8658256, 37.6496519 ], [ -0.8661652, 37.6495697 ], [ -0.86666, 37.6494785 ], [ -0.8671375, 37.6494431 ], [ -0.8671549, 37.6493279 ], [ -0.8673023, 37.6491164 ], [ -0.8676815, 37.6486738 ], [ -0.8677568, 37.6485101 ], [ -0.8678306, 37.6482446 ], [ -0.8676385, 37.648013 ], [ -0.8673587, 37.6477621 ], [ -0.86725, 37.6477004 ], [ -0.8669056, 37.6475467 ], [ -0.8668193, 37.6474933 ], [ -0.8667364, 37.6474419 ], [ -0.8665151, 37.6472812 ], [ -0.86599, 37.6468238 ], [ -0.8657174, 37.6465069 ], [ -0.86521, 37.6459578 ], [ -0.8646094, 37.6452034 ], [ -0.8639139, 37.6446323 ], [ -0.8634912, 37.6442885 ], [ -0.8628931, 37.6438907 ], [ -0.8626629, 37.6436911 ], [ -0.8621618, 37.6433381 ], [ -0.8613882, 37.6428902 ], [ -0.8606937, 37.6426257 ], [ -0.8604252, 37.642491 ], [ -0.8603271, 37.6424651 ], [ -0.8602459, 37.64246 ], [ -0.8602402, 37.6424596 ], [ -0.8602563, 37.6428056 ], [ -0.8606011, 37.6430425 ], [ -0.8616459, 37.6436975 ], [ -0.8621468, 37.6440072 ], [ -0.8623588, 37.6445841 ], [ -0.8626772, 37.6454357 ], [ -0.8626728, 37.6455902 ], [ -0.8626847, 37.6456077 ], [ -0.8626745, 37.6456801 ], [ -0.8626604, 37.6465292 ], [ -0.8626197, 37.6476007 ] ] ] } },
{ "type": "Feature", "properties": { "CCAA": "14 - Región de Murcia", "PROVINCIA": "30 - Murcia", "MUNICIPIO": "30016 - Cartagena", "COD_MUNICIPIO": "30016", "DISTRITO": "07", "SECCION": "3001607013", "V1_H": 79.57, "V1_M": 85.52, "V2_H": 79.5571672, "V2_M": 85.61629353, "V3_H": 79.73611669, "V3_M": 85.61269153000001 }, "geometry": { "type": "Polygon", "coordinates": [ [ [ -0.9528164, 37.6850385 ], [ -0.9525628, 37.6863036 ], [ -0.9521742, 37.6880194 ], [ -0.9533237, 37.6880835 ], [ -0.9535931, 37.6880985 ], [ -0.9540624, 37.6881247 ], [ -0.9546535, 37.6882328 ], [ -0.9556479, 37.688452 ], [ -0.9556535, 37.6891146 ], [ -0.9578722, 37.6894637 ], [ -0.9579845, 37.6895217 ], [ -0.9586524, 37.689618 ], [ -0.9591476, 37.6896894 ], [ -0.9590537, 37.6901009 ], [ -0.9590355, 37.6901503 ], [ -0.9594726, 37.6900947 ], [ -0.959555, 37.6908503 ], [ -0.9600633, 37.6906378 ], [ -0.9604365, 37.6904748 ], [ -0.9610279, 37.6901992 ], [ -0.9611008, 37.6901775 ], [ -0.9615682, 37.6900735 ], [ -0.962519, 37.6896749 ], [ -0.9624095, 37.6893828 ], [ -0.9629236, 37.6894219 ], [ -0.9633363, 37.689478 ], [ -0.9629399, 37.6890384 ], [ -0.9627555, 37.6888694 ], [ -0.9623477, 37.688662 ], [ -0.9613882, 37.6882796 ], [ -0.9604466, 37.6879696 ], [ -0.9568443, 37.6865624 ], [ -0.9567385, 37.6865211 ], [ -0.9551224, 37.6859381 ], [ -0.9528164, 37.6850385 ] ] ] } },
{ "type": "Feature", "properties": { "CCAA": "14 - Región de Murcia", "PROVINCIA": "30 - Murcia", "MUNICIPIO": "30016 - Cartagena", "COD_MUNICIPIO": "30016", "DISTRITO": "08", "SECCION": "3001608001", "V1_H": 80.06, "V1_M": 86.12, "V2_H": 80.10460866, "V2_M": 86.20761786, "V3_H": 80.17898723, "V3_M": 86.18020212 }, "geometry": { "type": "Polygon", "coordinates": [ [ [ -0.9956854, 37.6163299 ], [ -0.9957206, 37.6163967 ], [ -0.9957758, 37.6165446 ], [ -0.9957855, 37.616746 ], [ -0.9958848, 37.6173121 ], [ -0.995902, 37.6173092 ], [ -0.9959491, 37.6173015 ], [ -0.9970569, 37.6171174 ], [ -0.997121, 37.6171184 ], [ -0.9973041, 37.617074 ], [ -0.9973865, 37.6169064 ], [ -0.9973865, 37.6169044 ], [ -0.9973771, 37.61668 ], [ -0.997444, 37.6166554 ], [ -0.9976269, 37.6165984 ], [ -0.9977391, 37.6165538 ], [ -0.9979771, 37.6164453 ], [ -0.9980298, 37.6164252 ], [ -0.9980598, 37.6164138 ], [ -0.9985596, 37.6161953 ], [ -0.9986139, 37.6161693 ], [ -0.9985367, 37.6160099 ], [ -0.998529, 37.615993 ], [ -0.9983635, 37.6156336 ], [ -0.9982165, 37.6153143 ], [ -0.9980993, 37.6150599 ], [ -0.9980221, 37.6149271 ], [ -0.998024, 37.6149227 ], [ -0.9980549, 37.6148652 ], [ -0.9980698, 37.6148374 ], [ -0.9980745, 37.6148304 ], [ -0.9981473, 37.6147208 ], [ -0.998157, 37.6147062 ], [ -0.9982138, 37.6146203 ], [ -0.9983054, 37.614475 ], [ -0.9983113, 37.6144658 ], [ -0.9983129, 37.6144633 ], [ -0.9982484, 37.6144376 ], [ -0.997567, 37.6141661 ], [ -0.9975012, 37.61414 ], [ -0.9973864, 37.6140942 ], [ -0.9973423, 37.6140766 ], [ -0.9972972, 37.6140586 ], [ -0.9969567, 37.6139229 ], [ -0.996952, 37.6139211 ], [ -0.9969296, 37.6139122 ], [ -0.9968808, 37.6139 ], [ -0.9968677, 37.6138982 ], [ -0.9968491, 37.6138976 ], [ -0.9968213, 37.6138989 ], [ -0.9967481, 37.6139138 ], [ -0.9966534, 37.6139416 ], [ -0.996642, 37.6139449 ], [ -0.9959207, 37.6141233 ], [ -0.9958203, 37.6141489 ], [ -0.9956741, 37.6141861 ], [ -0.9954951, 37.6142328 ], [ -0.9954384, 37.6142476 ], [ -0.9954382, 37.6142476 ], [ -0.9954376, 37.6142464 ], [ -0.9954521, 37.6142875 ], [ -0.9954344, 37.614393 ], [ -0.9953742, 37.6144331 ], [ -0.9955015, 37.6149232 ], [ -0.9955117, 37.6150939 ], [ -0.9954236, 37.6156215 ], [ -0.9953901, 37.6157679 ], [ -0.9956854, 37.6163299 ] ] ] } },
{ "type": "Feature", "properties": { "CCAA": "14 - Región de Murcia", "PROVINCIA": "30 - Murcia", "MUNICIPIO": "30016 - Cartagena", "COD_MUNICIPIO": "30016", "DISTRITO": "08", "SECCION": "3001608016", "V1_H": 79.9, "V1_M": 85.71, "V2_H": 79.8721496, "V2_M": 85.86187756, "V3_H": 80.05417582, "V3_M": 85.81846709 }, "geometry": { "type": "Polygon", "coordinates": [ [ [ -1.0000838, 37.6192429 ], [ -1.0007346, 37.6209388 ], [ -1.0007397, 37.6209375 ], [ -1.0011757, 37.6208282 ], [ -1.0011832, 37.6208255 ], [ -1.0012761, 37.6207911 ], [ -1.0016258, 37.6207073 ], [ -1.0020296, 37.6206106 ], [ -1.0024532, 37.6205092 ], [ -1.0026229, 37.6204686 ], [ -1.0040374, 37.6201385 ], [ -1.003349, 37.6184358 ], [ -1.0018937, 37.6187974 ], [ -1.0018012, 37.6188204 ], [ -1.0017904, 37.6188231 ], [ -1.0013687, 37.6189279 ], [ -1.0013082, 37.6188682 ], [ -1.001233, 37.6188353 ], [ -1.0011928, 37.6188334 ], [ -1.0009092, 37.618909 ], [ -1.00057, 37.6189996 ], [ -1.0005359, 37.6190325 ], [ -1.0004832, 37.6191382 ], [ -1.000442, 37.6191482 ], [ -1.0000838, 37.6192429 ] ] ] } },
{ "type": "Feature", "properties": { "CCAA": "14 - Región de Murcia", "PROVINCIA": "30 - Murcia", "MUNICIPIO": "30016 - Cartagena", "COD_MUNICIPIO": "30016", "DISTRITO": "08", "SECCION": "3001608018", "V1_H": 80.34, "V1_M": 85.99, "V2_H": 80.22806877, "V2_M": 85.94669411, "V3_H": 80.64200885, "V3_M": 86.09540763 }, "geometry": { "type": "Polygon", "coordinates": [ [ [ -1.0012017, 37.6221607 ], [ -1.0017438, 37.6235438 ], [ -1.0017453, 37.6235434 ], [ -1.002108, 37.6234536 ], [ -1.0021795, 37.6234361 ], [ -1.0026217, 37.623328 ], [ -1.0030339, 37.6232273 ], [ -1.004127, 37.6229688 ], [ -1.0051924, 37.622723 ], [ -1.0051698, 37.6226421 ], [ -1.0050788, 37.6224005 ], [ -1.0049698, 37.6221212 ], [ -1.0047591, 37.6215814 ], [ -1.0047478, 37.6215524 ], [ -1.0046545, 37.6213134 ], [ -1.0044046, 37.6213751 ], [ -1.0043404, 37.621391 ], [ -1.0040028, 37.6214743 ], [ -1.0039237, 37.6214939 ], [ -1.0029347, 37.6217381 ], [ -1.0028004, 37.6217712 ], [ -1.0024992, 37.6218455 ], [ -1.0020793, 37.6219491 ], [ -1.0016439, 37.6220566 ], [ -1.0015465, 37.6220796 ], [ -1.0014444, 37.6221036 ], [ -1.0013941, 37.6221154 ], [ -1.0012921, 37.6221394 ], [ -1.0012017, 37.6221607 ] ] ] } },
{ "type": "Feature", "properties": { "CCAA": "14 - Región de Murcia", "PROVINCIA": "30 - Murcia", "MUNICIPIO": "30016 - Cartagena", "COD_MUNICIPIO": "30016", "DISTRITO": "08", "SECCION": "3001608033", "V1_H": 78.55, "V1_M": 84.66, "V2_H": 78.61689556, "V2_M": 84.78747684, "V3_H": 78.67326671, "V3_M": 84.67928018000001 }, "geometry": { "type": "Polygon", "coordinates": [ [ [ -0.9978136, 37.6206173 ], [ -0.9978184, 37.6206246 ], [ -0.998025, 37.620918 ], [ -0.998049, 37.6209514 ], [ -0.9980549, 37.6209598 ], [ -0.9980761, 37.6209711 ], [ -0.9980986, 37.6209833 ], [ -0.9981348, 37.6209742 ], [ -0.9981803, 37.6209627 ], [ -0.9984262, 37.6209077 ], [ -0.9984427, 37.6208961 ], [ -0.99882, 37.6204466 ], [ -0.9990295, 37.6202058 ], [ -0.9990883, 37.6201192 ], [ -0.9991436, 37.6200378 ], [ -0.9991989, 37.6199435 ], [ -0.999264, 37.6197837 ], [ -0.9992872, 37.6196768 ], [ -0.9993068, 37.6195463 ], [ -0.999312, 37.6195104 ], [ -0.9993148, 37.6194991 ], [ -0.9993327, 37.6194251 ], [ -0.9996738, 37.6193424 ], [ -1.0000822, 37.6192433 ], [ -1.0000824, 37.6192433 ], [ -1.0000838, 37.6192429 ], [ -1.000442, 37.6191482 ], [ -1.0004832, 37.6191382 ], [ -1.0005359, 37.6190325 ], [ -1.00057, 37.6189996 ], [ -1.0009092, 37.618909 ], [ -1.0011928, 37.6188334 ], [ -1.001233, 37.6188353 ], [ -1.0013082, 37.6188682 ], [ -1.0013687, 37.6189279 ], [ -1.0017904, 37.6188231 ], [ -1.0014591, 37.6179666 ], [ -1.0015477, 37.6179263 ], [ -1.0013484, 37.6175275 ], [ -1.0009247, 37.6176615 ], [ -1.0005155, 37.617791 ], [ -1.0001476, 37.6179074 ], [ -0.9997647, 37.6179713 ], [ -0.9994497, 37.6180239 ], [ -0.9993988, 37.6180059 ], [ -0.9993743, 37.6180126 ], [ -0.9993703, 37.6180137 ], [ -0.9993638, 37.6180154 ], [ -0.9993561, 37.6180175 ], [ -0.999348, 37.6180197 ], [ -0.9993314, 37.6180242 ], [ -0.9992866, 37.6180364 ], [ -0.9992565, 37.6180433 ], [ -0.9989884, 37.6181046 ], [ -0.9989117, 37.6181234 ], [ -0.9987269, 37.6181686 ], [ -0.9985859, 37.6182045 ], [ -0.9983481, 37.6182649 ], [ -0.9981803, 37.6182999 ], [ -0.997896, 37.6185221 ], [ -0.9978721, 37.6185473 ], [ -0.9978637, 37.6185755 ], [ -0.9978596, 37.6188762 ], [ -0.99786, 37.6189213 ], [ -0.9976921, 37.6189434 ], [ -0.9974531, 37.6189798 ], [ -0.9974866, 37.6193261 ], [ -0.9974902, 37.6194671 ], [ -0.997501, 37.619887 ], [ -0.9975001, 37.6199004 ], [ -0.9974873, 37.6200875 ], [ -0.9976452, 37.6203593 ], [ -0.9977608, 37.6205363 ], [ -0.9977906, 37.6205819 ], [ -0.9978136, 37.6206173 ] ] ] } },
{ "type": "Feature", "properties": { "CCAA": "14 - Región de Murcia", "PROVINCIA": "30 - Murcia", "MUNICIPIO": "30016 - Cartagena", "COD_MUNICIPIO": "30016", "DISTRITO": "08", "SECCION": "3001608035", "V1_H": 79.35, "V1_M": 85.2, "V2_H": 79.29922448000001, "V2_M": 85.22530012, "V3_H": 79.59037894, "V3_M": 85.4114479 }, "geometry": { "type": "Polygon", "coordinates": [ [ [ -0.9980986, 37.6209833 ], [ -0.9981262, 37.6209984 ], [ -0.9982101, 37.6210499 ], [ -0.9983155, 37.6211066 ], [ -0.9983873, 37.6211584 ], [ -0.998465, 37.6212211 ], [ -0.9985746, 37.6213368 ], [ -0.9986653, 37.6214358 ], [ -0.9986762, 37.6214524 ], [ -0.9987444, 37.6214352 ], [ -0.9992749, 37.6213017 ], [ -0.999512, 37.6212439 ], [ -0.9997317, 37.6211903 ], [ -0.9999113, 37.6211452 ], [ -1.0003306, 37.6210401 ], [ -1.0007346, 37.6209388 ], [ -1.0000838, 37.6192429 ], [ -1.0000824, 37.6192433 ], [ -1.0000822, 37.6192433 ], [ -0.9996738, 37.6193424 ], [ -0.9993327, 37.6194251 ], [ -0.9993148, 37.6194991 ], [ -0.999312, 37.6195104 ], [ -0.9993068, 37.6195463 ], [ -0.9992872, 37.6196768 ], [ -0.999264, 37.6197837 ], [ -0.9991989, 37.6199435 ], [ -0.9991436, 37.6200378 ], [ -0.9990883, 37.6201192 ], [ -0.9990295, 37.6202058 ], [ -0.99882, 37.6204466 ], [ -0.9984427, 37.6208961 ], [ -0.9984262, 37.6209077 ], [ -0.9981803, 37.6209627 ], [ -0.9981348, 37.6209742 ], [ -0.9980986, 37.6209833 ] ] ] } },
{ "type": "Feature", "properties": { "CCAA": "14 - Región de Murcia", "PROVINCIA": "30 - Murcia", "MUNICIPIO": "30016 - Cartagena", "COD_MUNICIPIO": "30016", "DISTRITO": "10", "SECCION": "3001610004", "V1_H": 79.86, "V1_M": 85.62, "V2_H": 79.74592797, "V2_M": 85.80311169, "V3_H": 80.14073418, "V3_M": 85.57864485 }, "geometry": { "type": "Polygon", "coordinates": [ [ [ -1.0032106, 37.6397705 ], [ -1.00328, 37.6401537 ], [ -1.0033236, 37.6403949 ], [ -1.0033413, 37.6405071 ], [ -1.0033531, 37.6405712 ], [ -1.0034285, 37.640983 ], [ -1.0034377, 37.6410327 ], [ -1.0035054, 37.6414024 ], [ -1.0035067, 37.64141 ], [ -1.0045354, 37.6412886 ], [ -1.005337, 37.641194 ], [ -1.0055037, 37.6411743 ], [ -1.0054847, 37.6407449 ], [ -1.0054714, 37.6404444 ], [ -1.0054487, 37.6404308 ], [ -1.005442, 37.64042 ], [ -1.0054429, 37.6403602 ], [ -1.0054381, 37.64028 ], [ -1.0054451, 37.6401735 ], [ -1.0054369, 37.6399413 ], [ -1.0049828, 37.6399373 ], [ -1.0049077, 37.6399418 ], [ -1.0049018, 37.6399424 ], [ -1.0048708, 37.6398804 ], [ -1.0048418, 37.6396597 ], [ -1.0048023, 37.6394283 ], [ -1.0047164, 37.6389271 ], [ -1.0047125, 37.6389002 ], [ -1.0047036, 37.6388389 ], [ -1.0046506, 37.6385756 ], [ -1.0046157, 37.6383841 ], [ -1.0046178, 37.6383517 ], [ -1.0045553, 37.6379764 ], [ -1.0045473, 37.6379325 ], [ -1.0044984, 37.6376671 ], [ -1.0044266, 37.6374354 ], [ -1.0047559, 37.6374422 ], [ -1.0048739, 37.6374409 ], [ -1.0048256, 37.6371492 ], [ -1.0048074, 37.6370707 ], [ -1.0047982, 37.6370393 ], [ -1.0047841, 37.6369922 ], [ -1.004733, 37.6366266 ], [ -1.0047288, 37.6365937 ], [ -1.0047119, 37.6364661 ], [ -1.0046925, 37.6364361 ], [ -1.0044796, 37.6361799 ], [ -1.0043514, 37.6360256 ], [ -1.0044039, 37.6359526 ], [ -1.0044197, 37.6359277 ], [ -1.004417, 37.635913 ], [ -1.0038747, 37.6360363 ], [ -1.0038265, 37.636043 ], [ -1.0037715, 37.6360446 ], [ -1.00371, 37.6360361 ], [ -1.0036523, 37.6360174 ], [ -1.0035746, 37.6359739 ], [ -1.0034508, 37.635891 ], [ -1.0031532, 37.6356336 ], [ -1.0030566, 37.63555 ], [ -1.002946, 37.6354544 ], [ -1.0028849, 37.6356716 ], [ -1.0028131, 37.6358802 ], [ -1.0027301, 37.6361823 ], [ -1.0026709, 37.6363573 ], [ -1.002657, 37.6363982 ], [ -1.0026429, 37.6364362 ], [ -1.0026257, 37.6365126 ], [ -1.0026177, 37.6365635 ], [ -1.0026205, 37.6366307 ], [ -1.0026335, 37.6367124 ], [ -1.0026928, 37.6369941 ], [ -1.0026948, 37.6370037 ], [ -1.0027129, 37.6370897 ], [ -1.0027986, 37.637552 ], [ -1.0028175, 37.6376533 ], [ -1.0028465, 37.6378097 ], [ -1.0028932, 37.6380622 ], [ -1.0028937, 37.6380643 ], [ -1.0028994, 37.6380951 ], [ -1.0029913, 37.6385838 ], [ -1.0030888, 37.6391028 ], [ -1.0030998, 37.6391618 ], [ -1.0031833, 37.6396198 ], [ -1.0031853, 37.6396306 ], [ -1.0032106, 37.6397705 ] ] ] } },
{ "type": "Feature", "properties": { "CCAA": "14 - Región de Murcia", "PROVINCIA": "30 - Murcia", "MUNICIPIO": "30016 - Cartagena", "COD_MUNICIPIO": "30016", "DISTRITO": "10", "SECCION": "3001610006", "V1_H": 79.81, "V1_M": 85.63, "V2_H": 79.83092799000001, "V2_M": 85.85143097, "V3_H": 80.00184088, "V3_M": 85.62912109 }, "geometry": { "type": "Polygon", "coordinates": [ [ [ -1.004417, 37.635913 ], [ -1.0044197, 37.6359277 ], [ -1.0044039, 37.6359526 ], [ -1.0043514, 37.6360256 ], [ -1.0044796, 37.6361799 ], [ -1.0046925, 37.6364361 ], [ -1.0047119, 37.6364661 ], [ -1.0047288, 37.6365937 ], [ -1.004733, 37.6366266 ], [ -1.0047841, 37.6369922 ], [ -1.0047982, 37.6370393 ], [ -1.0048074, 37.6370707 ], [ -1.0048256, 37.6371492 ], [ -1.0048739, 37.6374409 ], [ -1.0047559, 37.6374422 ], [ -1.0044266, 37.6374354 ], [ -1.0044984, 37.6376671 ], [ -1.0045473, 37.6379325 ], [ -1.0045553, 37.6379764 ], [ -1.0046178, 37.6383517 ], [ -1.0046157, 37.6383841 ], [ -1.0046506, 37.6385756 ], [ -1.0047036, 37.6388389 ], [ -1.0047125, 37.6389002 ], [ -1.0047396, 37.6388925 ], [ -1.0047899, 37.638875 ], [ -1.0052499, 37.6388118 ], [ -1.0057063, 37.6387535 ], [ -1.0057735, 37.638744 ], [ -1.0064948, 37.6386419 ], [ -1.0066901, 37.6386082 ], [ -1.0068918, 37.6385732 ], [ -1.0074084, 37.6380629 ], [ -1.0074601, 37.6380341 ], [ -1.0075328, 37.6380034 ], [ -1.0076095, 37.6379707 ], [ -1.0076302, 37.6379619 ], [ -1.0076726, 37.6379439 ], [ -1.0077542, 37.6379091 ], [ -1.0087961, 37.6374388 ], [ -1.0088, 37.6374552 ], [ -1.0088268, 37.6375204 ], [ -1.0088432, 37.6375513 ], [ -1.0088488, 37.6375593 ], [ -1.0091027, 37.6373967 ], [ -1.009275, 37.6372868 ], [ -1.0094311, 37.6371887 ], [ -1.0095729, 37.6371012 ], [ -1.0097491, 37.6369943 ], [ -1.0100374, 37.6368197 ], [ -1.0099405, 37.6367649 ], [ -1.0098261, 37.6367037 ], [ -1.0098258, 37.6367036 ], [ -1.0097271, 37.6366579 ], [ -1.009478, 37.6365426 ], [ -1.0094351, 37.6365236 ], [ -1.0090028, 37.6363325 ], [ -1.0089923, 37.6363282 ], [ -1.0085613, 37.6361543 ], [ -1.0083742, 37.6360788 ], [ -1.0083257, 37.6360592 ], [ -1.0081877, 37.6360035 ], [ -1.0081036, 37.6359697 ], [ -1.0078436, 37.6358591 ], [ -1.0078208, 37.6358495 ], [ -1.0077215, 37.6357735 ], [ -1.0076437, 37.6356921 ], [ -1.0073153, 37.6353496 ], [ -1.0071057, 37.6351312 ], [ -1.0069989, 37.6350241 ], [ -1.0068796, 37.6349691 ], [ -1.0067356, 37.6350038 ], [ -1.0065909, 37.6350486 ], [ -1.006359, 37.6351543 ], [ -1.0059939, 37.635321 ], [ -1.0059474, 37.6353427 ], [ -1.0059306, 37.6353506 ], [ -1.0055329, 37.6355359 ], [ -1.0053489, 37.6356219 ], [ -1.005102, 37.6357227 ], [ -1.0050594, 37.6357401 ], [ -1.0049256, 37.6357821 ], [ -1.0048401, 37.6358089 ], [ -1.0044414, 37.6359075 ], [ -1.0044406, 37.6359078 ], [ -1.004417, 37.635913 ] ] ] } },
{ "type": "Feature", "properties": { "CCAA": "14 - Región de Murcia", "PROVINCIA": "30 - Murcia", "MUNICIPIO": "30016 - Cartagena", "COD_MUNICIPIO": "30016", "DISTRITO": "10", "SECCION": "3001610021", "V1_H": 79.89, "V1_M": 85.97, "V2_H": 79.67266264, "V2_M": 85.8368825, "V3_H": 80.33686579, "V3_M": 86.2809331 }, "geometry": { "type": "Polygon", "coordinates": [ [ [ -0.9903855, 37.6237615 ], [ -0.9903945, 37.6237696 ], [ -0.9904811, 37.6238363 ], [ -0.9905088, 37.6238595 ], [ -0.9921059, 37.6234726 ], [ -0.9921272, 37.6235281 ], [ -0.9944857, 37.6229567 ], [ -0.9948264, 37.6228742 ], [ -0.9946924, 37.6225013 ], [ -0.9945921, 37.6222226 ], [ -0.9945586, 37.6221324 ], [ -0.9944527, 37.6218475 ], [ -0.9943124, 37.6214702 ], [ -0.9940336, 37.6207203 ], [ -0.993931, 37.6207541 ], [ -0.9938443, 37.6207828 ], [ -0.9936141, 37.6208693 ], [ -0.9935628, 37.6208887 ], [ -0.993446, 37.6209326 ], [ -0.9934089, 37.6209466 ], [ -0.9933324, 37.6209753 ], [ -0.9932882, 37.6209918 ], [ -0.9931876, 37.6210297 ], [ -0.9930916, 37.6210658 ], [ -0.9930661, 37.6210755 ], [ -0.9930051, 37.6210984 ], [ -0.9929262, 37.621128 ], [ -0.9919207, 37.621506 ], [ -0.9918322, 37.6215393 ], [ -0.9915415, 37.6216487 ], [ -0.9914445, 37.6216952 ], [ -0.991411, 37.6217113 ], [ -0.9912754, 37.6217765 ], [ -0.9912584, 37.6217846 ], [ -0.9911686, 37.6217728 ], [ -0.9911618, 37.6217719 ], [ -0.9911496, 37.6217711 ], [ -0.9910081, 37.6217618 ], [ -0.9909047, 37.6217549 ], [ -0.9908724, 37.6217529 ], [ -0.9909264, 37.6220361 ], [ -0.9909398, 37.6221064 ], [ -0.9909501, 37.6221606 ], [ -0.9909505, 37.6221745 ], [ -0.9909513, 37.6222004 ], [ -0.9909517, 37.6222159 ], [ -0.9909184, 37.6224199 ], [ -0.9909724, 37.6224277 ], [ -0.9909796, 37.6224288 ], [ -0.9909732, 37.6224619 ], [ -0.9909435, 37.622505 ], [ -0.9907846, 37.6227347 ], [ -0.9907406, 37.6227921 ], [ -0.9906465, 37.6229144 ], [ -0.9903302, 37.6233699 ], [ -0.9903227, 37.6233972 ], [ -0.9903275, 37.6234178 ], [ -0.9903325, 37.6234225 ], [ -0.9903548, 37.6234437 ], [ -0.990368, 37.6234519 ], [ -0.9903968, 37.6234699 ], [ -0.9904089, 37.6234742 ], [ -0.990501, 37.6235069 ], [ -0.9903907, 37.6237498 ], [ -0.9903856, 37.6237613 ], [ -0.9903855, 37.6237615 ] ] ] } },
{ "type": "Feature", "properties": { "CCAA": "14 - Región de Murcia", "PROVINCIA": "30 - Murcia", "MUNICIPIO": "30016 - Cartagena", "COD_MUNICIPIO": "30016", "DISTRITO": "08", "SECCION": "3001608002", "V1_H": 75.48, "V1_M": 82.31, "V2_H": 75.36985678000001, "V2_M": 82.56533706, "V3_H": 75.8600571, "V3_M": 82.01450712 }, "geometry": { "type": "Polygon", "coordinates": [ [ [ -0.9959771, 37.6178725 ], [ -0.995991, 37.617951 ], [ -0.9960204, 37.6181177 ], [ -0.9960501, 37.6183107 ], [ -0.9960871, 37.618551 ], [ -0.9960943, 37.618577 ], [ -0.9961242, 37.6186867 ], [ -0.9961561, 37.6187697 ], [ -0.9961621, 37.6187801 ], [ -0.9961913, 37.6188319 ], [ -0.9962814, 37.6189217 ], [ -0.9967121, 37.6192991 ], [ -0.996947, 37.6195048 ], [ -0.9969532, 37.6195104 ], [ -0.9971464, 37.6196636 ], [ -0.9972158, 37.6197362 ], [ -0.9972556, 37.619778 ], [ -0.9974207, 37.6199731 ], [ -0.9974873, 37.6200875 ], [ -0.9975001, 37.6199004 ], [ -0.997501, 37.619887 ], [ -0.9974902, 37.6194671 ], [ -0.9974866, 37.6193261 ], [ -0.9974531, 37.6189798 ], [ -0.9976921, 37.6189434 ], [ -0.99786, 37.6189213 ], [ -0.9978596, 37.6188762 ], [ -0.9978637, 37.6185755 ], [ -0.9978721, 37.6185473 ], [ -0.997896, 37.6185221 ], [ -0.9981803, 37.6182999 ], [ -0.9983481, 37.6182649 ], [ -0.9985859, 37.6182045 ], [ -0.9987269, 37.6181686 ], [ -0.9989117, 37.6181234 ], [ -0.9989884, 37.6181046 ], [ -0.9992565, 37.6180433 ], [ -0.9992866, 37.6180364 ], [ -0.9993314, 37.6180242 ], [ -0.999348, 37.6180197 ], [ -0.9993561, 37.6180175 ], [ -0.9993638, 37.6180154 ], [ -0.9993703, 37.6180137 ], [ -0.9993743, 37.6180126 ], [ -0.9993988, 37.6180059 ], [ -0.999316, 37.6178448 ], [ -0.9992886, 37.6177963 ], [ -0.9992473, 37.6176611 ], [ -0.9992418, 37.6176431 ], [ -0.9991706, 37.6174502 ], [ -0.9990639, 37.6171619 ], [ -0.9990588, 37.6171392 ], [ -0.9990071, 37.6169101 ], [ -0.9989986, 37.616873 ], [ -0.9988919, 37.6166329 ], [ -0.9988917, 37.6166326 ], [ -0.9988907, 37.6166305 ], [ -0.9988537, 37.6166048 ], [ -0.9987765, 37.6164652 ], [ -0.998623, 37.6161884 ], [ -0.9986139, 37.6161693 ], [ -0.9985596, 37.6161953 ], [ -0.9980598, 37.6164138 ], [ -0.9980298, 37.6164252 ], [ -0.9979771, 37.6164453 ], [ -0.9977391, 37.6165538 ], [ -0.9976269, 37.6165984 ], [ -0.997444, 37.6166554 ], [ -0.9973771, 37.61668 ], [ -0.9973865, 37.6169044 ], [ -0.9973865, 37.6169064 ], [ -0.9973041, 37.617074 ], [ -0.997121, 37.6171184 ], [ -0.9970569, 37.6171174 ], [ -0.9959491, 37.6173015 ], [ -0.995902, 37.6173092 ], [ -0.9958848, 37.6173121 ], [ -0.9959245, 37.6175589 ], [ -0.9959536, 37.6177397 ], [ -0.9959696, 37.6178297 ], [ -0.9959771, 37.6178725 ] ] ] } },
{ "type": "Feature", "properties": { "CCAA": "14 - Región de Murcia", "PROVINCIA": "30 - Murcia", "MUNICIPIO": "30016 - Cartagena", "COD_MUNICIPIO": "30016", "DISTRITO": "08", "SECCION": "3001608019", "V1_H": 79.89, "V1_M": 85.97, "V2_H": 79.67266264, "V2_M": 85.8368825, "V3_H": 80.33686579, "V3_M": 86.2809331 }, "geometry": { "type": "Polygon", "coordinates": [ [ [ -0.9887793, 37.6227095 ], [ -0.9887851, 37.6227127 ], [ -0.9887852, 37.6227125 ], [ -0.9888066, 37.6226841 ], [ -0.9888143, 37.6226587 ], [ -0.9887443, 37.6221813 ], [ -0.9887357, 37.6221229 ], [ -0.9887259, 37.6220634 ], [ -0.9887157, 37.6220034 ], [ -0.9887101, 37.621953 ], [ -0.9886907, 37.6217854 ], [ -0.9886695, 37.6215675 ], [ -0.988668, 37.621552 ], [ -0.9886604, 37.6214755 ], [ -0.9886309, 37.6211757 ], [ -0.98863, 37.6211685 ], [ -0.988608, 37.620986 ], [ -0.9885894, 37.6208324 ], [ -0.9885838, 37.6207867 ], [ -0.9885751, 37.6207163 ], [ -0.9885411, 37.6204038 ], [ -0.9885255, 37.6202623 ], [ -0.9885137, 37.6201278 ], [ -0.9885186, 37.6200446 ], [ -0.9885208, 37.6200044 ], [ -0.9885235, 37.6199538 ], [ -0.9885381, 37.6198917 ], [ -0.9885857, 37.6197525 ], [ -0.9885934, 37.6197278 ], [ -0.9887325, 37.619282 ], [ -0.9887536, 37.6192163 ], [ -0.988793, 37.6190939 ], [ -0.9888871, 37.6188012 ], [ -0.9889265, 37.6186788 ], [ -0.989001, 37.6184469 ], [ -0.9890875, 37.6181777 ], [ -0.9890498, 37.6181791 ], [ -0.9888194, 37.6181874 ], [ -0.9887639, 37.6181894 ], [ -0.9886942, 37.618192 ], [ -0.9886257, 37.6181945 ], [ -0.9885276, 37.6181981 ], [ -0.988083, 37.6182185 ], [ -0.9877445, 37.6182314 ], [ -0.9872684, 37.61826 ], [ -0.9869539, 37.6182789 ], [ -0.986868, 37.6183171 ], [ -0.9873482, 37.6186418 ], [ -0.9873597, 37.6187584 ], [ -0.9873925, 37.6189858 ], [ -0.987428, 37.6192318 ], [ -0.9874407, 37.6193316 ], [ -0.987444, 37.6193581 ], [ -0.9874961, 37.6198066 ], [ -0.9873555, 37.6197392 ], [ -0.9873885, 37.6200023 ], [ -0.9873924, 37.6200859 ], [ -0.9874488, 37.6204883 ], [ -0.9872903, 37.6205072 ], [ -0.9868242, 37.6205466 ], [ -0.9864388, 37.6205799 ], [ -0.9863934, 37.6205841 ], [ -0.9862142, 37.620601 ], [ -0.9854545, 37.6206652 ], [ -0.9853482, 37.6206777 ], [ -0.9849643, 37.6207223 ], [ -0.9849592, 37.6207229 ], [ -0.9862688, 37.6214051 ], [ -0.9864781, 37.621514 ], [ -0.98707, 37.6218226 ], [ -0.9876136, 37.6221037 ], [ -0.9884542, 37.6225475 ], [ -0.9885537, 37.6226001 ], [ -0.9886186, 37.622632 ], [ -0.9886892, 37.6226672 ], [ -0.9887746, 37.6227069 ], [ -0.9887793, 37.6227095 ] ] ] } },
{ "type": "Feature", "properties": { "CCAA": "14 - Región de Murcia", "PROVINCIA": "30 - Murcia", "MUNICIPIO": "30016 - Cartagena", "COD_MUNICIPIO": "30016", "DISTRITO": "08", "SECCION": "3001608034", "V1_H": 80.78, "V1_M": 86.64, "V2_H": 80.55514168000001, "V2_M": 86.45889906, "V3_H": 81.06237696, "V3_M": 86.87120108000001 }, "geometry": { "type": "Polygon", "coordinates": [ [ [ -0.9923465, 37.6189614 ], [ -0.9925945, 37.619738 ], [ -0.9949005, 37.6191685 ], [ -0.9948867, 37.6191326 ], [ -0.9947541, 37.6187882 ], [ -0.9946525, 37.6185199 ], [ -0.9943699, 37.6185911 ], [ -0.9940296, 37.6186553 ], [ -0.9935945, 37.6187374 ], [ -0.9934616, 37.6187615 ], [ -0.9923774, 37.6189559 ], [ -0.9923465, 37.6189614 ] ] ] } },
{ "type": "Feature", "properties": { "CCAA": "14 - Región de Murcia", "PROVINCIA": "30 - Murcia", "MUNICIPIO": "30016 - Cartagena", "COD_MUNICIPIO": "30016", "DISTRITO": "10", "SECCION": "3001610003", "V1_H": 79.16, "V1_M": 85.0, "V2_H": 79.432337, "V2_M": 85.16926182, "V3_H": 78.95181978, "V3_M": 84.90024095 }, "geometry": { "type": "Polygon", "coordinates": [ [ [ -1.0277118, 37.7044011 ], [ -1.0288508, 37.7047023 ], [ -1.0303008, 37.7047664 ], [ -1.0319345, 37.7049357 ], [ -1.03351, 37.7051272 ], [ -1.035367, 37.7055168 ], [ -1.0371552, 37.7058024 ], [ -1.0399667, 37.7064787 ], [ -1.0364291, 37.7008813 ], [ -1.0368164, 37.700909 ], [ -1.0375451, 37.7010555 ], [ -1.0384861, 37.7013077 ], [ -1.0398026, 37.7015073 ], [ -1.0415809, 37.7016439 ], [ -1.0433068, 37.7016196 ], [ -1.0446628, 37.7014646 ], [ -1.0452804, 37.7024227 ], [ -1.0460534, 37.7001766 ], [ -1.0461744, 37.7001606 ], [ -1.0441813, 37.6974626 ], [ -1.0432405, 37.6962601 ], [ -1.0426254, 37.6952219 ], [ -1.0418554, 37.6945482 ], [ -1.0413395, 37.6940265 ], [ -1.0416626, 37.6928626 ], [ -1.042431, 37.6917043 ], [ -1.0427029, 37.6908031 ], [ -1.0431917, 37.6893893 ], [ -1.0432393, 37.6883021 ], [ -1.0433153, 37.6872268 ], [ -1.0437434, 37.6859153 ], [ -1.0439118, 37.6851044 ], [ -1.0442822, 37.6842732 ], [ -1.0446427, 37.6837624 ], [ -1.0454187, 37.6828217 ], [ -1.0465046, 37.6820908 ], [ -1.0473356, 37.6812309 ], [ -1.0480142, 37.6806554 ], [ -1.0486785, 37.6800796 ], [ -1.0485014, 37.6792873 ], [ -1.0479792, 37.6785023 ], [ -1.0475829, 37.6778333 ], [ -1.0476367, 37.6770095 ], [ -1.0477084, 37.6760715 ], [ -1.0480751, 37.6748852 ], [ -1.04839, 37.6741808 ], [ -1.047427, 37.6730451 ], [ -1.0464953, 37.672026 ], [ -1.045366, 37.6713593 ], [ -1.045024, 37.670794 ], [ -1.0441061, 37.6702674 ], [ -1.0425673, 37.669836 ], [ -1.0418306, 37.6694948 ], [ -1.0405585, 37.6692729 ], [ -1.0395278, 37.6691456 ], [ -1.038598, 37.669008 ], [ -1.0378077, 37.6688685 ], [ -1.0344498, 37.6704646 ], [ -1.0304657, 37.67139 ], [ -1.0298826, 37.6714053 ], [ -1.0295772, 37.6714133 ], [ -1.0285012, 37.6712618 ], [ -1.0278596, 37.6710221 ], [ -1.0272635, 37.6708786 ], [ -1.0251342, 37.6706332 ], [ -1.0240262, 37.6707863 ], [ -1.0199958, 37.6707377 ], [ -1.0192725, 37.6699626 ], [ -1.0187738, 37.6687413 ], [ -1.0187474, 37.6687591 ], [ -1.0182519, 37.6694513 ], [ -1.0175975, 37.669237 ], [ -1.0162674, 37.6690369 ], [ -1.015974, 37.6692436 ], [ -1.0159001, 37.6692956 ], [ -1.0158282, 37.6697642 ], [ -1.0155513, 37.6703561 ], [ -1.0151342, 37.6708317 ], [ -1.0149633, 37.6717112 ], [ -1.0146187, 37.6726343 ], [ -1.0142013, 37.6740489 ], [ -1.0136535, 37.676893 ], [ -1.0133294, 37.6780797 ], [ -1.0130192, 37.679278 ], [ -1.0125889, 37.681574 ], [ -1.0123754, 37.6828996 ], [ -1.0121791, 37.6841337 ], [ -1.012329, 37.6853264 ], [ -1.0120127, 37.6862613 ], [ -1.0121406, 37.6872362 ], [ -1.0120894, 37.6884263 ], [ -1.0121742, 37.6894007 ], [ -1.0122148, 37.6904088 ], [ -1.0124747, 37.6917632 ], [ -1.0124014, 37.6931709 ], [ -1.0124728, 37.6932174 ], [ -1.0134181, 37.6937904 ], [ -1.0144339, 37.6944101 ], [ -1.0151087, 37.6948996 ], [ -1.0159093, 37.6955051 ], [ -1.0165476, 37.696246 ], [ -1.0174169, 37.6969555 ], [ -1.0180002, 37.6976155 ], [ -1.0184433, 37.6986287 ], [ -1.0188349, 37.6994466 ], [ -1.0193551, 37.700289 ], [ -1.0200157, 37.7007783 ], [ -1.0205147, 37.7009105 ], [ -1.0210278, 37.7010544 ], [ -1.0217497, 37.7014185 ], [ -1.023039, 37.7020301 ], [ -1.0240982, 37.7021808 ], [ -1.0248475, 37.7021216 ], [ -1.0254773, 37.7022097 ], [ -1.025942, 37.7025247 ], [ -1.0265732, 37.7030364 ], [ -1.0272608, 37.7035832 ], [ -1.0277699, 37.7043224 ], [ -1.0277118, 37.7044011 ] ] ] } },
{ "type": "Feature", "properties": { "CCAA": "14 - Región de Murcia", "PROVINCIA": "30 - Murcia", "MUNICIPIO": "30016 - Cartagena", "COD_MUNICIPIO": "30016", "DISTRITO": "10", "SECCION": "3001610005", "V1_H": 79.57, "V1_M": 85.52, "V2_H": 79.5571672, "V2_M": 85.61629353, "V3_H": 79.73611669, "V3_M": 85.61269153000001 }, "geometry": { "type": "Polygon", "coordinates": [ [ [ -0.9921621, 37.639442 ], [ -0.9925546, 37.6396249 ], [ -0.9925004, 37.6399082 ], [ -0.9952888, 37.6398308 ], [ -0.99999, 37.6397002 ], [ -1.0003571, 37.6396874 ], [ -1.000364, 37.6396871 ], [ -1.0007501, 37.6396724 ], [ -1.0011573, 37.6396638 ], [ -1.0011605, 37.6396636 ], [ -1.0015252, 37.6396476 ], [ -1.0017217, 37.639639 ], [ -1.0020207, 37.6396854 ], [ -1.0020603, 37.6396922 ], [ -1.0021327, 37.6397 ], [ -1.0021853, 37.6397058 ], [ -1.00266, 37.6397763 ], [ -1.0026843, 37.6397865 ], [ -1.0027142, 37.6398013 ], [ -1.0027864, 37.6398147 ], [ -1.0028549, 37.6398143 ], [ -1.0032106, 37.6397705 ], [ -1.0031853, 37.6396306 ], [ -1.0031833, 37.6396198 ], [ -1.0030998, 37.6391618 ], [ -1.0030888, 37.6391028 ], [ -1.0029913, 37.6385838 ], [ -1.0028994, 37.6380951 ], [ -1.0028937, 37.6380643 ], [ -1.0028932, 37.6380622 ], [ -1.0028465, 37.6378097 ], [ -1.0028175, 37.6376533 ], [ -1.0027986, 37.637552 ], [ -1.0027129, 37.6370897 ], [ -1.0026948, 37.6370037 ], [ -1.002455, 37.6370026 ], [ -1.0012481, 37.6370168 ], [ -1.0009187, 37.6370206 ], [ -1.0005302, 37.6368909 ], [ -1.0002174, 37.6367273 ], [ -0.9991029, 37.636076 ], [ -0.9991754, 37.6359891 ], [ -0.9991737, 37.6359113 ], [ -0.9991713, 37.6358653 ], [ -0.9991712, 37.6358455 ], [ -0.9991711, 37.6358405 ], [ -0.9991689, 37.6358184 ], [ -0.9991681, 37.6356768 ], [ -0.9995531, 37.6352462 ], [ -0.9997569, 37.635029 ], [ -0.9999473, 37.6348261 ], [ -1.0000555, 37.6347027 ], [ -0.9994949, 37.6342176 ], [ -0.9995405, 37.6341825 ], [ -0.999374, 37.6340212 ], [ -0.9961218, 37.636452 ], [ -0.9945065, 37.638542 ], [ -0.9921621, 37.639442 ] ] ] } },
{ "type": "Feature", "properties": { "CCAA": "14 - Región de Murcia", "PROVINCIA": "30 - Murcia", "MUNICIPIO": "30016 - Cartagena", "COD_MUNICIPIO": "30016", "DISTRITO": "10", "SECCION": "3001610007", "V1_H": 80.06, "V1_M": 86.12, "V2_H": 80.10460866, "V2_M": 86.20761786, "V3_H": 80.17898723, "V3_M": 86.18020212 }, "geometry": { "type": "Polygon", "coordinates": [ [ [ -0.9936619, 37.6296234 ], [ -0.993623, 37.6318374 ], [ -0.993876, 37.6318268 ], [ -0.9939392, 37.6316103 ], [ -0.9941148, 37.6310094 ], [ -0.9946378, 37.6299497 ], [ -0.995543, 37.6290017 ], [ -0.9956736, 37.6289695 ], [ -0.9960639, 37.6289303 ], [ -0.9962778, 37.6289176 ], [ -0.9970915, 37.6275052 ], [ -0.9965565, 37.6273148 ], [ -0.9967722, 37.6269316 ], [ -0.9970662, 37.6260116 ], [ -0.9973271, 37.6253852 ], [ -0.9972179, 37.6253615 ], [ -0.9971168, 37.6253395 ], [ -0.9971167, 37.6253397 ], [ -0.9971158, 37.625343 ], [ -0.9971075, 37.6253575 ], [ -0.9970961, 37.6253706 ], [ -0.9970817, 37.6253817 ], [ -0.9970652, 37.6253908 ], [ -0.9970468, 37.625397 ], [ -0.9970272, 37.6254006 ], [ -0.9970071, 37.6254012 ], [ -0.9969873, 37.6253989 ], [ -0.9969684, 37.6253937 ], [ -0.9969509, 37.6253859 ], [ -0.9969355, 37.6253756 ], [ -0.9969228, 37.6253632 ], [ -0.9969226, 37.6253627 ], [ -0.9969132, 37.6253492 ], [ -0.9969106, 37.6253425 ], [ -0.9968436, 37.625372 ], [ -0.9967953, 37.6253933 ], [ -0.996777, 37.6254058 ], [ -0.9965968, 37.6254276 ], [ -0.9964673, 37.6254475 ], [ -0.9962949, 37.6254697 ], [ -0.9961396, 37.6254955 ], [ -0.9959243, 37.6255171 ], [ -0.9958492, 37.6255247 ], [ -0.9957649, 37.6255333 ], [ -0.9956359, 37.6255374 ], [ -0.9955144, 37.6255386 ], [ -0.9953229, 37.6255324 ], [ -0.9951952, 37.6255283 ], [ -0.994767, 37.6255146 ], [ -0.9946826, 37.6255176 ], [ -0.9945809, 37.6255237 ], [ -0.9945797, 37.6255238 ], [ -0.9944982, 37.6255422 ], [ -0.9944047, 37.6255557 ], [ -0.9943804, 37.6255592 ], [ -0.9939037, 37.6255599 ], [ -0.9938549, 37.6255593 ], [ -0.9937451, 37.6255581 ], [ -0.9935782, 37.6255562 ], [ -0.9935011, 37.6255515 ], [ -0.9934627, 37.6255427 ], [ -0.9933625, 37.6255379 ], [ -0.9933216, 37.6255359 ], [ -0.9930076, 37.6255208 ], [ -0.992907, 37.6255657 ], [ -0.992823, 37.6256055 ], [ -0.9923562, 37.6258267 ], [ -0.9923188, 37.6258443 ], [ -0.9923185, 37.6258445 ], [ -0.9923545, 37.6258996 ], [ -0.9923953, 37.6259583 ], [ -0.9924256, 37.6260068 ], [ -0.992471, 37.6260794 ], [ -0.9925056, 37.6261343 ], [ -0.9925682, 37.6262275 ], [ -0.9926345, 37.6263419 ], [ -0.9927322, 37.6265175 ], [ -0.9927741, 37.6265932 ], [ -0.992832, 37.6266987 ], [ -0.9929584, 37.6269309 ], [ -0.9929802, 37.6269681 ], [ -0.9930277, 37.6270493 ], [ -0.9930678, 37.6271821 ], [ -0.9932525, 37.6276499 ], [ -0.9934029, 37.6281041 ], [ -0.9935302, 37.6287626 ], [ -0.9935784, 37.628953 ], [ -0.9936321, 37.6291652 ], [ -0.9936793, 37.6296235 ], [ -0.9936619, 37.6296234 ] ] ] } },
{ "type": "Feature", "properties": { "CCAA": "14 - Región de Murcia", "PROVINCIA": "30 - Murcia", "MUNICIPIO": "30016 - Cartagena", "COD_MUNICIPIO": "30016", "DISTRITO": "10", "SECCION": "3001610020", "V1_H": 80.39, "V1_M": 86.24, "V2_H": 80.20629068, "V2_M": 86.34105578, "V3_H": 80.66489809, "V3_M": 86.38520791000001 }, "geometry": { "type": "Polygon", "coordinates": [ [ [ -1.002946, 37.6354544 ], [ -1.0030566, 37.63555 ], [ -1.0031532, 37.6356336 ], [ -1.0033793, 37.6354675 ], [ -1.003841, 37.6353694 ], [ -1.0036539, 37.6348892 ], [ -1.0041676, 37.634786 ], [ -1.0038242, 37.633785 ], [ -1.0054534, 37.6334066 ], [ -1.0054511, 37.6334016 ], [ -1.005394, 37.6332601 ], [ -1.0053282, 37.6330922 ], [ -1.0052794, 37.6329701 ], [ -1.0052776, 37.6329658 ], [ -1.0052239, 37.6328374 ], [ -1.0051772, 37.6327466 ], [ -1.0051228, 37.6326622 ], [ -1.0050625, 37.6325914 ], [ -1.0049364, 37.6324606 ], [ -1.0048654, 37.6323956 ], [ -1.0047459, 37.6322965 ], [ -1.0046462, 37.6322255 ], [ -1.0045327, 37.6321552 ], [ -1.0044038, 37.6320836 ], [ -1.0042571, 37.6320056 ], [ -1.0040746, 37.631908 ], [ -1.0038571, 37.6317912 ], [ -1.0037151, 37.6317169 ], [ -1.0035684, 37.6316401 ], [ -1.0034662, 37.6315876 ], [ -1.0033354, 37.6315458 ], [ -1.0032236, 37.6315509 ], [ -1.0031547, 37.6315646 ], [ -1.0031055, 37.6315744 ], [ -1.0031057, 37.6315758 ], [ -1.0031207, 37.6316645 ], [ -1.0031462, 37.6318151 ], [ -1.0031803, 37.6320167 ], [ -1.0031841, 37.6321261 ], [ -1.0031849, 37.6321532 ], [ -1.0031872, 37.6322214 ], [ -1.0031274, 37.6326024 ], [ -1.0031236, 37.6326189 ], [ -1.0029462, 37.6333587 ], [ -1.0029227, 37.6334738 ], [ -1.0028617, 37.6337726 ], [ -1.0028471, 37.6338441 ], [ -1.0028413, 37.6339706 ], [ -1.0028321, 37.6341697 ], [ -1.0028392, 37.6342103 ], [ -1.0028809, 37.6344507 ], [ -1.0029279, 37.6346368 ], [ -1.0029858, 37.6349481 ], [ -1.002991, 37.6350383 ], [ -1.0030032, 37.6352512 ], [ -1.0029498, 37.6354409 ], [ -1.002946, 37.6354544 ] ] ] } },
{ "type": "Feature", "properties": { "CCAA": "14 - Región de Murcia", "PROVINCIA": "30 - Murcia", "MUNICIPIO": "30016 - Cartagena", "COD_MUNICIPIO": "30016", "DISTRITO": "10", "SECCION": "3001610022", "V1_H": 81.1, "V1_M": 86.64, "V2_H": 80.60081217, "V2_M": 86.48118059, "V3_H": 81.51550291, "V3_M": 86.87452308 }, "geometry": { "type": "Polygon", "coordinates": [ [ [ -1.0154546, 37.6138209 ], [ -1.015691, 37.613837 ], [ -1.0159478, 37.6139212 ], [ -1.0161484, 37.6139288 ], [ -1.0162661, 37.6138761 ], [ -1.0166109, 37.6138273 ], [ -1.0168736, 37.6136846 ], [ -1.0175087, 37.6133147 ], [ -1.0175711, 37.6132927 ], [ -1.0178661, 37.6131295 ], [ -1.0182945, 37.612918 ], [ -1.0186266, 37.6127513 ], [ -1.0189038, 37.6126634 ], [ -1.0191687, 37.6126384 ], [ -1.0194332, 37.6126303 ], [ -1.0198339, 37.6126664 ], [ -1.0199285, 37.6127722 ], [ -1.0218578, 37.6125394 ], [ -1.0222856, 37.6124873 ], [ -1.0231303, 37.6124316 ], [ -1.0238822, 37.6124826 ], [ -1.0243475, 37.6122844 ], [ -1.0244177, 37.6122202 ], [ -1.0245344, 37.6121028 ], [ -1.0246763, 37.6119661 ], [ -1.0248504, 37.6117861 ], [ -1.025035, 37.6116048 ], [ -1.0251361, 37.6115043 ], [ -1.0253048, 37.6113366 ], [ -1.0253239, 37.6113141 ], [ -1.0253522, 37.611289 ], [ -1.0253884, 37.6112671 ], [ -1.0254432, 37.6112452 ], [ -1.0255092, 37.6112299 ], [ -1.0255715, 37.6112247 ], [ -1.0256334, 37.6112322 ], [ -1.0257129, 37.6112506 ], [ -1.0257907, 37.6112689 ], [ -1.0258821, 37.6112939 ], [ -1.0259381, 37.6113279 ], [ -1.0260417, 37.6113902 ], [ -1.0261403, 37.6114501 ], [ -1.0262451, 37.6115271 ], [ -1.0263953, 37.611631 ], [ -1.0265067, 37.6116212 ], [ -1.026569, 37.6116136 ], [ -1.0266367, 37.6116033 ], [ -1.0267003, 37.6115921 ], [ -1.0267597, 37.6115657 ], [ -1.0268105, 37.6115359 ], [ -1.0268701, 37.6115086 ], [ -1.0269266, 37.6114817 ], [ -1.0269994, 37.6114293 ], [ -1.0270685, 37.6113876 ], [ -1.027208, 37.6112958 ], [ -1.0272853, 37.6112453 ], [ -1.0273604, 37.6111954 ], [ -1.0274263, 37.6111444 ], [ -1.0274797, 37.6110849 ], [ -1.0275203, 37.6110307 ], [ -1.027559, 37.6109833 ], [ -1.0277283, 37.6107715 ], [ -1.0277958, 37.6106839 ], [ -1.0278449, 37.6106367 ], [ -1.0279233, 37.6105483 ], [ -1.0279906, 37.6104835 ], [ -1.0280391, 37.610456 ], [ -1.0281082, 37.6104366 ], [ -1.0281638, 37.6104252 ], [ -1.0282168, 37.6103983 ], [ -1.0282784, 37.6103765 ], [ -1.0283769, 37.6103966 ], [ -1.0284652, 37.6104086 ], [ -1.0285623, 37.6104141 ], [ -1.0286282, 37.6104231 ], [ -1.0286805, 37.6104483 ], [ -1.0287381, 37.6104855 ], [ -1.0288418, 37.6105675 ], [ -1.0289391, 37.6106471 ], [ -1.0290993, 37.6107992 ], [ -1.029122, 37.6108208 ], [ -1.0290833, 37.6108467 ], [ -1.029492, 37.6110317 ], [ -1.0295039, 37.6111001 ], [ -1.0298845, 37.6112259 ], [ -1.0299943, 37.6112333 ], [ -1.0300708, 37.6112506 ], [ -1.0301508, 37.611258 ], [ -1.0302646, 37.611279 ], [ -1.0303497, 37.6112996 ], [ -1.0304643, 37.6112657 ], [ -1.0305074, 37.6112529 ], [ -1.0305695, 37.6112285 ], [ -1.0306184, 37.6112024 ], [ -1.0306759, 37.6111735 ], [ -1.0307242, 37.6111469 ], [ -1.0307732, 37.6111254 ], [ -1.0309929, 37.6111216 ], [ -1.0310183, 37.6114135 ], [ -1.0314468, 37.6113979 ], [ -1.0320561, 37.6113637 ], [ -1.0325904, 37.6113467 ], [ -1.0328633, 37.6113331 ], [ -1.0330809, 37.6110515 ], [ -1.0330811, 37.6110535 ], [ -1.033107, 37.6110538 ], [ -1.0331171, 37.6108695 ], [ -1.0331492, 37.6107173 ], [ -1.0332211, 37.6103754 ], [ -1.0332964, 37.6102061 ], [ -1.0333587, 37.6099272 ], [ -1.0334097, 37.6096993 ], [ -1.0335586, 37.6094379 ], [ -1.0335763, 37.609173 ], [ -1.0335911, 37.6089516 ], [ -1.0337684, 37.6087043 ], [ -1.0339239, 37.6085996 ], [ -1.0341559, 37.6083246 ], [ -1.0343378, 37.6078987 ], [ -1.0344698, 37.6076649 ], [ -1.0345137, 37.6073654 ], [ -1.0346934, 37.6070252 ], [ -1.0347814, 37.606755 ], [ -1.0341772, 37.6054651 ], [ -1.0337601, 37.6056083 ], [ -1.0333233, 37.6057209 ], [ -1.0328931, 37.6061086 ], [ -1.0325893, 37.6063824 ], [ -1.032422, 37.6065941 ], [ -1.0322728, 37.6069311 ], [ -1.0319446, 37.6073154 ], [ -1.0316015, 37.6077172 ], [ -1.0313814, 37.6078851 ], [ -1.0311364, 37.607974 ], [ -1.0307589, 37.6079684 ], [ -1.0302402, 37.6078804 ], [ -1.0298196, 37.607809 ], [ -1.0293823, 37.6076944 ], [ -1.0287827, 37.6075986 ], [ -1.0282477, 37.6074395 ], [ -1.0283594, 37.6072913 ], [ -1.0284371, 37.6070709 ], [ -1.0285405, 37.6068998 ], [ -1.0285903, 37.606716 ], [ -1.0286501, 37.6064953 ], [ -1.0288165, 37.6063194 ], [ -1.0290011, 37.6061852 ], [ -1.0291426, 37.6058815 ], [ -1.0293045, 37.6055339 ], [ -1.029435, 37.6053573 ], [ -1.029684, 37.6051184 ], [ -1.0299526, 37.6048154 ], [ -1.029865, 37.6047282 ], [ -1.0298682, 37.6046067 ], [ -1.0300547, 37.6040092 ], [ -1.0300097, 37.6037754 ], [ -1.0298313, 37.6037052 ], [ -1.028575, 37.6032105 ], [ -1.0276505, 37.6030219 ], [ -1.027578, 37.6029464 ], [ -1.0284842, 37.6023957 ], [ -1.0294432, 37.601813 ], [ -1.0300924, 37.6014752 ], [ -1.0304966, 37.601482 ], [ -1.0307022, 37.6012002 ], [ -1.0307278, 37.6008066 ], [ -1.0307656, 37.6002263 ], [ -1.0314822, 37.5998897 ], [ -1.0318089, 37.5998505 ], [ -1.0322844, 37.6001355 ], [ -1.0325143, 37.6003628 ], [ -1.0331967, 37.6004725 ], [ -1.033973, 37.6004228 ], [ -1.0348369, 37.600464 ], [ -1.0356154, 37.600334 ], [ -1.0368172, 37.6003362 ], [ -1.0374871, 37.6000667 ], [ -1.0385484, 37.6007135 ], [ -1.0393776, 37.6012188 ], [ -1.0392578, 37.6015028 ], [ -1.0389656, 37.6019359 ], [ -1.0386143, 37.6020552 ], [ -1.0384706, 37.6028214 ], [ -1.0385398, 37.6031801 ], [ -1.0385341, 37.6033945 ], [ -1.0384523, 37.6035182 ], [ -1.0381332, 37.6036635 ], [ -1.037964, 37.6037157 ], [ -1.037579, 37.6038344 ], [ -1.0373991, 37.6038403 ], [ -1.0372276, 37.6039536 ], [ -1.0369391, 37.6042438 ], [ -1.0368322, 37.6044654 ], [ -1.0365693, 37.6045303 ], [ -1.0370253, 37.6046299 ], [ -1.0374564, 37.6047596 ], [ -1.037815, 37.6048675 ], [ -1.0380327, 37.6049501 ], [ -1.0382671, 37.6050392 ], [ -1.0385506, 37.6051196 ], [ -1.0391276, 37.6052834 ], [ -1.0396053, 37.6054417 ], [ -1.0397057, 37.6054069 ], [ -1.0401309, 37.6052598 ], [ -1.0406223, 37.6051541 ], [ -1.0412401, 37.604983 ], [ -1.0421002, 37.6047137 ], [ -1.042703, 37.604525 ], [ -1.0439432, 37.6041367 ], [ -1.0442647, 37.6040076 ], [ -1.0444792, 37.6039378 ], [ -1.0447341, 37.6038549 ], [ -1.0447464, 37.6037076 ], [ -1.0450017, 37.6039331 ], [ -1.0450143, 37.6040941 ], [ -1.0451094, 37.6043236 ], [ -1.0451163, 37.6045319 ], [ -1.0451001, 37.6046787 ], [ -1.045078, 37.6048794 ], [ -1.0449301, 37.605058 ], [ -1.0448004, 37.6051826 ], [ -1.0447962, 37.605344 ], [ -1.0447918, 37.6055115 ], [ -1.0447453, 37.6056783 ], [ -1.0447424, 37.6057922 ], [ -1.0447388, 37.6059262 ], [ -1.044911, 37.60611 ], [ -1.0449045, 37.6063579 ], [ -1.044815, 37.6065575 ], [ -1.0447008, 37.6067366 ], [ -1.044514, 37.6068002 ], [ -1.0441097, 37.6067871 ], [ -1.0436803, 37.6067733 ], [ -1.043174, 37.6068051 ], [ -1.0428441, 37.6068533 ], [ -1.0424443, 37.6070008 ], [ -1.0424404, 37.6071482 ], [ -1.0425037, 37.6073034 ], [ -1.0426498, 37.607495 ], [ -1.0426956, 37.6076768 ], [ -1.0427976, 37.6080816 ], [ -1.0429327, 37.6086176 ], [ -1.0430242, 37.6089811 ], [ -1.0430807, 37.6090759 ], [ -1.0432379, 37.6091099 ], [ -1.0433009, 37.609246 ], [ -1.0434232, 37.6095106 ], [ -1.0436545, 37.6100104 ], [ -1.043739, 37.6103202 ], [ -1.0437199, 37.6104879 ], [ -1.043618, 37.6107605 ], [ -1.0435264, 37.6110054 ], [ -1.0436079, 37.6110052 ], [ -1.0439033, 37.611079 ], [ -1.0442471, 37.6111702 ], [ -1.0444107, 37.6111958 ], [ -1.0444617, 37.6111951 ], [ -1.0446239, 37.6111928 ], [ -1.0448022, 37.6111679 ], [ -1.0448087, 37.6111897 ], [ -1.0448266, 37.6112504 ], [ -1.0448511, 37.6113329 ], [ -1.0450183, 37.611303 ], [ -1.0452034, 37.6112698 ], [ -1.0452046, 37.6112239 ], [ -1.0452775, 37.6111528 ], [ -1.0455152, 37.6110615 ], [ -1.045708, 37.6109825 ], [ -1.0458873, 37.6109198 ], [ -1.0459405, 37.6108984 ], [ -1.0459619, 37.6108897 ], [ -1.0460128, 37.6108693 ], [ -1.0462498, 37.610736 ], [ -1.0463191, 37.610697 ], [ -1.046418, 37.6106526 ], [ -1.0463945, 37.610534 ], [ -1.0463811, 37.6105019 ], [ -1.0463526, 37.6104348 ], [ -1.0463984, 37.6103829 ], [ -1.0465236, 37.6103522 ], [ -1.0466827, 37.6103745 ], [ -1.0467163, 37.610454 ], [ -1.0469922, 37.6104256 ], [ -1.0472494, 37.6104365 ], [ -1.0473743, 37.6104122 ], [ -1.0474366, 37.6104067 ], [ -1.0475251, 37.6104115 ], [ -1.0475748, 37.6105437 ], [ -1.047778, 37.6105864 ], [ -1.0477033, 37.6103881 ], [ -1.0478896, 37.6103912 ], [ -1.0480666, 37.6104139 ], [ -1.0481064, 37.6105919 ], [ -1.0488482, 37.6107421 ], [ -1.0488673, 37.6107477 ], [ -1.0491214, 37.6108219 ], [ -1.0492913, 37.6111138 ], [ -1.0493275, 37.6111784 ], [ -1.0493302, 37.6111785 ], [ -1.0501704, 37.6112016 ], [ -1.0524904, 37.611402 ], [ -1.0550084, 37.6112269 ], [ -1.0567093, 37.6110073 ], [ -1.0587301, 37.6106543 ], [ -1.0599503, 37.6101883 ], [ -1.0644866, 37.6083382 ], [ -1.0647225, 37.6081055 ], [ -1.0654752, 37.6074277 ], [ -1.0658473, 37.6065162 ], [ -1.0658365, 37.6059206 ], [ -1.0662662, 37.6054793 ], [ -1.0668472, 37.6052574 ], [ -1.067493, 37.6052653 ], [ -1.0681802, 37.6053309 ], [ -1.0686854, 37.6057149 ], [ -1.0693598, 37.6062041 ], [ -1.0697848, 37.6068734 ], [ -1.0707161, 37.6059801 ], [ -1.0705743, 37.6049708 ], [ -1.0707395, 37.6042514 ], [ -1.070799, 37.6037025 ], [ -1.0708464, 37.6030848 ], [ -1.0706032, 37.602578 ], [ -1.070591, 37.6020282 ], [ -1.0705918, 37.6015244 ], [ -1.0713126, 37.6009492 ], [ -1.0714313, 37.6003438 ], [ -1.0716665, 37.5996825 ], [ -1.0719669, 37.5992396 ], [ -1.0721752, 37.5985207 ], [ -1.0724548, 37.5978142 ], [ -1.072674, 37.59721 ], [ -1.0729877, 37.5968016 ], [ -1.0734224, 37.5961885 ], [ -1.0730116, 37.5955309 ], [ -1.0720209, 37.5945799 ], [ -1.0716016, 37.5937275 ], [ -1.0713667, 37.592946 ], [ -1.071041, 37.5918428 ], [ -1.0707501, 37.5910148 ], [ -1.070259, 37.5901615 ], [ -1.0700919, 37.5890373 ], [ -1.0697969, 37.5883467 ], [ -1.0694343, 37.5875179 ], [ -1.0687417, 37.586685 ], [ -1.0689772, 37.5860123 ], [ -1.0700625, 37.5847659 ], [ -1.0709594, 37.5840555 ], [ -1.0715352, 37.5835243 ], [ -1.0715532, 37.5834908 ], [ -1.0711266, 37.5833867 ], [ -1.0709777, 37.582131 ], [ -1.0694415, 37.5819707 ], [ -1.0691389, 37.5809828 ], [ -1.0684236, 37.5801797 ], [ -1.0640427, 37.5801079 ], [ -1.0588298, 37.5798138 ], [ -1.0580328, 37.5821608 ], [ -1.0566194, 37.5829599 ], [ -1.0539162, 37.5823999 ], [ -1.0538807, 37.5815883 ], [ -1.0528963, 37.581986 ], [ -1.0524111, 37.5814936 ], [ -1.0486626, 37.5814936 ], [ -1.047659, 37.5804575 ], [ -1.0458175, 37.5794272 ], [ -1.0447915, 37.579689 ], [ -1.0430707, 37.5805364 ], [ -1.0413928, 37.5789032 ], [ -1.0399901, 37.5796995 ], [ -1.0370885, 37.5793922 ], [ -1.0342628, 37.5795958 ], [ -1.0301607, 37.5788514 ], [ -1.0299613, 37.5773892 ], [ -1.0292226, 37.5770868 ], [ -1.0286973, 37.5763767 ], [ -1.0282481, 37.5762341 ], [ -1.0263605, 37.5752563 ], [ -1.0249214, 37.5748801 ], [ -1.0238263, 37.5734733 ], [ -1.0222754, 37.5734474 ], [ -1.0209508, 37.5747319 ], [ -1.0200906, 37.5742753 ], [ -1.0186267, 37.5744056 ], [ -1.0147933, 37.5742229 ], [ -1.0132304, 37.5746472 ], [ -1.0119648, 37.5754004 ], [ -1.011862, 37.5767054 ], [ -1.0114012, 37.5782945 ], [ -1.0118598, 37.5793471 ], [ -1.0120507, 37.5815498 ], [ -1.0098785, 37.583586 ], [ -1.0084283, 37.5836234 ], [ -1.0080998, 37.5840319 ], [ -1.0090906, 37.5859609 ], [ -1.0077721, 37.5857049 ], [ -1.0053624, 37.5860584 ], [ -1.0008812, 37.5846674 ], [ -1.000859, 37.5850641 ], [ -1.000202, 37.5849256 ], [ -1.0012104, 37.5866445 ], [ -1.0017873, 37.5879457 ], [ -1.0029001, 37.5895515 ], [ -1.0030581, 37.590939 ], [ -1.0033348, 37.592202 ], [ -1.0033505, 37.5930839 ], [ -1.0027825, 37.5938095 ], [ -1.0020472, 37.5948421 ], [ -1.0013336, 37.59702 ], [ -1.0017722, 37.5986172 ], [ -1.0029648, 37.5999721 ], [ -1.0042367, 37.6015455 ], [ -1.0051979, 37.6024966 ], [ -1.0061264, 37.6035734 ], [ -1.0072929, 37.6048477 ], [ -1.0085135, 37.6061408 ], [ -1.0086275, 37.6062616 ], [ -1.0092037, 37.6071277 ], [ -1.0111451, 37.6088813 ], [ -1.0133208, 37.6109585 ], [ -1.0121511, 37.6116421 ], [ -1.0119848, 37.6117571 ], [ -1.0106238, 37.6124027 ], [ -1.0149348, 37.6135344 ], [ -1.0154546, 37.6138209 ] ] ] } },
{ "type": "Feature", "properties": { "CCAA": "14 - Región de Murcia", "PROVINCIA": "30 - Murcia", "MUNICIPIO": "30016 - Cartagena", "COD_MUNICIPIO": "30016", "DISTRITO": "08", "SECCION": "3001608037", "V1_H": 79.33, "V1_M": 85.14, "V2_H": 79.29974376, "V2_M": 85.20981541, "V3_H": 79.50065775, "V3_M": 85.33298389 }, "geometry": { "type": "Polygon", "coordinates": [ [ [ -0.9994867, 37.6236086 ], [ -0.9994977, 37.6236441 ], [ -0.9995166, 37.6236842 ], [ -0.9995467, 37.6237371 ], [ -0.9995935, 37.6237987 ], [ -0.9996899, 37.6239282 ], [ -0.9997744, 37.6240309 ], [ -0.9998427, 37.624014 ], [ -1.0005172, 37.6238471 ], [ -1.0009238, 37.6237466 ], [ -1.0013179, 37.6236491 ], [ -1.0017438, 37.6235438 ], [ -1.0012017, 37.6221607 ], [ -1.0007955, 37.6222563 ], [ -1.0005117, 37.6223231 ], [ -1.0003802, 37.6223554 ], [ -1.0000427, 37.6224383 ], [ -0.9999686, 37.6224561 ], [ -0.9997681, 37.6225042 ], [ -0.9995872, 37.6225466 ], [ -0.9995216, 37.6225637 ], [ -0.9994966, 37.6225668 ], [ -0.9992369, 37.6225624 ], [ -0.9992604, 37.6226409 ], [ -0.9993399, 37.6229776 ], [ -0.9993972, 37.6232376 ], [ -0.9994251, 37.6233702 ], [ -0.9994561, 37.6234944 ], [ -0.9994767, 37.6235766 ], [ -0.9994867, 37.6236086 ] ] ] } },
{ "type": "Feature", "properties": { "CCAA": "14 - Región de Murcia", "PROVINCIA": "30 - Murcia", "MUNICIPIO": "30016 - Cartagena", "COD_MUNICIPIO": "30016", "DISTRITO": "10", "SECCION": "3001610002", "V1_H": 80.02, "V1_M": 85.97, "V2_H": 79.96436773000001, "V2_M": 86.10256972000001, "V3_H": 80.28635595, "V3_M": 85.87857517 }, "geometry": { "type": "Polygon", "coordinates": [ [ [ -0.9821484, 37.680413 ], [ -0.9836177, 37.6801383 ], [ -0.9846679, 37.6801061 ], [ -0.9856849, 37.6802108 ], [ -0.9866453, 37.6802919 ], [ -0.9876322, 37.680442 ], [ -0.9885092, 37.6808884 ], [ -0.9891062, 37.6811022 ], [ -0.9895242, 37.6810618 ], [ -0.9902285, 37.6810594 ], [ -0.9907474, 37.6810088 ], [ -0.9913515, 37.6809937 ], [ -0.9922838, 37.6810515 ], [ -0.9926104, 37.6816396 ], [ -0.9932093, 37.6827122 ], [ -0.9941662, 37.6833657 ], [ -0.9947632, 37.6840375 ], [ -0.9954386, 37.6849621 ], [ -0.9961212, 37.6861159 ], [ -0.9969716, 37.6869627 ], [ -0.9976135, 37.6875777 ], [ -0.9986412, 37.6878084 ], [ -0.9997015, 37.6879136 ], [ -1.000815, 37.6881568 ], [ -1.0020266, 37.6884814 ], [ -1.0034746, 37.689061 ], [ -1.0046967, 37.6895117 ], [ -1.0058918, 37.6899048 ], [ -1.0073655, 37.6905877 ], [ -1.0090672, 37.6913307 ], [ -1.0104102, 37.6920576 ], [ -1.0114865, 37.6925751 ], [ -1.0124014, 37.6931709 ], [ -1.0124747, 37.6917632 ], [ -1.0122148, 37.6904088 ], [ -1.0121742, 37.6894007 ], [ -1.0120894, 37.6884263 ], [ -1.0121406, 37.6872362 ], [ -1.0120127, 37.6862613 ], [ -1.012329, 37.6853264 ], [ -1.0121791, 37.6841337 ], [ -1.0123754, 37.6828996 ], [ -1.0125889, 37.681574 ], [ -1.0130192, 37.679278 ], [ -1.0133294, 37.6780797 ], [ -1.0136535, 37.676893 ], [ -1.0142013, 37.6740489 ], [ -1.0146187, 37.6726343 ], [ -1.0149633, 37.6717112 ], [ -1.0151342, 37.6708317 ], [ -1.0155513, 37.6703561 ], [ -1.0158282, 37.6697642 ], [ -1.0159001, 37.6692956 ], [ -1.015974, 37.6692436 ], [ -1.0157355, 37.6692137 ], [ -1.0152368, 37.6691864 ], [ -1.0149386, 37.6687749 ], [ -1.0144052, 37.6682649 ], [ -1.0131215, 37.6677991 ], [ -1.0127548, 37.6677267 ], [ -1.0113349, 37.6677431 ], [ -1.010608, 37.6677923 ], [ -1.0103534, 37.6677999 ], [ -1.0103931, 37.6677153 ], [ -1.0104339, 37.6675852 ], [ -1.0104532, 37.667425 ], [ -1.0106686, 37.6672991 ], [ -1.0107389, 37.6671591 ], [ -1.0107809, 37.6669717 ], [ -1.0107744, 37.6666599 ], [ -1.0107783, 37.666513 ], [ -1.0108222, 37.666255 ], [ -1.0109765, 37.6660166 ], [ -1.0110786, 37.6658014 ], [ -1.0111448, 37.6657333 ], [ -1.0113299, 37.665607 ], [ -1.0115412, 37.6654961 ], [ -1.0113369, 37.6654867 ], [ -1.0107515, 37.6654256 ], [ -1.0106741, 37.6654875 ], [ -1.0101985, 37.6654313 ], [ -1.0097456, 37.6653725 ], [ -1.0096058, 37.6653611 ], [ -1.0095167, 37.6652934 ], [ -1.009022, 37.6652398 ], [ -1.0085537, 37.6651928 ], [ -1.0082963, 37.664761 ], [ -1.0081544, 37.6645448 ], [ -1.0090698, 37.6647259 ], [ -1.0090992, 37.664618 ], [ -1.0091474, 37.6642304 ], [ -1.0091589, 37.6639446 ], [ -1.0091373, 37.6636161 ], [ -1.0091294, 37.6634895 ], [ -1.0092075, 37.6634005 ], [ -1.0092492, 37.6632567 ], [ -1.0092745, 37.6631608 ], [ -1.0092734, 37.6630615 ], [ -1.0092047, 37.6627954 ], [ -1.009136, 37.6625323 ], [ -1.009013, 37.6623165 ], [ -1.0089037, 37.6621551 ], [ -1.0087936, 37.6620268 ], [ -1.0086195, 37.6618793 ], [ -1.0084261, 37.6617496 ], [ -1.0082941, 37.6617065 ], [ -1.0082948, 37.6613982 ], [ -1.0083494, 37.6610606 ], [ -1.0084286, 37.660657 ], [ -1.0085242, 37.6602113 ], [ -1.0085926, 37.6599284 ], [ -1.0087994, 37.6595874 ], [ -1.0090936, 37.6591028 ], [ -1.0094076, 37.6587333 ], [ -1.0096128, 37.6584527 ], [ -1.0097242, 37.6582672 ], [ -1.0097295, 37.6581843 ], [ -1.0074367, 37.6572458 ], [ -1.0056951, 37.6564221 ], [ -1.0053303, 37.6552152 ], [ -1.0029489, 37.6551046 ], [ -0.9983736, 37.655321 ], [ -0.9976098, 37.6530899 ], [ -0.9952041, 37.6532995 ], [ -0.9928556, 37.6535213 ], [ -0.990736, 37.6537689 ], [ -0.9893693, 37.6526337 ], [ -0.9890673, 37.653839 ], [ -0.9881221, 37.6574222 ], [ -0.9863791, 37.6626209 ], [ -0.9862657, 37.6630257 ], [ -0.9850204, 37.6674697 ], [ -0.983825, 37.6730648 ], [ -0.9832886, 37.6750502 ], [ -0.9823191, 37.6798467 ], [ -0.9821484, 37.680413 ] ] ] } },
{ "type": "Feature", "properties": { "CCAA": "14 - Región de Murcia", "PROVINCIA": "30 - Murcia", "MUNICIPIO": "30016 - Cartagena", "COD_MUNICIPIO": "30016", "DISTRITO": "10", "SECCION": "3001610009", "V1_H": 80.02, "V1_M": 85.97, "V2_H": 79.96436773000001, "V2_M": 86.10256972000001, "V3_H": 80.28635595, "V3_M": 85.87857517 }, "geometry": { "type": "Polygon", "coordinates": [ [ [ -0.9951952, 37.6255283 ], [ -0.9953229, 37.6255324 ], [ -0.9955144, 37.6255386 ], [ -0.9956359, 37.6255374 ], [ -0.9957649, 37.6255333 ], [ -0.9958492, 37.6255247 ], [ -0.9959243, 37.6255171 ], [ -0.9961396, 37.6254955 ], [ -0.9962949, 37.6254697 ], [ -0.9964673, 37.6254475 ], [ -0.9965968, 37.6254276 ], [ -0.996777, 37.6254058 ], [ -0.9967953, 37.6253933 ], [ -0.9968436, 37.625372 ], [ -0.9969106, 37.6253425 ], [ -0.9969132, 37.6253492 ], [ -0.9969226, 37.6253627 ], [ -0.9969228, 37.6253632 ], [ -0.9969355, 37.6253756 ], [ -0.9969509, 37.6253859 ], [ -0.9969684, 37.6253937 ], [ -0.9969873, 37.6253989 ], [ -0.9970071, 37.6254012 ], [ -0.9970272, 37.6254006 ], [ -0.9970468, 37.625397 ], [ -0.9970652, 37.6253908 ], [ -0.9970817, 37.6253817 ], [ -0.9970961, 37.6253706 ], [ -0.9971075, 37.6253575 ], [ -0.9971158, 37.625343 ], [ -0.9971167, 37.6253397 ], [ -0.9971168, 37.6253395 ], [ -0.9972179, 37.6253615 ], [ -0.9971682, 37.6251008 ], [ -0.9971522, 37.6249893 ], [ -0.9971479, 37.6249418 ], [ -0.9971449, 37.6249081 ], [ -0.9971524, 37.6246678 ], [ -0.9971434, 37.6244442 ], [ -0.9971402, 37.6243569 ], [ -0.9971444, 37.6242897 ], [ -0.997148, 37.6242421 ], [ -0.9971654, 37.6241787 ], [ -0.9972393, 37.6239574 ], [ -0.9972725, 37.6238608 ], [ -0.9973132, 37.6237418 ], [ -0.9974036, 37.6234946 ], [ -0.9974661, 37.623316 ], [ -0.9975235, 37.6231524 ], [ -0.9975743, 37.6230074 ], [ -0.9976652, 37.622718 ], [ -0.9977028, 37.6225979 ], [ -0.9978152, 37.6222774 ], [ -0.9978631, 37.6221401 ], [ -0.9978913, 37.6220263 ], [ -0.9979052, 37.6219537 ], [ -0.9979104, 37.6218591 ], [ -0.9979009, 37.621731 ], [ -0.9979008, 37.6217295 ], [ -0.9978911, 37.6216529 ], [ -0.9978803, 37.6215595 ], [ -0.9971697, 37.6215768 ], [ -0.9970134, 37.6215758 ], [ -0.9969251, 37.621578 ], [ -0.9968893, 37.6215792 ], [ -0.9968344, 37.6215891 ], [ -0.9967441, 37.6216061 ], [ -0.9966925, 37.6216157 ], [ -0.9959093, 37.6218034 ], [ -0.9958021, 37.6215125 ], [ -0.9957973, 37.6214998 ], [ -0.9956666, 37.621145 ], [ -0.9956347, 37.6210586 ], [ -0.9955223, 37.6207758 ], [ -0.9954753, 37.6206548 ], [ -0.9953025, 37.6202117 ], [ -0.9951043, 37.6202886 ], [ -0.9942643, 37.6206353 ], [ -0.9941588, 37.6206788 ], [ -0.9940336, 37.6207203 ], [ -0.9943124, 37.6214702 ], [ -0.9944527, 37.6218475 ], [ -0.9945586, 37.6221324 ], [ -0.9945921, 37.6222226 ], [ -0.9946924, 37.6225013 ], [ -0.9948264, 37.6228742 ], [ -0.9948267, 37.6228748 ], [ -0.9949343, 37.6231741 ], [ -0.9943557, 37.6233141 ], [ -0.9943038, 37.6233266 ], [ -0.9944084, 37.6235963 ], [ -0.9944211, 37.6236344 ], [ -0.9944331, 37.6236702 ], [ -0.9945393, 37.6239417 ], [ -0.9945503, 37.6239714 ], [ -0.9945611, 37.624001 ], [ -0.9946704, 37.6242848 ], [ -0.9946924, 37.6243208 ], [ -0.9946992, 37.6243319 ], [ -0.9947095, 37.6243536 ], [ -0.9947167, 37.624372 ], [ -0.9947874, 37.6245885 ], [ -0.9947974, 37.6246213 ], [ -0.9948075, 37.6246549 ], [ -0.9949058, 37.6249081 ], [ -0.9949168, 37.6249363 ], [ -0.9950341, 37.6252337 ], [ -0.9950697, 37.6252247 ], [ -0.9950723, 37.6252322 ], [ -0.9950807, 37.6252301 ], [ -0.9951952, 37.6255283 ] ] ] } },
{ "type": "Feature", "properties": { "CCAA": "14 - Región de Murcia", "PROVINCIA": "30 - Murcia", "MUNICIPIO": "30016 - Cartagena", "COD_MUNICIPIO": "30016", "DISTRITO": "10", "SECCION": "3001610016", "V1_H": 79.29, "V1_M": 85.18, "V2_H": 79.29248013, "V2_M": 85.31775581, "V3_H": 79.43295666, "V3_M": 85.21995842 }, "geometry": { "type": "Polygon", "coordinates": [ [ [ -0.999009, 37.6264403 ], [ -0.9990172, 37.6264631 ], [ -0.9990714, 37.6266114 ], [ -0.9990938, 37.6266591 ], [ -0.9991012, 37.6266753 ], [ -0.9991656, 37.6268063 ], [ -0.999256, 37.62697 ], [ -0.9992714, 37.6269928 ], [ -0.9994904, 37.6273206 ], [ -0.9995109, 37.6273514 ], [ -0.9996694, 37.6275944 ], [ -0.999745, 37.627701 ], [ -0.9997479, 37.6277037 ], [ -0.9997872, 37.6277432 ], [ -0.9999541, 37.6278731 ], [ -1.000036, 37.627946 ], [ -1.0000861, 37.6279925 ], [ -1.0001343, 37.6280132 ], [ -1.0001716, 37.6280276 ], [ -1.0002143, 37.6279958 ], [ -1.0004042, 37.627844 ], [ -1.0009184, 37.6274155 ], [ -1.001078, 37.6272912 ], [ -1.0011514, 37.6272335 ], [ -1.0012028, 37.6272096 ], [ -1.0012824, 37.6271834 ], [ -1.0012837, 37.627183 ], [ -1.0013561, 37.6271656 ], [ -1.001411, 37.6271603 ], [ -1.0015168, 37.6271559 ], [ -1.0018542, 37.6271801 ], [ -1.0018207, 37.6270926 ], [ -1.0017276, 37.6268498 ], [ -1.0017005, 37.6267657 ], [ -1.0016548, 37.626625 ], [ -1.0015677, 37.6264006 ], [ -1.0014747, 37.6262157 ], [ -1.0013767, 37.6260415 ], [ -1.0013714, 37.6260336 ], [ -1.0013013, 37.6259253 ], [ -1.0012019, 37.6258013 ], [ -1.0011935, 37.6257907 ], [ -1.0010469, 37.6256093 ], [ -1.0009974, 37.6255479 ], [ -1.0009065, 37.6254354 ], [ -1.000807, 37.6253117 ], [ -1.0007162, 37.6251989 ], [ -1.0005333, 37.624972 ], [ -1.0004152, 37.6248286 ], [ -1.0002179, 37.6245893 ], [ -0.9998947, 37.624177 ], [ -0.9997744, 37.6240309 ], [ -0.9996899, 37.6239282 ], [ -0.9995935, 37.6237987 ], [ -0.9995467, 37.6237371 ], [ -0.9995166, 37.6236842 ], [ -0.9994977, 37.6236441 ], [ -0.9994867, 37.6236086 ], [ -0.9994296, 37.6236215 ], [ -0.9994038, 37.6236273 ], [ -0.999302, 37.6236503 ], [ -0.9992647, 37.6236571 ], [ -0.9989004, 37.623792 ], [ -0.9988096, 37.6238324 ], [ -0.9986139, 37.6239158 ], [ -0.9984361, 37.6240044 ], [ -0.9984166, 37.6240132 ], [ -0.9981366, 37.6241416 ], [ -0.9983653, 37.6244602 ], [ -0.998421, 37.6245343 ], [ -0.9984595, 37.6245945 ], [ -0.9984791, 37.6246354 ], [ -0.998533, 37.6248254 ], [ -0.9985509, 37.6248859 ], [ -0.9985651, 37.6249336 ], [ -0.9986298, 37.6251626 ], [ -0.998658, 37.6252538 ], [ -0.9986722, 37.6253002 ], [ -0.99868, 37.6253283 ], [ -0.9987429, 37.6255568 ], [ -0.9987884, 37.6257197 ], [ -0.9989124, 37.6261551 ], [ -0.998942, 37.626249 ], [ -0.9989581, 37.6263001 ], [ -0.999009, 37.6264403 ] ] ] } },
{ "type": "Feature", "properties": { "CCAA": "14 - Región de Murcia", "PROVINCIA": "30 - Murcia", "MUNICIPIO": "30016 - Cartagena", "COD_MUNICIPIO": "30016", "DISTRITO": "10", "SECCION": "3001610027", "V1_H": 80.78, "V1_M": 86.64, "V2_H": 80.55514168000001, "V2_M": 86.45889906, "V3_H": 81.06237696, "V3_M": 86.87120108000001 }, "geometry": { "type": "Polygon", "coordinates": [ [ [ -1.0186586, 37.6220427 ], [ -1.019067, 37.6221835 ], [ -1.0195328, 37.6223997 ], [ -1.0199632, 37.6225379 ], [ -1.0205288, 37.6226605 ], [ -1.021223, 37.6227317 ], [ -1.0222779, 37.6227494 ], [ -1.0225455, 37.6228194 ], [ -1.0227593, 37.622942 ], [ -1.024004, 37.6239868 ], [ -1.0242583, 37.6242769 ], [ -1.0245226, 37.6244718 ], [ -1.0249997, 37.6246662 ], [ -1.0256196, 37.624247 ], [ -1.0257233, 37.6241676 ], [ -1.0270608, 37.6231429 ], [ -1.0279359, 37.6217684 ], [ -1.0288574, 37.6212189 ], [ -1.0291118, 37.6210984 ], [ -1.0295968, 37.6196461 ], [ -1.0308631, 37.6183278 ], [ -1.0310221, 37.6181625 ], [ -1.030404, 37.6181699 ], [ -1.0303792, 37.6181659 ], [ -1.0299495, 37.6178906 ], [ -1.0298625, 37.6178349 ], [ -1.0297115, 37.6177782 ], [ -1.0295837, 37.6177241 ], [ -1.0293642, 37.617691 ], [ -1.0293414, 37.6177768 ], [ -1.0289125, 37.6177854 ], [ -1.0288174, 37.6176054 ], [ -1.0287616, 37.6175001 ], [ -1.0283363, 37.6170486 ], [ -1.0283354, 37.6170478 ], [ -1.0283028, 37.6166099 ], [ -1.0278645, 37.615928 ], [ -1.0276894, 37.6156521 ], [ -1.0276821, 37.6156407 ], [ -1.0276392, 37.6155505 ], [ -1.0273703, 37.6149858 ], [ -1.0270352, 37.6146784 ], [ -1.0270397, 37.6145884 ], [ -1.026855, 37.6140169 ], [ -1.0267875, 37.6139487 ], [ -1.0259637, 37.6139379 ], [ -1.0252216, 37.6139281 ], [ -1.0251585, 37.6139273 ], [ -1.025168, 37.6139669 ], [ -1.0251788, 37.6140128 ], [ -1.0250256, 37.6140931 ], [ -1.0248645, 37.6141007 ], [ -1.0247348, 37.6141721 ], [ -1.0244152, 37.6144059 ], [ -1.0243175, 37.6144772 ], [ -1.0242904, 37.6144969 ], [ -1.02421, 37.6145557 ], [ -1.0241661, 37.6145879 ], [ -1.0241409, 37.6148221 ], [ -1.0241522, 37.6150906 ], [ -1.0242266, 37.6151916 ], [ -1.0240196, 37.6153628 ], [ -1.02401, 37.6153708 ], [ -1.0239752, 37.6153996 ], [ -1.0238338, 37.6155165 ], [ -1.0238141, 37.6155328 ], [ -1.023801, 37.6155436 ], [ -1.0233258, 37.6153078 ], [ -1.0231683, 37.6152088 ], [ -1.0230111, 37.6150761 ], [ -1.0229841, 37.6150534 ], [ -1.0229005, 37.614983 ], [ -1.0229373, 37.6149597 ], [ -1.022287, 37.6143424 ], [ -1.0224705, 37.6147475 ], [ -1.0227309, 37.6154979 ], [ -1.0229827, 37.61625 ], [ -1.023226, 37.617004 ], [ -1.0234607, 37.6177596 ], [ -1.0234693, 37.6178079 ], [ -1.0234692, 37.6178567 ], [ -1.0234604, 37.617905 ], [ -1.0234431, 37.6179518 ], [ -1.0234176, 37.6179962 ], [ -1.0233845, 37.6180372 ], [ -1.0233444, 37.6180741 ], [ -1.0232981, 37.6181061 ], [ -1.0232466, 37.6181326 ], [ -1.0231909, 37.618153 ], [ -1.0231321, 37.6181669 ], [ -1.0230715, 37.6181741 ], [ -1.0230101, 37.6181743 ], [ -1.0192683, 37.617896 ], [ -1.0175591, 37.6178206 ], [ -1.0175512, 37.617947 ], [ -1.0204102, 37.6191005 ], [ -1.0186586, 37.6220427 ] ] ] } },
{ "type": "Feature", "properties": { "CCAA": "14 - Región de Murcia", "PROVINCIA": "30 - Murcia", "MUNICIPIO": "30016 - Cartagena", "COD_MUNICIPIO": "30016", "DISTRITO": "10", "SECCION": "3001610034", "V1_H": 78.77, "V1_M": 84.85, "V2_H": 78.83270398000001, "V2_M": 84.81764444, "V3_H": 78.82199574000001, "V3_M": 85.12573797 }, "geometry": { "type": "Polygon", "coordinates": [ [ [ -1.0044023, 37.6448513 ], [ -1.0045222, 37.6448913 ], [ -1.0045704, 37.6449071 ], [ -1.0046178, 37.6449228 ], [ -1.0047787, 37.6449777 ], [ -1.0058676, 37.6453497 ], [ -1.005976, 37.6453867 ], [ -1.0059196, 37.6452031 ], [ -1.0063214, 37.6451289 ], [ -1.0067757, 37.6450445 ], [ -1.0067413, 37.6449587 ], [ -1.0066087, 37.6446073 ], [ -1.0064174, 37.6441008 ], [ -1.0063534, 37.6439314 ], [ -1.0062299, 37.6435991 ], [ -1.0060752, 37.643183 ], [ -1.0060416, 37.643097 ], [ -1.005843, 37.6425893 ], [ -1.0058424, 37.6425881 ], [ -1.0058304, 37.6425721 ], [ -1.0058065, 37.6425562 ], [ -1.0057679, 37.6425371 ], [ -1.005741, 37.6425219 ], [ -1.00571, 37.6424975 ], [ -1.0056822, 37.6424611 ], [ -1.0056607, 37.6424127 ], [ -1.0056394, 37.6423717 ], [ -1.0056187, 37.6423281 ], [ -1.0055738, 37.6422137 ], [ -1.0055489, 37.6420892 ], [ -1.0055429, 37.6420595 ], [ -1.0055229, 37.6416062 ], [ -1.0055043, 37.6411869 ], [ -1.0055037, 37.6411743 ], [ -1.005337, 37.641194 ], [ -1.0045354, 37.6412886 ], [ -1.0035067, 37.64141 ], [ -1.0035472, 37.6416302 ], [ -1.0035826, 37.6418235 ], [ -1.0036262, 37.6420616 ], [ -1.0036478, 37.6421791 ], [ -1.003665, 37.6422741 ], [ -1.003694, 37.6424045 ], [ -1.003714, 37.642481 ], [ -1.0037223, 37.6425128 ], [ -1.0037584, 37.6426424 ], [ -1.0038471, 37.6429039 ], [ -1.0040446, 37.6434873 ], [ -1.0040463, 37.6434927 ], [ -1.004047, 37.6434946 ], [ -1.0041602, 37.6438321 ], [ -1.0042129, 37.643989 ], [ -1.0043421, 37.6443739 ], [ -1.0042328, 37.6443394 ], [ -1.0044023, 37.6448513 ] ] ] } },
{ "type": "Feature", "properties": { "CCAA": "14 - Región de Murcia", "PROVINCIA": "30 - Murcia", "MUNICIPIO": "30016 - Cartagena", "COD_MUNICIPIO": "30016", "DISTRITO": "10", "SECCION": "3001610042", "V1_H": 80.11, "V1_M": 85.95, "V2_H": 80.1609953, "V2_M": 86.03869322, "V3_H": 80.32004483, "V3_M": 85.9872989 }, "geometry": { "type": "Polygon", "coordinates": [ [ [ -1.0089388, 37.6318435 ], [ -1.0096519, 37.6325276 ], [ -1.010986, 37.6338211 ], [ -1.0111778, 37.6340286 ], [ -1.0116372, 37.6340145 ], [ -1.0116528, 37.6340131 ], [ -1.0117409, 37.6340059 ], [ -1.0121003, 37.6339762 ], [ -1.0121164, 37.6339749 ], [ -1.0120236, 37.6338838 ], [ -1.0110088, 37.6326158 ], [ -1.0112979, 37.6324249 ], [ -1.0122381, 37.6318041 ], [ -1.0129335, 37.6314539 ], [ -1.012881, 37.6313879 ], [ -1.0113367, 37.6303644 ], [ -1.0099203, 37.6312622 ], [ -1.0089388, 37.6318435 ] ] ] } },
{ "type": "Feature", "properties": { "CCAA": "14 - Región de Murcia", "PROVINCIA": "30 - Murcia", "MUNICIPIO": "30016 - Cartagena", "COD_MUNICIPIO": "30016", "DISTRITO": "10", "SECCION": "3001610010", "V1_H": 79.83, "V1_M": 85.66, "V2_H": 79.86201885, "V2_M": 85.75249, "V3_H": 79.86616026, "V3_M": 85.80070523000001 }, "geometry": { "type": "Polygon", "coordinates": [ [ [ -1.0097295, 37.6581843 ], [ -1.0099194, 37.658262 ], [ -1.0103824, 37.6585134 ], [ -1.0103821, 37.6585128 ], [ -1.0090697, 37.6557505 ], [ -1.0087383, 37.655053 ], [ -1.0074887, 37.6524225 ], [ -1.0061989, 37.6497072 ], [ -1.0060935, 37.6494537 ], [ -1.0058736, 37.6489554 ], [ -1.0056741, 37.6485108 ], [ -1.0056094, 37.6483664 ], [ -1.0055947, 37.6483348 ], [ -1.0054109, 37.6479419 ], [ -1.0052926, 37.6476592 ], [ -1.0052533, 37.6475615 ], [ -1.005214, 37.6474613 ], [ -1.005209, 37.647446 ], [ -1.0052045, 37.6474327 ], [ -1.0035707, 37.6477873 ], [ -1.0034602, 37.6478574 ], [ -1.0010712, 37.647011 ], [ -0.9981468, 37.6460228 ], [ -0.9982938, 37.645677 ], [ -0.9990136, 37.6446591 ], [ -0.9995401, 37.6440064 ], [ -1.0000312, 37.6433974 ], [ -0.9993879, 37.6431479 ], [ -0.9979608, 37.6426958 ], [ -0.9951978, 37.6418203 ], [ -0.9931229, 37.6411009 ], [ -0.9923042, 37.6408885 ], [ -0.9913402, 37.6449944 ], [ -0.9898879, 37.6505634 ], [ -0.9893693, 37.6526337 ], [ -0.990736, 37.6537689 ], [ -0.9928556, 37.6535213 ], [ -0.9952041, 37.6532995 ], [ -0.9976098, 37.6530899 ], [ -0.9983736, 37.655321 ], [ -1.0029489, 37.6551046 ], [ -1.0053303, 37.6552152 ], [ -1.0056951, 37.6564221 ], [ -1.0074367, 37.6572458 ], [ -1.0097295, 37.6581843 ] ] ] } },
{ "type": "Feature", "properties": { "CCAA": "14 - Región de Murcia", "PROVINCIA": "30 - Murcia", "MUNICIPIO": "30016 - Cartagena", "COD_MUNICIPIO": "30016", "DISTRITO": "10", "SECCION": "3001610017", "V1_H": 80.34, "V1_M": 85.99, "V2_H": 80.22806877, "V2_M": 85.94669411, "V3_H": 80.64200885, "V3_M": 86.09540763 }, "geometry": { "type": "Polygon", "coordinates": [ [ [ -1.0124963, 37.6213078 ], [ -1.0143513, 37.620321 ], [ -1.015007, 37.620621 ], [ -1.0154226, 37.620753 ], [ -1.0163623, 37.6211617 ], [ -1.0173241, 37.6215827 ], [ -1.0186586, 37.6220427 ], [ -1.0204102, 37.6191005 ], [ -1.0175512, 37.617947 ], [ -1.0175591, 37.6178206 ], [ -1.0192683, 37.617896 ], [ -1.0182098, 37.6153394 ], [ -1.0154546, 37.6138209 ], [ -1.0149348, 37.6135344 ], [ -1.0106238, 37.6124027 ], [ -1.0098789, 37.612756 ], [ -1.0089494, 37.6131969 ], [ -1.0058269, 37.6146779 ], [ -1.0053442, 37.6149056 ], [ -1.0045705, 37.6152742 ], [ -1.003873, 37.6156086 ], [ -1.0037634, 37.615662 ], [ -1.0036016, 37.6157284 ], [ -1.0035113, 37.6157648 ], [ -1.0033738, 37.6158039 ], [ -1.0032413, 37.6158328 ], [ -1.0030571, 37.6158607 ], [ -1.0028073, 37.6158772 ], [ -1.0024945, 37.6158459 ], [ -1.0022412, 37.6158151 ], [ -1.0023813, 37.6161488 ], [ -1.0028288, 37.6163118 ], [ -1.0037138, 37.6166768 ], [ -1.0046741, 37.6169731 ], [ -1.0057813, 37.6172603 ], [ -1.0065871, 37.6172972 ], [ -1.0085906, 37.6175294 ], [ -1.0094916, 37.617848 ], [ -1.0104905, 37.6183433 ], [ -1.0113392, 37.6189761 ], [ -1.0118259, 37.6194277 ], [ -1.0122447, 37.6202282 ], [ -1.0124963, 37.6213078 ] ] ] } },
{ "type": "Feature", "properties": { "CCAA": "14 - Región de Murcia", "PROVINCIA": "30 - Murcia", "MUNICIPIO": "30016 - Cartagena", "COD_MUNICIPIO": "30016", "DISTRITO": "10", "SECCION": "3001610019", "V1_H": 79.96, "V1_M": 85.86, "V2_H": 79.90630759, "V2_M": 85.80766239, "V3_H": 80.18166072, "V3_M": 86.22029934 }, "geometry": { "type": "Polygon", "coordinates": [ [ [ -0.9970662, 37.6260116 ], [ -0.9970987, 37.62602 ], [ -0.9976983, 37.6261527 ], [ -0.9979309, 37.6262041 ], [ -0.9981183, 37.6262457 ], [ -0.9981628, 37.6262554 ], [ -0.9984613, 37.6263206 ], [ -0.999009, 37.6264403 ], [ -0.9989581, 37.6263001 ], [ -0.998942, 37.626249 ], [ -0.9989124, 37.6261551 ], [ -0.9987884, 37.6257197 ], [ -0.9987429, 37.6255568 ], [ -0.99868, 37.6253283 ], [ -0.9986722, 37.6253002 ], [ -0.998658, 37.6252538 ], [ -0.9986298, 37.6251626 ], [ -0.9985651, 37.6249336 ], [ -0.9985509, 37.6248859 ], [ -0.998533, 37.6248254 ], [ -0.9984791, 37.6246354 ], [ -0.9984595, 37.6245945 ], [ -0.998421, 37.6245343 ], [ -0.9983653, 37.6244602 ], [ -0.9981366, 37.6241416 ], [ -0.9984166, 37.6240132 ], [ -0.9984361, 37.6240044 ], [ -0.9986139, 37.6239158 ], [ -0.9988096, 37.6238324 ], [ -0.9989004, 37.623792 ], [ -0.9992647, 37.6236571 ], [ -0.999302, 37.6236503 ], [ -0.9994038, 37.6236273 ], [ -0.9994296, 37.6236215 ], [ -0.9994867, 37.6236086 ], [ -0.9994767, 37.6235766 ], [ -0.9994561, 37.6234944 ], [ -0.9994251, 37.6233702 ], [ -0.9993972, 37.6232376 ], [ -0.9993399, 37.6229776 ], [ -0.9992604, 37.6226409 ], [ -0.9992369, 37.6225624 ], [ -0.9992106, 37.6224743 ], [ -0.999165, 37.6223645 ], [ -0.9991153, 37.6222995 ], [ -0.9988111, 37.621704 ], [ -0.9987206, 37.621527 ], [ -0.9986771, 37.6214538 ], [ -0.9986762, 37.6214524 ], [ -0.9986653, 37.6214358 ], [ -0.9985746, 37.6213368 ], [ -0.998465, 37.6212211 ], [ -0.9983873, 37.6211584 ], [ -0.9983155, 37.6211066 ], [ -0.9982101, 37.6210499 ], [ -0.9981262, 37.6209984 ], [ -0.9980986, 37.6209833 ], [ -0.9980761, 37.6209711 ], [ -0.9980549, 37.6209598 ], [ -0.998049, 37.6209514 ], [ -0.998025, 37.620918 ], [ -0.9978184, 37.6206246 ], [ -0.9978136, 37.6206173 ], [ -0.9978253, 37.6206512 ], [ -0.9978447, 37.6207079 ], [ -0.997849, 37.6208176 ], [ -0.9978297, 37.6209762 ], [ -0.9978301, 37.6210077 ], [ -0.997832, 37.6211439 ], [ -0.9978803, 37.6215595 ], [ -0.9978911, 37.6216529 ], [ -0.9979008, 37.6217295 ], [ -0.9979009, 37.621731 ], [ -0.9979104, 37.6218591 ], [ -0.9979052, 37.6219537 ], [ -0.9978913, 37.6220263 ], [ -0.9978631, 37.6221401 ], [ -0.9978152, 37.6222774 ], [ -0.9977028, 37.6225979 ], [ -0.9976652, 37.622718 ], [ -0.9975743, 37.6230074 ], [ -0.9975235, 37.6231524 ], [ -0.9974661, 37.623316 ], [ -0.9974036, 37.6234946 ], [ -0.9973132, 37.6237418 ], [ -0.9972725, 37.6238608 ], [ -0.9972393, 37.6239574 ], [ -0.9971654, 37.6241787 ], [ -0.997148, 37.6242421 ], [ -0.9971444, 37.6242897 ], [ -0.9971402, 37.6243569 ], [ -0.9971434, 37.6244442 ], [ -0.9971524, 37.6246678 ], [ -0.9971449, 37.6249081 ], [ -0.9971479, 37.6249418 ], [ -0.9971522, 37.6249893 ], [ -0.9971682, 37.6251008 ], [ -0.9972179, 37.6253615 ], [ -0.9973271, 37.6253852 ], [ -0.9970662, 37.6260116 ] ] ] } },
{ "type": "Feature", "properties": { "CCAA": "14 - Región de Murcia", "PROVINCIA": "30 - Murcia", "MUNICIPIO": "30016 - Cartagena", "COD_MUNICIPIO": "30016", "DISTRITO": "10", "SECCION": "3001610043", "V1_H": 80.61, "V1_M": 86.39, "V2_H": 80.33359214, "V2_M": 86.26240397, "V3_H": 81.01911703, "V3_M": 86.63389387 }, "geometry": { "type": "Polygon", "coordinates": [ [ [ -1.0031532, 37.6356336 ], [ -1.0034508, 37.635891 ], [ -1.0035746, 37.6359739 ], [ -1.0036523, 37.6360174 ], [ -1.00371, 37.6360361 ], [ -1.0037715, 37.6360446 ], [ -1.0038265, 37.636043 ], [ -1.0038747, 37.6360363 ], [ -1.004417, 37.635913 ], [ -1.0044406, 37.6359078 ], [ -1.0044414, 37.6359075 ], [ -1.0048401, 37.6358089 ], [ -1.0049256, 37.6357821 ], [ -1.0050594, 37.6357401 ], [ -1.005102, 37.6357227 ], [ -1.0053489, 37.6356219 ], [ -1.0055329, 37.6355359 ], [ -1.0059306, 37.6353506 ], [ -1.0059474, 37.6353427 ], [ -1.0059939, 37.635321 ], [ -1.006359, 37.6351543 ], [ -1.0065909, 37.6350486 ], [ -1.0067356, 37.6350038 ], [ -1.0065986, 37.634761 ], [ -1.0065776, 37.6347358 ], [ -1.0064316, 37.6345621 ], [ -1.0063707, 37.6344984 ], [ -1.0058262, 37.6339276 ], [ -1.0057423, 37.6338424 ], [ -1.0057002, 37.6337951 ], [ -1.0056443, 37.6337303 ], [ -1.0056032, 37.6336754 ], [ -1.0055514, 37.6336032 ], [ -1.0055023, 37.6335122 ], [ -1.0054601, 37.6334208 ], [ -1.0054534, 37.6334066 ], [ -1.0038242, 37.633785 ], [ -1.0041676, 37.634786 ], [ -1.0036539, 37.6348892 ], [ -1.003841, 37.6353694 ], [ -1.0033793, 37.6354675 ], [ -1.0031532, 37.6356336 ] ] ] } },
{ "type": "Feature", "properties": { "CCAA": "14 - Región de Murcia", "PROVINCIA": "30 - Murcia", "MUNICIPIO": "30016 - Cartagena", "COD_MUNICIPIO": "30016", "DISTRITO": "10", "SECCION": "3001610045", "V1_H": 81.88, "V1_M": 87.06, "V2_H": 81.54316391, "V2_M": 86.92154098, "V3_H": 82.24926416, "V3_M": 87.34198023 }, "geometry": { "type": "Polygon", "coordinates": [ [ [ -1.0377444, 37.6108056 ], [ -1.0390082, 37.6107531 ], [ -1.0389691, 37.6108814 ], [ -1.0403175, 37.6114005 ], [ -1.0403451, 37.611401 ], [ -1.0407105, 37.611443 ], [ -1.0407745, 37.611453 ], [ -1.0409626, 37.6114974 ], [ -1.0411025, 37.6115257 ], [ -1.0411021, 37.6115141 ], [ -1.0410883, 37.6111131 ], [ -1.0410866, 37.6110648 ], [ -1.0410922, 37.6110462 ], [ -1.0411165, 37.6109649 ], [ -1.0412213, 37.6109127 ], [ -1.0415419, 37.6107422 ], [ -1.0417569, 37.6106671 ], [ -1.0419347, 37.6106586 ], [ -1.0421469, 37.6106885 ], [ -1.0425083, 37.6107865 ], [ -1.0430284, 37.6109281 ], [ -1.0430041, 37.6110066 ], [ -1.0435264, 37.6110054 ], [ -1.043618, 37.6107605 ], [ -1.0437199, 37.6104879 ], [ -1.043739, 37.6103202 ], [ -1.0436545, 37.6100104 ], [ -1.0434232, 37.6095106 ], [ -1.0433009, 37.609246 ], [ -1.0432379, 37.6091099 ], [ -1.0430807, 37.6090759 ], [ -1.0430242, 37.6089811 ], [ -1.0429327, 37.6086176 ], [ -1.0427976, 37.6080816 ], [ -1.0426956, 37.6076768 ], [ -1.0426498, 37.607495 ], [ -1.0425037, 37.6073034 ], [ -1.0424404, 37.6071482 ], [ -1.0424443, 37.6070008 ], [ -1.0428441, 37.6068533 ], [ -1.043174, 37.6068051 ], [ -1.0436803, 37.6067733 ], [ -1.0441097, 37.6067871 ], [ -1.044514, 37.6068002 ], [ -1.0447008, 37.6067366 ], [ -1.044815, 37.6065575 ], [ -1.0449045, 37.6063579 ], [ -1.044911, 37.60611 ], [ -1.0447388, 37.6059262 ], [ -1.0447424, 37.6057922 ], [ -1.0447453, 37.6056783 ], [ -1.0447918, 37.6055115 ], [ -1.0447962, 37.605344 ], [ -1.0448004, 37.6051826 ], [ -1.0449301, 37.605058 ], [ -1.045078, 37.6048794 ], [ -1.0451001, 37.6046787 ], [ -1.0451163, 37.6045319 ], [ -1.0451094, 37.6043236 ], [ -1.0450143, 37.6040941 ], [ -1.0450017, 37.6039331 ], [ -1.0447464, 37.6037076 ], [ -1.0447341, 37.6038549 ], [ -1.0444792, 37.6039378 ], [ -1.0442647, 37.6040076 ], [ -1.0439432, 37.6041367 ], [ -1.042703, 37.604525 ], [ -1.0421002, 37.6047137 ], [ -1.0412401, 37.604983 ], [ -1.0406223, 37.6051541 ], [ -1.0401309, 37.6052598 ], [ -1.0397057, 37.6054069 ], [ -1.0396053, 37.6054417 ], [ -1.0391276, 37.6052834 ], [ -1.0385506, 37.6051196 ], [ -1.0382671, 37.6050392 ], [ -1.0380327, 37.6049501 ], [ -1.037815, 37.6048675 ], [ -1.0374564, 37.6047596 ], [ -1.0370253, 37.6046299 ], [ -1.0365693, 37.6045303 ], [ -1.0368322, 37.6044654 ], [ -1.0369391, 37.6042438 ], [ -1.0372276, 37.6039536 ], [ -1.0373991, 37.6038403 ], [ -1.037579, 37.6038344 ], [ -1.037964, 37.6037157 ], [ -1.0381332, 37.6036635 ], [ -1.0384523, 37.6035182 ], [ -1.0385341, 37.6033945 ], [ -1.0385398, 37.6031801 ], [ -1.0384706, 37.6028214 ], [ -1.0386143, 37.6020552 ], [ -1.0389656, 37.6019359 ], [ -1.0392578, 37.6015028 ], [ -1.0393776, 37.6012188 ], [ -1.0385484, 37.6007135 ], [ -1.0374871, 37.6000667 ], [ -1.0368172, 37.6003362 ], [ -1.0356154, 37.600334 ], [ -1.0348369, 37.600464 ], [ -1.033973, 37.6004228 ], [ -1.0331967, 37.6004725 ], [ -1.0325143, 37.6003628 ], [ -1.0322844, 37.6001355 ], [ -1.0318089, 37.5998505 ], [ -1.0314822, 37.5998897 ], [ -1.0307656, 37.6002263 ], [ -1.0307278, 37.6008066 ], [ -1.0307022, 37.6012002 ], [ -1.0304966, 37.601482 ], [ -1.0300924, 37.6014752 ], [ -1.0294432, 37.601813 ], [ -1.0284842, 37.6023957 ], [ -1.027578, 37.6029464 ], [ -1.0276505, 37.6030219 ], [ -1.028575, 37.6032105 ], [ -1.0298313, 37.6037052 ], [ -1.0300097, 37.6037754 ], [ -1.0300547, 37.6040092 ], [ -1.0298682, 37.6046067 ], [ -1.029865, 37.6047282 ], [ -1.0299526, 37.6048154 ], [ -1.029684, 37.6051184 ], [ -1.029435, 37.6053573 ], [ -1.0293045, 37.6055339 ], [ -1.0291426, 37.6058815 ], [ -1.0290011, 37.6061852 ], [ -1.0288165, 37.6063194 ], [ -1.0286501, 37.6064953 ], [ -1.0285903, 37.606716 ], [ -1.0285405, 37.6068998 ], [ -1.0284371, 37.6070709 ], [ -1.0283594, 37.6072913 ], [ -1.0282477, 37.6074395 ], [ -1.0287827, 37.6075986 ], [ -1.0293823, 37.6076944 ], [ -1.0298196, 37.607809 ], [ -1.0302402, 37.6078804 ], [ -1.0307589, 37.6079684 ], [ -1.0311364, 37.607974 ], [ -1.0313814, 37.6078851 ], [ -1.0316015, 37.6077172 ], [ -1.0319446, 37.6073154 ], [ -1.0322728, 37.6069311 ], [ -1.032422, 37.6065941 ], [ -1.0325893, 37.6063824 ], [ -1.0328931, 37.6061086 ], [ -1.0333233, 37.6057209 ], [ -1.0337601, 37.6056083 ], [ -1.0341772, 37.6054651 ], [ -1.0347814, 37.606755 ], [ -1.0346934, 37.6070252 ], [ -1.0345137, 37.6073654 ], [ -1.0344698, 37.6076649 ], [ -1.0343378, 37.6078987 ], [ -1.0341559, 37.6083246 ], [ -1.0339239, 37.6085996 ], [ -1.0337684, 37.6087043 ], [ -1.0335911, 37.6089516 ], [ -1.0335763, 37.609173 ], [ -1.0335586, 37.6094379 ], [ -1.0334097, 37.6096993 ], [ -1.0333587, 37.6099272 ], [ -1.0332964, 37.6102061 ], [ -1.0332211, 37.6103754 ], [ -1.0331492, 37.6107173 ], [ -1.0331171, 37.6108695 ], [ -1.033107, 37.6110538 ], [ -1.0331104, 37.6110539 ], [ -1.0331363, 37.6110553 ], [ -1.0331812, 37.6110552 ], [ -1.0332284, 37.6110561 ], [ -1.0332825, 37.6110493 ], [ -1.0333228, 37.6110437 ], [ -1.0333727, 37.6110355 ], [ -1.0334142, 37.6110295 ], [ -1.0334476, 37.6110267 ], [ -1.0334861, 37.6110203 ], [ -1.0335189, 37.6110129 ], [ -1.03355, 37.6110107 ], [ -1.0335856, 37.6110148 ], [ -1.0336299, 37.6110106 ], [ -1.0336782, 37.6110151 ], [ -1.0337213, 37.6110206 ], [ -1.0337565, 37.6110247 ], [ -1.0338002, 37.6110293 ], [ -1.0338497, 37.6110352 ], [ -1.0339002, 37.6110425 ], [ -1.033952, 37.6110517 ], [ -1.0340198, 37.6110599 ], [ -1.0340878, 37.611074 ], [ -1.0341188, 37.6110819 ], [ -1.0341507, 37.6110897 ], [ -1.0341933, 37.611096 ], [ -1.0342153, 37.6110988 ], [ -1.034248, 37.6111042 ], [ -1.0342787, 37.6111063 ], [ -1.0343094, 37.6111077 ], [ -1.0343358, 37.6111065 ], [ -1.0343855, 37.6110944 ], [ -1.0344463, 37.611081 ], [ -1.034495, 37.6110675 ], [ -1.0345272, 37.6110528 ], [ -1.0345732, 37.6110322 ], [ -1.0346164, 37.6110143 ], [ -1.0346612, 37.61099 ], [ -1.0347061, 37.6109665 ], [ -1.0347371, 37.6109533 ], [ -1.0347728, 37.6109381 ], [ -1.0348188, 37.6109235 ], [ -1.0348544, 37.6109129 ], [ -1.0348855, 37.6109023 ], [ -1.0349242, 37.6108904 ], [ -1.0349465, 37.6108826 ], [ -1.0350166, 37.6108706 ], [ -1.0350708, 37.6108633 ], [ -1.0351398, 37.6108532 ], [ -1.0352175, 37.6108458 ], [ -1.0352773, 37.610838 ], [ -1.0353423, 37.6108302 ], [ -1.035409, 37.6108228 ], [ -1.0354751, 37.6108123 ], [ -1.0355568, 37.6107948 ], [ -1.035639, 37.6107811 ], [ -1.0357046, 37.61077 ], [ -1.0357644, 37.6107585 ], [ -1.0358145, 37.6107457 ], [ -1.035865, 37.6107369 ], [ -1.0359225, 37.6107213 ], [ -1.0359692, 37.6107076 ], [ -1.0359963, 37.6106965 ], [ -1.0360267, 37.6106846 ], [ -1.0360525, 37.6106764 ], [ -1.0360814, 37.610669 ], [ -1.0361187, 37.6106589 ], [ -1.0361946, 37.6106543 ], [ -1.0362407, 37.6106511 ], [ -1.0362613, 37.6106584 ], [ -1.0363022, 37.6106684 ], [ -1.0363471, 37.610684 ], [ -1.0363719, 37.6106986 ], [ -1.0364069, 37.6107152 ], [ -1.0364455, 37.6107307 ], [ -1.0364771, 37.6107458 ], [ -1.0365093, 37.6107619 ], [ -1.0365496, 37.6107852 ], [ -1.0365806, 37.6108035 ], [ -1.0367479, 37.6109129 ], [ -1.0367648, 37.6109124 ], [ -1.0368085, 37.6109106 ], [ -1.0368367, 37.6109101 ], [ -1.0368746, 37.6109083 ], [ -1.0369154, 37.6109055 ], [ -1.0369494, 37.6109005 ], [ -1.0369724, 37.6108964 ], [ -1.0369982, 37.6108922 ], [ -1.0370282, 37.610889 ], [ -1.0370575, 37.610883 ], [ -1.03708, 37.6108803 ], [ -1.0371013, 37.6108766 ], [ -1.0371208, 37.610872 ], [ -1.0371501, 37.6108632 ], [ -1.0371835, 37.6108527 ], [ -1.0372146, 37.6108417 ], [ -1.0372444, 37.610832 ], [ -1.0372633, 37.6108256 ], [ -1.0377444, 37.6108056 ] ] ] } },
{ "type": "Feature", "properties": { "CCAA": "14 - Región de Murcia", "PROVINCIA": "30 - Murcia", "MUNICIPIO": "30016 - Cartagena", "COD_MUNICIPIO": "30016", "DISTRITO": "10", "SECCION": "3001610014", "V1_H": 81.13, "V1_M": 86.76, "V2_H": 80.8252038, "V2_M": 86.73512652, "V3_H": 81.48774648, "V3_M": 86.92091474 }, "geometry": { "type": "Polygon", "coordinates": [ [ [ -1.0090697, 37.6557505 ], [ -1.0103821, 37.6585128 ], [ -1.0104125, 37.65848 ], [ -1.0107077, 37.65806 ], [ -1.0107205, 37.6580794 ], [ -1.0107298, 37.6580742 ], [ -1.01082, 37.6580251 ], [ -1.0109125, 37.6579726 ], [ -1.0110032, 37.6579238 ], [ -1.011573, 37.6577233 ], [ -1.0117252, 37.6576801 ], [ -1.011866, 37.6576411 ], [ -1.0119633, 37.6576133 ], [ -1.0120853, 37.6575799 ], [ -1.0121601, 37.6575574 ], [ -1.0122225, 37.6575399 ], [ -1.0122758, 37.6575231 ], [ -1.0123783, 37.6574922 ], [ -1.0125522, 37.6574379 ], [ -1.0126506, 37.6574074 ], [ -1.0126709, 37.6573993 ], [ -1.0126826, 37.6573963 ], [ -1.0126924, 37.6573941 ], [ -1.0127056, 37.6573925 ], [ -1.01272, 37.6573904 ], [ -1.0127333, 37.6573878 ], [ -1.0127455, 37.6573855 ], [ -1.0127617, 37.6573826 ], [ -1.0127743, 37.6573805 ], [ -1.0127952, 37.6573752 ], [ -1.0128096, 37.6573717 ], [ -1.0128207, 37.6573686 ], [ -1.0128345, 37.657365 ], [ -1.0128484, 37.6573607 ], [ -1.01286, 37.6573566 ], [ -1.0128751, 37.6573528 ], [ -1.012886, 37.6573501 ], [ -1.0128977, 37.6573461 ], [ -1.0129121, 37.6573418 ], [ -1.0129365, 37.6573324 ], [ -1.0130008, 37.6573079 ], [ -1.0130206, 37.6573013 ], [ -1.0130351, 37.6572951 ], [ -1.0130513, 37.6572883 ], [ -1.0130948, 37.6572733 ], [ -1.0131075, 37.6572693 ], [ -1.0131261, 37.6572613 ], [ -1.0131499, 37.6572519 ], [ -1.0131702, 37.6572448 ], [ -1.013187, 37.6572386 ], [ -1.0132009, 37.6572338 ], [ -1.0132136, 37.6572303 ], [ -1.0132368, 37.6572255 ], [ -1.0133125, 37.657208 ], [ -1.0136543, 37.6571223 ], [ -1.0136619, 37.6571205 ], [ -1.0137031, 37.6571081 ], [ -1.0137401, 37.6570957 ], [ -1.0137622, 37.6570881 ], [ -1.0137686, 37.6570851 ], [ -1.0137761, 37.6570814 ], [ -1.0142175, 37.6568219 ], [ -1.0142314, 37.6568142 ], [ -1.0143483, 37.6567249 ], [ -1.0143571, 37.6567177 ], [ -1.0143733, 37.6567082 ], [ -1.0144667, 37.6566713 ], [ -1.0149282, 37.6565672 ], [ -1.0149917, 37.6565828 ], [ -1.0149963, 37.6565908 ], [ -1.0150626, 37.6567079 ], [ -1.0151932, 37.6569317 ], [ -1.0153868, 37.6572629 ], [ -1.0155692, 37.6575787 ], [ -1.0156707, 37.6577545 ], [ -1.0158445, 37.658063 ], [ -1.015877, 37.6581169 ], [ -1.0161043, 37.6584948 ], [ -1.0161434, 37.6584966 ], [ -1.017298, 37.6585508 ], [ -1.0173452, 37.6585538 ], [ -1.0174803, 37.6585594 ], [ -1.0176305, 37.6585646 ], [ -1.0176515, 37.6585631 ], [ -1.0179165, 37.6585416 ], [ -1.018162, 37.6584831 ], [ -1.0185343, 37.658384 ], [ -1.0186028, 37.6583544 ], [ -1.0188288, 37.6582587 ], [ -1.0190528, 37.6581635 ], [ -1.019225, 37.6580893 ], [ -1.019443, 37.6579976 ], [ -1.019532, 37.6579602 ], [ -1.0195658, 37.6579461 ], [ -1.0185692, 37.6564305 ], [ -1.0180651, 37.6558733 ], [ -1.0168404, 37.6545196 ], [ -1.0161685, 37.6537768 ], [ -1.0170725, 37.6531625 ], [ -1.0167056, 37.6517247 ], [ -1.0125308, 37.6520408 ], [ -1.0127869, 37.6541038 ], [ -1.0106361, 37.6542675 ], [ -1.0107477, 37.6551804 ], [ -1.0090697, 37.6557505 ] ] ] } },
{ "type": "Feature", "properties": { "CCAA": "14 - Región de Murcia", "PROVINCIA": "30 - Murcia", "MUNICIPIO": "30016 - Cartagena", "COD_MUNICIPIO": "30016", "DISTRITO": "10", "SECCION": "3001610015", "V1_H": 79.83, "V1_M": 85.66, "V2_H": 79.86201885, "V2_M": 85.75249, "V3_H": 79.86616026, "V3_M": 85.80070523000001 }, "geometry": { "type": "Polygon", "coordinates": [ [ [ -1.0135519, 37.6392731 ], [ -1.0147737, 37.6401854 ], [ -1.0156463, 37.639584 ], [ -1.0164277, 37.6388851 ], [ -1.0167368, 37.6383275 ], [ -1.0166287, 37.6382238 ], [ -1.0154346, 37.6365598 ], [ -1.0150415, 37.6360119 ], [ -1.0148936, 37.6358058 ], [ -1.0144932, 37.6354045 ], [ -1.0140633, 37.6349262 ], [ -1.0140572, 37.6349194 ], [ -1.0141928, 37.634827 ], [ -1.0140887, 37.6347637 ], [ -1.0140855, 37.6347618 ], [ -1.0137485, 37.6345756 ], [ -1.013491, 37.6344385 ], [ -1.0134442, 37.6343987 ], [ -1.0132122, 37.6342954 ], [ -1.012645, 37.634043 ], [ -1.0124093, 37.6339382 ], [ -1.0121204, 37.6339745 ], [ -1.0121164, 37.6339749 ], [ -1.0121003, 37.6339762 ], [ -1.0117409, 37.6340059 ], [ -1.0116528, 37.6340131 ], [ -1.0116372, 37.6340145 ], [ -1.0111778, 37.6340286 ], [ -1.0110852, 37.6340314 ], [ -1.0106235, 37.6340409 ], [ -1.0105835, 37.6340405 ], [ -1.0104252, 37.6340389 ], [ -1.0102381, 37.6340586 ], [ -1.010099, 37.6340868 ], [ -1.0100429, 37.6341157 ], [ -1.0099288, 37.6341746 ], [ -1.009654, 37.6342535 ], [ -1.0093288, 37.6343738 ], [ -1.0091709, 37.634436 ], [ -1.0091607, 37.63444 ], [ -1.0090138, 37.6345238 ], [ -1.0089543, 37.634586 ], [ -1.0087899, 37.6347845 ], [ -1.0085544, 37.6350517 ], [ -1.0083516, 37.635274 ], [ -1.0083101, 37.6353195 ], [ -1.0078436, 37.6358591 ], [ -1.0081036, 37.6359697 ], [ -1.0081877, 37.6360035 ], [ -1.0083257, 37.6360592 ], [ -1.0083742, 37.6360788 ], [ -1.0085613, 37.6361543 ], [ -1.0089923, 37.6363282 ], [ -1.0090028, 37.6363325 ], [ -1.0094351, 37.6365236 ], [ -1.009478, 37.6365426 ], [ -1.0097271, 37.6366579 ], [ -1.0098258, 37.6367036 ], [ -1.0098261, 37.6367037 ], [ -1.0099405, 37.6367649 ], [ -1.0100374, 37.6368197 ], [ -1.0100861, 37.6368475 ], [ -1.0102699, 37.6369566 ], [ -1.0106033, 37.6371606 ], [ -1.0106476, 37.6371879 ], [ -1.0108231, 37.6373001 ], [ -1.0111082, 37.6374825 ], [ -1.0113503, 37.6376494 ], [ -1.0113815, 37.6376721 ], [ -1.0117225, 37.6379204 ], [ -1.0119371, 37.6380765 ], [ -1.0120484, 37.6381577 ], [ -1.0123541, 37.6383827 ], [ -1.0131409, 37.6389661 ], [ -1.0135519, 37.6392731 ] ] ] } },
{ "type": "Feature", "properties": { "CCAA": "14 - Región de Murcia", "PROVINCIA": "30 - Murcia", "MUNICIPIO": "30016 - Cartagena", "COD_MUNICIPIO": "30016", "DISTRITO": "10", "SECCION": "3001610029", "V1_H": 81.47, "V1_M": 86.95, "V2_H": 81.05678048, "V2_M": 86.75805168, "V3_H": 81.85108408000001, "V3_M": 87.21302779 }, "geometry": { "type": "Polygon", "coordinates": [ [ [ -1.0187738, 37.6687413 ], [ -1.0192725, 37.6699626 ], [ -1.0199958, 37.6707377 ], [ -1.0240262, 37.6707863 ], [ -1.0251342, 37.6706332 ], [ -1.0272635, 37.6708786 ], [ -1.0278596, 37.6710221 ], [ -1.0285012, 37.6712618 ], [ -1.0295772, 37.6714133 ], [ -1.0298826, 37.6714053 ], [ -1.0304657, 37.67139 ], [ -1.0344498, 37.6704646 ], [ -1.0378077, 37.6688685 ], [ -1.038598, 37.669008 ], [ -1.0395278, 37.6691456 ], [ -1.0405585, 37.6692729 ], [ -1.0418306, 37.6694948 ], [ -1.0425673, 37.669836 ], [ -1.0441061, 37.6702674 ], [ -1.045024, 37.670794 ], [ -1.045366, 37.6713593 ], [ -1.0464953, 37.672026 ], [ -1.047427, 37.6730451 ], [ -1.04839, 37.6741808 ], [ -1.0485994, 37.6737123 ], [ -1.048966, 37.672526 ], [ -1.0493738, 37.6718784 ], [ -1.0494773, 37.6708377 ], [ -1.0490774, 37.6698137 ], [ -1.0488362, 37.6687687 ], [ -1.0485043, 37.6665191 ], [ -1.0478345, 37.6658022 ], [ -1.047175, 37.6650725 ], [ -1.0472403, 37.6651177 ], [ -1.0489875, 37.6625774 ], [ -1.0488136, 37.66251 ], [ -1.0482494, 37.6623541 ], [ -1.0494565, 37.6592768 ], [ -1.0468303, 37.6587755 ], [ -1.0434146, 37.6572691 ], [ -1.0429709, 37.6577195 ], [ -1.0426821, 37.6577529 ], [ -1.0405692, 37.6559251 ], [ -1.0427252, 37.653842 ], [ -1.0420691, 37.6532155 ], [ -1.0412617, 37.6528391 ], [ -1.0395421, 37.6519239 ], [ -1.0375091, 37.6504237 ], [ -1.036456, 37.6499829 ], [ -1.0349788, 37.6497618 ], [ -1.0326068, 37.6495861 ], [ -1.031269, 37.6491254 ], [ -1.0302631, 37.6484302 ], [ -1.0298174, 37.6473079 ], [ -1.0302275, 37.6461809 ], [ -1.0307402, 37.6438652 ], [ -1.029769, 37.6428475 ], [ -1.0279462, 37.6416832 ], [ -1.0264177, 37.6410718 ], [ -1.0245649, 37.641205 ], [ -1.0236224, 37.6411637 ], [ -1.021184, 37.640843 ], [ -1.0191737, 37.6400589 ], [ -1.018762, 37.6393017 ], [ -1.0188536, 37.6382604 ], [ -1.0193954, 37.6377354 ], [ -1.0198324, 37.6374972 ], [ -1.0203707, 37.6369846 ], [ -1.0208122, 37.6365896 ], [ -1.0209193, 37.6360847 ], [ -1.0206905, 37.6355294 ], [ -1.0200031, 37.6345939 ], [ -1.0195694, 37.6341833 ], [ -1.0196457, 37.6344999 ], [ -1.0196807, 37.6348402 ], [ -1.0186467, 37.6365091 ], [ -1.0182905, 37.6368064 ], [ -1.0176565, 37.636954 ], [ -1.0174029, 37.6371343 ], [ -1.0171963, 37.6374989 ], [ -1.0167368, 37.6383275 ], [ -1.0164277, 37.6388851 ], [ -1.0156463, 37.639584 ], [ -1.0147737, 37.6401854 ], [ -1.0166384, 37.6415779 ], [ -1.0177583, 37.6424141 ], [ -1.0175619, 37.6429239 ], [ -1.0162132, 37.6442694 ], [ -1.015334, 37.6448308 ], [ -1.0148159, 37.6453281 ], [ -1.0146498, 37.6455894 ], [ -1.0137884, 37.645109 ], [ -1.0136228, 37.6448893 ], [ -1.0132508, 37.6453083 ], [ -1.0128401, 37.6455663 ], [ -1.0118522, 37.646187 ], [ -1.0101661, 37.6466398 ], [ -1.00986, 37.6467611 ], [ -1.0159293, 37.6487278 ], [ -1.0175588, 37.6495106 ], [ -1.0181683, 37.6500975 ], [ -1.0191281, 37.6516031 ], [ -1.0191237, 37.651603 ], [ -1.0184873, 37.6515897 ], [ -1.0167056, 37.6517247 ], [ -1.0170725, 37.6531625 ], [ -1.0161685, 37.6537768 ], [ -1.0168404, 37.6545196 ], [ -1.0180651, 37.6558733 ], [ -1.0185692, 37.6564305 ], [ -1.0195658, 37.6579461 ], [ -1.0196448, 37.657913 ], [ -1.0197495, 37.6578686 ], [ -1.0197629, 37.6578629 ], [ -1.0199624, 37.6578039 ], [ -1.0201815, 37.657745 ], [ -1.0202531, 37.6577259 ], [ -1.020479, 37.657666 ], [ -1.0205416, 37.6576489 ], [ -1.0206349, 37.6576236 ], [ -1.0209341, 37.6575953 ], [ -1.0210988, 37.6575798 ], [ -1.0198873, 37.6594718 ], [ -1.0205082, 37.6624225 ], [ -1.0213164, 37.6662632 ], [ -1.0217876, 37.6685019 ], [ -1.0212545, 37.6685388 ], [ -1.0202837, 37.6683319 ], [ -1.0193638, 37.6683432 ], [ -1.0187738, 37.6687413 ] ] ] } },
{ "type": "Feature", "properties": { "CCAA": "14 - Región de Murcia", "PROVINCIA": "30 - Murcia", "MUNICIPIO": "30016 - Cartagena", "COD_MUNICIPIO": "30016", "DISTRITO": "10", "SECCION": "3001610032", "V1_H": 80.63, "V1_M": 86.52, "V2_H": 80.3855305, "V2_M": 86.44800565, "V3_H": 80.88841766, "V3_M": 86.66780776 }, "geometry": { "type": "Polygon", "coordinates": [ [ [ -1.0192683, 37.617896 ], [ -1.0230101, 37.6181743 ], [ -1.0230715, 37.6181741 ], [ -1.0231321, 37.6181669 ], [ -1.0231909, 37.618153 ], [ -1.0232466, 37.6181326 ], [ -1.0232981, 37.6181061 ], [ -1.0233444, 37.6180741 ], [ -1.0233845, 37.6180372 ], [ -1.0234176, 37.6179962 ], [ -1.0234431, 37.6179518 ], [ -1.0234604, 37.617905 ], [ -1.0234692, 37.6178567 ], [ -1.0234693, 37.6178079 ], [ -1.0234607, 37.6177596 ], [ -1.023226, 37.617004 ], [ -1.0229827, 37.61625 ], [ -1.0227309, 37.6154979 ], [ -1.0224705, 37.6147475 ], [ -1.022287, 37.6143424 ], [ -1.0216641, 37.6136527 ], [ -1.0216428, 37.6136289 ], [ -1.0215327, 37.6135531 ], [ -1.0214543, 37.6134959 ], [ -1.0211355, 37.6132868 ], [ -1.0210297, 37.613229 ], [ -1.0208878, 37.613187 ], [ -1.0206965, 37.6131475 ], [ -1.0205102, 37.613095 ], [ -1.0203417, 37.6130361 ], [ -1.0199755, 37.6128022 ], [ -1.0199285, 37.6127722 ], [ -1.0198339, 37.6126664 ], [ -1.0194332, 37.6126303 ], [ -1.0191687, 37.6126384 ], [ -1.0189038, 37.6126634 ], [ -1.0186266, 37.6127513 ], [ -1.0182945, 37.612918 ], [ -1.0178661, 37.6131295 ], [ -1.0175711, 37.6132927 ], [ -1.0175087, 37.6133147 ], [ -1.0168736, 37.6136846 ], [ -1.0166109, 37.6138273 ], [ -1.0162661, 37.6138761 ], [ -1.0161484, 37.6139288 ], [ -1.0159478, 37.6139212 ], [ -1.015691, 37.613837 ], [ -1.0154546, 37.6138209 ], [ -1.0182098, 37.6153394 ], [ -1.0192683, 37.617896 ] ] ] } },
{ "type": "Feature", "properties": { "CCAA": "14 - Región de Murcia", "PROVINCIA": "30 - Murcia", "MUNICIPIO": "30016 - Cartagena", "COD_MUNICIPIO": "30016", "DISTRITO": "09", "SECCION": "3001609004", "V1_H": 80.34, "V1_M": 85.99, "V2_H": 80.22806877, "V2_M": 85.94669411, "V3_H": 80.64200885, "V3_M": 86.09540763 }, "geometry": { "type": "Polygon", "coordinates": [ [ [ -1.0436228, 37.6291145 ], [ -1.045315, 37.6293124 ], [ -1.0476143, 37.6295969 ], [ -1.047757, 37.6296266 ], [ -1.0480635, 37.6297549 ], [ -1.04919, 37.630344 ], [ -1.0507757, 37.6311461 ], [ -1.0515186, 37.6315425 ], [ -1.0526067, 37.6303662 ], [ -1.0525347, 37.6302842 ], [ -1.0518146, 37.629405 ], [ -1.0511182, 37.6282171 ], [ -1.0505809, 37.6269967 ], [ -1.0505009, 37.6263201 ], [ -1.0504223, 37.6255978 ], [ -1.0498603, 37.6251901 ], [ -1.0494475, 37.6250705 ], [ -1.0491649, 37.6249181 ], [ -1.0481831, 37.6250892 ], [ -1.0472533, 37.6254441 ], [ -1.0462659, 37.6257983 ], [ -1.0453122, 37.6259926 ], [ -1.0448109, 37.6258154 ], [ -1.0432733, 37.6255093 ], [ -1.0415685, 37.6249042 ], [ -1.0403882, 37.6245231 ], [ -1.0392026, 37.6243137 ], [ -1.0383921, 37.6240517 ], [ -1.0374278, 37.6236504 ], [ -1.0369328, 37.6229343 ], [ -1.0360067, 37.6222243 ], [ -1.0348047, 37.6216139 ], [ -1.0337096, 37.6212681 ], [ -1.0329646, 37.6207436 ], [ -1.0328628, 37.6206893 ], [ -1.0323711, 37.620427 ], [ -1.0314521, 37.6204269 ], [ -1.0302708, 37.6205496 ], [ -1.0291118, 37.6210984 ], [ -1.0288574, 37.6212189 ], [ -1.0279359, 37.6217684 ], [ -1.0270608, 37.6231429 ], [ -1.0257233, 37.6241676 ], [ -1.0256196, 37.624247 ], [ -1.0249997, 37.6246662 ], [ -1.0254603, 37.6248031 ], [ -1.0260551, 37.6250807 ], [ -1.0271259, 37.6254367 ], [ -1.0276959, 37.6256505 ], [ -1.028427, 37.6257965 ], [ -1.0288694, 37.625811 ], [ -1.0297078, 37.6259165 ], [ -1.0302003, 37.6260445 ], [ -1.0309411, 37.6261555 ], [ -1.0315777, 37.6261943 ], [ -1.0321691, 37.6262675 ], [ -1.0325728, 37.626401 ], [ -1.0332476, 37.6266729 ], [ -1.0334847, 37.6267473 ], [ -1.0338, 37.6268793 ], [ -1.033968, 37.6268891 ], [ -1.037046, 37.6280321 ], [ -1.038987, 37.6286419 ], [ -1.0395671, 37.6288065 ], [ -1.0407066, 37.6289028 ], [ -1.0420529, 37.6289844 ], [ -1.0435874, 37.6291103 ], [ -1.0436228, 37.6291145 ] ] ] } },
{ "type": "Feature", "properties": { "CCAA": "14 - Región de Murcia", "PROVINCIA": "30 - Murcia", "MUNICIPIO": "30016 - Cartagena", "COD_MUNICIPIO": "30016", "DISTRITO": "10", "SECCION": "3001610024", "V1_H": 81.58, "V1_M": 86.83, "V2_H": 80.91860297, "V2_M": 86.63659936000001, "V3_H": 82.21677219, "V3_M": 87.10560157 }, "geometry": { "type": "Polygon", "coordinates": [ [ [ -1.0056741, 37.6485108 ], [ -1.0058736, 37.6489554 ], [ -1.0060935, 37.6494537 ], [ -1.0061989, 37.6497072 ], [ -1.0074887, 37.6524225 ], [ -1.0103839, 37.6522034 ], [ -1.0103952, 37.6522025 ], [ -1.010012, 37.64922 ], [ -1.0105698, 37.6491747 ], [ -1.0106691, 37.6492512 ], [ -1.0108894, 37.6492147 ], [ -1.0113532, 37.6483679 ], [ -1.0083495, 37.6473217 ], [ -1.0076835, 37.6475394 ], [ -1.0056741, 37.6485108 ] ] ] } },
{ "type": "Feature", "properties": { "CCAA": "14 - Región de Murcia", "PROVINCIA": "30 - Murcia", "MUNICIPIO": "30016 - Cartagena", "COD_MUNICIPIO": "30016", "DISTRITO": "10", "SECCION": "3001610026", "V1_H": 79.96, "V1_M": 85.86, "V2_H": 79.90630759, "V2_M": 85.80766239, "V3_H": 80.18166072, "V3_M": 86.22029934 }, "geometry": { "type": "Polygon", "coordinates": [ [ [ -0.9939392, 37.6316103 ], [ -0.9942621, 37.6316976 ], [ -0.9943025, 37.631548 ], [ -0.9945123, 37.6315805 ], [ -0.9949216, 37.6306803 ], [ -0.9950661, 37.6304401 ], [ -0.9953233, 37.6303289 ], [ -0.9966202, 37.6299233 ], [ -0.9966761, 37.6299048 ], [ -0.9967165, 37.6300933 ], [ -0.9968478, 37.6311636 ], [ -0.9974998, 37.6309796 ], [ -0.9995231, 37.6307106 ], [ -0.9996214, 37.6303189 ], [ -0.9997376, 37.6301109 ], [ -0.9999651, 37.6295663 ], [ -1.0005633, 37.6294817 ], [ -1.0011889, 37.6293298 ], [ -1.0012804, 37.6290943 ], [ -1.0021605, 37.629292 ], [ -1.0024411, 37.6288258 ], [ -1.0022955, 37.6284825 ], [ -1.0021684, 37.6281829 ], [ -1.0021359, 37.6281089 ], [ -1.0021947, 37.6280903 ], [ -1.0022194, 37.6280825 ], [ -1.0019726, 37.6274893 ], [ -1.0019129, 37.6273333 ], [ -1.0018543, 37.6271801 ], [ -1.0018542, 37.6271801 ], [ -1.0015168, 37.6271559 ], [ -1.001411, 37.6271603 ], [ -1.0013561, 37.6271656 ], [ -1.0012837, 37.627183 ], [ -1.0012824, 37.6271834 ], [ -1.0012028, 37.6272096 ], [ -1.0011514, 37.6272335 ], [ -1.001078, 37.6272912 ], [ -1.0009184, 37.6274155 ], [ -1.0004042, 37.627844 ], [ -1.0002143, 37.6279958 ], [ -1.0001716, 37.6280276 ], [ -1.0001879, 37.6280339 ], [ -1.0001985, 37.6280403 ], [ -0.9997442, 37.6282703 ], [ -0.9992057, 37.6284561 ], [ -0.9990155, 37.6285561 ], [ -0.9987684, 37.6286322 ], [ -0.9985644, 37.628709 ], [ -0.9980873, 37.6287582 ], [ -0.9971182, 37.6288679 ], [ -0.9962778, 37.6289176 ], [ -0.9960639, 37.6289303 ], [ -0.9956736, 37.6289695 ], [ -0.995543, 37.6290017 ], [ -0.9946378, 37.6299497 ], [ -0.9941148, 37.6310094 ], [ -0.9939392, 37.6316103 ] ] ] } },
{ "type": "Feature", "properties": { "CCAA": "14 - Región de Murcia", "PROVINCIA": "30 - Murcia", "MUNICIPIO": "30016 - Cartagena", "COD_MUNICIPIO": "30016", "DISTRITO": "10", "SECCION": "3001610028", "V1_H": 81.41, "V1_M": 86.82, "V2_H": 80.96532964, "V2_M": 86.87567885, "V3_H": 81.8694609, "V3_M": 86.90400308 }, "geometry": { "type": "Polygon", "coordinates": [ [ [ -1.0113532, 37.6483679 ], [ -1.012489, 37.6487635 ], [ -1.0123268, 37.6490747 ], [ -1.0122125, 37.6493255 ], [ -1.0122189, 37.6494683 ], [ -1.0125308, 37.6520408 ], [ -1.0125308, 37.6520408 ], [ -1.0167056, 37.6517247 ], [ -1.0184873, 37.6515897 ], [ -1.0191237, 37.651603 ], [ -1.0191281, 37.6516031 ], [ -1.0181683, 37.6500975 ], [ -1.0175588, 37.6495106 ], [ -1.0159293, 37.6487278 ], [ -1.00986, 37.6467611 ], [ -1.0088963, 37.647143 ], [ -1.0083495, 37.6473217 ], [ -1.0113532, 37.6483679 ] ] ] } },
{ "type": "Feature", "properties": { "CCAA": "14 - Región de Murcia", "PROVINCIA": "30 - Murcia", "MUNICIPIO": "30016 - Cartagena", "COD_MUNICIPIO": "30016", "DISTRITO": "10", "SECCION": "3001610033", "V1_H": 80.65, "V1_M": 86.42, "V2_H": 80.32339709, "V2_M": 86.16224497, "V3_H": 80.9318118, "V3_M": 86.73476557 }, "geometry": { "type": "Polygon", "coordinates": [ [ [ -1.0374962, 37.6123874 ], [ -1.03765, 37.6122878 ], [ -1.0377555, 37.6121544 ], [ -1.0378757, 37.6121804 ], [ -1.0382122, 37.6124838 ], [ -1.0382617, 37.6124392 ], [ -1.0388143, 37.612827 ], [ -1.0391635, 37.6130522 ], [ -1.0394156, 37.6133779 ], [ -1.0397062, 37.6138154 ], [ -1.0400595, 37.6143171 ], [ -1.0401392, 37.6145889 ], [ -1.0401531, 37.6149227 ], [ -1.0402097, 37.6150708 ], [ -1.0403009, 37.6151925 ], [ -1.0404312, 37.6152668 ], [ -1.0406996, 37.6155477 ], [ -1.0409842, 37.6153511 ], [ -1.0412634, 37.6152528 ], [ -1.041559, 37.6151864 ], [ -1.0420947, 37.6150661 ], [ -1.0422156, 37.6149239 ], [ -1.0423362, 37.6149319 ], [ -1.0426654, 37.6149103 ], [ -1.0428212, 37.6148768 ], [ -1.0429931, 37.6148045 ], [ -1.0431873, 37.6147447 ], [ -1.0432435, 37.6147606 ], [ -1.0430588, 37.6141311 ], [ -1.0429688, 37.6138576 ], [ -1.0428813, 37.6135917 ], [ -1.0430002, 37.6135041 ], [ -1.0430861, 37.6134178 ], [ -1.0434896, 37.6130129 ], [ -1.0427358, 37.6120839 ], [ -1.0426903, 37.6120039 ], [ -1.0426557, 37.6119995 ], [ -1.0424667, 37.6119698 ], [ -1.0423583, 37.611968 ], [ -1.0422266, 37.6119701 ], [ -1.0419077, 37.6119826 ], [ -1.0417136, 37.6119975 ], [ -1.0416271, 37.6120108 ], [ -1.0415143, 37.6120283 ], [ -1.0413231, 37.6120782 ], [ -1.0411894, 37.612127 ], [ -1.041035, 37.6121806 ], [ -1.0408475, 37.6122654 ], [ -1.0406699, 37.612375 ], [ -1.0405018, 37.6124612 ], [ -1.0403615, 37.6124984 ], [ -1.0403535, 37.6124987 ], [ -1.0401987, 37.6125049 ], [ -1.040132, 37.6124862 ], [ -1.04005, 37.6124632 ], [ -1.0400129, 37.6124529 ], [ -1.0398543, 37.6123995 ], [ -1.0398496, 37.6123979 ], [ -1.0396081, 37.6123133 ], [ -1.0396056, 37.6123124 ], [ -1.0387768, 37.6120206 ], [ -1.0387617, 37.6120152 ], [ -1.038125, 37.6117995 ], [ -1.037885, 37.6117194 ], [ -1.0375081, 37.6115993 ], [ -1.0374909, 37.6116434 ], [ -1.0373622, 37.6118433 ], [ -1.0373236, 37.6119047 ], [ -1.0372788, 37.6119922 ], [ -1.0374648, 37.6124132 ], [ -1.0374962, 37.6123874 ] ] ] } },
{ "type": "Feature", "properties": { "CCAA": "14 - Región de Murcia", "PROVINCIA": "30 - Murcia", "MUNICIPIO": "30016 - Cartagena", "COD_MUNICIPIO": "30016", "DISTRITO": "10", "SECCION": "3001610035", "V1_H": 79.81, "V1_M": 85.63, "V2_H": 79.83092799000001, "V2_M": 85.85143097, "V3_H": 80.00184088, "V3_M": 85.62912109 }, "geometry": { "type": "Polygon", "coordinates": [ [ [ -0.999374, 37.6340212 ], [ -0.9995405, 37.6341825 ], [ -0.9994949, 37.6342176 ], [ -1.0000555, 37.6347027 ], [ -0.9999473, 37.6348261 ], [ -0.9997569, 37.635029 ], [ -0.9995531, 37.6352462 ], [ -0.9991681, 37.6356768 ], [ -0.9991689, 37.6358184 ], [ -0.9991711, 37.6358405 ], [ -0.9991712, 37.6358455 ], [ -0.9991713, 37.6358653 ], [ -0.9991737, 37.6359113 ], [ -0.9991754, 37.6359891 ], [ -0.9991029, 37.636076 ], [ -1.0002174, 37.6367273 ], [ -1.0005302, 37.6368909 ], [ -1.0009187, 37.6370206 ], [ -1.0012481, 37.6370168 ], [ -1.002455, 37.6370026 ], [ -1.0026948, 37.6370037 ], [ -1.0026928, 37.6369941 ], [ -1.0026335, 37.6367124 ], [ -1.0026205, 37.6366307 ], [ -1.0026177, 37.6365635 ], [ -1.0026257, 37.6365126 ], [ -1.0026429, 37.6364362 ], [ -1.002657, 37.6363982 ], [ -1.0026709, 37.6363573 ], [ -1.0027301, 37.6361823 ], [ -1.0028131, 37.6358802 ], [ -1.0028849, 37.6356716 ], [ -1.002946, 37.6354544 ], [ -1.0029498, 37.6354409 ], [ -1.0030032, 37.6352512 ], [ -1.002991, 37.6350383 ], [ -1.0029858, 37.6349481 ], [ -1.0029279, 37.6346368 ], [ -1.0028809, 37.6344507 ], [ -1.0028392, 37.6342103 ], [ -1.0028321, 37.6341697 ], [ -1.0028413, 37.6339706 ], [ -1.0028471, 37.6338441 ], [ -1.0028617, 37.6337726 ], [ -1.0029227, 37.6334738 ], [ -1.0029462, 37.6333587 ], [ -1.0031236, 37.6326189 ], [ -1.0031274, 37.6326024 ], [ -1.0031872, 37.6322214 ], [ -1.0031849, 37.6321532 ], [ -1.0031841, 37.6321261 ], [ -1.0031803, 37.6320167 ], [ -1.0031462, 37.6318151 ], [ -1.0031207, 37.6316645 ], [ -1.0031057, 37.6315758 ], [ -1.0031055, 37.6315744 ], [ -1.0031547, 37.6315646 ], [ -1.0030849, 37.6311458 ], [ -1.0030521, 37.6309991 ], [ -1.0029615, 37.6306065 ], [ -1.0028577, 37.6300523 ], [ -1.0026954, 37.6294181 ], [ -1.0025293, 37.6289264 ], [ -1.0024998, 37.6288928 ], [ -1.0011642, 37.6308912 ], [ -0.9999648, 37.6335796 ], [ -0.999374, 37.6340212 ] ] ] } },
{ "type": "Feature", "properties": { "CCAA": "14 - Región de Murcia", "PROVINCIA": "30 - Murcia", "MUNICIPIO": "30016 - Cartagena", "COD_MUNICIPIO": "30016", "DISTRITO": "10", "SECCION": "3001610023", "V1_H": 80.21, "V1_M": 86.17, "V2_H": 80.05188782, "V2_M": 86.17746221, "V3_H": 80.45086201, "V3_M": 86.3559927 }, "geometry": { "type": "Polygon", "coordinates": [ [ [ -1.0375081, 37.6115993 ], [ -1.037885, 37.6117194 ], [ -1.038125, 37.6117995 ], [ -1.0387617, 37.6120152 ], [ -1.0387768, 37.6120206 ], [ -1.0396056, 37.6123124 ], [ -1.0396081, 37.6123133 ], [ -1.0398496, 37.6123979 ], [ -1.0398543, 37.6123995 ], [ -1.0400129, 37.6124529 ], [ -1.04005, 37.6124632 ], [ -1.040132, 37.6124862 ], [ -1.0401987, 37.6125049 ], [ -1.0403535, 37.6124987 ], [ -1.0403615, 37.6124984 ], [ -1.0405018, 37.6124612 ], [ -1.0406699, 37.612375 ], [ -1.0408475, 37.6122654 ], [ -1.041035, 37.6121806 ], [ -1.0411894, 37.612127 ], [ -1.0413231, 37.6120782 ], [ -1.0415143, 37.6120283 ], [ -1.0416271, 37.6120108 ], [ -1.0417136, 37.6119975 ], [ -1.0419077, 37.6119826 ], [ -1.0422266, 37.6119701 ], [ -1.0423583, 37.611968 ], [ -1.0424667, 37.6119698 ], [ -1.0426557, 37.6119995 ], [ -1.0426903, 37.6120039 ], [ -1.042706, 37.612006 ], [ -1.0427729, 37.6120147 ], [ -1.0429136, 37.6120202 ], [ -1.0429173, 37.6120204 ], [ -1.0429644, 37.6120133 ], [ -1.0430171, 37.6120055 ], [ -1.043181, 37.6119617 ], [ -1.0435494, 37.6118684 ], [ -1.0436492, 37.6118444 ], [ -1.0437177, 37.6118281 ], [ -1.0437222, 37.6118273 ], [ -1.0438357, 37.6118068 ], [ -1.0440212, 37.6118032 ], [ -1.0441109, 37.6118313 ], [ -1.0443987, 37.6118858 ], [ -1.0444519, 37.6118944 ], [ -1.0444885, 37.6119005 ], [ -1.0446109, 37.6118927 ], [ -1.0447788, 37.6118656 ], [ -1.044865, 37.6118505 ], [ -1.044965, 37.6118291 ], [ -1.0451191, 37.6118073 ], [ -1.0451403, 37.6118043 ], [ -1.0451962, 37.6117964 ], [ -1.0457227, 37.6117122 ], [ -1.0461448, 37.6116395 ], [ -1.04632, 37.6116111 ], [ -1.0466078, 37.6115642 ], [ -1.0468664, 37.6115223 ], [ -1.0469981, 37.611501 ], [ -1.047256, 37.611463 ], [ -1.0474835, 37.6114295 ], [ -1.0475359, 37.6114225 ], [ -1.0477466, 37.611394 ], [ -1.0478126, 37.6113915 ], [ -1.0478687, 37.6113895 ], [ -1.04805, 37.6113659 ], [ -1.0482582, 37.6113528 ], [ -1.0485026, 37.6113436 ], [ -1.0485889, 37.6113425 ], [ -1.0487331, 37.6113407 ], [ -1.0490991, 37.6113434 ], [ -1.0492121, 37.6113453 ], [ -1.0493018, 37.6113492 ], [ -1.0493302, 37.6111785 ], [ -1.0493275, 37.6111784 ], [ -1.0492913, 37.6111138 ], [ -1.0491214, 37.6108219 ], [ -1.0488673, 37.6107477 ], [ -1.0488482, 37.6107421 ], [ -1.0481064, 37.6105919 ], [ -1.0480666, 37.6104139 ], [ -1.0478896, 37.6103912 ], [ -1.0477033, 37.6103881 ], [ -1.047778, 37.6105864 ], [ -1.0475748, 37.6105437 ], [ -1.0475251, 37.6104115 ], [ -1.0474366, 37.6104067 ], [ -1.0473743, 37.6104122 ], [ -1.0472494, 37.6104365 ], [ -1.0469922, 37.6104256 ], [ -1.0467163, 37.610454 ], [ -1.0466827, 37.6103745 ], [ -1.0465236, 37.6103522 ], [ -1.0463984, 37.6103829 ], [ -1.0463526, 37.6104348 ], [ -1.0463811, 37.6105019 ], [ -1.0463945, 37.610534 ], [ -1.046418, 37.6106526 ], [ -1.0463191, 37.610697 ], [ -1.0462498, 37.610736 ], [ -1.0460128, 37.6108693 ], [ -1.0459619, 37.6108897 ], [ -1.0459405, 37.6108984 ], [ -1.0458873, 37.6109198 ], [ -1.045708, 37.6109825 ], [ -1.0455152, 37.6110615 ], [ -1.0452775, 37.6111528 ], [ -1.0452046, 37.6112239 ], [ -1.0452034, 37.6112698 ], [ -1.0450183, 37.611303 ], [ -1.0448511, 37.6113329 ], [ -1.0448266, 37.6112504 ], [ -1.0448087, 37.6111897 ], [ -1.0448022, 37.6111679 ], [ -1.0446239, 37.6111928 ], [ -1.0444617, 37.6111951 ], [ -1.0444107, 37.6111958 ], [ -1.0442471, 37.6111702 ], [ -1.0439033, 37.611079 ], [ -1.0436079, 37.6110052 ], [ -1.0435264, 37.6110054 ], [ -1.0430041, 37.6110066 ], [ -1.0430284, 37.6109281 ], [ -1.0425083, 37.6107865 ], [ -1.0421469, 37.6106885 ], [ -1.0419347, 37.6106586 ], [ -1.0417569, 37.6106671 ], [ -1.0415419, 37.6107422 ], [ -1.0412213, 37.6109127 ], [ -1.0411165, 37.6109649 ], [ -1.0410922, 37.6110462 ], [ -1.0410866, 37.6110648 ], [ -1.0410883, 37.6111131 ], [ -1.0411021, 37.6115141 ], [ -1.0411025, 37.6115257 ], [ -1.0409626, 37.6114974 ], [ -1.0407745, 37.611453 ], [ -1.0407105, 37.611443 ], [ -1.0403451, 37.611401 ], [ -1.0403175, 37.6114005 ], [ -1.0389691, 37.6108814 ], [ -1.0390082, 37.6107531 ], [ -1.0377444, 37.6108056 ], [ -1.0375285, 37.6113736 ], [ -1.0375714, 37.6114124 ], [ -1.0375081, 37.6115993 ] ] ] } },
{ "type": "Feature", "properties": { "CCAA": "14 - Región de Murcia", "PROVINCIA": "30 - Murcia", "MUNICIPIO": "30016 - Cartagena", "COD_MUNICIPIO": "30016", "DISTRITO": "10", "SECCION": "3001610038", "V1_H": 79.78, "V1_M": 85.67, "V2_H": 79.78305357000001, "V2_M": 85.83721796, "V3_H": 80.07461692, "V3_M": 85.64972132 }, "geometry": { "type": "Polygon", "coordinates": [ [ [ -1.008192, 37.6412673 ], [ -1.008226, 37.64131 ], [ -1.0085521, 37.6415823 ], [ -1.0086175, 37.6416414 ], [ -1.0087148, 37.6417295 ], [ -1.0087586, 37.6417648 ], [ -1.0090712, 37.6420179 ], [ -1.0092338, 37.6421497 ], [ -1.0095154, 37.6423629 ], [ -1.009547, 37.642387 ], [ -1.0095629, 37.6424042 ], [ -1.0095677, 37.6424089 ], [ -1.0106097, 37.6417687 ], [ -1.01018, 37.6413772 ], [ -1.0112704, 37.6407468 ], [ -1.0109056, 37.6403352 ], [ -1.0116007, 37.6400353 ], [ -1.0135519, 37.6392731 ], [ -1.0131409, 37.6389661 ], [ -1.0123541, 37.6383827 ], [ -1.0120484, 37.6381577 ], [ -1.0119371, 37.6380765 ], [ -1.0117225, 37.6379204 ], [ -1.0113815, 37.6376721 ], [ -1.0113503, 37.6376494 ], [ -1.0111082, 37.6374825 ], [ -1.0108231, 37.6373001 ], [ -1.0106476, 37.6371879 ], [ -1.0106033, 37.6371606 ], [ -1.0102699, 37.6369566 ], [ -1.0100861, 37.6368475 ], [ -1.0100374, 37.6368197 ], [ -1.0097491, 37.6369943 ], [ -1.0095729, 37.6371012 ], [ -1.0094311, 37.6371887 ], [ -1.009275, 37.6372868 ], [ -1.0091027, 37.6373967 ], [ -1.0088488, 37.6375593 ], [ -1.0088556, 37.6375695 ], [ -1.0088881, 37.6376127 ], [ -1.0089413, 37.6376842 ], [ -1.0090127, 37.6377751 ], [ -1.0090707, 37.6378475 ], [ -1.0090874, 37.6378685 ], [ -1.0092233, 37.6380439 ], [ -1.0093061, 37.6381516 ], [ -1.0093185, 37.6381655 ], [ -1.0093194, 37.6381666 ], [ -1.0094494, 37.6383506 ], [ -1.0095576, 37.6385016 ], [ -1.0096361, 37.6386111 ], [ -1.0097445, 37.6387626 ], [ -1.0097967, 37.6388365 ], [ -1.0098227, 37.6388739 ], [ -1.0099681, 37.6390808 ], [ -1.0101241, 37.6393099 ], [ -1.0101259, 37.6393123 ], [ -1.0102583, 37.6395112 ], [ -1.0103037, 37.6395794 ], [ -1.0103465, 37.6396437 ], [ -1.0104069, 37.6397349 ], [ -1.0104084, 37.639737 ], [ -1.010514, 37.6398946 ], [ -1.0105643, 37.6399611 ], [ -1.0105713, 37.6399687 ], [ -1.0105693, 37.6399694 ], [ -1.0098894, 37.6401619 ], [ -1.0098632, 37.6401692 ], [ -1.0098109, 37.640184 ], [ -1.0096786, 37.6402286 ], [ -1.0094259, 37.64033 ], [ -1.0091754, 37.6404236 ], [ -1.0091804, 37.6404283 ], [ -1.0092052, 37.6404442 ], [ -1.0091599, 37.6404936 ], [ -1.0090613, 37.6405987 ], [ -1.0090082, 37.6406666 ], [ -1.0089507, 37.6407438 ], [ -1.0089018, 37.6408243 ], [ -1.0088494, 37.6408673 ], [ -1.0085627, 37.6410689 ], [ -1.0084153, 37.6411634 ], [ -1.0083505, 37.6411935 ], [ -1.008192, 37.6412673 ] ] ] } },
{ "type": "Feature", "properties": { "CCAA": "14 - Región de Murcia", "PROVINCIA": "30 - Murcia", "MUNICIPIO": "30016 - Cartagena", "COD_MUNICIPIO": "30016", "DISTRITO": "10", "SECCION": "3001610040", "V1_H": 81.55, "V1_M": 86.88, "V2_H": 81.46298126000001, "V2_M": 86.741846, "V3_H": 81.68783029, "V3_M": 87.18580847 }, "geometry": { "type": "Polygon", "coordinates": [ [ [ -1.0074887, 37.6524225 ], [ -1.0087383, 37.655053 ], [ -1.0090697, 37.6557505 ], [ -1.0107477, 37.6551804 ], [ -1.0106361, 37.6542675 ], [ -1.0127869, 37.6541038 ], [ -1.0125308, 37.6520408 ], [ -1.0125308, 37.6520408 ], [ -1.0103952, 37.6522025 ], [ -1.0103839, 37.6522034 ], [ -1.0074887, 37.6524225 ] ] ] } },
{ "type": "Feature", "properties": { "CCAA": "14 - Región de Murcia", "PROVINCIA": "30 - Murcia", "MUNICIPIO": "30016 - Cartagena", "COD_MUNICIPIO": "30016", "DISTRITO": "10", "SECCION": "3001610012", "V1_H": 80.25, "V1_M": 86.11, "V2_H": 80.02266353, "V2_M": 86.02270939, "V3_H": 80.50879823, "V3_M": 86.37032083 }, "geometry": { "type": "Polygon", "coordinates": [ [ [ -1.0095677, 37.6424089 ], [ -1.0095685, 37.6424096 ], [ -1.0097081, 37.6425468 ], [ -1.009896, 37.6427448 ], [ -1.0099067, 37.6427561 ], [ -1.0100617, 37.6429197 ], [ -1.0102013, 37.6430639 ], [ -1.0104007, 37.64327 ], [ -1.010536, 37.6433995 ], [ -1.0105433, 37.6434065 ], [ -1.0109661, 37.6438114 ], [ -1.0109916, 37.6438359 ], [ -1.0112892, 37.6441144 ], [ -1.0128401, 37.6455663 ], [ -1.0132508, 37.6453083 ], [ -1.0136228, 37.6448893 ], [ -1.0137884, 37.645109 ], [ -1.0146498, 37.6455894 ], [ -1.0148159, 37.6453281 ], [ -1.015334, 37.6448308 ], [ -1.0162132, 37.6442694 ], [ -1.0175619, 37.6429239 ], [ -1.0177583, 37.6424141 ], [ -1.0166384, 37.6415779 ], [ -1.0147737, 37.6401854 ], [ -1.0135519, 37.6392731 ], [ -1.0116007, 37.6400353 ], [ -1.0109056, 37.6403352 ], [ -1.0112704, 37.6407468 ], [ -1.01018, 37.6413772 ], [ -1.0106097, 37.6417687 ], [ -1.0095677, 37.6424089 ] ] ] } },
{ "type": "Feature", "properties": { "CCAA": "14 - Región de Murcia", "PROVINCIA": "30 - Murcia", "MUNICIPIO": "30016 - Cartagena", "COD_MUNICIPIO": "30016", "DISTRITO": "10", "SECCION": "3001610013", "V1_H": 80.31, "V1_M": 85.98, "V2_H": 80.51251293, "V2_M": 86.22129475, "V3_H": 80.221823, "V3_M": 85.87405604 }, "geometry": { "type": "Polygon", "coordinates": [ [ [ -1.0054369, 37.6399413 ], [ -1.0056324, 37.639976 ], [ -1.0057605, 37.6400337 ], [ -1.0059641, 37.6401523 ], [ -1.0066738, 37.640566 ], [ -1.0071823, 37.6408624 ], [ -1.0073628, 37.6409576 ], [ -1.0075416, 37.6410244 ], [ -1.0077328, 37.6410958 ], [ -1.0080109, 37.6411997 ], [ -1.008192, 37.6412673 ], [ -1.0083505, 37.6411935 ], [ -1.0084153, 37.6411634 ], [ -1.0085627, 37.6410689 ], [ -1.0088494, 37.6408673 ], [ -1.0089018, 37.6408243 ], [ -1.0089507, 37.6407438 ], [ -1.0090082, 37.6406666 ], [ -1.0090613, 37.6405987 ], [ -1.0091599, 37.6404936 ], [ -1.0092052, 37.6404442 ], [ -1.0091804, 37.6404283 ], [ -1.0091754, 37.6404236 ], [ -1.0094259, 37.64033 ], [ -1.0096786, 37.6402286 ], [ -1.0098109, 37.640184 ], [ -1.0098632, 37.6401692 ], [ -1.0098894, 37.6401619 ], [ -1.0105693, 37.6399694 ], [ -1.0105713, 37.6399687 ], [ -1.0105643, 37.6399611 ], [ -1.010514, 37.6398946 ], [ -1.0104084, 37.639737 ], [ -1.0104069, 37.6397349 ], [ -1.0103465, 37.6396437 ], [ -1.0103037, 37.6395794 ], [ -1.0102583, 37.6395112 ], [ -1.0101259, 37.6393123 ], [ -1.0101241, 37.6393099 ], [ -1.0099681, 37.6390808 ], [ -1.0098227, 37.6388739 ], [ -1.0097967, 37.6388365 ], [ -1.0097445, 37.6387626 ], [ -1.0096361, 37.6386111 ], [ -1.0095576, 37.6385016 ], [ -1.0094494, 37.6383506 ], [ -1.0093194, 37.6381666 ], [ -1.0093185, 37.6381655 ], [ -1.0093061, 37.6381516 ], [ -1.0092233, 37.6380439 ], [ -1.0090874, 37.6378685 ], [ -1.0090707, 37.6378475 ], [ -1.0090127, 37.6377751 ], [ -1.0089413, 37.6376842 ], [ -1.0088881, 37.6376127 ], [ -1.0088556, 37.6375695 ], [ -1.0088488, 37.6375593 ], [ -1.0088432, 37.6375513 ], [ -1.0088268, 37.6375204 ], [ -1.0088, 37.6374552 ], [ -1.0087961, 37.6374388 ], [ -1.0077542, 37.6379091 ], [ -1.0076726, 37.6379439 ], [ -1.0076302, 37.6379619 ], [ -1.0076095, 37.6379707 ], [ -1.0075328, 37.6380034 ], [ -1.0074601, 37.6380341 ], [ -1.0074084, 37.6380629 ], [ -1.0068918, 37.6385732 ], [ -1.0066901, 37.6386082 ], [ -1.0064948, 37.6386419 ], [ -1.0057735, 37.638744 ], [ -1.0057063, 37.6387535 ], [ -1.0052499, 37.6388118 ], [ -1.0047899, 37.638875 ], [ -1.0047396, 37.6388925 ], [ -1.0047125, 37.6389002 ], [ -1.0047164, 37.6389271 ], [ -1.0048023, 37.6394283 ], [ -1.0048418, 37.6396597 ], [ -1.0048708, 37.6398804 ], [ -1.0049018, 37.6399424 ], [ -1.0049077, 37.6399418 ], [ -1.0049828, 37.6399373 ], [ -1.0054369, 37.6399413 ] ] ] } },
{ "type": "Feature", "properties": { "CCAA": "14 - Región de Murcia", "PROVINCIA": "30 - Murcia", "MUNICIPIO": "30016 - Cartagena", "COD_MUNICIPIO": "30016", "DISTRITO": "10", "SECCION": "3001610030", "V1_H": 80.23, "V1_M": 86.04, "V2_H": 80.01377171, "V2_M": 86.1814847, "V3_H": 80.55154758, "V3_M": 86.06989916000001 }, "geometry": { "type": "Polygon", "coordinates": [ [ [ -1.015974, 37.6692436 ], [ -1.0162674, 37.6690369 ], [ -1.0175975, 37.669237 ], [ -1.0182519, 37.6694513 ], [ -1.0187474, 37.6687591 ], [ -1.0187738, 37.6687413 ], [ -1.0193638, 37.6683432 ], [ -1.0202837, 37.6683319 ], [ -1.0212545, 37.6685388 ], [ -1.0217876, 37.6685019 ], [ -1.0213164, 37.6662632 ], [ -1.0205082, 37.6624225 ], [ -1.0198873, 37.6594718 ], [ -1.0210988, 37.6575798 ], [ -1.0209341, 37.6575953 ], [ -1.0206349, 37.6576236 ], [ -1.0205416, 37.6576489 ], [ -1.020479, 37.657666 ], [ -1.0202531, 37.6577259 ], [ -1.0201815, 37.657745 ], [ -1.0199624, 37.6578039 ], [ -1.0197629, 37.6578629 ], [ -1.0197495, 37.6578686 ], [ -1.0196448, 37.657913 ], [ -1.0195658, 37.6579461 ], [ -1.019532, 37.6579602 ], [ -1.019443, 37.6579976 ], [ -1.019225, 37.6580893 ], [ -1.0190528, 37.6581635 ], [ -1.0188288, 37.6582587 ], [ -1.0186028, 37.6583544 ], [ -1.0185343, 37.658384 ], [ -1.018162, 37.6584831 ], [ -1.0179165, 37.6585416 ], [ -1.0176515, 37.6585631 ], [ -1.0176305, 37.6585646 ], [ -1.0174803, 37.6585594 ], [ -1.0173452, 37.6585538 ], [ -1.017298, 37.6585508 ], [ -1.0161434, 37.6584966 ], [ -1.0161043, 37.6584948 ], [ -1.015877, 37.6581169 ], [ -1.0158445, 37.658063 ], [ -1.0156707, 37.6577545 ], [ -1.0155692, 37.6575787 ], [ -1.0153868, 37.6572629 ], [ -1.0151932, 37.6569317 ], [ -1.0150626, 37.6567079 ], [ -1.0149963, 37.6565908 ], [ -1.0149917, 37.6565828 ], [ -1.0149282, 37.6565672 ], [ -1.0144667, 37.6566713 ], [ -1.0143733, 37.6567082 ], [ -1.0143571, 37.6567177 ], [ -1.0143483, 37.6567249 ], [ -1.0142314, 37.6568142 ], [ -1.0142175, 37.6568219 ], [ -1.0137761, 37.6570814 ], [ -1.0137686, 37.6570851 ], [ -1.0137622, 37.6570881 ], [ -1.0137401, 37.6570957 ], [ -1.0137031, 37.6571081 ], [ -1.0136619, 37.6571205 ], [ -1.0136543, 37.6571223 ], [ -1.0133125, 37.657208 ], [ -1.0132368, 37.6572255 ], [ -1.0132136, 37.6572303 ], [ -1.0132009, 37.6572338 ], [ -1.013187, 37.6572386 ], [ -1.0131702, 37.6572448 ], [ -1.0131499, 37.6572519 ], [ -1.0131261, 37.6572613 ], [ -1.0131075, 37.6572693 ], [ -1.0130948, 37.6572733 ], [ -1.0130513, 37.6572883 ], [ -1.0130351, 37.6572951 ], [ -1.0130206, 37.6573013 ], [ -1.0130008, 37.6573079 ], [ -1.0129365, 37.6573324 ], [ -1.0129121, 37.6573418 ], [ -1.0128977, 37.6573461 ], [ -1.012886, 37.6573501 ], [ -1.0128751, 37.6573528 ], [ -1.01286, 37.6573566 ], [ -1.0128484, 37.6573607 ], [ -1.0128345, 37.657365 ], [ -1.0128207, 37.6573686 ], [ -1.0128096, 37.6573717 ], [ -1.0127952, 37.6573752 ], [ -1.0127743, 37.6573805 ], [ -1.0127617, 37.6573826 ], [ -1.0127455, 37.6573855 ], [ -1.0127333, 37.6573878 ], [ -1.01272, 37.6573904 ], [ -1.0127056, 37.6573925 ], [ -1.0126924, 37.6573941 ], [ -1.0126826, 37.6573963 ], [ -1.0126709, 37.6573993 ], [ -1.0126506, 37.6574074 ], [ -1.0125522, 37.6574379 ], [ -1.0123783, 37.6574922 ], [ -1.0122758, 37.6575231 ], [ -1.0122225, 37.6575399 ], [ -1.0121601, 37.6575574 ], [ -1.0120853, 37.6575799 ], [ -1.0119633, 37.6576133 ], [ -1.011866, 37.6576411 ], [ -1.0117252, 37.6576801 ], [ -1.011573, 37.6577233 ], [ -1.0110032, 37.6579238 ], [ -1.0109125, 37.6579726 ], [ -1.01082, 37.6580251 ], [ -1.0107298, 37.6580742 ], [ -1.0107205, 37.6580794 ], [ -1.0107077, 37.65806 ], [ -1.0104125, 37.65848 ], [ -1.0103821, 37.6585128 ], [ -1.0103824, 37.6585134 ], [ -1.0099194, 37.658262 ], [ -1.0097295, 37.6581843 ], [ -1.0097242, 37.6582672 ], [ -1.0096128, 37.6584527 ], [ -1.0094076, 37.6587333 ], [ -1.0090936, 37.6591028 ], [ -1.0087994, 37.6595874 ], [ -1.0085926, 37.6599284 ], [ -1.0085242, 37.6602113 ], [ -1.0084286, 37.660657 ], [ -1.0083494, 37.6610606 ], [ -1.0082948, 37.6613982 ], [ -1.0082941, 37.6617065 ], [ -1.0084261, 37.6617496 ], [ -1.0086195, 37.6618793 ], [ -1.0087936, 37.6620268 ], [ -1.0089037, 37.6621551 ], [ -1.009013, 37.6623165 ], [ -1.009136, 37.6625323 ], [ -1.0092047, 37.6627954 ], [ -1.0092734, 37.6630615 ], [ -1.0092745, 37.6631608 ], [ -1.0092492, 37.6632567 ], [ -1.0092075, 37.6634005 ], [ -1.0091294, 37.6634895 ], [ -1.0091373, 37.6636161 ], [ -1.0091589, 37.6639446 ], [ -1.0091474, 37.6642304 ], [ -1.0090992, 37.664618 ], [ -1.0090698, 37.6647259 ], [ -1.0081544, 37.6645448 ], [ -1.0082963, 37.664761 ], [ -1.0085537, 37.6651928 ], [ -1.009022, 37.6652398 ], [ -1.0095167, 37.6652934 ], [ -1.0096058, 37.6653611 ], [ -1.0097456, 37.6653725 ], [ -1.0101985, 37.6654313 ], [ -1.0106741, 37.6654875 ], [ -1.0107515, 37.6654256 ], [ -1.0113369, 37.6654867 ], [ -1.0115412, 37.6654961 ], [ -1.0113299, 37.665607 ], [ -1.0111448, 37.6657333 ], [ -1.0110786, 37.6658014 ], [ -1.0109765, 37.6660166 ], [ -1.0108222, 37.666255 ], [ -1.0107783, 37.666513 ], [ -1.0107744, 37.6666599 ], [ -1.0107809, 37.6669717 ], [ -1.0107389, 37.6671591 ], [ -1.0106686, 37.6672991 ], [ -1.0104532, 37.667425 ], [ -1.0104339, 37.6675852 ], [ -1.0103931, 37.6677153 ], [ -1.0103534, 37.6677999 ], [ -1.010608, 37.6677923 ], [ -1.0113349, 37.6677431 ], [ -1.0127548, 37.6677267 ], [ -1.0131215, 37.6677991 ], [ -1.0144052, 37.6682649 ], [ -1.0149386, 37.6687749 ], [ -1.0152368, 37.6691864 ], [ -1.0157355, 37.6692137 ], [ -1.015974, 37.6692436 ] ] ] } },
{ "type": "Feature", "properties": { "CCAA": "14 - Región de Murcia", "PROVINCIA": "30 - Murcia", "MUNICIPIO": "30016 - Cartagena", "COD_MUNICIPIO": "30016", "DISTRITO": "10", "SECCION": "3001610046", "V1_H": 81.11, "V1_M": 86.51, "V2_H": 80.75023294, "V2_M": 86.37370028, "V3_H": 81.47997818, "V3_M": 86.68611994 }, "geometry": { "type": "Polygon", "coordinates": [ [ [ -1.0113532, 37.6483679 ], [ -1.0108894, 37.6492147 ], [ -1.0106691, 37.6492512 ], [ -1.0105698, 37.6491747 ], [ -1.010012, 37.64922 ], [ -1.0103952, 37.6522025 ], [ -1.0125308, 37.6520408 ], [ -1.0122189, 37.6494683 ], [ -1.0122125, 37.6493255 ], [ -1.0123268, 37.6490747 ], [ -1.012489, 37.6487635 ], [ -1.0113532, 37.6483679 ] ] ] } },
{ "type": "Feature", "properties": { "CCAA": "14 - Región de Murcia", "PROVINCIA": "30 - Murcia", "MUNICIPIO": "30016 - Cartagena", "COD_MUNICIPIO": "30016", "DISTRITO": "10", "SECCION": "3001610037", "V1_H": 80.16, "V1_M": 86.09, "V2_H": 80.12695049, "V2_M": 86.02539962, "V3_H": 80.31827198000001, "V3_M": 86.38244546 }, "geometry": { "type": "Polygon", "coordinates": [ [ [ -1.0000312, 37.6433974 ], [ -0.9995401, 37.6440064 ], [ -0.9990136, 37.6446591 ], [ -0.9982938, 37.645677 ], [ -0.9981468, 37.6460228 ], [ -1.0010712, 37.647011 ], [ -1.0034602, 37.6478574 ], [ -1.0035707, 37.6477873 ], [ -1.0052045, 37.6474327 ], [ -1.0051687, 37.6473253 ], [ -1.005086, 37.6470127 ], [ -1.0050366, 37.646768 ], [ -1.0049687, 37.6465602 ], [ -1.0049471, 37.6464961 ], [ -1.0049104, 37.6463881 ], [ -1.0046641, 37.6456423 ], [ -1.0044023, 37.6448513 ], [ -1.0008371, 37.6437099 ], [ -1.0000312, 37.6433974 ] ] ] } },
{ "type": "Feature", "properties": { "CCAA": "14 - Región de Murcia", "PROVINCIA": "30 - Murcia", "MUNICIPIO": "30016 - Cartagena", "COD_MUNICIPIO": "30016", "DISTRITO": "10", "SECCION": "3001610039", "V1_H": 80.21, "V1_M": 86.35, "V2_H": 80.00126986, "V2_M": 86.33312861, "V3_H": 80.58114521, "V3_M": 86.56210486000001 }, "geometry": { "type": "Polygon", "coordinates": [ [ [ -1.0052045, 37.6474327 ], [ -1.005209, 37.647446 ], [ -1.005214, 37.6474613 ], [ -1.0052533, 37.6475615 ], [ -1.0052926, 37.6476592 ], [ -1.0054109, 37.6479419 ], [ -1.0055947, 37.6483348 ], [ -1.0056094, 37.6483664 ], [ -1.0056741, 37.6485108 ], [ -1.0076835, 37.6475394 ], [ -1.0083495, 37.6473217 ], [ -1.0088963, 37.647143 ], [ -1.00986, 37.6467611 ], [ -1.0101661, 37.6466398 ], [ -1.0118522, 37.646187 ], [ -1.0128401, 37.6455663 ], [ -1.0112892, 37.6441144 ], [ -1.0109916, 37.6438359 ], [ -1.0109661, 37.6438114 ], [ -1.0105433, 37.6434065 ], [ -1.010536, 37.6433995 ], [ -1.0104007, 37.64327 ], [ -1.0102013, 37.6430639 ], [ -1.0100617, 37.6429197 ], [ -1.0099067, 37.6427561 ], [ -1.009896, 37.6427448 ], [ -1.0097081, 37.6425468 ], [ -1.0095685, 37.6424096 ], [ -1.0095677, 37.6424089 ], [ -1.0095629, 37.6424042 ], [ -1.009547, 37.642387 ], [ -1.0095154, 37.6423629 ], [ -1.0092338, 37.6421497 ], [ -1.0090712, 37.6420179 ], [ -1.0087586, 37.6417648 ], [ -1.0087148, 37.6417295 ], [ -1.0086175, 37.6416414 ], [ -1.0085521, 37.6415823 ], [ -1.008226, 37.64131 ], [ -1.008192, 37.6412673 ], [ -1.0080109, 37.6411997 ], [ -1.0077328, 37.6410958 ], [ -1.0075416, 37.6410244 ], [ -1.0073628, 37.6409576 ], [ -1.0071823, 37.6408624 ], [ -1.0066738, 37.640566 ], [ -1.0059641, 37.6401523 ], [ -1.0057605, 37.6400337 ], [ -1.0056324, 37.639976 ], [ -1.0054369, 37.6399413 ], [ -1.0054451, 37.6401735 ], [ -1.0054381, 37.64028 ], [ -1.0054429, 37.6403602 ], [ -1.005442, 37.64042 ], [ -1.0054487, 37.6404308 ], [ -1.0054714, 37.6404444 ], [ -1.0054847, 37.6407449 ], [ -1.0055037, 37.6411743 ], [ -1.0055043, 37.6411869 ], [ -1.0055229, 37.6416062 ], [ -1.0055429, 37.6420595 ], [ -1.0055489, 37.6420892 ], [ -1.0055738, 37.6422137 ], [ -1.0056187, 37.6423281 ], [ -1.0056394, 37.6423717 ], [ -1.0056607, 37.6424127 ], [ -1.0056822, 37.6424611 ], [ -1.00571, 37.6424975 ], [ -1.005741, 37.6425219 ], [ -1.0057679, 37.6425371 ], [ -1.0058065, 37.6425562 ], [ -1.0058304, 37.6425721 ], [ -1.0058424, 37.6425881 ], [ -1.005843, 37.6425893 ], [ -1.0060416, 37.643097 ], [ -1.0060752, 37.643183 ], [ -1.0062299, 37.6435991 ], [ -1.0063534, 37.6439314 ], [ -1.0064174, 37.6441008 ], [ -1.0066087, 37.6446073 ], [ -1.0067413, 37.6449587 ], [ -1.0067757, 37.6450445 ], [ -1.0063214, 37.6451289 ], [ -1.0059196, 37.6452031 ], [ -1.005976, 37.6453867 ], [ -1.0058676, 37.6453497 ], [ -1.0047787, 37.6449777 ], [ -1.0046178, 37.6449228 ], [ -1.0045704, 37.6449071 ], [ -1.0045222, 37.6448913 ], [ -1.0044023, 37.6448513 ], [ -1.0046641, 37.6456423 ], [ -1.0049104, 37.6463881 ], [ -1.0049471, 37.6464961 ], [ -1.0049687, 37.6465602 ], [ -1.0050366, 37.646768 ], [ -1.005086, 37.6470127 ], [ -1.0051687, 37.6473253 ], [ -1.0052045, 37.6474327 ] ] ] } },
{ "type": "Feature", "properties": { "CCAA": "14 - Región de Murcia", "PROVINCIA": "30 - Murcia", "MUNICIPIO": "30016 - Cartagena", "COD_MUNICIPIO": "30016", "DISTRITO": "09", "SECCION": "3001609005", "V1_H": 80.91, "V1_M": 86.7, "V2_H": 80.91796575, "V2_M": 86.73459974, "V3_H": 81.00259482, "V3_M": 86.81948346 }, "geometry": { "type": "Polygon", "coordinates": [ [ [ -1.0436228, 37.6291145 ], [ -1.0435808, 37.6294604 ], [ -1.0435036, 37.6295192 ], [ -1.0434179, 37.6295846 ], [ -1.0432733, 37.6296524 ], [ -1.0431509, 37.6297098 ], [ -1.0430173, 37.6298018 ], [ -1.0429599, 37.6299078 ], [ -1.0429699, 37.6300082 ], [ -1.0430223, 37.6300926 ], [ -1.0430667, 37.630164 ], [ -1.0431144, 37.6302645 ], [ -1.043117, 37.630485 ], [ -1.0433866, 37.6310976 ], [ -1.0429399, 37.6313107 ], [ -1.0431633, 37.6324036 ], [ -1.0443024, 37.632222 ], [ -1.0451047, 37.6322253 ], [ -1.0458226, 37.6322439 ], [ -1.0463166, 37.6323089 ], [ -1.0465639, 37.6323414 ], [ -1.0470092, 37.6323304 ], [ -1.0474433, 37.632117 ], [ -1.0474094, 37.6319661 ], [ -1.047503, 37.6317605 ], [ -1.047564, 37.631678 ], [ -1.0476687, 37.6316898 ], [ -1.0485342, 37.6318478 ], [ -1.0490726, 37.6308577 ], [ -1.0512198, 37.6319657 ], [ -1.0515142, 37.6316298 ], [ -1.0515186, 37.6315425 ], [ -1.0507757, 37.6311461 ], [ -1.04919, 37.630344 ], [ -1.0480635, 37.6297549 ], [ -1.047757, 37.6296266 ], [ -1.0476143, 37.6295969 ], [ -1.045315, 37.6293124 ], [ -1.0436228, 37.6291145 ] ] ] } },
{ "type": "Feature", "properties": { "CCAA": "14 - Región de Murcia", "PROVINCIA": "30 - Murcia", "MUNICIPIO": "30016 - Cartagena", "COD_MUNICIPIO": "30016", "DISTRITO": "10", "SECCION": "3001610011", "V1_H": 79.2, "V1_M": 85.22, "V2_H": 79.18248439, "V2_M": 85.25623492, "V3_H": 79.42953696, "V3_M": 85.41396632 }, "geometry": { "type": "Polygon", "coordinates": [ [ [ -1.0000312, 37.6433974 ], [ -1.0008371, 37.6437099 ], [ -1.0044023, 37.6448513 ], [ -1.0042328, 37.6443394 ], [ -1.0043421, 37.6443739 ], [ -1.0042129, 37.643989 ], [ -1.0041602, 37.6438321 ], [ -1.004047, 37.6434946 ], [ -1.0040463, 37.6434927 ], [ -1.0040446, 37.6434873 ], [ -1.0038471, 37.6429039 ], [ -1.0037584, 37.6426424 ], [ -1.0037223, 37.6425128 ], [ -1.003714, 37.642481 ], [ -1.003694, 37.6424045 ], [ -1.003665, 37.6422741 ], [ -1.0036478, 37.6421791 ], [ -1.0036262, 37.6420616 ], [ -1.0035826, 37.6418235 ], [ -1.0035472, 37.6416302 ], [ -1.0035067, 37.64141 ], [ -1.0035054, 37.6414024 ], [ -1.0034377, 37.6410327 ], [ -1.0034285, 37.640983 ], [ -1.0033531, 37.6405712 ], [ -1.0033413, 37.6405071 ], [ -1.0033236, 37.6403949 ], [ -1.00328, 37.6401537 ], [ -1.0032106, 37.6397705 ], [ -1.0028549, 37.6398143 ], [ -1.0027864, 37.6398147 ], [ -1.0027142, 37.6398013 ], [ -1.0026843, 37.6397865 ], [ -1.00266, 37.6397763 ], [ -1.0021853, 37.6397058 ], [ -1.0021327, 37.6397 ], [ -1.0020603, 37.6396922 ], [ -1.0020207, 37.6396854 ], [ -1.0017217, 37.639639 ], [ -1.0015252, 37.6396476 ], [ -1.0011605, 37.6396636 ], [ -1.0011573, 37.6396638 ], [ -1.0007501, 37.6396724 ], [ -1.000364, 37.6396871 ], [ -1.0003571, 37.6396874 ], [ -0.99999, 37.6397002 ], [ -0.9952888, 37.6398308 ], [ -0.9925004, 37.6399082 ], [ -0.9924408, 37.6402196 ], [ -0.9923507, 37.6406906 ], [ -0.9923042, 37.6408885 ], [ -0.9931229, 37.6411009 ], [ -0.9951978, 37.6418203 ], [ -0.9979608, 37.6426958 ], [ -0.9993879, 37.6431479 ], [ -1.0000312, 37.6433974 ] ] ] } },
{ "type": "Feature", "properties": { "CCAA": "14 - Región de Murcia", "PROVINCIA": "30 - Murcia", "MUNICIPIO": "30016 - Cartagena", "COD_MUNICIPIO": "30016", "DISTRITO": "10", "SECCION": "3001610018", "V1_H": 79.81, "V1_M": 85.63, "V2_H": 79.83092799000001, "V2_M": 85.85143097, "V3_H": 80.00184088, "V3_M": 85.62912109 }, "geometry": { "type": "Polygon", "coordinates": [ [ [ -1.0121164, 37.6339749 ], [ -1.0121204, 37.6339745 ], [ -1.0124093, 37.6339382 ], [ -1.012645, 37.634043 ], [ -1.0132122, 37.6342954 ], [ -1.0134442, 37.6343987 ], [ -1.013491, 37.6344385 ], [ -1.0137485, 37.6345756 ], [ -1.0140855, 37.6347618 ], [ -1.0140887, 37.6347637 ], [ -1.0141928, 37.634827 ], [ -1.0140572, 37.6349194 ], [ -1.0140633, 37.6349262 ], [ -1.0144932, 37.6354045 ], [ -1.0148936, 37.6358058 ], [ -1.0150415, 37.6360119 ], [ -1.0154346, 37.6365598 ], [ -1.0166287, 37.6382238 ], [ -1.0167368, 37.6383275 ], [ -1.0171963, 37.6374989 ], [ -1.0174029, 37.6371343 ], [ -1.0176565, 37.636954 ], [ -1.0182905, 37.6368064 ], [ -1.0186467, 37.6365091 ], [ -1.0196807, 37.6348402 ], [ -1.0196457, 37.6344999 ], [ -1.0195694, 37.6341833 ], [ -1.0190414, 37.6335463 ], [ -1.0188441, 37.6329888 ], [ -1.01892, 37.6324118 ], [ -1.0192652, 37.6313936 ], [ -1.0198333, 37.6305358 ], [ -1.0207221, 37.6301531 ], [ -1.0214014, 37.6296706 ], [ -1.0218377, 37.6291438 ], [ -1.0222498, 37.6284159 ], [ -1.0220398, 37.6276224 ], [ -1.0216716, 37.6266977 ], [ -1.0210831, 37.6262469 ], [ -1.0205618, 37.6258708 ], [ -1.0212573, 37.6257722 ], [ -1.0223105, 37.6260126 ], [ -1.0230497, 37.6262317 ], [ -1.0240039, 37.6261788 ], [ -1.0247443, 37.6256952 ], [ -1.0249504, 37.6251061 ], [ -1.0249997, 37.6246662 ], [ -1.0245226, 37.6244718 ], [ -1.0242583, 37.6242769 ], [ -1.024004, 37.6239868 ], [ -1.0227593, 37.622942 ], [ -1.0225455, 37.6228194 ], [ -1.0222779, 37.6227494 ], [ -1.021223, 37.6227317 ], [ -1.0205288, 37.6226605 ], [ -1.0199632, 37.6225379 ], [ -1.0195328, 37.6223997 ], [ -1.019067, 37.6221835 ], [ -1.0186586, 37.6220427 ], [ -1.0173241, 37.6215827 ], [ -1.0163623, 37.6211617 ], [ -1.0154226, 37.620753 ], [ -1.015007, 37.620621 ], [ -1.0143513, 37.620321 ], [ -1.0124963, 37.6213078 ], [ -1.0108619, 37.6221771 ], [ -1.0107189, 37.6222388 ], [ -1.0106062, 37.6222813 ], [ -1.0104511, 37.6223398 ], [ -1.0103448, 37.6223774 ], [ -1.0102516, 37.6224107 ], [ -1.0101502, 37.6224374 ], [ -1.0101294, 37.6224429 ], [ -1.0099366, 37.6224826 ], [ -1.0098489, 37.6225071 ], [ -1.0097646, 37.6225308 ], [ -1.0095731, 37.6225656 ], [ -1.0094705, 37.6225888 ], [ -1.0094652, 37.62259 ], [ -1.0094361, 37.6226052 ], [ -1.0093686, 37.6226408 ], [ -1.0085795, 37.6230442 ], [ -1.0082937, 37.6231938 ], [ -1.0081889, 37.6232504 ], [ -1.0081751, 37.6232587 ], [ -1.0080234, 37.6233496 ], [ -1.0079183, 37.6234177 ], [ -1.0075381, 37.6236795 ], [ -1.0073677, 37.6238078 ], [ -1.0072417, 37.6239251 ], [ -1.0068796, 37.6242469 ], [ -1.0063659, 37.6246811 ], [ -1.0062366, 37.6247772 ], [ -1.0061166, 37.6248571 ], [ -1.0060074, 37.6249063 ], [ -1.0058558, 37.624956 ], [ -1.0056906, 37.624996 ], [ -1.0055691, 37.6250207 ], [ -1.0053812, 37.6250323 ], [ -1.0052191, 37.6250261 ], [ -1.0048602, 37.6249736 ], [ -1.0048555, 37.6249984 ], [ -1.0048113, 37.6249897 ], [ -1.0047399, 37.6249774 ], [ -1.0046594, 37.6249624 ], [ -1.0045878, 37.6249515 ], [ -1.0045091, 37.6249432 ], [ -1.0044476, 37.6249391 ], [ -1.0043726, 37.6249444 ], [ -1.0042762, 37.6249532 ], [ -1.0041816, 37.6249679 ], [ -1.0040383, 37.6249978 ], [ -1.0039292, 37.6250203 ], [ -1.0038026, 37.6250461 ], [ -1.0037945, 37.6260829 ], [ -1.0038836, 37.6260794 ], [ -1.0038662, 37.6266034 ], [ -1.0038569, 37.6268858 ], [ -1.0038445, 37.6269265 ], [ -1.0038296, 37.6269692 ], [ -1.0038282, 37.6269998 ], [ -1.0038166, 37.627043 ], [ -1.0037986, 37.6270866 ], [ -1.0036208, 37.6272986 ], [ -1.0037769, 37.6277837 ], [ -1.0032598, 37.6279004 ], [ -1.0029967, 37.6279597 ], [ -1.0025602, 37.6284178 ], [ -1.0022955, 37.6284825 ], [ -1.0024411, 37.6288258 ], [ -1.0024998, 37.6288928 ], [ -1.0025293, 37.6289264 ], [ -1.0026954, 37.6294181 ], [ -1.0028577, 37.6300523 ], [ -1.0029615, 37.6306065 ], [ -1.0030521, 37.6309991 ], [ -1.0030849, 37.6311458 ], [ -1.0031547, 37.6315646 ], [ -1.0032236, 37.6315509 ], [ -1.0033354, 37.6315458 ], [ -1.0034662, 37.6315876 ], [ -1.0035684, 37.6316401 ], [ -1.0037151, 37.6317169 ], [ -1.0038571, 37.6317912 ], [ -1.0040746, 37.631908 ], [ -1.0042571, 37.6320056 ], [ -1.0044038, 37.6320836 ], [ -1.0045327, 37.6321552 ], [ -1.0046462, 37.6322255 ], [ -1.0047459, 37.6322965 ], [ -1.0048654, 37.6323956 ], [ -1.0049364, 37.6324606 ], [ -1.0050625, 37.6325914 ], [ -1.0051228, 37.6326622 ], [ -1.0051772, 37.6327466 ], [ -1.0052239, 37.6328374 ], [ -1.0052776, 37.6329658 ], [ -1.0052794, 37.6329701 ], [ -1.0053282, 37.6330922 ], [ -1.005394, 37.6332601 ], [ -1.0054511, 37.6334016 ], [ -1.0054534, 37.6334066 ], [ -1.0054601, 37.6334208 ], [ -1.0055023, 37.6335122 ], [ -1.0055514, 37.6336032 ], [ -1.0056032, 37.6336754 ], [ -1.0056443, 37.6337303 ], [ -1.0057002, 37.6337951 ], [ -1.0057423, 37.6338424 ], [ -1.0058262, 37.6339276 ], [ -1.0063707, 37.6344984 ], [ -1.0072857, 37.6333528 ], [ -1.0071035, 37.6332275 ], [ -1.0073997, 37.6319388 ], [ -1.0085372, 37.6320073 ], [ -1.0089388, 37.6318435 ], [ -1.0099203, 37.6312622 ], [ -1.0113367, 37.6303644 ], [ -1.012881, 37.6313879 ], [ -1.0129335, 37.6314539 ], [ -1.0122381, 37.6318041 ], [ -1.0112979, 37.6324249 ], [ -1.0110088, 37.6326158 ], [ -1.0120236, 37.6338838 ], [ -1.0121164, 37.6339749 ] ] ] } },
{ "type": "Feature", "properties": { "CCAA": "14 - Región de Murcia", "PROVINCIA": "30 - Murcia", "MUNICIPIO": "30016 - Cartagena", "COD_MUNICIPIO": "30016", "DISTRITO": "10", "SECCION": "3001610025", "V1_H": 80.25, "V1_M": 86.11, "V2_H": 80.02266353, "V2_M": 86.02270939, "V3_H": 80.50879823, "V3_M": 86.37032083 }, "geometry": { "type": "Polygon", "coordinates": [ [ [ -1.0067356, 37.6350038 ], [ -1.0068796, 37.6349691 ], [ -1.0069989, 37.6350241 ], [ -1.0071057, 37.6351312 ], [ -1.0073153, 37.6353496 ], [ -1.0076437, 37.6356921 ], [ -1.0077215, 37.6357735 ], [ -1.0078208, 37.6358495 ], [ -1.0078436, 37.6358591 ], [ -1.0083101, 37.6353195 ], [ -1.0083516, 37.635274 ], [ -1.0085544, 37.6350517 ], [ -1.0087899, 37.6347845 ], [ -1.0089543, 37.634586 ], [ -1.0090138, 37.6345238 ], [ -1.0091607, 37.63444 ], [ -1.0091709, 37.634436 ], [ -1.0093288, 37.6343738 ], [ -1.009654, 37.6342535 ], [ -1.0099288, 37.6341746 ], [ -1.0100429, 37.6341157 ], [ -1.010099, 37.6340868 ], [ -1.0102381, 37.6340586 ], [ -1.0104252, 37.6340389 ], [ -1.0105835, 37.6340405 ], [ -1.0106235, 37.6340409 ], [ -1.0110852, 37.6340314 ], [ -1.0111778, 37.6340286 ], [ -1.010986, 37.6338211 ], [ -1.0096519, 37.6325276 ], [ -1.0089388, 37.6318435 ], [ -1.0085372, 37.6320073 ], [ -1.0073997, 37.6319388 ], [ -1.0071035, 37.6332275 ], [ -1.0072857, 37.6333528 ], [ -1.0063707, 37.6344984 ], [ -1.0064316, 37.6345621 ], [ -1.0065776, 37.6347358 ], [ -1.0065986, 37.634761 ], [ -1.0067356, 37.6350038 ] ] ] } },
{ "type": "Feature", "properties": { "CCAA": "14 - Región de Murcia", "PROVINCIA": "30 - Murcia", "MUNICIPIO": "30016 - Cartagena", "COD_MUNICIPIO": "30016", "DISTRITO": "10", "SECCION": "3001610036", "V1_H": 80.25, "V1_M": 86.11, "V2_H": 80.02266353, "V2_M": 86.02270939, "V3_H": 80.50879823, "V3_M": 86.37032083 }, "geometry": { "type": "Polygon", "coordinates": [ [ [ -0.9970662, 37.6260116 ], [ -0.9967722, 37.6269316 ], [ -0.9965565, 37.6273148 ], [ -0.9970915, 37.6275052 ], [ -0.9962778, 37.6289176 ], [ -0.9971182, 37.6288679 ], [ -0.9980873, 37.6287582 ], [ -0.9985644, 37.628709 ], [ -0.9987684, 37.6286322 ], [ -0.9990155, 37.6285561 ], [ -0.9992057, 37.6284561 ], [ -0.9997442, 37.6282703 ], [ -1.0001985, 37.6280403 ], [ -1.0001879, 37.6280339 ], [ -1.0001716, 37.6280276 ], [ -1.0001343, 37.6280132 ], [ -1.0000861, 37.6279925 ], [ -1.000036, 37.627946 ], [ -0.9999541, 37.6278731 ], [ -0.9997872, 37.6277432 ], [ -0.9997479, 37.6277037 ], [ -0.999745, 37.627701 ], [ -0.9996694, 37.6275944 ], [ -0.9995109, 37.6273514 ], [ -0.9994904, 37.6273206 ], [ -0.9992714, 37.6269928 ], [ -0.999256, 37.62697 ], [ -0.9991656, 37.6268063 ], [ -0.9991012, 37.6266753 ], [ -0.9990938, 37.6266591 ], [ -0.9990714, 37.6266114 ], [ -0.9990172, 37.6264631 ], [ -0.999009, 37.6264403 ], [ -0.9984613, 37.6263206 ], [ -0.9981628, 37.6262554 ], [ -0.9981183, 37.6262457 ], [ -0.9979309, 37.6262041 ], [ -0.9976983, 37.6261527 ], [ -0.9970987, 37.62602 ], [ -0.9970662, 37.6260116 ] ] ] } },
{ "type": "Feature", "properties": { "CCAA": "14 - Región de Murcia", "PROVINCIA": "30 - Murcia", "MUNICIPIO": "30016 - Cartagena", "COD_MUNICIPIO": "30016", "DISTRITO": "10", "SECCION": "3001610044", "V1_H": 79.83, "V1_M": 85.66, "V2_H": 79.86201885, "V2_M": 85.75249, "V3_H": 79.86616026, "V3_M": 85.80070523000001 }, "geometry": { "type": "Polygon", "coordinates": [ [ [ -0.9905088, 37.6238595 ], [ -0.9906103, 37.6239445 ], [ -0.9906834, 37.624005 ], [ -0.9907262, 37.6240441 ], [ -0.9907886, 37.6240928 ], [ -0.9908514, 37.6241526 ], [ -0.990909, 37.6242081 ], [ -0.9909823, 37.624276 ], [ -0.9910676, 37.6243591 ], [ -0.9912304, 37.6245199 ], [ -0.9912781, 37.6245701 ], [ -0.991315, 37.6246096 ], [ -0.9913686, 37.6246658 ], [ -0.9914553, 37.6247588 ], [ -0.9915472, 37.6248641 ], [ -0.9917505, 37.6250928 ], [ -0.9918247, 37.6251836 ], [ -0.9919268, 37.6253203 ], [ -0.9919912, 37.6253957 ], [ -0.992081, 37.6255102 ], [ -0.992153, 37.6256104 ], [ -0.9922286, 37.6257067 ], [ -0.9923159, 37.6258409 ], [ -0.9923185, 37.6258445 ], [ -0.9923188, 37.6258443 ], [ -0.9923562, 37.6258267 ], [ -0.992823, 37.6256055 ], [ -0.992907, 37.6255657 ], [ -0.9930076, 37.6255208 ], [ -0.9933216, 37.6255359 ], [ -0.9933625, 37.6255379 ], [ -0.9934627, 37.6255427 ], [ -0.9935011, 37.6255515 ], [ -0.9935782, 37.6255562 ], [ -0.9937451, 37.6255581 ], [ -0.9938549, 37.6255593 ], [ -0.9939037, 37.6255599 ], [ -0.9943804, 37.6255592 ], [ -0.9944047, 37.6255557 ], [ -0.9944982, 37.6255422 ], [ -0.9945797, 37.6255238 ], [ -0.9945809, 37.6255237 ], [ -0.9946826, 37.6255176 ], [ -0.994767, 37.6255146 ], [ -0.9951952, 37.6255283 ], [ -0.9950807, 37.6252301 ], [ -0.9950723, 37.6252322 ], [ -0.9950697, 37.6252247 ], [ -0.9950341, 37.6252337 ], [ -0.9949168, 37.6249363 ], [ -0.9949058, 37.6249081 ], [ -0.9948075, 37.6246549 ], [ -0.9947974, 37.6246213 ], [ -0.9947874, 37.6245885 ], [ -0.9947167, 37.624372 ], [ -0.9947095, 37.6243536 ], [ -0.9946992, 37.6243319 ], [ -0.9946924, 37.6243208 ], [ -0.9946704, 37.6242848 ], [ -0.9945611, 37.624001 ], [ -0.9945503, 37.6239714 ], [ -0.9945393, 37.6239417 ], [ -0.9944331, 37.6236702 ], [ -0.9944211, 37.6236344 ], [ -0.9944084, 37.6235963 ], [ -0.9943038, 37.6233266 ], [ -0.9943557, 37.6233141 ], [ -0.9949343, 37.6231741 ], [ -0.9948267, 37.6228748 ], [ -0.9948264, 37.6228742 ], [ -0.9944857, 37.6229567 ], [ -0.9921272, 37.6235281 ], [ -0.9921059, 37.6234726 ], [ -0.9905088, 37.6238595 ] ] ] } },
{ "type": "Feature", "properties": { "CCAA": "14 - Región de Murcia", "PROVINCIA": "30 - Murcia", "MUNICIPIO": "30016 - Cartagena", "COD_MUNICIPIO": "30016", "DISTRITO": "05", "SECCION": "3001605004", "V1_H": 79.63, "V1_M": 85.51, "V2_H": 79.79644461, "V2_M": 85.57767022, "V3_H": 79.53263393, "V3_M": 85.68344389000001 }, "geometry": { "type": "Polygon", "coordinates": [ [ [ -0.9270247, 37.6297523 ], [ -0.9269984, 37.6297969 ], [ -0.9268944, 37.630086 ], [ -0.9267589, 37.6304294 ], [ -0.9266239, 37.6307584 ], [ -0.9264051, 37.6312958 ], [ -0.9262946, 37.6316039 ], [ -0.9262889, 37.6318064 ], [ -0.9263224, 37.6318953 ], [ -0.9263529, 37.6319419 ], [ -0.9262139, 37.6321939 ], [ -0.9262123, 37.6321967 ], [ -0.9262127, 37.6321968 ], [ -0.9268413, 37.632397 ], [ -0.9271286, 37.6325598 ], [ -0.9272541, 37.6326296 ], [ -0.9274171, 37.6328577 ], [ -0.9280693, 37.6337716 ], [ -0.9286612, 37.6346009 ], [ -0.9286411, 37.6349159 ], [ -0.9285477, 37.6350651 ], [ -0.9285462, 37.6350675 ], [ -0.9265706, 37.6364296 ], [ -0.9255903, 37.6370432 ], [ -0.924405, 37.6372837 ], [ -0.9231086, 37.6382611 ], [ -0.9227436, 37.6383449 ], [ -0.9222113, 37.6383983 ], [ -0.9222094, 37.6383985 ], [ -0.9197369, 37.6384721 ], [ -0.9179329, 37.6389539 ], [ -0.9171365, 37.639066 ], [ -0.9162429, 37.6394107 ], [ -0.9148446, 37.6408964 ], [ -0.9148414, 37.6408999 ], [ -0.9138289, 37.6418463 ], [ -0.9130927, 37.6424888 ], [ -0.9128279, 37.6427198 ], [ -0.9112267, 37.6441162 ], [ -0.9106749, 37.6443948 ], [ -0.9106585, 37.6443967 ], [ -0.9094243, 37.6445349 ], [ -0.9083302, 37.6447498 ], [ -0.9079219, 37.6448904 ], [ -0.9069112, 37.6452383 ], [ -0.905918, 37.6454399 ], [ -0.9057593, 37.64581 ], [ -0.9056697, 37.6468049 ], [ -0.9057599, 37.6475181 ], [ -0.9057727, 37.6476192 ], [ -0.9061808, 37.6483232 ], [ -0.9072617, 37.649105 ], [ -0.9079937, 37.6504546 ], [ -0.9093863, 37.6522597 ], [ -0.9111918, 37.6537383 ], [ -0.910895, 37.6540319 ], [ -0.9103183, 37.6545394 ], [ -0.909612, 37.6555031 ], [ -0.9085499, 37.6563588 ], [ -0.9072898, 37.6571204 ], [ -0.9058097, 37.6584628 ], [ -0.9059175, 37.6586818 ], [ -0.9064116, 37.6593984 ], [ -0.9070201, 37.660128 ], [ -0.9075746, 37.6607538 ], [ -0.907622, 37.6615102 ], [ -0.9081064, 37.6625244 ], [ -0.9087716, 37.6637241 ], [ -0.909227, 37.6647493 ], [ -0.9099722, 37.6656983 ], [ -0.9105942, 37.6660159 ], [ -0.9113771, 37.6662441 ], [ -0.9125838, 37.6662489 ], [ -0.9135458, 37.6658269 ], [ -0.9148462, 37.6651574 ], [ -0.9153967, 37.6654626 ], [ -0.9161233, 37.6656556 ], [ -0.9167287, 37.665595 ], [ -0.9176928, 37.6655508 ], [ -0.9181074, 37.6656136 ], [ -0.9190447, 37.6659583 ], [ -0.9193831, 37.665711 ], [ -0.9205575, 37.6653833 ], [ -0.9211338, 37.6653338 ], [ -0.9218891, 37.6655271 ], [ -0.9228551, 37.6658722 ], [ -0.923701, 37.6663759 ], [ -0.9248198, 37.6668832 ], [ -0.9258425, 37.6672519 ], [ -0.926832, 37.667311 ], [ -0.9280525, 37.6673388 ], [ -0.9291503, 37.6671588 ], [ -0.93024, 37.6667841 ], [ -0.9311071, 37.6661774 ], [ -0.9320447, 37.666064 ], [ -0.9327345, 37.6660617 ], [ -0.9333877, 37.6658529 ], [ -0.9339772, 37.6653913 ], [ -0.9345213, 37.6645513 ], [ -0.9351443, 37.6639413 ], [ -0.9364647, 37.6630887 ], [ -0.9374092, 37.6627578 ], [ -0.9380812, 37.6628583 ], [ -0.9388546, 37.6629373 ], [ -0.940075, 37.662965 ], [ -0.9417144, 37.6629181 ], [ -0.9432268, 37.6628008 ], [ -0.9442659, 37.6626542 ], [ -0.9446646, 37.662316 ], [ -0.9457223, 37.6615858 ], [ -0.9463677, 37.6611707 ], [ -0.9472811, 37.6604614 ], [ -0.9477865, 37.6599299 ], [ -0.948927, 37.6593038 ], [ -0.9493569, 37.6588858 ], [ -0.9493013, 37.6579233 ], [ -0.9496033, 37.6570113 ], [ -0.9499968, 37.6568333 ], [ -0.951953, 37.6563095 ], [ -0.9533222, 37.6560607 ], [ -0.9530223, 37.6556595 ], [ -0.9523999, 37.654449 ], [ -0.9517708, 37.6539026 ], [ -0.9511751, 37.6532077 ], [ -0.9501361, 37.6524498 ], [ -0.9496922, 37.6519516 ], [ -0.9490549, 37.6512104 ], [ -0.948699, 37.650656 ], [ -0.9478136, 37.6500375 ], [ -0.9475008, 37.6494837 ], [ -0.9466328, 37.6487738 ], [ -0.9459452, 37.6482609 ], [ -0.9453913, 37.6476124 ], [ -0.9446391, 37.6468696 ], [ -0.944337, 37.6459839 ], [ -0.9438395, 37.645817 ], [ -0.9434126, 37.6452389 ], [ -0.9436673, 37.6449102 ], [ -0.9439167, 37.6442952 ], [ -0.943587, 37.6438214 ], [ -0.9430149, 37.6437451 ], [ -0.942371, 37.6436679 ], [ -0.9417465, 37.6434306 ], [ -0.9412478, 37.6428515 ], [ -0.9396782, 37.6420749 ], [ -0.9393372, 37.6415093 ], [ -0.9384414, 37.6412226 ], [ -0.937546, 37.6409245 ], [ -0.9369267, 37.6405269 ], [ -0.9358688, 37.6394709 ], [ -0.9352568, 37.6388444 ], [ -0.9346433, 37.6378172 ], [ -0.9344695, 37.6374141 ], [ -0.9339655, 37.6374532 ], [ -0.9329261, 37.636718 ], [ -0.9314712, 37.6359543 ], [ -0.9306234, 37.6355193 ], [ -0.9296538, 37.6348559 ], [ -0.931921, 37.6335673 ], [ -0.9336177, 37.6326052 ], [ -0.9352905, 37.6314939 ], [ -0.9374009, 37.6306175 ], [ -0.9387329, 37.6298337 ], [ -0.9388459, 37.6298925 ], [ -0.9395604, 37.630005 ], [ -0.941036, 37.6301162 ], [ -0.942783, 37.6302768 ], [ -0.9448866, 37.6300642 ], [ -0.9465553, 37.6295252 ], [ -0.9474664, 37.6297777 ], [ -0.9488391, 37.6299676 ], [ -0.9502354, 37.6303181 ], [ -0.9507153, 37.6301298 ], [ -0.9521459, 37.629851 ], [ -0.953205, 37.629968 ], [ -0.9545773, 37.6301692 ], [ -0.9555835, 37.6305947 ], [ -0.956394, 37.6313038 ], [ -0.9571709, 37.6317148 ], [ -0.9584662, 37.6329913 ], [ -0.9588611, 37.6327675 ], [ -0.959537, 37.632284 ], [ -0.9602441, 37.6316791 ], [ -0.9604467, 37.6318702 ], [ -0.9605055, 37.6318788 ], [ -0.9613457, 37.6320008 ], [ -0.9613898, 37.6320074 ], [ -0.9624008, 37.6321877 ], [ -0.9624439, 37.6321955 ], [ -0.9627951, 37.6306896 ], [ -0.9628292, 37.6305332 ], [ -0.9628483, 37.6303971 ], [ -0.962881, 37.6302204 ], [ -0.9629097, 37.6300708 ], [ -0.962993, 37.6295367 ], [ -0.9630606, 37.6292697 ], [ -0.9630622, 37.6292636 ], [ -0.9630981, 37.6291568 ], [ -0.9664587, 37.6286648 ], [ -0.9695161, 37.6282581 ], [ -0.9701437, 37.6288502 ], [ -0.9707995, 37.6280916 ], [ -0.9713494, 37.6270453 ], [ -0.9720267, 37.626058 ], [ -0.9727211, 37.6254372 ], [ -0.9736327, 37.6247621 ], [ -0.9737259, 37.6246585 ], [ -0.9744998, 37.6237982 ], [ -0.9741306, 37.6233027 ], [ -0.9740964, 37.6232567 ], [ -0.9740517, 37.6232037 ], [ -0.9731466, 37.6230566 ], [ -0.9719537, 37.6228263 ], [ -0.9713601, 37.6226063 ], [ -0.9701923, 37.6223382 ], [ -0.9701849, 37.6217276 ], [ -0.9702479, 37.6211755 ], [ -0.9703041, 37.6208713 ], [ -0.9702645, 37.6205654 ], [ -0.9702728, 37.6202603 ], [ -0.9700507, 37.619608 ], [ -0.9698735, 37.6190708 ], [ -0.9698808, 37.6188039 ], [ -0.9700965, 37.6188076 ], [ -0.9702705, 37.6185817 ], [ -0.9700822, 37.6175674 ], [ -0.9698054, 37.6162846 ], [ -0.9699679, 37.6156007 ], [ -0.9711947, 37.6131655 ], [ -0.9711718, 37.6131418 ], [ -0.9711284, 37.6130971 ], [ -0.9711126, 37.6130808 ], [ -0.9709993, 37.6129583 ], [ -0.9709813, 37.6129359 ], [ -0.9709312, 37.6128746 ], [ -0.9709178, 37.6128583 ], [ -0.9708758, 37.6128049 ], [ -0.9707689, 37.6126685 ], [ -0.9706772, 37.6125353 ], [ -0.9706238, 37.6124559 ], [ -0.9705226, 37.6122981 ], [ -0.9704211, 37.6121326 ], [ -0.9702976, 37.611884 ], [ -0.9702077, 37.6116867 ], [ -0.9700976, 37.6113844 ], [ -0.9700351, 37.6111415 ], [ -0.9699635, 37.6108601 ], [ -0.9699214, 37.6106543 ], [ -0.9698914, 37.6105017 ], [ -0.9698865, 37.6104537 ], [ -0.9698849, 37.6103645 ], [ -0.969875, 37.6102693 ], [ -0.9698611, 37.610136 ], [ -0.9698496, 37.6099148 ], [ -0.9698493, 37.6096874 ], [ -0.9698612, 37.6094896 ], [ -0.969878, 37.6092672 ], [ -0.9699177, 37.6090137 ], [ -0.9699436, 37.6089 ], [ -0.9699823, 37.6087485 ], [ -0.9700252, 37.6086208 ], [ -0.9700563, 37.6085226 ], [ -0.970126, 37.608286 ], [ -0.9701477, 37.6082227 ], [ -0.9701709, 37.6081607 ], [ -0.9702092, 37.6080706 ], [ -0.9702521, 37.6079656 ], [ -0.970298, 37.6078593 ], [ -0.9703284, 37.6077918 ], [ -0.9703617, 37.6077222 ], [ -0.9703892, 37.6076694 ], [ -0.9704331, 37.6075936 ], [ -0.9704389, 37.6075833 ], [ -0.9704394, 37.6075826 ], [ -0.9704394, 37.6075824 ], [ -0.9704476, 37.6075709 ], [ -0.9705759, 37.6073921 ], [ -0.970609, 37.6073786 ], [ -0.9706012, 37.6073687 ], [ -0.9705966, 37.6073629 ], [ -0.970596, 37.607362 ], [ -0.970438, 37.6071604 ], [ -0.9703639, 37.6064896 ], [ -0.9700275, 37.605651 ], [ -0.9700502, 37.6055697 ], [ -0.9701242, 37.6054894 ], [ -0.9704886, 37.6052997 ], [ -0.9707564, 37.6052635 ], [ -0.9710867, 37.6051956 ], [ -0.9714069, 37.6051195 ], [ -0.9716758, 37.6050425 ], [ -0.9718941, 37.6049401 ], [ -0.9719251, 37.6049325 ], [ -0.9721318, 37.6048789 ], [ -0.9724213, 37.6048022 ], [ -0.9725671, 37.604723 ], [ -0.9728166, 37.6046048 ], [ -0.9729524, 37.6045174 ], [ -0.9729847, 37.6044608 ], [ -0.973073, 37.6041569 ], [ -0.9730409, 37.6041601 ], [ -0.9724898, 37.6042158 ], [ -0.9720306, 37.6042539 ], [ -0.9716518, 37.6042905 ], [ -0.971336, 37.6043193 ], [ -0.9711287, 37.6043399 ], [ -0.9709415, 37.6043521 ], [ -0.9707801, 37.6043708 ], [ -0.9706506, 37.6043837 ], [ -0.9705187, 37.6044006 ], [ -0.9703978, 37.6044136 ], [ -0.970257, 37.6044372 ], [ -0.970075, 37.6044751 ], [ -0.9698963, 37.6045169 ], [ -0.9697312, 37.6045649 ], [ -0.9695987, 37.6046008 ], [ -0.9689821, 37.6047821 ], [ -0.9670432, 37.6053923 ], [ -0.9669964, 37.6054074 ], [ -0.9664828, 37.6055724 ], [ -0.9620286, 37.6070048 ], [ -0.9616838, 37.6071094 ], [ -0.9603502, 37.6069381 ], [ -0.9603501, 37.6069393 ], [ -0.957887, 37.6072553 ], [ -0.9551354, 37.6075512 ], [ -0.952908, 37.6080714 ], [ -0.9500942, 37.6085153 ], [ -0.9491125, 37.6086855 ], [ -0.9491438, 37.6104149 ], [ -0.948238, 37.6109067 ], [ -0.9466113, 37.6114921 ], [ -0.945576, 37.6119937 ], [ -0.9437663, 37.6124621 ], [ -0.9423658, 37.6127069 ], [ -0.9411834, 37.6128629 ], [ -0.9393571, 37.6129532 ], [ -0.9377941, 37.6128866 ], [ -0.9362548, 37.6129806 ], [ -0.9349712, 37.6131582 ], [ -0.9338419, 37.6134523 ], [ -0.9318566, 37.6140212 ], [ -0.9309915, 37.6143869 ], [ -0.9306485, 37.6145318 ], [ -0.9293117, 37.6150291 ], [ -0.9280152, 37.6156072 ], [ -0.9279743, 37.6156107 ], [ -0.9273241, 37.6156667 ], [ -0.9260747, 37.6156728 ], [ -0.9250824, 37.6158096 ], [ -0.9248632, 37.6158398 ], [ -0.9245467, 37.6158584 ], [ -0.9236295, 37.6192932 ], [ -0.9253962, 37.6216114 ], [ -0.9256985, 37.6221484 ], [ -0.9256988, 37.6221499 ], [ -0.9259625, 37.623658 ], [ -0.9262399, 37.6242757 ], [ -0.9263831, 37.62451 ], [ -0.9263899, 37.6245212 ], [ -0.9263902, 37.6245217 ], [ -0.9264435, 37.6246089 ], [ -0.9265374, 37.6249151 ], [ -0.926573, 37.6251446 ], [ -0.9265739, 37.6253306 ], [ -0.9265712, 37.6256405 ], [ -0.9265825, 37.6258839 ], [ -0.9265501, 37.6261838 ], [ -0.9265526, 37.6265272 ], [ -0.92654, 37.6267654 ], [ -0.9265423, 37.626796 ], [ -0.9265511, 37.6267966 ], [ -0.9265475, 37.627035 ], [ -0.9265451, 37.6272281 ], [ -0.9265411, 37.6274808 ], [ -0.9266101, 37.6278015 ], [ -0.9268731, 37.6285882 ], [ -0.9270357, 37.6289917 ], [ -0.9270766, 37.6291402 ], [ -0.9270932, 37.6292979 ], [ -0.9271019, 37.6295245 ], [ -0.9270615, 37.6296836 ], [ -0.9270266, 37.6297521 ], [ -0.9270247, 37.6297523 ] ] ] } },
{ "type": "Feature", "properties": { "CCAA": "14 - Región de Murcia", "PROVINCIA": "30 - Murcia", "MUNICIPIO": "30016 - Cartagena", "COD_MUNICIPIO": "30016", "DISTRITO": "05", "SECCION": "3001605011", "V1_H": 79.83, "V1_M": 85.66, "V2_H": 79.86201885, "V2_M": 85.75249, "V3_H": 79.86616026, "V3_M": 85.80070523000001 }, "geometry": { "type": "Polygon", "coordinates": [ [ [ -0.9104392, 37.621908 ], [ -0.911403, 37.6218443 ], [ -0.9121616, 37.6216571 ], [ -0.9155385, 37.6208247 ], [ -0.9199744, 37.6194405 ], [ -0.9200759, 37.6194089 ], [ -0.9208793, 37.6191414 ], [ -0.9229805, 37.6184417 ], [ -0.9236295, 37.6192932 ], [ -0.9245467, 37.6158584 ], [ -0.9248632, 37.6158398 ], [ -0.9250824, 37.6158096 ], [ -0.9240055, 37.6150417 ], [ -0.9233492, 37.6144961 ], [ -0.9199061, 37.6106966 ], [ -0.9197399, 37.6097781 ], [ -0.9198987, 37.5971911 ], [ -0.9190186, 37.5909189 ], [ -0.9193165, 37.587109 ], [ -0.920445, 37.5844584 ], [ -0.9160707, 37.5831604 ], [ -0.9105532, 37.5781795 ], [ -0.9098059, 37.5740459 ], [ -0.9061136, 37.5758117 ], [ -0.9051639, 37.5754897 ], [ -0.9038776, 37.5769166 ], [ -0.8995292, 37.5781364 ], [ -0.8988477, 37.5785057 ], [ -0.8932685, 37.5791693 ], [ -0.8720108, 37.5875223 ], [ -0.8720325, 37.5895875 ], [ -0.8720436, 37.590615 ], [ -0.8723868, 37.5952623 ], [ -0.8753686, 37.5947574 ], [ -0.8762904, 37.5946027 ], [ -0.8767754, 37.5944428 ], [ -0.8774566, 37.5942182 ], [ -0.8779502, 37.5939837 ], [ -0.8781653, 37.5939876 ], [ -0.8784558, 37.594128 ], [ -0.878456, 37.59413 ], [ -0.8785305, 37.5946881 ], [ -0.8786543, 37.5951139 ], [ -0.8788818, 37.5954785 ], [ -0.878959, 37.5955514 ], [ -0.8792127, 37.5957908 ], [ -0.8792408, 37.596323 ], [ -0.8792421, 37.5963501 ], [ -0.8792464, 37.5963543 ], [ -0.879435, 37.5965383 ], [ -0.8801018, 37.5971856 ], [ -0.8802469, 37.5972603 ], [ -0.8804298, 37.5971916 ], [ -0.8804301, 37.5971915 ], [ -0.881432, 37.5962092 ], [ -0.8817068, 37.596106 ], [ -0.8820459, 37.5961121 ], [ -0.8820464, 37.5961121 ], [ -0.8820639, 37.5961238 ], [ -0.8823243, 37.5962973 ], [ -0.8823897, 37.5963566 ], [ -0.8838095, 37.5976442 ], [ -0.8841904, 37.597989 ], [ -0.8843914, 37.5980917 ], [ -0.8850215, 37.5982382 ], [ -0.8850233, 37.5982389 ], [ -0.8855591, 37.5984551 ], [ -0.8859698, 37.5987509 ], [ -0.8863548, 37.5991543 ], [ -0.8863982, 37.5992153 ], [ -0.8866271, 37.5995377 ], [ -0.8868487, 37.5997129 ], [ -0.8874009, 37.5999275 ], [ -0.888137, 37.6002136 ], [ -0.88822, 37.6002601 ], [ -0.8887951, 37.6005768 ], [ -0.8890471, 37.6008787 ], [ -0.8891223, 37.6010716 ], [ -0.8891632, 37.6011782 ], [ -0.8891634, 37.6011814 ], [ -0.8892045, 37.6017197 ], [ -0.8890899, 37.6021682 ], [ -0.8891625, 37.6024038 ], [ -0.8895445, 37.6029153 ], [ -0.8895565, 37.6029536 ], [ -0.8895896, 37.6030595 ], [ -0.889638, 37.6032144 ], [ -0.889647, 37.603362 ], [ -0.8896845, 37.6039722 ], [ -0.8899144, 37.6050577 ], [ -0.8900521, 37.6061957 ], [ -0.8902328, 37.6066135 ], [ -0.8904391, 37.6069326 ], [ -0.8913523, 37.6078862 ], [ -0.8940943, 37.6099242 ], [ -0.8948807, 37.6105086 ], [ -0.8951763, 37.6108096 ], [ -0.8951779, 37.6108113 ], [ -0.8955704, 37.6113913 ], [ -0.8955946, 37.611427 ], [ -0.8956972, 37.6115778 ], [ -0.8956934, 37.6115932 ], [ -0.8957877, 37.6119716 ], [ -0.8958555, 37.6123281 ], [ -0.8959276, 37.6126441 ], [ -0.8959283, 37.6126502 ], [ -0.8959373, 37.6127229 ], [ -0.8959619, 37.6128068 ], [ -0.8960165, 37.6128913 ], [ -0.896039, 37.6129441 ], [ -0.8960481, 37.6130468 ], [ -0.8960351, 37.6130823 ], [ -0.8960811, 37.6131358 ], [ -0.8960842, 37.6131207 ], [ -0.896291, 37.6133611 ], [ -0.8967765, 37.6138967 ], [ -0.897035, 37.6141899 ], [ -0.8978239, 37.6148072 ], [ -0.8984282, 37.6152757 ], [ -0.8986963, 37.6155476 ], [ -0.8987779, 37.6156325 ], [ -0.8992841, 37.6159634 ], [ -0.8994022, 37.6160432 ], [ -0.8998528, 37.6165812 ], [ -0.9000321, 37.617053 ], [ -0.9000321, 37.6170531 ], [ -0.9000041, 37.6188549 ], [ -0.900114, 37.6213891 ], [ -0.9018297, 37.6232311 ], [ -0.9025257, 37.6240939 ], [ -0.90253, 37.6240992 ], [ -0.9025304, 37.6240997 ], [ -0.9025325, 37.6240992 ], [ -0.9040578, 37.6237754 ], [ -0.9040888, 37.623767 ], [ -0.9041012, 37.6237636 ], [ -0.9042325, 37.6236649 ], [ -0.9043188, 37.6235829 ], [ -0.9044175, 37.6234822 ], [ -0.9045205, 37.6233362 ], [ -0.9045373, 37.6232721 ], [ -0.9045685, 37.6232297 ], [ -0.9047257, 37.6230751 ], [ -0.9048855, 37.6229349 ], [ -0.9050324, 37.6228278 ], [ -0.9051645, 37.6227157 ], [ -0.9052993, 37.6226132 ], [ -0.9055651, 37.6224343 ], [ -0.9063101, 37.6220589 ], [ -0.9064681, 37.621983 ], [ -0.9066566, 37.6218886 ], [ -0.9068321, 37.6218297 ], [ -0.9069589, 37.6217986 ], [ -0.9071152, 37.6217823 ], [ -0.9072612, 37.6217086 ], [ -0.9075088, 37.6216462 ], [ -0.9077028, 37.6215686 ], [ -0.9078911, 37.6214813 ], [ -0.9080673, 37.6213986 ], [ -0.9081841, 37.6212957 ], [ -0.9082705, 37.6212067 ], [ -0.9083573, 37.6211033 ], [ -0.9084792, 37.6210339 ], [ -0.9085997, 37.6210122 ], [ -0.9087253, 37.621024 ], [ -0.9088249, 37.6211068 ], [ -0.9089423, 37.6211947 ], [ -0.90903, 37.6212774 ], [ -0.9092362, 37.621405 ], [ -0.9094252, 37.6215085 ], [ -0.9096321, 37.6216123 ], [ -0.9098986, 37.6217315 ], [ -0.9101473, 37.6218408 ], [ -0.9103259, 37.6218869 ], [ -0.9104392, 37.621908 ] ], [ [ -0.9170992, 37.6077698 ], [ -0.9166192, 37.6079562 ], [ -0.9165005, 37.6078201 ], [ -0.9163509, 37.6076956 ], [ -0.9161859, 37.6075709 ], [ -0.9159903, 37.6074456 ], [ -0.9158087, 37.6073693 ], [ -0.9155831, 37.6072191 ], [ -0.9154331, 37.6071068 ], [ -0.9153923, 37.6070627 ], [ -0.9152269, 37.6070914 ], [ -0.9150501, 37.6071199 ], [ -0.9145655, 37.6071926 ], [ -0.9142747, 37.6072371 ], [ -0.9139041, 37.6072938 ], [ -0.9139548, 37.607105 ], [ -0.9140249, 37.6068307 ], [ -0.914088, 37.606606 ], [ -0.9141196, 37.6064892 ], [ -0.9141435, 37.6062457 ], [ -0.9141432, 37.6058482 ], [ -0.9140449, 37.6053045 ], [ -0.9140222, 37.6051009 ], [ -0.9139147, 37.6050854 ], [ -0.913881, 37.6046693 ], [ -0.9138127, 37.6042662 ], [ -0.9137912, 37.6040219 ], [ -0.9136384, 37.6040056 ], [ -0.9134196, 37.6039114 ], [ -0.9132392, 37.6038676 ], [ -0.913569, 37.6026269 ], [ -0.9137267, 37.6018619 ], [ -0.913746, 37.6017809 ], [ -0.9121323, 37.6017457 ], [ -0.9121928, 37.6004292 ], [ -0.9134232, 37.6005603 ], [ -0.9157773, 37.6005692 ], [ -0.9192403, 37.600467 ], [ -0.9191209, 37.6041866 ], [ -0.9191072, 37.6072198 ], [ -0.9186884, 37.607347 ], [ -0.9171281, 37.6078312 ], [ -0.9170992, 37.6077698 ] ] ] } },
{ "type": "Feature", "properties": { "CCAA": "14 - Región de Murcia", "PROVINCIA": "30 - Murcia", "MUNICIPIO": "30016 - Cartagena", "COD_MUNICIPIO": "30016", "DISTRITO": "10", "SECCION": "3001610001", "V1_H": 80.27, "V1_M": 86.36, "V2_H": 80.04050342, "V2_M": 86.25745667, "V3_H": 80.55487256000001, "V3_M": 86.64917866 }, "geometry": { "type": "Polygon", "coordinates": [ [ [ -1.0420848, 37.6231945 ], [ -1.0429732, 37.6237902 ], [ -1.0423673, 37.6231966 ], [ -1.0448996, 37.6220944 ], [ -1.0476422, 37.6211551 ], [ -1.0506309, 37.62015 ], [ -1.0524366, 37.6193249 ], [ -1.0540932, 37.6177308 ], [ -1.0546898, 37.6165245 ], [ -1.0565978, 37.6151624 ], [ -1.0582235, 37.6136366 ], [ -1.0595317, 37.6126336 ], [ -1.0610071, 37.6113234 ], [ -1.062337, 37.6100802 ], [ -1.0638051, 37.6090104 ], [ -1.0644866, 37.6083382 ], [ -1.0599503, 37.6101883 ], [ -1.0587301, 37.6106543 ], [ -1.0567093, 37.6110073 ], [ -1.0550084, 37.6112269 ], [ -1.0524904, 37.611402 ], [ -1.0501704, 37.6112016 ], [ -1.0493302, 37.6111785 ], [ -1.0493018, 37.6113492 ], [ -1.0492121, 37.6113453 ], [ -1.0490991, 37.6113434 ], [ -1.0487331, 37.6113407 ], [ -1.0485889, 37.6113425 ], [ -1.0485026, 37.6113436 ], [ -1.0482582, 37.6113528 ], [ -1.04805, 37.6113659 ], [ -1.0478687, 37.6113895 ], [ -1.0478126, 37.6113915 ], [ -1.0477466, 37.611394 ], [ -1.0475359, 37.6114225 ], [ -1.0474835, 37.6114295 ], [ -1.047256, 37.611463 ], [ -1.0469981, 37.611501 ], [ -1.0468664, 37.6115223 ], [ -1.0466078, 37.6115642 ], [ -1.04632, 37.6116111 ], [ -1.0461448, 37.6116395 ], [ -1.0457227, 37.6117122 ], [ -1.0451962, 37.6117964 ], [ -1.0451403, 37.6118043 ], [ -1.0451191, 37.6118073 ], [ -1.044965, 37.6118291 ], [ -1.044865, 37.6118505 ], [ -1.0447788, 37.6118656 ], [ -1.0446109, 37.6118927 ], [ -1.0444885, 37.6119005 ], [ -1.0444519, 37.6118944 ], [ -1.0443987, 37.6118858 ], [ -1.0441109, 37.6118313 ], [ -1.0440212, 37.6118032 ], [ -1.0438357, 37.6118068 ], [ -1.0437222, 37.6118273 ], [ -1.0437177, 37.6118281 ], [ -1.0436492, 37.6118444 ], [ -1.0435494, 37.6118684 ], [ -1.043181, 37.6119617 ], [ -1.0430171, 37.6120055 ], [ -1.0429644, 37.6120133 ], [ -1.0429173, 37.6120204 ], [ -1.0429136, 37.6120202 ], [ -1.0427729, 37.6120147 ], [ -1.042706, 37.612006 ], [ -1.0426903, 37.6120039 ], [ -1.0427358, 37.6120839 ], [ -1.0434896, 37.6130129 ], [ -1.0430861, 37.6134178 ], [ -1.0430002, 37.6135041 ], [ -1.0428813, 37.6135917 ], [ -1.0429688, 37.6138576 ], [ -1.0430588, 37.6141311 ], [ -1.0432435, 37.6147606 ], [ -1.0431873, 37.6147447 ], [ -1.0429931, 37.6148045 ], [ -1.0428212, 37.6148768 ], [ -1.0426654, 37.6149103 ], [ -1.0423362, 37.6149319 ], [ -1.0422156, 37.6149239 ], [ -1.0420947, 37.6150661 ], [ -1.041559, 37.6151864 ], [ -1.0412634, 37.6152528 ], [ -1.0409842, 37.6153511 ], [ -1.0406996, 37.6155477 ], [ -1.0404312, 37.6152668 ], [ -1.0403009, 37.6151925 ], [ -1.0402097, 37.6150708 ], [ -1.0401531, 37.6149227 ], [ -1.0401392, 37.6145889 ], [ -1.0400595, 37.6143171 ], [ -1.0397062, 37.6138154 ], [ -1.0394156, 37.6133779 ], [ -1.0391635, 37.6130522 ], [ -1.0388143, 37.612827 ], [ -1.0382617, 37.6124392 ], [ -1.0382122, 37.6124838 ], [ -1.0378757, 37.6121804 ], [ -1.0377555, 37.6121544 ], [ -1.03765, 37.6122878 ], [ -1.0374962, 37.6123874 ], [ -1.0377958, 37.6130176 ], [ -1.0378203, 37.6140942 ], [ -1.0386129, 37.61494 ], [ -1.0388463, 37.6153218 ], [ -1.038817, 37.6153328 ], [ -1.0392903, 37.616261 ], [ -1.0382787, 37.6177965 ], [ -1.0373565, 37.6185514 ], [ -1.0366107, 37.6195571 ], [ -1.0365671, 37.6197304 ], [ -1.0366187, 37.6201629 ], [ -1.0367733, 37.6204397 ], [ -1.0369393, 37.620626 ], [ -1.0370909, 37.6207859 ], [ -1.0371379, 37.6208249 ], [ -1.0372558, 37.6211297 ], [ -1.0373431, 37.6214578 ], [ -1.0374023, 37.6217115 ], [ -1.0375161, 37.6219447 ], [ -1.0376159, 37.6220251 ], [ -1.0379332, 37.6221567 ], [ -1.0382718, 37.6222768 ], [ -1.0391922, 37.6227332 ], [ -1.0400147, 37.6231475 ], [ -1.0405114, 37.6234109 ], [ -1.0405142, 37.6234181 ], [ -1.041152, 37.6233309 ], [ -1.0413891, 37.6233205 ], [ -1.0416209, 37.6232862 ], [ -1.041913, 37.6232339 ], [ -1.042064, 37.6231934 ], [ -1.0420848, 37.6231945 ] ] ] } },
{ "type": "Feature", "properties": { "CCAA": "14 - Región de Murcia", "PROVINCIA": "30 - Murcia", "MUNICIPIO": "30016 - Cartagena", "COD_MUNICIPIO": "30016", "DISTRITO": "10", "SECCION": "3001610031", "V1_H": 81.72, "V1_M": 86.96, "V2_H": 81.44760383000001, "V2_M": 86.83587728000001, "V3_H": 82.03657934, "V3_M": 87.26058658 }, "geometry": { "type": "Polygon", "coordinates": [ [ [ -1.0388463, 37.6153218 ], [ -1.0386129, 37.61494 ], [ -1.0378203, 37.6140942 ], [ -1.0377958, 37.6130176 ], [ -1.0374962, 37.6123874 ], [ -1.0374648, 37.6124132 ], [ -1.0372788, 37.6119922 ], [ -1.0373236, 37.6119047 ], [ -1.0373622, 37.6118433 ], [ -1.0374909, 37.6116434 ], [ -1.0375081, 37.6115993 ], [ -1.0375714, 37.6114124 ], [ -1.0375285, 37.6113736 ], [ -1.0377444, 37.6108056 ], [ -1.0372633, 37.6108256 ], [ -1.0372444, 37.610832 ], [ -1.0372146, 37.6108417 ], [ -1.0371835, 37.6108527 ], [ -1.0371501, 37.6108632 ], [ -1.0371208, 37.610872 ], [ -1.0371013, 37.6108766 ], [ -1.03708, 37.6108803 ], [ -1.0370575, 37.610883 ], [ -1.0370282, 37.610889 ], [ -1.0369982, 37.6108922 ], [ -1.0369724, 37.6108964 ], [ -1.0369494, 37.6109005 ], [ -1.0369154, 37.6109055 ], [ -1.0368746, 37.6109083 ], [ -1.0368367, 37.6109101 ], [ -1.0368085, 37.6109106 ], [ -1.0367648, 37.6109124 ], [ -1.0367479, 37.6109129 ], [ -1.0365806, 37.6108035 ], [ -1.0365496, 37.6107852 ], [ -1.0365093, 37.6107619 ], [ -1.0364771, 37.6107458 ], [ -1.0364455, 37.6107307 ], [ -1.0364069, 37.6107152 ], [ -1.0363719, 37.6106986 ], [ -1.0363471, 37.610684 ], [ -1.0363022, 37.6106684 ], [ -1.0362613, 37.6106584 ], [ -1.0362407, 37.6106511 ], [ -1.0361946, 37.6106543 ], [ -1.0361187, 37.6106589 ], [ -1.0360814, 37.610669 ], [ -1.0360525, 37.6106764 ], [ -1.0360267, 37.6106846 ], [ -1.0359963, 37.6106965 ], [ -1.0359692, 37.6107076 ], [ -1.0359225, 37.6107213 ], [ -1.035865, 37.6107369 ], [ -1.0358145, 37.6107457 ], [ -1.0357644, 37.6107585 ], [ -1.0357046, 37.61077 ], [ -1.035639, 37.6107811 ], [ -1.0355568, 37.6107948 ], [ -1.0354751, 37.6108123 ], [ -1.035409, 37.6108228 ], [ -1.0353423, 37.6108302 ], [ -1.0352773, 37.610838 ], [ -1.0352175, 37.6108458 ], [ -1.0351398, 37.6108532 ], [ -1.0350708, 37.6108633 ], [ -1.0350166, 37.6108706 ], [ -1.0349465, 37.6108826 ], [ -1.0349242, 37.6108904 ], [ -1.0348855, 37.6109023 ], [ -1.0348544, 37.6109129 ], [ -1.0348188, 37.6109235 ], [ -1.0347728, 37.6109381 ], [ -1.0347371, 37.6109533 ], [ -1.0347061, 37.6109665 ], [ -1.0346612, 37.61099 ], [ -1.0346164, 37.6110143 ], [ -1.0345732, 37.6110322 ], [ -1.0345272, 37.6110528 ], [ -1.034495, 37.6110675 ], [ -1.0344463, 37.611081 ], [ -1.0343855, 37.6110944 ], [ -1.0343358, 37.6111065 ], [ -1.0343094, 37.6111077 ], [ -1.0342787, 37.6111063 ], [ -1.034248, 37.6111042 ], [ -1.0342153, 37.6110988 ], [ -1.0341933, 37.611096 ], [ -1.0341507, 37.6110897 ], [ -1.0341188, 37.6110819 ], [ -1.0340878, 37.611074 ], [ -1.0340198, 37.6110599 ], [ -1.033952, 37.6110517 ], [ -1.0339002, 37.6110425 ], [ -1.0338497, 37.6110352 ], [ -1.0338002, 37.6110293 ], [ -1.0337565, 37.6110247 ], [ -1.0337213, 37.6110206 ], [ -1.0336782, 37.6110151 ], [ -1.0336299, 37.6110106 ], [ -1.0335856, 37.6110148 ], [ -1.03355, 37.6110107 ], [ -1.0335189, 37.6110129 ], [ -1.0334861, 37.6110203 ], [ -1.0334476, 37.6110267 ], [ -1.0334142, 37.6110295 ], [ -1.0333727, 37.6110355 ], [ -1.0333228, 37.6110437 ], [ -1.0332825, 37.6110493 ], [ -1.0332284, 37.6110561 ], [ -1.0331812, 37.6110552 ], [ -1.0331363, 37.6110553 ], [ -1.0331104, 37.6110539 ], [ -1.033107, 37.6110538 ], [ -1.0330811, 37.6110535 ], [ -1.0330809, 37.6110515 ], [ -1.0328633, 37.6113331 ], [ -1.0325904, 37.6113467 ], [ -1.0320561, 37.6113637 ], [ -1.0314468, 37.6113979 ], [ -1.0310183, 37.6114135 ], [ -1.0309929, 37.6111216 ], [ -1.0307732, 37.6111254 ], [ -1.0307242, 37.6111469 ], [ -1.0306759, 37.6111735 ], [ -1.0306184, 37.6112024 ], [ -1.0305695, 37.6112285 ], [ -1.0305074, 37.6112529 ], [ -1.0304643, 37.6112657 ], [ -1.0303497, 37.6112996 ], [ -1.0302646, 37.611279 ], [ -1.0301508, 37.611258 ], [ -1.0300708, 37.6112506 ], [ -1.0299943, 37.6112333 ], [ -1.0298845, 37.6112259 ], [ -1.0295039, 37.6111001 ], [ -1.029492, 37.6110317 ], [ -1.0290833, 37.6108467 ], [ -1.029122, 37.6108208 ], [ -1.0290993, 37.6107992 ], [ -1.0289391, 37.6106471 ], [ -1.0288418, 37.6105675 ], [ -1.0287381, 37.6104855 ], [ -1.0286805, 37.6104483 ], [ -1.0286282, 37.6104231 ], [ -1.0285623, 37.6104141 ], [ -1.0284652, 37.6104086 ], [ -1.0283769, 37.6103966 ], [ -1.0282784, 37.6103765 ], [ -1.0282168, 37.6103983 ], [ -1.0281638, 37.6104252 ], [ -1.0281082, 37.6104366 ], [ -1.0280391, 37.610456 ], [ -1.0279906, 37.6104835 ], [ -1.0279233, 37.6105483 ], [ -1.0278449, 37.6106367 ], [ -1.0277958, 37.6106839 ], [ -1.0277283, 37.6107715 ], [ -1.027559, 37.6109833 ], [ -1.0275203, 37.6110307 ], [ -1.0274797, 37.6110849 ], [ -1.0274263, 37.6111444 ], [ -1.0273604, 37.6111954 ], [ -1.0272853, 37.6112453 ], [ -1.027208, 37.6112958 ], [ -1.0270685, 37.6113876 ], [ -1.0269994, 37.6114293 ], [ -1.0269266, 37.6114817 ], [ -1.0268701, 37.6115086 ], [ -1.0268105, 37.6115359 ], [ -1.0267597, 37.6115657 ], [ -1.0267003, 37.6115921 ], [ -1.0266367, 37.6116033 ], [ -1.026569, 37.6116136 ], [ -1.0265067, 37.6116212 ], [ -1.0263953, 37.611631 ], [ -1.0262451, 37.6115271 ], [ -1.0261403, 37.6114501 ], [ -1.0260417, 37.6113902 ], [ -1.0259381, 37.6113279 ], [ -1.0258821, 37.6112939 ], [ -1.0257907, 37.6112689 ], [ -1.0257129, 37.6112506 ], [ -1.0256334, 37.6112322 ], [ -1.0255715, 37.6112247 ], [ -1.0255092, 37.6112299 ], [ -1.0254432, 37.6112452 ], [ -1.0253884, 37.6112671 ], [ -1.0253522, 37.611289 ], [ -1.0253239, 37.6113141 ], [ -1.0253048, 37.6113366 ], [ -1.0251361, 37.6115043 ], [ -1.025035, 37.6116048 ], [ -1.0248504, 37.6117861 ], [ -1.0246763, 37.6119661 ], [ -1.0245344, 37.6121028 ], [ -1.0244177, 37.6122202 ], [ -1.0243475, 37.6122844 ], [ -1.0238822, 37.6124826 ], [ -1.0231303, 37.6124316 ], [ -1.0222856, 37.6124873 ], [ -1.0218578, 37.6125394 ], [ -1.0199285, 37.6127722 ], [ -1.0199755, 37.6128022 ], [ -1.0203417, 37.6130361 ], [ -1.0205102, 37.613095 ], [ -1.0206965, 37.6131475 ], [ -1.0208878, 37.613187 ], [ -1.0210297, 37.613229 ], [ -1.0211355, 37.6132868 ], [ -1.0214543, 37.6134959 ], [ -1.0215327, 37.6135531 ], [ -1.0216428, 37.6136289 ], [ -1.0216641, 37.6136527 ], [ -1.022287, 37.6143424 ], [ -1.0229373, 37.6149597 ], [ -1.0229005, 37.614983 ], [ -1.0229841, 37.6150534 ], [ -1.0230111, 37.6150761 ], [ -1.0231683, 37.6152088 ], [ -1.0233258, 37.6153078 ], [ -1.023801, 37.6155436 ], [ -1.0238141, 37.6155328 ], [ -1.0238338, 37.6155165 ], [ -1.0239752, 37.6153996 ], [ -1.02401, 37.6153708 ], [ -1.0240196, 37.6153628 ], [ -1.0242266, 37.6151916 ], [ -1.0241522, 37.6150906 ], [ -1.0241409, 37.6148221 ], [ -1.0241661, 37.6145879 ], [ -1.02421, 37.6145557 ], [ -1.0242904, 37.6144969 ], [ -1.0243175, 37.6144772 ], [ -1.0244152, 37.6144059 ], [ -1.0247348, 37.6141721 ], [ -1.0248645, 37.6141007 ], [ -1.0250256, 37.6140931 ], [ -1.0251788, 37.6140128 ], [ -1.025168, 37.6139669 ], [ -1.0251585, 37.6139273 ], [ -1.0252216, 37.6139281 ], [ -1.0259637, 37.6139379 ], [ -1.0267875, 37.6139487 ], [ -1.026855, 37.6140169 ], [ -1.0270397, 37.6145884 ], [ -1.0270352, 37.6146784 ], [ -1.0273703, 37.6149858 ], [ -1.0276392, 37.6155505 ], [ -1.0276821, 37.6156407 ], [ -1.0276894, 37.6156521 ], [ -1.0278645, 37.615928 ], [ -1.0283028, 37.6166099 ], [ -1.0283354, 37.6170478 ], [ -1.0283363, 37.6170486 ], [ -1.0287616, 37.6175001 ], [ -1.0288174, 37.6176054 ], [ -1.0289125, 37.6177854 ], [ -1.0293414, 37.6177768 ], [ -1.0293642, 37.617691 ], [ -1.0295837, 37.6177241 ], [ -1.0297115, 37.6177782 ], [ -1.0298625, 37.6178349 ], [ -1.0299495, 37.6178906 ], [ -1.0303792, 37.6181659 ], [ -1.030404, 37.6181699 ], [ -1.0310221, 37.6181625 ], [ -1.0308631, 37.6183278 ], [ -1.0295968, 37.6196461 ], [ -1.0291118, 37.6210984 ], [ -1.0302708, 37.6205496 ], [ -1.0314521, 37.6204269 ], [ -1.0323711, 37.620427 ], [ -1.0328628, 37.6206893 ], [ -1.0329646, 37.6207436 ], [ -1.0337096, 37.6212681 ], [ -1.0348047, 37.6216139 ], [ -1.0360067, 37.6222243 ], [ -1.0369328, 37.6229343 ], [ -1.0374278, 37.6236504 ], [ -1.0383921, 37.6240517 ], [ -1.0392026, 37.6243137 ], [ -1.0403882, 37.6245231 ], [ -1.0415685, 37.6249042 ], [ -1.0432733, 37.6255093 ], [ -1.0448109, 37.6258154 ], [ -1.0445734, 37.6257315 ], [ -1.0445385, 37.6256824 ], [ -1.0441052, 37.6250731 ], [ -1.0433852, 37.6241939 ], [ -1.0429732, 37.6237902 ], [ -1.0420848, 37.6231945 ], [ -1.042064, 37.6231934 ], [ -1.041913, 37.6232339 ], [ -1.0416209, 37.6232862 ], [ -1.0413891, 37.6233205 ], [ -1.041152, 37.6233309 ], [ -1.0405142, 37.6234181 ], [ -1.0405114, 37.6234109 ], [ -1.0400147, 37.6231475 ], [ -1.0391922, 37.6227332 ], [ -1.0382718, 37.6222768 ], [ -1.0379332, 37.6221567 ], [ -1.0376159, 37.6220251 ], [ -1.0375161, 37.6219447 ], [ -1.0374023, 37.6217115 ], [ -1.0373431, 37.6214578 ], [ -1.0372558, 37.6211297 ], [ -1.0371379, 37.6208249 ], [ -1.0370909, 37.6207859 ], [ -1.0369393, 37.620626 ], [ -1.0367733, 37.6204397 ], [ -1.0366187, 37.6201629 ], [ -1.0365671, 37.6197304 ], [ -1.0366107, 37.6195571 ], [ -1.0373565, 37.6185514 ], [ -1.0382787, 37.6177965 ], [ -1.0392903, 37.616261 ], [ -1.038817, 37.6153328 ], [ -1.0388463, 37.6153218 ] ] ] } },
{ "type": "Feature", "properties": { "CCAA": "14 - Región de Murcia", "PROVINCIA": "30 - Murcia", "MUNICIPIO": "30016 - Cartagena", "COD_MUNICIPIO": "30016", "DISTRITO": "08", "SECCION": "3001608017", "V1_H": 79.35, "V1_M": 85.2, "V2_H": 79.29922448000001, "V2_M": 85.22530012, "V3_H": 79.59037894, "V3_M": 85.4114479 }, "geometry": { "type": "Polygon", "coordinates": [ [ [ -1.0040374, 37.6201385 ], [ -1.0026229, 37.6204686 ], [ -1.0024532, 37.6205092 ], [ -1.0020296, 37.6206106 ], [ -1.0016258, 37.6207073 ], [ -1.0012761, 37.6207911 ], [ -1.0011832, 37.6208255 ], [ -1.0011757, 37.6208282 ], [ -1.0007397, 37.6209375 ], [ -1.0007346, 37.6209388 ], [ -1.0003306, 37.6210401 ], [ -0.9999113, 37.6211452 ], [ -0.9997317, 37.6211903 ], [ -0.999512, 37.6212439 ], [ -0.9992749, 37.6213017 ], [ -0.9987444, 37.6214352 ], [ -0.9986762, 37.6214524 ], [ -0.9986771, 37.6214538 ], [ -0.9987206, 37.621527 ], [ -0.9988111, 37.621704 ], [ -0.9991153, 37.6222995 ], [ -0.999165, 37.6223645 ], [ -0.9992106, 37.6224743 ], [ -0.9992369, 37.6225624 ], [ -0.9994966, 37.6225668 ], [ -0.9995216, 37.6225637 ], [ -0.9995872, 37.6225466 ], [ -0.9997681, 37.6225042 ], [ -0.9999686, 37.6224561 ], [ -1.0000427, 37.6224383 ], [ -1.0003802, 37.6223554 ], [ -1.0005117, 37.6223231 ], [ -1.0007955, 37.6222563 ], [ -1.0012017, 37.6221607 ], [ -1.0012921, 37.6221394 ], [ -1.0013941, 37.6221154 ], [ -1.0014444, 37.6221036 ], [ -1.0015465, 37.6220796 ], [ -1.0016439, 37.6220566 ], [ -1.0020793, 37.6219491 ], [ -1.0024992, 37.6218455 ], [ -1.0028004, 37.6217712 ], [ -1.0029347, 37.6217381 ], [ -1.0039237, 37.6214939 ], [ -1.0040028, 37.6214743 ], [ -1.0043404, 37.621391 ], [ -1.0044046, 37.6213751 ], [ -1.0046545, 37.6213134 ], [ -1.0045309, 37.6209968 ], [ -1.0045164, 37.6209596 ], [ -1.0044031, 37.6206697 ], [ -1.0041861, 37.6201038 ], [ -1.0040374, 37.6201385 ] ] ] } }
]
}
