{
"type": "FeatureCollection",
"name": "35027",
"features": [
{ "type": "Feature", "properties": { "CCAA": "05 - Canarias", "PROVINCIA": "35 - Palmas, Las", "MUNICIPIO": "35027 - Teror", "COD_MUNICIPIO": "35027", "DISTRITO": "01", "SECCION": "3502701002", "V1_H": 80.21, "V1_M": 86.17, "V2_H": 80.05188782, "V2_M": 86.17746221, "V3_H": 80.45086201, "V3_M": 86.3559927 }, "geometry": { "type": "Polygon", "coordinates": [ [ [ -15.5345759, 28.0600886 ], [ -15.5345515, 28.060109 ], [ -15.5345207, 28.0601813 ], [ -15.5345104, 28.0602242 ], [ -15.534512, 28.0602987 ], [ -15.534521, 28.0603235 ], [ -15.5345304, 28.0603483 ], [ -15.5345662, 28.0603955 ], [ -15.5346232, 28.060472 ], [ -15.5346579, 28.0605328 ], [ -15.5346981, 28.0606275 ], [ -15.5347392, 28.0607198 ], [ -15.5347454, 28.0607356 ], [ -15.5347712, 28.0608077 ], [ -15.5347925, 28.0608776 ], [ -15.5348122, 28.0609339 ], [ -15.534837, 28.060997 ], [ -15.5348621, 28.0610624 ], [ -15.5348799, 28.0611164 ], [ -15.5348926, 28.0611932 ], [ -15.534897, 28.0612473 ], [ -15.5349007, 28.0612901 ], [ -15.534899, 28.0613917 ], [ -15.53489, 28.0614933 ], [ -15.5348893, 28.0615949 ], [ -15.5348888, 28.0616964 ], [ -15.5348931, 28.0617934 ], [ -15.5349031, 28.0618882 ], [ -15.5349071, 28.061922 ], [ -15.5349135, 28.0619874 ], [ -15.5349365, 28.0620799 ], [ -15.5349526, 28.0621182 ], [ -15.5350025, 28.0621902 ], [ -15.5350547, 28.0622509 ], [ -15.5351281, 28.0623138 ], [ -15.53517, 28.0623475 ], [ -15.5352352, 28.0624195 ], [ -15.535271, 28.0624554 ], [ -15.5353361, 28.0625003 ], [ -15.5353916, 28.0625317 ], [ -15.5354244, 28.0625564 ], [ -15.5355148, 28.0626192 ], [ -15.5355932, 28.0626686 ], [ -15.5356335, 28.0627181 ], [ -15.5356488, 28.0627225 ], [ -15.5356908, 28.0627337 ], [ -15.535715, 28.0627381 ], [ -15.5357899, 28.0627626 ], [ -15.5358476, 28.0627895 ], [ -15.535942, 28.0628387 ], [ -15.5359621, 28.06285 ], [ -15.5360692, 28.0629104 ], [ -15.5361222, 28.0629486 ], [ -15.5361861, 28.0630138 ], [ -15.5362207, 28.0630611 ], [ -15.5362567, 28.0631354 ], [ -15.53627, 28.063194 ], [ -15.5362727, 28.063291 ], [ -15.5362607, 28.0633633 ], [ -15.5362256, 28.0634808 ], [ -15.5361894, 28.0635509 ], [ -15.5361439, 28.0636143 ], [ -15.5360933, 28.0636709 ], [ -15.5360186, 28.0637389 ], [ -15.535927, 28.0638069 ], [ -15.5359014, 28.0638228 ], [ -15.5358275, 28.0638705 ], [ -15.5357032, 28.0639455 ], [ -15.535579, 28.0640272 ], [ -15.5355539, 28.0640431 ], [ -15.5354799, 28.0641156 ], [ -15.5354527, 28.0641451 ], [ -15.5353807, 28.0642559 ], [ -15.5353417, 28.0643373 ], [ -15.5352993, 28.0644525 ], [ -15.5352897, 28.064491 ], [ -15.5352844, 28.0645294 ], [ -15.5353034, 28.0646376 ], [ -15.5353166, 28.0646759 ], [ -15.5353352, 28.0647074 ], [ -15.5353886, 28.0647659 ], [ -15.5354126, 28.0647816 ], [ -15.5354579, 28.0648175 ], [ -15.5355753, 28.0648848 ], [ -15.5356129, 28.0649049 ], [ -15.5357314, 28.0649496 ], [ -15.5358149, 28.0649809 ], [ -15.5358977, 28.0650099 ], [ -15.5360513, 28.0650657 ], [ -15.5360854, 28.0650836 ], [ -15.5361125, 28.0651061 ], [ -15.5361344, 28.0651579 ], [ -15.5361301, 28.0651873 ], [ -15.5361222, 28.0652099 ], [ -15.5361191, 28.0652189 ], [ -15.5360547, 28.0653072 ], [ -15.536025, 28.0653366 ], [ -15.5359526, 28.0654362 ], [ -15.5359325, 28.0654927 ], [ -15.535924, 28.0656236 ], [ -15.5359133, 28.065723 ], [ -15.5358985, 28.0658111 ], [ -15.5358705, 28.065933 ], [ -15.5358514, 28.0659963 ], [ -15.5358124, 28.0660777 ], [ -15.535796, 28.0661048 ], [ -15.5357767, 28.0661275 ], [ -15.5357292, 28.0661683 ], [ -15.5357, 28.0661864 ], [ -15.5356327, 28.0662093 ], [ -15.5356073, 28.0662139 ], [ -15.5355635, 28.0662231 ], [ -15.5354612, 28.0662596 ], [ -15.5354305, 28.0662755 ], [ -15.5353599, 28.0663435 ], [ -15.5353435, 28.0663729 ], [ -15.5353157, 28.0664655 ], [ -15.5352953, 28.066531 ], [ -15.5352664, 28.0665966 ], [ -15.5352458, 28.0666215 ], [ -15.5352198, 28.0666419 ], [ -15.5351547, 28.0666625 ], [ -15.5351443, 28.0666648 ], [ -15.5350721, 28.0666628 ], [ -15.5349604, 28.0666497 ], [ -15.5348573, 28.0666343 ], [ -15.5347516, 28.0666234 ], [ -15.5346737, 28.0666215 ], [ -15.5346152, 28.066633 ], [ -15.5346054, 28.0666375 ], [ -15.5345667, 28.0666535 ], [ -15.534528, 28.0666807 ], [ -15.534466, 28.0667419 ], [ -15.5344281, 28.0667962 ], [ -15.5343967, 28.0668685 ], [ -15.5343811, 28.066934 ], [ -15.5343786, 28.0670018 ], [ -15.5343847, 28.0670988 ], [ -15.5343932, 28.067198 ], [ -15.5344013, 28.0672973 ], [ -15.5344024, 28.0673966 ], [ -15.5343988, 28.0674914 ], [ -15.5343936, 28.0675952 ], [ -15.5343837, 28.0676562 ], [ -15.5343652, 28.0677082 ], [ -15.5343415, 28.0677376 ], [ -15.5343047, 28.0677693 ], [ -15.5342613, 28.0677876 ], [ -15.5341895, 28.0677991 ], [ -15.5340772, 28.0677973 ], [ -15.5339557, 28.0678 ], [ -15.5338359, 28.0678073 ], [ -15.5337281, 28.0678167 ], [ -15.5336496, 28.0678328 ], [ -15.5336159, 28.0678442 ], [ -15.5335909, 28.0678601 ], [ -15.5335739, 28.067885 ], [ -15.5335657, 28.0679121 ], [ -15.5335649, 28.0679415 ], [ -15.5335789, 28.0679888 ], [ -15.5336026, 28.0680316 ], [ -15.5336496, 28.0680833 ], [ -15.5337268, 28.068144 ], [ -15.5337894, 28.0682001 ], [ -15.5338243, 28.0682451 ], [ -15.5338466, 28.068306 ], [ -15.5338587, 28.0683781 ], [ -15.5338604, 28.0684684 ], [ -15.5338611, 28.0685406 ], [ -15.5338539, 28.0685609 ], [ -15.5338371, 28.0685836 ], [ -15.5338124, 28.0685995 ], [ -15.533775, 28.0686087 ], [ -15.5337638, 28.0686109 ], [ -15.5336764, 28.0686181 ], [ -15.533597, 28.0686342 ], [ -15.5335383, 28.068657 ], [ -15.5334669, 28.0687047 ], [ -15.5334127, 28.06875 ], [ -15.5333663, 28.0688021 ], [ -15.5333164, 28.0688722 ], [ -15.5332991, 28.0689129 ], [ -15.5332877, 28.0689852 ], [ -15.5332892, 28.0690303 ], [ -15.5333031, 28.0690867 ], [ -15.5333249, 28.0691227 ], [ -15.533385, 28.0691856 ], [ -15.533457, 28.0692621 ], [ -15.5335273, 28.0693476 ], [ -15.5335553, 28.0693971 ], [ -15.5335913, 28.0694827 ], [ -15.5336245, 28.0695706 ], [ -15.5336635, 28.0696653 ], [ -15.5337024, 28.0697531 ], [ -15.5337543, 28.0698387 ], [ -15.5337918, 28.0699085 ], [ -15.5337997, 28.0699468 ], [ -15.5337957, 28.0699761 ], [ -15.5337806, 28.0700168 ], [ -15.5337642, 28.0700395 ], [ -15.533717, 28.070078 ], [ -15.5336489, 28.0701279 ], [ -15.5336128, 28.0701642 ], [ -15.5335695, 28.070223 ], [ -15.5335361, 28.0702863 ], [ -15.5335255, 28.070318 ], [ -15.5335231, 28.0703609 ], [ -15.5335366, 28.0704376 ], [ -15.5335684, 28.0705119 ], [ -15.5336121, 28.070602 ], [ -15.53365, 28.0706853 ], [ -15.5336695, 28.070753 ], [ -15.5336785, 28.0708387 ], [ -15.5336876, 28.0709402 ], [ -15.5337068, 28.0710417 ], [ -15.5337267, 28.0711364 ], [ -15.5337555, 28.0712423 ], [ -15.53379, 28.0713393 ], [ -15.5338283, 28.0714271 ], [ -15.5338353, 28.0714406 ], [ -15.5338652, 28.0715014 ], [ -15.5339024, 28.0715464 ], [ -15.5339499, 28.0715801 ], [ -15.5340377, 28.0716384 ], [ -15.5341264, 28.0717058 ], [ -15.5341842, 28.0717439 ], [ -15.5342849, 28.0717932 ], [ -15.5343967, 28.0718334 ], [ -15.5345016, 28.0718736 ], [ -15.5346039, 28.0719161 ], [ -15.5346883, 28.0719496 ], [ -15.5347039, 28.0719563 ], [ -15.5347875, 28.0719989 ], [ -15.5348781, 28.0720685 ], [ -15.534933, 28.0721134 ], [ -15.534966, 28.0721516 ], [ -15.5349774, 28.0721448 ], [ -15.5350183, 28.0721221 ], [ -15.5350732, 28.0720925 ], [ -15.53511, 28.0720653 ], [ -15.5351683, 28.0720358 ], [ -15.5351959, 28.0720221 ], [ -15.5352064, 28.0720175 ], [ -15.5352518, 28.0719948 ], [ -15.5352753, 28.0719857 ], [ -15.5352937, 28.0719766 ], [ -15.5353292, 28.0719629 ], [ -15.5353641, 28.0719515 ], [ -15.5354134, 28.0719423 ], [ -15.535523, 28.0719148 ], [ -15.5355357, 28.0719102 ], [ -15.5355493, 28.0719034 ], [ -15.5355852, 28.0718897 ], [ -15.5356261, 28.0718737 ], [ -15.5356483, 28.0718646 ], [ -15.5356579, 28.0718601 ], [ -15.535689, 28.0718509 ], [ -15.5357157, 28.0718395 ], [ -15.5357397, 28.0718281 ], [ -15.5357667, 28.0718145 ], [ -15.5357955, 28.0717918 ], [ -15.5358345, 28.0717533 ], [ -15.5358462, 28.0717397 ], [ -15.5358607, 28.0717216 ], [ -15.5358917, 28.0716718 ], [ -15.5359261, 28.0716266 ], [ -15.5359606, 28.0715926 ], [ -15.5360265, 28.0715359 ], [ -15.5361088, 28.0714701 ], [ -15.5361348, 28.0714429 ], [ -15.536155, 28.0714181 ], [ -15.5361673, 28.0714022 ], [ -15.5362008, 28.0713569 ], [ -15.5362238, 28.071323 ], [ -15.5362463, 28.0712891 ], [ -15.5362614, 28.0712687 ], [ -15.5362697, 28.0712574 ], [ -15.5362965, 28.0712257 ], [ -15.5363262, 28.071194 ], [ -15.5363551, 28.0711645 ], [ -15.5363858, 28.0711373 ], [ -15.5364079, 28.0711192 ], [ -15.5364307, 28.071101 ], [ -15.536464, 28.0710738 ], [ -15.5364995, 28.0710488 ], [ -15.5365198, 28.0710352 ], [ -15.5365318, 28.0710262 ], [ -15.5365622, 28.0710035 ], [ -15.536593, 28.0709853 ], [ -15.536625, 28.0709671 ], [ -15.536679, 28.0709444 ], [ -15.5366907, 28.0709398 ], [ -15.5366996, 28.0709307 ], [ -15.5367806, 28.0708514 ], [ -15.5369355, 28.0707312 ], [ -15.5371462, 28.0705769 ], [ -15.5372827, 28.070441 ], [ -15.5374079, 28.0702916 ], [ -15.5375112, 28.0701512 ], [ -15.5376103, 28.0700154 ], [ -15.5377434, 28.0699021 ], [ -15.5379079, 28.0698044 ], [ -15.5381519, 28.0696951 ], [ -15.538351, 28.0696334 ], [ -15.5385285, 28.0695672 ], [ -15.5386172, 28.0695105 ], [ -15.5387505, 28.0694603 ], [ -15.5388873, 28.069383 ], [ -15.5389721, 28.0693037 ], [ -15.5390605, 28.0691793 ], [ -15.5391229, 28.0690662 ], [ -15.5391446, 28.0689623 ], [ -15.5391441, 28.0688585 ], [ -15.5391131, 28.0687458 ], [ -15.539083, 28.0686466 ], [ -15.538997, 28.0685002 ], [ -15.5389629, 28.0683605 ], [ -15.5389213, 28.0681711 ], [ -15.5389392, 28.0680694 ], [ -15.5389979, 28.0679902 ], [ -15.5391383, 28.0678858 ], [ -15.5393642, 28.0678308 ], [ -15.5395124, 28.0677783 ], [ -15.5396306, 28.0676898 ], [ -15.539693, 28.0675677 ], [ -15.5397997, 28.0674206 ], [ -15.5399067, 28.0673186 ], [ -15.5400393, 28.0672008 ], [ -15.5401418, 28.0670875 ], [ -15.5401896, 28.0669813 ], [ -15.5402337, 28.0668818 ], [ -15.5402588, 28.0667531 ], [ -15.5402731, 28.0666266 ], [ -15.5403021, 28.0665069 ], [ -15.540336, 28.066421 ], [ -15.5404011, 28.0661522 ], [ -15.5404599, 28.0660233 ], [ -15.54055, 28.0658492 ], [ -15.5406251, 28.0657271 ], [ -15.5407174, 28.0656139 ], [ -15.5408408, 28.0655005 ], [ -15.5409841, 28.0653465 ], [ -15.5410801, 28.0652671 ], [ -15.5412219, 28.0651966 ], [ -15.5414475, 28.065101 ], [ -15.5416667, 28.064985 ], [ -15.5417907, 28.0649168 ], [ -15.5418978, 28.0648487 ], [ -15.5419788, 28.0647671 ], [ -15.542078, 28.0646313 ], [ -15.5422089, 28.0644683 ], [ -15.5423542, 28.0642849 ], [ -15.5424, 28.0642261 ], [ -15.5424459, 28.0641063 ], [ -15.5425099, 28.0640677 ], [ -15.5424785, 28.0640249 ], [ -15.5423959, 28.063917 ], [ -15.5422434, 28.063737 ], [ -15.5422113, 28.0636807 ], [ -15.5421919, 28.0636153 ], [ -15.5421973, 28.0635634 ], [ -15.5422149, 28.0635137 ], [ -15.5422715, 28.0634525 ], [ -15.5423469, 28.0633936 ], [ -15.5425345, 28.0632619 ], [ -15.5426473, 28.063187 ], [ -15.5427967, 28.0631029 ], [ -15.54293, 28.0630527 ], [ -15.5430173, 28.0630208 ], [ -15.5431059, 28.0630046 ], [ -15.5431924, 28.0630043 ], [ -15.5432707, 28.0630221 ], [ -15.5433813, 28.06306 ], [ -15.5434829, 28.0630912 ], [ -15.5435634, 28.0630999 ], [ -15.5436591, 28.0630973 ], [ -15.5437391, 28.0630766 ], [ -15.5438264, 28.0630357 ], [ -15.5439231, 28.0629698 ], [ -15.5440341, 28.0628723 ], [ -15.5442076, 28.0627092 ], [ -15.5443174, 28.0625937 ], [ -15.5443637, 28.0625032 ], [ -15.5444255, 28.0624059 ], [ -15.5444769, 28.0623222 ], [ -15.5445323, 28.0622701 ], [ -15.5445754, 28.0622406 ], [ -15.5446587, 28.0622267 ], [ -15.5447468, 28.0622309 ], [ -15.544858, 28.0622236 ], [ -15.5449877, 28.0622096 ], [ -15.5451011, 28.0621798 ], [ -15.5452249, 28.0621342 ], [ -15.5452831, 28.062082 ], [ -15.5453622, 28.0619982 ], [ -15.5454457, 28.0620363 ], [ -15.545567, 28.0620696 ], [ -15.5456884, 28.062103 ], [ -15.5457387, 28.0621096 ], [ -15.5457997, 28.0621071 ], [ -15.545868, 28.0620933 ], [ -15.5459194, 28.0620637 ], [ -15.5459525, 28.0620207 ], [ -15.5460626, 28.0619661 ], [ -15.5462595, 28.0618435 ], [ -15.5462932, 28.0616064 ], [ -15.5462813, 28.061313 ], [ -15.5463631, 28.0610261 ], [ -15.5464206, 28.060886 ], [ -15.5464683, 28.0608203 ], [ -15.5465013, 28.0607367 ], [ -15.5465486, 28.0606056 ], [ -15.5465852, 28.0605378 ], [ -15.5466183, 28.0604812 ], [ -15.5467278, 28.060377 ], [ -15.5468247, 28.0602998 ], [ -15.546857, 28.0602749 ], [ -15.5468874, 28.0602387 ], [ -15.5470399, 28.0601027 ], [ -15.5471638, 28.0600051 ], [ -15.5473371, 28.059869 ], [ -15.5474324, 28.0597942 ], [ -15.5476059, 28.0596445 ], [ -15.5474213, 28.0594873 ], [ -15.5475744, 28.0593355 ], [ -15.5476896, 28.0592109 ], [ -15.5478495, 28.059023 ], [ -15.5479182, 28.058955 ], [ -15.5480024, 28.0588802 ], [ -15.5481661, 28.0588073 ], [ -15.5482901, 28.0587526 ], [ -15.5484596, 28.0586211 ], [ -15.5485985, 28.058537 ], [ -15.5486678, 28.0584894 ], [ -15.5487601, 28.058419 ], [ -15.5487749, 28.0583942 ], [ -15.5487747, 28.0583739 ], [ -15.5488259, 28.0583556 ], [ -15.5489283, 28.0583101 ], [ -15.5488382, 28.0582179 ], [ -15.5487512, 28.0581167 ], [ -15.5486644, 28.0579997 ], [ -15.5485975, 28.0579006 ], [ -15.5484742, 28.0577296 ], [ -15.5483973, 28.0576148 ], [ -15.5483006, 28.0574888 ], [ -15.5482237, 28.0573695 ], [ -15.5481608, 28.0572727 ], [ -15.5481281, 28.0572751 ], [ -15.5478359, 28.0572808 ], [ -15.5476018, 28.0572727 ], [ -15.5472183, 28.057272 ], [ -15.5471166, 28.0572905 ], [ -15.5470436, 28.0573043 ], [ -15.546962, 28.0573294 ], [ -15.5468719, 28.0573749 ], [ -15.5468116, 28.057409 ], [ -15.5467854, 28.0574317 ], [ -15.546761, 28.0574521 ], [ -15.5466822, 28.0575224 ], [ -15.5466235, 28.057552 ], [ -15.5465239, 28.0575952 ], [ -15.5464792, 28.0576225 ], [ -15.5463139, 28.0576999 ], [ -15.546208, 28.0577725 ], [ -15.5460692, 28.0578656 ], [ -15.5459174, 28.05797 ], [ -15.5457854, 28.0580766 ], [ -15.545683, 28.058147 ], [ -15.5456038, 28.058206 ], [ -15.5455377, 28.0582739 ], [ -15.545475, 28.0583238 ], [ -15.5454224, 28.0583601 ], [ -15.5453628, 28.058392 ], [ -15.5452803, 28.0584306 ], [ -15.545181, 28.0584829 ], [ -15.5450984, 28.0585577 ], [ -15.5450228, 28.0586438 ], [ -15.5449633, 28.0587027 ], [ -15.544894, 28.0587594 ], [ -15.5448379, 28.058798 ], [ -15.5447487, 28.0588299 ], [ -15.5446595, 28.0588687 ], [ -15.5446015, 28.0588982 ], [ -15.5445505, 28.0589278 ], [ -15.5444924, 28.0589573 ], [ -15.5444159, 28.0589915 ], [ -15.5443737, 28.0590074 ], [ -15.544334, 28.0590257 ], [ -15.5443077, 28.0590393 ], [ -15.5442639, 28.0590575 ], [ -15.5442515, 28.0590463 ], [ -15.5442164, 28.0590284 ], [ -15.5441444, 28.0589971 ], [ -15.5441499, 28.0589542 ], [ -15.544143, 28.0589181 ], [ -15.5441344, 28.0588414 ], [ -15.5441159, 28.0587715 ], [ -15.5440915, 28.058722 ], [ -15.5440716, 28.0586882 ], [ -15.5440521, 28.0586612 ], [ -15.5439856, 28.0585983 ], [ -15.5439065, 28.0585489 ], [ -15.5438115, 28.0584974 ], [ -15.543733, 28.0584526 ], [ -15.5436626, 28.058428 ], [ -15.5435566, 28.0584014 ], [ -15.5434908, 28.0583926 ], [ -15.5433845, 28.058393 ], [ -15.5431588, 28.0584097 ], [ -15.5430966, 28.0584235 ], [ -15.5430521, 28.0584417 ], [ -15.5430338, 28.0584576 ], [ -15.5429875, 28.0584916 ], [ -15.5429806, 28.0585007 ], [ -15.5429578, 28.0585301 ], [ -15.5429147, 28.0586183 ], [ -15.5428864, 28.0586703 ], [ -15.5428418, 28.0587224 ], [ -15.542781, 28.05877 ], [ -15.5427159, 28.0588041 ], [ -15.5424536, 28.0589428 ], [ -15.5424429, 28.0589496 ], [ -15.5424201, 28.0589678 ], [ -15.5423741, 28.0590018 ], [ -15.5423173, 28.0590201 ], [ -15.5422601, 28.0590361 ], [ -15.5421547, 28.0590614 ], [ -15.5420531, 28.0590888 ], [ -15.5419314, 28.0591142 ], [ -15.5418081, 28.0591304 ], [ -15.5417003, 28.0591331 ], [ -15.541575, 28.0591269 ], [ -15.5414722, 28.0591182 ], [ -15.5413561, 28.0591006 ], [ -15.541273, 28.0590874 ], [ -15.5412409, 28.0590808 ], [ -15.5411288, 28.0590587 ], [ -15.5410219, 28.0590478 ], [ -15.5409134, 28.0590414 ], [ -15.5407958, 28.0590351 ], [ -15.5406873, 28.0590355 ], [ -15.5406075, 28.0590381 ], [ -15.5405275, 28.0590543 ], [ -15.5404808, 28.0590725 ], [ -15.5404555, 28.0590906 ], [ -15.5404289, 28.0591246 ], [ -15.5404091, 28.0591698 ], [ -15.5404021, 28.059224 ], [ -15.5404029, 28.059321 ], [ -15.5404043, 28.059409 ], [ -15.5403918, 28.059461 ], [ -15.5403732, 28.0594949 ], [ -15.5403286, 28.0595425 ], [ -15.540289, 28.0595742 ], [ -15.5402009, 28.059622 ], [ -15.5401349, 28.0596606 ], [ -15.5400928, 28.0596924 ], [ -15.5400447, 28.0597332 ], [ -15.5400149, 28.0597604 ], [ -15.5399756, 28.0597899 ], [ -15.539943, 28.0598103 ], [ -15.5398998, 28.0598218 ], [ -15.5398524, 28.059822 ], [ -15.5397559, 28.059802 ], [ -15.5396693, 28.0597775 ], [ -15.5395651, 28.059735 ], [ -15.5394724, 28.0596948 ], [ -15.5393765, 28.0596568 ], [ -15.5393185, 28.059639 ], [ -15.539288, 28.0596369 ], [ -15.53922, 28.0596574 ], [ -15.5392004, 28.059671 ], [ -15.5391884, 28.0596914 ], [ -15.5391825, 28.0597275 ], [ -15.5391888, 28.0597794 ], [ -15.5392095, 28.0598493 ], [ -15.5392253, 28.0598989 ], [ -15.5392301, 28.0599508 ], [ -15.5392277, 28.0599891 ], [ -15.5392123, 28.0600253 ], [ -15.5391956, 28.0600457 ], [ -15.5391638, 28.0600638 ], [ -15.5391273, 28.0600685 ], [ -15.5390551, 28.060062 ], [ -15.5389602, 28.0600443 ], [ -15.5389198, 28.0600287 ], [ -15.5388532, 28.0600064 ], [ -15.5387595, 28.0599662 ], [ -15.5386543, 28.0599192 ], [ -15.5386425, 28.0599125 ], [ -15.5385756, 28.0598743 ], [ -15.5384849, 28.059807 ], [ -15.5384102, 28.0597509 ], [ -15.5383215, 28.0596948 ], [ -15.5382179, 28.0596365 ], [ -15.5380917, 28.0595784 ], [ -15.5380057, 28.0595448 ], [ -15.5378955, 28.0595205 ], [ -15.5378313, 28.059523 ], [ -15.5377582, 28.059539 ], [ -15.5376503, 28.0595801 ], [ -15.5375703, 28.0596075 ], [ -15.5374655, 28.0596327 ], [ -15.5373673, 28.0596512 ], [ -15.5373444, 28.0596558 ], [ -15.5372409, 28.0596832 ], [ -15.5371441, 28.059722 ], [ -15.5370448, 28.0597653 ], [ -15.5369808, 28.0598039 ], [ -15.5369348, 28.0598334 ], [ -15.536905, 28.0598538 ], [ -15.5368543, 28.0598878 ], [ -15.5368318, 28.0599105 ], [ -15.5367945, 28.0599445 ], [ -15.5367762, 28.0599739 ], [ -15.5367675, 28.0600259 ], [ -15.5367635, 28.0601116 ], [ -15.5367547, 28.0601297 ], [ -15.5367281, 28.0601547 ], [ -15.5366887, 28.0601729 ], [ -15.536644, 28.0601866 ], [ -15.5365403, 28.0601847 ], [ -15.5364372, 28.0601738 ], [ -15.5363284, 28.0601607 ], [ -15.536219, 28.0601521 ], [ -15.5361159, 28.0601457 ], [ -15.5360755, 28.0601436 ], [ -15.5360424, 28.0601415 ], [ -15.5359527, 28.0601374 ], [ -15.5358836, 28.0601241 ], [ -15.5357882, 28.0601087 ], [ -15.5356864, 28.0600978 ], [ -15.5355741, 28.0600892 ], [ -15.5354554, 28.0600739 ], [ -15.5353529, 28.0600607 ], [ -15.535238, 28.0600454 ], [ -15.5351423, 28.0600367 ], [ -15.5350574, 28.0600371 ], [ -15.5350218, 28.0600372 ], [ -15.5349082, 28.0600376 ], [ -15.5347925, 28.0600403 ], [ -15.5346902, 28.0600498 ], [ -15.53462, 28.0600681 ], [ -15.5345759, 28.0600886 ] ] ] } },
{ "type": "Feature", "properties": { "CCAA": "05 - Canarias", "PROVINCIA": "35 - Palmas, Las", "MUNICIPIO": "35027 - Teror", "COD_MUNICIPIO": "35027", "DISTRITO": "01", "SECCION": "3502701009", "V1_H": 80.61, "V1_M": 86.39, "V2_H": 80.33359214, "V2_M": 86.26240397, "V3_H": 81.01911703, "V3_M": 86.63389387 }, "geometry": { "type": "Polygon", "coordinates": [ [ [ -15.5218619, 28.061222 ], [ -15.5218565, 28.0612839 ], [ -15.5218496, 28.0614239 ], [ -15.5218413, 28.061548 ], [ -15.5218298, 28.0616677 ], [ -15.5218293, 28.0617715 ], [ -15.5218306, 28.0618392 ], [ -15.521833, 28.0619475 ], [ -15.5218352, 28.0620671 ], [ -15.5218387, 28.062207 ], [ -15.5218392, 28.0622973 ], [ -15.5217294, 28.0624151 ], [ -15.5215781, 28.0625646 ], [ -15.5215304, 28.0626212 ], [ -15.5213995, 28.0627842 ], [ -15.5213009, 28.0629064 ], [ -15.5210196, 28.0632663 ], [ -15.5209402, 28.0633591 ], [ -15.5208815, 28.0634428 ], [ -15.5207529, 28.0636306 ], [ -15.5206692, 28.0637483 ], [ -15.5204768, 28.0640086 ], [ -15.5203801, 28.0641376 ], [ -15.5201696, 28.0644092 ], [ -15.5201326, 28.064459 ], [ -15.5200081, 28.0646174 ], [ -15.5198814, 28.0647781 ], [ -15.5198071, 28.0648709 ], [ -15.5197243, 28.0649751 ], [ -15.5195681, 28.0651652 ], [ -15.5195016, 28.0652377 ], [ -15.5193761, 28.0653893 ], [ -15.5192661, 28.0655206 ], [ -15.5191564, 28.0656565 ], [ -15.5190328, 28.0658104 ], [ -15.5189682, 28.0658738 ], [ -15.5188599, 28.06596 ], [ -15.5187975, 28.0660121 ], [ -15.5187595, 28.0660551 ], [ -15.5187286, 28.0660982 ], [ -15.5186406, 28.0662542 ], [ -15.5185263, 28.0664397 ], [ -15.5184442, 28.0665641 ], [ -15.5183908, 28.0666365 ], [ -15.5183042, 28.0667452 ], [ -15.5182394, 28.0668154 ], [ -15.5181519, 28.0669421 ], [ -15.5180179, 28.0671186 ], [ -15.5178134, 28.0673812 ], [ -15.5176673, 28.0675533 ], [ -15.5175544, 28.0676913 ], [ -15.5175206, 28.0677479 ], [ -15.5174371, 28.0678994 ], [ -15.5173512, 28.0680329 ], [ -15.5173021, 28.0681256 ], [ -15.5172486, 28.0682522 ], [ -15.5171941, 28.0684171 ], [ -15.517104, 28.0686702 ], [ -15.5170332, 28.0688849 ], [ -15.5170005, 28.0689798 ], [ -15.5169726, 28.0691153 ], [ -15.5169307, 28.0692734 ], [ -15.5169026, 28.0693863 ], [ -15.5168503, 28.0695558 ], [ -15.5168136, 28.0696485 ], [ -15.5167594, 28.069766 ], [ -15.5167061, 28.0699084 ], [ -15.516658, 28.0700372 ], [ -15.516612, 28.0701931 ], [ -15.5165174, 28.0702905 ], [ -15.5163348, 28.0704717 ], [ -15.5160238, 28.0707572 ], [ -15.515853, 28.0708978 ], [ -15.5156353, 28.0710566 ], [ -15.5154619, 28.0711746 ], [ -15.5152707, 28.0712904 ], [ -15.5150696, 28.071404 ], [ -15.5149379, 28.07147 ], [ -15.514664, 28.0715883 ], [ -15.5145802, 28.0716135 ], [ -15.5142997, 28.0716912 ], [ -15.5141505, 28.0717392 ], [ -15.514034, 28.0717825 ], [ -15.5138519, 28.0718735 ], [ -15.5135994, 28.0720166 ], [ -15.5135281, 28.0720733 ], [ -15.5134293, 28.0721639 ], [ -15.5134024, 28.0722001 ], [ -15.5133646, 28.0722612 ], [ -15.5133148, 28.0723742 ], [ -15.5132816, 28.0724781 ], [ -15.5132411, 28.0725889 ], [ -15.513205, 28.072677 ], [ -15.5131753, 28.072729 ], [ -15.5131469, 28.0727743 ], [ -15.5130966, 28.0728377 ], [ -15.5130299, 28.0729056 ], [ -15.5129855, 28.0729419 ], [ -15.5129977, 28.0729554 ], [ -15.5130111, 28.0729779 ], [ -15.5129889, 28.0730479 ], [ -15.512968, 28.0730796 ], [ -15.5129247, 28.0731384 ], [ -15.5128827, 28.0731973 ], [ -15.5128559, 28.0732312 ], [ -15.5128429, 28.0732516 ], [ -15.5127717, 28.0733331 ], [ -15.5127569, 28.073349 ], [ -15.5127182, 28.0733739 ], [ -15.5124921, 28.0735192 ], [ -15.5123793, 28.0736077 ], [ -15.5123325, 28.0736665 ], [ -15.5123048, 28.073723 ], [ -15.5122929, 28.0737569 ], [ -15.512289, 28.073872 ], [ -15.5122825, 28.0739849 ], [ -15.512284, 28.0741067 ], [ -15.5122835, 28.0742015 ], [ -15.5122812, 28.0742422 ], [ -15.5122704, 28.0743099 ], [ -15.5122061, 28.0742943 ], [ -15.5121058, 28.0742857 ], [ -15.5120448, 28.0742882 ], [ -15.5119854, 28.0743155 ], [ -15.5119335, 28.074354 ], [ -15.5118781, 28.0744174 ], [ -15.5118088, 28.0744944 ], [ -15.5117401, 28.0745578 ], [ -15.5116343, 28.0746395 ], [ -15.5115953, 28.074669 ], [ -15.5116059, 28.0746938 ], [ -15.5116113, 28.0747569 ], [ -15.5115978, 28.0748089 ], [ -15.5115612, 28.0748677 ], [ -15.5113941, 28.0750985 ], [ -15.5111949, 28.0753543 ], [ -15.5110782, 28.0754901 ], [ -15.5109299, 28.0756622 ], [ -15.5108624, 28.0757346 ], [ -15.5107286, 28.0758818 ], [ -15.5106021, 28.0760177 ], [ -15.5104992, 28.0761332 ], [ -15.5103809, 28.0762577 ], [ -15.5102875, 28.0763551 ], [ -15.5101792, 28.0764458 ], [ -15.5101003, 28.0765115 ], [ -15.5100407, 28.0765546 ], [ -15.5099852, 28.0766022 ], [ -15.5099438, 28.0766408 ], [ -15.5099007, 28.0766883 ], [ -15.5097362, 28.0768717 ], [ -15.509604, 28.0770234 ], [ -15.5095391, 28.0770981 ], [ -15.5094942, 28.0771479 ], [ -15.509461, 28.0771774 ], [ -15.509357, 28.077259 ], [ -15.509306, 28.0773021 ], [ -15.5092759, 28.0773316 ], [ -15.5092447, 28.0773723 ], [ -15.5091846, 28.0774628 ], [ -15.5091139, 28.0775601 ], [ -15.5090361, 28.0776687 ], [ -15.5089821, 28.0777456 ], [ -15.5089432, 28.0777864 ], [ -15.5089017, 28.0778181 ], [ -15.508848, 28.0778454 ], [ -15.5087718, 28.0778795 ], [ -15.5084135, 28.0780366 ], [ -15.5080761, 28.0781868 ], [ -15.5075594, 28.0784166 ], [ -15.5074588, 28.0784621 ], [ -15.5073897, 28.078503 ], [ -15.5072891, 28.0785621 ], [ -15.5071874, 28.0786324 ], [ -15.5071379, 28.0786664 ], [ -15.5070973, 28.0786959 ], [ -15.5070419, 28.078739 ], [ -15.5068974, 28.0788591 ], [ -15.5067355, 28.0789951 ], [ -15.5066896, 28.0790382 ], [ -15.5066438, 28.0790948 ], [ -15.5066043, 28.0791604 ], [ -15.5065766, 28.0792237 ], [ -15.5065569, 28.0792982 ], [ -15.5065316, 28.0794021 ], [ -15.5064907, 28.079558 ], [ -15.5065137, 28.0795782 ], [ -15.5084744, 28.0811033 ], [ -15.5100518, 28.0802489 ], [ -15.5101115, 28.0802983 ], [ -15.5103354, 28.0804893 ], [ -15.510549, 28.0806736 ], [ -15.510738, 28.080815 ], [ -15.5110418, 28.0811118 ], [ -15.5112627, 28.0813434 ], [ -15.5113038, 28.0813918 ], [ -15.5125327, 28.0801949 ], [ -15.512635, 28.0796996 ], [ -15.513241, 28.0788003 ], [ -15.5137608, 28.0780869 ], [ -15.5142815, 28.0775746 ], [ -15.5146299, 28.0774959 ], [ -15.515032, 28.0777264 ], [ -15.5151904, 28.0780197 ], [ -15.5156614, 28.0780643 ], [ -15.5160433, 28.0776917 ], [ -15.51585, 28.0773831 ], [ -15.5162143, 28.0769951 ], [ -15.5162656, 28.0767783 ], [ -15.5166143, 28.076777 ], [ -15.5169968, 28.0765281 ], [ -15.5169937, 28.075894 ], [ -15.5172698, 28.0752743 ], [ -15.5175467, 28.0748402 ], [ -15.5181714, 28.0742037 ], [ -15.5185877, 28.0737537 ], [ -15.518882, 28.073304 ], [ -15.5195784, 28.0730849 ], [ -15.5194278, 28.0744001 ], [ -15.5192378, 28.074772 ], [ -15.5191343, 28.0750044 ], [ -15.5201986, 28.0751241 ], [ -15.5206194, 28.0756019 ], [ -15.5211592, 28.0754452 ], [ -15.5216988, 28.0752576 ], [ -15.521693, 28.0740512 ], [ -15.5218631, 28.073169 ], [ -15.5223306, 28.0724867 ], [ -15.5225298, 28.0704134 ], [ -15.522839, 28.0694533 ], [ -15.5230257, 28.0684009 ], [ -15.5232659, 28.0675958 ], [ -15.5234538, 28.0667908 ], [ -15.5242669, 28.0654576 ], [ -15.5247177, 28.0649455 ], [ -15.525011, 28.0642948 ], [ -15.5251305, 28.0637684 ], [ -15.5249373, 28.0634908 ], [ -15.5249537, 28.0632742 ], [ -15.5244639, 28.0629358 ], [ -15.5235702, 28.0620112 ], [ -15.5218619, 28.061222 ] ] ] } },
{ "type": "Feature", "properties": { "CCAA": "05 - Canarias", "PROVINCIA": "35 - Palmas, Las", "MUNICIPIO": "35027 - Teror", "COD_MUNICIPIO": "35027", "DISTRITO": "01", "SECCION": "3502701010", "V1_H": 79.92, "V1_M": 85.8, "V2_H": 79.90391364, "V2_M": 85.68196434, "V3_H": 80.09820982, "V3_M": 86.14356104 }, "geometry": { "type": "Polygon", "coordinates": [ [ [ -15.5428233, 28.068273 ], [ -15.5428979, 28.0683134 ], [ -15.5430684, 28.0683826 ], [ -15.5434746, 28.0685277 ], [ -15.5439283, 28.068623 ], [ -15.5441204, 28.0686922 ], [ -15.5443129, 28.0687771 ], [ -15.5448772, 28.0689261 ], [ -15.5451695, 28.0689949 ], [ -15.5456274, 28.0690473 ], [ -15.5459589, 28.069064 ], [ -15.5461902, 28.0690879 ], [ -15.5462407, 28.0690787 ], [ -15.5465983, 28.0691066 ], [ -15.5468428, 28.0691552 ], [ -15.5470875, 28.0692446 ], [ -15.5473496, 28.0693789 ], [ -15.5477168, 28.0695512 ], [ -15.5480315, 28.0697057 ], [ -15.5484772, 28.0699115 ], [ -15.5488533, 28.0701357 ], [ -15.5492775, 28.0703845 ], [ -15.5494334, 28.0704493 ], [ -15.5495659, 28.0704894 ], [ -15.549684, 28.0705228 ], [ -15.5498711, 28.0706078 ], [ -15.5502118, 28.070814 ], [ -15.550578, 28.0710202 ], [ -15.5509176, 28.0711881 ], [ -15.5511686, 28.0712751 ], [ -15.5512954, 28.0713152 ], [ -15.5513206, 28.0713241 ], [ -15.5513489, 28.0713353 ], [ -15.5513588, 28.0713398 ], [ -15.5514209, 28.0713598 ], [ -15.5515047, 28.0713866 ], [ -15.5515773, 28.0714044 ], [ -15.5515878, 28.0714066 ], [ -15.5516728, 28.071431 ], [ -15.5517836, 28.0714509 ], [ -15.5518871, 28.0714686 ], [ -15.5519985, 28.0714839 ], [ -15.5520937, 28.0715038 ], [ -15.5522038, 28.0715282 ], [ -15.5522627, 28.071537 ], [ -15.5523054, 28.0715458 ], [ -15.5523907, 28.0715568 ], [ -15.552461, 28.0715678 ], [ -15.5525419, 28.0715833 ], [ -15.552623, 28.0715987 ], [ -15.5527256, 28.0716231 ], [ -15.5527577, 28.071632 ], [ -15.5528291, 28.0716521 ], [ -15.5529364, 28.0716765 ], [ -15.5530379, 28.0716941 ], [ -15.5531429, 28.071705 ], [ -15.5532275, 28.0717046 ], [ -15.55326, 28.0717068 ], [ -15.5532918, 28.0717066 ], [ -15.5533602, 28.0717176 ], [ -15.5534411, 28.0717286 ], [ -15.5535156, 28.0717441 ], [ -15.553571, 28.0717596 ], [ -15.5536114, 28.0717685 ], [ -15.5536567, 28.0717886 ], [ -15.5537122, 28.0718358 ], [ -15.5537832, 28.0719032 ], [ -15.5538394, 28.0719414 ], [ -15.5538846, 28.0719638 ], [ -15.5538987, 28.0719727 ], [ -15.5539551, 28.0719973 ], [ -15.5540137, 28.0720129 ], [ -15.5540698, 28.0720352 ], [ -15.5541237, 28.0720621 ], [ -15.5541454, 28.0720778 ], [ -15.5541789, 28.0720957 ], [ -15.5542197, 28.0721136 ], [ -15.5542751, 28.0721247 ], [ -15.5543263, 28.0721357 ], [ -15.5543661, 28.0721401 ], [ -15.554395, 28.0721377 ], [ -15.5544189, 28.0721354 ], [ -15.5544513, 28.0721307 ], [ -15.5544926, 28.0721305 ], [ -15.5545238, 28.0721304 ], [ -15.5545511, 28.0721303 ], [ -15.5545791, 28.0721302 ], [ -15.5546151, 28.07213 ], [ -15.5546599, 28.0721321 ], [ -15.5546883, 28.0721343 ], [ -15.5546975, 28.0721342 ], [ -15.5547503, 28.0721408 ], [ -15.5548079, 28.0721473 ], [ -15.554861, 28.0721516 ], [ -15.5548986, 28.072156 ], [ -15.5549176, 28.0721559 ], [ -15.5549593, 28.0721603 ], [ -15.5550169, 28.0721668 ], [ -15.5550694, 28.0721688 ], [ -15.55512, 28.0721732 ], [ -15.555176, 28.0721729 ], [ -15.5552291, 28.0721727 ], [ -15.5552784, 28.0721793 ], [ -15.5553729, 28.0721766 ], [ -15.555424, 28.0721674 ], [ -15.5554793, 28.0721604 ], [ -15.5555257, 28.0721512 ], [ -15.5555692, 28.072142 ], [ -15.555616, 28.0721328 ], [ -15.5556471, 28.0721304 ], [ -15.5556776, 28.072128 ], [ -15.5557085, 28.0721279 ], [ -15.5557384, 28.0721278 ], [ -15.5557555, 28.0721277 ], [ -15.5557718, 28.0721276 ], [ -15.5557982, 28.072132 ], [ -15.5558151, 28.0721342 ], [ -15.5558399, 28.0721364 ], [ -15.5558491, 28.0721408 ], [ -15.5558704, 28.0721476 ], [ -15.5558985, 28.0721565 ], [ -15.5559189, 28.0721609 ], [ -15.5559402, 28.0721653 ], [ -15.5559787, 28.0721697 ], [ -15.5560204, 28.0721763 ], [ -15.5560659, 28.0721829 ], [ -15.5561165, 28.0721939 ], [ -15.556127, 28.0721961 ], [ -15.5561834, 28.0722117 ], [ -15.5562302, 28.0722273 ], [ -15.5562755, 28.0722452 ], [ -15.5563198, 28.0722608 ], [ -15.5563335, 28.072263 ], [ -15.5563593, 28.0722697 ], [ -15.5563934, 28.0722786 ], [ -15.5564773, 28.0722737 ], [ -15.5564989, 28.0722714 ], [ -15.5565348, 28.0722667 ], [ -15.5565628, 28.0722734 ], [ -15.5566173, 28.072289 ], [ -15.5566724, 28.0723 ], [ -15.5567122, 28.0723111 ], [ -15.5567688, 28.0723244 ], [ -15.5568, 28.0723288 ], [ -15.5568331, 28.0723287 ], [ -15.5568675, 28.0723285 ], [ -15.5568967, 28.072333 ], [ -15.5569254, 28.0723329 ], [ -15.5569531, 28.0723327 ], [ -15.5569922, 28.0723371 ], [ -15.55703, 28.0723414 ], [ -15.5570711, 28.0723503 ], [ -15.5570943, 28.0723525 ], [ -15.5571128, 28.0723569 ], [ -15.5571354, 28.0723613 ], [ -15.5571612, 28.0723635 ], [ -15.5571886, 28.0723701 ], [ -15.557216, 28.0723745 ], [ -15.5572344, 28.072379 ], [ -15.5572637, 28.0723879 ], [ -15.5572838, 28.0723946 ], [ -15.5573096, 28.072399 ], [ -15.5573338, 28.0724057 ], [ -15.5573634, 28.0724123 ], [ -15.5573758, 28.0724168 ], [ -15.5574274, 28.0724278 ], [ -15.5574691, 28.0724389 ], [ -15.557641, 28.0724631 ], [ -15.5577196, 28.0724808 ], [ -15.5577802, 28.0724986 ], [ -15.5579222, 28.0725432 ], [ -15.558001, 28.0723285 ], [ -15.5580563, 28.0722132 ], [ -15.558139, 28.0720165 ], [ -15.5582217, 28.0718514 ], [ -15.5582769, 28.0717451 ], [ -15.5583319, 28.0716343 ], [ -15.5583973, 28.0714783 ], [ -15.5584454, 28.0713111 ], [ -15.558514, 28.071119 ], [ -15.5586079, 28.0708794 ], [ -15.5590056, 28.0697449 ], [ -15.5590872, 28.06923 ], [ -15.5594722, 28.0684025 ], [ -15.5603219, 28.0674038 ], [ -15.5603091, 28.0673249 ], [ -15.5603012, 28.0671624 ], [ -15.5603025, 28.0670451 ], [ -15.5603048, 28.0668126 ], [ -15.5603044, 28.0667404 ], [ -15.5603054, 28.0666141 ], [ -15.560317, 28.0664695 ], [ -15.5603318, 28.066307 ], [ -15.5603518, 28.0662415 ], [ -15.5603859, 28.066142 ], [ -15.5604476, 28.065959 ], [ -15.5604907, 28.0658618 ], [ -15.5605437, 28.0657704 ], [ -15.5588158, 28.0645635 ], [ -15.5585988, 28.0644757 ], [ -15.5582159, 28.0644921 ], [ -15.5578173, 28.0646857 ], [ -15.5576009, 28.0647014 ], [ -15.5572172, 28.06457 ], [ -15.5567843, 28.0645865 ], [ -15.556534, 28.0644841 ], [ -15.5562676, 28.0644852 ], [ -15.5559176, 28.0644275 ], [ -15.5555684, 28.0645176 ], [ -15.5552682, 28.0644302 ], [ -15.5548176, 28.06424 ], [ -15.5543161, 28.0638727 ], [ -15.5539695, 28.064465 ], [ -15.5539702, 28.0645979 ], [ -15.5538795, 28.0664004 ], [ -15.5538474, 28.0666368 ], [ -15.553682, 28.0668591 ], [ -15.5533656, 28.0668456 ], [ -15.5531155, 28.0667875 ], [ -15.5526187, 28.0667118 ], [ -15.5525488, 28.0667012 ], [ -15.5512318, 28.066411 ], [ -15.5501483, 28.0661938 ], [ -15.5493982, 28.0660491 ], [ -15.5493136, 28.0659919 ], [ -15.5493123, 28.0660243 ], [ -15.5490513, 28.0659825 ], [ -15.5487264, 28.0659454 ], [ -15.5481597, 28.0658822 ], [ -15.5477874, 28.0658386 ], [ -15.5476458, 28.0658279 ], [ -15.5473517, 28.0658381 ], [ -15.5468145, 28.0658966 ], [ -15.5464207, 28.065932 ], [ -15.5460202, 28.0659788 ], [ -15.5457892, 28.0660045 ], [ -15.5455763, 28.0660437 ], [ -15.5454138, 28.0661031 ], [ -15.5452514, 28.066194 ], [ -15.545079, 28.0663075 ], [ -15.5446897, 28.066555 ], [ -15.5443952, 28.0667525 ], [ -15.5441645, 28.0669114 ], [ -15.5440559, 28.0669999 ], [ -15.5439769, 28.0670972 ], [ -15.5439091, 28.0672036 ], [ -15.5438394, 28.0673347 ], [ -15.543775, 28.0674185 ], [ -15.5434563, 28.0678553 ], [ -15.5432206, 28.0681 ], [ -15.5430972, 28.0682155 ], [ -15.5430194, 28.0682497 ], [ -15.542905, 28.0682682 ], [ -15.5428233, 28.068273 ] ] ] } },
{ "type": "Feature", "properties": { "CCAA": "05 - Canarias", "PROVINCIA": "35 - Palmas, Las", "MUNICIPIO": "35027 - Teror", "COD_MUNICIPIO": "35027", "DISTRITO": "01", "SECCION": "3502701006", "V1_H": 80.3, "V1_M": 86.18, "V2_H": 80.25682951, "V2_M": 86.26310791, "V3_H": 80.49886239, "V3_M": 86.29802272000001 }, "geometry": { "type": "Polygon", "coordinates": [ [ [ -15.5036671, 28.0994113 ], [ -15.5036752, 28.099448 ], [ -15.5037015, 28.0994908 ], [ -15.5037341, 28.0995313 ], [ -15.5037716, 28.0995763 ], [ -15.5038587, 28.0996437 ], [ -15.5039381, 28.0996885 ], [ -15.5040099, 28.0997289 ], [ -15.5041208, 28.0997691 ], [ -15.5042263, 28.0998093 ], [ -15.5043146, 28.0998519 ], [ -15.5043838, 28.0998945 ], [ -15.5044139, 28.0999237 ], [ -15.5044456, 28.0999755 ], [ -15.5044672, 28.1000431 ], [ -15.5044675, 28.1001063 ], [ -15.5044444, 28.1002035 ], [ -15.5044428, 28.1002644 ], [ -15.5044615, 28.1003072 ], [ -15.5044987, 28.100377 ], [ -15.5045323, 28.1003588 ], [ -15.5045581, 28.1003452 ], [ -15.5045822, 28.100327 ], [ -15.5046126, 28.1003021 ], [ -15.5046182, 28.1002953 ], [ -15.5046597, 28.1002478 ], [ -15.5046812, 28.1002116 ], [ -15.5046927, 28.1001552 ], [ -15.5047195, 28.1001077 ], [ -15.5047518, 28.1000737 ], [ -15.5047841, 28.1000555 ], [ -15.5048817, 28.1000281 ], [ -15.5049865, 28.1000028 ], [ -15.5050476, 28.0999913 ], [ -15.5050749, 28.0999867 ], [ -15.5051512, 28.0999774 ], [ -15.5052376, 28.0999591 ], [ -15.5052946, 28.0999498 ], [ -15.5054176, 28.0999471 ], [ -15.5055125, 28.0999535 ], [ -15.5056166, 28.0999712 ], [ -15.5057251, 28.0999798 ], [ -15.5058241, 28.099984 ], [ -15.5059182, 28.0999881 ], [ -15.5060229, 28.09999 ], [ -15.5061378, 28.0999941 ], [ -15.5062183, 28.0999983 ], [ -15.506258, 28.1000027 ], [ -15.5063335, 28.100016 ], [ -15.5064096, 28.1000179 ], [ -15.5065012, 28.1000199 ], [ -15.5066068, 28.100015 ], [ -15.5066742, 28.1000057 ], [ -15.5067422, 28.0999896 ], [ -15.5067698, 28.0999737 ], [ -15.5067919, 28.0999533 ], [ -15.5068213, 28.0998991 ], [ -15.5068341, 28.0998448 ], [ -15.5068686, 28.09975 ], [ -15.5069063, 28.099646 ], [ -15.5069348, 28.0995443 ], [ -15.5069397, 28.099515 ], [ -15.5069606, 28.0994269 ], [ -15.5069628, 28.0994178 ], [ -15.5069779, 28.0993907 ], [ -15.5070017, 28.0993681 ], [ -15.5070426, 28.0993341 ], [ -15.5070898, 28.0992955 ], [ -15.5071798, 28.099223 ], [ -15.5072575, 28.0991753 ], [ -15.5073477, 28.0991343 ], [ -15.5074109, 28.0991206 ], [ -15.5074814, 28.0991045 ], [ -15.5075893, 28.0990951 ], [ -15.507637, 28.0990949 ], [ -15.5076481, 28.0990948 ], [ -15.5077655, 28.0990967 ], [ -15.5080492, 28.0990798 ], [ -15.5081083, 28.0990751 ], [ -15.5082268, 28.0990408 ], [ -15.50831, 28.0990066 ], [ -15.5083772, 28.0989635 ], [ -15.5084466, 28.0989046 ], [ -15.5085118, 28.0988299 ], [ -15.5085788, 28.0987348 ], [ -15.508677, 28.0985652 ], [ -15.5087052, 28.0984952 ], [ -15.5087156, 28.0984658 ], [ -15.5087194, 28.0984545 ], [ -15.5087533, 28.0983551 ], [ -15.5087805, 28.098276 ], [ -15.5088116, 28.098172 ], [ -15.5088381, 28.0980636 ], [ -15.5088586, 28.0979598 ], [ -15.508874, 28.0978559 ], [ -15.5088977, 28.0977452 ], [ -15.5089163, 28.0976436 ], [ -15.5089413, 28.0975532 ], [ -15.5089589, 28.0975193 ], [ -15.5089861, 28.0974921 ], [ -15.5090151, 28.0974762 ], [ -15.5090903, 28.0974556 ], [ -15.5091962, 28.097444 ], [ -15.5092939, 28.0974459 ], [ -15.5094034, 28.0974567 ], [ -15.5095182, 28.0974586 ], [ -15.5095768, 28.0974674 ], [ -15.5096914, 28.0974895 ], [ -15.5097968, 28.0975094 ], [ -15.5099053, 28.0975158 ], [ -15.5100177, 28.0975289 ], [ -15.5101319, 28.097533 ], [ -15.5104476, 28.097507 ], [ -15.5105049, 28.0974978 ], [ -15.5105347, 28.0974932 ], [ -15.5105751, 28.097493 ], [ -15.510647, 28.0974882 ], [ -15.5107323, 28.0974879 ], [ -15.510891, 28.0974963 ], [ -15.5110949, 28.0974888 ], [ -15.5111502, 28.0974705 ], [ -15.5112146, 28.0974342 ], [ -15.5112653, 28.0973934 ], [ -15.5113007, 28.0973594 ], [ -15.5113755, 28.0972801 ], [ -15.5113815, 28.0972733 ], [ -15.5114248, 28.0972258 ], [ -15.5114713, 28.0971782 ], [ -15.5115071, 28.0971284 ], [ -15.5115604, 28.097038 ], [ -15.5116013, 28.0969498 ], [ -15.5116366, 28.096882 ], [ -15.511678, 28.0968119 ], [ -15.5117182, 28.0967688 ], [ -15.5117438, 28.0967417 ], [ -15.5117828, 28.0967122 ], [ -15.5118519, 28.096669 ], [ -15.5119458, 28.09661 ], [ -15.5119839, 28.0965851 ], [ -15.5120679, 28.0965193 ], [ -15.5121721, 28.0964354 ], [ -15.5121934, 28.0964195 ], [ -15.5122898, 28.0963582 ], [ -15.5123808, 28.0962992 ], [ -15.5124759, 28.0962402 ], [ -15.5125609, 28.0961812 ], [ -15.5126263, 28.0961516 ], [ -15.5127006, 28.0961333 ], [ -15.5128045, 28.0961081 ], [ -15.5129028, 28.0960851 ], [ -15.5132032, 28.0960456 ], [ -15.5132756, 28.0960273 ], [ -15.5132855, 28.0960228 ], [ -15.5133531, 28.096 ], [ -15.5133867, 28.095975 ], [ -15.513412, 28.0959433 ], [ -15.5134423, 28.0958913 ], [ -15.5134813, 28.0958099 ], [ -15.5135225, 28.0957082 ], [ -15.5135538, 28.0956539 ], [ -15.5135968, 28.0956109 ], [ -15.5137821, 28.0954364 ], [ -15.513841, 28.0953865 ], [ -15.5138489, 28.095382 ], [ -15.5138797, 28.0953593 ], [ -15.5139454, 28.0953342 ], [ -15.5140067, 28.0953205 ], [ -15.5141412, 28.0953042 ], [ -15.5142748, 28.0952901 ], [ -15.5143736, 28.0952762 ], [ -15.5144788, 28.0952533 ], [ -15.5145859, 28.0952213 ], [ -15.5146665, 28.0951916 ], [ -15.5147446, 28.095153 ], [ -15.5148124, 28.0951031 ], [ -15.5148314, 28.0950894 ], [ -15.5148856, 28.0950374 ], [ -15.5149495, 28.0949649 ], [ -15.5149697, 28.0949287 ], [ -15.5149863, 28.0948722 ], [ -15.5149852, 28.0948406 ], [ -15.5149221, 28.0946987 ], [ -15.5148893, 28.0946672 ], [ -15.5148159, 28.0946224 ], [ -15.5147441, 28.094591 ], [ -15.5147158, 28.0945776 ], [ -15.5146119, 28.0945532 ], [ -15.5145558, 28.0945241 ], [ -15.5145271, 28.0944971 ], [ -15.5144663, 28.0944318 ], [ -15.5144062, 28.0943689 ], [ -15.514355, 28.0943059 ], [ -15.5143169, 28.0942428 ], [ -15.5142703, 28.094146 ], [ -15.514256, 28.0940986 ], [ -15.5142537, 28.0940716 ], [ -15.5142609, 28.0940557 ], [ -15.5142714, 28.0940399 ], [ -15.5143131, 28.0939969 ], [ -15.5143664, 28.0939583 ], [ -15.5144238, 28.0939287 ], [ -15.514488, 28.093915 ], [ -15.5145481, 28.0939035 ], [ -15.5146171, 28.0939055 ], [ -15.5146582, 28.0939143 ], [ -15.514728, 28.0939367 ], [ -15.5148335, 28.0939814 ], [ -15.5149266, 28.0940352 ], [ -15.5149892, 28.0940778 ], [ -15.515067, 28.0941249 ], [ -15.5151206, 28.0941541 ], [ -15.5152325, 28.0942011 ], [ -15.5153278, 28.0942413 ], [ -15.515438, 28.094268 ], [ -15.5154895, 28.0942746 ], [ -15.5155709, 28.0942697 ], [ -15.5156425, 28.0942582 ], [ -15.5157066, 28.0942263 ], [ -15.515764, 28.0941877 ], [ -15.5158308, 28.0941266 ], [ -15.5159017, 28.0940496 ], [ -15.5159469, 28.0939885 ], [ -15.5160001, 28.0938867 ], [ -15.5160372, 28.0937986 ], [ -15.516081, 28.0937059 ], [ -15.5161175, 28.09362 ], [ -15.5161267, 28.0936064 ], [ -15.5161411, 28.093559 ], [ -15.5161727, 28.0934663 ], [ -15.5162035, 28.0933782 ], [ -15.5162419, 28.0932968 ], [ -15.516281, 28.0932177 ], [ -15.5163056, 28.0931837 ], [ -15.5163845, 28.0931112 ], [ -15.5164314, 28.0930749 ], [ -15.5165111, 28.0930385 ], [ -15.5166064, 28.0930043 ], [ -15.5167089, 28.0929724 ], [ -15.5167327, 28.0929632 ], [ -15.5167985, 28.0929359 ], [ -15.5168587, 28.0929018 ], [ -15.5168857, 28.0928769 ], [ -15.5169169, 28.0928271 ], [ -15.5169726, 28.0927569 ], [ -15.517045, 28.0926732 ], [ -15.5170993, 28.0925827 ], [ -15.5171307, 28.0924968 ], [ -15.5171649, 28.0924064 ], [ -15.5171918, 28.0923093 ], [ -15.517217, 28.0922596 ], [ -15.5172612, 28.0921781 ], [ -15.5172706, 28.0921623 ], [ -15.5173145, 28.0920854 ], [ -15.51737, 28.0919949 ], [ -15.5174304, 28.0919044 ], [ -15.5174787, 28.0918275 ], [ -15.5175237, 28.0917348 ], [ -15.5175626, 28.0916828 ], [ -15.5176325, 28.0916013 ], [ -15.5177063, 28.0915355 ], [ -15.5177544, 28.0914789 ], [ -15.5178053, 28.0914224 ], [ -15.5178882, 28.0913408 ], [ -15.5179354, 28.0912797 ], [ -15.5179483, 28.0912683 ], [ -15.5180051, 28.0911688 ], [ -15.5180512, 28.0910919 ], [ -15.5181017, 28.0910082 ], [ -15.5181483, 28.0909155 ], [ -15.5181864, 28.0908229 ], [ -15.5182771, 28.0906488 ], [ -15.5184167, 28.090488 ], [ -15.518453, 28.0904495 ], [ -15.5184923, 28.0904065 ], [ -15.5185489, 28.0903453 ], [ -15.5185814, 28.0903001 ], [ -15.5186127, 28.0902458 ], [ -15.5186804, 28.0901756 ], [ -15.5186943, 28.0901507 ], [ -15.5187056, 28.0901236 ], [ -15.5187063, 28.0900604 ], [ -15.5186978, 28.0900266 ], [ -15.5186983, 28.0899972 ], [ -15.5186819, 28.0899544 ], [ -15.518616, 28.0898102 ], [ -15.5185565, 28.089754 ], [ -15.518497, 28.089682 ], [ -15.5184385, 28.0896055 ], [ -15.5184114, 28.0895424 ], [ -15.5184004, 28.0894929 ], [ -15.5184003, 28.0894138 ], [ -15.5184113, 28.0893777 ], [ -15.5184305, 28.0893438 ], [ -15.518471, 28.089294 ], [ -15.5185131, 28.0892509 ], [ -15.5185356, 28.0892396 ], [ -15.5185499, 28.0892305 ], [ -15.5186578, 28.0891872 ], [ -15.5187535, 28.0891552 ], [ -15.5188532, 28.0891233 ], [ -15.5189033, 28.0890982 ], [ -15.5189816, 28.0890416 ], [ -15.5190196, 28.0890075 ], [ -15.5190414, 28.0889668 ], [ -15.5190507, 28.0889285 ], [ -15.5190554, 28.0888449 ], [ -15.5190549, 28.0887344 ], [ -15.5190516, 28.0886508 ], [ -15.5190559, 28.0886283 ], [ -15.5190508, 28.088538 ], [ -15.5190367, 28.0884681 ], [ -15.5190324, 28.0884298 ], [ -15.5190466, 28.088344 ], [ -15.5190708, 28.0882762 ], [ -15.5190948, 28.0882332 ], [ -15.5191555, 28.088154 ], [ -15.519218, 28.0880725 ], [ -15.5192711, 28.0879843 ], [ -15.51932, 28.0878984 ], [ -15.5193508, 28.0878328 ], [ -15.5193747, 28.0877695 ], [ -15.5193745, 28.0877289 ], [ -15.5193577, 28.0876748 ], [ -15.5193473, 28.0876387 ], [ -15.5193203, 28.0875824 ], [ -15.5192763, 28.08749 ], [ -15.5192212, 28.0873955 ], [ -15.5191686, 28.0873122 ], [ -15.5191332, 28.0872401 ], [ -15.5190914, 28.0871364 ], [ -15.5190863, 28.0870778 ], [ -15.5190662, 28.0869966 ], [ -15.5190548, 28.0869312 ], [ -15.5190503, 28.0868567 ], [ -15.519059, 28.0868184 ], [ -15.5190701, 28.0867326 ], [ -15.5191101, 28.0866647 ], [ -15.5191661, 28.0866013 ], [ -15.5192203, 28.086556 ], [ -15.5192482, 28.086531 ], [ -15.5192848, 28.0864813 ], [ -15.5193075, 28.0864315 ], [ -15.5193107, 28.0863796 ], [ -15.5193164, 28.0863638 ], [ -15.5193152, 28.0863277 ], [ -15.5193319, 28.0862712 ], [ -15.5193699, 28.086174 ], [ -15.5194066, 28.0860746 ], [ -15.5194278, 28.0860429 ], [ -15.5194718, 28.0860021 ], [ -15.5194945, 28.0859772 ], [ -15.51951, 28.0859591 ], [ -15.5195587, 28.0858935 ], [ -15.5195931, 28.0858279 ], [ -15.5196388, 28.0857465 ], [ -15.5196785, 28.0856673 ], [ -15.5197167, 28.0856063 ], [ -15.5197464, 28.08557 ], [ -15.5197667, 28.0855519 ], [ -15.5198364, 28.0854952 ], [ -15.5198883, 28.0854454 ], [ -15.5199557, 28.0853706 ], [ -15.5200269, 28.0852959 ], [ -15.5201111, 28.0852143 ], [ -15.5201358, 28.0851894 ], [ -15.5201849, 28.0851396 ], [ -15.5202117, 28.0850989 ], [ -15.5202549, 28.085013 ], [ -15.5203126, 28.0849224 ], [ -15.5203661, 28.0848591 ], [ -15.5204184, 28.0848183 ], [ -15.5205183, 28.0847502 ], [ -15.5206014, 28.0847025 ], [ -15.5206861, 28.0846547 ], [ -15.5207599, 28.0846048 ], [ -15.5208415, 28.0845616 ], [ -15.5208789, 28.0845457 ], [ -15.5209521, 28.0845477 ], [ -15.5210469, 28.0845586 ], [ -15.5210969, 28.0845697 ], [ -15.5211469, 28.0845808 ], [ -15.5211625, 28.084583 ], [ -15.5212739, 28.0846097 ], [ -15.5213758, 28.0846251 ], [ -15.5214309, 28.0846248 ], [ -15.5214715, 28.0846157 ], [ -15.5215548, 28.0845995 ], [ -15.5216707, 28.0845743 ], [ -15.5217384, 28.0845492 ], [ -15.5218351, 28.0844924 ], [ -15.521904, 28.0844696 ], [ -15.5219415, 28.0844672 ], [ -15.5219822, 28.084467 ], [ -15.5220317, 28.0844872 ], [ -15.5221137, 28.0845388 ], [ -15.5221452, 28.0845567 ], [ -15.5222379, 28.0845744 ], [ -15.5223104, 28.0845786 ], [ -15.5223333, 28.084574 ], [ -15.522373, 28.0845581 ], [ -15.5224002, 28.0845377 ], [ -15.5224696, 28.0844697 ], [ -15.5224984, 28.0844515 ], [ -15.5225752, 28.0844151 ], [ -15.5225962, 28.084406 ], [ -15.5226352, 28.0843946 ], [ -15.5227023, 28.0843921 ], [ -15.5227529, 28.0843874 ], [ -15.522797, 28.0843714 ], [ -15.5228557, 28.0843396 ], [ -15.5228896, 28.0843101 ], [ -15.5229326, 28.0842603 ], [ -15.5229821, 28.0841721 ], [ -15.5230167, 28.0840794 ], [ -15.5230552, 28.0840183 ], [ -15.5230805, 28.0839889 ], [ -15.5231112, 28.0839708 ], [ -15.5231845, 28.0839411 ], [ -15.5232316, 28.0839342 ], [ -15.5233277, 28.0839338 ], [ -15.5234505, 28.0839356 ], [ -15.5237411, 28.083921 ], [ -15.52377, 28.0839231 ], [ -15.5238384, 28.0839206 ], [ -15.5242194, 28.0839079 ], [ -15.5242417, 28.0839078 ], [ -15.5242976, 28.0839076 ], [ -15.5244039, 28.0839117 ], [ -15.5245258, 28.0839157 ], [ -15.5247812, 28.0839283 ], [ -15.5247908, 28.0839282 ], [ -15.5248569, 28.0839302 ], [ -15.5249466, 28.0839344 ], [ -15.5250398, 28.083934 ], [ -15.5251429, 28.0839359 ], [ -15.5252488, 28.083931 ], [ -15.5253512, 28.0839306 ], [ -15.5254065, 28.0839259 ], [ -15.5254342, 28.0839235 ], [ -15.5255394, 28.0839186 ], [ -15.5256224, 28.0839047 ], [ -15.5256885, 28.0838842 ], [ -15.5257763, 28.083841 ], [ -15.5258201, 28.0838047 ], [ -15.5258679, 28.0837639 ], [ -15.5258793, 28.0837526 ], [ -15.5258961, 28.0837344 ], [ -15.5259274, 28.0837027 ], [ -15.5259568, 28.0836755 ], [ -15.525997, 28.0836348 ], [ -15.526036, 28.0835985 ], [ -15.5260591, 28.0835781 ], [ -15.5260683, 28.0835713 ], [ -15.5261019, 28.0835418 ], [ -15.5261405, 28.0835101 ], [ -15.5261744, 28.0834829 ], [ -15.5261934, 28.0834715 ], [ -15.526228, 28.0834443 ], [ -15.5262946, 28.0833989 ], [ -15.5263355, 28.083383 ], [ -15.5263498, 28.0833784 ], [ -15.5263743, 28.0833693 ], [ -15.5264429, 28.0833509 ], [ -15.5265023, 28.0833439 ], [ -15.5265179, 28.0833439 ], [ -15.5265402, 28.0833461 ], [ -15.52658, 28.0833549 ], [ -15.5266335, 28.0833751 ], [ -15.5267033, 28.0834064 ], [ -15.5267759, 28.0834241 ], [ -15.5268781, 28.0834463 ], [ -15.5269784, 28.0834685 ], [ -15.5270507, 28.083475 ], [ -15.5271289, 28.0834724 ], [ -15.527183, 28.0834745 ], [ -15.5272949, 28.0834718 ], [ -15.5273699, 28.0834647 ], [ -15.5274099, 28.0834511 ], [ -15.5274394, 28.0834284 ], [ -15.527465, 28.0833967 ], [ -15.5274985, 28.0833356 ], [ -15.527553, 28.0832316 ], [ -15.5275631, 28.0832135 ], [ -15.5276133, 28.0831524 ], [ -15.5276624, 28.0831026 ], [ -15.5277014, 28.0830798 ], [ -15.5277576, 28.0830661 ], [ -15.5278085, 28.0830614 ], [ -15.5278585, 28.0830657 ], [ -15.52796, 28.0830856 ], [ -15.5280683, 28.0831123 ], [ -15.5281842, 28.0831344 ], [ -15.5282921, 28.0831543 ], [ -15.5283634, 28.0831585 ], [ -15.5283767, 28.0831607 ], [ -15.5284982, 28.0831557 ], [ -15.5286073, 28.0831463 ], [ -15.5287211, 28.0831368 ], [ -15.5288343, 28.0831296 ], [ -15.5289506, 28.0831202 ], [ -15.5290638, 28.0831129 ], [ -15.5291752, 28.0831148 ], [ -15.5292445, 28.08311 ], [ -15.5293086, 28.0830894 ], [ -15.5293289, 28.0830803 ], [ -15.5293521, 28.0830712 ], [ -15.529406, 28.0830304 ], [ -15.5294547, 28.0829828 ], [ -15.5295128, 28.0829487 ], [ -15.5295414, 28.0829418 ], [ -15.529584, 28.0829349 ], [ -15.5296409, 28.0829279 ], [ -15.5297251, 28.0829208 ], [ -15.529735, 28.0829208 ], [ -15.529839, 28.0829249 ], [ -15.5299125, 28.0829382 ], [ -15.5299874, 28.0829582 ], [ -15.5300843, 28.0830007 ], [ -15.5301002, 28.0830096 ], [ -15.5301787, 28.0830432 ], [ -15.5302845, 28.0830902 ], [ -15.5303795, 28.0831372 ], [ -15.5304502, 28.083164 ], [ -15.5305671, 28.0831951 ], [ -15.5306159, 28.0832062 ], [ -15.5306445, 28.0832129 ], [ -15.5307101, 28.0832239 ], [ -15.5308244, 28.0832551 ], [ -15.5308933, 28.0832796 ], [ -15.5309911, 28.0833176 ], [ -15.5310763, 28.0833715 ], [ -15.5311634, 28.083423 ], [ -15.5311745, 28.083432 ], [ -15.5312702, 28.0834881 ], [ -15.5313637, 28.0835419 ], [ -15.5314648, 28.0835956 ], [ -15.5315085, 28.0836158 ], [ -15.5315878, 28.0836425 ], [ -15.5316827, 28.0836625 ], [ -15.531769, 28.0836802 ], [ -15.5318428, 28.0836867 ], [ -15.5318526, 28.0836867 ], [ -15.5319226, 28.0836909 ], [ -15.5319939, 28.0836839 ], [ -15.5320844, 28.0836745 ], [ -15.5321827, 28.0836628 ], [ -15.5322911, 28.0836466 ], [ -15.5324033, 28.0836326 ], [ -15.5324831, 28.0836255 ], [ -15.5325581, 28.083623 ], [ -15.5326606, 28.0836316 ], [ -15.5326775, 28.0836383 ], [ -15.5327208, 28.0836562 ], [ -15.5327642, 28.0836786 ], [ -15.5328063, 28.0837078 ], [ -15.5328899, 28.0837639 ], [ -15.532984, 28.0838199 ], [ -15.5330775, 28.0838737 ], [ -15.5331802, 28.083923 ], [ -15.5332286, 28.0839386 ], [ -15.5332904, 28.0839564 ], [ -15.5333935, 28.0839763 ], [ -15.533511, 28.0840007 ], [ -15.5336059, 28.0840206 ], [ -15.5336167, 28.0840251 ], [ -15.533732, 28.084045 ], [ -15.5337832, 28.0840493 ], [ -15.5338318, 28.0840423 ], [ -15.5339176, 28.0840239 ], [ -15.5340355, 28.0839851 ], [ -15.5340917, 28.0839758 ], [ -15.5341286, 28.083978 ], [ -15.5341834, 28.0839913 ], [ -15.5342226, 28.0840069 ], [ -15.5342928, 28.0840608 ], [ -15.5343848, 28.0841372 ], [ -15.5344356, 28.0841731 ], [ -15.5344983, 28.0841977 ], [ -15.5346221, 28.084213 ], [ -15.5347144, 28.0842262 ], [ -15.5347937, 28.0842417 ], [ -15.5348033, 28.0842439 ], [ -15.5348832, 28.0842594 ], [ -15.5349557, 28.0842681 ], [ -15.53503, 28.0842859 ], [ -15.5351076, 28.0843014 ], [ -15.5351697, 28.0843147 ], [ -15.5352687, 28.0843188 ], [ -15.5353641, 28.0843229 ], [ -15.5354284, 28.0843362 ], [ -15.5354434, 28.0843407 ], [ -15.5355332, 28.0843629 ], [ -15.5355979, 28.0843897 ], [ -15.5356614, 28.0844188 ], [ -15.535698, 28.0844367 ], [ -15.5357497, 28.0844636 ], [ -15.5358185, 28.084495 ], [ -15.5358603, 28.0845173 ], [ -15.5359151, 28.0845397 ], [ -15.5359995, 28.0845665 ], [ -15.536119, 28.0846111 ], [ -15.536228, 28.0846513 ], [ -15.5363042, 28.0846804 ], [ -15.5363883, 28.0847048 ], [ -15.5364517, 28.0847204 ], [ -15.5364692, 28.0847271 ], [ -15.536546, 28.0847494 ], [ -15.5365997, 28.0847514 ], [ -15.5366391, 28.0847445 ], [ -15.5366515, 28.0847422 ], [ -15.5367436, 28.084717 ], [ -15.5367853, 28.0847078 ], [ -15.5368104, 28.0847009 ], [ -15.5368774, 28.0846894 ], [ -15.536921, 28.084687 ], [ -15.5370107, 28.0846911 ], [ -15.5370925, 28.0847021 ], [ -15.537145, 28.0847154 ], [ -15.5371919, 28.0847333 ], [ -15.5372346, 28.0847489 ], [ -15.5372964, 28.084769 ], [ -15.5374098, 28.0848024 ], [ -15.537435, 28.0848204 ], [ -15.5375078, 28.084881 ], [ -15.5375478, 28.084926 ], [ -15.53756, 28.0849463 ], [ -15.5375916, 28.0849687 ], [ -15.5376353, 28.0849979 ], [ -15.5376733, 28.085018 ], [ -15.5377274, 28.0850381 ], [ -15.5377682, 28.0850492 ], [ -15.5378781, 28.0850782 ], [ -15.5379151, 28.0850893 ], [ -15.5379762, 28.0851048 ], [ -15.5380686, 28.0851383 ], [ -15.53812, 28.0851742 ], [ -15.5381638, 28.0852102 ], [ -15.5381926, 28.0852575 ], [ -15.538217, 28.085307 ], [ -15.5382439, 28.0854017 ], [ -15.5382619, 28.0854354 ], [ -15.5382769, 28.0854535 ], [ -15.538317, 28.0855075 ], [ -15.5383649, 28.0855524 ], [ -15.5384042, 28.0855884 ], [ -15.5384569, 28.0856333 ], [ -15.538545, 28.0857029 ], [ -15.5385767, 28.0857411 ], [ -15.5385982, 28.0857839 ], [ -15.53864, 28.085865 ], [ -15.5386576, 28.0858988 ], [ -15.5386918, 28.0859348 ], [ -15.5387589, 28.0859796 ], [ -15.5388399, 28.0860358 ], [ -15.5389019, 28.0860716 ], [ -15.5389319, 28.0860941 ], [ -15.5389756, 28.086121 ], [ -15.5389963, 28.0861276 ], [ -15.5390141, 28.0861411 ], [ -15.5390387, 28.0861546 ], [ -15.5391385, 28.086197 ], [ -15.5392357, 28.0862283 ], [ -15.5393424, 28.0862639 ], [ -15.5394511, 28.0863087 ], [ -15.5395263, 28.08634 ], [ -15.5395356, 28.0863467 ], [ -15.5396209, 28.0863779 ], [ -15.5396987, 28.0864002 ], [ -15.5398076, 28.0864246 ], [ -15.5399215, 28.08644 ], [ -15.5400342, 28.0864576 ], [ -15.5401103, 28.0864663 ], [ -15.540207, 28.0864704 ], [ -15.5402951, 28.0864746 ], [ -15.540388, 28.0864833 ], [ -15.5404832, 28.0864897 ], [ -15.5405825, 28.0865051 ], [ -15.5406662, 28.0865137 ], [ -15.5407477, 28.086518 ], [ -15.5407969, 28.0865155 ], [ -15.540831, 28.0865154 ], [ -15.5408831, 28.0865084 ], [ -15.540953, 28.0864968 ], [ -15.5410252, 28.0864853 ], [ -15.541089, 28.0864692 ], [ -15.5411392, 28.0864623 ], [ -15.5411491, 28.08646 ], [ -15.5412133, 28.0864575 ], [ -15.5412496, 28.0864573 ], [ -15.5413173, 28.0864616 ], [ -15.541354, 28.0864682 ], [ -15.5414005, 28.0864748 ], [ -15.5415453, 28.0864945 ], [ -15.541593, 28.0864988 ], [ -15.5416634, 28.0865166 ], [ -15.5417246, 28.0865389 ], [ -15.5417969, 28.0865702 ], [ -15.5418646, 28.0866174 ], [ -15.5419329, 28.0866667 ], [ -15.541986, 28.086723 ], [ -15.5420401, 28.0867995 ], [ -15.5420729, 28.086867 ], [ -15.5421101, 28.0869211 ], [ -15.5421869, 28.087002 ], [ -15.5422479, 28.0870604 ], [ -15.5423675, 28.0871209 ], [ -15.542444, 28.0871522 ], [ -15.5425826, 28.087208 ], [ -15.5427731, 28.0872727 ], [ -15.5429016, 28.0873241 ], [ -15.5431052, 28.0874 ], [ -15.5433028, 28.0874647 ], [ -15.5434455, 28.0875025 ], [ -15.5436189, 28.0875221 ], [ -15.5437016, 28.0875218 ], [ -15.5439131, 28.0875142 ], [ -15.5440738, 28.0875384 ], [ -15.5441722, 28.0875583 ], [ -15.5443224, 28.0875645 ], [ -15.5444051, 28.0875596 ], [ -15.5445241, 28.0875118 ], [ -15.5446945, 28.0874276 ], [ -15.5448377, 28.0873706 ], [ -15.5450088, 28.087318 ], [ -15.5451948, 28.0872428 ], [ -15.5455297, 28.0871535 ], [ -15.5460322, 28.0870206 ], [ -15.5463165, 28.0869405 ], [ -15.5466579, 28.0868511 ], [ -15.5469719, 28.0867979 ], [ -15.5472163, 28.0867586 ], [ -15.54732, 28.0867582 ], [ -15.5473627, 28.0867625 ], [ -15.5474104, 28.0867601 ], [ -15.5474529, 28.0867487 ], [ -15.5474898, 28.0867372 ], [ -15.5475771, 28.0867008 ], [ -15.5476266, 28.086678 ], [ -15.5477071, 28.0866348 ], [ -15.5477585, 28.0866097 ], [ -15.5478242, 28.0865779 ], [ -15.5478439, 28.0865665 ], [ -15.5478747, 28.0865461 ], [ -15.5479333, 28.086512 ], [ -15.5479701, 28.0864916 ], [ -15.5480117, 28.0864688 ], [ -15.5480532, 28.0864484 ], [ -15.5480929, 28.0864279 ], [ -15.5481306, 28.0864074 ], [ -15.5481684, 28.0863847 ], [ -15.5482067, 28.0863597 ], [ -15.5482489, 28.0863347 ], [ -15.5482889, 28.0863098 ], [ -15.5483002, 28.0863029 ], [ -15.5483285, 28.0862848 ], [ -15.5483637, 28.0862643 ], [ -15.5484033, 28.0862416 ], [ -15.5484144, 28.0862348 ], [ -15.5484439, 28.0862166 ], [ -15.5484845, 28.0861916 ], [ -15.5485298, 28.0861621 ], [ -15.5485587, 28.0861417 ], [ -15.5485989, 28.0861144 ], [ -15.548636, 28.0860894 ], [ -15.5486734, 28.0860622 ], [ -15.5487146, 28.086035 ], [ -15.5487416, 28.0860191 ], [ -15.5487511, 28.0860145 ], [ -15.5487841, 28.0859986 ], [ -15.5488161, 28.0859782 ], [ -15.5488466, 28.08596 ], [ -15.5488833, 28.085935 ], [ -15.5489179, 28.0859101 ], [ -15.5489544, 28.0858873 ], [ -15.5489886, 28.0858669 ], [ -15.5490235, 28.0858419 ], [ -15.5490497, 28.0858147 ], [ -15.5490756, 28.0857831 ], [ -15.549105, 28.0857513 ], [ -15.5491117, 28.0857423 ], [ -15.5491278, 28.0857197 ], [ -15.5491527, 28.0856857 ], [ -15.5491822, 28.0856517 ], [ -15.5492033, 28.08562 ], [ -15.5492194, 28.0855974 ], [ -15.5492352, 28.0855815 ], [ -15.549265, 28.0855453 ], [ -15.5492934, 28.0855136 ], [ -15.5493241, 28.0854819 ], [ -15.5493314, 28.0854728 ], [ -15.5493428, 28.0854593 ], [ -15.5493763, 28.0854208 ], [ -15.5494066, 28.0853732 ], [ -15.5494287, 28.0853438 ], [ -15.5494379, 28.0853348 ], [ -15.5494736, 28.0852917 ], [ -15.5495024, 28.0852532 ], [ -15.5495342, 28.085199 ], [ -15.5495812, 28.0851198 ], [ -15.549628, 28.0850609 ], [ -15.5496399, 28.0850428 ], [ -15.5496557, 28.0850157 ], [ -15.5496673, 28.0849863 ], [ -15.5496677, 28.0849366 ], [ -15.549649, 28.0848239 ], [ -15.5496488, 28.0847178 ], [ -15.5496612, 28.0846636 ], [ -15.5496776, 28.084632 ], [ -15.5497309, 28.0845347 ], [ -15.5497431, 28.0844872 ], [ -15.5497259, 28.0843091 ], [ -15.5497287, 28.0842955 ], [ -15.5497617, 28.0842818 ], [ -15.5497791, 28.0842659 ], [ -15.549786, 28.0842479 ], [ -15.5497952, 28.0841801 ], [ -15.5498035, 28.0841124 ], [ -15.5498145, 28.0840266 ], [ -15.5498225, 28.0839724 ], [ -15.5498318, 28.083925 ], [ -15.5498457, 28.0838572 ], [ -15.5498551, 28.0838166 ], [ -15.549865, 28.0837714 ], [ -15.5498712, 28.0837398 ], [ -15.5498805, 28.0836743 ], [ -15.5498896, 28.0835998 ], [ -15.549896, 28.0835501 ], [ -15.5499081, 28.0834846 ], [ -15.5499199, 28.0834259 ], [ -15.5499314, 28.0833762 ], [ -15.5499452, 28.08334 ], [ -15.5499587, 28.0833061 ], [ -15.5499798, 28.0832609 ], [ -15.5500113, 28.0832043 ], [ -15.5500453, 28.0831433 ], [ -15.5501075, 28.0830482 ], [ -15.5501693, 28.0829397 ], [ -15.5501848, 28.0829103 ], [ -15.5501847, 28.0828922 ], [ -15.5501782, 28.0828674 ], [ -15.5501896, 28.0828561 ], [ -15.5502127, 28.0828289 ], [ -15.5502664, 28.0827633 ], [ -15.5502948, 28.0827203 ], [ -15.5503036, 28.0827067 ], [ -15.5503283, 28.0826727 ], [ -15.5503545, 28.0826388 ], [ -15.5503826, 28.0826026 ], [ -15.5504183, 28.0825573 ], [ -15.5504493, 28.0825166 ], [ -15.550479, 28.0824803 ], [ -15.5505036, 28.0824486 ], [ -15.5505292, 28.0824102 ], [ -15.5505545, 28.0823717 ], [ -15.5505677, 28.0823513 ], [ -15.55058, 28.0823332 ], [ -15.5505962, 28.0823106 ], [ -15.5506315, 28.0822563 ], [ -15.5506526, 28.0822223 ], [ -15.5506728, 28.0821884 ], [ -15.5506949, 28.08215 ], [ -15.5507151, 28.0821206 ], [ -15.5507293, 28.0821002 ], [ -15.5508348, 28.0820275 ], [ -15.5509421, 28.0819843 ], [ -15.5510482, 28.0819477 ], [ -15.5511282, 28.0819293 ], [ -15.5512547, 28.0819153 ], [ -15.5513654, 28.0819081 ], [ -15.5514675, 28.0819076 ], [ -15.5515741, 28.0819095 ], [ -15.5516526, 28.0819069 ], [ -15.5516999, 28.0818977 ], [ -15.5517431, 28.0818795 ], [ -15.5518475, 28.0818271 ], [ -15.5519358, 28.0818042 ], [ -15.5520285, 28.0817745 ], [ -15.5521126, 28.0817358 ], [ -15.5521646, 28.0817062 ], [ -15.5521909, 28.0816813 ], [ -15.5523484, 28.0815205 ], [ -15.5524591, 28.0813959 ], [ -15.5525666, 28.0812623 ], [ -15.5526559, 28.081113 ], [ -15.5527661, 28.080844 ], [ -15.5528584, 28.0806067 ], [ -15.5529445, 28.0804055 ], [ -15.5530409, 28.0801546 ], [ -15.553141, 28.0800165 ], [ -15.5532226, 28.0799214 ], [ -15.5534139, 28.0798214 ], [ -15.5535668, 28.0797463 ], [ -15.5537472, 28.0796485 ], [ -15.5539421, 28.0795687 ], [ -15.5541924, 28.0794459 ], [ -15.554373, 28.0793707 ], [ -15.5545225, 28.0793159 ], [ -15.5546998, 28.0792181 ], [ -15.5549652, 28.0790568 ], [ -15.5551455, 28.078923 ], [ -15.5553505, 28.0787754 ], [ -15.5555798, 28.0786481 ], [ -15.5557641, 28.0785458 ], [ -15.5560489, 28.078389 ], [ -15.5561803, 28.0782801 ], [ -15.5562841, 28.0781059 ], [ -15.556401, 28.0777714 ], [ -15.5565037, 28.0774618 ], [ -15.5565718, 28.0771637 ], [ -15.5565958, 28.0770643 ], [ -15.5566084, 28.0768566 ], [ -15.5566002, 28.0765633 ], [ -15.556539, 28.0761618 ], [ -15.5564678, 28.0758755 ], [ -15.5563717, 28.0754313 ], [ -15.5563146, 28.0751314 ], [ -15.5562365, 28.0748654 ], [ -15.5561622, 28.0747055 ], [ -15.5564185, 28.0745014 ], [ -15.5566094, 28.0743923 ], [ -15.5568351, 28.0742469 ], [ -15.5569877, 28.074129 ], [ -15.5571232, 28.0740111 ], [ -15.5572963, 28.0738343 ], [ -15.5574072, 28.0736917 ], [ -15.5575025, 28.0735378 ], [ -15.5575816, 28.0733525 ], [ -15.5576574, 28.0731694 ], [ -15.5577467, 28.0729681 ], [ -15.5578157, 28.0728031 ], [ -15.5578569, 28.0726991 ], [ -15.5579222, 28.0725432 ], [ -15.5577802, 28.0724986 ], [ -15.5577196, 28.0724808 ], [ -15.557641, 28.0724631 ], [ -15.5574691, 28.0724389 ], [ -15.5574274, 28.0724278 ], [ -15.5573758, 28.0724168 ], [ -15.5573634, 28.0724123 ], [ -15.5573338, 28.0724057 ], [ -15.5573096, 28.072399 ], [ -15.5572838, 28.0723946 ], [ -15.5572637, 28.0723879 ], [ -15.5572344, 28.072379 ], [ -15.557216, 28.0723745 ], [ -15.5571886, 28.0723701 ], [ -15.5571612, 28.0723635 ], [ -15.5571354, 28.0723613 ], [ -15.5571128, 28.0723569 ], [ -15.5570943, 28.0723525 ], [ -15.5570711, 28.0723503 ], [ -15.55703, 28.0723414 ], [ -15.5569922, 28.0723371 ], [ -15.5569531, 28.0723327 ], [ -15.5569254, 28.0723329 ], [ -15.5568967, 28.072333 ], [ -15.5568675, 28.0723285 ], [ -15.5568331, 28.0723287 ], [ -15.5568, 28.0723288 ], [ -15.5567688, 28.0723244 ], [ -15.5567122, 28.0723111 ], [ -15.5566724, 28.0723 ], [ -15.5566173, 28.072289 ], [ -15.5565628, 28.0722734 ], [ -15.5565348, 28.0722667 ], [ -15.5564989, 28.0722714 ], [ -15.5564773, 28.0722737 ], [ -15.5563934, 28.0722786 ], [ -15.5563593, 28.0722697 ], [ -15.5563335, 28.072263 ], [ -15.5563198, 28.0722608 ], [ -15.5562755, 28.0722452 ], [ -15.5562302, 28.0722273 ], [ -15.5561834, 28.0722117 ], [ -15.556127, 28.0721961 ], [ -15.5561165, 28.0721939 ], [ -15.5560659, 28.0721829 ], [ -15.5560204, 28.0721763 ], [ -15.5559787, 28.0721697 ], [ -15.5559402, 28.0721653 ], [ -15.5559189, 28.0721609 ], [ -15.5558985, 28.0721565 ], [ -15.5558704, 28.0721476 ], [ -15.5558491, 28.0721408 ], [ -15.5558399, 28.0721364 ], [ -15.5558151, 28.0721342 ], [ -15.5557982, 28.072132 ], [ -15.5557718, 28.0721276 ], [ -15.5557555, 28.0721277 ], [ -15.5557384, 28.0721278 ], [ -15.5557085, 28.0721279 ], [ -15.5556776, 28.072128 ], [ -15.5556471, 28.0721304 ], [ -15.555616, 28.0721328 ], [ -15.5555692, 28.072142 ], [ -15.5555257, 28.0721512 ], [ -15.5554793, 28.0721604 ], [ -15.555424, 28.0721674 ], [ -15.5553729, 28.0721766 ], [ -15.5552784, 28.0721793 ], [ -15.5552291, 28.0721727 ], [ -15.555176, 28.0721729 ], [ -15.55512, 28.0721732 ], [ -15.5550694, 28.0721688 ], [ -15.5550169, 28.0721668 ], [ -15.5549593, 28.0721603 ], [ -15.5549176, 28.0721559 ], [ -15.5548986, 28.072156 ], [ -15.554861, 28.0721516 ], [ -15.5548079, 28.0721473 ], [ -15.5547503, 28.0721408 ], [ -15.5546975, 28.0721342 ], [ -15.5546883, 28.0721343 ], [ -15.5546599, 28.0721321 ], [ -15.5546151, 28.07213 ], [ -15.5545791, 28.0721302 ], [ -15.5545511, 28.0721303 ], [ -15.5545238, 28.0721304 ], [ -15.5544926, 28.0721305 ], [ -15.5544513, 28.0721307 ], [ -15.5544189, 28.0721354 ], [ -15.554395, 28.0721377 ], [ -15.5543661, 28.0721401 ], [ -15.5543263, 28.0721357 ], [ -15.5542751, 28.0721247 ], [ -15.5542197, 28.0721136 ], [ -15.5541789, 28.0720957 ], [ -15.5541454, 28.0720778 ], [ -15.5541237, 28.0720621 ], [ -15.5540698, 28.0720352 ], [ -15.5540137, 28.0720129 ], [ -15.5539551, 28.0719973 ], [ -15.5538987, 28.0719727 ], [ -15.5538846, 28.0719638 ], [ -15.5538394, 28.0719414 ], [ -15.5537832, 28.0719032 ], [ -15.5537122, 28.0718358 ], [ -15.5536567, 28.0717886 ], [ -15.5536114, 28.0717685 ], [ -15.553571, 28.0717596 ], [ -15.5535156, 28.0717441 ], [ -15.5534411, 28.0717286 ], [ -15.5533602, 28.0717176 ], [ -15.5532918, 28.0717066 ], [ -15.55326, 28.0717068 ], [ -15.5532275, 28.0717046 ], [ -15.5531429, 28.071705 ], [ -15.5530379, 28.0716941 ], [ -15.5529364, 28.0716765 ], [ -15.5528291, 28.0716521 ], [ -15.5527577, 28.071632 ], [ -15.5527256, 28.0716231 ], [ -15.552623, 28.0715987 ], [ -15.5525419, 28.0715833 ], [ -15.552461, 28.0715678 ], [ -15.5523907, 28.0715568 ], [ -15.5523054, 28.0715458 ], [ -15.5522627, 28.071537 ], [ -15.5522038, 28.0715282 ], [ -15.5520937, 28.0715038 ], [ -15.5519985, 28.0714839 ], [ -15.5518871, 28.0714686 ], [ -15.5517836, 28.0714509 ], [ -15.5516728, 28.071431 ], [ -15.5515878, 28.0714066 ], [ -15.5515773, 28.0714044 ], [ -15.5515047, 28.0713866 ], [ -15.5514209, 28.0713598 ], [ -15.5513588, 28.0713398 ], [ -15.5513489, 28.0713353 ], [ -15.5513206, 28.0713241 ], [ -15.5512954, 28.0713152 ], [ -15.5511686, 28.0712751 ], [ -15.5509176, 28.0711881 ], [ -15.550578, 28.0710202 ], [ -15.5502118, 28.070814 ], [ -15.5498711, 28.0706078 ], [ -15.549684, 28.0705228 ], [ -15.5495659, 28.0704894 ], [ -15.5494334, 28.0704493 ], [ -15.5492775, 28.0703845 ], [ -15.5488533, 28.0701357 ], [ -15.5484772, 28.0699115 ], [ -15.5480315, 28.0697057 ], [ -15.5477168, 28.0695512 ], [ -15.5473496, 28.0693789 ], [ -15.5470875, 28.0692446 ], [ -15.5468428, 28.0691552 ], [ -15.5465983, 28.0691066 ], [ -15.5462407, 28.0690787 ], [ -15.5461902, 28.0690879 ], [ -15.5459589, 28.069064 ], [ -15.5456274, 28.0690473 ], [ -15.5451695, 28.0689949 ], [ -15.5448772, 28.0689261 ], [ -15.5443129, 28.0687771 ], [ -15.5441204, 28.0686922 ], [ -15.5439283, 28.068623 ], [ -15.5434746, 28.0685277 ], [ -15.5430684, 28.0683826 ], [ -15.5428979, 28.0683134 ], [ -15.5428233, 28.068273 ], [ -15.5427585, 28.0682394 ], [ -15.54267, 28.0683345 ], [ -15.5423252, 28.0686948 ], [ -15.5421477, 28.0688828 ], [ -15.5419032, 28.0691433 ], [ -15.5418406, 28.0692225 ], [ -15.5417139, 28.0693855 ], [ -15.5416305, 28.0695009 ], [ -15.5414953, 28.0696797 ], [ -15.5414562, 28.0696776 ], [ -15.5413671, 28.0696734 ], [ -15.5412821, 28.0696648 ], [ -15.5411784, 28.0696652 ], [ -15.541023, 28.0696793 ], [ -15.5409054, 28.069691 ], [ -15.5407684, 28.0697052 ], [ -15.5406057, 28.0697351 ], [ -15.5405022, 28.0697581 ], [ -15.5404135, 28.0697788 ], [ -15.5402953, 28.0698018 ], [ -15.5401768, 28.0698226 ], [ -15.5400262, 28.0698502 ], [ -15.5399445, 28.0698551 ], [ -15.5399343, 28.0698551 ], [ -15.5399206, 28.0698552 ], [ -15.5398946, 28.0698553 ], [ -15.5398726, 28.0698508 ], [ -15.5398592, 28.0698464 ], [ -15.5398382, 28.0698375 ], [ -15.5397894, 28.0698151 ], [ -15.5397754, 28.0698083 ], [ -15.539761, 28.0697994 ], [ -15.5397152, 28.069795 ], [ -15.539698, 28.0697951 ], [ -15.5396774, 28.0697952 ], [ -15.5396618, 28.0697953 ], [ -15.5396093, 28.0698 ], [ -15.5395674, 28.0698069 ], [ -15.5394705, 28.0698253 ], [ -15.5394263, 28.0698323 ], [ -15.5393704, 28.0698461 ], [ -15.5393612, 28.0698484 ], [ -15.5393247, 28.069862 ], [ -15.5392577, 28.0698916 ], [ -15.53922, 28.0699098 ], [ -15.5392079, 28.0699144 ], [ -15.5391527, 28.0699394 ], [ -15.5391115, 28.0699576 ], [ -15.539087, 28.069969 ], [ -15.5390667, 28.0699781 ], [ -15.5389979, 28.07001 ], [ -15.5389887, 28.0700123 ], [ -15.5389461, 28.0700305 ], [ -15.5388931, 28.0700533 ], [ -15.5388677, 28.0700647 ], [ -15.5388426, 28.0700738 ], [ -15.5387957, 28.0700875 ], [ -15.5387753, 28.0700944 ], [ -15.538757, 28.0701012 ], [ -15.5387341, 28.0701148 ], [ -15.5387072, 28.0701285 ], [ -15.5386903, 28.0701376 ], [ -15.5386719, 28.0701467 ], [ -15.5386038, 28.0701831 ], [ -15.5385793, 28.0701967 ], [ -15.5385539, 28.0702103 ], [ -15.5385073, 28.0702399 ], [ -15.5384851, 28.0702557 ], [ -15.5384636, 28.0702671 ], [ -15.5384192, 28.0702966 ], [ -15.5383958, 28.0703103 ], [ -15.5383694, 28.0703261 ], [ -15.5383495, 28.0703398 ], [ -15.5382953, 28.0703783 ], [ -15.5382709, 28.0703965 ], [ -15.5382585, 28.0704078 ], [ -15.5382031, 28.0704577 ], [ -15.538181, 28.0704781 ], [ -15.5381575, 28.0704962 ], [ -15.5381477, 28.070503 ], [ -15.5380691, 28.0705575 ], [ -15.5380375, 28.0705486 ], [ -15.538008, 28.0705465 ], [ -15.5379663, 28.0705512 ], [ -15.5379432, 28.070558 ], [ -15.5379178, 28.0705694 ], [ -15.5378803, 28.0705876 ], [ -15.5378552, 28.0705967 ], [ -15.5378457, 28.0706013 ], [ -15.537813, 28.0706195 ], [ -15.5377664, 28.0706399 ], [ -15.537735, 28.0706559 ], [ -15.5376833, 28.0706877 ], [ -15.5376062, 28.0707286 ], [ -15.5375514, 28.0707581 ], [ -15.5374981, 28.0707854 ], [ -15.5374019, 28.0708197 ], [ -15.5373488, 28.0708311 ], [ -15.5373145, 28.070838 ], [ -15.5372128, 28.0708565 ], [ -15.5370647, 28.0708752 ], [ -15.5370495, 28.0708775 ], [ -15.5367422, 28.0709215 ], [ -15.5366996, 28.0709307 ], [ -15.5366907, 28.0709398 ], [ -15.536679, 28.0709444 ], [ -15.536625, 28.0709671 ], [ -15.536593, 28.0709853 ], [ -15.5365622, 28.0710035 ], [ -15.5365318, 28.0710262 ], [ -15.5365198, 28.0710352 ], [ -15.5364995, 28.0710488 ], [ -15.536464, 28.0710738 ], [ -15.5364307, 28.071101 ], [ -15.5364079, 28.0711192 ], [ -15.5363858, 28.0711373 ], [ -15.5363551, 28.0711645 ], [ -15.5363262, 28.071194 ], [ -15.5362965, 28.0712257 ], [ -15.5362697, 28.0712574 ], [ -15.5362614, 28.0712687 ], [ -15.5362463, 28.0712891 ], [ -15.5362238, 28.071323 ], [ -15.5362008, 28.0713569 ], [ -15.5361673, 28.0714022 ], [ -15.536155, 28.0714181 ], [ -15.5361348, 28.0714429 ], [ -15.5361088, 28.0714701 ], [ -15.5360265, 28.0715359 ], [ -15.5359606, 28.0715926 ], [ -15.5359261, 28.0716266 ], [ -15.5358917, 28.0716718 ], [ -15.5358607, 28.0717216 ], [ -15.5358462, 28.0717397 ], [ -15.5358345, 28.0717533 ], [ -15.5357955, 28.0717918 ], [ -15.5357667, 28.0718145 ], [ -15.5357397, 28.0718281 ], [ -15.5357157, 28.0718395 ], [ -15.535689, 28.0718509 ], [ -15.5356579, 28.0718601 ], [ -15.5356483, 28.0718646 ], [ -15.5356261, 28.0718737 ], [ -15.5355852, 28.0718897 ], [ -15.5355493, 28.0719034 ], [ -15.5355357, 28.0719102 ], [ -15.535523, 28.0719148 ], [ -15.5354134, 28.0719423 ], [ -15.5353641, 28.0719515 ], [ -15.5353292, 28.0719629 ], [ -15.5352937, 28.0719766 ], [ -15.5352753, 28.0719857 ], [ -15.5352518, 28.0719948 ], [ -15.5352064, 28.0720175 ], [ -15.5351959, 28.0720221 ], [ -15.5351683, 28.0720358 ], [ -15.53511, 28.0720653 ], [ -15.5350732, 28.0720925 ], [ -15.5350183, 28.0721221 ], [ -15.5349774, 28.0721448 ], [ -15.534966, 28.0721516 ], [ -15.5349756, 28.0721629 ], [ -15.5350089, 28.0722169 ], [ -15.5350282, 28.072262 ], [ -15.5350445, 28.0723318 ], [ -15.5350469, 28.0724266 ], [ -15.535034, 28.0725237 ], [ -15.535029, 28.0726185 ], [ -15.5350251, 28.0727156 ], [ -15.5350146, 28.0727901 ], [ -15.5349936, 28.0728466 ], [ -15.5349769, 28.0728783 ], [ -15.5349596, 28.0729099 ], [ -15.5349201, 28.0729665 ], [ -15.5348612, 28.0730276 ], [ -15.5348058, 28.073064 ], [ -15.5347334, 28.0730936 ], [ -15.5346308, 28.0731233 ], [ -15.5345213, 28.0731576 ], [ -15.534465, 28.0731623 ], [ -15.5343508, 28.073156 ], [ -15.5342502, 28.0731429 ], [ -15.5341436, 28.073132 ], [ -15.534038, 28.0731234 ], [ -15.533926, 28.073117 ], [ -15.5338668, 28.073115 ], [ -15.5338052, 28.0731288 ], [ -15.5337697, 28.073147 ], [ -15.5337295, 28.0731878 ], [ -15.5336913, 28.0732398 ], [ -15.5336677, 28.0732918 ], [ -15.5336573, 28.0733167 ], [ -15.5336237, 28.0734093 ], [ -15.5335851, 28.0735043 ], [ -15.533549, 28.0735947 ], [ -15.5335169, 28.0736828 ], [ -15.5334799, 28.0737755 ], [ -15.533449, 28.073832 ], [ -15.5334246, 28.0738547 ], [ -15.5333793, 28.0738842 ], [ -15.5333212, 28.0739002 ], [ -15.533243, 28.0739051 ], [ -15.5331348, 28.0739032 ], [ -15.5330387, 28.07389 ], [ -15.5329253, 28.0738612 ], [ -15.5328266, 28.0738367 ], [ -15.5327215, 28.0738055 ], [ -15.5326343, 28.0737788 ], [ -15.5325725, 28.0737745 ], [ -15.5324698, 28.0737772 ], [ -15.5324091, 28.0737864 ], [ -15.5323485, 28.0738092 ], [ -15.5322529, 28.0738547 ], [ -15.5321546, 28.0739115 ], [ -15.5321344, 28.0739274 ], [ -15.5320697, 28.0739751 ], [ -15.5320362, 28.0740113 ], [ -15.5319809, 28.0740882 ], [ -15.531945, 28.074147 ], [ -15.531922, 28.0741968 ], [ -15.5319203, 28.0742442 ], [ -15.5319342, 28.0742938 ], [ -15.5319573, 28.0743343 ], [ -15.5320296, 28.0744153 ], [ -15.5321092, 28.0744962 ], [ -15.5321719, 28.0745704 ], [ -15.532235, 28.0746537 ], [ -15.5322872, 28.0747347 ], [ -15.5323382, 28.0748203 ], [ -15.5323605, 28.0748879 ], [ -15.5323597, 28.0749285 ], [ -15.5323547, 28.0749421 ], [ -15.5323459, 28.0749669 ], [ -15.5322853, 28.0750507 ], [ -15.5322141, 28.0751254 ], [ -15.5321621, 28.0751662 ], [ -15.5321167, 28.075189 ], [ -15.5320707, 28.0752005 ], [ -15.5319931, 28.0752098 ], [ -15.5319603, 28.0752077 ], [ -15.5318916, 28.0751921 ], [ -15.5318125, 28.0751518 ], [ -15.5317222, 28.0750935 ], [ -15.531635, 28.0750239 ], [ -15.5315552, 28.074961 ], [ -15.5314875, 28.0749116 ], [ -15.531403, 28.0748555 ], [ -15.5313436, 28.0748038 ], [ -15.5312771, 28.0747364 ], [ -15.5312072, 28.074687 ], [ -15.5311319, 28.0746354 ], [ -15.531099, 28.0746062 ], [ -15.5310676, 28.0745612 ], [ -15.5310357, 28.0744823 ], [ -15.5309893, 28.0744125 ], [ -15.5309599, 28.0743833 ], [ -15.5309079, 28.0743541 ], [ -15.5308458, 28.0743318 ], [ -15.5307929, 28.0743275 ], [ -15.5307121, 28.0743301 ], [ -15.5305933, 28.0743441 ], [ -15.5304932, 28.0743535 ], [ -15.5303806, 28.0743539 ], [ -15.5303026, 28.0743497 ], [ -15.5302224, 28.0743342 ], [ -15.5302125, 28.074332 ], [ -15.5301656, 28.0743074 ], [ -15.5300942, 28.0742603 ], [ -15.5300712, 28.0742356 ], [ -15.5300551, 28.074204 ], [ -15.5300463, 28.0741566 ], [ -15.5300485, 28.0740934 ], [ -15.5300623, 28.0739896 ], [ -15.5300626, 28.0739083 ], [ -15.530055, 28.0738542 ], [ -15.5300347, 28.0737979 ], [ -15.5300093, 28.0737528 ], [ -15.5299716, 28.0737146 ], [ -15.5299448, 28.0736944 ], [ -15.5298983, 28.0736788 ], [ -15.529848, 28.07367 ], [ -15.5297952, 28.0736747 ], [ -15.5297463, 28.0736929 ], [ -15.5296556, 28.0737497 ], [ -15.5295669, 28.073811 ], [ -15.5295178, 28.0738563 ], [ -15.5294944, 28.0738767 ], [ -15.5294204, 28.0739559 ], [ -15.5293698, 28.0740171 ], [ -15.5293335, 28.0740804 ], [ -15.5293204, 28.0741279 ], [ -15.5293113, 28.0741595 ], [ -15.5292792, 28.0742295 ], [ -15.5292256, 28.0743223 ], [ -15.5291868, 28.0743834 ], [ -15.5291383, 28.074431 ], [ -15.5290978, 28.0744627 ], [ -15.5290534, 28.0744877 ], [ -15.5290045, 28.0745037 ], [ -15.5289511, 28.0745084 ], [ -15.528849, 28.0745066 ], [ -15.5287758, 28.0744978 ], [ -15.5287169, 28.0744822 ], [ -15.5286742, 28.0744643 ], [ -15.5286518, 28.0744441 ], [ -15.5286371, 28.0744216 ], [ -15.5286303, 28.0743923 ], [ -15.5286291, 28.0743607 ], [ -15.5286447, 28.074302 ], [ -15.5286835, 28.0742183 ], [ -15.5287339, 28.0741234 ], [ -15.5287688, 28.074051 ], [ -15.5287767, 28.0740374 ], [ -15.528808, 28.0739403 ], [ -15.528797, 28.0738839 ], [ -15.5287775, 28.0738027 ], [ -15.528708, 28.0736427 ], [ -15.528642, 28.0735437 ], [ -15.5285816, 28.0734966 ], [ -15.5285157, 28.0734652 ], [ -15.528408, 28.0734273 ], [ -15.5283076, 28.0733825 ], [ -15.5282056, 28.0733378 ], [ -15.5281074, 28.0732885 ], [ -15.5280472, 28.0732662 ], [ -15.5280112, 28.0732618 ], [ -15.5279947, 28.0732596 ], [ -15.5275659, 28.0732409 ], [ -15.5274571, 28.0732414 ], [ -15.5273811, 28.0732529 ], [ -15.5272785, 28.0732759 ], [ -15.5272125, 28.0732965 ], [ -15.5271204, 28.0733352 ], [ -15.527057, 28.073376 ], [ -15.5269714, 28.0734396 ], [ -15.5268862, 28.0734963 ], [ -15.5267923, 28.0735373 ], [ -15.5266906, 28.073567 ], [ -15.5266227, 28.0735876 ], [ -15.5265762, 28.07359 ], [ -15.5264636, 28.0735882 ], [ -15.5263997, 28.0735884 ], [ -15.5263571, 28.0735886 ], [ -15.5262531, 28.0736003 ], [ -15.5261992, 28.0736186 ], [ -15.5261557, 28.0736458 ], [ -15.5261377, 28.0736639 ], [ -15.5261064, 28.0737001 ], [ -15.526052, 28.0738358 ], [ -15.5260071, 28.073951 ], [ -15.5259366, 28.0741025 ], [ -15.5258853, 28.0742065 ], [ -15.5257072, 28.0742771 ], [ -15.5254935, 28.0743457 ], [ -15.5252934, 28.0743983 ], [ -15.5249924, 28.0744943 ], [ -15.524853, 28.0745535 ], [ -15.524795, 28.0746011 ], [ -15.5247761, 28.0746892 ], [ -15.5247862, 28.0748065 ], [ -15.524819, 28.0748898 ], [ -15.5248712, 28.0749619 ], [ -15.5250047, 28.0750719 ], [ -15.525138, 28.0751482 ], [ -15.5252583, 28.075229 ], [ -15.5253622, 28.0752827 ], [ -15.5254306, 28.0753502 ], [ -15.5254472, 28.0754246 ], [ -15.5254444, 28.0755013 ], [ -15.5253929, 28.0755737 ], [ -15.5252928, 28.0756598 ], [ -15.5251602, 28.075719 ], [ -15.5250694, 28.0757645 ], [ -15.5250147, 28.0758302 ], [ -15.5249762, 28.0758822 ], [ -15.524854, 28.0760001 ], [ -15.5246506, 28.076161 ], [ -15.5244922, 28.0762813 ], [ -15.5244244, 28.0763537 ], [ -15.5243924, 28.0764283 ], [ -15.52438, 28.0765142 ], [ -15.5244065, 28.0766517 ], [ -15.5244821, 28.0768455 ], [ -15.5245088, 28.0770214 ], [ -15.5245202, 28.07722 ], [ -15.524531, 28.077475 ], [ -15.5245128, 28.0777165 ], [ -15.5244872, 28.0778181 ], [ -15.5244487, 28.0778905 ], [ -15.5243842, 28.0779584 ], [ -15.5243132, 28.0780106 ], [ -15.5242291, 28.0780516 ], [ -15.5241255, 28.078061 ], [ -15.5240507, 28.0780613 ], [ -15.5239565, 28.0780278 ], [ -15.5238621, 28.0779221 ], [ -15.5237674, 28.0778096 ], [ -15.523699, 28.0777467 ], [ -15.5236276, 28.0777063 ], [ -15.5235366, 28.0776931 ], [ -15.5234784, 28.0776933 ], [ -15.5234069, 28.0777207 ], [ -15.5233491, 28.0777999 ], [ -15.5233205, 28.0779422 ], [ -15.5233017, 28.0780551 ], [ -15.523234, 28.0781253 ], [ -15.5231629, 28.0781662 ], [ -15.523082, 28.0782004 ], [ -15.522978, 28.0782098 ], [ -15.5227883, 28.0781766 ], [ -15.5225609, 28.0781098 ], [ -15.5222069, 28.0779712 ], [ -15.5221158, 28.07794 ], [ -15.5219568, 28.077891 ], [ -15.5218139, 28.0778712 ], [ -15.5217328, 28.0778715 ], [ -15.5216715, 28.0778943 ], [ -15.5215358, 28.0779648 ], [ -15.5214139, 28.0780803 ], [ -15.5213264, 28.0781506 ], [ -15.5212523, 28.0782118 ], [ -15.5211487, 28.0782348 ], [ -15.5210546, 28.0782352 ], [ -15.520941, 28.0782266 ], [ -15.5208373, 28.0782292 ], [ -15.5207563, 28.0782385 ], [ -15.5207077, 28.0782748 ], [ -15.5206788, 28.0783427 ], [ -15.5206566, 28.078415 ], [ -15.5206503, 28.0784849 ], [ -15.5206669, 28.0785638 ], [ -15.5207226, 28.0786472 ], [ -15.5207911, 28.0787462 ], [ -15.5208758, 28.0788203 ], [ -15.5209571, 28.0788764 ], [ -15.5210674, 28.0789144 ], [ -15.5211292, 28.0789457 ], [ -15.5212073, 28.0789725 ], [ -15.5212529, 28.079004 ], [ -15.5212983, 28.0790376 ], [ -15.5213146, 28.0790669 ], [ -15.5213215, 28.0791053 ], [ -15.5212794, 28.0791618 ], [ -15.5211581, 28.0792526 ], [ -15.5210804, 28.0792957 ], [ -15.5209963, 28.0793389 ], [ -15.5208731, 28.0793936 ], [ -15.5207601, 28.0794391 ], [ -15.5206499, 28.0794712 ], [ -15.5205398, 28.0795167 ], [ -15.5204819, 28.0795869 ], [ -15.5204368, 28.079666 ], [ -15.5203961, 28.0797948 ], [ -15.5203545, 28.0799394 ], [ -15.5203161, 28.0800163 ], [ -15.520274, 28.0800684 ], [ -15.5201998, 28.0801183 ], [ -15.5200572, 28.0801617 ], [ -15.5199406, 28.0801847 ], [ -15.5197723, 28.0802327 ], [ -15.519539, 28.0802765 ], [ -15.5193414, 28.0803246 ], [ -15.5191805, 28.0803907 ], [ -15.519119, 28.0804406 ], [ -15.5190741, 28.0804971 ], [ -15.519058, 28.0805333 ], [ -15.5190615, 28.0805785 ], [ -15.5190747, 28.080619 ], [ -15.5191269, 28.080691 ], [ -15.5191595, 28.080736 ], [ -15.5191695, 28.0808263 ], [ -15.5191666, 28.0808714 ], [ -15.5191442, 28.0809234 ], [ -15.5191183, 28.0809551 ], [ -15.5190698, 28.0809891 ], [ -15.5190148, 28.0810029 ], [ -15.5189369, 28.0810032 ], [ -15.5188462, 28.0809877 ], [ -15.5186775, 28.0809636 ], [ -15.5185995, 28.0809571 ], [ -15.5185446, 28.0809686 ], [ -15.5185187, 28.080998 ], [ -15.5185253, 28.0810724 ], [ -15.5185419, 28.0811423 ], [ -15.5185717, 28.0812618 ], [ -15.5186111, 28.081379 ], [ -15.5186797, 28.0814758 ], [ -15.518761, 28.0815342 ], [ -15.518888, 28.0816037 ], [ -15.5189952, 28.0816913 ], [ -15.5190673, 28.0817971 ], [ -15.5190966, 28.0818692 ], [ -15.5191067, 28.0819323 ], [ -15.5190652, 28.0820227 ], [ -15.5189746, 28.0820885 ], [ -15.5188969, 28.082134 ], [ -15.5187578, 28.0821819 ], [ -15.5186025, 28.0822276 ], [ -15.5184535, 28.0822756 ], [ -15.5182753, 28.0823281 ], [ -15.518094, 28.0823807 ], [ -15.5179126, 28.0824288 ], [ -15.5178113, 28.082454 ], [ -15.5175581, 28.082455 ], [ -15.5173993, 28.082442 ], [ -15.5172857, 28.0824244 ], [ -15.5171588, 28.0823549 ], [ -15.5168993, 28.082304 ], [ -15.5167176, 28.0822866 ], [ -15.5164906, 28.0823078 ], [ -15.5162311, 28.0823156 ], [ -15.5159234, 28.0823686 ], [ -15.5157809, 28.0824255 ], [ -15.5157068, 28.0824958 ], [ -15.5156841, 28.082541 ], [ -15.5156558, 28.0826788 ], [ -15.5156497, 28.0827984 ], [ -15.5156683, 28.0829631 ], [ -15.5156629, 28.0830218 ], [ -15.5156477, 28.0830986 ], [ -15.5156359, 28.0831573 ], [ -15.5155946, 28.08325 ], [ -15.5155586, 28.0833043 ], [ -15.5154065, 28.0834741 ], [ -15.5153865, 28.0834967 ], [ -15.5152919, 28.0835873 ], [ -15.5152316, 28.0836327 ], [ -15.5151473, 28.0836804 ], [ -15.5150867, 28.08371 ], [ -15.5149835, 28.0837487 ], [ -15.5147999, 28.0838126 ], [ -15.5147755, 28.0838217 ], [ -15.5146828, 28.0838627 ], [ -15.5145891, 28.0838924 ], [ -15.5144826, 28.0839153 ], [ -15.5144057, 28.083927 ], [ -15.514359, 28.0839271 ], [ -15.5143106, 28.083916 ], [ -15.5142669, 28.0838936 ], [ -15.5142286, 28.0838622 ], [ -15.51418, 28.0838037 ], [ -15.5141223, 28.0837181 ], [ -15.514079, 28.0836393 ], [ -15.5140518, 28.0836056 ], [ -15.5139965, 28.0835606 ], [ -15.5139177, 28.0835135 ], [ -15.5138467, 28.083489 ], [ -15.5137327, 28.0834578 ], [ -15.5137031, 28.0834534 ], [ -15.5136162, 28.0834537 ], [ -15.5135073, 28.0834699 ], [ -15.5134935, 28.0834722 ], [ -15.5133925, 28.0834929 ], [ -15.5132798, 28.0835227 ], [ -15.5131635, 28.0835525 ], [ -15.5130583, 28.0835822 ], [ -15.5129479, 28.0836277 ], [ -15.5129101, 28.0836504 ], [ -15.5128794, 28.0836799 ], [ -15.5128767, 28.0837002 ], [ -15.5128331, 28.0839193 ], [ -15.5128284, 28.0839915 ], [ -15.51282, 28.0840931 ], [ -15.5128178, 28.0841698 ], [ -15.5127985, 28.0842624 ], [ -15.5127727, 28.0843122 ], [ -15.5127641, 28.0843213 ], [ -15.5127461, 28.0843416 ], [ -15.5127097, 28.0843688 ], [ -15.5126655, 28.0843916 ], [ -15.5125868, 28.0844144 ], [ -15.5125038, 28.0844283 ], [ -15.5123957, 28.0844287 ], [ -15.5123257, 28.0844334 ], [ -15.5122056, 28.084461 ], [ -15.512138, 28.0844861 ], [ -15.5120781, 28.0845224 ], [ -15.5120397, 28.0845496 ], [ -15.5120103, 28.0845836 ], [ -15.5120008, 28.0845994 ], [ -15.5119937, 28.084631 ], [ -15.5119975, 28.0846491 ], [ -15.512019, 28.0846828 ], [ -15.5120567, 28.0847098 ], [ -15.5121262, 28.0847434 ], [ -15.5122313, 28.0847791 ], [ -15.5123345, 28.0848035 ], [ -15.5124405, 28.0848257 ], [ -15.5124497, 28.0848302 ], [ -15.512516, 28.0848503 ], [ -15.5125776, 28.0848839 ], [ -15.5126414, 28.0849333 ], [ -15.5126814, 28.0849783 ], [ -15.5126971, 28.0850143 ], [ -15.5127082, 28.0850797 ], [ -15.5127129, 28.085179 ], [ -15.5127262, 28.0852512 ], [ -15.5127547, 28.0853459 ], [ -15.5127837, 28.0854405 ], [ -15.5128112, 28.0855262 ], [ -15.5128514, 28.0856118 ], [ -15.5129017, 28.0856996 ], [ -15.5129508, 28.0857852 ], [ -15.5129906, 28.0858685 ], [ -15.5130397, 28.0859609 ], [ -15.5130854, 28.0860577 ], [ -15.51313, 28.0861478 ], [ -15.5131634, 28.0862132 ], [ -15.5131808, 28.086265 ], [ -15.5132215, 28.0865334 ], [ -15.5132242, 28.0865537 ], [ -15.5132324, 28.086671 ], [ -15.5132303, 28.0867636 ], [ -15.5132258, 28.08682 ], [ -15.5132069, 28.0869351 ], [ -15.5131813, 28.0870391 ], [ -15.5131497, 28.087143 ], [ -15.5131091, 28.0872357 ], [ -15.5130564, 28.0873194 ], [ -15.5130213, 28.0873782 ], [ -15.5129913, 28.0874144 ], [ -15.5129349, 28.087462 ], [ -15.51289, 28.0875095 ], [ -15.5126586, 28.0877564 ], [ -15.5124921, 28.0879173 ], [ -15.5124484, 28.0879558 ], [ -15.5124224, 28.0879785 ], [ -15.5123457, 28.0880397 ], [ -15.5122605, 28.0881122 ], [ -15.512181, 28.0881757 ], [ -15.5120935, 28.088246 ], [ -15.5119981, 28.0883163 ], [ -15.5119046, 28.0883934 ], [ -15.511814, 28.0884794 ], [ -15.5117232, 28.0885678 ], [ -15.5116336, 28.0886539 ], [ -15.5115376, 28.08874 ], [ -15.5114546, 28.0888012 ], [ -15.5113769, 28.0888625 ], [ -15.5113233, 28.088901 ], [ -15.511231, 28.0889533 ], [ -15.5111206, 28.0890169 ], [ -15.5110363, 28.0890646 ], [ -15.5109553, 28.0891033 ], [ -15.5108505, 28.0891398 ], [ -15.5107994, 28.0891625 ], [ -15.5107128, 28.0892193 ], [ -15.5106235, 28.0892873 ], [ -15.5105338, 28.0893598 ], [ -15.5104644, 28.0894165 ], [ -15.5104533, 28.0894256 ], [ -15.5103684, 28.0895026 ], [ -15.5102896, 28.0895796 ], [ -15.5102143, 28.0896589 ], [ -15.5101431, 28.0897517 ], [ -15.5101011, 28.0898151 ], [ -15.5100879, 28.0898354 ], [ -15.5100415, 28.0899259 ], [ -15.5100138, 28.0899914 ], [ -15.5099879, 28.0900795 ], [ -15.509968, 28.0901789 ], [ -15.5099649, 28.0902759 ], [ -15.5099678, 28.0903594 ], [ -15.5099806, 28.0904339 ], [ -15.5100167, 28.0905398 ], [ -15.5100538, 28.0906344 ], [ -15.5100758, 28.0907246 ], [ -15.5100781, 28.0907336 ], [ -15.5100906, 28.0908239 ], [ -15.5100939, 28.0909164 ], [ -15.51009, 28.090966 ], [ -15.5100668, 28.0910338 ], [ -15.5100305, 28.0910994 ], [ -15.5099828, 28.091165 ], [ -15.5099432, 28.0911968 ], [ -15.509894, 28.0912263 ], [ -15.5098445, 28.0912445 ], [ -15.5098187, 28.0912491 ], [ -15.5097669, 28.0912471 ], [ -15.5096838, 28.0912271 ], [ -15.5095754, 28.0911914 ], [ -15.5094936, 28.0911691 ], [ -15.5093761, 28.0911492 ], [ -15.5092762, 28.0911428 ], [ -15.5092034, 28.0911476 ], [ -15.5091563, 28.0911568 ], [ -15.509116, 28.0911728 ], [ -15.5090619, 28.0912158 ], [ -15.5089912, 28.0912816 ], [ -15.5089589, 28.0913155 ], [ -15.5089312, 28.0913585 ], [ -15.5089013, 28.0914308 ], [ -15.5088817, 28.0915257 ], [ -15.5088631, 28.0916296 ], [ -15.508851, 28.0916928 ], [ -15.5088457, 28.0917222 ], [ -15.5088388, 28.091747 ], [ -15.5088169, 28.0918261 ], [ -15.5087802, 28.0919187 ], [ -15.5087455, 28.0919956 ], [ -15.5086874, 28.0920838 ], [ -15.5086076, 28.0921631 ], [ -15.5085344, 28.0922198 ], [ -15.5084618, 28.0922652 ], [ -15.5083554, 28.0923107 ], [ -15.5082623, 28.0923359 ], [ -15.5081785, 28.0923542 ], [ -15.5080598, 28.0923637 ], [ -15.5079485, 28.0923642 ], [ -15.507834, 28.0923601 ], [ -15.5077499, 28.0923468 ], [ -15.5076812, 28.092338 ], [ -15.507644, 28.0923337 ], [ -15.5075644, 28.092334 ], [ -15.5074474, 28.0923479 ], [ -15.5073801, 28.0923685 ], [ -15.5073042, 28.0924004 ], [ -15.5072756, 28.0924117 ], [ -15.5071703, 28.0924663 ], [ -15.5070647, 28.0925254 ], [ -15.5069904, 28.0925685 ], [ -15.5069137, 28.0926252 ], [ -15.5068469, 28.0926864 ], [ -15.5067757, 28.0927612 ], [ -15.506746, 28.0928041 ], [ -15.5067021, 28.0928923 ], [ -15.5066883, 28.092933 ], [ -15.5066788, 28.0930007 ], [ -15.5066791, 28.0930707 ], [ -15.5066885, 28.093109 ], [ -15.506709, 28.0931428 ], [ -15.5067439, 28.0931697 ], [ -15.5068083, 28.0932034 ], [ -15.5068873, 28.0932301 ], [ -15.5070106, 28.0932658 ], [ -15.5071252, 28.0932947 ], [ -15.5072465, 28.0933213 ], [ -15.5073494, 28.093348 ], [ -15.5073915, 28.0933614 ], [ -15.5074055, 28.0933659 ], [ -15.5075066, 28.0934197 ], [ -15.5075934, 28.093478 ], [ -15.5076776, 28.0935409 ], [ -15.5077553, 28.0936128 ], [ -15.5078231, 28.0936916 ], [ -15.5078682, 28.0937501 ], [ -15.5079189, 28.0938379 ], [ -15.5079424, 28.0939078 ], [ -15.5079489, 28.0940003 ], [ -15.5079404, 28.0940951 ], [ -15.5079173, 28.0941832 ], [ -15.5078841, 28.0942849 ], [ -15.5078377, 28.0943776 ], [ -15.5077771, 28.0944726 ], [ -15.5077161, 28.0945495 ], [ -15.5077069, 28.0945609 ], [ -15.507649, 28.094622 ], [ -15.5075844, 28.0946809 ], [ -15.507511, 28.0947647 ], [ -15.5074633, 28.0948303 ], [ -15.5073976, 28.0949321 ], [ -15.5073407, 28.0950248 ], [ -15.5072972, 28.0950927 ], [ -15.5072311, 28.0951787 ], [ -15.5071738, 28.0952376 ], [ -15.5071126, 28.0952807 ], [ -15.5070694, 28.0953011 ], [ -15.5070243, 28.0953103 ], [ -15.5070011, 28.0953127 ], [ -15.506954, 28.0953038 ], [ -15.506931, 28.0952949 ], [ -15.5068911, 28.0952657 ], [ -15.5068601, 28.095232 ], [ -15.5068367, 28.095196 ], [ -15.5068142, 28.0951351 ], [ -15.5068021, 28.0950675 ], [ -15.506794, 28.0949749 ], [ -15.5067685, 28.0948961 ], [ -15.506748, 28.09486 ], [ -15.5067029, 28.0948128 ], [ -15.5066911, 28.0948061 ], [ -15.506649, 28.0947791 ], [ -15.5065668, 28.0947479 ], [ -15.5064661, 28.0947234 ], [ -15.5063671, 28.0947147 ], [ -15.5063217, 28.0947149 ], [ -15.5062991, 28.0947195 ], [ -15.5062785, 28.0947286 ], [ -15.5062423, 28.0947536 ], [ -15.5061793, 28.0948193 ], [ -15.5061382, 28.0948736 ], [ -15.5060932, 28.0949617 ], [ -15.5060557, 28.0950499 ], [ -15.50603, 28.0951403 ], [ -15.5060039, 28.0952013 ], [ -15.5059885, 28.0952352 ], [ -15.5059431, 28.0953189 ], [ -15.5058875, 28.0954116 ], [ -15.5058173, 28.0955021 ], [ -15.5057637, 28.0955948 ], [ -15.5057209, 28.0956807 ], [ -15.5056879, 28.0957824 ], [ -15.5056743, 28.0958524 ], [ -15.5056662, 28.0959585 ], [ -15.5056638, 28.0960556 ], [ -15.5056671, 28.0961571 ], [ -15.5056714, 28.0962541 ], [ -15.5056686, 28.0963331 ], [ -15.5056674, 28.0963557 ], [ -15.505663, 28.096428 ], [ -15.5056421, 28.0965273 ], [ -15.5056271, 28.0965793 ], [ -15.5055849, 28.096672 ], [ -15.5055367, 28.0967737 ], [ -15.5054901, 28.0968709 ], [ -15.5054447, 28.0969681 ], [ -15.5053971, 28.0970608 ], [ -15.5053584, 28.097149 ], [ -15.5053239, 28.0972416 ], [ -15.5053056, 28.0973455 ], [ -15.5052987, 28.0974471 ], [ -15.505304, 28.0975509 ], [ -15.5053131, 28.0976005 ], [ -15.5053314, 28.0976411 ], [ -15.5053686, 28.0976928 ], [ -15.5053846, 28.0977063 ], [ -15.505427, 28.0977287 ], [ -15.5054716, 28.0977443 ], [ -15.5055747, 28.0977552 ], [ -15.5056581, 28.0977685 ], [ -15.5057279, 28.0977885 ], [ -15.5057948, 28.0978244 ], [ -15.5058341, 28.0978536 ], [ -15.5059131, 28.0979413 ], [ -15.5059554, 28.0980021 ], [ -15.5059808, 28.0980607 ], [ -15.5059918, 28.0981148 ], [ -15.5059908, 28.0981509 ], [ -15.5059791, 28.0981915 ], [ -15.5059672, 28.0982074 ], [ -15.5059089, 28.0982573 ], [ -15.5058099, 28.0983208 ], [ -15.5057135, 28.0983911 ], [ -15.5056511, 28.0984455 ], [ -15.5055856, 28.098518 ], [ -15.505529, 28.0985994 ], [ -15.5054728, 28.0986831 ], [ -15.505433, 28.0987465 ], [ -15.5054103, 28.0987804 ], [ -15.505361, 28.0988618 ], [ -15.5053067, 28.0989433 ], [ -15.5052805, 28.098984 ], [ -15.5052198, 28.0990677 ], [ -15.5051527, 28.099156 ], [ -15.5050847, 28.0992352 ], [ -15.5050278, 28.0992918 ], [ -15.5049647, 28.099344 ], [ -15.5048631, 28.0994008 ], [ -15.5047847, 28.0994281 ], [ -15.5047126, 28.0994397 ], [ -15.5046282, 28.099431 ], [ -15.5045578, 28.0994087 ], [ -15.5044669, 28.0993616 ], [ -15.5043845, 28.0992897 ], [ -15.5043294, 28.0992154 ], [ -15.5043041, 28.0991749 ], [ -15.5042458, 28.0990848 ], [ -15.5041707, 28.0990016 ], [ -15.5041113, 28.0989499 ], [ -15.5040209, 28.0988871 ], [ -15.5039686, 28.0988579 ], [ -15.5038666, 28.0988199 ], [ -15.5038415, 28.0988155 ], [ -15.5037903, 28.0988157 ], [ -15.5037372, 28.0988249 ], [ -15.5037121, 28.098834 ], [ -15.5036753, 28.0988545 ], [ -15.5036408, 28.098893 ], [ -15.5036301, 28.0989178 ], [ -15.5036241, 28.0990081 ], [ -15.5036252, 28.0990871 ], [ -15.5036255, 28.0990984 ], [ -15.5036308, 28.099148 ], [ -15.5036386, 28.0992292 ], [ -15.5036492, 28.0993308 ], [ -15.5036671, 28.0994113 ] ] ] } },
{ "type": "Feature", "properties": { "CCAA": "05 - Canarias", "PROVINCIA": "35 - Palmas, Las", "MUNICIPIO": "35027 - Teror", "COD_MUNICIPIO": "35027", "DISTRITO": "01", "SECCION": "3502701008", "V1_H": 80.27, "V1_M": 86.36, "V2_H": 80.04050342, "V2_M": 86.25745667, "V3_H": 80.55487256000001, "V3_M": 86.64917866 }, "geometry": { "type": "Polygon", "coordinates": [ [ [ -15.5464206, 28.060886 ], [ -15.5463631, 28.0610261 ], [ -15.5462813, 28.061313 ], [ -15.5462932, 28.0616064 ], [ -15.5462595, 28.0618435 ], [ -15.5460626, 28.0619661 ], [ -15.5459525, 28.0620207 ], [ -15.5459194, 28.0620637 ], [ -15.545868, 28.0620933 ], [ -15.5457997, 28.0621071 ], [ -15.5457387, 28.0621096 ], [ -15.5456884, 28.062103 ], [ -15.545567, 28.0620696 ], [ -15.5454457, 28.0620363 ], [ -15.5453622, 28.0619982 ], [ -15.5452831, 28.062082 ], [ -15.5452249, 28.0621342 ], [ -15.5451011, 28.0621798 ], [ -15.5449877, 28.0622096 ], [ -15.544858, 28.0622236 ], [ -15.5447468, 28.0622309 ], [ -15.5446587, 28.0622267 ], [ -15.5445754, 28.0622406 ], [ -15.5445323, 28.0622701 ], [ -15.5444769, 28.0623222 ], [ -15.5444255, 28.0624059 ], [ -15.5443637, 28.0625032 ], [ -15.5443174, 28.0625937 ], [ -15.5442076, 28.0627092 ], [ -15.5440341, 28.0628723 ], [ -15.5439231, 28.0629698 ], [ -15.5438264, 28.0630357 ], [ -15.5437391, 28.0630766 ], [ -15.5436591, 28.0630973 ], [ -15.5435634, 28.0630999 ], [ -15.5434829, 28.0630912 ], [ -15.5433813, 28.06306 ], [ -15.5432707, 28.0630221 ], [ -15.5431924, 28.0630043 ], [ -15.5431059, 28.0630046 ], [ -15.5430173, 28.0630208 ], [ -15.54293, 28.0630527 ], [ -15.5427967, 28.0631029 ], [ -15.5426473, 28.063187 ], [ -15.5425345, 28.0632619 ], [ -15.5423469, 28.0633936 ], [ -15.5422715, 28.0634525 ], [ -15.5422149, 28.0635137 ], [ -15.5421973, 28.0635634 ], [ -15.5421919, 28.0636153 ], [ -15.5422113, 28.0636807 ], [ -15.5422434, 28.063737 ], [ -15.5423959, 28.063917 ], [ -15.5424785, 28.0640249 ], [ -15.5425099, 28.0640677 ], [ -15.5424459, 28.0641063 ], [ -15.5424, 28.0642261 ], [ -15.5423542, 28.0642849 ], [ -15.5422089, 28.0644683 ], [ -15.542078, 28.0646313 ], [ -15.5419788, 28.0647671 ], [ -15.5418978, 28.0648487 ], [ -15.5417907, 28.0649168 ], [ -15.5416667, 28.064985 ], [ -15.5414475, 28.065101 ], [ -15.5412219, 28.0651966 ], [ -15.5410801, 28.0652671 ], [ -15.5409841, 28.0653465 ], [ -15.5408408, 28.0655005 ], [ -15.5407174, 28.0656139 ], [ -15.5406251, 28.0657271 ], [ -15.54055, 28.0658492 ], [ -15.5404599, 28.0660233 ], [ -15.5404011, 28.0661522 ], [ -15.540336, 28.066421 ], [ -15.5403021, 28.0665069 ], [ -15.5402731, 28.0666266 ], [ -15.5402588, 28.0667531 ], [ -15.5402337, 28.0668818 ], [ -15.5401896, 28.0669813 ], [ -15.5401418, 28.0670875 ], [ -15.5400393, 28.0672008 ], [ -15.5399067, 28.0673186 ], [ -15.5397997, 28.0674206 ], [ -15.539693, 28.0675677 ], [ -15.5396306, 28.0676898 ], [ -15.5395124, 28.0677783 ], [ -15.5393642, 28.0678308 ], [ -15.5391383, 28.0678858 ], [ -15.5389979, 28.0679902 ], [ -15.5389392, 28.0680694 ], [ -15.5389213, 28.0681711 ], [ -15.5389629, 28.0683605 ], [ -15.538997, 28.0685002 ], [ -15.539083, 28.0686466 ], [ -15.5391131, 28.0687458 ], [ -15.5391441, 28.0688585 ], [ -15.5391446, 28.0689623 ], [ -15.5391229, 28.0690662 ], [ -15.5390605, 28.0691793 ], [ -15.5389721, 28.0693037 ], [ -15.5388873, 28.069383 ], [ -15.5387505, 28.0694603 ], [ -15.5386172, 28.0695105 ], [ -15.5385285, 28.0695672 ], [ -15.538351, 28.0696334 ], [ -15.5381519, 28.0696951 ], [ -15.5379079, 28.0698044 ], [ -15.5377434, 28.0699021 ], [ -15.5376103, 28.0700154 ], [ -15.5375112, 28.0701512 ], [ -15.5374079, 28.0702916 ], [ -15.5372827, 28.070441 ], [ -15.5371462, 28.0705769 ], [ -15.5369355, 28.0707312 ], [ -15.5367806, 28.0708514 ], [ -15.5366996, 28.0709307 ], [ -15.5367422, 28.0709215 ], [ -15.5370495, 28.0708775 ], [ -15.5370647, 28.0708752 ], [ -15.5372128, 28.0708565 ], [ -15.5373145, 28.070838 ], [ -15.5373488, 28.0708311 ], [ -15.5374019, 28.0708197 ], [ -15.5374981, 28.0707854 ], [ -15.5375514, 28.0707581 ], [ -15.5376062, 28.0707286 ], [ -15.5376833, 28.0706877 ], [ -15.537735, 28.0706559 ], [ -15.5377664, 28.0706399 ], [ -15.537813, 28.0706195 ], [ -15.5378457, 28.0706013 ], [ -15.5378552, 28.0705967 ], [ -15.5378803, 28.0705876 ], [ -15.5379178, 28.0705694 ], [ -15.5379432, 28.070558 ], [ -15.5379663, 28.0705512 ], [ -15.538008, 28.0705465 ], [ -15.5380375, 28.0705486 ], [ -15.5380691, 28.0705575 ], [ -15.5381477, 28.070503 ], [ -15.5381575, 28.0704962 ], [ -15.538181, 28.0704781 ], [ -15.5382031, 28.0704577 ], [ -15.5382585, 28.0704078 ], [ -15.5382709, 28.0703965 ], [ -15.5382953, 28.0703783 ], [ -15.5383495, 28.0703398 ], [ -15.5383694, 28.0703261 ], [ -15.5383958, 28.0703103 ], [ -15.5384192, 28.0702966 ], [ -15.5384636, 28.0702671 ], [ -15.5384851, 28.0702557 ], [ -15.5385073, 28.0702399 ], [ -15.5385539, 28.0702103 ], [ -15.5385793, 28.0701967 ], [ -15.5386038, 28.0701831 ], [ -15.5386719, 28.0701467 ], [ -15.5386903, 28.0701376 ], [ -15.5387072, 28.0701285 ], [ -15.5387341, 28.0701148 ], [ -15.538757, 28.0701012 ], [ -15.5387753, 28.0700944 ], [ -15.5387957, 28.0700875 ], [ -15.5388426, 28.0700738 ], [ -15.5388677, 28.0700647 ], [ -15.5388931, 28.0700533 ], [ -15.5389461, 28.0700305 ], [ -15.5389887, 28.0700123 ], [ -15.5389979, 28.07001 ], [ -15.5390667, 28.0699781 ], [ -15.539087, 28.069969 ], [ -15.5391115, 28.0699576 ], [ -15.5391527, 28.0699394 ], [ -15.5392079, 28.0699144 ], [ -15.53922, 28.0699098 ], [ -15.5392577, 28.0698916 ], [ -15.5393247, 28.069862 ], [ -15.5393612, 28.0698484 ], [ -15.5393704, 28.0698461 ], [ -15.5394263, 28.0698323 ], [ -15.5394705, 28.0698253 ], [ -15.5395674, 28.0698069 ], [ -15.5396093, 28.0698 ], [ -15.5396618, 28.0697953 ], [ -15.5396774, 28.0697952 ], [ -15.539698, 28.0697951 ], [ -15.5397152, 28.069795 ], [ -15.539761, 28.0697994 ], [ -15.5397754, 28.0698083 ], [ -15.5397894, 28.0698151 ], [ -15.5398382, 28.0698375 ], [ -15.5398592, 28.0698464 ], [ -15.5398726, 28.0698508 ], [ -15.5398946, 28.0698553 ], [ -15.5399206, 28.0698552 ], [ -15.5399343, 28.0698551 ], [ -15.5399445, 28.0698551 ], [ -15.5400262, 28.0698502 ], [ -15.5401768, 28.0698226 ], [ -15.5402953, 28.0698018 ], [ -15.5404135, 28.0697788 ], [ -15.5405022, 28.0697581 ], [ -15.5406057, 28.0697351 ], [ -15.5407684, 28.0697052 ], [ -15.5409054, 28.069691 ], [ -15.541023, 28.0696793 ], [ -15.5411784, 28.0696652 ], [ -15.5412821, 28.0696648 ], [ -15.5413671, 28.0696734 ], [ -15.5414562, 28.0696776 ], [ -15.5414953, 28.0696797 ], [ -15.5416305, 28.0695009 ], [ -15.5417139, 28.0693855 ], [ -15.5418406, 28.0692225 ], [ -15.5419032, 28.0691433 ], [ -15.5421477, 28.0688828 ], [ -15.5423252, 28.0686948 ], [ -15.54267, 28.0683345 ], [ -15.5427585, 28.0682394 ], [ -15.5428233, 28.068273 ], [ -15.542905, 28.0682682 ], [ -15.5430194, 28.0682497 ], [ -15.5430972, 28.0682155 ], [ -15.5432206, 28.0681 ], [ -15.5434563, 28.0678553 ], [ -15.543775, 28.0674185 ], [ -15.5438394, 28.0673347 ], [ -15.5439091, 28.0672036 ], [ -15.5439769, 28.0670972 ], [ -15.5440559, 28.0669999 ], [ -15.5441645, 28.0669114 ], [ -15.5443952, 28.0667525 ], [ -15.5446897, 28.066555 ], [ -15.545079, 28.0663075 ], [ -15.5452514, 28.066194 ], [ -15.5454138, 28.0661031 ], [ -15.5455763, 28.0660437 ], [ -15.5457892, 28.0660045 ], [ -15.5460202, 28.0659788 ], [ -15.5464207, 28.065932 ], [ -15.5468145, 28.0658966 ], [ -15.5473517, 28.0658381 ], [ -15.5476458, 28.0658279 ], [ -15.5477874, 28.0658386 ], [ -15.5481597, 28.0658822 ], [ -15.5487264, 28.0659454 ], [ -15.5490513, 28.0659825 ], [ -15.5493123, 28.0660243 ], [ -15.5493136, 28.0659919 ], [ -15.5493982, 28.0660491 ], [ -15.5501483, 28.0661938 ], [ -15.5512318, 28.066411 ], [ -15.5525488, 28.0667012 ], [ -15.5526187, 28.0667118 ], [ -15.552348, 28.0665099 ], [ -15.5516969, 28.0661728 ], [ -15.5510294, 28.0658948 ], [ -15.5504294, 28.0657938 ], [ -15.5498277, 28.0653679 ], [ -15.5492059, 28.0648849 ], [ -15.5492601, 28.064833 ], [ -15.549304, 28.0647696 ], [ -15.5493185, 28.0646906 ], [ -15.5493071, 28.0646229 ], [ -15.5492921, 28.0645598 ], [ -15.5492918, 28.0645034 ], [ -15.5493467, 28.0644219 ], [ -15.5493843, 28.0643721 ], [ -15.5494156, 28.0643201 ], [ -15.5494317, 28.0642478 ], [ -15.5494313, 28.0641756 ], [ -15.5494214, 28.0640334 ], [ -15.549413, 28.0638236 ], [ -15.5494047, 28.0636837 ], [ -15.5493984, 28.0635167 ], [ -15.549398, 28.0634987 ], [ -15.5493936, 28.0633249 ], [ -15.5493872, 28.0631151 ], [ -15.5493834, 28.0627585 ], [ -15.5493353, 28.0626707 ], [ -15.5492609, 28.062671 ], [ -15.5491689, 28.0626668 ], [ -15.5491438, 28.0626669 ], [ -15.5490586, 28.0626696 ], [ -15.5489677, 28.0626676 ], [ -15.5488862, 28.0626635 ], [ -15.5488716, 28.062659 ], [ -15.5487137, 28.0626371 ], [ -15.5486067, 28.0626104 ], [ -15.5484682, 28.0625749 ], [ -15.5483992, 28.0625684 ], [ -15.5482706, 28.0625554 ], [ -15.5481634, 28.0625422 ], [ -15.5480762, 28.0625245 ], [ -15.5479667, 28.0625002 ], [ -15.5478425, 28.0624713 ], [ -15.5477183, 28.0624334 ], [ -15.5476721, 28.0624246 ], [ -15.5475409, 28.0624409 ], [ -15.5474763, 28.0624502 ], [ -15.5471805, 28.0624965 ], [ -15.5470054, 28.0625085 ], [ -15.5469044, 28.0625382 ], [ -15.5468436, 28.0625204 ], [ -15.5468019, 28.0621415 ], [ -15.5467319, 28.0615685 ], [ -15.5467018, 28.061088 ], [ -15.5466926, 28.0609661 ], [ -15.5464206, 28.060886 ] ] ] } },
{ "type": "Feature", "properties": { "CCAA": "05 - Canarias", "PROVINCIA": "35 - Palmas, Las", "MUNICIPIO": "35027 - Teror", "COD_MUNICIPIO": "35027", "DISTRITO": "01", "SECCION": "3502701007", "V1_H": 80.01, "V1_M": 85.88, "V2_H": 79.90171161000001, "V2_M": 85.93881404, "V3_H": 80.29104055000001, "V3_M": 85.88520273 }, "geometry": { "type": "Polygon", "coordinates": [ [ [ -15.5526187, 28.0667118 ], [ -15.5531155, 28.0667875 ], [ -15.5533656, 28.0668456 ], [ -15.553682, 28.0668591 ], [ -15.5538474, 28.0666368 ], [ -15.5538795, 28.0664004 ], [ -15.5539702, 28.0645979 ], [ -15.5539695, 28.064465 ], [ -15.5543161, 28.0638727 ], [ -15.5548176, 28.06424 ], [ -15.5552682, 28.0644302 ], [ -15.5555684, 28.0645176 ], [ -15.5559176, 28.0644275 ], [ -15.5562676, 28.0644852 ], [ -15.556534, 28.0644841 ], [ -15.5567843, 28.0645865 ], [ -15.5572172, 28.06457 ], [ -15.5576009, 28.0647014 ], [ -15.5578173, 28.0646857 ], [ -15.5582159, 28.0644921 ], [ -15.5585988, 28.0644757 ], [ -15.5588158, 28.0645635 ], [ -15.5605437, 28.0657704 ], [ -15.5605562, 28.0657487 ], [ -15.5606344, 28.0656626 ], [ -15.5607815, 28.0655221 ], [ -15.5609253, 28.0653522 ], [ -15.5610743, 28.065205 ], [ -15.5612265, 28.0650531 ], [ -15.5613547, 28.064942 ], [ -15.5615073, 28.0648128 ], [ -15.561648, 28.0647039 ], [ -15.5617741, 28.0646176 ], [ -15.5618486, 28.0645676 ], [ -15.5618723, 28.0645518 ], [ -15.5619279, 28.0644793 ], [ -15.561958, 28.0644543 ], [ -15.5619862, 28.0644384 ], [ -15.5620221, 28.064418 ], [ -15.5620424, 28.0644157 ], [ -15.5620806, 28.0644155 ], [ -15.5620936, 28.0643635 ], [ -15.5621234, 28.0642686 ], [ -15.5621605, 28.0641895 ], [ -15.5622046, 28.0641148 ], [ -15.5622634, 28.0640401 ], [ -15.5623414, 28.0639315 ], [ -15.5624234, 28.063631 ], [ -15.562498, 28.0632425 ], [ -15.5625245, 28.0629491 ], [ -15.5625301, 28.062685 ], [ -15.5625288, 28.0624435 ], [ -15.5625339, 28.062184 ], [ -15.5626592, 28.0621338 ], [ -15.5628816, 28.0620313 ], [ -15.5632283, 28.0618562 ], [ -15.5636691, 28.0615745 ], [ -15.5639885, 28.0613475 ], [ -15.5643111, 28.0611228 ], [ -15.5647171, 28.0608187 ], [ -15.5649079, 28.0606825 ], [ -15.5650279, 28.0605782 ], [ -15.5651452, 28.0604649 ], [ -15.5653012, 28.0603198 ], [ -15.5654256, 28.0601997 ], [ -15.5654538, 28.0601703 ], [ -15.5655958, 28.0600252 ], [ -15.5657549, 28.0598598 ], [ -15.5658115, 28.0598054 ], [ -15.5658535, 28.0597488 ], [ -15.5658973, 28.0596742 ], [ -15.5659207, 28.0595838 ], [ -15.5659478, 28.0594709 ], [ -15.5659783, 28.0593579 ], [ -15.5660079, 28.0592923 ], [ -15.5660577, 28.0592132 ], [ -15.5661098, 28.0591452 ], [ -15.5661464, 28.0590796 ], [ -15.5661729, 28.0589802 ], [ -15.5662327, 28.0588694 ], [ -15.566288, 28.058745 ], [ -15.5663167, 28.0586299 ], [ -15.5663472, 28.0585191 ], [ -15.5663816, 28.0584107 ], [ -15.5664074, 28.0583474 ], [ -15.5664465, 28.0582772 ], [ -15.5664824, 28.0582184 ], [ -15.566525, 28.0581596 ], [ -15.5666041, 28.0580803 ], [ -15.5666974, 28.0579693 ], [ -15.5667772, 28.0578471 ], [ -15.5668161, 28.0577612 ], [ -15.5668506, 28.057673 ], [ -15.5668682, 28.0575737 ], [ -15.5669031, 28.0574246 ], [ -15.5669341, 28.057341 ], [ -15.5669994, 28.0571692 ], [ -15.5670759, 28.0569658 ], [ -15.5670461, 28.0568575 ], [ -15.5670209, 28.0567809 ], [ -15.5669738, 28.0566593 ], [ -15.5669486, 28.0565714 ], [ -15.5669413, 28.0564585 ], [ -15.5671145, 28.0561983 ], [ -15.5672771, 28.0558072 ], [ -15.5673671, 28.055439 ], [ -15.5674288, 28.0550167 ], [ -15.5674361, 28.0545924 ], [ -15.5674989, 28.0539513 ], [ -15.5676013, 28.0524275 ], [ -15.5674422, 28.0524124 ], [ -15.5671574, 28.0523819 ], [ -15.5670358, 28.0523599 ], [ -15.5669107, 28.0523288 ], [ -15.5667821, 28.0523045 ], [ -15.5665738, 28.0522964 ], [ -15.566414, 28.0522722 ], [ -15.5662612, 28.0522412 ], [ -15.5660424, 28.0522173 ], [ -15.5658207, 28.052155 ], [ -15.5655706, 28.0521245 ], [ -15.5653865, 28.0521094 ], [ -15.5652544, 28.0520942 ], [ -15.5651138, 28.0521354 ], [ -15.5649511, 28.0522218 ], [ -15.5647848, 28.0522857 ], [ -15.5646324, 28.0523337 ], [ -15.5644973, 28.0523997 ], [ -15.5643449, 28.0524477 ], [ -15.5642166, 28.0524731 ], [ -15.5640954, 28.0525209 ], [ -15.5639952, 28.05258 ], [ -15.5638982, 28.0526233 ], [ -15.5637461, 28.0527278 ], [ -15.5636189, 28.0528028 ], [ -15.5635223, 28.0528731 ], [ -15.5634013, 28.0529616 ], [ -15.563301, 28.0530478 ], [ -15.5632076, 28.0531226 ], [ -15.5631051, 28.0531795 ], [ -15.5629874, 28.0532296 ], [ -15.5628453, 28.0532821 ], [ -15.5626652, 28.0533325 ], [ -15.5624883, 28.0533648 ], [ -15.5623459, 28.0533744 ], [ -15.5621174, 28.0534069 ], [ -15.5618853, 28.0534688 ], [ -15.5616911, 28.0535441 ], [ -15.5615769, 28.0535965 ], [ -15.5614279, 28.0536332 ], [ -15.5613168, 28.0536517 ], [ -15.5611917, 28.0536432 ], [ -15.5610495, 28.0536167 ], [ -15.5608491, 28.0535543 ], [ -15.5606857, 28.0534918 ], [ -15.560564, 28.0534472 ], [ -15.5604318, 28.0534003 ], [ -15.5602824, 28.0533558 ], [ -15.5601818, 28.0533314 ], [ -15.5600444, 28.0533184 ], [ -15.559916, 28.0533415 ], [ -15.5597294, 28.0534032 ], [ -15.5595218, 28.0535371 ], [ -15.5592901, 28.0536893 ], [ -15.559107, 28.0538164 ], [ -15.5589376, 28.0539525 ], [ -15.5587546, 28.0541812 ], [ -15.5585995, 28.0543691 ], [ -15.5585137, 28.0545004 ], [ -15.5583998, 28.0546092 ], [ -15.5582858, 28.0547089 ], [ -15.5581753, 28.0548019 ], [ -15.5581274, 28.0549443 ], [ -15.5581281, 28.0550752 ], [ -15.5580669, 28.0552288 ], [ -15.5580497, 28.0552921 ], [ -15.5579857, 28.0556444 ], [ -15.5579548, 28.0557032 ], [ -15.557879, 28.0558073 ], [ -15.5577891, 28.0558822 ], [ -15.5576922, 28.055957 ], [ -15.5575815, 28.0560094 ], [ -15.5574533, 28.0560573 ], [ -15.5571871, 28.0561216 ], [ -15.5569582, 28.0561857 ], [ -15.5567156, 28.0562521 ], [ -15.5565703, 28.0563204 ], [ -15.5563244, 28.0564252 ], [ -15.5562309, 28.0564752 ], [ -15.5559965, 28.0566003 ], [ -15.5558025, 28.0567117 ], [ -15.5556778, 28.0567754 ], [ -15.5555948, 28.0568299 ], [ -15.5553752, 28.0569233 ], [ -15.5552124, 28.0569736 ], [ -15.5550319, 28.0570014 ], [ -15.5548653, 28.0570021 ], [ -15.5546015, 28.0569783 ], [ -15.5543824, 28.0569138 ], [ -15.5541633, 28.0568447 ], [ -15.5538784, 28.0567804 ], [ -15.5534712, 28.056694 ], [ -15.5534107, 28.056683 ], [ -15.5533388, 28.0566607 ], [ -15.5532524, 28.0566295 ], [ -15.5531441, 28.0565893 ], [ -15.5530626, 28.0565671 ], [ -15.553026, 28.0565582 ], [ -15.5527506, 28.056557 ], [ -15.5524451, 28.0565786 ], [ -15.5523904, 28.0565833 ], [ -15.5521828, 28.0566473 ], [ -15.552096, 28.0566454 ], [ -15.5520096, 28.0566074 ], [ -15.5519352, 28.056549 ], [ -15.5518189, 28.0564434 ], [ -15.5517857, 28.0564097 ], [ -15.551716, 28.0563355 ], [ -15.5516511, 28.0562681 ], [ -15.551585, 28.0562142 ], [ -15.5515132, 28.0561625 ], [ -15.5514366, 28.0561109 ], [ -15.5513805, 28.0560841 ], [ -15.5513623, 28.0560751 ], [ -15.551333, 28.0560572 ], [ -15.5512788, 28.0560258 ], [ -15.5512275, 28.0560102 ], [ -15.5511642, 28.056006 ], [ -15.5510646, 28.0560086 ], [ -15.5510034, 28.0560224 ], [ -15.5509507, 28.0560429 ], [ -15.5509161, 28.0560657 ], [ -15.5509028, 28.0560815 ], [ -15.5508905, 28.0560973 ], [ -15.5508689, 28.0561538 ], [ -15.5508673, 28.0562103 ], [ -15.5508511, 28.0563412 ], [ -15.5508344, 28.0563684 ], [ -15.5507787, 28.0564205 ], [ -15.5507463, 28.056441 ], [ -15.5507073, 28.0564547 ], [ -15.5506612, 28.0564571 ], [ -15.5505518, 28.0564575 ], [ -15.5504729, 28.0564488 ], [ -15.5502323, 28.0564069 ], [ -15.5502097, 28.0564047 ], [ -15.5499402, 28.0563765 ], [ -15.5494939, 28.0563489 ], [ -15.5494023, 28.0563448 ], [ -15.5493674, 28.0563472 ], [ -15.5493178, 28.0563586 ], [ -15.5492756, 28.0563792 ], [ -15.5492456, 28.0564041 ], [ -15.5492238, 28.056438 ], [ -15.5492008, 28.0564855 ], [ -15.5491911, 28.0565149 ], [ -15.5491754, 28.0566142 ], [ -15.5491648, 28.0566639 ], [ -15.5491311, 28.0567205 ], [ -15.5490752, 28.0567929 ], [ -15.5490303, 28.0568405 ], [ -15.5489552, 28.056895 ], [ -15.5488832, 28.0569359 ], [ -15.5488026, 28.0569768 ], [ -15.5487551, 28.0570018 ], [ -15.5486799, 28.0570337 ], [ -15.5484789, 28.0571632 ], [ -15.5483822, 28.0572132 ], [ -15.5483191, 28.057245 ], [ -15.5482257, 28.057268 ], [ -15.5481608, 28.0572727 ], [ -15.5482237, 28.0573695 ], [ -15.5483006, 28.0574888 ], [ -15.5483973, 28.0576148 ], [ -15.5484742, 28.0577296 ], [ -15.5485975, 28.0579006 ], [ -15.5486644, 28.0579997 ], [ -15.5487512, 28.0581167 ], [ -15.5488382, 28.0582179 ], [ -15.5489283, 28.0583101 ], [ -15.5489747, 28.0583527 ], [ -15.5490562, 28.0584291 ], [ -15.5491346, 28.0585349 ], [ -15.5492313, 28.0586609 ], [ -15.5493465, 28.0588161 ], [ -15.5494773, 28.0587727 ], [ -15.549507, 28.0589125 ], [ -15.5495472, 28.0590726 ], [ -15.5495739, 28.0591853 ], [ -15.5497279, 28.0593246 ], [ -15.5497517, 28.0594464 ], [ -15.5498012, 28.0595545 ], [ -15.5498591, 28.0596243 ], [ -15.549883, 28.0596919 ], [ -15.5499308, 28.0598383 ], [ -15.5499717, 28.0599397 ], [ -15.5500921, 28.0601582 ], [ -15.5501565, 28.0602617 ], [ -15.5501975, 28.060309 ], [ -15.5503371, 28.0604303 ], [ -15.5504274, 28.0605066 ], [ -15.5504803, 28.0605876 ], [ -15.550533, 28.0606913 ], [ -15.5505799, 28.0607768 ], [ -15.5506884, 28.0609276 ], [ -15.5508376, 28.0611233 ], [ -15.5509972, 28.0613077 ], [ -15.5511159, 28.0613727 ], [ -15.5512026, 28.0614152 ], [ -15.5513273, 28.0614824 ], [ -15.5514484, 28.0615474 ], [ -15.5515301, 28.0615945 ], [ -15.5516102, 28.0616528 ], [ -15.5517297, 28.0617607 ], [ -15.5518044, 28.0618913 ], [ -15.5519312, 28.0620645 ], [ -15.5520396, 28.0622288 ], [ -15.552148, 28.0624022 ], [ -15.5522173, 28.0625869 ], [ -15.552235, 28.0627042 ], [ -15.5522313, 28.0627719 ], [ -15.5522152, 28.0628081 ], [ -15.552188, 28.0628398 ], [ -15.5521402, 28.0628671 ], [ -15.5520938, 28.0628763 ], [ -15.5520079, 28.0628789 ], [ -15.5519017, 28.0628726 ], [ -15.551729, 28.0628732 ], [ -15.551426, 28.0628767 ], [ -15.5513239, 28.0628884 ], [ -15.5512078, 28.0629363 ], [ -15.551092, 28.0629932 ], [ -15.5509877, 28.0630455 ], [ -15.5509064, 28.0630661 ], [ -15.5507408, 28.0630893 ], [ -15.5506014, 28.0631283 ], [ -15.5504509, 28.063183 ], [ -15.5503698, 28.0632375 ], [ -15.5503211, 28.0633551 ], [ -15.550293, 28.0634522 ], [ -15.5502825, 28.0634681 ], [ -15.5501474, 28.0634709 ], [ -15.5500345, 28.0634758 ], [ -15.5499051, 28.0634786 ], [ -15.5497668, 28.0634837 ], [ -15.5496504, 28.0634864 ], [ -15.5495621, 28.0634912 ], [ -15.5495303, 28.0634936 ], [ -15.5494581, 28.0634939 ], [ -15.5494228, 28.0634963 ], [ -15.549398, 28.0634987 ], [ -15.5493984, 28.0635167 ], [ -15.5494047, 28.0636837 ], [ -15.549413, 28.0638236 ], [ -15.5494214, 28.0640334 ], [ -15.5494313, 28.0641756 ], [ -15.5494317, 28.0642478 ], [ -15.5494156, 28.0643201 ], [ -15.5493843, 28.0643721 ], [ -15.5493467, 28.0644219 ], [ -15.5492918, 28.0645034 ], [ -15.5492921, 28.0645598 ], [ -15.5493071, 28.0646229 ], [ -15.5493185, 28.0646906 ], [ -15.549304, 28.0647696 ], [ -15.5492601, 28.064833 ], [ -15.5492059, 28.0648849 ], [ -15.5498277, 28.0653679 ], [ -15.5504294, 28.0657938 ], [ -15.5510294, 28.0658948 ], [ -15.5516969, 28.0661728 ], [ -15.552348, 28.0665099 ], [ -15.5526187, 28.0667118 ] ] ] } },
{ "type": "Feature", "properties": { "CCAA": "05 - Canarias", "PROVINCIA": "35 - Palmas, Las", "MUNICIPIO": "35027 - Teror", "COD_MUNICIPIO": "35027", "DISTRITO": "01", "SECCION": "3502701001", "V1_H": 80.99, "V1_M": 86.67, "V2_H": 80.575161, "V2_M": 86.38311792, "V3_H": 81.41956161, "V3_M": 87.05147909 }, "geometry": { "type": "Polygon", "coordinates": [ [ [ -15.549398, 28.0634987 ], [ -15.5494228, 28.0634963 ], [ -15.5494581, 28.0634939 ], [ -15.5495303, 28.0634936 ], [ -15.5495621, 28.0634912 ], [ -15.5496504, 28.0634864 ], [ -15.5497668, 28.0634837 ], [ -15.5499051, 28.0634786 ], [ -15.5500345, 28.0634758 ], [ -15.5501474, 28.0634709 ], [ -15.5502825, 28.0634681 ], [ -15.550293, 28.0634522 ], [ -15.5503211, 28.0633551 ], [ -15.5503698, 28.0632375 ], [ -15.5504509, 28.063183 ], [ -15.5506014, 28.0631283 ], [ -15.5507408, 28.0630893 ], [ -15.5509064, 28.0630661 ], [ -15.5509877, 28.0630455 ], [ -15.551092, 28.0629932 ], [ -15.5512078, 28.0629363 ], [ -15.5513239, 28.0628884 ], [ -15.551426, 28.0628767 ], [ -15.551729, 28.0628732 ], [ -15.5519017, 28.0628726 ], [ -15.5520079, 28.0628789 ], [ -15.5520938, 28.0628763 ], [ -15.5521402, 28.0628671 ], [ -15.552188, 28.0628398 ], [ -15.5522152, 28.0628081 ], [ -15.5522313, 28.0627719 ], [ -15.552235, 28.0627042 ], [ -15.5522173, 28.0625869 ], [ -15.552148, 28.0624022 ], [ -15.5520396, 28.0622288 ], [ -15.5519312, 28.0620645 ], [ -15.5518044, 28.0618913 ], [ -15.5517297, 28.0617607 ], [ -15.5516102, 28.0616528 ], [ -15.5515301, 28.0615945 ], [ -15.5514484, 28.0615474 ], [ -15.5513273, 28.0614824 ], [ -15.5512026, 28.0614152 ], [ -15.5511159, 28.0613727 ], [ -15.5509972, 28.0613077 ], [ -15.5508376, 28.0611233 ], [ -15.5506884, 28.0609276 ], [ -15.5505799, 28.0607768 ], [ -15.550533, 28.0606913 ], [ -15.5504803, 28.0605876 ], [ -15.5504274, 28.0605066 ], [ -15.5503371, 28.0604303 ], [ -15.5501975, 28.060309 ], [ -15.5501565, 28.0602617 ], [ -15.5500921, 28.0601582 ], [ -15.5499717, 28.0599397 ], [ -15.5499308, 28.0598383 ], [ -15.549883, 28.0596919 ], [ -15.5498591, 28.0596243 ], [ -15.5498012, 28.0595545 ], [ -15.5497517, 28.0594464 ], [ -15.5497279, 28.0593246 ], [ -15.5495739, 28.0591853 ], [ -15.5495472, 28.0590726 ], [ -15.549507, 28.0589125 ], [ -15.5494773, 28.0587727 ], [ -15.5493465, 28.0588161 ], [ -15.5492313, 28.0586609 ], [ -15.5491346, 28.0585349 ], [ -15.5490562, 28.0584291 ], [ -15.5489747, 28.0583527 ], [ -15.5489283, 28.0583101 ], [ -15.5488259, 28.0583556 ], [ -15.5487747, 28.0583739 ], [ -15.5487749, 28.0583942 ], [ -15.5487601, 28.058419 ], [ -15.5486678, 28.0584894 ], [ -15.5485985, 28.058537 ], [ -15.5484596, 28.0586211 ], [ -15.5482901, 28.0587526 ], [ -15.5481661, 28.0588073 ], [ -15.5480024, 28.0588802 ], [ -15.5479182, 28.058955 ], [ -15.5478495, 28.059023 ], [ -15.5476896, 28.0592109 ], [ -15.5475744, 28.0593355 ], [ -15.5474213, 28.0594873 ], [ -15.5476059, 28.0596445 ], [ -15.5474324, 28.0597942 ], [ -15.5473371, 28.059869 ], [ -15.5471638, 28.0600051 ], [ -15.5470399, 28.0601027 ], [ -15.5468874, 28.0602387 ], [ -15.546857, 28.0602749 ], [ -15.5468247, 28.0602998 ], [ -15.5467278, 28.060377 ], [ -15.5466183, 28.0604812 ], [ -15.5465852, 28.0605378 ], [ -15.5465486, 28.0606056 ], [ -15.5465013, 28.0607367 ], [ -15.5464683, 28.0608203 ], [ -15.5464206, 28.060886 ], [ -15.5466926, 28.0609661 ], [ -15.5467018, 28.061088 ], [ -15.5467319, 28.0615685 ], [ -15.5468019, 28.0621415 ], [ -15.5468436, 28.0625204 ], [ -15.5469044, 28.0625382 ], [ -15.5470054, 28.0625085 ], [ -15.5471805, 28.0624965 ], [ -15.5474763, 28.0624502 ], [ -15.5475409, 28.0624409 ], [ -15.5476721, 28.0624246 ], [ -15.5477183, 28.0624334 ], [ -15.5478425, 28.0624713 ], [ -15.5479667, 28.0625002 ], [ -15.5480762, 28.0625245 ], [ -15.5481634, 28.0625422 ], [ -15.5482706, 28.0625554 ], [ -15.5483992, 28.0625684 ], [ -15.5484682, 28.0625749 ], [ -15.5486067, 28.0626104 ], [ -15.5487137, 28.0626371 ], [ -15.5488716, 28.062659 ], [ -15.5488862, 28.0626635 ], [ -15.5489677, 28.0626676 ], [ -15.5490586, 28.0626696 ], [ -15.5491438, 28.0626669 ], [ -15.5491689, 28.0626668 ], [ -15.5492609, 28.062671 ], [ -15.5493353, 28.0626707 ], [ -15.5493834, 28.0627585 ], [ -15.5493872, 28.0631151 ], [ -15.5493936, 28.0633249 ], [ -15.549398, 28.0634987 ] ] ] } },
{ "type": "Feature", "properties": { "CCAA": "05 - Canarias", "PROVINCIA": "35 - Palmas, Las", "MUNICIPIO": "35027 - Teror", "COD_MUNICIPIO": "35027", "DISTRITO": "01", "SECCION": "3502701003", "V1_H": 80.06, "V1_M": 86.12, "V2_H": 80.10460866, "V2_M": 86.20761786, "V3_H": 80.17898723, "V3_M": 86.18020212 }, "geometry": { "type": "Polygon", "coordinates": [ [ [ -15.5128794, 28.0836799 ], [ -15.5129101, 28.0836504 ], [ -15.5129479, 28.0836277 ], [ -15.5130583, 28.0835822 ], [ -15.5131635, 28.0835525 ], [ -15.5132798, 28.0835227 ], [ -15.5133925, 28.0834929 ], [ -15.5134935, 28.0834722 ], [ -15.5135073, 28.0834699 ], [ -15.5136162, 28.0834537 ], [ -15.5137031, 28.0834534 ], [ -15.5137327, 28.0834578 ], [ -15.5138467, 28.083489 ], [ -15.5139177, 28.0835135 ], [ -15.5139965, 28.0835606 ], [ -15.5140518, 28.0836056 ], [ -15.514079, 28.0836393 ], [ -15.5141223, 28.0837181 ], [ -15.51418, 28.0838037 ], [ -15.5142286, 28.0838622 ], [ -15.5142669, 28.0838936 ], [ -15.5143106, 28.083916 ], [ -15.514359, 28.0839271 ], [ -15.5144057, 28.083927 ], [ -15.5144826, 28.0839153 ], [ -15.5145891, 28.0838924 ], [ -15.5146828, 28.0838627 ], [ -15.5147755, 28.0838217 ], [ -15.5147999, 28.0838126 ], [ -15.5149835, 28.0837487 ], [ -15.5150867, 28.08371 ], [ -15.5151473, 28.0836804 ], [ -15.5152316, 28.0836327 ], [ -15.5152919, 28.0835873 ], [ -15.5153865, 28.0834967 ], [ -15.5154065, 28.0834741 ], [ -15.5155586, 28.0833043 ], [ -15.5155946, 28.08325 ], [ -15.5156359, 28.0831573 ], [ -15.5156477, 28.0830986 ], [ -15.5156629, 28.0830218 ], [ -15.5156683, 28.0829631 ], [ -15.5156497, 28.0827984 ], [ -15.5156558, 28.0826788 ], [ -15.5156841, 28.082541 ], [ -15.5157068, 28.0824958 ], [ -15.5157809, 28.0824255 ], [ -15.5159234, 28.0823686 ], [ -15.5162311, 28.0823156 ], [ -15.5164906, 28.0823078 ], [ -15.5167176, 28.0822866 ], [ -15.5168993, 28.082304 ], [ -15.5171588, 28.0823549 ], [ -15.5172857, 28.0824244 ], [ -15.5173993, 28.082442 ], [ -15.5175581, 28.082455 ], [ -15.5178113, 28.082454 ], [ -15.5179126, 28.0824288 ], [ -15.518094, 28.0823807 ], [ -15.5182753, 28.0823281 ], [ -15.5184535, 28.0822756 ], [ -15.5186025, 28.0822276 ], [ -15.5187578, 28.0821819 ], [ -15.5188969, 28.082134 ], [ -15.5189746, 28.0820885 ], [ -15.5190652, 28.0820227 ], [ -15.5191067, 28.0819323 ], [ -15.5190966, 28.0818692 ], [ -15.5190673, 28.0817971 ], [ -15.5189952, 28.0816913 ], [ -15.518888, 28.0816037 ], [ -15.518761, 28.0815342 ], [ -15.5186797, 28.0814758 ], [ -15.5186111, 28.081379 ], [ -15.5185717, 28.0812618 ], [ -15.5185419, 28.0811423 ], [ -15.5185253, 28.0810724 ], [ -15.5185187, 28.080998 ], [ -15.5185446, 28.0809686 ], [ -15.5185995, 28.0809571 ], [ -15.5186775, 28.0809636 ], [ -15.5188462, 28.0809877 ], [ -15.5189369, 28.0810032 ], [ -15.5190148, 28.0810029 ], [ -15.5190698, 28.0809891 ], [ -15.5191183, 28.0809551 ], [ -15.5191442, 28.0809234 ], [ -15.5191666, 28.0808714 ], [ -15.5191695, 28.0808263 ], [ -15.5191595, 28.080736 ], [ -15.5191269, 28.080691 ], [ -15.5190747, 28.080619 ], [ -15.5190615, 28.0805785 ], [ -15.519058, 28.0805333 ], [ -15.5190741, 28.0804971 ], [ -15.519119, 28.0804406 ], [ -15.5191805, 28.0803907 ], [ -15.5193414, 28.0803246 ], [ -15.519539, 28.0802765 ], [ -15.5197723, 28.0802327 ], [ -15.5199406, 28.0801847 ], [ -15.5200572, 28.0801617 ], [ -15.5201998, 28.0801183 ], [ -15.520274, 28.0800684 ], [ -15.5203161, 28.0800163 ], [ -15.5203545, 28.0799394 ], [ -15.5203961, 28.0797948 ], [ -15.5204368, 28.079666 ], [ -15.5204819, 28.0795869 ], [ -15.5205398, 28.0795167 ], [ -15.5206499, 28.0794712 ], [ -15.5207601, 28.0794391 ], [ -15.5208731, 28.0793936 ], [ -15.5209963, 28.0793389 ], [ -15.5210804, 28.0792957 ], [ -15.5211581, 28.0792526 ], [ -15.5212794, 28.0791618 ], [ -15.5213215, 28.0791053 ], [ -15.5213146, 28.0790669 ], [ -15.5212983, 28.0790376 ], [ -15.5212529, 28.079004 ], [ -15.5212073, 28.0789725 ], [ -15.5211292, 28.0789457 ], [ -15.5210674, 28.0789144 ], [ -15.5209571, 28.0788764 ], [ -15.5208758, 28.0788203 ], [ -15.5207911, 28.0787462 ], [ -15.5207226, 28.0786472 ], [ -15.5206669, 28.0785638 ], [ -15.5206503, 28.0784849 ], [ -15.5206566, 28.078415 ], [ -15.5206788, 28.0783427 ], [ -15.5207077, 28.0782748 ], [ -15.5207563, 28.0782385 ], [ -15.5208373, 28.0782292 ], [ -15.520941, 28.0782266 ], [ -15.5210546, 28.0782352 ], [ -15.5211487, 28.0782348 ], [ -15.5212523, 28.0782118 ], [ -15.5213264, 28.0781506 ], [ -15.5214139, 28.0780803 ], [ -15.5215358, 28.0779648 ], [ -15.5216715, 28.0778943 ], [ -15.5217328, 28.0778715 ], [ -15.5218139, 28.0778712 ], [ -15.5219568, 28.077891 ], [ -15.5221158, 28.07794 ], [ -15.5222069, 28.0779712 ], [ -15.5225609, 28.0781098 ], [ -15.5227883, 28.0781766 ], [ -15.522978, 28.0782098 ], [ -15.523082, 28.0782004 ], [ -15.5231629, 28.0781662 ], [ -15.523234, 28.0781253 ], [ -15.5233017, 28.0780551 ], [ -15.5233205, 28.0779422 ], [ -15.5233491, 28.0777999 ], [ -15.5234069, 28.0777207 ], [ -15.5234784, 28.0776933 ], [ -15.5235366, 28.0776931 ], [ -15.5236276, 28.0777063 ], [ -15.523699, 28.0777467 ], [ -15.5237674, 28.0778096 ], [ -15.5238621, 28.0779221 ], [ -15.5239565, 28.0780278 ], [ -15.5240507, 28.0780613 ], [ -15.5241255, 28.078061 ], [ -15.5242291, 28.0780516 ], [ -15.5243132, 28.0780106 ], [ -15.5243842, 28.0779584 ], [ -15.5244487, 28.0778905 ], [ -15.5244872, 28.0778181 ], [ -15.5245128, 28.0777165 ], [ -15.524531, 28.077475 ], [ -15.5245202, 28.07722 ], [ -15.5245088, 28.0770214 ], [ -15.5244821, 28.0768455 ], [ -15.5244065, 28.0766517 ], [ -15.52438, 28.0765142 ], [ -15.5243924, 28.0764283 ], [ -15.5244244, 28.0763537 ], [ -15.5244922, 28.0762813 ], [ -15.5246506, 28.076161 ], [ -15.524854, 28.0760001 ], [ -15.5249762, 28.0758822 ], [ -15.5250147, 28.0758302 ], [ -15.5250694, 28.0757645 ], [ -15.5251602, 28.075719 ], [ -15.5252928, 28.0756598 ], [ -15.5253929, 28.0755737 ], [ -15.5254444, 28.0755013 ], [ -15.5254472, 28.0754246 ], [ -15.5254306, 28.0753502 ], [ -15.5253622, 28.0752827 ], [ -15.5252583, 28.075229 ], [ -15.525138, 28.0751482 ], [ -15.5250047, 28.0750719 ], [ -15.5248712, 28.0749619 ], [ -15.524819, 28.0748898 ], [ -15.5247862, 28.0748065 ], [ -15.5247761, 28.0746892 ], [ -15.524795, 28.0746011 ], [ -15.524853, 28.0745535 ], [ -15.5249924, 28.0744943 ], [ -15.5252934, 28.0743983 ], [ -15.5254935, 28.0743457 ], [ -15.5257072, 28.0742771 ], [ -15.5258853, 28.0742065 ], [ -15.5259366, 28.0741025 ], [ -15.5260071, 28.073951 ], [ -15.526052, 28.0738358 ], [ -15.5261064, 28.0737001 ], [ -15.5261377, 28.0736639 ], [ -15.5261557, 28.0736458 ], [ -15.5261992, 28.0736186 ], [ -15.5262531, 28.0736003 ], [ -15.5263571, 28.0735886 ], [ -15.5263997, 28.0735884 ], [ -15.5264636, 28.0735882 ], [ -15.5265762, 28.07359 ], [ -15.5266227, 28.0735876 ], [ -15.5266906, 28.073567 ], [ -15.5267923, 28.0735373 ], [ -15.5268862, 28.0734963 ], [ -15.5269714, 28.0734396 ], [ -15.527057, 28.073376 ], [ -15.5271204, 28.0733352 ], [ -15.5272125, 28.0732965 ], [ -15.5272785, 28.0732759 ], [ -15.5273811, 28.0732529 ], [ -15.5274571, 28.0732414 ], [ -15.5275659, 28.0732409 ], [ -15.5279947, 28.0732596 ], [ -15.5280112, 28.0732618 ], [ -15.5280472, 28.0732662 ], [ -15.5281074, 28.0732885 ], [ -15.5282056, 28.0733378 ], [ -15.5283076, 28.0733825 ], [ -15.528408, 28.0734273 ], [ -15.5285157, 28.0734652 ], [ -15.5285816, 28.0734966 ], [ -15.528642, 28.0735437 ], [ -15.528708, 28.0736427 ], [ -15.5287775, 28.0738027 ], [ -15.528797, 28.0738839 ], [ -15.528808, 28.0739403 ], [ -15.5287767, 28.0740374 ], [ -15.5287688, 28.074051 ], [ -15.5287339, 28.0741234 ], [ -15.5286835, 28.0742183 ], [ -15.5286447, 28.074302 ], [ -15.5286291, 28.0743607 ], [ -15.5286303, 28.0743923 ], [ -15.5286371, 28.0744216 ], [ -15.5286518, 28.0744441 ], [ -15.5286742, 28.0744643 ], [ -15.5287169, 28.0744822 ], [ -15.5287758, 28.0744978 ], [ -15.528849, 28.0745066 ], [ -15.5289511, 28.0745084 ], [ -15.5290045, 28.0745037 ], [ -15.5290534, 28.0744877 ], [ -15.5290978, 28.0744627 ], [ -15.5291383, 28.074431 ], [ -15.5291868, 28.0743834 ], [ -15.5292256, 28.0743223 ], [ -15.5292792, 28.0742295 ], [ -15.5293113, 28.0741595 ], [ -15.5293204, 28.0741279 ], [ -15.5293335, 28.0740804 ], [ -15.5293698, 28.0740171 ], [ -15.5294204, 28.0739559 ], [ -15.5294944, 28.0738767 ], [ -15.5295178, 28.0738563 ], [ -15.5295669, 28.073811 ], [ -15.5296556, 28.0737497 ], [ -15.5297463, 28.0736929 ], [ -15.5297952, 28.0736747 ], [ -15.529848, 28.07367 ], [ -15.5298983, 28.0736788 ], [ -15.5299448, 28.0736944 ], [ -15.5299716, 28.0737146 ], [ -15.5300093, 28.0737528 ], [ -15.5300347, 28.0737979 ], [ -15.530055, 28.0738542 ], [ -15.5300626, 28.0739083 ], [ -15.5300623, 28.0739896 ], [ -15.5300485, 28.0740934 ], [ -15.5300463, 28.0741566 ], [ -15.5300551, 28.074204 ], [ -15.5300712, 28.0742356 ], [ -15.5300942, 28.0742603 ], [ -15.5301656, 28.0743074 ], [ -15.5302125, 28.074332 ], [ -15.5302224, 28.0743342 ], [ -15.5303026, 28.0743497 ], [ -15.5303806, 28.0743539 ], [ -15.5304932, 28.0743535 ], [ -15.5305933, 28.0743441 ], [ -15.5307121, 28.0743301 ], [ -15.5307929, 28.0743275 ], [ -15.5308458, 28.0743318 ], [ -15.5309079, 28.0743541 ], [ -15.5309599, 28.0743833 ], [ -15.5309893, 28.0744125 ], [ -15.5310357, 28.0744823 ], [ -15.5310676, 28.0745612 ], [ -15.531099, 28.0746062 ], [ -15.5311319, 28.0746354 ], [ -15.5312072, 28.074687 ], [ -15.5312771, 28.0747364 ], [ -15.5313436, 28.0748038 ], [ -15.531403, 28.0748555 ], [ -15.5314875, 28.0749116 ], [ -15.5315552, 28.074961 ], [ -15.531635, 28.0750239 ], [ -15.5317222, 28.0750935 ], [ -15.5318125, 28.0751518 ], [ -15.5318916, 28.0751921 ], [ -15.5319603, 28.0752077 ], [ -15.5319931, 28.0752098 ], [ -15.5320707, 28.0752005 ], [ -15.5321167, 28.075189 ], [ -15.5321621, 28.0751662 ], [ -15.5322141, 28.0751254 ], [ -15.5322853, 28.0750507 ], [ -15.5323459, 28.0749669 ], [ -15.5323547, 28.0749421 ], [ -15.5323597, 28.0749285 ], [ -15.5323605, 28.0748879 ], [ -15.5323382, 28.0748203 ], [ -15.5322872, 28.0747347 ], [ -15.532235, 28.0746537 ], [ -15.5321719, 28.0745704 ], [ -15.5321092, 28.0744962 ], [ -15.5320296, 28.0744153 ], [ -15.5319573, 28.0743343 ], [ -15.5319342, 28.0742938 ], [ -15.5319203, 28.0742442 ], [ -15.531922, 28.0741968 ], [ -15.531945, 28.074147 ], [ -15.5319809, 28.0740882 ], [ -15.5320362, 28.0740113 ], [ -15.5320697, 28.0739751 ], [ -15.5321344, 28.0739274 ], [ -15.5321546, 28.0739115 ], [ -15.5322529, 28.0738547 ], [ -15.5323485, 28.0738092 ], [ -15.5324091, 28.0737864 ], [ -15.5324698, 28.0737772 ], [ -15.5325725, 28.0737745 ], [ -15.5326343, 28.0737788 ], [ -15.5327215, 28.0738055 ], [ -15.5328266, 28.0738367 ], [ -15.5329253, 28.0738612 ], [ -15.5330387, 28.07389 ], [ -15.5331348, 28.0739032 ], [ -15.533243, 28.0739051 ], [ -15.5333212, 28.0739002 ], [ -15.5333793, 28.0738842 ], [ -15.5334246, 28.0738547 ], [ -15.533449, 28.073832 ], [ -15.5334799, 28.0737755 ], [ -15.5335169, 28.0736828 ], [ -15.533549, 28.0735947 ], [ -15.5335851, 28.0735043 ], [ -15.5336237, 28.0734093 ], [ -15.5336573, 28.0733167 ], [ -15.5336677, 28.0732918 ], [ -15.5336913, 28.0732398 ], [ -15.5337295, 28.0731878 ], [ -15.5337697, 28.073147 ], [ -15.5338052, 28.0731288 ], [ -15.5338668, 28.073115 ], [ -15.533926, 28.073117 ], [ -15.534038, 28.0731234 ], [ -15.5341436, 28.073132 ], [ -15.5342502, 28.0731429 ], [ -15.5343508, 28.073156 ], [ -15.534465, 28.0731623 ], [ -15.5345213, 28.0731576 ], [ -15.5346308, 28.0731233 ], [ -15.5347334, 28.0730936 ], [ -15.5348058, 28.073064 ], [ -15.5348612, 28.0730276 ], [ -15.5349201, 28.0729665 ], [ -15.5349596, 28.0729099 ], [ -15.5349769, 28.0728783 ], [ -15.5349936, 28.0728466 ], [ -15.5350146, 28.0727901 ], [ -15.5350251, 28.0727156 ], [ -15.535029, 28.0726185 ], [ -15.535034, 28.0725237 ], [ -15.5350469, 28.0724266 ], [ -15.5350445, 28.0723318 ], [ -15.5350282, 28.072262 ], [ -15.5350089, 28.0722169 ], [ -15.5349756, 28.0721629 ], [ -15.534966, 28.0721516 ], [ -15.534933, 28.0721134 ], [ -15.5348781, 28.0720685 ], [ -15.5347875, 28.0719989 ], [ -15.5347039, 28.0719563 ], [ -15.5346883, 28.0719496 ], [ -15.5346039, 28.0719161 ], [ -15.5345016, 28.0718736 ], [ -15.5343967, 28.0718334 ], [ -15.5342849, 28.0717932 ], [ -15.5341842, 28.0717439 ], [ -15.5341264, 28.0717058 ], [ -15.5340377, 28.0716384 ], [ -15.5339499, 28.0715801 ], [ -15.5339024, 28.0715464 ], [ -15.5338652, 28.0715014 ], [ -15.5338353, 28.0714406 ], [ -15.5338283, 28.0714271 ], [ -15.53379, 28.0713393 ], [ -15.5337555, 28.0712423 ], [ -15.5337267, 28.0711364 ], [ -15.5337068, 28.0710417 ], [ -15.5336876, 28.0709402 ], [ -15.5336785, 28.0708387 ], [ -15.5336695, 28.070753 ], [ -15.53365, 28.0706853 ], [ -15.5336121, 28.070602 ], [ -15.5335684, 28.0705119 ], [ -15.5335366, 28.0704376 ], [ -15.5335231, 28.0703609 ], [ -15.5335255, 28.070318 ], [ -15.5335361, 28.0702863 ], [ -15.5335695, 28.070223 ], [ -15.5336128, 28.0701642 ], [ -15.5336489, 28.0701279 ], [ -15.533717, 28.070078 ], [ -15.5337642, 28.0700395 ], [ -15.5337806, 28.0700168 ], [ -15.5337957, 28.0699761 ], [ -15.5337997, 28.0699468 ], [ -15.5337918, 28.0699085 ], [ -15.5337543, 28.0698387 ], [ -15.5337024, 28.0697531 ], [ -15.5336635, 28.0696653 ], [ -15.5336245, 28.0695706 ], [ -15.5335913, 28.0694827 ], [ -15.5335553, 28.0693971 ], [ -15.5335273, 28.0693476 ], [ -15.533457, 28.0692621 ], [ -15.533385, 28.0691856 ], [ -15.5333249, 28.0691227 ], [ -15.5333031, 28.0690867 ], [ -15.5332892, 28.0690303 ], [ -15.5332877, 28.0689852 ], [ -15.5332991, 28.0689129 ], [ -15.5333164, 28.0688722 ], [ -15.5333663, 28.0688021 ], [ -15.5334127, 28.06875 ], [ -15.5334669, 28.0687047 ], [ -15.5335383, 28.068657 ], [ -15.533597, 28.0686342 ], [ -15.5336764, 28.0686181 ], [ -15.5337638, 28.0686109 ], [ -15.533775, 28.0686087 ], [ -15.5338124, 28.0685995 ], [ -15.5338371, 28.0685836 ], [ -15.5338539, 28.0685609 ], [ -15.5338611, 28.0685406 ], [ -15.5338604, 28.0684684 ], [ -15.5338587, 28.0683781 ], [ -15.5338466, 28.068306 ], [ -15.5338243, 28.0682451 ], [ -15.5337894, 28.0682001 ], [ -15.5337268, 28.068144 ], [ -15.5336496, 28.0680833 ], [ -15.5336026, 28.0680316 ], [ -15.5335789, 28.0679888 ], [ -15.5335649, 28.0679415 ], [ -15.5335657, 28.0679121 ], [ -15.5335739, 28.067885 ], [ -15.5335909, 28.0678601 ], [ -15.5336159, 28.0678442 ], [ -15.5336496, 28.0678328 ], [ -15.5337281, 28.0678167 ], [ -15.5338359, 28.0678073 ], [ -15.5339557, 28.0678 ], [ -15.5340772, 28.0677973 ], [ -15.5341895, 28.0677991 ], [ -15.5342613, 28.0677876 ], [ -15.5343047, 28.0677693 ], [ -15.5343415, 28.0677376 ], [ -15.5343652, 28.0677082 ], [ -15.5343837, 28.0676562 ], [ -15.5343936, 28.0675952 ], [ -15.5343988, 28.0674914 ], [ -15.5344024, 28.0673966 ], [ -15.5344013, 28.0672973 ], [ -15.5343932, 28.067198 ], [ -15.5343847, 28.0670988 ], [ -15.5343786, 28.0670018 ], [ -15.5343811, 28.066934 ], [ -15.5343967, 28.0668685 ], [ -15.5344281, 28.0667962 ], [ -15.534466, 28.0667419 ], [ -15.534528, 28.0666807 ], [ -15.5345667, 28.0666535 ], [ -15.5346054, 28.0666375 ], [ -15.5346152, 28.066633 ], [ -15.5346737, 28.0666215 ], [ -15.5347516, 28.0666234 ], [ -15.5348573, 28.0666343 ], [ -15.5349604, 28.0666497 ], [ -15.5350721, 28.0666628 ], [ -15.5351443, 28.0666648 ], [ -15.5351547, 28.0666625 ], [ -15.5352198, 28.0666419 ], [ -15.5352458, 28.0666215 ], [ -15.5352664, 28.0665966 ], [ -15.5352953, 28.066531 ], [ -15.5353157, 28.0664655 ], [ -15.5353435, 28.0663729 ], [ -15.5353599, 28.0663435 ], [ -15.5354305, 28.0662755 ], [ -15.5354612, 28.0662596 ], [ -15.5355635, 28.0662231 ], [ -15.5356073, 28.0662139 ], [ -15.5356327, 28.0662093 ], [ -15.5357, 28.0661864 ], [ -15.5357292, 28.0661683 ], [ -15.5357767, 28.0661275 ], [ -15.535796, 28.0661048 ], [ -15.5358124, 28.0660777 ], [ -15.5358514, 28.0659963 ], [ -15.5358705, 28.065933 ], [ -15.5358985, 28.0658111 ], [ -15.5359133, 28.065723 ], [ -15.535924, 28.0656236 ], [ -15.5359325, 28.0654927 ], [ -15.5359526, 28.0654362 ], [ -15.536025, 28.0653366 ], [ -15.5360547, 28.0653072 ], [ -15.5361191, 28.0652189 ], [ -15.5361222, 28.0652099 ], [ -15.5361301, 28.0651873 ], [ -15.5361344, 28.0651579 ], [ -15.5361125, 28.0651061 ], [ -15.5360854, 28.0650836 ], [ -15.5360513, 28.0650657 ], [ -15.5358977, 28.0650099 ], [ -15.5358149, 28.0649809 ], [ -15.5357314, 28.0649496 ], [ -15.5356129, 28.0649049 ], [ -15.5355753, 28.0648848 ], [ -15.5354579, 28.0648175 ], [ -15.5354126, 28.0647816 ], [ -15.5353886, 28.0647659 ], [ -15.5353352, 28.0647074 ], [ -15.5353166, 28.0646759 ], [ -15.5353034, 28.0646376 ], [ -15.5352844, 28.0645294 ], [ -15.5352897, 28.064491 ], [ -15.5352993, 28.0644525 ], [ -15.5353417, 28.0643373 ], [ -15.5353807, 28.0642559 ], [ -15.5354527, 28.0641451 ], [ -15.5354799, 28.0641156 ], [ -15.5355539, 28.0640431 ], [ -15.535579, 28.0640272 ], [ -15.5357032, 28.0639455 ], [ -15.5358275, 28.0638705 ], [ -15.5359014, 28.0638228 ], [ -15.535927, 28.0638069 ], [ -15.5360186, 28.0637389 ], [ -15.5360933, 28.0636709 ], [ -15.5361439, 28.0636143 ], [ -15.5361894, 28.0635509 ], [ -15.5362256, 28.0634808 ], [ -15.5362607, 28.0633633 ], [ -15.5362727, 28.063291 ], [ -15.53627, 28.063194 ], [ -15.5362567, 28.0631354 ], [ -15.5362207, 28.0630611 ], [ -15.5361861, 28.0630138 ], [ -15.5361222, 28.0629486 ], [ -15.5360692, 28.0629104 ], [ -15.5359621, 28.06285 ], [ -15.535942, 28.0628387 ], [ -15.5358476, 28.0627895 ], [ -15.5357899, 28.0627626 ], [ -15.535715, 28.0627381 ], [ -15.5356908, 28.0627337 ], [ -15.5356488, 28.0627225 ], [ -15.5356335, 28.0627181 ], [ -15.5355932, 28.0626686 ], [ -15.5355148, 28.0626192 ], [ -15.5354244, 28.0625564 ], [ -15.5353916, 28.0625317 ], [ -15.5353361, 28.0625003 ], [ -15.535271, 28.0624554 ], [ -15.5352352, 28.0624195 ], [ -15.53517, 28.0623475 ], [ -15.5351281, 28.0623138 ], [ -15.5350547, 28.0622509 ], [ -15.5350025, 28.0621902 ], [ -15.5349526, 28.0621182 ], [ -15.5349365, 28.0620799 ], [ -15.5349135, 28.0619874 ], [ -15.5349071, 28.061922 ], [ -15.5349031, 28.0618882 ], [ -15.5348931, 28.0617934 ], [ -15.5348888, 28.0616964 ], [ -15.5348893, 28.0615949 ], [ -15.53489, 28.0614933 ], [ -15.534899, 28.0613917 ], [ -15.5349007, 28.0612901 ], [ -15.534897, 28.0612473 ], [ -15.5348926, 28.0611932 ], [ -15.5348799, 28.0611164 ], [ -15.5348621, 28.0610624 ], [ -15.534837, 28.060997 ], [ -15.5348122, 28.0609339 ], [ -15.5347925, 28.0608776 ], [ -15.5347712, 28.0608077 ], [ -15.5347454, 28.0607356 ], [ -15.5347392, 28.0607198 ], [ -15.5346981, 28.0606275 ], [ -15.5346579, 28.0605328 ], [ -15.5346232, 28.060472 ], [ -15.5345662, 28.0603955 ], [ -15.5345304, 28.0603483 ], [ -15.534521, 28.0603235 ], [ -15.534512, 28.0602987 ], [ -15.5345104, 28.0602242 ], [ -15.5345207, 28.0601813 ], [ -15.5345515, 28.060109 ], [ -15.5345759, 28.0600886 ], [ -15.5346587, 28.0599303 ], [ -15.5347028, 28.0597834 ], [ -15.5347746, 28.0596432 ], [ -15.5348293, 28.0595053 ], [ -15.5349589, 28.0592227 ], [ -15.5350307, 28.0590848 ], [ -15.5351784, 28.0589217 ], [ -15.5353227, 28.0587813 ], [ -15.5354602, 28.0586701 ], [ -15.5355977, 28.0585816 ], [ -15.5357665, 28.0584952 ], [ -15.5359525, 28.05842 ], [ -15.536073, 28.0583654 ], [ -15.536267, 28.0583037 ], [ -15.5364567, 28.0582623 ], [ -15.5367765, 28.0581189 ], [ -15.5368176, 28.0580691 ], [ -15.5369238, 28.0579423 ], [ -15.5370642, 28.0577251 ], [ -15.5371053, 28.0576708 ], [ -15.5371703, 28.0575148 ], [ -15.5372317, 28.0573904 ], [ -15.5372898, 28.0572277 ], [ -15.537375, 28.0570446 ], [ -15.5375392, 28.056807 ], [ -15.5376282, 28.0566802 ], [ -15.5376936, 28.0565942 ], [ -15.537738, 28.056497 ], [ -15.5377645, 28.0563344 ], [ -15.5377983, 28.056156 ], [ -15.5378253, 28.0560205 ], [ -15.5378246, 28.0558806 ], [ -15.5378239, 28.0557362 ], [ -15.5378369, 28.0555939 ], [ -15.5378908, 28.0554448 ], [ -15.5379625, 28.0552843 ], [ -15.5380277, 28.0551486 ], [ -15.5381166, 28.0550151 ], [ -15.5382159, 28.0548297 ], [ -15.5383016, 28.0547278 ], [ -15.5384114, 28.0546213 ], [ -15.538494, 28.0545374 ], [ -15.5386213, 28.0544444 ], [ -15.538728, 28.0544056 ], [ -15.5389369, 28.0542062 ], [ -15.5390051, 28.0540593 ], [ -15.5391038, 28.0537723 ], [ -15.5391446, 28.0536547 ], [ -15.539258, 28.0535054 ], [ -15.5394294, 28.0533106 ], [ -15.5396586, 28.0530389 ], [ -15.5397581, 28.0529054 ], [ -15.5398747, 28.052774 ], [ -15.5399709, 28.0526721 ], [ -15.5400741, 28.0525837 ], [ -15.5401945, 28.0524907 ], [ -15.5403733, 28.0523952 ], [ -15.5405144, 28.0523089 ], [ -15.5407107, 28.0522133 ], [ -15.5409476, 28.052068 ], [ -15.5410095, 28.051991 ], [ -15.5410263, 28.0519187 ], [ -15.5410155, 28.0518623 ], [ -15.540991, 28.0517992 ], [ -15.540925, 28.0516867 ], [ -15.5408446, 28.0515154 ], [ -15.5407368, 28.0513105 ], [ -15.5406426, 28.0511236 ], [ -15.5405935, 28.0509477 ], [ -15.5405479, 28.0508102 ], [ -15.540547, 28.050632 ], [ -15.5405462, 28.0504582 ], [ -15.5405659, 28.0503318 ], [ -15.5405929, 28.0501963 ], [ -15.5406714, 28.0500154 ], [ -15.5407226, 28.0498821 ], [ -15.5408082, 28.0497598 ], [ -15.5409044, 28.0496805 ], [ -15.5410006, 28.0495785 ], [ -15.5410896, 28.0494383 ], [ -15.5410718, 28.0493187 ], [ -15.5410021, 28.0491881 ], [ -15.5409218, 28.0490192 ], [ -15.5408347, 28.0488322 ], [ -15.540751, 28.0486836 ], [ -15.5406677, 28.0485643 ], [ -15.5405497, 28.0484294 ], [ -15.5404288, 28.0482854 ], [ -15.5403002, 28.0481279 ], [ -15.5402099, 28.0479974 ], [ -15.5401645, 28.0479006 ], [ -15.5401293, 28.0477901 ], [ -15.5401528, 28.0476524 ], [ -15.5402076, 28.0475416 ], [ -15.5403067, 28.047408 ], [ -15.5403892, 28.0472926 ], [ -15.540423, 28.0471932 ], [ -15.5404153, 28.0470601 ], [ -15.5404117, 28.0469698 ], [ -15.5403836, 28.0468729 ], [ -15.5403486, 28.0468166 ], [ -15.5402791, 28.0467244 ], [ -15.5402441, 28.0465845 ], [ -15.5402089, 28.0464651 ], [ -15.5401598, 28.0463276 ], [ -15.5401283, 28.0461901 ], [ -15.5401172, 28.0460637 ], [ -15.5401166, 28.0459396 ], [ -15.5401194, 28.0458042 ], [ -15.5401601, 28.0456754 ], [ -15.5402525, 28.0455239 ], [ -15.540338, 28.0453881 ], [ -15.5404063, 28.0452434 ], [ -15.540516, 28.0451234 ], [ -15.5406088, 28.045044 ], [ -15.5407671, 28.0449238 ], [ -15.5409383, 28.0447019 ], [ -15.5410463, 28.0445345 ], [ -15.5411218, 28.0444372 ], [ -15.5413005, 28.0443191 ], [ -15.5414796, 28.0442146 ], [ -15.5417123, 28.0440715 ], [ -15.5418568, 28.0439717 ], [ -15.5419731, 28.0437749 ], [ -15.5419931, 28.0436462 ], [ -15.5419854, 28.0434995 ], [ -15.541964, 28.0433596 ], [ -15.5419633, 28.0432175 ], [ -15.5420524, 28.0431133 ], [ -15.5421557, 28.0430271 ], [ -15.5423206, 28.0428843 ], [ -15.5424302, 28.042744 ], [ -15.5426351, 28.042513 ], [ -15.5427587, 28.0423771 ], [ -15.5428547, 28.0422368 ], [ -15.5429369, 28.0420717 ], [ -15.5429896, 28.0419384 ], [ -15.5429986, 28.0417059 ], [ -15.5429662, 28.0413923 ], [ -15.5429299, 28.0410607 ], [ -15.5429018, 28.0409841 ], [ -15.5428252, 28.0408016 ], [ -15.5427314, 28.0406056 ], [ -15.542641, 28.0403984 ], [ -15.542561, 28.040234 ], [ -15.5424949, 28.0401124 ], [ -15.5424324, 28.0400088 ], [ -15.5422736, 28.0397883 ], [ -15.5422181, 28.0396869 ], [ -15.5421738, 28.0396058 ], [ -15.5421355, 28.0395067 ], [ -15.5420961, 28.039394 ], [ -15.5420446, 28.0392611 ], [ -15.5420031, 28.0391732 ], [ -15.5419649, 28.0390944 ], [ -15.5419013, 28.0390247 ], [ -15.5417076, 28.0388359 ], [ -15.5413761, 28.0385867 ], [ -15.5412262, 28.038488 ], [ -15.5410259, 28.0383737 ], [ -15.5408259, 28.0383 ], [ -15.5406397, 28.0381969 ], [ -15.5404739, 28.0381073 ], [ -15.5403016, 28.0380335 ], [ -15.5400537, 28.0379984 ], [ -15.5399219, 28.037956 ], [ -15.5398609, 28.0379788 ], [ -15.5395908, 28.0380724 ], [ -15.5394023, 28.0381928 ], [ -15.5391933, 28.0383132 ], [ -15.5390456, 28.0384582 ], [ -15.5388527, 28.0386778 ], [ -15.5387319, 28.0389175 ], [ -15.538602, 28.0391528 ], [ -15.5384694, 28.0393992 ], [ -15.5383826, 28.0395327 ], [ -15.5382904, 28.039664 ], [ -15.5381704, 28.0395652 ], [ -15.5379457, 28.039381 ], [ -15.5377501, 28.0392351 ], [ -15.537534, 28.0390644 ], [ -15.5372971, 28.0388216 ], [ -15.5371803, 28.0387183 ], [ -15.5369652, 28.0385476 ], [ -15.5367521, 28.0384694 ], [ -15.5365919, 28.0384159 ], [ -15.5363576, 28.0383581 ], [ -15.5361337, 28.038341 ], [ -15.5360084, 28.0383324 ], [ -15.5358543, 28.0383488 ], [ -15.5357554, 28.0383605 ], [ -15.5356506, 28.0383744 ], [ -15.535454, 28.038409 ], [ -15.5352449, 28.0384979 ], [ -15.5345418, 28.0387218 ], [ -15.5343385, 28.038779 ], [ -15.534112, 28.0388611 ], [ -15.5339247, 28.0389295 ], [ -15.5336084, 28.0390594 ], [ -15.5333177, 28.0391869 ], [ -15.5330624, 28.039312 ], [ -15.5327356, 28.0394487 ], [ -15.5325151, 28.0395421 ], [ -15.5322829, 28.0396581 ], [ -15.5320248, 28.0397832 ], [ -15.5319638, 28.039797 ], [ -15.5318803, 28.0398198 ], [ -15.5317618, 28.0398474 ], [ -15.531665, 28.0398816 ], [ -15.5315364, 28.0399115 ], [ -15.5314675, 28.0399298 ], [ -15.5314287, 28.0399389 ], [ -15.5314072, 28.039948 ], [ -15.5313802, 28.0399617 ], [ -15.5313615, 28.0399776 ], [ -15.5312467, 28.0400931 ], [ -15.5310976, 28.0402359 ], [ -15.5310578, 28.0402676 ], [ -15.5310149, 28.0402813 ], [ -15.530972, 28.0402792 ], [ -15.5309322, 28.0402703 ], [ -15.5308949, 28.0402502 ], [ -15.5308556, 28.0402142 ], [ -15.5307921, 28.0401648 ], [ -15.5307112, 28.0401313 ], [ -15.5305963, 28.0401069 ], [ -15.5305329, 28.0401027 ], [ -15.53045, 28.0401097 ], [ -15.5303576, 28.0401326 ], [ -15.5302087, 28.0401716 ], [ -15.5300795, 28.0402059 ], [ -15.5300163, 28.040231 ], [ -15.5298957, 28.0402811 ], [ -15.5297701, 28.0403403 ], [ -15.5296721, 28.0403813 ], [ -15.5295705, 28.0404201 ], [ -15.5292893, 28.0405182 ], [ -15.5291026, 28.0405731 ], [ -15.5289921, 28.0406073 ], [ -15.5288591, 28.0406394 ], [ -15.5287371, 28.0406693 ], [ -15.5286544, 28.0407102 ], [ -15.5285762, 28.0407804 ], [ -15.528472, 28.0408756 ], [ -15.5283916, 28.0409482 ], [ -15.5282898, 28.0410546 ], [ -15.5282293, 28.0411135 ], [ -15.5281959, 28.041161 ], [ -15.5281744, 28.041195 ], [ -15.5281442, 28.0412651 ], [ -15.5280911, 28.0414007 ], [ -15.5280761, 28.0414459 ], [ -15.5280572, 28.0414753 ], [ -15.5280379, 28.0415047 ], [ -15.5280075, 28.0415319 ], [ -15.5279508, 28.041575 ], [ -15.5278757, 28.0416249 ], [ -15.5277407, 28.0417134 ], [ -15.5276415, 28.0417815 ], [ -15.5276212, 28.0417906 ], [ -15.5274857, 28.0418476 ], [ -15.527355, 28.0418909 ], [ -15.5272489, 28.0419207 ], [ -15.5271444, 28.0419459 ], [ -15.5270592, 28.041953 ], [ -15.5269702, 28.0419511 ], [ -15.5269209, 28.0419535 ], [ -15.5268177, 28.0419652 ], [ -15.5267071, 28.0419837 ], [ -15.5265362, 28.0420227 ], [ -15.5264674, 28.0420433 ], [ -15.5263963, 28.0420661 ], [ -15.5263381, 28.0420867 ], [ -15.5262331, 28.0421299 ], [ -15.5261757, 28.0421595 ], [ -15.5261301, 28.042198 ], [ -15.5260969, 28.0422433 ], [ -15.5260626, 28.0422954 ], [ -15.5260263, 28.0423564 ], [ -15.5259758, 28.0424266 ], [ -15.52596, 28.0424492 ], [ -15.5259331, 28.0424787 ], [ -15.5258733, 28.0425353 ], [ -15.5257793, 28.0426214 ], [ -15.5257191, 28.0426736 ], [ -15.5256466, 28.042737 ], [ -15.5255668, 28.042796 ], [ -15.5255101, 28.0428368 ], [ -15.5254286, 28.0428845 ], [ -15.5252944, 28.0429573 ], [ -15.5251872, 28.0430141 ], [ -15.5251171, 28.0430459 ], [ -15.5250394, 28.0430824 ], [ -15.5249532, 28.0431301 ], [ -15.5248577, 28.0431823 ], [ -15.5247917, 28.0432165 ], [ -15.5246849, 28.0432778 ], [ -15.5245118, 28.0433732 ], [ -15.5244211, 28.0434232 ], [ -15.524397, 28.0434436 ], [ -15.5243698, 28.0434731 ], [ -15.5229757, 28.044011 ], [ -15.5223464, 28.0438825 ], [ -15.5217056, 28.0437902 ], [ -15.5211017, 28.0436976 ], [ -15.5210934, 28.0436841 ], [ -15.5210483, 28.0436256 ], [ -15.5209583, 28.043556 ], [ -15.5208789, 28.0435202 ], [ -15.5208223, 28.0435046 ], [ -15.5207344, 28.0434892 ], [ -15.5206043, 28.0434784 ], [ -15.5205076, 28.0434697 ], [ -15.5204526, 28.0434654 ], [ -15.5204291, 28.0434678 ], [ -15.5202602, 28.0435158 ], [ -15.5201281, 28.0435524 ], [ -15.5200134, 28.0435844 ], [ -15.5198544, 28.0436302 ], [ -15.5197718, 28.0436598 ], [ -15.5197382, 28.0436803 ], [ -15.5196819, 28.0437346 ], [ -15.5196427, 28.0437912 ], [ -15.5195859, 28.0438749 ], [ -15.5195281, 28.0439428 ], [ -15.5194405, 28.0440447 ], [ -15.5193763, 28.0441104 ], [ -15.5193199, 28.0441557 ], [ -15.5192375, 28.0442147 ], [ -15.5191652, 28.0442647 ], [ -15.5191177, 28.0442919 ], [ -15.5190726, 28.0443147 ], [ -15.5189574, 28.0443534 ], [ -15.5188755, 28.0443809 ], [ -15.5187006, 28.0444492 ], [ -15.5186556, 28.0444719 ], [ -15.5185725, 28.0445151 ], [ -15.5185014, 28.0445402 ], [ -15.5184449, 28.044554 ], [ -15.5183187, 28.0445748 ], [ -15.518233, 28.0445932 ], [ -15.5181403, 28.0446206 ], [ -15.5180244, 28.0446707 ], [ -15.5179401, 28.0447094 ], [ -15.5177954, 28.0447844 ], [ -15.5175772, 28.0449026 ], [ -15.5174493, 28.0449549 ], [ -15.5173302, 28.0449712 ], [ -15.5171901, 28.0449875 ], [ -15.5170408, 28.0450174 ], [ -15.5169074, 28.0450495 ], [ -15.5167553, 28.0450907 ], [ -15.5166784, 28.0451068 ], [ -15.5165615, 28.0451275 ], [ -15.5164932, 28.0451368 ], [ -15.516413, 28.0451371 ], [ -15.5163244, 28.0451374 ], [ -15.5162846, 28.0451331 ], [ -15.5160931, 28.0451135 ], [ -15.5159843, 28.0451139 ], [ -15.5158795, 28.0451369 ], [ -15.5157487, 28.0451735 ], [ -15.5156846, 28.0452053 ], [ -15.5155828, 28.0452531 ], [ -15.5154377, 28.0452897 ], [ -15.5153967, 28.0453079 ], [ -15.5153086, 28.0453579 ], [ -15.5152147, 28.0454057 ], [ -15.515115, 28.0454444 ], [ -15.5150331, 28.045465 ], [ -15.5149473, 28.0454789 ], [ -15.5149098, 28.045479 ], [ -15.5147772, 28.0454795 ], [ -15.5146968, 28.0454934 ], [ -15.5146359, 28.0455139 ], [ -15.5145778, 28.045539 ], [ -15.5144268, 28.0456162 ], [ -15.5144081, 28.0456321 ], [ -15.5142696, 28.0457251 ], [ -15.5142313, 28.0457434 ], [ -15.5141291, 28.0457866 ], [ -15.5140662, 28.0458072 ], [ -15.5139656, 28.0458369 ], [ -15.5138773, 28.0458598 ], [ -15.5138153, 28.0458668 ], [ -15.5137292, 28.0458648 ], [ -15.513656, 28.0458538 ], [ -15.5134545, 28.0458252 ], [ -15.5133966, 28.0458164 ], [ -15.5132332, 28.0458216 ], [ -15.5131026, 28.0458243 ], [ -15.512982, 28.0458022 ], [ -15.5128896, 28.0457732 ], [ -15.5128543, 28.0457688 ], [ -15.5126249, 28.0457335 ], [ -15.5125702, 28.0457428 ], [ -15.5124153, 28.0457953 ], [ -15.5123306, 28.0458317 ], [ -15.5122561, 28.0458726 ], [ -15.5121965, 28.0459157 ], [ -15.5121389, 28.0459768 ], [ -15.5121008, 28.0460379 ], [ -15.5120844, 28.0460696 ], [ -15.5120503, 28.0461374 ], [ -15.512029, 28.0461939 ], [ -15.5120117, 28.0462459 ], [ -15.5119816, 28.046334 ], [ -15.5119603, 28.0463882 ], [ -15.5119457, 28.0464063 ], [ -15.5119084, 28.0464426 ], [ -15.5118688, 28.0464766 ], [ -15.5118257, 28.0465038 ], [ -15.5117755, 28.0465288 ], [ -15.5117282, 28.0465426 ], [ -15.5116386, 28.0465564 ], [ -15.5115704, 28.0465725 ], [ -15.5115005, 28.0465886 ], [ -15.5114163, 28.0466092 ], [ -15.5113572, 28.0466207 ], [ -15.5112718, 28.0466345 ], [ -15.5111758, 28.0466484 ], [ -15.511117, 28.0466554 ], [ -15.5110026, 28.0466559 ], [ -15.5108223, 28.0466565 ], [ -15.5107711, 28.0466612 ], [ -15.5106627, 28.0466729 ], [ -15.5105716, 28.0466913 ], [ -15.5105074, 28.0467119 ], [ -15.5104484, 28.0467414 ], [ -15.510392, 28.0467755 ], [ -15.5103248, 28.0468163 ], [ -15.5102734, 28.0468481 ], [ -15.510164, 28.0468982 ], [ -15.51009, 28.0469278 ], [ -15.5100208, 28.0469506 ], [ -15.5099306, 28.0469803 ], [ -15.5098497, 28.0470009 ], [ -15.5097906, 28.0470214 ], [ -15.5097224, 28.0470443 ], [ -15.5096579, 28.0470738 ], [ -15.5096059, 28.0470989 ], [ -15.5095523, 28.0471284 ], [ -15.5094981, 28.0471602 ], [ -15.509415, 28.0472056 ], [ -15.5093716, 28.0472329 ], [ -15.5093313, 28.0472623 ], [ -15.5092623, 28.0473145 ], [ -15.5091881, 28.0473644 ], [ -15.5091187, 28.0474098 ], [ -15.5090337, 28.0474575 ], [ -15.5089128, 28.0475167 ], [ -15.5088681, 28.0475349 ], [ -15.5087771, 28.0475826 ], [ -15.5087263, 28.0476053 ], [ -15.5085796, 28.0476488 ], [ -15.5084891, 28.0476694 ], [ -15.5084271, 28.0476832 ], [ -15.5083176, 28.0477129 ], [ -15.508216, 28.0477539 ], [ -15.5081282, 28.0478039 ], [ -15.5080454, 28.0478606 ], [ -15.5079839, 28.0478902 ], [ -15.5078798, 28.0479199 ], [ -15.5078483, 28.0479245 ], [ -15.5077215, 28.0479431 ], [ -15.5076643, 28.0479523 ], [ -15.5076129, 28.0479638 ], [ -15.5075472, 28.0479956 ], [ -15.5074981, 28.0480342 ], [ -15.5074249, 28.0480909 ], [ -15.5074002, 28.0481135 ], [ -15.5073793, 28.0481384 ], [ -15.5074087, 28.0481564 ], [ -15.5074349, 28.0481833 ], [ -15.507502, 28.0482463 ], [ -15.5076025, 28.0483294 ], [ -15.507725, 28.0484215 ], [ -15.5077521, 28.0484394 ], [ -15.5078037, 28.0484551 ], [ -15.5078495, 28.0484549 ], [ -15.5078867, 28.048448 ], [ -15.5079248, 28.048432 ], [ -15.5079697, 28.048398 ], [ -15.5080391, 28.0483346 ], [ -15.5081078, 28.0482757 ], [ -15.5081896, 28.0482189 ], [ -15.5082968, 28.0481553 ], [ -15.5083875, 28.0481099 ], [ -15.5084776, 28.0480667 ], [ -15.5085683, 28.0480257 ], [ -15.5086699, 28.0479802 ], [ -15.5087837, 28.0479233 ], [ -15.5089221, 28.0478664 ], [ -15.5090437, 28.0478186 ], [ -15.5091221, 28.0477867 ], [ -15.5091852, 28.0477616 ], [ -15.509282, 28.0477229 ], [ -15.5093655, 28.0476865 ], [ -15.5094344, 28.0476704 ], [ -15.5095049, 28.0476589 ], [ -15.5095822, 28.0476541 ], [ -15.5096216, 28.0476562 ], [ -15.5096782, 28.0476605 ], [ -15.509724, 28.0476603 ], [ -15.5097685, 28.0476602 ], [ -15.5098296, 28.0476554 ], [ -15.5098677, 28.0476553 ], [ -15.5098989, 28.0476642 ], [ -15.5099318, 28.0476867 ], [ -15.5099523, 28.0477182 ], [ -15.5099911, 28.0477902 ], [ -15.5100316, 28.0478849 ], [ -15.5100587, 28.0479705 ], [ -15.5100765, 28.0480269 ], [ -15.5100993, 28.0480855 ], [ -15.5101162, 28.0481666 ], [ -15.5101277, 28.0482501 ], [ -15.5101315, 28.048302 ], [ -15.5101369, 28.0483719 ], [ -15.5101387, 28.0484148 ], [ -15.5101306, 28.048451 ], [ -15.5101155, 28.0484916 ], [ -15.5100998, 28.0485278 ], [ -15.5100898, 28.0485639 ], [ -15.5100843, 28.0486091 ], [ -15.510085, 28.0486384 ], [ -15.5100913, 28.0486745 ], [ -15.5101045, 28.0487174 ], [ -15.5101248, 28.048776 ], [ -15.5101369, 28.0488391 ], [ -15.5101509, 28.0489158 ], [ -15.5101636, 28.0489767 ], [ -15.5101973, 28.0490442 ], [ -15.5102507, 28.0491117 ], [ -15.5103054, 28.0491837 ], [ -15.5103277, 28.0492423 ], [ -15.5103461, 28.0493055 ], [ -15.5103681, 28.0493821 ], [ -15.5103947, 28.0494339 ], [ -15.5104409, 28.0495195 ], [ -15.5104744, 28.0495577 ], [ -15.5105457, 28.0496342 ], [ -15.5106275, 28.0497106 ], [ -15.510699, 28.0497713 ], [ -15.5107985, 28.0498273 ], [ -15.5108779, 28.0498835 ], [ -15.5109328, 28.0499307 ], [ -15.5109534, 28.0499712 ], [ -15.5109717, 28.0500253 ], [ -15.5109794, 28.0500952 ], [ -15.5109803, 28.0501516 ], [ -15.5109776, 28.05019 ], [ -15.5109667, 28.0502329 ], [ -15.5110163, 28.0502395 ], [ -15.5110452, 28.0502349 ], [ -15.5111113, 28.0502076 ], [ -15.5112982, 28.0501279 ], [ -15.5113598, 28.0501074 ], [ -15.5114309, 28.0501003 ], [ -15.5114936, 28.0501001 ], [ -15.5115705, 28.050102 ], [ -15.5116799, 28.0501129 ], [ -15.5117598, 28.0501284 ], [ -15.5118464, 28.0501462 ], [ -15.511968, 28.0501705 ], [ -15.5120568, 28.0501815 ], [ -15.5121535, 28.0501924 ], [ -15.5122531, 28.0502123 ], [ -15.5123187, 28.0502211 ], [ -15.5123972, 28.0502208 ], [ -15.5125046, 28.0502137 ], [ -15.5126209, 28.0501997 ], [ -15.5127395, 28.0501902 ], [ -15.5128558, 28.0501717 ], [ -15.5129495, 28.0501488 ], [ -15.5130301, 28.0501237 ], [ -15.5131155, 28.0500918 ], [ -15.5131437, 28.0500714 ], [ -15.513181, 28.0500283 ], [ -15.5132209, 28.0499831 ], [ -15.5132862, 28.0499399 ], [ -15.513373, 28.0498832 ], [ -15.5134526, 28.0498355 ], [ -15.5135611, 28.0497741 ], [ -15.5136597, 28.0497129 ], [ -15.5136958, 28.0496947 ], [ -15.5137618, 28.0496583 ], [ -15.5138065, 28.0496311 ], [ -15.5138493, 28.0495993 ], [ -15.5138904, 28.0495608 ], [ -15.5139476, 28.0494884 ], [ -15.5139853, 28.0494589 ], [ -15.5140069, 28.0494453 ], [ -15.5140345, 28.0494339 ], [ -15.5140739, 28.0494337 ], [ -15.5141108, 28.0494404 ], [ -15.5142401, 28.049467 ], [ -15.5143457, 28.0494891 ], [ -15.5144256, 28.0494956 ], [ -15.5145292, 28.0494952 ], [ -15.5145887, 28.0494882 ], [ -15.514662, 28.0494767 ], [ -15.5147398, 28.0494538 ], [ -15.5148423, 28.0494083 ], [ -15.5149127, 28.0493742 ], [ -15.5149854, 28.0493265 ], [ -15.5150892, 28.0492381 ], [ -15.5152276, 28.0491247 ], [ -15.5153445, 28.0490385 ], [ -15.5154114, 28.0489932 ], [ -15.5154606, 28.0489704 ], [ -15.5155209, 28.0489567 ], [ -15.5155976, 28.0489564 ], [ -15.5156281, 28.0489585 ], [ -15.5156587, 28.0489719 ], [ -15.5156807, 28.0489899 ], [ -15.5156945, 28.0490057 ], [ -15.5157182, 28.0491229 ], [ -15.5157349, 28.0492064 ], [ -15.5157701, 28.0493349 ], [ -15.5158128, 28.0494182 ], [ -15.5158238, 28.0494498 ], [ -15.515829, 28.0494768 ], [ -15.5158285, 28.0495061 ], [ -15.5158191, 28.0495333 ], [ -15.5157765, 28.0496079 ], [ -15.5157668, 28.0496327 ], [ -15.515761, 28.0496869 ], [ -15.5157664, 28.0497478 ], [ -15.51579, 28.0498222 ], [ -15.5158361, 28.0499011 ], [ -15.5158627, 28.049937 ], [ -15.5158924, 28.0499731 ], [ -15.5159833, 28.0500382 ], [ -15.5160363, 28.0500718 ], [ -15.5160633, 28.0500739 ], [ -15.5161171, 28.0500692 ], [ -15.5161787, 28.0500577 ], [ -15.5162591, 28.0500416 ], [ -15.5163534, 28.0500232 ], [ -15.516395, 28.050014 ], [ -15.5164069, 28.0500321 ], [ -15.5164362, 28.0500432 ], [ -15.5165494, 28.0500496 ], [ -15.5166433, 28.050065 ], [ -15.5166799, 28.0500671 ], [ -15.5167333, 28.0500692 ], [ -15.5167667, 28.0500668 ], [ -15.516813, 28.0500644 ], [ -15.5168382, 28.0500598 ], [ -15.5168798, 28.0500506 ], [ -15.5169728, 28.0500119 ], [ -15.517073, 28.0499686 ], [ -15.5171682, 28.0499299 ], [ -15.5172686, 28.0498934 ], [ -15.5173933, 28.0498546 ], [ -15.5174581, 28.049834 ], [ -15.5175394, 28.0498224 ], [ -15.5175719, 28.0498223 ], [ -15.5177092, 28.0498195 ], [ -15.5177664, 28.0498125 ], [ -15.5178341, 28.0498032 ], [ -15.5178636, 28.0497964 ], [ -15.517997, 28.049762 ], [ -15.5180244, 28.0497619 ], [ -15.5181086, 28.0497616 ], [ -15.51815, 28.0497727 ], [ -15.5181736, 28.0497862 ], [ -15.5183467, 28.0498848 ], [ -15.5183875, 28.0499027 ], [ -15.5184168, 28.0499094 ], [ -15.518448, 28.049907 ], [ -15.5185347, 28.0498886 ], [ -15.5185928, 28.0498794 ], [ -15.5187409, 28.0498563 ], [ -15.5188219, 28.0498469 ], [ -15.5188782, 28.0498467 ], [ -15.5189167, 28.0498556 ], [ -15.5189753, 28.0498689 ], [ -15.519058, 28.0498731 ], [ -15.519139, 28.0498683 ], [ -15.5191911, 28.0498568 ], [ -15.519259, 28.0498272 ], [ -15.5192869, 28.049809 ], [ -15.5193573, 28.0497592 ], [ -15.5194621, 28.0496775 ], [ -15.5195674, 28.0496026 ], [ -15.5196177, 28.0495663 ], [ -15.5196938, 28.0495187 ], [ -15.5197927, 28.0494506 ], [ -15.5198431, 28.0494143 ], [ -15.5199498, 28.0493259 ], [ -15.5199874, 28.0492828 ], [ -15.5200371, 28.049224 ], [ -15.5201089, 28.049147 ], [ -15.5201342, 28.0491243 ], [ -15.5202295, 28.0490404 ], [ -15.5202666, 28.0490177 ], [ -15.5203107, 28.0490018 ], [ -15.5203431, 28.0489836 ], [ -15.5204011, 28.0489495 ], [ -15.5204908, 28.048904 ], [ -15.5205911, 28.0488585 ], [ -15.5206787, 28.0488198 ], [ -15.5207897, 28.0487652 ], [ -15.5208363, 28.0487312 ], [ -15.5209165, 28.0486745 ], [ -15.520976, 28.0486246 ], [ -15.5209896, 28.0486043 ], [ -15.5210123, 28.0485703 ], [ -15.5210297, 28.0485567 ], [ -15.5210568, 28.0485566 ], [ -15.5210851, 28.04857 ], [ -15.5211094, 28.0485948 ], [ -15.5211258, 28.0486263 ], [ -15.5211911, 28.0487276 ], [ -15.5212174, 28.0487569 ], [ -15.5212944, 28.0488423 ], [ -15.5213085, 28.0488761 ], [ -15.52131, 28.04891 ], [ -15.5213041, 28.0489393 ], [ -15.5212918, 28.0489664 ], [ -15.5212719, 28.0489891 ], [ -15.5212315, 28.0490502 ], [ -15.5211775, 28.0491271 ], [ -15.5211358, 28.0491905 ], [ -15.5211112, 28.0492425 ], [ -15.521087, 28.0492787 ], [ -15.5210606, 28.0493014 ], [ -15.5210128, 28.0493421 ], [ -15.520977, 28.0493694 ], [ -15.5209539, 28.0493943 ], [ -15.5209382, 28.0494146 ], [ -15.5208826, 28.0495096 ], [ -15.5208678, 28.0495435 ], [ -15.5208491, 28.0496 ], [ -15.5208186, 28.0496723 ], [ -15.5207807, 28.0497379 ], [ -15.5207149, 28.0498555 ], [ -15.5206719, 28.0499279 ], [ -15.5206613, 28.0499573 ], [ -15.5206555, 28.050016 ], [ -15.5206564, 28.0500634 ], [ -15.5206604, 28.0501153 ], [ -15.5206694, 28.0502033 ], [ -15.5206765, 28.0502867 ], [ -15.5206845, 28.0503499 ], [ -15.5206951, 28.0504401 ], [ -15.5206978, 28.0504807 ], [ -15.5206954, 28.0505101 ], [ -15.520687, 28.0505507 ], [ -15.5206756, 28.0506095 ], [ -15.5206773, 28.0506433 ], [ -15.5206782, 28.0506975 ], [ -15.5206863, 28.0507268 ], [ -15.5207017, 28.050756 ], [ -15.5207336, 28.0507875 ], [ -15.5207767, 28.0508122 ], [ -15.5208155, 28.0508165 ], [ -15.5208682, 28.0508028 ], [ -15.5210187, 28.0507684 ], [ -15.5211579, 28.0507385 ], [ -15.5212767, 28.0507178 ], [ -15.5213581, 28.0507061 ], [ -15.5214147, 28.0507014 ], [ -15.5214683, 28.0506922 ], [ -15.5215166, 28.0506852 ], [ -15.5215592, 28.0506828 ], [ -15.5216187, 28.0506826 ], [ -15.521707, 28.0506575 ], [ -15.5218549, 28.0506118 ], [ -15.5221248, 28.0505317 ], [ -15.522363, 28.0504699 ], [ -15.5225726, 28.0504127 ], [ -15.5227005, 28.0503783 ], [ -15.5229823, 28.0503141 ], [ -15.5232879, 28.0502633 ], [ -15.5239071, 28.0506784 ], [ -15.5249122, 28.0513877 ], [ -15.5261649, 28.0523488 ], [ -15.5265137, 28.0527401 ], [ -15.5267119, 28.0529628 ], [ -15.5267663, 28.0530168 ], [ -15.5268233, 28.0531 ], [ -15.5268704, 28.0531721 ], [ -15.5269129, 28.0532802 ], [ -15.5269351, 28.0533479 ], [ -15.5269488, 28.0534042 ], [ -15.5269429, 28.0534968 ], [ -15.5269327, 28.0535532 ], [ -15.5269048, 28.0535827 ], [ -15.526853, 28.0536461 ], [ -15.5268284, 28.0536845 ], [ -15.5268104, 28.0537275 ], [ -15.5267759, 28.0538156 ], [ -15.5267103, 28.0539264 ], [ -15.5266476, 28.0540395 ], [ -15.5266217, 28.0540892 ], [ -15.5266049, 28.0541502 ], [ -15.5265941, 28.0542203 ], [ -15.5265849, 28.0542903 ], [ -15.5265739, 28.0543873 ], [ -15.5265664, 28.0544235 ], [ -15.5265435, 28.0544823 ], [ -15.5265173, 28.0545275 ], [ -15.5265022, 28.0545501 ], [ -15.5264833, 28.0545976 ], [ -15.5264389, 28.0546745 ], [ -15.5263941, 28.0547424 ], [ -15.5263594, 28.0548057 ], [ -15.5263258, 28.0548374 ], [ -15.5262598, 28.054867 ], [ -15.5261763, 28.0548718 ], [ -15.5261117, 28.0548676 ], [ -15.5260058, 28.054868 ], [ -15.5259566, 28.0548862 ], [ -15.5258941, 28.0549225 ], [ -15.5258262, 28.0549589 ], [ -15.5257246, 28.0549886 ], [ -15.52567, 28.0550114 ], [ -15.5255081, 28.055064 ], [ -15.5253313, 28.055121 ], [ -15.525304, 28.0551369 ], [ -15.5252119, 28.0551599 ], [ -15.525129, 28.0551805 ], [ -15.5250152, 28.0551832 ], [ -15.5249491, 28.0551947 ], [ -15.5248174, 28.0552426 ], [ -15.5247904, 28.055263 ], [ -15.5247032, 28.0553694 ], [ -15.5246891, 28.0554124 ], [ -15.5246546, 28.0555095 ], [ -15.5246354, 28.0556224 ], [ -15.5246272, 28.0556992 ], [ -15.5246265, 28.0558707 ], [ -15.5246258, 28.0559903 ], [ -15.5246326, 28.0560783 ], [ -15.5246378, 28.0561167 ], [ -15.5246454, 28.0561708 ], [ -15.5246523, 28.0562294 ], [ -15.5246458, 28.0562565 ], [ -15.5246071, 28.0563447 ], [ -15.5245649, 28.0564216 ], [ -15.5245201, 28.056494 ], [ -15.5244734, 28.0565596 ], [ -15.5244183, 28.0566208 ], [ -15.524331, 28.0567046 ], [ -15.52429, 28.0567769 ], [ -15.5242633, 28.0568583 ], [ -15.5242492, 28.0569012 ], [ -15.5242386, 28.0569284 ], [ -15.5242234, 28.0569555 ], [ -15.524193, 28.0569872 ], [ -15.5241284, 28.0570393 ], [ -15.5240267, 28.0571119 ], [ -15.5239386, 28.0571755 ], [ -15.5236746, 28.057357 ], [ -15.5235361, 28.0574501 ], [ -15.5235209, 28.0574637 ], [ -15.5234403, 28.057552 ], [ -15.5234055, 28.0575995 ], [ -15.5233471, 28.05769 ], [ -15.5233038, 28.0577489 ], [ -15.5232513, 28.057801 ], [ -15.5231161, 28.0579369 ], [ -15.523006, 28.0580344 ], [ -15.5229379, 28.058091 ], [ -15.5228438, 28.0581771 ], [ -15.5228027, 28.0582179 ], [ -15.5227412, 28.058261 ], [ -15.5226725, 28.0583087 ], [ -15.5225603, 28.0583903 ], [ -15.5224931, 28.058447 ], [ -15.5224498, 28.0584923 ], [ -15.5223856, 28.0585761 ], [ -15.5223395, 28.0586372 ], [ -15.5222658, 28.0587119 ], [ -15.522148, 28.0588252 ], [ -15.5220631, 28.0588955 ], [ -15.5219805, 28.0589725 ], [ -15.5219134, 28.0590337 ], [ -15.5218292, 28.0591085 ], [ -15.5217915, 28.0591403 ], [ -15.5217627, 28.059172 ], [ -15.5217162, 28.0592173 ], [ -15.5216991, 28.0592467 ], [ -15.5216578, 28.0593055 ], [ -15.5216351, 28.0593552 ], [ -15.5216134, 28.0594095 ], [ -15.5215871, 28.0594886 ], [ -15.5215614, 28.0595631 ], [ -15.5215384, 28.0596084 ], [ -15.5215008, 28.0596604 ], [ -15.5214717, 28.0597012 ], [ -15.5214142, 28.0597646 ], [ -15.5213571, 28.0598099 ], [ -15.521302, 28.0598485 ], [ -15.5212427, 28.0598848 ], [ -15.5211608, 28.0599258 ], [ -15.5210784, 28.0599644 ], [ -15.5210501, 28.0599736 ], [ -15.5210589, 28.0600029 ], [ -15.5210765, 28.0600412 ], [ -15.5211223, 28.0600297 ], [ -15.5211756, 28.0600137 ], [ -15.5212779, 28.0599885 ], [ -15.5213553, 28.0599589 ], [ -15.5215502, 28.0598814 ], [ -15.5216385, 28.0598562 ], [ -15.521682, 28.0598516 ], [ -15.5217132, 28.0598514 ], [ -15.5217482, 28.0598558 ], [ -15.5217934, 28.0598737 ], [ -15.5218493, 28.0599231 ], [ -15.5218613, 28.059966 ], [ -15.5218762, 28.0600765 ], [ -15.5218854, 28.0601487 ], [ -15.5219076, 28.0602795 ], [ -15.5219107, 28.0603269 ], [ -15.5219103, 28.060372 ], [ -15.5219113, 28.0604374 ], [ -15.5219103, 28.0605616 ], [ -15.5219122, 28.0607556 ], [ -15.5219132, 28.0608346 ], [ -15.5219094, 28.0609204 ], [ -15.52189, 28.0610401 ], [ -15.5218674, 28.0611598 ], [ -15.5218619, 28.061222 ], [ -15.5235702, 28.0620112 ], [ -15.5244639, 28.0629358 ], [ -15.5249537, 28.0632742 ], [ -15.5249373, 28.0634908 ], [ -15.5251305, 28.0637684 ], [ -15.525011, 28.0642948 ], [ -15.5247177, 28.0649455 ], [ -15.5242669, 28.0654576 ], [ -15.5234538, 28.0667908 ], [ -15.5232659, 28.0675958 ], [ -15.5230257, 28.0684009 ], [ -15.522839, 28.0694533 ], [ -15.5225298, 28.0704134 ], [ -15.5223306, 28.0724867 ], [ -15.5218631, 28.073169 ], [ -15.521693, 28.0740512 ], [ -15.5216988, 28.0752576 ], [ -15.5211592, 28.0754452 ], [ -15.5206194, 28.0756019 ], [ -15.5201986, 28.0751241 ], [ -15.5191343, 28.0750044 ], [ -15.5192378, 28.074772 ], [ -15.5194278, 28.0744001 ], [ -15.5195784, 28.0730849 ], [ -15.518882, 28.073304 ], [ -15.5185877, 28.0737537 ], [ -15.5181714, 28.0742037 ], [ -15.5175467, 28.0748402 ], [ -15.5172698, 28.0752743 ], [ -15.5169937, 28.075894 ], [ -15.5169968, 28.0765281 ], [ -15.5166143, 28.076777 ], [ -15.5162656, 28.0767783 ], [ -15.5162143, 28.0769951 ], [ -15.51585, 28.0773831 ], [ -15.5160433, 28.0776917 ], [ -15.5156614, 28.0780643 ], [ -15.5151904, 28.0780197 ], [ -15.515032, 28.0777264 ], [ -15.5146299, 28.0774959 ], [ -15.5142815, 28.0775746 ], [ -15.5137608, 28.0780869 ], [ -15.513241, 28.0788003 ], [ -15.512635, 28.0796996 ], [ -15.5125327, 28.0801949 ], [ -15.5113038, 28.0813918 ], [ -15.5114518, 28.0815662 ], [ -15.5118955, 28.0820429 ], [ -15.5126415, 28.0827487 ], [ -15.5128509, 28.0829737 ], [ -15.5129549, 28.0831042 ], [ -15.5128794, 28.0836799 ] ] ] } },
{ "type": "Feature", "properties": { "CCAA": "05 - Canarias", "PROVINCIA": "35 - Palmas, Las", "MUNICIPIO": "35027 - Teror", "COD_MUNICIPIO": "35027", "DISTRITO": "01", "SECCION": "3502701004", "V1_H": 80.01, "V1_M": 85.88, "V2_H": 79.90171161000001, "V2_M": 85.93881404, "V3_H": 80.29104055000001, "V3_M": 85.88520273 }, "geometry": { "type": "Polygon", "coordinates": [ [ [ -15.5345759, 28.0600886 ], [ -15.53462, 28.0600681 ], [ -15.5346902, 28.0600498 ], [ -15.5347925, 28.0600403 ], [ -15.5349082, 28.0600376 ], [ -15.5350218, 28.0600372 ], [ -15.5350574, 28.0600371 ], [ -15.5351423, 28.0600367 ], [ -15.535238, 28.0600454 ], [ -15.5353529, 28.0600607 ], [ -15.5354554, 28.0600739 ], [ -15.5355741, 28.0600892 ], [ -15.5356864, 28.0600978 ], [ -15.5357882, 28.0601087 ], [ -15.5358836, 28.0601241 ], [ -15.5359527, 28.0601374 ], [ -15.5360424, 28.0601415 ], [ -15.5360755, 28.0601436 ], [ -15.5361159, 28.0601457 ], [ -15.536219, 28.0601521 ], [ -15.5363284, 28.0601607 ], [ -15.5364372, 28.0601738 ], [ -15.5365403, 28.0601847 ], [ -15.536644, 28.0601866 ], [ -15.5366887, 28.0601729 ], [ -15.5367281, 28.0601547 ], [ -15.5367547, 28.0601297 ], [ -15.5367635, 28.0601116 ], [ -15.5367675, 28.0600259 ], [ -15.5367762, 28.0599739 ], [ -15.5367945, 28.0599445 ], [ -15.5368318, 28.0599105 ], [ -15.5368543, 28.0598878 ], [ -15.536905, 28.0598538 ], [ -15.5369348, 28.0598334 ], [ -15.5369808, 28.0598039 ], [ -15.5370448, 28.0597653 ], [ -15.5371441, 28.059722 ], [ -15.5372409, 28.0596832 ], [ -15.5373444, 28.0596558 ], [ -15.5373673, 28.0596512 ], [ -15.5374655, 28.0596327 ], [ -15.5375703, 28.0596075 ], [ -15.5376503, 28.0595801 ], [ -15.5377582, 28.059539 ], [ -15.5378313, 28.059523 ], [ -15.5378955, 28.0595205 ], [ -15.5380057, 28.0595448 ], [ -15.5380917, 28.0595784 ], [ -15.5382179, 28.0596365 ], [ -15.5383215, 28.0596948 ], [ -15.5384102, 28.0597509 ], [ -15.5384849, 28.059807 ], [ -15.5385756, 28.0598743 ], [ -15.5386425, 28.0599125 ], [ -15.5386543, 28.0599192 ], [ -15.5387595, 28.0599662 ], [ -15.5388532, 28.0600064 ], [ -15.5389198, 28.0600287 ], [ -15.5389602, 28.0600443 ], [ -15.5390551, 28.060062 ], [ -15.5391273, 28.0600685 ], [ -15.5391638, 28.0600638 ], [ -15.5391956, 28.0600457 ], [ -15.5392123, 28.0600253 ], [ -15.5392277, 28.0599891 ], [ -15.5392301, 28.0599508 ], [ -15.5392253, 28.0598989 ], [ -15.5392095, 28.0598493 ], [ -15.5391888, 28.0597794 ], [ -15.5391825, 28.0597275 ], [ -15.5391884, 28.0596914 ], [ -15.5392004, 28.059671 ], [ -15.53922, 28.0596574 ], [ -15.539288, 28.0596369 ], [ -15.5393185, 28.059639 ], [ -15.5393765, 28.0596568 ], [ -15.5394724, 28.0596948 ], [ -15.5395651, 28.059735 ], [ -15.5396693, 28.0597775 ], [ -15.5397559, 28.059802 ], [ -15.5398524, 28.059822 ], [ -15.5398998, 28.0598218 ], [ -15.539943, 28.0598103 ], [ -15.5399756, 28.0597899 ], [ -15.5400149, 28.0597604 ], [ -15.5400447, 28.0597332 ], [ -15.5400928, 28.0596924 ], [ -15.5401349, 28.0596606 ], [ -15.5402009, 28.059622 ], [ -15.540289, 28.0595742 ], [ -15.5403286, 28.0595425 ], [ -15.5403732, 28.0594949 ], [ -15.5403918, 28.059461 ], [ -15.5404043, 28.059409 ], [ -15.5404029, 28.059321 ], [ -15.5404021, 28.059224 ], [ -15.5404091, 28.0591698 ], [ -15.5404289, 28.0591246 ], [ -15.5404555, 28.0590906 ], [ -15.5404808, 28.0590725 ], [ -15.5405275, 28.0590543 ], [ -15.5406075, 28.0590381 ], [ -15.5406873, 28.0590355 ], [ -15.5407958, 28.0590351 ], [ -15.5409134, 28.0590414 ], [ -15.5410219, 28.0590478 ], [ -15.5411288, 28.0590587 ], [ -15.5412409, 28.0590808 ], [ -15.541273, 28.0590874 ], [ -15.5413561, 28.0591006 ], [ -15.5414722, 28.0591182 ], [ -15.541575, 28.0591269 ], [ -15.5417003, 28.0591331 ], [ -15.5418081, 28.0591304 ], [ -15.5419314, 28.0591142 ], [ -15.5420531, 28.0590888 ], [ -15.5421547, 28.0590614 ], [ -15.5422601, 28.0590361 ], [ -15.5423173, 28.0590201 ], [ -15.5423741, 28.0590018 ], [ -15.5424201, 28.0589678 ], [ -15.5424429, 28.0589496 ], [ -15.5424536, 28.0589428 ], [ -15.5427159, 28.0588041 ], [ -15.542781, 28.05877 ], [ -15.5428418, 28.0587224 ], [ -15.5428864, 28.0586703 ], [ -15.5429147, 28.0586183 ], [ -15.5429578, 28.0585301 ], [ -15.5429806, 28.0585007 ], [ -15.5429875, 28.0584916 ], [ -15.5430338, 28.0584576 ], [ -15.5430521, 28.0584417 ], [ -15.5430966, 28.0584235 ], [ -15.5431588, 28.0584097 ], [ -15.5433845, 28.058393 ], [ -15.5434908, 28.0583926 ], [ -15.5435566, 28.0584014 ], [ -15.5436626, 28.058428 ], [ -15.543733, 28.0584526 ], [ -15.5438115, 28.0584974 ], [ -15.5439065, 28.0585489 ], [ -15.5439856, 28.0585983 ], [ -15.5440521, 28.0586612 ], [ -15.5440716, 28.0586882 ], [ -15.5440915, 28.058722 ], [ -15.5441159, 28.0587715 ], [ -15.5441344, 28.0588414 ], [ -15.544143, 28.0589181 ], [ -15.5441499, 28.0589542 ], [ -15.5441444, 28.0589971 ], [ -15.5442164, 28.0590284 ], [ -15.5442515, 28.0590463 ], [ -15.5442639, 28.0590575 ], [ -15.5443077, 28.0590393 ], [ -15.544334, 28.0590257 ], [ -15.5443737, 28.0590074 ], [ -15.5444159, 28.0589915 ], [ -15.5444924, 28.0589573 ], [ -15.5445505, 28.0589278 ], [ -15.5446015, 28.0588982 ], [ -15.5446595, 28.0588687 ], [ -15.5447487, 28.0588299 ], [ -15.5448379, 28.058798 ], [ -15.544894, 28.0587594 ], [ -15.5449633, 28.0587027 ], [ -15.5450228, 28.0586438 ], [ -15.5450984, 28.0585577 ], [ -15.545181, 28.0584829 ], [ -15.5452803, 28.0584306 ], [ -15.5453628, 28.058392 ], [ -15.5454224, 28.0583601 ], [ -15.545475, 28.0583238 ], [ -15.5455377, 28.0582739 ], [ -15.5456038, 28.058206 ], [ -15.545683, 28.058147 ], [ -15.5457854, 28.0580766 ], [ -15.5459174, 28.05797 ], [ -15.5460692, 28.0578656 ], [ -15.546208, 28.0577725 ], [ -15.5463139, 28.0576999 ], [ -15.5464792, 28.0576225 ], [ -15.5465239, 28.0575952 ], [ -15.5466235, 28.057552 ], [ -15.5466822, 28.0575224 ], [ -15.546761, 28.0574521 ], [ -15.5467854, 28.0574317 ], [ -15.5468116, 28.057409 ], [ -15.5468719, 28.0573749 ], [ -15.546962, 28.0573294 ], [ -15.5470436, 28.0573043 ], [ -15.5471166, 28.0572905 ], [ -15.5472183, 28.057272 ], [ -15.5476018, 28.0572727 ], [ -15.5478359, 28.0572808 ], [ -15.5481281, 28.0572751 ], [ -15.5481608, 28.0572727 ], [ -15.5482257, 28.057268 ], [ -15.5483191, 28.057245 ], [ -15.5483822, 28.0572132 ], [ -15.5484789, 28.0571632 ], [ -15.5486799, 28.0570337 ], [ -15.5487551, 28.0570018 ], [ -15.5488026, 28.0569768 ], [ -15.5488832, 28.0569359 ], [ -15.5489552, 28.056895 ], [ -15.5490303, 28.0568405 ], [ -15.5490752, 28.0567929 ], [ -15.5491311, 28.0567205 ], [ -15.5491648, 28.0566639 ], [ -15.5491754, 28.0566142 ], [ -15.5491911, 28.0565149 ], [ -15.5492008, 28.0564855 ], [ -15.5492238, 28.056438 ], [ -15.5492456, 28.0564041 ], [ -15.5492756, 28.0563792 ], [ -15.5493178, 28.0563586 ], [ -15.5493674, 28.0563472 ], [ -15.5494023, 28.0563448 ], [ -15.5494939, 28.0563489 ], [ -15.5499402, 28.0563765 ], [ -15.5502097, 28.0564047 ], [ -15.5502323, 28.0564069 ], [ -15.5504729, 28.0564488 ], [ -15.5505518, 28.0564575 ], [ -15.5506612, 28.0564571 ], [ -15.5507073, 28.0564547 ], [ -15.5507463, 28.056441 ], [ -15.5507787, 28.0564205 ], [ -15.5508344, 28.0563684 ], [ -15.5508511, 28.0563412 ], [ -15.5508673, 28.0562103 ], [ -15.5508689, 28.0561538 ], [ -15.5508905, 28.0560973 ], [ -15.5509028, 28.0560815 ], [ -15.5509161, 28.0560657 ], [ -15.5509507, 28.0560429 ], [ -15.5510034, 28.0560224 ], [ -15.5510646, 28.0560086 ], [ -15.5511642, 28.056006 ], [ -15.5512275, 28.0560102 ], [ -15.5512788, 28.0560258 ], [ -15.551333, 28.0560572 ], [ -15.5513623, 28.0560751 ], [ -15.5513805, 28.0560841 ], [ -15.5514366, 28.0561109 ], [ -15.5515132, 28.0561625 ], [ -15.551585, 28.0562142 ], [ -15.5516511, 28.0562681 ], [ -15.551716, 28.0563355 ], [ -15.5517857, 28.0564097 ], [ -15.5518189, 28.0564434 ], [ -15.5519352, 28.056549 ], [ -15.5520096, 28.0566074 ], [ -15.552096, 28.0566454 ], [ -15.5521828, 28.0566473 ], [ -15.5523904, 28.0565833 ], [ -15.5524451, 28.0565786 ], [ -15.5527506, 28.056557 ], [ -15.553026, 28.0565582 ], [ -15.5530626, 28.0565671 ], [ -15.5531441, 28.0565893 ], [ -15.5532524, 28.0566295 ], [ -15.5533388, 28.0566607 ], [ -15.5534107, 28.056683 ], [ -15.5534712, 28.056694 ], [ -15.5538784, 28.0567804 ], [ -15.5541633, 28.0568447 ], [ -15.5543824, 28.0569138 ], [ -15.5546015, 28.0569783 ], [ -15.5548653, 28.0570021 ], [ -15.5550319, 28.0570014 ], [ -15.5552124, 28.0569736 ], [ -15.5553752, 28.0569233 ], [ -15.5555948, 28.0568299 ], [ -15.5556778, 28.0567754 ], [ -15.5558025, 28.0567117 ], [ -15.5559965, 28.0566003 ], [ -15.5562309, 28.0564752 ], [ -15.5562059, 28.0564393 ], [ -15.5561597, 28.0563605 ], [ -15.5561413, 28.0563109 ], [ -15.5561206, 28.056241 ], [ -15.5561174, 28.0561688 ], [ -15.5561359, 28.0560694 ], [ -15.5561576, 28.055952 ], [ -15.5561858, 28.0558097 ], [ -15.5561926, 28.0557058 ], [ -15.556169, 28.0556337 ], [ -15.5561174, 28.0555527 ], [ -15.556084, 28.0555032 ], [ -15.5559561, 28.055427 ], [ -15.5558975, 28.0554047 ], [ -15.5558431, 28.0553891 ], [ -15.55578, 28.0553803 ], [ -15.5557355, 28.0553827 ], [ -15.5556799, 28.0553898 ], [ -15.5556246, 28.0553945 ], [ -15.555567, 28.0553857 ], [ -15.5555046, 28.0553656 ], [ -15.5552675, 28.0552537 ], [ -15.5550978, 28.0551619 ], [ -15.5550148, 28.0551058 ], [ -15.5549689, 28.0550654 ], [ -15.5549128, 28.0549911 ], [ -15.5548411, 28.0549102 ], [ -15.55477, 28.0548676 ], [ -15.554661, 28.0548048 ], [ -15.5546022, 28.0547577 ], [ -15.5545498, 28.0547015 ], [ -15.5544439, 28.0546432 ], [ -15.5543948, 28.0546186 ], [ -15.5542595, 28.0545831 ], [ -15.5542152, 28.0545629 ], [ -15.5540657, 28.0544845 ], [ -15.5539694, 28.0544353 ], [ -15.5538414, 28.054411 ], [ -15.5537432, 28.0544159 ], [ -15.5536304, 28.0544367 ], [ -15.5535068, 28.0544575 ], [ -15.5534311, 28.0544532 ], [ -15.5533, 28.0544267 ], [ -15.5530563, 28.0543464 ], [ -15.5527906, 28.0542572 ], [ -15.5523609, 28.0541123 ], [ -15.552216, 28.0540587 ], [ -15.5521474, 28.0540138 ], [ -15.5520975, 28.0539621 ], [ -15.5520759, 28.0539035 ], [ -15.5520133, 28.0537277 ], [ -15.5518566, 28.0534305 ], [ -15.5515949, 28.0530569 ], [ -15.5512655, 28.0527355 ], [ -15.5511199, 28.0525488 ], [ -15.550944, 28.0523577 ], [ -15.5507791, 28.0521913 ], [ -15.5506933, 28.0520924 ], [ -15.5505244, 28.0519487 ], [ -15.5503598, 28.0518478 ], [ -15.5501998, 28.0517107 ], [ -15.5499842, 28.0515807 ], [ -15.5498985, 28.0514863 ], [ -15.549875, 28.0514367 ], [ -15.5498479, 28.051166 ], [ -15.549839, 28.0511028 ], [ -15.5497971, 28.0510669 ], [ -15.5497512, 28.0510355 ], [ -15.5497085, 28.0510221 ], [ -15.5496573, 28.0510201 ], [ -15.549617, 28.051027 ], [ -15.5495554, 28.0510566 ], [ -15.5495048, 28.0511019 ], [ -15.5494675, 28.051145 ], [ -15.5494535, 28.0511586 ], [ -15.5494416, 28.0511766 ], [ -15.5494126, 28.0512332 ], [ -15.5493837, 28.0512987 ], [ -15.5493547, 28.0513485 ], [ -15.54931, 28.0513803 ], [ -15.5491831, 28.0514463 ], [ -15.5491182, 28.0514894 ], [ -15.5490494, 28.0515303 ], [ -15.5489585, 28.0516029 ], [ -15.5488812, 28.0516664 ], [ -15.5488127, 28.0517028 ], [ -15.5487166, 28.0517437 ], [ -15.5486321, 28.0517667 ], [ -15.54856, 28.0517715 ], [ -15.5484877, 28.0517537 ], [ -15.5484462, 28.0517245 ], [ -15.548384, 28.0516774 ], [ -15.5483147, 28.0516167 ], [ -15.5481536, 28.0515248 ], [ -15.5478775, 28.0513725 ], [ -15.547663, 28.0512154 ], [ -15.5475522, 28.0510579 ], [ -15.5474689, 28.0509341 ], [ -15.5474475, 28.0507942 ], [ -15.54744, 28.050625 ], [ -15.5474391, 28.0504557 ], [ -15.547424, 28.0502414 ], [ -15.5474368, 28.0500021 ], [ -15.5474626, 28.0497538 ], [ -15.5474894, 28.0495776 ], [ -15.5474812, 28.0493452 ], [ -15.5474589, 28.0490159 ], [ -15.5474707, 28.0485893 ], [ -15.5474764, 28.0483275 ], [ -15.5475163, 28.0480565 ], [ -15.5476181, 28.0478011 ], [ -15.5477948, 28.0473558 ], [ -15.5479105, 28.0470981 ], [ -15.5480192, 28.0468336 ], [ -15.5481492, 28.046639 ], [ -15.5482654, 28.0464783 ], [ -15.5484021, 28.0462949 ], [ -15.5485182, 28.0461117 ], [ -15.5485654, 28.0459355 ], [ -15.5485641, 28.0456918 ], [ -15.5485289, 28.0455271 ], [ -15.5484668, 28.0454304 ], [ -15.5482798, 28.0452483 ], [ -15.5480237, 28.0449673 ], [ -15.5478021, 28.0447131 ], [ -15.5475045, 28.0443961 ], [ -15.5470897, 28.0440434 ], [ -15.5468202, 28.0438234 ], [ -15.5464954, 28.0436057 ], [ -15.5462188, 28.0433563 ], [ -15.5459777, 28.0431452 ], [ -15.5457219, 28.0429205 ], [ -15.5455134, 28.0427476 ], [ -15.545358, 28.0426398 ], [ -15.5451127, 28.0424761 ], [ -15.5448262, 28.0422967 ], [ -15.5443196, 28.0420189 ], [ -15.5439907, 28.04179 ], [ -15.5437316, 28.041615 ], [ -15.5434624, 28.0414468 ], [ -15.5432118, 28.0412943 ], [ -15.5430839, 28.0412181 ], [ -15.5430009, 28.0411485 ], [ -15.5429299, 28.0410607 ], [ -15.5429662, 28.0413923 ], [ -15.5429986, 28.0417059 ], [ -15.5429896, 28.0419384 ], [ -15.5429369, 28.0420717 ], [ -15.5428547, 28.0422368 ], [ -15.5427587, 28.0423771 ], [ -15.5426351, 28.042513 ], [ -15.5424302, 28.042744 ], [ -15.5423206, 28.0428843 ], [ -15.5421557, 28.0430271 ], [ -15.5420524, 28.0431133 ], [ -15.5419633, 28.0432175 ], [ -15.541964, 28.0433596 ], [ -15.5419854, 28.0434995 ], [ -15.5419931, 28.0436462 ], [ -15.5419731, 28.0437749 ], [ -15.5418568, 28.0439717 ], [ -15.5417123, 28.0440715 ], [ -15.5414796, 28.0442146 ], [ -15.5413005, 28.0443191 ], [ -15.5411218, 28.0444372 ], [ -15.5410463, 28.0445345 ], [ -15.5409383, 28.0447019 ], [ -15.5407671, 28.0449238 ], [ -15.5406088, 28.045044 ], [ -15.540516, 28.0451234 ], [ -15.5404063, 28.0452434 ], [ -15.540338, 28.0453881 ], [ -15.5402525, 28.0455239 ], [ -15.5401601, 28.0456754 ], [ -15.5401194, 28.0458042 ], [ -15.5401166, 28.0459396 ], [ -15.5401172, 28.0460637 ], [ -15.5401283, 28.0461901 ], [ -15.5401598, 28.0463276 ], [ -15.5402089, 28.0464651 ], [ -15.5402441, 28.0465845 ], [ -15.5402791, 28.0467244 ], [ -15.5403486, 28.0468166 ], [ -15.5403836, 28.0468729 ], [ -15.5404117, 28.0469698 ], [ -15.5404153, 28.0470601 ], [ -15.540423, 28.0471932 ], [ -15.5403892, 28.0472926 ], [ -15.5403067, 28.047408 ], [ -15.5402076, 28.0475416 ], [ -15.5401528, 28.0476524 ], [ -15.5401293, 28.0477901 ], [ -15.5401645, 28.0479006 ], [ -15.5402099, 28.0479974 ], [ -15.5403002, 28.0481279 ], [ -15.5404288, 28.0482854 ], [ -15.5405497, 28.0484294 ], [ -15.5406677, 28.0485643 ], [ -15.540751, 28.0486836 ], [ -15.5408347, 28.0488322 ], [ -15.5409218, 28.0490192 ], [ -15.5410021, 28.0491881 ], [ -15.5410718, 28.0493187 ], [ -15.5410896, 28.0494383 ], [ -15.5410006, 28.0495785 ], [ -15.5409044, 28.0496805 ], [ -15.5408082, 28.0497598 ], [ -15.5407226, 28.0498821 ], [ -15.5406714, 28.0500154 ], [ -15.5405929, 28.0501963 ], [ -15.5405659, 28.0503318 ], [ -15.5405462, 28.0504582 ], [ -15.540547, 28.050632 ], [ -15.5405479, 28.0508102 ], [ -15.5405935, 28.0509477 ], [ -15.5406426, 28.0511236 ], [ -15.5407368, 28.0513105 ], [ -15.5408446, 28.0515154 ], [ -15.540925, 28.0516867 ], [ -15.540991, 28.0517992 ], [ -15.5410155, 28.0518623 ], [ -15.5410263, 28.0519187 ], [ -15.5410095, 28.051991 ], [ -15.5409476, 28.052068 ], [ -15.5407107, 28.0522133 ], [ -15.5405144, 28.0523089 ], [ -15.5403733, 28.0523952 ], [ -15.5401945, 28.0524907 ], [ -15.5400741, 28.0525837 ], [ -15.5399709, 28.0526721 ], [ -15.5398747, 28.052774 ], [ -15.5397581, 28.0529054 ], [ -15.5396586, 28.0530389 ], [ -15.5394294, 28.0533106 ], [ -15.539258, 28.0535054 ], [ -15.5391446, 28.0536547 ], [ -15.5391038, 28.0537723 ], [ -15.5390051, 28.0540593 ], [ -15.5389369, 28.0542062 ], [ -15.538728, 28.0544056 ], [ -15.5386213, 28.0544444 ], [ -15.538494, 28.0545374 ], [ -15.5384114, 28.0546213 ], [ -15.5383016, 28.0547278 ], [ -15.5382159, 28.0548297 ], [ -15.5381166, 28.0550151 ], [ -15.5380277, 28.0551486 ], [ -15.5379625, 28.0552843 ], [ -15.5378908, 28.0554448 ], [ -15.5378369, 28.0555939 ], [ -15.5378239, 28.0557362 ], [ -15.5378246, 28.0558806 ], [ -15.5378253, 28.0560205 ], [ -15.5377983, 28.056156 ], [ -15.5377645, 28.0563344 ], [ -15.537738, 28.056497 ], [ -15.5376936, 28.0565942 ], [ -15.5376282, 28.0566802 ], [ -15.5375392, 28.056807 ], [ -15.537375, 28.0570446 ], [ -15.5372898, 28.0572277 ], [ -15.5372317, 28.0573904 ], [ -15.5371703, 28.0575148 ], [ -15.5371053, 28.0576708 ], [ -15.5370642, 28.0577251 ], [ -15.5369238, 28.0579423 ], [ -15.5368176, 28.0580691 ], [ -15.5367765, 28.0581189 ], [ -15.5364567, 28.0582623 ], [ -15.536267, 28.0583037 ], [ -15.536073, 28.0583654 ], [ -15.5359525, 28.05842 ], [ -15.5357665, 28.0584952 ], [ -15.5355977, 28.0585816 ], [ -15.5354602, 28.0586701 ], [ -15.5353227, 28.0587813 ], [ -15.5351784, 28.0589217 ], [ -15.5350307, 28.0590848 ], [ -15.5349589, 28.0592227 ], [ -15.5348293, 28.0595053 ], [ -15.5347746, 28.0596432 ], [ -15.5347028, 28.0597834 ], [ -15.5346587, 28.0599303 ], [ -15.5345759, 28.0600886 ] ] ] } },
{ "type": "Feature", "properties": { "CCAA": "05 - Canarias", "PROVINCIA": "35 - Palmas, Las", "MUNICIPIO": "35027 - Teror", "COD_MUNICIPIO": "35027", "DISTRITO": "01", "SECCION": "3502701005", "V1_H": 79.81, "V1_M": 85.63, "V2_H": 79.83092799000001, "V2_M": 85.85143097, "V3_H": 80.00184088, "V3_M": 85.62912109 }, "geometry": { "type": "Polygon", "coordinates": [ [ [ -15.5429299, 28.0410607 ], [ -15.5430009, 28.0411485 ], [ -15.5430839, 28.0412181 ], [ -15.5432118, 28.0412943 ], [ -15.5434624, 28.0414468 ], [ -15.5437316, 28.041615 ], [ -15.5439907, 28.04179 ], [ -15.5443196, 28.0420189 ], [ -15.5448262, 28.0422967 ], [ -15.5451127, 28.0424761 ], [ -15.545358, 28.0426398 ], [ -15.5455134, 28.0427476 ], [ -15.5457219, 28.0429205 ], [ -15.5459777, 28.0431452 ], [ -15.5462188, 28.0433563 ], [ -15.5464954, 28.0436057 ], [ -15.5468202, 28.0438234 ], [ -15.5470897, 28.0440434 ], [ -15.5475045, 28.0443961 ], [ -15.5478021, 28.0447131 ], [ -15.5480237, 28.0449673 ], [ -15.5482798, 28.0452483 ], [ -15.5484668, 28.0454304 ], [ -15.5485289, 28.0455271 ], [ -15.5485641, 28.0456918 ], [ -15.5485654, 28.0459355 ], [ -15.5485182, 28.0461117 ], [ -15.5484021, 28.0462949 ], [ -15.5482654, 28.0464783 ], [ -15.5481492, 28.046639 ], [ -15.5480192, 28.0468336 ], [ -15.5479105, 28.0470981 ], [ -15.5477948, 28.0473558 ], [ -15.5476181, 28.0478011 ], [ -15.5475163, 28.0480565 ], [ -15.5474764, 28.0483275 ], [ -15.5474707, 28.0485893 ], [ -15.5474589, 28.0490159 ], [ -15.5474812, 28.0493452 ], [ -15.5474894, 28.0495776 ], [ -15.5474626, 28.0497538 ], [ -15.5474368, 28.0500021 ], [ -15.547424, 28.0502414 ], [ -15.5474391, 28.0504557 ], [ -15.54744, 28.050625 ], [ -15.5474475, 28.0507942 ], [ -15.5474689, 28.0509341 ], [ -15.5475522, 28.0510579 ], [ -15.547663, 28.0512154 ], [ -15.5478775, 28.0513725 ], [ -15.5481536, 28.0515248 ], [ -15.5483147, 28.0516167 ], [ -15.548384, 28.0516774 ], [ -15.5484462, 28.0517245 ], [ -15.5484877, 28.0517537 ], [ -15.54856, 28.0517715 ], [ -15.5486321, 28.0517667 ], [ -15.5487166, 28.0517437 ], [ -15.5488127, 28.0517028 ], [ -15.5488812, 28.0516664 ], [ -15.5489585, 28.0516029 ], [ -15.5490494, 28.0515303 ], [ -15.5491182, 28.0514894 ], [ -15.5491831, 28.0514463 ], [ -15.54931, 28.0513803 ], [ -15.5493547, 28.0513485 ], [ -15.5493837, 28.0512987 ], [ -15.5494126, 28.0512332 ], [ -15.5494416, 28.0511766 ], [ -15.5494535, 28.0511586 ], [ -15.5494675, 28.051145 ], [ -15.5495048, 28.0511019 ], [ -15.5495554, 28.0510566 ], [ -15.549617, 28.051027 ], [ -15.5496573, 28.0510201 ], [ -15.5497085, 28.0510221 ], [ -15.5497512, 28.0510355 ], [ -15.5497971, 28.0510669 ], [ -15.549839, 28.0511028 ], [ -15.5498479, 28.051166 ], [ -15.549875, 28.0514367 ], [ -15.5498985, 28.0514863 ], [ -15.5499842, 28.0515807 ], [ -15.5501998, 28.0517107 ], [ -15.5503598, 28.0518478 ], [ -15.5505244, 28.0519487 ], [ -15.5506933, 28.0520924 ], [ -15.5507791, 28.0521913 ], [ -15.550944, 28.0523577 ], [ -15.5511199, 28.0525488 ], [ -15.5512655, 28.0527355 ], [ -15.5515949, 28.0530569 ], [ -15.5518566, 28.0534305 ], [ -15.5520133, 28.0537277 ], [ -15.5520759, 28.0539035 ], [ -15.5520975, 28.0539621 ], [ -15.5521474, 28.0540138 ], [ -15.552216, 28.0540587 ], [ -15.5523609, 28.0541123 ], [ -15.5527906, 28.0542572 ], [ -15.5530563, 28.0543464 ], [ -15.5533, 28.0544267 ], [ -15.5534311, 28.0544532 ], [ -15.5535068, 28.0544575 ], [ -15.5536304, 28.0544367 ], [ -15.5537432, 28.0544159 ], [ -15.5538414, 28.054411 ], [ -15.5539694, 28.0544353 ], [ -15.5540657, 28.0544845 ], [ -15.5542152, 28.0545629 ], [ -15.5542595, 28.0545831 ], [ -15.5543948, 28.0546186 ], [ -15.5544439, 28.0546432 ], [ -15.5545498, 28.0547015 ], [ -15.5546022, 28.0547577 ], [ -15.554661, 28.0548048 ], [ -15.55477, 28.0548676 ], [ -15.5548411, 28.0549102 ], [ -15.5549128, 28.0549911 ], [ -15.5549689, 28.0550654 ], [ -15.5550148, 28.0551058 ], [ -15.5550978, 28.0551619 ], [ -15.5552675, 28.0552537 ], [ -15.5555046, 28.0553656 ], [ -15.555567, 28.0553857 ], [ -15.5556246, 28.0553945 ], [ -15.5556799, 28.0553898 ], [ -15.5557355, 28.0553827 ], [ -15.55578, 28.0553803 ], [ -15.5558431, 28.0553891 ], [ -15.5558975, 28.0554047 ], [ -15.5559561, 28.055427 ], [ -15.556084, 28.0555032 ], [ -15.5561174, 28.0555527 ], [ -15.556169, 28.0556337 ], [ -15.5561926, 28.0557058 ], [ -15.5561858, 28.0558097 ], [ -15.5561576, 28.055952 ], [ -15.5561359, 28.0560694 ], [ -15.5561174, 28.0561688 ], [ -15.5561206, 28.056241 ], [ -15.5561413, 28.0563109 ], [ -15.5561597, 28.0563605 ], [ -15.5562059, 28.0564393 ], [ -15.5562309, 28.0564752 ], [ -15.5563244, 28.0564252 ], [ -15.5565703, 28.0563204 ], [ -15.5567156, 28.0562521 ], [ -15.5569582, 28.0561857 ], [ -15.5571871, 28.0561216 ], [ -15.5574533, 28.0560573 ], [ -15.5575815, 28.0560094 ], [ -15.5576922, 28.055957 ], [ -15.5577891, 28.0558822 ], [ -15.557879, 28.0558073 ], [ -15.5579548, 28.0557032 ], [ -15.5579857, 28.0556444 ], [ -15.5580497, 28.0552921 ], [ -15.5580669, 28.0552288 ], [ -15.5581281, 28.0550752 ], [ -15.5581274, 28.0549443 ], [ -15.5581753, 28.0548019 ], [ -15.5582858, 28.0547089 ], [ -15.5583998, 28.0546092 ], [ -15.5585137, 28.0545004 ], [ -15.5585995, 28.0543691 ], [ -15.5587546, 28.0541812 ], [ -15.5589376, 28.0539525 ], [ -15.559107, 28.0538164 ], [ -15.5592901, 28.0536893 ], [ -15.5595218, 28.0535371 ], [ -15.5597294, 28.0534032 ], [ -15.559916, 28.0533415 ], [ -15.5600444, 28.0533184 ], [ -15.5601818, 28.0533314 ], [ -15.5602824, 28.0533558 ], [ -15.5604318, 28.0534003 ], [ -15.560564, 28.0534472 ], [ -15.5606857, 28.0534918 ], [ -15.5608491, 28.0535543 ], [ -15.5610495, 28.0536167 ], [ -15.5611917, 28.0536432 ], [ -15.5613168, 28.0536517 ], [ -15.5614279, 28.0536332 ], [ -15.5615769, 28.0535965 ], [ -15.5616911, 28.0535441 ], [ -15.5618853, 28.0534688 ], [ -15.5621174, 28.0534069 ], [ -15.5623459, 28.0533744 ], [ -15.5624883, 28.0533648 ], [ -15.5626652, 28.0533325 ], [ -15.5628453, 28.0532821 ], [ -15.5629874, 28.0532296 ], [ -15.5631051, 28.0531795 ], [ -15.5632076, 28.0531226 ], [ -15.563301, 28.0530478 ], [ -15.5634013, 28.0529616 ], [ -15.5635223, 28.0528731 ], [ -15.5636189, 28.0528028 ], [ -15.5637461, 28.0527278 ], [ -15.5638982, 28.0526233 ], [ -15.5639952, 28.05258 ], [ -15.5640954, 28.0525209 ], [ -15.5642166, 28.0524731 ], [ -15.5643449, 28.0524477 ], [ -15.5644973, 28.0523997 ], [ -15.5646324, 28.0523337 ], [ -15.5647848, 28.0522857 ], [ -15.5649511, 28.0522218 ], [ -15.5651138, 28.0521354 ], [ -15.5652544, 28.0520942 ], [ -15.5653865, 28.0521094 ], [ -15.5655706, 28.0521245 ], [ -15.5658207, 28.052155 ], [ -15.5660424, 28.0522173 ], [ -15.5662612, 28.0522412 ], [ -15.566414, 28.0522722 ], [ -15.5665738, 28.0522964 ], [ -15.5667821, 28.0523045 ], [ -15.5669107, 28.0523288 ], [ -15.5670358, 28.0523599 ], [ -15.5671574, 28.0523819 ], [ -15.5674422, 28.0524124 ], [ -15.5676013, 28.0524275 ], [ -15.5676114, 28.0524185 ], [ -15.5677616, 28.0523343 ], [ -15.5679189, 28.0522479 ], [ -15.5679674, 28.0522161 ], [ -15.5680241, 28.0521708 ], [ -15.5681518, 28.0520845 ], [ -15.5681765, 28.0520708 ], [ -15.5682386, 28.0520322 ], [ -15.5682864, 28.0519914 ], [ -15.5683624, 28.0519414 ], [ -15.5684537, 28.0518801 ], [ -15.5685437, 28.0518188 ], [ -15.5685583, 28.0517556 ], [ -15.5685724, 28.0516472 ], [ -15.5685922, 28.0515478 ], [ -15.5686145, 28.0513785 ], [ -15.5686111, 28.0512814 ], [ -15.5686077, 28.0511664 ], [ -15.5686213, 28.0510444 ], [ -15.5686067, 28.0509723 ], [ -15.5685274, 28.0509026 ], [ -15.568429, 28.0508105 ], [ -15.5682917, 28.0507005 ], [ -15.5681425, 28.0505725 ], [ -15.5680343, 28.0504827 ], [ -15.5679316, 28.0503612 ], [ -15.5678661, 28.0503051 ], [ -15.5676439, 28.0500826 ], [ -15.567439, 28.0498668 ], [ -15.5672514, 28.0496396 ], [ -15.567064, 28.0494192 ], [ -15.5668247, 28.0491381 ], [ -15.566684, 28.0489875 ], [ -15.5664593, 28.0487131 ], [ -15.5665245, 28.0487128 ], [ -15.5665856, 28.0487261 ], [ -15.5666957, 28.0487528 ], [ -15.5667101, 28.0487595 ], [ -15.5667633, 28.0487773 ], [ -15.5667978, 28.0487975 ], [ -15.5668794, 28.0488513 ], [ -15.5669793, 28.0489096 ], [ -15.5670816, 28.0489678 ], [ -15.5671722, 28.0490103 ], [ -15.5671967, 28.0490215 ], [ -15.5672566, 28.0490461 ], [ -15.5673159, 28.0490639 ], [ -15.5673607, 28.0490637 ], [ -15.5673842, 28.0490569 ], [ -15.5674229, 28.0490386 ], [ -15.567446, 28.049016 ], [ -15.567455, 28.0489843 ], [ -15.5674526, 28.0488896 ], [ -15.5674456, 28.0488309 ], [ -15.5674419, 28.0487948 ], [ -15.567435, 28.0486933 ], [ -15.5674335, 28.0485872 ], [ -15.567433, 28.0484834 ], [ -15.5674369, 28.0483841 ], [ -15.5674465, 28.0483254 ], [ -15.5674798, 28.0482485 ], [ -15.5675028, 28.0482191 ], [ -15.5675313, 28.0481987 ], [ -15.5675776, 28.0481782 ], [ -15.5676681, 28.0481575 ], [ -15.5677521, 28.0481526 ], [ -15.5678271, 28.0481455 ], [ -15.5679278, 28.0481316 ], [ -15.5679862, 28.0481133 ], [ -15.5680344, 28.0480815 ], [ -15.5680978, 28.0480429 ], [ -15.5682046, 28.047986 ], [ -15.5682585, 28.047961 ], [ -15.5683224, 28.0479494 ], [ -15.5684396, 28.0479309 ], [ -15.5685178, 28.047926 ], [ -15.5686196, 28.0479279 ], [ -15.5686902, 28.0479343 ], [ -15.5687246, 28.0479387 ], [ -15.5688219, 28.0479496 ], [ -15.5688973, 28.0479538 ], [ -15.5690063, 28.0479534 ], [ -15.5690928, 28.047953 ], [ -15.5691653, 28.0479527 ], [ -15.569213, 28.0479525 ], [ -15.5692516, 28.0479614 ], [ -15.5693322, 28.0480039 ], [ -15.5693963, 28.0480352 ], [ -15.5694374, 28.0480463 ], [ -15.5694755, 28.0480462 ], [ -15.5695155, 28.0480347 ], [ -15.5694603, 28.0479334 ], [ -15.5693437, 28.0477714 ], [ -15.5692354, 28.0476635 ], [ -15.5691852, 28.0475622 ], [ -15.5690798, 28.0474204 ], [ -15.5689278, 28.0472293 ], [ -15.5688545, 28.047128 ], [ -15.5687636, 28.0470156 ], [ -15.5687252, 28.0469187 ], [ -15.568704, 28.046754 ], [ -15.5686776, 28.0466909 ], [ -15.5685838, 28.046574 ], [ -15.5684581, 28.0465 ], [ -15.5683413, 28.0464102 ], [ -15.5682127, 28.0463182 ], [ -15.5680875, 28.0462127 ], [ -15.5679326, 28.0460779 ], [ -15.5678298, 28.0459384 ], [ -15.5677245, 28.0458035 ], [ -15.5676119, 28.0456798 ], [ -15.5672577, 28.0453269 ], [ -15.5670367, 28.0452015 ], [ -15.5663632, 28.0449921 ], [ -15.5659394, 28.0449442 ], [ -15.565638, 28.0449387 ], [ -15.5653936, 28.0447817 ], [ -15.5650445, 28.044483 ], [ -15.5647531, 28.0442676 ], [ -15.5645548, 28.0439818 ], [ -15.5644712, 28.0436301 ], [ -15.5645143, 28.0429303 ], [ -15.5645422, 28.0427316 ], [ -15.5644676, 28.0424498 ], [ -15.5643607, 28.0421185 ], [ -15.5639201, 28.0415877 ], [ -15.5636719, 28.0411938 ], [ -15.5634648, 28.0409261 ], [ -15.5632574, 28.0406516 ], [ -15.5630437, 28.0404065 ], [ -15.5630624, 28.0403297 ], [ -15.5631208, 28.0402415 ], [ -15.5632563, 28.0401326 ], [ -15.5634603, 28.0399986 ], [ -15.5636966, 28.0398239 ], [ -15.5637577, 28.0397717 ], [ -15.5639403, 28.0395543 ], [ -15.5640992, 28.0394228 ], [ -15.5641995, 28.0392734 ], [ -15.5643259, 28.039054 ], [ -15.5644597, 28.0386788 ], [ -15.5646092, 28.0385089 ], [ -15.5648048, 28.0383457 ], [ -15.564928, 28.0381872 ], [ -15.5651618, 28.0378477 ], [ -15.5652168, 28.0377256 ], [ -15.5652306, 28.037633 ], [ -15.5652062, 28.0375745 ], [ -15.5651068, 28.0374169 ], [ -15.5650251, 28.0370584 ], [ -15.5650499, 28.0366273 ], [ -15.5648857, 28.0363549 ], [ -15.5647603, 28.0362042 ], [ -15.5646879, 28.0361007 ], [ -15.5646507, 28.0359835 ], [ -15.5646299, 28.0356496 ], [ -15.5646729, 28.0348753 ], [ -15.5646601, 28.0343744 ], [ -15.5645881, 28.0336051 ], [ -15.5645556, 28.0329237 ], [ -15.5645543, 28.0326145 ], [ -15.5649976, 28.0322877 ], [ -15.5652905, 28.0319864 ], [ -15.5657237, 28.0314295 ], [ -15.5658952, 28.0313407 ], [ -15.5661416, 28.0312652 ], [ -15.5662938, 28.0312646 ], [ -15.5664279, 28.031237 ], [ -15.566627, 28.0311482 ], [ -15.5668518, 28.031075 ], [ -15.567285, 28.0310078 ], [ -15.567555, 28.0308893 ], [ -15.5677259, 28.0307487 ], [ -15.5678859, 28.0305855 ], [ -15.5680428, 28.030436 ], [ -15.5681094, 28.0303454 ], [ -15.568232, 28.0302095 ], [ -15.5683574, 28.0300487 ], [ -15.5684693, 28.0299287 ], [ -15.5685975, 28.0298153 ], [ -15.5687497, 28.0296905 ], [ -15.5688567, 28.0295953 ], [ -15.568891, 28.029532 ], [ -15.5689169, 28.0293807 ], [ -15.5689696, 28.0291864 ], [ -15.5690089, 28.0290395 ], [ -15.5690274, 28.0289966 ], [ -15.5690403, 28.0288995 ], [ -15.5690557, 28.0287595 ], [ -15.5690766, 28.0286714 ], [ -15.5690976, 28.0285652 ], [ -15.5691502, 28.0283529 ], [ -15.5691577, 28.0282648 ], [ -15.5691814, 28.0281745 ], [ -15.569205, 28.0280728 ], [ -15.5692553, 28.0279575 ], [ -15.5693161, 28.0277812 ], [ -15.5693852, 28.0276252 ], [ -15.5694435, 28.0275325 ], [ -15.5694778, 28.0274127 ], [ -15.5694747, 28.0273067 ], [ -15.5694414, 28.0271353 ], [ -15.5694032, 28.0270136 ], [ -15.5693516, 28.0268648 ], [ -15.5693189, 28.0267589 ], [ -15.5692754, 28.0266463 ], [ -15.5692427, 28.0265426 ], [ -15.5691994, 28.0264503 ], [ -15.5691799, 28.0263262 ], [ -15.5691902, 28.0262246 ], [ -15.5691761, 28.0261389 ], [ -15.5689583, 28.0260134 ], [ -15.5687887, 28.0259126 ], [ -15.5686003, 28.0258163 ], [ -15.5685406, 28.0257737 ], [ -15.5685173, 28.0257648 ], [ -15.5685097, 28.0257603 ], [ -15.5684938, 28.0257491 ], [ -15.5684477, 28.0257041 ], [ -15.5684241, 28.0256749 ], [ -15.5683802, 28.0256254 ], [ -15.5683627, 28.0256097 ], [ -15.5683422, 28.025594 ], [ -15.5683203, 28.0255805 ], [ -15.5682619, 28.0255446 ], [ -15.5682517, 28.0255379 ], [ -15.56823, 28.0255245 ], [ -15.5682077, 28.0255133 ], [ -15.5681516, 28.0254932 ], [ -15.5681344, 28.0254842 ], [ -15.5680863, 28.0254619 ], [ -15.5680636, 28.0254462 ], [ -15.5680372, 28.0254282 ], [ -15.5680129, 28.0254125 ], [ -15.567988, 28.0253946 ], [ -15.5679647, 28.0253766 ], [ -15.5679261, 28.0253519 ], [ -15.5678783, 28.0253228 ], [ -15.567834, 28.0252982 ], [ -15.5677925, 28.0252713 ], [ -15.5677676, 28.0252556 ], [ -15.5677425, 28.0252421 ], [ -15.5677157, 28.0252264 ], [ -15.5676886, 28.025213 ], [ -15.567635, 28.0251884 ], [ -15.56755, 28.0251662 ], [ -15.5674603, 28.025153 ], [ -15.567336, 28.0251535 ], [ -15.5672219, 28.025154 ], [ -15.5671685, 28.0251632 ], [ -15.5671133, 28.0251793 ], [ -15.5670375, 28.025218 ], [ -15.56697, 28.0252566 ], [ -15.5668996, 28.0252817 ], [ -15.5668481, 28.0252909 ], [ -15.566699, 28.0252916 ], [ -15.566667, 28.0252939 ], [ -15.5666081, 28.0252942 ], [ -15.5665379, 28.0252945 ], [ -15.566507, 28.0252833 ], [ -15.5664573, 28.0252655 ], [ -15.5664082, 28.0252431 ], [ -15.5663629, 28.0252049 ], [ -15.5663307, 28.0251803 ], [ -15.5662956, 28.0251578 ], [ -15.5662331, 28.025122 ], [ -15.5662041, 28.0251085 ], [ -15.5661605, 28.0250974 ], [ -15.5661134, 28.0250909 ], [ -15.5660711, 28.025091 ], [ -15.5660196, 28.025098 ], [ -15.5659647, 28.0251118 ], [ -15.5658898, 28.0251347 ], [ -15.5658288, 28.0251462 ], [ -15.5657653, 28.0251623 ], [ -15.5657101, 28.0251738 ], [ -15.5656437, 28.0251808 ], [ -15.5656062, 28.025181 ], [ -15.5655512, 28.0251744 ], [ -15.5654856, 28.0251544 ], [ -15.565419, 28.0251321 ], [ -15.565368, 28.0251097 ], [ -15.5653244, 28.0250874 ], [ -15.5652551, 28.0250357 ], [ -15.565152, 28.0249617 ], [ -15.565042, 28.0248832 ], [ -15.5649693, 28.0248428 ], [ -15.5649042, 28.0248047 ], [ -15.5648102, 28.0247645 ], [ -15.5647711, 28.0247602 ], [ -15.5647368, 28.024758 ], [ -15.5646223, 28.0247608 ], [ -15.5644618, 28.0247727 ], [ -15.5644158, 28.0247797 ], [ -15.5643554, 28.0247934 ], [ -15.564318, 28.0248049 ], [ -15.5642596, 28.0248187 ], [ -15.5641965, 28.024846 ], [ -15.5641051, 28.024887 ], [ -15.5640509, 28.0249098 ], [ -15.563923, 28.0249577 ], [ -15.5638097, 28.024992 ], [ -15.563726, 28.0250217 ], [ -15.5636758, 28.0250332 ], [ -15.5636208, 28.0250357 ], [ -15.5635524, 28.0250314 ], [ -15.5634331, 28.0250116 ], [ -15.5632941, 28.0249874 ], [ -15.5630627, 28.0249455 ], [ -15.5629759, 28.0249323 ], [ -15.562842, 28.0249147 ], [ -15.5626575, 28.0249065 ], [ -15.5625628, 28.0249001 ], [ -15.5624769, 28.0248959 ], [ -15.5623307, 28.0249056 ], [ -15.5622357, 28.024915 ], [ -15.5621532, 28.0249288 ], [ -15.5620712, 28.0249427 ], [ -15.5619962, 28.0249521 ], [ -15.5619629, 28.0249522 ], [ -15.5617912, 28.0248965 ], [ -15.5616883, 28.0248495 ], [ -15.5615736, 28.0248026 ], [ -15.5614778, 28.0247759 ], [ -15.5614294, 28.0247648 ], [ -15.5613053, 28.0247473 ], [ -15.5611643, 28.0247117 ], [ -15.5610703, 28.0247234 ], [ -15.5608743, 28.0247445 ], [ -15.5607456, 28.0247631 ], [ -15.5606351, 28.0247839 ], [ -15.5605239, 28.0248046 ], [ -15.560382, 28.0248345 ], [ -15.5602656, 28.0248869 ], [ -15.5601762, 28.0249437 ], [ -15.5600759, 28.0250366 ], [ -15.5599947, 28.025134 ], [ -15.5599126, 28.0252336 ], [ -15.5598564, 28.0253106 ], [ -15.5598126, 28.025392 ], [ -15.5597747, 28.0254937 ], [ -15.5597457, 28.0255977 ], [ -15.5597111, 28.0256655 ], [ -15.5596752, 28.0257401 ], [ -15.5596326, 28.0258057 ], [ -15.5595673, 28.0258421 ], [ -15.5595019, 28.0258492 ], [ -15.5594833, 28.0258831 ], [ -15.5594293, 28.0259578 ], [ -15.5593911, 28.0259963 ], [ -15.5593202, 28.0260643 ], [ -15.5592622, 28.0261052 ], [ -15.559163, 28.0261529 ], [ -15.5590174, 28.0262122 ], [ -15.5589685, 28.0262372 ], [ -15.5588596, 28.0263099 ], [ -15.558749, 28.0263758 ], [ -15.5587081, 28.0264075 ], [ -15.5586448, 28.026462 ], [ -15.5586166, 28.0264824 ], [ -15.558519, 28.0265324 ], [ -15.5584347, 28.0265869 ], [ -15.5581875, 28.0268046 ], [ -15.5581714, 28.026825 ], [ -15.5579831, 28.0270446 ], [ -15.5578851, 28.0271601 ], [ -15.5578567, 28.0272054 ], [ -15.5577575, 28.0273141 ], [ -15.5577468, 28.0273435 ], [ -15.5577416, 28.0273706 ], [ -15.5577478, 28.0274022 ], [ -15.5577313, 28.0274067 ], [ -15.5576086, 28.0274185 ], [ -15.557594, 28.0274186 ], [ -15.5575365, 28.0274211 ], [ -15.5574026, 28.0274239 ], [ -15.5573286, 28.0274264 ], [ -15.5573073, 28.0274288 ], [ -15.5572527, 28.027438 ], [ -15.557117, 28.0274612 ], [ -15.55703, 28.0274795 ], [ -15.5568167, 28.0275301 ], [ -15.5567731, 28.0275415 ], [ -15.5566782, 28.0275645 ], [ -15.5565872, 28.0275942 ], [ -15.5564948, 28.0276261 ], [ -15.5564037, 28.0276604 ], [ -15.556235, 28.0277288 ], [ -15.5561607, 28.0277584 ], [ -15.556117, 28.0277766 ], [ -15.5559993, 28.0278267 ], [ -15.55592, 28.0278632 ], [ -15.555881, 28.0278836 ], [ -15.5558147, 28.02792 ], [ -15.5557462, 28.0279541 ], [ -15.5557139, 28.0279701 ], [ -15.5556816, 28.027986 ], [ -15.5555252, 28.0280589 ], [ -15.5554592, 28.0280817 ], [ -15.555303, 28.0281252 ], [ -15.5552344, 28.0281435 ], [ -15.5550582, 28.0281894 ], [ -15.5548132, 28.0282626 ], [ -15.5547462, 28.0282832 ], [ -15.5547008, 28.0282991 ], [ -15.5546691, 28.0283106 ], [ -15.5546263, 28.0283265 ], [ -15.5544872, 28.0283722 ], [ -15.5544765, 28.0283768 ], [ -15.554413, 28.0284086 ], [ -15.5543053, 28.0284745 ], [ -15.554248, 28.0285154 ], [ -15.5541719, 28.028554 ], [ -15.5541284, 28.0285723 ], [ -15.5539895, 28.0286428 ], [ -15.5537943, 28.0287677 ], [ -15.5537322, 28.0288063 ], [ -15.5535614, 28.0289018 ], [ -15.5532839, 28.0290383 ], [ -15.5530953, 28.0291429 ], [ -15.552886, 28.0292498 ], [ -15.5527671, 28.0293134 ], [ -15.5527014, 28.0293385 ], [ -15.552608, 28.0293525 ], [ -15.5524258, 28.0293464 ], [ -15.5523513, 28.0294325 ], [ -15.55231, 28.0294417 ], [ -15.5522185, 28.0294556 ], [ -15.5521452, 28.0294942 ], [ -15.5520175, 28.0295579 ], [ -15.5519721, 28.0295739 ], [ -15.5519336, 28.0295831 ], [ -15.5518581, 28.0295947 ], [ -15.5517744, 28.0295973 ], [ -15.5516985, 28.0295999 ], [ -15.5516241, 28.0296047 ], [ -15.551558, 28.029614 ], [ -15.5514742, 28.0296436 ], [ -15.5514483, 28.0296595 ], [ -15.5514305, 28.0296754 ], [ -15.5513806, 28.0297343 ], [ -15.5513453, 28.0297885 ], [ -15.5513075, 28.02987 ], [ -15.5512984, 28.0298903 ], [ -15.5512765, 28.0299491 ], [ -15.5512533, 28.0300124 ], [ -15.5512262, 28.0300734 ], [ -15.5511979, 28.0301344 ], [ -15.5511734, 28.0301842 ], [ -15.5511381, 28.0302407 ], [ -15.5511037, 28.0302883 ], [ -15.5510781, 28.03032 ], [ -15.5510455, 28.0303539 ], [ -15.5510208, 28.0303721 ], [ -15.5509869, 28.0303993 ], [ -15.5509261, 28.0304357 ], [ -15.5508852, 28.0304652 ], [ -15.5508564, 28.0304924 ], [ -15.5508346, 28.0305173 ], [ -15.5508078, 28.0305512 ], [ -15.5508131, 28.0306009 ], [ -15.5508108, 28.0306438 ], [ -15.5507788, 28.0307296 ], [ -15.5507574, 28.0307771 ], [ -15.5507395, 28.0308178 ], [ -15.5507206, 28.0308608 ], [ -15.5507087, 28.0308902 ], [ -15.550674, 28.0309377 ], [ -15.5506306, 28.030974 ], [ -15.5505451, 28.0310262 ], [ -15.5504876, 28.0310535 ], [ -15.5504388, 28.0310673 ], [ -15.5504235, 28.0310718 ], [ -15.5503136, 28.0310926 ], [ -15.5502316, 28.0310952 ], [ -15.5501374, 28.0310843 ], [ -15.5501257, 28.0310843 ], [ -15.5500879, 28.0310867 ], [ -15.5500555, 28.0311004 ], [ -15.5499741, 28.0311549 ], [ -15.5499439, 28.0311685 ], [ -15.5499135, 28.0311822 ], [ -15.5498461, 28.031187 ], [ -15.549773, 28.0311828 ], [ -15.5496559, 28.0311674 ], [ -15.5495481, 28.0311589 ], [ -15.5494858, 28.0311546 ], [ -15.5494425, 28.0311503 ], [ -15.5493659, 28.031146 ], [ -15.5493395, 28.0311461 ], [ -15.5492396, 28.031142 ], [ -15.5491901, 28.0311445 ], [ -15.549145, 28.0311492 ], [ -15.549118, 28.0311606 ], [ -15.5491075, 28.0311674 ], [ -15.549078, 28.0311855 ], [ -15.5490488, 28.0311947 ], [ -15.5490193, 28.0311971 ], [ -15.5489913, 28.0311949 ], [ -15.5489741, 28.031195 ], [ -15.5489268, 28.0311952 ], [ -15.5488899, 28.0311976 ], [ -15.5488524, 28.0312022 ], [ -15.5488419, 28.0312045 ], [ -15.5487978, 28.0312115 ], [ -15.5487406, 28.0312253 ], [ -15.5486981, 28.0312367 ], [ -15.5486543, 28.0312504 ], [ -15.5486127, 28.0312596 ], [ -15.5485844, 28.0312665 ], [ -15.5485415, 28.0312757 ], [ -15.5485165, 28.0312826 ], [ -15.5484866, 28.0312917 ], [ -15.5483961, 28.0313101 ], [ -15.548303, 28.0313286 ], [ -15.5482294, 28.0313401 ], [ -15.5481391, 28.0313586 ], [ -15.5480134, 28.0313794 ], [ -15.5478946, 28.0313934 ], [ -15.5478106, 28.031405 ], [ -15.5477169, 28.0314099 ], [ -15.5476117, 28.0314148 ], [ -15.547499, 28.0314401 ], [ -15.5474117, 28.031463 ], [ -15.5473205, 28.031486 ], [ -15.5471699, 28.0314911 ], [ -15.5471193, 28.0314913 ], [ -15.5470408, 28.0314983 ], [ -15.5469751, 28.0315166 ], [ -15.5469075, 28.031544 ], [ -15.5468174, 28.031585 ], [ -15.5467778, 28.0316032 ], [ -15.5467013, 28.0316283 ], [ -15.5466451, 28.0316353 ], [ -15.5466108, 28.0316355 ], [ -15.5466013, 28.0316558 ], [ -15.5465663, 28.0317146 ], [ -15.5465312, 28.0317554 ], [ -15.546468, 28.0318256 ], [ -15.5464196, 28.0318777 ], [ -15.546314, 28.0319797 ], [ -15.5462311, 28.0320635 ], [ -15.5461261, 28.0321655 ], [ -15.5459615, 28.0323286 ], [ -15.5459328, 28.0323626 ], [ -15.5459186, 28.0323784 ], [ -15.5458942, 28.0323943 ], [ -15.5458627, 28.0324012 ], [ -15.5457232, 28.032413 ], [ -15.5456374, 28.0324202 ], [ -15.5455583, 28.0324363 ], [ -15.5454701, 28.0324547 ], [ -15.5453987, 28.0324753 ], [ -15.5453425, 28.0325003 ], [ -15.5452854, 28.0325276 ], [ -15.5452328, 28.0325572 ], [ -15.5450245, 28.032734 ], [ -15.5448333, 28.032895 ], [ -15.5448035, 28.03292 ], [ -15.5447769, 28.0329449 ], [ -15.5447525, 28.0329608 ], [ -15.5447262, 28.0329767 ], [ -15.5446986, 28.0329881 ], [ -15.5446542, 28.032995 ], [ -15.544446, 28.0330184 ], [ -15.544263, 28.0330372 ], [ -15.5442271, 28.0330486 ], [ -15.544204, 28.0330645 ], [ -15.5441882, 28.0330894 ], [ -15.5441811, 28.0331143 ], [ -15.5441824, 28.0331368 ], [ -15.5441935, 28.0331774 ], [ -15.5442276, 28.0332743 ], [ -15.5442538, 28.0333509 ], [ -15.5442716, 28.0334163 ], [ -15.5442786, 28.0334794 ], [ -15.5442783, 28.0335539 ], [ -15.5442732, 28.0336149 ], [ -15.5442514, 28.0337052 ], [ -15.5442314, 28.0337617 ], [ -15.5442068, 28.0338047 ], [ -15.5441821, 28.0338364 ], [ -15.5441385, 28.0338772 ], [ -15.5440906, 28.0339112 ], [ -15.5440478, 28.0339317 ], [ -15.5439158, 28.0339796 ], [ -15.5436987, 28.034055 ], [ -15.5436254, 28.0340846 ], [ -15.5433668, 28.0341872 ], [ -15.5433117, 28.0342122 ], [ -15.5432857, 28.0342304 ], [ -15.5432349, 28.0342531 ], [ -15.5431949, 28.0342668 ], [ -15.543153, 28.0342738 ], [ -15.5430227, 28.0342833 ], [ -15.5428419, 28.0342953 ], [ -15.5427757, 28.0342911 ], [ -15.5426389, 28.0342826 ], [ -15.5425929, 28.0342828 ], [ -15.5425509, 28.0342919 ], [ -15.5425157, 28.0343124 ], [ -15.542492, 28.0343351 ], [ -15.5424715, 28.0343645 ], [ -15.5424533, 28.0344142 ], [ -15.542415, 28.0345114 ], [ -15.5423863, 28.0345589 ], [ -15.5423633, 28.0345951 ], [ -15.5423333, 28.0346291 ], [ -15.5422715, 28.0346857 ], [ -15.5422083, 28.0347447 ], [ -15.5421443, 28.0347901 ], [ -15.5421346, 28.0348262 ], [ -15.5421205, 28.0348714 ], [ -15.5420835, 28.0349189 ], [ -15.5420612, 28.0349574 ], [ -15.5420496, 28.0349935 ], [ -15.5420412, 28.0350387 ], [ -15.5420328, 28.0350771 ], [ -15.5418103, 28.0352653 ], [ -15.5414767, 28.0355577 ], [ -15.5411826, 28.0357507 ], [ -15.5409114, 28.0358872 ], [ -15.5408204, 28.0359304 ], [ -15.5407014, 28.0360437 ], [ -15.540627, 28.0361636 ], [ -15.5405434, 28.0362971 ], [ -15.5404909, 28.0364079 ], [ -15.5404473, 28.0365299 ], [ -15.540404, 28.0366993 ], [ -15.540369, 28.0368417 ], [ -15.5403522, 28.0369704 ], [ -15.540335, 28.0370991 ], [ -15.540318, 28.0372503 ], [ -15.5403011, 28.037379 ], [ -15.540275, 28.037492 ], [ -15.5402079, 28.0376299 ], [ -15.5401815, 28.0376774 ], [ -15.5401683, 28.0377045 ], [ -15.5401643, 28.0377339 ], [ -15.5401597, 28.037761 ], [ -15.5401132, 28.0378198 ], [ -15.5400002, 28.0379263 ], [ -15.5399219, 28.037956 ], [ -15.5400537, 28.0379984 ], [ -15.5403016, 28.0380335 ], [ -15.5404739, 28.0381073 ], [ -15.5406397, 28.0381969 ], [ -15.5408259, 28.0383 ], [ -15.5410259, 28.0383737 ], [ -15.5412262, 28.038488 ], [ -15.5413761, 28.0385867 ], [ -15.5417076, 28.0388359 ], [ -15.5419013, 28.0390247 ], [ -15.5419649, 28.0390944 ], [ -15.5420031, 28.0391732 ], [ -15.5420446, 28.0392611 ], [ -15.5420961, 28.039394 ], [ -15.5421355, 28.0395067 ], [ -15.5421738, 28.0396058 ], [ -15.5422181, 28.0396869 ], [ -15.5422736, 28.0397883 ], [ -15.5424324, 28.0400088 ], [ -15.5424949, 28.0401124 ], [ -15.542561, 28.040234 ], [ -15.542641, 28.0403984 ], [ -15.5427314, 28.0406056 ], [ -15.5428252, 28.0408016 ], [ -15.5429018, 28.0409841 ], [ -15.5429299, 28.0410607 ] ] ] } }
]
}
