{
"type": "FeatureCollection",
"name": "35034",
"features": [
{ "type": "Feature", "properties": { "CCAA": "05 - Canarias", "PROVINCIA": "35 - Palmas, Las", "MUNICIPIO": "35034 - Yaiza", "COD_MUNICIPIO": "35034", "DISTRITO": "01", "SECCION": "3503401003", "V1_H": 80.02, "V1_M": 86.02, "V2_H": 79.96138623, "V2_M": 86.18252023, "V3_H": 80.18726569, "V3_M": 86.15258899 }, "geometry": { "type": "Polygon", "coordinates": [ [ [ -13.8326636, 28.881576 ], [ -13.8328099, 28.8815637 ], [ -13.8329458, 28.8815603 ], [ -13.8330105, 28.8815609 ], [ -13.8332032, 28.8815806 ], [ -13.8333996, 28.8816117 ], [ -13.8335735, 28.8816493 ], [ -13.8337085, 28.8816707 ], [ -13.8340726, 28.8817258 ], [ -13.8343893, 28.8817737 ], [ -13.8343964, 28.8816451 ], [ -13.8344199, 28.880806 ], [ -13.8344637, 28.8794142 ], [ -13.8351206, 28.8794696 ], [ -13.8366519, 28.8796182 ], [ -13.8393078, 28.8798374 ], [ -13.8413195, 28.8801254 ], [ -13.8434969, 28.8805525 ], [ -13.8449351, 28.8808356 ], [ -13.8457384, 28.880935 ], [ -13.8468159, 28.880969 ], [ -13.8486345, 28.8809981 ], [ -13.8514551, 28.8811034 ], [ -13.8548541, 28.8812384 ], [ -13.8574244, 28.8813324 ], [ -13.8597178, 28.881415 ], [ -13.8611296, 28.8815375 ], [ -13.8620922, 28.8817171 ], [ -13.862285, 28.8817842 ], [ -13.8623968, 28.8818167 ], [ -13.86251, 28.8818425 ], [ -13.8627118, 28.8819028 ], [ -13.8629547, 28.8819681 ], [ -13.863071, 28.8819961 ], [ -13.8632442, 28.8820405 ], [ -13.8633618, 28.8820685 ], [ -13.8635537, 28.8821062 ], [ -13.8636937, 28.882139 ], [ -13.8639027, 28.8821836 ], [ -13.8640294, 28.8822118 ], [ -13.8641693, 28.8822491 ], [ -13.8643131, 28.8822841 ], [ -13.8644301, 28.8823122 ], [ -13.8646495, 28.8823569 ], [ -13.8648522, 28.8823992 ], [ -13.8649665, 28.8824295 ], [ -13.8650803, 28.8824598 ], [ -13.8651889, 28.8824856 ], [ -13.8654145, 28.8825461 ], [ -13.8655732, 28.8825768 ], [ -13.8657515, 28.8826166 ], [ -13.8659062, 28.8826518 ], [ -13.8661031, 28.8827031 ], [ -13.8662476, 28.8827359 ], [ -13.8663178, 28.8827545 ], [ -13.8664399, 28.8827871 ], [ -13.8666291, 28.8828293 ], [ -13.8667418, 28.8828483 ], [ -13.8670326, 28.8829117 ], [ -13.8675313, 28.8830242 ], [ -13.867945, 28.8831179 ], [ -13.8682039, 28.883181 ], [ -13.868434, 28.8832326 ], [ -13.8687288, 28.8832982 ], [ -13.8690849, 28.8833802 ], [ -13.8694346, 28.8834576 ], [ -13.8698912, 28.8835517 ], [ -13.8701739, 28.8836059 ], [ -13.8703753, 28.883646 ], [ -13.8707084, 28.883721 ], [ -13.8711732, 28.8838219 ], [ -13.8715755, 28.8839042 ], [ -13.8719215, 28.8839726 ], [ -13.8721408, 28.884024 ], [ -13.8725217, 28.8841152 ], [ -13.8728037, 28.884183 ], [ -13.8730811, 28.8842462 ], [ -13.8733049, 28.8843 ], [ -13.8736961, 28.884398 ], [ -13.8739288, 28.8844451 ], [ -13.8743861, 28.8845392 ], [ -13.8746239, 28.8845886 ], [ -13.8749634, 28.8846681 ], [ -13.8753789, 28.8847709 ], [ -13.8756948, 28.8848367 ], [ -13.876003, 28.8849024 ], [ -13.8762293, 28.8849562 ], [ -13.8765067, 28.8850262 ], [ -13.8767804, 28.8850804 ], [ -13.876852, 28.8850968 ], [ -13.8769626, 28.8851315 ], [ -13.8770878, 28.8851664 ], [ -13.8771977, 28.8851921 ], [ -13.8774414, 28.8852461 ], [ -13.8776792, 28.8852955 ], [ -13.8779198, 28.8853358 ], [ -13.8780854, 28.885371 ], [ -13.8782223, 28.8853947 ], [ -13.8783923, 28.8854345 ], [ -13.8785975, 28.8854881 ], [ -13.8787222, 28.8855162 ], [ -13.8789045, 28.8855516 ], [ -13.8790055, 28.885575 ], [ -13.8791526, 28.8856055 ], [ -13.87932, 28.8856498 ], [ -13.8795252, 28.8856989 ], [ -13.8797024, 28.8857342 ], [ -13.8798507, 28.8857715 ], [ -13.8799318, 28.8857993 ], [ -13.8800526, 28.8858229 ], [ -13.8807384, 28.8860068 ], [ -13.8817273, 28.8863061 ], [ -13.8817597, 28.8862725 ], [ -13.8818029, 28.8862525 ], [ -13.8818517, 28.8862439 ], [ -13.881891, 28.8862172 ], [ -13.8818969, 28.8862082 ], [ -13.8819102, 28.8861677 ], [ -13.8819304, 28.8860753 ], [ -13.8819232, 28.8860257 ], [ -13.8819059, 28.8859691 ], [ -13.8818994, 28.8859217 ], [ -13.8819229, 28.8858181 ], [ -13.8819506, 28.8857461 ], [ -13.8819767, 28.8857012 ], [ -13.8820194, 28.8856632 ], [ -13.8820601, 28.8856319 ], [ -13.8820958, 28.8855916 ], [ -13.8821239, 28.8855467 ], [ -13.8821448, 28.8855063 ], [ -13.8821504, 28.885459 ], [ -13.8821195, 28.8854158 ], [ -13.8821038, 28.8853841 ], [ -13.8821202, 28.8853482 ], [ -13.8821715, 28.8852831 ], [ -13.8821931, 28.8852404 ], [ -13.8821994, 28.8851954 ], [ -13.8821814, 28.8851366 ], [ -13.8821497, 28.8851025 ], [ -13.8821013, 28.8850772 ], [ -13.8820438, 28.885061 ], [ -13.8819837, 28.8850469 ], [ -13.8819211, 28.8850284 ], [ -13.8818656, 28.8850008 ], [ -13.8818231, 28.8849666 ], [ -13.8817933, 28.8849303 ], [ -13.881755, 28.8848577 ], [ -13.8817363, 28.8848125 ], [ -13.881706, 28.8847084 ], [ -13.8816758, 28.8845976 ], [ -13.881659, 28.8845456 ], [ -13.8816339, 28.884498 ], [ -13.8816134, 28.8844369 ], [ -13.8816132, 28.8843918 ], [ -13.8816323, 28.8843491 ], [ -13.8816583, 28.8843087 ], [ -13.8816761, 28.8842682 ], [ -13.8816798, 28.8842186 ], [ -13.8816675, 28.8841734 ], [ -13.8816352, 28.884137 ], [ -13.8816269, 28.8841324 ], [ -13.8815847, 28.8841231 ], [ -13.8814878, 28.8841403 ], [ -13.8814416, 28.8841399 ], [ -13.8814073, 28.8841126 ], [ -13.8813942, 28.8840763 ], [ -13.8813864, 28.8840312 ], [ -13.8813664, 28.8839814 ], [ -13.8813297, 28.8839359 ], [ -13.8812916, 28.8839063 ], [ -13.8812457, 28.8838833 ], [ -13.8811944, 28.8838851 ], [ -13.8810983, 28.8839408 ], [ -13.8810469, 28.8839539 ], [ -13.8809904, 28.8839579 ], [ -13.8809547, 28.8839441 ], [ -13.8809384, 28.8839124 ], [ -13.8809369, 28.883874 ], [ -13.8809487, 28.8837793 ], [ -13.8809506, 28.883732 ], [ -13.8809376, 28.8836845 ], [ -13.8809104, 28.8836482 ], [ -13.8808953, 28.8836232 ], [ -13.880883, 28.883578 ], [ -13.8808828, 28.8835328 ], [ -13.8808736, 28.8834944 ], [ -13.8808548, 28.8834582 ], [ -13.8808049, 28.8833878 ], [ -13.8807971, 28.8833381 ], [ -13.8808264, 28.8832977 ], [ -13.8808662, 28.883289 ], [ -13.8809687, 28.8832921 ], [ -13.8809991, 28.8832743 ], [ -13.881002, 28.8832428 ], [ -13.8809765, 28.8831658 ], [ -13.8809687, 28.8831206 ], [ -13.8809705, 28.8830688 ], [ -13.8809805, 28.8829741 ], [ -13.8809791, 28.8829244 ], [ -13.8809526, 28.8828814 ], [ -13.8809223, 28.8828427 ], [ -13.8809009, 28.8828019 ], [ -13.8808944, 28.8827523 ], [ -13.8808987, 28.8826508 ], [ -13.8808858, 28.8826033 ], [ -13.8808619, 28.882558 ], [ -13.8807806, 28.8824851 ], [ -13.8807581, 28.8824353 ], [ -13.8807574, 28.8823766 ], [ -13.8807783, 28.8822865 ], [ -13.8807576, 28.8822435 ], [ -13.8807221, 28.8822093 ], [ -13.880638, 28.8821613 ], [ -13.8805979, 28.8821316 ], [ -13.8805169, 28.8820925 ], [ -13.880491, 28.882063 ], [ -13.8804799, 28.8820155 ], [ -13.8804772, 28.8819726 ], [ -13.8804694, 28.8819274 ], [ -13.8804538, 28.8818867 ], [ -13.8803851, 28.8818388 ], [ -13.8803759, 28.8818003 ], [ -13.8803766, 28.8817913 ], [ -13.8804031, 28.8817103 ], [ -13.8804068, 28.8816652 ], [ -13.8803887, 28.8816244 ], [ -13.8803628, 28.8815814 ], [ -13.8803286, 28.8815427 ], [ -13.8802841, 28.8815107 ], [ -13.8802362, 28.881499 ], [ -13.8801818, 28.8814918 ], [ -13.8801352, 28.8814734 ], [ -13.8800842, 28.8814504 ], [ -13.8799885, 28.8814022 ], [ -13.8799389, 28.8813725 ], [ -13.879846, 28.881304 ], [ -13.8797947, 28.881254 ], [ -13.879765, 28.8812131 ], [ -13.8797488, 28.8811723 ], [ -13.8797306, 28.8810774 ], [ -13.8796847, 28.8809958 ], [ -13.8796761, 28.8809574 ], [ -13.8796798, 28.88091 ], [ -13.8796583, 28.8808828 ], [ -13.8796155, 28.8808689 ], [ -13.879513, 28.8808635 ], [ -13.8794755, 28.8808429 ], [ -13.8794668, 28.880809 ], [ -13.8794619, 28.8807345 ], [ -13.8794631, 28.8806826 ], [ -13.8794591, 28.8806352 ], [ -13.87943, 28.8806011 ], [ -13.8793371, 28.8805372 ], [ -13.8792469, 28.880462 ], [ -13.8791987, 28.8804142 ], [ -13.8791235, 28.8803143 ], [ -13.879074, 28.8802665 ], [ -13.879022, 28.8802186 ], [ -13.8789654, 28.8801776 ], [ -13.8788612, 28.8800955 ], [ -13.878804, 28.8800431 ], [ -13.8787525, 28.8800088 ], [ -13.8786937, 28.8799948 ], [ -13.8786336, 28.879983 ], [ -13.8785741, 28.8799758 ], [ -13.8785314, 28.8799483 ], [ -13.8785132, 28.8799144 ], [ -13.8785034, 28.8798736 ], [ -13.8784976, 28.8798127 ], [ -13.8784724, 28.8797177 ], [ -13.8784805, 28.8796794 ], [ -13.8784694, 28.8796342 ], [ -13.8784449, 28.8795889 ], [ -13.878401, 28.8795547 ], [ -13.8783449, 28.8795361 ], [ -13.8782913, 28.8795086 ], [ -13.8782328, 28.8794675 ], [ -13.8781898, 28.8794153 ], [ -13.8780974, 28.8793107 ], [ -13.8780028, 28.8792219 ], [ -13.8779572, 28.8791696 ], [ -13.8779078, 28.8791196 ], [ -13.8778357, 28.879031 ], [ -13.8777816, 28.8789899 ], [ -13.8776709, 28.8789213 ], [ -13.8775898, 28.8788327 ], [ -13.8775369, 28.8788029 ], [ -13.8774775, 28.8787866 ], [ -13.8774046, 28.8787747 ], [ -13.8773387, 28.8787584 ], [ -13.8772781, 28.8787331 ], [ -13.8772228, 28.878692 ], [ -13.8771251, 28.8785964 ], [ -13.8770543, 28.8785055 ], [ -13.8769991, 28.8784509 ], [ -13.8769413, 28.8784099 ], [ -13.8768931, 28.8783643 ], [ -13.8768435, 28.8783278 ], [ -13.8767855, 28.8783002 ], [ -13.8767221, 28.8782929 ], [ -13.876658, 28.8782902 ], [ -13.8766012, 28.8782716 ], [ -13.8763571, 28.8781478 ], [ -13.8762453, 28.8781716 ], [ -13.8761941, 28.8781667 ], [ -13.8761463, 28.878137 ], [ -13.8761132, 28.8781231 ], [ -13.8760607, 28.8781159 ], [ -13.8760037, 28.8781132 ], [ -13.8759416, 28.8781037 ], [ -13.875879, 28.8780851 ], [ -13.8758228, 28.8780666 ], [ -13.8758008, 28.8780303 ], [ -13.8758031, 28.8779897 ], [ -13.8758389, 28.8779403 ], [ -13.8758587, 28.8778909 ], [ -13.875863, 28.8778435 ], [ -13.8758578, 28.8777916 ], [ -13.8758412, 28.8777328 ], [ -13.8757943, 28.8776151 ], [ -13.8757296, 28.8774995 ], [ -13.8756891, 28.8774473 ], [ -13.8756401, 28.8774175 ], [ -13.8755897, 28.8773968 ], [ -13.8755549, 28.8773604 ], [ -13.8755296, 28.8773196 ], [ -13.8754947, 28.8772922 ], [ -13.8754498, 28.8772963 ], [ -13.8754156, 28.8773186 ], [ -13.8753821, 28.8773341 ], [ -13.8753501, 28.8773316 ], [ -13.8753234, 28.8773066 ], [ -13.8752767, 28.8772407 ], [ -13.8752379, 28.8771592 ], [ -13.8752243, 28.877114 ], [ -13.8752217, 28.8770508 ], [ -13.8752377, 28.876999 ], [ -13.8752708, 28.8769609 ], [ -13.8753051, 28.8769274 ], [ -13.8753228, 28.8768914 ], [ -13.87532, 28.8768507 ], [ -13.8753058, 28.8768033 ], [ -13.8753158, 28.8767605 ], [ -13.8753424, 28.8767404 ], [ -13.8754223, 28.8766959 ], [ -13.8754598, 28.8766647 ], [ -13.875491, 28.876622 ], [ -13.8755082, 28.876577 ], [ -13.8754918, 28.8765476 ], [ -13.8754451, 28.8765427 ], [ -13.8753263, 28.8765688 ], [ -13.8752815, 28.8765571 ], [ -13.8752703, 28.8765277 ], [ -13.8752911, 28.8764985 ], [ -13.8753273, 28.8764695 ], [ -13.8753642, 28.8764337 ], [ -13.8753832, 28.8763955 ], [ -13.8753895, 28.8763527 ], [ -13.8754041, 28.8762987 ], [ -13.8754276, 28.8762063 ], [ -13.8754171, 28.8761657 ], [ -13.8753938, 28.8761271 ], [ -13.8753538, 28.8760952 ], [ -13.8753208, 28.876061 ], [ -13.8753027, 28.8760203 ], [ -13.8752911, 28.8759661 ], [ -13.8752718, 28.875914 ], [ -13.8752086, 28.8758322 ], [ -13.8751892, 28.8757869 ], [ -13.8751738, 28.8757327 ], [ -13.875141, 28.8756805 ], [ -13.8750632, 28.8755828 ], [ -13.8750194, 28.8755486 ], [ -13.8749903, 28.8755123 ], [ -13.8749734, 28.8754693 ], [ -13.874972, 28.8754241 ], [ -13.8749885, 28.8753792 ], [ -13.8750166, 28.8753342 ], [ -13.8750789, 28.8752581 ], [ -13.8751472, 28.8751661 ], [ -13.8751746, 28.8751212 ], [ -13.8751943, 28.8750198 ], [ -13.8752222, 28.874984 ], [ -13.8752366, 28.8749477 ], [ -13.8733748, 28.874924 ], [ -13.8726933, 28.8739614 ], [ -13.8704776, 28.8740694 ], [ -13.8701904, 28.8713641 ], [ -13.870069, 28.870274 ], [ -13.8700435, 28.869989 ], [ -13.8701187, 28.8683142 ], [ -13.870138, 28.8674096 ], [ -13.8701033, 28.8670993 ], [ -13.8699925, 28.8667885 ], [ -13.8697308, 28.8663423 ], [ -13.8694676, 28.8660469 ], [ -13.8692228, 28.8658019 ], [ -13.868996, 28.8656576 ], [ -13.8687403, 28.8655381 ], [ -13.8677258, 28.8651861 ], [ -13.8661425, 28.8646451 ], [ -13.8641229, 28.8639579 ], [ -13.8637531, 28.8638375 ], [ -13.8628335, 28.8635198 ], [ -13.8621319, 28.8632793 ], [ -13.8616577, 28.8631245 ], [ -13.8614107, 28.8630889 ], [ -13.8611063, 28.863078 ], [ -13.8609255, 28.8630764 ], [ -13.8600115, 28.863119 ], [ -13.8590023, 28.8631607 ], [ -13.8571648, 28.8632373 ], [ -13.8565746, 28.8632574 ], [ -13.855889, 28.8632935 ], [ -13.8557268, 28.863334 ], [ -13.8556217, 28.8633666 ], [ -13.8553449, 28.863448 ], [ -13.8548865, 28.8635949 ], [ -13.8543038, 28.863791 ], [ -13.853492, 28.8640606 ], [ -13.8523936, 28.8644282 ], [ -13.8502063, 28.8651551 ], [ -13.8497573, 28.8653105 ], [ -13.8493658, 28.8654328 ], [ -13.8490322, 28.8654802 ], [ -13.8486991, 28.8654857 ], [ -13.848471, 28.8654587 ], [ -13.8480437, 28.8653712 ], [ -13.8473981, 28.8652317 ], [ -13.8464866, 28.8650396 ], [ -13.8459549, 28.8649345 ], [ -13.8456506, 28.8649152 ], [ -13.8454125, 28.8649299 ], [ -13.8451455, 28.8649778 ], [ -13.8440199, 28.8652195 ], [ -13.8432185, 28.8653969 ], [ -13.8420548, 28.8656383 ], [ -13.8390691, 28.8662744 ], [ -13.8370945, 28.866693 ], [ -13.8364362, 28.8668465 ], [ -13.8362164, 28.8669283 ], [ -13.8358438, 28.8670592 ], [ -13.8345636, 28.8675005 ], [ -13.8323757, 28.868269 ], [ -13.8312647, 28.8686824 ], [ -13.8312626, 28.8686985 ], [ -13.8313289, 28.8695858 ], [ -13.8314127, 28.8705815 ], [ -13.8314722, 28.8711597 ], [ -13.8315412, 28.8722049 ], [ -13.8316448, 28.873598 ], [ -13.8317401, 28.8747653 ], [ -13.8318009, 28.8755758 ], [ -13.8319836, 28.8769966 ], [ -13.8321143, 28.8778641 ], [ -13.8322788, 28.8790817 ], [ -13.8324196, 28.8799629 ], [ -13.8326636, 28.881576 ] ] ] } },
{ "type": "Feature", "properties": { "CCAA": "05 - Canarias", "PROVINCIA": "35 - Palmas, Las", "MUNICIPIO": "35034 - Yaiza", "COD_MUNICIPIO": "35034", "DISTRITO": "01", "SECCION": "3503401001", "V1_H": 80.72, "V1_M": 86.56, "V2_H": 80.63016227, "V2_M": 86.55369361, "V3_H": 80.94352394000001, "V3_M": 86.74641221 }, "geometry": { "type": "Polygon", "coordinates": [ [ [ -13.6945658, 28.9867813 ], [ -13.6963183, 28.9872044 ], [ -13.7030896, 28.988838 ], [ -13.7091543, 28.9903132 ], [ -13.7152183, 28.9917995 ], [ -13.7200249, 28.9929328 ], [ -13.7242893, 28.9939819 ], [ -13.7393851, 28.9969557 ], [ -13.7396232, 28.9960621 ], [ -13.7412526, 28.9951732 ], [ -13.7417786, 28.9936165 ], [ -13.741388, 28.9915282 ], [ -13.7421104, 28.9852615 ], [ -13.7482383, 28.9812833 ], [ -13.7494766, 28.9783062 ], [ -13.7507798, 28.9775951 ], [ -13.7524696, 28.9756414 ], [ -13.8021931, 28.9588912 ], [ -13.7947208, 28.9186175 ], [ -13.794111, 28.9186498 ], [ -13.7926667, 28.9187519 ], [ -13.7907922, 28.9188028 ], [ -13.7893491, 28.9188552 ], [ -13.7878102, 28.9190399 ], [ -13.7865529, 28.9191595 ], [ -13.7859102, 28.9192394 ], [ -13.7854757, 28.9192242 ], [ -13.7853533, 28.9192772 ], [ -13.7852268, 28.9193979 ], [ -13.7851312, 28.9195189 ], [ -13.7847966, 28.9200077 ], [ -13.7844245, 28.9208009 ], [ -13.7842399, 28.9211263 ], [ -13.784173, 28.9211957 ], [ -13.7840501, 28.9212961 ], [ -13.7839245, 28.9213401 ], [ -13.7837859, 28.9213501 ], [ -13.7836474, 28.9213534 ], [ -13.7835126, 28.9213657 ], [ -13.7833903, 28.9214075 ], [ -13.7832114, 28.9214645 ], [ -13.7829279, 28.92148 ], [ -13.7824935, 28.921458 ], [ -13.7820792, 28.9214091 ], [ -13.7817233, 28.9214172 ], [ -13.7814924, 28.9214851 ], [ -13.7812663, 28.9216274 ], [ -13.7810991, 28.9218335 ], [ -13.7810136, 28.9220764 ], [ -13.7809108, 28.9224229 ], [ -13.7807699, 28.922733 ], [ -13.7805626, 28.9230334 ], [ -13.7803743, 28.9233386 ], [ -13.780133, 28.9236906 ], [ -13.7799723, 28.9239441 ], [ -13.7798046, 28.9241908 ], [ -13.7794904, 28.9245828 ], [ -13.7792023, 28.9249863 ], [ -13.7789148, 28.9253876 ], [ -13.778741, 28.9256116 ], [ -13.7785272, 28.9258579 ], [ -13.7782813, 28.9260474 ], [ -13.7779167, 28.9262539 ], [ -13.7776142, 28.9264046 ], [ -13.7770023, 28.9269157 ], [ -13.7766237, 28.9271605 ], [ -13.7763774, 28.9273906 ], [ -13.7760849, 28.9276204 ], [ -13.7758, 28.9277441 ], [ -13.775558, 28.9277667 ], [ -13.7753013, 28.927787 ], [ -13.775257, 28.9277933 ], [ -13.7751877, 28.927804 ], [ -13.7751202, 28.9278146 ], [ -13.7750457, 28.9278252 ], [ -13.7749898, 28.9278315 ], [ -13.7749597, 28.9278335 ], [ -13.7749206, 28.9278309 ], [ -13.7748841, 28.927826 ], [ -13.7748316, 28.927821 ], [ -13.7747931, 28.9278184 ], [ -13.7747002, 28.9278176 ], [ -13.7746585, 28.9278217 ], [ -13.774618, 28.9278281 ], [ -13.7745724, 28.9278368 ], [ -13.7745287, 28.9278454 ], [ -13.7745081, 28.927852 ], [ -13.7744914, 28.9278563 ], [ -13.774463, 28.9278673 ], [ -13.774427, 28.9278805 ], [ -13.7743066, 28.9279246 ], [ -13.7742556, 28.9279467 ], [ -13.7742274, 28.9279509 ], [ -13.7741876, 28.9279574 ], [ -13.7741651, 28.9279571 ], [ -13.7741311, 28.9279568 ], [ -13.7741081, 28.9279566 ], [ -13.7740779, 28.9279541 ], [ -13.7740401, 28.9279515 ], [ -13.7740139, 28.9279512 ], [ -13.7739715, 28.9279508 ], [ -13.7739453, 28.9279529 ], [ -13.7739131, 28.9279571 ], [ -13.7738733, 28.9279635 ], [ -13.7738245, 28.9279698 ], [ -13.7737661, 28.9279806 ], [ -13.7737224, 28.9279869 ], [ -13.7736703, 28.9279955 ], [ -13.7736324, 28.9280019 ], [ -13.7735926, 28.9280083 ], [ -13.7735682, 28.9280149 ], [ -13.7735276, 28.9280303 ], [ -13.7734742, 28.9280479 ], [ -13.7734015, 28.9280697 ], [ -13.7733615, 28.9280852 ], [ -13.7733209, 28.9281029 ], [ -13.7732765, 28.9281228 ], [ -13.7732068, 28.928156 ], [ -13.7731629, 28.9281804 ], [ -13.7731378, 28.9281914 ], [ -13.7730991, 28.9282092 ], [ -13.7730501, 28.9282358 ], [ -13.7730075, 28.9282579 ], [ -13.7729752, 28.9282757 ], [ -13.7729333, 28.9283001 ], [ -13.7728777, 28.9283357 ], [ -13.7728293, 28.9283624 ], [ -13.7727931, 28.9283868 ], [ -13.7727427, 28.928418 ], [ -13.7726904, 28.9284536 ], [ -13.7726561, 28.9284781 ], [ -13.7726135, 28.9285003 ], [ -13.7725826, 28.9285135 ], [ -13.7725125, 28.9285332 ], [ -13.7724539, 28.9285507 ], [ -13.7724044, 28.9285661 ], [ -13.7723665, 28.9285747 ], [ -13.7723002, 28.9285922 ], [ -13.7722442, 28.9286075 ], [ -13.7722017, 28.9286206 ], [ -13.7721818, 28.9286272 ], [ -13.7721418, 28.9286449 ], [ -13.7721084, 28.9286581 ], [ -13.7720877, 28.928667 ], [ -13.7720382, 28.9286823 ], [ -13.7720112, 28.9286866 ], [ -13.7719772, 28.9286908 ], [ -13.7719438, 28.9286972 ], [ -13.7719199, 28.9287038 ], [ -13.7718897, 28.9287126 ], [ -13.7718633, 28.9287236 ], [ -13.7718066, 28.9287479 ], [ -13.7717691, 28.9287679 ], [ -13.7717279, 28.9287878 ], [ -13.771704, 28.9287988 ], [ -13.7716693, 28.9288098 ], [ -13.771567, 28.928836 ], [ -13.7714667, 28.9288666 ], [ -13.7713843, 28.9288907 ], [ -13.7713347, 28.9289105 ], [ -13.7712948, 28.928926 ], [ -13.7712825, 28.9289326 ], [ -13.7712651, 28.9289437 ], [ -13.7712391, 28.9289661 ], [ -13.7712074, 28.9289906 ], [ -13.7711906, 28.9290017 ], [ -13.7711435, 28.9290261 ], [ -13.771099, 28.9290528 ], [ -13.7710557, 28.9290794 ], [ -13.7710169, 28.9291062 ], [ -13.770982, 28.9291307 ], [ -13.7709342, 28.9291618 ], [ -13.7708825, 28.9291974 ], [ -13.7708566, 28.929213 ], [ -13.7708282, 28.9292308 ], [ -13.7707882, 28.929253 ], [ -13.7707579, 28.9292663 ], [ -13.7706838, 28.9292972 ], [ -13.7705956, 28.9293279 ], [ -13.7705718, 28.9293368 ], [ -13.7705108, 28.9293475 ], [ -13.770451, 28.9293582 ], [ -13.7704233, 28.929367 ], [ -13.7703725, 28.9293846 ], [ -13.7703293, 28.9293977 ], [ -13.7702888, 28.9294154 ], [ -13.7702501, 28.9294286 ], [ -13.7702217, 28.9294441 ], [ -13.7701934, 28.9294597 ], [ -13.7701283, 28.9294861 ], [ -13.7700916, 28.9294993 ], [ -13.7700478, 28.9295147 ], [ -13.7700169, 28.9295258 ], [ -13.7699769, 28.9295457 ], [ -13.7699369, 28.9295656 ], [ -13.7698911, 28.9295923 ], [ -13.769844, 28.9296167 ], [ -13.7697994, 28.9296433 ], [ -13.7697664, 28.9296679 ], [ -13.7697108, 28.9297079 ], [ -13.76963, 28.9297613 ], [ -13.7694523, 28.9298838 ], [ -13.7693948, 28.9299194 ], [ -13.7693605, 28.9299416 ], [ -13.7692646, 28.9299746 ], [ -13.7691636, 28.930003 ], [ -13.7690626, 28.9300337 ], [ -13.769015, 28.9300468 ], [ -13.7689643, 28.9300463 ], [ -13.7688888, 28.9300366 ], [ -13.7687761, 28.930022 ], [ -13.7686999, 28.9300146 ], [ -13.7686647, 28.930012 ], [ -13.7686275, 28.9300139 ], [ -13.7685921, 28.9300181 ], [ -13.7685555, 28.9300246 ], [ -13.768502, 28.9300511 ], [ -13.7684175, 28.9300955 ], [ -13.768394, 28.9301314 ], [ -13.7683614, 28.9301762 ], [ -13.7683327, 28.930212 ], [ -13.7683049, 28.9302366 ], [ -13.7682745, 28.9302566 ], [ -13.7682002, 28.9303056 ], [ -13.768122, 28.9303568 ], [ -13.7679799, 28.9304479 ], [ -13.7678914, 28.9305035 ], [ -13.7677551, 28.9305903 ], [ -13.7676317, 28.9306704 ], [ -13.7675301, 28.9306898 ], [ -13.7674735, 28.9307028 ], [ -13.7674227, 28.9307181 ], [ -13.7673228, 28.9307578 ], [ -13.7672287, 28.9308021 ], [ -13.7671481, 28.9308374 ], [ -13.7670759, 28.9308729 ], [ -13.7669798, 28.9309216 ], [ -13.7668895, 28.9309637 ], [ -13.7668456, 28.9309949 ], [ -13.7667848, 28.9310349 ], [ -13.766761, 28.9310482 ], [ -13.7667088, 28.9310658 ], [ -13.7666844, 28.9310723 ], [ -13.7666554, 28.9310766 ], [ -13.7666087, 28.9310739 ], [ -13.7665663, 28.9310735 ], [ -13.7665188, 28.9310821 ], [ -13.7664828, 28.9310931 ], [ -13.7664023, 28.9311194 ], [ -13.7663367, 28.9311414 ], [ -13.7662272, 28.931181 ], [ -13.7661351, 28.9312162 ], [ -13.7660177, 28.9312738 ], [ -13.7659558, 28.9313071 ], [ -13.765866, 28.9313604 ], [ -13.7657722, 28.9314295 ], [ -13.7656938, 28.9314965 ], [ -13.7656511, 28.9315344 ], [ -13.7656136, 28.9315567 ], [ -13.7655801, 28.9315766 ], [ -13.7655387, 28.9316011 ], [ -13.7654904, 28.931621 ], [ -13.7654356, 28.9316475 ], [ -13.7653634, 28.9316762 ], [ -13.7652829, 28.931707 ], [ -13.7652321, 28.9317224 ], [ -13.7651498, 28.9317442 ], [ -13.7650802, 28.9317684 ], [ -13.7649952, 28.9317992 ], [ -13.7649326, 28.9318392 ], [ -13.7648659, 28.9318905 ], [ -13.7648148, 28.9319329 ], [ -13.7647603, 28.9319798 ], [ -13.7646544, 28.9320984 ], [ -13.7645719, 28.9321901 ], [ -13.7644511, 28.9323221 ], [ -13.7643244, 28.9324609 ], [ -13.764229, 28.9325593 ], [ -13.7641939, 28.9325973 ], [ -13.7641548, 28.9326466 ], [ -13.7641314, 28.932678 ], [ -13.7641116, 28.9327251 ], [ -13.7640924, 28.9327701 ], [ -13.7640682, 28.9328127 ], [ -13.7640369, 28.9328576 ], [ -13.7639985, 28.9329069 ], [ -13.7639582, 28.9329539 ], [ -13.7639211, 28.9329987 ], [ -13.7638782, 28.9330479 ], [ -13.7638216, 28.9331173 ], [ -13.7637787, 28.9331666 ], [ -13.7637383, 28.9332226 ], [ -13.76372, 28.933245 ], [ -13.7636824, 28.9332807 ], [ -13.7636488, 28.9333075 ], [ -13.7636229, 28.9333231 ], [ -13.7635798, 28.9333385 ], [ -13.7634969, 28.933358 ], [ -13.7633695, 28.9333884 ], [ -13.7633065, 28.9334059 ], [ -13.7632505, 28.9334234 ], [ -13.7631533, 28.9334564 ], [ -13.7630162, 28.9335003 ], [ -13.7629042, 28.9335376 ], [ -13.7628276, 28.933564 ], [ -13.7628109, 28.9335683 ], [ -13.7627373, 28.9336037 ], [ -13.7626954, 28.9336236 ], [ -13.7626599, 28.9336436 ], [ -13.7626129, 28.933659 ], [ -13.7625273, 28.9336853 ], [ -13.7624623, 28.9337072 ], [ -13.7624334, 28.933716 ], [ -13.7623339, 28.933776 ], [ -13.7622603, 28.9338227 ], [ -13.7622003, 28.933847 ], [ -13.762074, 28.9339045 ], [ -13.762043, 28.9339177 ], [ -13.7619052, 28.9339684 ], [ -13.7618607, 28.9339882 ], [ -13.7618342, 28.9340128 ], [ -13.7617052, 28.9341289 ], [ -13.7615222, 28.9342559 ], [ -13.7613488, 28.9343288 ], [ -13.7612664, 28.9343596 ], [ -13.7611771, 28.934379 ], [ -13.761136, 28.9343855 ], [ -13.7609877, 28.9343931 ], [ -13.7609306, 28.9344039 ], [ -13.7608561, 28.9344145 ], [ -13.7607982, 28.9344252 ], [ -13.7607437, 28.934427 ], [ -13.7606987, 28.934431 ], [ -13.7606353, 28.9344327 ], [ -13.7605718, 28.9344321 ], [ -13.7605141, 28.9344339 ], [ -13.7604435, 28.9344332 ], [ -13.7603897, 28.9344305 ], [ -13.7603212, 28.9344231 ], [ -13.7602687, 28.9344136 ], [ -13.7602272, 28.9343996 ], [ -13.7601525, 28.9343742 ], [ -13.7600733, 28.9343463 ], [ -13.7600446, 28.9343348 ], [ -13.759954, 28.9342933 ], [ -13.7598125, 28.9342288 ], [ -13.7597397, 28.9341966 ], [ -13.7596268, 28.9341482 ], [ -13.7595643, 28.9341205 ], [ -13.759519, 28.9341043 ], [ -13.7594653, 28.934088 ], [ -13.7594263, 28.9340786 ], [ -13.7593969, 28.9340716 ], [ -13.7592881, 28.9340571 ], [ -13.7592209, 28.9340474 ], [ -13.7591535, 28.9340491 ], [ -13.7591054, 28.9340509 ], [ -13.7590515, 28.9340594 ], [ -13.7590245, 28.9340614 ], [ -13.758968, 28.9340654 ], [ -13.7589366, 28.9340651 ], [ -13.7589032, 28.9340716 ], [ -13.7588319, 28.9340822 ], [ -13.758749, 28.934095 ], [ -13.75867, 28.93411 ], [ -13.758596, 28.9341274 ], [ -13.7585298, 28.9341448 ], [ -13.7584397, 28.9341733 ], [ -13.7583831, 28.9341909 ], [ -13.7582968, 28.9342216 ], [ -13.7582079, 28.9342524 ], [ -13.7581235, 28.9342855 ], [ -13.7580417, 28.9343141 ], [ -13.7579869, 28.9343406 ], [ -13.757932, 28.9343717 ], [ -13.7578895, 28.9343894 ], [ -13.7578528, 28.9344026 ], [ -13.7578258, 28.9344091 ], [ -13.7577246, 28.934451 ], [ -13.7576538, 28.9344775 ], [ -13.7576132, 28.9344929 ], [ -13.7575507, 28.9345216 ], [ -13.75751, 28.9345438 ], [ -13.7574671, 28.9345953 ], [ -13.7574215, 28.9346558 ], [ -13.7573811, 28.9347073 ], [ -13.7573375, 28.9347566 ], [ -13.7573168, 28.9347744 ], [ -13.7572942, 28.93479 ], [ -13.7568929, 28.9349442 ], [ -13.7565773, 28.9350632 ], [ -13.7560326, 28.9350829 ], [ -13.7556213, 28.9350611 ], [ -13.7552378, 28.9350079 ], [ -13.7549251, 28.9348832 ], [ -13.7544668, 28.9346578 ], [ -13.7542252, 28.9344345 ], [ -13.7540104, 28.9341076 ], [ -13.7538801, 28.9339101 ], [ -13.753742, 28.9337622 ], [ -13.7535272, 28.9336564 ], [ -13.7533526, 28.9336232 ], [ -13.7531964, 28.9336014 ], [ -13.7529657, 28.9335903 ], [ -13.7527476, 28.933595 ], [ -13.7526187, 28.9335983 ], [ -13.7525591, 28.9335978 ], [ -13.7525264, 28.9335997 ], [ -13.7524803, 28.9335925 ], [ -13.7523682, 28.9335779 ], [ -13.7522908, 28.933566 ], [ -13.7522613, 28.9335657 ], [ -13.7521875, 28.9335695 ], [ -13.7521451, 28.9335781 ], [ -13.7520795, 28.9335956 ], [ -13.7520203, 28.9336108 ], [ -13.7519663, 28.9336216 ], [ -13.751929, 28.9336303 ], [ -13.7518667, 28.9336432 ], [ -13.7518352, 28.933652 ], [ -13.7518069, 28.9336563 ], [ -13.7517529, 28.9336693 ], [ -13.7516873, 28.933689 ], [ -13.7516215, 28.9337132 ], [ -13.7515211, 28.9337506 ], [ -13.7514387, 28.9337814 ], [ -13.7513763, 28.9337989 ], [ -13.7513119, 28.9338163 ], [ -13.7512681, 28.9338295 ], [ -13.7512211, 28.9338449 ], [ -13.751153, 28.9338623 ], [ -13.7510759, 28.9338773 ], [ -13.7510257, 28.9338904 ], [ -13.7509793, 28.9339058 ], [ -13.7508796, 28.9339319 ], [ -13.7508205, 28.9339472 ], [ -13.750758, 28.9339692 ], [ -13.7506537, 28.9340043 ], [ -13.7505841, 28.9340307 ], [ -13.750523, 28.9340504 ], [ -13.7504257, 28.9340856 ], [ -13.7503652, 28.9341054 ], [ -13.7503124, 28.9341252 ], [ -13.7502648, 28.9341405 ], [ -13.750212, 28.9341581 ], [ -13.7501484, 28.9341733 ], [ -13.7500975, 28.9341864 ], [ -13.7500531, 28.9342017 ], [ -13.7499958, 28.9342215 ], [ -13.749898, 28.9342522 ], [ -13.7497885, 28.9342873 ], [ -13.7497081, 28.9343114 ], [ -13.7496573, 28.9343267 ], [ -13.7495756, 28.9343508 ], [ -13.7495158, 28.934366 ], [ -13.7494161, 28.9343854 ], [ -13.7493744, 28.9343872 ], [ -13.7493238, 28.9343822 ], [ -13.7492726, 28.9343728 ], [ -13.749201, 28.9343608 ], [ -13.7491114, 28.9343442 ], [ -13.7490864, 28.934344 ], [ -13.749049, 28.9343571 ], [ -13.748942, 28.9344058 ], [ -13.7487241, 28.9345098 ], [ -13.7485344, 28.9346096 ], [ -13.7483056, 28.9347586 ], [ -13.7482706, 28.9347876 ], [ -13.7481738, 28.9348341 ], [ -13.7479925, 28.9348798 ], [ -13.7477115, 28.9348929 ], [ -13.7474683, 28.9349088 ], [ -13.7471818, 28.9348993 ], [ -13.7468817, 28.9348965 ], [ -13.746579, 28.9349005 ], [ -13.7463438, 28.9348938 ], [ -13.7461412, 28.9348896 ], [ -13.7459361, 28.9348877 ], [ -13.7457913, 28.9348728 ], [ -13.7456969, 28.9348336 ], [ -13.7456013, 28.9347898 ], [ -13.7454683, 28.9347525 ], [ -13.7452654, 28.9346739 ], [ -13.7450234, 28.9345904 ], [ -13.744771, 28.9345136 ], [ -13.7445105, 28.9344232 ], [ -13.7442441, 28.9343395 ], [ -13.7439452, 28.9342419 ], [ -13.743718, 28.9341586 ], [ -13.7434284, 28.934034 ], [ -13.7432603, 28.9339354 ], [ -13.7430717, 28.9337825 ], [ -13.7428501, 28.9336 ], [ -13.7426139, 28.9334105 ], [ -13.7423071, 28.9331684 ], [ -13.7421145, 28.9329794 ], [ -13.7419268, 28.9327543 ], [ -13.7418149, 28.9325682 ], [ -13.7417027, 28.9323551 ], [ -13.7416152, 28.9321106 ], [ -13.7415744, 28.9319365 ], [ -13.7415158, 28.9316877 ], [ -13.7414019, 28.9312963 ], [ -13.741291, 28.9309794 ], [ -13.7412133, 28.9307238 ], [ -13.7411032, 28.9303888 ], [ -13.741035, 28.93014 ], [ -13.7409366, 28.9296382 ], [ -13.7408696, 28.9292901 ], [ -13.7408391, 28.9290552 ], [ -13.740805, 28.9286984 ], [ -13.7408509, 28.9284551 ], [ -13.7409967, 28.9282151 ], [ -13.7412093, 28.9279802 ], [ -13.7414405, 28.9277319 ], [ -13.741681, 28.9275627 ], [ -13.7418914, 28.9273999 ], [ -13.7420757, 28.927167 ], [ -13.7421922, 28.9269673 ], [ -13.7424827, 28.9265932 ], [ -13.7427529, 28.9263002 ], [ -13.742908, 28.9260918 ], [ -13.7431782, 28.925801 ], [ -13.7433336, 28.9255768 ], [ -13.7436707, 28.9251062 ], [ -13.7438744, 28.9247967 ], [ -13.7440679, 28.9245481 ], [ -13.7441385, 28.9244359 ], [ -13.744421, 28.9245085 ], [ -13.7447256, 28.9245542 ], [ -13.7450202, 28.9245818 ], [ -13.7452871, 28.9246181 ], [ -13.7455032, 28.9246134 ], [ -13.7457618, 28.9245481 ], [ -13.746088, 28.9243413 ], [ -13.7463296, 28.924084 ], [ -13.7465139, 28.9237925 ], [ -13.7466136, 28.9234482 ], [ -13.7466557, 28.9230876 ], [ -13.7466503, 28.9227446 ], [ -13.7466451, 28.9223745 ], [ -13.7466792, 28.9219394 ], [ -13.7466542, 28.92082 ], [ -13.7465949, 28.9202081 ], [ -13.7466792, 28.9195365 ], [ -13.7467109, 28.9192999 ], [ -13.746876, 28.9190081 ], [ -13.74711, 28.9185816 ], [ -13.7472761, 28.918256 ], [ -13.747346, 28.9179882 ], [ -13.7474764, 28.9174276 ], [ -13.7475864, 28.9169751 ], [ -13.7475605, 28.9167831 ], [ -13.7473259, 28.9164605 ], [ -13.7468456, 28.9159867 ], [ -13.7464913, 28.9155457 ], [ -13.7461823, 28.9151232 ], [ -13.7458249, 28.914716 ], [ -13.7454483, 28.9143695 ], [ -13.7451654, 28.9141142 ], [ -13.7450095, 28.9139706 ], [ -13.7449242, 28.9139202 ], [ -13.744844, 28.913872 ], [ -13.7447409, 28.9138034 ], [ -13.7446901, 28.9137714 ], [ -13.7446158, 28.9137075 ], [ -13.7445386, 28.9136233 ], [ -13.7444793, 28.9135483 ], [ -13.7444294, 28.9134869 ], [ -13.7443828, 28.9134142 ], [ -13.744321, 28.9133302 ], [ -13.7442499, 28.9132754 ], [ -13.744126, 28.9131772 ], [ -13.7440255, 28.9131109 ], [ -13.743967, 28.9130697 ], [ -13.7439225, 28.9130377 ], [ -13.7438749, 28.9130034 ], [ -13.7438011, 28.9129531 ], [ -13.7437795, 28.9129371 ], [ -13.7437159, 28.9128981 ], [ -13.7436848, 28.9128775 ], [ -13.7436161, 28.9128318 ], [ -13.7435893, 28.9128157 ], [ -13.7435352, 28.9127836 ], [ -13.7434671, 28.9127424 ], [ -13.743406, 28.912708 ], [ -13.7433367, 28.9126622 ], [ -13.7432795, 28.9126233 ], [ -13.7432317, 28.9125913 ], [ -13.7431696, 28.9125388 ], [ -13.743153, 28.9125251 ], [ -13.7431017, 28.9124795 ], [ -13.7430656, 28.9124453 ], [ -13.7430129, 28.9123997 ], [ -13.7429475, 28.912345 ], [ -13.7429069, 28.9123152 ], [ -13.7428771, 28.9122856 ], [ -13.7428378, 28.9122514 ], [ -13.7427718, 28.9121966 ], [ -13.7427284, 28.9121714 ], [ -13.7426775, 28.9121461 ], [ -13.7427067, 28.9121148 ], [ -13.7427243, 28.9120879 ], [ -13.7427602, 28.9120341 ], [ -13.7427903, 28.9119847 ], [ -13.7428106, 28.9119488 ], [ -13.7428545, 28.911877 ], [ -13.7428859, 28.9118232 ], [ -13.7429245, 28.9117514 ], [ -13.7429547, 28.9116975 ], [ -13.7429745, 28.9116525 ], [ -13.7429949, 28.9116098 ], [ -13.743014, 28.9115604 ], [ -13.7430213, 28.9115379 ], [ -13.7430575, 28.9114638 ], [ -13.7430819, 28.9114054 ], [ -13.7431071, 28.9113424 ], [ -13.7431296, 28.911284 ], [ -13.7431355, 28.911266 ], [ -13.7431678, 28.9111963 ], [ -13.7431988, 28.9111199 ], [ -13.7432147, 28.9110817 ], [ -13.7432383, 28.9110323 ], [ -13.743292, 28.910947 ], [ -13.7433292, 28.9108887 ], [ -13.7433586, 28.9108416 ], [ -13.7434199, 28.9107542 ], [ -13.7434956, 28.9106443 ], [ -13.7435406, 28.9105793 ], [ -13.7436052, 28.9104852 ], [ -13.7436425, 28.9104291 ], [ -13.7436594, 28.9104067 ], [ -13.7437121, 28.9103395 ], [ -13.7437427, 28.9102992 ], [ -13.7437929, 28.9102342 ], [ -13.74383, 28.9101849 ], [ -13.7438771, 28.9101109 ], [ -13.7439256, 28.9100189 ], [ -13.7439367, 28.9100009 ], [ -13.7439869, 28.9099292 ], [ -13.7439922, 28.9099202 ], [ -13.7440181, 28.909846 ], [ -13.744038, 28.9097898 ], [ -13.7440466, 28.909765 ], [ -13.7440684, 28.9097134 ], [ -13.7441027, 28.909637 ], [ -13.7441415, 28.9095516 ], [ -13.7441653, 28.9094931 ], [ -13.7441955, 28.9094348 ], [ -13.7442237, 28.9093764 ], [ -13.7442499, 28.9092751 ], [ -13.7442602, 28.9092188 ], [ -13.7442691, 28.909176 ], [ -13.7442782, 28.9091152 ], [ -13.7442831, 28.9090791 ], [ -13.7442837, 28.9090272 ], [ -13.7442799, 28.9089685 ], [ -13.7442736, 28.9089053 ], [ -13.7442615, 28.9088533 ], [ -13.7442423, 28.9087899 ], [ -13.7442096, 28.9086904 ], [ -13.7441872, 28.9086337 ], [ -13.7441848, 28.9086202 ], [ -13.7441782, 28.9085795 ], [ -13.7441831, 28.9085502 ], [ -13.7441928, 28.9084849 ], [ -13.7442072, 28.9084579 ], [ -13.7442234, 28.90844 ], [ -13.7442842, 28.9084022 ], [ -13.7442997, 28.9083911 ], [ -13.7443191, 28.9083755 ], [ -13.7443307, 28.9083666 ], [ -13.7443561, 28.9083397 ], [ -13.7443808, 28.9083084 ], [ -13.744405, 28.9082703 ], [ -13.7444161, 28.9082523 ], [ -13.7444311, 28.9082276 ], [ -13.7444579, 28.9081918 ], [ -13.7444809, 28.9081469 ], [ -13.7445216, 28.908066 ], [ -13.7445393, 28.9080323 ], [ -13.7445512, 28.9080009 ], [ -13.7445754, 28.9079582 ], [ -13.7445957, 28.9079246 ], [ -13.7446154, 28.9078841 ], [ -13.7446383, 28.9078437 ], [ -13.74464, 28.9078167 ], [ -13.7446399, 28.9077693 ], [ -13.7446379, 28.9077219 ], [ -13.7446371, 28.9076813 ], [ -13.7446364, 28.9076294 ], [ -13.7446357, 28.907582 ], [ -13.744635, 28.9075369 ], [ -13.7446303, 28.9074962 ], [ -13.7446219, 28.9074533 ], [ -13.744619, 28.9074262 ], [ -13.7446153, 28.9073607 ], [ -13.7446146, 28.9073111 ], [ -13.7446158, 28.9072704 ], [ -13.7446138, 28.9072231 ], [ -13.7445862, 28.9072228 ], [ -13.7445585, 28.9071797 ], [ -13.7445239, 28.9071229 ], [ -13.744485, 28.9070594 ], [ -13.7444498, 28.9070004 ], [ -13.744408, 28.9069075 ], [ -13.7443659, 28.9068282 ], [ -13.7443416, 28.9067738 ], [ -13.7443191, 28.9067239 ], [ -13.7443038, 28.9066651 ], [ -13.7442913, 28.9065838 ], [ -13.7442785, 28.9064821 ], [ -13.7442758, 28.9064393 ], [ -13.7442704, 28.9064076 ], [ -13.7442683, 28.9063647 ], [ -13.7442619, 28.9063105 ], [ -13.7442533, 28.9062811 ], [ -13.7442327, 28.9062313 ], [ -13.7441697, 28.906093 ], [ -13.7441547, 28.9060613 ], [ -13.7441238, 28.9060137 ], [ -13.7440975, 28.905966 ], [ -13.7440034, 28.9058456 ], [ -13.743982, 28.9058183 ], [ -13.7439499, 28.9057661 ], [ -13.7438808, 28.9056526 ], [ -13.743867, 28.9056277 ], [ -13.7438435, 28.9055553 ], [ -13.7438333, 28.9054988 ], [ -13.7438319, 28.9054536 ], [ -13.7438368, 28.9054221 ], [ -13.7438417, 28.9053838 ], [ -13.7438699, 28.9052735 ], [ -13.7438754, 28.905242 ], [ -13.7438784, 28.9052104 ], [ -13.7438817, 28.9051495 ], [ -13.7438844, 28.9050841 ], [ -13.7438877, 28.9050255 ], [ -13.7438922, 28.9049669 ], [ -13.7438956, 28.9049037 ], [ -13.7438954, 28.9048089 ], [ -13.7438912, 28.9047909 ], [ -13.7438824, 28.9047705 ], [ -13.7438637, 28.9047274 ], [ -13.743853, 28.9047138 ], [ -13.7438468, 28.9046957 ], [ -13.7438406, 28.9046189 ], [ -13.7438374, 28.9045715 ], [ -13.7438331, 28.9044451 ], [ -13.7438315, 28.9044225 ], [ -13.7438223, 28.9043841 ], [ -13.7438085, 28.9043614 ], [ -13.7437903, 28.9043319 ], [ -13.7437391, 28.9042683 ], [ -13.7437113, 28.9042364 ], [ -13.743627, 28.9041567 ], [ -13.743577, 28.9041043 ], [ -13.743551, 28.904077 ], [ -13.7435252, 28.9040361 ], [ -13.7434587, 28.9039182 ], [ -13.7434374, 28.9038774 ], [ -13.7433813, 28.9037505 ], [ -13.7433563, 28.9036894 ], [ -13.7433414, 28.9036554 ], [ -13.7432843, 28.9035511 ], [ -13.743261, 28.9035125 ], [ -13.7432175, 28.9034511 ], [ -13.7431456, 28.903358 ], [ -13.7431134, 28.9033193 ], [ -13.7430849, 28.903292 ], [ -13.7430242, 28.9032215 ], [ -13.7429996, 28.9031851 ], [ -13.7429645, 28.9031216 ], [ -13.7429331, 28.9030627 ], [ -13.7429063, 28.9029992 ], [ -13.7428819, 28.9029494 ], [ -13.7428693, 28.9029357 ], [ -13.7428198, 28.9028428 ], [ -13.7427959, 28.9027997 ], [ -13.7427439, 28.9026976 ], [ -13.7427163, 28.90265 ], [ -13.7426904, 28.9026227 ], [ -13.7426747, 28.9025977 ], [ -13.7426363, 28.9025342 ], [ -13.7426095, 28.902473 ], [ -13.7425835, 28.9023916 ], [ -13.7425809, 28.9023487 ], [ -13.742589, 28.9023081 ], [ -13.7425957, 28.9022856 ], [ -13.742562, 28.902265 ], [ -13.7425056, 28.9022103 ], [ -13.7424905, 28.9021854 ], [ -13.7424481, 28.9020925 ], [ -13.7424359, 28.9020427 ], [ -13.7424226, 28.9019681 ], [ -13.7424173, 28.9019365 ], [ -13.7424109, 28.9018304 ], [ -13.7424101, 28.9017357 ], [ -13.7424134, 28.9016748 ], [ -13.7424079, 28.9015439 ], [ -13.7423817, 28.9014263 ], [ -13.742343, 28.9013424 ], [ -13.7422846, 28.9012404 ], [ -13.742223, 28.9011382 ], [ -13.7420884, 28.9009272 ], [ -13.7419954, 28.9007706 ], [ -13.7419072, 28.9006435 ], [ -13.7417891, 28.9004957 ], [ -13.7417106, 28.9004205 ], [ -13.7416867, 28.9004293 ], [ -13.7416826, 28.9004541 ], [ -13.7416931, 28.9004858 ], [ -13.7417246, 28.9005357 ], [ -13.7417236, 28.9005605 ], [ -13.7417024, 28.9005671 ], [ -13.7416755, 28.9005668 ], [ -13.7416328, 28.9005461 ], [ -13.7416135, 28.9005459 ], [ -13.7416082, 28.9005617 ], [ -13.7416131, 28.9005843 ], [ -13.7416395, 28.9006251 ], [ -13.7416501, 28.9006523 ], [ -13.741653, 28.9006727 ], [ -13.741638, 28.9006951 ], [ -13.7416071, 28.9007128 ], [ -13.7415775, 28.9007216 ], [ -13.7415396, 28.9007212 ], [ -13.7415062, 28.9007299 ], [ -13.7414771, 28.9007477 ], [ -13.7414493, 28.9007745 ], [ -13.7414289, 28.9008172 ], [ -13.7414169, 28.9008532 ], [ -13.7414019, 28.9009253 ], [ -13.7413813, 28.900986 ], [ -13.741365, 28.9010084 ], [ -13.7413498, 28.9010466 ], [ -13.7413403, 28.9010917 ], [ -13.7413406, 28.9011232 ], [ -13.7413721, 28.9011642 ], [ -13.7413834, 28.9011846 ], [ -13.7413931, 28.9012343 ], [ -13.7413895, 28.9012658 ], [ -13.7413507, 28.901349 ], [ -13.7413149, 28.9013937 ], [ -13.7412228, 28.9014764 ], [ -13.7411764, 28.9015053 ], [ -13.7411538, 28.9015141 ], [ -13.7411083, 28.9015159 ], [ -13.7410793, 28.9015269 ], [ -13.7410339, 28.9015694 ], [ -13.7409625, 28.9016476 ], [ -13.7409288, 28.9016744 ], [ -13.7408972, 28.9016944 ], [ -13.7408636, 28.9017099 ], [ -13.7408309, 28.9017164 ], [ -13.7408072, 28.9017184 ], [ -13.7407942, 28.9017296 ], [ -13.7407653, 28.9017857 ], [ -13.7407572, 28.9018217 ], [ -13.7407557, 28.9018894 ], [ -13.7407686, 28.9019866 ], [ -13.7407694, 28.9020791 ], [ -13.7407576, 28.9021038 ], [ -13.740733, 28.9021284 ], [ -13.7406812, 28.9021708 ], [ -13.7406415, 28.9022132 ], [ -13.7406394, 28.9022335 ], [ -13.740661, 28.9023037 ], [ -13.7406638, 28.902333 ], [ -13.7406609, 28.9024165 ], [ -13.7406542, 28.9024345 ], [ -13.7406407, 28.9024456 ], [ -13.7406233, 28.9024545 ], [ -13.7405931, 28.902461 ], [ -13.7405642, 28.9024607 ], [ -13.740504, 28.9024556 ], [ -13.7403787, 28.9024319 ], [ -13.7403248, 28.9024291 ], [ -13.7403145, 28.9024381 ], [ -13.7403014, 28.9024605 ], [ -13.7403017, 28.9024898 ], [ -13.7403206, 28.9025126 ], [ -13.7403778, 28.9025537 ], [ -13.7403981, 28.9025765 ], [ -13.7404099, 28.9026059 ], [ -13.7404128, 28.9026308 ], [ -13.7403939, 28.9026531 ], [ -13.7403784, 28.902662 ], [ -13.7403367, 28.9026706 ], [ -13.7403148, 28.9026795 ], [ -13.7402267, 28.9027012 ], [ -13.740169, 28.9027007 ], [ -13.7401038, 28.9026865 ], [ -13.7400622, 28.9026816 ], [ -13.7399776, 28.9026808 ], [ -13.7399454, 28.9026941 ], [ -13.7399208, 28.9027141 ], [ -13.7399032, 28.9027388 ], [ -13.739872, 28.9027701 ], [ -13.7398482, 28.9027834 ], [ -13.739798, 28.9027942 ], [ -13.7397676, 28.9028143 ], [ -13.739743, 28.9028366 ], [ -13.7397196, 28.9028634 ], [ -13.7396659, 28.9029126 ], [ -13.7396431, 28.9029417 ], [ -13.7396204, 28.9029573 ], [ -13.7395922, 28.9029615 ], [ -13.7395641, 28.9029522 ], [ -13.739534, 28.9029474 ], [ -13.7395096, 28.9029495 ], [ -13.7394991, 28.9029697 ], [ -13.7394956, 28.9029967 ], [ -13.7394972, 28.9030215 ], [ -13.7395033, 28.9030487 ], [ -13.7395094, 28.9031232 ], [ -13.7395077, 28.9032157 ], [ -13.7395055, 28.9032901 ], [ -13.7395148, 28.9033173 ], [ -13.7395293, 28.9033422 ], [ -13.7395672, 28.903381 ], [ -13.7396197, 28.9034424 ], [ -13.7396429, 28.9034877 ], [ -13.7396461, 28.9035396 ], [ -13.7396335, 28.9035734 ], [ -13.739603, 28.9036069 ], [ -13.7395847, 28.9036315 ], [ -13.7395655, 28.9036855 ], [ -13.7395606, 28.9037148 ], [ -13.7395629, 28.9037419 ], [ -13.7395748, 28.9037646 ], [ -13.7396078, 28.9037897 ], [ -13.7396393, 28.9038306 ], [ -13.7396814, 28.90391 ], [ -13.7396634, 28.9039594 ], [ -13.7396153, 28.9040718 ], [ -13.7395771, 28.9041572 ], [ -13.7395541, 28.9041998 ], [ -13.7395044, 28.9042851 ], [ -13.7394749, 28.9043344 ], [ -13.7394152, 28.9044016 ], [ -13.7393858, 28.9044419 ], [ -13.7393233, 28.9045203 ], [ -13.7392368, 28.9046278 ], [ -13.7391484, 28.9047263 ], [ -13.7390823, 28.9047843 ], [ -13.7390051, 28.9048625 ], [ -13.7389105, 28.9049496 ], [ -13.7388054, 28.9050525 ], [ -13.7387278, 28.9051104 ], [ -13.73863, 28.9051862 ], [ -13.7385355, 28.905262 ], [ -13.7384346, 28.9053378 ], [ -13.7384165, 28.9053534 ], [ -13.7383674, 28.9053823 ], [ -13.7382859, 28.9054447 ], [ -13.738174, 28.9055294 ], [ -13.7380756, 28.9056074 ], [ -13.738051, 28.905623 ], [ -13.7379637, 28.9056853 ], [ -13.7378695, 28.9057431 ], [ -13.7377808, 28.90581 ], [ -13.7376756, 28.9058744 ], [ -13.7375826, 28.9059254 ], [ -13.7374658, 28.9059875 ], [ -13.7373749, 28.9060318 ], [ -13.73733, 28.9060359 ], [ -13.7372792, 28.9060535 ], [ -13.7371757, 28.9061247 ], [ -13.7371329, 28.9061694 ], [ -13.7370563, 28.9062432 ], [ -13.7370472, 28.9062611 ], [ -13.7370334, 28.9062858 ], [ -13.7370155, 28.9063375 ], [ -13.7370066, 28.9063826 ], [ -13.7369974, 28.9064028 ], [ -13.7369636, 28.9064386 ], [ -13.7369099, 28.9064764 ], [ -13.7368253, 28.9065275 ], [ -13.7367323, 28.9065853 ], [ -13.7366412, 28.9066454 ], [ -13.7365611, 28.906701 ], [ -13.7364739, 28.9067566 ], [ -13.7364093, 28.9067921 ], [ -13.73631, 28.9068453 ], [ -13.7362209, 28.9068919 ], [ -13.7361313, 28.9069361 ], [ -13.7361042, 28.9069494 ], [ -13.7360321, 28.9069713 ], [ -13.7359356, 28.907002 ], [ -13.7358449, 28.907026 ], [ -13.7357985, 28.9070503 ], [ -13.7356992, 28.9070968 ], [ -13.7356001, 28.907132 ], [ -13.7355307, 28.9071471 ], [ -13.7354682, 28.9071691 ], [ -13.7354129, 28.9071821 ], [ -13.7353063, 28.9072059 ], [ -13.7352374, 28.9072233 ], [ -13.7351244, 28.9072426 ], [ -13.7350269, 28.9072484 ], [ -13.7349376, 28.9072634 ], [ -13.7348585, 28.9072784 ], [ -13.7347475, 28.9072909 ], [ -13.7346866, 28.9072903 ], [ -13.7345765, 28.907278 ], [ -13.7344645, 28.9072634 ], [ -13.7343583, 28.9072489 ], [ -13.7342956, 28.9072348 ], [ -13.7342029, 28.9072159 ], [ -13.734091, 28.90719 ], [ -13.7339902, 28.9071552 ], [ -13.7339019, 28.9071363 ], [ -13.7338553, 28.9071201 ], [ -13.7337578, 28.9070808 ], [ -13.7336728, 28.9070507 ], [ -13.7335647, 28.9070361 ], [ -13.7334552, 28.9070216 ], [ -13.7333483, 28.9070138 ], [ -13.733279, 28.9070199 ], [ -13.7331721, 28.9070031 ], [ -13.7331376, 28.9069938 ], [ -13.7331046, 28.9069754 ], [ -13.733032, 28.9069273 ], [ -13.7329375, 28.9068971 ], [ -13.7328315, 28.9068645 ], [ -13.7327716, 28.9068391 ], [ -13.7327415, 28.9068321 ], [ -13.7327275, 28.9068297 ], [ -13.7326701, 28.9067998 ], [ -13.7325784, 28.9067538 ], [ -13.7325165, 28.906733 ], [ -13.7324782, 28.9067168 ], [ -13.7323806, 28.9066775 ], [ -13.7322926, 28.9066406 ], [ -13.7322254, 28.9066287 ], [ -13.7321218, 28.9066119 ], [ -13.7320157, 28.9065816 ], [ -13.7319052, 28.9065535 ], [ -13.7318029, 28.9065322 ], [ -13.7317127, 28.9065156 ], [ -13.7315995, 28.9064987 ], [ -13.7314855, 28.9064841 ], [ -13.7313784, 28.9064853 ], [ -13.7312773, 28.9064731 ], [ -13.7311712, 28.9064496 ], [ -13.7310709, 28.9064215 ], [ -13.7309706, 28.9063913 ], [ -13.7308772, 28.9063768 ], [ -13.7308291, 28.9063764 ], [ -13.7307574, 28.9063689 ], [ -13.7307045, 28.9063459 ], [ -13.7306394, 28.9063205 ], [ -13.7306127, 28.9063044 ], [ -13.7305904, 28.9062906 ], [ -13.7305325, 28.9062563 ], [ -13.7304894, 28.9062152 ], [ -13.7304412, 28.9061719 ], [ -13.7303462, 28.9061304 ], [ -13.7303124, 28.9061188 ], [ -13.7302888, 28.9061073 ], [ -13.7302737, 28.9060846 ], [ -13.7302567, 28.9060574 ], [ -13.7302256, 28.9060368 ], [ -13.7301974, 28.906032 ], [ -13.7300925, 28.9060152 ], [ -13.7299888, 28.906003 ], [ -13.7298857, 28.9059907 ], [ -13.7298094, 28.9059922 ], [ -13.7297567, 28.9060075 ], [ -13.7296524, 28.9060449 ], [ -13.7295868, 28.9060601 ], [ -13.729478, 28.9060478 ], [ -13.7294323, 28.9060654 ], [ -13.7293903, 28.9060943 ], [ -13.7293029, 28.9061634 ], [ -13.7292126, 28.9062122 ], [ -13.7291159, 28.9062542 ], [ -13.7290085, 28.906287 ], [ -13.7289628, 28.9062934 ], [ -13.7288854, 28.9062858 ], [ -13.7287702, 28.9062712 ], [ -13.7286678, 28.9062545 ], [ -13.7285584, 28.9062376 ], [ -13.7285282, 28.9062419 ], [ -13.7284585, 28.9062795 ], [ -13.7283883, 28.9063037 ], [ -13.7282823, 28.9063275 ], [ -13.7281762, 28.9063581 ], [ -13.7281344, 28.906369 ], [ -13.7280595, 28.9063593 ], [ -13.7280326, 28.906359 ], [ -13.7279606, 28.9063719 ], [ -13.7278677, 28.9064207 ], [ -13.7277812, 28.9064672 ], [ -13.7276788, 28.9065091 ], [ -13.7275809, 28.9065443 ], [ -13.7274959, 28.9065773 ], [ -13.7274475, 28.9066062 ], [ -13.7273827, 28.9066665 ], [ -13.727303, 28.9067357 ], [ -13.7272348, 28.906805 ], [ -13.7271628, 28.9068743 ], [ -13.7270833, 28.9069231 ], [ -13.7270345, 28.9069385 ], [ -13.7269787, 28.9069379 ], [ -13.7269574, 28.906949 ], [ -13.7269114, 28.9069892 ], [ -13.7268872, 28.9070273 ], [ -13.7268423, 28.907081 ], [ -13.7267822, 28.9071279 ], [ -13.7267007, 28.9071858 ], [ -13.7266147, 28.9072414 ], [ -13.7265301, 28.9072924 ], [ -13.7264449, 28.9073458 ], [ -13.7263544, 28.9074036 ], [ -13.726288, 28.9074346 ], [ -13.7262184, 28.9074632 ], [ -13.7261148, 28.9075006 ], [ -13.7260321, 28.9075495 ], [ -13.7259922, 28.9075649 ], [ -13.7259626, 28.9075759 ], [ -13.7258818, 28.9076293 ], [ -13.7258515, 28.9076425 ], [ -13.7257654, 28.9076552 ], [ -13.72575, 28.9076641 ], [ -13.7256538, 28.9077173 ], [ -13.725612, 28.907726 ], [ -13.7255798, 28.9077392 ], [ -13.7255365, 28.9077704 ], [ -13.7254979, 28.9078332 ], [ -13.7254807, 28.9078737 ], [ -13.7254513, 28.907923 ], [ -13.7254149, 28.9080129 ], [ -13.7254054, 28.908058 ], [ -13.7253869, 28.9081051 ], [ -13.7253428, 28.9081431 ], [ -13.7253144, 28.9081586 ], [ -13.7252495, 28.9081715 ], [ -13.7251736, 28.9081911 ], [ -13.7250744, 28.908233 ], [ -13.7250426, 28.9082621 ], [ -13.7250055, 28.9083114 ], [ -13.7249995, 28.9083271 ], [ -13.7249817, 28.9084194 ], [ -13.7249468, 28.9085003 ], [ -13.7249156, 28.9085339 ], [ -13.724871, 28.9085605 ], [ -13.7248331, 28.9085715 ], [ -13.7247807, 28.908607 ], [ -13.7247389, 28.9086157 ], [ -13.7246947, 28.9086175 ], [ -13.724633, 28.9086327 ], [ -13.7245756, 28.9086593 ], [ -13.7245601, 28.9086636 ], [ -13.7244571, 28.9086514 ], [ -13.7244384, 28.9086557 ], [ -13.7243964, 28.9086892 ], [ -13.7243747, 28.9087341 ], [ -13.7243546, 28.908752 ], [ -13.7242955, 28.9087604 ], [ -13.7242832, 28.9087716 ], [ -13.7242766, 28.9087895 ], [ -13.7242363, 28.9088343 ], [ -13.7241719, 28.9089126 ], [ -13.7241144, 28.9089956 ], [ -13.7240577, 28.909074 ], [ -13.7240047, 28.9091593 ], [ -13.7239597, 28.909222 ], [ -13.7239358, 28.9092353 ], [ -13.7238985, 28.9092485 ], [ -13.7238754, 28.9092505 ], [ -13.7238089, 28.909286 ], [ -13.7237794, 28.9092925 ], [ -13.7237094, 28.9093008 ], [ -13.7236901, 28.9093074 ], [ -13.7236833, 28.9093412 ], [ -13.7237051, 28.9093911 ], [ -13.723706, 28.9094181 ], [ -13.7236952, 28.9094609 ], [ -13.7236768, 28.9095058 ], [ -13.7236397, 28.9095461 ], [ -13.7236178, 28.9095572 ], [ -13.7235669, 28.9095793 ], [ -13.7235035, 28.9096238 ], [ -13.7234555, 28.9096707 ], [ -13.7234241, 28.9097201 ], [ -13.7233985, 28.909774 ], [ -13.7233251, 28.9098522 ], [ -13.7232775, 28.9099127 ], [ -13.7232398, 28.9099552 ], [ -13.723212, 28.909982 ], [ -13.723176, 28.9100404 ], [ -13.7231077, 28.9101209 ], [ -13.7230926, 28.9101501 ], [ -13.7230793, 28.9102357 ], [ -13.7230814, 28.9103305 ], [ -13.7230771, 28.9103688 ], [ -13.723056, 28.910416 ], [ -13.7230469, 28.9104249 ], [ -13.7230049, 28.9104516 ], [ -13.722964, 28.9104918 ], [ -13.7229167, 28.9105342 ], [ -13.7228728, 28.9105632 ], [ -13.7228252, 28.910574 ], [ -13.7227795, 28.9105848 ], [ -13.7227511, 28.9106049 ], [ -13.7227181, 28.9106316 ], [ -13.7226966, 28.910654 ], [ -13.7226475, 28.9106851 ], [ -13.7226141, 28.9106961 ], [ -13.7225587, 28.9107136 ], [ -13.7225003, 28.9107221 ], [ -13.7224023, 28.9107099 ], [ -13.7223551, 28.9106936 ], [ -13.7222905, 28.9106863 ], [ -13.7222756, 28.9106929 ], [ -13.7222462, 28.9106903 ], [ -13.7222282, 28.9106947 ], [ -13.7221837, 28.9107168 ], [ -13.7221456, 28.9107345 ], [ -13.7220718, 28.9107925 ], [ -13.7219896, 28.9108639 ], [ -13.7219216, 28.9109174 ], [ -13.7218969, 28.9109465 ], [ -13.7218855, 28.9109848 ], [ -13.7218767, 28.9110208 ], [ -13.7218256, 28.9110586 ], [ -13.7217915, 28.9110764 ], [ -13.7217438, 28.9110894 ], [ -13.7217098, 28.9110959 ], [ -13.7216789, 28.9111069 ], [ -13.7216595, 28.9111225 ], [ -13.7216228, 28.9111853 ], [ -13.7215936, 28.9112121 ], [ -13.7215504, 28.9112343 ], [ -13.7214527, 28.9112559 ], [ -13.7214217, 28.9112691 ], [ -13.7213655, 28.9113047 ], [ -13.7212979, 28.9113311 ], [ -13.7212243, 28.9113733 ], [ -13.7211997, 28.9113934 ], [ -13.7211788, 28.9114248 ], [ -13.7211733, 28.9114518 ], [ -13.7211629, 28.9114675 ], [ -13.7211215, 28.9114964 ], [ -13.7210597, 28.9115206 ], [ -13.720998, 28.9115291 ], [ -13.7209283, 28.9115194 ], [ -13.7208979, 28.9114898 ], [ -13.720873, 28.9114782 ], [ -13.7208339, 28.9114756 ], [ -13.7208095, 28.9114844 ], [ -13.720781, 28.9115022 ], [ -13.7207316, 28.9115085 ], [ -13.7206871, 28.9115284 ], [ -13.7205812, 28.9115387 ], [ -13.7204915, 28.9115378 ], [ -13.7204342, 28.9115553 ], [ -13.7203783, 28.9115661 ], [ -13.720312, 28.9115902 ], [ -13.7202169, 28.9116097 ], [ -13.7201198, 28.9116313 ], [ -13.720078, 28.9116422 ], [ -13.7200331, 28.9116485 ], [ -13.7199932, 28.9116572 ], [ -13.7198819, 28.9116426 ], [ -13.7198243, 28.9116307 ], [ -13.7197636, 28.9116144 ], [ -13.7197098, 28.9116094 ], [ -13.7195935, 28.9116286 ], [ -13.7195454, 28.9116349 ], [ -13.7195113, 28.9116436 ], [ -13.7194881, 28.9116524 ], [ -13.7194597, 28.9116702 ], [ -13.719399, 28.9117079 ], [ -13.7193828, 28.9117145 ], [ -13.7193527, 28.9117142 ], [ -13.7193125, 28.9117048 ], [ -13.7192896, 28.9116866 ], [ -13.7192563, 28.911684 ], [ -13.7192196, 28.9116972 ], [ -13.7192034, 28.9117128 ], [ -13.719194, 28.9117466 ], [ -13.7191803, 28.9117668 ], [ -13.7191466, 28.9117958 ], [ -13.7191041, 28.9118112 ], [ -13.7190874, 28.9118155 ], [ -13.7190533, 28.9118265 ], [ -13.719018, 28.9118284 ], [ -13.7189604, 28.9118211 ], [ -13.7188832, 28.9118384 ], [ -13.7188524, 28.9118403 ], [ -13.7187887, 28.9118646 ], [ -13.7187429, 28.9118889 ], [ -13.7187142, 28.9119293 ], [ -13.7186887, 28.9119696 ], [ -13.7186761, 28.9120011 ], [ -13.7186618, 28.9120213 ], [ -13.7186236, 28.9120458 ], [ -13.7185423, 28.9120901 ], [ -13.7184746, 28.9121233 ], [ -13.7184468, 28.9121388 ], [ -13.7183777, 28.9121833 ], [ -13.7182842, 28.9122298 ], [ -13.7182442, 28.9122497 ], [ -13.718147, 28.9122781 ], [ -13.7180924, 28.9122889 ], [ -13.7180195, 28.9122792 ], [ -13.717953, 28.9122582 ], [ -13.7179089, 28.9122533 ], [ -13.7178761, 28.9122597 ], [ -13.7178141, 28.9122953 ], [ -13.7177637, 28.9123264 ], [ -13.7177115, 28.9123484 ], [ -13.7176584, 28.9123389 ], [ -13.7176393, 28.9123297 ], [ -13.7176015, 28.9123248 ], [ -13.7175656, 28.912329 ], [ -13.7175173, 28.9123466 ], [ -13.7174839, 28.9123508 ], [ -13.7173943, 28.9123409 ], [ -13.7173662, 28.9123339 ], [ -13.7173348, 28.9123358 ], [ -13.7173142, 28.9123401 ], [ -13.7172935, 28.9123557 ], [ -13.7172744, 28.9123984 ], [ -13.7172087, 28.9124745 ], [ -13.7171762, 28.9125125 ], [ -13.717166, 28.9125576 ], [ -13.7171503, 28.9126341 ], [ -13.7171244, 28.9126564 ], [ -13.7170747, 28.9126808 ], [ -13.7169698, 28.9127159 ], [ -13.716939, 28.9127156 ], [ -13.716836, 28.9127011 ], [ -13.7168141, 28.9127054 ], [ -13.7167826, 28.9127209 ], [ -13.7167444, 28.9127476 ], [ -13.7167232, 28.9127542 ], [ -13.7166749, 28.9127672 ], [ -13.7166324, 28.9127804 ], [ -13.7166138, 28.9127847 ], [ -13.7166034, 28.9127936 ], [ -13.7165936, 28.9128093 ], [ -13.7165895, 28.9128341 ], [ -13.7165811, 28.9128882 ], [ -13.7165624, 28.912897 ], [ -13.7165296, 28.9129057 ], [ -13.716475, 28.9129165 ], [ -13.7163584, 28.9129041 ], [ -13.7163064, 28.9129172 ], [ -13.7162799, 28.912935 ], [ -13.7162323, 28.9129458 ], [ -13.7161687, 28.9129564 ], [ -13.7161444, 28.9129517 ], [ -13.7160596, 28.9129667 ], [ -13.7160193, 28.912964 ], [ -13.7159719, 28.9129568 ], [ -13.7159254, 28.9129361 ], [ -13.7158767, 28.9129334 ], [ -13.7158574, 28.9129377 ], [ -13.7158251, 28.9129554 ], [ -13.7158161, 28.9129621 ], [ -13.71576, 28.9129819 ], [ -13.7157382, 28.9129839 ], [ -13.7156339, 28.9129694 ], [ -13.715616, 28.912967 ], [ -13.7155819, 28.9129712 ], [ -13.7155627, 28.9129732 ], [ -13.7155118, 28.9129908 ], [ -13.715439, 28.9130217 ], [ -13.7153777, 28.9130504 ], [ -13.7153108, 28.9130746 ], [ -13.7152661, 28.913108 ], [ -13.7152208, 28.9131459 ], [ -13.7151757, 28.9131636 ], [ -13.7151076, 28.9131765 ], [ -13.7150614, 28.9131783 ], [ -13.71501, 28.9131891 ], [ -13.7149824, 28.9131933 ], [ -13.7149107, 28.9131814 ], [ -13.7148896, 28.9131812 ], [ -13.7148573, 28.9132011 ], [ -13.7148353, 28.9132167 ], [ -13.7147991, 28.913239 ], [ -13.7147374, 28.9132542 ], [ -13.7146756, 28.9132761 ], [ -13.7146121, 28.9132801 ], [ -13.7145001, 28.9132654 ], [ -13.7144553, 28.9132605 ], [ -13.7144399, 28.9132603 ], [ -13.7143961, 28.9132734 ], [ -13.7143599, 28.9133002 ], [ -13.7143151, 28.9133494 ], [ -13.7142556, 28.9133894 ], [ -13.714193, 28.9134227 ], [ -13.7141724, 28.9134293 ], [ -13.7141518, 28.9134313 ], [ -13.7140911, 28.9134217 ], [ -13.714072, 28.9134103 ], [ -13.7140392, 28.9134145 ], [ -13.7140295, 28.9134211 ], [ -13.7139906, 28.9134591 ], [ -13.7139683, 28.9134973 ], [ -13.713944, 28.9135489 ], [ -13.7139063, 28.9135869 ], [ -13.7138335, 28.9136155 ], [ -13.7137826, 28.9136376 ], [ -13.7136783, 28.9136772 ], [ -13.7136127, 28.9136901 ], [ -13.7135915, 28.9136922 ], [ -13.713539, 28.9136872 ], [ -13.7135236, 28.9136893 ], [ -13.7134605, 28.9137157 ], [ -13.7133664, 28.9137555 ], [ -13.713265, 28.9138177 ], [ -13.7132115, 28.9138397 ], [ -13.7131518, 28.9138505 ], [ -13.7130697, 28.9138519 ], [ -13.7130076, 28.9138446 ], [ -13.7129446, 28.9138552 ], [ -13.7129111, 28.9138685 ], [ -13.7128349, 28.9139129 ], [ -13.7127625, 28.9139618 ], [ -13.7127423, 28.9139887 ], [ -13.7126535, 28.914069 ], [ -13.7126043, 28.9141588 ], [ -13.7125906, 28.9141768 ], [ -13.7125751, 28.9141856 ], [ -13.7125185, 28.9142031 ], [ -13.7124714, 28.9142298 ], [ -13.7124241, 28.9142699 ], [ -13.7124104, 28.9142856 ], [ -13.7123914, 28.9143192 ], [ -13.7123866, 28.914344 ], [ -13.7123318, 28.9144247 ], [ -13.7122979, 28.9144718 ], [ -13.7122461, 28.914566 ], [ -13.7122243, 28.9146155 ], [ -13.7122054, 28.9146424 ], [ -13.7121742, 28.9146691 ], [ -13.7120883, 28.914727 ], [ -13.7120141, 28.9147669 ], [ -13.7119778, 28.9147913 ], [ -13.7119661, 28.9148115 ], [ -13.7119496, 28.9149016 ], [ -13.7119456, 28.9149151 ], [ -13.7118716, 28.9149866 ], [ -13.7118386, 28.9150111 ], [ -13.7118141, 28.9150199 ], [ -13.7117849, 28.9150535 ], [ -13.7117767, 28.915094 ], [ -13.7117835, 28.915164 ], [ -13.7117714, 28.9152113 ], [ -13.7117583, 28.9152314 ], [ -13.7116937, 28.9152737 ], [ -13.711669, 28.9152983 ], [ -13.7115831, 28.9153494 ], [ -13.7115432, 28.915367 ], [ -13.711487, 28.9153958 ], [ -13.7114249, 28.9154426 ], [ -13.7113848, 28.915467 ], [ -13.7113114, 28.9154957 ], [ -13.7112066, 28.9155195 ], [ -13.711105, 28.9155501 ], [ -13.7110714, 28.9155633 ], [ -13.7110444, 28.9155789 ], [ -13.7110164, 28.9156057 ], [ -13.711004, 28.9156755 ], [ -13.7109923, 28.9156912 ], [ -13.7109386, 28.9157313 ], [ -13.7108896, 28.9157556 ], [ -13.7108702, 28.9157645 ], [ -13.7107598, 28.9157792 ], [ -13.7106906, 28.915774 ], [ -13.7106041, 28.9157754 ], [ -13.7105285, 28.9157702 ], [ -13.7104466, 28.9157582 ], [ -13.7104016, 28.9157667 ], [ -13.7103533, 28.9157821 ], [ -13.7103193, 28.9157862 ], [ -13.7101764, 28.9157826 ], [ -13.7101193, 28.9157843 ], [ -13.7100479, 28.9157972 ], [ -13.7099593, 28.9158167 ], [ -13.7098602, 28.9158473 ], [ -13.7098377, 28.9158516 ], [ -13.709782, 28.915842 ], [ -13.7097173, 28.9158346 ], [ -13.7096775, 28.9158388 ], [ -13.7095921, 28.915856 ], [ -13.7095542, 28.9158556 ], [ -13.7094723, 28.9158436 ], [ -13.7094098, 28.9158227 ], [ -13.70934, 28.915813 ], [ -13.709286, 28.9158237 ], [ -13.7091907, 28.9158634 ], [ -13.7090843, 28.9159075 ], [ -13.7090103, 28.9159362 ], [ -13.7089672, 28.9159425 ], [ -13.7089185, 28.9159443 ], [ -13.7088406, 28.9159706 ], [ -13.708797, 28.9159725 ], [ -13.7086914, 28.9159579 ], [ -13.7085838, 28.9159456 ], [ -13.7085211, 28.9159382 ], [ -13.7084703, 28.915949 ], [ -13.7084535, 28.9159601 ], [ -13.708445, 28.9159713 ], [ -13.7084396, 28.9159939 ], [ -13.7084227, 28.9160095 ], [ -13.708357, 28.9160382 ], [ -13.7082636, 28.9160757 ], [ -13.7081663, 28.9161153 ], [ -13.7081051, 28.9161373 ], [ -13.7080138, 28.916159 ], [ -13.7079642, 28.9161833 ], [ -13.707904, 28.9162301 ], [ -13.707872, 28.9162704 ], [ -13.7078579, 28.9163222 ], [ -13.7078426, 28.9164213 ], [ -13.707846, 28.9164575 ], [ -13.707854, 28.9164868 ], [ -13.7078461, 28.9165003 ], [ -13.707821, 28.9165136 ], [ -13.7077663, 28.9165289 ], [ -13.7076702, 28.9165708 ], [ -13.7076066, 28.9165883 ], [ -13.7075771, 28.9165857 ], [ -13.7075151, 28.9165739 ], [ -13.7074651, 28.9165689 ], [ -13.7073681, 28.916586 ], [ -13.7073111, 28.9165854 ], [ -13.7072151, 28.916571 ], [ -13.707132, 28.9165476 ], [ -13.7070846, 28.9165449 ], [ -13.7070112, 28.9165713 ], [ -13.7069791, 28.9165755 ], [ -13.7069246, 28.916575 ], [ -13.7068391, 28.9165922 ], [ -13.7067413, 28.9166228 ], [ -13.7067136, 28.9166384 ], [ -13.7066888, 28.9166674 ], [ -13.7066725, 28.9166921 ], [ -13.7066344, 28.9167166 ], [ -13.7065893, 28.9167319 ], [ -13.7065463, 28.916736 ], [ -13.706463, 28.9167284 ], [ -13.7063811, 28.9167186 ], [ -13.7063593, 28.9167207 ], [ -13.7062595, 28.9167558 ], [ -13.7062233, 28.9167758 ], [ -13.7061644, 28.9168271 ], [ -13.7061352, 28.9168494 ], [ -13.7061191, 28.9168583 ], [ -13.7060882, 28.9168693 ], [ -13.7060644, 28.9168713 ], [ -13.7059266, 28.9166669 ], [ -13.7058827, 28.916689 ], [ -13.7060099, 28.9168775 ], [ -13.7059732, 28.9168885 ], [ -13.7059501, 28.9168905 ], [ -13.7058783, 28.9168875 ], [ -13.7058694, 28.9168852 ], [ -13.7058552, 28.9168422 ], [ -13.7058447, 28.9168083 ], [ -13.7058327, 28.9167924 ], [ -13.7058192, 28.9167922 ], [ -13.7057644, 28.9168188 ], [ -13.7057239, 28.9168319 ], [ -13.7056425, 28.9168244 ], [ -13.7055363, 28.9168121 ], [ -13.7054255, 28.9167975 ], [ -13.7053393, 28.9167786 ], [ -13.7052445, 28.9167686 ], [ -13.7051393, 28.9167699 ], [ -13.7050976, 28.9167785 ], [ -13.7050377, 28.916796 ], [ -13.7050191, 28.9167981 ], [ -13.7050075, 28.9168025 ], [ -13.704955, 28.9166418 ], [ -13.7046044, 28.9167399 ], [ -13.7044964, 28.9163034 ], [ -13.7043499, 28.9163291 ], [ -13.7044535, 28.916761 ], [ -13.7040052, 28.9169823 ], [ -13.7038328, 28.9162542 ], [ -13.7037981, 28.9162606 ], [ -13.7039653, 28.9169955 ], [ -13.703511, 28.9172303 ], [ -13.7033012, 28.9163664 ], [ -13.7032711, 28.9163706 ], [ -13.7034761, 28.917257 ], [ -13.7030646, 28.9174538 ], [ -13.702834, 28.9165153 ], [ -13.7028018, 28.9165218 ], [ -13.7030325, 28.9174626 ], [ -13.7026901, 28.9175134 ], [ -13.7024527, 28.91655 ], [ -13.7024206, 28.9165587 ], [ -13.7026575, 28.9175086 ], [ -13.7024667, 28.9175429 ], [ -13.7024992, 28.9177079 ], [ -13.7024491, 28.9177164 ], [ -13.7024094, 28.9175558 ], [ -13.7022295, 28.9175879 ], [ -13.7019414, 28.9164255 ], [ -13.7041268, 28.9160201 ], [ -13.7041361, 28.9160405 ], [ -13.7046527, 28.9159439 ], [ -13.7046412, 28.9158965 ], [ -13.7046644, 28.9158877 ], [ -13.7047711, 28.9158593 ], [ -13.7048322, 28.9158464 ], [ -13.704933, 28.9158316 ], [ -13.7049966, 28.9158186 ], [ -13.7050314, 28.9158054 ], [ -13.7050541, 28.9157854 ], [ -13.7050627, 28.9157674 ], [ -13.7050646, 28.915711 ], [ -13.7050483, 28.915686 ], [ -13.7050146, 28.9156631 ], [ -13.7049109, 28.9156486 ], [ -13.7048088, 28.9156679 ], [ -13.7047085, 28.915685 ], [ -13.7046019, 28.9157043 ], [ -13.7044831, 28.9157235 ], [ -13.7043898, 28.9157451 ], [ -13.7042831, 28.9157712 ], [ -13.7041873, 28.9157928 ], [ -13.70408, 28.9158076 ], [ -13.7039651, 28.9158245 ], [ -13.703848, 28.915855 ], [ -13.7037484, 28.9158743 ], [ -13.7036475, 28.9158914 ], [ -13.7035473, 28.915913 ], [ -13.7034355, 28.9159345 ], [ -13.7033358, 28.9159583 ], [ -13.7032298, 28.9159776 ], [ -13.7031129, 28.9159946 ], [ -13.7029979, 28.9160138 ], [ -13.7028938, 28.9160331 ], [ -13.7027923, 28.9160524 ], [ -13.7026792, 28.9160739 ], [ -13.7025635, 28.9160976 ], [ -13.7024582, 28.9161101 ], [ -13.7023381, 28.9161315 ], [ -13.7022353, 28.9161485 ], [ -13.7021171, 28.91617 ], [ -13.7020109, 28.916196 ], [ -13.7018933, 28.9162265 ], [ -13.7018134, 28.9162573 ], [ -13.7017617, 28.9162884 ], [ -13.7017174, 28.9163421 ], [ -13.701701, 28.9163758 ], [ -13.7016897, 28.9164569 ], [ -13.7017089, 28.9166173 ], [ -13.7017326, 28.9167213 ], [ -13.7017501, 28.9168117 ], [ -13.7017706, 28.9169134 ], [ -13.7018002, 28.9170085 ], [ -13.7018285, 28.9171035 ], [ -13.7018536, 28.917194 ], [ -13.7018762, 28.9172822 ], [ -13.7019006, 28.917384 ], [ -13.7019179, 28.9174857 ], [ -13.7019328, 28.9175783 ], [ -13.7019471, 28.9176665 ], [ -13.7019634, 28.9176982 ], [ -13.7020121, 28.9177483 ], [ -13.7020378, 28.9177982 ], [ -13.7020524, 28.9178593 ], [ -13.7020467, 28.9179066 ], [ -13.7020344, 28.9179155 ], [ -13.7019941, 28.917906 ], [ -13.7019386, 28.917883 ], [ -13.701837, 28.9178594 ], [ -13.7017712, 28.9178407 ], [ -13.701665, 28.9178284 ], [ -13.7016079, 28.9178324 ], [ -13.7014835, 28.9178289 ], [ -13.701367, 28.9178165 ], [ -13.7012614, 28.9178042 ], [ -13.7011506, 28.9177896 ], [ -13.7010444, 28.9177751 ], [ -13.7009266, 28.9177581 ], [ -13.700858, 28.917762 ], [ -13.700813, 28.9177683 ], [ -13.70071, 28.9177583 ], [ -13.7006664, 28.9177556 ], [ -13.7006046, 28.9177708 ], [ -13.7005054, 28.9178127 ], [ -13.700481, 28.9178147 ], [ -13.7004587, 28.9180131 ], [ -13.7004625, 28.9182185 ], [ -13.7005252, 28.918386 ], [ -13.7006152, 28.9185177 ], [ -13.7006972, 28.9186787 ], [ -13.700728, 28.9188324 ], [ -13.7007136, 28.9189022 ], [ -13.7007383, 28.9190333 ], [ -13.7007816, 28.9191601 ], [ -13.7008531, 28.9193345 ], [ -13.7008891, 28.9194341 ], [ -13.7008324, 28.9197653 ], [ -13.7008579, 28.9198287 ], [ -13.7012078, 28.9202494 ], [ -13.7012513, 28.920771 ], [ -13.7012002, 28.9210639 ], [ -13.7011554, 28.9213184 ], [ -13.7010975, 28.9225678 ], [ -13.701043, 28.9232351 ], [ -13.700993, 28.9241574 ], [ -13.7009511, 28.9249466 ], [ -13.7009746, 28.9255876 ], [ -13.7010098, 28.9262107 ], [ -13.7010304, 28.9264117 ], [ -13.7010705, 28.9265294 ], [ -13.7011264, 28.9267307 ], [ -13.7012781, 28.9272602 ], [ -13.7013801, 28.9277169 ], [ -13.7014612, 28.9280584 ], [ -13.7015552, 28.9285872 ], [ -13.7016283, 28.9292625 ], [ -13.701755, 28.9301053 ], [ -13.7018717, 28.9309254 ], [ -13.7019758, 28.9319395 ], [ -13.7020018, 28.9326775 ], [ -13.7020162, 28.9334267 ], [ -13.7020286, 28.9343316 ], [ -13.7020928, 28.9352031 ], [ -13.7022144, 28.9355292 ], [ -13.7026826, 28.9362895 ], [ -13.7029754, 28.9367278 ], [ -13.7034569, 28.9374499 ], [ -13.7039624, 28.9381519 ], [ -13.7049721, 28.9397681 ], [ -13.7049, 28.9404104 ], [ -13.7050925, 28.9428737 ], [ -13.7057047, 28.9544968 ], [ -13.7059707, 28.9578025 ], [ -13.7061108, 28.9595388 ], [ -13.70626, 28.9626493 ], [ -13.704978, 28.9655813 ], [ -13.7032727, 28.9695268 ], [ -13.7012992, 28.973993 ], [ -13.6996726, 28.9776255 ], [ -13.6985301, 28.9802926 ], [ -13.6985156, 28.9803263 ], [ -13.6985018, 28.9842948 ], [ -13.6963376, 28.9856614 ], [ -13.6945658, 28.9867813 ] ] ] } },
{ "type": "Feature", "properties": { "CCAA": "05 - Canarias", "PROVINCIA": "35 - Palmas, Las", "MUNICIPIO": "35034 - Yaiza", "COD_MUNICIPIO": "35034", "DISTRITO": "01", "SECCION": "3503401002", "V1_H": 79.57, "V1_M": 85.52, "V2_H": 79.5571672, "V2_M": 85.61629353, "V3_H": 79.73611669, "V3_M": 85.61269153000001 }, "geometry": { "type": "Polygon", "coordinates": [ [ [ -13.7742867, 28.8518007 ], [ -13.7750817, 28.8520877 ], [ -13.7757157, 28.8520551 ], [ -13.7766886, 28.8520233 ], [ -13.777662, 28.8519532 ], [ -13.778474, 28.8521591 ], [ -13.7792163, 28.8525043 ], [ -13.7797827, 28.8523898 ], [ -13.780484, 28.8524165 ], [ -13.7806355, 28.8529954 ], [ -13.7807627, 28.8537321 ], [ -13.781546, 28.8544184 ], [ -13.7825767, 28.8552625 ], [ -13.7837898, 28.8560112 ], [ -13.7852285, 28.8567597 ], [ -13.7856965, 28.8573416 ], [ -13.7862142, 28.8575651 ], [ -13.78687, 28.8575913 ], [ -13.7875715, 28.8575976 ], [ -13.7878159, 28.8579585 ], [ -13.7875383, 28.858475 ], [ -13.7869432, 28.8590653 ], [ -13.7867785, 28.8596211 ], [ -13.7870437, 28.860183 ], [ -13.7875584, 28.8606637 ], [ -13.7882886, 28.8620647 ], [ -13.7896306, 28.8653032 ], [ -13.7898633, 28.866738 ], [ -13.7900178, 28.8670598 ], [ -13.7928674, 28.8690551 ], [ -13.7953196, 28.8702322 ], [ -13.7983626, 28.8711957 ], [ -13.8056473, 28.8731715 ], [ -13.8088162, 28.8730619 ], [ -13.8104231, 28.8729746 ], [ -13.8104361, 28.8738524 ], [ -13.8107228, 28.8745115 ], [ -13.8126707, 28.8763315 ], [ -13.8172208, 28.8799454 ], [ -13.8202649, 28.8814229 ], [ -13.8326636, 28.881576 ], [ -13.8324196, 28.8799629 ], [ -13.8322788, 28.8790817 ], [ -13.8321143, 28.8778641 ], [ -13.8319836, 28.8769966 ], [ -13.8318009, 28.8755758 ], [ -13.8317401, 28.8747653 ], [ -13.8316448, 28.873598 ], [ -13.8315412, 28.8722049 ], [ -13.8314722, 28.8711597 ], [ -13.8314127, 28.8705815 ], [ -13.8313289, 28.8695858 ], [ -13.8312626, 28.8686985 ], [ -13.8312647, 28.8686824 ], [ -13.8313479, 28.8680607 ], [ -13.8313482, 28.8678057 ], [ -13.8313363, 28.8676071 ], [ -13.831313, 28.867458 ], [ -13.8312345, 28.8670918 ], [ -13.8311598, 28.8668407 ], [ -13.8310944, 28.86661 ], [ -13.830982, 28.8662322 ], [ -13.8309145, 28.8660195 ], [ -13.8308019, 28.8656666 ], [ -13.8306909, 28.8653294 ], [ -13.8306264, 28.8651393 ], [ -13.8305389, 28.8648881 ], [ -13.8304844, 28.8647184 ], [ -13.8308062, 28.864649 ], [ -13.8309368, 28.8646028 ], [ -13.8311621, 28.8645077 ], [ -13.8312891, 28.8644389 ], [ -13.831428, 28.8643408 ], [ -13.8315484, 28.8642313 ], [ -13.8317205, 28.8640252 ], [ -13.831893, 28.8637853 ], [ -13.8321618, 28.8634108 ], [ -13.8324594, 28.8629914 ], [ -13.8328902, 28.8623973 ], [ -13.8332047, 28.8619487 ], [ -13.833303, 28.8618052 ], [ -13.8334277, 28.8616573 ], [ -13.8335398, 28.8615478 ], [ -13.8336548, 28.8614652 ], [ -13.8337696, 28.8613918 ], [ -13.8339113, 28.8613276 ], [ -13.8344133, 28.8611334 ], [ -13.834699, 28.8610253 ], [ -13.8354075, 28.8607516 ], [ -13.8356232, 28.860661 ], [ -13.8357173, 28.8606054 ], [ -13.8358, 28.8605452 ], [ -13.8358771, 28.8604691 ], [ -13.8359478, 28.8603908 ], [ -13.8360541, 28.860227 ], [ -13.8362327, 28.8599532 ], [ -13.8364781, 28.8595537 ], [ -13.8363353, 28.8594871 ], [ -13.836031, 28.8593085 ], [ -13.8357376, 28.8591367 ], [ -13.8356639, 28.8588518 ], [ -13.8351914, 28.8585205 ], [ -13.835072, 28.858436 ], [ -13.8349555, 28.8583606 ], [ -13.8348969, 28.8583262 ], [ -13.8347759, 28.8582665 ], [ -13.8346594, 28.8582001 ], [ -13.8346002, 28.8581657 ], [ -13.8345441, 28.8581359 ], [ -13.8344783, 28.8581173 ], [ -13.8344265, 28.8581123 ], [ -13.8343733, 28.8581164 ], [ -13.8343136, 28.8581249 ], [ -13.8342544, 28.8581424 ], [ -13.8341997, 28.8581645 ], [ -13.8341462, 28.8581979 ], [ -13.834037, 28.8582782 ], [ -13.8339169, 28.8583606 ], [ -13.8338581, 28.8584007 ], [ -13.8337202, 28.8584762 ], [ -13.8335849, 28.858545 ], [ -13.8334655, 28.8586184 ], [ -13.8333249, 28.8587007 ], [ -13.8332514, 28.8587384 ], [ -13.8331082, 28.8588229 ], [ -13.83296, 28.8589051 ], [ -13.8328704, 28.8589517 ], [ -13.8327297, 28.8590363 ], [ -13.8325936, 28.8591186 ], [ -13.8324692, 28.8591829 ], [ -13.8323577, 28.8592406 ], [ -13.8322558, 28.8593052 ], [ -13.8322183, 28.8593296 ], [ -13.8321981, 28.8593633 ], [ -13.8321983, 28.8594039 ], [ -13.8322094, 28.8594446 ], [ -13.8322381, 28.8595103 ], [ -13.8322678, 28.8595467 ], [ -13.8322977, 28.8595695 ], [ -13.8323372, 28.8595856 ], [ -13.832382, 28.8595928 ], [ -13.8324256, 28.8595932 ], [ -13.8324981, 28.8595803 ], [ -13.8325315, 28.8595715 ], [ -13.8325992, 28.8595383 ], [ -13.8326511, 28.8594778 ], [ -13.8326638, 28.8594351 ], [ -13.8326588, 28.8594192 ], [ -13.8331078, 28.8591523 ], [ -13.8331686, 28.8592115 ], [ -13.833687, 28.8589205 ], [ -13.8337439, 28.8589886 ], [ -13.8343385, 28.8586485 ], [ -13.8344004, 28.8587258 ], [ -13.8351559, 28.8591813 ], [ -13.8348249, 28.8596139 ], [ -13.83468, 28.8597999 ], [ -13.834188, 28.86008 ], [ -13.8339106, 28.8602445 ], [ -13.8337577, 28.8600492 ], [ -13.8336443, 28.8601091 ], [ -13.8336228, 28.8601405 ], [ -13.8336486, 28.8601859 ], [ -13.8337117, 28.8602677 ], [ -13.8337781, 28.8603495 ], [ -13.8338389, 28.8604132 ], [ -13.8338628, 28.8604495 ], [ -13.8338639, 28.860463 ], [ -13.8338431, 28.8604922 ], [ -13.8338085, 28.8605483 ], [ -13.8337619, 28.8605953 ], [ -13.8336482, 28.8606732 ], [ -13.8335741, 28.8607132 ], [ -13.8335413, 28.860722 ], [ -13.8334579, 28.8607303 ], [ -13.8334078, 28.8607434 ], [ -13.8333358, 28.860763 ], [ -13.8332657, 28.8607895 ], [ -13.8332142, 28.8608049 ], [ -13.8331442, 28.86082 ], [ -13.8330902, 28.8608354 ], [ -13.8329969, 28.8608752 ], [ -13.8329395, 28.8609063 ], [ -13.8328247, 28.8609752 ], [ -13.8327711, 28.8610086 ], [ -13.8327093, 28.8610397 ], [ -13.8325722, 28.8610904 ], [ -13.8324816, 28.8611167 ], [ -13.8324122, 28.8611341 ], [ -13.8322569, 28.8611576 ], [ -13.832185, 28.8611705 ], [ -13.8321131, 28.8611744 ], [ -13.8319796, 28.8611416 ], [ -13.8319103, 28.8611456 ], [ -13.8317522, 28.8611938 ], [ -13.8316886, 28.8612113 ], [ -13.8315531, 28.8612372 ], [ -13.8314785, 28.8612546 ], [ -13.831423, 28.8612925 ], [ -13.8313331, 28.8613662 ], [ -13.8312417, 28.8614602 ], [ -13.8311305, 28.8615517 ], [ -13.8310193, 28.8616342 ], [ -13.8308718, 28.8617051 ], [ -13.8308068, 28.8617317 ], [ -13.83075, 28.8617695 ], [ -13.8307117, 28.8618166 ], [ -13.830679, 28.8618704 ], [ -13.8306048, 28.8619736 ], [ -13.8305434, 28.8620227 ], [ -13.830444, 28.8620895 ], [ -13.83036, 28.8621519 ], [ -13.8302604, 28.8622278 ], [ -13.8302288, 28.8622523 ], [ -13.8302127, 28.862259 ], [ -13.8301103, 28.862301 ], [ -13.8300002, 28.8623519 ], [ -13.829955, 28.8623853 ], [ -13.8298415, 28.8624475 ], [ -13.8297816, 28.8624718 ], [ -13.8296583, 28.8625046 ], [ -13.8294989, 28.8625393 ], [ -13.8293584, 28.8625584 ], [ -13.8292281, 28.8625776 ], [ -13.8291627, 28.8625838 ], [ -13.8290018, 28.8625891 ], [ -13.8288876, 28.8625972 ], [ -13.8287997, 28.8626077 ], [ -13.8287107, 28.8626069 ], [ -13.8286825, 28.8626022 ], [ -13.8286461, 28.8625951 ], [ -13.8285432, 28.8625694 ], [ -13.8284501, 28.8625325 ], [ -13.8284004, 28.8625095 ], [ -13.8282903, 28.8624431 ], [ -13.8281796, 28.8623722 ], [ -13.8280746, 28.8623036 ], [ -13.8280103, 28.8622624 ], [ -13.8279156, 28.8621984 ], [ -13.8278724, 28.8621619 ], [ -13.8278389, 28.8621255 ], [ -13.8278195, 28.8620848 ], [ -13.8277929, 28.8619965 ], [ -13.827781, 28.8619716 ], [ -13.8277564, 28.8619353 ], [ -13.8277266, 28.861908 ], [ -13.8276857, 28.8618467 ], [ -13.8276545, 28.8618261 ], [ -13.8276065, 28.8618189 ], [ -13.8275566, 28.8618162 ], [ -13.8274975, 28.8618225 ], [ -13.8274487, 28.8618356 ], [ -13.8274013, 28.8618374 ], [ -13.8272893, 28.8618229 ], [ -13.8271734, 28.8618152 ], [ -13.8270446, 28.8618118 ], [ -13.8269098, 28.8618309 ], [ -13.8267604, 28.8618477 ], [ -13.8266923, 28.8618606 ], [ -13.8265351, 28.8618773 ], [ -13.8264472, 28.8618878 ], [ -13.8263825, 28.8618873 ], [ -13.8263218, 28.8618777 ], [ -13.8262123, 28.8618158 ], [ -13.8261484, 28.8617994 ], [ -13.826083, 28.8617966 ], [ -13.8260048, 28.8617982 ], [ -13.8259188, 28.8618133 ], [ -13.8257838, 28.8618549 ], [ -13.8257194, 28.8618815 ], [ -13.8256601, 28.8619103 ], [ -13.8256029, 28.8619301 ], [ -13.8255464, 28.8619341 ], [ -13.8254812, 28.8619222 ], [ -13.8253982, 28.8618967 ], [ -13.8253029, 28.8618824 ], [ -13.8252691, 28.8618685 ], [ -13.8252482, 28.861848 ], [ -13.8252325, 28.8618163 ], [ -13.8252343, 28.861717 ], [ -13.8252305, 28.8615952 ], [ -13.8252306, 28.8614779 ], [ -13.8252216, 28.8613582 ], [ -13.825214, 28.8612453 ], [ -13.8252026, 28.8611121 ], [ -13.8251941, 28.861015 ], [ -13.8251838, 28.860963 ], [ -13.8251683, 28.8609178 ], [ -13.8251418, 28.8608837 ], [ -13.8251107, 28.8608563 ], [ -13.8250604, 28.8608288 ], [ -13.8250195, 28.8608172 ], [ -13.8249805, 28.8608123 ], [ -13.8249025, 28.8607958 ], [ -13.824818, 28.8607838 ], [ -13.8247117, 28.8607784 ], [ -13.8245619, 28.8607681 ], [ -13.824471, 28.860765 ], [ -13.8244272, 28.8607804 ], [ -13.8244076, 28.8608096 ], [ -13.8244053, 28.8608457 ], [ -13.8244151, 28.8608863 ], [ -13.824418, 28.860918 ], [ -13.8244305, 28.8609384 ], [ -13.8244388, 28.8609452 ], [ -13.824556, 28.8609553 ], [ -13.8246507, 28.8609629 ], [ -13.8247135, 28.8609612 ], [ -13.8247922, 28.8609686 ], [ -13.8248382, 28.8609848 ], [ -13.8248655, 28.8610053 ], [ -13.8248852, 28.8610236 ], [ -13.8249111, 28.8610531 ], [ -13.8249265, 28.8611074 ], [ -13.8249305, 28.8611481 ], [ -13.8249397, 28.861191 ], [ -13.824952, 28.8612317 ], [ -13.8249592, 28.8613378 ], [ -13.824963, 28.8614552 ], [ -13.8249651, 28.8615523 ], [ -13.8249692, 28.861647 ], [ -13.8249751, 28.86169 ], [ -13.8249705, 28.861699 ], [ -13.8249355, 28.8617348 ], [ -13.8249006, 28.8617615 ], [ -13.8247589, 28.8618257 ], [ -13.8246843, 28.8618544 ], [ -13.8245473, 28.8618961 ], [ -13.8243949, 28.8619421 ], [ -13.8242438, 28.8619859 ], [ -13.8241327, 28.8620165 ], [ -13.8239765, 28.8620581 ], [ -13.8238224, 28.8620883 ], [ -13.8237472, 28.8620989 ], [ -13.823662, 28.8621027 ], [ -13.8235339, 28.8620948 ], [ -13.8233803, 28.8620777 ], [ -13.8233151, 28.8620681 ], [ -13.8232505, 28.862054 ], [ -13.823135, 28.8620191 ], [ -13.823089, 28.8620029 ], [ -13.8230156, 28.8619752 ], [ -13.8228996, 28.8619223 ], [ -13.8227741, 28.8618558 ], [ -13.8227117, 28.8618236 ], [ -13.822581, 28.8617683 ], [ -13.8224668, 28.8617177 ], [ -13.8224037, 28.8616923 ], [ -13.8223465, 28.861649 ], [ -13.8223154, 28.8616216 ], [ -13.8222901, 28.8615943 ], [ -13.8222126, 28.8615305 ], [ -13.8221365, 28.8614667 ], [ -13.8220565, 28.861396 ], [ -13.8220077, 28.8613482 ], [ -13.8219775, 28.8612983 ], [ -13.821957, 28.8612439 ], [ -13.8219447, 28.8611965 ], [ -13.821923, 28.8611331 ], [ -13.8219214, 28.8611015 ], [ -13.8219314, 28.8610723 ], [ -13.8219513, 28.8610138 ], [ -13.8219668, 28.8609959 ], [ -13.8219759, 28.8609846 ], [ -13.8219876, 28.8609735 ], [ -13.8220134, 28.8609579 ], [ -13.8220874, 28.8609315 ], [ -13.8221413, 28.8609184 ], [ -13.8222428, 28.8609012 ], [ -13.822368, 28.860882 ], [ -13.8224539, 28.860876 ], [ -13.8224758, 28.8608649 ], [ -13.8224869, 28.8608515 ], [ -13.8224944, 28.8607455 ], [ -13.8224914, 28.8607297 ], [ -13.8224813, 28.8607138 ], [ -13.8224438, 28.8606932 ], [ -13.8223723, 28.86067 ], [ -13.8223345, 28.8606629 ], [ -13.8222437, 28.8606553 ], [ -13.8221583, 28.8606613 ], [ -13.8220383, 28.8606829 ], [ -13.8219824, 28.8606982 ], [ -13.8219276, 28.8607202 ], [ -13.821878, 28.8607469 ], [ -13.8218386, 28.8607736 ], [ -13.8217744, 28.8608407 ], [ -13.8217135, 28.8609034 ], [ -13.8216868, 28.8609438 ], [ -13.8216402, 28.8610381 ], [ -13.8215896, 28.8611505 ], [ -13.8215649, 28.8612383 ], [ -13.8215365, 28.861317 ], [ -13.821524, 28.8613395 ], [ -13.8215085, 28.8613528 ], [ -13.8214317, 28.8613499 ], [ -13.8213989, 28.8613541 ], [ -13.8213649, 28.8613651 ], [ -13.8213219, 28.861367 ], [ -13.8212861, 28.8613577 ], [ -13.8212505, 28.8613371 ], [ -13.8211586, 28.8613001 ], [ -13.8210842, 28.8612544 ], [ -13.8210013, 28.8612176 ], [ -13.8209514, 28.8612081 ], [ -13.8208393, 28.8612026 ], [ -13.8207292, 28.8611994 ], [ -13.8205954, 28.8611892 ], [ -13.8204596, 28.8611812 ], [ -13.8203987, 28.8611852 ], [ -13.8203294, 28.8611936 ], [ -13.820269, 28.8612089 ], [ -13.8201602, 28.8612508 ], [ -13.8201057, 28.8612594 ], [ -13.8199944, 28.8612449 ], [ -13.8199278, 28.861233 ], [ -13.81984, 28.8612322 ], [ -13.8197803, 28.861243 ], [ -13.8197246, 28.8612448 ], [ -13.8196702, 28.861242 ], [ -13.8196183, 28.8612348 ], [ -13.8194726, 28.8612042 ], [ -13.8193698, 28.8611695 ], [ -13.8192493, 28.8611187 ], [ -13.8191754, 28.8610775 ], [ -13.8190935, 28.8610113 ], [ -13.8190617, 28.8609885 ], [ -13.8190166, 28.860961 ], [ -13.8190064, 28.8609474 ], [ -13.8189191, 28.8608564 ], [ -13.8188167, 28.8607833 ], [ -13.8187716, 28.8607558 ], [ -13.8186893, 28.8607145 ], [ -13.8186206, 28.8606733 ], [ -13.8185861, 28.8606662 ], [ -13.8185451, 28.8606636 ], [ -13.8184958, 28.8606586 ], [ -13.8183776, 28.8606328 ], [ -13.8183252, 28.860621 ], [ -13.8181882, 28.8606063 ], [ -13.8180604, 28.8605826 ], [ -13.817937, 28.8605544 ], [ -13.8178954, 28.8605473 ], [ -13.8178105, 28.8605195 ], [ -13.8177331, 28.8605076 ], [ -13.8176936, 28.8604914 ], [ -13.817623, 28.8604457 ], [ -13.8175345, 28.8603885 ], [ -13.8174486, 28.8603381 ], [ -13.8174086, 28.8603084 ], [ -13.8173381, 28.860195 ], [ -13.817272, 28.8600883 ], [ -13.8172493, 28.8600633 ], [ -13.8171309, 28.8599924 ], [ -13.8170915, 28.8599649 ], [ -13.8170483, 28.8599285 ], [ -13.8170179, 28.8598921 ], [ -13.8169921, 28.8598557 ], [ -13.8169468, 28.8597786 ], [ -13.8169222, 28.8597468 ], [ -13.8168843, 28.8597059 ], [ -13.8169107, 28.8596858 ], [ -13.8169276, 28.8596634 ], [ -13.8169376, 28.8596342 ], [ -13.8169432, 28.8595372 ], [ -13.8169488, 28.8594921 ], [ -13.8169426, 28.8594717 ], [ -13.8169263, 28.8594445 ], [ -13.8169003, 28.8594195 ], [ -13.81682, 28.8593759 ], [ -13.816774, 28.8593665 ], [ -13.8167317, 28.8593661 ], [ -13.8166887, 28.859377 ], [ -13.8166507, 28.8593925 ], [ -13.8166043, 28.8594191 ], [ -13.816567, 28.8594278 ], [ -13.8165171, 28.8594229 ], [ -13.8164065, 28.8593948 ], [ -13.8163638, 28.8593832 ], [ -13.8162811, 28.8593283 ], [ -13.8161805, 28.859271 ], [ -13.8160957, 28.8592342 ], [ -13.816014, 28.8592064 ], [ -13.815972, 28.8591834 ], [ -13.8159498, 28.8591629 ], [ -13.8159308, 28.8591379 ], [ -13.8159209, 28.8591063 ], [ -13.8159261, 28.858989 ], [ -13.8159207, 28.8589574 ], [ -13.8158897, 28.8588623 ], [ -13.8158938, 28.8587857 ], [ -13.8158916, 28.8587563 ], [ -13.8158721, 28.8587245 ], [ -13.8157577, 28.8586446 ], [ -13.8156704, 28.8585942 ], [ -13.8155469, 28.8585299 ], [ -13.8155087, 28.8585115 ], [ -13.8154331, 28.8585064 ], [ -13.8154131, 28.8585129 ], [ -13.8154148, 28.8585378 ], [ -13.8154267, 28.8585627 ], [ -13.8154532, 28.8585945 ], [ -13.8154806, 28.8586128 ], [ -13.8154905, 28.8586467 ], [ -13.8154816, 28.8586873 ], [ -13.8154384, 28.8587726 ], [ -13.8154116, 28.8588175 ], [ -13.8153651, 28.8588532 ], [ -13.8153245, 28.8588731 ], [ -13.815292, 28.858909 ], [ -13.8152697, 28.8589562 ], [ -13.8152545, 28.8589989 ], [ -13.8152254, 28.8590257 ], [ -13.81515, 28.8590634 ], [ -13.8150686, 28.8591213 ], [ -13.8150254, 28.8591436 ], [ -13.8149874, 28.859159 ], [ -13.8149296, 28.8591698 ], [ -13.8147926, 28.8591573 ], [ -13.8146756, 28.8591405 ], [ -13.8145758, 28.859126 ], [ -13.8145317, 28.8591166 ], [ -13.814496, 28.8591005 ], [ -13.8144375, 28.8590571 ], [ -13.8143834, 28.8590296 ], [ -13.8143262, 28.8589862 ], [ -13.8142982, 28.8589747 ], [ -13.8142546, 28.8589721 ], [ -13.8142087, 28.8589559 ], [ -13.81418, 28.8589376 ], [ -13.8141578, 28.8589193 ], [ -13.8141401, 28.8589011 ], [ -13.8141257, 28.8588739 ], [ -13.8141198, 28.8588287 ], [ -13.8141227, 28.8587407 ], [ -13.8141122, 28.8586436 ], [ -13.8141028, 28.85863 ], [ -13.8140811, 28.8586253 ], [ -13.814015, 28.858627 ], [ -13.8139249, 28.8586104 ], [ -13.8138999, 28.8586124 ], [ -13.8138213, 28.8586501 ], [ -13.8137956, 28.8586521 ], [ -13.8137835, 28.858643 ], [ -13.8137402, 28.8585682 ], [ -13.8137334, 28.8585455 ], [ -13.8137375, 28.858523 ], [ -13.8137499, 28.8585006 ], [ -13.8137681, 28.8584827 ], [ -13.8137779, 28.8584647 ], [ -13.8137737, 28.8584421 ], [ -13.8137585, 28.8584239 ], [ -13.8137303, 28.8584237 ], [ -13.8137066, 28.8584235 ], [ -13.8136266, 28.8584183 ], [ -13.8135799, 28.8584065 ], [ -13.8134441, 28.8583489 ], [ -13.813328, 28.8583051 ], [ -13.8132477, 28.8582637 ], [ -13.8131428, 28.8581929 ], [ -13.8131021, 28.8581655 ], [ -13.8130368, 28.8581017 ], [ -13.8129622, 28.8580153 ], [ -13.8128818, 28.8579266 ], [ -13.8128403, 28.8578631 ], [ -13.8127793, 28.8577587 ], [ -13.8127608, 28.8576954 ], [ -13.8127264, 28.8575687 ], [ -13.8127119, 28.8574851 ], [ -13.812704, 28.8573948 ], [ -13.8126967, 28.8573045 ], [ -13.8126952, 28.8572097 ], [ -13.812691, 28.8571803 ], [ -13.8126817, 28.8571622 ], [ -13.8126462, 28.8571213 ], [ -13.8125987, 28.8570735 ], [ -13.8125552, 28.8570099 ], [ -13.8125364, 28.8569759 ], [ -13.8125155, 28.856899 ], [ -13.8125064, 28.8567974 ], [ -13.8125, 28.8566823 ], [ -13.8124934, 28.8565897 ], [ -13.8124838, 28.8564723 ], [ -13.8124888, 28.8563753 ], [ -13.8124912, 28.8562738 ], [ -13.8124902, 28.8562512 ], [ -13.8124798, 28.8562105 ], [ -13.8124369, 28.8561447 ], [ -13.812418, 28.8561175 ], [ -13.8123292, 28.85604 ], [ -13.812295, 28.8560058 ], [ -13.8122658, 28.8559785 ], [ -13.8122473, 28.8559761 ], [ -13.8122062, 28.8559825 ], [ -13.812197, 28.855996 ], [ -13.8121885, 28.8560162 ], [ -13.8121826, 28.8560816 ], [ -13.8121703, 28.8560905 ], [ -13.8121331, 28.8560405 ], [ -13.8121103, 28.85602 ], [ -13.8120847, 28.856013 ], [ -13.8120507, 28.8560172 ], [ -13.8119869, 28.8560483 ], [ -13.8119385, 28.8560772 ], [ -13.8118762, 28.8560969 ], [ -13.8118478, 28.8561147 ], [ -13.8118193, 28.8561438 ], [ -13.8117968, 28.8561526 ], [ -13.8117734, 28.8561772 ], [ -13.8117669, 28.8561907 ], [ -13.8117673, 28.8562043 ], [ -13.8117658, 28.8562223 ], [ -13.8117586, 28.856238 ], [ -13.8117399, 28.8562514 ], [ -13.8117084, 28.8562601 ], [ -13.8116783, 28.8562576 ], [ -13.8116482, 28.8562529 ], [ -13.8116144, 28.856239 ], [ -13.811545, 28.8562 ], [ -13.8115075, 28.8561772 ], [ -13.8114326, 28.8561111 ], [ -13.811366, 28.8560563 ], [ -13.8113203, 28.8560153 ], [ -13.8113148, 28.8559927 ], [ -13.811317, 28.8559724 ], [ -13.8113236, 28.8559521 ], [ -13.8113541, 28.8559163 ], [ -13.8113837, 28.8558489 ], [ -13.8113931, 28.855761 ], [ -13.8113992, 28.8557317 ], [ -13.8114121, 28.8557228 ], [ -13.8114232, 28.8557071 ], [ -13.8114286, 28.8556778 ], [ -13.8114313, 28.8556102 ], [ -13.8114291, 28.8555718 ], [ -13.8114308, 28.8555402 ], [ -13.8114494, 28.8554795 ], [ -13.8114942, 28.855376 ], [ -13.8114948, 28.8553197 ], [ -13.8114899, 28.8553016 ], [ -13.8114589, 28.8552675 ], [ -13.8114419, 28.8552425 ], [ -13.8114339, 28.8552108 ], [ -13.811435, 28.8551702 ], [ -13.8114264, 28.8551408 ], [ -13.8114341, 28.8550822 ], [ -13.8114471, 28.8550597 ], [ -13.8114861, 28.855015 ], [ -13.81151, 28.8550017 ], [ -13.8115294, 28.8549838 ], [ -13.8115463, 28.8549614 ], [ -13.811555, 28.8549253 ], [ -13.8115534, 28.854896 ], [ -13.8115421, 28.8548801 ], [ -13.8115262, 28.854871 ], [ -13.8115154, 28.8548618 ], [ -13.8115086, 28.8548369 ], [ -13.8115084, 28.8547444 ], [ -13.8114757, 28.8546923 ], [ -13.811458, 28.8546718 ], [ -13.8114493, 28.8546424 ], [ -13.8114533, 28.8545792 ], [ -13.8114485, 28.8545499 ], [ -13.8114366, 28.8545272 ], [ -13.8114123, 28.8545225 ], [ -13.811384, 28.8545267 ], [ -13.8113357, 28.8545511 ], [ -13.8113008, 28.8545756 ], [ -13.8112684, 28.8546092 ], [ -13.8112098, 28.8546899 ], [ -13.8111799, 28.8547302 ], [ -13.8111257, 28.8548133 ], [ -13.8111036, 28.8548446 ], [ -13.8110866, 28.8548806 ], [ -13.8110442, 28.8549434 ], [ -13.8110046, 28.8549882 ], [ -13.8109985, 28.8550152 ], [ -13.8109899, 28.8550963 ], [ -13.8109747, 28.8551368 ], [ -13.8109468, 28.8551727 ], [ -13.8109073, 28.8552039 ], [ -13.8108578, 28.8552238 ], [ -13.8107601, 28.8552523 ], [ -13.8107156, 28.8552767 ], [ -13.8106793, 28.8553057 ], [ -13.8105931, 28.8553952 ], [ -13.8105768, 28.8554153 ], [ -13.8105354, 28.8555075 ], [ -13.8105, 28.8555816 ], [ -13.810495, 28.8556245 ], [ -13.8105043, 28.8556584 ], [ -13.8105108, 28.8557623 ], [ -13.8105064, 28.8558118 ], [ -13.8104976, 28.8558456 ], [ -13.8104851, 28.8558726 ], [ -13.8104808, 28.8559154 ], [ -13.8104861, 28.8559538 ], [ -13.810506, 28.8560104 ], [ -13.8104932, 28.8560712 ], [ -13.8104818, 28.8561704 ], [ -13.8104739, 28.856247 ], [ -13.8104804, 28.8562922 ], [ -13.8104885, 28.8563148 ], [ -13.8104901, 28.8563419 ], [ -13.8104808, 28.8563644 ], [ -13.8104568, 28.8563912 ], [ -13.8104162, 28.856418 ], [ -13.8103679, 28.8564401 ], [ -13.8103125, 28.8564599 ], [ -13.810184, 28.8564926 ], [ -13.8101243, 28.8565079 ], [ -13.8100683, 28.8565277 ], [ -13.8100174, 28.8565498 ], [ -13.8099628, 28.8565629 ], [ -13.8099033, 28.8565601 ], [ -13.8098406, 28.8565438 ], [ -13.8097776, 28.8565116 ], [ -13.8097468, 28.8565158 ], [ -13.8097159, 28.8565291 ], [ -13.8097029, 28.8565471 ], [ -13.8097065, 28.8565651 ], [ -13.8097266, 28.8565947 ], [ -13.8097353, 28.8566218 ], [ -13.8097318, 28.8566466 ], [ -13.8097036, 28.8567072 ], [ -13.8096776, 28.8567409 ], [ -13.8096219, 28.8567923 ], [ -13.8095839, 28.8568122 ], [ -13.8095206, 28.8568501 ], [ -13.8094364, 28.8568786 ], [ -13.8093361, 28.8569026 ], [ -13.8092943, 28.856918 ], [ -13.8092417, 28.8569243 ], [ -13.8091796, 28.8569215 ], [ -13.8091266, 28.8569075 ], [ -13.8090948, 28.8568846 ], [ -13.8090663, 28.8568528 ], [ -13.8090365, 28.85683 ], [ -13.8090092, 28.8568049 ], [ -13.8089829, 28.8567528 ], [ -13.8089625, 28.8566849 ], [ -13.8089481, 28.8566555 ], [ -13.8089266, 28.8566304 ], [ -13.8088286, 28.8565709 ], [ -13.8088026, 28.8565481 ], [ -13.8087641, 28.8564959 ], [ -13.8087374, 28.8564799 ], [ -13.808706, 28.8564796 ], [ -13.8086764, 28.8564884 ], [ -13.808626, 28.8565308 ], [ -13.8086065, 28.8565554 ], [ -13.8085958, 28.856596 ], [ -13.8085827, 28.8566748 ], [ -13.808569, 28.8566927 ], [ -13.8085333, 28.8567308 ], [ -13.8084978, 28.8568162 ], [ -13.8084968, 28.8568433 ], [ -13.8085004, 28.8568613 ], [ -13.8085239, 28.8568864 ], [ -13.8085359, 28.8569045 ], [ -13.8085285, 28.856927 ], [ -13.8085085, 28.8569471 ], [ -13.8084807, 28.8569627 ], [ -13.8084499, 28.8569692 ], [ -13.8083833, 28.8569709 ], [ -13.8083542, 28.8569932 ], [ -13.8083314, 28.8570223 ], [ -13.8083094, 28.8570447 ], [ -13.8082829, 28.8570557 ], [ -13.8081585, 28.8570727 ], [ -13.8081148, 28.857079 ], [ -13.8080641, 28.8570899 ], [ -13.8079869, 28.8571185 ], [ -13.8079419, 28.8571249 ], [ -13.8078286, 28.8571216 ], [ -13.8078106, 28.8571237 ], [ -13.8077872, 28.8571551 ], [ -13.8077646, 28.8571662 ], [ -13.8077006, 28.8571634 ], [ -13.8076653, 28.8571676 ], [ -13.8075927, 28.8571872 ], [ -13.8075025, 28.8572248 ], [ -13.8074996, 28.8572541 ], [ -13.8074867, 28.8572698 ], [ -13.8074323, 28.8573122 ], [ -13.8074012, 28.8573458 ], [ -13.8073916, 28.8573975 ], [ -13.8073786, 28.8574155 ], [ -13.8073265, 28.8574353 ], [ -13.8072654, 28.8574551 ], [ -13.8072424, 28.8574504 ], [ -13.8072316, 28.857439 ], [ -13.8072126, 28.8573644 ], [ -13.8071819, 28.85731 ], [ -13.8071628, 28.8572963 ], [ -13.8071442, 28.8572961 ], [ -13.8071076, 28.8573048 ], [ -13.8070858, 28.8573001 ], [ -13.80704, 28.8572771 ], [ -13.8070157, 28.8572747 ], [ -13.8069829, 28.8572766 ], [ -13.80697, 28.8572855 ], [ -13.8069289, 28.8572964 ], [ -13.8068865, 28.8573051 ], [ -13.8068667, 28.8573004 ], [ -13.8068713, 28.8572892 ], [ -13.8069441, 28.8572605 ], [ -13.8070286, 28.8572094 ], [ -13.8069931, 28.8571729 ], [ -13.8069452, 28.8571635 ], [ -13.806919, 28.8571542 ], [ -13.806905, 28.8571428 ], [ -13.8068899, 28.8571178 ], [ -13.8068801, 28.8570862 ], [ -13.8068669, 28.8570635 ], [ -13.8068478, 28.8570475 ], [ -13.8068211, 28.8570338 ], [ -13.8067885, 28.857029 ], [ -13.8067545, 28.8570309 ], [ -13.8066556, 28.8570503 ], [ -13.8066047, 28.8570725 ], [ -13.8065962, 28.8570859 ], [ -13.8065948, 28.8570949 ], [ -13.8065734, 28.8571196 ], [ -13.8064965, 28.8571775 ], [ -13.8064874, 28.857191 ], [ -13.8064837, 28.8572316 ], [ -13.8064777, 28.8572518 ], [ -13.8064615, 28.8572675 ], [ -13.8064396, 28.8572808 ], [ -13.8063771, 28.8573074 ], [ -13.8063777, 28.8573164 ], [ -13.8064088, 28.857337 ], [ -13.806417, 28.8573506 ], [ -13.8064091, 28.857364 ], [ -13.8063828, 28.8573661 ], [ -13.8062555, 28.8573559 ], [ -13.8061723, 28.8573462 ], [ -13.806072, 28.8573227 ], [ -13.8060515, 28.8573135 ], [ -13.8060363, 28.8573021 ], [ -13.8060201, 28.8572591 ], [ -13.8060173, 28.8572229 ], [ -13.8060322, 28.8572118 ], [ -13.806079, 28.85721 ], [ -13.8060996, 28.8572056 ], [ -13.8061029, 28.8571944 ], [ -13.8060603, 28.8571624 ], [ -13.8060336, 28.8571464 ], [ -13.8059437, 28.8571117 ], [ -13.8059093, 28.8570911 ], [ -13.8059024, 28.8570775 ], [ -13.8059045, 28.8570099 ], [ -13.8059014, 28.8569963 ], [ -13.8058913, 28.8569849 ], [ -13.8057946, 28.8569773 ], [ -13.8057665, 28.8569725 ], [ -13.8057225, 28.8569541 ], [ -13.8057002, 28.8569404 ], [ -13.8056844, 28.8569244 ], [ -13.8056625, 28.8568769 ], [ -13.8056492, 28.8568677 ], [ -13.8055805, 28.8568716 ], [ -13.8055618, 28.856885 ], [ -13.8055422, 28.8569186 ], [ -13.8055299, 28.8569276 ], [ -13.8054676, 28.8569473 ], [ -13.8053654, 28.856969 ], [ -13.8052487, 28.8569837 ], [ -13.8052101, 28.8569902 ], [ -13.8051691, 28.8569898 ], [ -13.8051023, 28.8570073 ], [ -13.8050045, 28.857038 ], [ -13.8049769, 28.8570468 ], [ -13.8049401, 28.8570735 ], [ -13.8048449, 28.8571042 ], [ -13.8048191, 28.8571153 ], [ -13.8047112, 28.8571392 ], [ -13.8046623, 28.8571568 ], [ -13.8046075, 28.8571857 ], [ -13.8045404, 28.8572279 ], [ -13.8045134, 28.8572412 ], [ -13.8044361, 28.8572699 ], [ -13.8043556, 28.8573098 ], [ -13.8043194, 28.8573388 ], [ -13.8042509, 28.8573855 ], [ -13.8042377, 28.857417 ], [ -13.8042176, 28.8574439 ], [ -13.8041809, 28.8574616 ], [ -13.8041371, 28.8574748 ], [ -13.8041023, 28.857497 ], [ -13.8040867, 28.8575127 ], [ -13.8040773, 28.8575487 ], [ -13.8040826, 28.8575871 ], [ -13.804114, 28.8576461 ], [ -13.8041047, 28.8576753 ], [ -13.8040787, 28.8577044 ], [ -13.803967, 28.8577891 ], [ -13.8038978, 28.8578427 ], [ -13.8038591, 28.8578604 ], [ -13.8038142, 28.8578622 ], [ -13.8037732, 28.8578686 ], [ -13.8037307, 28.8578841 ], [ -13.8036842, 28.8579152 ], [ -13.8035888, 28.8580205 ], [ -13.803559, 28.8580495 ], [ -13.8035236, 28.8580627 ], [ -13.8034466, 28.8580734 ], [ -13.8034048, 28.8580865 ], [ -13.8033808, 28.8581111 ], [ -13.8033683, 28.8581381 ], [ -13.8033237, 28.8581805 ], [ -13.8033168, 28.8582166 ], [ -13.8033243, 28.8582911 ], [ -13.8033156, 28.8583203 ], [ -13.8032844, 28.8583652 ], [ -13.8032649, 28.8583831 ], [ -13.8031636, 28.8584476 ], [ -13.803128, 28.8584766 ], [ -13.8030875, 28.8584966 ], [ -13.803002, 28.8585184 ], [ -13.8029614, 28.8585383 ], [ -13.8028587, 28.8586096 ], [ -13.8027953, 28.858661 ], [ -13.8027399, 28.858683 ], [ -13.8026878, 28.8587006 ], [ -13.8026492, 28.8587228 ], [ -13.8025971, 28.8587923 ], [ -13.8025692, 28.8588214 ], [ -13.8025305, 28.8588414 ], [ -13.8024797, 28.8588567 ], [ -13.8024528, 28.8588565 ], [ -13.8024002, 28.8588605 ], [ -13.8022702, 28.8588548 ], [ -13.80221, 28.8588588 ], [ -13.802115, 28.8588715 ], [ -13.8020619, 28.8588643 ], [ -13.8019693, 28.8588341 ], [ -13.8018528, 28.8588286 ], [ -13.8017927, 28.8588167 ], [ -13.801674, 28.8587774 ], [ -13.8016204, 28.8587543 ], [ -13.8015726, 28.8587313 ], [ -13.8015031, 28.8587059 ], [ -13.8013772, 28.8586754 ], [ -13.8012611, 28.8586338 ], [ -13.8011435, 28.8585989 ], [ -13.8010063, 28.8585525 ], [ -13.800887, 28.8585131 ], [ -13.8007247, 28.8584688 ], [ -13.8005817, 28.8584202 ], [ -13.800509, 28.8583924 ], [ -13.8004459, 28.8583625 ], [ -13.8003759, 28.8583281 ], [ -13.8002185, 28.85825 ], [ -13.800142, 28.8582132 ], [ -13.7999936, 28.8581397 ], [ -13.7998202, 28.8580592 ], [ -13.799724, 28.8580087 ], [ -13.7996501, 28.8579719 ], [ -13.7995692, 28.8579373 ], [ -13.7994348, 28.8578594 ], [ -13.7992858, 28.8577814 ], [ -13.7992171, 28.8577447 ], [ -13.7990628, 28.8576711 ], [ -13.7989986, 28.8576322 ], [ -13.7989452, 28.8575934 ], [ -13.7989015, 28.8575546 ], [ -13.7988622, 28.8575114 ], [ -13.7988496, 28.857491 ], [ -13.7988313, 28.857466 ], [ -13.7988126, 28.8574207 ], [ -13.7987947, 28.8573032 ], [ -13.7987759, 28.8572105 ], [ -13.7987771, 28.8571722 ], [ -13.7987844, 28.8571474 ], [ -13.7988075, 28.8571409 ], [ -13.7988319, 28.8571411 ], [ -13.7988404, 28.8571231 ], [ -13.7988467, 28.8570239 ], [ -13.79884, 28.85699 ], [ -13.798823, 28.8569628 ], [ -13.7987781, 28.8569172 ], [ -13.7987643, 28.8568855 ], [ -13.7987441, 28.8568041 ], [ -13.7986995, 28.856727 ], [ -13.7986865, 28.8566863 ], [ -13.7986806, 28.8565914 ], [ -13.7986785, 28.8564944 ], [ -13.7986642, 28.8563973 ], [ -13.7986709, 28.8563725 ], [ -13.7987268, 28.856364 ], [ -13.7987238, 28.8563369 ], [ -13.7987043, 28.8563074 ], [ -13.7986983, 28.856278 ], [ -13.798715, 28.856215 ], [ -13.798709, 28.8561856 ], [ -13.7986809, 28.8561199 ], [ -13.7986849, 28.8560455 ], [ -13.7987065, 28.8559464 ], [ -13.7987172, 28.8559149 ], [ -13.798715, 28.8558855 ], [ -13.7986992, 28.8558628 ], [ -13.7986756, 28.8558514 ], [ -13.7986494, 28.8558489 ], [ -13.7986259, 28.8558306 ], [ -13.7986076, 28.8558034 ], [ -13.7985789, 28.8557896 ], [ -13.7985412, 28.8557847 ], [ -13.7985091, 28.8557912 ], [ -13.7984877, 28.8558068 ], [ -13.7984779, 28.8558293 ], [ -13.7984872, 28.8558519 ], [ -13.7985025, 28.8558656 ], [ -13.7984958, 28.8558836 ], [ -13.7984701, 28.8558924 ], [ -13.7984408, 28.8558831 ], [ -13.7984077, 28.8558603 ], [ -13.7983728, 28.8558283 ], [ -13.7983418, 28.8557942 ], [ -13.7983224, 28.8557579 ], [ -13.7983099, 28.855724 ], [ -13.7983136, 28.8556879 ], [ -13.7983349, 28.8556701 ], [ -13.7983633, 28.8556545 ], [ -13.7983763, 28.8556343 ], [ -13.7983792, 28.8556073 ], [ -13.7983744, 28.8555824 ], [ -13.7983759, 28.8555599 ], [ -13.7983857, 28.8555397 ], [ -13.7984097, 28.8555173 ], [ -13.7984215, 28.8554971 ], [ -13.7984323, 28.855443 ], [ -13.7984674, 28.8553509 ], [ -13.7985046, 28.8552903 ], [ -13.7985409, 28.85525 ], [ -13.7985529, 28.8552163 ], [ -13.798552, 28.8551801 ], [ -13.7985428, 28.8551485 ], [ -13.7985131, 28.8551053 ], [ -13.7985138, 28.8550489 ], [ -13.7985045, 28.855024 ], [ -13.7984874, 28.8550036 ], [ -13.7984786, 28.8549854 ], [ -13.7984882, 28.8549381 ], [ -13.7984794, 28.8549178 ], [ -13.7984636, 28.8548996 ], [ -13.7984426, 28.8548836 ], [ -13.7984358, 28.8548677 ], [ -13.7984348, 28.8548452 ], [ -13.7984279, 28.8548248 ], [ -13.7984108, 28.8548111 ], [ -13.79837, 28.8547949 ], [ -13.7983538, 28.8547519 ], [ -13.7983444, 28.8547315 ], [ -13.7983185, 28.8546975 ], [ -13.7983149, 28.8546771 ], [ -13.7983018, 28.8546522 ], [ -13.7982795, 28.8546362 ], [ -13.7982559, 28.854627 ], [ -13.7982318, 28.8546019 ], [ -13.7982022, 28.8545633 ], [ -13.7981629, 28.8545246 ], [ -13.7981178, 28.8544949 ], [ -13.7980838, 28.8544427 ], [ -13.7980413, 28.8544017 ], [ -13.7980146, 28.8543879 ], [ -13.7979832, 28.8543854 ], [ -13.7979492, 28.8543918 ], [ -13.7979157, 28.8544073 ], [ -13.7978911, 28.8544297 ], [ -13.7978474, 28.8544925 ], [ -13.797839, 28.8545556 ], [ -13.7978362, 28.8545781 ], [ -13.7978238, 28.8545938 ], [ -13.7977987, 28.8546071 ], [ -13.797766, 28.8546068 ], [ -13.7977399, 28.8545975 ], [ -13.7976911, 28.8545497 ], [ -13.7976643, 28.8545337 ], [ -13.7976311, 28.8545244 ], [ -13.7975562, 28.8545192 ], [ -13.7975305, 28.8545257 ], [ -13.7975149, 28.8545459 ], [ -13.7975249, 28.8545708 ], [ -13.7975305, 28.8545799 ], [ -13.7975334, 28.8546047 ], [ -13.797519, 28.8546339 ], [ -13.7974995, 28.8546563 ], [ -13.7974505, 28.8546897 ], [ -13.7974297, 28.8547121 ], [ -13.797405, 28.8547457 ], [ -13.7973752, 28.8547703 ], [ -13.7973586, 28.8547724 ], [ -13.797324, 28.8547676 ], [ -13.7972932, 28.8547696 ], [ -13.7972739, 28.8547784 ], [ -13.7972597, 28.8547873 ], [ -13.7972435, 28.8547984 ], [ -13.7972256, 28.8548005 ], [ -13.7971413, 28.8547795 ], [ -13.7971048, 28.8547769 ], [ -13.7970748, 28.8547608 ], [ -13.7970533, 28.8547358 ], [ -13.7970291, 28.8547221 ], [ -13.7970021, 28.8547331 ], [ -13.7969807, 28.85476 ], [ -13.7969491, 28.8547733 ], [ -13.7969023, 28.8547796 ], [ -13.7968689, 28.8547883 ], [ -13.7967856, 28.8548395 ], [ -13.7967622, 28.8548686 ], [ -13.7967439, 28.8549 ], [ -13.7967156, 28.8549697 ], [ -13.7966828, 28.8550281 ], [ -13.7966583, 28.8550482 ], [ -13.7966275, 28.8550479 ], [ -13.7965734, 28.8550203 ], [ -13.7965464, 28.8550224 ], [ -13.7965205, 28.8550447 ], [ -13.7965123, 28.8550943 ], [ -13.7964973, 28.8551122 ], [ -13.7964742, 28.8551165 ], [ -13.7964566, 28.8550938 ], [ -13.7964467, 28.8550621 ], [ -13.7964285, 28.8550258 ], [ -13.7964083, 28.8549986 ], [ -13.7963829, 28.8549825 ], [ -13.7963458, 28.8549754 ], [ -13.7963023, 28.8549728 ], [ -13.7962555, 28.8549746 ], [ -13.7962086, 28.8549855 ], [ -13.7961731, 28.8550032 ], [ -13.7961644, 28.855037 ], [ -13.7961567, 28.8550956 ], [ -13.7961264, 28.8551111 ], [ -13.7960867, 28.8551085 ], [ -13.7960088, 28.855083 ], [ -13.7959846, 28.8550692 ], [ -13.7959752, 28.8550488 ], [ -13.7959718, 28.855015 ], [ -13.7959599, 28.8549946 ], [ -13.7959356, 28.8549853 ], [ -13.7959124, 28.8549964 ], [ -13.7958916, 28.855021 ], [ -13.7958664, 28.8550411 ], [ -13.7958273, 28.855043 ], [ -13.79578, 28.8550313 ], [ -13.7957207, 28.855006 ], [ -13.7956226, 28.8549554 ], [ -13.7956005, 28.854935 ], [ -13.7955989, 28.8549056 ], [ -13.7956114, 28.8548764 ], [ -13.7956303, 28.8548495 ], [ -13.7956287, 28.8548224 ], [ -13.7956008, 28.8547996 ], [ -13.795592, 28.8547792 ], [ -13.7956045, 28.8547545 ], [ -13.7956478, 28.8547142 ], [ -13.7956513, 28.8546917 ], [ -13.7956427, 28.8546646 ], [ -13.7956179, 28.8546418 ], [ -13.7955834, 28.8546347 ], [ -13.7955431, 28.8546366 ], [ -13.7955025, 28.8546475 ], [ -13.7954609, 28.8546449 ], [ -13.7954185, 28.8546558 ], [ -13.7953741, 28.854678 ], [ -13.7953119, 28.8547316 ], [ -13.7952745, 28.8547538 ], [ -13.7952468, 28.8547671 ], [ -13.7952097, 28.8547645 ], [ -13.7952004, 28.8547351 ], [ -13.7952258, 28.8547015 ], [ -13.7952543, 28.8546724 ], [ -13.7952674, 28.8546432 ], [ -13.7952548, 28.854625 ], [ -13.7951908, 28.8546199 ], [ -13.7951897, 28.8546064 ], [ -13.7952098, 28.8545885 ], [ -13.795217, 28.8545705 ], [ -13.7952, 28.8545501 ], [ -13.7951694, 28.854534 ], [ -13.7951316, 28.8545314 ], [ -13.7950364, 28.8545125 ], [ -13.7949915, 28.8545098 ], [ -13.7949577, 28.854505 ], [ -13.7949156, 28.8544866 ], [ -13.7948864, 28.8544638 ], [ -13.7948629, 28.8544432 ], [ -13.7948497, 28.8544251 ], [ -13.7948553, 28.8543213 ], [ -13.7948531, 28.8542897 ], [ -13.7948358, 28.8542377 ], [ -13.7948392, 28.854161 ], [ -13.7948304, 28.8541452 ], [ -13.7948019, 28.8541201 ], [ -13.7947643, 28.8541039 ], [ -13.7947208, 28.8540968 ], [ -13.794619, 28.8540914 ], [ -13.7945703, 28.8540887 ], [ -13.7945235, 28.854095 ], [ -13.7944894, 28.8541105 ], [ -13.7944822, 28.8541195 ], [ -13.794454, 28.8541779 ], [ -13.7944435, 28.8541936 ], [ -13.7944325, 28.854207 ], [ -13.7944208, 28.8542182 ], [ -13.794406, 28.8542248 ], [ -13.7943869, 28.8542224 ], [ -13.7943257, 28.8541948 ], [ -13.7942747, 28.8541695 ], [ -13.7942175, 28.8541306 ], [ -13.7941509, 28.8540714 ], [ -13.7940894, 28.8540144 ], [ -13.7939801, 28.8538826 ], [ -13.793925, 28.8538189 ], [ -13.7938205, 28.8536645 ], [ -13.7937708, 28.8535829 ], [ -13.7937219, 28.8534945 ], [ -13.7936431, 28.8533742 ], [ -13.7935814, 28.8532811 ], [ -13.7935177, 28.8531993 ], [ -13.7934546, 28.8531153 ], [ -13.7933793, 28.8530288 ], [ -13.7933111, 28.852947 ], [ -13.7932481, 28.8528517 ], [ -13.7931904, 28.8527474 ], [ -13.7931153, 28.8526474 ], [ -13.7930465, 28.8525611 ], [ -13.7929848, 28.8524613 ], [ -13.7929231, 28.8523659 ], [ -13.7928582, 28.8522706 ], [ -13.7927743, 28.852157 ], [ -13.7923054, 28.8514872 ], [ -13.7922307, 28.8514053 ], [ -13.7921971, 28.8513734 ], [ -13.7921119, 28.8513163 ], [ -13.7920903, 28.8513048 ], [ -13.7920814, 28.8512957 ], [ -13.7920739, 28.8512821 ], [ -13.7920748, 28.8512618 ], [ -13.7920693, 28.8512369 ], [ -13.7920449, 28.8511848 ], [ -13.7920478, 28.85116 ], [ -13.7920679, 28.8511376 ], [ -13.792082, 28.8511332 ], [ -13.7920976, 28.8511153 ], [ -13.792103, 28.8510928 ], [ -13.7920966, 28.8510386 ], [ -13.7920974, 28.8510206 ], [ -13.7920767, 28.8509865 ], [ -13.7920853, 28.8509618 ], [ -13.792107, 28.8509146 ], [ -13.7921009, 28.8508852 ], [ -13.7920781, 28.850858 ], [ -13.7920391, 28.8508531 ], [ -13.791991, 28.8508617 ], [ -13.7919404, 28.850859 ], [ -13.7919001, 28.8508518 ], [ -13.79186, 28.8508334 ], [ -13.7917849, 28.8507876 ], [ -13.7917361, 28.8507398 ], [ -13.791716, 28.8507058 ], [ -13.7917112, 28.8506809 ], [ -13.7917181, 28.8505839 ], [ -13.7917243, 28.850487 ], [ -13.7917268, 28.8503832 ], [ -13.7917107, 28.8503357 ], [ -13.7916849, 28.8502949 ], [ -13.7916532, 28.850263 ], [ -13.7915972, 28.8502332 ], [ -13.7915168, 28.8502054 ], [ -13.7914863, 28.8501825 ], [ -13.7914565, 28.8501529 ], [ -13.7914364, 28.8501211 ], [ -13.7914195, 28.8500849 ], [ -13.7913684, 28.8500168 ], [ -13.7913631, 28.8499806 ], [ -13.7913744, 28.8499424 ], [ -13.7913774, 28.8499018 ], [ -13.791367, 28.8498633 ], [ -13.7913044, 28.8497906 ], [ -13.7912805, 28.8497452 ], [ -13.7912687, 28.849718 ], [ -13.7912737, 28.8496752 ], [ -13.7912965, 28.8496393 ], [ -13.7913269, 28.8496125 ], [ -13.7913944, 28.8495928 ], [ -13.7914133, 28.8495727 ], [ -13.7914091, 28.8495433 ], [ -13.7913825, 28.8495183 ], [ -13.7913729, 28.8495137 ], [ -13.7913269, 28.8495087 ], [ -13.791286, 28.8494993 ], [ -13.7912452, 28.8494832 ], [ -13.7911827, 28.8494488 ], [ -13.7911475, 28.849453 ], [ -13.7911151, 28.8494843 ], [ -13.7910744, 28.849511 ], [ -13.7910535, 28.8494905 ], [ -13.7910616, 28.8493958 ], [ -13.7910587, 28.8493191 ], [ -13.7910649, 28.849283 ], [ -13.7910832, 28.8492448 ], [ -13.7910953, 28.8491975 ], [ -13.7910932, 28.8491592 ], [ -13.7910834, 28.8491252 ], [ -13.7910619, 28.849098 ], [ -13.7910199, 28.849075 ], [ -13.7909676, 28.849052 ], [ -13.7908778, 28.8490061 ], [ -13.7908131, 28.8489491 ], [ -13.7907916, 28.8489241 ], [ -13.7907832, 28.8488744 ], [ -13.7907656, 28.8488471 ], [ -13.7907363, 28.8488288 ], [ -13.7906992, 28.8488262 ], [ -13.7906479, 28.8488303 ], [ -13.7906191, 28.84883 ], [ -13.7905618, 28.848737 ], [ -13.7905105, 28.848635 ], [ -13.7904468, 28.8484855 ], [ -13.7903861, 28.848309 ], [ -13.7903597, 28.8482117 ], [ -13.7903233, 28.8480896 ], [ -13.7902957, 28.8479878 ], [ -13.7902691, 28.8478996 ], [ -13.7902119, 28.8477478 ], [ -13.790153, 28.8476368 ], [ -13.790109, 28.8475664 ], [ -13.790089, 28.8475189 ], [ -13.7900752, 28.8474985 ], [ -13.7900403, 28.8474688 ], [ -13.7900283, 28.8474506 ], [ -13.790024, 28.8474371 ], [ -13.7900319, 28.8474191 ], [ -13.7900501, 28.8473967 ], [ -13.7900632, 28.8473652 ], [ -13.7900643, 28.8473336 ], [ -13.7900447, 28.8473064 ], [ -13.7900078, 28.8472835 ], [ -13.7899503, 28.8472739 ], [ -13.7899003, 28.8472712 ], [ -13.7898666, 28.8472552 ], [ -13.7898485, 28.8472076 ], [ -13.7898287, 28.8470969 ], [ -13.7898216, 28.8470427 ], [ -13.7898114, 28.8469884 ], [ -13.7897551, 28.8468616 ], [ -13.7897087, 28.8467258 ], [ -13.789659, 28.84659 ], [ -13.7896093, 28.8464541 ], [ -13.7895575, 28.8463363 ], [ -13.7895245, 28.8462503 ], [ -13.7895176, 28.8462435 ], [ -13.7894892, 28.846153 ], [ -13.7894558, 28.8460444 ], [ -13.789442, 28.845963 ], [ -13.7894278, 28.8459178 ], [ -13.7894176, 28.8458613 ], [ -13.7893928, 28.8457866 ], [ -13.7893886, 28.8457662 ], [ -13.7893802, 28.8457165 ], [ -13.7893984, 28.8456355 ], [ -13.7893904, 28.8456038 ], [ -13.7893791, 28.8455857 ], [ -13.78935, 28.8455538 ], [ -13.7893157, 28.8455309 ], [ -13.7892802, 28.845499 ], [ -13.7892234, 28.8454263 ], [ -13.7891759, 28.8453763 ], [ -13.7891659, 28.8453558 ], [ -13.789168, 28.8453356 ], [ -13.7892256, 28.84523 ], [ -13.7892579, 28.8451604 ], [ -13.7892506, 28.845122 ], [ -13.7892284, 28.8451014 ], [ -13.7891778, 28.8450987 ], [ -13.7891653, 28.8450783 ], [ -13.789167, 28.8449813 ], [ -13.7891533, 28.8449519 ], [ -13.7891298, 28.8449314 ], [ -13.7891134, 28.8449131 ], [ -13.7891035, 28.8448815 ], [ -13.7890853, 28.8447933 ], [ -13.7890525, 28.844687 ], [ -13.7890085, 28.844567 ], [ -13.7889835, 28.8444562 ], [ -13.7889659, 28.8443658 ], [ -13.7889539, 28.8443025 ], [ -13.788955, 28.8442619 ], [ -13.7889731, 28.844244 ], [ -13.7890388, 28.8442153 ], [ -13.7890582, 28.8442019 ], [ -13.7890861, 28.8441728 ], [ -13.7891257, 28.8441213 ], [ -13.7891439, 28.8441012 ], [ -13.7891519, 28.8440764 ], [ -13.7891648, 28.8440156 ], [ -13.7891835, 28.8439458 ], [ -13.7892156, 28.8438852 ], [ -13.7892243, 28.8438514 ], [ -13.7892196, 28.843813 ], [ -13.7891892, 28.8437338 ], [ -13.7891818, 28.8437022 ], [ -13.7891546, 28.8436748 ], [ -13.789119, 28.843652 ], [ -13.7890833, 28.8436336 ], [ -13.7890541, 28.8436153 ], [ -13.7890175, 28.8435653 ], [ -13.7890267, 28.8435428 ], [ -13.7891023, 28.8434871 ], [ -13.7891244, 28.8434625 ], [ -13.7891414, 28.843431 ], [ -13.7891513, 28.843404 ], [ -13.7891532, 28.8433499 ], [ -13.7891606, 28.8433252 ], [ -13.7891704, 28.8433094 ], [ -13.7891937, 28.8432893 ], [ -13.7892276, 28.8432919 ], [ -13.7892748, 28.8433059 ], [ -13.7893715, 28.8433158 ], [ -13.789415, 28.8433116 ], [ -13.7894594, 28.8432985 ], [ -13.7895025, 28.8432899 ], [ -13.7895518, 28.8432926 ], [ -13.7895909, 28.8432861 ], [ -13.789627, 28.8432684 ], [ -13.789658, 28.8432416 ], [ -13.7896809, 28.8432057 ], [ -13.7896935, 28.8431675 ], [ -13.7896978, 28.8431269 ], [ -13.7896964, 28.8430818 ], [ -13.7896815, 28.8430433 ], [ -13.7896576, 28.843007 ], [ -13.7896284, 28.8429819 ], [ -13.7895965, 28.8429658 ], [ -13.7895712, 28.842943 ], [ -13.7895632, 28.8429114 ], [ -13.7895636, 28.8428775 ], [ -13.7895466, 28.8428458 ], [ -13.7895073, 28.8428161 ], [ -13.7894781, 28.842791 ], [ -13.789459, 28.8427254 ], [ -13.7894325, 28.8426958 ], [ -13.7893903, 28.8426842 ], [ -13.7893454, 28.842686 ], [ -13.7892304, 28.8427188 ], [ -13.7891758, 28.8427274 ], [ -13.7890873, 28.8427334 ], [ -13.7890494, 28.8427466 ], [ -13.7890029, 28.8427755 ], [ -13.7889807, 28.8427617 ], [ -13.7889822, 28.8427437 ], [ -13.7890036, 28.8427145 ], [ -13.7890626, 28.8426609 ], [ -13.7890673, 28.8426362 ], [ -13.7890593, 28.842609 ], [ -13.7890371, 28.8425907 ], [ -13.7889531, 28.8426036 ], [ -13.7888755, 28.8426029 ], [ -13.7888388, 28.8426161 ], [ -13.7888065, 28.8426428 ], [ -13.788785, 28.842672 ], [ -13.7887725, 28.8427057 ], [ -13.7887293, 28.8427798 ], [ -13.7887105, 28.8428044 ], [ -13.7886943, 28.8428201 ], [ -13.7886743, 28.8428267 ], [ -13.7886256, 28.8428262 ], [ -13.7885562, 28.8427895 ], [ -13.7885169, 28.8427598 ], [ -13.7884828, 28.8427166 ], [ -13.7884269, 28.8426191 ], [ -13.7884102, 28.8425671 ], [ -13.7883841, 28.842445 ], [ -13.7883892, 28.8423345 ], [ -13.7883981, 28.8422827 ], [ -13.7884236, 28.8421859 ], [ -13.7884623, 28.8421073 ], [ -13.7884936, 28.8420579 ], [ -13.7885026, 28.8420535 ], [ -13.7885154, 28.8420536 ], [ -13.7885454, 28.8420651 ], [ -13.7885937, 28.8421017 ], [ -13.7886223, 28.8421177 ], [ -13.7887388, 28.8421323 ], [ -13.788807, 28.84216 ], [ -13.7889261, 28.8421678 ], [ -13.7889607, 28.8421682 ], [ -13.7890044, 28.8421527 ], [ -13.7890862, 28.8421106 ], [ -13.7891198, 28.8420906 ], [ -13.7891425, 28.842066 ], [ -13.7891235, 28.8420455 ], [ -13.7890591, 28.8420246 ], [ -13.7890509, 28.8420088 ], [ -13.7890602, 28.841984 ], [ -13.7890918, 28.8419663 ], [ -13.7891251, 28.8419598 ], [ -13.7892341, 28.841954 ], [ -13.7892963, 28.8419478 ], [ -13.7893277, 28.8419481 ], [ -13.789349, 28.841937 ], [ -13.7893646, 28.8419213 ], [ -13.7894397, 28.8419062 ], [ -13.7894744, 28.8418952 ], [ -13.7895344, 28.8418552 ], [ -13.7895526, 28.8418328 ], [ -13.7895543, 28.8418035 ], [ -13.7895488, 28.8417718 ], [ -13.7895274, 28.8417468 ], [ -13.7895045, 28.8417286 ], [ -13.7894881, 28.8417036 ], [ -13.7894917, 28.8416743 ], [ -13.7895061, 28.8416428 ], [ -13.7895453, 28.8415823 ], [ -13.7895449, 28.8415574 ], [ -13.7895267, 28.8415257 ], [ -13.7894862, 28.841487 ], [ -13.7894714, 28.8414349 ], [ -13.7894659, 28.8414078 ], [ -13.7894521, 28.8413874 ], [ -13.7894259, 28.8413804 ], [ -13.7893965, 28.8413756 ], [ -13.789327, 28.8413479 ], [ -13.7892906, 28.8413318 ], [ -13.7892342, 28.8412816 ], [ -13.7892018, 28.8412633 ], [ -13.7891659, 28.8412585 ], [ -13.7890844, 28.8412713 ], [ -13.7890447, 28.8412687 ], [ -13.7890283, 28.8412504 ], [ -13.7890254, 28.8412188 ], [ -13.7890074, 28.8411758 ], [ -13.7889423, 28.8410985 ], [ -13.7889165, 28.8410599 ], [ -13.7888759, 28.841019 ], [ -13.7888403, 28.840996 ], [ -13.7887727, 28.8409684 ], [ -13.7887602, 28.8409457 ], [ -13.7887641, 28.8408826 ], [ -13.7887716, 28.8408488 ], [ -13.7887862, 28.8408061 ], [ -13.7887949, 28.8407723 ], [ -13.788806, 28.8407476 ], [ -13.7888319, 28.8407297 ], [ -13.7888648, 28.840712 ], [ -13.7889033, 28.8407033 ], [ -13.7889495, 28.840697 ], [ -13.7890373, 28.8406978 ], [ -13.7890732, 28.8406936 ], [ -13.7891343, 28.8406738 ], [ -13.7891763, 28.8406426 ], [ -13.7891812, 28.840602 ], [ -13.7891776, 28.8405839 ], [ -13.7891644, 28.8405613 ], [ -13.7891385, 28.8405339 ], [ -13.7891085, 28.8405179 ], [ -13.7890536, 28.8405061 ], [ -13.7890377, 28.8404947 ], [ -13.7890121, 28.8404877 ], [ -13.7889884, 28.840492 ], [ -13.7889692, 28.840485 ], [ -13.7889694, 28.8404692 ], [ -13.7889972, 28.8404515 ], [ -13.7890344, 28.8404428 ], [ -13.7890622, 28.840425 ], [ -13.7890829, 28.8404048 ], [ -13.7890883, 28.8403801 ], [ -13.7890655, 28.8403596 ], [ -13.789033, 28.8403457 ], [ -13.7889991, 28.8403432 ], [ -13.7889702, 28.8403452 ], [ -13.7889472, 28.8403404 ], [ -13.7889217, 28.8403289 ], [ -13.7888653, 28.8403352 ], [ -13.7888162, 28.840319 ], [ -13.7886888, 28.8402546 ], [ -13.788583, 28.8402063 ], [ -13.7885697, 28.8401881 ], [ -13.7885718, 28.8401724 ], [ -13.7885875, 28.8401477 ], [ -13.7886159, 28.8401299 ], [ -13.7886538, 28.8401212 ], [ -13.7887422, 28.8401243 ], [ -13.7887839, 28.8401201 ], [ -13.7888262, 28.8401115 ], [ -13.7888745, 28.8400938 ], [ -13.7889067, 28.8400761 ], [ -13.7889333, 28.8400538 ], [ -13.7889629, 28.8400383 ], [ -13.7890021, 28.8400296 ], [ -13.7891282, 28.8400375 ], [ -13.7891852, 28.8400357 ], [ -13.7892295, 28.8400293 ], [ -13.7892699, 28.8400207 ], [ -13.7893092, 28.8400075 ], [ -13.7893395, 28.8399897 ], [ -13.7893906, 28.8399496 ], [ -13.7894353, 28.8399071 ], [ -13.7894971, 28.8398783 ], [ -13.7895235, 28.8398628 ], [ -13.7895488, 28.8398382 ], [ -13.7895913, 28.8397664 ], [ -13.7895994, 28.8397258 ], [ -13.7896072, 28.8396063 ], [ -13.7896051, 28.8395702 ], [ -13.7895952, 28.8395363 ], [ -13.7895803, 28.8395 ], [ -13.7895589, 28.8394683 ], [ -13.7895297, 28.8394432 ], [ -13.7894928, 28.839418 ], [ -13.7894622, 28.839402 ], [ -13.7894157, 28.8393857 ], [ -13.7893248, 28.8393759 ], [ -13.7892141, 28.839314 ], [ -13.7891707, 28.8392955 ], [ -13.7891561, 28.8392886 ], [ -13.7891339, 28.8392704 ], [ -13.7890372, 28.8392131 ], [ -13.7890137, 28.8391948 ], [ -13.7889966, 28.8391721 ], [ -13.7889816, 28.8391382 ], [ -13.7889678, 28.8391155 ], [ -13.7889424, 28.8391017 ], [ -13.7889155, 28.839097 ], [ -13.7888898, 28.8391012 ], [ -13.7887844, 28.8391341 ], [ -13.7886688, 28.8391579 ], [ -13.7886212, 28.839171 ], [ -13.7885761, 28.8391909 ], [ -13.7885349, 28.8392131 ], [ -13.7884968, 28.8392398 ], [ -13.7884173, 28.8393046 ], [ -13.7883643, 28.8393357 ], [ -13.7883136, 28.8393488 ], [ -13.7882067, 28.839341 ], [ -13.7881011, 28.8393356 ], [ -13.7880568, 28.8393374 ], [ -13.7879532, 28.839323 ], [ -13.7879123, 28.8393203 ], [ -13.7878785, 28.839302 ], [ -13.7878376, 28.8392384 ], [ -13.7877922, 28.8391816 ], [ -13.7877565, 28.8391091 ], [ -13.7876647, 28.8388465 ], [ -13.7876543, 28.8388081 ], [ -13.7875998, 28.8386993 ], [ -13.7875477, 28.8386086 ], [ -13.7874922, 28.8385291 ], [ -13.7874637, 28.8384995 ], [ -13.7874352, 28.8384744 ], [ -13.7873932, 28.8384538 ], [ -13.7872626, 28.8384436 ], [ -13.7872157, 28.8384544 ], [ -13.7871802, 28.8384812 ], [ -13.7871535, 28.8385171 ], [ -13.787109, 28.8386001 ], [ -13.7870694, 28.8386923 ], [ -13.7870556, 28.8387283 ], [ -13.7870347, 28.8387597 ], [ -13.7870045, 28.8387639 ], [ -13.7869805, 28.8387389 ], [ -13.7869657, 28.8386914 ], [ -13.7869553, 28.8386461 ], [ -13.786941, 28.8386054 ], [ -13.7869119, 28.8385735 ], [ -13.7868704, 28.8385687 ], [ -13.7868255, 28.8385728 ], [ -13.7867754, 28.8385813 ], [ -13.7867292, 28.8385832 ], [ -13.786697, 28.8386009 ], [ -13.7866373, 28.8386704 ], [ -13.7865993, 28.8386836 ], [ -13.7865103, 28.8386828 ], [ -13.78645, 28.8386867 ], [ -13.7863999, 28.8386975 ], [ -13.7863555, 28.8387174 ], [ -13.7863399, 28.8387354 ], [ -13.7863209, 28.8387735 ], [ -13.7862738, 28.838798 ], [ -13.7861841, 28.8388017 ], [ -13.7861454, 28.8388284 ], [ -13.7861301, 28.8388779 ], [ -13.7861237, 28.8389297 ], [ -13.7861071, 28.8389837 ], [ -13.7860837, 28.8390106 ], [ -13.7860311, 28.8390124 ], [ -13.7859205, 28.8389978 ], [ -13.7858711, 28.8390019 ], [ -13.7858272, 28.8390286 ], [ -13.7857864, 28.8390733 ], [ -13.785751, 28.8391385 ], [ -13.7857171, 28.8391878 ], [ -13.7856711, 28.8392302 ], [ -13.7856257, 28.8392795 ], [ -13.7855618, 28.8393759 ], [ -13.785528, 28.8394207 ], [ -13.7854542, 28.83949 ], [ -13.7854084, 28.8395641 ], [ -13.7853754, 28.8395976 ], [ -13.7853089, 28.8397008 ], [ -13.7852348, 28.8397904 ], [ -13.7852015, 28.8398397 ], [ -13.785172, 28.8399026 ], [ -13.7851448, 28.8399859 ], [ -13.7850778, 28.8401184 ], [ -13.7850277, 28.8402488 ], [ -13.7850156, 28.8402938 ], [ -13.7850109, 28.8403705 ], [ -13.785018, 28.8404202 ], [ -13.7850381, 28.840452 ], [ -13.7850945, 28.8405088 ], [ -13.7851153, 28.8405384 ], [ -13.7851232, 28.8405723 ], [ -13.785117, 28.8406648 ], [ -13.7851127, 28.8407595 ], [ -13.7851051, 28.8408045 ], [ -13.7850816, 28.8408968 ], [ -13.7850442, 28.8410273 ], [ -13.7850162, 28.8411264 ], [ -13.784967, 28.8412816 ], [ -13.784943, 28.8413581 ], [ -13.7848843, 28.8415042 ], [ -13.7848519, 28.8415874 ], [ -13.7848092, 28.8416796 ], [ -13.7847261, 28.8418277 ], [ -13.7846843, 28.8419018 ], [ -13.7845898, 28.8420363 ], [ -13.784541, 28.8421081 ], [ -13.7844371, 28.842229 ], [ -13.7843611, 28.8423118 ], [ -13.7842958, 28.8423676 ], [ -13.7842286, 28.8424121 ], [ -13.7840925, 28.8424967 ], [ -13.7840151, 28.8425388 ], [ -13.7838723, 28.8426436 ], [ -13.7837858, 28.8427015 ], [ -13.783636, 28.8427994 ], [ -13.7834915, 28.8428906 ], [ -13.7833316, 28.8429771 ], [ -13.7832116, 28.8430437 ], [ -13.7831331, 28.8430791 ], [ -13.7829762, 28.8431319 ], [ -13.7828495, 28.8431713 ], [ -13.7827827, 28.8431843 ], [ -13.7826519, 28.8431966 ], [ -13.7825127, 28.8432134 ], [ -13.7823882, 28.8432281 ], [ -13.7823085, 28.8432499 ], [ -13.7822057, 28.8432738 ], [ -13.7821244, 28.8432708 ], [ -13.7821052, 28.8432639 ], [ -13.7820254, 28.8432406 ], [ -13.7819122, 28.8432283 ], [ -13.7818616, 28.8432233 ], [ -13.7818149, 28.8432229 ], [ -13.7817883, 28.843252 ], [ -13.7817871, 28.8432971 ], [ -13.7817803, 28.8433332 ], [ -13.7817588, 28.84336 ], [ -13.7817025, 28.8434069 ], [ -13.7816868, 28.8434361 ], [ -13.7816827, 28.8435196 ], [ -13.78168, 28.8435285 ], [ -13.7816612, 28.8435464 ], [ -13.781618, 28.8435686 ], [ -13.7814985, 28.8436533 ], [ -13.7813857, 28.8437132 ], [ -13.7812608, 28.8437662 ], [ -13.7812041, 28.8437972 ], [ -13.7810792, 28.8438435 ], [ -13.7810053, 28.8438631 ], [ -13.7808867, 28.8438733 ], [ -13.7807553, 28.843879 ], [ -13.7807182, 28.8438763 ], [ -13.7807092, 28.843874 ], [ -13.7806252, 28.8438259 ], [ -13.7805832, 28.8438052 ], [ -13.7805094, 28.8437594 ], [ -13.7804597, 28.8437386 ], [ -13.7804002, 28.8437268 ], [ -13.7803428, 28.843706 ], [ -13.7802912, 28.8436807 ], [ -13.78023, 28.8436576 ], [ -13.780127, 28.8435912 ], [ -13.7800568, 28.8435613 ], [ -13.7799904, 28.8435448 ], [ -13.7798505, 28.8435143 ], [ -13.7797956, 28.8434957 ], [ -13.7797452, 28.8434772 ], [ -13.7797026, 28.8434497 ], [ -13.7796658, 28.8434178 ], [ -13.7796051, 28.8434082 ], [ -13.7795307, 28.8434143 ], [ -13.7794181, 28.8434562 ], [ -13.7793615, 28.843476 ], [ -13.7793076, 28.8434823 ], [ -13.77925, 28.843475 ], [ -13.7791917, 28.8434699 ], [ -13.7791289, 28.8434784 ], [ -13.7790878, 28.8434871 ], [ -13.7790288, 28.8434956 ], [ -13.778985, 28.8435109 ], [ -13.7789323, 28.8435781 ], [ -13.7788896, 28.8436139 ], [ -13.7787714, 28.8436489 ], [ -13.7786979, 28.8436843 ], [ -13.7786361, 28.8437108 ], [ -13.7785547, 28.8437665 ], [ -13.7785078, 28.8437819 ], [ -13.7784672, 28.8438018 ], [ -13.7784393, 28.8438264 ], [ -13.7784376, 28.8438647 ], [ -13.7784543, 28.8439168 ], [ -13.7784808, 28.8439531 ], [ -13.778584, 28.8439992 ], [ -13.7786368, 28.8440312 ], [ -13.778696, 28.8440611 ], [ -13.7787342, 28.8440908 ], [ -13.7787618, 28.8441339 ], [ -13.7787919, 28.8441906 ], [ -13.7788344, 28.8442271 ], [ -13.7789317, 28.8442911 ], [ -13.7789736, 28.8443231 ], [ -13.7789988, 28.8443639 ], [ -13.7790066, 28.8444046 ], [ -13.7790091, 28.8444633 ], [ -13.7790426, 28.8445538 ], [ -13.7790531, 28.8445923 ], [ -13.7790513, 28.8446352 ], [ -13.7790676, 28.8446692 ], [ -13.7791107, 28.8447057 ], [ -13.779141, 28.8447443 ], [ -13.7791411, 28.8447894 ], [ -13.7791266, 28.8448299 ], [ -13.7791148, 28.8448523 ], [ -13.7790965, 28.8449334 ], [ -13.7790049, 28.8449912 ], [ -13.7789635, 28.8450225 ], [ -13.7789373, 28.8450673 ], [ -13.7789284, 28.8451191 ], [ -13.7789053, 28.8451799 ], [ -13.7788951, 28.8452317 ], [ -13.7789003, 28.8452791 ], [ -13.7789229, 28.8453199 ], [ -13.7789719, 28.8453497 ], [ -13.7790397, 28.8454112 ], [ -13.7790629, 28.8454498 ], [ -13.7790604, 28.8454994 ], [ -13.7790439, 28.8455466 ], [ -13.7790069, 28.8455869 ], [ -13.778932, 28.8456404 ], [ -13.7789047, 28.8456717 ], [ -13.7789056, 28.8456988 ], [ -13.7789624, 28.8457805 ], [ -13.7789726, 28.8458303 ], [ -13.7789503, 28.8458797 ], [ -13.7789151, 28.8459313 ], [ -13.7788314, 28.846023 ], [ -13.7787527, 28.8461216 ], [ -13.7786926, 28.8461662 ], [ -13.7786352, 28.8461972 ], [ -13.7785786, 28.846217 ], [ -13.7785177, 28.8462232 ], [ -13.7784614, 28.8462115 ], [ -13.7784156, 28.8461862 ], [ -13.7783413, 28.8461359 ], [ -13.778305, 28.846113 ], [ -13.778275, 28.8461037 ], [ -13.7782238, 28.8460965 ], [ -13.7781777, 28.8460983 ], [ -13.7781453, 28.8461274 ], [ -13.7781206, 28.8461565 ], [ -13.7781131, 28.8461948 ], [ -13.7781153, 28.846285 ], [ -13.7781063, 28.8463414 ], [ -13.7781058, 28.846382 ], [ -13.7781422, 28.8464477 ], [ -13.7781202, 28.8464656 ], [ -13.7780906, 28.8464788 ], [ -13.7780986, 28.8465038 ], [ -13.7781303, 28.8465334 ], [ -13.7781645, 28.846563 ], [ -13.7781603, 28.8465968 ], [ -13.7781336, 28.8466304 ], [ -13.7780956, 28.8466526 ], [ -13.7780557, 28.8466681 ], [ -13.7780146, 28.8466722 ], [ -13.7779666, 28.8466695 ], [ -13.7779194, 28.8466555 ], [ -13.7778663, 28.846646 ], [ -13.7778548, 28.8466459 ], [ -13.7778053, 28.846659 ], [ -13.7777627, 28.846688 ], [ -13.7777257, 28.846726 ], [ -13.7776467, 28.8467952 ], [ -13.777613, 28.8468355 ], [ -13.7775735, 28.8468645 ], [ -13.7774295, 28.8469106 ], [ -13.7773188, 28.8469479 ], [ -13.7772644, 28.8469497 ], [ -13.7771958, 28.8469558 ], [ -13.7770818, 28.8469999 ], [ -13.7770047, 28.8470195 ], [ -13.7769412, 28.8470302 ], [ -13.776823, 28.8470608 ], [ -13.7767173, 28.8470553 ], [ -13.7766699, 28.8470526 ], [ -13.7766269, 28.8470635 ], [ -13.7765926, 28.8470948 ], [ -13.7765728, 28.8471397 ], [ -13.7765654, 28.8471735 ], [ -13.7765362, 28.8471981 ], [ -13.7764213, 28.8472241 ], [ -13.7763051, 28.8472366 ], [ -13.776234, 28.847245 ], [ -13.7761304, 28.8472801 ], [ -13.7760744, 28.8473022 ], [ -13.7760253, 28.8473378 ], [ -13.7759346, 28.847416 ], [ -13.7758532, 28.8474784 ], [ -13.7758104, 28.8475209 ], [ -13.7757657, 28.8476175 ], [ -13.7757371, 28.8476556 ], [ -13.7756735, 28.8477204 ], [ -13.7755953, 28.8477807 ], [ -13.7755625, 28.8477939 ], [ -13.7755104, 28.8478115 ], [ -13.7754624, 28.8478043 ], [ -13.7754089, 28.8477835 ], [ -13.7753154, 28.8477262 ], [ -13.7752662, 28.84771 ], [ -13.775213, 28.8477095 ], [ -13.7751431, 28.8477156 ], [ -13.7750841, 28.8477264 ], [ -13.7750243, 28.8477416 ], [ -13.7749098, 28.8477834 ], [ -13.7747923, 28.847805 ], [ -13.7747383, 28.847818 ], [ -13.7746237, 28.8478689 ], [ -13.7745736, 28.8478819 ], [ -13.7745196, 28.8478905 ], [ -13.7744752, 28.8479059 ], [ -13.7744435, 28.8479394 ], [ -13.7744012, 28.8480496 ], [ -13.7743838, 28.8481126 ], [ -13.7743806, 28.8481667 ], [ -13.7743703, 28.8482208 ], [ -13.7743569, 28.8482703 ], [ -13.7743594, 28.8483922 ], [ -13.7743562, 28.8485004 ], [ -13.7743645, 28.8485592 ], [ -13.7743825, 28.8486067 ], [ -13.7743935, 28.8486519 ], [ -13.7743777, 28.8486856 ], [ -13.7743352, 28.8487056 ], [ -13.7743004, 28.8487188 ], [ -13.7742973, 28.8487616 ], [ -13.7743147, 28.8488159 ], [ -13.7743384, 28.848868 ], [ -13.7743475, 28.848911 ], [ -13.7743468, 28.8490261 ], [ -13.7743576, 28.8490871 ], [ -13.7743562, 28.8491548 ], [ -13.7743458, 28.849272 ], [ -13.7743401, 28.8493216 ], [ -13.774317, 28.8493845 ], [ -13.7743062, 28.8494296 ], [ -13.7743254, 28.8494816 ], [ -13.7743634, 28.8495203 ], [ -13.7744092, 28.8495501 ], [ -13.7744511, 28.849582 ], [ -13.7744641, 28.8496205 ], [ -13.7744124, 28.8497148 ], [ -13.7744097, 28.8497779 ], [ -13.7744143, 28.8498276 ], [ -13.7744323, 28.8498707 ], [ -13.7744608, 28.8499003 ], [ -13.7744932, 28.8499231 ], [ -13.7745204, 28.8499595 ], [ -13.7745223, 28.8500091 ], [ -13.7745173, 28.8500542 ], [ -13.7745191, 28.8500633 ], [ -13.7745431, 28.850095 ], [ -13.7745768, 28.8501179 ], [ -13.774599, 28.8501362 ], [ -13.7746072, 28.850152 ], [ -13.7746616, 28.8501548 ], [ -13.7746813, 28.8501685 ], [ -13.7747055, 28.8501823 ], [ -13.7747192, 28.8502162 ], [ -13.774732, 28.8502682 ], [ -13.7747425, 28.850415 ], [ -13.7747449, 28.8504804 ], [ -13.7747333, 28.8505977 ], [ -13.7747248, 28.8507217 ], [ -13.7747116, 28.8508614 ], [ -13.7746993, 28.8509809 ], [ -13.7746995, 28.8511298 ], [ -13.7746959, 28.851272 ], [ -13.7746829, 28.851344 ], [ -13.7746634, 28.8514183 ], [ -13.7746305, 28.8514925 ], [ -13.7745921, 28.851544 ], [ -13.7745372, 28.8515841 ], [ -13.7744791, 28.851622 ], [ -13.7744286, 28.8516621 ], [ -13.7743321, 28.8517537 ], [ -13.7742867, 28.8518007 ] ] ] } },
{ "type": "Feature", "properties": { "CCAA": "05 - Canarias", "PROVINCIA": "35 - Palmas, Las", "MUNICIPIO": "35034 - Yaiza", "COD_MUNICIPIO": "35034", "DISTRITO": "01", "SECCION": "3503401004", "V1_H": 80.21, "V1_M": 86.09, "V2_H": 80.08965404, "V2_M": 85.91309697, "V3_H": 80.44476746, "V3_M": 86.42186139 }, "geometry": { "type": "Polygon", "coordinates": [ [ [ -13.7608166, 28.865749 ], [ -13.8055624, 28.9084244 ], [ -13.8055668, 28.908425 ], [ -13.8056788, 28.9084395 ], [ -13.8058024, 28.9084564 ], [ -13.8058568, 28.9084636 ], [ -13.8058946, 28.9084572 ], [ -13.805999, 28.9084175 ], [ -13.8060866, 28.9083777 ], [ -13.8061318, 28.9083488 ], [ -13.806185, 28.9082906 ], [ -13.8062369, 28.9082346 ], [ -13.8062771, 28.9081966 ], [ -13.8063393, 28.908143 ], [ -13.8064476, 28.9080898 ], [ -13.8066043, 28.9080619 ], [ -13.8066922, 28.9080536 ], [ -13.806786, 28.9079823 ], [ -13.8068673, 28.9079424 ], [ -13.8069412, 28.907925 ], [ -13.8070291, 28.9079122 ], [ -13.8071368, 28.9079132 ], [ -13.80721, 28.9079071 ], [ -13.8073147, 28.9078877 ], [ -13.8074291, 28.9078571 ], [ -13.8075411, 28.9078197 ], [ -13.8076493, 28.9077733 ], [ -13.8077569, 28.9077314 ], [ -13.8078237, 28.9077139 ], [ -13.8079355, 28.9076991 ], [ -13.8080465, 28.9076866 ], [ -13.8081563, 28.9076695 ], [ -13.8082733, 28.9076412 ], [ -13.8083827, 28.9076016 ], [ -13.8084961, 28.9075507 ], [ -13.8085316, 28.9075307 ], [ -13.8085892, 28.9074838 ], [ -13.8086392, 28.9074256 ], [ -13.8087037, 28.9073359 ], [ -13.8087371, 28.907273 ], [ -13.8087596, 28.9072146 ], [ -13.808767, 28.9071808 ], [ -13.808792, 28.9070749 ], [ -13.8088136, 28.9069759 ], [ -13.8088127, 28.9068856 ], [ -13.8088467, 28.9067709 ], [ -13.8088663, 28.9066853 ], [ -13.8089019, 28.9065953 ], [ -13.8089471, 28.90651 ], [ -13.8089836, 28.9064562 ], [ -13.8090063, 28.9064315 ], [ -13.8090322, 28.9064092 ], [ -13.809091, 28.9063736 ], [ -13.8092153, 28.9063251 ], [ -13.8093222, 28.9062832 ], [ -13.8094253, 28.9062322 ], [ -13.809488, 28.9061876 ], [ -13.8095298, 28.906118 ], [ -13.80962, 28.9060196 ], [ -13.809688, 28.9059638 ], [ -13.8097635, 28.905917 ], [ -13.8098622, 28.9058593 ], [ -13.8100084, 28.9058086 ], [ -13.8100891, 28.9058116 ], [ -13.8101898, 28.9058012 ], [ -13.8103202, 28.9057821 ], [ -13.8103556, 28.9057711 ], [ -13.8103884, 28.9057579 ], [ -13.8104175, 28.9057401 ], [ -13.8104421, 28.9057155 ], [ -13.8104786, 28.9056639 ], [ -13.8105225, 28.9055786 ], [ -13.810564, 28.9054841 ], [ -13.8105903, 28.9054212 ], [ -13.8106236, 28.9053673 ], [ -13.8106684, 28.9053204 ], [ -13.8107233, 28.9052802 ], [ -13.8108137, 28.9052291 ], [ -13.8109149, 28.9051781 ], [ -13.8110149, 28.9051204 ], [ -13.8111156, 28.9050558 ], [ -13.8112214, 28.9049981 ], [ -13.8113202, 28.9049403 ], [ -13.8114144, 28.9048847 ], [ -13.8114738, 28.9048514 ], [ -13.8115324, 28.9048294 ], [ -13.811542, 28.9048272 ], [ -13.8116013, 28.9047916 ], [ -13.8116471, 28.9047717 ], [ -13.8117011, 28.9047564 ], [ -13.8117602, 28.9047502 ], [ -13.8118499, 28.9047532 ], [ -13.8119784, 28.9047791 ], [ -13.8121017, 28.9048118 ], [ -13.8121658, 28.9048147 ], [ -13.8122358, 28.904804 ], [ -13.8122705, 28.9047952 ], [ -13.8123337, 28.9047642 ], [ -13.8123951, 28.9047219 ], [ -13.812487, 28.904646 ], [ -13.8125776, 28.9045678 ], [ -13.8126682, 28.9044987 ], [ -13.8127378, 28.9044632 ], [ -13.8128086, 28.904439 ], [ -13.8129126, 28.9044264 ], [ -13.8130242, 28.9044138 ], [ -13.8131366, 28.9043968 ], [ -13.8132471, 28.9043774 ], [ -13.8133627, 28.9043581 ], [ -13.8134719, 28.9043343 ], [ -13.8135877, 28.9043014 ], [ -13.8136926, 28.904264 ], [ -13.813764, 28.9042444 ], [ -13.8138398, 28.9042315 ], [ -13.8139456, 28.9042301 ], [ -13.8140174, 28.9042285 ], [ -13.8141336, 28.9042138 ], [ -13.8142402, 28.9041899 ], [ -13.8143154, 28.9041792 ], [ -13.8144283, 28.904169 ], [ -13.8145361, 28.9041586 ], [ -13.8146509, 28.9041484 ], [ -13.8147806, 28.904136 ], [ -13.8148845, 28.9041301 ], [ -13.8149571, 28.9041172 ], [ -13.8150053, 28.9040996 ], [ -13.815057, 28.9040662 ], [ -13.8151354, 28.9039947 ], [ -13.8152195, 28.9039232 ], [ -13.8152796, 28.9038877 ], [ -13.8153401, 28.9038634 ], [ -13.815443, 28.903835 ], [ -13.8155458, 28.9038111 ], [ -13.815655, 28.9037939 ], [ -13.8157666, 28.9037836 ], [ -13.8158762, 28.9037824 ], [ -13.8159904, 28.9037788 ], [ -13.8160604, 28.9037727 ], [ -13.8161304, 28.9037575 ], [ -13.8162044, 28.9037333 ], [ -13.8162714, 28.9037046 ], [ -13.8163017, 28.9036891 ], [ -13.8163579, 28.9036444 ], [ -13.8164345, 28.9035684 ], [ -13.81649, 28.9035305 ], [ -13.816597, 28.9034796 ], [ -13.8166971, 28.903415 ], [ -13.8167248, 28.9033995 ], [ -13.816755, 28.9033907 ], [ -13.8168154, 28.9033845 ], [ -13.8169076, 28.9033898 ], [ -13.8170261, 28.9034044 ], [ -13.8171324, 28.9034121 ], [ -13.8172373, 28.9034243 ], [ -13.8173373, 28.9034319 ], [ -13.8174512, 28.9034465 ], [ -13.8175818, 28.9034566 ], [ -13.8177107, 28.9034578 ], [ -13.8178178, 28.9034497 ], [ -13.8179449, 28.903435 ], [ -13.8180797, 28.9034181 ], [ -13.8181895, 28.9034078 ], [ -13.818244, 28.903406 ], [ -13.8183654, 28.9034342 ], [ -13.8184651, 28.9034599 ], [ -13.818556, 28.903472 ], [ -13.8186784, 28.9034753 ], [ -13.8187976, 28.9034786 ], [ -13.8188842, 28.9034726 ], [ -13.8189845, 28.9034509 ], [ -13.8190796, 28.9034292 ], [ -13.8191792, 28.9034052 ], [ -13.8192821, 28.9033745 ], [ -13.8193748, 28.9033438 ], [ -13.8194636, 28.9033152 ], [ -13.8195042, 28.9032953 ], [ -13.8195395, 28.9032888 ], [ -13.8195882, 28.9032915 ], [ -13.81964, 28.9033032 ], [ -13.8197883, 28.9033384 ], [ -13.8198638, 28.9033526 ], [ -13.8199867, 28.9033649 ], [ -13.8200989, 28.9033659 ], [ -13.8201522, 28.9033596 ], [ -13.8202049, 28.9033465 ], [ -13.8203151, 28.9032911 ], [ -13.8204285, 28.9032379 ], [ -13.8205407, 28.9031802 ], [ -13.8206542, 28.9031181 ], [ -13.8207544, 28.903049 ], [ -13.8208054, 28.9030156 ], [ -13.8208331, 28.9030023 ], [ -13.8208601, 28.9029935 ], [ -13.8209153, 28.9029872 ], [ -13.8210241, 28.903004 ], [ -13.8211496, 28.9030208 ], [ -13.8212707, 28.9030242 ], [ -13.8214008, 28.903023 ], [ -13.8215188, 28.9030218 ], [ -13.8216419, 28.9030161 ], [ -13.8217566, 28.9030171 ], [ -13.8218417, 28.9030292 ], [ -13.8219339, 28.9030413 ], [ -13.8220198, 28.903042 ], [ -13.8221097, 28.9030315 ], [ -13.8221758, 28.9030185 ], [ -13.8222652, 28.9029923 ], [ -13.8223194, 28.9029679 ], [ -13.8223711, 28.9029323 ], [ -13.8224157, 28.902892 ], [ -13.8224346, 28.9028697 ], [ -13.8224595, 28.902818 ], [ -13.822498, 28.9027055 ], [ -13.8225453, 28.9025976 ], [ -13.8225937, 28.902519 ], [ -13.8226326, 28.902472 ], [ -13.8226766, 28.9024363 ], [ -13.8227244, 28.9024097 ], [ -13.822801, 28.9023832 ], [ -13.8229159, 28.9023617 ], [ -13.8230437, 28.9023448 ], [ -13.8231681, 28.9023368 ], [ -13.8233022, 28.9023289 ], [ -13.8234279, 28.9023233 ], [ -13.82356, 28.9023177 ], [ -13.8236819, 28.9023052 ], [ -13.8237846, 28.9022948 ], [ -13.8238772, 28.9022753 ], [ -13.8239749, 28.9022423 ], [ -13.8240748, 28.9022003 ], [ -13.8241625, 28.9021515 ], [ -13.8242567, 28.9020981 ], [ -13.8243484, 28.902038 ], [ -13.8244052, 28.9020047 ], [ -13.8244651, 28.9019781 ], [ -13.8245326, 28.9019606 ], [ -13.8245987, 28.9019522 ], [ -13.8246905, 28.9019417 ], [ -13.8247959, 28.9019156 ], [ -13.8249001, 28.9018871 ], [ -13.8249669, 28.9018742 ], [ -13.8250406, 28.9018726 ], [ -13.8251162, 28.90188 ], [ -13.8251872, 28.9018964 ], [ -13.8252925, 28.9019312 ], [ -13.8253992, 28.9019682 ], [ -13.8254987, 28.9020052 ], [ -13.8256098, 28.9020468 ], [ -13.8257137, 28.9020995 ], [ -13.8258189, 28.9021524 ], [ -13.8259272, 28.9022075 ], [ -13.8259909, 28.9022486 ], [ -13.8260855, 28.9023217 ], [ -13.8261719, 28.9023991 ], [ -13.8262487, 28.9024607 ], [ -13.8263169, 28.9025019 ], [ -13.8264138, 28.9025479 ], [ -13.8265171, 28.9025917 ], [ -13.8267995, 28.9026753 ], [ -13.8289162, 28.9032353 ], [ -13.8334108, 28.9038293 ], [ -13.8431613, 28.9047009 ], [ -13.8498149, 28.9057145 ], [ -13.8508135, 28.9059013 ], [ -13.8511815, 28.905954 ], [ -13.8511937, 28.9059541 ], [ -13.8514199, 28.9059674 ], [ -13.8516585, 28.9059536 ], [ -13.8518763, 28.9059645 ], [ -13.8520196, 28.9059928 ], [ -13.8523477, 28.9061151 ], [ -13.8526378, 28.9062598 ], [ -13.8528333, 28.9063788 ], [ -13.8531674, 28.9066569 ], [ -13.8534325, 28.9068599 ], [ -13.8536447, 28.9070332 ], [ -13.8537746, 28.907172 ], [ -13.8538517, 28.9072741 ], [ -13.8539755, 28.9074354 ], [ -13.8540008, 28.907413 ], [ -13.854009, 28.9073612 ], [ -13.8540077, 28.9073116 ], [ -13.8539941, 28.9072641 ], [ -13.8539741, 28.9072143 ], [ -13.853967, 28.9071578 ], [ -13.8539708, 28.9071082 ], [ -13.8539835, 28.9070609 ], [ -13.8539878, 28.9070158 ], [ -13.8539775, 28.9069684 ], [ -13.8539555, 28.9069253 ], [ -13.8539508, 28.9068892 ], [ -13.8539926, 28.9068173 ], [ -13.8539962, 28.9067768 ], [ -13.8539813, 28.906736 ], [ -13.853971, 28.9066863 ], [ -13.8539823, 28.9066412 ], [ -13.8540002, 28.9065895 ], [ -13.8540125, 28.9065219 ], [ -13.8540154, 28.9063753 ], [ -13.8540064, 28.9063165 ], [ -13.8539595, 28.9062124 ], [ -13.8539384, 28.9061445 ], [ -13.8539359, 28.9060858 ], [ -13.8539384, 28.9060317 ], [ -13.8539596, 28.9059145 ], [ -13.853969, 28.9058108 ], [ -13.8540078, 28.9057277 ], [ -13.8540671, 28.9056357 ], [ -13.8540844, 28.9055817 ], [ -13.8540856, 28.905532 ], [ -13.8540617, 28.9054912 ], [ -13.8540255, 28.9054548 ], [ -13.85401, 28.9054095 ], [ -13.8540119, 28.9053532 ], [ -13.854045, 28.9053151 ], [ -13.8540844, 28.9052838 ], [ -13.8541257, 28.9052639 ], [ -13.8541745, 28.9052508 ], [ -13.8542707, 28.9052493 ], [ -13.8543132, 28.9052294 ], [ -13.8543501, 28.9052004 ], [ -13.854392, 28.9051827 ], [ -13.8544253, 28.9051807 ], [ -13.8544651, 28.9051743 ], [ -13.8545062, 28.9051746 ], [ -13.8545418, 28.9051997 ], [ -13.8545651, 28.905236 ], [ -13.8545609, 28.9052744 ], [ -13.8545238, 28.9053214 ], [ -13.8545189, 28.905353 ], [ -13.8545289, 28.9053756 ], [ -13.8545654, 28.9053872 ], [ -13.8546173, 28.9053899 ], [ -13.8546728, 28.9054107 ], [ -13.8547952, 28.9054704 ], [ -13.8548605, 28.9054822 ], [ -13.8549457, 28.9054852 ], [ -13.855006, 28.9054789 ], [ -13.8550423, 28.9054454 ], [ -13.8550634, 28.9053914 ], [ -13.8550993, 28.9053353 ], [ -13.8551549, 28.9052907 ], [ -13.8552181, 28.9052596 ], [ -13.8552867, 28.905249 ], [ -13.8553424, 28.9052562 ], [ -13.8554117, 28.9052545 ], [ -13.8555246, 28.9051923 ], [ -13.8555698, 28.9051543 ], [ -13.855596, 28.9051072 ], [ -13.8556036, 28.9050599 ], [ -13.8556272, 28.9050149 ], [ -13.855661, 28.9049678 ], [ -13.8556713, 28.9049611 ], [ -13.8557522, 28.9048919 ], [ -13.8557895, 28.9048832 ], [ -13.855898, 28.9048706 ], [ -13.8559386, 28.9048506 ], [ -13.8559741, 28.9048216 ], [ -13.8559839, 28.9048081 ], [ -13.8559886, 28.904736 ], [ -13.8560017, 28.904709 ], [ -13.8560353, 28.9046822 ], [ -13.8561246, 28.9046062 ], [ -13.8562416, 28.904517 ], [ -13.856286, 28.9044993 ], [ -13.8563348, 28.9044952 ], [ -13.8563716, 28.904473 ], [ -13.8564001, 28.9044394 ], [ -13.8564115, 28.9044011 ], [ -13.8563989, 28.9043739 ], [ -13.8563685, 28.9043398 ], [ -13.8563315, 28.9043282 ], [ -13.8562424, 28.9043252 ], [ -13.8561977, 28.9043136 ], [ -13.8561665, 28.904293 ], [ -13.8561605, 28.9042591 ], [ -13.8561786, 28.9041825 ], [ -13.8561674, 28.9041486 ], [ -13.8561466, 28.9041168 ], [ -13.8561438, 28.9040762 ], [ -13.8561564, 28.9040402 ], [ -13.8561937, 28.904027 ], [ -13.8562386, 28.9040318 ], [ -13.856291, 28.9040481 ], [ -13.8563018, 28.9040527 ], [ -13.8563424, 28.9040914 ], [ -13.8563772, 28.9041391 ], [ -13.8564384, 28.9042276 ], [ -13.8564584, 28.9042706 ], [ -13.8565046, 28.9043793 ], [ -13.8565344, 28.9044112 ], [ -13.8565696, 28.9044182 ], [ -13.8566107, 28.9044141 ], [ -13.8566538, 28.9043986 ], [ -13.8567287, 28.9043496 ], [ -13.85683, 28.9043482 ], [ -13.8569319, 28.9043491 ], [ -13.8569808, 28.9043292 ], [ -13.8570223, 28.9042935 ], [ -13.8570555, 28.9042419 ], [ -13.8570741, 28.9041834 ], [ -13.8570824, 28.904127 ], [ -13.8570862, 28.904012 ], [ -13.8570799, 28.9038856 ], [ -13.8570818, 28.9037728 ], [ -13.8570747, 28.9037208 ], [ -13.8570499, 28.903698 ], [ -13.857028, 28.9037069 ], [ -13.8570072, 28.9037383 ], [ -13.8569729, 28.9037696 ], [ -13.8569401, 28.9037716 ], [ -13.856905, 28.9037645 ], [ -13.8568706, 28.9037417 ], [ -13.856844, 28.9037098 ], [ -13.8568284, 28.9036759 ], [ -13.8568413, 28.9036105 ], [ -13.8568727, 28.9035454 ], [ -13.85691, 28.9034825 ], [ -13.8569823, 28.9033816 ], [ -13.8569963, 28.9033298 ], [ -13.8569917, 28.9032756 ], [ -13.8569338, 28.9031826 ], [ -13.8568933, 28.903074 ], [ -13.8568534, 28.9030285 ], [ -13.8568037, 28.9029988 ], [ -13.8567618, 28.9029668 ], [ -13.8567406, 28.9029125 ], [ -13.8567373, 28.9028064 ], [ -13.8567103, 28.902752 ], [ -13.8566652, 28.9027111 ], [ -13.8565769, 28.9026404 ], [ -13.8565242, 28.9025903 ], [ -13.856489, 28.9025336 ], [ -13.856478, 28.9024793 ], [ -13.8564831, 28.9024252 ], [ -13.8565112, 28.9023803 ], [ -13.8565456, 28.9023423 ], [ -13.8565706, 28.9022838 ], [ -13.856613, 28.9021555 ], [ -13.8566228, 28.9020834 ], [ -13.8566139, 28.9020157 ], [ -13.8565842, 28.9019725 ], [ -13.8565687, 28.9019228 ], [ -13.8565529, 28.9018459 ], [ -13.856524, 28.9017916 ], [ -13.8565157, 28.9017869 ], [ -13.8564849, 28.9017935 ], [ -13.8564763, 28.9018227 ], [ -13.8564759, 28.9018543 ], [ -13.8564826, 28.901886 ], [ -13.8564855, 28.9019176 ], [ -13.8564717, 28.9019468 ], [ -13.8564452, 28.9019669 ], [ -13.8564, 28.9019958 ], [ -13.8563615, 28.9019977 ], [ -13.8563199, 28.9019929 ], [ -13.8562867, 28.9019813 ], [ -13.8562786, 28.9019632 ], [ -13.8562507, 28.9019359 ], [ -13.8562036, 28.9019039 ], [ -13.8561436, 28.9018763 ], [ -13.8560427, 28.9018416 ], [ -13.8559964, 28.9018006 ], [ -13.8559629, 28.9017529 ], [ -13.8559557, 28.9017122 ], [ -13.8559892, 28.901699 ], [ -13.8560249, 28.9017151 ], [ -13.8560624, 28.9017448 ], [ -13.856177, 28.9018157 ], [ -13.8562287, 28.9018319 ], [ -13.85628, 28.9018323 ], [ -13.8563283, 28.9018102 ], [ -13.856362, 28.9017744 ], [ -13.8563772, 28.9017384 ], [ -13.8563659, 28.901718 ], [ -13.8563314, 28.9017042 ], [ -13.8563086, 28.9016747 ], [ -13.8562912, 28.9016294 ], [ -13.8562942, 28.9015888 ], [ -13.856319, 28.9015506 ], [ -13.8563553, 28.9015126 ], [ -13.8563801, 28.9014745 ], [ -13.8563882, 28.9014339 ], [ -13.8563886, 28.9013955 ], [ -13.8564038, 28.9013528 ], [ -13.8564212, 28.901292 ], [ -13.856423, 28.9012424 ], [ -13.8564184, 28.9011905 ], [ -13.8564088, 28.9011385 ], [ -13.8563958, 28.9010933 ], [ -13.8563749, 28.901066 ], [ -13.856341, 28.9010635 ], [ -13.8562525, 28.901065 ], [ -13.8562232, 28.9010467 ], [ -13.8562202, 28.9010286 ], [ -13.8562429, 28.9010107 ], [ -13.8562809, 28.9009885 ], [ -13.8563658, 28.9009667 ], [ -13.8564007, 28.9009399 ], [ -13.8564132, 28.9009129 ], [ -13.8564181, 28.9008701 ], [ -13.8564211, 28.9007753 ], [ -13.8564364, 28.9007258 ], [ -13.8564651, 28.9006742 ], [ -13.8565131, 28.9006227 ], [ -13.8565469, 28.9005801 ], [ -13.8566309, 28.9005222 ], [ -13.8566281, 28.900486 ], [ -13.8565975, 28.9004722 ], [ -13.856527, 28.9004716 ], [ -13.8564977, 28.9004534 ], [ -13.8564924, 28.9004127 ], [ -13.8564992, 28.9003676 ], [ -13.8565159, 28.9003091 ], [ -13.8565585, 28.900226 ], [ -13.8565679, 28.9001877 ], [ -13.8565619, 28.9000884 ], [ -13.8565681, 28.90005 ], [ -13.8566037, 28.9000165 ], [ -13.8566573, 28.8999809 ], [ -13.8566988, 28.8999451 ], [ -13.8567511, 28.8999072 ], [ -13.8568428, 28.8998426 ], [ -13.8568854, 28.8998204 ], [ -13.8569251, 28.8998252 ], [ -13.8569671, 28.8998504 ], [ -13.8569779, 28.8998527 ], [ -13.8570319, 28.8998442 ], [ -13.8570924, 28.8998199 ], [ -13.8571777, 28.8997619 ], [ -13.8572254, 28.8997375 ], [ -13.8572777, 28.8996973 ], [ -13.857325, 28.8996526 ], [ -13.8573557, 28.899601 ], [ -13.8573728, 28.8995628 ], [ -13.8574041, 28.8995179 ], [ -13.8574421, 28.8994934 ], [ -13.8574923, 28.899478 ], [ -13.8575331, 28.8994378 ], [ -13.8575272, 28.8993903 ], [ -13.8575142, 28.8993541 ], [ -13.8575331, 28.8993182 ], [ -13.8575413, 28.8992754 ], [ -13.8575375, 28.8992167 ], [ -13.8575448, 28.8991874 ], [ -13.8575796, 28.8991742 ], [ -13.8576265, 28.8991655 ], [ -13.8576697, 28.8991388 ], [ -13.8576785, 28.8991005 ], [ -13.8576398, 28.8990641 ], [ -13.8575977, 28.8990435 ], [ -13.8575241, 28.8990315 ], [ -13.8574829, 28.8989906 ], [ -13.857477, 28.8989454 ], [ -13.8575029, 28.8989208 ], [ -13.8576125, 28.8989173 ], [ -13.8576736, 28.8989042 ], [ -13.8577339, 28.8989002 ], [ -13.8577394, 28.8989228 ], [ -13.8577281, 28.8989588 ], [ -13.8577388, 28.898977 ], [ -13.8577637, 28.8989907 ], [ -13.8577671, 28.8990268 ], [ -13.8577864, 28.8990744 ], [ -13.8578206, 28.8991153 ], [ -13.8578793, 28.8991429 ], [ -13.8578928, 28.899143 ], [ -13.8579531, 28.8991367 ], [ -13.8579901, 28.8990964 ], [ -13.8580023, 28.8990333 ], [ -13.857994, 28.8989701 ], [ -13.857974, 28.8989181 ], [ -13.8579759, 28.8988707 ], [ -13.8579726, 28.8988188 ], [ -13.8579319, 28.8987891 ], [ -13.857898, 28.8987843 ], [ -13.8578038, 28.898779 ], [ -13.8577649, 28.8987583 ], [ -13.8577429, 28.8987198 ], [ -13.8577305, 28.8986858 ], [ -13.8576992, 28.8986698 ], [ -13.8575973, 28.8986667 ], [ -13.8575571, 28.8986573 ], [ -13.8575265, 28.8986367 ], [ -13.8575113, 28.8986163 ], [ -13.8575116, 28.8985938 ], [ -13.8575195, 28.898578 ], [ -13.8575362, 28.8985691 ], [ -13.8576183, 28.8985698 ], [ -13.857712, 28.8985526 ], [ -13.8577553, 28.8985236 ], [ -13.8577757, 28.8984764 ], [ -13.8578275, 28.898373 ], [ -13.8578449, 28.8983055 ], [ -13.8578539, 28.8982447 ], [ -13.8578514, 28.8981769 ], [ -13.8578216, 28.8981429 ], [ -13.8577712, 28.8981289 ], [ -13.8577123, 28.8981216 ], [ -13.8576535, 28.8981008 ], [ -13.8576097, 28.8980688 ], [ -13.8576049, 28.8980327 ], [ -13.8576189, 28.8979877 ], [ -13.8576199, 28.8979539 ], [ -13.8576352, 28.8979044 ], [ -13.8576638, 28.8978662 ], [ -13.8576993, 28.8978485 ], [ -13.8577382, 28.8978556 ], [ -13.8577744, 28.897892 ], [ -13.8578177, 28.8979781 ], [ -13.8578546, 28.8980055 ], [ -13.8578641, 28.8980101 ], [ -13.8579128, 28.8980127 ], [ -13.857956, 28.8979906 ], [ -13.857975, 28.8979478 ], [ -13.8579813, 28.8979028 ], [ -13.8579696, 28.8978598 ], [ -13.8579425, 28.8978235 ], [ -13.8579139, 28.8977962 ], [ -13.8578658, 28.8977958 ], [ -13.8578184, 28.8977931 ], [ -13.8577738, 28.8977702 ], [ -13.8577498, 28.8977361 ], [ -13.8577444, 28.8977067 ], [ -13.8577899, 28.897644 ], [ -13.8578204, 28.8976149 ], [ -13.8578742, 28.8976131 ], [ -13.8579129, 28.8975999 ], [ -13.8579221, 28.8975729 ], [ -13.8578656, 28.8975228 ], [ -13.8578417, 28.8974842 ], [ -13.8578478, 28.8974482 ], [ -13.8578852, 28.8974281 ], [ -13.8579346, 28.8974263 ], [ -13.8579904, 28.8974245 ], [ -13.8580208, 28.8974022 ], [ -13.8580478, 28.8973934 ], [ -13.8580837, 28.8973915 ], [ -13.858116, 28.8973714 ], [ -13.8581464, 28.8973469 ], [ -13.8581785, 28.8973359 ], [ -13.8582451, 28.89735 ], [ -13.8583286, 28.8973913 ], [ -13.8583748, 28.8973782 ], [ -13.8584143, 28.8973446 ], [ -13.8584505, 28.8973224 ], [ -13.8584721, 28.8973384 ], [ -13.8584743, 28.8973677 ], [ -13.8584971, 28.8973972 ], [ -13.858506, 28.8974018 ], [ -13.8585636, 28.8974113 ], [ -13.85862, 28.8974141 ], [ -13.8586622, 28.8974212 ], [ -13.8586992, 28.897435 ], [ -13.8587403, 28.8974264 ], [ -13.8587765, 28.8973996 ], [ -13.8588068, 28.8973863 ], [ -13.8588414, 28.8973844 ], [ -13.8588707, 28.8973417 ], [ -13.858897, 28.8972878 ], [ -13.858902, 28.8972427 ], [ -13.85891, 28.8972135 ], [ -13.8589289, 28.8971843 ], [ -13.8589562, 28.897092 ], [ -13.8590024, 28.8970202 ], [ -13.8590392, 28.8970002 ], [ -13.8590653, 28.8970185 ], [ -13.8590751, 28.8970615 ], [ -13.859072, 28.8971133 ], [ -13.859063, 28.8971719 ], [ -13.8590747, 28.8972149 ], [ -13.8591207, 28.8972265 ], [ -13.8591727, 28.8972179 ], [ -13.859207, 28.8971889 ], [ -13.8592299, 28.8971462 ], [ -13.8592546, 28.8971171 ], [ -13.8592684, 28.8970834 ], [ -13.8592696, 28.8970292 ], [ -13.8592524, 28.8969659 ], [ -13.8592448, 28.8969546 ], [ -13.8592018, 28.8969046 ], [ -13.8591459, 28.896859 ], [ -13.8590494, 28.8967702 ], [ -13.8590325, 28.8967339 ], [ -13.8590621, 28.8967274 ], [ -13.8590947, 28.8967299 ], [ -13.8591772, 28.8967532 ], [ -13.8593176, 28.8968017 ], [ -13.8594077, 28.8968273 ], [ -13.8594986, 28.8968462 ], [ -13.8595902, 28.8968492 ], [ -13.8596579, 28.8968114 ], [ -13.8596886, 28.8967575 ], [ -13.8596907, 28.8967395 ], [ -13.8596636, 28.8967009 ], [ -13.8596093, 28.8966824 ], [ -13.8595827, 28.8966573 ], [ -13.8595784, 28.8966393 ], [ -13.859578, 28.8966122 ], [ -13.8596497, 28.8965586 ], [ -13.8596699, 28.8965362 ], [ -13.8597467, 28.8964872 ], [ -13.8597739, 28.8964559 ], [ -13.8597834, 28.8964108 ], [ -13.8597993, 28.8963659 ], [ -13.8598297, 28.896339 ], [ -13.8598798, 28.8963282 ], [ -13.8599659, 28.8963109 ], [ -13.8600058, 28.8962931 ], [ -13.8600344, 28.8962618 ], [ -13.8600452, 28.8962168 ], [ -13.8600219, 28.8961737 ], [ -13.8599723, 28.8961394 ], [ -13.8598275, 28.8961269 ], [ -13.8597874, 28.8961018 ], [ -13.8597885, 28.8960634 ], [ -13.8598291, 28.8960412 ], [ -13.8598799, 28.8960281 ], [ -13.8599219, 28.8960014 ], [ -13.8599656, 28.895986 ], [ -13.8600975, 28.8960006 ], [ -13.8601329, 28.8959851 ], [ -13.8601429, 28.8959491 ], [ -13.8601419, 28.8959198 ], [ -13.8601297, 28.8958723 ], [ -13.8601368, 28.8958611 ], [ -13.8601851, 28.8958434 ], [ -13.8602309, 28.895819 ], [ -13.8602608, 28.8957786 ], [ -13.8602912, 28.8957563 ], [ -13.860329, 28.8957544 ], [ -13.860368, 28.895766 ], [ -13.8604095, 28.8957821 ], [ -13.8604581, 28.8957916 ], [ -13.8604788, 28.8957759 ], [ -13.8604795, 28.8957669 ], [ -13.8604891, 28.8956452 ], [ -13.8605202, 28.8956184 ], [ -13.8605665, 28.8956052 ], [ -13.8606197, 28.8956102 ], [ -13.8606656, 28.8956286 ], [ -13.8607233, 28.8956336 ], [ -13.8607549, 28.8956136 ], [ -13.860768, 28.8955821 ], [ -13.8607946, 28.8955553 ], [ -13.8608356, 28.8955601 ], [ -13.8608854, 28.8955786 ], [ -13.8609403, 28.8955948 ], [ -13.860992, 28.8956133 ], [ -13.8610534, 28.8956274 ], [ -13.8610675, 28.8956275 ], [ -13.8611253, 28.895619 ], [ -13.8611717, 28.895599 ], [ -13.8612953, 28.8955414 ], [ -13.8613383, 28.8955396 ], [ -13.8616293, 28.8955961 ], [ -13.8616741, 28.8956101 ], [ -13.861693, 28.8956373 ], [ -13.8616909, 28.895714 ], [ -13.8616949, 28.8957546 ], [ -13.8617099, 28.8957931 ], [ -13.8617384, 28.8958272 ], [ -13.861776, 28.8958433 ], [ -13.861817, 28.8958482 ], [ -13.861928, 28.8958378 ], [ -13.862039, 28.8958298 ], [ -13.8621789, 28.8958039 ], [ -13.8622343, 28.8957863 ], [ -13.8622839, 28.8957596 ], [ -13.862391, 28.8956996 ], [ -13.8625182, 28.8956691 ], [ -13.8625811, 28.8956628 ], [ -13.8626648, 28.8956839 ], [ -13.8627193, 28.8956866 ], [ -13.8627751, 28.8956848 ], [ -13.8628308, 28.8956875 ], [ -13.8629821, 28.8956866 ], [ -13.8630957, 28.895674 ], [ -13.8631587, 28.8956587 ], [ -13.8632057, 28.8956365 ], [ -13.8632362, 28.8956029 ], [ -13.8632372, 28.8955759 ], [ -13.8632165, 28.8955283 ], [ -13.863183, 28.8954829 ], [ -13.8631257, 28.8953922 ], [ -13.8630773, 28.895306 ], [ -13.8630687, 28.8952721 ], [ -13.8630903, 28.8952317 ], [ -13.8631349, 28.8951915 ], [ -13.8631853, 28.8951603 ], [ -13.8632908, 28.8951183 ], [ -13.8633359, 28.8950961 ], [ -13.8633749, 28.8951055 ], [ -13.863397, 28.8951373 ], [ -13.8634018, 28.8951711 ], [ -13.863379, 28.8952048 ], [ -13.8633671, 28.8952386 ], [ -13.8633711, 28.8952792 ], [ -13.8634069, 28.8953494 ], [ -13.863438, 28.89544 ], [ -13.8634733, 28.8954944 ], [ -13.8635128, 28.8955105 ], [ -13.8635513, 28.8955109 ], [ -13.8636325, 28.8954664 ], [ -13.8636776, 28.8954487 ], [ -13.8637118, 28.8954287 ], [ -13.8637256, 28.8953927 ], [ -13.8637299, 28.8953567 ], [ -13.863755, 28.8953478 ], [ -13.863805, 28.8953483 ], [ -13.8638509, 28.8953667 ], [ -13.8638929, 28.8953919 ], [ -13.8639369, 28.8954126 ], [ -13.863985, 28.8954175 ], [ -13.8640382, 28.8954157 ], [ -13.8640896, 28.8954048 ], [ -13.864143, 28.8953827 ], [ -13.8642062, 28.8953449 ], [ -13.8643114, 28.8952781 ], [ -13.8643688, 28.8952493 ], [ -13.8644293, 28.8952294 ], [ -13.8645348, 28.8951965 ], [ -13.8645821, 28.8952037 ], [ -13.864598, 28.8952106 ], [ -13.8646543, 28.8952223 ], [ -13.8647599, 28.895239 ], [ -13.8648105, 28.8952394 ], [ -13.8649239, 28.8952471 ], [ -13.8649764, 28.8952521 ], [ -13.8650212, 28.8952615 ], [ -13.8650652, 28.8952754 ], [ -13.8651712, 28.8953124 ], [ -13.8652819, 28.8953382 ], [ -13.8654013, 28.8953752 ], [ -13.8655169, 28.8954146 ], [ -13.865633, 28.895463 ], [ -13.8656668, 28.8954813 ], [ -13.8657675, 28.8955385 ], [ -13.8658669, 28.8955913 ], [ -13.8659152, 28.8956233 ], [ -13.8660114, 28.8956827 ], [ -13.8661268, 28.8957356 ], [ -13.8661727, 28.8957608 ], [ -13.8662598, 28.8958225 ], [ -13.8663038, 28.8958454 ], [ -13.8663429, 28.8958525 ], [ -13.8663737, 28.8958415 ], [ -13.8663908, 28.8958055 ], [ -13.8663964, 28.8957582 ], [ -13.8663905, 28.895713 ], [ -13.8663755, 28.8956768 ], [ -13.8663586, 28.8955796 ], [ -13.8663387, 28.8955321 ], [ -13.8663078, 28.8954844 ], [ -13.8662717, 28.8954412 ], [ -13.8662523, 28.895396 ], [ -13.8662631, 28.8953487 ], [ -13.8662808, 28.8953059 ], [ -13.8662871, 28.8952609 ], [ -13.8662844, 28.8952157 ], [ -13.8662663, 28.8951659 ], [ -13.8662149, 28.895064 ], [ -13.8661619, 28.8949823 ], [ -13.8661783, 28.8949531 ], [ -13.8662174, 28.8949489 ], [ -13.8663095, 28.8949723 ], [ -13.8663535, 28.8949929 ], [ -13.8663909, 28.8950226 ], [ -13.8664196, 28.8950409 ], [ -13.8664657, 28.895048 ], [ -13.8665118, 28.8950462 ], [ -13.8665505, 28.8950284 ], [ -13.8665867, 28.8949994 ], [ -13.8666325, 28.8949727 ], [ -13.8667216, 28.8949126 ], [ -13.8667823, 28.8948769 ], [ -13.8668868, 28.8948147 ], [ -13.8669811, 28.8947478 ], [ -13.8670344, 28.8947347 ], [ -13.8671265, 28.894758 ], [ -13.8672027, 28.8947609 ], [ -13.8672149, 28.8947565 ], [ -13.8672676, 28.8947502 ], [ -13.8673226, 28.8947551 ], [ -13.8673852, 28.894776 ], [ -13.8674349, 28.8948012 ], [ -13.8675382, 28.8948562 ], [ -13.8676647, 28.8948957 ], [ -13.8677373, 28.8949346 ], [ -13.8677973, 28.8949555 ], [ -13.8678702, 28.8949696 ], [ -13.8679305, 28.8949746 ], [ -13.8680509, 28.8949824 ], [ -13.8681963, 28.8949904 ], [ -13.8683203, 28.8950208 ], [ -13.8683863, 28.8950258 ], [ -13.8684434, 28.8950218 ], [ -13.8684958, 28.8950268 ], [ -13.8685566, 28.8950408 ], [ -13.86862, 28.8950526 ], [ -13.8686706, 28.895053 ], [ -13.8687573, 28.8950357 ], [ -13.8688081, 28.8950181 ], [ -13.8688392, 28.8949935 ], [ -13.8688688, 28.8949171 ], [ -13.8688936, 28.8948789 ], [ -13.8689266, 28.8948476 ], [ -13.8689572, 28.8948072 ], [ -13.8689599, 28.894796 ], [ -13.8689668, 28.8947509 ], [ -13.8689654, 28.8947013 ], [ -13.8689613, 28.8945997 ], [ -13.8689484, 28.8944958 ], [ -13.8689445, 28.8944416 ], [ -13.8689483, 28.8943807 ], [ -13.8689516, 28.8943695 ], [ -13.8689778, 28.8943223 ], [ -13.8690353, 28.894228 ], [ -13.8690926, 28.8941405 ], [ -13.8691102, 28.8940527 ], [ -13.8691319, 28.8940077 ], [ -13.8691766, 28.8939607 ], [ -13.8692237, 28.8939295 ], [ -13.8692797, 28.8939097 ], [ -13.8693516, 28.8939013 ], [ -13.8694317, 28.8938974 ], [ -13.869578, 28.8938851 ], [ -13.8697511, 28.8938843 ], [ -13.869819, 28.8938917 ], [ -13.8698957, 28.8939058 ], [ -13.8700236, 28.893934 ], [ -13.8700934, 28.8939436 ], [ -13.8701638, 28.893951 ], [ -13.870233, 28.8939493 ], [ -13.8702902, 28.8939385 ], [ -13.8703513, 28.8939209 ], [ -13.8704539, 28.8939128 ], [ -13.8705328, 28.8939044 ], [ -13.8706223, 28.8938691 ], [ -13.8707318, 28.8938226 ], [ -13.870787, 28.8938095 ], [ -13.8708568, 28.8938146 ], [ -13.8709253, 28.8938242 ], [ -13.8710034, 28.8938407 ], [ -13.8710602, 28.8938637 ], [ -13.8711259, 28.8938845 ], [ -13.8711764, 28.8939053 ], [ -13.8712655, 28.8939602 ], [ -13.8713204, 28.893981 ], [ -13.8714009, 28.8940042 ], [ -13.8715199, 28.8940278 ], [ -13.8716556, 28.8940424 ], [ -13.8717759, 28.8940637 ], [ -13.871847, 28.8940688 ], [ -13.8719022, 28.894058 ], [ -13.8719126, 28.8940514 ], [ -13.8720004, 28.8939912 ], [ -13.8720532, 28.8939645 ], [ -13.8721702, 28.8939362 ], [ -13.8722229, 28.8939163 ], [ -13.8723465, 28.8938722 ], [ -13.8723908, 28.8938658 ], [ -13.8725106, 28.8938691 ], [ -13.8725649, 28.8938853 ], [ -13.8726199, 28.8938925 ], [ -13.8727224, 28.8938979 ], [ -13.8728436, 28.8939012 ], [ -13.8729204, 28.8939086 ], [ -13.8729773, 28.8939249 ], [ -13.8730994, 28.8939485 ], [ -13.8731564, 28.8939534 ], [ -13.8732154, 28.8939539 ], [ -13.8733204, 28.8939638 ], [ -13.8733794, 28.8939621 ], [ -13.8734148, 28.8939466 ], [ -13.873435, 28.8939129 ], [ -13.8734489, 28.8938769 ], [ -13.873471, 28.8938433 ], [ -13.8734862, 28.893805 ], [ -13.8734918, 28.89376 ], [ -13.8734917, 28.8937103 ], [ -13.8734974, 28.8936585 ], [ -13.873536, 28.8935866 ], [ -13.8735461, 28.8935416 ], [ -13.8735491, 28.8934423 ], [ -13.8735534, 28.8933949 ], [ -13.8735665, 28.8933161 ], [ -13.873565, 28.893271 ], [ -13.8735337, 28.8931985 ], [ -13.8735404, 28.8931737 ], [ -13.8735694, 28.893165 ], [ -13.8736604, 28.8931657 ], [ -13.8737098, 28.8931549 ], [ -13.8737967, 28.8930653 ], [ -13.8738342, 28.8930363 ], [ -13.8738621, 28.8930049 ], [ -13.8739191, 28.8929467 ], [ -13.873931, 28.8929153 ], [ -13.8739292, 28.892904 ], [ -13.8739117, 28.8928677 ], [ -13.8739187, 28.8928114 ], [ -13.873979, 28.8928051 ], [ -13.8740278, 28.892792 ], [ -13.8740601, 28.8927765 ], [ -13.8740815, 28.8927473 ], [ -13.8740981, 28.8926956 ], [ -13.8740928, 28.8926526 ], [ -13.8740664, 28.892605 ], [ -13.8740508, 28.8925666 ], [ -13.8740569, 28.8925328 ], [ -13.8740904, 28.8925218 ], [ -13.874182, 28.8925225 ], [ -13.8742207, 28.8925071 ], [ -13.8742433, 28.8924892 ], [ -13.8743035, 28.8924333 ], [ -13.8743402, 28.8924155 ], [ -13.8744434, 28.8924141 ], [ -13.8744961, 28.892401 ], [ -13.8745419, 28.8923789 ], [ -13.874573, 28.8923475 ], [ -13.8746124, 28.892314 ], [ -13.8746524, 28.8922918 ], [ -13.8746937, 28.8922718 ], [ -13.874733, 28.8922496 ], [ -13.8747661, 28.8922138 ], [ -13.8747838, 28.8921755 ], [ -13.8747868, 28.8921305 ], [ -13.8747629, 28.892031 ], [ -13.8747634, 28.8919881 ], [ -13.8747913, 28.8919523 ], [ -13.8748282, 28.891921 ], [ -13.8748706, 28.89191 ], [ -13.8749173, 28.8919127 ], [ -13.8749466, 28.8919333 ], [ -13.8749667, 28.8919718 ], [ -13.8749977, 28.8920104 ], [ -13.8750263, 28.8920309 ], [ -13.8750609, 28.8920357 ], [ -13.8751045, 28.8920316 ], [ -13.8751477, 28.8920094 ], [ -13.8751833, 28.8919781 ], [ -13.87522, 28.8919581 ], [ -13.8752631, 28.8919494 ], [ -13.8753709, 28.8919345 ], [ -13.8754286, 28.891935 ], [ -13.8754767, 28.8919286 ], [ -13.8755218, 28.891911 ], [ -13.875558, 28.8918842 ], [ -13.8755917, 28.8918484 ], [ -13.8756082, 28.8918056 ], [ -13.875613, 28.8917763 ], [ -13.8756127, 28.8916839 ], [ -13.8756259, 28.8916456 ], [ -13.8756324, 28.8916389 ], [ -13.8756908, 28.8915762 ], [ -13.8757162, 28.8915358 ], [ -13.8757587, 28.8914549 ], [ -13.8757996, 28.8914101 ], [ -13.8758384, 28.8913789 ], [ -13.8758937, 28.8913026 ], [ -13.8759592, 28.8912264 ], [ -13.8759873, 28.8911838 ], [ -13.8760031, 28.8911411 ], [ -13.8760056, 28.8910847 ], [ -13.8759894, 28.8910394 ], [ -13.8759957, 28.8910011 ], [ -13.8760535, 28.8909226 ], [ -13.876091, 28.8908936 ], [ -13.8761372, 28.890885 ], [ -13.8761929, 28.8908945 ], [ -13.8762516, 28.8909198 ], [ -13.8763481, 28.8909477 ], [ -13.8764006, 28.8909526 ], [ -13.8764609, 28.8909441 ], [ -13.8765041, 28.8909242 ], [ -13.8765351, 28.8908973 ], [ -13.8765567, 28.8908614 ], [ -13.8765879, 28.8908188 ], [ -13.8765999, 28.8907805 ], [ -13.8765971, 28.8907399 ], [ -13.8765757, 28.8907059 ], [ -13.8765645, 28.8906697 ], [ -13.8765916, 28.8906541 ], [ -13.8766636, 28.8906931 ], [ -13.8767314, 28.8907094 ], [ -13.8767679, 28.8907097 ], [ -13.876844, 28.8906698 ], [ -13.8768813, 28.890661 ], [ -13.8769333, 28.8906502 ], [ -13.8769847, 28.8906348 ], [ -13.877035, 28.8906104 ], [ -13.8770821, 28.8905792 ], [ -13.877127, 28.8905728 ], [ -13.8771949, 28.8905757 ], [ -13.8772483, 28.8905671 ], [ -13.8772978, 28.8905472 ], [ -13.877383, 28.890496 ], [ -13.8774134, 28.8904669 ], [ -13.8774215, 28.8904286 ], [ -13.8774444, 28.8903859 ], [ -13.8774833, 28.8903434 ], [ -13.8775621, 28.8902831 ], [ -13.877606, 28.8902587 ], [ -13.8776397, 28.8902251 ], [ -13.8776842, 28.8901352 ], [ -13.8777218, 28.8900972 ], [ -13.8777717, 28.8900525 ], [ -13.8778588, 28.8899946 ], [ -13.8779172, 28.8899296 ], [ -13.8779917, 28.8899122 ], [ -13.8780247, 28.8898876 ], [ -13.8781096, 28.8897936 ], [ -13.8781409, 28.8897464 ], [ -13.8781976, 28.8896567 ], [ -13.8782638, 28.8895782 ], [ -13.8783316, 28.8894773 ], [ -13.8783838, 28.8893897 ], [ -13.8784061, 28.8893425 ], [ -13.8784143, 28.889293 ], [ -13.8784257, 28.8892479 ], [ -13.8784574, 28.8892256 ], [ -13.8785024, 28.889208 ], [ -13.8785469, 28.8891835 ], [ -13.8785998, 28.8891479 ], [ -13.8787009, 28.8890471 ], [ -13.8787162, 28.8890021 ], [ -13.878725, 28.8889503 ], [ -13.8787549, 28.8889167 ], [ -13.878801, 28.8889171 ], [ -13.8788619, 28.8889199 ], [ -13.8789087, 28.8889158 ], [ -13.8789481, 28.888889 ], [ -13.8790314, 28.8888265 ], [ -13.8790824, 28.8887999 ], [ -13.8791326, 28.88878 ], [ -13.8792455, 28.8887674 ], [ -13.8792818, 28.8887361 ], [ -13.8793143, 28.8886935 ], [ -13.8793818, 28.8886151 ], [ -13.8794193, 28.8885793 ], [ -13.8794544, 28.888539 ], [ -13.879469, 28.8884849 ], [ -13.8794726, 28.8884511 ], [ -13.8794866, 28.8884039 ], [ -13.8795126, 28.888368 ], [ -13.879522, 28.8883275 ], [ -13.8795225, 28.8882778 ], [ -13.8795307, 28.8882327 ], [ -13.8795523, 28.8881923 ], [ -13.8795777, 28.8881542 ], [ -13.8796275, 28.888053 ], [ -13.8796536, 28.8880082 ], [ -13.8796861, 28.8879701 ], [ -13.8797274, 28.8879366 ], [ -13.8797745, 28.8879076 ], [ -13.8798172, 28.8878741 ], [ -13.8798363, 28.8878314 ], [ -13.8798624, 28.887782 ], [ -13.8798979, 28.8877552 ], [ -13.879943, 28.8877353 ], [ -13.8799995, 28.8877312 ], [ -13.880061, 28.887734 ], [ -13.880106, 28.8877186 ], [ -13.8801423, 28.8876828 ], [ -13.8801646, 28.8876356 ], [ -13.8801735, 28.8875793 ], [ -13.8801462, 28.8874978 ], [ -13.8801696, 28.8874641 ], [ -13.8802644, 28.8874153 ], [ -13.8803006, 28.8873795 ], [ -13.8803184, 28.8873345 ], [ -13.8803311, 28.8872872 ], [ -13.8803348, 28.8872467 ], [ -13.8803474, 28.8871994 ], [ -13.8803836, 28.8871704 ], [ -13.8804313, 28.8871504 ], [ -13.8804782, 28.8871396 ], [ -13.8805307, 28.8871422 ], [ -13.8805877, 28.8871495 ], [ -13.8806384, 28.8871409 ], [ -13.8806975, 28.8871233 ], [ -13.8807951, 28.8870565 ], [ -13.880853, 28.8870344 ], [ -13.8809042, 28.887037 ], [ -13.8810092, 28.887047 ], [ -13.8810664, 28.8870316 ], [ -13.881102, 28.8870003 ], [ -13.8811256, 28.8869509 ], [ -13.881137, 28.8869081 ], [ -13.8811547, 28.8868654 ], [ -13.8811928, 28.8868431 ], [ -13.8812486, 28.8868368 ], [ -13.8813039, 28.8868193 ], [ -13.8813344, 28.8867879 ], [ -13.8813425, 28.8867496 ], [ -13.8813253, 28.8866773 ], [ -13.8813308, 28.8866412 ], [ -13.8813586, 28.8866189 ], [ -13.8814493, 28.8865926 ], [ -13.8814956, 28.8865726 ], [ -13.8815926, 28.8865532 ], [ -13.8816409, 28.886531 ], [ -13.8816636, 28.8865109 ], [ -13.8816814, 28.8864659 ], [ -13.8817069, 28.8863578 ], [ -13.8817273, 28.8863061 ], [ -13.8807384, 28.8860068 ], [ -13.8800526, 28.8858229 ], [ -13.8799318, 28.8857993 ], [ -13.8798507, 28.8857715 ], [ -13.8797024, 28.8857342 ], [ -13.8795252, 28.8856989 ], [ -13.87932, 28.8856498 ], [ -13.8791526, 28.8856055 ], [ -13.8790055, 28.885575 ], [ -13.8789045, 28.8855516 ], [ -13.8787222, 28.8855162 ], [ -13.8785975, 28.8854881 ], [ -13.8783923, 28.8854345 ], [ -13.8782223, 28.8853947 ], [ -13.8780854, 28.885371 ], [ -13.8779198, 28.8853358 ], [ -13.8776792, 28.8852955 ], [ -13.8774414, 28.8852461 ], [ -13.8771977, 28.8851921 ], [ -13.8770878, 28.8851664 ], [ -13.8769626, 28.8851315 ], [ -13.876852, 28.8850968 ], [ -13.8767804, 28.8850804 ], [ -13.8765067, 28.8850262 ], [ -13.8762293, 28.8849562 ], [ -13.876003, 28.8849024 ], [ -13.8756948, 28.8848367 ], [ -13.8753789, 28.8847709 ], [ -13.8749634, 28.8846681 ], [ -13.8746239, 28.8845886 ], [ -13.8743861, 28.8845392 ], [ -13.8739288, 28.8844451 ], [ -13.8736961, 28.884398 ], [ -13.8733049, 28.8843 ], [ -13.8730811, 28.8842462 ], [ -13.8728037, 28.884183 ], [ -13.8725217, 28.8841152 ], [ -13.8721408, 28.884024 ], [ -13.8719215, 28.8839726 ], [ -13.8715755, 28.8839042 ], [ -13.8711732, 28.8838219 ], [ -13.8707084, 28.883721 ], [ -13.8703753, 28.883646 ], [ -13.8701739, 28.8836059 ], [ -13.8698912, 28.8835517 ], [ -13.8694346, 28.8834576 ], [ -13.8690849, 28.8833802 ], [ -13.8687288, 28.8832982 ], [ -13.868434, 28.8832326 ], [ -13.8682039, 28.883181 ], [ -13.867945, 28.8831179 ], [ -13.8675313, 28.8830242 ], [ -13.8670326, 28.8829117 ], [ -13.8667418, 28.8828483 ], [ -13.8666291, 28.8828293 ], [ -13.8664399, 28.8827871 ], [ -13.8663178, 28.8827545 ], [ -13.8662476, 28.8827359 ], [ -13.8661031, 28.8827031 ], [ -13.8659062, 28.8826518 ], [ -13.8657515, 28.8826166 ], [ -13.8655732, 28.8825768 ], [ -13.8654145, 28.8825461 ], [ -13.8651889, 28.8824856 ], [ -13.8650803, 28.8824598 ], [ -13.8649665, 28.8824295 ], [ -13.8648522, 28.8823992 ], [ -13.8646495, 28.8823569 ], [ -13.8644301, 28.8823122 ], [ -13.8643131, 28.8822841 ], [ -13.8641693, 28.8822491 ], [ -13.8640294, 28.8822118 ], [ -13.8639027, 28.8821836 ], [ -13.8636937, 28.882139 ], [ -13.8635537, 28.8821062 ], [ -13.8633618, 28.8820685 ], [ -13.8632442, 28.8820405 ], [ -13.863071, 28.8819961 ], [ -13.8629547, 28.8819681 ], [ -13.8627118, 28.8819028 ], [ -13.86251, 28.8818425 ], [ -13.8623968, 28.8818167 ], [ -13.862285, 28.8817842 ], [ -13.8620922, 28.8817171 ], [ -13.8611296, 28.8815375 ], [ -13.8597178, 28.881415 ], [ -13.8574244, 28.8813324 ], [ -13.8548541, 28.8812384 ], [ -13.8514551, 28.8811034 ], [ -13.8486345, 28.8809981 ], [ -13.8468159, 28.880969 ], [ -13.8457384, 28.880935 ], [ -13.8449351, 28.8808356 ], [ -13.8434969, 28.8805525 ], [ -13.8413195, 28.8801254 ], [ -13.8393078, 28.8798374 ], [ -13.8366519, 28.8796182 ], [ -13.8351206, 28.8794696 ], [ -13.8344637, 28.8794142 ], [ -13.8344199, 28.880806 ], [ -13.8343964, 28.8816451 ], [ -13.8343893, 28.8817737 ], [ -13.8340726, 28.8817258 ], [ -13.8337085, 28.8816707 ], [ -13.8335735, 28.8816493 ], [ -13.8333996, 28.8816117 ], [ -13.8332032, 28.8815806 ], [ -13.8330105, 28.8815609 ], [ -13.8329458, 28.8815603 ], [ -13.8328099, 28.8815637 ], [ -13.8326636, 28.881576 ], [ -13.8202649, 28.8814229 ], [ -13.8172208, 28.8799454 ], [ -13.8126707, 28.8763315 ], [ -13.8107228, 28.8745115 ], [ -13.8104361, 28.8738524 ], [ -13.8104231, 28.8729746 ], [ -13.8088162, 28.8730619 ], [ -13.8056473, 28.8731715 ], [ -13.7983626, 28.8711957 ], [ -13.7953196, 28.8702322 ], [ -13.7928674, 28.8690551 ], [ -13.7900178, 28.8670598 ], [ -13.7898633, 28.866738 ], [ -13.7896306, 28.8653032 ], [ -13.7882886, 28.8620647 ], [ -13.7875584, 28.8606637 ], [ -13.7870437, 28.860183 ], [ -13.7867785, 28.8596211 ], [ -13.7869432, 28.8590653 ], [ -13.7875383, 28.858475 ], [ -13.7878159, 28.8579585 ], [ -13.7875715, 28.8575976 ], [ -13.78687, 28.8575913 ], [ -13.7862142, 28.8575651 ], [ -13.7856965, 28.8573416 ], [ -13.7852285, 28.8567597 ], [ -13.7837898, 28.8560112 ], [ -13.7825767, 28.8552625 ], [ -13.781546, 28.8544184 ], [ -13.7807627, 28.8537321 ], [ -13.7806355, 28.8529954 ], [ -13.780484, 28.8524165 ], [ -13.7797827, 28.8523898 ], [ -13.7792163, 28.8525043 ], [ -13.778474, 28.8521591 ], [ -13.777662, 28.8519532 ], [ -13.7766886, 28.8520233 ], [ -13.7757157, 28.8520551 ], [ -13.7750817, 28.8520877 ], [ -13.7742867, 28.8518007 ], [ -13.7742265, 28.8518498 ], [ -13.7741761, 28.8518854 ], [ -13.7741315, 28.8519211 ], [ -13.7740367, 28.8519767 ], [ -13.7739582, 28.8520076 ], [ -13.7739273, 28.852014 ], [ -13.7739171, 28.8520094 ], [ -13.7738276, 28.8519432 ], [ -13.7737836, 28.8519202 ], [ -13.7737307, 28.8519017 ], [ -13.773682, 28.851899 ], [ -13.7736313, 28.8519031 ], [ -13.7735843, 28.8519297 ], [ -13.7735524, 28.85197 ], [ -13.7735511, 28.8520219 ], [ -13.7735711, 28.8520695 ], [ -13.7735975, 28.8521148 ], [ -13.773604, 28.8521623 ], [ -13.7735657, 28.8522025 ], [ -13.7734979, 28.8522493 ], [ -13.7734468, 28.8522917 ], [ -13.7733855, 28.8523227 ], [ -13.773327, 28.852338 ], [ -13.7731977, 28.85233 ], [ -13.7731156, 28.8523428 ], [ -13.7730398, 28.8523602 ], [ -13.7729778, 28.8523957 ], [ -13.772932, 28.8524269 ], [ -13.7728399, 28.8525208 ], [ -13.7727714, 28.8525699 ], [ -13.7727037, 28.8526076 ], [ -13.7726387, 28.8526341 ], [ -13.7725642, 28.8526447 ], [ -13.7724161, 28.8526546 ], [ -13.7723436, 28.8526652 ], [ -13.7721971, 28.8527022 ], [ -13.7721227, 28.8527106 ], [ -13.7720653, 28.8527372 ], [ -13.7720161, 28.8527796 ], [ -13.771991, 28.8528448 ], [ -13.7719722, 28.8529213 ], [ -13.7719542, 28.8529776 ], [ -13.7719536, 28.8530317 ], [ -13.771967, 28.8530882 ], [ -13.7719613, 28.8531378 ], [ -13.7719308, 28.8531692 ], [ -13.7718496, 28.8532113 ], [ -13.7718484, 28.8533105 ], [ -13.7718396, 28.8533533 ], [ -13.7717925, 28.8533822 ], [ -13.7717277, 28.8533839 ], [ -13.7715913, 28.8533781 ], [ -13.7715291, 28.8533866 ], [ -13.7714846, 28.853411 ], [ -13.7714205, 28.853521 ], [ -13.7713821, 28.8535725 ], [ -13.7713386, 28.8536218 ], [ -13.7713041, 28.8536688 ], [ -13.771276, 28.8537182 ], [ -13.771272, 28.8537791 ], [ -13.7712825, 28.8538717 ], [ -13.7712977, 28.8539373 ], [ -13.7713451, 28.854055 ], [ -13.7713961, 28.8541773 ], [ -13.771445, 28.8542161 ], [ -13.7715043, 28.854246 ], [ -13.771543, 28.8542779 ], [ -13.7715568, 28.8543029 ], [ -13.771578, 28.8543527 ], [ -13.7715895, 28.8544025 ], [ -13.7715911, 28.854486 ], [ -13.7715843, 28.8545243 ], [ -13.7715621, 28.8545579 ], [ -13.7715145, 28.8545778 ], [ -13.7713848, 28.8546014 ], [ -13.7713453, 28.8546349 ], [ -13.7713659, 28.8546802 ], [ -13.7714361, 28.8547034 ], [ -13.771568, 28.8547136 ], [ -13.7716196, 28.8547367 ], [ -13.7716805, 28.8547846 ], [ -13.7717925, 28.8548578 ], [ -13.7718248, 28.8548852 ], [ -13.7718937, 28.8549129 ], [ -13.7719567, 28.8550015 ], [ -13.7720055, 28.8550448 ], [ -13.7720467, 28.8550857 ], [ -13.7720905, 28.8551155 ], [ -13.772169, 28.8551478 ], [ -13.7722122, 28.8551775 ], [ -13.772232, 28.8552409 ], [ -13.7722466, 28.8553042 ], [ -13.7722646, 28.8553517 ], [ -13.7722659, 28.8554081 ], [ -13.7722564, 28.8555028 ], [ -13.7722549, 28.8555254 ], [ -13.7722437, 28.8555478 ], [ -13.772206, 28.8555949 ], [ -13.7721479, 28.8556846 ], [ -13.772077, 28.8557742 ], [ -13.7719909, 28.8558479 ], [ -13.771906, 28.8559374 ], [ -13.7718624, 28.8559956 ], [ -13.7718316, 28.8560495 ], [ -13.7717836, 28.8561573 ], [ -13.771777, 28.8562769 ], [ -13.7717695, 28.8563715 ], [ -13.7717759, 28.8564258 ], [ -13.7717717, 28.8564618 ], [ -13.7717225, 28.8565516 ], [ -13.7717035, 28.8565943 ], [ -13.771678, 28.8566347 ], [ -13.7716404, 28.8566727 ], [ -13.7715894, 28.8567061 ], [ -13.7714732, 28.8567276 ], [ -13.7713841, 28.8567855 ], [ -13.7713542, 28.8568213 ], [ -13.7713473, 28.8568618 ], [ -13.7713836, 28.8569366 ], [ -13.7713747, 28.8569817 ], [ -13.7713364, 28.8570265 ], [ -13.7713085, 28.8570533 ], [ -13.7712013, 28.8571312 ], [ -13.7711452, 28.8571578 ], [ -13.7710213, 28.8571792 ], [ -13.770955, 28.8572035 ], [ -13.7708829, 28.8572321 ], [ -13.7707988, 28.8572494 ], [ -13.7706447, 28.8572706 ], [ -13.7705593, 28.8572856 ], [ -13.7704152, 28.8573362 ], [ -13.7703432, 28.8573581 ], [ -13.7702655, 28.8573709 ], [ -13.7701707, 28.8573655 ], [ -13.7701055, 28.8573559 ], [ -13.7700326, 28.8573507 ], [ -13.769858, 28.8573694 ], [ -13.7696982, 28.8573951 ], [ -13.7696109, 28.8574078 ], [ -13.7695359, 28.8574139 ], [ -13.7694802, 28.8574111 ], [ -13.7694265, 28.8573994 ], [ -13.7693795, 28.8573651 ], [ -13.7693325, 28.8573263 ], [ -13.7692893, 28.8572966 ], [ -13.7692381, 28.8572893 ], [ -13.7691867, 28.8573001 ], [ -13.7691499, 28.8573246 ], [ -13.769138, 28.8573538 ], [ -13.7691305, 28.8574553 ], [ -13.7691092, 28.8575725 ], [ -13.7691028, 28.8576288 ], [ -13.7690823, 28.8576805 ], [ -13.7690556, 28.8577209 ], [ -13.7690292, 28.8577816 ], [ -13.7690184, 28.8578311 ], [ -13.7690099, 28.8579506 ], [ -13.7690131, 28.858007 ], [ -13.7690212, 28.8580297 ], [ -13.7690381, 28.8580614 ], [ -13.7690474, 28.8580863 ], [ -13.7690444, 28.8581201 ], [ -13.7690395, 28.8581585 ], [ -13.7690248, 28.8582079 ], [ -13.7689601, 28.8583156 ], [ -13.7688815, 28.8584142 ], [ -13.7688431, 28.858459 ], [ -13.7688105, 28.8585083 ], [ -13.7687721, 28.8585576 ], [ -13.7687261, 28.8585978 ], [ -13.7686849, 28.8586177 ], [ -13.7686265, 28.8586262 ], [ -13.7685683, 28.8586167 ], [ -13.7684997, 28.8586228 ], [ -13.7684296, 28.8586402 ], [ -13.7683531, 28.8586666 ], [ -13.7682802, 28.8587043 ], [ -13.7682253, 28.8587399 ], [ -13.7681604, 28.8587596 ], [ -13.7680769, 28.8587769 ], [ -13.7680139, 28.8587966 ], [ -13.7679865, 28.858837 ], [ -13.7679757, 28.8588775 ], [ -13.7679371, 28.8588997 ], [ -13.7678094, 28.8589098 ], [ -13.7677528, 28.8589319 ], [ -13.7676844, 28.8589696 ], [ -13.7676233, 28.8589871 ], [ -13.7674837, 28.8589836 ], [ -13.7674061, 28.8589896 ], [ -13.7673418, 28.8590071 ], [ -13.7672342, 28.859058 ], [ -13.7672245, 28.8590669 ], [ -13.7672118, 28.8591142 ], [ -13.7671945, 28.8591614 ], [ -13.7671538, 28.8591926 ], [ -13.7671289, 28.859242 ], [ -13.7671084, 28.859296 ], [ -13.7670694, 28.8593362 ], [ -13.7670133, 28.8593696 ], [ -13.7669464, 28.8593983 ], [ -13.7668794, 28.8594225 ], [ -13.7668239, 28.8594558 ], [ -13.766783, 28.8595006 ], [ -13.7666898, 28.8595855 ], [ -13.7666546, 28.8596303 ], [ -13.7666054, 28.8597336 ], [ -13.7665659, 28.859819 ], [ -13.7665423, 28.8598662 ], [ -13.7665441, 28.8599271 ], [ -13.7665614, 28.8599791 ], [ -13.7666192, 28.8600812 ], [ -13.766641, 28.8601852 ], [ -13.7666154, 28.8602391 ], [ -13.7666078, 28.8602887 ], [ -13.7666264, 28.8603407 ], [ -13.7666424, 28.8603951 ], [ -13.7666578, 28.8605012 ], [ -13.7666507, 28.8605598 ], [ -13.7666297, 28.8606025 ], [ -13.7665844, 28.8606427 ], [ -13.7665621, 28.8606808 ], [ -13.7665553, 28.8607711 ], [ -13.7665626, 28.8608049 ], [ -13.7665751, 28.8608344 ], [ -13.7666077, 28.8608934 ], [ -13.7665963, 28.8609339 ], [ -13.7665426, 28.8610327 ], [ -13.7665126, 28.8610798 ], [ -13.7664807, 28.8611201 ], [ -13.7664418, 28.8611581 ], [ -13.7663902, 28.8611869 ], [ -13.7663284, 28.8612157 ], [ -13.7662787, 28.8612468 ], [ -13.766222, 28.8612689 ], [ -13.7661571, 28.8612818 ], [ -13.7660966, 28.8613061 ], [ -13.7660481, 28.8613418 ], [ -13.7659997, 28.8613706 ], [ -13.7659444, 28.8613882 ], [ -13.7658328, 28.8614052 ], [ -13.7657692, 28.8614137 ], [ -13.7657096, 28.8614131 ], [ -13.7656565, 28.8614036 ], [ -13.7656049, 28.8613851 ], [ -13.765548, 28.861371 ], [ -13.7654967, 28.861375 ], [ -13.7654636, 28.8614086 ], [ -13.7654272, 28.8614579 ], [ -13.7653876, 28.8614959 ], [ -13.765357, 28.8615385 ], [ -13.765352, 28.8615813 ], [ -13.7653831, 28.8616606 ], [ -13.7653731, 28.8616898 ], [ -13.7653332, 28.8617052 ], [ -13.7652705, 28.8617001 ], [ -13.7652021, 28.8616837 ], [ -13.7651868, 28.8616836 ], [ -13.7651715, 28.8616744 ], [ -13.765146, 28.8616629 ], [ -13.7651122, 28.8616536 ], [ -13.7650827, 28.8616511 ], [ -13.765057, 28.8616621 ], [ -13.7650399, 28.8616935 ], [ -13.7650286, 28.861725 ], [ -13.76499, 28.8617404 ], [ -13.7649401, 28.8617377 ], [ -13.764896, 28.8617306 ], [ -13.764852, 28.8617121 ], [ -13.7647957, 28.861698 ], [ -13.7647458, 28.8616976 ], [ -13.7646982, 28.8617152 ], [ -13.7646735, 28.8617375 ], [ -13.7646436, 28.8617779 ], [ -13.7645895, 28.861906 ], [ -13.7645823, 28.8619172 ], [ -13.7645468, 28.8619417 ], [ -13.7645274, 28.8619618 ], [ -13.764511, 28.8619888 ], [ -13.7644785, 28.8620855 ], [ -13.7644621, 28.8621169 ], [ -13.7644284, 28.8621505 ], [ -13.7644134, 28.8621706 ], [ -13.7644099, 28.8621976 ], [ -13.7644143, 28.8622586 ], [ -13.764419, 28.862297 ], [ -13.7644163, 28.8623557 ], [ -13.7644185, 28.862385 ], [ -13.7644409, 28.8624416 ], [ -13.764458, 28.862514 ], [ -13.7644611, 28.8625749 ], [ -13.7644525, 28.8626538 ], [ -13.7644432, 28.8626898 ], [ -13.7644274, 28.8627167 ], [ -13.7644035, 28.8627391 ], [ -13.7643764, 28.8627569 ], [ -13.7643299, 28.8627813 ], [ -13.7642885, 28.8628148 ], [ -13.7642739, 28.862862 ], [ -13.7642602, 28.8628822 ], [ -13.7642435, 28.8629384 ], [ -13.7642285, 28.8629586 ], [ -13.7641615, 28.8629896 ], [ -13.7641549, 28.8630053 ], [ -13.7641552, 28.8630324 ], [ -13.7641641, 28.8630934 ], [ -13.7641874, 28.8631252 ], [ -13.7642148, 28.8631435 ], [ -13.7642241, 28.8631639 ], [ -13.7642264, 28.8631887 ], [ -13.764237, 28.8632136 ], [ -13.7642699, 28.8632546 ], [ -13.7642851, 28.8632682 ], [ -13.764315, 28.8632888 ], [ -13.7643542, 28.8633275 ], [ -13.7643579, 28.8633434 ], [ -13.7643513, 28.8633591 ], [ -13.7643196, 28.8633859 ], [ -13.7642812, 28.8634352 ], [ -13.7642573, 28.863453 ], [ -13.7642044, 28.8634841 ], [ -13.7641465, 28.8635558 ], [ -13.7641219, 28.8635781 ], [ -13.7640398, 28.8636315 ], [ -13.7640135, 28.8636425 ], [ -13.7639807, 28.8636445 ], [ -13.7639539, 28.8636397 ], [ -13.76391, 28.8636145 ], [ -13.7638751, 28.8635826 ], [ -13.7638378, 28.8635416 ], [ -13.7638263, 28.8635348 ], [ -13.7638, 28.8634917 ], [ -13.7637783, 28.8634261 ], [ -13.7637689, 28.8634102 ], [ -13.7637562, 28.8633988 ], [ -13.7637351, 28.8633941 ], [ -13.7637133, 28.8633939 ], [ -13.7636902, 28.8634004 ], [ -13.7636243, 28.8634427 ], [ -13.7635881, 28.8634717 ], [ -13.7635796, 28.8634874 ], [ -13.7635833, 28.8634987 ], [ -13.7636086, 28.8635192 ], [ -13.7636049, 28.8635689 ], [ -13.7635976, 28.8635846 ], [ -13.763575, 28.8635979 ], [ -13.7635385, 28.8635998 ], [ -13.7634988, 28.8635995 ], [ -13.7634566, 28.8635923 ], [ -13.7634299, 28.863574 ], [ -13.7634057, 28.8635625 ], [ -13.7633794, 28.8635623 ], [ -13.763314, 28.8635707 ], [ -13.7632608, 28.8635702 ], [ -13.763218, 28.8635585 ], [ -13.7631692, 28.8635604 ], [ -13.7631333, 28.8635713 ], [ -13.7630964, 28.8636003 ], [ -13.763084, 28.8636137 ], [ -13.7630864, 28.8636273 ], [ -13.7631025, 28.8636297 ], [ -13.7631685, 28.8636258 ], [ -13.7631915, 28.8636282 ], [ -13.7632094, 28.8636374 ], [ -13.7632441, 28.8636761 ], [ -13.7632745, 28.863708 ], [ -13.7632737, 28.8637237 ], [ -13.7632626, 28.863744 ], [ -13.7632393, 28.863755 ], [ -13.7631701, 28.8637567 ], [ -13.7631419, 28.8637609 ], [ -13.7631207, 28.8637697 ], [ -13.7630798, 28.8638055 ], [ -13.7630465, 28.8638074 ], [ -13.7629998, 28.8637979 ], [ -13.7629627, 28.8637976 ], [ -13.7629313, 28.8637996 ], [ -13.7628991, 28.8638106 ], [ -13.7628256, 28.863846 ], [ -13.7628084, 28.8638391 ], [ -13.7627851, 28.8638028 ], [ -13.762766, 28.8637958 ], [ -13.7626647, 28.8638017 ], [ -13.7625587, 28.863821 ], [ -13.7624804, 28.8638338 ], [ -13.7624259, 28.8638378 ], [ -13.7624066, 28.8638421 ], [ -13.7623948, 28.8638646 ], [ -13.7623832, 28.8639231 ], [ -13.7623645, 28.8639388 ], [ -13.7622936, 28.8639697 ], [ -13.7622716, 28.8639898 ], [ -13.762261, 28.8640168 ], [ -13.7622611, 28.8640664 ], [ -13.7622715, 28.8641004 ], [ -13.7622954, 28.8641435 ], [ -13.7622894, 28.8642156 ], [ -13.7622827, 28.8642358 ], [ -13.762283, 28.8642742 ], [ -13.7622783, 28.8642922 ], [ -13.7622691, 28.8643057 ], [ -13.7622324, 28.8643234 ], [ -13.7622046, 28.8643457 ], [ -13.7621577, 28.8644084 ], [ -13.7621016, 28.8644936 ], [ -13.762078, 28.8645386 ], [ -13.7620636, 28.8645565 ], [ -13.7620398, 28.8645721 ], [ -13.7619878, 28.8645761 ], [ -13.7619602, 28.8645849 ], [ -13.7619225, 28.8646274 ], [ -13.7619053, 28.8646723 ], [ -13.7618955, 28.864688 ], [ -13.7618768, 28.8647037 ], [ -13.761839, 28.864753 ], [ -13.7617841, 28.8647931 ], [ -13.7617396, 28.8648107 ], [ -13.7617241, 28.8648219 ], [ -13.761715, 28.8648376 ], [ -13.7617081, 28.8648781 ], [ -13.7616918, 28.8649005 ], [ -13.7616399, 28.864952 ], [ -13.7615967, 28.8649741 ], [ -13.7615572, 28.8650076 ], [ -13.7615282, 28.8650254 ], [ -13.7614445, 28.8650607 ], [ -13.7613893, 28.8650692 ], [ -13.7613623, 28.865078 ], [ -13.7613423, 28.8650891 ], [ -13.7613209, 28.8651047 ], [ -13.7613039, 28.8651316 ], [ -13.7612914, 28.8651631 ], [ -13.7612486, 28.865262 ], [ -13.7612052, 28.8653586 ], [ -13.761173, 28.8654215 ], [ -13.7611509, 28.8654461 ], [ -13.7611263, 28.8654639 ], [ -13.7611039, 28.8654682 ], [ -13.7610757, 28.8654702 ], [ -13.7610597, 28.8654656 ], [ -13.761024, 28.8654517 ], [ -13.7610072, 28.8654606 ], [ -13.7609864, 28.8654897 ], [ -13.7609637, 28.865512 ], [ -13.7609048, 28.8655544 ], [ -13.7608794, 28.8655948 ], [ -13.7608639, 28.8656556 ], [ -13.7608426, 28.8656711 ], [ -13.76082, 28.8656845 ], [ -13.7608082, 28.8657114 ], [ -13.7608154, 28.8657476 ], [ -13.7608166, 28.865749 ] ] ] } },
{ "type": "Feature", "properties": { "CCAA": "05 - Canarias", "PROVINCIA": "35 - Palmas, Las", "MUNICIPIO": "35034 - Yaiza", "COD_MUNICIPIO": "35034", "DISTRITO": "01", "SECCION": "3503401006", "V1_H": 80.54, "V1_M": 86.2, "V2_H": 80.39552864, "V2_M": 86.0597654, "V3_H": 80.75568151, "V3_M": 86.47868922000001 }, "geometry": { "type": "Polygon", "coordinates": [ [ [ -13.806683, 29.0373248 ], [ -13.8066989, 29.037334 ], [ -13.8067218, 29.0373545 ], [ -13.8067518, 29.0373728 ], [ -13.8068201, 29.0374005 ], [ -13.8068656, 29.0374054 ], [ -13.8069112, 29.0374035 ], [ -13.8069569, 29.0373927 ], [ -13.8070066, 29.0373751 ], [ -13.8070976, 29.037324 ], [ -13.8071952, 29.0372684 ], [ -13.8072799, 29.0372105 ], [ -13.8073131, 29.0371747 ], [ -13.8073704, 29.0371008 ], [ -13.807424, 29.0370155 ], [ -13.8074888, 29.0369078 ], [ -13.8075361, 29.0368112 ], [ -13.8075521, 29.0367594 ], [ -13.8075802, 29.0366627 ], [ -13.8075954, 29.036568 ], [ -13.8075974, 29.0365071 ], [ -13.807629, 29.0363766 ], [ -13.8076544, 29.0363475 ], [ -13.8076906, 29.0363252 ], [ -13.8077807, 29.0363035 ], [ -13.8078208, 29.0362768 ], [ -13.8078898, 29.0361939 ], [ -13.8078927, 29.0361601 ], [ -13.8078726, 29.036126 ], [ -13.8078595, 29.0360921 ], [ -13.807874, 29.0360629 ], [ -13.8078953, 29.036054 ], [ -13.807928, 29.0360521 ], [ -13.8079525, 29.036041 ], [ -13.8079579, 29.0360185 ], [ -13.8079544, 29.0359914 ], [ -13.807917, 29.0358986 ], [ -13.8079117, 29.0358534 ], [ -13.8079223, 29.0358219 ], [ -13.8079429, 29.0358153 ], [ -13.8079666, 29.0358268 ], [ -13.8079869, 29.035845 ], [ -13.8080159, 29.0358859 ], [ -13.8080428, 29.0358974 ], [ -13.8080774, 29.0359 ], [ -13.8081, 29.0358844 ], [ -13.8081055, 29.0358574 ], [ -13.8081059, 29.0358235 ], [ -13.8081229, 29.0357921 ], [ -13.8081489, 29.0357652 ], [ -13.8081787, 29.0357429 ], [ -13.8082079, 29.0357116 ], [ -13.8082321, 29.0356757 ], [ -13.8082355, 29.03566 ], [ -13.8082367, 29.0356148 ], [ -13.8082526, 29.0355631 ], [ -13.8082807, 29.0355227 ], [ -13.8083457, 29.0354556 ], [ -13.8083743, 29.0354153 ], [ -13.8084279, 29.0353345 ], [ -13.8084736, 29.035274 ], [ -13.808492, 29.0352313 ], [ -13.8085071, 29.0351457 ], [ -13.8085276, 29.0350962 ], [ -13.8085575, 29.0350604 ], [ -13.8085938, 29.0350269 ], [ -13.808645, 29.0349845 ], [ -13.8087356, 29.0349221 ], [ -13.8087892, 29.0348955 ], [ -13.8089071, 29.0348492 ], [ -13.809025, 29.0348164 ], [ -13.8091564, 29.0347747 ], [ -13.8092698, 29.0347396 ], [ -13.8093813, 29.0347 ], [ -13.8094964, 29.0346761 ], [ -13.8096148, 29.0346479 ], [ -13.8096652, 29.0346213 ], [ -13.8097181, 29.0345969 ], [ -13.8097651, 29.0345815 ], [ -13.809816, 29.0345707 ], [ -13.8098647, 29.0345734 ], [ -13.8099114, 29.0345851 ], [ -13.8099595, 29.03459 ], [ -13.8100481, 29.0345908 ], [ -13.8100745, 29.034582 ], [ -13.8100844, 29.034555 ], [ -13.8100841, 29.0345234 ], [ -13.8101011, 29.0344965 ], [ -13.8101333, 29.0344923 ], [ -13.8101934, 29.0345086 ], [ -13.8102333, 29.0345067 ], [ -13.8102731, 29.0345003 ], [ -13.8103022, 29.0344847 ], [ -13.8103243, 29.0344579 ], [ -13.810342, 29.0344264 ], [ -13.8103482, 29.0343904 ], [ -13.8103305, 29.0343631 ], [ -13.8103181, 29.0343315 ], [ -13.8103329, 29.0343203 ], [ -13.8103663, 29.0343229 ], [ -13.8104671, 29.0343712 ], [ -13.8105685, 29.0344262 ], [ -13.8106153, 29.0344379 ], [ -13.8106874, 29.0344182 ], [ -13.8107291, 29.0344163 ], [ -13.8108179, 29.0344036 ], [ -13.8108623, 29.0343904 ], [ -13.8108978, 29.0343727 ], [ -13.8109049, 29.034366 ], [ -13.8109104, 29.034339 ], [ -13.8109095, 29.0343051 ], [ -13.8109, 29.0342328 ], [ -13.8109036, 29.0342013 ], [ -13.8109262, 29.0341834 ], [ -13.8109994, 29.0341841 ], [ -13.8110374, 29.0341754 ], [ -13.8110486, 29.0341552 ], [ -13.811036, 29.034128 ], [ -13.8110094, 29.0340962 ], [ -13.810968, 29.0340687 ], [ -13.8108723, 29.0340182 ], [ -13.810836, 29.0339909 ], [ -13.8108248, 29.0339704 ], [ -13.8108277, 29.0339411 ], [ -13.8108471, 29.033921 ], [ -13.8108831, 29.0339145 ], [ -13.8109225, 29.0339014 ], [ -13.8109949, 29.0338546 ], [ -13.8110928, 29.0338194 ], [ -13.8111869, 29.0337841 ], [ -13.811294, 29.0337422 ], [ -13.8113932, 29.0337092 ], [ -13.811442, 29.0337052 ], [ -13.8114914, 29.0337056 ], [ -13.8115446, 29.0337128 ], [ -13.8116213, 29.0337429 ], [ -13.8116823, 29.0337907 ], [ -13.8117129, 29.0338091 ], [ -13.8117364, 29.0338296 ], [ -13.8117496, 29.0338613 ], [ -13.8117659, 29.0339449 ], [ -13.8117747, 29.0340781 ], [ -13.8117845, 29.0341188 ], [ -13.8118013, 29.0341618 ], [ -13.8118253, 29.0341959 ], [ -13.8118622, 29.0342278 ], [ -13.8118998, 29.0342462 ], [ -13.8119754, 29.0342604 ], [ -13.8120139, 29.034263 ], [ -13.8120423, 29.034252 ], [ -13.8120592, 29.034225 ], [ -13.8120739, 29.03418 ], [ -13.8121145, 29.0340518 ], [ -13.8121602, 29.0339822 ], [ -13.8121906, 29.03396 ], [ -13.81225, 29.0339334 ], [ -13.8123505, 29.0339027 ], [ -13.8124303, 29.0338854 ], [ -13.8124665, 29.0338631 ], [ -13.8125187, 29.0337869 ], [ -13.8125525, 29.0337511 ], [ -13.8126179, 29.0336998 ], [ -13.812685, 29.033662 ], [ -13.8127052, 29.0336351 ], [ -13.8127298, 29.0336173 ], [ -13.8127587, 29.0336221 ], [ -13.8127873, 29.0336426 ], [ -13.8128108, 29.0336699 ], [ -13.8128657, 29.0337471 ], [ -13.8129053, 29.0338196 ], [ -13.8129383, 29.0338492 ], [ -13.8129869, 29.0338722 ], [ -13.8130387, 29.0338908 ], [ -13.8130807, 29.0339159 ], [ -13.8131066, 29.0339523 ], [ -13.813124, 29.0340043 ], [ -13.813146, 29.0340406 ], [ -13.8131862, 29.034068 ], [ -13.8132283, 29.0340865 ], [ -13.8132719, 29.0340959 ], [ -13.8133207, 29.0340895 ], [ -13.8133716, 29.0340697 ], [ -13.8134869, 29.0340346 ], [ -13.8135193, 29.0340055 ], [ -13.8135377, 29.0339132 ], [ -13.8135569, 29.0338682 ], [ -13.8135899, 29.0338437 ], [ -13.8136229, 29.0338688 ], [ -13.8136559, 29.0339052 ], [ -13.8136706, 29.0339121 ], [ -13.8137206, 29.0339171 ], [ -13.81376, 29.0338971 ], [ -13.8137829, 29.0338612 ], [ -13.8138154, 29.0338254 ], [ -13.8138579, 29.03381 ], [ -13.8138986, 29.0337855 ], [ -13.8139298, 29.0337565 ], [ -13.8139386, 29.0337159 ], [ -13.8139376, 29.0336843 ], [ -13.8139349, 29.0335873 ], [ -13.8139585, 29.0335446 ], [ -13.8140037, 29.0335157 ], [ -13.8140579, 29.0334981 ], [ -13.8141279, 29.033492 ], [ -13.8141881, 29.0335016 ], [ -13.814245, 29.0335224 ], [ -13.8142761, 29.0335497 ], [ -13.8142873, 29.0336356 ], [ -13.8143197, 29.0336697 ], [ -13.8143799, 29.0336815 ], [ -13.8144909, 29.0336825 ], [ -13.8145381, 29.0337077 ], [ -13.8145627, 29.033744 ], [ -13.8145731, 29.033787 ], [ -13.814581, 29.0338277 ], [ -13.814605, 29.033864 ], [ -13.8146511, 29.0338734 ], [ -13.8146981, 29.0338625 ], [ -13.8147216, 29.0338289 ], [ -13.8147214, 29.0337883 ], [ -13.8147057, 29.033752 ], [ -13.8146528, 29.0336658 ], [ -13.8146417, 29.0336319 ], [ -13.8146573, 29.033614 ], [ -13.8147581, 29.0336104 ], [ -13.8147935, 29.0335971 ], [ -13.8148323, 29.0335727 ], [ -13.8149259, 29.0335239 ], [ -13.8149533, 29.0334857 ], [ -13.814948, 29.0334474 ], [ -13.8149078, 29.0334222 ], [ -13.8148153, 29.0333762 ], [ -13.8147804, 29.0333466 ], [ -13.8147603, 29.0333058 ], [ -13.8147455, 29.0332538 ], [ -13.8147434, 29.0332131 ], [ -13.8147642, 29.0331863 ], [ -13.814797, 29.0331866 ], [ -13.8148885, 29.0332663 ], [ -13.8149589, 29.0333346 ], [ -13.8150023, 29.0333598 ], [ -13.8150508, 29.0333806 ], [ -13.8151058, 29.0333946 ], [ -13.815168, 29.0333997 ], [ -13.8152175, 29.0333933 ], [ -13.815266, 29.0333667 ], [ -13.8152985, 29.0333309 ], [ -13.8153093, 29.0332836 ], [ -13.8153099, 29.0332294 ], [ -13.815295, 29.0331796 ], [ -13.8152582, 29.0331432 ], [ -13.8152342, 29.0331114 ], [ -13.8152199, 29.0330707 ], [ -13.8151896, 29.0329689 ], [ -13.8151788, 29.0329101 ], [ -13.8151517, 29.0328602 ], [ -13.8151006, 29.0328418 ], [ -13.8150484, 29.0328548 ], [ -13.8150026, 29.032877 ], [ -13.8149541, 29.0329104 ], [ -13.8149205, 29.0329327 ], [ -13.8148813, 29.0329323 ], [ -13.8148669, 29.0329074 ], [ -13.8148724, 29.0328736 ], [ -13.8149004, 29.03284 ], [ -13.814943, 29.0328201 ], [ -13.8150274, 29.0327937 ], [ -13.8150615, 29.0327805 ], [ -13.815088, 29.0327649 ], [ -13.8151133, 29.0327449 ], [ -13.8151379, 29.0327202 ], [ -13.8152054, 29.0326599 ], [ -13.8152424, 29.0326242 ], [ -13.8153248, 29.0325436 ], [ -13.815422, 29.0324565 ], [ -13.8154732, 29.0324231 ], [ -13.8155318, 29.0323966 ], [ -13.8155866, 29.032379 ], [ -13.8156402, 29.0323546 ], [ -13.8156707, 29.0323211 ], [ -13.8156821, 29.0322806 ], [ -13.815664, 29.0322353 ], [ -13.8156149, 29.0322033 ], [ -13.8155683, 29.0321803 ], [ -13.8155488, 29.0321508 ], [ -13.8155589, 29.0321103 ], [ -13.8155869, 29.0320744 ], [ -13.815625, 29.03205 ], [ -13.8156696, 29.0320278 ], [ -13.8156904, 29.0319964 ], [ -13.8156793, 29.0319624 ], [ -13.8156534, 29.0319261 ], [ -13.8156576, 29.0318923 ], [ -13.8157411, 29.0318344 ], [ -13.8157665, 29.031803 ], [ -13.8157579, 29.0317646 ], [ -13.8157223, 29.0317394 ], [ -13.8157021, 29.0317077 ], [ -13.8157236, 29.0316763 ], [ -13.8157644, 29.031645 ], [ -13.8158613, 29.0315918 ], [ -13.8159072, 29.0315606 ], [ -13.8159455, 29.0315248 ], [ -13.8159722, 29.0314889 ], [ -13.8159945, 29.031444 ], [ -13.8160211, 29.0313653 ], [ -13.81603, 29.0313225 ], [ -13.8160481, 29.0312504 ], [ -13.8160573, 29.0312325 ], [ -13.8161166, 29.0312105 ], [ -13.81614, 29.0311881 ], [ -13.8161749, 29.0311613 ], [ -13.8162073, 29.0311323 ], [ -13.8162167, 29.0310985 ], [ -13.8162184, 29.0310647 ], [ -13.8162376, 29.0310129 ], [ -13.8162867, 29.0309231 ], [ -13.816354, 29.0308267 ], [ -13.8164309, 29.0307214 ], [ -13.8165183, 29.0306544 ], [ -13.8165745, 29.0305669 ], [ -13.8166146, 29.030538 ], [ -13.8166676, 29.0305091 ], [ -13.8167135, 29.0304779 ], [ -13.8167475, 29.0304196 ], [ -13.8167931, 29.0303026 ], [ -13.8168194, 29.0302487 ], [ -13.8168476, 29.0302016 ], [ -13.8169441, 29.0301189 ], [ -13.8169698, 29.030065 ], [ -13.8169711, 29.0300086 ], [ -13.8169648, 29.0299409 ], [ -13.8169668, 29.0298168 ], [ -13.8169579, 29.0297581 ], [ -13.8169373, 29.0297037 ], [ -13.8168755, 29.0296107 ], [ -13.8168413, 29.029572 ], [ -13.8168224, 29.029538 ], [ -13.8168, 29.0294792 ], [ -13.8167994, 29.0294701 ], [ -13.8167888, 29.029443 ], [ -13.8167809, 29.0294023 ], [ -13.8168012, 29.0293686 ], [ -13.8168382, 29.0293351 ], [ -13.8169423, 29.0292683 ], [ -13.8170387, 29.0291947 ], [ -13.8170719, 29.0291567 ], [ -13.8171059, 29.0291051 ], [ -13.8171205, 29.0290601 ], [ -13.8171537, 29.0289656 ], [ -13.8171817, 29.0289298 ], [ -13.8172046, 29.0288916 ], [ -13.8172063, 29.028851 ], [ -13.8171765, 29.0288169 ], [ -13.8171192, 29.0287848 ], [ -13.8170674, 29.028764 ], [ -13.8170058, 29.0287612 ], [ -13.8169422, 29.0287674 ], [ -13.8168753, 29.0287804 ], [ -13.8168045, 29.0287978 ], [ -13.8167387, 29.0288266 ], [ -13.8166826, 29.0288487 ], [ -13.8166724, 29.0288508 ], [ -13.8166302, 29.0288324 ], [ -13.8165876, 29.0288004 ], [ -13.816537, 29.0287865 ], [ -13.8164806, 29.0287815 ], [ -13.816432, 29.028772 ], [ -13.8163561, 29.0287285 ], [ -13.8163423, 29.0286945 ], [ -13.816336, 29.028629 ], [ -13.816339, 29.0285388 ], [ -13.8163452, 29.0284463 ], [ -13.8163616, 29.028354 ], [ -13.8163928, 29.0283204 ], [ -13.8164465, 29.028287 ], [ -13.8164981, 29.0282649 ], [ -13.8165566, 29.0282519 ], [ -13.8166726, 29.0282665 ], [ -13.8167323, 29.028267 ], [ -13.816794, 29.028254 ], [ -13.816942, 29.0282237 ], [ -13.8169923, 29.0281993 ], [ -13.8170249, 29.0281613 ], [ -13.8170317, 29.0281207 ], [ -13.8170104, 29.0280822 ], [ -13.8169657, 29.0280547 ], [ -13.8169127, 29.0280317 ], [ -13.8168662, 29.0280065 ], [ -13.8168435, 29.0279701 ], [ -13.8168369, 29.0279317 ], [ -13.8168207, 29.0278323 ], [ -13.8168358, 29.0277963 ], [ -13.8168715, 29.0277651 ], [ -13.8169321, 29.0276867 ], [ -13.816976, 29.0276103 ], [ -13.8170037, 29.027597 ], [ -13.8170719, 29.0275796 ], [ -13.8170944, 29.0275753 ], [ -13.8171394, 29.0275734 ], [ -13.8171774, 29.0275647 ], [ -13.8172007, 29.0275468 ], [ -13.8172099, 29.0275199 ], [ -13.8172135, 29.0274883 ], [ -13.8172249, 29.0274501 ], [ -13.8172453, 29.0273983 ], [ -13.817276, 29.0273512 ], [ -13.8173191, 29.0273448 ], [ -13.8173711, 29.0273453 ], [ -13.8174277, 29.0273323 ], [ -13.8174723, 29.027301 ], [ -13.8174843, 29.0272651 ], [ -13.8174712, 29.0272311 ], [ -13.8174389, 29.0271992 ], [ -13.8173645, 29.0271377 ], [ -13.8173379, 29.0271058 ], [ -13.8173145, 29.0270154 ], [ -13.8173182, 29.0269748 ], [ -13.8173347, 29.0269366 ], [ -13.8173569, 29.0269029 ], [ -13.8173931, 29.0268807 ], [ -13.8174941, 29.0268545 ], [ -13.8175278, 29.0268277 ], [ -13.8175332, 29.0268075 ], [ -13.8175227, 29.0267713 ], [ -13.8174741, 29.0266987 ], [ -13.8174385, 29.026669 ], [ -13.8173945, 29.0266461 ], [ -13.8173453, 29.0266231 ], [ -13.8172463, 29.0265861 ], [ -13.817194, 29.0265563 ], [ -13.8171694, 29.0265222 ], [ -13.8171682, 29.0265132 ], [ -13.8171646, 29.0264816 ], [ -13.8171747, 29.0264411 ], [ -13.8172071, 29.0264188 ], [ -13.8172501, 29.0264192 ], [ -13.8172955, 29.0264286 ], [ -13.8173382, 29.0264538 ], [ -13.8173861, 29.0264791 ], [ -13.8174322, 29.0264862 ], [ -13.8174785, 29.0264799 ], [ -13.8175217, 29.0264622 ], [ -13.8175534, 29.0264376 ], [ -13.8175698, 29.0264085 ], [ -13.8175753, 29.0263747 ], [ -13.8175687, 29.0263362 ], [ -13.8175028, 29.0262635 ], [ -13.8174615, 29.0262293 ], [ -13.8174214, 29.0262018 ], [ -13.8173954, 29.0261655 ], [ -13.8173882, 29.0261271 ], [ -13.8173893, 29.0260888 ], [ -13.8174102, 29.0260506 ], [ -13.8174418, 29.0260418 ], [ -13.8174854, 29.0260445 ], [ -13.8175208, 29.0260335 ], [ -13.8175391, 29.0260043 ], [ -13.8175441, 29.0259638 ], [ -13.8175353, 29.0258847 ], [ -13.8175393, 29.025817 ], [ -13.817534, 29.0257742 ], [ -13.8175224, 29.0257289 ], [ -13.8174933, 29.0256362 ], [ -13.8174879, 29.0256 ], [ -13.8175112, 29.0255822 ], [ -13.8175966, 29.0255739 ], [ -13.8176501, 29.0255586 ], [ -13.8176722, 29.0255317 ], [ -13.8176629, 29.0255023 ], [ -13.8176253, 29.0254839 ], [ -13.817585, 29.0254677 ], [ -13.8175718, 29.0254428 ], [ -13.8175748, 29.0254067 ], [ -13.81759, 29.0253708 ], [ -13.8176116, 29.0253326 ], [ -13.8176424, 29.0253306 ], [ -13.817675, 29.0253444 ], [ -13.8177153, 29.0253516 ], [ -13.8177565, 29.0253429 ], [ -13.8177786, 29.0253228 ], [ -13.8177555, 29.0252662 ], [ -13.8177592, 29.0252188 ], [ -13.8177821, 29.0251784 ], [ -13.8178363, 29.0251022 ], [ -13.8178712, 29.0250799 ], [ -13.8179187, 29.0250781 ], [ -13.8180055, 29.0251149 ], [ -13.8180363, 29.025122 ], [ -13.8181203, 29.0251272 ], [ -13.8181747, 29.0251435 ], [ -13.8182921, 29.0251942 ], [ -13.818396, 29.0252606 ], [ -13.8184655, 29.0252995 ], [ -13.8185829, 29.0253569 ], [ -13.8186379, 29.0253755 ], [ -13.8186854, 29.0253826 ], [ -13.8187811, 29.0253722 ], [ -13.8188592, 29.0253278 ], [ -13.8188645, 29.025321 ], [ -13.8188784, 29.0252828 ], [ -13.8188737, 29.0252399 ], [ -13.8188486, 29.0251968 ], [ -13.8187898, 29.0251128 ], [ -13.8187537, 29.0250742 ], [ -13.8187136, 29.0250377 ], [ -13.8186704, 29.025008 ], [ -13.8186064, 29.0249871 ], [ -13.8184827, 29.024977 ], [ -13.8184302, 29.0249675 ], [ -13.8183804, 29.0249445 ], [ -13.8182577, 29.0248961 ], [ -13.8182163, 29.0248709 ], [ -13.8181631, 29.0248027 ], [ -13.81815, 29.024771 ], [ -13.8181651, 29.0247396 ], [ -13.8182363, 29.0246838 ], [ -13.8182824, 29.0245827 ], [ -13.8182829, 29.0245421 ], [ -13.8182775, 29.0245059 ], [ -13.8182889, 29.0244699 ], [ -13.818313, 29.0244318 ], [ -13.8183714, 29.0243736 ], [ -13.8183841, 29.0243331 ], [ -13.8183916, 29.0242971 ], [ -13.8183968, 29.0242904 ], [ -13.8184257, 29.0242884 ], [ -13.8185536, 29.0243278 ], [ -13.8186029, 29.0243396 ], [ -13.8186408, 29.0243331 ], [ -13.8186514, 29.0243062 ], [ -13.818648, 29.0242678 ], [ -13.8186436, 29.0242587 ], [ -13.8185847, 29.0241905 ], [ -13.8185767, 29.0241588 ], [ -13.818593, 29.0241387 ], [ -13.8186328, 29.0241345 ], [ -13.8186737, 29.0241507 ], [ -13.8187087, 29.0241781 ], [ -13.8187502, 29.0241942 ], [ -13.8187792, 29.0241832 ], [ -13.8187867, 29.0241494 ], [ -13.8187756, 29.0241087 ], [ -13.8187285, 29.024018 ], [ -13.8187013, 29.0239817 ], [ -13.8186676, 29.0239521 ], [ -13.8186666, 29.0239295 ], [ -13.8186762, 29.0239273 ], [ -13.8187153, 29.0239322 ], [ -13.8187518, 29.023946 ], [ -13.8187909, 29.0239509 ], [ -13.8188115, 29.0239398 ], [ -13.81881, 29.0239059 ], [ -13.8188442, 29.0238882 ], [ -13.818884, 29.0238885 ], [ -13.8189181, 29.0238798 ], [ -13.8189414, 29.023862 ], [ -13.8189816, 29.0238285 ], [ -13.8190071, 29.0237858 ], [ -13.819071, 29.0236916 ], [ -13.8191094, 29.0236468 ], [ -13.819206, 29.023562 ], [ -13.8193065, 29.0234658 ], [ -13.8193501, 29.0234188 ], [ -13.8194193, 29.0233134 ], [ -13.8194539, 29.0232663 ], [ -13.8194821, 29.0232147 ], [ -13.8195582, 29.0231206 ], [ -13.8196038, 29.0230578 ], [ -13.8196781, 29.0229614 ], [ -13.8197306, 29.0228649 ], [ -13.8197638, 29.0228155 ], [ -13.8198266, 29.0227168 ], [ -13.8198561, 29.0226562 ], [ -13.8198881, 29.0225504 ], [ -13.8199125, 29.0224964 ], [ -13.8199444, 29.0224561 ], [ -13.8199826, 29.0223662 ], [ -13.8200074, 29.0223326 ], [ -13.8200552, 29.0223059 ], [ -13.8201551, 29.0222685 ], [ -13.8202004, 29.0222373 ], [ -13.8202296, 29.0222059 ], [ -13.8202501, 29.0221587 ], [ -13.8202723, 29.0220641 ], [ -13.8202828, 29.0220394 ], [ -13.8203435, 29.0219565 ], [ -13.8203664, 29.0219161 ], [ -13.8203721, 29.021871 ], [ -13.8203519, 29.0217806 ], [ -13.8203325, 29.021733 ], [ -13.8202765, 29.02164 ], [ -13.8202748, 29.0215588 ], [ -13.8202869, 29.0215183 ], [ -13.8203218, 29.0214915 ], [ -13.8204039, 29.0214449 ], [ -13.8204407, 29.0214158 ], [ -13.8205644, 29.0213244 ], [ -13.8206057, 29.0212954 ], [ -13.820644, 29.021262 ], [ -13.8206859, 29.0211879 ], [ -13.8207139, 29.0211497 ], [ -13.8207542, 29.0211095 ], [ -13.8207867, 29.0210714 ], [ -13.8208172, 29.0210446 ], [ -13.8208557, 29.0210427 ], [ -13.8208948, 29.0210476 ], [ -13.8209277, 29.021032 ], [ -13.820955, 29.0209985 ], [ -13.8209766, 29.0209625 ], [ -13.8209939, 29.020913 ], [ -13.8209963, 29.0208725 ], [ -13.8209794, 29.0208339 ], [ -13.8209257, 29.020759 ], [ -13.8209184, 29.0207206 ], [ -13.8209208, 29.0206778 ], [ -13.8209098, 29.0206348 ], [ -13.8208978, 29.0206099 ], [ -13.8208202, 29.0204986 ], [ -13.8208123, 29.0204557 ], [ -13.8208154, 29.0204129 ], [ -13.8208599, 29.020332 ], [ -13.8209205, 29.0202513 ], [ -13.8209537, 29.0202155 ], [ -13.8210223, 29.0201642 ], [ -13.8210508, 29.0201374 ], [ -13.8210954, 29.0200543 ], [ -13.8211134, 29.0199913 ], [ -13.8211311, 29.0199599 ], [ -13.8211626, 29.0199579 ], [ -13.8212913, 29.0199861 ], [ -13.8213893, 29.0199937 ], [ -13.8214229, 29.0199782 ], [ -13.8214287, 29.0199715 ], [ -13.8214433, 29.0199378 ], [ -13.8214453, 29.0198679 ], [ -13.8214643, 29.0198319 ], [ -13.8214789, 29.0197892 ], [ -13.821498, 29.019751 ], [ -13.8215304, 29.019722 ], [ -13.8215513, 29.0196883 ], [ -13.8215508, 29.0196793 ], [ -13.8215313, 29.0196453 ], [ -13.821517, 29.0196068 ], [ -13.821529, 29.0195662 ], [ -13.8215601, 29.0195327 ], [ -13.8215996, 29.0195037 ], [ -13.8216824, 29.019448 ], [ -13.8217651, 29.0193991 ], [ -13.8218556, 29.019339 ], [ -13.8219571, 29.0192722 ], [ -13.8220547, 29.0192144 ], [ -13.8221011, 29.0192013 ], [ -13.8221491, 29.0192039 ], [ -13.8222159, 29.0192564 ], [ -13.8222969, 29.0193 ], [ -13.822378, 29.0193413 ], [ -13.8224157, 29.0193484 ], [ -13.8224491, 29.0193487 ], [ -13.8225545, 29.0193338 ], [ -13.8225873, 29.0193319 ], [ -13.82261, 29.0193095 ], [ -13.8226277, 29.0192781 ], [ -13.8226536, 29.0191993 ], [ -13.8226612, 29.0191498 ], [ -13.8226494, 29.0191158 ], [ -13.8225788, 29.0190655 ], [ -13.8225493, 29.0190563 ], [ -13.8225152, 29.0190672 ], [ -13.8224348, 29.0190824 ], [ -13.8222898, 29.0190811 ], [ -13.8222565, 29.0190763 ], [ -13.822233, 29.0190535 ], [ -13.8222193, 29.0190173 ], [ -13.8222023, 29.0189314 ], [ -13.8222019, 29.0189088 ], [ -13.8222151, 29.0188165 ], [ -13.8222331, 29.018706 ], [ -13.8222524, 29.0185889 ], [ -13.8222698, 29.0185259 ], [ -13.822311, 29.0183999 ], [ -13.8223558, 29.0182942 ], [ -13.8223994, 29.0181886 ], [ -13.8224442, 29.0180874 ], [ -13.8224608, 29.0180357 ], [ -13.8224609, 29.0179702 ], [ -13.8224512, 29.0179205 ], [ -13.8224497, 29.0178776 ], [ -13.8224598, 29.0178371 ], [ -13.822477, 29.0177944 ], [ -13.8224827, 29.0177471 ], [ -13.8224632, 29.0176544 ], [ -13.8224775, 29.0176365 ], [ -13.8225077, 29.0176345 ], [ -13.8225917, 29.0176375 ], [ -13.8226233, 29.0176265 ], [ -13.8226268, 29.0175994 ], [ -13.8226156, 29.0175722 ], [ -13.8225928, 29.0175405 ], [ -13.822575, 29.0175245 ], [ -13.8225005, 29.017481 ], [ -13.8224293, 29.0174217 ], [ -13.8224078, 29.0173854 ], [ -13.8224045, 29.017347 ], [ -13.8224087, 29.0173087 ], [ -13.8224245, 29.0172705 ], [ -13.8224475, 29.0172233 ], [ -13.8224819, 29.0171965 ], [ -13.8225066, 29.0171697 ], [ -13.8225134, 29.0171291 ], [ -13.8225074, 29.0170433 ], [ -13.8225142, 29.017005 ], [ -13.8225344, 29.0169736 ], [ -13.8225765, 29.0169402 ], [ -13.822609, 29.0169089 ], [ -13.8226338, 29.016873 ], [ -13.8226687, 29.0168462 ], [ -13.8227081, 29.0168308 ], [ -13.822741, 29.0168107 ], [ -13.8227715, 29.0167794 ], [ -13.8228398, 29.0167011 ], [ -13.8229036, 29.0166204 ], [ -13.8229425, 29.0165846 ], [ -13.8229871, 29.0165602 ], [ -13.8230258, 29.0165335 ], [ -13.8230642, 29.0164909 ], [ -13.8231033, 29.0164416 ], [ -13.8231519, 29.0163428 ], [ -13.8232196, 29.0162554 ], [ -13.8232573, 29.0162151 ], [ -13.8232962, 29.0161793 ], [ -13.8233401, 29.0161527 ], [ -13.8233839, 29.0161395 ], [ -13.823416, 29.0161375 ], [ -13.8234758, 29.0161268 ], [ -13.8235313, 29.0161002 ], [ -13.8236418, 29.0160357 ], [ -13.8237363, 29.0159621 ], [ -13.8238264, 29.0158839 ], [ -13.8238764, 29.0158257 ], [ -13.8239084, 29.0157786 ], [ -13.823929, 29.0157224 ], [ -13.8239507, 29.0156706 ], [ -13.8240249, 29.0155766 ], [ -13.8241102, 29.0154712 ], [ -13.8241882, 29.0153839 ], [ -13.8242764, 29.0153012 ], [ -13.8243039, 29.0152541 ], [ -13.8243275, 29.0151482 ], [ -13.8243499, 29.0150988 ], [ -13.8243821, 29.0150359 ], [ -13.8244146, 29.0149933 ], [ -13.8244861, 29.0149127 ], [ -13.8245512, 29.0148321 ], [ -13.82458, 29.0147872 ], [ -13.8246121, 29.0146702 ], [ -13.8246498, 29.0145667 ], [ -13.8246575, 29.0145126 ], [ -13.8246664, 29.0144067 ], [ -13.8246856, 29.0143527 ], [ -13.8247158, 29.0143011 ], [ -13.8247695, 29.0142045 ], [ -13.8247995, 29.0141574 ], [ -13.8248341, 29.0141103 ], [ -13.8248999, 29.0140161 ], [ -13.8249409, 29.0139691 ], [ -13.8250299, 29.0138683 ], [ -13.8251207, 29.0137902 ], [ -13.8251858, 29.0137095 ], [ -13.8252119, 29.0136624 ], [ -13.8252694, 29.0135771 ], [ -13.8253097, 29.0135301 ], [ -13.8253589, 29.0134358 ], [ -13.8253889, 29.0133954 ], [ -13.8254207, 29.0133573 ], [ -13.8254655, 29.0133194 ], [ -13.8255638, 29.0132458 ], [ -13.825633, 29.013199 ], [ -13.8257404, 29.0131232 ], [ -13.8258625, 29.0130431 ], [ -13.825968, 29.0129718 ], [ -13.8260211, 29.0129271 ], [ -13.8261126, 29.0128377 ], [ -13.8261663, 29.0127975 ], [ -13.8262576, 29.0127216 ], [ -13.8263541, 29.0126503 ], [ -13.8264383, 29.0125811 ], [ -13.8264649, 29.0125497 ], [ -13.8264937, 29.0125003 ], [ -13.8265174, 29.0124464 ], [ -13.8265598, 29.0123317 ], [ -13.8265852, 29.0122958 ], [ -13.8266157, 29.0122645 ], [ -13.8266946, 29.0122088 ], [ -13.8267413, 29.0121663 ], [ -13.8267759, 29.0121215 ], [ -13.8268237, 29.0120271 ], [ -13.8268443, 29.0119664 ], [ -13.8268527, 29.0119101 ], [ -13.8268373, 29.0117971 ], [ -13.826841, 29.0116934 ], [ -13.8268488, 29.0116325 ], [ -13.8268668, 29.0115718 ], [ -13.8269083, 29.0114729 ], [ -13.8269581, 29.0113785 ], [ -13.8269967, 29.0113202 ], [ -13.8270889, 29.011224 ], [ -13.8271474, 29.01115 ], [ -13.8272184, 29.0110559 ], [ -13.8272936, 29.0109956 ], [ -13.8273272, 29.0109756 ], [ -13.8273593, 29.0109714 ], [ -13.8273944, 29.0109875 ], [ -13.8274715, 29.0110378 ], [ -13.8275115, 29.0110675 ], [ -13.8275661, 29.0111244 ], [ -13.8276069, 29.0111495 ], [ -13.8276479, 29.0111544 ], [ -13.8276808, 29.0111389 ], [ -13.8277011, 29.0111052 ], [ -13.8277137, 29.0110647 ], [ -13.8277308, 29.011031 ], [ -13.8277491, 29.0110019 ], [ -13.8277777, 29.0109683 ], [ -13.8278005, 29.0109346 ], [ -13.8278145, 29.0108941 ], [ -13.8278194, 29.0108536 ], [ -13.8278038, 29.0108151 ], [ -13.8277707, 29.0107922 ], [ -13.8276931, 29.0107848 ], [ -13.8276452, 29.0107708 ], [ -13.8275551, 29.0107362 ], [ -13.8274988, 29.0107222 ], [ -13.8274528, 29.0107014 ], [ -13.8274306, 29.0106764 ], [ -13.82743, 29.01062 ], [ -13.827438, 29.0105321 ], [ -13.8274565, 29.0104916 ], [ -13.8274882, 29.0104671 ], [ -13.8275325, 29.010463 ], [ -13.8275792, 29.0104724 ], [ -13.8276284, 29.0104909 ], [ -13.827691, 29.0105208 ], [ -13.8277873, 29.0105667 ], [ -13.8278959, 29.0106128 ], [ -13.8279478, 29.0106223 ], [ -13.8279883, 29.0106204 ], [ -13.8280199, 29.0106004 ], [ -13.8280344, 29.0105644 ], [ -13.8280365, 29.0104967 ], [ -13.8280228, 29.0104605 ], [ -13.8279941, 29.0104377 ], [ -13.8279519, 29.0104283 ], [ -13.8278968, 29.0104255 ], [ -13.8278527, 29.0104094 ], [ -13.8278465, 29.010389 ], [ -13.8278559, 29.0103507 ], [ -13.8278581, 29.0102718 ], [ -13.8278451, 29.0102265 ], [ -13.8278212, 29.0101857 ], [ -13.8277837, 29.0101516 ], [ -13.8277378, 29.0101218 ], [ -13.8276842, 29.0100965 ], [ -13.8275384, 29.0100524 ], [ -13.8275035, 29.0100228 ], [ -13.8274962, 29.0099798 ], [ -13.8275215, 29.0099056 ], [ -13.8275468, 29.0098765 ], [ -13.8275861, 29.0098633 ], [ -13.8276298, 29.0098591 ], [ -13.8277414, 29.0098624 ], [ -13.8277704, 29.0098491 ], [ -13.8277758, 29.0098243 ], [ -13.827778, 29.0097477 ], [ -13.8277912, 29.0097117 ], [ -13.827858, 29.0096581 ], [ -13.827922, 29.009609 ], [ -13.8279739, 29.0095644 ], [ -13.8280406, 29.0095085 ], [ -13.8280823, 29.009448 ], [ -13.8281039, 29.009412 ], [ -13.8281433, 29.0093876 ], [ -13.828249, 29.0093501 ], [ -13.8283651, 29.0093015 ], [ -13.8284135, 29.0092681 ], [ -13.8284614, 29.0092324 ], [ -13.8285437, 29.0091609 ], [ -13.8285859, 29.0091207 ], [ -13.8286178, 29.0090803 ], [ -13.8286745, 29.0090041 ], [ -13.8287499, 29.0088581 ], [ -13.8288405, 29.0087348 ], [ -13.8288763, 29.0086923 ], [ -13.8289095, 29.0086474 ], [ -13.8289812, 29.0085465 ], [ -13.8290309, 29.0084635 ], [ -13.8290636, 29.0084119 ], [ -13.8290879, 29.0083647 ], [ -13.8291493, 29.0082614 ], [ -13.8291839, 29.0082144 ], [ -13.829201, 29.0081739 ], [ -13.8292028, 29.0081243 ], [ -13.8292092, 29.0080747 ], [ -13.8292317, 29.0080095 ], [ -13.8292606, 29.0079578 ], [ -13.8293336, 29.0078524 ], [ -13.8293745, 29.0078099 ], [ -13.8294206, 29.0077652 ], [ -13.829451, 29.0077406 ], [ -13.8295542, 29.0076377 ], [ -13.8295912, 29.0075952 ], [ -13.8296219, 29.0075503 ], [ -13.8296916, 29.0074585 ], [ -13.8297561, 29.0073687 ], [ -13.8297732, 29.0073328 ], [ -13.8298186, 29.0072407 ], [ -13.8298471, 29.0072094 ], [ -13.8298668, 29.0071712 ], [ -13.8298724, 29.0071283 ], [ -13.8298685, 29.0070787 ], [ -13.8298574, 29.0070335 ], [ -13.8298586, 29.0069861 ], [ -13.829869, 29.0069162 ], [ -13.8298805, 29.0068667 ], [ -13.8298964, 29.0068217 ], [ -13.8299072, 29.0067722 ], [ -13.8299084, 29.0067248 ], [ -13.8298992, 29.0066909 ], [ -13.829881, 29.0066524 ], [ -13.8298686, 29.0066116 ], [ -13.8298691, 29.0065169 ], [ -13.8298211, 29.0063924 ], [ -13.8298165, 29.0063449 ], [ -13.8298196, 29.0062931 ], [ -13.829833, 29.0062436 ], [ -13.8298374, 29.0061917 ], [ -13.8298348, 29.0061398 ], [ -13.8298206, 29.0060923 ], [ -13.8297946, 29.0060605 ], [ -13.8297577, 29.0060308 ], [ -13.8297273, 29.005999 ], [ -13.8297027, 29.0059581 ], [ -13.8296898, 29.0059152 ], [ -13.82969, 29.0058339 ], [ -13.8296756, 29.0058045 ], [ -13.8296579, 29.0057795 ], [ -13.8296518, 29.0057546 ], [ -13.8296521, 29.0057276 ], [ -13.8296447, 29.0056982 ], [ -13.8296257, 29.0056777 ], [ -13.829583, 29.0056457 ], [ -13.8295609, 29.0056162 ], [ -13.8295498, 29.00558 ], [ -13.8295396, 29.0055122 ], [ -13.8295245, 29.0054896 ], [ -13.8295028, 29.0054803 ], [ -13.8294818, 29.0054621 ], [ -13.8294668, 29.0054304 ], [ -13.8294572, 29.0053152 ], [ -13.829441, 29.0052136 ], [ -13.8294318, 29.0051232 ], [ -13.8294091, 29.0050847 ], [ -13.8293806, 29.0050506 ], [ -13.8293547, 29.005012 ], [ -13.8293308, 29.0049667 ], [ -13.8293121, 29.0049236 ], [ -13.8293253, 29.0048944 ], [ -13.8293543, 29.0048834 ], [ -13.8293889, 29.0048814 ], [ -13.8294352, 29.0048705 ], [ -13.8294644, 29.0048415 ], [ -13.8294853, 29.0048078 ], [ -13.8294915, 29.0047763 ], [ -13.8294767, 29.0047175 ], [ -13.8294777, 29.0046882 ], [ -13.8294921, 29.0046635 ], [ -13.8295105, 29.0046253 ], [ -13.8295113, 29.0045576 ], [ -13.8295065, 29.0045282 ], [ -13.8295074, 29.0044448 ], [ -13.8294988, 29.0044131 ], [ -13.8294842, 29.0043972 ], [ -13.8294422, 29.0043652 ], [ -13.8294231, 29.004356 ], [ -13.8293942, 29.0043535 ], [ -13.8293616, 29.004342 ], [ -13.8293445, 29.0043215 ], [ -13.8293462, 29.0042922 ], [ -13.8293792, 29.0042677 ], [ -13.8294098, 29.0042769 ], [ -13.8294405, 29.004293 ], [ -13.8294646, 29.0043135 ], [ -13.8295109, 29.004359 ], [ -13.8295397, 29.0043661 ], [ -13.8295731, 29.0043641 ], [ -13.8296143, 29.0043554 ], [ -13.8296659, 29.0043356 ], [ -13.8297014, 29.0043133 ], [ -13.829759, 29.0042687 ], [ -13.8297783, 29.0042599 ], [ -13.8298239, 29.0042603 ], [ -13.8298629, 29.0042764 ], [ -13.8299013, 29.004279 ], [ -13.8299399, 29.0042703 ], [ -13.8299874, 29.0042707 ], [ -13.8300297, 29.0042733 ], [ -13.8301296, 29.0042967 ], [ -13.8301835, 29.0042859 ], [ -13.8302326, 29.0042593 ], [ -13.8302702, 29.0042258 ], [ -13.8302918, 29.0041921 ], [ -13.8302985, 29.0041606 ], [ -13.830301, 29.0041132 ], [ -13.8302977, 29.0040658 ], [ -13.8302884, 29.0040296 ], [ -13.8302703, 29.0039911 ], [ -13.8302432, 29.003948 ], [ -13.8302114, 29.0039207 ], [ -13.8301794, 29.0039159 ], [ -13.8301532, 29.0039044 ], [ -13.8301278, 29.0038793 ], [ -13.8300999, 29.0038565 ], [ -13.830071, 29.003854 ], [ -13.8300452, 29.0038719 ], [ -13.8300211, 29.0038987 ], [ -13.8299966, 29.0039098 ], [ -13.8299683, 29.003914 ], [ -13.8299564, 29.0038914 ], [ -13.8299558, 29.0038282 ], [ -13.8299546, 29.0037695 ], [ -13.8299388, 29.0037423 ], [ -13.8298842, 29.0036922 ], [ -13.829866, 29.0036559 ], [ -13.8298658, 29.0036176 ], [ -13.8298713, 29.003586 ], [ -13.8298931, 29.0035298 ], [ -13.829913, 29.0034668 ], [ -13.8299255, 29.0034444 ], [ -13.8299535, 29.0034108 ], [ -13.8300316, 29.0033077 ], [ -13.8300986, 29.0032293 ], [ -13.8301668, 29.0031486 ], [ -13.8301918, 29.0031015 ], [ -13.8302259, 29.0030319 ], [ -13.8302544, 29.0029509 ], [ -13.8302758, 29.0028766 ], [ -13.8302736, 29.0028405 ], [ -13.8302618, 29.0028043 ], [ -13.8302288, 29.0027183 ], [ -13.8302177, 29.0026753 ], [ -13.8302157, 29.0026301 ], [ -13.8302193, 29.0025896 ], [ -13.8302339, 29.0025558 ], [ -13.8302729, 29.0025043 ], [ -13.8302949, 29.0024932 ], [ -13.8303603, 29.0024938 ], [ -13.8303817, 29.0024714 ], [ -13.8303969, 29.0024377 ], [ -13.8304043, 29.0024062 ], [ -13.8303988, 29.002379 ], [ -13.8303792, 29.0023518 ], [ -13.8303769, 29.0023292 ], [ -13.830399, 29.0023046 ], [ -13.8304122, 29.0022731 ], [ -13.8304081, 29.0022347 ], [ -13.8303996, 29.0021963 ], [ -13.8303981, 29.0021534 ], [ -13.8304051, 29.0021083 ], [ -13.8304285, 29.0020792 ], [ -13.8304745, 29.0020345 ], [ -13.8304942, 29.0019985 ], [ -13.8305024, 29.0019513 ], [ -13.8305029, 29.0019061 ], [ -13.8304912, 29.0018677 ], [ -13.8304863, 29.0018428 ], [ -13.830505, 29.0018362 ], [ -13.8305629, 29.0018209 ], [ -13.8305856, 29.0018031 ], [ -13.830593, 29.0017738 ], [ -13.8305944, 29.0017016 ], [ -13.8305793, 29.0016766 ], [ -13.8305513, 29.0016584 ], [ -13.830538, 29.0016425 ], [ -13.8305948, 29.0016091 ], [ -13.8306589, 29.0015623 ], [ -13.8306842, 29.0015354 ], [ -13.8307226, 29.0014906 ], [ -13.8307384, 29.0014547 ], [ -13.8307505, 29.0014029 ], [ -13.8307627, 29.0012879 ], [ -13.8307666, 29.0012293 ], [ -13.8307719, 29.0011526 ], [ -13.8307788, 29.0011143 ], [ -13.8308015, 29.001092 ], [ -13.8308363, 29.0010787 ], [ -13.83088, 29.0010723 ], [ -13.8309029, 29.0010838 ], [ -13.8309162, 29.0011042 ], [ -13.8309365, 29.0011247 ], [ -13.8309722, 29.0011476 ], [ -13.8310182, 29.0011615 ], [ -13.8310656, 29.0011665 ], [ -13.8311054, 29.0011668 ], [ -13.8311377, 29.0011513 ], [ -13.831147, 29.0011198 ], [ -13.831134, 29.0010813 ], [ -13.8311086, 29.0010518 ], [ -13.8310786, 29.0010425 ], [ -13.8310575, 29.001031 ], [ -13.8310356, 29.000988 ], [ -13.8310158, 29.0009742 ], [ -13.8309818, 29.0009717 ], [ -13.8309542, 29.000976 ], [ -13.83092, 29.0009937 ], [ -13.8308852, 29.001007 ], [ -13.8308532, 29.0010022 ], [ -13.8308386, 29.0009863 ], [ -13.8308395, 29.0009659 ], [ -13.8308447, 29.000957 ], [ -13.8308608, 29.0008917 ], [ -13.8308726, 29.0008173 ], [ -13.8308774, 29.0007294 ], [ -13.83087, 29.0006503 ], [ -13.8308646, 29.0005555 ], [ -13.83087, 29.0004202 ], [ -13.8308762, 29.0003842 ], [ -13.8308985, 29.0003392 ], [ -13.8309006, 29.000328 ], [ -13.8309044, 29.0002693 ], [ -13.830908, 29.0001791 ], [ -13.8309033, 29.0001407 ], [ -13.8308947, 29.0001091 ], [ -13.8308672, 29.0000456 ], [ -13.8308421, 28.9999326 ], [ -13.8308394, 28.9998874 ], [ -13.8308462, 28.9998514 ], [ -13.8308759, 28.9998382 ], [ -13.8309005, 28.9998158 ], [ -13.8308919, 28.9997887 ], [ -13.8308593, 28.9997703 ], [ -13.8308352, 28.9997475 ], [ -13.8307974, 28.9996863 ], [ -13.8307831, 28.9996433 ], [ -13.8308015, 28.9996074 ], [ -13.8308267, 28.9995895 ], [ -13.8308614, 28.9995876 ], [ -13.8309056, 28.9995925 ], [ -13.8310254, 28.9996138 ], [ -13.8310731, 28.9995917 ], [ -13.8311073, 28.9995671 ], [ -13.8311218, 28.9995402 ], [ -13.8311176, 28.9995131 ], [ -13.8310979, 28.9994904 ], [ -13.8310659, 28.9994856 ], [ -13.8309845, 28.9994826 ], [ -13.8308804, 28.999493 ], [ -13.8308016, 28.99949 ], [ -13.8307785, 28.9994808 ], [ -13.8307864, 28.9994696 ], [ -13.8308134, 28.9994608 ], [ -13.8308431, 28.9994408 ], [ -13.8308427, 28.9994272 ], [ -13.8308024, 28.9994156 ], [ -13.8307954, 28.9994088 ], [ -13.8308013, 28.999393 ], [ -13.8308035, 28.9993727 ], [ -13.830765, 28.9993115 ], [ -13.8307705, 28.9992867 ], [ -13.8307905, 28.9992688 ], [ -13.8308182, 28.9992646 ], [ -13.8308453, 28.9992513 ], [ -13.8308513, 28.9992287 ], [ -13.8308102, 28.999181 ], [ -13.8308021, 28.9991494 ], [ -13.8308056, 28.9991336 ], [ -13.8308293, 28.9991293 ], [ -13.8308562, 28.9991363 ], [ -13.8308851, 28.9991365 ], [ -13.8309141, 28.999121 ], [ -13.8309356, 28.9990964 ], [ -13.8309352, 28.9990715 ], [ -13.830917, 28.9990398 ], [ -13.8309283, 28.9990015 ], [ -13.8309617, 28.9990018 ], [ -13.830993, 28.9990156 ], [ -13.8310086, 28.9990451 ], [ -13.8310141, 28.9990722 ], [ -13.8310331, 28.9990927 ], [ -13.8310464, 28.9991131 ], [ -13.8310521, 28.9991741 ], [ -13.8310756, 28.9991946 ], [ -13.8311174, 28.9991882 ], [ -13.8311529, 28.9991704 ], [ -13.8311723, 28.9991526 ], [ -13.8311981, 28.999146 ], [ -13.8312297, 28.9991328 ], [ -13.8312357, 28.999108 ], [ -13.8312161, 28.999083 ], [ -13.8311764, 28.9990736 ], [ -13.8311561, 28.9990554 ], [ -13.8311422, 28.999035 ], [ -13.8311323, 28.9990078 ], [ -13.8311268, 28.9989784 ], [ -13.8311283, 28.9989582 ], [ -13.8311496, 28.9989516 ], [ -13.8311702, 28.9989427 ], [ -13.8311834, 28.9989135 ], [ -13.8311774, 28.9988774 ], [ -13.8311435, 28.9988635 ], [ -13.8310992, 28.9988631 ], [ -13.8310131, 28.9988759 ], [ -13.8309773, 28.9988666 ], [ -13.8309473, 28.998855 ], [ -13.8309219, 28.99883 ], [ -13.8309113, 28.9988006 ], [ -13.8309124, 28.99876 ], [ -13.8309258, 28.9987082 ], [ -13.8309483, 28.9986497 ], [ -13.8309752, 28.9985958 ], [ -13.8310084, 28.9985555 ], [ -13.8310538, 28.9985153 ], [ -13.8310834, 28.998502 ], [ -13.8311187, 28.9985001 ], [ -13.8311584, 28.9985072 ], [ -13.8311916, 28.9985278 ], [ -13.831223, 28.9985303 ], [ -13.8312534, 28.9985035 ], [ -13.8312679, 28.9984697 ], [ -13.8312626, 28.9984291 ], [ -13.8312757, 28.9984021 ], [ -13.8312939, 28.998382 ], [ -13.8313257, 28.9982988 ], [ -13.8313633, 28.9982066 ], [ -13.8313996, 28.9981144 ], [ -13.8314072, 28.9980648 ], [ -13.8314039, 28.9980152 ], [ -13.8313576, 28.9979651 ], [ -13.8313369, 28.9979289 ], [ -13.8313135, 28.9978971 ], [ -13.8312836, 28.9978765 ], [ -13.8312445, 28.9978671 ], [ -13.831165, 28.9978642 ], [ -13.8311138, 28.9978547 ], [ -13.8310685, 28.9978363 ], [ -13.8310635, 28.9978182 ], [ -13.8311061, 28.9978005 ], [ -13.8311249, 28.9977826 ], [ -13.8311429, 28.997776 ], [ -13.831164, 28.9977852 ], [ -13.831184, 28.9977764 ], [ -13.8311919, 28.9977584 ], [ -13.8311929, 28.9977291 ], [ -13.8311996, 28.9976953 ], [ -13.8312152, 28.9976819 ], [ -13.8312297, 28.9977045 ], [ -13.8312598, 28.9977139 ], [ -13.8312766, 28.9976959 ], [ -13.8313015, 28.9976488 ], [ -13.8313241, 28.9976399 ], [ -13.8313491, 28.9976379 ], [ -13.831368, 28.9976155 ], [ -13.8313612, 28.9975907 ], [ -13.8313269, 28.9975587 ], [ -13.8312892, 28.9975449 ], [ -13.8312475, 28.9975445 ], [ -13.8311417, 28.9975459 ], [ -13.8310478, 28.9975586 ], [ -13.8310164, 28.997556 ], [ -13.8310148, 28.9975267 ], [ -13.8310401, 28.9975044 ], [ -13.8310737, 28.9974844 ], [ -13.8311144, 28.9974644 ], [ -13.8311568, 28.9974512 ], [ -13.8311954, 28.997447 ], [ -13.8312307, 28.9974473 ], [ -13.8312654, 28.9974386 ], [ -13.8312945, 28.9974186 ], [ -13.8313177, 28.9974098 ], [ -13.8313525, 28.997401 ], [ -13.8313877, 28.9974036 ], [ -13.8314244, 28.9973949 ], [ -13.8314427, 28.997368 ], [ -13.8314282, 28.9973385 ], [ -13.8314067, 28.9973135 ], [ -13.8313838, 28.9972953 ], [ -13.8313493, 28.9972814 ], [ -13.8312961, 28.9972787 ], [ -13.8312652, 28.9972875 ], [ -13.8312444, 28.9973076 ], [ -13.8312262, 28.9973323 ], [ -13.8312024, 28.9973411 ], [ -13.8311449, 28.9973112 ], [ -13.8311156, 28.9972907 ], [ -13.831082, 28.9972565 ], [ -13.8310424, 28.9972404 ], [ -13.8309451, 28.9972193 ], [ -13.8308945, 28.9972121 ], [ -13.8308566, 28.9972207 ], [ -13.8308268, 28.9972475 ], [ -13.8308041, 28.9972722 ], [ -13.8307866, 28.9972833 ], [ -13.8307705, 28.9972854 ], [ -13.8307244, 28.9972805 ], [ -13.8306584, 28.9972754 ], [ -13.8306188, 28.9972593 ], [ -13.830578, 28.9972341 ], [ -13.8304837, 28.9971769 ], [ -13.8304424, 28.9971427 ], [ -13.8304056, 28.997104 ], [ -13.8303683, 28.9970563 ], [ -13.8303064, 28.9969678 ], [ -13.8302819, 28.9969202 ], [ -13.8302652, 28.9968659 ], [ -13.8302555, 28.9968139 ], [ -13.8302432, 28.9967145 ], [ -13.8302415, 28.996631 ], [ -13.8302572, 28.9965545 ], [ -13.8302732, 28.9964982 ], [ -13.8302843, 28.996478 ], [ -13.8303369, 28.9964243 ], [ -13.8303546, 28.9963883 ], [ -13.8303651, 28.9963072 ], [ -13.8303745, 28.9962734 ], [ -13.8303946, 28.9962533 ], [ -13.8304771, 28.9962202 ], [ -13.830558, 28.9962209 ], [ -13.830603, 28.9962145 ], [ -13.8306462, 28.9961923 ], [ -13.8306802, 28.9961881 ], [ -13.8307148, 28.9961929 ], [ -13.8307525, 28.996209 ], [ -13.8308109, 28.9962118 ], [ -13.8308559, 28.9961964 ], [ -13.8308646, 28.9961649 ], [ -13.8308502, 28.9961354 ], [ -13.8308198, 28.9961036 ], [ -13.8307907, 28.9960627 ], [ -13.8307778, 28.9960152 ], [ -13.8307808, 28.9959769 ], [ -13.8308131, 28.9959569 ], [ -13.8308387, 28.9959007 ], [ -13.8308632, 28.9958919 ], [ -13.830928, 28.9958879 ], [ -13.8309578, 28.9958679 ], [ -13.8309857, 28.995841 ], [ -13.8310048, 28.9957961 ], [ -13.8309994, 28.9957644 ], [ -13.8309675, 28.9957461 ], [ -13.8309311, 28.9957345 ], [ -13.8308993, 28.9957094 ], [ -13.8308772, 28.9956731 ], [ -13.8308629, 28.9956301 ], [ -13.8308544, 28.9955872 ], [ -13.8308528, 28.9955624 ], [ -13.8308597, 28.9955218 ], [ -13.8309048, 28.9954455 ], [ -13.8309791, 28.9953446 ], [ -13.831003, 28.9953245 ], [ -13.831039, 28.9953226 ], [ -13.8311418, 28.9953122 ], [ -13.8311818, 28.9952922 ], [ -13.8312032, 28.9952676 ], [ -13.8311939, 28.9952449 ], [ -13.8311624, 28.9952424 ], [ -13.8310776, 28.9952575 ], [ -13.8310366, 28.9952458 ], [ -13.8310119, 28.9952163 ], [ -13.831029, 28.9951848 ], [ -13.8310639, 28.9951581 ], [ -13.831102, 28.9951381 ], [ -13.8311921, 28.9951096 ], [ -13.8312393, 28.9950784 ], [ -13.8312628, 28.995047 ], [ -13.8312754, 28.9950087 ], [ -13.8312813, 28.9949411 ], [ -13.8313046, 28.994921 ], [ -13.8313382, 28.9949055 ], [ -13.8313667, 28.9948809 ], [ -13.8313813, 28.9948405 ], [ -13.8313921, 28.9947932 ], [ -13.8313931, 28.9947548 ], [ -13.831386, 28.9947074 ], [ -13.8313858, 28.9946645 ], [ -13.8313939, 28.9946285 ], [ -13.8314274, 28.9945611 ], [ -13.8314329, 28.9945273 ], [ -13.8314267, 28.9945047 ], [ -13.8314078, 28.9944752 ], [ -13.8313882, 28.9944524 ], [ -13.8313795, 28.9944275 ], [ -13.8313797, 28.994405 ], [ -13.8313992, 28.9943826 ], [ -13.831429, 28.9943625 ], [ -13.8314573, 28.9943492 ], [ -13.8314984, 28.9943474 ], [ -13.8315262, 28.9943341 ], [ -13.8315438, 28.9943071 ], [ -13.8315525, 28.9942734 ], [ -13.8315612, 28.9942396 ], [ -13.8315743, 28.9942171 ], [ -13.8316032, 28.9942106 ], [ -13.8316397, 28.9942177 ], [ -13.8316722, 28.9942451 ], [ -13.8317237, 28.9942839 ], [ -13.8318004, 28.994368 ], [ -13.8318804, 28.9944387 ], [ -13.831922, 28.9944503 ], [ -13.8319529, 28.994437 ], [ -13.8319526, 28.99441 ], [ -13.8319383, 28.9943715 ], [ -13.831938, 28.9943376 ], [ -13.8319549, 28.9943243 ], [ -13.831983, 28.9943313 ], [ -13.8320021, 28.9943472 ], [ -13.8320115, 28.9943676 ], [ -13.8320344, 28.9943836 ], [ -13.8320965, 28.9943932 ], [ -13.8321104, 28.9944113 ], [ -13.8321398, 28.9944229 ], [ -13.8322219, 28.9944236 ], [ -13.8322794, 28.994388 ], [ -13.8323147, 28.9943838 ], [ -13.8323417, 28.9943863 ], [ -13.8323827, 28.9943844 ], [ -13.832422, 28.9943734 ], [ -13.832453, 28.9943579 ], [ -13.8324655, 28.9943264 ], [ -13.8324672, 28.9942881 ], [ -13.8324541, 28.9942609 ], [ -13.832428, 28.9942404 ], [ -13.8323967, 28.994222 ], [ -13.8323194, 28.9941988 ], [ -13.832285, 28.9941804 ], [ -13.8322525, 28.9941576 ], [ -13.8322298, 28.9941258 ], [ -13.8322371, 28.9940966 ], [ -13.832256, 28.9940719 ], [ -13.8322851, 28.9940518 ], [ -13.8323128, 28.9940408 ], [ -13.8323406, 28.9940275 ], [ -13.8324125, 28.9939582 ], [ -13.8324327, 28.9939335 ], [ -13.832442, 28.9939043 ], [ -13.8324531, 28.9938909 ], [ -13.832479, 28.9938708 ], [ -13.8325552, 28.9938218 ], [ -13.8325831, 28.9937995 ], [ -13.8326097, 28.9937704 ], [ -13.832621, 28.9937366 ], [ -13.8326233, 28.9937006 ], [ -13.832614, 28.9936756 ], [ -13.8325935, 28.993671 ], [ -13.8325726, 28.9936505 ], [ -13.8325549, 28.9936233 ], [ -13.8325553, 28.9935894 ], [ -13.8325711, 28.9935489 ], [ -13.832638, 28.9934232 ], [ -13.8326581, 28.993403 ], [ -13.8326911, 28.9933785 ], [ -13.8327614, 28.9933408 ], [ -13.8327964, 28.9933162 ], [ -13.8328269, 28.9932804 ], [ -13.8328318, 28.9932444 ], [ -13.8328116, 28.9932126 ], [ -13.8327525, 28.9931692 ], [ -13.8327093, 28.9931237 ], [ -13.8327096, 28.9931034 ], [ -13.8327453, 28.9930699 ], [ -13.8327487, 28.9930451 ], [ -13.8327297, 28.9930291 ], [ -13.832695, 28.9930288 ], [ -13.8326747, 28.9930151 ], [ -13.832666, 28.9929835 ], [ -13.8326702, 28.9929541 ], [ -13.8326947, 28.9928889 ], [ -13.8326989, 28.9928529 ], [ -13.8326683, 28.9927804 ], [ -13.8326662, 28.992742 ], [ -13.8326685, 28.9927037 ], [ -13.8326812, 28.9926632 ], [ -13.8326963, 28.9926295 ], [ -13.8327063, 28.9925935 ], [ -13.8327055, 28.9925551 ], [ -13.8326855, 28.9925075 ], [ -13.832628, 28.9924236 ], [ -13.832557, 28.9923462 ], [ -13.832524, 28.9923189 ], [ -13.8324871, 28.9922937 ], [ -13.832463, 28.9922665 ], [ -13.8324557, 28.9922303 ], [ -13.8324528, 28.9922009 ], [ -13.8324584, 28.9921626 ], [ -13.8324928, 28.9920659 ], [ -13.8325178, 28.9920142 ], [ -13.832574, 28.9919245 ], [ -13.8326301, 28.9918415 ], [ -13.8326869, 28.991754 ], [ -13.8327083, 28.9917338 ], [ -13.8327314, 28.9917295 ], [ -13.8327545, 28.991732 ], [ -13.8327736, 28.9917457 ], [ -13.8327922, 28.9917436 ], [ -13.8328103, 28.9917302 ], [ -13.8328131, 28.99171 ], [ -13.8327937, 28.9916737 ], [ -13.8328073, 28.9916557 ], [ -13.832885, 28.991591 ], [ -13.8329436, 28.9915216 ], [ -13.8329812, 28.9914858 ], [ -13.8330871, 28.9914213 ], [ -13.8331631, 28.9914016 ], [ -13.8331843, 28.9913928 ], [ -13.8332255, 28.9913796 ], [ -13.8332519, 28.9913753 ], [ -13.833284, 28.9913688 ], [ -13.8333003, 28.9913441 ], [ -13.8332987, 28.9913216 ], [ -13.8332538, 28.9912648 ], [ -13.8332458, 28.9912286 ], [ -13.8332461, 28.9911993 ], [ -13.8332598, 28.9911227 ], [ -13.8332577, 28.9910866 ], [ -13.8332381, 28.9910571 ], [ -13.8332119, 28.9910501 ], [ -13.8331856, 28.9910498 ], [ -13.8331589, 28.991027 ], [ -13.8331382, 28.9909862 ], [ -13.8331523, 28.9909277 ], [ -13.8331462, 28.9909051 ], [ -13.8331094, 28.9908709 ], [ -13.8331058, 28.9908461 ], [ -13.8331126, 28.9908101 ], [ -13.8331239, 28.9907718 ], [ -13.8331494, 28.9907291 ], [ -13.8331924, 28.9906709 ], [ -13.8332434, 28.9906442 ], [ -13.8332648, 28.9906218 ], [ -13.8332708, 28.9906016 ], [ -13.8332698, 28.9905768 ], [ -13.8332874, 28.9905544 ], [ -13.8333366, 28.9905119 ], [ -13.8333556, 28.9904782 ], [ -13.8333714, 28.9904445 ], [ -13.8333744, 28.9904062 ], [ -13.833369, 28.9903701 ], [ -13.8333572, 28.9903338 ], [ -13.8333412, 28.990275 ], [ -13.8333472, 28.9902525 ], [ -13.8333759, 28.9902099 ], [ -13.8334122, 28.9901786 ], [ -13.8334453, 28.9901428 ], [ -13.8334521, 28.9901113 ], [ -13.8334559, 28.9900594 ], [ -13.8334833, 28.9900236 ], [ -13.8335154, 28.9900171 ], [ -13.8336161, 28.9900179 ], [ -13.8337239, 28.9900211 ], [ -13.8337422, 28.9900439 ], [ -13.833786, 28.9900826 ], [ -13.8338097, 28.9900918 ], [ -13.8338308, 28.990092 ], [ -13.8338444, 28.9900854 ], [ -13.8338509, 28.9900741 ], [ -13.8338558, 28.9900449 ], [ -13.833876, 28.9900112 ], [ -13.833906, 28.9899686 ], [ -13.8339228, 28.9899574 ], [ -13.83393, 28.9899485 ], [ -13.8339309, 28.9899214 ], [ -13.833812, 28.9898888 ], [ -13.8337872, 28.9898638 ], [ -13.8337694, 28.9898523 ], [ -13.8337507, 28.9898589 ], [ -13.8337193, 28.9898587 ], [ -13.8336815, 28.9898493 ], [ -13.8336465, 28.9898242 ], [ -13.8336187, 28.9897879 ], [ -13.8336148, 28.9897314 ], [ -13.8336295, 28.9896864 ], [ -13.8336804, 28.9896079 ], [ -13.8336949, 28.9895696 ], [ -13.8336869, 28.9895448 ], [ -13.8336504, 28.9895332 ], [ -13.8336112, 28.9895419 ], [ -13.8335674, 28.9895573 ], [ -13.833547, 28.9895413 ], [ -13.8335448, 28.9895142 ], [ -13.8335477, 28.9894849 ], [ -13.8335625, 28.9894218 ], [ -13.8335921, 28.9893522 ], [ -13.8336199, 28.9893411 ], [ -13.8336407, 28.9893097 ], [ -13.8336585, 28.9892738 ], [ -13.8336813, 28.9892401 ], [ -13.8336927, 28.9891974 ], [ -13.8336802, 28.9891679 ], [ -13.8336532, 28.9891677 ], [ -13.8336243, 28.9891764 ], [ -13.833591, 28.9891671 ], [ -13.8335624, 28.9891443 ], [ -13.8335441, 28.9890607 ], [ -13.8335509, 28.9890292 ], [ -13.8335734, 28.9890203 ], [ -13.8336044, 28.9890003 ], [ -13.8336265, 28.9889757 ], [ -13.8336298, 28.9889667 ], [ -13.8336298, 28.9889125 ], [ -13.8336172, 28.9888921 ], [ -13.8335942, 28.9888829 ], [ -13.8335296, 28.9888665 ], [ -13.8334648, 28.9888659 ], [ -13.8334444, 28.9888545 ], [ -13.8334123, 28.9888001 ], [ -13.8333731, 28.9887433 ], [ -13.8333497, 28.9887206 ], [ -13.8333153, 28.9886932 ], [ -13.8332996, 28.9886637 ], [ -13.8332999, 28.9886367 ], [ -13.8333149, 28.9886142 ], [ -13.8333383, 28.9885896 ], [ -13.8333425, 28.9885603 ], [ -13.8333209, 28.9885398 ], [ -13.8332947, 28.9885306 ], [ -13.8332229, 28.9885254 ], [ -13.833191, 28.9885139 ], [ -13.8331604, 28.9884933 ], [ -13.8331304, 28.9884817 ], [ -13.833069, 28.9884654 ], [ -13.8330337, 28.9884629 ], [ -13.8329974, 28.9884355 ], [ -13.832987, 28.9883948 ], [ -13.8330063, 28.9883318 ], [ -13.8330023, 28.9882888 ], [ -13.8329821, 28.9882571 ], [ -13.8329539, 28.9882569 ], [ -13.832916, 28.988261 ], [ -13.8328821, 28.9882495 ], [ -13.832869, 28.9882245 ], [ -13.8328913, 28.9881728 ], [ -13.8328769, 28.9881434 ], [ -13.8328515, 28.9881251 ], [ -13.8328181, 28.9881248 ], [ -13.8327984, 28.9881066 ], [ -13.832794, 28.9880456 ], [ -13.8327857, 28.9879869 ], [ -13.8327709, 28.9879304 ], [ -13.8327497, 28.9878715 ], [ -13.8327118, 28.9877629 ], [ -13.8326716, 28.9876294 ], [ -13.8326421, 28.9875141 ], [ -13.8325726, 28.987421 ], [ -13.8325514, 28.9873644 ], [ -13.8325477, 28.9873012 ], [ -13.8325636, 28.9872562 ], [ -13.8325916, 28.9872158 ], [ -13.8326034, 28.9871911 ], [ -13.8326078, 28.9871438 ], [ -13.8325911, 28.9870872 ], [ -13.8325603, 28.9870351 ], [ -13.8325255, 28.9869851 ], [ -13.8325005, 28.9869307 ], [ -13.8324853, 28.9868607 ], [ -13.8324504, 28.9867115 ], [ -13.8324243, 28.9865781 ], [ -13.8324154, 28.9865149 ], [ -13.8324205, 28.9864608 ], [ -13.8324576, 28.986355 ], [ -13.832481, 28.9863237 ], [ -13.832528, 28.9863105 ], [ -13.8326201, 28.9863361 ], [ -13.8326612, 28.9863297 ], [ -13.8326687, 28.9862914 ], [ -13.8326493, 28.9862484 ], [ -13.8326234, 28.9862098 ], [ -13.8325651, 28.9861461 ], [ -13.8325622, 28.9861191 ], [ -13.8325696, 28.9860875 ], [ -13.8325487, 28.9860693 ], [ -13.8325025, 28.9860666 ], [ -13.8323832, 28.9860633 ], [ -13.8323263, 28.9860516 ], [ -13.8322732, 28.9860285 ], [ -13.8322767, 28.9860083 ], [ -13.8323057, 28.9859927 ], [ -13.8323404, 28.9859885 ], [ -13.8323776, 28.9859934 ], [ -13.832413, 28.9859869 ], [ -13.8324459, 28.9859691 ], [ -13.8324597, 28.9859399 ], [ -13.8324528, 28.9859218 ], [ -13.8324375, 28.9859104 ], [ -13.8324236, 28.98589 ], [ -13.8324267, 28.9858448 ], [ -13.832407, 28.9858311 ], [ -13.8323764, 28.9858173 ], [ -13.8323618, 28.9857947 ], [ -13.8323782, 28.9857655 ], [ -13.832422, 28.9857501 ], [ -13.8324798, 28.9857483 ], [ -13.8325977, 28.9857561 ], [ -13.8326364, 28.9857406 ], [ -13.8326349, 28.9857068 ], [ -13.8325974, 28.9856726 ], [ -13.8325476, 28.9856519 ], [ -13.8324931, 28.9856424 ], [ -13.8324271, 28.9856373 ], [ -13.8323825, 28.9856189 ], [ -13.8323411, 28.9855869 ], [ -13.8323049, 28.9855505 ], [ -13.8323065, 28.9855189 ], [ -13.832337, 28.9854966 ], [ -13.8323744, 28.9854789 ], [ -13.8323889, 28.9854407 ], [ -13.8323671, 28.9853863 ], [ -13.8323285, 28.9853409 ], [ -13.8322853, 28.9853021 ], [ -13.8322356, 28.9852701 ], [ -13.8322039, 28.985236 ], [ -13.8322189, 28.9852136 ], [ -13.8322556, 28.9852003 ], [ -13.8322981, 28.9851894 ], [ -13.8323554, 28.9851696 ], [ -13.8323924, 28.9851316 ], [ -13.8324191, 28.985098 ], [ -13.8324592, 28.9850667 ], [ -13.8325107, 28.9850536 ], [ -13.8326363, 28.9850638 ], [ -13.8326931, 28.9850349 ], [ -13.8327236, 28.9849991 ], [ -13.8327479, 28.9849496 ], [ -13.8327343, 28.9848999 ], [ -13.8327048, 28.9848455 ], [ -13.8326887, 28.9847957 ], [ -13.8326647, 28.9847008 ], [ -13.8326363, 28.9846644 ], [ -13.8326001, 28.984628 ], [ -13.8325775, 28.9845849 ], [ -13.8325601, 28.9845374 ], [ -13.8325253, 28.9844942 ], [ -13.8324335, 28.9844438 ], [ -13.8323983, 28.9844322 ], [ -13.8323259, 28.984427 ], [ -13.8322732, 28.9844379 ], [ -13.8322481, 28.9844377 ], [ -13.8322348, 28.9844308 ], [ -13.8322323, 28.9844195 ], [ -13.8322564, 28.9843904 ], [ -13.8322502, 28.9843677 ], [ -13.8322081, 28.9842861 ], [ -13.832161, 28.9841978 ], [ -13.8321095, 28.9841003 ], [ -13.8320465, 28.9840027 ], [ -13.8320213, 28.9839574 ], [ -13.8320146, 28.9839235 ], [ -13.8320148, 28.9839054 ], [ -13.8320168, 28.9837881 ], [ -13.8320022, 28.9836616 ], [ -13.8319841, 28.9834968 ], [ -13.8319771, 28.9833252 ], [ -13.8319772, 28.9831493 ], [ -13.8319804, 28.9829733 ], [ -13.8319847, 28.9828786 ], [ -13.8319944, 28.9828155 ], [ -13.8320097, 28.9827614 ], [ -13.8320148, 28.9827074 ], [ -13.8319979, 28.9826756 ], [ -13.8319653, 28.9826595 ], [ -13.8319409, 28.9826119 ], [ -13.8319325, 28.9825555 ], [ -13.8319415, 28.9824969 ], [ -13.831976, 28.9824498 ], [ -13.8320162, 28.9824095 ], [ -13.8320649, 28.9823671 ], [ -13.8321115, 28.9823201 ], [ -13.8321326, 28.9822729 ], [ -13.8321725, 28.9822033 ], [ -13.8321717, 28.9821604 ], [ -13.8321406, 28.9821286 ], [ -13.8321024, 28.9821079 ], [ -13.8320705, 28.9820941 ], [ -13.8320573, 28.9820647 ], [ -13.8320469, 28.9820262 ], [ -13.8320145, 28.9819944 ], [ -13.8319608, 28.9819759 ], [ -13.8319251, 28.9819553 ], [ -13.8319057, 28.9819167 ], [ -13.8318922, 28.9818602 ], [ -13.8318685, 28.9817968 ], [ -13.8318396, 28.9817424 ], [ -13.8317991, 28.9816947 ], [ -13.8317534, 28.9816537 ], [ -13.8316479, 28.981567 ], [ -13.8316251, 28.9815375 ], [ -13.8316093, 28.9815148 ], [ -13.8315982, 28.9814786 ], [ -13.8315899, 28.9814221 ], [ -13.8314127, 28.9811476 ], [ -13.8313625, 28.9810434 ], [ -13.831316, 28.9809549 ], [ -13.8312625, 28.9808665 ], [ -13.8312076, 28.9807916 ], [ -13.8311575, 28.9807347 ], [ -13.8311133, 28.9806757 ], [ -13.8310682, 28.9806301 ], [ -13.8310134, 28.9806049 ], [ -13.8309488, 28.980584 ], [ -13.8308786, 28.9805473 ], [ -13.8308157, 28.9804971 ], [ -13.8307222, 28.9804263 ], [ -13.830693, 28.9803945 ], [ -13.8306593, 28.9803107 ], [ -13.8306877, 28.9802997 ], [ -13.8306995, 28.9802772 ], [ -13.8307017, 28.9802524 ], [ -13.8306915, 28.9802456 ], [ -13.8306626, 28.9802453 ], [ -13.8306385, 28.9802293 ], [ -13.8306349, 28.9802 ], [ -13.8306424, 28.9801662 ], [ -13.8306702, 28.9801416 ], [ -13.8306904, 28.9801124 ], [ -13.830689, 28.9800673 ], [ -13.8306743, 28.9800063 ], [ -13.8306567, 28.9799745 ], [ -13.8306312, 28.9799585 ], [ -13.8306156, 28.9799245 ], [ -13.8306185, 28.979893 ], [ -13.8306376, 28.9798525 ], [ -13.8306497, 28.979803 ], [ -13.8306387, 28.9797533 ], [ -13.8306038, 28.9797146 ], [ -13.8305491, 28.9796735 ], [ -13.8305094, 28.9796709 ], [ -13.830476, 28.9796751 ], [ -13.830436, 28.9796906 ], [ -13.8304129, 28.9796904 ], [ -13.8303376, 28.979719 ], [ -13.8303021, 28.9797391 ], [ -13.8302279, 28.9797745 ], [ -13.8301868, 28.9797764 ], [ -13.8301133, 28.9797555 ], [ -13.8300846, 28.9797349 ], [ -13.8300766, 28.9797123 ], [ -13.83008, 28.979692 ], [ -13.8300956, 28.9796718 ], [ -13.8301572, 28.9796137 ], [ -13.8301863, 28.9795959 ], [ -13.8302209, 28.9795917 ], [ -13.830259, 28.9795762 ], [ -13.830338, 28.9795092 ], [ -13.8304304, 28.9794446 ], [ -13.8304553, 28.9794019 ], [ -13.8304609, 28.9793591 ], [ -13.8304963, 28.979294 ], [ -13.830534, 28.979195 ], [ -13.8305542, 28.9791027 ], [ -13.8305713, 28.9790735 ], [ -13.8306055, 28.9790558 ], [ -13.8306384, 28.9790358 ], [ -13.8306652, 28.9789954 ], [ -13.8306767, 28.9789413 ], [ -13.8306926, 28.9788896 ], [ -13.8307012, 28.9788761 ], [ -13.8307401, 28.9788358 ], [ -13.8307905, 28.9788024 ], [ -13.8308541, 28.978794 ], [ -13.8309869, 28.9787929 ], [ -13.8310327, 28.9787662 ], [ -13.8310332, 28.9787256 ], [ -13.8309914, 28.9786801 ], [ -13.8309583, 28.9786505 ], [ -13.8309005, 28.9786048 ], [ -13.8308444, 28.9785705 ], [ -13.8307984, 28.9785566 ], [ -13.8307509, 28.9785607 ], [ -13.8306638, 28.9785983 ], [ -13.8306105, 28.9786068 ], [ -13.8304573, 28.978601 ], [ -13.8304397, 28.9786189 ], [ -13.830415, 28.978648 ], [ -13.8303972, 28.9786907 ], [ -13.8303924, 28.9787155 ], [ -13.830385, 28.9787538 ], [ -13.8303718, 28.9787875 ], [ -13.8303567, 28.9788144 ], [ -13.8303346, 28.9788459 ], [ -13.8302643, 28.9789355 ], [ -13.8302192, 28.9789486 ], [ -13.83013, 28.9789524 ], [ -13.830089, 28.9789452 ], [ -13.8300536, 28.9789066 ], [ -13.8300166, 28.9788837 ], [ -13.8299797, 28.9789105 ], [ -13.8299554, 28.9789621 ], [ -13.8298987, 28.9790451 ], [ -13.8298704, 28.9790516 ], [ -13.8298259, 28.9790151 ], [ -13.8297775, 28.9789809 ], [ -13.8297056, 28.9789261 ], [ -13.8296605, 28.9788874 ], [ -13.8296045, 28.9788485 ], [ -13.8295575, 28.9788097 ], [ -13.8295112, 28.9787597 ], [ -13.8294459, 28.9786869 ], [ -13.8294054, 28.9786415 ], [ -13.8294011, 28.9786256 ], [ -13.8294046, 28.9786031 ], [ -13.8294114, 28.9785625 ], [ -13.8294245, 28.9785378 ], [ -13.8294847, 28.9784413 ], [ -13.8294997, 28.9784167 ], [ -13.8295148, 28.9783875 ], [ -13.8295565, 28.9783269 ], [ -13.8295678, 28.9782932 ], [ -13.8295754, 28.9782481 ], [ -13.8295887, 28.9782031 ], [ -13.8296237, 28.9781741 ], [ -13.8297211, 28.9781185 ], [ -13.8297774, 28.9780807 ], [ -13.8298131, 28.9780381 ], [ -13.8298129, 28.9780043 ], [ -13.8297765, 28.9779926 ], [ -13.8297297, 28.97799 ], [ -13.8296763, 28.9780008 ], [ -13.8296388, 28.978023 ], [ -13.829558, 28.9780787 ], [ -13.8294412, 28.9781454 ], [ -13.8293825, 28.9781697 ], [ -13.8293433, 28.9781761 ], [ -13.8293248, 28.9781692 ], [ -13.8292903, 28.9781012 ], [ -13.8292906, 28.9780696 ], [ -13.8292851, 28.9780448 ], [ -13.8292597, 28.9780197 ], [ -13.8292303, 28.978015 ], [ -13.8291931, 28.9780124 ], [ -13.8291558, 28.9780166 ], [ -13.8290904, 28.9780205 ], [ -13.8290604, 28.9780067 ], [ -13.8290344, 28.9779771 ], [ -13.829029, 28.9779455 ], [ -13.8290352, 28.977905 ], [ -13.829058, 28.9778758 ], [ -13.8290858, 28.9778535 ], [ -13.8290976, 28.9778378 ], [ -13.8290985, 28.9778085 ], [ -13.8290938, 28.9777724 ], [ -13.8290622, 28.9776773 ], [ -13.8290249, 28.9775687 ], [ -13.8290153, 28.9775054 ], [ -13.8290128, 28.9774513 ], [ -13.8289947, 28.977406 ], [ -13.8289624, 28.9773651 ], [ -13.8289229, 28.9773399 ], [ -13.8289025, 28.9773352 ], [ -13.8288831, 28.9773441 ], [ -13.8288776, 28.9773734 ], [ -13.8288711, 28.977441 ], [ -13.8288587, 28.9774634 ], [ -13.8288387, 28.9774678 ], [ -13.8288081, 28.9774562 ], [ -13.8287922, 28.9774448 ], [ -13.8287833, 28.9774357 ], [ -13.8287487, 28.9774264 ], [ -13.8287222, 28.9773968 ], [ -13.8286493, 28.9773195 ], [ -13.8286242, 28.9772719 ], [ -13.828578, 28.9771496 ], [ -13.8285602, 28.9770863 ], [ -13.8285291, 28.9769416 ], [ -13.8285199, 28.9768491 ], [ -13.8285216, 28.9766911 ], [ -13.8285271, 28.9765423 ], [ -13.8285308, 28.9763866 ], [ -13.8285351, 28.9762355 ], [ -13.8285428, 28.9761791 ], [ -13.8285635, 28.9761071 ], [ -13.8286184, 28.9759587 ], [ -13.8286461, 28.9758935 ], [ -13.8286762, 28.9758351 ], [ -13.8287403, 28.9757274 ], [ -13.8288243, 28.9756198 ], [ -13.8288677, 28.9755796 ], [ -13.8289669, 28.9754879 ], [ -13.8290219, 28.9754455 ], [ -13.8290864, 28.9754122 ], [ -13.8291394, 28.9753766 ], [ -13.8291853, 28.9753409 ], [ -13.8292675, 28.9752807 ], [ -13.8292864, 28.9752516 ], [ -13.8292945, 28.97522 ], [ -13.8292961, 28.9751862 ], [ -13.8292702, 28.9751589 ], [ -13.8292537, 28.9751385 ], [ -13.8292821, 28.9751184 ], [ -13.829352, 28.9750694 ], [ -13.8294508, 28.9750071 ], [ -13.8295464, 28.974947 ], [ -13.8296658, 28.9748826 ], [ -13.8297755, 28.9748249 ], [ -13.8298799, 28.9747806 ], [ -13.8299818, 28.9747364 ], [ -13.8300494, 28.9747144 ], [ -13.8301819, 28.9746795 ], [ -13.8302521, 28.974653 ], [ -13.8303166, 28.9746243 ], [ -13.8303842, 28.9746023 ], [ -13.8305, 28.9745694 ], [ -13.8305444, 28.9745631 ], [ -13.8305597, 28.9745654 ], [ -13.8307472, 28.9746077 ], [ -13.8307985, 28.9746127 ], [ -13.8308496, 28.9746266 ], [ -13.8308853, 28.9746495 ], [ -13.830897, 28.974697 ], [ -13.8308928, 28.9747759 ], [ -13.8308866, 28.9748706 ], [ -13.8308984, 28.9749091 ], [ -13.8309246, 28.9749183 ], [ -13.8309511, 28.9749005 ], [ -13.8309765, 28.9748647 ], [ -13.8310282, 28.9747771 ], [ -13.8310711, 28.9747256 ], [ -13.8311054, 28.9746988 ], [ -13.8311345, 28.9746833 ], [ -13.8312207, 28.9746547 ], [ -13.8312601, 28.9746347 ], [ -13.8313243, 28.9745698 ], [ -13.8313657, 28.9745408 ], [ -13.8314484, 28.9744874 ], [ -13.8314949, 28.9744608 ], [ -13.8315341, 28.9744521 ], [ -13.8315638, 28.9744366 ], [ -13.8315901, 28.97443 ], [ -13.8316305, 28.9744394 ], [ -13.8317296, 28.9744651 ], [ -13.8317789, 28.9744722 ], [ -13.8318399, 28.9744638 ], [ -13.8319551, 28.9744309 ], [ -13.8320073, 28.9744088 ], [ -13.8320571, 28.9743777 ], [ -13.8321514, 28.9743221 ], [ -13.8321877, 28.9742885 ], [ -13.8322426, 28.9742529 ], [ -13.8323418, 28.9742154 ], [ -13.8323704, 28.9741841 ], [ -13.8323881, 28.9741459 ], [ -13.8324148, 28.9741078 ], [ -13.8324568, 28.974081 ], [ -13.8325001, 28.9740589 ], [ -13.8325602, 28.9740142 ], [ -13.8325823, 28.9739355 ], [ -13.8326159, 28.9739132 ], [ -13.8326424, 28.9738886 ], [ -13.8326331, 28.9738615 ], [ -13.8325988, 28.9738341 ], [ -13.8325231, 28.9737815 ], [ -13.8324716, 28.973736 ], [ -13.8324419, 28.9736973 ], [ -13.8324467, 28.9736703 ], [ -13.8324814, 28.9736594 ], [ -13.8325219, 28.973662 ], [ -13.8326135, 28.9736718 ], [ -13.8326597, 28.9736677 ], [ -13.832715, 28.9736523 ], [ -13.832757, 28.9736279 ], [ -13.8327792, 28.9735943 ], [ -13.8327693, 28.9735581 ], [ -13.8327421, 28.9735285 ], [ -13.8326993, 28.9735101 ], [ -13.8326701, 28.973485 ], [ -13.832673, 28.9734534 ], [ -13.8326808, 28.9734467 ], [ -13.8327136, 28.9734357 ], [ -13.8327963, 28.973441 ], [ -13.832834, 28.9734571 ], [ -13.8329286, 28.9734827 ], [ -13.8329835, 28.9735035 ], [ -13.8330295, 28.9735264 ], [ -13.8330778, 28.9735585 ], [ -13.8331213, 28.9735769 ], [ -13.833168, 28.9735818 ], [ -13.8332201, 28.9735687 ], [ -13.8332704, 28.9735466 ], [ -13.833313, 28.9735244 ], [ -13.8333429, 28.9734908 ], [ -13.8333795, 28.9734347 ], [ -13.8333953, 28.9733942 ], [ -13.8334176, 28.9733539 ], [ -13.8334537, 28.9733361 ], [ -13.8334815, 28.9733093 ], [ -13.8334916, 28.973271 ], [ -13.8334927, 28.9732282 ], [ -13.8334514, 28.9731375 ], [ -13.8334509, 28.9731262 ], [ -13.8334581, 28.9729977 ], [ -13.8334859, 28.9729167 ], [ -13.8334852, 28.9728716 ], [ -13.8334599, 28.972833 ], [ -13.8334282, 28.9727989 ], [ -13.8333837, 28.9727083 ], [ -13.8333534, 28.9726674 ], [ -13.8332735, 28.97259 ], [ -13.8332592, 28.9725492 ], [ -13.8332584, 28.9725041 ], [ -13.8332544, 28.972398 ], [ -13.8332619, 28.9723078 ], [ -13.8332584, 28.9722153 ], [ -13.8332621, 28.9721702 ], [ -13.8332715, 28.9720755 ], [ -13.8332835, 28.9720418 ], [ -13.8333084, 28.9719878 ], [ -13.8333378, 28.9719407 ], [ -13.8333678, 28.9719004 ], [ -13.8334034, 28.9718691 ], [ -13.8334778, 28.9718156 ], [ -13.833502, 28.9717707 ], [ -13.8335379, 28.9716559 ], [ -13.8335705, 28.9716088 ], [ -13.8336089, 28.9715686 ], [ -13.8336778, 28.9714811 ], [ -13.8337085, 28.971434 ], [ -13.8337303, 28.9713801 ], [ -13.8337366, 28.971326 ], [ -13.8337238, 28.9712717 ], [ -13.8336908, 28.9711767 ], [ -13.8336433, 28.9710657 ], [ -13.833624, 28.9710159 ], [ -13.8336105, 28.9709639 ], [ -13.8336098, 28.9709097 ], [ -13.8336125, 28.9708962 ], [ -13.8336335, 28.9707971 ], [ -13.8336501, 28.9707499 ], [ -13.8336738, 28.9706982 ], [ -13.8337377, 28.9705995 ], [ -13.8337779, 28.9705592 ], [ -13.8338725, 28.9704766 ], [ -13.8339076, 28.9704385 ], [ -13.8339164, 28.9703935 ], [ -13.8339035, 28.9703482 ], [ -13.8338808, 28.9703119 ], [ -13.8338187, 28.9702392 ], [ -13.8337967, 28.9702052 ], [ -13.8337623, 28.9701259 ], [ -13.8337436, 28.9700761 ], [ -13.8337295, 28.9700151 ], [ -13.833707, 28.9699675 ], [ -13.8336946, 28.9699245 ], [ -13.8337179, 28.9699044 ], [ -13.833807, 28.9699142 ], [ -13.8338666, 28.9699147 ], [ -13.833965, 28.9698975 ], [ -13.8340794, 28.9698759 ], [ -13.8341226, 28.969856 ], [ -13.834157, 28.9698202 ], [ -13.8342035, 28.9697913 ], [ -13.8342478, 28.9697849 ], [ -13.8343554, 28.9697993 ], [ -13.8344483, 28.9698092 ], [ -13.8344926, 28.9698096 ], [ -13.8345249, 28.9697895 ], [ -13.8345412, 28.9697604 ], [ -13.8345474, 28.9696701 ], [ -13.8345745, 28.9696501 ], [ -13.8346144, 28.9696414 ], [ -13.8346525, 28.9696214 ], [ -13.8346733, 28.9695923 ], [ -13.8346737, 28.9695562 ], [ -13.8346297, 28.9694813 ], [ -13.8346235, 28.9693978 ], [ -13.8346073, 28.969357 ], [ -13.8345783, 28.9693185 ], [ -13.8345355, 28.9692978 ], [ -13.8344817, 28.9692928 ], [ -13.8343528, 28.9692872 ], [ -13.8342944, 28.9692934 ], [ -13.8342328, 28.9692951 ], [ -13.8342047, 28.9692836 ], [ -13.8342082, 28.9692543 ], [ -13.8342285, 28.9692184 ], [ -13.8342424, 28.9691824 ], [ -13.8342396, 28.9691463 ], [ -13.8342111, 28.9691167 ], [ -13.8341363, 28.9690912 ], [ -13.8341263, 28.9690686 ], [ -13.8341337, 28.9690326 ], [ -13.834168, 28.9689471 ], [ -13.8341745, 28.9688908 ], [ -13.8341767, 28.9688006 ], [ -13.834158, 28.9687575 ], [ -13.8341342, 28.9687099 ], [ -13.8340994, 28.9686081 ], [ -13.8340928, 28.9685629 ], [ -13.8341159, 28.9685044 ], [ -13.8341413, 28.9684753 ], [ -13.8341687, 28.9684869 ], [ -13.834222, 28.9685347 ], [ -13.8342489, 28.9685462 ], [ -13.8342771, 28.9685465 ], [ -13.8342985, 28.9685218 ], [ -13.8343073, 28.9684881 ], [ -13.8343013, 28.9684429 ], [ -13.8342649, 28.9683726 ], [ -13.8342358, 28.9683408 ], [ -13.8341924, 28.9683156 ], [ -13.8340891, 28.9682673 ], [ -13.8340477, 28.9682376 ], [ -13.8339938, 28.9681875 ], [ -13.8339069, 28.9681484 ], [ -13.8338862, 28.9681166 ], [ -13.8338751, 28.9680714 ], [ -13.8338769, 28.9680241 ], [ -13.8338871, 28.967979 ], [ -13.8339274, 28.9678665 ], [ -13.833939, 28.9678125 ], [ -13.8339227, 28.9677153 ], [ -13.8339392, 28.9676185 ], [ -13.8339411, 28.9675621 ], [ -13.8339613, 28.9675329 ], [ -13.8340031, 28.9675243 ], [ -13.8340303, 28.9675019 ], [ -13.83403, 28.9674726 ], [ -13.8339873, 28.9673888 ], [ -13.8339576, 28.9673479 ], [ -13.8339235, 28.9673047 ], [ -13.8339053, 28.9672662 ], [ -13.8339054, 28.9672572 ], [ -13.8339162, 28.9672076 ], [ -13.8339608, 28.9670681 ], [ -13.8339853, 28.9670548 ], [ -13.8340229, 28.9670777 ], [ -13.8340508, 28.967105 ], [ -13.8340852, 28.9671234 ], [ -13.8341206, 28.9671169 ], [ -13.8341209, 28.9670898 ], [ -13.8340975, 28.9670603 ], [ -13.8340521, 28.9669922 ], [ -13.8340442, 28.9669515 ], [ -13.834012, 28.9668429 ], [ -13.8339824, 28.9667975 ], [ -13.8339378, 28.9667746 ], [ -13.8338909, 28.9667742 ], [ -13.8338504, 28.9667874 ], [ -13.8337729, 28.9668273 ], [ -13.8337266, 28.9668405 ], [ -13.8336759, 28.9668423 ], [ -13.8336369, 28.9668329 ], [ -13.8336025, 28.9668168 ], [ -13.8335771, 28.9667895 ], [ -13.8335518, 28.9667577 ], [ -13.8334797, 28.9666668 ], [ -13.83344, 28.9666056 ], [ -13.8333987, 28.9665172 ], [ -13.833389, 28.9664675 ], [ -13.8333676, 28.9663726 ], [ -13.8333468, 28.9662822 ], [ -13.8333441, 28.9662325 ], [ -13.833351, 28.9661897 ], [ -13.8333563, 28.9661784 ], [ -13.8333699, 28.9661628 ], [ -13.8334292, 28.9660775 ], [ -13.8334571, 28.966053 ], [ -13.8335291, 28.9660333 ], [ -13.8335982, 28.9659933 ], [ -13.8336406, 28.9659936 ], [ -13.8337372, 28.9660148 ], [ -13.8337852, 28.9660242 ], [ -13.8338353, 28.9660156 ], [ -13.8338444, 28.9660112 ], [ -13.8338819, 28.9659822 ], [ -13.8338976, 28.9659507 ], [ -13.8338826, 28.9659145 ], [ -13.8338778, 28.9658851 ], [ -13.8338923, 28.9658537 ], [ -13.8339467, 28.965809 ], [ -13.8339579, 28.9657753 ], [ -13.8339513, 28.9657323 ], [ -13.8339332, 28.9656916 ], [ -13.8339073, 28.965653 ], [ -13.8338743, 28.9656234 ], [ -13.8338381, 28.965596 ], [ -13.8337508, 28.9655433 ], [ -13.8337107, 28.9655136 ], [ -13.8336963, 28.9654842 ], [ -13.8337012, 28.9654459 ], [ -13.8337291, 28.9654168 ], [ -13.8337621, 28.9653968 ], [ -13.8337961, 28.9653948 ], [ -13.8338403, 28.9653975 ], [ -13.8338885, 28.9653934 ], [ -13.8339645, 28.9653647 ], [ -13.8340452, 28.9653135 ], [ -13.834086, 28.9652823 ], [ -13.8341701, 28.9652108 ], [ -13.8342026, 28.9651772 ], [ -13.8342146, 28.9651412 ], [ -13.8341873, 28.9651094 ], [ -13.8341382, 28.9650842 ], [ -13.8340994, 28.9650567 ], [ -13.834076, 28.965025 ], [ -13.8340746, 28.9649821 ], [ -13.8340845, 28.9648964 ], [ -13.8340952, 28.9648017 ], [ -13.8341081, 28.9647409 ], [ -13.8341418, 28.9647097 ], [ -13.8341711, 28.9646648 ], [ -13.8341838, 28.9646198 ], [ -13.8341798, 28.9645746 ], [ -13.8341635, 28.9644842 ], [ -13.8341358, 28.9644411 ], [ -13.8341088, 28.964389 ], [ -13.8341106, 28.9643416 ], [ -13.8341214, 28.9642966 ], [ -13.8341405, 28.9641952 ], [ -13.8341437, 28.9641388 ], [ -13.8341256, 28.9640935 ], [ -13.8340984, 28.964055 ], [ -13.8340605, 28.9640118 ], [ -13.8340255, 28.9639776 ], [ -13.8339895, 28.9639344 ], [ -13.8339476, 28.9638957 ], [ -13.8339003, 28.9638795 ], [ -13.8338503, 28.9638768 ], [ -13.8338023, 28.9638674 ], [ -13.8337725, 28.9638378 ], [ -13.8337657, 28.9638107 ], [ -13.8337717, 28.963734 ], [ -13.8337535, 28.9637 ], [ -13.833717, 28.9636929 ], [ -13.8336746, 28.9637038 ], [ -13.8336365, 28.9637238 ], [ -13.8335647, 28.9637841 ], [ -13.8335216, 28.9637905 ], [ -13.8334832, 28.9637789 ], [ -13.8334418, 28.9637537 ], [ -13.8334011, 28.963724 ], [ -13.8333586, 28.9636853 ], [ -13.833327, 28.9636399 ], [ -13.8333019, 28.96359 ], [ -13.8332696, 28.9635559 ], [ -13.8332134, 28.9635374 ], [ -13.8331662, 28.9635144 ], [ -13.8331371, 28.9634735 ], [ -13.8331088, 28.9634259 ], [ -13.8330642, 28.9633962 ], [ -13.8330084, 28.963398 ], [ -13.8329544, 28.9634133 ], [ -13.8328933, 28.9634218 ], [ -13.8328381, 28.9634258 ], [ -13.832796, 28.9634029 ], [ -13.8327143, 28.9633164 ], [ -13.8326442, 28.9632211 ], [ -13.8325895, 28.9631168 ], [ -13.832562, 28.9630556 ], [ -13.832517, 28.9629447 ], [ -13.8324869, 28.962888 ], [ -13.8324477, 28.9628426 ], [ -13.8323953, 28.9628173 ], [ -13.8323442, 28.9627988 ], [ -13.8323125, 28.9627669 ], [ -13.8323051, 28.9627398 ], [ -13.8323082, 28.962697 ], [ -13.8323375, 28.9626566 ], [ -13.8323706, 28.9626253 ], [ -13.8324113, 28.9625963 ], [ -13.8324379, 28.9625695 ], [ -13.8324183, 28.9625377 ], [ -13.8323808, 28.9625126 ], [ -13.8322859, 28.9624553 ], [ -13.8322393, 28.9624369 ], [ -13.8321893, 28.9624297 ], [ -13.8321007, 28.9624402 ], [ -13.8319789, 28.9624301 ], [ -13.8319265, 28.9624139 ], [ -13.8318833, 28.9623751 ], [ -13.83186, 28.9623388 ], [ -13.8317888, 28.9622863 ], [ -13.8317795, 28.962196 ], [ -13.8317582, 28.9621484 ], [ -13.8317324, 28.9621099 ], [ -13.8316516, 28.9620482 ], [ -13.8315564, 28.9619616 ], [ -13.831458, 28.9618728 ], [ -13.8314162, 28.9618251 ], [ -13.8313673, 28.9617795 ], [ -13.8313109, 28.9617204 ], [ -13.831296, 28.9616751 ], [ -13.8313136, 28.9616482 ], [ -13.8313554, 28.9616441 ], [ -13.8314111, 28.9616468 ], [ -13.8314593, 28.9616404 ], [ -13.83148, 28.9616226 ], [ -13.8314579, 28.9615976 ], [ -13.8314343, 28.9615838 ], [ -13.8313048, 28.9615173 ], [ -13.8312641, 28.9614921 ], [ -13.8311795, 28.9614304 ], [ -13.8310913, 28.9613462 ], [ -13.8309876, 28.9613205 ], [ -13.8309378, 28.961302 ], [ -13.830883, 28.9612722 ], [ -13.8308276, 28.9612333 ], [ -13.8307781, 28.96119 ], [ -13.8307369, 28.9611446 ], [ -13.8307022, 28.9610924 ], [ -13.8306746, 28.961038 ], [ -13.830632, 28.9609473 ], [ -13.8306127, 28.960893 ], [ -13.830594, 28.9608522 ], [ -13.8305507, 28.9607616 ], [ -13.8305223, 28.9606643 ], [ -13.8305007, 28.960531 ], [ -13.8304894, 28.9604001 ], [ -13.8304877, 28.9602602 ], [ -13.8304952, 28.9601159 ], [ -13.8305154, 28.9599694 ], [ -13.8305406, 28.9598342 ], [ -13.8305748, 28.9597014 ], [ -13.8306179, 28.9595754 ], [ -13.8306741, 28.959427 ], [ -13.8307364, 28.9593034 ], [ -13.8308063, 28.9591912 ], [ -13.8309011, 28.9590905 ], [ -13.8309555, 28.9590414 ], [ -13.8310417, 28.9589654 ], [ -13.8310675, 28.9589476 ], [ -13.8310979, 28.9589253 ], [ -13.8311593, 28.9588875 ], [ -13.8312141, 28.9588586 ], [ -13.8312733, 28.9588411 ], [ -13.8313376, 28.9588281 ], [ -13.8313987, 28.9588105 ], [ -13.831449, 28.9587907 ], [ -13.8315108, 28.9587687 ], [ -13.8316235, 28.9587313 ], [ -13.83168, 28.958716 ], [ -13.8317303, 28.9586961 ], [ -13.8317647, 28.9586626 ], [ -13.8317844, 28.9586221 ], [ -13.8317926, 28.9585703 ], [ -13.8317911, 28.9584755 ], [ -13.8318013, 28.9584305 ], [ -13.831835, 28.9583969 ], [ -13.8318905, 28.9583681 ], [ -13.8320061, 28.9582991 ], [ -13.8320541, 28.9582499 ], [ -13.8320881, 28.9581871 ], [ -13.8321258, 28.958149 ], [ -13.8321679, 28.958111 ], [ -13.8321945, 28.9580774 ], [ -13.8322096, 28.9580459 ], [ -13.8322337, 28.9580214 ], [ -13.8322756, 28.9579947 ], [ -13.8322867, 28.9579789 ], [ -13.8322789, 28.9579338 ], [ -13.8322484, 28.9578477 ], [ -13.8322246, 28.9578024 ], [ -13.8321986, 28.9577683 ], [ -13.832209, 28.9577549 ], [ -13.8322433, 28.9577372 ], [ -13.8322493, 28.9577101 ], [ -13.8322393, 28.9576288 ], [ -13.832227, 28.9575881 ], [ -13.8321853, 28.9575336 ], [ -13.83219, 28.9575088 ], [ -13.8322077, 28.9574751 ], [ -13.8322279, 28.9574505 ], [ -13.8322516, 28.9574507 ], [ -13.8322642, 28.9574688 ], [ -13.8322717, 28.957487 ], [ -13.8322835, 28.9575186 ], [ -13.8323109, 28.9575324 ], [ -13.832409, 28.95754 ], [ -13.8324494, 28.9575359 ], [ -13.8325337, 28.9575118 ], [ -13.8325865, 28.957501 ], [ -13.8326206, 28.9574832 ], [ -13.8326486, 28.9574519 ], [ -13.8326746, 28.957416 ], [ -13.8326993, 28.9573936 ], [ -13.8327352, 28.9573872 ], [ -13.8327714, 28.9573695 ], [ -13.832808, 28.9573608 ], [ -13.8328652, 28.9573522 ], [ -13.8329119, 28.9573571 ], [ -13.8329695, 28.9573712 ], [ -13.8330129, 28.9573941 ], [ -13.8330485, 28.9574215 ], [ -13.8330887, 28.9574399 ], [ -13.8331347, 28.9574538 ], [ -13.8331841, 28.9574543 ], [ -13.8332508, 28.9574503 ], [ -13.8332976, 28.957453 ], [ -13.8333917, 28.9574696 ], [ -13.8335071, 28.9574751 ], [ -13.8335527, 28.9574665 ], [ -13.8335812, 28.9574419 ], [ -13.8335897, 28.9574262 ], [ -13.8335849, 28.9574036 ], [ -13.8335613, 28.9573831 ], [ -13.8335294, 28.9573715 ], [ -13.833491, 28.9573667 ], [ -13.8334435, 28.9573663 ], [ -13.8334039, 28.9573569 ], [ -13.8333996, 28.9573365 ], [ -13.8334559, 28.9572896 ], [ -13.8334895, 28.9572719 ], [ -13.8336108, 28.9572098 ], [ -13.8336456, 28.9571898 ], [ -13.8337249, 28.9571002 ], [ -13.8337342, 28.957071 ], [ -13.833712, 28.9570437 ], [ -13.8336801, 28.9570366 ], [ -13.8336126, 28.9570496 ], [ -13.8335817, 28.9570516 ], [ -13.833553, 28.9570423 ], [ -13.8335133, 28.9570307 ], [ -13.8334774, 28.9570326 ], [ -13.8334421, 28.9570368 ], [ -13.8334146, 28.9570321 ], [ -13.8334116, 28.957014 ], [ -13.833466, 28.9569671 ], [ -13.8335132, 28.9569337 ], [ -13.8335978, 28.9568757 ], [ -13.8336443, 28.956849 ], [ -13.8336869, 28.9568201 ], [ -13.8337156, 28.9567865 ], [ -13.8337307, 28.9567528 ], [ -13.8337324, 28.9566558 ], [ -13.8337173, 28.9565789 ], [ -13.8336872, 28.9565651 ], [ -13.83365, 28.9565671 ], [ -13.8336127, 28.956578 ], [ -13.8335855, 28.9566049 ], [ -13.8335629, 28.9566205 ], [ -13.8335475, 28.9566136 ], [ -13.8335464, 28.9565481 ], [ -13.8335261, 28.9565209 ], [ -13.8335136, 28.9564937 ], [ -13.8335511, 28.956406 ], [ -13.8335535, 28.9563699 ], [ -13.8335517, 28.9563609 ], [ -13.8335301, 28.9563336 ], [ -13.8334969, 28.9563288 ], [ -13.8334654, 28.9563354 ], [ -13.8334444, 28.9563193 ], [ -13.8334421, 28.9562923 ], [ -13.833445, 28.9562629 ], [ -13.8334274, 28.9562335 ], [ -13.8333521, 28.9562012 ], [ -13.8333383, 28.956174 ], [ -13.8333462, 28.956147 ], [ -13.8333716, 28.9561179 ], [ -13.8333906, 28.9560843 ], [ -13.8333967, 28.9560504 ], [ -13.8333771, 28.95603 ], [ -13.8333355, 28.9560206 ], [ -13.8332822, 28.9560224 ], [ -13.8332483, 28.9560198 ], [ -13.8332344, 28.9559971 ], [ -13.8332341, 28.9559678 ], [ -13.8332416, 28.9559295 ], [ -13.8332324, 28.9558911 ], [ -13.8332063, 28.9558728 ], [ -13.8331762, 28.955868 ], [ -13.833159, 28.9558589 ], [ -13.8331407, 28.9558361 ], [ -13.8330846, 28.9557995 ], [ -13.8330804, 28.9557747 ], [ -13.8331106, 28.9557163 ], [ -13.8331157, 28.9556622 ], [ -13.8331308, 28.9556308 ], [ -13.8331555, 28.9556039 ], [ -13.8331865, 28.9555838 ], [ -13.8332257, 28.9555729 ], [ -13.8332636, 28.9555687 ], [ -13.8332964, 28.9555622 ], [ -13.8333203, 28.9555444 ], [ -13.8333295, 28.9555197 ], [ -13.8333235, 28.9554857 ], [ -13.8333416, 28.9554701 ], [ -13.8334441, 28.9554259 ], [ -13.8335274, 28.9553815 ], [ -13.8335749, 28.9553729 ], [ -13.8335922, 28.955373 ], [ -13.8337031, 28.9553785 ], [ -13.8338063, 28.9553839 ], [ -13.8338455, 28.9553752 ], [ -13.833865, 28.9553528 ], [ -13.833875, 28.9553213 ], [ -13.8338796, 28.9552492 ], [ -13.8338856, 28.9552266 ], [ -13.8338852, 28.9551544 ], [ -13.8338951, 28.9551275 ], [ -13.8339221, 28.9551209 ], [ -13.8340143, 28.955133 ], [ -13.8340503, 28.9551288 ], [ -13.8340748, 28.9551155 ], [ -13.8340796, 28.9550907 ], [ -13.8340741, 28.9550681 ], [ -13.8340589, 28.9550499 ], [ -13.8340315, 28.9550339 ], [ -13.8339676, 28.955013 ], [ -13.8339377, 28.9549925 ], [ -13.8339104, 28.9549629 ], [ -13.8338359, 28.9548584 ], [ -13.8338056, 28.9548198 ], [ -13.8337675, 28.9547834 ], [ -13.833723, 28.9547537 ], [ -13.8336591, 28.9547283 ], [ -13.8335946, 28.9547074 ], [ -13.833535, 28.9547002 ], [ -13.8333799, 28.9546943 ], [ -13.8332864, 28.95468 ], [ -13.8332378, 28.954666 ], [ -13.833197, 28.9546476 ], [ -13.8331626, 28.9546247 ], [ -13.8331308, 28.9545996 ], [ -13.8331086, 28.9545769 ], [ -13.8330999, 28.954552 ], [ -13.833103, 28.9545069 ], [ -13.8331199, 28.9544822 ], [ -13.833147, 28.9544666 ], [ -13.8331799, 28.9544534 ], [ -13.8332064, 28.9544378 ], [ -13.8332162, 28.9544176 ], [ -13.8332042, 28.9543994 ], [ -13.8331775, 28.9543767 ], [ -13.8331438, 28.9543538 ], [ -13.833124, 28.9543446 ], [ -13.8330486, 28.9543282 ], [ -13.8329179, 28.9543157 ], [ -13.8328789, 28.9543041 ], [ -13.8328515, 28.9542859 ], [ -13.8328331, 28.9542609 ], [ -13.8328297, 28.9542247 ], [ -13.832836, 28.9541752 ], [ -13.8328568, 28.9541573 ], [ -13.8328826, 28.9541462 ], [ -13.8329095, 28.9541442 ], [ -13.8330466, 28.9541544 ], [ -13.8331882, 28.9541714 ], [ -13.8333374, 28.9541885 ], [ -13.8333861, 28.9541889 ], [ -13.8334157, 28.9541824 ], [ -13.833565, 28.9541431 ], [ -13.8336903, 28.9541149 ], [ -13.8338993, 28.9540648 ], [ -13.8340071, 28.9540635 ], [ -13.8340929, 28.9540777 ], [ -13.8341364, 28.9540804 ], [ -13.8341795, 28.954074 ], [ -13.8342226, 28.9540631 ], [ -13.8342625, 28.9540476 ], [ -13.8343025, 28.9540254 ], [ -13.8343344, 28.9539873 ], [ -13.8343464, 28.9539491 ], [ -13.8343326, 28.9539196 ], [ -13.8342981, 28.9539058 ], [ -13.8342591, 28.9538964 ], [ -13.8342219, 28.9538916 ], [ -13.8341476, 28.9538887 ], [ -13.8341273, 28.9538705 ], [ -13.8341191, 28.9538478 ], [ -13.8341027, 28.9537665 ], [ -13.8340943, 28.9536626 ], [ -13.8340738, 28.9536083 ], [ -13.8340646, 28.9535089 ], [ -13.8340733, 28.9534774 ], [ -13.8340927, 28.9534595 ], [ -13.8341519, 28.9534442 ], [ -13.8341713, 28.9534331 ], [ -13.8341939, 28.9534175 ], [ -13.8342095, 28.9533974 ], [ -13.8342347, 28.953384 ], [ -13.8343093, 28.9533666 ], [ -13.8344032, 28.9533426 ], [ -13.8344239, 28.9533225 ], [ -13.8344294, 28.9532932 ], [ -13.8344092, 28.9532637 ], [ -13.8343747, 28.9532476 ], [ -13.8342863, 28.9532401 ], [ -13.8341973, 28.9532258 ], [ -13.8341526, 28.9532074 ], [ -13.8341152, 28.9531732 ], [ -13.8340893, 28.9531369 ], [ -13.834062, 28.9531073 ], [ -13.8340348, 28.9530822 ], [ -13.8339584, 28.9530252 ], [ -13.8339224, 28.952982 ], [ -13.8338806, 28.9529342 ], [ -13.8338234, 28.9528886 ], [ -13.8337023, 28.9528221 ], [ -13.8336692, 28.9527993 ], [ -13.8336503, 28.9527675 ], [ -13.8336454, 28.9527427 ], [ -13.8336458, 28.9527088 ], [ -13.8336478, 28.9525915 ], [ -13.8336424, 28.9525509 ], [ -13.8336294, 28.9525147 ], [ -13.8336038, 28.9525054 ], [ -13.833571, 28.9525187 ], [ -13.8335433, 28.9525229 ], [ -13.8335165, 28.9525159 ], [ -13.833506, 28.9524843 ], [ -13.8335006, 28.9524526 ], [ -13.8335096, 28.9523354 ], [ -13.8335177, 28.9522339 ], [ -13.8335091, 28.9522045 ], [ -13.8334856, 28.9521817 ], [ -13.8334569, 28.9521657 ], [ -13.8334405, 28.9521407 ], [ -13.8334364, 28.9521091 ], [ -13.8334412, 28.9520798 ], [ -13.8334582, 28.9520506 ], [ -13.8334893, 28.9520238 ], [ -13.8335223, 28.9520016 ], [ -13.8336485, 28.9519575 ], [ -13.8336904, 28.9519376 ], [ -13.8337823, 28.9518594 ], [ -13.8338242, 28.9518395 ], [ -13.8339078, 28.9518221 ], [ -13.8340339, 28.9517849 ], [ -13.834108, 28.9517539 ], [ -13.8341153, 28.9517314 ], [ -13.8341156, 28.9517043 ], [ -13.8341069, 28.9516795 ], [ -13.8340578, 28.9516565 ], [ -13.8340465, 28.9516361 ], [ -13.834055, 28.9516158 ], [ -13.8340835, 28.951589 ], [ -13.8341782, 28.9514973 ], [ -13.8341997, 28.9514659 ], [ -13.8342096, 28.9513893 ], [ -13.8342174, 28.9513172 ], [ -13.8342407, 28.9512429 ], [ -13.8342456, 28.9512091 ], [ -13.8342035, 28.9510688 ], [ -13.8341633, 28.9509963 ], [ -13.8341364, 28.9509374 ], [ -13.8341347, 28.9509103 ], [ -13.8341441, 28.9508811 ], [ -13.8341787, 28.950825 ], [ -13.8341861, 28.9507957 ], [ -13.8341811, 28.9507821 ], [ -13.8341588, 28.9507661 ], [ -13.8341333, 28.9507569 ], [ -13.8341038, 28.9507566 ], [ -13.8340665, 28.9507653 ], [ -13.8340285, 28.9507785 ], [ -13.8339975, 28.9507963 ], [ -13.8339373, 28.9508477 ], [ -13.8339117, 28.9508407 ], [ -13.8338895, 28.9508202 ], [ -13.8338634, 28.9508042 ], [ -13.8338418, 28.9507882 ], [ -13.8338299, 28.950761 ], [ -13.8338289, 28.9507317 ], [ -13.8338431, 28.9506731 ], [ -13.833863, 28.9506665 ], [ -13.8339092, 28.9506647 ], [ -13.8339318, 28.9506536 ], [ -13.8339588, 28.9505839 ], [ -13.8339553, 28.9505568 ], [ -13.8339338, 28.950534 ], [ -13.8339057, 28.9505203 ], [ -13.8338778, 28.9504952 ], [ -13.8338315, 28.9504474 ], [ -13.8338263, 28.950391 ], [ -13.8338119, 28.9503638 ], [ -13.8337908, 28.9503523 ], [ -13.8337634, 28.9503453 ], [ -13.8337307, 28.9503428 ], [ -13.8337045, 28.9503358 ], [ -13.8336819, 28.9502859 ], [ -13.8336648, 28.9502722 ], [ -13.833636, 28.9502652 ], [ -13.833598, 28.9502762 ], [ -13.8334983, 28.9503047 ], [ -13.8333631, 28.9503531 ], [ -13.8332464, 28.9504107 ], [ -13.8332098, 28.9504127 ], [ -13.833183, 28.9504012 ], [ -13.8331627, 28.950383 ], [ -13.8331494, 28.9503603 ], [ -13.833142, 28.9503354 ], [ -13.8331425, 28.9502339 ], [ -13.8331495, 28.9501843 ], [ -13.8331724, 28.9501484 ], [ -13.8332222, 28.9501127 ], [ -13.8332276, 28.9500857 ], [ -13.8332177, 28.9500563 ], [ -13.8331773, 28.949995 ], [ -13.8331538, 28.9499677 ], [ -13.8331245, 28.9499494 ], [ -13.8330914, 28.9499334 ], [ -13.8330673, 28.9499038 ], [ -13.8330165, 28.9498086 ], [ -13.8329867, 28.9497767 ], [ -13.8329522, 28.9497629 ], [ -13.8329196, 28.9497536 ], [ -13.832889, 28.9497398 ], [ -13.8328357, 28.949692 ], [ -13.8328116, 28.9496624 ], [ -13.8327979, 28.9496307 ], [ -13.832788, 28.9495945 ], [ -13.8327702, 28.9495808 ], [ -13.8327503, 28.9495874 ], [ -13.8327025, 28.9496164 ], [ -13.8326806, 28.9496252 ], [ -13.8326717, 28.9496116 ], [ -13.8326743, 28.9495529 ], [ -13.8326604, 28.9495348 ], [ -13.8325989, 28.9495297 ], [ -13.8325741, 28.9495137 ], [ -13.8325227, 28.9494072 ], [ -13.8325093, 28.9493394 ], [ -13.8325066, 28.9492446 ], [ -13.8325136, 28.9491319 ], [ -13.8325204, 28.9491003 ], [ -13.8325328, 28.9490779 ], [ -13.8325496, 28.9490645 ], [ -13.832631, 28.9490111 ], [ -13.8326858, 28.9489867 ], [ -13.8327902, 28.9489447 ], [ -13.8328212, 28.9489247 ], [ -13.8329014, 28.94886 ], [ -13.8329368, 28.9488467 ], [ -13.8330074, 28.9488474 ], [ -13.8330357, 28.9488431 ], [ -13.8330428, 28.9488274 ], [ -13.8330264, 28.9488092 ], [ -13.833006, 28.9487932 ], [ -13.8329831, 28.9487772 ], [ -13.8329468, 28.9487611 ], [ -13.8329173, 28.9487586 ], [ -13.8328902, 28.9487741 ], [ -13.8328106, 28.9488389 ], [ -13.8327841, 28.9488522 ], [ -13.8327605, 28.9488497 ], [ -13.8327434, 28.9488248 ], [ -13.8327438, 28.9487887 ], [ -13.8327305, 28.9487728 ], [ -13.8326931, 28.9487386 ], [ -13.8326824, 28.9487137 ], [ -13.8326866, 28.9486889 ], [ -13.8327118, 28.9486688 ], [ -13.832744, 28.9486601 ], [ -13.8327748, 28.9486581 ], [ -13.8328855, 28.9486748 ], [ -13.8329113, 28.948666 ], [ -13.8329128, 28.9486435 ], [ -13.8328811, 28.9486116 ], [ -13.8327984, 28.9485567 ], [ -13.8327068, 28.9484882 ], [ -13.8326808, 28.9484655 ], [ -13.8326445, 28.9484404 ], [ -13.8326132, 28.9484288 ], [ -13.832578, 28.9484217 ], [ -13.8325146, 28.9484144 ], [ -13.8324903, 28.9484074 ], [ -13.8324732, 28.9483892 ], [ -13.8324578, 28.9483304 ], [ -13.8324583, 28.9482289 ], [ -13.8324827, 28.9481682 ], [ -13.8324812, 28.9481298 ], [ -13.8324662, 28.9480981 ], [ -13.8324545, 28.9480529 ], [ -13.8324404, 28.9479354 ], [ -13.8324354, 28.947809 ], [ -13.8324334, 28.9477052 ], [ -13.8324388, 28.947624 ], [ -13.8324475, 28.9475316 ], [ -13.8324639, 28.9474979 ], [ -13.8324835, 28.947471 ], [ -13.8325471, 28.9474061 ], [ -13.8325544, 28.9473769 ], [ -13.8325373, 28.9473587 ], [ -13.8325041, 28.9473471 ], [ -13.8324746, 28.9473468 ], [ -13.8324181, 28.9473576 ], [ -13.8324068, 28.9473349 ], [ -13.8324186, 28.9473125 ], [ -13.8325109, 28.9472591 ], [ -13.8325868, 28.9472305 ], [ -13.8326134, 28.9472104 ], [ -13.8326316, 28.9471903 ], [ -13.8326467, 28.9471588 ], [ -13.8326567, 28.9471228 ], [ -13.8326609, 28.9470845 ], [ -13.8326798, 28.9470598 ], [ -13.8327095, 28.947042 ], [ -13.8327416, 28.9470401 ], [ -13.832764, 28.9470493 ], [ -13.8327759, 28.9470719 ], [ -13.8327974, 28.9470969 ], [ -13.8328223, 28.9471084 ], [ -13.8328435, 28.9470996 ], [ -13.8328656, 28.9470772 ], [ -13.8329132, 28.9470122 ], [ -13.832929, 28.9469717 ], [ -13.8329288, 28.9469289 ], [ -13.8329147, 28.9468768 ], [ -13.8328959, 28.9468316 ], [ -13.8328727, 28.9467885 ], [ -13.8328462, 28.9467521 ], [ -13.8328255, 28.9467114 ], [ -13.8328175, 28.9466797 ], [ -13.8328175, 28.946621 ], [ -13.8327969, 28.9465667 ], [ -13.8327636, 28.9464491 ], [ -13.8327423, 28.946406 ], [ -13.8327165, 28.9463674 ], [ -13.832673, 28.9462949 ], [ -13.8326575, 28.9462519 ], [ -13.8326566, 28.9462135 ], [ -13.8326826, 28.9461303 ], [ -13.832692, 28.946083 ], [ -13.8327013, 28.9460018 ], [ -13.8327103, 28.9458868 ], [ -13.8327191, 28.9457921 ], [ -13.8327292, 28.9457471 ], [ -13.8327508, 28.9456503 ], [ -13.8327647, 28.9456098 ], [ -13.8327653, 28.9455624 ], [ -13.8327556, 28.9455059 ], [ -13.8327388, 28.9454606 ], [ -13.8327136, 28.9454198 ], [ -13.8326781, 28.9453857 ], [ -13.8326354, 28.9453605 ], [ -13.8325843, 28.9453397 ], [ -13.8325306, 28.945328 ], [ -13.8324872, 28.9453118 ], [ -13.8324655, 28.9452936 ], [ -13.8324589, 28.9452597 ], [ -13.8324824, 28.9451651 ], [ -13.8324892, 28.9451268 ], [ -13.8324909, 28.9450411 ], [ -13.8324844, 28.944926 ], [ -13.8324696, 28.9448243 ], [ -13.8324632, 28.9447091 ], [ -13.8324611, 28.9446054 ], [ -13.8324721, 28.9444836 ], [ -13.8324882, 28.9443597 ], [ -13.8325028, 28.9442628 ], [ -13.8325212, 28.9441659 ], [ -13.8325545, 28.9440556 ], [ -13.8325754, 28.9440197 ], [ -13.8326535, 28.9439166 ], [ -13.8326879, 28.9438853 ], [ -13.8327152, 28.9438495 ], [ -13.832733, 28.9438045 ], [ -13.8327647, 28.9437235 ], [ -13.8328016, 28.9436359 ], [ -13.8328245, 28.9435932 ], [ -13.8328992, 28.9435104 ], [ -13.8329432, 28.9434724 ], [ -13.8330214, 28.9434166 ], [ -13.833059, 28.9433854 ], [ -13.8331495, 28.943323 ], [ -13.833247, 28.9432629 ], [ -13.8333343, 28.9431938 ], [ -13.8333886, 28.9431581 ], [ -13.8334733, 28.9430889 ], [ -13.833558, 28.9430265 ], [ -13.8335925, 28.9429861 ], [ -13.8336083, 28.9429479 ], [ -13.8336095, 28.9428983 ], [ -13.8336005, 28.9428418 ], [ -13.8335633, 28.9427287 ], [ -13.8335501, 28.9426518 ], [ -13.8335461, 28.9425458 ], [ -13.833559, 28.9424241 ], [ -13.8335703, 28.9423384 ], [ -13.8335848, 28.9423002 ], [ -13.8336089, 28.9422688 ], [ -13.8336749, 28.9422107 ], [ -13.8336888, 28.942177 ], [ -13.8336801, 28.9421431 ], [ -13.8336555, 28.9421113 ], [ -13.833555, 28.9420337 ], [ -13.8335349, 28.9420019 ], [ -13.8335281, 28.9419748 ], [ -13.8335253, 28.9419409 ], [ -13.833529, 28.9419004 ], [ -13.8335416, 28.9418621 ], [ -13.8335593, 28.9418306 ], [ -13.83358, 28.9418105 ], [ -13.8336084, 28.9417972 ], [ -13.833686, 28.9417911 ], [ -13.8337343, 28.9417803 ], [ -13.8337742, 28.9417626 ], [ -13.8337976, 28.941738 ], [ -13.8337953, 28.9417086 ], [ -13.8337693, 28.9416813 ], [ -13.8337342, 28.9416742 ], [ -13.8337021, 28.941674 ], [ -13.8336565, 28.9416781 ], [ -13.8335692, 28.9416908 ], [ -13.8334723, 28.9416923 ], [ -13.8334442, 28.9416875 ], [ -13.833431, 28.9416648 ], [ -13.8334073, 28.9416015 ], [ -13.8334, 28.941563 ], [ -13.8334053, 28.9414909 ], [ -13.8334217, 28.941464 ], [ -13.8334558, 28.9414485 ], [ -13.833495, 28.941442 ], [ -13.8335476, 28.941438 ], [ -13.8336779, 28.9414256 ], [ -13.8337757, 28.9414039 ], [ -13.8338315, 28.9413953 ], [ -13.8339369, 28.9413827 ], [ -13.8340761, 28.9413748 ], [ -13.834116, 28.9413594 ], [ -13.8341368, 28.9413348 ], [ -13.834141, 28.9413032 ], [ -13.8341267, 28.9412693 ], [ -13.8341013, 28.9412397 ], [ -13.8340637, 28.9412168 ], [ -13.8339239, 28.941166 ], [ -13.8337898, 28.9411106 ], [ -13.8336986, 28.941067 ], [ -13.8336636, 28.9410441 ], [ -13.8336581, 28.9410238 ], [ -13.8336719, 28.9409968 ], [ -13.8337191, 28.9409544 ], [ -13.8337456, 28.9409388 ], [ -13.8338023, 28.9409167 ], [ -13.8338146, 28.940901 ], [ -13.8338181, 28.9408808 ], [ -13.8338139, 28.9408536 ], [ -13.8337947, 28.9407948 ], [ -13.8337681, 28.9406998 ], [ -13.8337703, 28.9406818 ], [ -13.8337864, 28.9406706 ], [ -13.833807, 28.9406663 ], [ -13.8338275, 28.940671 ], [ -13.8338677, 28.9406827 ], [ -13.8338934, 28.9406851 ], [ -13.8339184, 28.9406785 ], [ -13.8339385, 28.9406652 ], [ -13.8339495, 28.940654 ], [ -13.8339593, 28.9406338 ], [ -13.8339912, 28.9405912 ], [ -13.8340311, 28.9405261 ], [ -13.8340662, 28.940479 ], [ -13.8340997, 28.9404635 ], [ -13.8341319, 28.940457 ], [ -13.8342447, 28.940467 ], [ -13.834356, 28.940486 ], [ -13.8344483, 28.9404936 ], [ -13.8344849, 28.9404894 ], [ -13.8345234, 28.9404785 ], [ -13.8345435, 28.9404584 ], [ -13.8345425, 28.9404358 ], [ -13.834521, 28.940413 ], [ -13.8344903, 28.9404037 ], [ -13.8344493, 28.9404034 ], [ -13.8343275, 28.9404001 ], [ -13.8342929, 28.9403953 ], [ -13.8342565, 28.9403814 ], [ -13.8342291, 28.9403631 ], [ -13.8342089, 28.9403426 ], [ -13.8341913, 28.9403064 ], [ -13.8341717, 28.9402814 ], [ -13.8341457, 28.9402564 ], [ -13.8341261, 28.9402336 ], [ -13.8341315, 28.9402088 ], [ -13.8341608, 28.940164 ], [ -13.8341605, 28.9401369 ], [ -13.8341484, 28.9401233 ], [ -13.8341242, 28.9401118 ], [ -13.8340967, 28.9401093 ], [ -13.8340344, 28.9401133 ], [ -13.8339652, 28.9401104 ], [ -13.8339307, 28.940101 ], [ -13.8338547, 28.9400666 ], [ -13.8338307, 28.9400438 ], [ -13.8337922, 28.9399871 ], [ -13.8337823, 28.9399554 ], [ -13.8337773, 28.9398809 ], [ -13.8337782, 28.9398019 ], [ -13.8337861, 28.9397794 ], [ -13.8338056, 28.9397638 ], [ -13.8338494, 28.9397461 ], [ -13.8338662, 28.9397305 ], [ -13.8338703, 28.9397057 ], [ -13.833865, 28.9396718 ], [ -13.8338433, 28.9396581 ], [ -13.8338126, 28.9396556 ], [ -13.8337754, 28.9396575 ], [ -13.8337098, 28.9396705 ], [ -13.833682, 28.9396883 ], [ -13.8336561, 28.9397128 ], [ -13.8336277, 28.9397284 ], [ -13.8336136, 28.9397306 ], [ -13.8335951, 28.9397214 ], [ -13.8335908, 28.9397033 ], [ -13.8335987, 28.9396785 ], [ -13.8336333, 28.9396314 ], [ -13.8336375, 28.9396022 ], [ -13.8336223, 28.9395817 ], [ -13.8335609, 28.9395699 ], [ -13.8335347, 28.9395561 ], [ -13.8335151, 28.9395312 ], [ -13.8335046, 28.9394995 ], [ -13.8334905, 28.9393775 ], [ -13.8334769, 28.9392781 ], [ -13.8334523, 28.9391854 ], [ -13.8334328, 28.9391491 ], [ -13.8333918, 28.9390901 ], [ -13.8333794, 28.9390539 ], [ -13.8333743, 28.9389952 ], [ -13.8333792, 28.9389027 ], [ -13.8333905, 28.9388645 ], [ -13.8334189, 28.938788 ], [ -13.8334417, 28.9387566 ], [ -13.8334555, 28.9387251 ], [ -13.833463, 28.9386869 ], [ -13.833468, 28.9386463 ], [ -13.8334601, 28.9386101 ], [ -13.8334611, 28.9385763 ], [ -13.8334761, 28.9385538 ], [ -13.8334853, 28.9385269 ], [ -13.8334857, 28.938493 ], [ -13.8334603, 28.9384161 ], [ -13.8334477, 28.9383979 ], [ -13.8334249, 28.9383707 ], [ -13.8333697, 28.9383183 ], [ -13.8332852, 28.9382431 ], [ -13.8332325, 28.9382043 ], [ -13.8331801, 28.9381271 ], [ -13.8331751, 28.938118 ], [ -13.8331775, 28.9380684 ], [ -13.8331774, 28.938021 ], [ -13.8331663, 28.9379826 ], [ -13.8331475, 28.9379418 ], [ -13.8331317, 28.9379259 ], [ -13.8330898, 28.9378894 ], [ -13.8329975, 28.9378254 ], [ -13.8329811, 28.9378072 ], [ -13.832941, 28.9377708 ], [ -13.832876, 28.9377409 ], [ -13.8327676, 28.9376836 ], [ -13.8326765, 28.9376354 ], [ -13.8325687, 28.9375803 ], [ -13.8325043, 28.9375527 ], [ -13.8323951, 28.9375066 ], [ -13.8323378, 28.9374745 ], [ -13.8322373, 28.9373992 ], [ -13.8321511, 28.9373127 ], [ -13.8320618, 28.9372104 ], [ -13.83197, 28.9371013 ], [ -13.831913, 28.9370421 ], [ -13.8318675, 28.9369831 ], [ -13.8318206, 28.9369308 ], [ -13.8317777, 28.936874 ], [ -13.8317412, 28.936815 ], [ -13.8316667, 28.9367016 ], [ -13.8315989, 28.9365724 ], [ -13.8315279, 28.9364499 ], [ -13.8314901, 28.9363887 ], [ -13.8314536, 28.9363274 ], [ -13.8313825, 28.9362072 ], [ -13.8313454, 28.936137 ], [ -13.8312865, 28.9360169 ], [ -13.8312512, 28.9359624 ], [ -13.8311795, 28.9358422 ], [ -13.8311108, 28.9357265 ], [ -13.8310676, 28.9356427 ], [ -13.8309944, 28.9355315 ], [ -13.8309238, 28.9354271 ], [ -13.8308601, 28.935325 ], [ -13.8307746, 28.9352363 ], [ -13.8307303, 28.935184 ], [ -13.830695, 28.9351318 ], [ -13.8306629, 28.9350751 ], [ -13.8305968, 28.9349685 ], [ -13.830555, 28.934914 ], [ -13.8305173, 28.934855 ], [ -13.8304833, 28.934796 ], [ -13.8304243, 28.9346827 ], [ -13.8303673, 28.9345649 ], [ -13.8302909, 28.9344559 ], [ -13.8302504, 28.9344104 ], [ -13.8301933, 28.9343581 ], [ -13.8301141, 28.9342671 ], [ -13.8300794, 28.9342194 ], [ -13.8300454, 28.9341604 ], [ -13.8300101, 28.9341083 ], [ -13.8299343, 28.9340106 ], [ -13.8299009, 28.9339561 ], [ -13.8298773, 28.9338882 ], [ -13.8298363, 28.9337705 ], [ -13.8297916, 28.9336393 ], [ -13.8297293, 28.9335305 ], [ -13.8297076, 28.9334671 ], [ -13.8296771, 28.9333811 ], [ -13.829665, 28.9333223 ], [ -13.8296364, 28.9331867 ], [ -13.8296165, 28.9331279 ], [ -13.8295711, 28.9330034 ], [ -13.8295194, 28.9328698 ], [ -13.8295002, 28.9328065 ], [ -13.8294599, 28.932682 ], [ -13.8294261, 28.9325531 ], [ -13.8293893, 28.9324129 ], [ -13.8293625, 28.9322818 ], [ -13.8293333, 28.9321462 ], [ -13.8293123, 28.9320106 ], [ -13.8292895, 28.9318706 ], [ -13.829266, 28.931744 ], [ -13.8292417, 28.9316219 ], [ -13.8292142, 28.9314976 ], [ -13.829181, 28.9313687 ], [ -13.829165, 28.9312557 ], [ -13.8291593, 28.9311384 ], [ -13.829163, 28.9310301 ], [ -13.8291728, 28.9309016 ], [ -13.8291637, 28.9307977 ], [ -13.8291577, 28.9307074 ], [ -13.8291637, 28.9306263 ], [ -13.8291712, 28.9305857 ], [ -13.8291807, 28.9304888 ], [ -13.8292011, 28.9303852 ], [ -13.8292125, 28.9302815 ], [ -13.8292149, 28.9301777 ], [ -13.8292214, 28.9301169 ], [ -13.8292529, 28.9301126 ], [ -13.8293328, 28.9300727 ], [ -13.8293631, 28.9300549 ], [ -13.8293897, 28.9300326 ], [ -13.8294202, 28.9300013 ], [ -13.8294397, 28.9299743 ], [ -13.8294535, 28.9299451 ], [ -13.8294618, 28.9298933 ], [ -13.8294716, 28.9298708 ], [ -13.8294873, 28.9298484 ], [ -13.8295748, 28.9297657 ], [ -13.8296603, 28.9296897 ], [ -13.8296709, 28.9296041 ], [ -13.8296859, 28.9295771 ], [ -13.829699, 28.9295502 ], [ -13.8297011, 28.9295344 ], [ -13.8296879, 28.9295094 ], [ -13.8296638, 28.9294889 ], [ -13.8296198, 28.9294637 ], [ -13.8296098, 28.9294478 ], [ -13.8296167, 28.9294005 ], [ -13.8296272, 28.9293803 ], [ -13.8296445, 28.9293782 ], [ -13.8296631, 28.9293806 ], [ -13.8296752, 28.9293875 ], [ -13.8296942, 28.9294057 ], [ -13.8297179, 28.9294172 ], [ -13.8297371, 28.9294151 ], [ -13.8297501, 28.9294017 ], [ -13.8297372, 28.929352 ], [ -13.8297394, 28.9293249 ], [ -13.8297532, 28.9292912 ], [ -13.8297807, 28.929244 ], [ -13.8297734, 28.9292056 ], [ -13.8297607, 28.9291987 ], [ -13.8297062, 28.9291937 ], [ -13.8296936, 28.9291823 ], [ -13.8297005, 28.929135 ], [ -13.8297185, 28.9290742 ], [ -13.8297322, 28.9290541 ], [ -13.8297517, 28.9290317 ], [ -13.8297801, 28.9290139 ], [ -13.829809, 28.9290051 ], [ -13.8298405, 28.9290031 ], [ -13.8298712, 28.9290079 ], [ -13.829931, 28.9290468 ], [ -13.8299564, 28.929065 ], [ -13.82998, 28.9290788 ], [ -13.8300031, 28.9290812 ], [ -13.8300533, 28.9290636 ], [ -13.8300759, 28.929048 ], [ -13.8300865, 28.9290233 ], [ -13.83009, 28.9289918 ], [ -13.8301146, 28.9289739 ], [ -13.8301706, 28.9289496 ], [ -13.8301991, 28.928925 ], [ -13.830209, 28.9289003 ], [ -13.8302048, 28.9288732 ], [ -13.8301922, 28.928855 ], [ -13.8301744, 28.9288413 ], [ -13.8300744, 28.9288405 ], [ -13.8300546, 28.9288357 ], [ -13.8300386, 28.9288266 ], [ -13.8300293, 28.9288039 ], [ -13.8300399, 28.9287116 ], [ -13.8300444, 28.9286597 ], [ -13.8300496, 28.9286462 ], [ -13.830065, 28.9286463 ], [ -13.8301705, 28.9286721 ], [ -13.8302396, 28.9286862 ], [ -13.8302948, 28.9286867 ], [ -13.8303058, 28.9286777 ], [ -13.830304, 28.9286619 ], [ -13.8302959, 28.9286438 ], [ -13.830296, 28.9286348 ], [ -13.8303516, 28.9285902 ], [ -13.830378, 28.9285859 ], [ -13.8304049, 28.9285861 ], [ -13.8304324, 28.9285931 ], [ -13.8304535, 28.9285933 ], [ -13.8304761, 28.9285822 ], [ -13.830493, 28.9285666 ], [ -13.8305404, 28.9285692 ], [ -13.8305601, 28.9285829 ], [ -13.830583, 28.9285944 ], [ -13.8306094, 28.9285924 ], [ -13.8306378, 28.9285746 ], [ -13.8306599, 28.9285455 ], [ -13.830701, 28.9284804 ], [ -13.8307075, 28.9284218 ], [ -13.8306918, 28.9283268 ], [ -13.8306804, 28.9282072 ], [ -13.8306788, 28.9281756 ], [ -13.8306867, 28.9281012 ], [ -13.8306747, 28.9280876 ], [ -13.8306498, 28.9280783 ], [ -13.8305929, 28.9280643 ], [ -13.8305749, 28.9280573 ], [ -13.8305358, 28.9280074 ], [ -13.8305271, 28.9279825 ], [ -13.8304968, 28.9279348 ], [ -13.8304772, 28.9279144 ], [ -13.8304954, 28.9278965 ], [ -13.8305414, 28.9279014 ], [ -13.8306274, 28.9278999 ], [ -13.8306804, 28.9279206 ], [ -13.8307118, 28.9279232 ], [ -13.8307407, 28.9279121 ], [ -13.8308022, 28.9278585 ], [ -13.8308115, 28.927836 ], [ -13.8308356, 28.9278588 ], [ -13.8308641, 28.9278861 ], [ -13.8308872, 28.9278886 ], [ -13.8309078, 28.9278775 ], [ -13.8309515, 28.9278124 ], [ -13.8309929, 28.927779 ], [ -13.8309925, 28.9277609 ], [ -13.8309692, 28.9277246 ], [ -13.8309661, 28.927711 ], [ -13.8309765, 28.9276999 ], [ -13.8310004, 28.927682 ], [ -13.831025, 28.9276596 ], [ -13.8310612, 28.9276397 ], [ -13.8310889, 28.9276286 ], [ -13.8311127, 28.9276153 ], [ -13.8311492, 28.9275614 ], [ -13.8311637, 28.92753 ], [ -13.8311744, 28.9274962 ], [ -13.8311979, 28.9274558 ], [ -13.8312052, 28.9274333 ], [ -13.831206, 28.9274153 ], [ -13.8311992, 28.9273949 ], [ -13.8311852, 28.927388 ], [ -13.8311653, 28.9273856 ], [ -13.8311474, 28.9273787 ], [ -13.8311374, 28.9273583 ], [ -13.8311409, 28.9273358 ], [ -13.8311499, 28.9273268 ], [ -13.8311872, 28.9273249 ], [ -13.8311987, 28.9273227 ], [ -13.8312098, 28.9273047 ], [ -13.8312199, 28.9272033 ], [ -13.8312324, 28.9271809 ], [ -13.8312694, 28.9271428 ], [ -13.8313429, 28.9271028 ], [ -13.8313681, 28.927085 ], [ -13.8313876, 28.9270626 ], [ -13.8314195, 28.9270155 ], [ -13.8314604, 28.9269753 ], [ -13.8315132, 28.9269487 ], [ -13.8315526, 28.9269287 ], [ -13.8315648, 28.9269266 ], [ -13.8316442, 28.9268798 ], [ -13.8317024, 28.926833 ], [ -13.831751, 28.9267837 ], [ -13.8317724, 28.9267704 ], [ -13.8318217, 28.9267753 ], [ -13.8318651, 28.926787 ], [ -13.8318919, 28.9267985 ], [ -13.8319422, 28.9268328 ], [ -13.8319662, 28.9268646 ], [ -13.8319828, 28.926867 ], [ -13.8320047, 28.9268581 ], [ -13.8320262, 28.9268335 ], [ -13.8320438, 28.9268089 ], [ -13.8320651, 28.9267955 ], [ -13.8321141, 28.9267711 ], [ -13.8321612, 28.9267445 ], [ -13.8321709, 28.9267355 ], [ -13.8322309, 28.9267067 ], [ -13.832266, 28.9266641 ], [ -13.8322841, 28.9266507 ], [ -13.8323314, 28.9266557 ], [ -13.832389, 28.9266697 ], [ -13.8324159, 28.9266677 ], [ -13.8324449, 28.9266589 ], [ -13.8324739, 28.9266456 ], [ -13.8324926, 28.9266323 ], [ -13.8325025, 28.9266143 ], [ -13.8325007, 28.9265985 ], [ -13.8324773, 28.9265735 ], [ -13.8324578, 28.9265349 ], [ -13.8324453, 28.9265055 ], [ -13.8324404, 28.9264829 ], [ -13.8324421, 28.9264536 ], [ -13.8324649, 28.9264176 ], [ -13.8324855, 28.9264065 ], [ -13.8325259, 28.9264069 ], [ -13.8325433, 28.9264025 ], [ -13.8325563, 28.9263891 ], [ -13.832552, 28.926371 ], [ -13.8325343, 28.9263528 ], [ -13.8325081, 28.9263368 ], [ -13.8324904, 28.9263209 ], [ -13.8324745, 28.9263027 ], [ -13.8324748, 28.9262824 ], [ -13.8324865, 28.9262622 ], [ -13.8325066, 28.926242 ], [ -13.8325318, 28.9262264 ], [ -13.8325626, 28.9262199 ], [ -13.8326512, 28.9262185 ], [ -13.8327052, 28.9262009 ], [ -13.8327527, 28.926199 ], [ -13.832779, 28.9261948 ], [ -13.8328022, 28.9261814 ], [ -13.8328204, 28.9261635 ], [ -13.8328316, 28.9261411 ], [ -13.8328311, 28.9261208 ], [ -13.8328249, 28.9261072 ], [ -13.8327751, 28.9260909 ], [ -13.8327662, 28.9260773 ], [ -13.8327696, 28.9260593 ], [ -13.8327763, 28.9260413 ], [ -13.8328663, 28.9259631 ], [ -13.8328857, 28.9259475 ], [ -13.8329169, 28.9259094 ], [ -13.8329254, 28.9258869 ], [ -13.8329282, 28.9258689 ], [ -13.8329424, 28.9258645 ], [ -13.8329912, 28.9258514 ], [ -13.8330183, 28.9258381 ], [ -13.8330998, 28.9257733 ], [ -13.8331464, 28.9257332 ], [ -13.8331666, 28.9257085 ], [ -13.8331947, 28.9256591 ], [ -13.8332195, 28.9256255 ], [ -13.8332173, 28.9255916 ], [ -13.83321, 28.9255577 ], [ -13.8332115, 28.9255374 ], [ -13.8332382, 28.9254993 ], [ -13.8332442, 28.925479 ], [ -13.8332232, 28.9254022 ], [ -13.8332281, 28.9253706 ], [ -13.833243, 28.9253549 ], [ -13.8333134, 28.9253082 ], [ -13.8333277, 28.9252925 ], [ -13.8333356, 28.9252768 ], [ -13.8333666, 28.9252545 ], [ -13.8333898, 28.9252456 ], [ -13.8334925, 28.925233 ], [ -13.8335503, 28.9252222 ], [ -13.8335697, 28.9252111 ], [ -13.8335737, 28.9251953 ], [ -13.8335643, 28.925175 ], [ -13.8335485, 28.9251568 ], [ -13.833509, 28.9251293 ], [ -13.8335098, 28.9251158 ], [ -13.8336316, 28.9251169 ], [ -13.8337234, 28.9251109 ], [ -13.8337517, 28.9250999 ], [ -13.8337775, 28.9250866 ], [ -13.833854, 28.9250127 ], [ -13.833876, 28.9249926 ], [ -13.8338999, 28.9249816 ], [ -13.8339142, 28.9249592 ], [ -13.8339271, 28.9249006 ], [ -13.8339354, 28.924842 ], [ -13.8339425, 28.9248353 ], [ -13.833958, 28.9248264 ], [ -13.8339742, 28.924813 ], [ -13.8339926, 28.9247771 ], [ -13.8340187, 28.924678 ], [ -13.834025, 28.9246262 ], [ -13.8340126, 28.9245855 ], [ -13.8339936, 28.924565 ], [ -13.8339987, 28.9245177 ], [ -13.8340033, 28.9245019 ], [ -13.8340163, 28.9244885 ], [ -13.8340519, 28.924464 ], [ -13.8340719, 28.9244483 ], [ -13.8340754, 28.9244258 ], [ -13.8340669, 28.9243761 ], [ -13.8340742, 28.9243603 ], [ -13.8341387, 28.9243226 ], [ -13.8341897, 28.9242937 ], [ -13.8342273, 28.9242556 ], [ -13.8342299, 28.9242466 ], [ -13.83425, 28.9242333 ], [ -13.8342779, 28.9242064 ], [ -13.8343295, 28.9241708 ], [ -13.8344195, 28.9240926 ], [ -13.834491, 28.9240616 ], [ -13.8345453, 28.9240305 ], [ -13.8345951, 28.9239881 ], [ -13.8346191, 28.9239589 ], [ -13.8346381, 28.9239253 ], [ -13.8346756, 28.9238376 ], [ -13.8347019, 28.9237837 ], [ -13.8347048, 28.9237002 ], [ -13.8347126, 28.9236822 ], [ -13.8347306, 28.9236824 ], [ -13.8348305, 28.9236923 ], [ -13.8348599, 28.9237016 ], [ -13.8348783, 28.9237153 ], [ -13.834902, 28.9237177 ], [ -13.8349226, 28.9237134 ], [ -13.8349323, 28.9236999 ], [ -13.8349345, 28.9236232 ], [ -13.8349443, 28.9236075 ], [ -13.8349598, 28.9235986 ], [ -13.8350264, 28.9236037 ], [ -13.8350457, 28.9235994 ], [ -13.8350644, 28.9235883 ], [ -13.8350883, 28.9235682 ], [ -13.8351285, 28.9235279 ], [ -13.835176, 28.9235283 ], [ -13.8351991, 28.923524 ], [ -13.8352148, 28.9235016 ], [ -13.8352182, 28.9234768 ], [ -13.8351993, 28.923445 ], [ -13.8351368, 28.9234196 ], [ -13.8351145, 28.9234037 ], [ -13.8351109, 28.9233879 ], [ -13.8351279, 28.9233564 ], [ -13.8351126, 28.9232863 ], [ -13.8351123, 28.923257 ], [ -13.8351233, 28.9232481 ], [ -13.8351438, 28.9232505 ], [ -13.8351663, 28.9232439 ], [ -13.8352084, 28.9232127 ], [ -13.8352296, 28.9232084 ], [ -13.8353, 28.9232157 ], [ -13.8353589, 28.9232253 ], [ -13.835368, 28.9232141 ], [ -13.835367, 28.9231915 ], [ -13.8353479, 28.9231733 ], [ -13.8353231, 28.9231595 ], [ -13.835268, 28.9231545 ], [ -13.8352546, 28.9231454 ], [ -13.8352303, 28.9230888 ], [ -13.8352139, 28.9230616 ], [ -13.8352109, 28.9230458 ], [ -13.8352792, 28.9230125 ], [ -13.8352999, 28.9229946 ], [ -13.8353129, 28.922979 ], [ -13.8353163, 28.9229632 ], [ -13.8353114, 28.9229428 ], [ -13.8352969, 28.9229202 ], [ -13.8352791, 28.9229064 ], [ -13.8352383, 28.9228813 ], [ -13.8352048, 28.9228471 ], [ -13.8351991, 28.9228313 ], [ -13.8352038, 28.9228178 ], [ -13.8352633, 28.9227755 ], [ -13.8352861, 28.9227373 ], [ -13.8352937, 28.9226945 ], [ -13.8353199, 28.9226361 ], [ -13.8353303, 28.9226226 ], [ -13.8353834, 28.9225825 ], [ -13.8354001, 28.9225736 ], [ -13.8354297, 28.9225716 ], [ -13.8354623, 28.9225786 ], [ -13.8354807, 28.9225969 ], [ -13.8354882, 28.9226714 ], [ -13.8354956, 28.9226962 ], [ -13.8355133, 28.9227189 ], [ -13.8355388, 28.9227282 ], [ -13.8355626, 28.9227239 ], [ -13.8355808, 28.9227015 ], [ -13.8355838, 28.9226609 ], [ -13.8355686, 28.9225863 ], [ -13.8355547, 28.9225727 ], [ -13.8355191, 28.9225453 ], [ -13.8355129, 28.9225272 ], [ -13.8355202, 28.9225002 ], [ -13.8355351, 28.9224845 ], [ -13.8355615, 28.9224757 ], [ -13.8355917, 28.9224737 ], [ -13.8356435, 28.9224854 ], [ -13.8357053, 28.9225175 ], [ -13.8357672, 28.9225429 ], [ -13.8357723, 28.9225497 ], [ -13.8357895, 28.9225544 ], [ -13.8357992, 28.9225522 ], [ -13.8358128, 28.9225366 ], [ -13.8358253, 28.9225141 ], [ -13.8358545, 28.9224737 ], [ -13.8358654, 28.9224219 ], [ -13.8358708, 28.9223949 ], [ -13.8358876, 28.9223838 ], [ -13.8359141, 28.9223705 ], [ -13.8359386, 28.9223549 ], [ -13.8360093, 28.9222833 ], [ -13.8360281, 28.9222586 ], [ -13.8360899, 28.9222366 ], [ -13.8361642, 28.9221899 ], [ -13.8361951, 28.9221743 ], [ -13.8362324, 28.9221611 ], [ -13.8362703, 28.9221569 ], [ -13.8363376, 28.9221643 ], [ -13.8363656, 28.9221758 ], [ -13.8364118, 28.9221762 ], [ -13.8364345, 28.9221584 ], [ -13.8364805, 28.9221114 ], [ -13.8365, 28.9220867 ], [ -13.8365767, 28.9219926 ], [ -13.836586, 28.9219634 ], [ -13.8365929, 28.9219228 ], [ -13.8365965, 28.921889 ], [ -13.8366063, 28.921871 ], [ -13.8366307, 28.921869 ], [ -13.8367024, 28.9218764 ], [ -13.836737, 28.9218767 ], [ -13.8367641, 28.9218656 ], [ -13.8368062, 28.9218231 ], [ -13.8368343, 28.921776 ], [ -13.8368412, 28.9217332 ], [ -13.8368471, 28.921661 ], [ -13.8368563, 28.9216408 ], [ -13.8368886, 28.9216185 ], [ -13.836906, 28.9216164 ], [ -13.8369418, 28.9216235 ], [ -13.8370216, 28.9216535 ], [ -13.8370777, 28.9216833 ], [ -13.8371084, 28.9216881 ], [ -13.8371392, 28.9216861 ], [ -13.8371681, 28.9216773 ], [ -13.8371837, 28.9216617 ], [ -13.8371757, 28.9216368 ], [ -13.8371624, 28.9216119 ], [ -13.8371232, 28.9215709 ], [ -13.8370754, 28.9215389 ], [ -13.8370557, 28.9215297 ], [ -13.8370437, 28.9215138 ], [ -13.8370471, 28.9214935 ], [ -13.8370627, 28.9214734 ], [ -13.8370904, 28.9214578 ], [ -13.8371328, 28.9214537 ], [ -13.8371725, 28.9214585 ], [ -13.8372299, 28.9214883 ], [ -13.8373157, 28.9214981 ], [ -13.8373938, 28.9215033 ], [ -13.8374253, 28.9215036 ], [ -13.8374638, 28.9214926 ], [ -13.8374903, 28.9214748 ], [ -13.8375438, 28.9214527 ], [ -13.8376025, 28.9214171 ], [ -13.8376606, 28.9213837 ], [ -13.8376921, 28.9213727 ], [ -13.8377512, 28.9213687 ], [ -13.8377705, 28.9213621 ], [ -13.8377886, 28.921351 ], [ -13.8378135, 28.9212993 ], [ -13.8378642, 28.9212366 ], [ -13.837908, 28.921158 ], [ -13.8379164, 28.9210949 ], [ -13.8379166, 28.9210205 ], [ -13.8378993, 28.9209616 ], [ -13.8378899, 28.9209457 ], [ -13.8378752, 28.9209389 ], [ -13.8378566, 28.9209364 ], [ -13.8378381, 28.9209295 ], [ -13.83783, 28.9209159 ], [ -13.8378353, 28.9208979 ], [ -13.8378593, 28.9208688 ], [ -13.8378831, 28.9208645 ], [ -13.8379055, 28.9208692 ], [ -13.8379291, 28.9208784 ], [ -13.8379554, 28.9208809 ], [ -13.8379811, 28.9208743 ], [ -13.8380772, 28.9208233 ], [ -13.838105, 28.920801 ], [ -13.8381329, 28.9207719 ], [ -13.8381793, 28.9206956 ], [ -13.8381948, 28.9206821 ], [ -13.8382124, 28.9206597 ], [ -13.8382492, 28.9205743 ], [ -13.8382711, 28.9205678 ], [ -13.8383744, 28.9205551 ], [ -13.8384887, 28.920547 ], [ -13.8385226, 28.9205451 ], [ -13.83854, 28.9205385 ], [ -13.8385517, 28.920525 ], [ -13.8386279, 28.9204783 ], [ -13.8386325, 28.9204648 ], [ -13.8386314, 28.920449 ], [ -13.8385961, 28.9203946 ], [ -13.8385868, 28.9203696 ], [ -13.838589, 28.9203426 ], [ -13.8386023, 28.9203066 ], [ -13.8386145, 28.9202932 ], [ -13.8386301, 28.9202843 ], [ -13.838673, 28.9202869 ], [ -13.8387207, 28.9203189 ], [ -13.8387464, 28.9203146 ], [ -13.8387975, 28.9202745 ], [ -13.8388442, 28.9202252 ], [ -13.8388599, 28.9202005 ], [ -13.8388761, 28.9201849 ], [ -13.8389738, 28.9201609 ], [ -13.8390322, 28.9201569 ], [ -13.8390637, 28.9201481 ], [ -13.8390882, 28.9201371 ], [ -13.8391361, 28.9200969 ], [ -13.8391504, 28.9200767 ], [ -13.8391697, 28.9200137 ], [ -13.8391801, 28.9200025 ], [ -13.8391959, 28.919962 ], [ -13.8391969, 28.919935 ], [ -13.8391919, 28.9199214 ], [ -13.8391811, 28.9199077 ], [ -13.8391678, 28.9198986 ], [ -13.8391615, 28.9198873 ], [ -13.8391745, 28.9198738 ], [ -13.8392299, 28.9198495 ], [ -13.8392919, 28.9198072 ], [ -13.8393564, 28.9197694 ], [ -13.8393779, 28.9197425 ], [ -13.8394009, 28.9196885 ], [ -13.8394419, 28.9196889 ], [ -13.8394754, 28.9196801 ], [ -13.8395185, 28.9196647 ], [ -13.8395469, 28.9196469 ], [ -13.8395568, 28.9196222 ], [ -13.8395497, 28.919568 ], [ -13.8395429, 28.9195499 ], [ -13.8395308, 28.9195385 ], [ -13.8394643, 28.9195266 ], [ -13.8394516, 28.919513 ], [ -13.8394575, 28.919495 ], [ -13.8394757, 28.9194725 ], [ -13.8395054, 28.919457 ], [ -13.8395376, 28.9194438 ], [ -13.8396507, 28.9194199 ], [ -13.8396791, 28.9194066 ], [ -13.8396863, 28.9193909 ], [ -13.8396866, 28.9193683 ], [ -13.8396715, 28.9193411 ], [ -13.8396448, 28.9193183 ], [ -13.8395849, 28.9192885 ], [ -13.8395628, 28.919259 ], [ -13.8395342, 28.9192317 ], [ -13.8395106, 28.9192201 ], [ -13.8394582, 28.9192107 ], [ -13.8394086, 28.9191742 ], [ -13.8393953, 28.919156 ], [ -13.8393916, 28.9191447 ], [ -13.8393911, 28.9191289 ], [ -13.8394523, 28.9190482 ], [ -13.8394717, 28.9190303 ], [ -13.8395045, 28.9190215 ], [ -13.8395403, 28.9190264 ], [ -13.8395652, 28.9190401 ], [ -13.8395842, 28.9190629 ], [ -13.8396012, 28.9190878 ], [ -13.8396267, 28.9191061 ], [ -13.8396484, 28.9191085 ], [ -13.8396697, 28.9190997 ], [ -13.839686, 28.9190682 ], [ -13.839727, 28.9190212 ], [ -13.839749, 28.9190011 ], [ -13.8397595, 28.9189809 ], [ -13.8397681, 28.9189539 ], [ -13.8397742, 28.9189201 ], [ -13.8398151, 28.9188821 ], [ -13.8398541, 28.9188305 ], [ -13.8398864, 28.9188082 ], [ -13.8399122, 28.9187949 ], [ -13.8399392, 28.9187907 ], [ -13.8399635, 28.9187909 ], [ -13.8399852, 28.9188001 ], [ -13.8400096, 28.9188048 ], [ -13.8400378, 28.9188028 ], [ -13.8400661, 28.9187895 ], [ -13.8400838, 28.9187626 ], [ -13.8400891, 28.9187423 ], [ -13.8400902, 28.9187017 ], [ -13.8400823, 28.9186678 ], [ -13.8400678, 28.9186406 ], [ -13.8400087, 28.9185927 ], [ -13.8399828, 28.9185609 ], [ -13.8399646, 28.9185224 ], [ -13.8399484, 28.9184207 ], [ -13.8399443, 28.9183913 ], [ -13.8399489, 28.9182673 ], [ -13.8399498, 28.9181793 ], [ -13.8399574, 28.9180755 ], [ -13.83996, 28.9180101 ], [ -13.8399597, 28.9179808 ], [ -13.8399628, 28.917938 ], [ -13.8399694, 28.9179222 ], [ -13.8399906, 28.9179111 ], [ -13.8400917, 28.9178759 ], [ -13.8401997, 28.917843 ], [ -13.8402751, 28.9178188 ], [ -13.8403007, 28.917819 ], [ -13.840353, 28.9178376 ], [ -13.8404518, 28.9178881 ], [ -13.8404793, 28.9178973 ], [ -13.840524, 28.9179202 ], [ -13.8405572, 28.9179296 ], [ -13.8406027, 28.9179277 ], [ -13.8406691, 28.9178944 ], [ -13.840735, 28.9178476 ], [ -13.8407966, 28.9177872 ], [ -13.8408427, 28.9177312 ], [ -13.8408682, 28.9176931 ], [ -13.8408872, 28.9176571 ], [ -13.8408978, 28.9176256 ], [ -13.8409063, 28.9176077 ], [ -13.8409459, 28.9175674 ], [ -13.840999, 28.9175769 ], [ -13.8410296, 28.9175862 ], [ -13.841059, 28.9176022 ], [ -13.8411149, 28.9176456 ], [ -13.8411501, 28.9176504 ], [ -13.8411791, 28.9176416 ], [ -13.8412074, 28.917626 ], [ -13.8412326, 28.9176082 ], [ -13.8412451, 28.9175858 ], [ -13.8412591, 28.9175362 ], [ -13.8412887, 28.9175207 ], [ -13.8413215, 28.9175187 ], [ -13.8413534, 28.917528 ], [ -13.841384, 28.9175463 ], [ -13.8414418, 28.917592 ], [ -13.8415023, 28.9176263 ], [ -13.8415222, 28.9176265 ], [ -13.8415472, 28.9176245 ], [ -13.84158, 28.9176157 ], [ -13.8416644, 28.9175781 ], [ -13.8417242, 28.9175628 ], [ -13.8418404, 28.9175525 ], [ -13.841902, 28.9175485 ], [ -13.8419219, 28.9175419 ], [ -13.8419381, 28.9175331 ], [ -13.8419573, 28.9175265 ], [ -13.8419727, 28.9175311 ], [ -13.8420184, 28.9175676 ], [ -13.8420491, 28.9175791 ], [ -13.8420915, 28.9175727 ], [ -13.842125, 28.9175505 ], [ -13.8421471, 28.9175236 ], [ -13.8421701, 28.9174787 ], [ -13.8421954, 28.9174541 ], [ -13.842245, 28.9174251 ], [ -13.8422792, 28.9174096 ], [ -13.8423177, 28.9174055 ], [ -13.842385, 28.9174083 ], [ -13.8424525, 28.9173908 ], [ -13.8425073, 28.9173687 ], [ -13.8425532, 28.917333 ], [ -13.8425573, 28.9173105 ], [ -13.8425411, 28.9172607 ], [ -13.8425241, 28.917238 ], [ -13.8425025, 28.917222 ], [ -13.8424482, 28.9171967 ], [ -13.8424189, 28.9171875 ], [ -13.8423254, 28.9171754 ], [ -13.8422908, 28.9171706 ], [ -13.84226, 28.9171726 ], [ -13.842244, 28.9171702 ], [ -13.8422327, 28.9171565 ], [ -13.8422388, 28.9171182 ], [ -13.8422804, 28.9170103 ], [ -13.8422913, 28.9169608 ], [ -13.8423086, 28.9169564 ], [ -13.8423547, 28.9169568 ], [ -13.84239, 28.9169593 ], [ -13.8424181, 28.9169664 ], [ -13.8424364, 28.9169936 ], [ -13.8424465, 28.9170704 ], [ -13.842459, 28.9170953 ], [ -13.8425227, 28.9171319 ], [ -13.8425565, 28.9171481 ], [ -13.8425885, 28.9171551 ], [ -13.8426237, 28.9171554 ], [ -13.8426591, 28.9171467 ], [ -13.8426977, 28.9171289 ], [ -13.8427326, 28.9171089 ], [ -13.8427496, 28.9170775 ], [ -13.8427717, 28.9169965 ], [ -13.8427757, 28.9169243 ], [ -13.8427645, 28.9168881 ], [ -13.842737, 28.9168315 ], [ -13.8427327, 28.9168066 ], [ -13.8427404, 28.9167525 ], [ -13.8427401, 28.9167254 ], [ -13.8427327, 28.9167006 ], [ -13.8427363, 28.9166555 ], [ -13.8427334, 28.9166351 ], [ -13.8427031, 28.9165897 ], [ -13.8426854, 28.9165625 ], [ -13.8426327, 28.9164628 ], [ -13.8426038, 28.9164084 ], [ -13.8425897, 28.9163519 ], [ -13.8425481, 28.9162883 ], [ -13.8425273, 28.9162588 ], [ -13.8425166, 28.9162339 ], [ -13.8425189, 28.9162068 ], [ -13.8425371, 28.9161777 ], [ -13.8425719, 28.9161644 ], [ -13.8426239, 28.9161604 ], [ -13.8427174, 28.9161657 ], [ -13.8427533, 28.9161727 ], [ -13.8427839, 28.9161798 ], [ -13.8428335, 28.9162208 ], [ -13.842864, 28.9162414 ], [ -13.8428999, 28.916244 ], [ -13.8429404, 28.916233 ], [ -13.8429727, 28.916213 ], [ -13.8429927, 28.9161951 ], [ -13.8430077, 28.9161772 ], [ -13.8430251, 28.9161661 ], [ -13.8430489, 28.9161595 ], [ -13.8431166, 28.9161804 ], [ -13.843148, 28.9161829 ], [ -13.843177, 28.9161741 ], [ -13.8431926, 28.9161517 ], [ -13.8431959, 28.9160841 ], [ -13.8431973, 28.9160209 ], [ -13.8432139, 28.9159669 ], [ -13.8432277, 28.9159399 ], [ -13.8432472, 28.915913 ], [ -13.8433224, 28.915837 ], [ -13.8433487, 28.9158349 ], [ -13.8433806, 28.9158465 ], [ -13.8434117, 28.9158761 ], [ -13.84345, 28.915899 ], [ -13.8435004, 28.9159197 ], [ -13.843554, 28.915936 ], [ -13.8436442, 28.9159548 ], [ -13.843772, 28.9159965 ], [ -13.843807, 28.9160194 ], [ -13.8438228, 28.9160421 ], [ -13.8438859, 28.9160719 ], [ -13.8439197, 28.9160858 ], [ -13.8439664, 28.9160952 ], [ -13.8439785, 28.9161088 ], [ -13.8439697, 28.9161404 ], [ -13.8439701, 28.9162216 ], [ -13.8439955, 28.9162443 ], [ -13.844136, 28.9162952 ], [ -13.844252, 28.9163571 ], [ -13.8443133, 28.9163825 ], [ -13.8443775, 28.916374 ], [ -13.8444266, 28.9163428 ], [ -13.8444859, 28.916314 ], [ -13.8445427, 28.9162716 ], [ -13.8445512, 28.9162604 ], [ -13.8445692, 28.9161997 ], [ -13.8445954, 28.9161502 ], [ -13.8446398, 28.9161348 ], [ -13.8446774, 28.9161532 ], [ -13.8447124, 28.9161783 ], [ -13.8447571, 28.9161922 ], [ -13.8448487, 28.9161975 ], [ -13.84488, 28.9162046 ], [ -13.8449272, 28.9162253 ], [ -13.8449783, 28.916246 ], [ -13.8450895, 28.9162267 ], [ -13.8451526, 28.9162543 ], [ -13.8452118, 28.9162977 ], [ -13.8452805, 28.9163389 ], [ -13.8453733, 28.91636 ], [ -13.8454283, 28.9163672 ], [ -13.8454766, 28.9163518 ], [ -13.8455269, 28.9162688 ], [ -13.8455578, 28.9162555 ], [ -13.8458621, 28.9162153 ], [ -13.8459158, 28.916227 ], [ -13.8459747, 28.9162343 ], [ -13.8460149, 28.9162526 ], [ -13.8460392, 28.9162574 ], [ -13.8461475, 28.9162651 ], [ -13.8461856, 28.9162406 ], [ -13.8461927, 28.9162316 ], [ -13.8462099, 28.9161821 ], [ -13.8462276, 28.9161462 ], [ -13.8462754, 28.9161218 ], [ -13.8463314, 28.9160997 ], [ -13.8463823, 28.916073 ], [ -13.8464299, 28.9160576 ], [ -13.8465241, 28.9160652 ], [ -13.8465474, 28.9160474 ], [ -13.846567, 28.9160137 ], [ -13.8465423, 28.9159819 ], [ -13.8464983, 28.915959 ], [ -13.8464627, 28.9159383 ], [ -13.8464452, 28.9158953 ], [ -13.8464503, 28.9158412 ], [ -13.8464809, 28.9157941 ], [ -13.8465178, 28.9157606 ], [ -13.8465275, 28.9157561 ], [ -13.846566, 28.9157542 ], [ -13.8466081, 28.9157726 ], [ -13.8466576, 28.9157618 ], [ -13.8466804, 28.9157259 ], [ -13.8466688, 28.9156761 ], [ -13.8466489, 28.9156195 ], [ -13.8466617, 28.9155655 ], [ -13.8466978, 28.9155433 ], [ -13.8467639, 28.9155416 ], [ -13.8468153, 28.9155285 ], [ -13.8468974, 28.9154638 ], [ -13.8469494, 28.9154574 ], [ -13.8469974, 28.9154736 ], [ -13.8470409, 28.915474 ], [ -13.8470938, 28.9154429 ], [ -13.847144, 28.9154297 ], [ -13.8471894, 28.9154392 ], [ -13.8472966, 28.9154852 ], [ -13.8473683, 28.9154926 ], [ -13.8474795, 28.9154665 ], [ -13.8475244, 28.9154691 ], [ -13.8475821, 28.9154674 ], [ -13.8476191, 28.915427 ], [ -13.8476375, 28.9153821 ], [ -13.8476212, 28.9153526 ], [ -13.8475953, 28.9153186 ], [ -13.8475912, 28.9152802 ], [ -13.8475807, 28.9152417 ], [ -13.8475335, 28.9152233 ], [ -13.8475014, 28.9152297 ], [ -13.8473828, 28.9152851 ], [ -13.8473236, 28.9153049 ], [ -13.8472659, 28.9152999 ], [ -13.8472098, 28.9152746 ], [ -13.8470743, 28.9152419 ], [ -13.8470504, 28.9152011 ], [ -13.8470569, 28.9151876 ], [ -13.8471014, 28.9151609 ], [ -13.8471585, 28.9151614 ], [ -13.847281, 28.9151624 ], [ -13.8473709, 28.9151429 ], [ -13.8473948, 28.9151341 ], [ -13.8474446, 28.9150849 ], [ -13.8474827, 28.9150626 ], [ -13.8475664, 28.915034 ], [ -13.8476006, 28.9150118 ], [ -13.8476241, 28.9149758 ], [ -13.8476386, 28.9149399 ], [ -13.8476454, 28.9148993 ], [ -13.8476493, 28.9148384 ], [ -13.8476537, 28.9147301 ], [ -13.8476594, 28.9146738 ], [ -13.8476742, 28.9146198 ], [ -13.8477059, 28.9144756 ], [ -13.8477296, 28.9144194 ], [ -13.8477724, 28.9143724 ], [ -13.8478125, 28.9143434 ], [ -13.8478575, 28.914328 ], [ -13.8478859, 28.9143102 ], [ -13.8479018, 28.9142652 ], [ -13.8479041, 28.9141795 ], [ -13.8479129, 28.9140194 ], [ -13.8479321, 28.9139631 ], [ -13.8479636, 28.9139566 ], [ -13.8480052, 28.9139593 ], [ -13.8480424, 28.9139573 ], [ -13.8480812, 28.9139283 ], [ -13.8480864, 28.9139194 ], [ -13.848099, 28.9138788 ], [ -13.8480827, 28.9138516 ], [ -13.8480481, 28.9138491 ], [ -13.8480108, 28.91386 ], [ -13.8479748, 28.9138688 ], [ -13.8479468, 28.9138527 ], [ -13.84794, 28.9138256 ], [ -13.8479519, 28.9137941 ], [ -13.8479771, 28.9137808 ], [ -13.8480559, 28.9137814 ], [ -13.848095, 28.9137795 ], [ -13.8481228, 28.9137572 ], [ -13.8481291, 28.9137166 ], [ -13.8481187, 28.9136669 ], [ -13.8481186, 28.9136173 ], [ -13.848137, 28.9135204 ], [ -13.848155, 28.9134619 ], [ -13.8481844, 28.9134125 ], [ -13.8482174, 28.9133767 ], [ -13.8482574, 28.9133613 ], [ -13.8483277, 28.9133754 ], [ -13.8483695, 28.9133622 ], [ -13.8484168, 28.9133175 ], [ -13.848483, 28.9132436 ], [ -13.8485166, 28.9132236 ], [ -13.8485609, 28.9132195 ], [ -13.8486082, 28.9132266 ], [ -13.8486468, 28.9132157 ], [ -13.8486671, 28.9131775 ], [ -13.8486679, 28.9131685 ], [ -13.8486489, 28.9131435 ], [ -13.8486169, 28.9131364 ], [ -13.8485814, 28.9131023 ], [ -13.8485556, 28.9130569 ], [ -13.8485434, 28.9130072 ], [ -13.8485539, 28.9129802 ], [ -13.8485827, 28.9129782 ], [ -13.8486188, 28.9129695 ], [ -13.8486442, 28.9129268 ], [ -13.8486569, 28.9128818 ], [ -13.8486625, 28.912839 ], [ -13.8486565, 28.9128006 ], [ -13.8486474, 28.9127622 ], [ -13.8486502, 28.9127396 ], [ -13.8486791, 28.9127263 ], [ -13.8487311, 28.91272 ], [ -13.8487737, 28.9127001 ], [ -13.8487946, 28.9126641 ], [ -13.8487789, 28.9126301 ], [ -13.8487407, 28.9126118 ], [ -13.8486431, 28.9125658 ], [ -13.8486011, 28.9125339 ], [ -13.8485609, 28.9124591 ], [ -13.8485241, 28.9124272 ], [ -13.8484827, 28.9124065 ], [ -13.8484322, 28.912388 ], [ -13.8483734, 28.912374 ], [ -13.8483224, 28.912351 ], [ -13.8482461, 28.9122939 ], [ -13.8482007, 28.9122778 ], [ -13.8481561, 28.9122548 ], [ -13.8481334, 28.9122253 ], [ -13.8481292, 28.9121914 ], [ -13.8481469, 28.9121645 ], [ -13.8481779, 28.9121354 ], [ -13.8482301, 28.9120569 ], [ -13.8482594, 28.912021 ], [ -13.8482894, 28.9119671 ], [ -13.8483231, 28.9118772 ], [ -13.8483506, 28.91183 ], [ -13.8483803, 28.9118077 ], [ -13.8484091, 28.911808 ], [ -13.8484379, 28.9118173 ], [ -13.8484672, 28.9118355 ], [ -13.8485001, 28.9118697 ], [ -13.8485922, 28.9119494 ], [ -13.8486902, 28.912018 ], [ -13.8487174, 28.912052 ], [ -13.8487406, 28.9120928 ], [ -13.8487782, 28.9121135 ], [ -13.8488189, 28.9121432 ], [ -13.8488553, 28.9121615 ], [ -13.8488867, 28.9121618 ], [ -13.8488928, 28.9121325 ], [ -13.8488932, 28.9120941 ], [ -13.8489145, 28.9120785 ], [ -13.8489363, 28.9120832 ], [ -13.8489598, 28.9121037 ], [ -13.8489787, 28.912131 ], [ -13.8490092, 28.9121515 ], [ -13.8491041, 28.9121524 ], [ -13.8491579, 28.9121573 ], [ -13.8492812, 28.9121922 ], [ -13.8493502, 28.9122176 ], [ -13.8494038, 28.9122452 ], [ -13.8494567, 28.9122659 ], [ -13.849508, 28.9122664 ], [ -13.8495562, 28.9122532 ], [ -13.8496007, 28.9122311 ], [ -13.8496395, 28.9121998 ], [ -13.8496752, 28.912164 ], [ -13.8497263, 28.9121216 ], [ -13.8497696, 28.9120926 ], [ -13.8498223, 28.912075 ], [ -13.849962, 28.9120762 ], [ -13.8500901, 28.9120931 ], [ -13.8501471, 28.9120958 ], [ -13.8502094, 28.9120896 ], [ -13.8502372, 28.912065 ], [ -13.8502408, 28.9120312 ], [ -13.8502578, 28.9119997 ], [ -13.8502978, 28.9119753 ], [ -13.8503392, 28.9119441 ], [ -13.8503691, 28.9119037 ], [ -13.8503876, 28.9118542 ], [ -13.8503975, 28.9117708 ], [ -13.8503792, 28.9117458 ], [ -13.8503415, 28.911732 ], [ -13.8502976, 28.9117068 ], [ -13.8502691, 28.9116704 ], [ -13.850283, 28.9116367 ], [ -13.8503275, 28.9116123 ], [ -13.8503603, 28.9116035 ], [ -13.8504801, 28.9116023 ], [ -13.8505437, 28.9115916 ], [ -13.8506036, 28.9115718 ], [ -13.8506616, 28.9115407 ], [ -13.8507037, 28.9114982 ], [ -13.8507255, 28.9114487 ], [ -13.850708, 28.9114034 ], [ -13.8506991, 28.9113966 ], [ -13.8506428, 28.9113826 ], [ -13.8505763, 28.9113707 ], [ -13.8505079, 28.9113476 ], [ -13.8504532, 28.9113088 ], [ -13.8504312, 28.9112702 ], [ -13.8504597, 28.9112411 ], [ -13.8505094, 28.911219 ], [ -13.8506173, 28.9111973 ], [ -13.8506656, 28.9111752 ], [ -13.850737, 28.9111036 ], [ -13.8507745, 28.9110723 ], [ -13.8508156, 28.9110592 ], [ -13.8508608, 28.9110324 ], [ -13.8509022, 28.9109967 ], [ -13.85099, 28.9109433 ], [ -13.8510283, 28.9109008 ], [ -13.8510512, 28.9108581 ], [ -13.8510575, 28.910813 ], [ -13.8510515, 28.9107678 ], [ -13.8510346, 28.9107339 ], [ -13.8510028, 28.9107133 ], [ -13.8509679, 28.9106791 ], [ -13.8509517, 28.9106361 ], [ -13.8509459, 28.9105842 ], [ -13.8509349, 28.9105345 ], [ -13.8509111, 28.9104824 ], [ -13.8508822, 28.9104302 ], [ -13.8508654, 28.9103827 ], [ -13.8508684, 28.9103376 ], [ -13.8508808, 28.9102655 ], [ -13.8508685, 28.9102225 ], [ -13.8508285, 28.9101883 ], [ -13.8508158, 28.9101702 ], [ -13.8508103, 28.9101453 ], [ -13.850819, 28.910116 ], [ -13.8508398, 28.9100869 ], [ -13.8509015, 28.9100739 ], [ -13.8509294, 28.9100425 ], [ -13.8509563, 28.9099886 ], [ -13.850979, 28.9099076 ], [ -13.8510195, 28.9097771 ], [ -13.8510451, 28.9097231 ], [ -13.8510794, 28.9096986 ], [ -13.8511235, 28.909708 ], [ -13.85114, 28.9097194 ], [ -13.8511687, 28.9097355 ], [ -13.8512067, 28.9097155 ], [ -13.8512485, 28.9096504 ], [ -13.8512678, 28.9095874 ], [ -13.8512729, 28.9095288 ], [ -13.8512574, 28.9094813 ], [ -13.8512219, 28.9094426 ], [ -13.8511993, 28.9093995 ], [ -13.8512119, 28.909368 ], [ -13.8512506, 28.9093413 ], [ -13.8512755, 28.9092941 ], [ -13.8512728, 28.9092445 ], [ -13.8512368, 28.9091991 ], [ -13.851225, 28.9091674 ], [ -13.8512477, 28.9091382 ], [ -13.8512745, 28.9090956 ], [ -13.8512891, 28.9090461 ], [ -13.8512864, 28.9089987 ], [ -13.8512733, 28.9089737 ], [ -13.8511929, 28.9089347 ], [ -13.8511779, 28.9088985 ], [ -13.8511893, 28.9088557 ], [ -13.8512512, 28.9087615 ], [ -13.8513182, 28.9086763 ], [ -13.8513215, 28.908665 ], [ -13.8513266, 28.9086132 ], [ -13.8513284, 28.9085613 ], [ -13.8513494, 28.9085231 ], [ -13.8513855, 28.9085009 ], [ -13.8514351, 28.9084832 ], [ -13.8514835, 28.9084543 ], [ -13.8515187, 28.9083982 ], [ -13.8515452, 28.9083262 ], [ -13.8515703, 28.9081911 ], [ -13.8515737, 28.9081234 ], [ -13.8515654, 28.9080579 ], [ -13.8515539, 28.9079946 ], [ -13.8515154, 28.9078838 ], [ -13.8515076, 28.907834 ], [ -13.8515198, 28.9077777 ], [ -13.8515414, 28.9077328 ], [ -13.8515675, 28.9076924 ], [ -13.8516248, 28.9076162 ], [ -13.8516546, 28.9075826 ], [ -13.8516889, 28.9075581 ], [ -13.851726, 28.9075584 ], [ -13.8517675, 28.907579 ], [ -13.8517957, 28.9075793 ], [ -13.8518164, 28.9075614 ], [ -13.8518327, 28.907539 ], [ -13.8518566, 28.9075211 ], [ -13.8518822, 28.9075191 ], [ -13.8519085, 28.9075238 ], [ -13.8519317, 28.9075082 ], [ -13.8519318, 28.9074992 ], [ -13.8519095, 28.9074878 ], [ -13.8518834, 28.9074672 ], [ -13.8518588, 28.9074354 ], [ -13.8518464, 28.9073947 ], [ -13.8518514, 28.9073496 ], [ -13.8518698, 28.9073137 ], [ -13.8519039, 28.9073004 ], [ -13.8519553, 28.9072941 ], [ -13.8519939, 28.9072787 ], [ -13.8520321, 28.9072429 ], [ -13.8520614, 28.9072002 ], [ -13.8520812, 28.9071508 ], [ -13.8521136, 28.9071172 ], [ -13.8521566, 28.9071153 ], [ -13.8522039, 28.9071202 ], [ -13.8522696, 28.9071005 ], [ -13.8524028, 28.9070542 ], [ -13.8525442, 28.9070126 ], [ -13.8526104, 28.9069996 ], [ -13.8527258, 28.9070006 ], [ -13.8527981, 28.9070125 ], [ -13.8528519, 28.9070129 ], [ -13.8529117, 28.9069999 ], [ -13.8529765, 28.9069982 ], [ -13.85305, 28.9070169 ], [ -13.8531401, 28.9070425 ], [ -13.8532327, 28.9070748 ], [ -13.8533316, 28.9071095 ], [ -13.8534236, 28.9071487 ], [ -13.8535728, 28.9072199 ], [ -13.8537269, 28.9073092 ], [ -13.853858, 28.9073938 ], [ -13.8539186, 28.9074282 ], [ -13.8539755, 28.9074354 ], [ -13.8538517, 28.9072741 ], [ -13.8537746, 28.907172 ], [ -13.8536447, 28.9070332 ], [ -13.8534325, 28.9068599 ], [ -13.8531674, 28.9066569 ], [ -13.8528333, 28.9063788 ], [ -13.8526378, 28.9062598 ], [ -13.8523477, 28.9061151 ], [ -13.8520196, 28.9059928 ], [ -13.8518763, 28.9059645 ], [ -13.8516585, 28.9059536 ], [ -13.8514199, 28.9059674 ], [ -13.8511937, 28.9059541 ], [ -13.8511815, 28.905954 ], [ -13.8508135, 28.9059013 ], [ -13.8498149, 28.9057145 ], [ -13.8431613, 28.9047009 ], [ -13.8334108, 28.9038293 ], [ -13.8289162, 28.9032353 ], [ -13.8267995, 28.9026753 ], [ -13.8265171, 28.9025917 ], [ -13.8264138, 28.9025479 ], [ -13.8263169, 28.9025019 ], [ -13.8262487, 28.9024607 ], [ -13.8261719, 28.9023991 ], [ -13.8260855, 28.9023217 ], [ -13.8259909, 28.9022486 ], [ -13.8259272, 28.9022075 ], [ -13.8258189, 28.9021524 ], [ -13.8257137, 28.9020995 ], [ -13.8256098, 28.9020468 ], [ -13.8254987, 28.9020052 ], [ -13.8253992, 28.9019682 ], [ -13.8252925, 28.9019312 ], [ -13.8251872, 28.9018964 ], [ -13.8251162, 28.90188 ], [ -13.8250406, 28.9018726 ], [ -13.8249669, 28.9018742 ], [ -13.8249001, 28.9018871 ], [ -13.8247959, 28.9019156 ], [ -13.8246905, 28.9019417 ], [ -13.8245987, 28.9019522 ], [ -13.8245326, 28.9019606 ], [ -13.8244651, 28.9019781 ], [ -13.8244052, 28.9020047 ], [ -13.8243484, 28.902038 ], [ -13.8242567, 28.9020981 ], [ -13.8241625, 28.9021515 ], [ -13.8240748, 28.9022003 ], [ -13.8239749, 28.9022423 ], [ -13.8238772, 28.9022753 ], [ -13.8237846, 28.9022948 ], [ -13.8236819, 28.9023052 ], [ -13.82356, 28.9023177 ], [ -13.8234279, 28.9023233 ], [ -13.8233022, 28.9023289 ], [ -13.8231681, 28.9023368 ], [ -13.8230437, 28.9023448 ], [ -13.8229159, 28.9023617 ], [ -13.822801, 28.9023832 ], [ -13.8227244, 28.9024097 ], [ -13.8226766, 28.9024363 ], [ -13.8226326, 28.902472 ], [ -13.8225937, 28.902519 ], [ -13.8225453, 28.9025976 ], [ -13.822498, 28.9027055 ], [ -13.8224595, 28.902818 ], [ -13.8224346, 28.9028697 ], [ -13.8224157, 28.902892 ], [ -13.8223711, 28.9029323 ], [ -13.8223194, 28.9029679 ], [ -13.8222652, 28.9029923 ], [ -13.8221758, 28.9030185 ], [ -13.8221097, 28.9030315 ], [ -13.8220198, 28.903042 ], [ -13.8219339, 28.9030413 ], [ -13.8218417, 28.9030292 ], [ -13.8217566, 28.9030171 ], [ -13.8216419, 28.9030161 ], [ -13.8215188, 28.9030218 ], [ -13.8214008, 28.903023 ], [ -13.8212707, 28.9030242 ], [ -13.8211496, 28.9030208 ], [ -13.8210241, 28.903004 ], [ -13.8209153, 28.9029872 ], [ -13.8208601, 28.9029935 ], [ -13.8208331, 28.9030023 ], [ -13.8208054, 28.9030156 ], [ -13.8207544, 28.903049 ], [ -13.8206542, 28.9031181 ], [ -13.8205407, 28.9031802 ], [ -13.8204285, 28.9032379 ], [ -13.8203151, 28.9032911 ], [ -13.8202049, 28.9033465 ], [ -13.8201522, 28.9033596 ], [ -13.8200989, 28.9033659 ], [ -13.8199867, 28.9033649 ], [ -13.8198638, 28.9033526 ], [ -13.8197883, 28.9033384 ], [ -13.81964, 28.9033032 ], [ -13.8195882, 28.9032915 ], [ -13.8195395, 28.9032888 ], [ -13.8195042, 28.9032953 ], [ -13.8194636, 28.9033152 ], [ -13.8193748, 28.9033438 ], [ -13.8192821, 28.9033745 ], [ -13.8191792, 28.9034052 ], [ -13.8190796, 28.9034292 ], [ -13.8189845, 28.9034509 ], [ -13.8188842, 28.9034726 ], [ -13.8187976, 28.9034786 ], [ -13.8186784, 28.9034753 ], [ -13.818556, 28.903472 ], [ -13.8184651, 28.9034599 ], [ -13.8183654, 28.9034342 ], [ -13.818244, 28.903406 ], [ -13.8181895, 28.9034078 ], [ -13.8180797, 28.9034181 ], [ -13.8179449, 28.903435 ], [ -13.8178178, 28.9034497 ], [ -13.8177107, 28.9034578 ], [ -13.8175818, 28.9034566 ], [ -13.8174512, 28.9034465 ], [ -13.8173373, 28.9034319 ], [ -13.8172373, 28.9034243 ], [ -13.8171324, 28.9034121 ], [ -13.8170261, 28.9034044 ], [ -13.8169076, 28.9033898 ], [ -13.8168154, 28.9033845 ], [ -13.816755, 28.9033907 ], [ -13.8167248, 28.9033995 ], [ -13.8166971, 28.903415 ], [ -13.816597, 28.9034796 ], [ -13.81649, 28.9035305 ], [ -13.8164345, 28.9035684 ], [ -13.8163579, 28.9036444 ], [ -13.8163017, 28.9036891 ], [ -13.8162714, 28.9037046 ], [ -13.8162044, 28.9037333 ], [ -13.8161304, 28.9037575 ], [ -13.8160604, 28.9037727 ], [ -13.8159904, 28.9037788 ], [ -13.8158762, 28.9037824 ], [ -13.8157666, 28.9037836 ], [ -13.815655, 28.9037939 ], [ -13.8155458, 28.9038111 ], [ -13.815443, 28.903835 ], [ -13.8153401, 28.9038634 ], [ -13.8152796, 28.9038877 ], [ -13.8152195, 28.9039232 ], [ -13.8151354, 28.9039947 ], [ -13.815057, 28.9040662 ], [ -13.8150053, 28.9040996 ], [ -13.8149571, 28.9041172 ], [ -13.8148845, 28.9041301 ], [ -13.8147806, 28.904136 ], [ -13.8146509, 28.9041484 ], [ -13.8145361, 28.9041586 ], [ -13.8144283, 28.904169 ], [ -13.8143154, 28.9041792 ], [ -13.8142402, 28.9041899 ], [ -13.8141336, 28.9042138 ], [ -13.8140174, 28.9042285 ], [ -13.8139456, 28.9042301 ], [ -13.8138398, 28.9042315 ], [ -13.813764, 28.9042444 ], [ -13.8136926, 28.904264 ], [ -13.8135877, 28.9043014 ], [ -13.8134719, 28.9043343 ], [ -13.8133627, 28.9043581 ], [ -13.8132471, 28.9043774 ], [ -13.8131366, 28.9043968 ], [ -13.8130242, 28.9044138 ], [ -13.8129126, 28.9044264 ], [ -13.8128086, 28.904439 ], [ -13.8127378, 28.9044632 ], [ -13.8126682, 28.9044987 ], [ -13.8125776, 28.9045678 ], [ -13.812487, 28.904646 ], [ -13.8123951, 28.9047219 ], [ -13.8123337, 28.9047642 ], [ -13.8122705, 28.9047952 ], [ -13.8122358, 28.904804 ], [ -13.8121658, 28.9048147 ], [ -13.8121017, 28.9048118 ], [ -13.8119784, 28.9047791 ], [ -13.8118499, 28.9047532 ], [ -13.8117602, 28.9047502 ], [ -13.8117011, 28.9047564 ], [ -13.8116471, 28.9047717 ], [ -13.8116013, 28.9047916 ], [ -13.811542, 28.9048272 ], [ -13.8115324, 28.9048294 ], [ -13.8114738, 28.9048514 ], [ -13.8114144, 28.9048847 ], [ -13.8113202, 28.9049403 ], [ -13.8112214, 28.9049981 ], [ -13.8111156, 28.9050558 ], [ -13.8110149, 28.9051204 ], [ -13.8109149, 28.9051781 ], [ -13.8108137, 28.9052291 ], [ -13.8107233, 28.9052802 ], [ -13.8106684, 28.9053204 ], [ -13.8106236, 28.9053673 ], [ -13.8105903, 28.9054212 ], [ -13.810564, 28.9054841 ], [ -13.8105225, 28.9055786 ], [ -13.8104786, 28.9056639 ], [ -13.8104421, 28.9057155 ], [ -13.8104175, 28.9057401 ], [ -13.8103884, 28.9057579 ], [ -13.8103556, 28.9057711 ], [ -13.8103202, 28.9057821 ], [ -13.8101898, 28.9058012 ], [ -13.8100891, 28.9058116 ], [ -13.8100084, 28.9058086 ], [ -13.8098622, 28.9058593 ], [ -13.8097635, 28.905917 ], [ -13.809688, 28.9059638 ], [ -13.80962, 28.9060196 ], [ -13.8095298, 28.906118 ], [ -13.809488, 28.9061876 ], [ -13.8094253, 28.9062322 ], [ -13.8093222, 28.9062832 ], [ -13.8092153, 28.9063251 ], [ -13.809091, 28.9063736 ], [ -13.8090322, 28.9064092 ], [ -13.8090063, 28.9064315 ], [ -13.8089836, 28.9064562 ], [ -13.8089471, 28.90651 ], [ -13.8089019, 28.9065953 ], [ -13.8088663, 28.9066853 ], [ -13.8088467, 28.9067709 ], [ -13.8088127, 28.9068856 ], [ -13.8088136, 28.9069759 ], [ -13.808792, 28.9070749 ], [ -13.808767, 28.9071808 ], [ -13.8087596, 28.9072146 ], [ -13.8087371, 28.907273 ], [ -13.8087037, 28.9073359 ], [ -13.8086392, 28.9074256 ], [ -13.8085892, 28.9074838 ], [ -13.8085316, 28.9075307 ], [ -13.8084961, 28.9075507 ], [ -13.8083827, 28.9076016 ], [ -13.8082733, 28.9076412 ], [ -13.8081563, 28.9076695 ], [ -13.8080465, 28.9076866 ], [ -13.8079355, 28.9076991 ], [ -13.8078237, 28.9077139 ], [ -13.8077569, 28.9077314 ], [ -13.8076493, 28.9077733 ], [ -13.8075411, 28.9078197 ], [ -13.8074291, 28.9078571 ], [ -13.8073147, 28.9078877 ], [ -13.80721, 28.9079071 ], [ -13.8071368, 28.9079132 ], [ -13.8070291, 28.9079122 ], [ -13.8069412, 28.907925 ], [ -13.8068673, 28.9079424 ], [ -13.806786, 28.9079823 ], [ -13.8066922, 28.9080536 ], [ -13.8066043, 28.9080619 ], [ -13.8064476, 28.9080898 ], [ -13.8063393, 28.908143 ], [ -13.8062771, 28.9081966 ], [ -13.8062369, 28.9082346 ], [ -13.806185, 28.9082906 ], [ -13.8061318, 28.9083488 ], [ -13.8060866, 28.9083777 ], [ -13.805999, 28.9084175 ], [ -13.8058946, 28.9084572 ], [ -13.8058568, 28.9084636 ], [ -13.8058024, 28.9084564 ], [ -13.8056788, 28.9084395 ], [ -13.8055668, 28.908425 ], [ -13.8055624, 28.9084244 ], [ -13.7608166, 28.865749 ], [ -13.7608287, 28.8657635 ], [ -13.760831, 28.8657861 ], [ -13.7607957, 28.8658445 ], [ -13.7607922, 28.8658692 ], [ -13.7607998, 28.8659302 ], [ -13.7607911, 28.8659572 ], [ -13.7607697, 28.8659841 ], [ -13.7607069, 28.8660354 ], [ -13.7606235, 28.8660978 ], [ -13.7605735, 28.8661492 ], [ -13.7605662, 28.8661763 ], [ -13.7605741, 28.8662102 ], [ -13.7605923, 28.8662442 ], [ -13.7605975, 28.8662939 ], [ -13.7606079, 28.8663887 ], [ -13.7606275, 28.8664656 ], [ -13.760638, 28.8664951 ], [ -13.7606469, 28.8665561 ], [ -13.7606494, 28.8666712 ], [ -13.760655, 28.8667908 ], [ -13.7606543, 28.8669013 ], [ -13.7606564, 28.8669442 ], [ -13.7606455, 28.8669983 ], [ -13.7606052, 28.8671017 ], [ -13.7605781, 28.8671736 ], [ -13.7605653, 28.8672231 ], [ -13.7605614, 28.8672818 ], [ -13.7605547, 28.867302 ], [ -13.7604993, 28.8673827 ], [ -13.7604628, 28.8674388 ], [ -13.7603946, 28.8675126 ], [ -13.7603466, 28.8675596 ], [ -13.7602981, 28.8675975 ], [ -13.7602305, 28.8676781 ], [ -13.7601816, 28.8677543 ], [ -13.760164, 28.8677768 ], [ -13.7601329, 28.8678035 ], [ -13.760038, 28.8678658 ], [ -13.7600116, 28.8678814 ], [ -13.7599594, 28.8679012 ], [ -13.7598585, 28.8679228 ], [ -13.7598226, 28.8679293 ], [ -13.759781, 28.8679244 ], [ -13.7597279, 28.8679149 ], [ -13.7596716, 28.8679099 ], [ -13.7596453, 28.8679074 ], [ -13.7596231, 28.8678959 ], [ -13.7595857, 28.8678572 ], [ -13.7595769, 28.8678413 ], [ -13.7595584, 28.8678321 ], [ -13.7595366, 28.8678364 ], [ -13.759514, 28.8678497 ], [ -13.7594864, 28.867854 ], [ -13.7594628, 28.8678493 ], [ -13.7594463, 28.8678356 ], [ -13.7594179, 28.8677947 ], [ -13.7593455, 28.8677918 ], [ -13.7593232, 28.8677848 ], [ -13.7592643, 28.8677233 ], [ -13.7592356, 28.8677095 ], [ -13.7591947, 28.8677092 ], [ -13.759167, 28.8677157 ], [ -13.7591427, 28.8677155 ], [ -13.7591191, 28.8677062 ], [ -13.7590614, 28.8676515 ], [ -13.7590353, 28.8676378 ], [ -13.758972, 28.8676304 ], [ -13.7588893, 28.8676319 ], [ -13.7588738, 28.8676363 ], [ -13.7588609, 28.8676497 ], [ -13.7588444, 28.8676879 ], [ -13.7588308, 28.8676991 ], [ -13.7588193, 28.867699 ], [ -13.7588066, 28.8676898 ], [ -13.7587814, 28.8676557 ], [ -13.7587687, 28.8676376 ], [ -13.7587547, 28.8676329 ], [ -13.7587342, 28.867635 ], [ -13.7587161, 28.8676438 ], [ -13.7586992, 28.8676685 ], [ -13.7586988, 28.8677024 ], [ -13.7587261, 28.8677206 ], [ -13.7587323, 28.867741 ], [ -13.758714, 28.8677657 ], [ -13.7586164, 28.8678415 ], [ -13.7585523, 28.867895 ], [ -13.7585081, 28.8679465 ], [ -13.7584771, 28.8679711 ], [ -13.7584461, 28.8679866 ], [ -13.7584006, 28.8679906 ], [ -13.7583794, 28.8679927 ], [ -13.7583516, 28.8680128 ], [ -13.7583192, 28.8680463 ], [ -13.7582788, 28.8681001 ], [ -13.7582683, 28.8681248 ], [ -13.7582593, 28.8681789 ], [ -13.7582728, 28.8682309 ], [ -13.7582907, 28.868283 ], [ -13.7582886, 28.8682987 ], [ -13.7582844, 28.8683325 ], [ -13.758271, 28.8683753 ], [ -13.7582186, 28.8684763 ], [ -13.7581821, 28.8685302 ], [ -13.7581794, 28.8685391 ], [ -13.7581644, 28.868557 ], [ -13.7581438, 28.8685681 ], [ -13.7581187, 28.868577 ], [ -13.7581168, 28.8686265 ], [ -13.7581026, 28.8686377 ], [ -13.7580808, 28.8686353 ], [ -13.7580529, 28.8686124 ], [ -13.7580255, 28.8685986 ], [ -13.758012, 28.868603 ], [ -13.7580199, 28.8686392 ], [ -13.7580329, 28.8686777 ], [ -13.7580358, 28.8687071 ], [ -13.7580124, 28.8687362 ], [ -13.7580205, 28.8688062 ], [ -13.7580312, 28.868874 ], [ -13.758025, 28.8689664 ], [ -13.7580088, 28.8690362 ], [ -13.7579801, 28.8691284 ], [ -13.757959, 28.8691847 ], [ -13.7579091, 28.8692835 ], [ -13.7578489, 28.8693867 ], [ -13.7578154, 28.8694518 ], [ -13.7577647, 28.8695687 ], [ -13.757741, 28.8696249 ], [ -13.7577089, 28.8696787 ], [ -13.7576445, 28.8697684 ], [ -13.7575902, 28.8698536 ], [ -13.7575379, 28.8699389 ], [ -13.7575001, 28.8699927 ], [ -13.7574698, 28.8700104 ], [ -13.757448, 28.8700125 ], [ -13.757434, 28.8700056 ], [ -13.7574181, 28.8699919 ], [ -13.7573921, 28.8699759 ], [ -13.7573022, 28.8699322 ], [ -13.7572754, 28.8699274 ], [ -13.7572523, 28.8699272 ], [ -13.7572407, 28.8699294 ], [ -13.7572316, 28.8699451 ], [ -13.7572281, 28.8699676 ], [ -13.7572291, 28.8699902 ], [ -13.757236, 28.8700083 ], [ -13.7572599, 28.8700446 ], [ -13.7573112, 28.8700947 ], [ -13.7573046, 28.8701082 ], [ -13.757291, 28.8701261 ], [ -13.7572398, 28.8701731 ], [ -13.7571962, 28.870229 ], [ -13.7571537, 28.8702986 ], [ -13.7571271, 28.8703277 ], [ -13.7570389, 28.8704148 ], [ -13.7569433, 28.8704794 ], [ -13.7568967, 28.8705173 ], [ -13.7568683, 28.8705351 ], [ -13.756773, 28.8705726 ], [ -13.7567293, 28.870579 ], [ -13.7566843, 28.8705943 ], [ -13.7565526, 28.8706202 ], [ -13.756479, 28.8706128 ], [ -13.7564568, 28.8705967 ], [ -13.7564164, 28.8705468 ], [ -13.7563897, 28.8705284 ], [ -13.7563576, 28.8705304 ], [ -13.7563261, 28.8705369 ], [ -13.7562952, 28.8705524 ], [ -13.7562558, 28.8705769 ], [ -13.7562299, 28.8705992 ], [ -13.7561822, 28.87068 ], [ -13.75615, 28.8706932 ], [ -13.7561293, 28.8707088 ], [ -13.7561137, 28.870729 ], [ -13.7560938, 28.8707829 ], [ -13.756052, 28.870848 ], [ -13.7560414, 28.8708772 ], [ -13.7560327, 28.870911 ], [ -13.7560208, 28.870938 ], [ -13.7559745, 28.871003 ], [ -13.7559619, 28.8710434 ], [ -13.755973, 28.8710751 ], [ -13.755976, 28.8710932 ], [ -13.7559713, 28.8711089 ], [ -13.7559446, 28.8711516 ], [ -13.7558782, 28.8712389 ], [ -13.7558651, 28.8712569 ], [ -13.7558539, 28.8712884 ], [ -13.7558259, 28.8713265 ], [ -13.755728, 28.8714203 ], [ -13.7556637, 28.8714897 ], [ -13.7556007, 28.8715635 ], [ -13.7555688, 28.8715994 ], [ -13.7554749, 28.871691 ], [ -13.755426, 28.8717583 ], [ -13.7553794, 28.8718007 ], [ -13.7553465, 28.8718116 ], [ -13.7552856, 28.8718178 ], [ -13.7552469, 28.8718356 ], [ -13.7552204, 28.8718534 ], [ -13.7551738, 28.8718981 ], [ -13.7551492, 28.8719159 ], [ -13.7551254, 28.8719247 ], [ -13.7550696, 28.8719264 ], [ -13.7550362, 28.8719374 ], [ -13.7549278, 28.871995 ], [ -13.7549001, 28.8720084 ], [ -13.75488, 28.8720262 ], [ -13.7548656, 28.8720486 ], [ -13.7548588, 28.8720847 ], [ -13.754856, 28.8721591 ], [ -13.7548493, 28.8721816 ], [ -13.7547891, 28.8722871 ], [ -13.7547709, 28.872305 ], [ -13.7547548, 28.8723161 ], [ -13.7547398, 28.8723363 ], [ -13.754725, 28.8723971 ], [ -13.7546809, 28.8724982 ], [ -13.754615, 28.8725946 ], [ -13.7545602, 28.872673 ], [ -13.754519, 28.8727426 ], [ -13.7544999, 28.8727876 ], [ -13.7544836, 28.8728122 ], [ -13.7544363, 28.8728547 ], [ -13.7543717, 28.8728969 ], [ -13.7543535, 28.8729171 ], [ -13.7543161, 28.8729912 ], [ -13.7542537, 28.8730673 ], [ -13.754185, 28.8731344 ], [ -13.7540989, 28.8732058 ], [ -13.7540174, 28.8732682 ], [ -13.7539968, 28.8732725 ], [ -13.7539777, 28.8732656 ], [ -13.7539274, 28.8732358 ], [ -13.7538316, 28.8732123 ], [ -13.7538009, 28.873203 ], [ -13.7537446, 28.8731416 ], [ -13.753725, 28.8731256 ], [ -13.7537096, 28.8731255 ], [ -13.753669, 28.8731409 ], [ -13.753626, 28.8731495 ], [ -13.7535644, 28.8731557 ], [ -13.7535315, 28.8731735 ], [ -13.7535282, 28.873187 ], [ -13.753533, 28.8732073 ], [ -13.7535499, 28.8732458 ], [ -13.7535483, 28.8732684 ], [ -13.7535158, 28.8733042 ], [ -13.753477, 28.8733399 ], [ -13.7534119, 28.8733731 ], [ -13.7533924, 28.8733955 ], [ -13.7533713, 28.8734472 ], [ -13.753305, 28.8735233 ], [ -13.753227, 28.8736106 ], [ -13.7531732, 28.8736688 ], [ -13.7531576, 28.8736822 ], [ -13.7531409, 28.8736843 ], [ -13.7531237, 28.8736796 ], [ -13.7531097, 28.8736659 ], [ -13.7530984, 28.87365 ], [ -13.7530832, 28.8736363 ], [ -13.753055, 28.8736383 ], [ -13.7530337, 28.8736472 ], [ -13.7530265, 28.8736607 ], [ -13.7530352, 28.8736788 ], [ -13.7530498, 28.8736947 ], [ -13.7530505, 28.8737489 ], [ -13.7530008, 28.8738251 ], [ -13.7529365, 28.8739012 ], [ -13.7528793, 28.8739684 ], [ -13.7528204, 28.8740175 ], [ -13.7527383, 28.8740754 ], [ -13.752693, 28.8741156 ], [ -13.7526624, 28.8741491 ], [ -13.7526398, 28.8741715 ], [ -13.7526126, 28.874187 ], [ -13.752562, 28.8741866 ], [ -13.7525352, 28.8741796 ], [ -13.752514, 28.8741794 ], [ -13.7524858, 28.8741836 ], [ -13.7524162, 28.8742168 ], [ -13.7523735, 28.8742503 ], [ -13.7523194, 28.8743219 ], [ -13.7522942, 28.8743465 ], [ -13.7521857, 28.8744177 ], [ -13.7521019, 28.874453 ], [ -13.7519791, 28.8744903 ], [ -13.7519161, 28.8745055 ], [ -13.7519001, 28.8745076 ], [ -13.7517958, 28.8745473 ], [ -13.7517558, 28.8745649 ], [ -13.7516775, 28.87458 ], [ -13.7515626, 28.8745947 ], [ -13.7514412, 28.8746207 ], [ -13.7513345, 28.8746422 ], [ -13.7512992, 28.8746464 ], [ -13.7511884, 28.8746431 ], [ -13.7510755, 28.8746489 ], [ -13.7510563, 28.8746532 ], [ -13.7510394, 28.8746666 ], [ -13.7510322, 28.8746823 ], [ -13.7510186, 28.8746957 ], [ -13.750943, 28.874695 ], [ -13.7509205, 28.8746948 ], [ -13.7509051, 28.8747014 ], [ -13.7508966, 28.8747104 ], [ -13.7508959, 28.8747194 ], [ -13.7508149, 28.8747435 ], [ -13.7507372, 28.8747563 ], [ -13.7506847, 28.8747535 ], [ -13.7506514, 28.8747465 ], [ -13.7505806, 28.874721 ], [ -13.7505071, 28.8747068 ], [ -13.7504413, 28.8746859 ], [ -13.7503576, 28.8746715 ], [ -13.7502499, 28.874666 ], [ -13.7501782, 28.8746654 ], [ -13.7500716, 28.8746802 ], [ -13.7500196, 28.8746887 ], [ -13.7499505, 28.8746836 ], [ -13.7499332, 28.8746766 ], [ -13.7499003, 28.874647 ], [ -13.7498858, 28.8746243 ], [ -13.7498777, 28.8746017 ], [ -13.7498639, 28.8745835 ], [ -13.7498212, 28.874556 ], [ -13.7497231, 28.8745145 ], [ -13.7496559, 28.8745003 ], [ -13.749549, 28.8744971 ], [ -13.7494932, 28.8744988 ], [ -13.7494689, 28.8744986 ], [ -13.7494452, 28.8744916 ], [ -13.7494045, 28.8744687 ], [ -13.7493429, 28.8744726 ], [ -13.7492126, 28.8744894 ], [ -13.749151, 28.8744979 ], [ -13.749104, 28.8745177 ], [ -13.7490846, 28.8745334 ], [ -13.7490714, 28.8745626 ], [ -13.7490644, 28.8746099 ], [ -13.7490559, 28.8746256 ], [ -13.7490177, 28.8746614 ], [ -13.7490104, 28.8746793 ], [ -13.7490034, 28.8747334 ], [ -13.7489887, 28.8747784 ], [ -13.748977, 28.8747919 ], [ -13.7489772, 28.8748279 ], [ -13.7489782, 28.8748505 ], [ -13.7489895, 28.8748732 ], [ -13.7490016, 28.8748846 ], [ -13.7490314, 28.8749029 ], [ -13.7490536, 28.8749234 ], [ -13.7490742, 28.8749755 ], [ -13.7490796, 28.8750049 ], [ -13.7490773, 28.8750342 ], [ -13.7490719, 28.8750522 ], [ -13.7490569, 28.8750769 ], [ -13.7490192, 28.8751217 ], [ -13.7490188, 28.8751532 ], [ -13.7490295, 28.8751737 ], [ -13.7490503, 28.8751987 ], [ -13.7491277, 28.8752671 ], [ -13.7491499, 28.8752898 ], [ -13.74917, 28.8753216 ], [ -13.7491874, 28.8753669 ], [ -13.7492062, 28.8754009 ], [ -13.7492447, 28.8754509 ], [ -13.7492654, 28.8754827 ], [ -13.7492811, 28.8755167 ], [ -13.7493441, 28.8756075 ], [ -13.7493866, 28.8756959 ], [ -13.7494263, 28.8757482 ], [ -13.7494537, 28.8758161 ], [ -13.7494774, 28.8759269 ], [ -13.7494872, 28.8759631 ], [ -13.7494984, 28.8760444 ], [ -13.7495063, 28.8760783 ], [ -13.7495482, 28.8761667 ], [ -13.7495765, 28.876264 ], [ -13.7496052, 28.8763274 ], [ -13.7496197, 28.8763546 ], [ -13.7496193, 28.8763817 ], [ -13.7496132, 28.8764065 ], [ -13.7495928, 28.8764582 ], [ -13.7495892, 28.876492 ], [ -13.7495966, 28.8765665 ], [ -13.7496225, 28.8766525 ], [ -13.7496481, 28.8767091 ], [ -13.7496626, 28.8767318 ], [ -13.7496796, 28.8767545 ], [ -13.7497325, 28.8768317 ], [ -13.749747, 28.8768522 ], [ -13.7497806, 28.8768818 ], [ -13.7498468, 28.8769163 ], [ -13.7498437, 28.8770155 ], [ -13.7498359, 28.8770786 ], [ -13.7498292, 28.8771011 ], [ -13.7498188, 28.8771191 ], [ -13.7498032, 28.8771392 ], [ -13.7497806, 28.8771503 ], [ -13.7497491, 28.8771591 ], [ -13.7496406, 28.8771716 ], [ -13.749604, 28.8771803 ], [ -13.7495814, 28.8771936 ], [ -13.7495645, 28.8772182 ], [ -13.7495519, 28.8772475 ], [ -13.7495312, 28.8773172 ], [ -13.7495187, 28.8773487 ], [ -13.7494941, 28.8773688 ], [ -13.7494424, 28.8774021 ], [ -13.7494261, 28.8774268 ], [ -13.7494227, 28.8775012 ], [ -13.749433, 28.8775487 ], [ -13.749441, 28.8775691 ], [ -13.7494549, 28.8775918 ], [ -13.7494611, 28.8776121 ], [ -13.7494496, 28.8776571 ], [ -13.7494509, 28.8777091 ], [ -13.7494475, 28.8777248 ], [ -13.7494346, 28.877736 ], [ -13.7493765, 28.8777693 ], [ -13.7492922, 28.8777956 ], [ -13.7492434, 28.8778042 ], [ -13.749162, 28.8778057 ], [ -13.7491153, 28.877803 ], [ -13.7490472, 28.8777617 ], [ -13.7489675, 28.8777294 ], [ -13.7489553, 28.8777247 ], [ -13.7488903, 28.8777016 ], [ -13.7488234, 28.8776671 ], [ -13.7488003, 28.8776647 ], [ -13.7487747, 28.8776644 ], [ -13.7487168, 28.8776819 ], [ -13.7486841, 28.8776862 ], [ -13.7486093, 28.8776719 ], [ -13.7485394, 28.8776758 ], [ -13.7484578, 28.8776886 ], [ -13.7484021, 28.877688 ], [ -13.7483732, 28.8776923 ], [ -13.7483417, 28.8777033 ], [ -13.7483146, 28.8777188 ], [ -13.7482856, 28.8777276 ], [ -13.7482113, 28.8777292 ], [ -13.7481895, 28.8777312 ], [ -13.7481791, 28.8777446 ], [ -13.7481826, 28.877765 ], [ -13.7482482, 28.8778558 ], [ -13.7482805, 28.8778855 ], [ -13.7483174, 28.8779129 ], [ -13.7483434, 28.8779357 ], [ -13.748354, 28.8779583 ], [ -13.7483493, 28.8779786 ], [ -13.7483368, 28.8780011 ], [ -13.7483377, 28.8780304 ], [ -13.7483528, 28.8780554 ], [ -13.7483782, 28.8780759 ], [ -13.7484164, 28.8780965 ], [ -13.7484463, 28.8781172 ], [ -13.7484697, 28.8781444 ], [ -13.7484866, 28.8781762 ], [ -13.7485245, 28.8782803 ], [ -13.7485903, 28.8783982 ], [ -13.7486504, 28.8784597 ], [ -13.7487018, 28.8785031 ], [ -13.7487585, 28.8785374 ], [ -13.7487883, 28.8785626 ], [ -13.7488821, 28.8786537 ], [ -13.7489169, 28.8786856 ], [ -13.7489436, 28.8787084 ], [ -13.7489886, 28.8787449 ], [ -13.7490152, 28.8787722 ], [ -13.7490341, 28.8787995 ], [ -13.7490434, 28.8788266 ], [ -13.7490434, 28.878883 ], [ -13.7490507, 28.8789147 ], [ -13.7490638, 28.8789396 ], [ -13.7490795, 28.8789646 ], [ -13.7491602, 28.8790263 ], [ -13.7491855, 28.8790491 ], [ -13.7492058, 28.8790741 ], [ -13.749254, 28.879167 ], [ -13.7492704, 28.8791897 ], [ -13.7492778, 28.8792101 ], [ -13.7492962, 28.8792306 ], [ -13.7493603, 28.8793304 ], [ -13.7493947, 28.8794075 ], [ -13.7494332, 28.8795094 ], [ -13.7494526, 28.8795479 ], [ -13.7494817, 28.8795843 ], [ -13.749498, 28.8796093 ], [ -13.7495404, 28.8796548 ], [ -13.7495807, 28.8797138 ], [ -13.7496111, 28.8798021 ], [ -13.7496096, 28.8799262 ], [ -13.7496154, 28.8799691 ], [ -13.7496279, 28.880003 ], [ -13.7496587, 28.8800507 ], [ -13.7496576, 28.8801432 ], [ -13.7496779, 28.8802133 ], [ -13.7496918, 28.8802315 ], [ -13.7497102, 28.880243 ], [ -13.7497327, 28.8802409 ], [ -13.7497726, 28.8802277 ], [ -13.7497983, 28.8802257 ], [ -13.7498546, 28.8802285 ], [ -13.7498801, 28.8802378 ], [ -13.7498998, 28.8802515 ], [ -13.7499162, 28.8802742 ], [ -13.7499528, 28.8803806 ], [ -13.7499641, 28.8803965 ], [ -13.7499883, 28.8804102 ], [ -13.7500085, 28.8804307 ], [ -13.7500286, 28.8804715 ], [ -13.7500462, 28.8805507 ], [ -13.750056, 28.8806455 ], [ -13.7500532, 28.8807674 ], [ -13.7500488, 28.8808733 ], [ -13.7500425, 28.8809703 ], [ -13.7500362, 28.8810695 ], [ -13.7500253, 28.8811732 ], [ -13.7500132, 28.8812679 ], [ -13.7499937, 28.8813489 ], [ -13.7499715, 28.8814367 ], [ -13.7499504, 28.881538 ], [ -13.7499267, 28.8816416 ], [ -13.7499068, 28.8817587 ], [ -13.7498868, 28.8818691 ], [ -13.7498778, 28.8819299 ], [ -13.7498587, 28.8820245 ], [ -13.7498449, 28.8821056 ], [ -13.749828, 28.8821799 ], [ -13.7497926, 28.8822969 ], [ -13.7497724, 28.8823847 ], [ -13.7497327, 28.8824859 ], [ -13.7497011, 28.8825601 ], [ -13.7496613, 28.882668 ], [ -13.7496294, 28.882767 ], [ -13.7496014, 28.8828569 ], [ -13.7495728, 28.8829469 ], [ -13.7495311, 28.8830548 ], [ -13.7495228, 28.8831021 ], [ -13.749497, 28.8831718 ], [ -13.7494523, 28.8832617 ], [ -13.7494126, 28.8833177 ], [ -13.7493506, 28.8834074 ], [ -13.7492903, 28.8834633 ], [ -13.749258, 28.8834832 ], [ -13.7491688, 28.8835501 ], [ -13.7491228, 28.883588 ], [ -13.7490696, 28.8836462 ], [ -13.7489921, 28.8837448 ], [ -13.7489699, 28.8837807 ], [ -13.7489572, 28.8838234 ], [ -13.7489499, 28.8839046 ], [ -13.7489518, 28.8839565 ], [ -13.7489626, 28.8839679 ], [ -13.7490046, 28.8839886 ], [ -13.7490147, 28.8839999 ], [ -13.7489998, 28.8840156 ], [ -13.7489323, 28.8840285 ], [ -13.7489187, 28.8840442 ], [ -13.7489338, 28.8840669 ], [ -13.7489865, 28.8841147 ], [ -13.7489894, 28.8841373 ], [ -13.7489687, 28.8841552 ], [ -13.7489396, 28.884173 ], [ -13.7489202, 28.8841886 ], [ -13.7489225, 28.8842112 ], [ -13.7489363, 28.8842361 ], [ -13.7489354, 28.8842609 ], [ -13.7489085, 28.8843035 ], [ -13.7488967, 28.8843305 ], [ -13.748876, 28.8843484 ], [ -13.7488442, 28.8843796 ], [ -13.7488063, 28.8844357 ], [ -13.7487938, 28.8844649 ], [ -13.7487591, 28.8845797 ], [ -13.7487276, 28.8846989 ], [ -13.7487129, 28.8847462 ], [ -13.7487012, 28.8847619 ], [ -13.7486437, 28.8849035 ], [ -13.7485925, 28.8850091 ], [ -13.748524, 28.8851596 ], [ -13.7484645, 28.8853102 ], [ -13.7484187, 28.8854474 ], [ -13.7483806, 28.8855779 ], [ -13.7483276, 28.8857173 ], [ -13.7482871, 28.885832 ], [ -13.7482494, 28.8859332 ], [ -13.7482112, 28.8860186 ], [ -13.7481587, 28.8861196 ], [ -13.7481155, 28.8861959 ], [ -13.7480862, 28.886234 ], [ -13.7480291, 28.8862425 ], [ -13.7479956, 28.8862535 ], [ -13.7479653, 28.8862713 ], [ -13.7479368, 28.8862935 ], [ -13.7478822, 28.886363 ], [ -13.7478481, 28.8864236 ], [ -13.7478, 28.8865292 ], [ -13.747779, 28.8865764 ], [ -13.7477567, 28.8866122 ], [ -13.7477106, 28.8867179 ], [ -13.7476507, 28.8868437 ], [ -13.7475908, 28.8869266 ], [ -13.7475245, 28.8870004 ], [ -13.747459, 28.8870697 ], [ -13.7473754, 28.8871434 ], [ -13.7472953, 28.8872013 ], [ -13.7472036, 28.8872569 ], [ -13.7471193, 28.8872855 ], [ -13.7470872, 28.8872919 ], [ -13.7470378, 28.887296 ], [ -13.7470133, 28.8873025 ], [ -13.7469959, 28.8873114 ], [ -13.7469754, 28.8873676 ], [ -13.7469576, 28.8874035 ], [ -13.7469347, 28.8874417 ], [ -13.7469068, 28.8874753 ], [ -13.7468738, 28.887502 ], [ -13.7468395, 28.8875265 ], [ -13.7467622, 28.8875619 ], [ -13.7467312, 28.8875819 ], [ -13.7467123, 28.8876021 ], [ -13.7466815, 28.8876604 ], [ -13.7466354, 28.8877141 ], [ -13.7466037, 28.8877387 ], [ -13.7465547, 28.8877563 ], [ -13.7464525, 28.8877847 ], [ -13.7463869, 28.8878021 ], [ -13.7463107, 28.8877969 ], [ -13.7462416, 28.887785 ], [ -13.746211, 28.8877756 ], [ -13.7461211, 28.8877319 ], [ -13.7460432, 28.8877109 ], [ -13.7459812, 28.8876923 ], [ -13.7459491, 28.887701 ], [ -13.7459214, 28.8877143 ], [ -13.7458942, 28.8877343 ], [ -13.7458747, 28.887759 ], [ -13.7458674, 28.8877837 ], [ -13.7458639, 28.887804 ], [ -13.7458469, 28.8878309 ], [ -13.745786, 28.887889 ], [ -13.7456963, 28.8879942 ], [ -13.7456422, 28.8880637 ], [ -13.7455934, 28.8881309 ], [ -13.7455693, 28.8881578 ], [ -13.7455497, 28.8881936 ], [ -13.7455232, 28.8882656 ], [ -13.7455062, 28.8882925 ], [ -13.7454506, 28.8883281 ], [ -13.7454069, 28.8883412 ], [ -13.7453549, 28.8883475 ], [ -13.7452767, 28.8883468 ], [ -13.7452561, 28.8883534 ], [ -13.7452367, 28.8883735 ], [ -13.7452087, 28.8884116 ], [ -13.7451918, 28.8884272 ], [ -13.7451916, 28.888443 ], [ -13.7452403, 28.8884976 ], [ -13.7452695, 28.8885204 ], [ -13.7452794, 28.8885544 ], [ -13.7452766, 28.8885702 ], [ -13.7452604, 28.8885858 ], [ -13.7452139, 28.8886125 ], [ -13.7451856, 28.8886235 ], [ -13.7451554, 28.8886254 ], [ -13.7451245, 28.8886364 ], [ -13.7451095, 28.8886588 ], [ -13.7451113, 28.8887288 ], [ -13.7451336, 28.8888418 ], [ -13.7451423, 28.8888667 ], [ -13.7451984, 28.8889395 ], [ -13.7452198, 28.8889735 ], [ -13.7452463, 28.8890076 ], [ -13.7452938, 28.8890554 ], [ -13.7453537, 28.8891395 ], [ -13.7454082, 28.8891919 ], [ -13.7454635, 28.8892352 ], [ -13.7454875, 28.889258 ], [ -13.7455143, 28.8893237 ], [ -13.7455496, 28.8894255 ], [ -13.7455652, 28.8894573 ], [ -13.7455817, 28.88948 ], [ -13.7455994, 28.8894982 ], [ -13.7456158, 28.8895209 ], [ -13.7456363, 28.8895685 ], [ -13.7456586, 28.8896883 ], [ -13.7456792, 28.8897878 ], [ -13.7457209, 28.8898897 ], [ -13.7457559, 28.8899667 ], [ -13.7457624, 28.8900141 ], [ -13.7457681, 28.8900684 ], [ -13.7457773, 28.8901046 ], [ -13.7457892, 28.8901295 ], [ -13.7457825, 28.8901497 ], [ -13.7457444, 28.8901764 ], [ -13.7457058, 28.8901851 ], [ -13.7456794, 28.8901961 ], [ -13.7456709, 28.8902141 ], [ -13.7456788, 28.8902458 ], [ -13.745716, 28.8903025 ], [ -13.7457598, 28.890339 ], [ -13.7457704, 28.8903617 ], [ -13.7457463, 28.8904472 ], [ -13.7457291, 28.8904922 ], [ -13.7457132, 28.8905349 ], [ -13.7456819, 28.8906271 ], [ -13.7456531, 28.8907374 ], [ -13.7456241, 28.8908522 ], [ -13.7456049, 28.8909039 ], [ -13.7455874, 28.8909714 ], [ -13.7455573, 28.8910772 ], [ -13.7455258, 28.8911897 ], [ -13.7454906, 28.8912999 ], [ -13.7454692, 28.8913652 ], [ -13.7454639, 28.8913832 ], [ -13.7454351, 28.8914303 ], [ -13.7453592, 28.8915063 ], [ -13.745339, 28.8915377 ], [ -13.745326, 28.8916052 ], [ -13.7453132, 28.8917112 ], [ -13.7452945, 28.8917764 ], [ -13.7452657, 28.8918281 ], [ -13.7452234, 28.8918796 ], [ -13.7451613, 28.891976 ], [ -13.74511, 28.8920319 ], [ -13.745025, 28.8920672 ], [ -13.7449819, 28.8920781 ], [ -13.7448759, 28.8920929 ], [ -13.7447751, 28.89211 ], [ -13.7447148, 28.8921207 ], [ -13.7446922, 28.8921296 ], [ -13.7446567, 28.8921518 ], [ -13.7446558, 28.8921743 ], [ -13.7446401, 28.8922013 ], [ -13.7446161, 28.8922214 ], [ -13.7445575, 28.8922456 ], [ -13.7445335, 28.8922657 ], [ -13.7445281, 28.892295 ], [ -13.7445376, 28.8923538 ], [ -13.7445507, 28.89239 ], [ -13.7445688, 28.8924217 ], [ -13.744634, 28.8924945 ], [ -13.7446498, 28.8925127 ], [ -13.744647, 28.8925308 ], [ -13.7446113, 28.8925688 ], [ -13.7445943, 28.8925957 ], [ -13.7445894, 28.8926295 ], [ -13.7445925, 28.8926431 ], [ -13.7446019, 28.8926612 ], [ -13.7446177, 28.8926749 ], [ -13.744661, 28.8926978 ], [ -13.7446653, 28.8927114 ], [ -13.7446676, 28.8927385 ], [ -13.7446888, 28.8927816 ], [ -13.7446912, 28.8927997 ], [ -13.7446776, 28.8928153 ], [ -13.7446582, 28.8928287 ], [ -13.7446085, 28.8928553 ], [ -13.7445838, 28.8928821 ], [ -13.7445353, 28.8929742 ], [ -13.7444829, 28.8930617 ], [ -13.7444651, 28.8931112 ], [ -13.7444442, 28.8931922 ], [ -13.7444485, 28.8932103 ], [ -13.7444611, 28.8932262 ], [ -13.7444808, 28.8932377 ], [ -13.7445064, 28.8932447 ], [ -13.7445166, 28.8932493 ], [ -13.7445247, 28.8932651 ], [ -13.7445197, 28.8933125 ], [ -13.7445256, 28.8933487 ], [ -13.7445178, 28.8933644 ], [ -13.7444977, 28.8933822 ], [ -13.7444706, 28.8933932 ], [ -13.7444438, 28.893384 ], [ -13.7444127, 28.8933634 ], [ -13.7443909, 28.8933609 ], [ -13.7443652, 28.8933675 ], [ -13.74434, 28.8933785 ], [ -13.7443174, 28.8933941 ], [ -13.744303, 28.8934188 ], [ -13.7442996, 28.893439 ], [ -13.7443038, 28.8934639 ], [ -13.7443125, 28.8934866 ], [ -13.7443275, 28.8935183 ], [ -13.7443241, 28.8935363 ], [ -13.7443046, 28.8935542 ], [ -13.7442789, 28.8935607 ], [ -13.7442391, 28.8935626 ], [ -13.7442243, 28.8935737 ], [ -13.7442099, 28.8935939 ], [ -13.7442088, 28.8936886 ], [ -13.7442082, 28.8937924 ], [ -13.744216, 28.8938918 ], [ -13.7442163, 28.8939188 ], [ -13.7442042, 28.8939616 ], [ -13.7441467, 28.8940558 ], [ -13.7441451, 28.8940784 ], [ -13.7441593, 28.8941214 ], [ -13.7441764, 28.8941441 ], [ -13.7442007, 28.8941962 ], [ -13.7442023, 28.8942233 ], [ -13.744195, 28.8942458 ], [ -13.7441787, 28.8942682 ], [ -13.7441497, 28.894286 ], [ -13.7440681, 28.8943552 ], [ -13.7440562, 28.8943821 ], [ -13.74405, 28.8944159 ], [ -13.7440387, 28.8944519 ], [ -13.7440164, 28.8944946 ], [ -13.743959, 28.894573 ], [ -13.7439228, 28.8946065 ], [ -13.743864, 28.8946376 ], [ -13.7438287, 28.8946485 ], [ -13.7438266, 28.894662 ], [ -13.7438315, 28.8946801 ], [ -13.7438753, 28.8947121 ], [ -13.7438956, 28.8947304 ], [ -13.7439202, 28.8947667 ], [ -13.7439343, 28.8948232 ], [ -13.7439441, 28.8949068 ], [ -13.7439391, 28.8949519 ], [ -13.7439324, 28.8949744 ], [ -13.7439213, 28.8949968 ], [ -13.7439005, 28.895017 ], [ -13.7438805, 28.895028 ], [ -13.7438323, 28.8950344 ], [ -13.7437875, 28.8950294 ], [ -13.7437461, 28.8950088 ], [ -13.7437237, 28.8950063 ], [ -13.7437126, 28.895022 ], [ -13.7437076, 28.895067 ], [ -13.7437064, 28.8951167 ], [ -13.7436938, 28.8951459 ], [ -13.7436679, 28.895175 ], [ -13.7436305, 28.8951949 ], [ -13.743566, 28.8952214 ], [ -13.7435494, 28.8952212 ], [ -13.743501, 28.8952456 ], [ -13.7434809, 28.895268 ], [ -13.7434572, 28.8953174 ], [ -13.7434254, 28.8953532 ], [ -13.7434244, 28.8953803 ], [ -13.7434279, 28.8954074 ], [ -13.7434477, 28.8954662 ], [ -13.7434487, 28.8954933 ], [ -13.7434401, 28.895509 ], [ -13.7434151, 28.895511 ], [ -13.7433306, 28.8955012 ], [ -13.7432454, 28.8955027 ], [ -13.7432145, 28.8955092 ], [ -13.7431855, 28.8955225 ], [ -13.74312, 28.8955354 ], [ -13.7430839, 28.8955553 ], [ -13.7430321, 28.8955955 ], [ -13.742994, 28.8956222 ], [ -13.7429448, 28.8956623 ], [ -13.7429252, 28.8956847 ], [ -13.7429109, 28.8957072 ], [ -13.7429016, 28.8957319 ], [ -13.7429012, 28.8958176 ], [ -13.7429023, 28.8958357 ], [ -13.7429097, 28.8958628 ], [ -13.742943, 28.8959173 ], [ -13.7429671, 28.8959378 ], [ -13.7429907, 28.8959493 ], [ -13.7430149, 28.8959563 ], [ -13.7431106, 28.8960001 ], [ -13.7431475, 28.896023 ], [ -13.74323, 28.8960892 ], [ -13.7433099, 28.8961599 ], [ -13.7433526, 28.896237 ], [ -13.7433521, 28.8962776 ], [ -13.7433414, 28.8963091 ], [ -13.7433211, 28.896345 ], [ -13.7433114, 28.8963539 ], [ -13.7432997, 28.8963696 ], [ -13.7433026, 28.8963899 ], [ -13.7433127, 28.8964058 ], [ -13.7433776, 28.896447 ], [ -13.7434324, 28.8964746 ], [ -13.7434521, 28.8964884 ], [ -13.7434525, 28.8965041 ], [ -13.7434478, 28.8965221 ], [ -13.7434237, 28.896558 ], [ -13.7433912, 28.8965915 ], [ -13.7433688, 28.8966387 ], [ -13.7433423, 28.8966633 ], [ -13.7433047, 28.8966968 ], [ -13.7432988, 28.8967058 ], [ -13.7433194, 28.8967556 ], [ -13.7433438, 28.8968032 ], [ -13.7433546, 28.8968078 ], [ -13.7433692, 28.8968238 ], [ -13.7434191, 28.8968332 ], [ -13.7434988, 28.8968655 ], [ -13.743521, 28.8968838 ], [ -13.7435343, 28.8968997 ], [ -13.743538, 28.896911 ], [ -13.7435359, 28.8969246 ], [ -13.7435255, 28.896938 ], [ -13.7434887, 28.8969602 ], [ -13.7434789, 28.8969714 ], [ -13.7434749, 28.8969849 ], [ -13.7434767, 28.8969962 ], [ -13.7435059, 28.8970213 ], [ -13.7435351, 28.8970441 ], [ -13.7435581, 28.8970511 ], [ -13.7436029, 28.8970583 ], [ -13.7436181, 28.8970698 ], [ -13.7436326, 28.8970924 ], [ -13.743649, 28.8971716 ], [ -13.7436576, 28.8971942 ], [ -13.7436722, 28.8972056 ], [ -13.7436946, 28.8972103 ], [ -13.7437394, 28.8972153 ], [ -13.7437618, 28.8972268 ], [ -13.7438292, 28.8972703 ], [ -13.7438418, 28.8972839 ], [ -13.7438394, 28.8973764 ], [ -13.7438281, 28.897462 ], [ -13.7438194, 28.8974913 ], [ -13.7437855, 28.8975993 ], [ -13.7437555, 28.897687 ], [ -13.7437146, 28.8977836 ], [ -13.7436561, 28.8979049 ], [ -13.7436023, 28.8980149 ], [ -13.7435402, 28.8981633 ], [ -13.7434797, 28.8982913 ], [ -13.7434225, 28.8984126 ], [ -13.743396, 28.8984823 ], [ -13.7433632, 28.8985452 ], [ -13.7433293, 28.8985968 ], [ -13.7432582, 28.8986909 ], [ -13.7431903, 28.8987918 ], [ -13.7431546, 28.8988343 ], [ -13.7431206, 28.8988904 ], [ -13.7430943, 28.8989443 ], [ -13.7430553, 28.8990409 ], [ -13.7430413, 28.8990882 ], [ -13.7430139, 28.8991782 ], [ -13.7429884, 28.899275 ], [ -13.7429667, 28.8993199 ], [ -13.7429317, 28.8994076 ], [ -13.7428996, 28.8995201 ], [ -13.742859, 28.8996393 ], [ -13.742818, 28.8997472 ], [ -13.7427731, 28.8998551 ], [ -13.7427354, 28.8999518 ], [ -13.7426913, 28.9000461 ], [ -13.7426337, 28.9001448 ], [ -13.7426117, 28.9001649 ], [ -13.7425333, 28.9002319 ], [ -13.7425146, 28.900243 ], [ -13.7424697, 28.9002448 ], [ -13.7424068, 28.9002487 ], [ -13.7423717, 28.9002371 ], [ -13.7423187, 28.9002231 ], [ -13.7422623, 28.9002226 ], [ -13.7421948, 28.9002423 ], [ -13.7421677, 28.9002556 ], [ -13.742061, 28.9003313 ], [ -13.742028, 28.9003603 ], [ -13.7419872, 28.9003847 ], [ -13.7419168, 28.9004359 ], [ -13.7418529, 28.9004737 ], [ -13.7418259, 28.900478 ], [ -13.7417959, 28.9004664 ], [ -13.7417583, 28.9004458 ], [ -13.7417381, 28.9004253 ], [ -13.7417106, 28.9004205 ], [ -13.7417891, 28.9004957 ], [ -13.7419072, 28.9006435 ], [ -13.7419954, 28.9007706 ], [ -13.7420884, 28.9009272 ], [ -13.742223, 28.9011382 ], [ -13.7422846, 28.9012404 ], [ -13.742343, 28.9013424 ], [ -13.7423817, 28.9014263 ], [ -13.7424079, 28.9015439 ], [ -13.7424134, 28.9016748 ], [ -13.7424101, 28.9017357 ], [ -13.7424109, 28.9018304 ], [ -13.7424173, 28.9019365 ], [ -13.7424226, 28.9019681 ], [ -13.7424359, 28.9020427 ], [ -13.7424481, 28.9020925 ], [ -13.7424905, 28.9021854 ], [ -13.7425056, 28.9022103 ], [ -13.742562, 28.902265 ], [ -13.7425957, 28.9022856 ], [ -13.742589, 28.9023081 ], [ -13.7425809, 28.9023487 ], [ -13.7425835, 28.9023916 ], [ -13.7426095, 28.902473 ], [ -13.7426363, 28.9025342 ], [ -13.7426747, 28.9025977 ], [ -13.7426904, 28.9026227 ], [ -13.7427163, 28.90265 ], [ -13.7427439, 28.9026976 ], [ -13.7427959, 28.9027997 ], [ -13.7428198, 28.9028428 ], [ -13.7428693, 28.9029357 ], [ -13.7428819, 28.9029494 ], [ -13.7429063, 28.9029992 ], [ -13.7429331, 28.9030627 ], [ -13.7429645, 28.9031216 ], [ -13.7429996, 28.9031851 ], [ -13.7430242, 28.9032215 ], [ -13.7430849, 28.903292 ], [ -13.7431134, 28.9033193 ], [ -13.7431456, 28.903358 ], [ -13.7432175, 28.9034511 ], [ -13.743261, 28.9035125 ], [ -13.7432843, 28.9035511 ], [ -13.7433414, 28.9036554 ], [ -13.7433563, 28.9036894 ], [ -13.7433813, 28.9037505 ], [ -13.7434374, 28.9038774 ], [ -13.7434587, 28.9039182 ], [ -13.7435252, 28.9040361 ], [ -13.743551, 28.904077 ], [ -13.743577, 28.9041043 ], [ -13.743627, 28.9041567 ], [ -13.7437113, 28.9042364 ], [ -13.7437391, 28.9042683 ], [ -13.7437903, 28.9043319 ], [ -13.7438085, 28.9043614 ], [ -13.7438223, 28.9043841 ], [ -13.7438315, 28.9044225 ], [ -13.7438331, 28.9044451 ], [ -13.7438374, 28.9045715 ], [ -13.7438406, 28.9046189 ], [ -13.7438468, 28.9046957 ], [ -13.743853, 28.9047138 ], [ -13.7438637, 28.9047274 ], [ -13.7438824, 28.9047705 ], [ -13.7438912, 28.9047909 ], [ -13.7438954, 28.9048089 ], [ -13.7438956, 28.9049037 ], [ -13.7438922, 28.9049669 ], [ -13.7438877, 28.9050255 ], [ -13.7438844, 28.9050841 ], [ -13.7438817, 28.9051495 ], [ -13.7438784, 28.9052104 ], [ -13.7438754, 28.905242 ], [ -13.7438699, 28.9052735 ], [ -13.7438417, 28.9053838 ], [ -13.7438368, 28.9054221 ], [ -13.7438319, 28.9054536 ], [ -13.7438333, 28.9054988 ], [ -13.7438435, 28.9055553 ], [ -13.743867, 28.9056277 ], [ -13.7438808, 28.9056526 ], [ -13.7439499, 28.9057661 ], [ -13.743982, 28.9058183 ], [ -13.7440034, 28.9058456 ], [ -13.7440975, 28.905966 ], [ -13.7441238, 28.9060137 ], [ -13.7441547, 28.9060613 ], [ -13.7441697, 28.906093 ], [ -13.7442327, 28.9062313 ], [ -13.7442533, 28.9062811 ], [ -13.7442619, 28.9063105 ], [ -13.7442683, 28.9063647 ], [ -13.7442704, 28.9064076 ], [ -13.7442758, 28.9064393 ], [ -13.7442785, 28.9064821 ], [ -13.7442913, 28.9065838 ], [ -13.7443038, 28.9066651 ], [ -13.7443191, 28.9067239 ], [ -13.7443416, 28.9067738 ], [ -13.7443659, 28.9068282 ], [ -13.744408, 28.9069075 ], [ -13.7444498, 28.9070004 ], [ -13.744485, 28.9070594 ], [ -13.7445239, 28.9071229 ], [ -13.7445585, 28.9071797 ], [ -13.7445862, 28.9072228 ], [ -13.7446138, 28.9072231 ], [ -13.7446158, 28.9072704 ], [ -13.7446146, 28.9073111 ], [ -13.7446153, 28.9073607 ], [ -13.744619, 28.9074262 ], [ -13.7446219, 28.9074533 ], [ -13.7446303, 28.9074962 ], [ -13.744635, 28.9075369 ], [ -13.7446357, 28.907582 ], [ -13.7446364, 28.9076294 ], [ -13.7446371, 28.9076813 ], [ -13.7446379, 28.9077219 ], [ -13.7446399, 28.9077693 ], [ -13.74464, 28.9078167 ], [ -13.7446383, 28.9078437 ], [ -13.7446154, 28.9078841 ], [ -13.7445957, 28.9079246 ], [ -13.7445754, 28.9079582 ], [ -13.7445512, 28.9080009 ], [ -13.7445393, 28.9080323 ], [ -13.7445216, 28.908066 ], [ -13.7444809, 28.9081469 ], [ -13.7444579, 28.9081918 ], [ -13.7444311, 28.9082276 ], [ -13.7444161, 28.9082523 ], [ -13.744405, 28.9082703 ], [ -13.7443808, 28.9083084 ], [ -13.7443561, 28.9083397 ], [ -13.7443307, 28.9083666 ], [ -13.7443191, 28.9083755 ], [ -13.7442997, 28.9083911 ], [ -13.7442842, 28.9084022 ], [ -13.7442234, 28.90844 ], [ -13.7442072, 28.9084579 ], [ -13.7441928, 28.9084849 ], [ -13.7441831, 28.9085502 ], [ -13.7441782, 28.9085795 ], [ -13.7441848, 28.9086202 ], [ -13.7441872, 28.9086337 ], [ -13.7442096, 28.9086904 ], [ -13.7442423, 28.9087899 ], [ -13.7442615, 28.9088533 ], [ -13.7442736, 28.9089053 ], [ -13.7442799, 28.9089685 ], [ -13.7442837, 28.9090272 ], [ -13.7442831, 28.9090791 ], [ -13.7442782, 28.9091152 ], [ -13.7442691, 28.909176 ], [ -13.7442602, 28.9092188 ], [ -13.7442499, 28.9092751 ], [ -13.7442237, 28.9093764 ], [ -13.7441955, 28.9094348 ], [ -13.7441653, 28.9094931 ], [ -13.7441415, 28.9095516 ], [ -13.7441027, 28.909637 ], [ -13.7440684, 28.9097134 ], [ -13.7440466, 28.909765 ], [ -13.744038, 28.9097898 ], [ -13.7440181, 28.909846 ], [ -13.7439922, 28.9099202 ], [ -13.7439869, 28.9099292 ], [ -13.7439367, 28.9100009 ], [ -13.7439256, 28.9100189 ], [ -13.7438771, 28.9101109 ], [ -13.74383, 28.9101849 ], [ -13.7437929, 28.9102342 ], [ -13.7437427, 28.9102992 ], [ -13.7437121, 28.9103395 ], [ -13.7436594, 28.9104067 ], [ -13.7436425, 28.9104291 ], [ -13.7436052, 28.9104852 ], [ -13.7435406, 28.9105793 ], [ -13.7434956, 28.9106443 ], [ -13.7434199, 28.9107542 ], [ -13.7433586, 28.9108416 ], [ -13.7433292, 28.9108887 ], [ -13.743292, 28.910947 ], [ -13.7432383, 28.9110323 ], [ -13.7432147, 28.9110817 ], [ -13.7431988, 28.9111199 ], [ -13.7431678, 28.9111963 ], [ -13.7431355, 28.911266 ], [ -13.7431296, 28.911284 ], [ -13.7431071, 28.9113424 ], [ -13.7430819, 28.9114054 ], [ -13.7430575, 28.9114638 ], [ -13.7430213, 28.9115379 ], [ -13.743014, 28.9115604 ], [ -13.7429949, 28.9116098 ], [ -13.7429745, 28.9116525 ], [ -13.7429547, 28.9116975 ], [ -13.7429245, 28.9117514 ], [ -13.7428859, 28.9118232 ], [ -13.7428545, 28.911877 ], [ -13.7428106, 28.9119488 ], [ -13.7427903, 28.9119847 ], [ -13.7427602, 28.9120341 ], [ -13.7427243, 28.9120879 ], [ -13.7427067, 28.9121148 ], [ -13.7426775, 28.9121461 ], [ -13.7427284, 28.9121714 ], [ -13.7427718, 28.9121966 ], [ -13.7428378, 28.9122514 ], [ -13.7428771, 28.9122856 ], [ -13.7429069, 28.9123152 ], [ -13.7429475, 28.912345 ], [ -13.7430129, 28.9123997 ], [ -13.7430656, 28.9124453 ], [ -13.7431017, 28.9124795 ], [ -13.743153, 28.9125251 ], [ -13.7431696, 28.9125388 ], [ -13.7432317, 28.9125913 ], [ -13.7432795, 28.9126233 ], [ -13.7433367, 28.9126622 ], [ -13.743406, 28.912708 ], [ -13.7434671, 28.9127424 ], [ -13.7435352, 28.9127836 ], [ -13.7435893, 28.9128157 ], [ -13.7436161, 28.9128318 ], [ -13.7436848, 28.9128775 ], [ -13.7437159, 28.9128981 ], [ -13.7437795, 28.9129371 ], [ -13.7438011, 28.9129531 ], [ -13.7438749, 28.9130034 ], [ -13.7439225, 28.9130377 ], [ -13.743967, 28.9130697 ], [ -13.7440255, 28.9131109 ], [ -13.744126, 28.9131772 ], [ -13.7442499, 28.9132754 ], [ -13.744321, 28.9133302 ], [ -13.7443828, 28.9134142 ], [ -13.7444294, 28.9134869 ], [ -13.7444793, 28.9135483 ], [ -13.7445386, 28.9136233 ], [ -13.7446158, 28.9137075 ], [ -13.7446901, 28.9137714 ], [ -13.7447409, 28.9138034 ], [ -13.744844, 28.913872 ], [ -13.7449242, 28.9139202 ], [ -13.7450095, 28.9139706 ], [ -13.7451654, 28.9141142 ], [ -13.7454483, 28.9143695 ], [ -13.7458249, 28.914716 ], [ -13.7461823, 28.9151232 ], [ -13.7464913, 28.9155457 ], [ -13.7468456, 28.9159867 ], [ -13.7473259, 28.9164605 ], [ -13.7475605, 28.9167831 ], [ -13.7475864, 28.9169751 ], [ -13.7474764, 28.9174276 ], [ -13.747346, 28.9179882 ], [ -13.7472761, 28.918256 ], [ -13.74711, 28.9185816 ], [ -13.746876, 28.9190081 ], [ -13.7467109, 28.9192999 ], [ -13.7466792, 28.9195365 ], [ -13.7465949, 28.9202081 ], [ -13.7466542, 28.92082 ], [ -13.7466792, 28.9219394 ], [ -13.7466451, 28.9223745 ], [ -13.7466503, 28.9227446 ], [ -13.7466557, 28.9230876 ], [ -13.7466136, 28.9234482 ], [ -13.7465139, 28.9237925 ], [ -13.7463296, 28.924084 ], [ -13.746088, 28.9243413 ], [ -13.7457618, 28.9245481 ], [ -13.7455032, 28.9246134 ], [ -13.7452871, 28.9246181 ], [ -13.7450202, 28.9245818 ], [ -13.7447256, 28.9245542 ], [ -13.744421, 28.9245085 ], [ -13.7441385, 28.9244359 ], [ -13.7440679, 28.9245481 ], [ -13.7438744, 28.9247967 ], [ -13.7436707, 28.9251062 ], [ -13.7433336, 28.9255768 ], [ -13.7431782, 28.925801 ], [ -13.742908, 28.9260918 ], [ -13.7427529, 28.9263002 ], [ -13.7424827, 28.9265932 ], [ -13.7421922, 28.9269673 ], [ -13.7420757, 28.927167 ], [ -13.7418914, 28.9273999 ], [ -13.741681, 28.9275627 ], [ -13.7414405, 28.9277319 ], [ -13.7412093, 28.9279802 ], [ -13.7409967, 28.9282151 ], [ -13.7408509, 28.9284551 ], [ -13.740805, 28.9286984 ], [ -13.7408391, 28.9290552 ], [ -13.7408696, 28.9292901 ], [ -13.7409366, 28.9296382 ], [ -13.741035, 28.93014 ], [ -13.7411032, 28.9303888 ], [ -13.7412133, 28.9307238 ], [ -13.741291, 28.9309794 ], [ -13.7414019, 28.9312963 ], [ -13.7415158, 28.9316877 ], [ -13.7415744, 28.9319365 ], [ -13.7416152, 28.9321106 ], [ -13.7417027, 28.9323551 ], [ -13.7418149, 28.9325682 ], [ -13.7419268, 28.9327543 ], [ -13.7421145, 28.9329794 ], [ -13.7423071, 28.9331684 ], [ -13.7426139, 28.9334105 ], [ -13.7428501, 28.9336 ], [ -13.7430717, 28.9337825 ], [ -13.7432603, 28.9339354 ], [ -13.7434284, 28.934034 ], [ -13.743718, 28.9341586 ], [ -13.7439452, 28.9342419 ], [ -13.7442441, 28.9343395 ], [ -13.7445105, 28.9344232 ], [ -13.744771, 28.9345136 ], [ -13.7450234, 28.9345904 ], [ -13.7452654, 28.9346739 ], [ -13.7454683, 28.9347525 ], [ -13.7456013, 28.9347898 ], [ -13.7456969, 28.9348336 ], [ -13.7457913, 28.9348728 ], [ -13.7459361, 28.9348877 ], [ -13.7461412, 28.9348896 ], [ -13.7463438, 28.9348938 ], [ -13.746579, 28.9349005 ], [ -13.7468817, 28.9348965 ], [ -13.7471818, 28.9348993 ], [ -13.7474683, 28.9349088 ], [ -13.7477115, 28.9348929 ], [ -13.7479925, 28.9348798 ], [ -13.7481738, 28.9348341 ], [ -13.7482706, 28.9347876 ], [ -13.7483056, 28.9347586 ], [ -13.7485344, 28.9346096 ], [ -13.7487241, 28.9345098 ], [ -13.748942, 28.9344058 ], [ -13.749049, 28.9343571 ], [ -13.7490864, 28.934344 ], [ -13.7491114, 28.9343442 ], [ -13.749201, 28.9343608 ], [ -13.7492726, 28.9343728 ], [ -13.7493238, 28.9343822 ], [ -13.7493744, 28.9343872 ], [ -13.7494161, 28.9343854 ], [ -13.7495158, 28.934366 ], [ -13.7495756, 28.9343508 ], [ -13.7496573, 28.9343267 ], [ -13.7497081, 28.9343114 ], [ -13.7497885, 28.9342873 ], [ -13.749898, 28.9342522 ], [ -13.7499958, 28.9342215 ], [ -13.7500531, 28.9342017 ], [ -13.7500975, 28.9341864 ], [ -13.7501484, 28.9341733 ], [ -13.750212, 28.9341581 ], [ -13.7502648, 28.9341405 ], [ -13.7503124, 28.9341252 ], [ -13.7503652, 28.9341054 ], [ -13.7504257, 28.9340856 ], [ -13.750523, 28.9340504 ], [ -13.7505841, 28.9340307 ], [ -13.7506537, 28.9340043 ], [ -13.750758, 28.9339692 ], [ -13.7508205, 28.9339472 ], [ -13.7508796, 28.9339319 ], [ -13.7509793, 28.9339058 ], [ -13.7510257, 28.9338904 ], [ -13.7510759, 28.9338773 ], [ -13.751153, 28.9338623 ], [ -13.7512211, 28.9338449 ], [ -13.7512681, 28.9338295 ], [ -13.7513119, 28.9338163 ], [ -13.7513763, 28.9337989 ], [ -13.7514387, 28.9337814 ], [ -13.7515211, 28.9337506 ], [ -13.7516215, 28.9337132 ], [ -13.7516873, 28.933689 ], [ -13.7517529, 28.9336693 ], [ -13.7518069, 28.9336563 ], [ -13.7518352, 28.933652 ], [ -13.7518667, 28.9336432 ], [ -13.751929, 28.9336303 ], [ -13.7519663, 28.9336216 ], [ -13.7520203, 28.9336108 ], [ -13.7520795, 28.9335956 ], [ -13.7521451, 28.9335781 ], [ -13.7521875, 28.9335695 ], [ -13.7522613, 28.9335657 ], [ -13.7522908, 28.933566 ], [ -13.7523682, 28.9335779 ], [ -13.7524803, 28.9335925 ], [ -13.7525264, 28.9335997 ], [ -13.7525591, 28.9335978 ], [ -13.7526187, 28.9335983 ], [ -13.7527476, 28.933595 ], [ -13.7529657, 28.9335903 ], [ -13.7531964, 28.9336014 ], [ -13.7533526, 28.9336232 ], [ -13.7535272, 28.9336564 ], [ -13.753742, 28.9337622 ], [ -13.7538801, 28.9339101 ], [ -13.7540104, 28.9341076 ], [ -13.7542252, 28.9344345 ], [ -13.7544668, 28.9346578 ], [ -13.7549251, 28.9348832 ], [ -13.7552378, 28.9350079 ], [ -13.7556213, 28.9350611 ], [ -13.7560326, 28.9350829 ], [ -13.7565773, 28.9350632 ], [ -13.7568929, 28.9349442 ], [ -13.7572942, 28.93479 ], [ -13.7573168, 28.9347744 ], [ -13.7573375, 28.9347566 ], [ -13.7573811, 28.9347073 ], [ -13.7574215, 28.9346558 ], [ -13.7574671, 28.9345953 ], [ -13.75751, 28.9345438 ], [ -13.7575507, 28.9345216 ], [ -13.7576132, 28.9344929 ], [ -13.7576538, 28.9344775 ], [ -13.7577246, 28.934451 ], [ -13.7578258, 28.9344091 ], [ -13.7578528, 28.9344026 ], [ -13.7578895, 28.9343894 ], [ -13.757932, 28.9343717 ], [ -13.7579869, 28.9343406 ], [ -13.7580417, 28.9343141 ], [ -13.7581235, 28.9342855 ], [ -13.7582079, 28.9342524 ], [ -13.7582968, 28.9342216 ], [ -13.7583831, 28.9341909 ], [ -13.7584397, 28.9341733 ], [ -13.7585298, 28.9341448 ], [ -13.758596, 28.9341274 ], [ -13.75867, 28.93411 ], [ -13.758749, 28.934095 ], [ -13.7588319, 28.9340822 ], [ -13.7589032, 28.9340716 ], [ -13.7589366, 28.9340651 ], [ -13.758968, 28.9340654 ], [ -13.7590245, 28.9340614 ], [ -13.7590515, 28.9340594 ], [ -13.7591054, 28.9340509 ], [ -13.7591535, 28.9340491 ], [ -13.7592209, 28.9340474 ], [ -13.7592881, 28.9340571 ], [ -13.7593969, 28.9340716 ], [ -13.7594263, 28.9340786 ], [ -13.7594653, 28.934088 ], [ -13.759519, 28.9341043 ], [ -13.7595643, 28.9341205 ], [ -13.7596268, 28.9341482 ], [ -13.7597397, 28.9341966 ], [ -13.7598125, 28.9342288 ], [ -13.759954, 28.9342933 ], [ -13.7600446, 28.9343348 ], [ -13.7600733, 28.9343463 ], [ -13.7601525, 28.9343742 ], [ -13.7602272, 28.9343996 ], [ -13.7602687, 28.9344136 ], [ -13.7603212, 28.9344231 ], [ -13.7603897, 28.9344305 ], [ -13.7604435, 28.9344332 ], [ -13.7605141, 28.9344339 ], [ -13.7605718, 28.9344321 ], [ -13.7606353, 28.9344327 ], [ -13.7606987, 28.934431 ], [ -13.7607437, 28.934427 ], [ -13.7607982, 28.9344252 ], [ -13.7608561, 28.9344145 ], [ -13.7609306, 28.9344039 ], [ -13.7609877, 28.9343931 ], [ -13.761136, 28.9343855 ], [ -13.7611771, 28.934379 ], [ -13.7612664, 28.9343596 ], [ -13.7613488, 28.9343288 ], [ -13.7615222, 28.9342559 ], [ -13.7617052, 28.9341289 ], [ -13.7618342, 28.9340128 ], [ -13.7618607, 28.9339882 ], [ -13.7619052, 28.9339684 ], [ -13.762043, 28.9339177 ], [ -13.762074, 28.9339045 ], [ -13.7622003, 28.933847 ], [ -13.7622603, 28.9338227 ], [ -13.7623339, 28.933776 ], [ -13.7624334, 28.933716 ], [ -13.7624623, 28.9337072 ], [ -13.7625273, 28.9336853 ], [ -13.7626129, 28.933659 ], [ -13.7626599, 28.9336436 ], [ -13.7626954, 28.9336236 ], [ -13.7627373, 28.9336037 ], [ -13.7628109, 28.9335683 ], [ -13.7628276, 28.933564 ], [ -13.7629042, 28.9335376 ], [ -13.7630162, 28.9335003 ], [ -13.7631533, 28.9334564 ], [ -13.7632505, 28.9334234 ], [ -13.7633065, 28.9334059 ], [ -13.7633695, 28.9333884 ], [ -13.7634969, 28.933358 ], [ -13.7635798, 28.9333385 ], [ -13.7636229, 28.9333231 ], [ -13.7636488, 28.9333075 ], [ -13.7636824, 28.9332807 ], [ -13.76372, 28.933245 ], [ -13.7637383, 28.9332226 ], [ -13.7637787, 28.9331666 ], [ -13.7638216, 28.9331173 ], [ -13.7638782, 28.9330479 ], [ -13.7639211, 28.9329987 ], [ -13.7639582, 28.9329539 ], [ -13.7639985, 28.9329069 ], [ -13.7640369, 28.9328576 ], [ -13.7640682, 28.9328127 ], [ -13.7640924, 28.9327701 ], [ -13.7641116, 28.9327251 ], [ -13.7641314, 28.932678 ], [ -13.7641548, 28.9326466 ], [ -13.7641939, 28.9325973 ], [ -13.764229, 28.9325593 ], [ -13.7643244, 28.9324609 ], [ -13.7644511, 28.9323221 ], [ -13.7645719, 28.9321901 ], [ -13.7646544, 28.9320984 ], [ -13.7647603, 28.9319798 ], [ -13.7648148, 28.9319329 ], [ -13.7648659, 28.9318905 ], [ -13.7649326, 28.9318392 ], [ -13.7649952, 28.9317992 ], [ -13.7650802, 28.9317684 ], [ -13.7651498, 28.9317442 ], [ -13.7652321, 28.9317224 ], [ -13.7652829, 28.931707 ], [ -13.7653634, 28.9316762 ], [ -13.7654356, 28.9316475 ], [ -13.7654904, 28.931621 ], [ -13.7655387, 28.9316011 ], [ -13.7655801, 28.9315766 ], [ -13.7656136, 28.9315567 ], [ -13.7656511, 28.9315344 ], [ -13.7656938, 28.9314965 ], [ -13.7657722, 28.9314295 ], [ -13.765866, 28.9313604 ], [ -13.7659558, 28.9313071 ], [ -13.7660177, 28.9312738 ], [ -13.7661351, 28.9312162 ], [ -13.7662272, 28.931181 ], [ -13.7663367, 28.9311414 ], [ -13.7664023, 28.9311194 ], [ -13.7664828, 28.9310931 ], [ -13.7665188, 28.9310821 ], [ -13.7665663, 28.9310735 ], [ -13.7666087, 28.9310739 ], [ -13.7666554, 28.9310766 ], [ -13.7666844, 28.9310723 ], [ -13.7667088, 28.9310658 ], [ -13.766761, 28.9310482 ], [ -13.7667848, 28.9310349 ], [ -13.7668456, 28.9309949 ], [ -13.7668895, 28.9309637 ], [ -13.7669798, 28.9309216 ], [ -13.7670759, 28.9308729 ], [ -13.7671481, 28.9308374 ], [ -13.7672287, 28.9308021 ], [ -13.7673228, 28.9307578 ], [ -13.7674227, 28.9307181 ], [ -13.7674735, 28.9307028 ], [ -13.7675301, 28.9306898 ], [ -13.7676317, 28.9306704 ], [ -13.7677551, 28.9305903 ], [ -13.7678914, 28.9305035 ], [ -13.7679799, 28.9304479 ], [ -13.768122, 28.9303568 ], [ -13.7682002, 28.9303056 ], [ -13.7682745, 28.9302566 ], [ -13.7683049, 28.9302366 ], [ -13.7683327, 28.930212 ], [ -13.7683614, 28.9301762 ], [ -13.768394, 28.9301314 ], [ -13.7684175, 28.9300955 ], [ -13.768502, 28.9300511 ], [ -13.7685555, 28.9300246 ], [ -13.7685921, 28.9300181 ], [ -13.7686275, 28.9300139 ], [ -13.7686647, 28.930012 ], [ -13.7686999, 28.9300146 ], [ -13.7687761, 28.930022 ], [ -13.7688888, 28.9300366 ], [ -13.7689643, 28.9300463 ], [ -13.769015, 28.9300468 ], [ -13.7690626, 28.9300337 ], [ -13.7691636, 28.930003 ], [ -13.7692646, 28.9299746 ], [ -13.7693605, 28.9299416 ], [ -13.7693948, 28.9299194 ], [ -13.7694523, 28.9298838 ], [ -13.76963, 28.9297613 ], [ -13.7697108, 28.9297079 ], [ -13.7697664, 28.9296679 ], [ -13.7697994, 28.9296433 ], [ -13.769844, 28.9296167 ], [ -13.7698911, 28.9295923 ], [ -13.7699369, 28.9295656 ], [ -13.7699769, 28.9295457 ], [ -13.7700169, 28.9295258 ], [ -13.7700478, 28.9295147 ], [ -13.7700916, 28.9294993 ], [ -13.7701283, 28.9294861 ], [ -13.7701934, 28.9294597 ], [ -13.7702217, 28.9294441 ], [ -13.7702501, 28.9294286 ], [ -13.7702888, 28.9294154 ], [ -13.7703293, 28.9293977 ], [ -13.7703725, 28.9293846 ], [ -13.7704233, 28.929367 ], [ -13.770451, 28.9293582 ], [ -13.7705108, 28.9293475 ], [ -13.7705718, 28.9293368 ], [ -13.7705956, 28.9293279 ], [ -13.7706838, 28.9292972 ], [ -13.7707579, 28.9292663 ], [ -13.7707882, 28.929253 ], [ -13.7708282, 28.9292308 ], [ -13.7708566, 28.929213 ], [ -13.7708825, 28.9291974 ], [ -13.7709342, 28.9291618 ], [ -13.770982, 28.9291307 ], [ -13.7710169, 28.9291062 ], [ -13.7710557, 28.9290794 ], [ -13.771099, 28.9290528 ], [ -13.7711435, 28.9290261 ], [ -13.7711906, 28.9290017 ], [ -13.7712074, 28.9289906 ], [ -13.7712391, 28.9289661 ], [ -13.7712651, 28.9289437 ], [ -13.7712825, 28.9289326 ], [ -13.7712948, 28.928926 ], [ -13.7713347, 28.9289105 ], [ -13.7713843, 28.9288907 ], [ -13.7714667, 28.9288666 ], [ -13.771567, 28.928836 ], [ -13.7716693, 28.9288098 ], [ -13.771704, 28.9287988 ], [ -13.7717279, 28.9287878 ], [ -13.7717691, 28.9287679 ], [ -13.7718066, 28.9287479 ], [ -13.7718633, 28.9287236 ], [ -13.7718897, 28.9287126 ], [ -13.7719199, 28.9287038 ], [ -13.7719438, 28.9286972 ], [ -13.7719772, 28.9286908 ], [ -13.7720112, 28.9286866 ], [ -13.7720382, 28.9286823 ], [ -13.7720877, 28.928667 ], [ -13.7721084, 28.9286581 ], [ -13.7721418, 28.9286449 ], [ -13.7721818, 28.9286272 ], [ -13.7722017, 28.9286206 ], [ -13.7722442, 28.9286075 ], [ -13.7723002, 28.9285922 ], [ -13.7723665, 28.9285747 ], [ -13.7724044, 28.9285661 ], [ -13.7724539, 28.9285507 ], [ -13.7725125, 28.9285332 ], [ -13.7725826, 28.9285135 ], [ -13.7726135, 28.9285003 ], [ -13.7726561, 28.9284781 ], [ -13.7726904, 28.9284536 ], [ -13.7727427, 28.928418 ], [ -13.7727931, 28.9283868 ], [ -13.7728293, 28.9283624 ], [ -13.7728777, 28.9283357 ], [ -13.7729333, 28.9283001 ], [ -13.7729752, 28.9282757 ], [ -13.7730075, 28.9282579 ], [ -13.7730501, 28.9282358 ], [ -13.7730991, 28.9282092 ], [ -13.7731378, 28.9281914 ], [ -13.7731629, 28.9281804 ], [ -13.7732068, 28.928156 ], [ -13.7732765, 28.9281228 ], [ -13.7733209, 28.9281029 ], [ -13.7733615, 28.9280852 ], [ -13.7734015, 28.9280697 ], [ -13.7734742, 28.9280479 ], [ -13.7735276, 28.9280303 ], [ -13.7735682, 28.9280149 ], [ -13.7735926, 28.9280083 ], [ -13.7736324, 28.9280019 ], [ -13.7736703, 28.9279955 ], [ -13.7737224, 28.9279869 ], [ -13.7737661, 28.9279806 ], [ -13.7738245, 28.9279698 ], [ -13.7738733, 28.9279635 ], [ -13.7739131, 28.9279571 ], [ -13.7739453, 28.9279529 ], [ -13.7739715, 28.9279508 ], [ -13.7740139, 28.9279512 ], [ -13.7740401, 28.9279515 ], [ -13.7740779, 28.9279541 ], [ -13.7741081, 28.9279566 ], [ -13.7741311, 28.9279568 ], [ -13.7741651, 28.9279571 ], [ -13.7741876, 28.9279574 ], [ -13.7742274, 28.9279509 ], [ -13.7742556, 28.9279467 ], [ -13.7743066, 28.9279246 ], [ -13.774427, 28.9278805 ], [ -13.774463, 28.9278673 ], [ -13.7744914, 28.9278563 ], [ -13.7745081, 28.927852 ], [ -13.7745287, 28.9278454 ], [ -13.7745724, 28.9278368 ], [ -13.774618, 28.9278281 ], [ -13.7746585, 28.9278217 ], [ -13.7747002, 28.9278176 ], [ -13.7747931, 28.9278184 ], [ -13.7748316, 28.927821 ], [ -13.7748841, 28.927826 ], [ -13.7749206, 28.9278309 ], [ -13.7749597, 28.9278335 ], [ -13.7749898, 28.9278315 ], [ -13.7750457, 28.9278252 ], [ -13.7751202, 28.9278146 ], [ -13.7751877, 28.927804 ], [ -13.775257, 28.9277933 ], [ -13.7753013, 28.927787 ], [ -13.775558, 28.9277667 ], [ -13.7758, 28.9277441 ], [ -13.7760849, 28.9276204 ], [ -13.7763774, 28.9273906 ], [ -13.7766237, 28.9271605 ], [ -13.7770023, 28.9269157 ], [ -13.7776142, 28.9264046 ], [ -13.7779167, 28.9262539 ], [ -13.7782813, 28.9260474 ], [ -13.7785272, 28.9258579 ], [ -13.778741, 28.9256116 ], [ -13.7789148, 28.9253876 ], [ -13.7792023, 28.9249863 ], [ -13.7794904, 28.9245828 ], [ -13.7798046, 28.9241908 ], [ -13.7799723, 28.9239441 ], [ -13.780133, 28.9236906 ], [ -13.7803743, 28.9233386 ], [ -13.7805626, 28.9230334 ], [ -13.7807699, 28.922733 ], [ -13.7809108, 28.9224229 ], [ -13.7810136, 28.9220764 ], [ -13.7810991, 28.9218335 ], [ -13.7812663, 28.9216274 ], [ -13.7814924, 28.9214851 ], [ -13.7817233, 28.9214172 ], [ -13.7820792, 28.9214091 ], [ -13.7824935, 28.921458 ], [ -13.7829279, 28.92148 ], [ -13.7832114, 28.9214645 ], [ -13.7833903, 28.9214075 ], [ -13.7835126, 28.9213657 ], [ -13.7836474, 28.9213534 ], [ -13.7837859, 28.9213501 ], [ -13.7839245, 28.9213401 ], [ -13.7840501, 28.9212961 ], [ -13.784173, 28.9211957 ], [ -13.7842399, 28.9211263 ], [ -13.7844245, 28.9208009 ], [ -13.7847966, 28.9200077 ], [ -13.7851312, 28.9195189 ], [ -13.7852268, 28.9193979 ], [ -13.7853533, 28.9192772 ], [ -13.7854757, 28.9192242 ], [ -13.7859102, 28.9192394 ], [ -13.7865529, 28.9191595 ], [ -13.7878102, 28.9190399 ], [ -13.7893491, 28.9188552 ], [ -13.7907922, 28.9188028 ], [ -13.7926667, 28.9187519 ], [ -13.794111, 28.9186498 ], [ -13.7947208, 28.9186175 ], [ -13.8021931, 28.9588912 ], [ -13.7524696, 28.9756414 ], [ -13.7507798, 28.9775951 ], [ -13.7494766, 28.9783062 ], [ -13.7482383, 28.9812833 ], [ -13.7421104, 28.9852615 ], [ -13.741388, 28.9915282 ], [ -13.7417786, 28.9936165 ], [ -13.7412526, 28.9951732 ], [ -13.7396232, 28.9960621 ], [ -13.7393851, 28.9969557 ], [ -13.7449319, 28.9980478 ], [ -13.7474885, 28.9997616 ], [ -13.7528738, 29.0033697 ], [ -13.7666171, 29.0125778 ], [ -13.7725993, 29.0166147 ], [ -13.7774904, 29.0194413 ], [ -13.783984, 29.0236674 ], [ -13.7882086, 29.0262551 ], [ -13.7899762, 29.0273382 ], [ -13.7962218, 29.0312322 ], [ -13.7984367, 29.0326057 ], [ -13.8015949, 29.0345653 ], [ -13.806683, 29.0373248 ] ] ] } },
{ "type": "Feature", "properties": { "CCAA": "05 - Canarias", "PROVINCIA": "35 - Palmas, Las", "MUNICIPIO": "35034 - Yaiza", "COD_MUNICIPIO": "35034", "DISTRITO": "01", "SECCION": "3503401005", "V1_H": 80.06, "V1_M": 86.12, "V2_H": 80.10460866, "V2_M": 86.20761786, "V3_H": 80.17898723, "V3_M": 86.18020212 }, "geometry": { "type": "Polygon", "coordinates": [ [ [ -13.8312647, 28.8686824 ], [ -13.8323757, 28.868269 ], [ -13.8345636, 28.8675005 ], [ -13.8358438, 28.8670592 ], [ -13.8362164, 28.8669283 ], [ -13.8364362, 28.8668465 ], [ -13.8370945, 28.866693 ], [ -13.8390691, 28.8662744 ], [ -13.8420548, 28.8656383 ], [ -13.8432185, 28.8653969 ], [ -13.8440199, 28.8652195 ], [ -13.8451455, 28.8649778 ], [ -13.8454125, 28.8649299 ], [ -13.8456506, 28.8649152 ], [ -13.8459549, 28.8649345 ], [ -13.8464866, 28.8650396 ], [ -13.8473981, 28.8652317 ], [ -13.8480437, 28.8653712 ], [ -13.848471, 28.8654587 ], [ -13.8486991, 28.8654857 ], [ -13.8490322, 28.8654802 ], [ -13.8493658, 28.8654328 ], [ -13.8497573, 28.8653105 ], [ -13.8502063, 28.8651551 ], [ -13.8523936, 28.8644282 ], [ -13.853492, 28.8640606 ], [ -13.8543038, 28.863791 ], [ -13.8548865, 28.8635949 ], [ -13.8553449, 28.863448 ], [ -13.8556217, 28.8633666 ], [ -13.8557268, 28.863334 ], [ -13.855889, 28.8632935 ], [ -13.8565746, 28.8632574 ], [ -13.8571648, 28.8632373 ], [ -13.8590023, 28.8631607 ], [ -13.8600115, 28.863119 ], [ -13.8609255, 28.8630764 ], [ -13.8611063, 28.863078 ], [ -13.8614107, 28.8630889 ], [ -13.8616577, 28.8631245 ], [ -13.8621319, 28.8632793 ], [ -13.8628335, 28.8635198 ], [ -13.8637531, 28.8638375 ], [ -13.8641229, 28.8639579 ], [ -13.8661425, 28.8646451 ], [ -13.8677258, 28.8651861 ], [ -13.8687403, 28.8655381 ], [ -13.868996, 28.8656576 ], [ -13.8692228, 28.8658019 ], [ -13.8694676, 28.8660469 ], [ -13.8697308, 28.8663423 ], [ -13.8699925, 28.8667885 ], [ -13.8701033, 28.8670993 ], [ -13.870138, 28.8674096 ], [ -13.8701187, 28.8683142 ], [ -13.8700435, 28.869989 ], [ -13.870069, 28.870274 ], [ -13.8701904, 28.8713641 ], [ -13.8704776, 28.8740694 ], [ -13.8726933, 28.8739614 ], [ -13.8733748, 28.874924 ], [ -13.8752366, 28.8749477 ], [ -13.8752374, 28.8749458 ], [ -13.8752309, 28.8748938 ], [ -13.875196, 28.8748642 ], [ -13.8751495, 28.8748367 ], [ -13.8751179, 28.8747913 ], [ -13.8750753, 28.8746985 ], [ -13.8750418, 28.8746576 ], [ -13.8749999, 28.8746189 ], [ -13.874966, 28.8745599 ], [ -13.8749011, 28.8744533 ], [ -13.8748555, 28.8744055 ], [ -13.8748239, 28.8743624 ], [ -13.8748154, 28.8743195 ], [ -13.8748229, 28.8742767 ], [ -13.8748342, 28.874182 ], [ -13.8748984, 28.8741058 ], [ -13.8749238, 28.8740654 ], [ -13.8749449, 28.874016 ], [ -13.8749884, 28.873908 ], [ -13.8749985, 28.873863 ], [ -13.8749848, 28.8738177 ], [ -13.874921, 28.873736 ], [ -13.874906, 28.8736997 ], [ -13.8749031, 28.8736704 ], [ -13.8749251, 28.8736525 ], [ -13.8749867, 28.8736418 ], [ -13.8750196, 28.8736262 ], [ -13.8750693, 28.8735906 ], [ -13.8751587, 28.873501 ], [ -13.8751821, 28.8734697 ], [ -13.8751959, 28.8734382 ], [ -13.8752028, 28.8733976 ], [ -13.875202, 28.8733548 ], [ -13.875182, 28.8733004 ], [ -13.8751497, 28.8732663 ], [ -13.8750682, 28.8732138 ], [ -13.8750216, 28.8732043 ], [ -13.8749658, 28.8732039 ], [ -13.8749185, 28.8731945 ], [ -13.8748958, 28.8731627 ], [ -13.874907, 28.8731334 ], [ -13.8749589, 28.8730685 ], [ -13.8750332, 28.8730127 ], [ -13.8750394, 28.8729721 ], [ -13.8750233, 28.8729291 ], [ -13.8750485, 28.8729045 ], [ -13.8750975, 28.8728801 ], [ -13.8751432, 28.8728646 ], [ -13.8751933, 28.8728493 ], [ -13.8752378, 28.8728271 ], [ -13.875281, 28.8727958 ], [ -13.8753218, 28.8727556 ], [ -13.8753556, 28.872713 ], [ -13.8754111, 28.8726164 ], [ -13.8754391, 28.8725806 ], [ -13.8754766, 28.8725425 ], [ -13.8755086, 28.8724954 ], [ -13.8755188, 28.8724414 ], [ -13.8754923, 28.8724005 ], [ -13.8754273, 28.8723616 ], [ -13.8754192, 28.8723412 ], [ -13.8754177, 28.8723029 ], [ -13.8754296, 28.8722669 ], [ -13.8754614, 28.872231 ], [ -13.8754798, 28.8721883 ], [ -13.8754852, 28.8721049 ], [ -13.8754945, 28.8720689 ], [ -13.8755168, 28.8720307 ], [ -13.8755499, 28.8719836 ], [ -13.8755843, 28.87195 ], [ -13.8755988, 28.8719141 ], [ -13.8755953, 28.8718757 ], [ -13.8755702, 28.8718326 ], [ -13.8755431, 28.8717917 ], [ -13.8755126, 28.8717576 ], [ -13.8754802, 28.8717326 ], [ -13.8754726, 28.871728 ], [ -13.8754348, 28.8717299 ], [ -13.8753942, 28.8717499 ], [ -13.8753482, 28.8717405 ], [ -13.8753235, 28.8717064 ], [ -13.8753431, 28.871675 ], [ -13.875369, 28.8716459 ], [ -13.8753688, 28.8716098 ], [ -13.8753422, 28.871578 ], [ -13.875342, 28.8715374 ], [ -13.8753686, 28.8715037 ], [ -13.8754016, 28.8714724 ], [ -13.8754296, 28.8714365 ], [ -13.8754384, 28.871396 ], [ -13.8754253, 28.8713553 ], [ -13.8753723, 28.8712804 ], [ -13.8753459, 28.8712305 ], [ -13.8753244, 28.8711446 ], [ -13.8753063, 28.8711038 ], [ -13.8752629, 28.8710313 ], [ -13.8752582, 28.8709906 ], [ -13.8752621, 28.870923 ], [ -13.875271, 28.8708734 ], [ -13.875311, 28.8707835 ], [ -13.8753658, 28.8706937 ], [ -13.8753778, 28.8706509 ], [ -13.8753827, 28.8705562 ], [ -13.8753807, 28.8704975 ], [ -13.8753773, 28.870405 ], [ -13.87537, 28.8703598 ], [ -13.8753487, 28.8703168 ], [ -13.8753132, 28.8702826 ], [ -13.8752834, 28.8702508 ], [ -13.8752768, 28.8702101 ], [ -13.8753295, 28.8701406 ], [ -13.8753305, 28.8701022 ], [ -13.8753111, 28.870057 ], [ -13.8752742, 28.8699799 ], [ -13.8752644, 28.869937 ], [ -13.8752476, 28.8698895 ], [ -13.8752231, 28.8698486 ], [ -13.8751952, 28.8698101 ], [ -13.8751732, 28.8697715 ], [ -13.8751608, 28.8696767 ], [ -13.8751479, 28.8696292 ], [ -13.8751046, 28.8695431 ], [ -13.8750946, 28.8695181 ], [ -13.8750861, 28.869473 ], [ -13.8750648, 28.8694322 ], [ -13.8750395, 28.8693958 ], [ -13.8749794, 28.8693254 ], [ -13.8749504, 28.8692823 ], [ -13.8749336, 28.869237 ], [ -13.8749386, 28.8691874 ], [ -13.8749748, 28.8691629 ], [ -13.8750179, 28.8691429 ], [ -13.8750393, 28.8691183 ], [ -13.8750268, 28.8690889 ], [ -13.8750084, 28.8690707 ], [ -13.8749926, 28.8690548 ], [ -13.8749597, 28.8690161 ], [ -13.8749054, 28.8689389 ], [ -13.8749109, 28.8689007 ], [ -13.8749356, 28.8688693 ], [ -13.8749392, 28.8688332 ], [ -13.8749287, 28.868797 ], [ -13.8749316, 28.8687632 ], [ -13.8749551, 28.8687295 ], [ -13.8749824, 28.8686959 ], [ -13.8750166, 28.8686646 ], [ -13.8750523, 28.8686243 ], [ -13.8750739, 28.8685839 ], [ -13.8751005, 28.8685502 ], [ -13.8751874, 28.8685194 ], [ -13.8752267, 28.8684971 ], [ -13.8752578, 28.8684636 ], [ -13.8753087, 28.8683828 ], [ -13.8753391, 28.8683559 ], [ -13.8754101, 28.8683114 ], [ -13.8754206, 28.8682822 ], [ -13.8754023, 28.8682572 ], [ -13.875375, 28.8682366 ], [ -13.8753376, 28.868198 ], [ -13.8753018, 28.8681887 ], [ -13.8752542, 28.8682041 ], [ -13.8752123, 28.8682263 ], [ -13.8751712, 28.8682349 ], [ -13.8751406, 28.8682212 ], [ -13.8751345, 28.868194 ], [ -13.8751406, 28.8681625 ], [ -13.875157, 28.8681265 ], [ -13.8751765, 28.8680455 ], [ -13.8751942, 28.8680073 ], [ -13.8752161, 28.8679984 ], [ -13.8752606, 28.8680236 ], [ -13.8752908, 28.8680216 ], [ -13.8753604, 28.8679793 ], [ -13.8754345, 28.8679416 ], [ -13.8754718, 28.8679306 ], [ -13.8755009, 28.8679128 ], [ -13.8755145, 28.8678407 ], [ -13.8755398, 28.8678116 ], [ -13.8755776, 28.8678074 ], [ -13.8756532, 28.8678103 ], [ -13.8756917, 28.8677993 ], [ -13.875724, 28.867777 ], [ -13.8757391, 28.8677433 ], [ -13.8757408, 28.8677095 ], [ -13.8756952, 28.8676549 ], [ -13.8756904, 28.8676233 ], [ -13.875696, 28.8675873 ], [ -13.87572, 28.8675627 ], [ -13.8757469, 28.8675584 ], [ -13.8757634, 28.8675765 ], [ -13.8757891, 28.8676309 ], [ -13.8758011, 28.8676468 ], [ -13.8758253, 28.867656 ], [ -13.8758496, 28.8676562 ], [ -13.8758679, 28.8676316 ], [ -13.8759036, 28.8675303 ], [ -13.8759052, 28.867492 ], [ -13.8758999, 28.8674513 ], [ -13.8759049, 28.8674085 ], [ -13.8759276, 28.8673839 ], [ -13.8760009, 28.8673597 ], [ -13.8760357, 28.8673351 ], [ -13.8760541, 28.8672969 ], [ -13.8760397, 28.8672652 ], [ -13.8759736, 28.8672128 ], [ -13.8759573, 28.8671811 ], [ -13.8759487, 28.8671426 ], [ -13.8759516, 28.8670547 ], [ -13.8759368, 28.8670049 ], [ -13.8759076, 28.866973 ], [ -13.8758102, 28.8669745 ], [ -13.8757648, 28.8669696 ], [ -13.8757252, 28.8669535 ], [ -13.8756877, 28.8669284 ], [ -13.875654, 28.8669032 ], [ -13.8756325, 28.8668715 ], [ -13.8756271, 28.8668421 ], [ -13.8756281, 28.8668105 ], [ -13.87564, 28.86677 ], [ -13.8756679, 28.8667409 ], [ -13.8757021, 28.8667232 ], [ -13.8757418, 28.866719 ], [ -13.8757802, 28.8667261 ], [ -13.8758236, 28.86674 ], [ -13.8759059, 28.8667767 ], [ -13.8759334, 28.8667838 ], [ -13.8759681, 28.866775 ], [ -13.8759857, 28.8667413 ], [ -13.8759941, 28.8666805 ], [ -13.8760185, 28.8666739 ], [ -13.876096, 28.8666791 ], [ -13.8761932, 28.8666934 ], [ -13.8762406, 28.866696 ], [ -13.8762773, 28.8666828 ], [ -13.8763076, 28.8666605 ], [ -13.876386, 28.8666431 ], [ -13.8764119, 28.8666208 ], [ -13.8764276, 28.866587 ], [ -13.8764416, 28.8665398 ], [ -13.8764764, 28.8664611 ], [ -13.8765331, 28.8663758 ], [ -13.876582, 28.866295 ], [ -13.8765971, 28.866259 ], [ -13.8766302, 28.8662232 ], [ -13.8766536, 28.8661896 ], [ -13.8766656, 28.8661468 ], [ -13.8766705, 28.8661062 ], [ -13.8766684, 28.8660678 ], [ -13.876654, 28.8660294 ], [ -13.8766222, 28.8660133 ], [ -13.8765588, 28.8660105 ], [ -13.8765269, 28.8659967 ], [ -13.8765137, 28.8659673 ], [ -13.8765186, 28.8659335 ], [ -13.8765553, 28.8658571 ], [ -13.8765832, 28.865828 ], [ -13.8766231, 28.8658057 ], [ -13.8766517, 28.8657721 ], [ -13.8766641, 28.8657497 ], [ -13.8766875, 28.8657205 ], [ -13.8767214, 28.8657253 ], [ -13.8767978, 28.8657689 ], [ -13.8768463, 28.8657873 ], [ -13.8769103, 28.8658014 ], [ -13.8769608, 28.8658085 ], [ -13.8770057, 28.8657999 ], [ -13.8770154, 28.8657955 ], [ -13.8770452, 28.8657709 ], [ -13.8770474, 28.8657393 ], [ -13.8770286, 28.8657053 ], [ -13.8769981, 28.865678 ], [ -13.8769522, 28.8656573 ], [ -13.8769083, 28.8656253 ], [ -13.8768767, 28.8655867 ], [ -13.8768458, 28.8655346 ], [ -13.876807, 28.8655117 ], [ -13.8767096, 28.8655086 ], [ -13.8765949, 28.8655077 ], [ -13.8765488, 28.8655028 ], [ -13.876526, 28.8654823 ], [ -13.8765308, 28.8654553 ], [ -13.8765479, 28.8654103 ], [ -13.8765719, 28.8653834 ], [ -13.8766014, 28.8653814 ], [ -13.8766899, 28.8653821 ], [ -13.8767278, 28.8653666 ], [ -13.8767588, 28.8653421 ], [ -13.8767835, 28.8653107 ], [ -13.8768421, 28.8652322 ], [ -13.8768718, 28.8652054 ], [ -13.8769168, 28.8651967 ], [ -13.8769627, 28.8652107 ], [ -13.8770348, 28.8652473 ], [ -13.8770718, 28.8652612 ], [ -13.8770935, 28.8652614 ], [ -13.8771181, 28.8652413 ], [ -13.8771345, 28.8652076 ], [ -13.8771711, 28.8650793 ], [ -13.8771817, 28.8649868 ], [ -13.8771862, 28.8648718 ], [ -13.877206, 28.8648156 ], [ -13.8772289, 28.8647729 ], [ -13.8772493, 28.8647212 ], [ -13.8772794, 28.8646109 ], [ -13.8772817, 28.8645703 ], [ -13.8773045, 28.8645321 ], [ -13.8773554, 28.8645054 ], [ -13.8774271, 28.8644564 ], [ -13.8774557, 28.8644206 ], [ -13.8774772, 28.8643801 ], [ -13.8774937, 28.8643374 ], [ -13.8775006, 28.8642946 ], [ -13.8775157, 28.8642586 ], [ -13.8775255, 28.8642451 ], [ -13.8775662, 28.8642116 ], [ -13.8775799, 28.8641937 ], [ -13.8775926, 28.8641441 ], [ -13.8775779, 28.8640763 ], [ -13.877573, 28.8640537 ], [ -13.8775745, 28.864038 ], [ -13.87759, 28.8640268 ], [ -13.877635, 28.8640114 ], [ -13.8776551, 28.8639935 ], [ -13.8776707, 28.8639665 ], [ -13.8776793, 28.8639395 ], [ -13.8776825, 28.8638854 ], [ -13.8776807, 28.8638696 ], [ -13.8776642, 28.863856 ], [ -13.8776055, 28.8638396 ], [ -13.8775922, 28.8638192 ], [ -13.87759, 28.8637267 ], [ -13.8775942, 28.8636974 ], [ -13.8776041, 28.8636659 ], [ -13.8776101, 28.8635825 ], [ -13.8776054, 28.8635463 ], [ -13.8775841, 28.8635033 ], [ -13.8775781, 28.8634017 ], [ -13.8775643, 28.86337 ], [ -13.8775409, 28.8633473 ], [ -13.8774868, 28.8633175 ], [ -13.8774646, 28.863297 ], [ -13.8774292, 28.8632448 ], [ -13.877401, 28.8631814 ], [ -13.8773815, 28.8631474 ], [ -13.8773531, 28.8631133 ], [ -13.8772487, 28.8630515 ], [ -13.8771418, 28.8629784 ], [ -13.8771145, 28.8629601 ], [ -13.877094, 28.8629532 ], [ -13.8770497, 28.8629664 ], [ -13.877007, 28.8629412 ], [ -13.8769765, 28.8629206 ], [ -13.8769747, 28.8629048 ], [ -13.8769795, 28.8628755 ], [ -13.8770247, 28.8627879 ], [ -13.8770448, 28.8627678 ], [ -13.8770654, 28.8627521 ], [ -13.8770746, 28.8627364 ], [ -13.8770726, 28.8626845 ], [ -13.8770664, 28.8626596 ], [ -13.8770419, 28.8626143 ], [ -13.8770076, 28.8625869 ], [ -13.8769904, 28.8625778 ], [ -13.8769771, 28.8625619 ], [ -13.8769754, 28.8625438 ], [ -13.8769928, 28.8625349 ], [ -13.8770235, 28.8625352 ], [ -13.8770529, 28.8625422 ], [ -13.8770758, 28.8625582 ], [ -13.877127, 28.8626263 ], [ -13.8771493, 28.8626378 ], [ -13.8771832, 28.8626403 ], [ -13.8772051, 28.862636 ], [ -13.8772257, 28.8626226 ], [ -13.8772443, 28.862625 ], [ -13.8772614, 28.8626432 ], [ -13.8772718, 28.8626884 ], [ -13.8772922, 28.8626976 ], [ -13.8773173, 28.8626933 ], [ -13.8773488, 28.8626755 ], [ -13.8773893, 28.8626623 ], [ -13.8774669, 28.862663 ], [ -13.8775041, 28.8626565 ], [ -13.8775235, 28.8626386 ], [ -13.8775187, 28.8626137 ], [ -13.8774958, 28.862591 ], [ -13.8774569, 28.8625749 ], [ -13.8774141, 28.862561 ], [ -13.8773816, 28.8625449 ], [ -13.877355, 28.8625176 ], [ -13.8773285, 28.8624836 ], [ -13.8773043, 28.8624608 ], [ -13.8772943, 28.8624382 ], [ -13.877275, 28.8623884 ], [ -13.8772512, 28.8623363 ], [ -13.8772028, 28.8622546 ], [ -13.877184, 28.8622161 ], [ -13.8771652, 28.8621122 ], [ -13.8771564, 28.862094 ], [ -13.8771365, 28.8621006 ], [ -13.8770739, 28.862143 ], [ -13.8770283, 28.8621516 ], [ -13.8769949, 28.8621559 ], [ -13.8769748, 28.8621783 ], [ -13.8769486, 28.862239 ], [ -13.8769096, 28.8622883 ], [ -13.8768875, 28.8623107 ], [ -13.8768618, 28.8623195 ], [ -13.8768401, 28.8623171 ], [ -13.8768345, 28.8622967 ], [ -13.8768373, 28.8622177 ], [ -13.8768327, 28.8621681 ], [ -13.876813, 28.8620934 ], [ -13.8768153, 28.8620574 ], [ -13.8768293, 28.8620011 ], [ -13.8768309, 28.8619763 ], [ -13.8768178, 28.8619446 ], [ -13.8767955, 28.8619286 ], [ -13.8767266, 28.8619099 ], [ -13.876694, 28.8618984 ], [ -13.8766839, 28.8618803 ], [ -13.8766875, 28.8618487 ], [ -13.8766968, 28.8618195 ], [ -13.8767181, 28.8617993 ], [ -13.8767567, 28.8617884 ], [ -13.8768842, 28.8617895 ], [ -13.8769271, 28.8617921 ], [ -13.8769662, 28.8617901 ], [ -13.8770471, 28.861775 ], [ -13.8770723, 28.8617594 ], [ -13.877075, 28.8617414 ], [ -13.8770631, 28.8617165 ], [ -13.8770281, 28.8616959 ], [ -13.8769847, 28.8616775 ], [ -13.8769464, 28.8616591 ], [ -13.8769218, 28.8616318 ], [ -13.876899, 28.8616 ], [ -13.8768721, 28.8615412 ], [ -13.8768441, 28.8614642 ], [ -13.8768001, 28.8613894 ], [ -13.8767838, 28.8613509 ], [ -13.8767485, 28.8612378 ], [ -13.8767363, 28.861179 ], [ -13.876731, 28.8611338 ], [ -13.8767216, 28.861118 ], [ -13.876707, 28.8611066 ], [ -13.8766161, 28.8610968 ], [ -13.8765976, 28.8610876 ], [ -13.8765869, 28.8610694 ], [ -13.8765833, 28.8610491 ], [ -13.8765887, 28.8610244 ], [ -13.8766105, 28.8610178 ], [ -13.8766842, 28.8610206 ], [ -13.8766995, 28.8610253 ], [ -13.8767121, 28.8610457 ], [ -13.876719, 28.8610615 ], [ -13.8767279, 28.8610706 ], [ -13.8767433, 28.8610707 ], [ -13.8767633, 28.8610596 ], [ -13.8767827, 28.8610395 ], [ -13.8767945, 28.8610148 ], [ -13.8767941, 28.8609899 ], [ -13.876788, 28.8609628 ], [ -13.8767729, 28.8609356 ], [ -13.8767559, 28.8609107 ], [ -13.876727, 28.860854 ], [ -13.8767146, 28.8608201 ], [ -13.8767136, 28.8607907 ], [ -13.8767298, 28.8607728 ], [ -13.8768393, 28.860776 ], [ -13.8769027, 28.8607788 ], [ -13.8769093, 28.8607608 ], [ -13.8769084, 28.8607337 ], [ -13.8768985, 28.8606998 ], [ -13.8768574, 28.8606475 ], [ -13.8768467, 28.8606271 ], [ -13.8768609, 28.860616 ], [ -13.8769632, 28.8605762 ], [ -13.8770165, 28.860509 ], [ -13.8770373, 28.8604798 ], [ -13.8770492, 28.8604506 ], [ -13.8770533, 28.8604213 ], [ -13.8770485, 28.8603919 ], [ -13.8770184, 28.860333 ], [ -13.8770104, 28.8603036 ], [ -13.8770208, 28.8602856 ], [ -13.8770497, 28.8602813 ], [ -13.8770761, 28.8602703 ], [ -13.8770802, 28.8602432 ], [ -13.877069, 28.8602116 ], [ -13.8770488, 28.8601843 ], [ -13.8769978, 28.8601591 ], [ -13.8769859, 28.8601387 ], [ -13.8769862, 28.8601048 ], [ -13.8769744, 28.8600777 ], [ -13.8769548, 28.8600459 ], [ -13.8769041, 28.8600004 ], [ -13.8768934, 28.8599777 ], [ -13.8769007, 28.8599575 ], [ -13.8769182, 28.8599305 ], [ -13.8769738, 28.8598295 ], [ -13.8769935, 28.859789 ], [ -13.8769996, 28.8596965 ], [ -13.8769999, 28.8596649 ], [ -13.8769852, 28.8595498 ], [ -13.8769791, 28.8595114 ], [ -13.8769491, 28.8594479 ], [ -13.8769251, 28.8594184 ], [ -13.8768672, 28.8593728 ], [ -13.8768398, 28.8593613 ], [ -13.8768098, 28.859352 ], [ -13.8766887, 28.8593465 ], [ -13.8766632, 28.859335 ], [ -13.8766621, 28.8593237 ], [ -13.8766757, 28.8593058 ], [ -13.8767256, 28.859261 ], [ -13.8767818, 28.8592164 ], [ -13.8768071, 28.859185 ], [ -13.8768099, 28.8591602 ], [ -13.8767954, 28.8591375 ], [ -13.8767725, 28.8591238 ], [ -13.8766976, 28.8591164 ], [ -13.8766791, 28.8591095 ], [ -13.8765878, 28.859023 ], [ -13.8765586, 28.8589934 ], [ -13.8765295, 28.8589593 ], [ -13.8764564, 28.8588504 ], [ -13.8764049, 28.8587507 ], [ -13.8763893, 28.8587122 ], [ -13.8763815, 28.858658 ], [ -13.8763888, 28.85864 ], [ -13.8764062, 28.8586289 ], [ -13.876448, 28.8586179 ], [ -13.8764903, 28.858616 ], [ -13.8764981, 28.8586026 ], [ -13.8765007, 28.8585417 ], [ -13.8764919, 28.8585213 ], [ -13.8763981, 28.8584844 ], [ -13.8763377, 28.858441 ], [ -13.876304, 28.858425 ], [ -13.8762694, 28.8584202 ], [ -13.8761938, 28.8584173 ], [ -13.876163, 28.8584215 ], [ -13.8761411, 28.8584304 ], [ -13.8761149, 28.8584911 ], [ -13.8760966, 28.8585203 ], [ -13.8760577, 28.8585628 ], [ -13.8759778, 28.858605 ], [ -13.8759605, 28.8586094 ], [ -13.875924, 28.8586046 ], [ -13.8759215, 28.8585955 ], [ -13.8759023, 28.8585954 ], [ -13.8758664, 28.8585951 ], [ -13.8758466, 28.8585926 ], [ -13.8758371, 28.8585835 ], [ -13.8758398, 28.8585678 ], [ -13.8758535, 28.858543 ], [ -13.8758794, 28.8585185 ], [ -13.875924, 28.8584827 ], [ -13.8759363, 28.858467 ], [ -13.875931, 28.8584241 ], [ -13.8759402, 28.8584061 ], [ -13.8759589, 28.8583928 ], [ -13.8759777, 28.8583726 ], [ -13.8759747, 28.8583523 ], [ -13.875955, 28.8583431 ], [ -13.8759287, 28.8583474 ], [ -13.8759016, 28.8583607 ], [ -13.8758803, 28.8583786 ], [ -13.8758564, 28.8583964 ], [ -13.875832, 28.8583985 ], [ -13.8758184, 28.8584096 ], [ -13.8758114, 28.8584705 ], [ -13.875799, 28.8584884 ], [ -13.8757766, 28.8584837 ], [ -13.8757499, 28.8584655 ], [ -13.8757062, 28.8584155 ], [ -13.875677, 28.8583949 ], [ -13.8756412, 28.8583856 ], [ -13.8756338, 28.858363 ], [ -13.8756327, 28.8583427 ], [ -13.8756336, 28.8583156 ], [ -13.8756787, 28.8582979 ], [ -13.875748, 28.8582849 ], [ -13.8757693, 28.8582738 ], [ -13.8757894, 28.8582515 ], [ -13.8757973, 28.8582267 ], [ -13.875795, 28.8581996 ], [ -13.87578, 28.8581701 ], [ -13.8757617, 28.8581429 ], [ -13.8757394, 28.8581269 ], [ -13.8756863, 28.8581265 ], [ -13.8756721, 28.8581332 ], [ -13.8756604, 28.8581466 ], [ -13.875638, 28.8582118 ], [ -13.8756102, 28.8582319 ], [ -13.8755756, 28.8582294 ], [ -13.8755392, 28.8582155 ], [ -13.8755081, 28.8581905 ], [ -13.8754847, 28.8581587 ], [ -13.8754665, 28.8581292 ], [ -13.8754442, 28.8581109 ], [ -13.8754117, 28.8580994 ], [ -13.8753458, 28.8580921 ], [ -13.8752911, 28.8580488 ], [ -13.8752055, 28.8579713 ], [ -13.8751865, 28.8579486 ], [ -13.8751733, 28.8579214 ], [ -13.8751748, 28.8578988 ], [ -13.8751828, 28.8578809 ], [ -13.8752094, 28.857845 ], [ -13.875207, 28.8578269 ], [ -13.8751912, 28.8578065 ], [ -13.8751677, 28.8577882 ], [ -13.8751142, 28.8577585 ], [ -13.8750682, 28.8576904 ], [ -13.8750504, 28.8576767 ], [ -13.8750273, 28.8576743 ], [ -13.8750172, 28.8576652 ], [ -13.8750173, 28.8576561 ], [ -13.8750263, 28.8576494 ], [ -13.8750411, 28.8576428 ], [ -13.8750446, 28.8576225 ], [ -13.8750416, 28.8575977 ], [ -13.8750133, 28.8575478 ], [ -13.8749985, 28.8574958 ], [ -13.8749892, 28.85741 ], [ -13.8749917, 28.8573491 ], [ -13.8749844, 28.8573151 ], [ -13.8749872, 28.8572926 ], [ -13.8750063, 28.8572454 ], [ -13.8750098, 28.8572251 ], [ -13.8750029, 28.857207 ], [ -13.8749896, 28.8571911 ], [ -13.8749764, 28.8571662 ], [ -13.8749812, 28.8571391 ], [ -13.8749937, 28.8571121 ], [ -13.8750098, 28.8570965 ], [ -13.8750453, 28.8570742 ], [ -13.8750507, 28.8570494 ], [ -13.8750375, 28.8570245 ], [ -13.8750107, 28.857013 ], [ -13.8749826, 28.8570128 ], [ -13.8749491, 28.8570215 ], [ -13.8748796, 28.8570525 ], [ -13.8748424, 28.857059 ], [ -13.8747924, 28.8570541 ], [ -13.8746717, 28.8570192 ], [ -13.8746001, 28.8570073 ], [ -13.8745344, 28.8569797 ], [ -13.8745098, 28.8569434 ], [ -13.874486, 28.8568913 ], [ -13.8744819, 28.8568574 ], [ -13.8744861, 28.8568213 ], [ -13.8744993, 28.8567921 ], [ -13.874537, 28.856736 ], [ -13.8745624, 28.8567024 ], [ -13.8745735, 28.8566754 ], [ -13.8745783, 28.8566552 ], [ -13.8745638, 28.8566302 ], [ -13.8745665, 28.8566167 ], [ -13.8745723, 28.8566077 ], [ -13.8745894, 28.8565718 ], [ -13.8746122, 28.8565359 ], [ -13.8746375, 28.856509 ], [ -13.8746538, 28.8564843 ], [ -13.8746522, 28.856455 ], [ -13.874637, 28.8564368 ], [ -13.8745959, 28.856441 ], [ -13.8745549, 28.8564497 ], [ -13.8745094, 28.856447 ], [ -13.8743552, 28.8564254 ], [ -13.8742098, 28.8564197 ], [ -13.8741022, 28.8564188 ], [ -13.8740202, 28.8564158 ], [ -13.8739837, 28.856411 ], [ -13.8739538, 28.856395 ], [ -13.8739393, 28.8563678 ], [ -13.8739312, 28.8562887 ], [ -13.8739198, 28.8562774 ], [ -13.8738814, 28.8562725 ], [ -13.8738637, 28.8562566 ], [ -13.8738568, 28.8562362 ], [ -13.8738602, 28.8562205 ], [ -13.8738687, 28.8562047 ], [ -13.8739017, 28.8561734 ], [ -13.8739342, 28.8561286 ], [ -13.8739968, 28.8560907 ], [ -13.8740515, 28.8560686 ], [ -13.8740568, 28.8560552 ], [ -13.8740448, 28.8560325 ], [ -13.8740118, 28.8560074 ], [ -13.8739747, 28.8560026 ], [ -13.8739349, 28.8560067 ], [ -13.8738939, 28.8560064 ], [ -13.87377, 28.8559693 ], [ -13.8737266, 28.8559554 ], [ -13.8736838, 28.8559392 ], [ -13.8736563, 28.855939 ], [ -13.873628, 28.8559478 ], [ -13.8735795, 28.8559925 ], [ -13.8735468, 28.8559922 ], [ -13.8735526, 28.8559246 ], [ -13.8735706, 28.8558616 ], [ -13.8735702, 28.8558367 ], [ -13.8735621, 28.8558186 ], [ -13.8735405, 28.8558004 ], [ -13.8735169, 28.8557889 ], [ -13.8735017, 28.8557752 ], [ -13.8734992, 28.8557639 ], [ -13.8735003, 28.8557324 ], [ -13.8735004, 28.8557165 ], [ -13.8734955, 28.855694 ], [ -13.8734929, 28.855642 ], [ -13.8734828, 28.8556262 ], [ -13.8734617, 28.8556192 ], [ -13.873342, 28.8556137 ], [ -13.8732587, 28.855613 ], [ -13.873228, 28.855606 ], [ -13.8732007, 28.8555854 ], [ -13.8731772, 28.8555604 ], [ -13.8731673, 28.8555265 ], [ -13.8731741, 28.8554408 ], [ -13.8731808, 28.8554116 ], [ -13.8732056, 28.8553644 ], [ -13.8732129, 28.8553419 ], [ -13.873201, 28.8553169 ], [ -13.8731661, 28.8552896 ], [ -13.8730812, 28.855255 ], [ -13.8730053, 28.8552273 ], [ -13.8729388, 28.855211 ], [ -13.8729248, 28.8552041 ], [ -13.8729045, 28.8551859 ], [ -13.8728773, 28.8551518 ], [ -13.8728487, 28.8551335 ], [ -13.8727855, 28.8551082 ], [ -13.8727295, 28.8550716 ], [ -13.8726921, 28.8550307 ], [ -13.8726463, 28.8549423 ], [ -13.8726299, 28.8549196 ], [ -13.8725847, 28.8548944 ], [ -13.8725676, 28.8548784 ], [ -13.8725635, 28.8548378 ], [ -13.8725891, 28.8547794 ], [ -13.8725791, 28.8547567 ], [ -13.8725466, 28.8547474 ], [ -13.8725061, 28.8547539 ], [ -13.8724888, 28.8547605 ], [ -13.8724413, 28.8547691 ], [ -13.8724029, 28.8547598 ], [ -13.872364, 28.8547391 ], [ -13.8723199, 28.8547342 ], [ -13.8722776, 28.8547339 ], [ -13.8722372, 28.854738 ], [ -13.8721947, 28.8547558 ], [ -13.8721567, 28.8547735 ], [ -13.8721317, 28.8547755 ], [ -13.8721004, 28.854764 ], [ -13.872033, 28.8547228 ], [ -13.8719869, 28.8547156 ], [ -13.8719253, 28.8547287 ], [ -13.8718422, 28.8547663 ], [ -13.871812, 28.8547774 ], [ -13.8717913, 28.8547885 ], [ -13.8717866, 28.8548155 ], [ -13.8717889, 28.8548381 ], [ -13.8717805, 28.854847 ], [ -13.871701, 28.8548464 ], [ -13.8716664, 28.8548506 ], [ -13.8716174, 28.8548795 ], [ -13.8715851, 28.8548996 ], [ -13.8715368, 28.8549262 ], [ -13.8715098, 28.854935 ], [ -13.8713849, 28.854934 ], [ -13.8712893, 28.8549422 ], [ -13.8712123, 28.8549551 ], [ -13.8711577, 28.8549659 ], [ -13.8711454, 28.8549748 ], [ -13.8711447, 28.8550358 ], [ -13.8711783, 28.8550722 ], [ -13.8711966, 28.8550994 ], [ -13.8712002, 28.8551265 ], [ -13.8711936, 28.8551355 ], [ -13.8711762, 28.8551443 ], [ -13.8711552, 28.8551397 ], [ -13.8711316, 28.8551214 ], [ -13.8710861, 28.8550691 ], [ -13.8710625, 28.8550576 ], [ -13.8710355, 28.8550642 ], [ -13.8709627, 28.8551019 ], [ -13.8709278, 28.8551287 ], [ -13.8708872, 28.8551555 ], [ -13.8707726, 28.8552041 ], [ -13.8707289, 28.8552173 ], [ -13.8706936, 28.855226 ], [ -13.8706091, 28.8552186 ], [ -13.8705777, 28.855216 ], [ -13.8705535, 28.8552023 ], [ -13.8704964, 28.8551522 ], [ -13.8704714, 28.855152 ], [ -13.8704275, 28.8551787 ], [ -13.8703331, 28.8552614 ], [ -13.8703008, 28.8552791 ], [ -13.8702051, 28.8553032 ], [ -13.8701486, 28.8553117 ], [ -13.8700698, 28.8553111 ], [ -13.8700243, 28.8553152 ], [ -13.8699421, 28.8553348 ], [ -13.8698354, 28.8553677 ], [ -13.8697366, 28.855376 ], [ -13.869603, 28.8554042 ], [ -13.8695086, 28.8554282 ], [ -13.8694764, 28.8554415 ], [ -13.8694487, 28.8554593 ], [ -13.86943, 28.8554659 ], [ -13.8693486, 28.8555261 ], [ -13.8692524, 28.855593 ], [ -13.8691555, 28.8556667 ], [ -13.8690767, 28.8557269 ], [ -13.869016, 28.8557738 ], [ -13.8689744, 28.8558253 ], [ -13.8689032, 28.8558902 ], [ -13.8688663, 28.855926 ], [ -13.8688495, 28.8559371 ], [ -13.8688021, 28.8559999 ], [ -13.8687864, 28.8560246 ], [ -13.868783, 28.8560494 ], [ -13.8687464, 28.8561145 ], [ -13.8686762, 28.8562064 ], [ -13.868674, 28.8562289 ], [ -13.8686828, 28.8562493 ], [ -13.868705, 28.8562698 ], [ -13.8687323, 28.8562859 ], [ -13.8687443, 28.8563017 ], [ -13.8687332, 28.8563265 ], [ -13.868701, 28.8563443 ], [ -13.8686592, 28.8563552 ], [ -13.8685738, 28.8563725 ], [ -13.8685409, 28.8563903 ], [ -13.868519, 28.8564082 ], [ -13.8685103, 28.8564351 ], [ -13.8685038, 28.8565028 ], [ -13.8684673, 28.8565589 ], [ -13.8684083, 28.8566283 ], [ -13.8683278, 28.8567202 ], [ -13.8682861, 28.856783 ], [ -13.8682723, 28.8568145 ], [ -13.8682662, 28.8568438 ], [ -13.8682679, 28.8568686 ], [ -13.8682798, 28.8568935 ], [ -13.8683053, 28.8569095 ], [ -13.8683665, 28.8569348 ], [ -13.8683798, 28.856953 ], [ -13.8683756, 28.8569823 ], [ -13.8683535, 28.8570137 ], [ -13.8682844, 28.8570583 ], [ -13.868202, 28.8571004 ], [ -13.8680719, 28.8571535 ], [ -13.8680319, 28.8571802 ], [ -13.8680047, 28.8572071 ], [ -13.867916, 28.8572943 ], [ -13.8678783, 28.8573482 ], [ -13.867869, 28.8573707 ], [ -13.8678569, 28.8574337 ], [ -13.8678547, 28.8574585 ], [ -13.8678267, 28.8575553 ], [ -13.8677913, 28.8576317 ], [ -13.8677878, 28.8576543 ], [ -13.8677773, 28.8576813 ], [ -13.8677566, 28.8576969 ], [ -13.8677265, 28.8576921 ], [ -13.8676954, 28.8576693 ], [ -13.8676383, 28.8576192 ], [ -13.867605, 28.8576166 ], [ -13.8675471, 28.8576319 ], [ -13.8675053, 28.8576519 ], [ -13.8674685, 28.8576764 ], [ -13.8673642, 28.8577838 ], [ -13.8673229, 28.8578128 ], [ -13.8672294, 28.8578639 ], [ -13.8671999, 28.8578659 ], [ -13.8671731, 28.8578522 ], [ -13.8671431, 28.8578451 ], [ -13.8671224, 28.8578585 ], [ -13.8670994, 28.857917 ], [ -13.8670785, 28.8579552 ], [ -13.8670291, 28.8580157 ], [ -13.866978, 28.8580581 ], [ -13.8669534, 28.8580827 ], [ -13.8669384, 28.8581051 ], [ -13.8669401, 28.85813 ], [ -13.8669805, 28.8581822 ], [ -13.8669976, 28.8582027 ], [ -13.8669942, 28.8582184 ], [ -13.8669477, 28.8582564 ], [ -13.8669213, 28.858272 ], [ -13.8668616, 28.8582737 ], [ -13.866834, 28.8582758 ], [ -13.866807, 28.8582845 ], [ -13.8667826, 28.8582956 ], [ -13.8667606, 28.8583113 ], [ -13.8667366, 28.8583381 ], [ -13.866719, 28.8583651 ], [ -13.8666919, 28.8583874 ], [ -13.8665746, 28.8584473 ], [ -13.8665366, 28.8584673 ], [ -13.8664433, 28.8585004 ], [ -13.8664054, 28.8585158 ], [ -13.8663698, 28.8585426 ], [ -13.8663115, 28.8586053 ], [ -13.8662722, 28.8586275 ], [ -13.866222, 28.8586407 ], [ -13.8660972, 28.8586892 ], [ -13.8659942, 28.8587335 ], [ -13.8659427, 28.8587579 ], [ -13.8658918, 28.8587778 ], [ -13.8657574, 28.858824 ], [ -13.8656726, 28.8588504 ], [ -13.8656061, 28.8588882 ], [ -13.8655586, 28.8588968 ], [ -13.8655105, 28.8589009 ], [ -13.8654726, 28.8589096 ], [ -13.8654353, 28.8589228 ], [ -13.8654038, 28.8589384 ], [ -13.8653713, 28.8589787 ], [ -13.8653504, 28.8590124 ], [ -13.8653438, 28.8590326 ], [ -13.8652949, 28.8591134 ], [ -13.8652427, 28.8591988 ], [ -13.8651879, 28.8592863 ], [ -13.8651697, 28.859311 ], [ -13.8651243, 28.8593624 ], [ -13.8651088, 28.8594345 ], [ -13.8651058, 28.8594706 ], [ -13.8651057, 28.8594841 ], [ -13.8650965, 28.8595021 ], [ -13.8650725, 28.859529 ], [ -13.8650383, 28.8595513 ], [ -13.8649275, 28.8596022 ], [ -13.8649023, 28.8596223 ], [ -13.8648702, 28.8596288 ], [ -13.8647658, 28.8596257 ], [ -13.8647215, 28.8596343 ], [ -13.8646777, 28.859652 ], [ -13.8645913, 28.8597032 ], [ -13.8645351, 28.8597433 ], [ -13.8644417, 28.8597922 ], [ -13.8644301, 28.8597943 ], [ -13.8643508, 28.8598456 ], [ -13.8642464, 28.8598988 ], [ -13.8641967, 28.8599255 ], [ -13.8640954, 28.8599923 ], [ -13.8640062, 28.860066 ], [ -13.8639001, 28.8601644 ], [ -13.8638354, 28.8602225 ], [ -13.8637468, 28.860294 ], [ -13.8636513, 28.8603586 ], [ -13.863572, 28.8604008 ], [ -13.8634632, 28.860445 ], [ -13.8633757, 28.8604781 ], [ -13.8633352, 28.8604891 ], [ -13.8632985, 28.8605068 ], [ -13.8632726, 28.8605292 ], [ -13.8632538, 28.8605538 ], [ -13.8632312, 28.8605649 ], [ -13.8631092, 28.860591 ], [ -13.8630183, 28.8605857 ], [ -13.86299, 28.8605922 ], [ -13.8629223, 28.8606345 ], [ -13.8628715, 28.8606521 ], [ -13.8627732, 28.8606784 ], [ -13.8626683, 28.8607136 ], [ -13.8625751, 28.8607444 ], [ -13.8624858, 28.8607662 ], [ -13.8624439, 28.8607862 ], [ -13.8623722, 28.8608397 ], [ -13.8623285, 28.8608551 ], [ -13.8622661, 28.8608704 ], [ -13.8622245, 28.86087 ], [ -13.862179, 28.8608742 ], [ -13.8621282, 28.8608873 ], [ -13.8620207, 28.8609292 ], [ -13.8619404, 28.8609557 ], [ -13.8618169, 28.860993 ], [ -13.8617057, 28.8610259 ], [ -13.8616543, 28.8610412 ], [ -13.8615399, 28.8610673 ], [ -13.8614867, 28.8610759 ], [ -13.8613923, 28.8610954 ], [ -13.8612759, 28.861126 ], [ -13.8612386, 28.861146 ], [ -13.8612164, 28.8611752 ], [ -13.8612122, 28.8612157 ], [ -13.8612031, 28.8612224 ], [ -13.8611774, 28.8612312 ], [ -13.8611414, 28.8612377 ], [ -13.8611068, 28.8612374 ], [ -13.8610729, 28.8612326 ], [ -13.861036, 28.861212 ], [ -13.8610087, 28.8611892 ], [ -13.8609736, 28.8611708 ], [ -13.860927, 28.8611592 ], [ -13.8608796, 28.8611543 ], [ -13.8607855, 28.8611535 ], [ -13.8606789, 28.8611661 ], [ -13.8605731, 28.8611787 ], [ -13.8604559, 28.861171 ], [ -13.8603388, 28.8611632 ], [ -13.8602664, 28.8611581 ], [ -13.8602012, 28.8611463 ], [ -13.8600697, 28.8610978 ], [ -13.860032, 28.8610817 ], [ -13.8599318, 28.861056 ], [ -13.8598262, 28.8610371 ], [ -13.8597732, 28.8610231 ], [ -13.8596761, 28.8609906 ], [ -13.8596391, 28.8609813 ], [ -13.8596064, 28.8609788 ], [ -13.8594702, 28.8609596 ], [ -13.8593691, 28.8609452 ], [ -13.8593179, 28.860938 ], [ -13.8591767, 28.8609007 ], [ -13.8590389, 28.8608476 ], [ -13.8589961, 28.8608292 ], [ -13.8589249, 28.8607812 ], [ -13.8587994, 28.8607192 ], [ -13.8586961, 28.8606665 ], [ -13.8585764, 28.8605978 ], [ -13.8584866, 28.8605519 ], [ -13.8584018, 28.8605061 ], [ -13.858317, 28.8604715 ], [ -13.8582582, 28.8604529 ], [ -13.8582129, 28.8604413 ], [ -13.8581194, 28.8604382 ], [ -13.8580314, 28.86046 ], [ -13.8579542, 28.8604887 ], [ -13.8579394, 28.8604954 ], [ -13.8578803, 28.8605084 ], [ -13.8577853, 28.8605234 ], [ -13.8576849, 28.8605564 ], [ -13.8575705, 28.8605892 ], [ -13.8575274, 28.860607 ], [ -13.8574913, 28.8606247 ], [ -13.8573963, 28.8607029 ], [ -13.8573608, 28.8607229 ], [ -13.8573196, 28.8607383 ], [ -13.857283, 28.860747 ], [ -13.8572266, 28.8607533 ], [ -13.8571311, 28.8607525 ], [ -13.8571022, 28.860759 ], [ -13.8570545, 28.8607902 ], [ -13.8570145, 28.8608057 ], [ -13.856942, 28.8608141 ], [ -13.8568904, 28.8607843 ], [ -13.8568489, 28.8607704 ], [ -13.8567265, 28.8607761 ], [ -13.8565854, 28.8607908 ], [ -13.8564391, 28.8608076 ], [ -13.8563345, 28.8608225 ], [ -13.8562145, 28.8608395 ], [ -13.8561112, 28.8608544 ], [ -13.8560675, 28.8608631 ], [ -13.856041, 28.8608831 ], [ -13.8560209, 28.8609033 ], [ -13.8560098, 28.8609258 ], [ -13.8559903, 28.8609459 ], [ -13.8559311, 28.860977 ], [ -13.8558982, 28.8609902 ], [ -13.8558089, 28.861012 ], [ -13.8556947, 28.8610269 ], [ -13.8556581, 28.8610356 ], [ -13.855624, 28.8610466 ], [ -13.8555602, 28.8610821 ], [ -13.855487, 28.8610996 ], [ -13.85542, 28.8611238 ], [ -13.8553846, 28.8611393 ], [ -13.8553679, 28.8611437 ], [ -13.8552792, 28.8611745 ], [ -13.8552386, 28.86119 ], [ -13.8551953, 28.8612257 ], [ -13.8551713, 28.8612571 ], [ -13.8551183, 28.8613492 ], [ -13.8550943, 28.8613805 ], [ -13.8550639, 28.8614074 ], [ -13.8549993, 28.8614519 ], [ -13.8549669, 28.8614855 ], [ -13.8549337, 28.8615371 ], [ -13.8548872, 28.8615705 ], [ -13.8548083, 28.8616353 ], [ -13.8547907, 28.8616623 ], [ -13.8547814, 28.8616892 ], [ -13.8547786, 28.8617073 ], [ -13.8547551, 28.8617522 ], [ -13.8547508, 28.861795 ], [ -13.854748, 28.8618131 ], [ -13.8547395, 28.8618288 ], [ -13.8547084, 28.8618601 ], [ -13.8546312, 28.861891 ], [ -13.8545265, 28.8619127 ], [ -13.8543981, 28.8619387 ], [ -13.8543282, 28.8619449 ], [ -13.8542371, 28.8619509 ], [ -13.8541455, 28.8619501 ], [ -13.854043, 28.8619424 ], [ -13.8539835, 28.8619352 ], [ -13.8538736, 28.8619139 ], [ -13.853763, 28.8618882 ], [ -13.8536934, 28.861865 ], [ -13.8537121, 28.8618516 ], [ -13.8537292, 28.8618134 ], [ -13.853752, 28.8617752 ], [ -13.8537614, 28.8617392 ], [ -13.8537583, 28.8617257 ], [ -13.8537324, 28.8616984 ], [ -13.8537037, 28.8616801 ], [ -13.853626, 28.8616433 ], [ -13.8534907, 28.8615948 ], [ -13.8534371, 28.861574 ], [ -13.8533924, 28.8615624 ], [ -13.8532983, 28.8615525 ], [ -13.8532316, 28.861552 ], [ -13.8531582, 28.8615852 ], [ -13.853108, 28.8616096 ], [ -13.8530399, 28.8616248 ], [ -13.8530104, 28.8616245 ], [ -13.8529562, 28.8616015 ], [ -13.852903, 28.8616011 ], [ -13.8528499, 28.8615961 ], [ -13.8527532, 28.8615885 ], [ -13.85262, 28.8615851 ], [ -13.8525137, 28.8615774 ], [ -13.8524747, 28.8615658 ], [ -13.852443, 28.8615385 ], [ -13.8524222, 28.8615112 ], [ -13.852409, 28.8614795 ], [ -13.8524036, 28.8614479 ], [ -13.8523943, 28.861423 ], [ -13.852376, 28.8613935 ], [ -13.8523443, 28.8613707 ], [ -13.8522919, 28.8613567 ], [ -13.852158, 28.861351 ], [ -13.8520158, 28.8613476 ], [ -13.8519581, 28.8613493 ], [ -13.8519016, 28.8613556 ], [ -13.8518502, 28.8613755 ], [ -13.8517793, 28.861411 ], [ -13.8517382, 28.8614197 ], [ -13.8516901, 28.8614238 ], [ -13.8516715, 28.8614236 ], [ -13.8515633, 28.8614182 ], [ -13.8514545, 28.8614082 ], [ -13.8514167, 28.8614034 ], [ -13.8513867, 28.8613896 ], [ -13.8512933, 28.8613234 ], [ -13.8512575, 28.8613118 ], [ -13.851196, 28.861309 ], [ -13.8511844, 28.8613202 ], [ -13.8511798, 28.8613901 ], [ -13.8511727, 28.8613968 ], [ -13.851147, 28.8613943 ], [ -13.8511221, 28.8613851 ], [ -13.8510948, 28.8613645 ], [ -13.8510733, 28.8613441 ], [ -13.8510731, 28.8612967 ], [ -13.8510696, 28.8612741 ], [ -13.8510352, 28.8612558 ], [ -13.8510077, 28.8612442 ], [ -13.8509754, 28.8612101 ], [ -13.8509531, 28.8611986 ], [ -13.8508879, 28.8611891 ], [ -13.8508318, 28.8611615 ], [ -13.8508005, 28.86115 ], [ -13.8507301, 28.8611426 ], [ -13.8506592, 28.8611217 ], [ -13.8506146, 28.8611032 ], [ -13.8505713, 28.8610758 ], [ -13.8505446, 28.8610553 ], [ -13.8504838, 28.8609916 ], [ -13.850445, 28.8609664 ], [ -13.850397, 28.860957 ], [ -13.8503426, 28.8609565 ], [ -13.8502785, 28.8609605 ], [ -13.8501696, 28.8609595 ], [ -13.8500324, 28.8609584 ], [ -13.8499849, 28.860967 ], [ -13.8499044, 28.8610069 ], [ -13.849827, 28.8610514 ], [ -13.8497789, 28.8610555 ], [ -13.8497386, 28.8610529 ], [ -13.8497052, 28.8610549 ], [ -13.8496152, 28.8610789 ], [ -13.8495593, 28.8610987 ], [ -13.8495073, 28.8611096 ], [ -13.8494534, 28.8611091 ], [ -13.8493997, 28.8611019 ], [ -13.8493685, 28.8610813 ], [ -13.8493032, 28.8610221 ], [ -13.8492554, 28.8609991 ], [ -13.8491934, 28.8609851 ], [ -13.8491351, 28.8609823 ], [ -13.8490896, 28.8609842 ], [ -13.8490579, 28.8610087 ], [ -13.8490255, 28.8610401 ], [ -13.8489877, 28.8610488 ], [ -13.8488883, 28.8610479 ], [ -13.8488401, 28.8610588 ], [ -13.8487934, 28.8610584 ], [ -13.8487512, 28.8610512 ], [ -13.8486842, 28.8610213 ], [ -13.8486459, 28.8610097 ], [ -13.848619, 28.861014 ], [ -13.8486027, 28.8610319 ], [ -13.8485927, 28.8611334 ], [ -13.8485814, 28.8611649 ], [ -13.8485586, 28.8611985 ], [ -13.8485308, 28.8612208 ], [ -13.8484909, 28.861234 ], [ -13.8484402, 28.8612426 ], [ -13.8483121, 28.8612438 ], [ -13.8481648, 28.8612358 ], [ -13.8479989, 28.8612231 ], [ -13.847846, 28.8612037 ], [ -13.8477188, 28.8611778 ], [ -13.8476063, 28.8611497 ], [ -13.8474932, 28.8611217 ], [ -13.8474555, 28.8611169 ], [ -13.8473322, 28.8610775 ], [ -13.8472837, 28.8610613 ], [ -13.8471619, 28.8610083 ], [ -13.8471229, 28.860999 ], [ -13.8470611, 28.8609736 ], [ -13.847009, 28.8609303 ], [ -13.8469596, 28.8608757 ], [ -13.8469355, 28.8608552 ], [ -13.8469042, 28.8608414 ], [ -13.846846, 28.8608409 ], [ -13.8467793, 28.8608471 ], [ -13.8467202, 28.8608579 ], [ -13.8466939, 28.8608532 ], [ -13.8466793, 28.8608463 ], [ -13.8466648, 28.8608304 ], [ -13.8466428, 28.8607873 ], [ -13.8466181, 28.8607623 ], [ -13.8465244, 28.8607163 ], [ -13.8464378, 28.8606659 ], [ -13.8464156, 28.8606477 ], [ -13.8463516, 28.8605772 ], [ -13.8463313, 28.8605658 ], [ -13.8462538, 28.8605606 ], [ -13.8462354, 28.8605446 ], [ -13.8462262, 28.8605085 ], [ -13.8462291, 28.8604769 ], [ -13.8462331, 28.8604634 ], [ -13.8462884, 28.8603849 ], [ -13.8463008, 28.8603602 ], [ -13.8462992, 28.8603376 ], [ -13.8462847, 28.8603194 ], [ -13.8462585, 28.8603102 ], [ -13.8462278, 28.8603077 ], [ -13.8461958, 28.8603029 ], [ -13.8461774, 28.8602847 ], [ -13.8461879, 28.8602554 ], [ -13.8462055, 28.860233 ], [ -13.8462121, 28.8602128 ], [ -13.8462092, 28.8601902 ], [ -13.8461927, 28.8601742 ], [ -13.8461607, 28.8601717 ], [ -13.8461215, 28.8601759 ], [ -13.8460555, 28.8601866 ], [ -13.8460106, 28.860184 ], [ -13.8459928, 28.8601725 ], [ -13.8459186, 28.8601019 ], [ -13.8458533, 28.8600427 ], [ -13.8458312, 28.8600109 ], [ -13.8458168, 28.8599747 ], [ -13.8458165, 28.8599499 ], [ -13.845825, 28.8599342 ], [ -13.8458748, 28.8598917 ], [ -13.8458847, 28.8598625 ], [ -13.8458793, 28.8598354 ], [ -13.8458558, 28.8598104 ], [ -13.8458163, 28.8597897 ], [ -13.8457184, 28.8597821 ], [ -13.8456699, 28.8597614 ], [ -13.8456368, 28.859743 ], [ -13.8455466, 28.8596723 ], [ -13.8454818, 28.8596199 ], [ -13.8454546, 28.859588 ], [ -13.8454168, 28.8595336 ], [ -13.8453908, 28.859504 ], [ -13.8453285, 28.8594651 ], [ -13.8452474, 28.8593832 ], [ -13.8452201, 28.8593514 ], [ -13.845135, 28.8592875 ], [ -13.84506, 28.8592282 ], [ -13.8450316, 28.8591963 ], [ -13.8450107, 28.8591691 ], [ -13.845002, 28.8591442 ], [ -13.8450023, 28.8591216 ], [ -13.8449936, 28.8590945 ], [ -13.844967, 28.8590649 ], [ -13.8448951, 28.8590215 ], [ -13.8448574, 28.8590099 ], [ -13.8447608, 28.859 ], [ -13.8447099, 28.8589635 ], [ -13.8446854, 28.8589226 ], [ -13.8446682, 28.8589134 ], [ -13.8446458, 28.8589087 ], [ -13.844619, 28.8589018 ], [ -13.8445993, 28.8588881 ], [ -13.844588, 28.8588654 ], [ -13.844587, 28.8588383 ], [ -13.8445802, 28.8588134 ], [ -13.8445638, 28.858793 ], [ -13.8445435, 28.8587748 ], [ -13.8445378, 28.8587634 ], [ -13.8445177, 28.8587339 ], [ -13.8445211, 28.8587136 ], [ -13.8445315, 28.8586979 ], [ -13.8445581, 28.8586688 ], [ -13.8445531, 28.8586552 ], [ -13.8445308, 28.8586505 ], [ -13.844418, 28.8586496 ], [ -13.8443738, 28.8586469 ], [ -13.8443533, 28.8586445 ], [ -13.8443324, 28.8586308 ], [ -13.8443127, 28.8586148 ], [ -13.8442832, 28.8585627 ], [ -13.8442401, 28.8585172 ], [ -13.8442281, 28.8584945 ], [ -13.8442116, 28.858429 ], [ -13.844214, 28.8583861 ], [ -13.8442124, 28.8583567 ], [ -13.8442024, 28.8583296 ], [ -13.844184, 28.8583114 ], [ -13.8441604, 28.8583044 ], [ -13.8440924, 28.8583061 ], [ -13.8440315, 28.8583169 ], [ -13.8439981, 28.8583188 ], [ -13.8439732, 28.8583141 ], [ -13.8439338, 28.8582867 ], [ -13.8439109, 28.8582662 ], [ -13.84387, 28.8582591 ], [ -13.8438316, 28.8582587 ], [ -13.8437443, 28.8582693 ], [ -13.8437296, 28.8582669 ], [ -13.8436295, 28.8582186 ], [ -13.8435482, 28.8581615 ], [ -13.8434616, 28.8581112 ], [ -13.8434158, 28.8580814 ], [ -13.8433605, 28.8580404 ], [ -13.8433415, 28.8580176 ], [ -13.8433313, 28.8580153 ], [ -13.8433205, 28.8580039 ], [ -13.8432931, 28.8579315 ], [ -13.8432584, 28.8578296 ], [ -13.8432187, 28.8577097 ], [ -13.8431752, 28.8575875 ], [ -13.8431461, 28.857497 ], [ -13.8431054, 28.8574064 ], [ -13.8430589, 28.8573247 ], [ -13.8430076, 28.8572115 ], [ -13.842979, 28.8571346 ], [ -13.8429537, 28.8570531 ], [ -13.8429164, 28.85694 ], [ -13.8428823, 28.8568449 ], [ -13.8428498, 28.8567657 ], [ -13.8428295, 28.8566956 ], [ -13.8428051, 28.8566367 ], [ -13.8427892, 28.856623 ], [ -13.8427541, 28.8566182 ], [ -13.8426899, 28.8566222 ], [ -13.842677, 28.8566333 ], [ -13.8426696, 28.8566671 ], [ -13.8426746, 28.8566761 ], [ -13.8426829, 28.8567394 ], [ -13.8427135, 28.8568638 ], [ -13.8427418, 28.8569768 ], [ -13.8427559, 28.8570288 ], [ -13.8427927, 28.8571171 ], [ -13.8428377, 28.8572213 ], [ -13.8428815, 28.8573165 ], [ -13.8429198, 28.8573958 ], [ -13.8429534, 28.8574818 ], [ -13.8429958, 28.857586 ], [ -13.8430259, 28.857699 ], [ -13.8430385, 28.857724 ], [ -13.843073, 28.8577852 ], [ -13.8430888, 28.8578079 ], [ -13.8431013, 28.8578418 ], [ -13.8431043, 28.8578531 ], [ -13.8430268, 28.8578502 ], [ -13.8430037, 28.8578545 ], [ -13.8429786, 28.8578656 ], [ -13.8429483, 28.8578834 ], [ -13.8428765, 28.8579414 ], [ -13.8428378, 28.8579682 ], [ -13.8427915, 28.8579768 ], [ -13.8426526, 28.8579666 ], [ -13.842501, 28.8579427 ], [ -13.8423846, 28.8579282 ], [ -13.8423328, 28.8579142 ], [ -13.8422735, 28.8578934 ], [ -13.8421938, 28.8578566 ], [ -13.8421441, 28.8578268 ], [ -13.8420507, 28.8577628 ], [ -13.8419514, 28.8576988 ], [ -13.8418541, 28.8576348 ], [ -13.8417937, 28.8575959 ], [ -13.8417505, 28.8575617 ], [ -13.8417163, 28.8575231 ], [ -13.8416899, 28.85748 ], [ -13.8416671, 28.8574527 ], [ -13.8416604, 28.8574256 ], [ -13.841619, 28.8573395 ], [ -13.8415829, 28.8572466 ], [ -13.8415405, 28.8571425 ], [ -13.8415321, 28.8570883 ], [ -13.8415248, 28.856998 ], [ -13.8415307, 28.8569235 ], [ -13.8416709, 28.8569338 ], [ -13.8417785, 28.8569437 ], [ -13.8419116, 28.8569584 ], [ -13.8420396, 28.8569663 ], [ -13.8421453, 28.8569762 ], [ -13.8422496, 28.8569839 ], [ -13.8423538, 28.8570028 ], [ -13.8423973, 28.8570145 ], [ -13.8424184, 28.8570147 ], [ -13.8424371, 28.8570081 ], [ -13.8424725, 28.8569858 ], [ -13.8424805, 28.8569633 ], [ -13.8424819, 28.8568956 ], [ -13.8424644, 28.8568503 ], [ -13.8424486, 28.8568322 ], [ -13.8424193, 28.8568184 ], [ -13.842381, 28.8568068 ], [ -13.8423509, 28.8567997 ], [ -13.8421966, 28.8567939 ], [ -13.8420756, 28.8567883 ], [ -13.8419398, 28.8567827 ], [ -13.8418341, 28.8567772 ], [ -13.841683, 28.8567669 ], [ -13.8415685, 28.8567569 ], [ -13.8414641, 28.8567515 ], [ -13.8413667, 28.8567507 ], [ -13.8412608, 28.8567633 ], [ -13.8412236, 28.8567743 ], [ -13.8411359, 28.8568254 ], [ -13.8410444, 28.8568698 ], [ -13.8410217, 28.8568921 ], [ -13.841005, 28.8568987 ], [ -13.840987, 28.8569053 ], [ -13.8409639, 28.8569029 ], [ -13.8409193, 28.8568777 ], [ -13.8408991, 28.8568549 ], [ -13.840845, 28.8567642 ], [ -13.8408022, 28.8566917 ], [ -13.8407586, 28.8565762 ], [ -13.8407396, 28.8564993 ], [ -13.8407248, 28.8563909 ], [ -13.8407086, 28.8563547 ], [ -13.8406631, 28.8562934 ], [ -13.8406424, 28.8562571 ], [ -13.8405975, 28.8562003 ], [ -13.8405639, 28.8561684 ], [ -13.8405276, 28.8561455 ], [ -13.8404837, 28.8561226 ], [ -13.8404135, 28.8561017 ], [ -13.8403938, 28.8560857 ], [ -13.8403508, 28.856029 ], [ -13.8403261, 28.8560039 ], [ -13.8402722, 28.8559583 ], [ -13.8402196, 28.855897 ], [ -13.8401605, 28.8557972 ], [ -13.840132, 28.8557653 ], [ -13.840066, 28.8557106 ], [ -13.8400407, 28.8556833 ], [ -13.8400218, 28.8556516 ], [ -13.8400107, 28.8556131 ], [ -13.8400116, 28.8555342 ], [ -13.8400149, 28.855471 ], [ -13.840012, 28.8554417 ], [ -13.8399956, 28.8554144 ], [ -13.8399753, 28.8553962 ], [ -13.8399419, 28.8554027 ], [ -13.8399219, 28.8554206 ], [ -13.8399049, 28.8554453 ], [ -13.8398823, 28.8554631 ], [ -13.8398029, 28.8554557 ], [ -13.8396885, 28.8554321 ], [ -13.8396374, 28.8554226 ], [ -13.839615, 28.8554202 ], [ -13.8396008, 28.8554246 ], [ -13.8395679, 28.8554446 ], [ -13.8395396, 28.8554579 ], [ -13.8395113, 28.8554667 ], [ -13.839485, 28.8554687 ], [ -13.8394634, 28.8554572 ], [ -13.8394106, 28.8554139 ], [ -13.8393793, 28.8554114 ], [ -13.8393382, 28.85542 ], [ -13.8392327, 28.8554598 ], [ -13.8391305, 28.8554859 ], [ -13.8390687, 28.855508 ], [ -13.8390204, 28.8555279 ], [ -13.838817, 28.8556232 ], [ -13.8387255, 28.8556607 ], [ -13.8385994, 28.855707 ], [ -13.8384835, 28.8557602 ], [ -13.8383635, 28.8558336 ], [ -13.8382667, 28.8559005 ], [ -13.8381607, 28.8559762 ], [ -13.8380395, 28.8560474 ], [ -13.8379189, 28.8561208 ], [ -13.8377943, 28.8562055 ], [ -13.8376594, 28.8562878 ], [ -13.8375349, 28.8563702 ], [ -13.8374212, 28.8564527 ], [ -13.8373045, 28.8565172 ], [ -13.8372897, 28.8565238 ], [ -13.8371856, 28.8566019 ], [ -13.8370842, 28.8566799 ], [ -13.8370344, 28.8567247 ], [ -13.836989, 28.8567717 ], [ -13.8368993, 28.8568882 ], [ -13.8368178, 28.8570138 ], [ -13.8367909, 28.85707 ], [ -13.8367588, 28.8571871 ], [ -13.8367326, 28.8572432 ], [ -13.8366954, 28.8572993 ], [ -13.8366202, 28.8573799 ], [ -13.8365819, 28.857427 ], [ -13.8365382, 28.8575507 ], [ -13.8365119, 28.8576091 ], [ -13.8364793, 28.857663 ], [ -13.8364125, 28.8577865 ], [ -13.8363209, 28.857903 ], [ -13.8362307, 28.8580083 ], [ -13.8361456, 28.8581114 ], [ -13.8360688, 28.8582167 ], [ -13.8359895, 28.8583199 ], [ -13.835955, 28.8583692 ], [ -13.8359206, 28.8584095 ], [ -13.8358875, 28.8584453 ], [ -13.8358628, 28.8584789 ], [ -13.8358333, 28.8585351 ], [ -13.8357881, 28.858625 ], [ -13.8357704, 28.8586632 ], [ -13.8357523, 28.8587352 ], [ -13.8357228, 28.8587959 ], [ -13.8357091, 28.8588161 ], [ -13.8356639, 28.8588518 ], [ -13.8357376, 28.8591367 ], [ -13.836031, 28.8593085 ], [ -13.8363353, 28.8594871 ], [ -13.8364781, 28.8595537 ], [ -13.8362327, 28.8599532 ], [ -13.8360541, 28.860227 ], [ -13.8359478, 28.8603908 ], [ -13.8358771, 28.8604691 ], [ -13.8358, 28.8605452 ], [ -13.8357173, 28.8606054 ], [ -13.8356232, 28.860661 ], [ -13.8354075, 28.8607516 ], [ -13.834699, 28.8610253 ], [ -13.8344133, 28.8611334 ], [ -13.8339113, 28.8613276 ], [ -13.8337696, 28.8613918 ], [ -13.8336548, 28.8614652 ], [ -13.8335398, 28.8615478 ], [ -13.8334277, 28.8616573 ], [ -13.833303, 28.8618052 ], [ -13.8332047, 28.8619487 ], [ -13.8328902, 28.8623973 ], [ -13.8324594, 28.8629914 ], [ -13.8321618, 28.8634108 ], [ -13.831893, 28.8637853 ], [ -13.8317205, 28.8640252 ], [ -13.8315484, 28.8642313 ], [ -13.831428, 28.8643408 ], [ -13.8312891, 28.8644389 ], [ -13.8311621, 28.8645077 ], [ -13.8309368, 28.8646028 ], [ -13.8308062, 28.864649 ], [ -13.8304844, 28.8647184 ], [ -13.8305389, 28.8648881 ], [ -13.8306264, 28.8651393 ], [ -13.8306909, 28.8653294 ], [ -13.8308019, 28.8656666 ], [ -13.8309145, 28.8660195 ], [ -13.830982, 28.8662322 ], [ -13.8310944, 28.86661 ], [ -13.8311598, 28.8668407 ], [ -13.8312345, 28.8670918 ], [ -13.831313, 28.867458 ], [ -13.8313363, 28.8676071 ], [ -13.8313482, 28.8678057 ], [ -13.8313479, 28.8680607 ], [ -13.8312647, 28.8686824 ] ] ] } }
]
}
