{
"type": "FeatureCollection",
"name": "38007",
"features": [
{ "type": "Feature", "properties": { "CCAA": "05 - Canarias", "PROVINCIA": "38 - Santa Cruz de Tenerife", "MUNICIPIO": "38007 - Barlovento", "COD_MUNICIPIO": "38007", "DISTRITO": "01", "SECCION": "3800701002", "V1_H": 79.47, "V1_M": 85.31, "V2_H": 79.34656828, "V2_M": 85.44731594, "V3_H": 79.76976452, "V3_M": 85.31663719 }, "geometry": { "type": "Polygon", "coordinates": [ [ [ -17.7702344, 28.8184279 ], [ -17.770301, 28.8185235 ], [ -17.7703405, 28.8185813 ], [ -17.7703525, 28.8186126 ], [ -17.7703606, 28.8186441 ], [ -17.7703596, 28.8186847 ], [ -17.7703376, 28.8187077 ], [ -17.7703125, 28.8187262 ], [ -17.7702315, 28.8187978 ], [ -17.770191, 28.8188595 ], [ -17.7701594, 28.8188985 ], [ -17.7701252, 28.818924 ], [ -17.7700436, 28.8189731 ], [ -17.7699717, 28.8190083 ], [ -17.7698924, 28.8190303 ], [ -17.7698363, 28.8190382 ], [ -17.7697617, 28.819042 ], [ -17.7697352, 28.8190493 ], [ -17.7697192, 28.8190632 ], [ -17.7697136, 28.8190813 ], [ -17.7697168, 28.8191309 ], [ -17.769738, 28.8191936 ], [ -17.7697648, 28.8192404 ], [ -17.7697828, 28.8192603 ], [ -17.7698044, 28.8192666 ], [ -17.7698271, 28.8192684 ], [ -17.7698535, 28.8192634 ], [ -17.7699002, 28.8192444 ], [ -17.7699991, 28.8191905 ], [ -17.7700234, 28.8191764 ], [ -17.7700641, 28.8191688 ], [ -17.7701386, 28.8191583 ], [ -17.7701715, 28.8191621 ], [ -17.7701881, 28.8191708 ], [ -17.7702414, 28.8192486 ], [ -17.7702534, 28.81928 ], [ -17.770273, 28.8193607 ], [ -17.7703055, 28.8194661 ], [ -17.7703248, 28.8194972 ], [ -17.7703817, 28.8195976 ], [ -17.7704113, 28.8196691 ], [ -17.7704179, 28.8196893 ], [ -17.7704509, 28.8197765 ], [ -17.7704835, 28.8198819 ], [ -17.7705084, 28.8199716 ], [ -17.7705116, 28.8200121 ], [ -17.7705209, 28.820057 ], [ -17.7705348, 28.8201582 ], [ -17.7705392, 28.8202461 ], [ -17.7705396, 28.8203385 ], [ -17.7705454, 28.8203993 ], [ -17.7705617, 28.820435 ], [ -17.7706012, 28.8204951 ], [ -17.7706142, 28.8205286 ], [ -17.7706242, 28.8205916 ], [ -17.7706266, 28.8206457 ], [ -17.770629, 28.8207358 ], [ -17.7706306, 28.8208328 ], [ -17.770634, 28.820959 ], [ -17.7706244, 28.8209862 ], [ -17.7706079, 28.8210181 ], [ -17.7706067, 28.8210542 ], [ -17.7706259, 28.8210832 ], [ -17.7706394, 28.8210919 ], [ -17.7706716, 28.8211048 ], [ -17.7707567, 28.8211098 ], [ -17.7708074, 28.8211246 ], [ -17.7708591, 28.8211438 ], [ -17.7709026, 28.8211677 ], [ -17.770934, 28.8211941 ], [ -17.7709503, 28.8212276 ], [ -17.7709579, 28.8212793 ], [ -17.7709558, 28.821356 ], [ -17.7709315, 28.8214422 ], [ -17.770914, 28.8214764 ], [ -17.7708942, 28.8215016 ], [ -17.7708622, 28.8215339 ], [ -17.7708103, 28.8215845 ], [ -17.7707766, 28.8216326 ], [ -17.7707709, 28.8216462 ], [ -17.7707713, 28.821662 ], [ -17.7707053, 28.8217197 ], [ -17.7706764, 28.8217496 ], [ -17.7706525, 28.8217817 ], [ -17.7706209, 28.8218613 ], [ -17.7706202, 28.8218703 ], [ -17.770629, 28.8218972 ], [ -17.7706462, 28.8219284 ], [ -17.7706542, 28.8219599 ], [ -17.7706511, 28.8219915 ], [ -17.7706198, 28.8220147 ], [ -17.7705419, 28.8220501 ], [ -17.7704866, 28.8220918 ], [ -17.77041, 28.8221723 ], [ -17.7703291, 28.8222552 ], [ -17.7703007, 28.8222986 ], [ -17.7702891, 28.8223259 ], [ -17.7702859, 28.8223621 ], [ -17.770295, 28.8223979 ], [ -17.7703402, 28.8224782 ], [ -17.7704056, 28.822549 ], [ -17.7704343, 28.8225868 ], [ -17.7704432, 28.8226159 ], [ -17.7704439, 28.8226429 ], [ -17.7704168, 28.8226999 ], [ -17.7703775, 28.8227616 ], [ -17.7703355, 28.8228008 ], [ -17.7702338, 28.822866 ], [ -17.7702076, 28.8228869 ], [ -17.7701868, 28.8229098 ], [ -17.7701761, 28.8229371 ], [ -17.7701765, 28.8229867 ], [ -17.7701785, 28.8230634 ], [ -17.7701903, 28.8230857 ], [ -17.7702459, 28.8231702 ], [ -17.7703134, 28.823241 ], [ -17.7703652, 28.8233076 ], [ -17.7703826, 28.8233433 ], [ -17.7704016, 28.8234444 ], [ -17.7704018, 28.823485 ], [ -17.770391, 28.82351 ], [ -17.7703711, 28.8235307 ], [ -17.7703269, 28.8235609 ], [ -17.7702752, 28.8236206 ], [ -17.7702578, 28.8236593 ], [ -17.7702445, 28.8237791 ], [ -17.7702431, 28.8238739 ], [ -17.7702294, 28.8239035 ], [ -17.7701746, 28.823961 ], [ -17.7701405, 28.8239842 ], [ -17.7701081, 28.8240007 ], [ -17.7700726, 28.8240127 ], [ -17.7700452, 28.8240245 ], [ -17.7699907, 28.8240595 ], [ -17.7699761, 28.8240868 ], [ -17.7699698, 28.824114 ], [ -17.7699551, 28.8241391 ], [ -17.7699332, 28.8241644 ], [ -17.769888, 28.8241991 ], [ -17.7698303, 28.8242251 ], [ -17.7698234, 28.8242343 ], [ -17.7698308, 28.8242432 ], [ -17.7698382, 28.8242498 ], [ -17.7698373, 28.8242611 ], [ -17.7698084, 28.8242887 ], [ -17.7697707, 28.8242963 ], [ -17.7696982, 28.8243023 ], [ -17.7695817, 28.8243137 ], [ -17.7694701, 28.8243182 ], [ -17.7694592, 28.824332 ], [ -17.7694577, 28.8243523 ], [ -17.7694695, 28.8243679 ], [ -17.7695267, 28.8244005 ], [ -17.7695507, 28.8244203 ], [ -17.7695646, 28.8244448 ], [ -17.7695714, 28.8244717 ], [ -17.7695661, 28.8245012 ], [ -17.7695481, 28.8245128 ], [ -17.7695025, 28.8245318 ], [ -17.7694853, 28.8245434 ], [ -17.7694541, 28.8246027 ], [ -17.7694446, 28.8246322 ], [ -17.7694292, 28.8246663 ], [ -17.7694095, 28.8246961 ], [ -17.7693939, 28.824728 ], [ -17.7693954, 28.8247437 ], [ -17.7694121, 28.8247569 ], [ -17.7694348, 28.8247632 ], [ -17.7694821, 28.8247713 ], [ -17.769503, 28.8247889 ], [ -17.7695246, 28.824829 ], [ -17.7695346, 28.8248942 ], [ -17.7695403, 28.8249166 ], [ -17.7695527, 28.8249254 ], [ -17.7695957, 28.8249223 ], [ -17.7696579, 28.8249052 ], [ -17.7697068, 28.8248997 ], [ -17.7697398, 28.8249058 ], [ -17.7697688, 28.8249187 ], [ -17.7697877, 28.8249364 ], [ -17.7698044, 28.8249879 ], [ -17.7698494, 28.8250591 ], [ -17.7698952, 28.8251281 ], [ -17.769929, 28.8251657 ], [ -17.7699582, 28.8251877 ], [ -17.7700267, 28.8252246 ], [ -17.7700664, 28.8252486 ], [ -17.770101, 28.8252795 ], [ -17.7701262, 28.825306 ], [ -17.7701457, 28.8253394 ], [ -17.7701633, 28.825391 ], [ -17.7701727, 28.8254719 ], [ -17.7701715, 28.8255847 ], [ -17.7701794, 28.8256094 ], [ -17.7702035, 28.8256337 ], [ -17.7702493, 28.8256553 ], [ -17.7703251, 28.8256988 ], [ -17.7703582, 28.8257072 ], [ -17.7703785, 28.8257 ], [ -17.7703903, 28.8256817 ], [ -17.7703898, 28.8256614 ], [ -17.7703714, 28.8256257 ], [ -17.7703356, 28.8255475 ], [ -17.7703337, 28.8255183 ], [ -17.7703433, 28.8254549 ], [ -17.7703565, 28.8254163 ], [ -17.7703677, 28.825371 ], [ -17.7703675, 28.825247 ], [ -17.77037, 28.8252288 ], [ -17.7703944, 28.8251833 ], [ -17.7704252, 28.8251443 ], [ -17.7704877, 28.8250686 ], [ -17.7705322, 28.8250429 ], [ -17.7705829, 28.825026 ], [ -17.7706408, 28.8250113 ], [ -17.7706945, 28.8249854 ], [ -17.7707157, 28.8249737 ], [ -17.7707914, 28.8248977 ], [ -17.770818, 28.8248926 ], [ -17.7708529, 28.8249686 ], [ -17.77087, 28.8249976 ], [ -17.7708926, 28.8250016 ], [ -17.7709107, 28.82499 ], [ -17.7709241, 28.8249513 ], [ -17.7709241, 28.8249153 ], [ -17.7709189, 28.8248748 ], [ -17.7709076, 28.8248367 ], [ -17.7709072, 28.8248186 ], [ -17.7710042, 28.8248099 ], [ -17.7710541, 28.8247953 ], [ -17.7711054, 28.8247627 ], [ -17.771208, 28.8246907 ], [ -17.7712407, 28.8246517 ], [ -17.7713126, 28.8245375 ], [ -17.7713713, 28.8244325 ], [ -17.7713934, 28.824378 ], [ -17.7714357, 28.8242778 ], [ -17.7714603, 28.824239 ], [ -17.7714713, 28.8242275 ], [ -17.7714979, 28.8242292 ], [ -17.7715174, 28.8242671 ], [ -17.7715257, 28.8243075 ], [ -17.7715397, 28.8243388 ], [ -17.7715646, 28.8243451 ], [ -17.7715897, 28.8243288 ], [ -17.7716137, 28.8243012 ], [ -17.7716597, 28.8242259 ], [ -17.7717158, 28.8241368 ], [ -17.7717667, 28.8240478 ], [ -17.771777, 28.824016 ], [ -17.7717778, 28.8240002 ], [ -17.7717857, 28.8239933 ], [ -17.7717924, 28.8239751 ], [ -17.7718224, 28.8239452 ], [ -17.7718615, 28.8239173 ], [ -17.7718869, 28.82391 ], [ -17.7719985, 28.8239054 ], [ -17.7720437, 28.8239068 ], [ -17.7721481, 28.8239091 ], [ -17.7722098, 28.8239192 ], [ -17.7722973, 28.8239354 ], [ -17.7724394, 28.8239595 ], [ -17.7725833, 28.8239791 ], [ -17.7726872, 28.8239973 ], [ -17.772827, 28.8240192 ], [ -17.7728755, 28.8240318 ], [ -17.7729327, 28.8240621 ], [ -17.7730158, 28.8241416 ], [ -17.7730576, 28.8241723 ], [ -17.7731398, 28.824227 ], [ -17.7731745, 28.8242556 ], [ -17.7731937, 28.8242823 ], [ -17.7732082, 28.8243271 ], [ -17.7732175, 28.8243743 ], [ -17.7732167, 28.8244216 ], [ -17.7731932, 28.8244582 ], [ -17.7731529, 28.8244838 ], [ -17.7731033, 28.8245097 ], [ -17.773056, 28.82454 ], [ -17.7730263, 28.8245789 ], [ -17.7730165, 28.8245949 ], [ -17.7730083, 28.8246334 ], [ -17.7730122, 28.8246649 ], [ -17.7730391, 28.8246779 ], [ -17.7730946, 28.824679 ], [ -17.7731127, 28.8247034 ], [ -17.7731548, 28.8248243 ], [ -17.7731613, 28.8248783 ], [ -17.7731628, 28.8249347 ], [ -17.7731551, 28.8249957 ], [ -17.7731384, 28.8250953 ], [ -17.7731397, 28.8251877 ], [ -17.773156, 28.8252234 ], [ -17.7731995, 28.8252406 ], [ -17.7732354, 28.8252399 ], [ -17.7732637, 28.825228 ], [ -17.7733068, 28.8251865 ], [ -17.773353, 28.8251562 ], [ -17.7734097, 28.8251303 ], [ -17.7735212, 28.8250874 ], [ -17.7735793, 28.8250749 ], [ -17.7736905, 28.8250974 ], [ -17.7737353, 28.8250875 ], [ -17.7737661, 28.8250508 ], [ -17.7738025, 28.8250297 ], [ -17.7738403, 28.8250244 ], [ -17.7738763, 28.8250305 ], [ -17.773896, 28.8250436 ], [ -17.7739667, 28.8250422 ], [ -17.7740212, 28.8250523 ], [ -17.7741422, 28.8250927 ], [ -17.7741971, 28.8251163 ], [ -17.7742668, 28.8251578 ], [ -17.7743107, 28.8251907 ], [ -17.7743465, 28.8252283 ], [ -17.7744161, 28.825299 ], [ -17.7744719, 28.825361 ], [ -17.774492, 28.8253876 ], [ -17.7744976, 28.8254056 ], [ -17.7745037, 28.8254415 ], [ -17.774507, 28.8255249 ], [ -17.7745047, 28.8255949 ], [ -17.7745049, 28.82564 ], [ -17.7745171, 28.8257096 ], [ -17.7745447, 28.8257857 ], [ -17.7745771, 28.8258505 ], [ -17.7746217, 28.8259488 ], [ -17.7746407, 28.8260093 ], [ -17.7746539, 28.8260428 ], [ -17.7746702, 28.8261169 ], [ -17.7746988, 28.8262336 ], [ -17.7747146, 28.826319 ], [ -17.774724, 28.826445 ], [ -17.7747223, 28.826497 ], [ -17.7747069, 28.8265356 ], [ -17.7746862, 28.8265654 ], [ -17.7746662, 28.8265838 ], [ -17.774648, 28.8265909 ], [ -17.7746142, 28.8265916 ], [ -17.7745584, 28.8265747 ], [ -17.7745296, 28.8265708 ], [ -17.7744938, 28.8265716 ], [ -17.7744581, 28.8265768 ], [ -17.7743955, 28.8266119 ], [ -17.7743699, 28.8266463 ], [ -17.7743643, 28.8266734 ], [ -17.774367, 28.8266937 ], [ -17.7743835, 28.8267024 ], [ -17.7744091, 28.8267019 ], [ -17.7744429, 28.8266966 ], [ -17.7744803, 28.8266823 ], [ -17.7745902, 28.8266485 ], [ -17.7746125, 28.826648 ], [ -17.7746306, 28.8267086 ], [ -17.774642, 28.8267918 ], [ -17.7746442, 28.8269135 ], [ -17.774637, 28.8269497 ], [ -17.7746154, 28.8270223 ], [ -17.7745781, 28.8271246 ], [ -17.7745539, 28.827213 ], [ -17.7745335, 28.8273375 ], [ -17.7745051, 28.8274621 ], [ -17.7744705, 28.8275869 ], [ -17.7744418, 28.8276979 ], [ -17.7744318, 28.8277523 ], [ -17.7744325, 28.827777 ], [ -17.7744194, 28.8278202 ], [ -17.7744, 28.8278612 ], [ -17.7743727, 28.8279542 ], [ -17.7743436, 28.8280518 ], [ -17.7743168, 28.8281651 ], [ -17.7742952, 28.8282737 ], [ -17.7742809, 28.8283124 ], [ -17.7742622, 28.8283421 ], [ -17.7742362, 28.8283674 ], [ -17.7741786, 28.8283979 ], [ -17.7741233, 28.8284352 ], [ -17.7740744, 28.828488 ], [ -17.7740638, 28.8285108 ], [ -17.7740458, 28.8285675 ], [ -17.7740449, 28.8286104 ], [ -17.7740539, 28.828635 ], [ -17.7740708, 28.8286572 ], [ -17.7740887, 28.8286749 ], [ -17.7741036, 28.8286994 ], [ -17.7741468, 28.828782 ], [ -17.7741582, 28.8288268 ], [ -17.7741985, 28.8289523 ], [ -17.7742134, 28.8290489 ], [ -17.774235, 28.8291365 ], [ -17.7742727, 28.8292417 ], [ -17.774309, 28.8293334 ], [ -17.7743216, 28.8293873 ], [ -17.7743305, 28.8294547 ], [ -17.774502, 28.8293903 ], [ -17.7745423, 28.8293692 ], [ -17.7746058, 28.8293476 ], [ -17.7747071, 28.8293207 ], [ -17.7747801, 28.8293011 ], [ -17.7749538, 28.8292615 ], [ -17.7750146, 28.829249 ], [ -17.775048, 28.8292415 ], [ -17.7751052, 28.829229 ], [ -17.7752141, 28.829202 ], [ -17.77527, 28.8291851 ], [ -17.7753074, 28.8291662 ], [ -17.7753392, 28.829134 ], [ -17.7753571, 28.8291089 ], [ -17.7753725, 28.8290792 ], [ -17.7753875, 28.8290473 ], [ -17.7753925, 28.8290134 ], [ -17.7753964, 28.8289908 ], [ -17.7754042, 28.8289455 ], [ -17.7754094, 28.8288665 ], [ -17.7754107, 28.8288281 ], [ -17.7754105, 28.8288123 ], [ -17.7754126, 28.8287672 ], [ -17.7754082, 28.8287244 ], [ -17.775367, 28.8286328 ], [ -17.7753196, 28.8285436 ], [ -17.7753024, 28.8285078 ], [ -17.7752757, 28.8284475 ], [ -17.7752696, 28.8284364 ], [ -17.7752609, 28.8284185 ], [ -17.775255, 28.828387 ], [ -17.7752641, 28.828353 ], [ -17.7752933, 28.8283276 ], [ -17.7753347, 28.828311 ], [ -17.7753829, 28.828301 ], [ -17.7755092, 28.8282781 ], [ -17.775608, 28.828249 ], [ -17.7756218, 28.8282442 ], [ -17.7756576, 28.8282299 ], [ -17.775704, 28.8282042 ], [ -17.7757526, 28.8281806 ], [ -17.7758031, 28.828166 ], [ -17.7758543, 28.8281582 ], [ -17.7759898, 28.8281306 ], [ -17.7760426, 28.8281137 ], [ -17.77609, 28.828088 ], [ -17.7761282, 28.8280511 ], [ -17.7761402, 28.828008 ], [ -17.7761406, 28.827911 ], [ -17.7761277, 28.8278527 ], [ -17.7761018, 28.827754 ], [ -17.7760696, 28.8276599 ], [ -17.7760463, 28.8275702 ], [ -17.7760448, 28.8275431 ], [ -17.776043, 28.8275184 ], [ -17.7760483, 28.8274754 ], [ -17.7760679, 28.8274074 ], [ -17.7761116, 28.8273163 ], [ -17.7761642, 28.8272205 ], [ -17.7762276, 28.827129 ], [ -17.7762742, 28.8270378 ], [ -17.7762794, 28.8270309 ], [ -17.7763037, 28.8269921 ], [ -17.7763673, 28.8269096 ], [ -17.776402, 28.8268751 ], [ -17.7764901, 28.8268033 ], [ -17.7765333, 28.8267663 ], [ -17.7765786, 28.8267384 ], [ -17.776598, 28.8267312 ], [ -17.7766497, 28.8267144 ], [ -17.7766855, 28.8267046 ], [ -17.7767302, 28.8266969 ], [ -17.7768225, 28.826695 ], [ -17.7769277, 28.8266906 ], [ -17.7769788, 28.8266805 ], [ -17.7770505, 28.8266497 ], [ -17.777088, 28.8266219 ], [ -17.7771339, 28.8265826 ], [ -17.7772138, 28.8265178 ], [ -17.7772639, 28.8264965 ], [ -17.7773102, 28.8264888 ], [ -17.7773492, 28.8264925 ], [ -17.7773868, 28.8264985 ], [ -17.7774214, 28.8265135 ], [ -17.7774559, 28.8265354 ], [ -17.7775356, 28.8265946 ], [ -17.7775762, 28.8266208 ], [ -17.7775966, 28.8266317 ], [ -17.7776097, 28.8266382 ], [ -17.7776628, 28.8266664 ], [ -17.7776982, 28.8266792 ], [ -17.7777125, 28.8266857 ], [ -17.7777886, 28.8267044 ], [ -17.7778409, 28.8267056 ], [ -17.7778917, 28.8267023 ], [ -17.7779368, 28.8266879 ], [ -17.7779768, 28.8266599 ], [ -17.7780078, 28.8266255 ], [ -17.778027, 28.826589 ], [ -17.7780571, 28.8265162 ], [ -17.7780709, 28.8264663 ], [ -17.7780787, 28.8264391 ], [ -17.7781083, 28.826328 ], [ -17.7781324, 28.8262328 ], [ -17.7781666, 28.8261351 ], [ -17.7781998, 28.8260758 ], [ -17.7782087, 28.8260598 ], [ -17.7782426, 28.826023 ], [ -17.7783454, 28.8259668 ], [ -17.7783984, 28.8259432 ], [ -17.7784805, 28.8259189 ], [ -17.7785936, 28.825885 ], [ -17.7786929, 28.8258537 ], [ -17.7787964, 28.8258087 ], [ -17.7788539, 28.8257849 ], [ -17.7790021, 28.8257368 ], [ -17.7790501, 28.8257155 ], [ -17.7791417, 28.8256708 ], [ -17.779297, 28.8256112 ], [ -17.7793457, 28.8256034 ], [ -17.7794675, 28.8255896 ], [ -17.7794951, 28.8255868 ], [ -17.7795402, 28.8255859 ], [ -17.7795934, 28.8255848 ], [ -17.7796476, 28.8255791 ], [ -17.7797415, 28.8255727 ], [ -17.7798366, 28.8255662 ], [ -17.7799017, 28.8255514 ], [ -17.7799609, 28.8255388 ], [ -17.7800506, 28.8255212 ], [ -17.7801574, 28.825519 ], [ -17.7802631, 28.8255191 ], [ -17.7803135, 28.8255113 ], [ -17.7804016, 28.8254599 ], [ -17.7804444, 28.8254274 ], [ -17.7805275, 28.8253535 ], [ -17.7805543, 28.8253214 ], [ -17.7806313, 28.8252161 ], [ -17.7807806, 28.8250145 ], [ -17.7808113, 28.8249688 ], [ -17.7808698, 28.8248955 ], [ -17.7809231, 28.8248583 ], [ -17.780937, 28.8248467 ], [ -17.7809745, 28.8248189 ], [ -17.7810908, 28.824733 ], [ -17.781122, 28.8247121 ], [ -17.7811706, 28.8246863 ], [ -17.7812153, 28.8246696 ], [ -17.7812641, 28.824655 ], [ -17.7813729, 28.8246325 ], [ -17.7814251, 28.8246292 ], [ -17.7814784, 28.8246326 ], [ -17.7815309, 28.8246428 ], [ -17.7815989, 28.8246639 ], [ -17.7816407, 28.8246901 ], [ -17.7816784, 28.8247209 ], [ -17.7816927, 28.8247364 ], [ -17.7817067, 28.8247519 ], [ -17.7817284, 28.8247853 ], [ -17.7817423, 28.8248211 ], [ -17.7817498, 28.8248592 ], [ -17.7817604, 28.8249966 ], [ -17.7817702, 28.8250866 ], [ -17.7817827, 28.825136 ], [ -17.7818022, 28.8251716 ], [ -17.7818693, 28.8252289 ], [ -17.7819232, 28.8252616 ], [ -17.7820126, 28.8253003 ], [ -17.7820602, 28.8253106 ], [ -17.7821133, 28.8253208 ], [ -17.7821597, 28.8253199 ], [ -17.7822051, 28.8253054 ], [ -17.7822446, 28.8252843 ], [ -17.7823409, 28.8252191 ], [ -17.7823814, 28.8251868 ], [ -17.7824232, 28.8251543 ], [ -17.7824889, 28.8251033 ], [ -17.782524, 28.8250868 ], [ -17.7825629, 28.8250748 ], [ -17.7826281, 28.8250712 ], [ -17.7827137, 28.8250874 ], [ -17.7828509, 28.8250959 ], [ -17.7828824, 28.8250975 ], [ -17.7829451, 28.8250984 ], [ -17.7830164, 28.825106 ], [ -17.7831096, 28.8251199 ], [ -17.7831601, 28.8251233 ], [ -17.7832113, 28.8251223 ], [ -17.7832647, 28.8251257 ], [ -17.7833724, 28.8251392 ], [ -17.78342, 28.825145 ], [ -17.7835816, 28.8251552 ], [ -17.7836823, 28.8251757 ], [ -17.7837431, 28.825206 ], [ -17.7838215, 28.8252653 ], [ -17.7838769, 28.825307 ], [ -17.7839174, 28.8253332 ], [ -17.7839622, 28.8253481 ], [ -17.784007, 28.8253494 ], [ -17.7840387, 28.8253487 ], [ -17.7841014, 28.8253474 ], [ -17.7841436, 28.8253511 ], [ -17.7841941, 28.8253726 ], [ -17.7842258, 28.8253968 ], [ -17.7842959, 28.8254742 ], [ -17.7843028, 28.8254808 ], [ -17.7843523, 28.8255272 ], [ -17.7844406, 28.8255592 ], [ -17.7845708, 28.8255565 ], [ -17.7845801, 28.8255563 ], [ -17.7846668, 28.8255455 ], [ -17.7847077, 28.8255334 ], [ -17.7847341, 28.8255216 ], [ -17.7847439, 28.8255191 ], [ -17.7847894, 28.8254956 ], [ -17.7848219, 28.8254769 ], [ -17.7848475, 28.8254561 ], [ -17.7848562, 28.8254378 ], [ -17.7848623, 28.8254264 ], [ -17.784874, 28.8253924 ], [ -17.7848967, 28.8253648 ], [ -17.7849269, 28.8253462 ], [ -17.7849624, 28.8253319 ], [ -17.7850931, 28.8253134 ], [ -17.7852046, 28.8253089 ], [ -17.785224, 28.8253062 ], [ -17.7852696, 28.8252985 ], [ -17.7853126, 28.8252841 ], [ -17.7853506, 28.8252653 ], [ -17.7854394, 28.8252071 ], [ -17.785472, 28.8251703 ], [ -17.7855019, 28.8251268 ], [ -17.785552, 28.8250491 ], [ -17.7855695, 28.8250104 ], [ -17.7855935, 28.8249558 ], [ -17.7856283, 28.8248784 ], [ -17.7856392, 28.8248624 ], [ -17.785652, 28.8248441 ], [ -17.7856818, 28.8248142 ], [ -17.7857176, 28.8247954 ], [ -17.785792, 28.8247578 ], [ -17.7858781, 28.8247199 ], [ -17.7859584, 28.8246957 ], [ -17.785998, 28.8246859 ], [ -17.7860361, 28.8246806 ], [ -17.7860734, 28.8246753 ], [ -17.786099, 28.8246702 ], [ -17.7861102, 28.8246678 ], [ -17.7861826, 28.8246482 ], [ -17.7862079, 28.8246409 ], [ -17.7862343, 28.8246291 ], [ -17.7862614, 28.8246083 ], [ -17.786321, 28.8245754 ], [ -17.7864726, 28.8244325 ], [ -17.786507, 28.8244047 ], [ -17.7866024, 28.8243396 ], [ -17.7866711, 28.8242953 ], [ -17.7867436, 28.8242533 ], [ -17.7869172, 28.8241549 ], [ -17.7869512, 28.824134 ], [ -17.7869948, 28.824115 ], [ -17.7871266, 28.8240559 ], [ -17.7871376, 28.8240511 ], [ -17.7871479, 28.8240464 ], [ -17.7871926, 28.8240433 ], [ -17.787238, 28.8240423 ], [ -17.7872913, 28.8240525 ], [ -17.7873769, 28.8240778 ], [ -17.7874003, 28.8240908 ], [ -17.7874266, 28.8241038 ], [ -17.7874827, 28.8241185 ], [ -17.7875634, 28.8241191 ], [ -17.7876248, 28.824102 ], [ -17.7876677, 28.8240718 ], [ -17.787719, 28.8240301 ], [ -17.787799, 28.8239721 ], [ -17.7878288, 28.8239602 ], [ -17.7879013, 28.8239587 ], [ -17.7879179, 28.8239606 ], [ -17.787951, 28.8239735 ], [ -17.7880199, 28.8240261 ], [ -17.7880781, 28.8240543 ], [ -17.7881139, 28.8240648 ], [ -17.7882022, 28.8240991 ], [ -17.7882687, 28.8241383 ], [ -17.7883062, 28.824151 ], [ -17.7883813, 28.824172 ], [ -17.788448, 28.8241752 ], [ -17.7884612, 28.8241726 ], [ -17.7885845, 28.8241453 ], [ -17.7886637, 28.8241211 ], [ -17.788682, 28.824114 ], [ -17.7887575, 28.8241011 ], [ -17.7888277, 28.8240929 ], [ -17.7888922, 28.8240871 ], [ -17.7890037, 28.8240848 ], [ -17.7890719, 28.8240856 ], [ -17.7891156, 28.8240847 ], [ -17.7891387, 28.8240887 ], [ -17.7892234, 28.8241005 ], [ -17.7903465, 28.8243118 ], [ -17.7903592, 28.8243161 ], [ -17.7903699, 28.8243158 ], [ -17.7904071, 28.8243196 ], [ -17.7904601, 28.8243297 ], [ -17.7904701, 28.8243318 ], [ -17.790513, 28.8243399 ], [ -17.7905379, 28.8243439 ], [ -17.7905976, 28.8243494 ], [ -17.7906273, 28.8243511 ], [ -17.7906509, 28.8243506 ], [ -17.7906698, 28.8243434 ], [ -17.7906867, 28.8243386 ], [ -17.7907016, 28.8243338 ], [ -17.79072, 28.8243289 ], [ -17.7907391, 28.8243262 ], [ -17.7907629, 28.8243212 ], [ -17.7907839, 28.8243208 ], [ -17.7908087, 28.824318 ], [ -17.7908508, 28.8243194 ], [ -17.7908784, 28.8243211 ], [ -17.7909042, 28.8243228 ], [ -17.7909248, 28.8243269 ], [ -17.7909535, 28.8243308 ], [ -17.7909727, 28.8243304 ], [ -17.790991, 28.8243323 ], [ -17.7910161, 28.824334 ], [ -17.7910418, 28.8243335 ], [ -17.7910561, 28.8243332 ], [ -17.7911205, 28.8243318 ], [ -17.7911668, 28.8243331 ], [ -17.7912098, 28.8243368 ], [ -17.7913246, 28.8243502 ], [ -17.7913685, 28.8243628 ], [ -17.7914054, 28.8243801 ], [ -17.7915512, 28.8244222 ], [ -17.7916965, 28.824471 ], [ -17.7917073, 28.8244731 ], [ -17.7917838, 28.8245075 ], [ -17.7918952, 28.8245729 ], [ -17.791978, 28.8246095 ], [ -17.7920054, 28.8246247 ], [ -17.7920479, 28.8246509 ], [ -17.79211, 28.8246902 ], [ -17.792177, 28.8247114 ], [ -17.7922232, 28.8247262 ], [ -17.7923139, 28.8247469 ], [ -17.7923605, 28.8247504 ], [ -17.7924641, 28.824737 ], [ -17.7924772, 28.8247322 ], [ -17.7925173, 28.8247156 ], [ -17.7925257, 28.8247087 ], [ -17.7925749, 28.8246693 ], [ -17.7925991, 28.8246576 ], [ -17.7926523, 28.8246565 ], [ -17.7926741, 28.8246538 ], [ -17.7927476, 28.8246522 ], [ -17.7928378, 28.8246255 ], [ -17.7928756, 28.8246067 ], [ -17.7929034, 28.8245859 ], [ -17.7929396, 28.8245513 ], [ -17.7929912, 28.8245006 ], [ -17.7930241, 28.8244751 ], [ -17.7930812, 28.8244491 ], [ -17.7931847, 28.8244244 ], [ -17.7932649, 28.8244227 ], [ -17.7933285, 28.8244304 ], [ -17.7934492, 28.8244573 ], [ -17.7935971, 28.8244768 ], [ -17.7936176, 28.8244763 ], [ -17.7936316, 28.8244783 ], [ -17.7938628, 28.8244397 ], [ -17.7939104, 28.8244229 ], [ -17.7939471, 28.8244086 ], [ -17.7940098, 28.824378 ], [ -17.794082, 28.8243066 ], [ -17.7941089, 28.8242767 ], [ -17.7941658, 28.8242237 ], [ -17.7942062, 28.8242003 ], [ -17.7942446, 28.8241792 ], [ -17.7943244, 28.8241302 ], [ -17.7944745, 28.8240391 ], [ -17.7946399, 28.8239387 ], [ -17.7946691, 28.8239246 ], [ -17.794758, 28.8239092 ], [ -17.7948663, 28.8239025 ], [ -17.7950041, 28.8238906 ], [ -17.7950597, 28.8238895 ], [ -17.7951208, 28.8238882 ], [ -17.7951682, 28.8238895 ], [ -17.7951994, 28.8238888 ], [ -17.7952302, 28.8238882 ], [ -17.7952501, 28.82389 ], [ -17.7952601, 28.8238898 ], [ -17.7952725, 28.8238896 ], [ -17.795293, 28.8238914 ], [ -17.7953114, 28.823891 ], [ -17.7953236, 28.8238907 ], [ -17.7953384, 28.8238927 ], [ -17.7953504, 28.8238924 ], [ -17.7953604, 28.8238922 ], [ -17.7953749, 28.8238919 ], [ -17.7953945, 28.8238915 ], [ -17.7954087, 28.8238912 ], [ -17.7954203, 28.823891 ], [ -17.7954374, 28.8238906 ], [ -17.7954505, 28.8238904 ], [ -17.795466, 28.82389 ], [ -17.7954784, 28.8238898 ], [ -17.7955126, 28.8238846 ], [ -17.7955326, 28.8238842 ], [ -17.7955452, 28.8238816 ], [ -17.7955706, 28.8238789 ], [ -17.7955853, 28.823874 ], [ -17.7956122, 28.823869 ], [ -17.7956365, 28.8238617 ], [ -17.7956862, 28.8238516 ], [ -17.7957599, 28.8238321 ], [ -17.7957868, 28.8238248 ], [ -17.7958803, 28.8238318 ], [ -17.7960768, 28.8238435 ], [ -17.7961541, 28.8238487 ], [ -17.796251, 28.823858 ], [ -17.7963227, 28.8238633 ], [ -17.7963985, 28.8238617 ], [ -17.7964505, 28.8238606 ], [ -17.796466, 28.8238603 ], [ -17.7964874, 28.8238576 ], [ -17.7965342, 28.8238498 ], [ -17.7965732, 28.8238355 ], [ -17.7965914, 28.8238284 ], [ -17.7966123, 28.8238189 ], [ -17.7966271, 28.8238141 ], [ -17.7966441, 28.8238092 ], [ -17.7966551, 28.823809 ], [ -17.796699, 28.8238036 ], [ -17.7967686, 28.8237976 ], [ -17.7967785, 28.8237952 ], [ -17.7968843, 28.8237839 ], [ -17.7970979, 28.8237367 ], [ -17.7971389, 28.8237178 ], [ -17.7971457, 28.8237086 ], [ -17.7971747, 28.8236674 ], [ -17.7971808, 28.823656 ], [ -17.7971952, 28.8236264 ], [ -17.7972102, 28.8236081 ], [ -17.7972241, 28.8235965 ], [ -17.7972514, 28.8235824 ], [ -17.7973044, 28.82357 ], [ -17.797367, 28.8235507 ], [ -17.7974423, 28.8235198 ], [ -17.7974929, 28.8234894 ], [ -17.7976396, 28.8233917 ], [ -17.7976838, 28.8233569 ], [ -17.7978169, 28.8232369 ], [ -17.7978395, 28.8232049 ], [ -17.7978566, 28.8231527 ], [ -17.7978669, 28.8231186 ], [ -17.7978789, 28.823071 ], [ -17.7978812, 28.8230552 ], [ -17.7978861, 28.8230325 ], [ -17.7978988, 28.8229781 ], [ -17.7979146, 28.8229462 ], [ -17.7979539, 28.8228868 ], [ -17.7979691, 28.8228662 ], [ -17.7979944, 28.8228341 ], [ -17.7980421, 28.8227632 ], [ -17.7981022, 28.822683 ], [ -17.7981811, 28.8226002 ], [ -17.7982621, 28.8225331 ], [ -17.798294, 28.8225054 ], [ -17.7983537, 28.8224748 ], [ -17.7983816, 28.8224494 ], [ -17.7983898, 28.8224357 ], [ -17.7983896, 28.8224064 ], [ -17.7983866, 28.8223975 ], [ -17.7983788, 28.8223773 ], [ -17.7983677, 28.8223483 ], [ -17.7983719, 28.8223188 ], [ -17.7983917, 28.8222936 ], [ -17.798436, 28.8222611 ], [ -17.7984652, 28.8222357 ], [ -17.7984898, 28.8222036 ], [ -17.7984982, 28.8221719 ], [ -17.798497, 28.8221246 ], [ -17.7984891, 28.8220706 ], [ -17.7984938, 28.8220412 ], [ -17.7985113, 28.8220138 ], [ -17.7985494, 28.8219724 ], [ -17.7985965, 28.8219398 ], [ -17.79865, 28.8219094 ], [ -17.7987227, 28.8218808 ], [ -17.7988266, 28.8218449 ], [ -17.7988933, 28.8218209 ], [ -17.7989275, 28.8217954 ], [ -17.7989588, 28.8217519 ], [ -17.7989704, 28.8217111 ], [ -17.798967, 28.8216503 ], [ -17.7989603, 28.8216279 ], [ -17.7989551, 28.8216144 ], [ -17.7989365, 28.8215832 ], [ -17.7989109, 28.8215296 ], [ -17.7988898, 28.8214917 ], [ -17.7988823, 28.8214536 ], [ -17.7988742, 28.8214064 ], [ -17.7988365, 28.821308 ], [ -17.7988337, 28.8212697 ], [ -17.7988355, 28.8212358 ], [ -17.7988436, 28.8212198 ], [ -17.7988881, 28.8211535 ], [ -17.7989446, 28.8210937 ], [ -17.7990154, 28.8210133 ], [ -17.7991077, 28.8208761 ], [ -17.7999496, 28.8199386 ], [ -17.8011499, 28.8184996 ], [ -17.8029054, 28.8173808 ], [ -17.8044769, 28.8162047 ], [ -17.806904, 28.8143186 ], [ -17.8082974, 28.8132951 ], [ -17.8097877, 28.8118997 ], [ -17.810058, 28.8115175 ], [ -17.8109302, 28.8103853 ], [ -17.8114645, 28.8090707 ], [ -17.8116882, 28.8082632 ], [ -17.8122577, 28.8075545 ], [ -17.8131905, 28.8065496 ], [ -17.81439, 28.8056632 ], [ -17.8162098, 28.8047096 ], [ -17.8176068, 28.8041054 ], [ -17.8205197, 28.8017601 ], [ -17.8247424, 28.7978133 ], [ -17.8283501, 28.7943033 ], [ -17.8324998, 28.7897917 ], [ -17.8349716, 28.7868872 ], [ -17.8349816, 28.7868531 ], [ -17.8349925, 28.7868371 ], [ -17.8350204, 28.7868095 ], [ -17.8350577, 28.7867861 ], [ -17.835098, 28.7867695 ], [ -17.8351565, 28.7867593 ], [ -17.8352238, 28.7867579 ], [ -17.8353396, 28.7867577 ], [ -17.8354449, 28.7867577 ], [ -17.8355474, 28.7867556 ], [ -17.8356722, 28.7867507 ], [ -17.8357172, 28.7867452 ], [ -17.8357423, 28.7867402 ], [ -17.8357701, 28.7867306 ], [ -17.8357929, 28.7867188 ], [ -17.8358345, 28.7866886 ], [ -17.8358764, 28.7866584 ], [ -17.8359158, 28.7866306 ], [ -17.8359569, 28.7865981 ], [ -17.8360006, 28.7865611 ], [ -17.8360392, 28.7865242 ], [ -17.8360829, 28.7864827 ], [ -17.8361255, 28.7864435 ], [ -17.836175, 28.7864109 ], [ -17.836273, 28.7863727 ], [ -17.8363575, 28.7863394 ], [ -17.8364453, 28.7863082 ], [ -17.8364898, 28.786296 ], [ -17.836544, 28.7862791 ], [ -17.836643, 28.786259 ], [ -17.8369119, 28.786251 ], [ -17.8370062, 28.7862671 ], [ -17.8370271, 28.7862712 ], [ -17.8371465, 28.786289 ], [ -17.8372018, 28.7862923 ], [ -17.837264, 28.7862842 ], [ -17.8373195, 28.7862628 ], [ -17.8373429, 28.7862465 ], [ -17.8373795, 28.7862052 ], [ -17.8374062, 28.7861662 ], [ -17.8374225, 28.7861298 ], [ -17.8374253, 28.7861117 ], [ -17.837422, 28.7860757 ], [ -17.8374091, 28.7860422 ], [ -17.8373866, 28.7860088 ], [ -17.8373737, 28.7859888 ], [ -17.8373599, 28.7859688 ], [ -17.8373491, 28.7859487 ], [ -17.8373386, 28.7859332 ], [ -17.8373277, 28.7859153 ], [ -17.8373169, 28.7858998 ], [ -17.8373065, 28.785882 ], [ -17.8372946, 28.7858619 ], [ -17.837277, 28.7858352 ], [ -17.8372559, 28.7857996 ], [ -17.8372452, 28.7857772 ], [ -17.8372354, 28.7857549 ], [ -17.8372083, 28.7856969 ], [ -17.8371953, 28.78567 ], [ -17.8371855, 28.78565 ], [ -17.8371648, 28.7856053 ], [ -17.8371368, 28.7855608 ], [ -17.8371254, 28.7855452 ], [ -17.8370869, 28.7854942 ], [ -17.8370497, 28.7854566 ], [ -17.8370252, 28.7854436 ], [ -17.8369923, 28.785424 ], [ -17.836949, 28.7854001 ], [ -17.8369187, 28.7853872 ], [ -17.8369029, 28.7853785 ], [ -17.8368618, 28.7853546 ], [ -17.8367836, 28.7852908 ], [ -17.836774, 28.785282 ], [ -17.8367343, 28.7852468 ], [ -17.836663, 28.7851897 ], [ -17.8366221, 28.7851522 ], [ -17.8365481, 28.7850703 ], [ -17.8365033, 28.7850284 ], [ -17.8364719, 28.7850042 ], [ -17.836427, 28.7849713 ], [ -17.8363695, 28.7849387 ], [ -17.8362739, 28.7848844 ], [ -17.8361927, 28.7848432 ], [ -17.8361327, 28.7848152 ], [ -17.8360772, 28.7847915 ], [ -17.8360323, 28.7847699 ], [ -17.8359624, 28.7847308 ], [ -17.8359185, 28.7846957 ], [ -17.8358612, 28.7846179 ], [ -17.8358174, 28.7845444 ], [ -17.8357977, 28.7844794 ], [ -17.8357947, 28.7844322 ], [ -17.8357968, 28.7843554 ], [ -17.8358168, 28.7842693 ], [ -17.835826, 28.7842421 ], [ -17.8358397, 28.7842012 ], [ -17.8358685, 28.7841036 ], [ -17.8359012, 28.7840105 ], [ -17.8359294, 28.7839287 ], [ -17.8359628, 28.7838288 ], [ -17.8359669, 28.7838151 ], [ -17.8359896, 28.7837312 ], [ -17.8360039, 28.7836565 ], [ -17.8360122, 28.783618 ], [ -17.8360216, 28.7835817 ], [ -17.8360319, 28.7835477 ], [ -17.8360432, 28.7835114 ], [ -17.8360522, 28.7834706 ], [ -17.8360605, 28.7834073 ], [ -17.8360716, 28.7833484 ], [ -17.8360836, 28.7833076 ], [ -17.8360966, 28.7832847 ], [ -17.8361298, 28.7832367 ], [ -17.8361547, 28.7832023 ], [ -17.8361623, 28.7831909 ], [ -17.8361962, 28.7831519 ], [ -17.836235, 28.7831149 ], [ -17.8362438, 28.7831103 ], [ -17.8362813, 28.7830824 ], [ -17.836339, 28.7830541 ], [ -17.83641, 28.7830323 ], [ -17.8365075, 28.78301 ], [ -17.8366003, 28.7829877 ], [ -17.836678, 28.7829771 ], [ -17.8367434, 28.782978 ], [ -17.8368011, 28.782988 ], [ -17.8369695, 28.7830161 ], [ -17.8371087, 28.7830447 ], [ -17.8372557, 28.7830732 ], [ -17.8372822, 28.7830772 ], [ -17.8374709, 28.783116 ], [ -17.8375248, 28.7831284 ], [ -17.8375682, 28.7831546 ], [ -17.8376039, 28.7831854 ], [ -17.8376526, 28.7832453 ], [ -17.8376713, 28.7832697 ], [ -17.8376888, 28.7832919 ], [ -17.8377985, 28.783382 ], [ -17.8378425, 28.7834059 ], [ -17.8378887, 28.7834207 ], [ -17.8379342, 28.7834243 ], [ -17.8380054, 28.7834228 ], [ -17.8380522, 28.7834173 ], [ -17.838102, 28.7833982 ], [ -17.8381129, 28.7833934 ], [ -17.8381749, 28.7833673 ], [ -17.838265, 28.7833293 ], [ -17.8383184, 28.7832967 ], [ -17.8383517, 28.7832734 ], [ -17.8383744, 28.7832436 ], [ -17.8383882, 28.783214 ], [ -17.8383911, 28.7832004 ], [ -17.8384245, 28.7830802 ], [ -17.8384285, 28.7830576 ], [ -17.8384351, 28.7830214 ], [ -17.8384451, 28.782976 ], [ -17.8384504, 28.7829488 ], [ -17.838491, 28.7828217 ], [ -17.8385193, 28.7827332 ], [ -17.8385228, 28.7827151 ], [ -17.8385289, 28.7826879 ], [ -17.8385382, 28.7826426 ], [ -17.8385504, 28.7825882 ], [ -17.8385589, 28.7825362 ], [ -17.8385582, 28.7824978 ], [ -17.8385567, 28.782455 ], [ -17.8385506, 28.7824191 ], [ -17.8385417, 28.7823854 ], [ -17.8385314, 28.7823541 ], [ -17.8385263, 28.7823361 ], [ -17.8385204, 28.7823205 ], [ -17.8385148, 28.7823003 ], [ -17.8385081, 28.7822801 ], [ -17.8385026, 28.7822645 ], [ -17.8384925, 28.7822376 ], [ -17.838479, 28.7822041 ], [ -17.8384715, 28.7821817 ], [ -17.8384641, 28.7821661 ], [ -17.8384565, 28.7821482 ], [ -17.8384338, 28.7821103 ], [ -17.8384051, 28.7820749 ], [ -17.8383676, 28.7820418 ], [ -17.8383236, 28.7820112 ], [ -17.838282, 28.781994 ], [ -17.8382284, 28.7819771 ], [ -17.8381337, 28.781961 ], [ -17.8380917, 28.7819506 ], [ -17.8380801, 28.7819486 ], [ -17.838005, 28.7819276 ], [ -17.8379541, 28.7819062 ], [ -17.8379087, 28.7818801 ], [ -17.837855, 28.7818339 ], [ -17.8378361, 28.7818094 ], [ -17.8378051, 28.7817695 ], [ -17.8377729, 28.7817093 ], [ -17.8377444, 28.7816445 ], [ -17.8377317, 28.7815951 ], [ -17.8377235, 28.7815502 ], [ -17.837716, 28.7815098 ], [ -17.8377112, 28.7814918 ], [ -17.8377048, 28.7814694 ], [ -17.8376874, 28.7814269 ], [ -17.8376645, 28.7813756 ], [ -17.8376373, 28.781322 ], [ -17.8376102, 28.7812842 ], [ -17.8375457, 28.7811886 ], [ -17.837496, 28.7811243 ], [ -17.8374471, 28.7810667 ], [ -17.8373927, 28.7810137 ], [ -17.837351, 28.780983 ], [ -17.8372861, 28.7809415 ], [ -17.8372457, 28.7809176 ], [ -17.8371861, 28.7808782 ], [ -17.8371299, 28.7808411 ], [ -17.8371006, 28.7808146 ], [ -17.8370762, 28.7807836 ], [ -17.8370598, 28.7807501 ], [ -17.8370561, 28.7807028 ], [ -17.8370549, 28.7806938 ], [ -17.8370613, 28.7806508 ], [ -17.8370765, 28.7806167 ], [ -17.8371115, 28.7805731 ], [ -17.837147, 28.780534 ], [ -17.8371742, 28.7805019 ], [ -17.8372122, 28.7804537 ], [ -17.8372458, 28.7804102 ], [ -17.8372778, 28.7803689 ], [ -17.837303, 28.780303 ], [ -17.8373069, 28.7802533 ], [ -17.837307, 28.7801969 ], [ -17.8373102, 28.7801495 ], [ -17.837317, 28.7801155 ], [ -17.8373348, 28.7800768 ], [ -17.8373662, 28.7800311 ], [ -17.8373753, 28.7800241 ], [ -17.8374099, 28.7799918 ], [ -17.8374502, 28.7799707 ], [ -17.8375136, 28.7799558 ], [ -17.8375765, 28.7799409 ], [ -17.8376825, 28.7799026 ], [ -17.8377376, 28.7798744 ], [ -17.8377786, 28.7798465 ], [ -17.8378069, 28.7798211 ], [ -17.8378164, 28.7798118 ], [ -17.8379001, 28.7797199 ], [ -17.8379431, 28.7796761 ], [ -17.837979, 28.7796438 ], [ -17.8380238, 28.7795978 ], [ -17.8380553, 28.779561 ], [ -17.8381041, 28.7795082 ], [ -17.8381443, 28.7794735 ], [ -17.8381875, 28.7794387 ], [ -17.8382322, 28.7794017 ], [ -17.8382778, 28.7793715 ], [ -17.8383206, 28.779339 ], [ -17.8383661, 28.7793042 ], [ -17.8384127, 28.7792671 ], [ -17.8384444, 28.7792439 ], [ -17.8385375, 28.7791788 ], [ -17.8385887, 28.7791326 ], [ -17.8386218, 28.7790891 ], [ -17.8386384, 28.7790482 ], [ -17.8386436, 28.7790142 ], [ -17.8386446, 28.7789736 ], [ -17.8386328, 28.7789062 ], [ -17.8386284, 28.7788973 ], [ -17.8386087, 28.7788481 ], [ -17.8385685, 28.7787632 ], [ -17.8385461, 28.7787276 ], [ -17.8385232, 28.778692 ], [ -17.8385038, 28.7786676 ], [ -17.8384927, 28.7786543 ], [ -17.8384736, 28.7786254 ], [ -17.8384426, 28.7785787 ], [ -17.8384171, 28.7785364 ], [ -17.8384077, 28.7785028 ], [ -17.8384049, 28.7784645 ], [ -17.8384109, 28.778426 ], [ -17.8384135, 28.7784147 ], [ -17.8384374, 28.7783172 ], [ -17.8384493, 28.7782809 ], [ -17.8384879, 28.7781763 ], [ -17.8385086, 28.7781421 ], [ -17.838518, 28.7781238 ], [ -17.8385438, 28.7780805 ], [ -17.8385587, 28.7780598 ], [ -17.8385754, 28.7780369 ], [ -17.8385923, 28.7780163 ], [ -17.8386188, 28.7779864 ], [ -17.8386267, 28.7779795 ], [ -17.8386597, 28.7779495 ], [ -17.8386943, 28.7779217 ], [ -17.8387299, 28.7778894 ], [ -17.8387702, 28.7778592 ], [ -17.8388164, 28.7778289 ], [ -17.8388832, 28.7777959 ], [ -17.8389093, 28.7777841 ], [ -17.838949, 28.7777698 ], [ -17.8389967, 28.7777597 ], [ -17.839055, 28.7777563 ], [ -17.8390808, 28.7777692 ], [ -17.8391042, 28.7777913 ], [ -17.8391428, 28.7778491 ], [ -17.8391867, 28.7779294 ], [ -17.8392365, 28.7780185 ], [ -17.8392723, 28.7780629 ], [ -17.8393044, 28.778096 ], [ -17.8393279, 28.7781203 ], [ -17.8393773, 28.7781599 ], [ -17.8394349, 28.7782015 ], [ -17.839443, 28.7782059 ], [ -17.8394891, 28.7782432 ], [ -17.8395544, 28.778314 ], [ -17.8396154, 28.7783691 ], [ -17.8396238, 28.7783734 ], [ -17.8396892, 28.7784127 ], [ -17.8397461, 28.7784362 ], [ -17.8398036, 28.7784486 ], [ -17.8398644, 28.7784473 ], [ -17.8399335, 28.7784414 ], [ -17.8400042, 28.7784308 ], [ -17.8400383, 28.7784301 ], [ -17.8400705, 28.7784272 ], [ -17.8401595, 28.7784298 ], [ -17.8402274, 28.7784374 ], [ -17.840287, 28.7784474 ], [ -17.8403389, 28.7784621 ], [ -17.8403852, 28.7784679 ], [ -17.8404514, 28.7784733 ], [ -17.8405131, 28.778472 ], [ -17.8405525, 28.7784689 ], [ -17.8405702, 28.7784663 ], [ -17.8406242, 28.7784584 ], [ -17.8406752, 28.7784438 ], [ -17.8407201, 28.7784248 ], [ -17.8407456, 28.7784107 ], [ -17.8407695, 28.7783899 ], [ -17.8407783, 28.7783807 ], [ -17.8407967, 28.778351 ], [ -17.8408036, 28.7783148 ], [ -17.8408007, 28.7782833 ], [ -17.8407906, 28.7782497 ], [ -17.8407844, 28.7782318 ], [ -17.8407602, 28.7781917 ], [ -17.8407258, 28.7781631 ], [ -17.8406977, 28.7781479 ], [ -17.8406562, 28.7781217 ], [ -17.8406183, 28.7780932 ], [ -17.8405868, 28.7780623 ], [ -17.8405733, 28.7780423 ], [ -17.8405431, 28.7779978 ], [ -17.8405119, 28.7779398 ], [ -17.8404831, 28.7778638 ], [ -17.8404631, 28.7778078 ], [ -17.840457, 28.7777786 ], [ -17.8404516, 28.7777539 ], [ -17.8404545, 28.7776614 ], [ -17.8404698, 28.7775844 ], [ -17.8404968, 28.7775229 ], [ -17.8405542, 28.7774315 ], [ -17.8405831, 28.7774016 ], [ -17.8406073, 28.7773808 ], [ -17.8406555, 28.7773505 ], [ -17.8407102, 28.7773223 ], [ -17.8407563, 28.7772987 ], [ -17.8408064, 28.7772774 ], [ -17.8408606, 28.7772537 ], [ -17.8409346, 28.7772273 ], [ -17.8410115, 28.7772054 ], [ -17.8410937, 28.7771766 ], [ -17.8411985, 28.7771361 ], [ -17.8412801, 28.7771051 ], [ -17.8413179, 28.7770862 ], [ -17.8413909, 28.7770509 ], [ -17.8414244, 28.7770366 ], [ -17.8414671, 28.7770199 ], [ -17.8415172, 28.7770009 ], [ -17.8415729, 28.7769749 ], [ -17.8416118, 28.7769515 ], [ -17.8416437, 28.7769238 ], [ -17.8416488, 28.7769169 ], [ -17.8416727, 28.7768848 ], [ -17.8417072, 28.7768345 ], [ -17.8417194, 28.7767824 ], [ -17.8417247, 28.7767213 ], [ -17.8417366, 28.7766174 ], [ -17.8417541, 28.7765539 ], [ -17.841777, 28.7764925 ], [ -17.8417958, 28.77642 ], [ -17.8418043, 28.7763927 ], [ -17.8418197, 28.7763631 ], [ -17.8418393, 28.7763424 ], [ -17.8418713, 28.7763146 ], [ -17.8419131, 28.7762844 ], [ -17.8419506, 28.7762543 ], [ -17.8419873, 28.7762107 ], [ -17.8419925, 28.7762016 ], [ -17.8420158, 28.7761628 ], [ -17.8420296, 28.7761106 ], [ -17.8420289, 28.7760723 ], [ -17.8420112, 28.7760343 ], [ -17.8420023, 28.7760029 ], [ -17.8420042, 28.7759713 ], [ -17.8420135, 28.7759418 ], [ -17.8420305, 28.7759054 ], [ -17.8420487, 28.7758711 ], [ -17.8421106, 28.7757323 ], [ -17.842122, 28.7756914 ], [ -17.8421358, 28.7756506 ], [ -17.8421478, 28.7756255 ], [ -17.8421554, 28.7756118 ], [ -17.8421849, 28.7755571 ], [ -17.8422071, 28.7755138 ], [ -17.8422361, 28.7754681 ], [ -17.8422712, 28.7754177 ], [ -17.8423058, 28.7753832 ], [ -17.8423549, 28.775328 ], [ -17.842362, 28.7753211 ], [ -17.8424031, 28.7752796 ], [ -17.842435, 28.7752451 ], [ -17.8424664, 28.7752129 ], [ -17.8425171, 28.7751464 ], [ -17.8425379, 28.7751122 ], [ -17.8425746, 28.7750618 ], [ -17.8426021, 28.7750183 ], [ -17.84262, 28.7749887 ], [ -17.8426245, 28.7749796 ], [ -17.8426313, 28.7749636 ], [ -17.8426448, 28.7749318 ], [ -17.8426632, 28.774902 ], [ -17.8426752, 28.7748793 ], [ -17.8426877, 28.774861 ], [ -17.8427047, 28.774838 ], [ -17.8427236, 28.7748173 ], [ -17.8427565, 28.7747896 ], [ -17.8427918, 28.7747663 ], [ -17.8428279, 28.7747385 ], [ -17.8428508, 28.7747222 ], [ -17.842877, 28.7747036 ], [ -17.8429124, 28.7746826 ], [ -17.8429364, 28.7746708 ], [ -17.8429632, 28.7746612 ], [ -17.8429904, 28.7746561 ], [ -17.8430161, 28.7746533 ], [ -17.8430537, 28.774648 ], [ -17.8431383, 28.774635 ], [ -17.8431964, 28.7746247 ], [ -17.8432783, 28.7745937 ], [ -17.8433187, 28.7745725 ], [ -17.8433464, 28.7745562 ], [ -17.8433701, 28.7745354 ], [ -17.8433858, 28.7745125 ], [ -17.8433974, 28.7744852 ], [ -17.8434119, 28.7744556 ], [ -17.8434276, 28.7744259 ], [ -17.843435, 28.7744145 ], [ -17.8434465, 28.7743962 ], [ -17.8434678, 28.7743687 ], [ -17.8434895, 28.7743367 ], [ -17.8435253, 28.7742841 ], [ -17.8435737, 28.774168 ], [ -17.8435825, 28.7741566 ], [ -17.8435985, 28.7741382 ], [ -17.8436233, 28.7741151 ], [ -17.8436549, 28.7740964 ], [ -17.8436938, 28.7740685 ], [ -17.8437104, 28.7740546 ], [ -17.8437388, 28.7740337 ], [ -17.8437806, 28.773972 ], [ -17.8437982, 28.7739288 ], [ -17.8438075, 28.773888 ], [ -17.8438074, 28.7738677 ], [ -17.8438075, 28.7738406 ], [ -17.8437988, 28.7738025 ], [ -17.8437899, 28.7737711 ], [ -17.8437695, 28.77374 ], [ -17.843749, 28.7737246 ], [ -17.8437326, 28.7737114 ], [ -17.8436905, 28.7736785 ], [ -17.8436486, 28.7736455 ], [ -17.8436212, 28.7736145 ], [ -17.843563, 28.7735323 ], [ -17.8435407, 28.773499 ], [ -17.8435299, 28.7734811 ], [ -17.8435224, 28.7734633 ], [ -17.8435154, 28.7734409 ], [ -17.8435076, 28.773414 ], [ -17.8435026, 28.7733893 ], [ -17.8434997, 28.7733578 ], [ -17.8434935, 28.7733128 ], [ -17.8434933, 28.7732993 ], [ -17.8434919, 28.773288 ], [ -17.8434896, 28.7732678 ], [ -17.843488, 28.7732565 ], [ -17.8434817, 28.7732048 ], [ -17.8434767, 28.7731756 ], [ -17.8434729, 28.7731486 ], [ -17.8434539, 28.7730971 ], [ -17.8434304, 28.773057 ], [ -17.843412, 28.7730372 ], [ -17.8433808, 28.773004 ], [ -17.843346, 28.7729709 ], [ -17.8433278, 28.7729352 ], [ -17.8433244, 28.7729082 ], [ -17.8433255, 28.7728541 ], [ -17.8433394, 28.7727906 ], [ -17.843374, 28.7727154 ], [ -17.8434138, 28.7726447 ], [ -17.8434544, 28.7725784 ], [ -17.8434996, 28.7725121 ], [ -17.8435248, 28.772462 ], [ -17.8435505, 28.7724253 ], [ -17.8435912, 28.7723839 ], [ -17.8436426, 28.7723512 ], [ -17.843681, 28.7723392 ], [ -17.8437015, 28.7723342 ], [ -17.8437628, 28.7723194 ], [ -17.8438169, 28.7723025 ], [ -17.8439017, 28.7722646 ], [ -17.8439551, 28.7722251 ], [ -17.8440104, 28.7721676 ], [ -17.8440353, 28.7721333 ], [ -17.8440417, 28.7721196 ], [ -17.8440603, 28.7720741 ], [ -17.844071, 28.7720445 ], [ -17.8440849, 28.7720082 ], [ -17.8440934, 28.7719809 ], [ -17.8441011, 28.771956 ], [ -17.8441231, 28.7718676 ], [ -17.8441175, 28.7717865 ], [ -17.8440966, 28.7717193 ], [ -17.8440629, 28.7716568 ], [ -17.8440188, 28.7715721 ], [ -17.8440083, 28.7715452 ], [ -17.8440002, 28.7715229 ], [ -17.8439962, 28.7714711 ], [ -17.8440173, 28.7714052 ], [ -17.8440388, 28.7713371 ], [ -17.8440552, 28.7712917 ], [ -17.8440695, 28.7712576 ], [ -17.8440764, 28.7712439 ], [ -17.8441593, 28.7710708 ], [ -17.8443124, 28.770815 ], [ -17.8443662, 28.7707259 ], [ -17.8444337, 28.770526 ], [ -17.8444388, 28.7704808 ], [ -17.8444422, 28.7704514 ], [ -17.8444522, 28.7703723 ], [ -17.8444539, 28.7702911 ], [ -17.8444576, 28.7702459 ], [ -17.8444906, 28.770182 ], [ -17.8445174, 28.7701386 ], [ -17.8445319, 28.7701248 ], [ -17.8445409, 28.7701156 ], [ -17.8445849, 28.7700763 ], [ -17.8446213, 28.7700485 ], [ -17.8446735, 28.7700158 ], [ -17.8446992, 28.7699995 ], [ -17.844708, 28.7699948 ], [ -17.844747, 28.7699647 ], [ -17.8447803, 28.7699414 ], [ -17.8447887, 28.7699322 ], [ -17.8448042, 28.7699161 ], [ -17.8448211, 28.7698955 ], [ -17.8448346, 28.7698749 ], [ -17.8448467, 28.7698543 ], [ -17.8448667, 28.7698201 ], [ -17.8448799, 28.7697747 ], [ -17.8448957, 28.7697338 ], [ -17.8449071, 28.7696929 ], [ -17.844918, 28.7696476 ], [ -17.8449298, 28.769609 ], [ -17.8449392, 28.7695885 ], [ -17.8449474, 28.7695726 ], [ -17.8449559, 28.7695566 ], [ -17.8449724, 28.7695247 ], [ -17.8449795, 28.769511 ], [ -17.8449861, 28.7694996 ], [ -17.8450117, 28.7694562 ], [ -17.8450172, 28.7694471 ], [ -17.8450387, 28.7694151 ], [ -17.8450555, 28.7693899 ], [ -17.8450757, 28.7693647 ], [ -17.8451046, 28.769337 ], [ -17.8451143, 28.7693255 ], [ -17.8451175, 28.7693074 ], [ -17.8451213, 28.7692915 ], [ -17.8451221, 28.769269 ], [ -17.8451192, 28.7692172 ], [ -17.8451104, 28.769179 ], [ -17.8451015, 28.7691341 ], [ -17.8450978, 28.7690823 ], [ -17.8451018, 28.7690529 ], [ -17.8451223, 28.7690119 ], [ -17.8451591, 28.768957 ], [ -17.8451862, 28.7689091 ], [ -17.8452086, 28.7688725 ], [ -17.8452324, 28.7688382 ], [ -17.8452602, 28.7688038 ], [ -17.8452802, 28.7687763 ], [ -17.8452858, 28.7687694 ], [ -17.8453117, 28.7687418 ], [ -17.8453385, 28.7687187 ], [ -17.8453687, 28.7686932 ], [ -17.8454007, 28.7686655 ], [ -17.8454761, 28.7686143 ], [ -17.8455053, 28.7685956 ], [ -17.8455335, 28.7685793 ], [ -17.8455588, 28.7685629 ], [ -17.845659, 28.7684977 ], [ -17.8456915, 28.7684767 ], [ -17.8457297, 28.7684511 ], [ -17.8457443, 28.7684418 ], [ -17.8457686, 28.7684232 ], [ -17.845801, 28.7684022 ], [ -17.8458218, 28.768386 ], [ -17.8458467, 28.7683675 ], [ -17.845896, 28.7683168 ], [ -17.8459035, 28.7683099 ], [ -17.8459431, 28.7682662 ], [ -17.8459518, 28.7682547 ], [ -17.8459862, 28.7682089 ], [ -17.846042, 28.768113 ], [ -17.8460595, 28.7680811 ], [ -17.8460825, 28.76804 ], [ -17.8461552, 28.7678896 ], [ -17.8461725, 28.7678487 ], [ -17.8462041, 28.767715 ], [ -17.8462102, 28.7676855 ], [ -17.8462133, 28.7676719 ], [ -17.8462157, 28.7676584 ], [ -17.8462243, 28.7676288 ], [ -17.8462281, 28.7676198 ], [ -17.8462406, 28.767597 ], [ -17.8462527, 28.7675764 ], [ -17.8462682, 28.7675535 ], [ -17.8462842, 28.7675306 ], [ -17.8462916, 28.7675214 ], [ -17.8463039, 28.7675144 ], [ -17.8463364, 28.7674844 ], [ -17.8464073, 28.7674265 ], [ -17.8464197, 28.767415 ], [ -17.8464417, 28.7673943 ], [ -17.8464732, 28.7673598 ], [ -17.8464936, 28.7673255 ], [ -17.8465091, 28.7673004 ], [ -17.8465386, 28.7672501 ], [ -17.8465767, 28.7671997 ], [ -17.8466389, 28.7671488 ], [ -17.8466672, 28.7671211 ], [ -17.8467138, 28.7670886 ], [ -17.8467665, 28.7670717 ], [ -17.8468463, 28.7670474 ], [ -17.8469343, 28.7670501 ], [ -17.8470034, 28.7670667 ], [ -17.8470472, 28.7670816 ], [ -17.8470644, 28.767088 ], [ -17.8471022, 28.7670533 ], [ -17.8471346, 28.7670188 ], [ -17.8471791, 28.7669795 ], [ -17.8472016, 28.7669678 ], [ -17.8472275, 28.7669537 ], [ -17.8472896, 28.7669254 ], [ -17.8473165, 28.7669112 ], [ -17.8473369, 28.7668973 ], [ -17.8473677, 28.7668741 ], [ -17.8473876, 28.7668556 ], [ -17.8474037, 28.766835 ], [ -17.8474264, 28.766812 ], [ -17.8474593, 28.7667797 ], [ -17.84747, 28.7667682 ], [ -17.8474982, 28.7667451 ], [ -17.8475332, 28.7667037 ], [ -17.8475374, 28.7666924 ], [ -17.8475553, 28.7666446 ], [ -17.8475998, 28.7665377 ], [ -17.8476173, 28.7664945 ], [ -17.8476438, 28.7664466 ], [ -17.8476624, 28.7664169 ], [ -17.8476833, 28.7663916 ], [ -17.8476954, 28.7663778 ], [ -17.8477083, 28.766364 ], [ -17.8477418, 28.7663272 ], [ -17.8477857, 28.7662835 ], [ -17.8478117, 28.7662559 ], [ -17.8478326, 28.7662374 ], [ -17.8478476, 28.7662168 ], [ -17.8478663, 28.7661916 ], [ -17.8478808, 28.7661507 ], [ -17.8478798, 28.7661304 ], [ -17.8478789, 28.7661056 ], [ -17.8478793, 28.7660831 ], [ -17.8478862, 28.7660604 ], [ -17.8478998, 28.7660353 ], [ -17.8479207, 28.7660055 ], [ -17.8479403, 28.7659825 ], [ -17.8480485, 28.7658517 ], [ -17.8481277, 28.7657576 ], [ -17.848151, 28.7657323 ], [ -17.8481805, 28.7657046 ], [ -17.8482024, 28.7656861 ], [ -17.8482152, 28.7656723 ], [ -17.8482272, 28.7656585 ], [ -17.8482534, 28.7656287 ], [ -17.8482666, 28.7656013 ], [ -17.8482802, 28.765565 ], [ -17.84829, 28.7655219 ], [ -17.8483045, 28.76549 ], [ -17.8483278, 28.7654692 ], [ -17.8483735, 28.7654254 ], [ -17.8483914, 28.7654025 ], [ -17.8484477, 28.7653269 ], [ -17.8484671, 28.7652994 ], [ -17.8484979, 28.7652537 ], [ -17.8485275, 28.7652147 ], [ -17.8485623, 28.7651757 ], [ -17.8485841, 28.7651504 ], [ -17.848613, 28.7651182 ], [ -17.84864, 28.7650928 ], [ -17.848686, 28.7650558 ], [ -17.8487095, 28.7650372 ], [ -17.8487422, 28.765014 ], [ -17.8487813, 28.7649884 ], [ -17.848823, 28.764974 ], [ -17.8488501, 28.7649666 ], [ -17.8489057, 28.7649564 ], [ -17.8490108, 28.7649339 ], [ -17.8490327, 28.7649267 ], [ -17.8490695, 28.7649146 ], [ -17.8491315, 28.7648953 ], [ -17.8491786, 28.764874 ], [ -17.8492352, 28.7648503 ], [ -17.8492893, 28.7648243 ], [ -17.8493222, 28.7648011 ], [ -17.8493613, 28.7647641 ], [ -17.8494009, 28.764716 ], [ -17.8494149, 28.7646931 ], [ -17.8494206, 28.7646817 ], [ -17.8494501, 28.7646247 ], [ -17.8494614, 28.7646042 ], [ -17.8494687, 28.7645928 ], [ -17.8494987, 28.764529 ], [ -17.8495167, 28.764497 ], [ -17.8495272, 28.7644765 ], [ -17.8495337, 28.7644583 ], [ -17.8495372, 28.7644379 ], [ -17.849541, 28.7644131 ], [ -17.8495397, 28.7643793 ], [ -17.8495388, 28.7643703 ], [ -17.8495357, 28.7643478 ], [ -17.8495069, 28.7643078 ], [ -17.8494912, 28.7642878 ], [ -17.8494825, 28.7642745 ], [ -17.8494678, 28.7642545 ], [ -17.8494565, 28.7642187 ], [ -17.8494545, 28.7641758 ], [ -17.8494544, 28.7641398 ], [ -17.8494552, 28.7641285 ], [ -17.8494574, 28.7640924 ], [ -17.849458, 28.7640382 ], [ -17.8494562, 28.7640135 ], [ -17.8494566, 28.7639886 ], [ -17.849456, 28.7639661 ], [ -17.8494491, 28.7639121 ], [ -17.8494458, 28.7638874 ], [ -17.8494446, 28.7638762 ], [ -17.8494379, 28.7637928 ], [ -17.8494371, 28.7637703 ], [ -17.8494363, 28.7637388 ], [ -17.8494297, 28.7636848 ], [ -17.8494207, 28.7636151 ], [ -17.8494153, 28.7635971 ], [ -17.8494116, 28.7635814 ], [ -17.849408, 28.7635702 ], [ -17.8493961, 28.7635321 ], [ -17.8493871, 28.7635053 ], [ -17.8493763, 28.763483 ], [ -17.849336, 28.7634004 ], [ -17.8493277, 28.7633757 ], [ -17.8493239, 28.7633646 ], [ -17.849317, 28.7633354 ], [ -17.8493135, 28.7633197 ], [ -17.8493133, 28.7633039 ], [ -17.8493113, 28.7632791 ], [ -17.8493119, 28.7632656 ], [ -17.8493151, 28.7632317 ], [ -17.8493214, 28.7632022 ], [ -17.84933, 28.7631727 ], [ -17.8493369, 28.7631545 ], [ -17.8493443, 28.7631341 ], [ -17.8493588, 28.7631067 ], [ -17.8493695, 28.7630839 ], [ -17.849391, 28.7630384 ], [ -17.8494327, 28.7629496 ], [ -17.8494499, 28.7629154 ], [ -17.8494615, 28.7628903 ], [ -17.8494673, 28.7628812 ], [ -17.8494753, 28.7628697 ], [ -17.8494929, 28.7628446 ], [ -17.8495131, 28.7628216 ], [ -17.8495317, 28.7628009 ], [ -17.8495793, 28.7627458 ], [ -17.8495931, 28.762732 ], [ -17.8496062, 28.7627182 ], [ -17.8496183, 28.7627089 ], [ -17.8496336, 28.7626995 ], [ -17.8496925, 28.7626577 ], [ -17.8497679, 28.7626065 ], [ -17.8498022, 28.7625832 ], [ -17.8498289, 28.7625623 ], [ -17.8498753, 28.7625253 ], [ -17.8498864, 28.7625161 ], [ -17.8498971, 28.7625113 ], [ -17.8499195, 28.7624995 ], [ -17.8499492, 28.7624899 ], [ -17.8499673, 28.762485 ], [ -17.8499958, 28.7624754 ], [ -17.8500253, 28.7624703 ], [ -17.8500509, 28.7624652 ], [ -17.8500743, 28.7624625 ], [ -17.8500873, 28.7624577 ], [ -17.8500996, 28.7624507 ], [ -17.8501146, 28.762439 ], [ -17.8501343, 28.7624161 ], [ -17.8501553, 28.7623818 ], [ -17.8501641, 28.7623523 ], [ -17.8501683, 28.762341 ], [ -17.8501779, 28.7623205 ], [ -17.85021, 28.762286 ], [ -17.8502499, 28.7622536 ], [ -17.8502892, 28.7622369 ], [ -17.850304, 28.7622321 ], [ -17.8503342, 28.7622247 ], [ -17.8503558, 28.7622085 ], [ -17.8503991, 28.7621647 ], [ -17.85041, 28.7621487 ], [ -17.8504212, 28.7621327 ], [ -17.850438, 28.7620962 ], [ -17.8504498, 28.7620779 ], [ -17.8504616, 28.7620642 ], [ -17.8504716, 28.7620572 ], [ -17.8504827, 28.7620479 ], [ -17.8505062, 28.7620316 ], [ -17.8505219, 28.7620178 ], [ -17.8505394, 28.7619791 ], [ -17.8505421, 28.7619429 ], [ -17.8505442, 28.7619249 ], [ -17.8505471, 28.7618955 ], [ -17.8505597, 28.7618591 ], [ -17.8505779, 28.7618249 ], [ -17.8506109, 28.7617882 ], [ -17.8506274, 28.7617675 ], [ -17.8506558, 28.7617421 ], [ -17.8506961, 28.7616871 ], [ -17.8507185, 28.7616664 ], [ -17.85073, 28.7616571 ], [ -17.8507674, 28.7616337 ], [ -17.8508155, 28.7616034 ], [ -17.8508506, 28.7615711 ], [ -17.8508669, 28.7615415 ], [ -17.850887, 28.7614847 ], [ -17.8509076, 28.7614369 ], [ -17.850935, 28.7614025 ], [ -17.85097, 28.7613724 ], [ -17.8509987, 28.7613425 ], [ -17.8510324, 28.7613169 ], [ -17.8510677, 28.7612892 ], [ -17.8511054, 28.761241 ], [ -17.8511387, 28.7611907 ], [ -17.851154, 28.7611678 ], [ -17.8511779, 28.7611358 ], [ -17.8511948, 28.7610925 ], [ -17.8512138, 28.7610403 ], [ -17.8512293, 28.7610151 ], [ -17.8512473, 28.7609944 ], [ -17.8512611, 28.7609784 ], [ -17.8512976, 28.7609506 ], [ -17.8513337, 28.7609362 ], [ -17.8513684, 28.7609197 ], [ -17.8513944, 28.7609034 ], [ -17.851403, 28.7608965 ], [ -17.8514283, 28.7608756 ], [ -17.8514604, 28.7608434 ], [ -17.8514944, 28.7607885 ], [ -17.8515124, 28.7607543 ], [ -17.8515506, 28.7606949 ], [ -17.8516066, 28.7606148 ], [ -17.8516458, 28.7605779 ], [ -17.8516806, 28.7605546 ], [ -17.8517242, 28.7605334 ], [ -17.8517534, 28.7605192 ], [ -17.851793, 28.7605049 ], [ -17.8518276, 28.7604974 ], [ -17.8518672, 28.7604875 ], [ -17.8520518, 28.760425 ], [ -17.8521044, 28.7604036 ], [ -17.85215, 28.7603778 ], [ -17.8521866, 28.7603455 ], [ -17.8522059, 28.7603247 ], [ -17.8522436, 28.7602766 ], [ -17.852257, 28.7602583 ], [ -17.8522781, 28.7602353 ], [ -17.8522856, 28.7602284 ], [ -17.852297, 28.7602169 ], [ -17.8523247, 28.7601824 ], [ -17.8523455, 28.7601527 ], [ -17.8523791, 28.7601091 ], [ -17.8524086, 28.7600679 ], [ -17.8524358, 28.7600109 ], [ -17.8524495, 28.7599543 ], [ -17.8524601, 28.7598526 ], [ -17.8524794, 28.7598138 ], [ -17.8525073, 28.7597817 ], [ -17.8525424, 28.7597561 ], [ -17.8525745, 28.7597284 ], [ -17.8526033, 28.7597007 ], [ -17.8526218, 28.7596643 ], [ -17.8526368, 28.7596076 ], [ -17.852645, 28.759551 ], [ -17.8526462, 28.759542 ], [ -17.8526603, 28.7594695 ], [ -17.852677, 28.7594331 ], [ -17.8527023, 28.7593829 ], [ -17.8527264, 28.7593441 ], [ -17.8527314, 28.759335 ], [ -17.8527766, 28.7592551 ], [ -17.8528247, 28.7591593 ], [ -17.8528328, 28.7591411 ], [ -17.8528504, 28.7591047 ], [ -17.8551357, 28.7561925 ], [ -17.8549591, 28.7560699 ], [ -17.8546898, 28.7558884 ], [ -17.8545256, 28.7556371 ], [ -17.8539643, 28.7548822 ], [ -17.853389, 28.7543464 ], [ -17.8533793, 28.7543376 ], [ -17.853288, 28.754786 ], [ -17.853154, 28.7552805 ], [ -17.8530341, 28.7554702 ], [ -17.8528875, 28.7556446 ], [ -17.8526963, 28.7558403 ], [ -17.8526572, 28.7559066 ], [ -17.8526341, 28.7560243 ], [ -17.852541, 28.7562157 ], [ -17.852414, 28.7563627 ], [ -17.8523188, 28.7564797 ], [ -17.8521787, 28.756627 ], [ -17.8519942, 28.7568294 ], [ -17.8518953, 28.7570502 ], [ -17.8517936, 28.7571629 ], [ -17.8517107, 28.7572503 ], [ -17.851525, 28.7574098 ], [ -17.8511961, 28.7576693 ], [ -17.8508337, 28.757925 ], [ -17.8505822, 28.7582122 ], [ -17.8503925, 28.7583448 ], [ -17.8501747, 28.7584193 ], [ -17.8500186, 28.7584902 ], [ -17.8498152, 28.7586569 ], [ -17.849666, 28.7587863 ], [ -17.8495131, 28.7589789 ], [ -17.8492917, 28.7592249 ], [ -17.8489101, 28.7596411 ], [ -17.8485979, 28.7600536 ], [ -17.8477171, 28.761078 ], [ -17.8467926, 28.762198 ], [ -17.8464515, 28.7625276 ], [ -17.845492, 28.7634566 ], [ -17.8441005, 28.7644962 ], [ -17.8429686, 28.7656747 ], [ -17.8419929, 28.766843 ], [ -17.8415373, 28.7677253 ], [ -17.8413544, 28.7685726 ], [ -17.8409744, 28.7692887 ], [ -17.8407453, 28.769537 ], [ -17.8403094, 28.7700897 ], [ -17.839108, 28.7711433 ], [ -17.8379935, 28.7719988 ], [ -17.8374959, 28.7725527 ], [ -17.8370264, 28.7730046 ], [ -17.8365952, 28.7733564 ], [ -17.836314, 28.7735698 ], [ -17.8361573, 28.7737084 ], [ -17.8360863, 28.7737686 ], [ -17.8359991, 28.7738267 ], [ -17.8358858, 28.7739645 ], [ -17.8357289, 28.7741684 ], [ -17.8357142, 28.7741935 ], [ -17.8356974, 28.7742164 ], [ -17.8356796, 28.7742416 ], [ -17.8356619, 28.7742713 ], [ -17.8356442, 28.7742988 ], [ -17.8356235, 28.774324 ], [ -17.8356006, 28.774347 ], [ -17.8355786, 28.7743678 ], [ -17.8355387, 28.7744069 ], [ -17.8354528, 28.77449 ], [ -17.8353977, 28.7745339 ], [ -17.8351985, 28.774687 ], [ -17.8351791, 28.7747032 ], [ -17.8351562, 28.7747262 ], [ -17.8351333, 28.774747 ], [ -17.8350515, 28.7748366 ], [ -17.835015, 28.7748802 ], [ -17.8349774, 28.7749284 ], [ -17.8349637, 28.7749535 ], [ -17.834949, 28.7749786 ], [ -17.8349309, 28.7750151 ], [ -17.8349113, 28.7750583 ], [ -17.8348895, 28.7751309 ], [ -17.8348724, 28.7751922 ], [ -17.834861, 28.7752691 ], [ -17.834851, 28.7753302 ], [ -17.8348381, 28.7753778 ], [ -17.8348189, 28.7754278 ], [ -17.8347917, 28.7754803 ], [ -17.8347561, 28.7755284 ], [ -17.8347163, 28.7755698 ], [ -17.8346942, 28.7755883 ], [ -17.8346702, 28.7756069 ], [ -17.834642, 28.775621 ], [ -17.8346106, 28.7756374 ], [ -17.8345782, 28.7756539 ], [ -17.834548, 28.7756726 ], [ -17.834522, 28.7756912 ], [ -17.8344529, 28.7757512 ], [ -17.834433, 28.7757742 ], [ -17.8343156, 28.7758962 ], [ -17.8342698, 28.7759445 ], [ -17.8340402, 28.7762019 ], [ -17.8340204, 28.7762271 ], [ -17.8340017, 28.7762501 ], [ -17.8339807, 28.7762731 ], [ -17.8339357, 28.7763146 ], [ -17.8338775, 28.7763541 ], [ -17.8338079, 28.7763895 ], [ -17.8337451, 28.7764178 ], [ -17.8335061, 28.7765469 ], [ -17.8334264, 28.7765982 ], [ -17.833315, 28.7766817 ], [ -17.8332628, 28.7767189 ], [ -17.8332419, 28.7767373 ], [ -17.8332207, 28.7767536 ], [ -17.8331987, 28.7767698 ], [ -17.8331766, 28.7767861 ], [ -17.8330008, 28.7769566 ], [ -17.8329342, 28.7770324 ], [ -17.8328869, 28.777092 ], [ -17.8328393, 28.7771427 ], [ -17.8327337, 28.7772531 ], [ -17.8327158, 28.7772738 ], [ -17.8326948, 28.7772968 ], [ -17.8326524, 28.777354 ], [ -17.8326047, 28.7774069 ], [ -17.8325537, 28.7774554 ], [ -17.8325069, 28.7774992 ], [ -17.8323723, 28.7775922 ], [ -17.8321462, 28.7777187 ], [ -17.8321191, 28.7777328 ], [ -17.8320604, 28.7777634 ], [ -17.8320291, 28.7777776 ], [ -17.8319997, 28.7777917 ], [ -17.8319745, 28.7778058 ], [ -17.8319504, 28.7778198 ], [ -17.831904, 28.7778524 ], [ -17.8318822, 28.7778708 ], [ -17.8318611, 28.7778893 ], [ -17.8318402, 28.7779123 ], [ -17.8318005, 28.777956 ], [ -17.8317638, 28.7779996 ], [ -17.8317301, 28.7780432 ], [ -17.8316954, 28.7780845 ], [ -17.8316606, 28.7781258 ], [ -17.831627, 28.7781671 ], [ -17.8315954, 28.7782106 ], [ -17.8314984, 28.7784088 ], [ -17.8312984, 28.7787761 ], [ -17.8312766, 28.7788036 ], [ -17.8312547, 28.7788266 ], [ -17.8312348, 28.7788496 ], [ -17.8312181, 28.7788702 ], [ -17.8312001, 28.7788909 ], [ -17.8311838, 28.7789161 ], [ -17.8311638, 28.7789503 ], [ -17.8311371, 28.7790095 ], [ -17.8311077, 28.7791003 ], [ -17.8310683, 28.7791936 ], [ -17.83102, 28.7792781 ], [ -17.830998, 28.7793214 ], [ -17.8308763, 28.7794818 ], [ -17.8307413, 28.7796425 ], [ -17.8307194, 28.7796677 ], [ -17.8306978, 28.7796975 ], [ -17.830677, 28.7797273 ], [ -17.8306563, 28.7797547 ], [ -17.8306148, 28.7798097 ], [ -17.8305761, 28.7798602 ], [ -17.8305419, 28.7799195 ], [ -17.830511, 28.7799833 ], [ -17.8304838, 28.7800425 ], [ -17.8304597, 28.7800971 ], [ -17.8304161, 28.7801905 ], [ -17.8303839, 28.7802476 ], [ -17.8303652, 28.7802728 ], [ -17.8303464, 28.7802979 ], [ -17.8303276, 28.7803232 ], [ -17.8302882, 28.7803826 ], [ -17.8302488, 28.7804376 ], [ -17.830231, 28.7804605 ], [ -17.8302141, 28.7804811 ], [ -17.8301984, 28.780504 ], [ -17.8301806, 28.7805269 ], [ -17.8301638, 28.7805498 ], [ -17.8301481, 28.7805727 ], [ -17.8301324, 28.7806001 ], [ -17.8301074, 28.7806593 ], [ -17.8300915, 28.780716 ], [ -17.8300858, 28.7807702 ], [ -17.830092, 28.7808896 ], [ -17.8300975, 28.7809729 ], [ -17.8300998, 28.7810248 ], [ -17.8300941, 28.781079 ], [ -17.8300857, 28.781104 ], [ -17.830075, 28.781129 ], [ -17.8300371, 28.7811659 ], [ -17.8299919, 28.7811984 ], [ -17.8299001, 28.7812657 ], [ -17.829791, 28.7813582 ], [ -17.8296567, 28.7814647 ], [ -17.8295737, 28.7815229 ], [ -17.8295053, 28.7815672 ], [ -17.8294762, 28.7815926 ], [ -17.8294513, 28.7816179 ], [ -17.8294319, 28.7816341 ], [ -17.8294084, 28.7816549 ], [ -17.8293809, 28.781678 ], [ -17.8293356, 28.7817128 ], [ -17.8292699, 28.7817615 ], [ -17.8292104, 28.7817988 ], [ -17.8291834, 28.7818152 ], [ -17.8291562, 28.7818338 ], [ -17.8290994, 28.7818598 ], [ -17.8290317, 28.781886 ], [ -17.8289659, 28.7819122 ], [ -17.8289104, 28.7819427 ], [ -17.8288611, 28.7819798 ], [ -17.8288403, 28.7820005 ], [ -17.8288089, 28.7820553 ], [ -17.8287774, 28.7821033 ], [ -17.8287458, 28.7821446 ], [ -17.82871, 28.7821814 ], [ -17.8286697, 28.7822071 ], [ -17.8286485, 28.7822211 ], [ -17.8286253, 28.7822351 ], [ -17.8286031, 28.7822468 ], [ -17.8285485, 28.7822683 ], [ -17.8284854, 28.7822854 ], [ -17.8284306, 28.7823045 ], [ -17.8284073, 28.782314 ], [ -17.8283651, 28.7823443 ], [ -17.8283263, 28.7823834 ], [ -17.82818, 28.7825015 ], [ -17.8281266, 28.7825342 ], [ -17.8280417, 28.782572 ], [ -17.8279718, 28.7826028 ], [ -17.8278523, 28.7826482 ], [ -17.8277944, 28.7826674 ], [ -17.8277276, 28.7826936 ], [ -17.8276648, 28.782722 ], [ -17.8276093, 28.7827525 ], [ -17.8275509, 28.7827875 ], [ -17.8274832, 28.7828205 ], [ -17.8274478, 28.782837 ], [ -17.8274174, 28.7828489 ], [ -17.8273679, 28.7828681 ], [ -17.8273199, 28.7828803 ], [ -17.8272663, 28.7828882 ], [ -17.8272065, 28.7828962 ], [ -17.8271024, 28.7829029 ], [ -17.8269006, 28.7828981 ], [ -17.8267814, 28.7829164 ], [ -17.8267101, 28.7829314 ], [ -17.8266399, 28.782951 ], [ -17.8265792, 28.7829748 ], [ -17.8265205, 28.783003 ], [ -17.8264507, 28.7830338 ], [ -17.8264153, 28.7830526 ], [ -17.8263538, 28.7830855 ], [ -17.8263004, 28.7831159 ], [ -17.8262459, 28.7831486 ], [ -17.8261854, 28.7831815 ], [ -17.826124, 28.7832188 ], [ -17.8260468, 28.7832813 ], [ -17.8259989, 28.7833229 ], [ -17.8259518, 28.7833645 ], [ -17.825911, 28.7834105 ], [ -17.8258944, 28.7834356 ], [ -17.825864, 28.7835264 ], [ -17.8258501, 28.7835786 ], [ -17.8258401, 28.7836284 ], [ -17.8258363, 28.7836804 ], [ -17.825837, 28.783739 ], [ -17.8258374, 28.7837908 ], [ -17.8258381, 28.7838156 ], [ -17.8258387, 28.7838404 ], [ -17.8258394, 28.7838652 ], [ -17.8258401, 28.7838923 ], [ -17.8258428, 28.7839554 ], [ -17.8258518, 28.7840634 ], [ -17.8258602, 28.7841444 ], [ -17.825867, 28.7842074 ], [ -17.8258725, 28.7842614 ], [ -17.8258801, 28.7843131 ], [ -17.8258948, 28.7843647 ], [ -17.8259218, 28.7844521 ], [ -17.8259473, 28.784526 ], [ -17.8259698, 28.7845999 ], [ -17.8259834, 28.7846898 ], [ -17.8259848, 28.7847417 ], [ -17.8259782, 28.7847644 ], [ -17.8259497, 28.7848055 ], [ -17.8259131, 28.7848514 ], [ -17.825891, 28.7848699 ], [ -17.8258153, 28.7849121 ], [ -17.8257619, 28.7849403 ], [ -17.8257108, 28.7849819 ], [ -17.8256701, 28.7850301 ], [ -17.8256398, 28.7850826 ], [ -17.8256178, 28.7851395 ], [ -17.8256017, 28.7851894 ], [ -17.8255897, 28.785237 ], [ -17.8255801, 28.7852598 ], [ -17.8255663, 28.7852826 ], [ -17.8255287, 28.7853308 ], [ -17.825484, 28.7853791 ], [ -17.8254318, 28.7854208 ], [ -17.8253859, 28.7854623 ], [ -17.8253449, 28.7855015 ], [ -17.825325, 28.7855222 ], [ -17.8243729, 28.7855421 ], [ -17.8243544, 28.7856846 ], [ -17.8242682, 28.7859593 ], [ -17.824208, 28.7863326 ], [ -17.8241301, 28.786695 ], [ -17.8237033, 28.7875699 ], [ -17.8233583, 28.78838 ], [ -17.8231842, 28.7886993 ], [ -17.8229462, 28.7890268 ], [ -17.8226924, 28.789323 ], [ -17.8224862, 28.7895596 ], [ -17.8222888, 28.789787 ], [ -17.8220444, 28.7899973 ], [ -17.8216305, 28.7902653 ], [ -17.8212892, 28.7904979 ], [ -17.8210515, 28.7906337 ], [ -17.8208124, 28.7907334 ], [ -17.8205545, 28.7908515 ], [ -17.8202935, 28.7909337 ], [ -17.8200554, 28.7909905 ], [ -17.8198672, 28.791026 ], [ -17.8196598, 28.7910529 ], [ -17.8196113, 28.7910675 ], [ -17.8195414, 28.791096 ], [ -17.8194819, 28.7911265 ], [ -17.8194316, 28.7911614 ], [ -17.8193835, 28.7912008 ], [ -17.8193584, 28.7912216 ], [ -17.8193304, 28.7912447 ], [ -17.8193023, 28.7912656 ], [ -17.8192752, 28.7912864 ], [ -17.8192501, 28.7913072 ], [ -17.8192261, 28.7913236 ], [ -17.819202, 28.7913421 ], [ -17.8191778, 28.7913606 ], [ -17.8191548, 28.7913792 ], [ -17.8191319, 28.7914022 ], [ -17.819109, 28.7914252 ], [ -17.8190611, 28.7914713 ], [ -17.8190091, 28.7915175 ], [ -17.8189621, 28.7915591 ], [ -17.818914, 28.7915962 ], [ -17.8188596, 28.7916334 ], [ -17.8188272, 28.7916476 ], [ -17.8187917, 28.7916619 ], [ -17.8186868, 28.7916821 ], [ -17.8186234, 28.7916857 ], [ -17.8185125, 28.7916745 ], [ -17.8184088, 28.7916609 ], [ -17.8183483, 28.7916576 ], [ -17.8182766, 28.7916569 ], [ -17.8180895, 28.7916675 ], [ -17.8179763, 28.7916834 ], [ -17.8178092, 28.7917162 ], [ -17.817732, 28.7917381 ], [ -17.8176641, 28.7917666 ], [ -17.8175793, 28.7918112 ], [ -17.8175166, 28.7918418 ], [ -17.817447, 28.7918794 ], [ -17.8173846, 28.7919213 ], [ -17.8173251, 28.7919563 ], [ -17.8172606, 28.7919915 ], [ -17.8171878, 28.7920269 ], [ -17.8171777, 28.7920316 ], [ -17.8171566, 28.7920433 ], [ -17.8171282, 28.7920597 ], [ -17.8170999, 28.7920738 ], [ -17.8168675, 28.7921869 ], [ -17.8167584, 28.792241 ], [ -17.8167062, 28.7922805 ], [ -17.8166623, 28.792322 ], [ -17.8166048, 28.7923954 ], [ -17.8165849, 28.7924161 ], [ -17.8165648, 28.7924323 ], [ -17.8165416, 28.792444 ], [ -17.8165161, 28.792449 ], [ -17.8164885, 28.7924496 ], [ -17.8164597, 28.7924435 ], [ -17.8164328, 28.7924328 ], [ -17.8164067, 28.7924153 ], [ -17.8163265, 28.7923696 ], [ -17.81629, 28.7923455 ], [ -17.8162021, 28.7923068 ], [ -17.8161158, 28.792286 ], [ -17.8159984, 28.7922817 ], [ -17.8159572, 28.7922916 ], [ -17.8159148, 28.7923105 ], [ -17.8158645, 28.7923567 ], [ -17.8158249, 28.7924319 ], [ -17.8158105, 28.7924796 ], [ -17.8157976, 28.7925272 ], [ -17.8157904, 28.7925747 ], [ -17.8157857, 28.7926244 ], [ -17.8157803, 28.7926493 ], [ -17.8157617, 28.7926858 ], [ -17.815737, 28.7927179 ], [ -17.81572, 28.792734 ], [ -17.8156706, 28.7927621 ], [ -17.8155897, 28.7927999 ], [ -17.8155378, 28.7928123 ], [ -17.8155121, 28.7928128 ], [ -17.8154864, 28.7928066 ], [ -17.8154616, 28.7927958 ], [ -17.8154375, 28.7927805 ], [ -17.8153935, 28.7927386 ], [ -17.8153062, 28.7926547 ], [ -17.8152502, 28.792604 ], [ -17.8151995, 28.79256 ], [ -17.8151648, 28.7925269 ], [ -17.8150717, 28.7924567 ], [ -17.815052, 28.792448 ], [ -17.8150072, 28.792431 ], [ -17.814964, 28.7924205 ], [ -17.8149209, 28.7924169 ], [ -17.8148975, 28.7924219 ], [ -17.8148699, 28.7924248 ], [ -17.8148435, 28.7924299 ], [ -17.8148201, 28.7924349 ], [ -17.8147977, 28.7924398 ], [ -17.8147764, 28.7924448 ], [ -17.8147548, 28.7924475 ], [ -17.8147335, 28.7924524 ], [ -17.8146858, 28.7924692 ], [ -17.8146052, 28.792516 ], [ -17.814428, 28.7926279 ], [ -17.8143307, 28.7926706 ], [ -17.8142699, 28.7926944 ], [ -17.8142103, 28.7927182 ], [ -17.814041, 28.7927826 ], [ -17.8138517, 28.7928655 ], [ -17.8137861, 28.7929029 ], [ -17.8136999, 28.7929679 ], [ -17.8136427, 28.7930119 ], [ -17.8135864, 28.7930582 ], [ -17.8135355, 28.7931021 ], [ -17.8134667, 28.7931757 ], [ -17.8133773, 28.7932768 ], [ -17.8133117, 28.793348 ], [ -17.8132514, 28.7934282 ], [ -17.813191, 28.7935062 ], [ -17.8131414, 28.7935906 ], [ -17.8131162, 28.7936475 ], [ -17.8131002, 28.7937403 ], [ -17.8130999, 28.7938148 ], [ -17.8131155, 28.7939182 ], [ -17.8131404, 28.793983 ], [ -17.8131756, 28.7940545 ], [ -17.8132209, 28.7941257 ], [ -17.8132752, 28.7942057 ], [ -17.8133154, 28.7942567 ], [ -17.8133702, 28.794303 ], [ -17.8134264, 28.7943492 ], [ -17.8134574, 28.7943711 ], [ -17.8134822, 28.7943818 ], [ -17.8135491, 28.794394 ], [ -17.8135809, 28.7943956 ], [ -17.8136852, 28.7943934 ], [ -17.8137563, 28.7943829 ], [ -17.813874, 28.7943443 ], [ -17.8139523, 28.7943224 ], [ -17.8140041, 28.7943078 ], [ -17.8140815, 28.7942904 ], [ -17.8141397, 28.7942847 ], [ -17.8141715, 28.7942885 ], [ -17.8142024, 28.7942946 ], [ -17.8143128, 28.7943307 ], [ -17.8143691, 28.7943611 ], [ -17.8146188, 28.794516 ], [ -17.8146996, 28.7945662 ], [ -17.8147658, 28.7946347 ], [ -17.8147996, 28.7946859 ], [ -17.8148264, 28.7947304 ], [ -17.8148488, 28.7947998 ], [ -17.8148593, 28.794847 ], [ -17.8148684, 28.7949167 ], [ -17.8148695, 28.7950001 ], [ -17.8148528, 28.7950997 ], [ -17.8148398, 28.7951496 ], [ -17.8148147, 28.795202 ], [ -17.8147758, 28.7952456 ], [ -17.8147285, 28.7952782 ], [ -17.8146456, 28.7953182 ], [ -17.8145676, 28.7953447 ], [ -17.8144801, 28.795369 ], [ -17.8143829, 28.7954072 ], [ -17.8143274, 28.7954376 ], [ -17.8142708, 28.7954681 ], [ -17.814179, 28.7955174 ], [ -17.8140711, 28.7955805 ], [ -17.8140058, 28.7956292 ], [ -17.8139327, 28.7957119 ], [ -17.8138833, 28.7957919 ], [ -17.8138606, 28.7958285 ], [ -17.813828, 28.7959081 ], [ -17.8138157, 28.7959444 ], [ -17.8138065, 28.795983 ], [ -17.8138009, 28.796044 ], [ -17.813797, 28.7960869 ], [ -17.8137922, 28.7961411 ], [ -17.8137865, 28.7961908 ], [ -17.8137769, 28.7962564 ], [ -17.8137644, 28.7963221 ], [ -17.8137426, 28.7964263 ], [ -17.8137155, 28.7965261 ], [ -17.813686, 28.7966079 ], [ -17.8136575, 28.7966536 ], [ -17.8136089, 28.796711 ], [ -17.8135679, 28.7967479 ], [ -17.8135173, 28.7967738 ], [ -17.8134595, 28.7967907 ], [ -17.813394, 28.7967944 ], [ -17.8133079, 28.7967916 ], [ -17.8132134, 28.7967756 ], [ -17.8131484, 28.7967611 ], [ -17.8130625, 28.7967291 ], [ -17.8130027, 28.7967168 ], [ -17.8128533, 28.7967064 ], [ -17.8127001, 28.7967164 ], [ -17.8125903, 28.7967344 ], [ -17.8125081, 28.7967542 ], [ -17.8123901, 28.796813 ], [ -17.8123085, 28.7968689 ], [ -17.8122623, 28.7969014 ], [ -17.8120544, 28.7970185 ], [ -17.8119505, 28.7971109 ], [ -17.8118707, 28.7971892 ], [ -17.8117879, 28.7972721 ], [ -17.8117228, 28.7973253 ], [ -17.8116699, 28.7973806 ], [ -17.8116032, 28.7974473 ], [ -17.8115631, 28.7974775 ], [ -17.8115115, 28.7975056 ], [ -17.8114325, 28.7975388 ], [ -17.8113322, 28.7975793 ], [ -17.8112115, 28.7976201 ], [ -17.811111, 28.7976538 ], [ -17.8110329, 28.7976847 ], [ -17.8109541, 28.7977225 ], [ -17.8108873, 28.7977509 ], [ -17.8108438, 28.7977698 ], [ -17.8107942, 28.7977912 ], [ -17.8106992, 28.7978428 ], [ -17.8106229, 28.7978962 ], [ -17.8105399, 28.7979678 ], [ -17.810521, 28.7979931 ], [ -17.8105133, 28.7980451 ], [ -17.810502, 28.7980814 ], [ -17.8104762, 28.798118 ], [ -17.8104212, 28.7981665 ], [ -17.8103399, 28.7982246 ], [ -17.8102453, 28.798292 ], [ -17.8102063, 28.7983221 ], [ -17.8101706, 28.798368 ], [ -17.8101551, 28.7983976 ], [ -17.8101498, 28.7984293 ], [ -17.8101507, 28.7984608 ], [ -17.8101659, 28.7984988 ], [ -17.8101946, 28.7985343 ], [ -17.810269, 28.7986004 ], [ -17.8103486, 28.7986642 ], [ -17.8104144, 28.7987124 ], [ -17.8105102, 28.798769 ], [ -17.8106199, 28.7988141 ], [ -17.8107172, 28.7988527 ], [ -17.8108266, 28.7988865 ], [ -17.8108825, 28.7989056 ], [ -17.8109521, 28.7989403 ], [ -17.8110064, 28.7989842 ], [ -17.8110519, 28.7990351 ], [ -17.8110971, 28.7991041 ], [ -17.8111308, 28.799162 ], [ -17.8111633, 28.79922 ], [ -17.8112072, 28.799289 ], [ -17.8112435, 28.7993468 ], [ -17.8112836, 28.7994294 ], [ -17.8112898, 28.7994699 ], [ -17.8112878, 28.7995061 ], [ -17.8112711, 28.7995695 ], [ -17.8112485, 28.7996715 ], [ -17.8112363, 28.7997168 ], [ -17.8112118, 28.7997715 ], [ -17.8111844, 28.7998149 ], [ -17.8111394, 28.7998542 ], [ -17.8110526, 28.7998988 ], [ -17.8110089, 28.799911 ], [ -17.8109374, 28.7999193 ], [ -17.8108554, 28.7999187 ], [ -17.810772, 28.7999024 ], [ -17.8106728, 28.7998684 ], [ -17.810593, 28.7998317 ], [ -17.8105409, 28.799799 ], [ -17.8104863, 28.7997505 ], [ -17.8104042, 28.7996688 ], [ -17.8103185, 28.7996029 ], [ -17.8102275, 28.7995349 ], [ -17.8099412, 28.7993582 ], [ -17.8098735, 28.799319 ], [ -17.8098601, 28.7993125 ], [ -17.8098495, 28.7993015 ], [ -17.809752, 28.7992494 ], [ -17.809671, 28.799215 ], [ -17.8096111, 28.7991937 ], [ -17.8095566, 28.7991813 ], [ -17.8094539, 28.7991722 ], [ -17.8093554, 28.7991629 ], [ -17.8092335, 28.7991655 ], [ -17.80911, 28.7991748 ], [ -17.8090201, 28.7991902 ], [ -17.8089491, 28.7992142 ], [ -17.8088854, 28.7992449 ], [ -17.8088221, 28.799289 ], [ -17.8087682, 28.799342 ], [ -17.8087256, 28.7993948 ], [ -17.8086966, 28.7994585 ], [ -17.8086818, 28.7995175 ], [ -17.8086803, 28.7995739 ], [ -17.8086895, 28.799612 ], [ -17.8087092, 28.799659 ], [ -17.8087389, 28.7997012 ], [ -17.8088124, 28.7997673 ], [ -17.808847, 28.7997982 ], [ -17.8088867, 28.7998244 ], [ -17.8089292, 28.7998461 ], [ -17.8089738, 28.7998677 ], [ -17.8090204, 28.7998848 ], [ -17.809071, 28.7998995 ], [ -17.8091442, 28.7999205 ], [ -17.8091896, 28.7999309 ], [ -17.8092318, 28.7999413 ], [ -17.8092751, 28.7999494 ], [ -17.8093494, 28.7999704 ], [ -17.8094621, 28.8000131 ], [ -17.809516, 28.8000368 ], [ -17.8095485, 28.800061 ], [ -17.8095905, 28.800112 ], [ -17.8096182, 28.8001655 ], [ -17.8096246, 28.8001947 ], [ -17.8096271, 28.8002239 ], [ -17.8096182, 28.8002737 ], [ -17.8096031, 28.8003011 ], [ -17.8095813, 28.8003309 ], [ -17.8094943, 28.8003936 ], [ -17.8094499, 28.8004193 ], [ -17.8094222, 28.8004357 ], [ -17.809316, 28.8004694 ], [ -17.8092441, 28.8004957 ], [ -17.8091455, 28.8005406 ], [ -17.8090878, 28.8005666 ], [ -17.8090386, 28.8005993 ], [ -17.8089984, 28.8006294 ], [ -17.8089593, 28.800664 ], [ -17.8088912, 28.8007196 ], [ -17.8088421, 28.8007634 ], [ -17.8087953, 28.800805 ], [ -17.8087088, 28.8008677 ], [ -17.8086456, 28.8009164 ], [ -17.808576, 28.8009562 ], [ -17.8085285, 28.8009752 ], [ -17.8084806, 28.8009852 ], [ -17.8084335, 28.8009885 ], [ -17.8083802, 28.8009851 ], [ -17.8083266, 28.8009727 ], [ -17.808283, 28.800951 ], [ -17.8082516, 28.8009246 ], [ -17.8082282, 28.8008935 ], [ -17.8082149, 28.8008577 ], [ -17.8082119, 28.8008194 ], [ -17.8082275, 28.8007537 ], [ -17.8082474, 28.8006901 ], [ -17.8082503, 28.8006518 ], [ -17.8082498, 28.8006337 ], [ -17.808227, 28.8005801 ], [ -17.8081983, 28.8005423 ], [ -17.8081489, 28.8004983 ], [ -17.8080729, 28.8004525 ], [ -17.8080418, 28.8004351 ], [ -17.8080193, 28.8004243 ], [ -17.8079733, 28.8004072 ], [ -17.8079021, 28.8003816 ], [ -17.8078132, 28.8003542 ], [ -17.8077215, 28.8003403 ], [ -17.8076723, 28.8003345 ], [ -17.8076377, 28.8003375 ], [ -17.8075248, 28.8003647 ], [ -17.8074419, 28.8003867 ], [ -17.8073906, 28.8004013 ], [ -17.8073032, 28.8004257 ], [ -17.8072618, 28.8004423 ], [ -17.8072261, 28.8004543 ], [ -17.8072051, 28.8004728 ], [ -17.8071894, 28.8004934 ], [ -17.8071771, 28.8005365 ], [ -17.8071762, 28.8005749 ], [ -17.8071756, 28.8005952 ], [ -17.807178, 28.8006425 ], [ -17.8071792, 28.8006853 ], [ -17.8071863, 28.8007257 ], [ -17.807191, 28.8007437 ], [ -17.8071967, 28.8007661 ], [ -17.8072034, 28.8007908 ], [ -17.8072113, 28.8008155 ], [ -17.8072191, 28.8008401 ], [ -17.807228, 28.8008647 ], [ -17.8072357, 28.8008848 ], [ -17.807254, 28.8009228 ], [ -17.8072736, 28.800963 ], [ -17.807289, 28.8010055 ], [ -17.8072948, 28.8010302 ], [ -17.8072996, 28.8010549 ], [ -17.8073012, 28.8010774 ], [ -17.8073018, 28.8010977 ], [ -17.8073013, 28.801118 ], [ -17.8072997, 28.8011361 ], [ -17.8072981, 28.8011542 ], [ -17.8072985, 28.8011699 ], [ -17.807298, 28.8011857 ], [ -17.807294, 28.8012309 ], [ -17.807293, 28.801267 ], [ -17.8072894, 28.8012874 ], [ -17.8072828, 28.8013056 ], [ -17.807277, 28.8013215 ], [ -17.8072652, 28.8013398 ], [ -17.8072551, 28.8013557 ], [ -17.8072405, 28.8013741 ], [ -17.8072276, 28.8013879 ], [ -17.8072027, 28.8014155 ], [ -17.807179, 28.8014363 ], [ -17.8071719, 28.8014455 ], [ -17.8071608, 28.801457 ], [ -17.8071529, 28.8014661 ], [ -17.8071459, 28.8014753 ], [ -17.8070998, 28.8015214 ], [ -17.8070581, 28.8015583 ], [ -17.8070501, 28.8015652 ], [ -17.80704, 28.8015722 ], [ -17.8070269, 28.801577 ], [ -17.8069942, 28.8015822 ], [ -17.8069523, 28.8015808 ], [ -17.8068763, 28.8015756 ], [ -17.8068002, 28.8015659 ], [ -17.806757, 28.8015533 ], [ -17.8067123, 28.8015339 ], [ -17.8067051, 28.8015273 ], [ -17.8064556, 28.8013544 ], [ -17.8064138, 28.8013214 ], [ -17.8063482, 28.8012483 ], [ -17.8063184, 28.8012039 ], [ -17.8062837, 28.8011685 ], [ -17.806244, 28.8011355 ], [ -17.8062106, 28.8011159 ], [ -17.8061269, 28.8010906 ], [ -17.8060168, 28.8010658 ], [ -17.8059364, 28.8010539 ], [ -17.8058297, 28.8010426 ], [ -17.805715, 28.8010247 ], [ -17.8056322, 28.8010039 ], [ -17.8055176, 28.8009725 ], [ -17.805439, 28.800947 ], [ -17.8053237, 28.8009269 ], [ -17.8052693, 28.8009212 ], [ -17.8051875, 28.8009252 ], [ -17.8050785, 28.8009455 ], [ -17.8050013, 28.8009674 ], [ -17.8049331, 28.8009846 ], [ -17.8045958, 28.8011224 ], [ -17.804547, 28.8011572 ], [ -17.804506, 28.8011942 ], [ -17.8044784, 28.8012263 ], [ -17.8044458, 28.8012924 ], [ -17.8044332, 28.8013242 ], [ -17.8044097, 28.8013608 ], [ -17.8043722, 28.8014112 ], [ -17.8043262, 28.8014573 ], [ -17.8042762, 28.8015011 ], [ -17.8042118, 28.8015431 ], [ -17.8040441, 28.80163 ], [ -17.8039915, 28.8016559 ], [ -17.8038906, 28.8017121 ], [ -17.8037826, 28.8017685 ], [ -17.803735, 28.8017898 ], [ -17.8036862, 28.8018021 ], [ -17.803634, 28.8018054 ], [ -17.803552, 28.8018003 ], [ -17.8035159, 28.8017921 ], [ -17.8033696, 28.801759 ], [ -17.8033036, 28.8017401 ], [ -17.8031932, 28.8017131 ], [ -17.80309, 28.8016814 ], [ -17.8029766, 28.8016522 ], [ -17.8028706, 28.8016318 ], [ -17.8027936, 28.8016244 ], [ -17.8026799, 28.8016268 ], [ -17.8026005, 28.8016397 ], [ -17.802467, 28.801665 ], [ -17.8024208, 28.8016818 ], [ -17.8023606, 28.8017078 ], [ -17.802297, 28.801743 ], [ -17.8022336, 28.8017894 ], [ -17.802168, 28.8018607 ], [ -17.8021082, 28.8019228 ], [ -17.8020388, 28.8020054 ], [ -17.8019946, 28.8020763 ], [ -17.8019557, 28.8021537 ], [ -17.8019239, 28.8022288 ], [ -17.801912, 28.8022809 ], [ -17.8018985, 28.8023917 ], [ -17.801899, 28.8024887 ], [ -17.8018993, 28.8025698 ], [ -17.8018979, 28.8025947 ], [ -17.8018963, 28.802615 ], [ -17.8018958, 28.8026308 ], [ -17.8018972, 28.8026488 ], [ -17.8018981, 28.8026804 ], [ -17.801899, 28.8027164 ], [ -17.8018945, 28.8027368 ], [ -17.8018857, 28.8027573 ], [ -17.80187, 28.8027779 ], [ -17.8018118, 28.802822 ], [ -17.8017713, 28.8028409 ], [ -17.8017286, 28.8028508 ], [ -17.8016816, 28.802854 ], [ -17.8015985, 28.8028512 ], [ -17.801475, 28.802829 ], [ -17.8013712, 28.8028131 ], [ -17.8012684, 28.8027994 ], [ -17.8011494, 28.8027952 ], [ -17.8010304, 28.8027841 ], [ -17.8009196, 28.8027751 ], [ -17.8007936, 28.8027732 ], [ -17.8007074, 28.8027705 ], [ -17.8005694, 28.8027801 ], [ -17.8005063, 28.8027949 ], [ -17.8003763, 28.802836 ], [ -17.8003409, 28.8028503 ], [ -17.8002783, 28.8028876 ], [ -17.8002011, 28.8029479 ], [ -17.8001201, 28.8030172 ], [ -17.800066, 28.8030657 ], [ -17.8000443, 28.803091 ], [ -17.8000045, 28.8031369 ], [ -17.7999687, 28.8031805 ], [ -17.7999031, 28.8032517 ], [ -17.7998534, 28.8033069 ], [ -17.7997926, 28.8033735 ], [ -17.7997389, 28.8034288 ], [ -17.7996998, 28.8034634 ], [ -17.7996798, 28.8034819 ], [ -17.7996153, 28.8035576 ], [ -17.7995906, 28.8035942 ], [ -17.7995723, 28.8036329 ], [ -17.7995496, 28.8036673 ], [ -17.7994915, 28.8037181 ], [ -17.7994694, 28.8037343 ], [ -17.7994462, 28.8037461 ], [ -17.7994199, 28.8037556 ], [ -17.7993638, 28.8037636 ], [ -17.7993185, 28.8037577 ], [ -17.7992804, 28.8037495 ], [ -17.7991724, 28.8037337 ], [ -17.7991156, 28.8037213 ], [ -17.7990908, 28.8037106 ], [ -17.7990315, 28.8036712 ], [ -17.7989761, 28.8036295 ], [ -17.7989014, 28.8035567 ], [ -17.7988565, 28.8035215 ], [ -17.798793, 28.8034823 ], [ -17.7987723, 28.8034736 ], [ -17.7987527, 28.8034718 ], [ -17.7987322, 28.8034722 ], [ -17.7987109, 28.8034772 ], [ -17.7986686, 28.8035029 ], [ -17.7986295, 28.8035375 ], [ -17.7985981, 28.8035833 ], [ -17.7985746, 28.8036266 ], [ -17.7985583, 28.8036698 ], [ -17.7985306, 28.8037403 ], [ -17.7985002, 28.803795 ], [ -17.7984668, 28.8038431 ], [ -17.7984141, 28.8039073 ], [ -17.7983573, 28.8039626 ], [ -17.7983173, 28.8039972 ], [ -17.798277, 28.8040252 ], [ -17.798237, 28.8040575 ], [ -17.7981403, 28.804134 ], [ -17.7980604, 28.8041943 ], [ -17.797995, 28.8042385 ], [ -17.7979456, 28.8042688 ], [ -17.7978898, 28.804288 ], [ -17.7978337, 28.8042982 ], [ -17.7977793, 28.8042971 ], [ -17.7977249, 28.8042914 ], [ -17.7976703, 28.8042768 ], [ -17.7976089, 28.8042442 ], [ -17.7975792, 28.804211 ], [ -17.7975602, 28.8041595 ], [ -17.797556, 28.8041393 ], [ -17.7975498, 28.8040989 ], [ -17.7975423, 28.8040088 ], [ -17.7975398, 28.8039142 ], [ -17.797537, 28.8038105 ], [ -17.7975313, 28.8037542 ], [ -17.7975228, 28.8037409 ], [ -17.7975083, 28.8037344 ], [ -17.7974876, 28.8037303 ], [ -17.7974366, 28.8037336 ], [ -17.7973754, 28.8037439 ], [ -17.7973113, 28.8037588 ], [ -17.7972208, 28.8037787 ], [ -17.7971146, 28.8037944 ], [ -17.7970463, 28.8038049 ], [ -17.796988, 28.8038106 ], [ -17.7969309, 28.8038163 ], [ -17.7968373, 28.8038115 ], [ -17.7967458, 28.8037953 ], [ -17.7967051, 28.8037826 ], [ -17.7966332, 28.8037548 ], [ -17.7965554, 28.8037203 ], [ -17.7964487, 28.8036707 ], [ -17.7963943, 28.8036357 ], [ -17.7963282, 28.8035807 ], [ -17.7963021, 28.8035497 ], [ -17.7962555, 28.8034898 ], [ -17.7962302, 28.8034294 ], [ -17.7962225, 28.8034048 ], [ -17.7961889, 28.8033401 ], [ -17.7961304, 28.8032578 ], [ -17.7960915, 28.8032226 ], [ -17.7960739, 28.8032094 ], [ -17.7960314, 28.8031945 ], [ -17.7959851, 28.8031864 ], [ -17.7959391, 28.8031874 ], [ -17.7958523, 28.8031982 ], [ -17.7957836, 28.8031974 ], [ -17.7956696, 28.8031794 ], [ -17.7956313, 28.8031667 ], [ -17.7955459, 28.8031166 ], [ -17.795456, 28.803044 ], [ -17.7953802, 28.8029667 ], [ -17.7953003, 28.8028894 ], [ -17.7952361, 28.8028276 ], [ -17.7951624, 28.8027863 ], [ -17.795124, 28.802769 ], [ -17.7951013, 28.8027627 ], [ -17.7950564, 28.8027659 ], [ -17.7949596, 28.8027837 ], [ -17.794875, 28.802799 ], [ -17.7947694, 28.8027989 ], [ -17.7946781, 28.8027895 ], [ -17.7946356, 28.8027769 ], [ -17.7945474, 28.8027336 ], [ -17.7944446, 28.8026726 ], [ -17.7943842, 28.8026378 ], [ -17.7943147, 28.8026054 ], [ -17.794222, 28.8025825 ], [ -17.7940994, 28.8025602 ], [ -17.7939986, 28.802542 ], [ -17.7938775, 28.802531 ], [ -17.7937553, 28.8025223 ], [ -17.7936726, 28.8025262 ], [ -17.7935551, 28.8025399 ], [ -17.7934504, 28.8025669 ], [ -17.7933453, 28.8025849 ], [ -17.7932433, 28.8026028 ], [ -17.7931426, 28.8026229 ], [ -17.79305, 28.8026474 ], [ -17.7930085, 28.8026663 ], [ -17.7929382, 28.8027173 ], [ -17.7929133, 28.8027426 ], [ -17.7928979, 28.8027768 ], [ -17.7928916, 28.802813 ], [ -17.792892, 28.8028671 ], [ -17.7929016, 28.8029165 ], [ -17.7929244, 28.803004 ], [ -17.7929463, 28.803096 ], [ -17.7929716, 28.8031992 ], [ -17.7929843, 28.8032576 ], [ -17.792989, 28.8033567 ], [ -17.7929918, 28.8034604 ], [ -17.7929908, 28.8035349 ], [ -17.7929809, 28.8036275 ], [ -17.792964, 28.8036842 ], [ -17.7929436, 28.8037207 ], [ -17.7928997, 28.803769 ], [ -17.7928358, 28.8038312 ], [ -17.7928025, 28.8038838 ], [ -17.7927661, 28.803977 ], [ -17.7927485, 28.8040134 ], [ -17.7927238, 28.8040478 ], [ -17.7926918, 28.8040732 ], [ -17.792627, 28.8041039 ], [ -17.7925244, 28.8041331 ], [ -17.7924185, 28.8041556 ], [ -17.7923178, 28.8041847 ], [ -17.7922345, 28.8042045 ], [ -17.7921772, 28.8042124 ], [ -17.7921179, 28.8042137 ], [ -17.7920585, 28.8042126 ], [ -17.7920029, 28.8042048 ], [ -17.7919473, 28.8041879 ], [ -17.7918684, 28.8041512 ], [ -17.7917738, 28.8040968 ], [ -17.7916667, 28.8040358 ], [ -17.7916024, 28.8040078 ], [ -17.7915075, 28.8039827 ], [ -17.7914561, 28.8039748 ], [ -17.79137, 28.8039766 ], [ -17.7912476, 28.8039926 ], [ -17.7911363, 28.8039994 ], [ -17.7909513, 28.8040213 ], [ -17.7908459, 28.8040551 ], [ -17.7907698, 28.8040837 ], [ -17.7906916, 28.8041079 ], [ -17.7905848, 28.8041371 ], [ -17.7905065, 28.8041568 ], [ -17.790438, 28.804165 ], [ -17.7903929, 28.8041614 ], [ -17.7903167, 28.8041449 ], [ -17.7902112, 28.8041088 ], [ -17.7901286, 28.8040699 ], [ -17.7900349, 28.8040267 ], [ -17.7899385, 28.8039814 ], [ -17.7898712, 28.8039557 ], [ -17.789762, 28.8039264 ], [ -17.7896868, 28.8039099 ], [ -17.7896305, 28.8039111 ], [ -17.7895929, 28.8039231 ], [ -17.7895565, 28.8039442 ], [ -17.7895245, 28.8039696 ], [ -17.7894909, 28.8040177 ], [ -17.7894554, 28.8040658 ], [ -17.7894278, 28.8041114 ], [ -17.7893993, 28.8041955 ], [ -17.7893843, 28.8042431 ], [ -17.7893605, 28.804309 ], [ -17.789334, 28.8043908 ], [ -17.7892893, 28.8044864 ], [ -17.7892787, 28.8045092 ], [ -17.7892782, 28.8045656 ], [ -17.7892819, 28.8046647 ], [ -17.7892872, 28.8047075 ], [ -17.7892964, 28.8047524 ], [ -17.7893042, 28.8048108 ], [ -17.7893316, 28.8049569 ], [ -17.7893434, 28.8050513 ], [ -17.7893597, 28.8051615 ], [ -17.7893717, 28.8052717 ], [ -17.7893838, 28.8053775 ], [ -17.7894072, 28.8054853 ], [ -17.789432, 28.8055682 ], [ -17.7894742, 28.8056598 ], [ -17.7895023, 28.805711 ], [ -17.7895409, 28.8057779 ], [ -17.7895453, 28.8057868 ], [ -17.7896187, 28.8059274 ], [ -17.7896417, 28.8060239 ], [ -17.7896618, 28.8061227 ], [ -17.7896765, 28.8062148 ], [ -17.789681, 28.8063095 ], [ -17.7896813, 28.8063568 ], [ -17.7896702, 28.8064021 ], [ -17.7896509, 28.8064477 ], [ -17.7896234, 28.8064888 ], [ -17.7895876, 28.8065256 ], [ -17.7895209, 28.8065654 ], [ -17.7894187, 28.8066103 ], [ -17.7893079, 28.8066419 ], [ -17.7892073, 28.8066665 ], [ -17.7891145, 28.8066865 ], [ -17.7890148, 28.8067089 ], [ -17.7889118, 28.8067245 ], [ -17.7888114, 28.8067266 ], [ -17.7887428, 28.8067122 ], [ -17.7886712, 28.8066844 ], [ -17.7886171, 28.8066675 ], [ -17.7885669, 28.8066505 ], [ -17.7884854, 28.8066409 ], [ -17.7883873, 28.8066429 ], [ -17.7882729, 28.8066543 ], [ -17.7881625, 28.8066634 ], [ -17.7880818, 28.8066718 ], [ -17.7879696, 28.8066876 ], [ -17.7878931, 28.8067005 ], [ -17.7878248, 28.8067132 ], [ -17.7875355, 28.8068094 ], [ -17.7874118, 28.806857 ], [ -17.787303, 28.8068818 ], [ -17.7871958, 28.8068953 ], [ -17.7870926, 28.8069064 ], [ -17.7869852, 28.8069132 ], [ -17.7868746, 28.8069132 ], [ -17.7867679, 28.8069086 ], [ -17.7866603, 28.8069041 ], [ -17.7865547, 28.8068973 ], [ -17.7864315, 28.8068886 ], [ -17.7863178, 28.8068841 ], [ -17.7861848, 28.8068891 ], [ -17.7861541, 28.806892 ], [ -17.7860678, 28.8069186 ], [ -17.7859545, 28.8069728 ], [ -17.7858483, 28.8070246 ], [ -17.7857432, 28.8070786 ], [ -17.7856493, 28.8071279 ], [ -17.7855575, 28.8071772 ], [ -17.7852594, 28.8073277 ], [ -17.7851742, 28.8073633 ], [ -17.7850648, 28.8074084 ], [ -17.7849616, 28.8074579 ], [ -17.784888, 28.8074977 ], [ -17.7848185, 28.8075442 ], [ -17.7847606, 28.8075996 ], [ -17.7847339, 28.8076362 ], [ -17.7847013, 28.8077158 ], [ -17.7846749, 28.807802 ], [ -17.7846594, 28.8079264 ], [ -17.7846483, 28.8080349 ], [ -17.7846479, 28.808098 ], [ -17.7846308, 28.8081886 ], [ -17.7846138, 28.8082431 ], [ -17.7845602, 28.8083434 ], [ -17.7844991, 28.8084371 ], [ -17.7844594, 28.8084876 ], [ -17.7844127, 28.8085336 ], [ -17.784337, 28.8085735 ], [ -17.7842639, 28.8085998 ], [ -17.7841722, 28.8086175 ], [ -17.7840486, 28.8086336 ], [ -17.7839619, 28.8086444 ], [ -17.7838588, 28.8086555 ], [ -17.7837636, 28.8086575 ], [ -17.783667, 28.808646 ], [ -17.783564, 28.8086256 ], [ -17.7834515, 28.8085895 ], [ -17.7833564, 28.8085554 ], [ -17.7832735, 28.8085188 ], [ -17.7831984, 28.8084707 ], [ -17.7831012, 28.8083961 ], [ -17.7830411, 28.8083342 ], [ -17.7829612, 28.8082524 ], [ -17.7828951, 28.8081974 ], [ -17.7828515, 28.8081712 ], [ -17.7828018, 28.8081542 ], [ -17.7827516, 28.8081507 ], [ -17.7826995, 28.8081585 ], [ -17.7826478, 28.8081777 ], [ -17.7825295, 28.8082364 ], [ -17.7824318, 28.8082994 ], [ -17.7823433, 28.8083576 ], [ -17.7822912, 28.8084015 ], [ -17.7822654, 28.8084313 ], [ -17.7822457, 28.8084633 ], [ -17.7822324, 28.808502 ], [ -17.782229, 28.8085697 ], [ -17.7822375, 28.8086146 ], [ -17.7822746, 28.8087018 ], [ -17.7823162, 28.8088024 ], [ -17.7823552, 28.808885 ], [ -17.7823798, 28.8089206 ], [ -17.7824144, 28.8089515 ], [ -17.7824362, 28.8089645 ], [ -17.7824582, 28.8089776 ], [ -17.782545, 28.8090119 ], [ -17.7826497, 28.8090548 ], [ -17.7826933, 28.809081 ], [ -17.7827259, 28.8091119 ], [ -17.7827757, 28.8091695 ], [ -17.782808, 28.8091959 ], [ -17.7828611, 28.8092399 ], [ -17.7829094, 28.8092998 ], [ -17.7829388, 28.8093488 ], [ -17.7829743, 28.8094315 ], [ -17.7829893, 28.8094898 ], [ -17.7829921, 28.8095529 ], [ -17.7829885, 28.8096658 ], [ -17.7829737, 28.8097653 ], [ -17.7829629, 28.8098557 ], [ -17.7829419, 28.8099576 ], [ -17.7829397, 28.8100253 ], [ -17.7829627, 28.8101196 ], [ -17.7829697, 28.8101893 ], [ -17.7829657, 28.8102345 ], [ -17.782944, 28.8103026 ], [ -17.7829313, 28.8103299 ], [ -17.7829156, 28.8103528 ], [ -17.7828977, 28.8103712 ], [ -17.7828594, 28.8103946 ], [ -17.7827964, 28.8104139 ], [ -17.7827485, 28.8104239 ], [ -17.7826952, 28.8104228 ], [ -17.7826528, 28.8104169 ], [ -17.7825417, 28.8103853 ], [ -17.7824765, 28.8103642 ], [ -17.7823859, 28.8103299 ], [ -17.78232, 28.8102929 ], [ -17.7822803, 28.8102622 ], [ -17.7822465, 28.8102245 ], [ -17.7822153, 28.8101711 ], [ -17.7821884, 28.8100792 ], [ -17.7821677, 28.8099939 ], [ -17.7821374, 28.8098953 ], [ -17.7821194, 28.8098393 ], [ -17.7820971, 28.8098059 ], [ -17.7820637, 28.8097818 ], [ -17.7819877, 28.8097383 ], [ -17.7818985, 28.8096905 ], [ -17.7818255, 28.8096446 ], [ -17.7817867, 28.8096094 ], [ -17.7817581, 28.8095739 ], [ -17.7817169, 28.809489 ], [ -17.7816818, 28.809404 ], [ -17.7816542, 28.809328 ], [ -17.7816328, 28.8092923 ], [ -17.7816179, 28.8092746 ], [ -17.7815992, 28.8092614 ], [ -17.7815494, 28.8092377 ], [ -17.7814771, 28.8092121 ], [ -17.7814016, 28.8091866 ], [ -17.7812749, 28.8091554 ], [ -17.7811871, 28.8091301 ], [ -17.7810721, 28.8090851 ], [ -17.7809586, 28.8090514 ], [ -17.7809103, 28.8090456 ], [ -17.7807968, 28.8090525 ], [ -17.780706, 28.8090656 ], [ -17.7806551, 28.8090779 ], [ -17.7806044, 28.809097 ], [ -17.7805023, 28.8091465 ], [ -17.7803673, 28.8092305 ], [ -17.7803117, 28.8092609 ], [ -17.7802207, 28.8093034 ], [ -17.7801211, 28.8093303 ], [ -17.7800001, 28.8093598 ], [ -17.7799238, 28.8093817 ], [ -17.7798784, 28.8094052 ], [ -17.7798454, 28.8094397 ], [ -17.7798009, 28.8095015 ], [ -17.7797882, 28.8095198 ], [ -17.7797607, 28.8095654 ], [ -17.7797488, 28.8096176 ], [ -17.7796537, 28.8099871 ], [ -17.7795275, 28.8103911 ], [ -17.7794883, 28.8104912 ], [ -17.779455, 28.8105865 ], [ -17.779423, 28.8106774 ], [ -17.7793772, 28.8107798 ], [ -17.7793262, 28.8108666 ], [ -17.7792419, 28.8110104 ], [ -17.7791749, 28.8111087 ], [ -17.7791077, 28.8112026 ], [ -17.7790841, 28.8112414 ], [ -17.7790522, 28.8113097 ], [ -17.7790396, 28.8113709 ], [ -17.7790434, 28.8114429 ], [ -17.7790483, 28.8114699 ], [ -17.7790615, 28.8115057 ], [ -17.7791087, 28.8115882 ], [ -17.7791134, 28.8116084 ], [ -17.7791103, 28.8116491 ], [ -17.7790955, 28.8117035 ], [ -17.7790703, 28.8117581 ], [ -17.7790228, 28.8118222 ], [ -17.7789778, 28.8118638 ], [ -17.7788699, 28.8119246 ], [ -17.7787773, 28.8119852 ], [ -17.7786948, 28.8120433 ], [ -17.7786143, 28.812099 ], [ -17.7785354, 28.8121345 ], [ -17.7784769, 28.8121672 ], [ -17.7784489, 28.8121904 ], [ -17.7784168, 28.8122181 ], [ -17.7783716, 28.8122506 ], [ -17.7783272, 28.8122853 ], [ -17.7782967, 28.8123108 ], [ -17.7782765, 28.8123315 ], [ -17.7782467, 28.8123637 ], [ -17.7782046, 28.8124457 ], [ -17.7781658, 28.8125277 ], [ -17.7781181, 28.8126166 ], [ -17.7780821, 28.8126895 ], [ -17.7780118, 28.812779 ], [ -17.7779475, 28.8128299 ], [ -17.7778771, 28.8128787 ], [ -17.7778477, 28.8128906 ], [ -17.7777866, 28.8129054 ], [ -17.7777551, 28.8129105 ], [ -17.7776792, 28.8129098 ], [ -17.7776206, 28.8128975 ], [ -17.7775645, 28.8128716 ], [ -17.7775155, 28.8128365 ], [ -17.7774629, 28.8127835 ], [ -17.7773995, 28.8127126 ], [ -17.777335, 28.8126328 ], [ -17.7772631, 28.8125463 ], [ -17.7772242, 28.8125088 ], [ -17.7771752, 28.8124782 ], [ -17.7771099, 28.8124502 ], [ -17.7770543, 28.8124401 ], [ -17.776995, 28.8124413 ], [ -17.7769654, 28.8124487 ], [ -17.7769067, 28.8124747 ], [ -17.7768189, 28.8125262 ], [ -17.7767626, 28.8125611 ], [ -17.7765899, 28.8126458 ], [ -17.7765442, 28.8126649 ], [ -17.7764954, 28.8126839 ], [ -17.7764536, 28.8126915 ], [ -17.7764053, 28.8126835 ], [ -17.7763825, 28.8126749 ], [ -17.776331, 28.8126534 ], [ -17.7762525, 28.812619 ], [ -17.7761525, 28.8125714 ], [ -17.7760554, 28.8125419 ], [ -17.7759391, 28.8125217 ], [ -17.7758171, 28.8125174 ], [ -17.7757116, 28.8125196 ], [ -17.7756525, 28.8125276 ], [ -17.775626, 28.8125349 ], [ -17.7756048, 28.8125466 ], [ -17.7755609, 28.8125926 ], [ -17.7755544, 28.812613 ], [ -17.7755566, 28.8126942 ], [ -17.7755874, 28.8127747 ], [ -17.7756413, 28.8128774 ], [ -17.7756921, 28.8130567 ], [ -17.7757276, 28.8132341 ], [ -17.7757574, 28.8133576 ], [ -17.7757965, 28.8134785 ], [ -17.7758309, 28.8135771 ], [ -17.7758477, 28.8136308 ], [ -17.7758471, 28.813685 ], [ -17.7758404, 28.8137054 ], [ -17.7758012, 28.8137716 ], [ -17.7757762, 28.8138285 ], [ -17.7757445, 28.8139149 ], [ -17.7757287, 28.8139693 ], [ -17.7757208, 28.8139875 ], [ -17.7756931, 28.8140219 ], [ -17.775631, 28.814075 ], [ -17.7755285, 28.8141471 ], [ -17.7754522, 28.8142095 ], [ -17.7753761, 28.8142697 ], [ -17.7753252, 28.8143249 ], [ -17.7753166, 28.8143431 ], [ -17.7753046, 28.814393 ], [ -17.7753089, 28.814438 ], [ -17.7753326, 28.8144826 ], [ -17.775384, 28.8145311 ], [ -17.775394, 28.814558 ], [ -17.7753914, 28.814619 ], [ -17.7753907, 28.8146686 ], [ -17.7753972, 28.8147203 ], [ -17.7754237, 28.8147919 ], [ -17.7754538, 28.8148454 ], [ -17.7754861, 28.8149057 ], [ -17.775502, 28.8150046 ], [ -17.775517, 28.8150629 ], [ -17.7755379, 28.8151211 ], [ -17.7755489, 28.815184 ], [ -17.7755527, 28.8152944 ], [ -17.7755469, 28.8153442 ], [ -17.7755287, 28.8153896 ], [ -17.7755091, 28.8154216 ], [ -17.7754543, 28.8154814 ], [ -17.775384, 28.8155324 ], [ -17.7753576, 28.8155465 ], [ -17.7752858, 28.8155773 ], [ -17.7752175, 28.81559 ], [ -17.7751081, 28.815599 ], [ -17.7750231, 28.8156008 ], [ -17.7749071, 28.8155896 ], [ -17.7747951, 28.8155784 ], [ -17.7747091, 28.8155734 ], [ -17.7746026, 28.8155778 ], [ -17.774487, 28.8155824 ], [ -17.7743498, 28.8155853 ], [ -17.7742308, 28.8155742 ], [ -17.7741127, 28.8155631 ], [ -17.7740717, 28.8155617 ], [ -17.7739898, 28.8155656 ], [ -17.7738654, 28.8155862 ], [ -17.773762, 28.8155974 ], [ -17.7736948, 28.8156055 ], [ -17.7736124, 28.8156185 ], [ -17.7735473, 28.8156311 ], [ -17.7734898, 28.8156616 ], [ -17.7734598, 28.8156938 ], [ -17.7734274, 28.8157441 ], [ -17.7733888, 28.8158103 ], [ -17.7733288, 28.8159017 ], [ -17.7732579, 28.8160024 ], [ -17.7732145, 28.8160687 ], [ -17.7731444, 28.8161648 ], [ -17.7730799, 28.8162451 ], [ -17.7730104, 28.8163255 ], [ -17.7729375, 28.8164014 ], [ -17.7729016, 28.8164359 ], [ -17.7728404, 28.8164823 ], [ -17.7727282, 28.8165432 ], [ -17.7726112, 28.8166065 ], [ -17.7725596, 28.8166346 ], [ -17.7724371, 28.8166868 ], [ -17.7723463, 28.8167405 ], [ -17.7722929, 28.8167709 ], [ -17.7722125, 28.816829 ], [ -17.772134, 28.8168802 ], [ -17.7720736, 28.8169198 ], [ -17.7720095, 28.8169775 ], [ -17.7719738, 28.817021 ], [ -17.7719559, 28.8170823 ], [ -17.7719305, 28.8172046 ], [ -17.7719127, 28.8173042 ], [ -17.7718902, 28.8174219 ], [ -17.7718741, 28.8175102 ], [ -17.7718574, 28.8176165 ], [ -17.7718423, 28.8177386 ], [ -17.7718301, 28.8178606 ], [ -17.7718178, 28.8179376 ], [ -17.771797, 28.8180057 ], [ -17.7717719, 28.8180625 ], [ -17.771718, 28.8181539 ], [ -17.7717004, 28.8181835 ], [ -17.7716537, 28.8182386 ], [ -17.7715918, 28.8183008 ], [ -17.7715146, 28.8183655 ], [ -17.771473, 28.8184137 ], [ -17.7714415, 28.818464 ], [ -17.7714186, 28.818487 ], [ -17.7713628, 28.8185085 ], [ -17.771275, 28.8185193 ], [ -17.7711408, 28.8185356 ], [ -17.7710839, 28.818539 ], [ -17.7710487, 28.8185329 ], [ -17.7710087, 28.8185202 ], [ -17.7709449, 28.8184923 ], [ -17.7708856, 28.8184664 ], [ -17.7708354, 28.8184449 ], [ -17.7706838, 28.8183939 ], [ -17.7706281, 28.8183815 ], [ -17.7705213, 28.8183747 ], [ -17.7704241, 28.8183767 ], [ -17.7703334, 28.8183898 ], [ -17.7702344, 28.8184279 ] ] ] } },
{ "type": "Feature", "properties": { "CCAA": "05 - Canarias", "PROVINCIA": "38 - Santa Cruz de Tenerife", "MUNICIPIO": "38007 - Barlovento", "COD_MUNICIPIO": "38007", "DISTRITO": "01", "SECCION": "3800701001", "V1_H": 79.36, "V1_M": 85.46, "V2_H": 79.32780616, "V2_M": 85.51002556, "V3_H": 79.53169609, "V3_M": 85.5666933 }, "geometry": { "type": "Polygon", "coordinates": [ [ [ -17.7743305, 28.8294547 ], [ -17.7743343, 28.8294817 ], [ -17.7743308, 28.8294998 ], [ -17.7743039, 28.8295635 ], [ -17.7742548, 28.8296457 ], [ -17.774226, 28.8296801 ], [ -17.774197, 28.82971 ], [ -17.7741453, 28.8297652 ], [ -17.7741237, 28.8297995 ], [ -17.7740614, 28.8298842 ], [ -17.7740488, 28.8299161 ], [ -17.7740294, 28.8299931 ], [ -17.7740084, 28.8300116 ], [ -17.7739778, 28.8300145 ], [ -17.773939, 28.8300265 ], [ -17.7739049, 28.8300476 ], [ -17.7738711, 28.8300911 ], [ -17.7738669, 28.830125 ], [ -17.7738829, 28.8301495 ], [ -17.7739461, 28.830173 ], [ -17.7739752, 28.8301904 ], [ -17.7739964, 28.8302148 ], [ -17.7740025, 28.8302508 ], [ -17.774003, 28.8303139 ], [ -17.7739941, 28.8303659 ], [ -17.7739813, 28.8304181 ], [ -17.7739641, 28.8304635 ], [ -17.7739143, 28.8305593 ], [ -17.7739088, 28.8305819 ], [ -17.7739058, 28.8306632 ], [ -17.7739003, 28.8306904 ], [ -17.7738768, 28.8307698 ], [ -17.7738706, 28.8308421 ], [ -17.7738582, 28.8308762 ], [ -17.7738079, 28.8309493 ], [ -17.7737965, 28.8309834 ], [ -17.7737926, 28.8310263 ], [ -17.7737727, 28.8310515 ], [ -17.7737427, 28.8310792 ], [ -17.7737104, 28.8310979 ], [ -17.7736895, 28.8311186 ], [ -17.7736769, 28.8311505 ], [ -17.7736707, 28.8311822 ], [ -17.7736704, 28.8312904 ], [ -17.7736453, 28.831309 ], [ -17.7735516, 28.8313267 ], [ -17.7735005, 28.83133 ], [ -17.7734491, 28.8313243 ], [ -17.7733995, 28.831314 ], [ -17.7733328, 28.8313064 ], [ -17.7733204, 28.8312999 ], [ -17.7732959, 28.8313072 ], [ -17.7732395, 28.8313805 ], [ -17.7731865, 28.8314267 ], [ -17.773152, 28.8314432 ], [ -17.7731229, 28.8314641 ], [ -17.7731083, 28.8314914 ], [ -17.7731071, 28.8315253 ], [ -17.7731213, 28.8315588 ], [ -17.773144, 28.831599 ], [ -17.7731486, 28.8316575 ], [ -17.7731442, 28.8316846 ], [ -17.7731355, 28.8317073 ], [ -17.773123, 28.8317392 ], [ -17.7730917, 28.831794 ], [ -17.7730834, 28.8318257 ], [ -17.773091, 28.8318481 ], [ -17.773116, 28.8318611 ], [ -17.7731501, 28.8318717 ], [ -17.773182, 28.8318733 ], [ -17.7732084, 28.8318682 ], [ -17.7732769, 28.8318623 ], [ -17.7733733, 28.8318693 ], [ -17.7734914, 28.8318804 ], [ -17.7735138, 28.8318732 ], [ -17.7735369, 28.831857 ], [ -17.7735416, 28.8318411 ], [ -17.7735375, 28.8318028 ], [ -17.7735389, 28.8317758 ], [ -17.7735659, 28.8317166 ], [ -17.7735829, 28.8316981 ], [ -17.7736337, 28.8316453 ], [ -17.7736514, 28.8316133 ], [ -17.7737003, 28.8315672 ], [ -17.7737345, 28.8315417 ], [ -17.7737698, 28.8315207 ], [ -17.7738008, 28.8314952 ], [ -17.7738636, 28.8314308 ], [ -17.7739826, 28.8313539 ], [ -17.7740135, 28.8313262 ], [ -17.7740312, 28.8312965 ], [ -17.7740335, 28.8312694 ], [ -17.7739962, 28.8311755 ], [ -17.7739728, 28.8310632 ], [ -17.7739707, 28.8310272 ], [ -17.773982, 28.8309886 ], [ -17.7740058, 28.8309543 ], [ -17.7740356, 28.8309221 ], [ -17.7740697, 28.8308966 ], [ -17.7741282, 28.8308593 ], [ -17.7741617, 28.8308473 ], [ -17.7741913, 28.8308467 ], [ -17.7742917, 28.8308447 ], [ -17.7743941, 28.8308425 ], [ -17.774465, 28.8308524 ], [ -17.7744788, 28.8308724 ], [ -17.774489, 28.830906 ], [ -17.7745024, 28.8309892 ], [ -17.7745169, 28.8310295 ], [ -17.7745392, 28.8310606 ], [ -17.7745704, 28.831078 ], [ -17.7746215, 28.8310769 ], [ -17.7746519, 28.8310605 ], [ -17.7746748, 28.8310375 ], [ -17.7747215, 28.8309847 ], [ -17.7747382, 28.830955 ], [ -17.7747641, 28.8309297 ], [ -17.7747994, 28.8309086 ], [ -17.7748371, 28.8309011 ], [ -17.7748657, 28.8309005 ], [ -17.7748938, 28.8309135 ], [ -17.7749279, 28.8309624 ], [ -17.7749718, 28.830993 ], [ -17.7750292, 28.8310347 ], [ -17.7750609, 28.8310679 ], [ -17.775148, 28.8311495 ], [ -17.7752518, 28.8312421 ], [ -17.7752879, 28.8312887 ], [ -17.7753612, 28.8313842 ], [ -17.7754001, 28.8314262 ], [ -17.7754823, 28.8315102 ], [ -17.7755301, 28.8315724 ], [ -17.7755953, 28.8316432 ], [ -17.775605, 28.8316565 ], [ -17.775658, 28.8317231 ], [ -17.7756896, 28.8317563 ], [ -17.7757404, 28.8318567 ], [ -17.7758103, 28.8319793 ], [ -17.775823, 28.8319948 ], [ -17.77587, 28.8320299 ], [ -17.775979, 28.8320818 ], [ -17.7760311, 28.8321168 ], [ -17.7760742, 28.832161 ], [ -17.7761126, 28.8322189 ], [ -17.7761626, 28.8323239 ], [ -17.7761799, 28.8323979 ], [ -17.7761809, 28.832434 ], [ -17.776169, 28.8324523 ], [ -17.7761623, 28.8324704 ], [ -17.776167, 28.8324884 ], [ -17.7761876, 28.8324925 ], [ -17.7762595, 28.8325023 ], [ -17.7762926, 28.8325106 ], [ -17.776305, 28.8325194 ], [ -17.7763252, 28.832546 ], [ -17.7763716, 28.8326353 ], [ -17.7763917, 28.8327003 ], [ -17.7763969, 28.8327385 ], [ -17.7763927, 28.8327724 ], [ -17.7763739, 28.8328021 ], [ -17.7763517, 28.8328499 ], [ -17.7763075, 28.8329591 ], [ -17.7762914, 28.833009 ], [ -17.7762694, 28.8331087 ], [ -17.7762519, 28.8331406 ], [ -17.776209, 28.8331866 ], [ -17.7761727, 28.8332054 ], [ -17.7761437, 28.8332331 ], [ -17.7761154, 28.83329 ], [ -17.7760312, 28.8333526 ], [ -17.7759917, 28.8333737 ], [ -17.7758932, 28.8334096 ], [ -17.775778, 28.83343 ], [ -17.775751, 28.8334531 ], [ -17.7757386, 28.8334895 ], [ -17.7757356, 28.8335256 ], [ -17.7757484, 28.8335479 ], [ -17.7757726, 28.8335677 ], [ -17.7758044, 28.8336099 ], [ -17.7758558, 28.8336923 ], [ -17.7759101, 28.8337723 ], [ -17.7759252, 28.8338013 ], [ -17.7759249, 28.8338329 ], [ -17.7758962, 28.8338673 ], [ -17.7758623, 28.8339018 ], [ -17.7757992, 28.833955 ], [ -17.7757865, 28.8339756 ], [ -17.775797, 28.8339889 ], [ -17.7758217, 28.8339929 ], [ -17.7758709, 28.8339896 ], [ -17.7759701, 28.8339876 ], [ -17.7759975, 28.833978 ], [ -17.7760165, 28.8339596 ], [ -17.7760537, 28.8338956 ], [ -17.7760641, 28.8338661 ], [ -17.7760696, 28.8338367 ], [ -17.7760709, 28.8338074 ], [ -17.7760785, 28.8337847 ], [ -17.7760993, 28.8337639 ], [ -17.7761265, 28.8337431 ], [ -17.7761711, 28.8337241 ], [ -17.7762047, 28.8337144 ], [ -17.7762813, 28.8337083 ], [ -17.7764299, 28.8337098 ], [ -17.7764742, 28.8337224 ], [ -17.7764929, 28.833731 ], [ -17.7765608, 28.8337815 ], [ -17.7765903, 28.8338147 ], [ -17.7766139, 28.8338526 ], [ -17.7766335, 28.833895 ], [ -17.7766447, 28.8339331 ], [ -17.7766476, 28.8339624 ], [ -17.7766434, 28.8339985 ], [ -17.7766148, 28.8340803 ], [ -17.7766085, 28.8341143 ], [ -17.7766107, 28.8341526 ], [ -17.7766365, 28.8342039 ], [ -17.7766832, 28.8342593 ], [ -17.7767014, 28.8342905 ], [ -17.7767105, 28.8343241 ], [ -17.7767092, 28.8343535 ], [ -17.7766915, 28.8343809 ], [ -17.7766664, 28.8343994 ], [ -17.7766542, 28.8344042 ], [ -17.7766266, 28.8344093 ], [ -17.7765027, 28.8344096 ], [ -17.7764558, 28.8344151 ], [ -17.776362, 28.8344328 ], [ -17.7763235, 28.8344471 ], [ -17.7762525, 28.8345162 ], [ -17.7762239, 28.8345529 ], [ -17.7761884, 28.8346078 ], [ -17.7761416, 28.8346989 ], [ -17.7760781, 28.8347769 ], [ -17.7760078, 28.8348663 ], [ -17.7759957, 28.8349117 ], [ -17.7760076, 28.8349385 ], [ -17.7760482, 28.8349602 ], [ -17.7760984, 28.8349637 ], [ -17.7761486, 28.8349604 ], [ -17.7761962, 28.8349391 ], [ -17.7762354, 28.8349135 ], [ -17.7762679, 28.8349015 ], [ -17.7762936, 28.8349078 ], [ -17.7763066, 28.8349323 ], [ -17.7763072, 28.834991 ], [ -17.7762992, 28.8350384 ], [ -17.7762772, 28.8351381 ], [ -17.7762593, 28.8352377 ], [ -17.7762666, 28.8352759 ], [ -17.7762908, 28.8353002 ], [ -17.7763013, 28.8353091 ], [ -17.7763279, 28.8353108 ], [ -17.7763489, 28.83529 ], [ -17.7763592, 28.835256 ], [ -17.7763714, 28.8351723 ], [ -17.7763846, 28.8351314 ], [ -17.7764032, 28.8350972 ], [ -17.7764302, 28.8350719 ], [ -17.7764346, 28.8351236 ], [ -17.7764645, 28.8352064 ], [ -17.7764894, 28.8352556 ], [ -17.7765426, 28.8352973 ], [ -17.7765671, 28.8353261 ], [ -17.7765886, 28.8353279 ], [ -17.7766077, 28.8353118 ], [ -17.7766645, 28.8352136 ], [ -17.7766824, 28.8351952 ], [ -17.7767078, 28.8351879 ], [ -17.7767559, 28.8351824 ], [ -17.7768008, 28.8351409 ], [ -17.7768577, 28.835045 ], [ -17.7769048, 28.8349673 ], [ -17.7769287, 28.8349398 ], [ -17.7769458, 28.8349259 ], [ -17.7769906, 28.8349227 ], [ -17.7770641, 28.834946 ], [ -17.7770983, 28.8349634 ], [ -17.7771479, 28.8350165 ], [ -17.7772444, 28.8350641 ], [ -17.7772779, 28.8350882 ], [ -17.777364, 28.8351744 ], [ -17.7773987, 28.8352007 ], [ -17.7774442, 28.8352562 ], [ -17.7774936, 28.8353431 ], [ -17.7775423, 28.835403 ], [ -17.7775574, 28.835432 ], [ -17.7775633, 28.8354634 ], [ -17.7775642, 28.8355311 ], [ -17.777558, 28.8356079 ], [ -17.7775495, 28.8356351 ], [ -17.7775296, 28.8356581 ], [ -17.7774791, 28.8356862 ], [ -17.7773997, 28.8357036 ], [ -17.7773414, 28.8357093 ], [ -17.7772844, 28.8357195 ], [ -17.7772736, 28.83574 ], [ -17.7772593, 28.8358576 ], [ -17.7772368, 28.8359776 ], [ -17.7772309, 28.8359844 ], [ -17.7772313, 28.835998 ], [ -17.7772272, 28.8360387 ], [ -17.7772088, 28.8360796 ], [ -17.7771852, 28.8361117 ], [ -17.7771104, 28.8361516 ], [ -17.7770876, 28.8361813 ], [ -17.7770702, 28.8362178 ], [ -17.7770564, 28.8362767 ], [ -17.777056, 28.8363399 ], [ -17.7770747, 28.8363869 ], [ -17.7771132, 28.8364515 ], [ -17.7771877, 28.8365559 ], [ -17.777236, 28.8366384 ], [ -17.777246, 28.8366652 ], [ -17.7772499, 28.8366967 ], [ -17.7772508, 28.8367688 ], [ -17.7772534, 28.8368657 ], [ -17.7772648, 28.8369084 ], [ -17.7772851, 28.836944 ], [ -17.7773106, 28.8369751 ], [ -17.7773376, 28.8369926 ], [ -17.7773558, 28.8370193 ], [ -17.7773723, 28.8370617 ], [ -17.777381, 28.8371179 ], [ -17.777384, 28.8372307 ], [ -17.7773863, 28.8373614 ], [ -17.7773944, 28.8373928 ], [ -17.7774153, 28.8374104 ], [ -17.7774439, 28.8374098 ], [ -17.7774692, 28.8373958 ], [ -17.7775135, 28.8373655 ], [ -17.7775393, 28.8373357 ], [ -17.7775699, 28.83729 ], [ -17.7775877, 28.8372648 ], [ -17.7776108, 28.8372485 ], [ -17.7776352, 28.8372412 ], [ -17.777721, 28.837235 ], [ -17.7777764, 28.8372361 ], [ -17.7778591, 28.8372614 ], [ -17.7779474, 28.8373092 ], [ -17.7779844, 28.8373175 ], [ -17.7780125, 28.8373305 ], [ -17.7780817, 28.8373516 ], [ -17.7781161, 28.8373734 ], [ -17.7781766, 28.837415 ], [ -17.7781966, 28.8374349 ], [ -17.7782054, 28.8374595 ], [ -17.7782159, 28.8375044 ], [ -17.7782197, 28.8375697 ], [ -17.778218, 28.8376239 ], [ -17.778202, 28.8376738 ], [ -17.778196, 28.8376807 ], [ -17.7781271, 28.8377115 ], [ -17.7781062, 28.8377299 ], [ -17.7780538, 28.8378077 ], [ -17.7780324, 28.8378893 ], [ -17.7780191, 28.8379234 ], [ -17.7779994, 28.8379531 ], [ -17.7779537, 28.8380082 ], [ -17.7779305, 28.8380244 ], [ -17.7779127, 28.8380451 ], [ -17.777906, 28.8380656 ], [ -17.7778617, 28.8381319 ], [ -17.7778421, 28.8382022 ], [ -17.777809, 28.8383044 ], [ -17.7778083, 28.8383585 ], [ -17.7777995, 28.8383767 ], [ -17.7777835, 28.8383861 ], [ -17.777753, 28.838398 ], [ -17.777711, 28.8384011 ], [ -17.7776591, 28.8384112 ], [ -17.7776034, 28.8384349 ], [ -17.7774865, 28.8384688 ], [ -17.777452, 28.8384853 ], [ -17.777426, 28.8385062 ], [ -17.7773732, 28.8385614 ], [ -17.7773515, 28.8385934 ], [ -17.7773422, 28.8386274 ], [ -17.7773416, 28.8386432 ], [ -17.7773615, 28.8386631 ], [ -17.7773834, 28.8386739 ], [ -17.7774603, 28.8386746 ], [ -17.7774845, 28.8386673 ], [ -17.7775097, 28.8386488 ], [ -17.7775401, 28.8386391 ], [ -17.7775739, 28.8386384 ], [ -17.7776048, 28.8386446 ], [ -17.7776269, 28.8386644 ], [ -17.7776613, 28.8386863 ], [ -17.7776931, 28.8386901 ], [ -17.777725, 28.8386917 ], [ -17.7777487, 28.838698 ], [ -17.7777677, 28.8387201 ], [ -17.7778169, 28.8387597 ], [ -17.7778308, 28.838782 ], [ -17.7778358, 28.8388157 ], [ -17.7778358, 28.838854 ], [ -17.7778202, 28.8388814 ], [ -17.7778009, 28.8388908 ], [ -17.7777794, 28.8388913 ], [ -17.7777146, 28.8388408 ], [ -17.7776776, 28.8388348 ], [ -17.7775858, 28.8388502 ], [ -17.7775583, 28.8388575 ], [ -17.7775434, 28.8388759 ], [ -17.777544, 28.8388961 ], [ -17.7775695, 28.8389317 ], [ -17.7775783, 28.8389518 ], [ -17.777582, 28.838981 ], [ -17.777583, 28.839096 ], [ -17.7775903, 28.8391771 ], [ -17.7776165, 28.8392352 ], [ -17.7776679, 28.8393221 ], [ -17.7776791, 28.8393579 ], [ -17.7776823, 28.8393962 ], [ -17.7776771, 28.8394752 ], [ -17.7776787, 28.8395338 ], [ -17.7776713, 28.8395633 ], [ -17.7776529, 28.8396043 ], [ -17.7776465, 28.8396337 ], [ -17.7776453, 28.839663 ], [ -17.777661, 28.8397529 ], [ -17.7776597, 28.8397823 ], [ -17.7776493, 28.839814 ], [ -17.7776415, 28.83983 ], [ -17.7775979, 28.839885 ], [ -17.7775855, 28.8399169 ], [ -17.7775822, 28.8399507 ], [ -17.777572, 28.839987 ], [ -17.7775491, 28.8400191 ], [ -17.7775203, 28.840049 ], [ -17.7774917, 28.8400924 ], [ -17.7774723, 28.8401334 ], [ -17.7774631, 28.840208 ], [ -17.7774698, 28.8402327 ], [ -17.7774919, 28.8402503 ], [ -17.7775239, 28.8402631 ], [ -17.777564, 28.8402646 ], [ -17.7775965, 28.8402571 ], [ -17.7776403, 28.8402066 ], [ -17.777695, 28.840183 ], [ -17.7777139, 28.8401668 ], [ -17.7777258, 28.8401507 ], [ -17.7777339, 28.8401032 ], [ -17.7777387, 28.8400197 ], [ -17.7777468, 28.8399406 ], [ -17.7777593, 28.8399065 ], [ -17.7777965, 28.8398426 ], [ -17.7778506, 28.8397558 ], [ -17.7778735, 28.8396944 ], [ -17.7778742, 28.8396786 ], [ -17.7779115, 28.8396192 ], [ -17.777951, 28.8395643 ], [ -17.7780357, 28.8394746 ], [ -17.7780404, 28.8394587 ], [ -17.778077, 28.8394106 ], [ -17.7781446, 28.8393663 ], [ -17.778184, 28.839352 ], [ -17.7782238, 28.8393422 ], [ -17.7782636, 28.8393413 ], [ -17.7783028, 28.839345 ], [ -17.7783339, 28.8393602 ], [ -17.778385, 28.8393952 ], [ -17.778447, 28.8394187 ], [ -17.7785022, 28.8394514 ], [ -17.7785322, 28.8394598 ], [ -17.778562, 28.8394615 ], [ -17.7786427, 28.8394553 ], [ -17.7787423, 28.8394623 ], [ -17.7788431, 28.8394782 ], [ -17.7788852, 28.8394819 ], [ -17.7790317, 28.8394834 ], [ -17.7790677, 28.8394872 ], [ -17.7790938, 28.8395069 ], [ -17.7791297, 28.839549 ], [ -17.7791556, 28.839562 ], [ -17.7792204, 28.8395629 ], [ -17.7792481, 28.8395691 ], [ -17.779268, 28.8395867 ], [ -17.7792745, 28.8396001 ], [ -17.7792916, 28.8396246 ], [ -17.7793303, 28.8396531 ], [ -17.7793698, 28.8396771 ], [ -17.7794082, 28.8396944 ], [ -17.7794453, 28.8397026 ], [ -17.7794956, 28.8397038 ], [ -17.7796097, 28.8396451 ], [ -17.7797069, 28.8395619 ], [ -17.7797586, 28.8395045 ], [ -17.7798246, 28.8394422 ], [ -17.7798483, 28.8394124 ], [ -17.7799107, 28.8392916 ], [ -17.7799363, 28.839255 ], [ -17.7799593, 28.8392297 ], [ -17.7799895, 28.8392088 ], [ -17.7800382, 28.839192 ], [ -17.7800779, 28.8391867 ], [ -17.7801509, 28.8391919 ], [ -17.780177, 28.8391756 ], [ -17.780204, 28.839148 ], [ -17.7802341, 28.8391226 ], [ -17.7802598, 28.8390927 ], [ -17.7802784, 28.8390585 ], [ -17.7802986, 28.8390108 ], [ -17.7803184, 28.8389833 ], [ -17.7803425, 28.8389647 ], [ -17.780372, 28.8389506 ], [ -17.7804034, 28.8389432 ], [ -17.7804721, 28.8389417 ], [ -17.780504, 28.8389501 ], [ -17.7805196, 28.8389588 ], [ -17.7805426, 28.8389764 ], [ -17.7805985, 28.8390361 ], [ -17.7806137, 28.8390674 ], [ -17.7806073, 28.8390968 ], [ -17.780576, 28.8391539 ], [ -17.7805607, 28.8391902 ], [ -17.7805342, 28.8393171 ], [ -17.7805089, 28.8394416 ], [ -17.7804811, 28.8395144 ], [ -17.7804462, 28.8395873 ], [ -17.7804319, 28.8396281 ], [ -17.7804219, 28.8397141 ], [ -17.7804338, 28.8397364 ], [ -17.7804548, 28.8397562 ], [ -17.7804765, 28.8397648 ], [ -17.780496, 28.8397644 ], [ -17.7805359, 28.8397207 ], [ -17.7805614, 28.8396818 ], [ -17.7805896, 28.8395866 ], [ -17.7806377, 28.8395495 ], [ -17.7806857, 28.8395056 ], [ -17.7807046, 28.8394804 ], [ -17.7807192, 28.8394531 ], [ -17.7807215, 28.8393831 ], [ -17.7807234, 28.8393042 ], [ -17.7807379, 28.83927 ], [ -17.7807547, 28.8392449 ], [ -17.7807916, 28.8392058 ], [ -17.7808128, 28.8391986 ], [ -17.7808433, 28.8391912 ], [ -17.7808719, 28.8391883 ], [ -17.7809029, 28.8391967 ], [ -17.7809165, 28.839201 ], [ -17.7809427, 28.8392252 ], [ -17.7809792, 28.8392899 ], [ -17.7810047, 28.8393209 ], [ -17.7810358, 28.8393361 ], [ -17.7811133, 28.8393638 ], [ -17.7811477, 28.8393856 ], [ -17.7812043, 28.8394295 ], [ -17.7812326, 28.8394583 ], [ -17.7812468, 28.8394873 ], [ -17.78126, 28.8395276 ], [ -17.7812442, 28.8395482 ], [ -17.7812191, 28.8395645 ], [ -17.7812052, 28.8395829 ], [ -17.7811946, 28.8396056 ], [ -17.7811601, 28.8396582 ], [ -17.7811097, 28.8396886 ], [ -17.7810451, 28.8397305 ], [ -17.7810213, 28.8397535 ], [ -17.7809982, 28.8397721 ], [ -17.7809772, 28.839795 ], [ -17.780972, 28.8398267 ], [ -17.7809728, 28.8398583 ], [ -17.7809849, 28.8398896 ], [ -17.7809944, 28.8398984 ], [ -17.7810194, 28.839916 ], [ -17.7810697, 28.8399172 ], [ -17.7810954, 28.8399212 ], [ -17.7811244, 28.8399341 ], [ -17.7811496, 28.8399561 ], [ -17.7811738, 28.8399827 ], [ -17.7811943, 28.8400161 ], [ -17.7812283, 28.8401056 ], [ -17.7812438, 28.8401075 ], [ -17.7812578, 28.840096 ], [ -17.7812752, 28.8400573 ], [ -17.7812902, 28.8400412 ], [ -17.7813092, 28.8400295 ], [ -17.7813215, 28.840027 ], [ -17.7813399, 28.8400266 ], [ -17.7813626, 28.8400329 ], [ -17.7813821, 28.8400303 ], [ -17.7814104, 28.8400184 ], [ -17.7814304, 28.8399999 ], [ -17.7814369, 28.839975 ], [ -17.7814249, 28.8399482 ], [ -17.7813562, 28.8399045 ], [ -17.7813298, 28.8398757 ], [ -17.7813136, 28.8398445 ], [ -17.7813103, 28.8397972 ], [ -17.7813489, 28.8397468 ], [ -17.7813634, 28.8397127 ], [ -17.7813665, 28.8396788 ], [ -17.7813779, 28.8396447 ], [ -17.7813991, 28.8396308 ], [ -17.7814268, 28.8396347 ], [ -17.7814414, 28.8396412 ], [ -17.7814634, 28.8396632 ], [ -17.7814754, 28.8396878 ], [ -17.7814832, 28.8397869 ], [ -17.7815087, 28.8398247 ], [ -17.7815248, 28.8398875 ], [ -17.7815318, 28.8399618 ], [ -17.7815286, 28.8399956 ], [ -17.7815212, 28.8400251 ], [ -17.7815173, 28.8400725 ], [ -17.781524, 28.8400882 ], [ -17.7815409, 28.8401082 ], [ -17.7815659, 28.8401234 ], [ -17.7815866, 28.840132 ], [ -17.7816389, 28.8401354 ], [ -17.7816693, 28.8401235 ], [ -17.7816954, 28.840105 ], [ -17.7817082, 28.8400777 ], [ -17.7817222, 28.8400277 ], [ -17.781765, 28.8399817 ], [ -17.7817785, 28.8399544 ], [ -17.7817891, 28.8399249 ], [ -17.7818027, 28.8398998 ], [ -17.7818247, 28.8398791 ], [ -17.7818541, 28.8398671 ], [ -17.7818837, 28.8398643 ], [ -17.7819076, 28.8398728 ], [ -17.7819277, 28.8398995 ], [ -17.7819273, 28.839922 ], [ -17.7819177, 28.839947 ], [ -17.781901, 28.8399744 ], [ -17.7818622, 28.8400203 ], [ -17.7817861, 28.8400851 ], [ -17.7817764, 28.8401033 ], [ -17.7817747, 28.8401169 ], [ -17.781785, 28.8401572 ], [ -17.7817964, 28.8401638 ], [ -17.7818167, 28.8401949 ], [ -17.781863, 28.8402797 ], [ -17.7818614, 28.8402955 ], [ -17.7818411, 28.8403049 ], [ -17.7817788, 28.8403085 ], [ -17.7817535, 28.8403202 ], [ -17.7817344, 28.8403387 ], [ -17.7817019, 28.8403845 ], [ -17.7816672, 28.840428 ], [ -17.7816634, 28.8404394 ], [ -17.7816682, 28.8404641 ], [ -17.7816851, 28.8404863 ], [ -17.781704, 28.8405017 ], [ -17.7817107, 28.8405219 ], [ -17.7817111, 28.8405399 ], [ -17.7817044, 28.8405581 ], [ -17.7816759, 28.840597 ], [ -17.7816574, 28.8406379 ], [ -17.7816566, 28.8406853 ], [ -17.781665, 28.8407303 ], [ -17.7816885, 28.8408087 ], [ -17.7817286, 28.8408891 ], [ -17.781758, 28.8409178 ], [ -17.7817956, 28.8409395 ], [ -17.7818327, 28.84095 ], [ -17.7818646, 28.8409539 ], [ -17.7819681, 28.840954 ], [ -17.7819981, 28.8409647 ], [ -17.7820221, 28.8409822 ], [ -17.7820423, 28.8410111 ], [ -17.7820654, 28.8410332 ], [ -17.7820885, 28.841053 ], [ -17.7821038, 28.8410482 ], [ -17.7821126, 28.8410322 ], [ -17.7821129, 28.8410074 ], [ -17.7821131, 28.8408992 ], [ -17.7821103, 28.8407955 ], [ -17.7821148, 28.8407706 ], [ -17.7821357, 28.8407093 ], [ -17.782165, 28.8406546 ], [ -17.7821823, 28.8406136 ], [ -17.7821829, 28.8405955 ], [ -17.7821944, 28.8405682 ], [ -17.7822306, 28.8405043 ], [ -17.7822496, 28.8404837 ], [ -17.7822721, 28.8404809 ], [ -17.7822929, 28.840494 ], [ -17.7823382, 28.8405427 ], [ -17.7823887, 28.8405913 ], [ -17.7824124, 28.8405976 ], [ -17.7824358, 28.8405948 ], [ -17.782455, 28.8405787 ], [ -17.7824982, 28.8405507 ], [ -17.7825328, 28.8405387 ], [ -17.7825983, 28.8405396 ], [ -17.7826115, 28.8405303 ], [ -17.7826213, 28.8405143 ], [ -17.7826224, 28.8404827 ], [ -17.7826281, 28.8404646 ], [ -17.7826527, 28.8404235 ], [ -17.7826665, 28.8404097 ], [ -17.7826819, 28.8403687 ], [ -17.7826899, 28.8402829 ], [ -17.7826935, 28.8402264 ], [ -17.7826884, 28.8401905 ], [ -17.7826772, 28.8401569 ], [ -17.7826764, 28.8401253 ], [ -17.7826838, 28.8400958 ], [ -17.7826973, 28.840064 ], [ -17.7827161, 28.8400343 ], [ -17.7827713, 28.8399565 ], [ -17.7827849, 28.8399246 ], [ -17.782796, 28.8398861 ], [ -17.7828315, 28.8397929 ], [ -17.7828462, 28.83977 ], [ -17.7828636, 28.8397696 ], [ -17.7828813, 28.8397783 ], [ -17.7828978, 28.8398186 ], [ -17.7829025, 28.8398816 ], [ -17.7829056, 28.8399988 ], [ -17.782909, 28.840125 ], [ -17.7829138, 28.8401926 ], [ -17.7829369, 28.8402462 ], [ -17.7829755, 28.8402792 ], [ -17.7829927, 28.8403037 ], [ -17.7830493, 28.8403927 ], [ -17.7830659, 28.8404375 ], [ -17.7830985, 28.840509 ], [ -17.7831242, 28.8405896 ], [ -17.7831425, 28.8406208 ], [ -17.7831952, 28.8406761 ], [ -17.7832265, 28.840698 ], [ -17.7832507, 28.8407223 ], [ -17.7832582, 28.8407357 ], [ -17.7833142, 28.840836 ], [ -17.7833301, 28.840856 ], [ -17.7833445, 28.8408625 ], [ -17.7833631, 28.8408621 ], [ -17.7833792, 28.840855 ], [ -17.7833869, 28.8408368 ], [ -17.7833872, 28.8408075 ], [ -17.7833782, 28.8407828 ], [ -17.7833426, 28.8407137 ], [ -17.7833367, 28.8406845 ], [ -17.7833414, 28.8406663 ], [ -17.7833911, 28.8406089 ], [ -17.7834104, 28.8405679 ], [ -17.7834265, 28.8405135 ], [ -17.783442, 28.8404838 ], [ -17.7834622, 28.8404721 ], [ -17.7835077, 28.8404509 ], [ -17.7835537, 28.8404455 ], [ -17.783668, 28.8404273 ], [ -17.7837345, 28.840426 ], [ -17.7837635, 28.8404389 ], [ -17.7837734, 28.8404612 ], [ -17.7837748, 28.8405131 ], [ -17.7837689, 28.8405628 ], [ -17.7837567, 28.8406397 ], [ -17.7837547, 28.8407209 ], [ -17.7837327, 28.84078 ], [ -17.7837381, 28.8407889 ], [ -17.7837609, 28.8407975 ], [ -17.783804, 28.8408056 ], [ -17.7839168, 28.8408101 ], [ -17.7839669, 28.8408045 ], [ -17.7840075, 28.8407879 ], [ -17.7840302, 28.8407559 ], [ -17.7840486, 28.8407149 ], [ -17.7840657, 28.840701 ], [ -17.7840901, 28.8406982 ], [ -17.7841035, 28.8407047 ], [ -17.7841084, 28.8407317 ], [ -17.7841098, 28.8407858 ], [ -17.7841125, 28.8409233 ], [ -17.7841273, 28.8409433 ], [ -17.7841531, 28.8409473 ], [ -17.7841807, 28.8409467 ], [ -17.7842029, 28.8409304 ], [ -17.7842196, 28.840903 ], [ -17.7842278, 28.840869 ], [ -17.7842297, 28.8407855 ], [ -17.7842378, 28.8407448 ], [ -17.7842552, 28.8407016 ], [ -17.784273, 28.8406787 ], [ -17.7842965, 28.8406782 ], [ -17.7843614, 28.8407287 ], [ -17.7844031, 28.8407549 ], [ -17.7844423, 28.8407676 ], [ -17.7844656, 28.8407604 ], [ -17.7844997, 28.8407281 ], [ -17.7845654, 28.8406952 ], [ -17.7846011, 28.8406899 ], [ -17.7846947, 28.840706 ], [ -17.7847337, 28.8407097 ], [ -17.7847602, 28.8406979 ], [ -17.784769, 28.8406865 ], [ -17.7847806, 28.8406592 ], [ -17.7847827, 28.8406275 ], [ -17.7847647, 28.8406009 ], [ -17.7847177, 28.8405657 ], [ -17.7847057, 28.8405412 ], [ -17.7847049, 28.8405119 ], [ -17.7847144, 28.8404824 ], [ -17.7847309, 28.8404459 ], [ -17.7847832, 28.8403727 ], [ -17.784802, 28.8403114 ], [ -17.7848186, 28.8402795 ], [ -17.7848394, 28.8402565 ], [ -17.7848677, 28.8402334 ], [ -17.7848858, 28.840224 ], [ -17.784897, 28.8402238 ], [ -17.7849695, 28.840211 ], [ -17.7850387, 28.8401938 ], [ -17.7851462, 28.8401915 ], [ -17.785175, 28.8401978 ], [ -17.7852444, 28.8402256 ], [ -17.7853094, 28.8402423 ], [ -17.7854104, 28.840265 ], [ -17.7854952, 28.8402948 ], [ -17.7855716, 28.8403136 ], [ -17.7856309, 28.8403124 ], [ -17.7856563, 28.840305 ], [ -17.7856775, 28.8402933 ], [ -17.7857572, 28.8402466 ], [ -17.7858189, 28.8402205 ], [ -17.7859478, 28.8402066 ], [ -17.7860099, 28.8401963 ], [ -17.7860525, 28.8401796 ], [ -17.7860853, 28.8401767 ], [ -17.7861998, 28.8401721 ], [ -17.7863124, 28.8401697 ], [ -17.786418, 28.8401676 ], [ -17.7865483, 28.8401806 ], [ -17.7866192, 28.8401859 ], [ -17.786735, 28.840188 ], [ -17.7868448, 28.8401925 ], [ -17.7869535, 28.8401993 ], [ -17.787042, 28.840211 ], [ -17.7870757, 28.8402103 ], [ -17.7871272, 28.8402183 ], [ -17.7872394, 28.8402385 ], [ -17.7873686, 28.8402809 ], [ -17.7874496, 28.8403221 ], [ -17.787536, 28.8403744 ], [ -17.7875992, 28.8404408 ], [ -17.7876131, 28.8404631 ], [ -17.7876547, 28.8405614 ], [ -17.7876583, 28.84062 ], [ -17.787652, 28.8406539 ], [ -17.7876053, 28.8407451 ], [ -17.7876037, 28.8407632 ], [ -17.7876137, 28.84079 ], [ -17.7876318, 28.8408145 ], [ -17.7876708, 28.8408565 ], [ -17.7876979, 28.840874 ], [ -17.787729, 28.8408891 ], [ -17.7877641, 28.8408952 ], [ -17.7877988, 28.8408944 ], [ -17.7878355, 28.8408869 ], [ -17.7879225, 28.8408468 ], [ -17.7879532, 28.8408439 ], [ -17.7879738, 28.8408502 ], [ -17.7879948, 28.8408678 ], [ -17.7880117, 28.84089 ], [ -17.7880759, 28.8409902 ], [ -17.7881031, 28.8410099 ], [ -17.7881115, 28.8410188 ], [ -17.7881142, 28.8410413 ], [ -17.7881183, 28.8410818 ], [ -17.7881109, 28.841109 ], [ -17.7880971, 28.8411318 ], [ -17.7880791, 28.8411457 ], [ -17.7880526, 28.8411485 ], [ -17.7879925, 28.8411295 ], [ -17.7879617, 28.8411256 ], [ -17.7879279, 28.8411263 ], [ -17.7878942, 28.8411293 ], [ -17.7878691, 28.8411478 ], [ -17.7877952, 28.8412238 ], [ -17.7877622, 28.8412876 ], [ -17.7877436, 28.8413579 ], [ -17.7877428, 28.8414053 ], [ -17.7877462, 28.8414187 ], [ -17.7877793, 28.841506 ], [ -17.7877941, 28.8415215 ], [ -17.787818, 28.8415345 ], [ -17.7878359, 28.8415522 ], [ -17.7878435, 28.8415678 ], [ -17.787843, 28.8415926 ], [ -17.7878336, 28.8416244 ], [ -17.7878168, 28.8416473 ], [ -17.7877949, 28.8416658 ], [ -17.7877716, 28.8416798 ], [ -17.7877352, 28.8416963 ], [ -17.7877181, 28.8417102 ], [ -17.7877159, 28.8417418 ], [ -17.7877374, 28.8417797 ], [ -17.7877532, 28.8417952 ], [ -17.7877749, 28.841806 ], [ -17.7878121, 28.8418143 ], [ -17.7879064, 28.8418123 ], [ -17.787922, 28.8418233 ], [ -17.7879314, 28.8418343 ], [ -17.7879111, 28.8418754 ], [ -17.7878562, 28.8419712 ], [ -17.7878295, 28.8420033 ], [ -17.7878128, 28.8420307 ], [ -17.787788, 28.8421057 ], [ -17.7877809, 28.8421442 ], [ -17.7877789, 28.8421825 ], [ -17.7877869, 28.8422139 ], [ -17.7878051, 28.8422429 ], [ -17.787822, 28.8422606 ], [ -17.7878608, 28.8422936 ], [ -17.7878776, 28.8423135 ], [ -17.7878887, 28.8423449 ], [ -17.7878854, 28.8423697 ], [ -17.7878621, 28.8424221 ], [ -17.7878431, 28.8424405 ], [ -17.7878057, 28.8424549 ], [ -17.7877877, 28.8424778 ], [ -17.7877781, 28.8425005 ], [ -17.7877768, 28.8425231 ], [ -17.7877782, 28.8425749 ], [ -17.7877748, 28.8426066 ], [ -17.7877634, 28.8426384 ], [ -17.7877327, 28.8426751 ], [ -17.7876894, 28.8427459 ], [ -17.7876801, 28.8427799 ], [ -17.7876821, 28.8428159 ], [ -17.7876972, 28.8428472 ], [ -17.7877154, 28.8428739 ], [ -17.7877362, 28.842887 ], [ -17.7877949, 28.8428948 ], [ -17.7878076, 28.8429103 ], [ -17.7878141, 28.8429282 ], [ -17.7878096, 28.842987 ], [ -17.7877968, 28.8430819 ], [ -17.7877809, 28.8431815 ], [ -17.7877609, 28.8432721 ], [ -17.7877249, 28.8433856 ], [ -17.7877283, 28.8433946 ], [ -17.7877431, 28.8434168 ], [ -17.7877823, 28.8434611 ], [ -17.7878469, 28.8435455 ], [ -17.7878723, 28.843572 ], [ -17.7879288, 28.8436114 ], [ -17.7879619, 28.8436288 ], [ -17.7879992, 28.8436415 ], [ -17.7880373, 28.8436498 ], [ -17.7881295, 28.8436478 ], [ -17.788166, 28.8436358 ], [ -17.7881954, 28.8436217 ], [ -17.7882386, 28.8435915 ], [ -17.7882672, 28.8435909 ], [ -17.7882982, 28.8435993 ], [ -17.7883505, 28.843641 ], [ -17.7883937, 28.8436875 ], [ -17.7884405, 28.8437497 ], [ -17.7884965, 28.8438117 ], [ -17.7885571, 28.84386 ], [ -17.7885925, 28.8438773 ], [ -17.7886381, 28.8438967 ], [ -17.7886721, 28.8439027 ], [ -17.7887882, 28.8439161 ], [ -17.7888179, 28.8439155 ], [ -17.7888341, 28.8439084 ], [ -17.7888397, 28.8438925 ], [ -17.7888393, 28.8438745 ], [ -17.7888297, 28.8438589 ], [ -17.788816, 28.8438434 ], [ -17.7887762, 28.8438149 ], [ -17.7887252, 28.8437799 ], [ -17.7886683, 28.8437247 ], [ -17.7886553, 28.8437001 ], [ -17.7886516, 28.8436325 ], [ -17.7886568, 28.8436009 ], [ -17.7886717, 28.8435825 ], [ -17.788691, 28.8435731 ], [ -17.7888105, 28.8435661 ], [ -17.7888528, 28.843572 ], [ -17.7889158, 28.8435933 ], [ -17.7889709, 28.8436259 ], [ -17.7889948, 28.8436345 ], [ -17.7890185, 28.8436385 ], [ -17.7890429, 28.8436335 ], [ -17.7890692, 28.8436194 ], [ -17.789141, 28.8435864 ], [ -17.7891651, 28.8435655 ], [ -17.7891999, 28.8435265 ], [ -17.7892652, 28.8435206 ], [ -17.7892852, 28.8435022 ], [ -17.7893177, 28.8434474 ], [ -17.789335, 28.843447 ], [ -17.7893659, 28.8434915 ], [ -17.7893975, 28.8435224 ], [ -17.7894193, 28.8435355 ], [ -17.7894461, 28.8435394 ], [ -17.7894777, 28.8435365 ], [ -17.7894907, 28.843525 ], [ -17.7895069, 28.843475 ], [ -17.7895066, 28.8433894 ], [ -17.7894939, 28.8433738 ], [ -17.7894753, 28.8433652 ], [ -17.7894073, 28.8433508 ], [ -17.7893751, 28.8433379 ], [ -17.7893533, 28.8433226 ], [ -17.7893373, 28.8433004 ], [ -17.7893304, 28.8432757 ], [ -17.7893296, 28.8432464 ], [ -17.7893371, 28.843217 ], [ -17.789358, 28.843194 ], [ -17.7893804, 28.8431868 ], [ -17.789409, 28.8431862 ], [ -17.7894359, 28.8431969 ], [ -17.7894868, 28.8432567 ], [ -17.7895095, 28.8432698 ], [ -17.789552, 28.8432847 ], [ -17.7896111, 28.8433105 ], [ -17.789633, 28.8433258 ], [ -17.7896483, 28.8433593 ], [ -17.7896488, 28.8433774 ], [ -17.7896371, 28.8434024 ], [ -17.7896392, 28.8434791 ], [ -17.7896471, 28.8435082 ], [ -17.78967, 28.8435596 ], [ -17.7896859, 28.8435796 ], [ -17.7897179, 28.8435924 ], [ -17.7897427, 28.8435964 ], [ -17.789792, 28.8436022 ], [ -17.7898154, 28.8435994 ], [ -17.7898356, 28.8435878 ], [ -17.7898507, 28.8435762 ], [ -17.7898585, 28.8435579 ], [ -17.789859, 28.8435038 ], [ -17.789875, 28.8434494 ], [ -17.789875, 28.8434088 ], [ -17.7898836, 28.8433883 ], [ -17.7899007, 28.8433767 ], [ -17.789923, 28.8433649 ], [ -17.7899821, 28.8433547 ], [ -17.7900123, 28.843336 ], [ -17.7900556, 28.8432291 ], [ -17.7900711, 28.8431973 ], [ -17.7900902, 28.8431833 ], [ -17.790153, 28.843155 ], [ -17.7901719, 28.8431388 ], [ -17.7901837, 28.843116 ], [ -17.7901858, 28.8430821 ], [ -17.7901797, 28.8430462 ], [ -17.7901646, 28.8430126 ], [ -17.7901435, 28.8429905 ], [ -17.790125, 28.8429864 ], [ -17.7901111, 28.8430047 ], [ -17.7900838, 28.8430978 ], [ -17.7900729, 28.8431093 ], [ -17.7900585, 28.8431096 ], [ -17.790027, 28.8430809 ], [ -17.7899805, 28.8430255 ], [ -17.789949, 28.8429968 ], [ -17.7899405, 28.8429835 ], [ -17.7899419, 28.8429654 ], [ -17.789955, 28.8429493 ], [ -17.7899938, 28.8429124 ], [ -17.7900106, 28.8428895 ], [ -17.7900123, 28.8428737 ], [ -17.7900248, 28.8428419 ], [ -17.7900416, 28.8427062 ], [ -17.7900532, 28.842679 ], [ -17.7900865, 28.8426602 ], [ -17.7901065, 28.8426418 ], [ -17.7901202, 28.8426144 ], [ -17.7901384, 28.8426073 ], [ -17.7901692, 28.8426089 ], [ -17.7902381, 28.8426165 ], [ -17.7903538, 28.8426186 ], [ -17.7903882, 28.8426044 ], [ -17.7904071, 28.8425814 ], [ -17.7904157, 28.8425564 ], [ -17.790418, 28.8425271 ], [ -17.7904072, 28.8424732 ], [ -17.7904039, 28.8424236 ], [ -17.7904123, 28.8423919 ], [ -17.7904197, 28.8423647 ], [ -17.7904604, 28.8422736 ], [ -17.7904852, 28.8422438 ], [ -17.7905276, 28.8422204 ], [ -17.7905721, 28.8422014 ], [ -17.7906084, 28.8421758 ], [ -17.7906566, 28.8421388 ], [ -17.7906958, 28.8421109 ], [ -17.7907464, 28.8420873 ], [ -17.7908571, 28.8420534 ], [ -17.790913, 28.8420387 ], [ -17.7910406, 28.8420203 ], [ -17.7910811, 28.8420014 ], [ -17.7911608, 28.8419524 ], [ -17.7912678, 28.8418961 ], [ -17.7912832, 28.8418958 ], [ -17.7913166, 28.8419199 ], [ -17.7914014, 28.8419903 ], [ -17.7914833, 28.8420585 ], [ -17.7915032, 28.8420784 ], [ -17.7915153, 28.8421097 ], [ -17.791524, 28.8421704 ], [ -17.7915397, 28.8421836 ], [ -17.7915583, 28.8421832 ], [ -17.7915714, 28.8421762 ], [ -17.7915916, 28.8421284 ], [ -17.7916072, 28.8420965 ], [ -17.7916213, 28.8420917 ], [ -17.7916311, 28.8421118 ], [ -17.7916328, 28.8421366 ], [ -17.7916426, 28.8421544 ], [ -17.7916568, 28.8421564 ], [ -17.7916711, 28.8421516 ], [ -17.7917133, 28.8420853 ], [ -17.7917399, 28.8420419 ], [ -17.79178, 28.8420095 ], [ -17.7918063, 28.8419999 ], [ -17.7918322, 28.8420107 ], [ -17.791867, 28.8420415 ], [ -17.791883, 28.8420638 ], [ -17.7918842, 28.842075 ], [ -17.7918959, 28.842095 ], [ -17.791963, 28.8421478 ], [ -17.7919966, 28.8421787 ], [ -17.7920253, 28.8422141 ], [ -17.7920489, 28.8422588 ], [ -17.7920624, 28.8423036 ], [ -17.7920752, 28.842398 ], [ -17.7920918, 28.8424022 ], [ -17.7921152, 28.8423995 ], [ -17.7921427, 28.8423921 ], [ -17.792168, 28.8423803 ], [ -17.7921986, 28.8423752 ], [ -17.7922314, 28.8423813 ], [ -17.7923022, 28.8424181 ], [ -17.7923527, 28.8424329 ], [ -17.7923875, 28.8424299 ], [ -17.7924025, 28.8424138 ], [ -17.7923956, 28.8423914 ], [ -17.7923778, 28.8423715 ], [ -17.7923557, 28.8423516 ], [ -17.792284, 28.8422742 ], [ -17.7922742, 28.8422541 ], [ -17.7922793, 28.8422134 ], [ -17.792281, 28.8421638 ], [ -17.7922904, 28.8420959 ], [ -17.7923029, 28.8420618 ], [ -17.7923206, 28.8420321 ], [ -17.7923413, 28.8420046 ], [ -17.7923662, 28.8419816 ], [ -17.7923915, 28.8419675 ], [ -17.7924737, 28.8419342 ], [ -17.7925764, 28.8419073 ], [ -17.7926301, 28.8418859 ], [ -17.7926765, 28.8418556 ], [ -17.7927094, 28.8418234 ], [ -17.7927321, 28.8417936 ], [ -17.792736, 28.8417845 ], [ -17.7927303, 28.841762 ], [ -17.7927052, 28.8417423 ], [ -17.7926763, 28.8417339 ], [ -17.7926507, 28.8417344 ], [ -17.7926169, 28.8417328 ], [ -17.7926116, 28.8417262 ], [ -17.7926076, 28.8416969 ], [ -17.7926068, 28.8416676 ], [ -17.7926124, 28.841645 ], [ -17.7926261, 28.8416221 ], [ -17.7926608, 28.8415786 ], [ -17.7926909, 28.8415554 ], [ -17.7927324, 28.841532 ], [ -17.7927608, 28.8415246 ], [ -17.7928649, 28.841509 ], [ -17.7929744, 28.8415022 ], [ -17.7930328, 28.8415077 ], [ -17.7930784, 28.8415248 ], [ -17.79312, 28.8415488 ], [ -17.7932011, 28.8415922 ], [ -17.7932476, 28.841607 ], [ -17.7933433, 28.8416276 ], [ -17.7933896, 28.8416334 ], [ -17.7934502, 28.8416366 ], [ -17.7935783, 28.8416385 ], [ -17.7937177, 28.8416424 ], [ -17.7937793, 28.8416501 ], [ -17.7938247, 28.8416582 ], [ -17.7938527, 28.8416711 ], [ -17.7938694, 28.8416843 ], [ -17.7938702, 28.8417497 ], [ -17.7938751, 28.8417812 ], [ -17.7938999, 28.8418235 ], [ -17.7939014, 28.841846 ], [ -17.7938913, 28.8419274 ], [ -17.7938745, 28.8419864 ], [ -17.7938792, 28.8420066 ], [ -17.7938939, 28.8420243 ], [ -17.793916, 28.8420442 ], [ -17.7939648, 28.8420725 ], [ -17.7940788, 28.842122 ], [ -17.7940975, 28.8421261 ], [ -17.7941415, 28.8421252 ], [ -17.7942382, 28.8421006 ], [ -17.7943275, 28.8420695 ], [ -17.7944219, 28.8420404 ], [ -17.7944547, 28.8420375 ], [ -17.7944825, 28.8420414 ], [ -17.7944921, 28.8420616 ], [ -17.794498, 28.8420885 ], [ -17.7945179, 28.8421399 ], [ -17.7945099, 28.8421536 ], [ -17.7944815, 28.8421632 ], [ -17.7944531, 28.8421683 ], [ -17.7944154, 28.8421804 ], [ -17.7943673, 28.8422175 ], [ -17.7943545, 28.842238 ], [ -17.794355, 28.8422538 ], [ -17.7943694, 28.8422626 ], [ -17.7943881, 28.8422644 ], [ -17.7944266, 28.8422523 ], [ -17.7944827, 28.8422421 ], [ -17.7945963, 28.8422398 ], [ -17.7946182, 28.8422506 ], [ -17.7946351, 28.8422706 ], [ -17.7946438, 28.8422907 ], [ -17.7946371, 28.8423089 ], [ -17.7946111, 28.842332 ], [ -17.7945757, 28.8423485 ], [ -17.7945005, 28.8424109 ], [ -17.7944408, 28.8424392 ], [ -17.79437, 28.8424768 ], [ -17.794281, 28.842517 ], [ -17.7942486, 28.8425334 ], [ -17.7942226, 28.8425542 ], [ -17.7942027, 28.842575 ], [ -17.7941952, 28.8425999 ], [ -17.7941968, 28.8426247 ], [ -17.7942169, 28.8426468 ], [ -17.7942556, 28.8426753 ], [ -17.7942938, 28.8426903 ], [ -17.7943383, 28.8427007 ], [ -17.7944185, 28.8427148 ], [ -17.7944497, 28.8427322 ], [ -17.7944751, 28.8427633 ], [ -17.7944827, 28.8427811 ], [ -17.7944714, 28.8428174 ], [ -17.7944707, 28.8428626 ], [ -17.7944829, 28.8429006 ], [ -17.794499, 28.8429274 ], [ -17.7945208, 28.8429427 ], [ -17.7945425, 28.8429467 ], [ -17.794568, 28.8429417 ], [ -17.7945933, 28.8429277 ], [ -17.7946002, 28.8429185 ], [ -17.7946078, 28.8428958 ], [ -17.7946069, 28.8428259 ], [ -17.7945985, 28.8427832 ], [ -17.7945787, 28.8426889 ], [ -17.7945648, 28.8426734 ], [ -17.7945195, 28.8426586 ], [ -17.794514, 28.8426452 ], [ -17.7945157, 28.8425955 ], [ -17.7945252, 28.8425683 ], [ -17.794551, 28.8425384 ], [ -17.7945712, 28.8425267 ], [ -17.7945947, 28.8425217 ], [ -17.7946357, 28.8425209 ], [ -17.7946491, 28.8425274 ], [ -17.7946566, 28.8425385 ], [ -17.794664, 28.8425857 ], [ -17.7947091, 28.8426637 ], [ -17.7947378, 28.8427014 ], [ -17.7948015, 28.8427474 ], [ -17.7948378, 28.8427625 ], [ -17.794882, 28.8427706 ], [ -17.7949255, 28.8427877 ], [ -17.7949797, 28.8428204 ], [ -17.7950514, 28.8428956 ], [ -17.7950796, 28.8429176 ], [ -17.7951072, 28.8429125 ], [ -17.7951353, 28.8428916 ], [ -17.795164, 28.8428594 ], [ -17.7952394, 28.842806 ], [ -17.7952705, 28.8427783 ], [ -17.7953075, 28.8427415 ], [ -17.795335, 28.8426981 ], [ -17.7953492, 28.8426572 ], [ -17.795347, 28.8426144 ], [ -17.7953068, 28.842525 ], [ -17.7952661, 28.8424198 ], [ -17.7952339, 28.8423281 ], [ -17.7952086, 28.8422654 ], [ -17.7951752, 28.8422007 ], [ -17.7951511, 28.8421855 ], [ -17.7951141, 28.8421411 ], [ -17.7950349, 28.8420526 ], [ -17.7950016, 28.8419946 ], [ -17.7949375, 28.8418967 ], [ -17.7948978, 28.841866 ], [ -17.7948425, 28.8418288 ], [ -17.794797, 28.8418139 ], [ -17.7947468, 28.841815 ], [ -17.7946998, 28.8418182 ], [ -17.7946623, 28.8418348 ], [ -17.794632, 28.8418512 ], [ -17.7945877, 28.8418747 ], [ -17.794562, 28.8418729 ], [ -17.7945515, 28.8418641 ], [ -17.794544, 28.8418507 ], [ -17.7945405, 28.841799 ], [ -17.7945522, 28.8417762 ], [ -17.794577, 28.8417441 ], [ -17.7946317, 28.8416821 ], [ -17.7946659, 28.8416227 ], [ -17.7946985, 28.8415409 ], [ -17.7947231, 28.8414614 ], [ -17.7947465, 28.8414226 ], [ -17.7947816, 28.8413925 ], [ -17.794882, 28.8413521 ], [ -17.7949171, 28.8413243 ], [ -17.7949617, 28.8413031 ], [ -17.7950102, 28.8412818 ], [ -17.795067, 28.8412626 ], [ -17.7951323, 28.8412477 ], [ -17.7951963, 28.8412306 ], [ -17.7953495, 28.8411756 ], [ -17.7954919, 28.8411365 ], [ -17.7956271, 28.8410931 ], [ -17.7957115, 28.8410711 ], [ -17.7958694, 28.8410385 ], [ -17.7959685, 28.8410274 ], [ -17.7961108, 28.8410267 ], [ -17.7961677, 28.8410458 ], [ -17.7962042, 28.8410721 ], [ -17.7962285, 28.8411009 ], [ -17.7962335, 28.8411302 ], [ -17.7962322, 28.8411595 ], [ -17.7962379, 28.8411797 ], [ -17.7962534, 28.8411884 ], [ -17.7963131, 28.8411984 ], [ -17.7963463, 28.8412135 ], [ -17.7963807, 28.8412353 ], [ -17.7964081, 28.8412619 ], [ -17.7964549, 28.8413308 ], [ -17.7964499, 28.8414053 ], [ -17.7964363, 28.8414372 ], [ -17.7964144, 28.8414602 ], [ -17.7963363, 28.8415249 ], [ -17.7962417, 28.8415945 ], [ -17.7961919, 28.8416452 ], [ -17.7961771, 28.841668 ], [ -17.7961748, 28.8416951 ], [ -17.7961887, 28.8417197 ], [ -17.7962964, 28.8417964 ], [ -17.7963353, 28.8418362 ], [ -17.7963405, 28.8418744 ], [ -17.7963473, 28.8419013 ], [ -17.7963598, 28.8419078 ], [ -17.7963864, 28.8419028 ], [ -17.7964156, 28.8418886 ], [ -17.7965244, 28.841821 ], [ -17.7965895, 28.8417993 ], [ -17.7966126, 28.841783 ], [ -17.7966234, 28.8417625 ], [ -17.7966218, 28.8417445 ], [ -17.7966079, 28.8417245 ], [ -17.7965869, 28.8417047 ], [ -17.7965348, 28.8416719 ], [ -17.7965004, 28.8416478 ], [ -17.7965102, 28.8416318 ], [ -17.7965336, 28.8416245 ], [ -17.7966154, 28.8416206 ], [ -17.7966597, 28.841631 ], [ -17.7967663, 28.8416738 ], [ -17.7968081, 28.8417023 ], [ -17.7968438, 28.8417331 ], [ -17.7968702, 28.8417619 ], [ -17.7968844, 28.8417954 ], [ -17.7968756, 28.8418091 ], [ -17.7968451, 28.8418166 ], [ -17.7967781, 28.8418428 ], [ -17.7966707, 28.8418856 ], [ -17.7966637, 28.8418925 ], [ -17.7966527, 28.8419423 ], [ -17.7966489, 28.841992 ], [ -17.7966444, 28.8420913 ], [ -17.7966392, 28.8421253 ], [ -17.7966221, 28.8421752 ], [ -17.7966013, 28.842205 ], [ -17.7965657, 28.8422847 ], [ -17.7965592, 28.8423118 ], [ -17.796557, 28.8423435 ], [ -17.7965593, 28.8423953 ], [ -17.7965693, 28.8424199 ], [ -17.7965973, 28.8424396 ], [ -17.796682, 28.8424987 ], [ -17.7967021, 28.8425276 ], [ -17.7967153, 28.8425589 ], [ -17.7967214, 28.8426309 ], [ -17.7967015, 28.8426539 ], [ -17.7966749, 28.842659 ], [ -17.7966429, 28.8426461 ], [ -17.7966115, 28.8426242 ], [ -17.7965476, 28.8425692 ], [ -17.7964797, 28.8425187 ], [ -17.7964466, 28.8425081 ], [ -17.7963995, 28.8425113 ], [ -17.7963795, 28.8425298 ], [ -17.7963783, 28.8425591 ], [ -17.7963832, 28.8425929 ], [ -17.7963995, 28.8426241 ], [ -17.7964218, 28.8426507 ], [ -17.7964539, 28.8426681 ], [ -17.7965613, 28.8426974 ], [ -17.7965945, 28.8427148 ], [ -17.7966279, 28.8427389 ], [ -17.7967201, 28.8428159 ], [ -17.7967494, 28.8428333 ], [ -17.7967804, 28.842844 ], [ -17.7968318, 28.8428519 ], [ -17.7968972, 28.8428506 ], [ -17.7970079, 28.8428505 ], [ -17.7970961, 28.842851 ], [ -17.7971407, 28.8428748 ], [ -17.7971681, 28.8429036 ], [ -17.7971864, 28.8429348 ], [ -17.7971964, 28.8429616 ], [ -17.7971938, 28.8429797 ], [ -17.7971767, 28.8429913 ], [ -17.79717, 28.8430118 ], [ -17.7971708, 28.8430411 ], [ -17.797161, 28.8430593 ], [ -17.7971439, 28.8430709 ], [ -17.7970841, 28.8430903 ], [ -17.7970608, 28.8431065 ], [ -17.7970493, 28.8431293 ], [ -17.7970517, 28.8431495 ], [ -17.7971068, 28.8431732 ], [ -17.7971391, 28.8431951 ], [ -17.7971632, 28.8432171 ], [ -17.7971795, 28.8432506 ], [ -17.7971997, 28.8432795 ], [ -17.7972285, 28.8432834 ], [ -17.7972526, 28.8432626 ], [ -17.7972703, 28.8432352 ], [ -17.7972849, 28.8432056 ], [ -17.7973153, 28.8431576 ], [ -17.7973413, 28.8431322 ], [ -17.7973748, 28.8431203 ], [ -17.7974104, 28.8431128 ], [ -17.7974514, 28.8431119 ], [ -17.7975609, 28.8431074 ], [ -17.7976402, 28.8430855 ], [ -17.7976863, 28.8430845 ], [ -17.7977266, 28.8430995 ], [ -17.7977311, 28.8431151 ], [ -17.7977213, 28.8431311 ], [ -17.7977148, 28.8431583 ], [ -17.7977051, 28.8432555 ], [ -17.79772, 28.8432732 ], [ -17.7977293, 28.8432731 ], [ -17.7977588, 28.8432679 ], [ -17.7978386, 28.8432257 ], [ -17.797915, 28.8431745 ], [ -17.7979441, 28.8431468 ], [ -17.7979616, 28.8431149 ], [ -17.7979711, 28.8430854 ], [ -17.797986, 28.8430692 ], [ -17.7980093, 28.8430575 ], [ -17.7980293, 28.8430413 ], [ -17.7980453, 28.8430229 ], [ -17.7980716, 28.8430111 ], [ -17.798103, 28.8430037 ], [ -17.7981325, 28.8429895 ], [ -17.798171, 28.8429346 ], [ -17.798187, 28.8429208 ], [ -17.7982361, 28.8429197 ], [ -17.7982813, 28.8429233 ], [ -17.7983362, 28.842947 ], [ -17.7983974, 28.8430134 ], [ -17.7984382, 28.8430847 ], [ -17.7984547, 28.8430843 ], [ -17.7984759, 28.8430343 ], [ -17.7984865, 28.8429754 ], [ -17.7984847, 28.8429101 ], [ -17.7984618, 28.8428542 ], [ -17.7984746, 28.8428381 ], [ -17.7985172, 28.8428192 ], [ -17.798543, 28.8427916 ], [ -17.7985544, 28.8427553 ], [ -17.7985504, 28.8427193 ], [ -17.7985292, 28.8426949 ], [ -17.7985092, 28.842675 ], [ -17.7984985, 28.8426572 ], [ -17.7985064, 28.8426435 ], [ -17.7985308, 28.8426408 ], [ -17.7985566, 28.842647 ], [ -17.7985899, 28.8426643 ], [ -17.7986594, 28.8426945 ], [ -17.7986863, 28.8427097 ], [ -17.7987, 28.8427229 ], [ -17.7987036, 28.8427364 ], [ -17.7986994, 28.8427726 ], [ -17.7986799, 28.8428091 ], [ -17.7986312, 28.8429025 ], [ -17.7986198, 28.8429388 ], [ -17.7986092, 28.8430022 ], [ -17.7985957, 28.8430386 ], [ -17.7985597, 28.8431024 ], [ -17.7985036, 28.8431893 ], [ -17.7984677, 28.8432667 ], [ -17.7984665, 28.8432983 ], [ -17.7984773, 28.8433184 ], [ -17.7984873, 28.8433475 ], [ -17.7985442, 28.8434095 ], [ -17.7985707, 28.8434427 ], [ -17.7986003, 28.8434737 ], [ -17.7986599, 28.8435198 ], [ -17.7986877, 28.843526 ], [ -17.7986999, 28.8435213 ], [ -17.7987291, 28.8435003 ], [ -17.798755, 28.8434727 ], [ -17.7987801, 28.8434542 ], [ -17.7988026, 28.8434515 ], [ -17.7988153, 28.843467 ], [ -17.7988212, 28.8434939 ], [ -17.798839, 28.8435139 ], [ -17.7988721, 28.8435244 ], [ -17.7988834, 28.8435242 ], [ -17.7989158, 28.8435145 ], [ -17.7989389, 28.8434915 ], [ -17.7989593, 28.8434865 ], [ -17.7989933, 28.8434971 ], [ -17.7990286, 28.8435167 ], [ -17.7990832, 28.8435652 ], [ -17.7991121, 28.8435736 ], [ -17.7991254, 28.8435688 ], [ -17.7991505, 28.8435502 ], [ -17.7991693, 28.8435295 ], [ -17.7991958, 28.8435222 ], [ -17.7992235, 28.8435262 ], [ -17.7992465, 28.8435437 ], [ -17.7992512, 28.8435617 ], [ -17.7992525, 28.8436112 ], [ -17.7992482, 28.8436429 ], [ -17.7992286, 28.8436749 ], [ -17.7992213, 28.8437066 ], [ -17.7992211, 28.8437427 ], [ -17.7992322, 28.8437718 ], [ -17.7992553, 28.8437916 ], [ -17.7993146, 28.8438265 ], [ -17.799357, 28.8438436 ], [ -17.7994077, 28.8438583 ], [ -17.7995044, 28.8438766 ], [ -17.7995435, 28.8438781 ], [ -17.799586, 28.8438636 ], [ -17.7996152, 28.8438405 ], [ -17.799667, 28.8437875 ], [ -17.7996963, 28.8437757 ], [ -17.7997221, 28.8437819 ], [ -17.7997312, 28.8438088 ], [ -17.7997364, 28.8438921 ], [ -17.7997528, 28.8439301 ], [ -17.799778, 28.8439544 ], [ -17.7998037, 28.8439606 ], [ -17.7998291, 28.8439511 ], [ -17.7998407, 28.843926 ], [ -17.7998441, 28.8438605 ], [ -17.7998331, 28.8438315 ], [ -17.7998226, 28.8437798 ], [ -17.7998147, 28.8437529 ], [ -17.7997953, 28.8437172 ], [ -17.7997906, 28.8436993 ], [ -17.799791, 28.8436768 ], [ -17.7997874, 28.8436543 ], [ -17.7997088, 28.8435905 ], [ -17.7996465, 28.8435602 ], [ -17.799637, 28.8435469 ], [ -17.7996435, 28.8435242 ], [ -17.7996452, 28.8435084 ], [ -17.7996608, 28.8434765 ], [ -17.7996838, 28.843458 ], [ -17.799713, 28.8434438 ], [ -17.7997858, 28.8434401 ], [ -17.799874, 28.8434472 ], [ -17.7999118, 28.843442 ], [ -17.7999206, 28.8434237 ], [ -17.7999314, 28.8433739 ], [ -17.7999297, 28.8433085 ], [ -17.799914, 28.8432953 ], [ -17.7998412, 28.8432562 ], [ -17.7997802, 28.8431966 ], [ -17.7997322, 28.8431615 ], [ -17.799648, 28.8430776 ], [ -17.799557, 28.8430096 ], [ -17.7995227, 28.84299 ], [ -17.7994803, 28.8429774 ], [ -17.7994085, 28.8429766 ], [ -17.7993831, 28.8429816 ], [ -17.79935, 28.8430071 ], [ -17.7993086, 28.843026 ], [ -17.7992361, 28.8430388 ], [ -17.7991623, 28.8430358 ], [ -17.7991302, 28.8430252 ], [ -17.7990905, 28.8429967 ], [ -17.7990757, 28.842979 ], [ -17.799052, 28.8429321 ], [ -17.7990316, 28.8428626 ], [ -17.799019, 28.8428133 ], [ -17.7990435, 28.8428038 ], [ -17.7991022, 28.84278 ], [ -17.7991354, 28.842759 ], [ -17.7991667, 28.8427448 ], [ -17.7992132, 28.842719 ], [ -17.7992615, 28.8426865 ], [ -17.7993093, 28.8426336 ], [ -17.7993345, 28.8426196 ], [ -17.7994279, 28.8425522 ], [ -17.7994791, 28.8425106 ], [ -17.7995225, 28.8424849 ], [ -17.7996178, 28.8424468 ], [ -17.7997241, 28.8423972 ], [ -17.7998283, 28.84235 ], [ -17.7999373, 28.8422891 ], [ -17.8000277, 28.842224 ], [ -17.8001113, 28.8421682 ], [ -17.8001474, 28.8421381 ], [ -17.8002199, 28.8420554 ], [ -17.8002268, 28.842044 ], [ -17.8002835, 28.842018 ], [ -17.8003656, 28.841987 ], [ -17.800492, 28.841928 ], [ -17.8005902, 28.8418831 ], [ -17.800708, 28.8418378 ], [ -17.8008198, 28.8418062 ], [ -17.8009053, 28.8417886 ], [ -17.8010115, 28.8417751 ], [ -17.8011362, 28.8417613 ], [ -17.8012395, 28.8417569 ], [ -17.801346, 28.8417524 ], [ -17.80148, 28.8417474 ], [ -17.8016203, 28.8417444 ], [ -17.8017299, 28.8417422 ], [ -17.8018823, 28.841739 ], [ -17.8019909, 28.8417367 ], [ -17.8021016, 28.8417367 ], [ -17.8022356, 28.8417339 ], [ -17.8022921, 28.8417372 ], [ -17.80241, 28.8417438 ], [ -17.8025652, 28.8417564 ], [ -17.8026978, 28.8417784 ], [ -17.8027162, 28.841778 ], [ -17.8028282, 28.841787 ], [ -17.8029506, 28.8418002 ], [ -17.8030706, 28.8418135 ], [ -17.8032217, 28.8418284 ], [ -17.8033359, 28.8418418 ], [ -17.8034418, 28.8418576 ], [ -17.8035917, 28.8418748 ], [ -17.8036976, 28.8418884 ], [ -17.8038192, 28.8419107 ], [ -17.8039379, 28.8419421 ], [ -17.8040724, 28.8419934 ], [ -17.8041717, 28.8420296 ], [ -17.8043001, 28.8420788 ], [ -17.8043685, 28.842109 ], [ -17.8044056, 28.8421195 ], [ -17.8045058, 28.8421512 ], [ -17.8046414, 28.842198 ], [ -17.8047481, 28.8422454 ], [ -17.8047845, 28.842265 ], [ -17.8047925, 28.8422558 ], [ -17.8048256, 28.8422686 ], [ -17.8048651, 28.8422926 ], [ -17.8048951, 28.8422988 ], [ -17.8049999, 28.8423507 ], [ -17.8050588, 28.8423698 ], [ -17.8051805, 28.842401 ], [ -17.8052415, 28.8424201 ], [ -17.8053078, 28.842448 ], [ -17.8054042, 28.8424911 ], [ -17.8055286, 28.8425472 ], [ -17.8056611, 28.842594 ], [ -17.8057321, 28.8426083 ], [ -17.8058052, 28.8426181 ], [ -17.8058943, 28.8426207 ], [ -17.8060059, 28.8426184 ], [ -17.8060574, 28.8426263 ], [ -17.8061132, 28.8426432 ], [ -17.8061609, 28.8426648 ], [ -17.8062392, 28.8427218 ], [ -17.8062827, 28.8427389 ], [ -17.8063892, 28.8427412 ], [ -17.8064356, 28.8427493 ], [ -17.806479, 28.8427619 ], [ -17.8065735, 28.8428073 ], [ -17.8066609, 28.8428596 ], [ -17.8066972, 28.8428769 ], [ -17.8067774, 28.8429225 ], [ -17.8068218, 28.8429374 ], [ -17.806867, 28.842941 ], [ -17.8069092, 28.8429514 ], [ -17.8069883, 28.8429926 ], [ -17.8070306, 28.8430052 ], [ -17.807049, 28.8430071 ], [ -17.8071873, 28.8430042 ], [ -17.8072304, 28.8430078 ], [ -17.807306, 28.8430401 ], [ -17.8074375, 28.843087 ], [ -17.8075472, 28.8431343 ], [ -17.8075961, 28.8431581 ], [ -17.807639, 28.843191 ], [ -17.8076692, 28.8432107 ], [ -17.807706, 28.843246 ], [ -17.807725, 28.8432681 ], [ -17.807741, 28.8432926 ], [ -17.8077519, 28.8433149 ], [ -17.8077619, 28.8433418 ], [ -17.8077696, 28.8433597 ], [ -17.8077711, 28.8433822 ], [ -17.8077773, 28.8434204 ], [ -17.807782, 28.8434812 ], [ -17.8077833, 28.843533 ], [ -17.8077936, 28.8435689 ], [ -17.8078559, 28.8436375 ], [ -17.8078753, 28.8436709 ], [ -17.8078917, 28.843754 ], [ -17.8078982, 28.8438396 ], [ -17.8078975, 28.8439275 ], [ -17.8078734, 28.8439822 ], [ -17.8078296, 28.844035 ], [ -17.8077475, 28.8441043 ], [ -17.8076958, 28.8441573 ], [ -17.8076801, 28.8441891 ], [ -17.8076763, 28.8442388 ], [ -17.8076835, 28.8442725 ], [ -17.8077185, 28.8443597 ], [ -17.8077257, 28.8443957 ], [ -17.8077523, 28.8445124 ], [ -17.8077897, 28.8446018 ], [ -17.8078143, 28.8446419 ], [ -17.8078446, 28.8446706 ], [ -17.8078863, 28.8446945 ], [ -17.8079861, 28.8447443 ], [ -17.8080544, 28.8447722 ], [ -17.8081038, 28.8447824 ], [ -17.808152, 28.8447837 ], [ -17.8082435, 28.8447908 ], [ -17.8082939, 28.8448033 ], [ -17.8083403, 28.8448158 ], [ -17.8083767, 28.8448331 ], [ -17.8084498, 28.8448857 ], [ -17.8084742, 28.8449123 ], [ -17.8085481, 28.8449942 ], [ -17.8086189, 28.8450784 ], [ -17.8086536, 28.845107 ], [ -17.8086972, 28.8451354 ], [ -17.8087813, 28.845172 ], [ -17.8088342, 28.8452363 ], [ -17.8088756, 28.8452512 ], [ -17.8089167, 28.8452548 ], [ -17.8089575, 28.8452472 ], [ -17.8089698, 28.845247 ], [ -17.8090494, 28.8452792 ], [ -17.8090991, 28.8452916 ], [ -17.8091514, 28.8452973 ], [ -17.8091961, 28.8452806 ], [ -17.8092228, 28.8452485 ], [ -17.8092381, 28.8452053 ], [ -17.8092418, 28.8451534 ], [ -17.8092691, 28.8451009 ], [ -17.8092674, 28.8450401 ], [ -17.8092513, 28.844975 ], [ -17.80924, 28.8448963 ], [ -17.809234, 28.8447837 ], [ -17.8092493, 28.844709 ], [ -17.8092488, 28.8446526 ], [ -17.8092407, 28.8446167 ], [ -17.8092055, 28.8445633 ], [ -17.8091996, 28.8445363 ], [ -17.8091969, 28.8444327 ], [ -17.8091837, 28.8444014 ], [ -17.8091659, 28.8443882 ], [ -17.8091209, 28.8443531 ], [ -17.8090987, 28.8443265 ], [ -17.8090793, 28.8442953 ], [ -17.8090508, 28.8442237 ], [ -17.8090282, 28.844143 ], [ -17.809002, 28.8440466 ], [ -17.8089879, 28.8440153 ], [ -17.8089682, 28.8440067 ], [ -17.8089484, 28.8439981 ], [ -17.8089186, 28.8439897 ], [ -17.8088899, 28.8439903 ], [ -17.8088713, 28.8439884 ], [ -17.8088559, 28.8439865 ], [ -17.8088373, 28.8439801 ], [ -17.8088166, 28.8439715 ], [ -17.8087832, 28.8439497 ], [ -17.8087487, 28.8439233 ], [ -17.8087225, 28.8439036 ], [ -17.8087037, 28.8438882 ], [ -17.808602, 28.8438023 ], [ -17.8085843, 28.8437915 ], [ -17.8085693, 28.8437647 ], [ -17.8085634, 28.8437378 ], [ -17.8085555, 28.8437109 ], [ -17.8085217, 28.843671 ], [ -17.8085038, 28.8436556 ], [ -17.8084795, 28.8436268 ], [ -17.8084665, 28.8436045 ], [ -17.8084601, 28.8435911 ], [ -17.8084534, 28.8435687 ], [ -17.8084467, 28.8435485 ], [ -17.8084376, 28.8435149 ], [ -17.808434, 28.8434586 ], [ -17.8084326, 28.8434067 ], [ -17.8084389, 28.8433751 ], [ -17.8084572, 28.8432935 ], [ -17.8084701, 28.8432008 ], [ -17.8084861, 28.8431125 ], [ -17.8085199, 28.8429923 ], [ -17.8085409, 28.8428993 ], [ -17.8085546, 28.8427998 ], [ -17.8085594, 28.8427118 ], [ -17.8085752, 28.8426145 ], [ -17.8085912, 28.84256 ], [ -17.8086226, 28.8424714 ], [ -17.8086831, 28.8423935 ], [ -17.8087402, 28.8423089 ], [ -17.80881, 28.8422014 ], [ -17.8088783, 28.8421098 ], [ -17.8089578, 28.8420202 ], [ -17.8090321, 28.8419262 ], [ -17.8091157, 28.8418365 ], [ -17.8092127, 28.8417465 ], [ -17.8093209, 28.8416586 ], [ -17.8094286, 28.8415842 ], [ -17.8094787, 28.8415448 ], [ -17.8095943, 28.8414612 ], [ -17.8096468, 28.8414331 ], [ -17.8097025, 28.8414071 ], [ -17.8097521, 28.8413812 ], [ -17.8098426, 28.8413207 ], [ -17.8098796, 28.8412884 ], [ -17.8099222, 28.8412334 ], [ -17.8100093, 28.841121 ], [ -17.8100423, 28.8410888 ], [ -17.8101032, 28.8410334 ], [ -17.8101362, 28.8409989 ], [ -17.8101757, 28.8409439 ], [ -17.8102266, 28.8408617 ], [ -17.8102829, 28.8407816 ], [ -17.8103578, 28.8407462 ], [ -17.8103969, 28.8407183 ], [ -17.8105119, 28.8406483 ], [ -17.8105584, 28.840627 ], [ -17.8106102, 28.8406079 ], [ -17.8106597, 28.8405843 ], [ -17.8107521, 28.8405485 ], [ -17.8108768, 28.8405009 ], [ -17.8110136, 28.8404461 ], [ -17.8111173, 28.8404146 ], [ -17.8112199, 28.8403855 ], [ -17.8113004, 28.840368 ], [ -17.8114006, 28.8403614 ], [ -17.8114475, 28.8403559 ], [ -17.8114996, 28.8403458 ], [ -17.8115484, 28.8403335 ], [ -17.8116403, 28.8402888 ], [ -17.8117125, 28.8402624 ], [ -17.8118089, 28.8402311 ], [ -17.8118914, 28.8402159 ], [ -17.8119156, 28.8401973 ], [ -17.8119374, 28.8401675 ], [ -17.8119665, 28.8401512 ], [ -17.8120598, 28.8401131 ], [ -17.8121076, 28.8401008 ], [ -17.8122267, 28.840069 ], [ -17.8122915, 28.8400429 ], [ -17.8124294, 28.8399881 ], [ -17.8124981, 28.8399529 ], [ -17.8125981, 28.8399057 ], [ -17.8127351, 28.8398555 ], [ -17.8127968, 28.8398226 ], [ -17.8128551, 28.8397831 ], [ -17.8129177, 28.8397479 ], [ -17.8130699, 28.8396929 ], [ -17.8131139, 28.8396897 ], [ -17.8131955, 28.8397128 ], [ -17.8132207, 28.8396988 ], [ -17.8132432, 28.8396239 ], [ -17.8132702, 28.8395985 ], [ -17.8133369, 28.8395678 ], [ -17.8134444, 28.8395227 ], [ -17.813562, 28.8394819 ], [ -17.8136584, 28.8394461 ], [ -17.8137432, 28.8394375 ], [ -17.8138179, 28.8394292 ], [ -17.8138706, 28.8394123 ], [ -17.8139211, 28.8393865 ], [ -17.814023, 28.8393257 ], [ -17.8141233, 28.8392447 ], [ -17.8141826, 28.8392074 ], [ -17.8142728, 28.8391671 ], [ -17.8144047, 28.8391193 ], [ -17.8144678, 28.8391044 ], [ -17.8146039, 28.8391016 ], [ -17.8146604, 28.8391049 ], [ -17.814797, 28.8391201 ], [ -17.8149042, 28.8391404 ], [ -17.8149981, 28.8391678 ], [ -17.8150417, 28.8391894 ], [ -17.815132, 28.8392304 ], [ -17.8152157, 28.8392602 ], [ -17.8152568, 28.8392639 ], [ -17.8152997, 28.8392585 ], [ -17.8153463, 28.8392417 ], [ -17.8153951, 28.8392226 ], [ -17.8154933, 28.8391868 ], [ -17.815588, 28.8391577 ], [ -17.8156462, 28.8391565 ], [ -17.8156719, 28.8391605 ], [ -17.8156976, 28.8391644 ], [ -17.815719, 28.839155 ], [ -17.815739, 28.8391388 ], [ -17.8157632, 28.8391248 ], [ -17.8157816, 28.8391199 ], [ -17.8158122, 28.839117 ], [ -17.8158439, 28.8391163 ], [ -17.8158904, 28.8391289 ], [ -17.8159498, 28.8391321 ], [ -17.8160116, 28.8391444 ], [ -17.8160628, 28.8391433 ], [ -17.816115, 28.8391377 ], [ -17.816163, 28.8391344 ], [ -17.8162081, 28.8391357 ], [ -17.8162504, 28.8391461 ], [ -17.8162877, 28.8391612 ], [ -17.8163368, 28.8391939 ], [ -17.8163697, 28.8392045 ], [ -17.8164191, 28.8392057 ], [ -17.8164618, 28.8391981 ], [ -17.8165389, 28.8391694 ], [ -17.8165827, 28.8391618 ], [ -17.8166319, 28.839163 ], [ -17.8166795, 28.8391778 ], [ -17.8167509, 28.8392056 ], [ -17.8168877, 28.8392636 ], [ -17.8169352, 28.8392784 ], [ -17.8169834, 28.8392819 ], [ -17.8170816, 28.8392708 ], [ -17.8171434, 28.8392853 ], [ -17.8172423, 28.8393081 ], [ -17.8172895, 28.8393116 ], [ -17.8173294, 28.8393062 ], [ -17.8173535, 28.8392877 ], [ -17.817358, 28.839265 ], [ -17.8173567, 28.8392177 ], [ -17.8173626, 28.8392086 ], [ -17.8173869, 28.8391968 ], [ -17.8174746, 28.8391837 ], [ -17.8175826, 28.8391634 ], [ -17.8176369, 28.83916 ], [ -17.8177518, 28.8391711 ], [ -17.8178788, 28.8391662 ], [ -17.818016, 28.8391634 ], [ -17.8181626, 28.8391648 ], [ -17.8183307, 28.8391726 ], [ -17.8184478, 28.8391837 ], [ -17.8184571, 28.8391835 ], [ -17.8186276, 28.8392024 ], [ -17.8188034, 28.8392258 ], [ -17.8189733, 28.8392584 ], [ -17.8190518, 28.8392793 ], [ -17.8191634, 28.8393175 ], [ -17.8193225, 28.8393638 ], [ -17.8194613, 28.8394241 ], [ -17.8195368, 28.8394495 ], [ -17.8196907, 28.8394959 ], [ -17.8198061, 28.8395206 ], [ -17.8199685, 28.8395397 ], [ -17.8200467, 28.8395539 ], [ -17.8201991, 28.8395777 ], [ -17.820339, 28.8396019 ], [ -17.8204491, 28.8396176 ], [ -17.8205987, 28.8396573 ], [ -17.8207387, 28.839686 ], [ -17.8208688, 28.8397193 ], [ -17.8209274, 28.8397316 ], [ -17.8210478, 28.8397516 ], [ -17.8211257, 28.83975 ], [ -17.8212302, 28.8397546 ], [ -17.8213373, 28.8397727 ], [ -17.8214579, 28.8397972 ], [ -17.8215415, 28.8398225 ], [ -17.8216686, 28.8398672 ], [ -17.8216895, 28.8398826 ], [ -17.8217127, 28.8399046 ], [ -17.8217441, 28.8399288 ], [ -17.8217816, 28.8399483 ], [ -17.8218558, 28.8399693 ], [ -17.8219594, 28.8399716 ], [ -17.8220331, 28.8399656 ], [ -17.8221452, 28.8399452 ], [ -17.8221725, 28.8399356 ], [ -17.8221976, 28.8399193 ], [ -17.8222626, 28.8398593 ], [ -17.8222879, 28.8398475 ], [ -17.822347, 28.8398305 ], [ -17.8223753, 28.8398186 ], [ -17.8224025, 28.8398 ], [ -17.8224335, 28.8397745 ], [ -17.8225041, 28.8396986 ], [ -17.8225592, 28.8396501 ], [ -17.8226346, 28.8395967 ], [ -17.8227176, 28.8395182 ], [ -17.8227831, 28.8394763 ], [ -17.8228524, 28.8394297 ], [ -17.8229449, 28.8393624 ], [ -17.8229753, 28.8393528 ], [ -17.8230275, 28.8393539 ], [ -17.8230531, 28.8393511 ], [ -17.8230672, 28.8393395 ], [ -17.8230727, 28.8393214 ], [ -17.8230722, 28.8393011 ], [ -17.8230485, 28.8392542 ], [ -17.8230388, 28.8392003 ], [ -17.8230382, 28.8391394 ], [ -17.8230446, 28.83911 ], [ -17.8230608, 28.8391029 ], [ -17.8230873, 28.8391024 ], [ -17.8231342, 28.8390901 ], [ -17.8231584, 28.8390783 ], [ -17.8231784, 28.8390621 ], [ -17.823192, 28.8390303 ], [ -17.8232027, 28.839012 ], [ -17.8232268, 28.8389912 ], [ -17.8233205, 28.8389328 ], [ -17.8234276, 28.8388765 ], [ -17.8235447, 28.8388154 ], [ -17.8236602, 28.8387634 ], [ -17.8236965, 28.8387445 ], [ -17.8237707, 28.8386844 ], [ -17.8238051, 28.8386701 ], [ -17.8238864, 28.8386459 ], [ -17.8239826, 28.8386055 ], [ -17.8240719, 28.8385743 ], [ -17.824144, 28.8385457 ], [ -17.8242116, 28.838506 ], [ -17.8243131, 28.8384385 ], [ -17.824431, 28.8383639 ], [ -17.8244971, 28.8383083 ], [ -17.8245692, 28.8382482 ], [ -17.8246476, 28.8381924 ], [ -17.8247011, 28.8381665 ], [ -17.8248135, 28.8381145 ], [ -17.8248542, 28.8381024 ], [ -17.8248939, 28.8380948 ], [ -17.8249284, 28.8380828 ], [ -17.824973, 28.8380616 ], [ -17.8250304, 28.8380288 ], [ -17.8251159, 28.8379707 ], [ -17.8251751, 28.837922 ], [ -17.8252616, 28.8378661 ], [ -17.8253684, 28.8377985 ], [ -17.8254018, 28.837782 ], [ -17.8254376, 28.837779 ], [ -17.8255341, 28.8377499 ], [ -17.8256734, 28.8377109 ], [ -17.8257364, 28.8376893 ], [ -17.8257689, 28.8376864 ], [ -17.8258386, 28.8376826 ], [ -17.8259421, 28.8376827 ], [ -17.8259926, 28.8376952 ], [ -17.8259968, 28.8377357 ], [ -17.8260012, 28.8377536 ], [ -17.826021, 28.8377622 ], [ -17.826068, 28.8377613 ], [ -17.8260718, 28.8377477 ], [ -17.826074, 28.837716 ], [ -17.826087, 28.8377067 ], [ -17.8261762, 28.8377071 ], [ -17.8262012, 28.8377201 ], [ -17.8262917, 28.8377701 ], [ -17.8263296, 28.8377716 ], [ -17.8263354, 28.8377579 ], [ -17.8263342, 28.8377128 ], [ -17.8263264, 28.8376905 ], [ -17.8263293, 28.837607 ], [ -17.8263106, 28.8375622 ], [ -17.826308, 28.8375443 ], [ -17.8263078, 28.8374924 ], [ -17.8263198, 28.8374809 ], [ -17.8263491, 28.8374712 ], [ -17.8263715, 28.8374662 ], [ -17.8264386, 28.8374491 ], [ -17.826525, 28.8374224 ], [ -17.8266095, 28.8373981 ], [ -17.8266962, 28.837385 ], [ -17.8268358, 28.8373618 ], [ -17.8269315, 28.8373373 ], [ -17.8270451, 28.8373349 ], [ -17.8270852, 28.8373385 ], [ -17.8272202, 28.8373718 ], [ -17.8273326, 28.8373965 ], [ -17.8274413, 28.837401 ], [ -17.8274821, 28.8373956 ], [ -17.827542, 28.837374 ], [ -17.8275641, 28.8373578 ], [ -17.8276424, 28.8372975 ], [ -17.8276802, 28.8372562 ], [ -17.8277032, 28.8372354 ], [ -17.8277394, 28.8372076 ], [ -17.8278525, 28.8371465 ], [ -17.8278819, 28.8371392 ], [ -17.8279812, 28.8371348 ], [ -17.8280351, 28.8371224 ], [ -17.8280684, 28.8371059 ], [ -17.8281185, 28.8370643 ], [ -17.828147, 28.8370501 ], [ -17.8281775, 28.8370427 ], [ -17.8282649, 28.8370206 ], [ -17.8283313, 28.8370102 ], [ -17.8284447, 28.8370033 ], [ -17.8284905, 28.8369933 ], [ -17.828629, 28.8369589 ], [ -17.8287381, 28.8369385 ], [ -17.8288105, 28.8369303 ], [ -17.8289344, 28.8369277 ], [ -17.8290533, 28.8369297 ], [ -17.8291357, 28.8369437 ], [ -17.8291707, 28.8369542 ], [ -17.8291978, 28.8369672 ], [ -17.8292158, 28.8369871 ], [ -17.829246, 28.837009 ], [ -17.829274, 28.8370197 ], [ -17.8293779, 28.8370379 ], [ -17.829487, 28.8370536 ], [ -17.829589, 28.8370785 ], [ -17.8297351, 28.8371025 ], [ -17.8298203, 28.8371098 ], [ -17.8299239, 28.8371121 ], [ -17.8300098, 28.8371103 ], [ -17.8300548, 28.8371026 ], [ -17.8301863, 28.8370795 ], [ -17.8303094, 28.8370476 ], [ -17.8304163, 28.8370228 ], [ -17.8305147, 28.8369869 ], [ -17.8306212, 28.8369486 ], [ -17.8306667, 28.8369251 ], [ -17.8307232, 28.8368969 ], [ -17.8308386, 28.8368426 ], [ -17.8309517, 28.8367816 ], [ -17.8309848, 28.8367561 ], [ -17.8310508, 28.8366983 ], [ -17.8311475, 28.8366354 ], [ -17.8312456, 28.8365905 ], [ -17.8312985, 28.8365758 ], [ -17.8314327, 28.8365392 ], [ -17.8315385, 28.8365076 ], [ -17.8316372, 28.8364875 ], [ -17.8317716, 28.8364599 ], [ -17.8319145, 28.8364389 ], [ -17.832042, 28.8364204 ], [ -17.832125, 28.8364164 ], [ -17.8322294, 28.8364165 ], [ -17.8323412, 28.8364209 ], [ -17.8323927, 28.8364311 ], [ -17.8324861, 28.8364404 ], [ -17.832586, 28.8364563 ], [ -17.8326937, 28.8364608 ], [ -17.8327406, 28.8364531 ], [ -17.8328442, 28.8364216 ], [ -17.8329869, 28.8363938 ], [ -17.833037, 28.8363905 ], [ -17.8331507, 28.8363903 ], [ -17.8332972, 28.8363873 ], [ -17.8333956, 28.836392 ], [ -17.8335056, 28.8364077 ], [ -17.8336062, 28.8364146 ], [ -17.8336444, 28.8364251 ], [ -17.8336845, 28.8364333 ], [ -17.8337921, 28.8364355 ], [ -17.8338394, 28.836439 ], [ -17.8339761, 28.8364542 ], [ -17.8340345, 28.8364529 ], [ -17.8341098, 28.8364401 ], [ -17.8342394, 28.8364193 ], [ -17.8342779, 28.8364072 ], [ -17.8343082, 28.8363886 ], [ -17.8343422, 28.8363585 ], [ -17.8343716, 28.8363421 ], [ -17.8344778, 28.8362925 ], [ -17.8345559, 28.8362683 ], [ -17.8345912, 28.8362473 ], [ -17.8346511, 28.8362235 ], [ -17.8347529, 28.8362033 ], [ -17.8348332, 28.8361768 ], [ -17.8348971, 28.8361529 ], [ -17.8349938, 28.8361306 ], [ -17.8350658, 28.8361065 ], [ -17.8351023, 28.8360877 ], [ -17.8351718, 28.8360479 ], [ -17.8352083, 28.8360336 ], [ -17.8353255, 28.8360086 ], [ -17.835418, 28.8359841 ], [ -17.8355265, 28.8359435 ], [ -17.83565, 28.8358868 ], [ -17.8357214, 28.8358424 ], [ -17.8357686, 28.8358054 ], [ -17.8357856, 28.8357869 ], [ -17.8357967, 28.8357845 ], [ -17.835826, 28.8357658 ], [ -17.8359176, 28.8357098 ], [ -17.8360106, 28.8356627 ], [ -17.8360512, 28.8356483 ], [ -17.8361729, 28.8356029 ], [ -17.8362397, 28.8355767 ], [ -17.8363214, 28.8355254 ], [ -17.8363955, 28.8354652 ], [ -17.8364047, 28.8354605 ], [ -17.8364601, 28.8354277 ], [ -17.8364881, 28.8354024 ], [ -17.8365575, 28.8353535 ], [ -17.8365878, 28.8353394 ], [ -17.8367099, 28.8353097 ], [ -17.8368318, 28.8352688 ], [ -17.8369327, 28.8352148 ], [ -17.836988, 28.8351753 ], [ -17.8370714, 28.8351149 ], [ -17.837153, 28.8350682 ], [ -17.8372483, 28.83503 ], [ -17.8373903, 28.8349774 ], [ -17.8374667, 28.8349623 ], [ -17.8375848, 28.834935 ], [ -17.8376685, 28.8349242 ], [ -17.8377298, 28.8349184 ], [ -17.8377699, 28.8349221 ], [ -17.8378161, 28.8349234 ], [ -17.83785, 28.8349295 ], [ -17.837881, 28.8349378 ], [ -17.8379968, 28.8349782 ], [ -17.8380472, 28.8349884 ], [ -17.8380924, 28.834992 ], [ -17.8382, 28.834992 ], [ -17.8382488, 28.8349819 ], [ -17.8383861, 28.8349452 ], [ -17.8384287, 28.8349263 ], [ -17.8384679, 28.8349029 ], [ -17.8385328, 28.8348745 ], [ -17.8386273, 28.8348499 ], [ -17.8386437, 28.8348451 ], [ -17.8387219, 28.8348254 ], [ -17.8388104, 28.8347987 ], [ -17.8389403, 28.8347576 ], [ -17.8390514, 28.8347328 ], [ -17.8391749, 28.8347189 ], [ -17.8392913, 28.8347052 ], [ -17.8393518, 28.8347016 ], [ -17.8394755, 28.834699 ], [ -17.839532, 28.8347024 ], [ -17.8395958, 28.8347123 ], [ -17.839712, 28.8347279 ], [ -17.8397642, 28.834729 ], [ -17.8398215, 28.8347233 ], [ -17.8399492, 28.8347138 ], [ -17.8400958, 28.8347153 ], [ -17.8402575, 28.8347119 ], [ -17.8404008, 28.8347088 ], [ -17.840541, 28.8347014 ], [ -17.8406647, 28.8346943 ], [ -17.840805, 28.8346913 ], [ -17.8409094, 28.8346891 ], [ -17.8410161, 28.8346914 ], [ -17.8411318, 28.8346912 ], [ -17.8412569, 28.8346953 ], [ -17.8413655, 28.8346975 ], [ -17.8415069, 28.8346991 ], [ -17.8415552, 28.8347048 ], [ -17.8416026, 28.8347151 ], [ -17.8416576, 28.8347365 ], [ -17.8417573, 28.8347885 ], [ -17.8418078, 28.8347987 ], [ -17.8418598, 28.8347909 ], [ -17.8419391, 28.8347711 ], [ -17.8420592, 28.8347415 ], [ -17.8421267, 28.8347356 ], [ -17.8422465, 28.8347331 ], [ -17.8423754, 28.8347304 ], [ -17.842436, 28.8347336 ], [ -17.8424928, 28.8347482 ], [ -17.8425374, 28.8347721 ], [ -17.8426162, 28.8348448 ], [ -17.8426469, 28.8348825 ], [ -17.8427024, 28.8349625 ], [ -17.8427313, 28.835007 ], [ -17.8427598, 28.8350786 ], [ -17.8427715, 28.8351347 ], [ -17.8427793, 28.8351909 ], [ -17.8427997, 28.8352987 ], [ -17.8428277, 28.8354289 ], [ -17.8428542, 28.8355727 ], [ -17.842875, 28.8356963 ], [ -17.8428898, 28.835829 ], [ -17.8429046, 28.8358851 ], [ -17.842951, 28.8360081 ], [ -17.8429956, 28.8360996 ], [ -17.8430401, 28.8361911 ], [ -17.8430706, 28.8362198 ], [ -17.8431089, 28.8362393 ], [ -17.8431372, 28.836259 ], [ -17.8431791, 28.8363303 ], [ -17.8432077, 28.8363635 ], [ -17.8432428, 28.8363763 ], [ -17.8432827, 28.836371 ], [ -17.8433146, 28.8363387 ], [ -17.8433321, 28.8363068 ], [ -17.8433373, 28.8362728 ], [ -17.8433337, 28.8361759 ], [ -17.843331, 28.8360768 ], [ -17.8433388, 28.836027 ], [ -17.843361, 28.8360152 ], [ -17.8434272, 28.8360342 ], [ -17.8434582, 28.836047 ], [ -17.8434922, 28.8360531 ], [ -17.8435074, 28.8360505 ], [ -17.8435327, 28.8360364 ], [ -17.8435483, 28.836009 ], [ -17.8435735, 28.835995 ], [ -17.843605, 28.8359808 ], [ -17.8436321, 28.8359622 ], [ -17.8436477, 28.8359348 ], [ -17.8436612, 28.8358646 ], [ -17.8436578, 28.8358173 ], [ -17.8436436, 28.8357838 ], [ -17.8435919, 28.8357308 ], [ -17.8435695, 28.8356951 ], [ -17.8435507, 28.8356459 ], [ -17.843544, 28.8355897 ], [ -17.8435487, 28.835531 ], [ -17.8435583, 28.8355082 ], [ -17.8435999, 28.8354577 ], [ -17.843711, 28.8353584 ], [ -17.8437724, 28.835321 ], [ -17.8438564, 28.8352854 ], [ -17.8439593, 28.8352607 ], [ -17.8440696, 28.8352494 ], [ -17.84423, 28.8352347 ], [ -17.8443712, 28.8352295 ], [ -17.8444346, 28.8352236 ], [ -17.8444864, 28.8352113 ], [ -17.8445388, 28.8352124 ], [ -17.8445812, 28.8352295 ], [ -17.8446016, 28.8352607 ], [ -17.8446274, 28.8353458 ], [ -17.8446824, 28.8354078 ], [ -17.8447264, 28.8354813 ], [ -17.8447628, 28.8355008 ], [ -17.8448017, 28.8355023 ], [ -17.8448447, 28.8355014 ], [ -17.8449532, 28.8354991 ], [ -17.844997, 28.8354869 ], [ -17.8450342, 28.8354658 ], [ -17.8450654, 28.8354403 ], [ -17.8450779, 28.8354107 ], [ -17.8450985, 28.8353381 ], [ -17.8451247, 28.8352835 ], [ -17.8451526, 28.8352581 ], [ -17.8451891, 28.835246 ], [ -17.8452289, 28.8352384 ], [ -17.8453403, 28.8352316 ], [ -17.8454559, 28.8352224 ], [ -17.8455438, 28.835216 ], [ -17.8456114, 28.8352191 ], [ -17.8457197, 28.8352461 ], [ -17.8458417, 28.8352819 ], [ -17.8458843, 28.835308 ], [ -17.845919, 28.8353389 ], [ -17.8459564, 28.8353584 ], [ -17.8460659, 28.8353921 ], [ -17.8461637, 28.8354442 ], [ -17.8462195, 28.8354678 ], [ -17.8463478, 28.8355102 ], [ -17.8464282, 28.8355288 ], [ -17.8465557, 28.8355442 ], [ -17.8466088, 28.8355453 ], [ -17.8467277, 28.8355428 ], [ -17.84683, 28.8355384 ], [ -17.8468951, 28.8355257 ], [ -17.8470018, 28.8354941 ], [ -17.8470973, 28.8354606 ], [ -17.8472284, 28.8353856 ], [ -17.8472699, 28.835369 ], [ -17.847335, 28.8353496 ], [ -17.8474411, 28.8353315 ], [ -17.8475768, 28.8353129 ], [ -17.8476296, 28.8352937 ], [ -17.8476769, 28.8352657 ], [ -17.8477362, 28.8352238 ], [ -17.8478071, 28.8351614 ], [ -17.8478496, 28.835138 ], [ -17.8479803, 28.8350811 ], [ -17.8480612, 28.8350433 ], [ -17.8481626, 28.8350051 ], [ -17.8482867, 28.8349393 ], [ -17.848382, 28.8349035 ], [ -17.8483287, 28.8348122 ], [ -17.8482964, 28.8347294 ], [ -17.8482757, 28.8346802 ], [ -17.8482452, 28.834602 ], [ -17.8481971, 28.834506 ], [ -17.8481605, 28.8344414 ], [ -17.848127, 28.8343744 ], [ -17.848083, 28.8343055 ], [ -17.8480408, 28.8342545 ], [ -17.8479982, 28.8342148 ], [ -17.8479531, 28.8341977 ], [ -17.8479191, 28.8341939 ], [ -17.8478129, 28.8342007 ], [ -17.8477372, 28.8342113 ], [ -17.8476129, 28.8342342 ], [ -17.8475081, 28.8342342 ], [ -17.8474841, 28.8342302 ], [ -17.8474681, 28.8342215 ], [ -17.8474575, 28.8342082 ], [ -17.847453, 28.8341947 ], [ -17.8474474, 28.8341768 ], [ -17.847443, 28.8341273 ], [ -17.8474428, 28.8340439 ], [ -17.8474528, 28.833976 ], [ -17.8474679, 28.8339126 ], [ -17.8474918, 28.8338196 ], [ -17.8475117, 28.8337402 ], [ -17.8475136, 28.8336816 ], [ -17.84751, 28.8336411 ], [ -17.8475039, 28.8336186 ], [ -17.8474828, 28.833583 ], [ -17.8474655, 28.8335608 ], [ -17.8474182, 28.8335167 ], [ -17.8473972, 28.8334901 ], [ -17.847388, 28.8334587 ], [ -17.8473779, 28.8334071 ], [ -17.8473737, 28.833344 ], [ -17.8473811, 28.833283 ], [ -17.8473949, 28.8332579 ], [ -17.8474398, 28.8332051 ], [ -17.8474981, 28.8331407 ], [ -17.8475443, 28.8330923 ], [ -17.8476255, 28.8330343 ], [ -17.8476591, 28.8330155 ], [ -17.8477325, 28.8329869 ], [ -17.8478456, 28.8329574 ], [ -17.8479404, 28.8329442 ], [ -17.8480549, 28.8329282 ], [ -17.8481461, 28.832915 ], [ -17.8482241, 28.8328998 ], [ -17.8482951, 28.8328668 ], [ -17.8484065, 28.8327923 ], [ -17.8484192, 28.8327694 ], [ -17.8484325, 28.8327331 ], [ -17.8484379, 28.8327036 ], [ -17.8484374, 28.8326112 ], [ -17.8484343, 28.8324963 ], [ -17.848437, 28.8324827 ], [ -17.8484594, 28.8324416 ], [ -17.8484923, 28.8324116 ], [ -17.8485147, 28.8324044 ], [ -17.8485403, 28.8324016 ], [ -17.848569, 28.8324032 ], [ -17.8486379, 28.8324153 ], [ -17.8486688, 28.8324191 ], [ -17.8486973, 28.832414 ], [ -17.8487468, 28.8323859 ], [ -17.8487897, 28.8323467 ], [ -17.8488086, 28.8323215 ], [ -17.8488499, 28.8322642 ], [ -17.8488667, 28.8322007 ], [ -17.8488689, 28.8321669 ], [ -17.8488661, 28.832106 ], [ -17.8488564, 28.8320093 ], [ -17.8488411, 28.8318991 ], [ -17.8488361, 28.8317932 ], [ -17.8488404, 28.8317616 ], [ -17.8488535, 28.8317162 ], [ -17.848895, 28.8316229 ], [ -17.8489332, 28.8315612 ], [ -17.848995, 28.8314584 ], [ -17.8490179, 28.831397 ], [ -17.8490276, 28.8313021 ], [ -17.8490216, 28.8312346 ], [ -17.8490072, 28.8311943 ], [ -17.8489812, 28.8311384 ], [ -17.8489488, 28.8310782 ], [ -17.8489071, 28.8309799 ], [ -17.8488958, 28.8309395 ], [ -17.8488939, 28.8309057 ], [ -17.8488953, 28.8308471 ], [ -17.848893, 28.8307953 ], [ -17.8488577, 28.8307397 ], [ -17.8488539, 28.8307172 ], [ -17.8488542, 28.8306879 ], [ -17.8488688, 28.8306244 ], [ -17.8488837, 28.8305316 ], [ -17.8488861, 28.8304504 ], [ -17.8488835, 28.8303964 ], [ -17.8488711, 28.8303357 ], [ -17.8488359, 28.8302462 ], [ -17.8488123, 28.8302039 ], [ -17.848792, 28.830175 ], [ -17.8487679, 28.830153 ], [ -17.8487295, 28.8301312 ], [ -17.8487024, 28.830116 ], [ -17.8486308, 28.8300837 ], [ -17.8485444, 28.8300337 ], [ -17.8484858, 28.8299966 ], [ -17.8484477, 28.8299613 ], [ -17.8483989, 28.8299015 ], [ -17.8483425, 28.8298057 ], [ -17.8482825, 28.82971 ], [ -17.848238, 28.8296545 ], [ -17.8481926, 28.8296059 ], [ -17.8481767, 28.8295837 ], [ -17.8481645, 28.8295478 ], [ -17.8481595, 28.8295186 ], [ -17.8481611, 28.8294239 ], [ -17.848165, 28.8293088 ], [ -17.8481617, 28.8292232 ], [ -17.8481389, 28.8291041 ], [ -17.8481134, 28.8289897 ], [ -17.8480975, 28.8288998 ], [ -17.8480759, 28.8288168 ], [ -17.8480357, 28.8286982 ], [ -17.8480016, 28.8286109 ], [ -17.8479621, 28.8285531 ], [ -17.8478682, 28.8284175 ], [ -17.8478336, 28.8283687 ], [ -17.8477882, 28.8283133 ], [ -17.847718, 28.8282403 ], [ -17.8476232, 28.8281431 ], [ -17.8475388, 28.8280525 ], [ -17.8474796, 28.8279838 ], [ -17.8473552, 28.8278195 ], [ -17.8473107, 28.8277663 ], [ -17.8472846, 28.8277444 ], [ -17.8472313, 28.8277071 ], [ -17.8471648, 28.8276725 ], [ -17.8470847, 28.8276313 ], [ -17.8470392, 28.8276097 ], [ -17.8469482, 28.8275778 ], [ -17.8468623, 28.8275503 ], [ -17.8467262, 28.8275126 ], [ -17.8466961, 28.8274997 ], [ -17.8466742, 28.8274821 ], [ -17.8466572, 28.8274644 ], [ -17.8466484, 28.8274421 ], [ -17.8466409, 28.8273881 ], [ -17.8466534, 28.827336 ], [ -17.8466787, 28.8272836 ], [ -17.8467296, 28.8272239 ], [ -17.8467671, 28.8271735 ], [ -17.8468154, 28.8271003 ], [ -17.8468715, 28.8270157 ], [ -17.8469016, 28.8269587 ], [ -17.8469354, 28.8268835 ], [ -17.8469686, 28.8268219 ], [ -17.8470342, 28.8266717 ], [ -17.8470609, 28.8266013 ], [ -17.8470986, 28.826517 ], [ -17.8471068, 28.826483 ], [ -17.8471089, 28.8264491 ], [ -17.8470967, 28.8264021 ], [ -17.8470486, 28.8263038 ], [ -17.8470016, 28.8261943 ], [ -17.8469872, 28.826118 ], [ -17.8469853, 28.8260481 ], [ -17.8469928, 28.8259803 ], [ -17.8470077, 28.8258898 ], [ -17.8470419, 28.8257921 ], [ -17.8470653, 28.8257465 ], [ -17.8471052, 28.8257073 ], [ -17.8471211, 28.8256912 ], [ -17.8471353, 28.8256841 ], [ -17.8471546, 28.8256837 ], [ -17.847167, 28.8256857 ], [ -17.8471868, 28.8256943 ], [ -17.8472075, 28.8257052 ], [ -17.8472416, 28.8257157 ], [ -17.8472643, 28.825722 ], [ -17.8473241, 28.8257297 ], [ -17.8474356, 28.8257296 ], [ -17.847542, 28.8257274 ], [ -17.8476595, 28.8257159 ], [ -17.8476972, 28.8257083 ], [ -17.8477398, 28.8256917 ], [ -17.8477912, 28.8256635 ], [ -17.8478111, 28.8256405 ], [ -17.8478551, 28.8255765 ], [ -17.8478909, 28.8254968 ], [ -17.8479044, 28.8254356 ], [ -17.8479017, 28.8253364 ], [ -17.8478969, 28.8251607 ], [ -17.8479179, 28.8250069 ], [ -17.8479199, 28.8249685 ], [ -17.8479158, 28.8249302 ], [ -17.8478911, 28.8248519 ], [ -17.8478524, 28.8247489 ], [ -17.847838, 28.8247087 ], [ -17.8478247, 28.8246706 ], [ -17.8478122, 28.8245897 ], [ -17.8478076, 28.824495 ], [ -17.8478116, 28.8244521 ], [ -17.8478239, 28.8243774 ], [ -17.8478331, 28.824269 ], [ -17.8478368, 28.8241742 ], [ -17.8478338, 28.8240661 ], [ -17.8478289, 28.8239985 ], [ -17.8478164, 28.8238793 ], [ -17.8477926, 28.823758 ], [ -17.8477589, 28.8235693 ], [ -17.8477613, 28.8235466 ], [ -17.8477721, 28.8235351 ], [ -17.8477916, 28.8235302 ], [ -17.8478162, 28.8235297 ], [ -17.8479032, 28.8235301 ], [ -17.8480219, 28.8235254 ], [ -17.8480615, 28.823511 ], [ -17.8481309, 28.8234689 ], [ -17.8481987, 28.8234359 ], [ -17.8482402, 28.8234215 ], [ -17.8483004, 28.823409 ], [ -17.8483435, 28.8234103 ], [ -17.8483848, 28.823423 ], [ -17.8484222, 28.8234447 ], [ -17.8484578, 28.8234733 ], [ -17.8484885, 28.823511 ], [ -17.8485326, 28.8235867 ], [ -17.8485556, 28.8236404 ], [ -17.8487111, 28.8240114 ], [ -17.8487235, 28.8240901 ], [ -17.8487522, 28.8241661 ], [ -17.8487926, 28.8242938 ], [ -17.8488015, 28.8243207 ], [ -17.8488165, 28.8243429 ], [ -17.8488384, 28.8243583 ], [ -17.8489552, 28.8243986 ], [ -17.8490242, 28.8244107 ], [ -17.8491207, 28.824429 ], [ -17.8492667, 28.8244417 ], [ -17.849368, 28.8244373 ], [ -17.8494442, 28.8244244 ], [ -17.8495757, 28.8243855 ], [ -17.8496499, 28.8243659 ], [ -17.8497593, 28.8243253 ], [ -17.8497967, 28.8243042 ], [ -17.8499178, 28.8242362 ], [ -17.8500156, 28.8241778 ], [ -17.8500922, 28.8241356 ], [ -17.8501609, 28.8241026 ], [ -17.8502005, 28.8240882 ], [ -17.850274, 28.8240776 ], [ -17.850326, 28.824072 ], [ -17.8503965, 28.8240615 ], [ -17.8504698, 28.8240487 ], [ -17.8504992, 28.8240345 ], [ -17.8505516, 28.8240018 ], [ -17.8505715, 28.8239834 ], [ -17.8506123, 28.8239419 ], [ -17.8506239, 28.8239146 ], [ -17.8506337, 28.8238603 ], [ -17.8506394, 28.8238083 ], [ -17.8506386, 28.823779 ], [ -17.8506343, 28.8237317 ], [ -17.8506251, 28.8236959 ], [ -17.850616, 28.82366 ], [ -17.8505999, 28.8235972 ], [ -17.8505784, 28.8235232 ], [ -17.8505627, 28.8234356 ], [ -17.8505425, 28.8233345 ], [ -17.8505288, 28.8232424 ], [ -17.8505109, 28.8231525 ], [ -17.8504834, 28.8230449 ], [ -17.8504401, 28.8229173 ], [ -17.8503989, 28.8227873 ], [ -17.8503674, 28.8227023 ], [ -17.8503477, 28.8226486 ], [ -17.8503281, 28.8225972 ], [ -17.8503026, 28.8225368 ], [ -17.8502863, 28.8225011 ], [ -17.8502599, 28.8224317 ], [ -17.8502245, 28.8223355 ], [ -17.8502142, 28.8222997 ], [ -17.850205, 28.8222615 ], [ -17.8501953, 28.8222279 ], [ -17.8501852, 28.8221988 ], [ -17.8501576, 28.8221362 ], [ -17.8501236, 28.8220693 ], [ -17.8501094, 28.8220425 ], [ -17.8500297, 28.821918 ], [ -17.8499731, 28.8218695 ], [ -17.8497435, 28.8216398 ], [ -17.8496745, 28.8215511 ], [ -17.8496395, 28.8215067 ], [ -17.8496005, 28.8214693 ], [ -17.8495607, 28.8214362 ], [ -17.8495064, 28.821399 ], [ -17.8494484, 28.821371 ], [ -17.8493845, 28.8213565 ], [ -17.84932, 28.8213557 ], [ -17.8492792, 28.8213655 ], [ -17.8492235, 28.821387 ], [ -17.8491295, 28.8214318 ], [ -17.8490659, 28.821467 ], [ -17.8490214, 28.8214882 ], [ -17.84898, 28.8215094 ], [ -17.8489223, 28.8215354 ], [ -17.8488766, 28.8215477 ], [ -17.8488337, 28.8215554 ], [ -17.8487907, 28.8215563 ], [ -17.8487262, 28.8215554 ], [ -17.8486851, 28.8215495 ], [ -17.848648, 28.8215412 ], [ -17.8486033, 28.8215196 ], [ -17.8485394, 28.8214668 ], [ -17.8484931, 28.8214227 ], [ -17.8484719, 28.8213961 ], [ -17.8484558, 28.8213694 ], [ -17.8484274, 28.8213046 ], [ -17.8483795, 28.8212019 ], [ -17.8483763, 28.8211546 ], [ -17.8483758, 28.8211005 ], [ -17.8483744, 28.8210487 ], [ -17.8483587, 28.8210016 ], [ -17.8483351, 28.820957 ], [ -17.8483084, 28.8209193 ], [ -17.8482747, 28.8208839 ], [ -17.848239, 28.8208553 ], [ -17.8481987, 28.8208381 ], [ -17.84815, 28.8208211 ], [ -17.8481016, 28.8208109 ], [ -17.8480544, 28.8208074 ], [ -17.8480103, 28.8208083 ], [ -17.8479716, 28.8208136 ], [ -17.8478071, 28.820869 ], [ -17.847751, 28.8208792 ], [ -17.8477316, 28.8208773 ], [ -17.8477131, 28.8208709 ], [ -17.8476942, 28.8208623 ], [ -17.8476639, 28.8208336 ], [ -17.8476363, 28.8208004 ], [ -17.8476168, 28.8207625 ], [ -17.8476085, 28.820722 ], [ -17.8476072, 28.8206747 ], [ -17.8475997, 28.8205869 ], [ -17.8475933, 28.8204969 ], [ -17.8475921, 28.8203774 ], [ -17.8475906, 28.8202872 ], [ -17.8475961, 28.8202262 ], [ -17.847612, 28.8201695 ], [ -17.847635, 28.8201149 ], [ -17.8476821, 28.8200395 ], [ -17.8477596, 28.8199454 ], [ -17.8478133, 28.8198924 ], [ -17.8478975, 28.8198229 ], [ -17.8479747, 28.8197582 ], [ -17.8480466, 28.8196958 ], [ -17.8481076, 28.8196381 ], [ -17.8481781, 28.8195577 ], [ -17.8482349, 28.8194663 ], [ -17.848273, 28.8193956 ], [ -17.8483166, 28.8193022 ], [ -17.848354, 28.8192067 ], [ -17.8483909, 28.819136 ], [ -17.8484447, 28.8190424 ], [ -17.8484937, 28.8189602 ], [ -17.848529, 28.8189053 ], [ -17.8485695, 28.8188481 ], [ -17.8485981, 28.8188092 ], [ -17.8486308, 28.8187701 ], [ -17.8486645, 28.8187266 ], [ -17.8486898, 28.8186787 ], [ -17.8487166, 28.818606 ], [ -17.8487266, 28.8185629 ], [ -17.8487236, 28.8185269 ], [ -17.848715, 28.8185135 ], [ -17.848675, 28.8184716 ], [ -17.8486131, 28.818421 ], [ -17.8485538, 28.8183861 ], [ -17.848448, 28.8183342 ], [ -17.8483931, 28.8183151 ], [ -17.8483128, 28.818301 ], [ -17.8482058, 28.8182762 ], [ -17.8481435, 28.8182482 ], [ -17.847963, 28.8181821 ], [ -17.8478398, 28.8181216 ], [ -17.8471431, 28.8175748 ], [ -17.8470373, 28.8174936 ], [ -17.8470275, 28.8174757 ], [ -17.8470093, 28.8174468 ], [ -17.8469975, 28.8173997 ], [ -17.846999, 28.8173343 ], [ -17.8470156, 28.8172573 ], [ -17.8470396, 28.8172004 ], [ -17.8470611, 28.8171684 ], [ -17.8470828, 28.8171363 ], [ -17.8471045, 28.8171043 ], [ -17.8471291, 28.81707 ], [ -17.8472188, 28.8169418 ], [ -17.8472425, 28.8169075 ], [ -17.8472821, 28.816857 ], [ -17.847313, 28.816827 ], [ -17.8473449, 28.8167948 ], [ -17.8473811, 28.8167647 ], [ -17.8474443, 28.8167183 ], [ -17.8475207, 28.8166693 ], [ -17.8475774, 28.8166388 ], [ -17.8476602, 28.8166032 ], [ -17.8477427, 28.8165812 ], [ -17.8478616, 28.8165471 ], [ -17.8479532, 28.8165226 ], [ -17.8480123, 28.8165146 ], [ -17.8481383, 28.8165165 ], [ -17.8481949, 28.8165265 ], [ -17.8482961, 28.8165582 ], [ -17.8483716, 28.8165882 ], [ -17.84847, 28.8166267 ], [ -17.848588, 28.8166716 ], [ -17.8486769, 28.8167035 ], [ -17.8487398, 28.8167157 ], [ -17.8488076, 28.8167233 ], [ -17.8489141, 28.8167233 ], [ -17.8490265, 28.8167097 ], [ -17.8491417, 28.8166937 ], [ -17.8492497, 28.8166757 ], [ -17.8493537, 28.8166554 ], [ -17.8494637, 28.816635 ], [ -17.8495767, 28.8166056 ], [ -17.8496873, 28.8165717 ], [ -17.8497877, 28.8165312 ], [ -17.8498839, 28.8164909 ], [ -17.8499781, 28.8164528 ], [ -17.8500867, 28.8164167 ], [ -17.8501922, 28.8163783 ], [ -17.8502902, 28.8163335 ], [ -17.8503791, 28.8162842 ], [ -17.8504739, 28.8162303 ], [ -17.8505698, 28.8161809 ], [ -17.8506509, 28.8161499 ], [ -17.8507044, 28.816124 ], [ -17.8507467, 28.8160938 ], [ -17.8508049, 28.8160136 ], [ -17.8508232, 28.8159704 ], [ -17.8508258, 28.81595 ], [ -17.8508232, 28.8159298 ], [ -17.8508155, 28.8159119 ], [ -17.8507898, 28.8158741 ], [ -17.8507256, 28.8158078 ], [ -17.8506552, 28.8157439 ], [ -17.8503863, 28.8155376 ], [ -17.8502409, 28.8153874 ], [ -17.8501978, 28.8153094 ], [ -17.850179, 28.8152579 ], [ -17.8501686, 28.815213 ], [ -17.8501663, 28.815168 ], [ -17.8501683, 28.8151228 ], [ -17.8501824, 28.8150774 ], [ -17.850213, 28.8150046 ], [ -17.8502405, 28.8149544 ], [ -17.8502867, 28.814888 ], [ -17.8503485, 28.8148258 ], [ -17.8503947, 28.8147888 ], [ -17.8504629, 28.8147377 ], [ -17.850543, 28.8146684 ], [ -17.8506084, 28.8146264 ], [ -17.8506771, 28.8145934 ], [ -17.8507829, 28.8145641 ], [ -17.8508617, 28.8145264 ], [ -17.8509109, 28.8144915 ], [ -17.8509549, 28.81445 ], [ -17.851004, 28.8143745 ], [ -17.8510274, 28.8143267 ], [ -17.8510393, 28.8142768 ], [ -17.8510921, 28.8140366 ], [ -17.8511185, 28.8139549 ], [ -17.8511336, 28.8138666 ], [ -17.8511517, 28.8137783 ], [ -17.8511554, 28.8137286 ], [ -17.8511833, 28.8134732 ], [ -17.8511805, 28.8134124 ], [ -17.8511668, 28.8133608 ], [ -17.8511272, 28.8132579 ], [ -17.8511023, 28.8132043 ], [ -17.8510501, 28.8131355 ], [ -17.8509982, 28.8130689 ], [ -17.8509607, 28.8130089 ], [ -17.8509321, 28.8129734 ], [ -17.8509076, 28.8129378 ], [ -17.8508871, 28.8129022 ], [ -17.8508737, 28.8128641 ], [ -17.8508636, 28.812826 ], [ -17.8508503, 28.8127925 ], [ -17.8508298, 28.8127568 ], [ -17.8508074, 28.812719 ], [ -17.850774, 28.812661 ], [ -17.8507498, 28.8125961 ], [ -17.8507315, 28.8125311 ], [ -17.8507104, 28.8124323 ], [ -17.8507112, 28.8123489 ], [ -17.8507104, 28.812279 ], [ -17.8507095, 28.8122091 ], [ -17.850713, 28.8121504 ], [ -17.8507307, 28.8120824 ], [ -17.850754, 28.8120007 ], [ -17.8507839, 28.8119009 ], [ -17.8507975, 28.8117923 ], [ -17.8508099, 28.8116861 ], [ -17.8508166, 28.8115935 ], [ -17.8508275, 28.8115031 ], [ -17.8508331, 28.8114082 ], [ -17.8508343, 28.8113428 ], [ -17.8508377, 28.8112796 ], [ -17.8508494, 28.8112184 ], [ -17.8508723, 28.811121 ], [ -17.8508975, 28.811028 ], [ -17.85092, 28.8109171 ], [ -17.8509326, 28.810813 ], [ -17.8509464, 28.8107226 ], [ -17.850968, 28.8106093 ], [ -17.8509716, 28.8105551 ], [ -17.8509712, 28.8105033 ], [ -17.8509497, 28.8104248 ], [ -17.8509126, 28.8103444 ], [ -17.850887, 28.8103021 ], [ -17.8508679, 28.8102822 ], [ -17.8508259, 28.810247 ], [ -17.8508032, 28.810234 ], [ -17.8507494, 28.8102171 ], [ -17.8506967, 28.8102046 ], [ -17.8505831, 28.8102025 ], [ -17.8505249, 28.8102105 ], [ -17.8504089, 28.8102333 ], [ -17.8503169, 28.810242 ], [ -17.8502522, 28.8102411 ], [ -17.8501856, 28.8102403 ], [ -17.8500145, 28.8102529 ], [ -17.8498813, 28.8102647 ], [ -17.8498317, 28.8102658 ], [ -17.8497619, 28.8102582 ], [ -17.849725, 28.8102477 ], [ -17.8496804, 28.8102261 ], [ -17.849614, 28.8101915 ], [ -17.8495546, 28.8101521 ], [ -17.8495009, 28.8101059 ], [ -17.8494642, 28.8100706 ], [ -17.8494335, 28.8100329 ], [ -17.8494141, 28.809995 ], [ -17.8493653, 28.8098945 ], [ -17.8493367, 28.8098275 ], [ -17.8493272, 28.8097781 ], [ -17.8493231, 28.809706 ], [ -17.8493242, 28.8096316 ], [ -17.8493298, 28.8096089 ], [ -17.8493572, 28.8095655 ], [ -17.8494338, 28.8094804 ], [ -17.8494798, 28.8094388 ], [ -17.8495351, 28.8094038 ], [ -17.8495905, 28.8093711 ], [ -17.8496884, 28.8093172 ], [ -17.8498018, 28.8092674 ], [ -17.8498971, 28.8092338 ], [ -17.8499976, 28.8092001 ], [ -17.8500929, 28.8091598 ], [ -17.8501585, 28.8091268 ], [ -17.8502634, 28.8090682 ], [ -17.8504833, 28.8088696 ], [ -17.850549, 28.8088006 ], [ -17.8506442, 28.8087219 ], [ -17.8507466, 28.8086521 ], [ -17.8508274, 28.8086098 ], [ -17.8509185, 28.8085718 ], [ -17.8509836, 28.8085524 ], [ -17.8511079, 28.8085159 ], [ -17.8512388, 28.8084794 ], [ -17.851345, 28.8084478 ], [ -17.8514964, 28.8083905 ], [ -17.8516075, 28.808334 ], [ -17.8517122, 28.8082641 ], [ -17.8518739, 28.8081502 ], [ -17.852002, 28.8081182 ], [ -17.8521, 28.8081048 ], [ -17.8521654, 28.8081035 ], [ -17.8522965, 28.8081255 ], [ -17.8524409, 28.8081675 ], [ -17.8526301, 28.8082064 ], [ -17.8526611, 28.8082102 ], [ -17.852715, 28.8081978 ], [ -17.8527545, 28.8081789 ], [ -17.8528004, 28.8081396 ], [ -17.8528557, 28.8081001 ], [ -17.8529215, 28.8080717 ], [ -17.8529713, 28.8080571 ], [ -17.8530265, 28.8080537 ], [ -17.8531165, 28.8080518 ], [ -17.8531767, 28.8080415 ], [ -17.8532293, 28.8080178 ], [ -17.8532524, 28.8080016 ], [ -17.8532862, 28.8079625 ], [ -17.8532978, 28.8079397 ], [ -17.8533145, 28.8078717 ], [ -17.8533214, 28.8078264 ], [ -17.8533252, 28.807779 ], [ -17.8533325, 28.8077112 ], [ -17.853345, 28.807641 ], [ -17.8533592, 28.8075979 ], [ -17.85338, 28.8075321 ], [ -17.8533941, 28.8074822 ], [ -17.853407, 28.8074368 ], [ -17.8534298, 28.8073709 ], [ -17.8534504, 28.8073005 ], [ -17.8534702, 28.8071986 ], [ -17.8534858, 28.8071374 ], [ -17.8535225, 28.807051 ], [ -17.8535542, 28.8069736 ], [ -17.8535833, 28.8069144 ], [ -17.8536196, 28.806855 ], [ -17.8536501, 28.8068137 ], [ -17.8536819, 28.8067747 ], [ -17.8537114, 28.8067313 ], [ -17.8537419, 28.8066855 ], [ -17.8537684, 28.8066421 ], [ -17.8537979, 28.8065986 ], [ -17.8538504, 28.8065344 ], [ -17.8539047, 28.8064611 ], [ -17.8539486, 28.806415 ], [ -17.8539872, 28.8063714 ], [ -17.8540952, 28.8062699 ], [ -17.8541333, 28.8062398 ], [ -17.8543159, 28.8060307 ], [ -17.854369, 28.8059822 ], [ -17.854573, 28.8058042 ], [ -17.854628, 28.8057557 ], [ -17.8546862, 28.8057139 ], [ -17.8547351, 28.8056633 ], [ -17.8547717, 28.8056151 ], [ -17.8548041, 28.8055671 ], [ -17.8548397, 28.8055235 ], [ -17.8548625, 28.8054892 ], [ -17.8548881, 28.8054548 ], [ -17.8549244, 28.8053954 ], [ -17.8549387, 28.8053568 ], [ -17.8549444, 28.8053003 ], [ -17.8549387, 28.805244 ], [ -17.8549157, 28.8051882 ], [ -17.8548768, 28.8051168 ], [ -17.8548478, 28.8050701 ], [ -17.8548264, 28.8050367 ], [ -17.8547735, 28.8049724 ], [ -17.8547366, 28.8049326 ], [ -17.8547048, 28.8048927 ], [ -17.8546558, 28.8048238 ], [ -17.8546185, 28.8047682 ], [ -17.8545939, 28.8047304 ], [ -17.8545648, 28.8046791 ], [ -17.8545151, 28.804581 ], [ -17.8544769, 28.8044939 ], [ -17.8544528, 28.8044019 ], [ -17.8544568, 28.8043139 ], [ -17.854469, 28.8042527 ], [ -17.854493, 28.8041891 ], [ -17.8545565, 28.804075 ], [ -17.8546028, 28.8040063 ], [ -17.8546748, 28.8039169 ], [ -17.8547959, 28.8038399 ], [ -17.8548421, 28.8038164 ], [ -17.8548965, 28.8038039 ], [ -17.8549493, 28.8038028 ], [ -17.8549896, 28.80382 ], [ -17.8550677, 28.8038612 ], [ -17.8550807, 28.8038632 ], [ -17.8550997, 28.8038628 ], [ -17.8551188, 28.8038624 ], [ -17.8551669, 28.8038614 ], [ -17.8552174, 28.8038603 ], [ -17.8552633, 28.8038526 ], [ -17.8553222, 28.8038242 ], [ -17.8553548, 28.8037988 ], [ -17.8553687, 28.8037849 ], [ -17.8553976, 28.8037415 ], [ -17.8554128, 28.8037006 ], [ -17.8554269, 28.8036191 ], [ -17.8554317, 28.8035807 ], [ -17.8554309, 28.8035513 ], [ -17.8554163, 28.8034975 ], [ -17.8553796, 28.8034284 ], [ -17.8553467, 28.8033772 ], [ -17.855278, 28.8033043 ], [ -17.8552631, 28.8032865 ], [ -17.8552441, 28.8032667 ], [ -17.8551884, 28.8032227 ], [ -17.8551479, 28.8031988 ], [ -17.855122, 28.8031858 ], [ -17.8550702, 28.8031508 ], [ -17.8550411, 28.8031289 ], [ -17.8550144, 28.8031046 ], [ -17.8549831, 28.8030692 ], [ -17.8549548, 28.803036 ], [ -17.8549328, 28.8030004 ], [ -17.8549129, 28.8029625 ], [ -17.854893, 28.8029268 ], [ -17.8548747, 28.8028934 ], [ -17.8548358, 28.8028378 ], [ -17.8547992, 28.8027754 ], [ -17.8547708, 28.8027152 ], [ -17.8547613, 28.8026703 ], [ -17.8547592, 28.8026432 ], [ -17.8547613, 28.8025981 ], [ -17.854763, 28.8025597 ], [ -17.8547701, 28.80251 ], [ -17.8547705, 28.8024694 ], [ -17.8547608, 28.8024087 ], [ -17.854749, 28.8023616 ], [ -17.8547405, 28.8023189 ], [ -17.8547281, 28.8022944 ], [ -17.854712, 28.8022744 ], [ -17.8546929, 28.802259 ], [ -17.8545787, 28.8022321 ], [ -17.8545188, 28.8022176 ], [ -17.8544155, 28.8021973 ], [ -17.8543731, 28.8021846 ], [ -17.8543497, 28.8021716 ], [ -17.8543338, 28.8021561 ], [ -17.8543239, 28.8021383 ], [ -17.8543173, 28.8021159 ], [ -17.8543158, 28.8020934 ], [ -17.8543254, 28.802021 ], [ -17.8543293, 28.8019916 ], [ -17.8543378, 28.8019531 ], [ -17.8543447, 28.8019349 ], [ -17.8543524, 28.8019144 ], [ -17.854357, 28.8018986 ], [ -17.8543685, 28.8018713 ], [ -17.8543739, 28.8018486 ], [ -17.8543785, 28.801826 ], [ -17.854386, 28.8017897 ], [ -17.854393, 28.8017625 ], [ -17.8543992, 28.8017285 ], [ -17.8544059, 28.8016878 ], [ -17.8544122, 28.8016245 ], [ -17.8544122, 28.8015952 ], [ -17.8544144, 28.8015591 ], [ -17.854416, 28.801523 ], [ -17.8544238, 28.80148 ], [ -17.8544314, 28.8014415 ], [ -17.8544392, 28.8014097 ], [ -17.8544498, 28.8013667 ], [ -17.8544605, 28.8013394 ], [ -17.8544712, 28.8013166 ], [ -17.8544856, 28.8012893 ], [ -17.8545033, 28.8012663 ], [ -17.8545217, 28.8012456 ], [ -17.8545385, 28.801225 ], [ -17.8545735, 28.8011859 ], [ -17.8546186, 28.8011488 ], [ -17.85469, 28.8010955 ], [ -17.8547427, 28.8010763 ], [ -17.854807, 28.8010569 ], [ -17.8548825, 28.8010441 ], [ -17.8549588, 28.8010312 ], [ -17.8550008, 28.8010235 ], [ -17.8550506, 28.8010134 ], [ -17.8551431, 28.8009934 ], [ -17.8551799, 28.8009814 ], [ -17.8552458, 28.8009552 ], [ -17.855325, 28.8009355 ], [ -17.8553558, 28.8009326 ], [ -17.855503, 28.8009317 ], [ -17.8555858, 28.8009299 ], [ -17.8556834, 28.8009279 ], [ -17.8557071, 28.8009274 ], [ -17.8557643, 28.8009262 ], [ -17.8558209, 28.800925 ], [ -17.855866, 28.800924 ], [ -17.8558959, 28.8009211 ], [ -17.8559241, 28.8009183 ], [ -17.8560731, 28.8008903 ], [ -17.8562704, 28.8008275 ], [ -17.8563752, 28.8007915 ], [ -17.8564511, 28.8007358 ], [ -17.8564678, 28.8007196 ], [ -17.8564911, 28.8006763 ], [ -17.8564935, 28.8006536 ], [ -17.8564937, 28.8006356 ], [ -17.8564899, 28.8006132 ], [ -17.8564875, 28.8005974 ], [ -17.8564813, 28.8005817 ], [ -17.8564746, 28.8005684 ], [ -17.8564692, 28.800555 ], [ -17.8564632, 28.8005258 ], [ -17.8564585, 28.8005011 ], [ -17.8564571, 28.8004898 ], [ -17.856457, 28.800474 ], [ -17.8564569, 28.800456 ], [ -17.8564577, 28.8004424 ], [ -17.8564578, 28.8004289 ], [ -17.8564577, 28.8004131 ], [ -17.8564577, 28.8003973 ], [ -17.8564601, 28.800386 ], [ -17.8564641, 28.8003724 ], [ -17.8564713, 28.8003497 ], [ -17.8564751, 28.8003293 ], [ -17.8564748, 28.8002978 ], [ -17.8564699, 28.8002753 ], [ -17.8564534, 28.8002418 ], [ -17.8563929, 28.8002025 ], [ -17.8563158, 28.8001658 ], [ -17.8562691, 28.8001375 ], [ -17.8562553, 28.800122 ], [ -17.8562476, 28.8001041 ], [ -17.8562454, 28.8000816 ], [ -17.856244, 28.8000298 ], [ -17.8562525, 28.8000116 ], [ -17.8562685, 28.7999864 ], [ -17.8562933, 28.7999521 ], [ -17.8563229, 28.7999244 ], [ -17.8563806, 28.7998826 ], [ -17.8564205, 28.7998592 ], [ -17.8564722, 28.7998378 ], [ -17.8565642, 28.799802 ], [ -17.8566503, 28.7997709 ], [ -17.856709, 28.7997651 ], [ -17.8567584, 28.7997641 ], [ -17.8567677, 28.7997661 ], [ -17.8568008, 28.799788 ], [ -17.8568185, 28.7998079 ], [ -17.856837, 28.7998301 ], [ -17.8568455, 28.7998434 ], [ -17.8568883, 28.7998966 ], [ -17.8569394, 28.7999406 ], [ -17.8570067, 28.7999911 ], [ -17.8570547, 28.8000149 ], [ -17.8571075, 28.8000363 ], [ -17.8571801, 28.8000551 ], [ -17.8572214, 28.8000564 ], [ -17.8573239, 28.8000565 ], [ -17.8573596, 28.800049 ], [ -17.8573949, 28.8000392 ], [ -17.8574691, 28.8000129 ], [ -17.8575813, 28.7999586 ], [ -17.8576546, 28.7999187 ], [ -17.8576853, 28.7998978 ], [ -17.8577446, 28.7998559 ], [ -17.857787, 28.7998325 ], [ -17.8578252, 28.7998137 ], [ -17.8578543, 28.7998063 ], [ -17.8579384, 28.7997752 ], [ -17.8579836, 28.7997539 ], [ -17.8580254, 28.7997259 ], [ -17.8580766, 28.7996843 ], [ -17.8581169, 28.7996428 ], [ -17.858137, 28.7996244 ], [ -17.8581461, 28.7996174 ], [ -17.8581577, 28.7996082 ], [ -17.858168, 28.7995921 ], [ -17.8581877, 28.7995534 ], [ -17.858194, 28.7995329 ], [ -17.8581973, 28.7994923 ], [ -17.858198, 28.7994539 ], [ -17.858193, 28.7993999 ], [ -17.8581784, 28.7993303 ], [ -17.8581601, 28.7992856 ], [ -17.8581338, 28.799196 ], [ -17.8581138, 28.7991423 ], [ -17.8580953, 28.7990637 ], [ -17.8580869, 28.7989602 ], [ -17.8580609, 28.7988593 ], [ -17.8580312, 28.7987832 ], [ -17.8580152, 28.7987542 ], [ -17.85798, 28.7987077 ], [ -17.8579129, 28.7986459 ], [ -17.8578471, 28.7986112 ], [ -17.8577725, 28.7985812 ], [ -17.8576817, 28.7985584 ], [ -17.8576137, 28.7985418 ], [ -17.8575453, 28.798532 ], [ -17.8573717, 28.7984928 ], [ -17.8572343, 28.7984506 ], [ -17.8571503, 28.7984163 ], [ -17.8570872, 28.7983815 ], [ -17.8570509, 28.7983643 ], [ -17.8570051, 28.7983314 ], [ -17.8569429, 28.7982718 ], [ -17.8569162, 28.7982363 ], [ -17.8568928, 28.7982052 ], [ -17.8567142, 28.7979384 ], [ -17.8566569, 28.797863 ], [ -17.8565189, 28.7977531 ], [ -17.8564657, 28.7977204 ], [ -17.8564018, 28.7976857 ], [ -17.856319, 28.7976333 ], [ -17.8561297, 28.7974344 ], [ -17.85609, 28.7973811 ], [ -17.8560457, 28.7973257 ], [ -17.8560049, 28.7972476 ], [ -17.8559794, 28.7971873 ], [ -17.8559511, 28.7970999 ], [ -17.8559473, 28.7970707 ], [ -17.8559301, 28.7969876 ], [ -17.8559221, 28.7969201 ], [ -17.855919, 28.7968796 ], [ -17.8559191, 28.7968638 ], [ -17.8559215, 28.7968232 ], [ -17.8559253, 28.7967803 ], [ -17.8559283, 28.7967554 ], [ -17.8559307, 28.7967373 ], [ -17.8559352, 28.7967034 ], [ -17.8559406, 28.7966852 ], [ -17.8559513, 28.7966669 ], [ -17.8559819, 28.7966212 ], [ -17.8559957, 28.7966096 ], [ -17.8560171, 28.7965956 ], [ -17.8562738, 28.7964436 ], [ -17.856306, 28.7964249 ], [ -17.8563617, 28.7963989 ], [ -17.8564481, 28.7963632 ], [ -17.8565559, 28.7963249 ], [ -17.856585, 28.7963175 ], [ -17.8566957, 28.7963174 ], [ -17.8567524, 28.7963253 ], [ -17.8568316, 28.7963506 ], [ -17.8568744, 28.7963745 ], [ -17.8569082, 28.7963941 ], [ -17.8569663, 28.7964245 ], [ -17.8570605, 28.796463 ], [ -17.8571288, 28.7964864 ], [ -17.8572303, 28.7965316 ], [ -17.8572789, 28.7965464 ], [ -17.8573607, 28.7965604 ], [ -17.8575004, 28.7965823 ], [ -17.8575322, 28.7965861 ], [ -17.8576332, 28.7965885 ], [ -17.8576832, 28.7965806 ], [ -17.8577374, 28.7965727 ], [ -17.8577811, 28.7965605 ], [ -17.8578114, 28.7965464 ], [ -17.8578538, 28.7965229 ], [ -17.8579223, 28.7964809 ], [ -17.8579732, 28.796437 ], [ -17.8580543, 28.7963653 ], [ -17.8581021, 28.796317 ], [ -17.8581602, 28.7962368 ], [ -17.8581745, 28.7961982 ], [ -17.8581748, 28.7961688 ], [ -17.8581744, 28.7961508 ], [ -17.8581739, 28.796135 ], [ -17.8581724, 28.7961193 ], [ -17.8581711, 28.796108 ], [ -17.8581697, 28.79609 ], [ -17.8581681, 28.7960337 ], [ -17.8581626, 28.7959481 ], [ -17.8581615, 28.7959075 ], [ -17.8581583, 28.7958602 ], [ -17.8581587, 28.7957948 ], [ -17.8581615, 28.7957565 ], [ -17.8581662, 28.7957 ], [ -17.8581678, 28.7956661 ], [ -17.8581745, 28.7955893 ], [ -17.8581828, 28.7955215 ], [ -17.858199, 28.7954648 ], [ -17.8582152, 28.7954148 ], [ -17.8582259, 28.7953785 ], [ -17.8582392, 28.7953399 ], [ -17.8582546, 28.7953035 ], [ -17.858277, 28.7952647 ], [ -17.8583017, 28.795228 ], [ -17.8583412, 28.7951663 ], [ -17.8583589, 28.7951344 ], [ -17.8583783, 28.7951001 ], [ -17.8584316, 28.7950066 ], [ -17.8584943, 28.7948587 ], [ -17.8585106, 28.7948177 ], [ -17.8585509, 28.7947515 ], [ -17.8585961, 28.7946851 ], [ -17.8586473, 28.7946096 ], [ -17.8586696, 28.7945663 ], [ -17.8586938, 28.7945117 ], [ -17.8587367, 28.7944318 ], [ -17.8587874, 28.7943383 ], [ -17.8588079, 28.794268 ], [ -17.858811, 28.7942273 ], [ -17.8588037, 28.7941846 ], [ -17.8587896, 28.7941579 ], [ -17.8587465, 28.7941182 ], [ -17.8586851, 28.7940834 ], [ -17.8586257, 28.7940643 ], [ -17.8585597, 28.7940387 ], [ -17.8585392, 28.7940301 ], [ -17.8585049, 28.794006 ], [ -17.8584826, 28.7939569 ], [ -17.8584739, 28.7939075 ], [ -17.8584719, 28.7938692 ], [ -17.8584732, 28.7937812 ], [ -17.8584848, 28.7936795 ], [ -17.8584872, 28.793614 ], [ -17.8584782, 28.7935308 ], [ -17.8584715, 28.7934971 ], [ -17.8584519, 28.7934457 ], [ -17.8584355, 28.7934167 ], [ -17.8583887, 28.7933884 ], [ -17.8583318, 28.793367 ], [ -17.8582701, 28.793357 ], [ -17.8582301, 28.7933579 ], [ -17.8581925, 28.7933632 ], [ -17.8581245, 28.7933872 ], [ -17.8580728, 28.7934108 ], [ -17.8580353, 28.7934184 ], [ -17.85798, 28.7934196 ], [ -17.8579481, 28.7934112 ], [ -17.8579229, 28.7933937 ], [ -17.8578964, 28.7933582 ], [ -17.857874, 28.7933226 ], [ -17.8578575, 28.7932846 ], [ -17.8578454, 28.7932555 ], [ -17.8578161, 28.7931953 ], [ -17.8577812, 28.7931148 ], [ -17.857737, 28.7930143 ], [ -17.857721, 28.7929538 ], [ -17.8577144, 28.7928817 ], [ -17.8577323, 28.7928227 ], [ -17.8577695, 28.7927588 ], [ -17.8578189, 28.7926946 ], [ -17.8578847, 28.7926323 ], [ -17.8579237, 28.7925954 ], [ -17.8579756, 28.7925447 ], [ -17.8580085, 28.7925147 ], [ -17.8580501, 28.7924597 ], [ -17.858091, 28.7923889 ], [ -17.8581192, 28.7923297 ], [ -17.85815, 28.7922591 ], [ -17.8581849, 28.7921862 ], [ -17.8582091, 28.7921383 ], [ -17.8582302, 28.7920838 ], [ -17.8582563, 28.7920268 ], [ -17.8582975, 28.7919583 ], [ -17.858341, 28.7919056 ], [ -17.8583748, 28.7918665 ], [ -17.8584055, 28.7918297 ], [ -17.8584275, 28.791809 ], [ -17.8584592, 28.79177 ], [ -17.8584837, 28.7917289 ], [ -17.8585026, 28.7916721 ], [ -17.8585192, 28.7916041 ], [ -17.8585382, 28.7915158 ], [ -17.8585696, 28.7914249 ], [ -17.8585961, 28.7913431 ], [ -17.858618, 28.7912502 ], [ -17.858636, 28.7911596 ], [ -17.8586495, 28.7910511 ], [ -17.8586623, 28.7909561 ], [ -17.8586702, 28.7908703 ], [ -17.8586765, 28.7908048 ], [ -17.8586869, 28.7907323 ], [ -17.8586965, 28.7906758 ], [ -17.8587065, 28.7906237 ], [ -17.8587246, 28.7905376 ], [ -17.8587252, 28.790488 ], [ -17.8587248, 28.7904316 ], [ -17.8587239, 28.790364 ], [ -17.8587263, 28.7903008 ], [ -17.8587347, 28.7902736 ], [ -17.8587741, 28.7902163 ], [ -17.8588032, 28.7901932 ], [ -17.8588505, 28.7901606 ], [ -17.8589017, 28.7901257 ], [ -17.858955, 28.790093 ], [ -17.8590085, 28.7900603 ], [ -17.8590607, 28.7900254 ], [ -17.8591386, 28.7899786 ], [ -17.8592563, 28.7899062 ], [ -17.8593129, 28.7898689 ], [ -17.8593864, 28.7898132 ], [ -17.8595046, 28.7897408 ], [ -17.8595529, 28.7897105 ], [ -17.8595951, 28.7896825 ], [ -17.8596159, 28.7896573 ], [ -17.8596445, 28.7896138 ], [ -17.8596651, 28.7895841 ], [ -17.8596958, 28.7895429 ], [ -17.8597221, 28.7894972 ], [ -17.8597379, 28.7894721 ], [ -17.8597575, 28.7894423 ], [ -17.8597802, 28.7894125 ], [ -17.8598071, 28.7893827 ], [ -17.8598469, 28.789339 ], [ -17.8598736, 28.7893046 ], [ -17.8599271, 28.7892245 ], [ -17.8599591, 28.7891787 ], [ -17.8599865, 28.7891263 ], [ -17.860002, 28.7890966 ], [ -17.8600284, 28.7890487 ], [ -17.8600577, 28.7889962 ], [ -17.8600804, 28.7889349 ], [ -17.8600985, 28.7888804 ], [ -17.8601109, 28.7888486 ], [ -17.8601311, 28.7887985 ], [ -17.860153, 28.7887394 ], [ -17.8601869, 28.7886665 ], [ -17.8602157, 28.7885983 ], [ -17.8602407, 28.7885459 ], [ -17.8602806, 28.7884774 ], [ -17.8603031, 28.7884408 ], [ -17.8603403, 28.7883926 ], [ -17.8603717, 28.7883559 ], [ -17.8604085, 28.7883168 ], [ -17.8604631, 28.7882502 ], [ -17.8604897, 28.7882091 ], [ -17.8604991, 28.7881796 ], [ -17.860504, 28.7881366 ], [ -17.8605043, 28.788105 ], [ -17.8604989, 28.7880578 ], [ -17.860494, 28.7880241 ], [ -17.8604875, 28.7879746 ], [ -17.8604855, 28.7879431 ], [ -17.8604859, 28.787916 ], [ -17.860487, 28.7878889 ], [ -17.8604884, 28.7878618 ], [ -17.8604851, 28.7878168 ], [ -17.8604777, 28.7877696 ], [ -17.8604748, 28.7877403 ], [ -17.8604741, 28.7877133 ], [ -17.8604729, 28.7876682 ], [ -17.8604725, 28.7876141 ], [ -17.860476, 28.7875554 ], [ -17.8604796, 28.7874967 ], [ -17.8604825, 28.7874425 ], [ -17.8604891, 28.7873973 ], [ -17.8605047, 28.7873338 ], [ -17.8605317, 28.7872746 ], [ -17.8605682, 28.787222 ], [ -17.8606339, 28.7871484 ], [ -17.8606695, 28.7871003 ], [ -17.8607164, 28.7870362 ], [ -17.8607671, 28.7869652 ], [ -17.8608042, 28.7869012 ], [ -17.8608564, 28.786828 ], [ -17.8608937, 28.7867799 ], [ -17.8609199, 28.78675 ], [ -17.8609428, 28.786727 ], [ -17.8609717, 28.7867015 ], [ -17.8610099, 28.7866714 ], [ -17.8610583, 28.7866455 ], [ -17.8611099, 28.7866129 ], [ -17.8611479, 28.7865918 ], [ -17.8612067, 28.7865545 ], [ -17.8612385, 28.7865222 ], [ -17.8612547, 28.7864948 ], [ -17.861268, 28.7864562 ], [ -17.8612678, 28.7864066 ], [ -17.8612679, 28.7863367 ], [ -17.861281, 28.7862891 ], [ -17.8613074, 28.7862456 ], [ -17.8613596, 28.7861679 ], [ -17.8614072, 28.7861127 ], [ -17.8614894, 28.7860276 ], [ -17.8615643, 28.7859651 ], [ -17.8616288, 28.7858961 ], [ -17.8616652, 28.7858457 ], [ -17.8617185, 28.7857589 ], [ -17.8617422, 28.785702 ], [ -17.8617543, 28.7856634 ], [ -17.8617662, 28.785591 ], [ -17.8617622, 28.7855415 ], [ -17.8617505, 28.7854966 ], [ -17.8617348, 28.7854608 ], [ -17.8616983, 28.785412 ], [ -17.861647, 28.7853748 ], [ -17.86159, 28.7853489 ], [ -17.8615211, 28.7853323 ], [ -17.8614503, 28.7853271 ], [ -17.8613684, 28.7853311 ], [ -17.8612712, 28.7853331 ], [ -17.861191, 28.7853168 ], [ -17.8611567, 28.7852995 ], [ -17.8611264, 28.7852776 ], [ -17.861103, 28.7852488 ], [ -17.8610858, 28.7852153 ], [ -17.8610616, 28.7851188 ], [ -17.8610447, 28.7850222 ], [ -17.8610278, 28.7849639 ], [ -17.8610037, 28.7849103 ], [ -17.8609798, 28.7848612 ], [ -17.8609636, 28.7848277 ], [ -17.8609462, 28.7847921 ], [ -17.8609364, 28.7847719 ], [ -17.8609268, 28.7847541 ], [ -17.8609041, 28.784714 ], [ -17.8608766, 28.7846785 ], [ -17.860845, 28.7846476 ], [ -17.8608136, 28.7846212 ], [ -17.860783, 28.7845925 ], [ -17.8607495, 28.7845662 ], [ -17.860712, 28.7845399 ], [ -17.8606693, 28.7845093 ], [ -17.8606005, 28.7844701 ], [ -17.8605551, 28.7844508 ], [ -17.8605084, 28.7844315 ], [ -17.8604556, 28.7844123 ], [ -17.8603967, 28.7843933 ], [ -17.860311, 28.7843658 ], [ -17.8602248, 28.7843428 ], [ -17.8601018, 28.7843161 ], [ -17.8599876, 28.7842914 ], [ -17.85987, 28.7842624 ], [ -17.8597915, 28.784237 ], [ -17.8596991, 28.7841916 ], [ -17.8596425, 28.7841477 ], [ -17.8596004, 28.7841034 ], [ -17.8595822, 28.7840678 ], [ -17.8595708, 28.7840297 ], [ -17.8595591, 28.7839735 ], [ -17.8595555, 28.7839172 ], [ -17.8595538, 28.7838541 ], [ -17.8595535, 28.7837707 ], [ -17.8595581, 28.7837075 ], [ -17.8595612, 28.7836781 ], [ -17.8595726, 28.7835944 ], [ -17.8595754, 28.7835515 ], [ -17.8595833, 28.7835085 ], [ -17.8595886, 28.7834452 ], [ -17.8595927, 28.7834068 ], [ -17.8595988, 28.7833661 ], [ -17.8596069, 28.7833276 ], [ -17.8596173, 28.7832935 ], [ -17.8596285, 28.7832595 ], [ -17.8596411, 28.7832254 ], [ -17.8596543, 28.783189 ], [ -17.8596657, 28.783155 ], [ -17.8596801, 28.7831208 ], [ -17.8597043, 28.7830707 ], [ -17.8597318, 28.7830273 ], [ -17.8597655, 28.782986 ], [ -17.8597991, 28.7829446 ], [ -17.8598339, 28.7829056 ], [ -17.8598855, 28.7828459 ], [ -17.8599432, 28.7827838 ], [ -17.8599741, 28.7827493 ], [ -17.8600186, 28.7826942 ], [ -17.8600398, 28.7826599 ], [ -17.8600579, 28.7826325 ], [ -17.8600927, 28.7825686 ], [ -17.8601158, 28.7825298 ], [ -17.8601608, 28.7824634 ], [ -17.8601963, 28.7824153 ], [ -17.8602544, 28.7823284 ], [ -17.8603061, 28.7822529 ], [ -17.8603365, 28.7822071 ], [ -17.8603661, 28.7821524 ], [ -17.860382, 28.7820912 ], [ -17.8604073, 28.782041 ], [ -17.8604278, 28.7820068 ], [ -17.8604499, 28.7819725 ], [ -17.8605007, 28.7818992 ], [ -17.8605183, 28.7818696 ], [ -17.8605376, 28.7818263 ], [ -17.860547, 28.7817945 ], [ -17.8605598, 28.7817424 ], [ -17.8605769, 28.7816879 ], [ -17.860602, 28.7815904 ], [ -17.8606147, 28.7815428 ], [ -17.8606241, 28.7815133 ], [ -17.8606434, 28.7814633 ], [ -17.8606507, 28.7814315 ], [ -17.86066, 28.7813998 ], [ -17.8606695, 28.7813702 ], [ -17.8606779, 28.7813385 ], [ -17.860684, 28.7813 ], [ -17.8606907, 28.781248 ], [ -17.860692, 28.7812187 ], [ -17.8606907, 28.7811713 ], [ -17.8606909, 28.781142 ], [ -17.8606968, 28.7810945 ], [ -17.8607118, 28.7810469 ], [ -17.8607332, 28.7810036 ], [ -17.8607569, 28.7809692 ], [ -17.8607818, 28.7809304 ], [ -17.8608071, 28.780887 ], [ -17.8608233, 28.7808528 ], [ -17.8608382, 28.7808029 ], [ -17.8608459, 28.7807554 ], [ -17.8608459, 28.7807013 ], [ -17.8608444, 28.7806765 ], [ -17.8608325, 28.7806294 ], [ -17.8607977, 28.7805557 ], [ -17.860765, 28.780482 ], [ -17.8607431, 28.7804306 ], [ -17.8607254, 28.7803768 ], [ -17.8607043, 28.7803209 ], [ -17.8606813, 28.780265 ], [ -17.8606584, 28.7802159 ], [ -17.8606314, 28.7801646 ], [ -17.8605952, 28.780109 ], [ -17.8605495, 28.7800536 ], [ -17.8605001, 28.7800028 ], [ -17.8604515, 28.7799519 ], [ -17.860404, 28.7798988 ], [ -17.8603556, 28.779848 ], [ -17.8602913, 28.7797817 ], [ -17.8602292, 28.7797176 ], [ -17.8601838, 28.7796689 ], [ -17.8601006, 28.779549 ], [ -17.860061, 28.7794821 ], [ -17.8600401, 28.7794307 ], [ -17.860032, 28.7793565 ], [ -17.8600264, 28.7792686 ], [ -17.8600116, 28.7792126 ], [ -17.8599748, 28.7791367 ], [ -17.8599249, 28.7790385 ], [ -17.8598684, 28.7789292 ], [ -17.8598357, 28.77886 ], [ -17.8598189, 28.7788062 ], [ -17.8598031, 28.7787367 ], [ -17.8598125, 28.7786282 ], [ -17.859818, 28.7785312 ], [ -17.8598181, 28.7784612 ], [ -17.8598126, 28.7784095 ], [ -17.8597938, 28.7783603 ], [ -17.8597669, 28.7783135 ], [ -17.8597435, 28.7782802 ], [ -17.8597084, 28.7782335 ], [ -17.8596704, 28.7781892 ], [ -17.8596306, 28.778154 ], [ -17.8595887, 28.7781211 ], [ -17.8595519, 28.7780835 ], [ -17.8595213, 28.7780526 ], [ -17.8594969, 28.7780193 ], [ -17.8594845, 28.7779835 ], [ -17.8594825, 28.7779452 ], [ -17.8594806, 28.7779091 ], [ -17.8594808, 28.7778843 ], [ -17.8594874, 28.7778594 ], [ -17.8594957, 28.7778367 ], [ -17.8595045, 28.7778139 ], [ -17.8595112, 28.7777935 ], [ -17.8595177, 28.7777708 ], [ -17.8595242, 28.7777481 ], [ -17.8595349, 28.7777253 ], [ -17.8595485, 28.7777025 ], [ -17.8595624, 28.7776819 ], [ -17.8595772, 28.7776613 ], [ -17.8595929, 28.7776407 ], [ -17.8596109, 28.77762 ], [ -17.8596288, 28.7776038 ], [ -17.8596478, 28.7775899 ], [ -17.859669, 28.7775737 ], [ -17.8596911, 28.7775596 ], [ -17.8597142, 28.7775411 ], [ -17.8597351, 28.7775226 ], [ -17.8597542, 28.7775087 ], [ -17.8597743, 28.7774947 ], [ -17.8597945, 28.777483 ], [ -17.8598147, 28.7774713 ], [ -17.8598358, 28.7774596 ], [ -17.859857, 28.7774479 ], [ -17.8598783, 28.7774407 ], [ -17.8598975, 28.7774312 ], [ -17.8599208, 28.7774217 ], [ -17.859947, 28.7774099 ], [ -17.8599764, 28.7773957 ], [ -17.8600188, 28.7773746 ], [ -17.8600429, 28.7773605 ], [ -17.8600981, 28.7773188 ], [ -17.8601469, 28.7772591 ], [ -17.8601738, 28.7772044 ], [ -17.8602104, 28.7771202 ], [ -17.8602367, 28.7770678 ], [ -17.8602662, 28.7770265 ], [ -17.8603463, 28.7769685 ], [ -17.860452, 28.7768986 ], [ -17.8604959, 28.7768593 ], [ -17.8605595, 28.7767993 ], [ -17.860599, 28.7767624 ], [ -17.8606392, 28.7767187 ], [ -17.8606793, 28.7766683 ], [ -17.8607368, 28.7765904 ], [ -17.8607606, 28.7765515 ], [ -17.8607792, 28.7765263 ], [ -17.8608687, 28.7764387 ], [ -17.8608883, 28.776409 ], [ -17.8609156, 28.7763611 ], [ -17.860931, 28.7763247 ], [ -17.8609362, 28.7762682 ], [ -17.8609276, 28.7762233 ], [ -17.8609171, 28.7761874 ], [ -17.8608872, 28.7761384 ], [ -17.8608451, 28.7760671 ], [ -17.8608164, 28.7760249 ], [ -17.8607818, 28.775958 ], [ -17.8607621, 28.7759088 ], [ -17.8607508, 28.7758729 ], [ -17.8607372, 28.7758236 ], [ -17.860733, 28.7757831 ], [ -17.8607332, 28.7757561 ], [ -17.8607375, 28.7757267 ], [ -17.8607445, 28.7756837 ], [ -17.8607432, 28.7756363 ], [ -17.860737, 28.7755936 ], [ -17.860735, 28.7755553 ], [ -17.8607335, 28.7755035 ], [ -17.8607394, 28.7754538 ], [ -17.8607512, 28.7753994 ], [ -17.8607649, 28.7753405 ], [ -17.8607741, 28.7752997 ], [ -17.8607848, 28.7752656 ], [ -17.8607988, 28.7752225 ], [ -17.8608147, 28.775168 ], [ -17.8608245, 28.7751317 ], [ -17.860842, 28.7750525 ], [ -17.8608507, 28.775032 ], [ -17.8608583, 28.7750093 ], [ -17.8608666, 28.774982 ], [ -17.8608751, 28.7749503 ], [ -17.8608823, 28.7749163 ], [ -17.8608886, 28.7748846 ], [ -17.860895, 28.7748551 ], [ -17.8609024, 28.7748257 ], [ -17.8609086, 28.7747917 ], [ -17.8609138, 28.7747578 ], [ -17.860919, 28.7747193 ], [ -17.860924, 28.7746809 ], [ -17.8609312, 28.7746469 ], [ -17.8609396, 28.7746152 ], [ -17.860949, 28.7745834 ], [ -17.8609572, 28.7745494 ], [ -17.8609665, 28.7745131 ], [ -17.8609747, 28.7744746 ], [ -17.8609819, 28.7744406 ], [ -17.8609873, 28.7744112 ], [ -17.8609917, 28.7743818 ], [ -17.860996, 28.7743524 ], [ -17.8609991, 28.7743207 ], [ -17.8610033, 28.7742868 ], [ -17.8610086, 28.7742506 ], [ -17.8610127, 28.7742167 ], [ -17.861017, 28.774185 ], [ -17.8610232, 28.7741556 ], [ -17.8610342, 28.7741058 ], [ -17.8610425, 28.7740717 ], [ -17.861062, 28.7739992 ], [ -17.8610719, 28.7739471 ], [ -17.8610787, 28.7738974 ], [ -17.8610813, 28.7738432 ], [ -17.8610889, 28.7737844 ], [ -17.8610986, 28.7737278 ], [ -17.8611106, 28.7736779 ], [ -17.8611247, 28.773628 ], [ -17.8611396, 28.7735781 ], [ -17.8611545, 28.7735259 ], [ -17.8611578, 28.7735101 ], [ -17.8611829, 28.773514 ], [ -17.8611981, 28.7735047 ], [ -17.8612189, 28.7734839 ], [ -17.8612338, 28.7734679 ], [ -17.8612709, 28.7734355 ], [ -17.8612959, 28.7734124 ], [ -17.8613198, 28.7733939 ], [ -17.8613449, 28.7733753 ], [ -17.8613631, 28.7733614 ], [ -17.8613822, 28.773352 ], [ -17.8614035, 28.7733402 ], [ -17.8614398, 28.7733237 ], [ -17.8614742, 28.7733072 ], [ -17.8615667, 28.7732511 ], [ -17.861593, 28.7732325 ], [ -17.86161, 28.7732208 ], [ -17.8616281, 28.7732069 ], [ -17.8616462, 28.7731975 ], [ -17.8616622, 28.7731859 ], [ -17.8617431, 28.7731368 ], [ -17.8618113, 28.7730925 ], [ -17.8618774, 28.7730393 ], [ -17.8618953, 28.7730209 ], [ -17.8619132, 28.7730047 ], [ -17.8619313, 28.7729885 ], [ -17.8619624, 28.7729495 ], [ -17.8619939, 28.7729015 ], [ -17.8620197, 28.7728581 ], [ -17.8620305, 28.7728376 ], [ -17.8620372, 28.7728194 ], [ -17.8620428, 28.7728013 ], [ -17.8620486, 28.7727854 ], [ -17.862057, 28.7727581 ], [ -17.8620627, 28.7727377 ], [ -17.8620672, 28.7727173 ], [ -17.8620765, 28.772681 ], [ -17.8620828, 28.7726561 ], [ -17.8620932, 28.7726175 ], [ -17.8621043, 28.7725744 ], [ -17.8621145, 28.7725359 ], [ -17.8621257, 28.7724996 ], [ -17.8621332, 28.7724724 ], [ -17.8621427, 28.7724451 ], [ -17.8621552, 28.7724178 ], [ -17.8621647, 28.7723905 ], [ -17.8621754, 28.7723655 ], [ -17.8621905, 28.7723268 ], [ -17.8622394, 28.7722401 ], [ -17.8622522, 28.7722195 ], [ -17.8622707, 28.772183 ], [ -17.8622824, 28.7721603 ], [ -17.8622929, 28.7721375 ], [ -17.8623005, 28.7721148 ], [ -17.8623069, 28.7720853 ], [ -17.862307, 28.772056 ], [ -17.862306, 28.7720199 ], [ -17.8623054, 28.7719951 ], [ -17.8623033, 28.7719546 ], [ -17.8623059, 28.7718914 ], [ -17.8623049, 28.7718553 ], [ -17.8620574, 28.7711728 ], [ -17.8612121, 28.7707397 ], [ -17.8596937, 28.7705622 ], [ -17.8587815, 28.7704823 ], [ -17.8585845, 28.7704706 ], [ -17.8585606, 28.7704576 ], [ -17.8585377, 28.7704446 ], [ -17.8585089, 28.7704272 ], [ -17.8584695, 28.7704009 ], [ -17.8584303, 28.7703702 ], [ -17.8584134, 28.7703548 ], [ -17.8583975, 28.770337 ], [ -17.8583817, 28.7703193 ], [ -17.8583658, 28.7702994 ], [ -17.858353, 28.7702816 ], [ -17.8583404, 28.7702661 ], [ -17.8583286, 28.7702506 ], [ -17.8583201, 28.7702395 ], [ -17.8583086, 28.7702262 ], [ -17.8582979, 28.7702106 ], [ -17.8582882, 28.7701928 ], [ -17.8582785, 28.7701772 ], [ -17.8582669, 28.7701617 ], [ -17.8582521, 28.7701484 ], [ -17.8582394, 28.7701307 ], [ -17.8582287, 28.7701129 ], [ -17.8582211, 28.770095 ], [ -17.8582143, 28.7700771 ], [ -17.8582097, 28.7700569 ], [ -17.858205, 28.7700367 ], [ -17.8581939, 28.7699986 ], [ -17.8581834, 28.7699627 ], [ -17.8581609, 28.7698482 ], [ -17.8581512, 28.7698056 ], [ -17.8581403, 28.7697629 ], [ -17.8581288, 28.7697271 ], [ -17.8581085, 28.7696644 ], [ -17.8580979, 28.7696308 ], [ -17.858089, 28.7695994 ], [ -17.8580691, 28.7695502 ], [ -17.8580536, 28.76951 ], [ -17.8580333, 28.7694653 ], [ -17.8580149, 28.7694296 ], [ -17.8579841, 28.7693671 ], [ -17.8579589, 28.7693203 ], [ -17.8579492, 28.7692957 ], [ -17.8579385, 28.7692666 ], [ -17.8579315, 28.7692374 ], [ -17.8579235, 28.7692106 ], [ -17.8579196, 28.7691768 ], [ -17.8579197, 28.7691452 ], [ -17.8579241, 28.7691181 ], [ -17.8579316, 28.7690909 ], [ -17.8579419, 28.7690613 ], [ -17.857965, 28.7690338 ], [ -17.8580007, 28.7690014 ], [ -17.8581083, 28.7689292 ], [ -17.8581436, 28.7689082 ], [ -17.8581727, 28.7688873 ], [ -17.8582264, 28.7688659 ], [ -17.8582416, 28.7688588 ], [ -17.8582546, 28.7688495 ], [ -17.8582657, 28.7688402 ], [ -17.8582775, 28.7688265 ], [ -17.8582913, 28.7688059 ], [ -17.858302, 28.7687876 ], [ -17.85831, 28.7687762 ], [ -17.8583226, 28.7687511 ], [ -17.8583303, 28.7687351 ], [ -17.8583381, 28.7687192 ], [ -17.8583448, 28.7687033 ], [ -17.8583625, 28.7686781 ], [ -17.8583894, 28.7686504 ], [ -17.8584229, 28.7686091 ], [ -17.8584559, 28.7685543 ], [ -17.858467, 28.7685158 ], [ -17.8584793, 28.7684569 ], [ -17.8584815, 28.7683847 ], [ -17.8584822, 28.7683463 ], [ -17.858484, 28.7682989 ], [ -17.8584849, 28.768229 ], [ -17.8584839, 28.7681907 ], [ -17.8584722, 28.7681255 ], [ -17.8584433, 28.7680765 ], [ -17.8584208, 28.7680477 ], [ -17.8583866, 28.7680191 ], [ -17.8583324, 28.7679842 ], [ -17.8582855, 28.7679603 ], [ -17.8582409, 28.7679432 ], [ -17.858214, 28.767919 ], [ -17.8581939, 28.767845 ], [ -17.8581866, 28.7678136 ], [ -17.8581771, 28.7677619 ], [ -17.858168, 28.7676945 ], [ -17.8581614, 28.767645 ], [ -17.8581579, 28.7676338 ], [ -17.8581467, 28.7676115 ], [ -17.8581297, 28.767578 ], [ -17.8581147, 28.7675333 ], [ -17.8581107, 28.7674725 ], [ -17.8581118, 28.7674273 ], [ -17.8581377, 28.767323 ], [ -17.8581535, 28.7672844 ], [ -17.8581613, 28.7672639 ], [ -17.8582266, 28.7670731 ], [ -17.8582314, 28.7670617 ], [ -17.8582403, 28.7670458 ], [ -17.858248, 28.7670298 ], [ -17.8582577, 28.7670093 ], [ -17.8582664, 28.7669888 ], [ -17.8582707, 28.7669707 ], [ -17.8582726, 28.7669571 ], [ -17.8582752, 28.7669368 ], [ -17.8582823, 28.7669051 ], [ -17.8583003, 28.7668844 ], [ -17.8583314, 28.7668634 ], [ -17.8585207, 28.7667444 ], [ -17.8585843, 28.7666889 ], [ -17.8586175, 28.7666544 ], [ -17.8586458, 28.7666177 ], [ -17.858686, 28.766556 ], [ -17.8587225, 28.7664921 ], [ -17.8587441, 28.766451 ], [ -17.8587518, 28.7664351 ], [ -17.8587658, 28.7664212 ], [ -17.8587848, 28.7664073 ], [ -17.8588642, 28.7663515 ], [ -17.8588771, 28.7663377 ], [ -17.858885, 28.7663308 ], [ -17.8588932, 28.7663238 ], [ -17.85891, 28.7663055 ], [ -17.8589241, 28.7662961 ], [ -17.8589472, 28.7662798 ], [ -17.8589724, 28.7662658 ], [ -17.8590017, 28.7662516 ], [ -17.8590321, 28.7662375 ], [ -17.8590603, 28.7662233 ], [ -17.8590774, 28.7662117 ], [ -17.8590904, 28.7662024 ], [ -17.8591045, 28.7661886 ], [ -17.8591174, 28.766177 ], [ -17.8591303, 28.7661632 ], [ -17.8591422, 28.7661472 ], [ -17.8592787, 28.7659729 ], [ -17.8592915, 28.7659568 ], [ -17.8593065, 28.7659407 ], [ -17.8593265, 28.7659245 ], [ -17.8593477, 28.7659128 ], [ -17.8593689, 28.7659034 ], [ -17.8593872, 28.7658984 ], [ -17.8594055, 28.7658935 ], [ -17.8594207, 28.7658887 ], [ -17.8594351, 28.7658884 ], [ -17.8594483, 28.7658881 ], [ -17.8594605, 28.7658834 ], [ -17.8594806, 28.7658694 ], [ -17.8595015, 28.7658509 ], [ -17.8595166, 28.7658393 ], [ -17.8595316, 28.7658277 ], [ -17.8595567, 28.7658092 ], [ -17.859585, 28.7657905 ], [ -17.8596041, 28.7657811 ], [ -17.859638, 28.7657623 ], [ -17.8596833, 28.7657343 ], [ -17.8597562, 28.7656877 ], [ -17.8597764, 28.765676 ], [ -17.8598104, 28.7656527 ], [ -17.859888, 28.7655857 ], [ -17.8599232, 28.7655511 ], [ -17.8599753, 28.7654936 ], [ -17.8600428, 28.7654178 ], [ -17.8601271, 28.7652919 ], [ -17.8601693, 28.7652414 ], [ -17.8603183, 28.7651007 ], [ -17.8603752, 28.7650409 ], [ -17.8604318, 28.7649743 ], [ -17.8604602, 28.7649286 ], [ -17.8604931, 28.7648941 ], [ -17.8605333, 28.7648684 ], [ -17.8605785, 28.7648291 ], [ -17.8606227, 28.7647899 ], [ -17.86067, 28.7647392 ], [ -17.8607107, 28.764691 ], [ -17.8607508, 28.7646609 ], [ -17.8608321, 28.7645983 ], [ -17.8608825, 28.7645543 ], [ -17.8609978, 28.7644481 ], [ -17.8610513, 28.7643794 ], [ -17.8610873, 28.7643515 ], [ -17.8611299, 28.7643349 ], [ -17.8611489, 28.7643232 ], [ -17.8615012, 28.7641015 ], [ -17.8617147, 28.7639436 ], [ -17.8618022, 28.7637681 ], [ -17.8618928, 28.76357 ], [ -17.8620123, 28.7633533 ], [ -17.8623406, 28.7629359 ], [ -17.8625976, 28.762617 ], [ -17.8630108, 28.7622632 ], [ -17.86313, 28.762175 ], [ -17.8637225, 28.7618084 ], [ -17.8639828, 28.761636 ], [ -17.8642226, 28.7614031 ], [ -17.8644597, 28.7610756 ], [ -17.8645656, 28.7608433 ], [ -17.8642053, 28.7607676 ], [ -17.8636371, 28.7605248 ], [ -17.8634312, 28.7603781 ], [ -17.8632385, 28.7601409 ], [ -17.8631168, 28.7598593 ], [ -17.8628183, 28.7597799 ], [ -17.8625526, 28.7597405 ], [ -17.86183, 28.7599971 ], [ -17.8614167, 28.7598908 ], [ -17.8610435, 28.7599191 ], [ -17.860772, 28.7598278 ], [ -17.8605954, 28.7597098 ], [ -17.8604541, 28.7595437 ], [ -17.859984, 28.7593665 ], [ -17.8598246, 28.7592074 ], [ -17.8594161, 28.7590244 ], [ -17.859231, 28.7587758 ], [ -17.8591597, 28.7585721 ], [ -17.8590236, 28.7582277 ], [ -17.8590097, 28.7580611 ], [ -17.8589911, 28.7578969 ], [ -17.8589113, 28.7577272 ], [ -17.85891, 28.7575017 ], [ -17.8586281, 28.7576633 ], [ -17.8583517, 28.7576827 ], [ -17.8581441, 28.7574683 ], [ -17.8580134, 28.7574981 ], [ -17.8578093, 28.7575859 ], [ -17.8576127, 28.7576036 ], [ -17.8570632, 28.7574236 ], [ -17.8568135, 28.7572101 ], [ -17.8566593, 28.7571209 ], [ -17.8565305, 28.7570154 ], [ -17.8563974, 28.7569844 ], [ -17.8561999, 28.7568961 ], [ -17.8560732, 28.7567544 ], [ -17.8560193, 28.756627 ], [ -17.8559212, 28.7564871 ], [ -17.8557586, 28.756416 ], [ -17.8555712, 28.7563524 ], [ -17.8553235, 28.7562719 ], [ -17.8551357, 28.7561925 ], [ -17.8528504, 28.7591047 ], [ -17.8528328, 28.7591411 ], [ -17.8528247, 28.7591593 ], [ -17.8527766, 28.7592551 ], [ -17.8527314, 28.759335 ], [ -17.8527264, 28.7593441 ], [ -17.8527023, 28.7593829 ], [ -17.852677, 28.7594331 ], [ -17.8526603, 28.7594695 ], [ -17.8526462, 28.759542 ], [ -17.852645, 28.759551 ], [ -17.8526368, 28.7596076 ], [ -17.8526218, 28.7596643 ], [ -17.8526033, 28.7597007 ], [ -17.8525745, 28.7597284 ], [ -17.8525424, 28.7597561 ], [ -17.8525073, 28.7597817 ], [ -17.8524794, 28.7598138 ], [ -17.8524601, 28.7598526 ], [ -17.8524495, 28.7599543 ], [ -17.8524358, 28.7600109 ], [ -17.8524086, 28.7600679 ], [ -17.8523791, 28.7601091 ], [ -17.8523455, 28.7601527 ], [ -17.8523247, 28.7601824 ], [ -17.852297, 28.7602169 ], [ -17.8522856, 28.7602284 ], [ -17.8522781, 28.7602353 ], [ -17.852257, 28.7602583 ], [ -17.8522436, 28.7602766 ], [ -17.8522059, 28.7603247 ], [ -17.8521866, 28.7603455 ], [ -17.85215, 28.7603778 ], [ -17.8521044, 28.7604036 ], [ -17.8520518, 28.760425 ], [ -17.8518672, 28.7604875 ], [ -17.8518276, 28.7604974 ], [ -17.851793, 28.7605049 ], [ -17.8517534, 28.7605192 ], [ -17.8517242, 28.7605334 ], [ -17.8516806, 28.7605546 ], [ -17.8516458, 28.7605779 ], [ -17.8516066, 28.7606148 ], [ -17.8515506, 28.7606949 ], [ -17.8515124, 28.7607543 ], [ -17.8514944, 28.7607885 ], [ -17.8514604, 28.7608434 ], [ -17.8514283, 28.7608756 ], [ -17.851403, 28.7608965 ], [ -17.8513944, 28.7609034 ], [ -17.8513684, 28.7609197 ], [ -17.8513337, 28.7609362 ], [ -17.8512976, 28.7609506 ], [ -17.8512611, 28.7609784 ], [ -17.8512473, 28.7609944 ], [ -17.8512293, 28.7610151 ], [ -17.8512138, 28.7610403 ], [ -17.8511948, 28.7610925 ], [ -17.8511779, 28.7611358 ], [ -17.851154, 28.7611678 ], [ -17.8511387, 28.7611907 ], [ -17.8511054, 28.761241 ], [ -17.8510677, 28.7612892 ], [ -17.8510324, 28.7613169 ], [ -17.8509987, 28.7613425 ], [ -17.85097, 28.7613724 ], [ -17.850935, 28.7614025 ], [ -17.8509076, 28.7614369 ], [ -17.850887, 28.7614847 ], [ -17.8508669, 28.7615415 ], [ -17.8508506, 28.7615711 ], [ -17.8508155, 28.7616034 ], [ -17.8507674, 28.7616337 ], [ -17.85073, 28.7616571 ], [ -17.8507185, 28.7616664 ], [ -17.8506961, 28.7616871 ], [ -17.8506558, 28.7617421 ], [ -17.8506274, 28.7617675 ], [ -17.8506109, 28.7617882 ], [ -17.8505779, 28.7618249 ], [ -17.8505597, 28.7618591 ], [ -17.8505471, 28.7618955 ], [ -17.8505442, 28.7619249 ], [ -17.8505421, 28.7619429 ], [ -17.8505394, 28.7619791 ], [ -17.8505219, 28.7620178 ], [ -17.8505062, 28.7620316 ], [ -17.8504827, 28.7620479 ], [ -17.8504716, 28.7620572 ], [ -17.8504616, 28.7620642 ], [ -17.8504498, 28.7620779 ], [ -17.850438, 28.7620962 ], [ -17.8504212, 28.7621327 ], [ -17.85041, 28.7621487 ], [ -17.8503991, 28.7621647 ], [ -17.8503558, 28.7622085 ], [ -17.8503342, 28.7622247 ], [ -17.850304, 28.7622321 ], [ -17.8502892, 28.7622369 ], [ -17.8502499, 28.7622536 ], [ -17.85021, 28.762286 ], [ -17.8501779, 28.7623205 ], [ -17.8501683, 28.762341 ], [ -17.8501641, 28.7623523 ], [ -17.8501553, 28.7623818 ], [ -17.8501343, 28.7624161 ], [ -17.8501146, 28.762439 ], [ -17.8500996, 28.7624507 ], [ -17.8500873, 28.7624577 ], [ -17.8500743, 28.7624625 ], [ -17.8500509, 28.7624652 ], [ -17.8500253, 28.7624703 ], [ -17.8499958, 28.7624754 ], [ -17.8499673, 28.762485 ], [ -17.8499492, 28.7624899 ], [ -17.8499195, 28.7624995 ], [ -17.8498971, 28.7625113 ], [ -17.8498864, 28.7625161 ], [ -17.8498753, 28.7625253 ], [ -17.8498289, 28.7625623 ], [ -17.8498022, 28.7625832 ], [ -17.8497679, 28.7626065 ], [ -17.8496925, 28.7626577 ], [ -17.8496336, 28.7626995 ], [ -17.8496183, 28.7627089 ], [ -17.8496062, 28.7627182 ], [ -17.8495931, 28.762732 ], [ -17.8495793, 28.7627458 ], [ -17.8495317, 28.7628009 ], [ -17.8495131, 28.7628216 ], [ -17.8494929, 28.7628446 ], [ -17.8494753, 28.7628697 ], [ -17.8494673, 28.7628812 ], [ -17.8494615, 28.7628903 ], [ -17.8494499, 28.7629154 ], [ -17.8494327, 28.7629496 ], [ -17.849391, 28.7630384 ], [ -17.8493695, 28.7630839 ], [ -17.8493588, 28.7631067 ], [ -17.8493443, 28.7631341 ], [ -17.8493369, 28.7631545 ], [ -17.84933, 28.7631727 ], [ -17.8493214, 28.7632022 ], [ -17.8493151, 28.7632317 ], [ -17.8493119, 28.7632656 ], [ -17.8493113, 28.7632791 ], [ -17.8493133, 28.7633039 ], [ -17.8493135, 28.7633197 ], [ -17.849317, 28.7633354 ], [ -17.8493239, 28.7633646 ], [ -17.8493277, 28.7633757 ], [ -17.849336, 28.7634004 ], [ -17.8493763, 28.763483 ], [ -17.8493871, 28.7635053 ], [ -17.8493961, 28.7635321 ], [ -17.849408, 28.7635702 ], [ -17.8494116, 28.7635814 ], [ -17.8494153, 28.7635971 ], [ -17.8494207, 28.7636151 ], [ -17.8494297, 28.7636848 ], [ -17.8494363, 28.7637388 ], [ -17.8494371, 28.7637703 ], [ -17.8494379, 28.7637928 ], [ -17.8494446, 28.7638762 ], [ -17.8494458, 28.7638874 ], [ -17.8494491, 28.7639121 ], [ -17.849456, 28.7639661 ], [ -17.8494566, 28.7639886 ], [ -17.8494562, 28.7640135 ], [ -17.849458, 28.7640382 ], [ -17.8494574, 28.7640924 ], [ -17.8494552, 28.7641285 ], [ -17.8494544, 28.7641398 ], [ -17.8494545, 28.7641758 ], [ -17.8494565, 28.7642187 ], [ -17.8494678, 28.7642545 ], [ -17.8494825, 28.7642745 ], [ -17.8494912, 28.7642878 ], [ -17.8495069, 28.7643078 ], [ -17.8495357, 28.7643478 ], [ -17.8495388, 28.7643703 ], [ -17.8495397, 28.7643793 ], [ -17.849541, 28.7644131 ], [ -17.8495372, 28.7644379 ], [ -17.8495337, 28.7644583 ], [ -17.8495272, 28.7644765 ], [ -17.8495167, 28.764497 ], [ -17.8494987, 28.764529 ], [ -17.8494687, 28.7645928 ], [ -17.8494614, 28.7646042 ], [ -17.8494501, 28.7646247 ], [ -17.8494206, 28.7646817 ], [ -17.8494149, 28.7646931 ], [ -17.8494009, 28.764716 ], [ -17.8493613, 28.7647641 ], [ -17.8493222, 28.7648011 ], [ -17.8492893, 28.7648243 ], [ -17.8492352, 28.7648503 ], [ -17.8491786, 28.764874 ], [ -17.8491315, 28.7648953 ], [ -17.8490695, 28.7649146 ], [ -17.8490327, 28.7649267 ], [ -17.8490108, 28.7649339 ], [ -17.8489057, 28.7649564 ], [ -17.8488501, 28.7649666 ], [ -17.848823, 28.764974 ], [ -17.8487813, 28.7649884 ], [ -17.8487422, 28.765014 ], [ -17.8487095, 28.7650372 ], [ -17.848686, 28.7650558 ], [ -17.84864, 28.7650928 ], [ -17.848613, 28.7651182 ], [ -17.8485841, 28.7651504 ], [ -17.8485623, 28.7651757 ], [ -17.8485275, 28.7652147 ], [ -17.8484979, 28.7652537 ], [ -17.8484671, 28.7652994 ], [ -17.8484477, 28.7653269 ], [ -17.8483914, 28.7654025 ], [ -17.8483735, 28.7654254 ], [ -17.8483278, 28.7654692 ], [ -17.8483045, 28.76549 ], [ -17.84829, 28.7655219 ], [ -17.8482802, 28.765565 ], [ -17.8482666, 28.7656013 ], [ -17.8482534, 28.7656287 ], [ -17.8482272, 28.7656585 ], [ -17.8482152, 28.7656723 ], [ -17.8482024, 28.7656861 ], [ -17.8481805, 28.7657046 ], [ -17.848151, 28.7657323 ], [ -17.8481277, 28.7657576 ], [ -17.8480485, 28.7658517 ], [ -17.8479403, 28.7659825 ], [ -17.8479207, 28.7660055 ], [ -17.8478998, 28.7660353 ], [ -17.8478862, 28.7660604 ], [ -17.8478793, 28.7660831 ], [ -17.8478789, 28.7661056 ], [ -17.8478798, 28.7661304 ], [ -17.8478808, 28.7661507 ], [ -17.8478663, 28.7661916 ], [ -17.8478476, 28.7662168 ], [ -17.8478326, 28.7662374 ], [ -17.8478117, 28.7662559 ], [ -17.8477857, 28.7662835 ], [ -17.8477418, 28.7663272 ], [ -17.8477083, 28.766364 ], [ -17.8476954, 28.7663778 ], [ -17.8476833, 28.7663916 ], [ -17.8476624, 28.7664169 ], [ -17.8476438, 28.7664466 ], [ -17.8476173, 28.7664945 ], [ -17.8475998, 28.7665377 ], [ -17.8475553, 28.7666446 ], [ -17.8475374, 28.7666924 ], [ -17.8475332, 28.7667037 ], [ -17.8474982, 28.7667451 ], [ -17.84747, 28.7667682 ], [ -17.8474593, 28.7667797 ], [ -17.8474264, 28.766812 ], [ -17.8474037, 28.766835 ], [ -17.8473876, 28.7668556 ], [ -17.8473677, 28.7668741 ], [ -17.8473369, 28.7668973 ], [ -17.8473165, 28.7669112 ], [ -17.8472896, 28.7669254 ], [ -17.8472275, 28.7669537 ], [ -17.8472016, 28.7669678 ], [ -17.8471791, 28.7669795 ], [ -17.8471346, 28.7670188 ], [ -17.8471022, 28.7670533 ], [ -17.8470644, 28.767088 ], [ -17.8470472, 28.7670816 ], [ -17.8470034, 28.7670667 ], [ -17.8469343, 28.7670501 ], [ -17.8468463, 28.7670474 ], [ -17.8467665, 28.7670717 ], [ -17.8467138, 28.7670886 ], [ -17.8466672, 28.7671211 ], [ -17.8466389, 28.7671488 ], [ -17.8465767, 28.7671997 ], [ -17.8465386, 28.7672501 ], [ -17.8465091, 28.7673004 ], [ -17.8464936, 28.7673255 ], [ -17.8464732, 28.7673598 ], [ -17.8464417, 28.7673943 ], [ -17.8464197, 28.767415 ], [ -17.8464073, 28.7674265 ], [ -17.8463364, 28.7674844 ], [ -17.8463039, 28.7675144 ], [ -17.8462916, 28.7675214 ], [ -17.8462842, 28.7675306 ], [ -17.8462682, 28.7675535 ], [ -17.8462527, 28.7675764 ], [ -17.8462406, 28.767597 ], [ -17.8462281, 28.7676198 ], [ -17.8462243, 28.7676288 ], [ -17.8462157, 28.7676584 ], [ -17.8462133, 28.7676719 ], [ -17.8462102, 28.7676855 ], [ -17.8462041, 28.767715 ], [ -17.8461725, 28.7678487 ], [ -17.8461552, 28.7678896 ], [ -17.8460825, 28.76804 ], [ -17.8460595, 28.7680811 ], [ -17.846042, 28.768113 ], [ -17.8459862, 28.7682089 ], [ -17.8459518, 28.7682547 ], [ -17.8459431, 28.7682662 ], [ -17.8459035, 28.7683099 ], [ -17.845896, 28.7683168 ], [ -17.8458467, 28.7683675 ], [ -17.8458218, 28.768386 ], [ -17.845801, 28.7684022 ], [ -17.8457686, 28.7684232 ], [ -17.8457443, 28.7684418 ], [ -17.8457297, 28.7684511 ], [ -17.8456915, 28.7684767 ], [ -17.845659, 28.7684977 ], [ -17.8455588, 28.7685629 ], [ -17.8455335, 28.7685793 ], [ -17.8455053, 28.7685956 ], [ -17.8454761, 28.7686143 ], [ -17.8454007, 28.7686655 ], [ -17.8453687, 28.7686932 ], [ -17.8453385, 28.7687187 ], [ -17.8453117, 28.7687418 ], [ -17.8452858, 28.7687694 ], [ -17.8452802, 28.7687763 ], [ -17.8452602, 28.7688038 ], [ -17.8452324, 28.7688382 ], [ -17.8452086, 28.7688725 ], [ -17.8451862, 28.7689091 ], [ -17.8451591, 28.768957 ], [ -17.8451223, 28.7690119 ], [ -17.8451018, 28.7690529 ], [ -17.8450978, 28.7690823 ], [ -17.8451015, 28.7691341 ], [ -17.8451104, 28.769179 ], [ -17.8451192, 28.7692172 ], [ -17.8451221, 28.769269 ], [ -17.8451213, 28.7692915 ], [ -17.8451175, 28.7693074 ], [ -17.8451143, 28.7693255 ], [ -17.8451046, 28.769337 ], [ -17.8450757, 28.7693647 ], [ -17.8450555, 28.7693899 ], [ -17.8450387, 28.7694151 ], [ -17.8450172, 28.7694471 ], [ -17.8450117, 28.7694562 ], [ -17.8449861, 28.7694996 ], [ -17.8449795, 28.769511 ], [ -17.8449724, 28.7695247 ], [ -17.8449559, 28.7695566 ], [ -17.8449474, 28.7695726 ], [ -17.8449392, 28.7695885 ], [ -17.8449298, 28.769609 ], [ -17.844918, 28.7696476 ], [ -17.8449071, 28.7696929 ], [ -17.8448957, 28.7697338 ], [ -17.8448799, 28.7697747 ], [ -17.8448667, 28.7698201 ], [ -17.8448467, 28.7698543 ], [ -17.8448346, 28.7698749 ], [ -17.8448211, 28.7698955 ], [ -17.8448042, 28.7699161 ], [ -17.8447887, 28.7699322 ], [ -17.8447803, 28.7699414 ], [ -17.844747, 28.7699647 ], [ -17.844708, 28.7699948 ], [ -17.8446992, 28.7699995 ], [ -17.8446735, 28.7700158 ], [ -17.8446213, 28.7700485 ], [ -17.8445849, 28.7700763 ], [ -17.8445409, 28.7701156 ], [ -17.8445319, 28.7701248 ], [ -17.8445174, 28.7701386 ], [ -17.8444906, 28.770182 ], [ -17.8444576, 28.7702459 ], [ -17.8444539, 28.7702911 ], [ -17.8444522, 28.7703723 ], [ -17.8444422, 28.7704514 ], [ -17.8444388, 28.7704808 ], [ -17.8444337, 28.770526 ], [ -17.8443662, 28.7707259 ], [ -17.8443124, 28.770815 ], [ -17.8441593, 28.7710708 ], [ -17.8440764, 28.7712439 ], [ -17.8440695, 28.7712576 ], [ -17.8440552, 28.7712917 ], [ -17.8440388, 28.7713371 ], [ -17.8440173, 28.7714052 ], [ -17.8439962, 28.7714711 ], [ -17.8440002, 28.7715229 ], [ -17.8440083, 28.7715452 ], [ -17.8440188, 28.7715721 ], [ -17.8440629, 28.7716568 ], [ -17.8440966, 28.7717193 ], [ -17.8441175, 28.7717865 ], [ -17.8441231, 28.7718676 ], [ -17.8441011, 28.771956 ], [ -17.8440934, 28.7719809 ], [ -17.8440849, 28.7720082 ], [ -17.844071, 28.7720445 ], [ -17.8440603, 28.7720741 ], [ -17.8440417, 28.7721196 ], [ -17.8440353, 28.7721333 ], [ -17.8440104, 28.7721676 ], [ -17.8439551, 28.7722251 ], [ -17.8439017, 28.7722646 ], [ -17.8438169, 28.7723025 ], [ -17.8437628, 28.7723194 ], [ -17.8437015, 28.7723342 ], [ -17.843681, 28.7723392 ], [ -17.8436426, 28.7723512 ], [ -17.8435912, 28.7723839 ], [ -17.8435505, 28.7724253 ], [ -17.8435248, 28.772462 ], [ -17.8434996, 28.7725121 ], [ -17.8434544, 28.7725784 ], [ -17.8434138, 28.7726447 ], [ -17.843374, 28.7727154 ], [ -17.8433394, 28.7727906 ], [ -17.8433255, 28.7728541 ], [ -17.8433244, 28.7729082 ], [ -17.8433278, 28.7729352 ], [ -17.843346, 28.7729709 ], [ -17.8433808, 28.773004 ], [ -17.843412, 28.7730372 ], [ -17.8434304, 28.773057 ], [ -17.8434539, 28.7730971 ], [ -17.8434729, 28.7731486 ], [ -17.8434767, 28.7731756 ], [ -17.8434817, 28.7732048 ], [ -17.843488, 28.7732565 ], [ -17.8434896, 28.7732678 ], [ -17.8434919, 28.773288 ], [ -17.8434933, 28.7732993 ], [ -17.8434935, 28.7733128 ], [ -17.8434997, 28.7733578 ], [ -17.8435026, 28.7733893 ], [ -17.8435076, 28.773414 ], [ -17.8435154, 28.7734409 ], [ -17.8435224, 28.7734633 ], [ -17.8435299, 28.7734811 ], [ -17.8435407, 28.773499 ], [ -17.843563, 28.7735323 ], [ -17.8436212, 28.7736145 ], [ -17.8436486, 28.7736455 ], [ -17.8436905, 28.7736785 ], [ -17.8437326, 28.7737114 ], [ -17.843749, 28.7737246 ], [ -17.8437695, 28.77374 ], [ -17.8437899, 28.7737711 ], [ -17.8437988, 28.7738025 ], [ -17.8438075, 28.7738406 ], [ -17.8438074, 28.7738677 ], [ -17.8438075, 28.773888 ], [ -17.8437982, 28.7739288 ], [ -17.8437806, 28.773972 ], [ -17.8437388, 28.7740337 ], [ -17.8437104, 28.7740546 ], [ -17.8436938, 28.7740685 ], [ -17.8436549, 28.7740964 ], [ -17.8436233, 28.7741151 ], [ -17.8435985, 28.7741382 ], [ -17.8435825, 28.7741566 ], [ -17.8435737, 28.774168 ], [ -17.8435253, 28.7742841 ], [ -17.8434895, 28.7743367 ], [ -17.8434678, 28.7743687 ], [ -17.8434465, 28.7743962 ], [ -17.843435, 28.7744145 ], [ -17.8434276, 28.7744259 ], [ -17.8434119, 28.7744556 ], [ -17.8433974, 28.7744852 ], [ -17.8433858, 28.7745125 ], [ -17.8433701, 28.7745354 ], [ -17.8433464, 28.7745562 ], [ -17.8433187, 28.7745725 ], [ -17.8432783, 28.7745937 ], [ -17.8431964, 28.7746247 ], [ -17.8431383, 28.774635 ], [ -17.8430537, 28.774648 ], [ -17.8430161, 28.7746533 ], [ -17.8429904, 28.7746561 ], [ -17.8429632, 28.7746612 ], [ -17.8429364, 28.7746708 ], [ -17.8429124, 28.7746826 ], [ -17.842877, 28.7747036 ], [ -17.8428508, 28.7747222 ], [ -17.8428279, 28.7747385 ], [ -17.8427918, 28.7747663 ], [ -17.8427565, 28.7747896 ], [ -17.8427236, 28.7748173 ], [ -17.8427047, 28.774838 ], [ -17.8426877, 28.774861 ], [ -17.8426752, 28.7748793 ], [ -17.8426632, 28.774902 ], [ -17.8426448, 28.7749318 ], [ -17.8426313, 28.7749636 ], [ -17.8426245, 28.7749796 ], [ -17.84262, 28.7749887 ], [ -17.8426021, 28.7750183 ], [ -17.8425746, 28.7750618 ], [ -17.8425379, 28.7751122 ], [ -17.8425171, 28.7751464 ], [ -17.8424664, 28.7752129 ], [ -17.842435, 28.7752451 ], [ -17.8424031, 28.7752796 ], [ -17.842362, 28.7753211 ], [ -17.8423549, 28.775328 ], [ -17.8423058, 28.7753832 ], [ -17.8422712, 28.7754177 ], [ -17.8422361, 28.7754681 ], [ -17.8422071, 28.7755138 ], [ -17.8421849, 28.7755571 ], [ -17.8421554, 28.7756118 ], [ -17.8421478, 28.7756255 ], [ -17.8421358, 28.7756506 ], [ -17.842122, 28.7756914 ], [ -17.8421106, 28.7757323 ], [ -17.8420487, 28.7758711 ], [ -17.8420305, 28.7759054 ], [ -17.8420135, 28.7759418 ], [ -17.8420042, 28.7759713 ], [ -17.8420023, 28.7760029 ], [ -17.8420112, 28.7760343 ], [ -17.8420289, 28.7760723 ], [ -17.8420296, 28.7761106 ], [ -17.8420158, 28.7761628 ], [ -17.8419925, 28.7762016 ], [ -17.8419873, 28.7762107 ], [ -17.8419506, 28.7762543 ], [ -17.8419131, 28.7762844 ], [ -17.8418713, 28.7763146 ], [ -17.8418393, 28.7763424 ], [ -17.8418197, 28.7763631 ], [ -17.8418043, 28.7763927 ], [ -17.8417958, 28.77642 ], [ -17.841777, 28.7764925 ], [ -17.8417541, 28.7765539 ], [ -17.8417366, 28.7766174 ], [ -17.8417247, 28.7767213 ], [ -17.8417194, 28.7767824 ], [ -17.8417072, 28.7768345 ], [ -17.8416727, 28.7768848 ], [ -17.8416488, 28.7769169 ], [ -17.8416437, 28.7769238 ], [ -17.8416118, 28.7769515 ], [ -17.8415729, 28.7769749 ], [ -17.8415172, 28.7770009 ], [ -17.8414671, 28.7770199 ], [ -17.8414244, 28.7770366 ], [ -17.8413909, 28.7770509 ], [ -17.8413179, 28.7770862 ], [ -17.8412801, 28.7771051 ], [ -17.8411985, 28.7771361 ], [ -17.8410937, 28.7771766 ], [ -17.8410115, 28.7772054 ], [ -17.8409346, 28.7772273 ], [ -17.8408606, 28.7772537 ], [ -17.8408064, 28.7772774 ], [ -17.8407563, 28.7772987 ], [ -17.8407102, 28.7773223 ], [ -17.8406555, 28.7773505 ], [ -17.8406073, 28.7773808 ], [ -17.8405831, 28.7774016 ], [ -17.8405542, 28.7774315 ], [ -17.8404968, 28.7775229 ], [ -17.8404698, 28.7775844 ], [ -17.8404545, 28.7776614 ], [ -17.8404516, 28.7777539 ], [ -17.840457, 28.7777786 ], [ -17.8404631, 28.7778078 ], [ -17.8404831, 28.7778638 ], [ -17.8405119, 28.7779398 ], [ -17.8405431, 28.7779978 ], [ -17.8405733, 28.7780423 ], [ -17.8405868, 28.7780623 ], [ -17.8406183, 28.7780932 ], [ -17.8406562, 28.7781217 ], [ -17.8406977, 28.7781479 ], [ -17.8407258, 28.7781631 ], [ -17.8407602, 28.7781917 ], [ -17.8407844, 28.7782318 ], [ -17.8407906, 28.7782497 ], [ -17.8408007, 28.7782833 ], [ -17.8408036, 28.7783148 ], [ -17.8407967, 28.778351 ], [ -17.8407783, 28.7783807 ], [ -17.8407695, 28.7783899 ], [ -17.8407456, 28.7784107 ], [ -17.8407201, 28.7784248 ], [ -17.8406752, 28.7784438 ], [ -17.8406242, 28.7784584 ], [ -17.8405702, 28.7784663 ], [ -17.8405525, 28.7784689 ], [ -17.8405131, 28.778472 ], [ -17.8404514, 28.7784733 ], [ -17.8403852, 28.7784679 ], [ -17.8403389, 28.7784621 ], [ -17.840287, 28.7784474 ], [ -17.8402274, 28.7784374 ], [ -17.8401595, 28.7784298 ], [ -17.8400705, 28.7784272 ], [ -17.8400383, 28.7784301 ], [ -17.8400042, 28.7784308 ], [ -17.8399335, 28.7784414 ], [ -17.8398644, 28.7784473 ], [ -17.8398036, 28.7784486 ], [ -17.8397461, 28.7784362 ], [ -17.8396892, 28.7784127 ], [ -17.8396238, 28.7783734 ], [ -17.8396154, 28.7783691 ], [ -17.8395544, 28.778314 ], [ -17.8394891, 28.7782432 ], [ -17.839443, 28.7782059 ], [ -17.8394349, 28.7782015 ], [ -17.8393773, 28.7781599 ], [ -17.8393279, 28.7781203 ], [ -17.8393044, 28.778096 ], [ -17.8392723, 28.7780629 ], [ -17.8392365, 28.7780185 ], [ -17.8391867, 28.7779294 ], [ -17.8391428, 28.7778491 ], [ -17.8391042, 28.7777913 ], [ -17.8390808, 28.7777692 ], [ -17.839055, 28.7777563 ], [ -17.8389967, 28.7777597 ], [ -17.838949, 28.7777698 ], [ -17.8389093, 28.7777841 ], [ -17.8388832, 28.7777959 ], [ -17.8388164, 28.7778289 ], [ -17.8387702, 28.7778592 ], [ -17.8387299, 28.7778894 ], [ -17.8386943, 28.7779217 ], [ -17.8386597, 28.7779495 ], [ -17.8386267, 28.7779795 ], [ -17.8386188, 28.7779864 ], [ -17.8385923, 28.7780163 ], [ -17.8385754, 28.7780369 ], [ -17.8385587, 28.7780598 ], [ -17.8385438, 28.7780805 ], [ -17.838518, 28.7781238 ], [ -17.8385086, 28.7781421 ], [ -17.8384879, 28.7781763 ], [ -17.8384493, 28.7782809 ], [ -17.8384374, 28.7783172 ], [ -17.8384135, 28.7784147 ], [ -17.8384109, 28.778426 ], [ -17.8384049, 28.7784645 ], [ -17.8384077, 28.7785028 ], [ -17.8384171, 28.7785364 ], [ -17.8384426, 28.7785787 ], [ -17.8384736, 28.7786254 ], [ -17.8384927, 28.7786543 ], [ -17.8385038, 28.7786676 ], [ -17.8385232, 28.778692 ], [ -17.8385461, 28.7787276 ], [ -17.8385685, 28.7787632 ], [ -17.8386087, 28.7788481 ], [ -17.8386284, 28.7788973 ], [ -17.8386328, 28.7789062 ], [ -17.8386446, 28.7789736 ], [ -17.8386436, 28.7790142 ], [ -17.8386384, 28.7790482 ], [ -17.8386218, 28.7790891 ], [ -17.8385887, 28.7791326 ], [ -17.8385375, 28.7791788 ], [ -17.8384444, 28.7792439 ], [ -17.8384127, 28.7792671 ], [ -17.8383661, 28.7793042 ], [ -17.8383206, 28.779339 ], [ -17.8382778, 28.7793715 ], [ -17.8382322, 28.7794017 ], [ -17.8381875, 28.7794387 ], [ -17.8381443, 28.7794735 ], [ -17.8381041, 28.7795082 ], [ -17.8380553, 28.779561 ], [ -17.8380238, 28.7795978 ], [ -17.837979, 28.7796438 ], [ -17.8379431, 28.7796761 ], [ -17.8379001, 28.7797199 ], [ -17.8378164, 28.7798118 ], [ -17.8378069, 28.7798211 ], [ -17.8377786, 28.7798465 ], [ -17.8377376, 28.7798744 ], [ -17.8376825, 28.7799026 ], [ -17.8375765, 28.7799409 ], [ -17.8375136, 28.7799558 ], [ -17.8374502, 28.7799707 ], [ -17.8374099, 28.7799918 ], [ -17.8373753, 28.7800241 ], [ -17.8373662, 28.7800311 ], [ -17.8373348, 28.7800768 ], [ -17.837317, 28.7801155 ], [ -17.8373102, 28.7801495 ], [ -17.837307, 28.7801969 ], [ -17.8373069, 28.7802533 ], [ -17.837303, 28.780303 ], [ -17.8372778, 28.7803689 ], [ -17.8372458, 28.7804102 ], [ -17.8372122, 28.7804537 ], [ -17.8371742, 28.7805019 ], [ -17.837147, 28.780534 ], [ -17.8371115, 28.7805731 ], [ -17.8370765, 28.7806167 ], [ -17.8370613, 28.7806508 ], [ -17.8370549, 28.7806938 ], [ -17.8370561, 28.7807028 ], [ -17.8370598, 28.7807501 ], [ -17.8370762, 28.7807836 ], [ -17.8371006, 28.7808146 ], [ -17.8371299, 28.7808411 ], [ -17.8371861, 28.7808782 ], [ -17.8372457, 28.7809176 ], [ -17.8372861, 28.7809415 ], [ -17.837351, 28.780983 ], [ -17.8373927, 28.7810137 ], [ -17.8374471, 28.7810667 ], [ -17.837496, 28.7811243 ], [ -17.8375457, 28.7811886 ], [ -17.8376102, 28.7812842 ], [ -17.8376373, 28.781322 ], [ -17.8376645, 28.7813756 ], [ -17.8376874, 28.7814269 ], [ -17.8377048, 28.7814694 ], [ -17.8377112, 28.7814918 ], [ -17.837716, 28.7815098 ], [ -17.8377235, 28.7815502 ], [ -17.8377317, 28.7815951 ], [ -17.8377444, 28.7816445 ], [ -17.8377729, 28.7817093 ], [ -17.8378051, 28.7817695 ], [ -17.8378361, 28.7818094 ], [ -17.837855, 28.7818339 ], [ -17.8379087, 28.7818801 ], [ -17.8379541, 28.7819062 ], [ -17.838005, 28.7819276 ], [ -17.8380801, 28.7819486 ], [ -17.8380917, 28.7819506 ], [ -17.8381337, 28.781961 ], [ -17.8382284, 28.7819771 ], [ -17.838282, 28.781994 ], [ -17.8383236, 28.7820112 ], [ -17.8383676, 28.7820418 ], [ -17.8384051, 28.7820749 ], [ -17.8384338, 28.7821103 ], [ -17.8384565, 28.7821482 ], [ -17.8384641, 28.7821661 ], [ -17.8384715, 28.7821817 ], [ -17.838479, 28.7822041 ], [ -17.8384925, 28.7822376 ], [ -17.8385026, 28.7822645 ], [ -17.8385081, 28.7822801 ], [ -17.8385148, 28.7823003 ], [ -17.8385204, 28.7823205 ], [ -17.8385263, 28.7823361 ], [ -17.8385314, 28.7823541 ], [ -17.8385417, 28.7823854 ], [ -17.8385506, 28.7824191 ], [ -17.8385567, 28.782455 ], [ -17.8385582, 28.7824978 ], [ -17.8385589, 28.7825362 ], [ -17.8385504, 28.7825882 ], [ -17.8385382, 28.7826426 ], [ -17.8385289, 28.7826879 ], [ -17.8385228, 28.7827151 ], [ -17.8385193, 28.7827332 ], [ -17.838491, 28.7828217 ], [ -17.8384504, 28.7829488 ], [ -17.8384451, 28.782976 ], [ -17.8384351, 28.7830214 ], [ -17.8384285, 28.7830576 ], [ -17.8384245, 28.7830802 ], [ -17.8383911, 28.7832004 ], [ -17.8383882, 28.783214 ], [ -17.8383744, 28.7832436 ], [ -17.8383517, 28.7832734 ], [ -17.8383184, 28.7832967 ], [ -17.838265, 28.7833293 ], [ -17.8381749, 28.7833673 ], [ -17.8381129, 28.7833934 ], [ -17.838102, 28.7833982 ], [ -17.8380522, 28.7834173 ], [ -17.8380054, 28.7834228 ], [ -17.8379342, 28.7834243 ], [ -17.8378887, 28.7834207 ], [ -17.8378425, 28.7834059 ], [ -17.8377985, 28.783382 ], [ -17.8376888, 28.7832919 ], [ -17.8376713, 28.7832697 ], [ -17.8376526, 28.7832453 ], [ -17.8376039, 28.7831854 ], [ -17.8375682, 28.7831546 ], [ -17.8375248, 28.7831284 ], [ -17.8374709, 28.783116 ], [ -17.8372822, 28.7830772 ], [ -17.8372557, 28.7830732 ], [ -17.8371087, 28.7830447 ], [ -17.8369695, 28.7830161 ], [ -17.8368011, 28.782988 ], [ -17.8367434, 28.782978 ], [ -17.836678, 28.7829771 ], [ -17.8366003, 28.7829877 ], [ -17.8365075, 28.78301 ], [ -17.83641, 28.7830323 ], [ -17.836339, 28.7830541 ], [ -17.8362813, 28.7830824 ], [ -17.8362438, 28.7831103 ], [ -17.836235, 28.7831149 ], [ -17.8361962, 28.7831519 ], [ -17.8361623, 28.7831909 ], [ -17.8361547, 28.7832023 ], [ -17.8361298, 28.7832367 ], [ -17.8360966, 28.7832847 ], [ -17.8360836, 28.7833076 ], [ -17.8360716, 28.7833484 ], [ -17.8360605, 28.7834073 ], [ -17.8360522, 28.7834706 ], [ -17.8360432, 28.7835114 ], [ -17.8360319, 28.7835477 ], [ -17.8360216, 28.7835817 ], [ -17.8360122, 28.783618 ], [ -17.8360039, 28.7836565 ], [ -17.8359896, 28.7837312 ], [ -17.8359669, 28.7838151 ], [ -17.8359628, 28.7838288 ], [ -17.8359294, 28.7839287 ], [ -17.8359012, 28.7840105 ], [ -17.8358685, 28.7841036 ], [ -17.8358397, 28.7842012 ], [ -17.835826, 28.7842421 ], [ -17.8358168, 28.7842693 ], [ -17.8357968, 28.7843554 ], [ -17.8357947, 28.7844322 ], [ -17.8357977, 28.7844794 ], [ -17.8358174, 28.7845444 ], [ -17.8358612, 28.7846179 ], [ -17.8359185, 28.7846957 ], [ -17.8359624, 28.7847308 ], [ -17.8360323, 28.7847699 ], [ -17.8360772, 28.7847915 ], [ -17.8361327, 28.7848152 ], [ -17.8361927, 28.7848432 ], [ -17.8362739, 28.7848844 ], [ -17.8363695, 28.7849387 ], [ -17.836427, 28.7849713 ], [ -17.8364719, 28.7850042 ], [ -17.8365033, 28.7850284 ], [ -17.8365481, 28.7850703 ], [ -17.8366221, 28.7851522 ], [ -17.836663, 28.7851897 ], [ -17.8367343, 28.7852468 ], [ -17.836774, 28.785282 ], [ -17.8367836, 28.7852908 ], [ -17.8368618, 28.7853546 ], [ -17.8369029, 28.7853785 ], [ -17.8369187, 28.7853872 ], [ -17.836949, 28.7854001 ], [ -17.8369923, 28.785424 ], [ -17.8370252, 28.7854436 ], [ -17.8370497, 28.7854566 ], [ -17.8370869, 28.7854942 ], [ -17.8371254, 28.7855452 ], [ -17.8371368, 28.7855608 ], [ -17.8371648, 28.7856053 ], [ -17.8371855, 28.78565 ], [ -17.8371953, 28.78567 ], [ -17.8372083, 28.7856969 ], [ -17.8372354, 28.7857549 ], [ -17.8372452, 28.7857772 ], [ -17.8372559, 28.7857996 ], [ -17.837277, 28.7858352 ], [ -17.8372946, 28.7858619 ], [ -17.8373065, 28.785882 ], [ -17.8373169, 28.7858998 ], [ -17.8373277, 28.7859153 ], [ -17.8373386, 28.7859332 ], [ -17.8373491, 28.7859487 ], [ -17.8373599, 28.7859688 ], [ -17.8373737, 28.7859888 ], [ -17.8373866, 28.7860088 ], [ -17.8374091, 28.7860422 ], [ -17.837422, 28.7860757 ], [ -17.8374253, 28.7861117 ], [ -17.8374225, 28.7861298 ], [ -17.8374062, 28.7861662 ], [ -17.8373795, 28.7862052 ], [ -17.8373429, 28.7862465 ], [ -17.8373195, 28.7862628 ], [ -17.837264, 28.7862842 ], [ -17.8372018, 28.7862923 ], [ -17.8371465, 28.786289 ], [ -17.8370271, 28.7862712 ], [ -17.8370062, 28.7862671 ], [ -17.8369119, 28.786251 ], [ -17.836643, 28.786259 ], [ -17.836544, 28.7862791 ], [ -17.8364898, 28.786296 ], [ -17.8364453, 28.7863082 ], [ -17.8363575, 28.7863394 ], [ -17.836273, 28.7863727 ], [ -17.836175, 28.7864109 ], [ -17.8361255, 28.7864435 ], [ -17.8360829, 28.7864827 ], [ -17.8360392, 28.7865242 ], [ -17.8360006, 28.7865611 ], [ -17.8359569, 28.7865981 ], [ -17.8359158, 28.7866306 ], [ -17.8358764, 28.7866584 ], [ -17.8358345, 28.7866886 ], [ -17.8357929, 28.7867188 ], [ -17.8357701, 28.7867306 ], [ -17.8357423, 28.7867402 ], [ -17.8357172, 28.7867452 ], [ -17.8356722, 28.7867507 ], [ -17.8355474, 28.7867556 ], [ -17.8354449, 28.7867577 ], [ -17.8353396, 28.7867577 ], [ -17.8352238, 28.7867579 ], [ -17.8351565, 28.7867593 ], [ -17.835098, 28.7867695 ], [ -17.8350577, 28.7867861 ], [ -17.8350204, 28.7868095 ], [ -17.8349925, 28.7868371 ], [ -17.8349816, 28.7868531 ], [ -17.8349716, 28.7868872 ], [ -17.8324998, 28.7897917 ], [ -17.8283501, 28.7943033 ], [ -17.8247424, 28.7978133 ], [ -17.8205197, 28.8017601 ], [ -17.8176068, 28.8041054 ], [ -17.8162098, 28.8047096 ], [ -17.81439, 28.8056632 ], [ -17.8131905, 28.8065496 ], [ -17.8122577, 28.8075545 ], [ -17.8116882, 28.8082632 ], [ -17.8114645, 28.8090707 ], [ -17.8109302, 28.8103853 ], [ -17.810058, 28.8115175 ], [ -17.8097877, 28.8118997 ], [ -17.8082974, 28.8132951 ], [ -17.806904, 28.8143186 ], [ -17.8044769, 28.8162047 ], [ -17.8029054, 28.8173808 ], [ -17.8011499, 28.8184996 ], [ -17.7999496, 28.8199386 ], [ -17.7991077, 28.8208761 ], [ -17.7990154, 28.8210133 ], [ -17.7989446, 28.8210937 ], [ -17.7988881, 28.8211535 ], [ -17.7988436, 28.8212198 ], [ -17.7988355, 28.8212358 ], [ -17.7988337, 28.8212697 ], [ -17.7988365, 28.821308 ], [ -17.7988742, 28.8214064 ], [ -17.7988823, 28.8214536 ], [ -17.7988898, 28.8214917 ], [ -17.7989109, 28.8215296 ], [ -17.7989365, 28.8215832 ], [ -17.7989551, 28.8216144 ], [ -17.7989603, 28.8216279 ], [ -17.798967, 28.8216503 ], [ -17.7989704, 28.8217111 ], [ -17.7989588, 28.8217519 ], [ -17.7989275, 28.8217954 ], [ -17.7988933, 28.8218209 ], [ -17.7988266, 28.8218449 ], [ -17.7987227, 28.8218808 ], [ -17.79865, 28.8219094 ], [ -17.7985965, 28.8219398 ], [ -17.7985494, 28.8219724 ], [ -17.7985113, 28.8220138 ], [ -17.7984938, 28.8220412 ], [ -17.7984891, 28.8220706 ], [ -17.798497, 28.8221246 ], [ -17.7984982, 28.8221719 ], [ -17.7984898, 28.8222036 ], [ -17.7984652, 28.8222357 ], [ -17.798436, 28.8222611 ], [ -17.7983917, 28.8222936 ], [ -17.7983719, 28.8223188 ], [ -17.7983677, 28.8223483 ], [ -17.7983788, 28.8223773 ], [ -17.7983866, 28.8223975 ], [ -17.7983896, 28.8224064 ], [ -17.7983898, 28.8224357 ], [ -17.7983816, 28.8224494 ], [ -17.7983537, 28.8224748 ], [ -17.798294, 28.8225054 ], [ -17.7982621, 28.8225331 ], [ -17.7981811, 28.8226002 ], [ -17.7981022, 28.822683 ], [ -17.7980421, 28.8227632 ], [ -17.7979944, 28.8228341 ], [ -17.7979691, 28.8228662 ], [ -17.7979539, 28.8228868 ], [ -17.7979146, 28.8229462 ], [ -17.7978988, 28.8229781 ], [ -17.7978861, 28.8230325 ], [ -17.7978812, 28.8230552 ], [ -17.7978789, 28.823071 ], [ -17.7978669, 28.8231186 ], [ -17.7978566, 28.8231527 ], [ -17.7978395, 28.8232049 ], [ -17.7978169, 28.8232369 ], [ -17.7976838, 28.8233569 ], [ -17.7976396, 28.8233917 ], [ -17.7974929, 28.8234894 ], [ -17.7974423, 28.8235198 ], [ -17.797367, 28.8235507 ], [ -17.7973044, 28.82357 ], [ -17.7972514, 28.8235824 ], [ -17.7972241, 28.8235965 ], [ -17.7972102, 28.8236081 ], [ -17.7971952, 28.8236264 ], [ -17.7971808, 28.823656 ], [ -17.7971747, 28.8236674 ], [ -17.7971457, 28.8237086 ], [ -17.7971389, 28.8237178 ], [ -17.7970979, 28.8237367 ], [ -17.7968843, 28.8237839 ], [ -17.7967785, 28.8237952 ], [ -17.7967686, 28.8237976 ], [ -17.796699, 28.8238036 ], [ -17.7966551, 28.823809 ], [ -17.7966441, 28.8238092 ], [ -17.7966271, 28.8238141 ], [ -17.7966123, 28.8238189 ], [ -17.7965914, 28.8238284 ], [ -17.7965732, 28.8238355 ], [ -17.7965342, 28.8238498 ], [ -17.7964874, 28.8238576 ], [ -17.796466, 28.8238603 ], [ -17.7964505, 28.8238606 ], [ -17.7963985, 28.8238617 ], [ -17.7963227, 28.8238633 ], [ -17.796251, 28.823858 ], [ -17.7961541, 28.8238487 ], [ -17.7960768, 28.8238435 ], [ -17.7958803, 28.8238318 ], [ -17.7957868, 28.8238248 ], [ -17.7957599, 28.8238321 ], [ -17.7956862, 28.8238516 ], [ -17.7956365, 28.8238617 ], [ -17.7956122, 28.823869 ], [ -17.7955853, 28.823874 ], [ -17.7955706, 28.8238789 ], [ -17.7955452, 28.8238816 ], [ -17.7955326, 28.8238842 ], [ -17.7955126, 28.8238846 ], [ -17.7954784, 28.8238898 ], [ -17.795466, 28.82389 ], [ -17.7954505, 28.8238904 ], [ -17.7954374, 28.8238906 ], [ -17.7954203, 28.823891 ], [ -17.7954087, 28.8238912 ], [ -17.7953945, 28.8238915 ], [ -17.7953749, 28.8238919 ], [ -17.7953604, 28.8238922 ], [ -17.7953504, 28.8238924 ], [ -17.7953384, 28.8238927 ], [ -17.7953236, 28.8238907 ], [ -17.7953114, 28.823891 ], [ -17.795293, 28.8238914 ], [ -17.7952725, 28.8238896 ], [ -17.7952601, 28.8238898 ], [ -17.7952501, 28.82389 ], [ -17.7952302, 28.8238882 ], [ -17.7951994, 28.8238888 ], [ -17.7951682, 28.8238895 ], [ -17.7951208, 28.8238882 ], [ -17.7950597, 28.8238895 ], [ -17.7950041, 28.8238906 ], [ -17.7948663, 28.8239025 ], [ -17.794758, 28.8239092 ], [ -17.7946691, 28.8239246 ], [ -17.7946399, 28.8239387 ], [ -17.7944745, 28.8240391 ], [ -17.7943244, 28.8241302 ], [ -17.7942446, 28.8241792 ], [ -17.7942062, 28.8242003 ], [ -17.7941658, 28.8242237 ], [ -17.7941089, 28.8242767 ], [ -17.794082, 28.8243066 ], [ -17.7940098, 28.824378 ], [ -17.7939471, 28.8244086 ], [ -17.7939104, 28.8244229 ], [ -17.7938628, 28.8244397 ], [ -17.7936316, 28.8244783 ], [ -17.7936176, 28.8244763 ], [ -17.7935971, 28.8244768 ], [ -17.7934492, 28.8244573 ], [ -17.7933285, 28.8244304 ], [ -17.7932649, 28.8244227 ], [ -17.7931847, 28.8244244 ], [ -17.7930812, 28.8244491 ], [ -17.7930241, 28.8244751 ], [ -17.7929912, 28.8245006 ], [ -17.7929396, 28.8245513 ], [ -17.7929034, 28.8245859 ], [ -17.7928756, 28.8246067 ], [ -17.7928378, 28.8246255 ], [ -17.7927476, 28.8246522 ], [ -17.7926741, 28.8246538 ], [ -17.7926523, 28.8246565 ], [ -17.7925991, 28.8246576 ], [ -17.7925749, 28.8246693 ], [ -17.7925257, 28.8247087 ], [ -17.7925173, 28.8247156 ], [ -17.7924772, 28.8247322 ], [ -17.7924641, 28.824737 ], [ -17.7923605, 28.8247504 ], [ -17.7923139, 28.8247469 ], [ -17.7922232, 28.8247262 ], [ -17.792177, 28.8247114 ], [ -17.79211, 28.8246902 ], [ -17.7920479, 28.8246509 ], [ -17.7920054, 28.8246247 ], [ -17.791978, 28.8246095 ], [ -17.7918952, 28.8245729 ], [ -17.7917838, 28.8245075 ], [ -17.7917073, 28.8244731 ], [ -17.7916965, 28.824471 ], [ -17.7915512, 28.8244222 ], [ -17.7914054, 28.8243801 ], [ -17.7913685, 28.8243628 ], [ -17.7913246, 28.8243502 ], [ -17.7912098, 28.8243368 ], [ -17.7911668, 28.8243331 ], [ -17.7911205, 28.8243318 ], [ -17.7910561, 28.8243332 ], [ -17.7910418, 28.8243335 ], [ -17.7910161, 28.824334 ], [ -17.790991, 28.8243323 ], [ -17.7909727, 28.8243304 ], [ -17.7909535, 28.8243308 ], [ -17.7909248, 28.8243269 ], [ -17.7909042, 28.8243228 ], [ -17.7908784, 28.8243211 ], [ -17.7908508, 28.8243194 ], [ -17.7908087, 28.824318 ], [ -17.7907839, 28.8243208 ], [ -17.7907629, 28.8243212 ], [ -17.7907391, 28.8243262 ], [ -17.79072, 28.8243289 ], [ -17.7907016, 28.8243338 ], [ -17.7906867, 28.8243386 ], [ -17.7906698, 28.8243434 ], [ -17.7906509, 28.8243506 ], [ -17.7906273, 28.8243511 ], [ -17.7905976, 28.8243494 ], [ -17.7905379, 28.8243439 ], [ -17.790513, 28.8243399 ], [ -17.7904701, 28.8243318 ], [ -17.7904601, 28.8243297 ], [ -17.7904071, 28.8243196 ], [ -17.7903699, 28.8243158 ], [ -17.7903592, 28.8243161 ], [ -17.7903465, 28.8243118 ], [ -17.7892234, 28.8241005 ], [ -17.7891387, 28.8240887 ], [ -17.7891156, 28.8240847 ], [ -17.7890719, 28.8240856 ], [ -17.7890037, 28.8240848 ], [ -17.7888922, 28.8240871 ], [ -17.7888277, 28.8240929 ], [ -17.7887575, 28.8241011 ], [ -17.788682, 28.824114 ], [ -17.7886637, 28.8241211 ], [ -17.7885845, 28.8241453 ], [ -17.7884612, 28.8241726 ], [ -17.788448, 28.8241752 ], [ -17.7883813, 28.824172 ], [ -17.7883062, 28.824151 ], [ -17.7882687, 28.8241383 ], [ -17.7882022, 28.8240991 ], [ -17.7881139, 28.8240648 ], [ -17.7880781, 28.8240543 ], [ -17.7880199, 28.8240261 ], [ -17.787951, 28.8239735 ], [ -17.7879179, 28.8239606 ], [ -17.7879013, 28.8239587 ], [ -17.7878288, 28.8239602 ], [ -17.787799, 28.8239721 ], [ -17.787719, 28.8240301 ], [ -17.7876677, 28.8240718 ], [ -17.7876248, 28.824102 ], [ -17.7875634, 28.8241191 ], [ -17.7874827, 28.8241185 ], [ -17.7874266, 28.8241038 ], [ -17.7874003, 28.8240908 ], [ -17.7873769, 28.8240778 ], [ -17.7872913, 28.8240525 ], [ -17.787238, 28.8240423 ], [ -17.7871926, 28.8240433 ], [ -17.7871479, 28.8240464 ], [ -17.7871376, 28.8240511 ], [ -17.7871266, 28.8240559 ], [ -17.7869948, 28.824115 ], [ -17.7869512, 28.824134 ], [ -17.7869172, 28.8241549 ], [ -17.7867436, 28.8242533 ], [ -17.7866711, 28.8242953 ], [ -17.7866024, 28.8243396 ], [ -17.786507, 28.8244047 ], [ -17.7864726, 28.8244325 ], [ -17.786321, 28.8245754 ], [ -17.7862614, 28.8246083 ], [ -17.7862343, 28.8246291 ], [ -17.7862079, 28.8246409 ], [ -17.7861826, 28.8246482 ], [ -17.7861102, 28.8246678 ], [ -17.786099, 28.8246702 ], [ -17.7860734, 28.8246753 ], [ -17.7860361, 28.8246806 ], [ -17.785998, 28.8246859 ], [ -17.7859584, 28.8246957 ], [ -17.7858781, 28.8247199 ], [ -17.785792, 28.8247578 ], [ -17.7857176, 28.8247954 ], [ -17.7856818, 28.8248142 ], [ -17.785652, 28.8248441 ], [ -17.7856392, 28.8248624 ], [ -17.7856283, 28.8248784 ], [ -17.7855935, 28.8249558 ], [ -17.7855695, 28.8250104 ], [ -17.785552, 28.8250491 ], [ -17.7855019, 28.8251268 ], [ -17.785472, 28.8251703 ], [ -17.7854394, 28.8252071 ], [ -17.7853506, 28.8252653 ], [ -17.7853126, 28.8252841 ], [ -17.7852696, 28.8252985 ], [ -17.785224, 28.8253062 ], [ -17.7852046, 28.8253089 ], [ -17.7850931, 28.8253134 ], [ -17.7849624, 28.8253319 ], [ -17.7849269, 28.8253462 ], [ -17.7848967, 28.8253648 ], [ -17.784874, 28.8253924 ], [ -17.7848623, 28.8254264 ], [ -17.7848562, 28.8254378 ], [ -17.7848475, 28.8254561 ], [ -17.7848219, 28.8254769 ], [ -17.7847894, 28.8254956 ], [ -17.7847439, 28.8255191 ], [ -17.7847341, 28.8255216 ], [ -17.7847077, 28.8255334 ], [ -17.7846668, 28.8255455 ], [ -17.7845801, 28.8255563 ], [ -17.7845708, 28.8255565 ], [ -17.7844406, 28.8255592 ], [ -17.7843523, 28.8255272 ], [ -17.7843028, 28.8254808 ], [ -17.7842959, 28.8254742 ], [ -17.7842258, 28.8253968 ], [ -17.7841941, 28.8253726 ], [ -17.7841436, 28.8253511 ], [ -17.7841014, 28.8253474 ], [ -17.7840387, 28.8253487 ], [ -17.784007, 28.8253494 ], [ -17.7839622, 28.8253481 ], [ -17.7839174, 28.8253332 ], [ -17.7838769, 28.825307 ], [ -17.7838215, 28.8252653 ], [ -17.7837431, 28.825206 ], [ -17.7836823, 28.8251757 ], [ -17.7835816, 28.8251552 ], [ -17.78342, 28.825145 ], [ -17.7833724, 28.8251392 ], [ -17.7832647, 28.8251257 ], [ -17.7832113, 28.8251223 ], [ -17.7831601, 28.8251233 ], [ -17.7831096, 28.8251199 ], [ -17.7830164, 28.825106 ], [ -17.7829451, 28.8250984 ], [ -17.7828824, 28.8250975 ], [ -17.7828509, 28.8250959 ], [ -17.7827137, 28.8250874 ], [ -17.7826281, 28.8250712 ], [ -17.7825629, 28.8250748 ], [ -17.782524, 28.8250868 ], [ -17.7824889, 28.8251033 ], [ -17.7824232, 28.8251543 ], [ -17.7823814, 28.8251868 ], [ -17.7823409, 28.8252191 ], [ -17.7822446, 28.8252843 ], [ -17.7822051, 28.8253054 ], [ -17.7821597, 28.8253199 ], [ -17.7821133, 28.8253208 ], [ -17.7820602, 28.8253106 ], [ -17.7820126, 28.8253003 ], [ -17.7819232, 28.8252616 ], [ -17.7818693, 28.8252289 ], [ -17.7818022, 28.8251716 ], [ -17.7817827, 28.825136 ], [ -17.7817702, 28.8250866 ], [ -17.7817604, 28.8249966 ], [ -17.7817498, 28.8248592 ], [ -17.7817423, 28.8248211 ], [ -17.7817284, 28.8247853 ], [ -17.7817067, 28.8247519 ], [ -17.7816927, 28.8247364 ], [ -17.7816784, 28.8247209 ], [ -17.7816407, 28.8246901 ], [ -17.7815989, 28.8246639 ], [ -17.7815309, 28.8246428 ], [ -17.7814784, 28.8246326 ], [ -17.7814251, 28.8246292 ], [ -17.7813729, 28.8246325 ], [ -17.7812641, 28.824655 ], [ -17.7812153, 28.8246696 ], [ -17.7811706, 28.8246863 ], [ -17.781122, 28.8247121 ], [ -17.7810908, 28.824733 ], [ -17.7809745, 28.8248189 ], [ -17.780937, 28.8248467 ], [ -17.7809231, 28.8248583 ], [ -17.7808698, 28.8248955 ], [ -17.7808113, 28.8249688 ], [ -17.7807806, 28.8250145 ], [ -17.7806313, 28.8252161 ], [ -17.7805543, 28.8253214 ], [ -17.7805275, 28.8253535 ], [ -17.7804444, 28.8254274 ], [ -17.7804016, 28.8254599 ], [ -17.7803135, 28.8255113 ], [ -17.7802631, 28.8255191 ], [ -17.7801574, 28.825519 ], [ -17.7800506, 28.8255212 ], [ -17.7799609, 28.8255388 ], [ -17.7799017, 28.8255514 ], [ -17.7798366, 28.8255662 ], [ -17.7797415, 28.8255727 ], [ -17.7796476, 28.8255791 ], [ -17.7795934, 28.8255848 ], [ -17.7795402, 28.8255859 ], [ -17.7794951, 28.8255868 ], [ -17.7794675, 28.8255896 ], [ -17.7793457, 28.8256034 ], [ -17.779297, 28.8256112 ], [ -17.7791417, 28.8256708 ], [ -17.7790501, 28.8257155 ], [ -17.7790021, 28.8257368 ], [ -17.7788539, 28.8257849 ], [ -17.7787964, 28.8258087 ], [ -17.7786929, 28.8258537 ], [ -17.7785936, 28.825885 ], [ -17.7784805, 28.8259189 ], [ -17.7783984, 28.8259432 ], [ -17.7783454, 28.8259668 ], [ -17.7782426, 28.826023 ], [ -17.7782087, 28.8260598 ], [ -17.7781998, 28.8260758 ], [ -17.7781666, 28.8261351 ], [ -17.7781324, 28.8262328 ], [ -17.7781083, 28.826328 ], [ -17.7780787, 28.8264391 ], [ -17.7780709, 28.8264663 ], [ -17.7780571, 28.8265162 ], [ -17.778027, 28.826589 ], [ -17.7780078, 28.8266255 ], [ -17.7779768, 28.8266599 ], [ -17.7779368, 28.8266879 ], [ -17.7778917, 28.8267023 ], [ -17.7778409, 28.8267056 ], [ -17.7777886, 28.8267044 ], [ -17.7777125, 28.8266857 ], [ -17.7776982, 28.8266792 ], [ -17.7776628, 28.8266664 ], [ -17.7776097, 28.8266382 ], [ -17.7775966, 28.8266317 ], [ -17.7775762, 28.8266208 ], [ -17.7775356, 28.8265946 ], [ -17.7774559, 28.8265354 ], [ -17.7774214, 28.8265135 ], [ -17.7773868, 28.8264985 ], [ -17.7773492, 28.8264925 ], [ -17.7773102, 28.8264888 ], [ -17.7772639, 28.8264965 ], [ -17.7772138, 28.8265178 ], [ -17.7771339, 28.8265826 ], [ -17.777088, 28.8266219 ], [ -17.7770505, 28.8266497 ], [ -17.7769788, 28.8266805 ], [ -17.7769277, 28.8266906 ], [ -17.7768225, 28.826695 ], [ -17.7767302, 28.8266969 ], [ -17.7766855, 28.8267046 ], [ -17.7766497, 28.8267144 ], [ -17.776598, 28.8267312 ], [ -17.7765786, 28.8267384 ], [ -17.7765333, 28.8267663 ], [ -17.7764901, 28.8268033 ], [ -17.776402, 28.8268751 ], [ -17.7763673, 28.8269096 ], [ -17.7763037, 28.8269921 ], [ -17.7762794, 28.8270309 ], [ -17.7762742, 28.8270378 ], [ -17.7762276, 28.827129 ], [ -17.7761642, 28.8272205 ], [ -17.7761116, 28.8273163 ], [ -17.7760679, 28.8274074 ], [ -17.7760483, 28.8274754 ], [ -17.776043, 28.8275184 ], [ -17.7760448, 28.8275431 ], [ -17.7760463, 28.8275702 ], [ -17.7760696, 28.8276599 ], [ -17.7761018, 28.827754 ], [ -17.7761277, 28.8278527 ], [ -17.7761406, 28.827911 ], [ -17.7761402, 28.828008 ], [ -17.7761282, 28.8280511 ], [ -17.77609, 28.828088 ], [ -17.7760426, 28.8281137 ], [ -17.7759898, 28.8281306 ], [ -17.7758543, 28.8281582 ], [ -17.7758031, 28.828166 ], [ -17.7757526, 28.8281806 ], [ -17.775704, 28.8282042 ], [ -17.7756576, 28.8282299 ], [ -17.7756218, 28.8282442 ], [ -17.775608, 28.828249 ], [ -17.7755092, 28.8282781 ], [ -17.7753829, 28.828301 ], [ -17.7753347, 28.828311 ], [ -17.7752933, 28.8283276 ], [ -17.7752641, 28.828353 ], [ -17.775255, 28.828387 ], [ -17.7752609, 28.8284185 ], [ -17.7752696, 28.8284364 ], [ -17.7752757, 28.8284475 ], [ -17.7753024, 28.8285078 ], [ -17.7753196, 28.8285436 ], [ -17.775367, 28.8286328 ], [ -17.7754082, 28.8287244 ], [ -17.7754126, 28.8287672 ], [ -17.7754105, 28.8288123 ], [ -17.7754107, 28.8288281 ], [ -17.7754094, 28.8288665 ], [ -17.7754042, 28.8289455 ], [ -17.7753964, 28.8289908 ], [ -17.7753925, 28.8290134 ], [ -17.7753875, 28.8290473 ], [ -17.7753725, 28.8290792 ], [ -17.7753571, 28.8291089 ], [ -17.7753392, 28.829134 ], [ -17.7753074, 28.8291662 ], [ -17.77527, 28.8291851 ], [ -17.7752141, 28.829202 ], [ -17.7751052, 28.829229 ], [ -17.775048, 28.8292415 ], [ -17.7750146, 28.829249 ], [ -17.7749538, 28.8292615 ], [ -17.7747801, 28.8293011 ], [ -17.7747071, 28.8293207 ], [ -17.7746058, 28.8293476 ], [ -17.7745423, 28.8293692 ], [ -17.774502, 28.8293903 ], [ -17.7743305, 28.8294547 ] ] ] } }
]
}
