{
"type": "FeatureCollection",
"name": "38032",
"features": [
{ "type": "Feature", "properties": { "CCAA": "05 - Canarias", "PROVINCIA": "38 - Santa Cruz de Tenerife", "MUNICIPIO": "38032 - Rosario, El", "COD_MUNICIPIO": "38032", "DISTRITO": "01", "SECCION": "3803201003", "V1_H": 80.53, "V1_M": 86.43, "V2_H": 80.43347749, "V2_M": 86.30479166000001, "V3_H": 80.8868878, "V3_M": 86.74881461 }, "geometry": { "type": "Polygon", "coordinates": [ [ [ -16.3505403, 28.4645905 ], [ -16.3506274, 28.4646144 ], [ -16.3507265, 28.4647262 ], [ -16.3507475, 28.4647712 ], [ -16.3507833, 28.464825 ], [ -16.3508235, 28.4648742 ], [ -16.3508758, 28.4648962 ], [ -16.3509805, 28.4649223 ], [ -16.3510464, 28.4649284 ], [ -16.3511607, 28.4649363 ], [ -16.3513241, 28.4649347 ], [ -16.3514188, 28.4649269 ], [ -16.3515445, 28.4649212 ], [ -16.3515662, 28.464921 ], [ -16.3516236, 28.4649204 ], [ -16.3516818, 28.4649243 ], [ -16.3517358, 28.4649351 ], [ -16.3521509, 28.4649738 ], [ -16.3524732, 28.4650157 ], [ -16.3528578, 28.465039 ], [ -16.3530786, 28.4650639 ], [ -16.3532297, 28.4650985 ], [ -16.3533907, 28.4651397 ], [ -16.3536086, 28.4652075 ], [ -16.3538752, 28.4652861 ], [ -16.3540033, 28.4653187 ], [ -16.3542436, 28.4653907 ], [ -16.3547776, 28.4655479 ], [ -16.3548766, 28.465574 ], [ -16.3549922, 28.4656044 ], [ -16.3552903, 28.4656759 ], [ -16.3554099, 28.4657018 ], [ -16.3555498, 28.465732 ], [ -16.3558575, 28.4658056 ], [ -16.356096, 28.4658664 ], [ -16.3562906, 28.4659051 ], [ -16.3567092, 28.4659754 ], [ -16.3569957, 28.4660154 ], [ -16.3572586, 28.4660556 ], [ -16.3574823, 28.4660827 ], [ -16.3580302, 28.466172 ], [ -16.3580475, 28.4661764 ], [ -16.3582478, 28.466215 ], [ -16.358299, 28.4662257 ], [ -16.3584555, 28.4662558 ], [ -16.3585964, 28.4662905 ], [ -16.3587165, 28.4663276 ], [ -16.3587422, 28.4663364 ], [ -16.3588708, 28.4663847 ], [ -16.3589791, 28.4664243 ], [ -16.3591077, 28.4664681 ], [ -16.3592641, 28.4665185 ], [ -16.3594297, 28.4665687 ], [ -16.3594631, 28.4665796 ], [ -16.3596162, 28.4666232 ], [ -16.3598567, 28.466684 ], [ -16.3600234, 28.4667162 ], [ -16.3602027, 28.4667392 ], [ -16.360394, 28.4667712 ], [ -16.3606979, 28.4668245 ], [ -16.3609719, 28.4668601 ], [ -16.3611118, 28.4668655 ], [ -16.3611852, 28.4668715 ], [ -16.3613045, 28.4668884 ], [ -16.3615812, 28.466933 ], [ -16.3616317, 28.4669392 ], [ -16.3617008, 28.4669521 ], [ -16.3618694, 28.4669843 ], [ -16.3620313, 28.467021 ], [ -16.3623029, 28.4670905 ], [ -16.362325, 28.4670948 ], [ -16.3623793, 28.4671032 ], [ -16.3624698, 28.4671181 ], [ -16.3627064, 28.4671474 ], [ -16.3630233, 28.4671938 ], [ -16.3631469, 28.4672219 ], [ -16.3633344, 28.4672629 ], [ -16.3633761, 28.4672783 ], [ -16.3634409, 28.4673047 ], [ -16.3634644, 28.4673135 ], [ -16.3635838, 28.4673664 ], [ -16.3636999, 28.4674127 ], [ -16.3638695, 28.4674719 ], [ -16.3641627, 28.467566 ], [ -16.36435, 28.4676115 ], [ -16.3644643, 28.4676397 ], [ -16.3644842, 28.4676462 ], [ -16.3645169, 28.4676549 ], [ -16.3645804, 28.4676791 ], [ -16.3645993, 28.4676857 ], [ -16.3646803, 28.46773 ], [ -16.36474, 28.467779 ], [ -16.3648636, 28.4678635 ], [ -16.3650019, 28.4679457 ], [ -16.3651381, 28.468012 ], [ -16.3652858, 28.4680782 ], [ -16.3653381, 28.4680979 ], [ -16.3655185, 28.4681548 ], [ -16.3656637, 28.4682007 ], [ -16.3657396, 28.468227 ], [ -16.3658478, 28.4682485 ], [ -16.3666174, 28.4684799 ], [ -16.3668631, 28.4685745 ], [ -16.3672267, 28.4687243 ], [ -16.3674811, 28.4688255 ], [ -16.3676151, 28.4688941 ], [ -16.3680606, 28.4690656 ], [ -16.3681359, 28.4690852 ], [ -16.3684305, 28.4691409 ], [ -16.3684774, 28.4690863 ], [ -16.3685118, 28.4690363 ], [ -16.3687605, 28.4687901 ], [ -16.3688207, 28.4687308 ], [ -16.3689399, 28.4685694 ], [ -16.3690441, 28.4684307 ], [ -16.3690936, 28.4683332 ], [ -16.3691293, 28.4682561 ], [ -16.3691618, 28.4681994 ], [ -16.3691854, 28.4681541 ], [ -16.3692658, 28.4681013 ], [ -16.3693691, 28.4680416 ], [ -16.3694978, 28.4679478 ], [ -16.3695242, 28.467916 ], [ -16.3695771, 28.4678568 ], [ -16.3696332, 28.4677569 ], [ -16.3696705, 28.4677543 ], [ -16.3697287, 28.4676883 ], [ -16.3698022, 28.4676447 ], [ -16.3698653, 28.4675854 ], [ -16.3699784, 28.4675233 ], [ -16.3701363, 28.4674428 ], [ -16.3704157, 28.4673046 ], [ -16.3705558, 28.4672242 ], [ -16.3706471, 28.4671826 ], [ -16.3707389, 28.4671411 ], [ -16.3708153, 28.467102 ], [ -16.3708875, 28.4670606 ], [ -16.3709376, 28.467033 ], [ -16.3710727, 28.4669662 ], [ -16.3712136, 28.4669039 ], [ -16.371266, 28.4668876 ], [ -16.3713202, 28.466878 ], [ -16.3714278, 28.4668544 ], [ -16.3714747, 28.4668358 ], [ -16.3715185, 28.4668128 ], [ -16.3715858, 28.466758 ], [ -16.3716399, 28.4666965 ], [ -16.3716824, 28.4666307 ], [ -16.3717253, 28.4665671 ], [ -16.3717777, 28.4664921 ], [ -16.3718319, 28.4664171 ], [ -16.3719023, 28.4663306 ], [ -16.3719782, 28.4662486 ], [ -16.3721286, 28.4660847 ], [ -16.372237, 28.4659324 ], [ -16.3723446, 28.4657801 ], [ -16.3724144, 28.4656982 ], [ -16.3724925, 28.465623 ], [ -16.3725516, 28.4655772 ], [ -16.3726464, 28.4655266 ], [ -16.3727435, 28.4654783 ], [ -16.3728281, 28.4654301 ], [ -16.3729065, 28.4653751 ], [ -16.3729338, 28.4653432 ], [ -16.3729538, 28.4653092 ], [ -16.3729835, 28.4652344 ], [ -16.373001, 28.4651846 ], [ -16.3730112, 28.4651326 ], [ -16.373009, 28.4650311 ], [ -16.373006, 28.4649296 ], [ -16.3730161, 28.4648189 ], [ -16.3730309, 28.4647082 ], [ -16.3730481, 28.4646043 ], [ -16.3730733, 28.4645025 ], [ -16.3730989, 28.4644368 ], [ -16.3731511, 28.464346 ], [ -16.3732151, 28.4642619 ], [ -16.3733081, 28.4641481 ], [ -16.3734011, 28.4640366 ], [ -16.3734734, 28.4639502 ], [ -16.3735457, 28.4638614 ], [ -16.3735943, 28.4638181 ], [ -16.373648, 28.4637769 ], [ -16.3736771, 28.4637541 ], [ -16.3737061, 28.4637334 ], [ -16.3737442, 28.4636925 ], [ -16.3737787, 28.463647 ], [ -16.3738075, 28.4636219 ], [ -16.3738708, 28.4635829 ], [ -16.3739344, 28.4635416 ], [ -16.3740151, 28.4634912 ], [ -16.3740955, 28.4634385 ], [ -16.3741939, 28.4633698 ], [ -16.3742903, 28.4632966 ], [ -16.3743569, 28.4632643 ], [ -16.3744274, 28.4632366 ], [ -16.3744698, 28.4632113 ], [ -16.3745141, 28.4631793 ], [ -16.3745587, 28.463145 ], [ -16.3746336, 28.4630878 ], [ -16.3747137, 28.463017 ], [ -16.3747924, 28.4629328 ], [ -16.3748479, 28.4628803 ], [ -16.3748994, 28.4628189 ], [ -16.3749407, 28.4627733 ], [ -16.3749668, 28.4627482 ], [ -16.3749999, 28.4627118 ], [ -16.3750143, 28.4626959 ], [ -16.3750424, 28.4626685 ], [ -16.3750777, 28.4626388 ], [ -16.3751428, 28.4625614 ], [ -16.3751655, 28.4625364 ], [ -16.3752134, 28.4624908 ], [ -16.3752632, 28.4624452 ], [ -16.375306, 28.4624176 ], [ -16.3753672, 28.4623674 ], [ -16.3754136, 28.4623263 ], [ -16.3754212, 28.4623195 ], [ -16.375448, 28.4622944 ], [ -16.3754637, 28.4622762 ], [ -16.3755178, 28.4622418 ], [ -16.3755628, 28.4622165 ], [ -16.3755932, 28.4621981 ], [ -16.3756157, 28.4621798 ], [ -16.3756289, 28.4621707 ], [ -16.3756601, 28.4621388 ], [ -16.3757182, 28.4620683 ], [ -16.3757608, 28.4620295 ], [ -16.3758184, 28.4619883 ], [ -16.3758766, 28.4619471 ], [ -16.3759401, 28.4619013 ], [ -16.3759544, 28.4618921 ], [ -16.3760283, 28.4618372 ], [ -16.3760738, 28.4617984 ], [ -16.3760967, 28.4617711 ], [ -16.3761128, 28.4617529 ], [ -16.3761443, 28.4616962 ], [ -16.3761937, 28.4615738 ], [ -16.3762169, 28.4615104 ], [ -16.37624, 28.4614493 ], [ -16.3762721, 28.4613655 ], [ -16.3762866, 28.4613269 ], [ -16.3763302, 28.4612137 ], [ -16.376374, 28.4611004 ], [ -16.3764051, 28.4610076 ], [ -16.3764315, 28.4609103 ], [ -16.37646, 28.460795 ], [ -16.3764774, 28.4606775 ], [ -16.3764784, 28.4605579 ], [ -16.3764685, 28.4604384 ], [ -16.3764499, 28.4603099 ], [ -16.3764314, 28.4601793 ], [ -16.3764225, 28.4600666 ], [ -16.3764249, 28.4599537 ], [ -16.3764357, 28.4598792 ], [ -16.3764805, 28.459714 ], [ -16.3765391, 28.4595532 ], [ -16.3765651, 28.4594898 ], [ -16.3765923, 28.4594286 ], [ -16.3766466, 28.4593039 ], [ -16.3766803, 28.4592201 ], [ -16.3767415, 28.4590412 ], [ -16.376794, 28.4588602 ], [ -16.3768295, 28.4587154 ], [ -16.3768576, 28.4585707 ], [ -16.3768852, 28.4583832 ], [ -16.3769131, 28.4581979 ], [ -16.3769427, 28.4580216 ], [ -16.3769724, 28.4578475 ], [ -16.3770009, 28.4576622 ], [ -16.3770288, 28.4574747 ], [ -16.3770581, 28.4572984 ], [ -16.3770916, 28.4571198 ], [ -16.3771079, 28.457052 ], [ -16.3771297, 28.4569886 ], [ -16.3771868, 28.4568616 ], [ -16.3772604, 28.4567278 ], [ -16.3773379, 28.4565961 ], [ -16.3774228, 28.4564554 ], [ -16.3775117, 28.4563168 ], [ -16.3776243, 28.4561645 ], [ -16.3777446, 28.4560166 ], [ -16.3778271, 28.4559075 ], [ -16.3779154, 28.4558051 ], [ -16.3779862, 28.4557479 ], [ -16.3780618, 28.4556975 ], [ -16.3781371, 28.4556471 ], [ -16.3781976, 28.4553622 ], [ -16.3783482, 28.4551915 ], [ -16.3787259, 28.4548402 ], [ -16.3790572, 28.4545209 ], [ -16.3792303, 28.4544289 ], [ -16.3794795, 28.4543249 ], [ -16.3796908, 28.4542618 ], [ -16.3799915, 28.4541911 ], [ -16.3803848, 28.4540743 ], [ -16.3806773, 28.4540194 ], [ -16.381181, 28.4539014 ], [ -16.3814602, 28.4538242 ], [ -16.3816882, 28.4537158 ], [ -16.381806, 28.4536221 ], [ -16.3819777, 28.4534466 ], [ -16.3821239, 28.4532533 ], [ -16.3822896, 28.4529448 ], [ -16.3823763, 28.4527408 ], [ -16.3824416, 28.4525326 ], [ -16.3825393, 28.4522202 ], [ -16.3826246, 28.4519328 ], [ -16.3826802, 28.4516186 ], [ -16.3826935, 28.4513432 ], [ -16.3826965, 28.4509122 ], [ -16.3827191, 28.4507044 ], [ -16.3826704, 28.4505447 ], [ -16.3827286, 28.4504539 ], [ -16.3828268, 28.4504484 ], [ -16.3829036, 28.4505153 ], [ -16.3829669, 28.4505959 ], [ -16.3840363, 28.4504316 ], [ -16.3841976, 28.4504187 ], [ -16.3847118, 28.450445 ], [ -16.3854693, 28.4505907 ], [ -16.3851758, 28.4498829 ], [ -16.3847766, 28.44891 ], [ -16.3845007, 28.4482518 ], [ -16.3842635, 28.4476608 ], [ -16.3839951, 28.4469979 ], [ -16.3838106, 28.4465733 ], [ -16.3838224, 28.4464784 ], [ -16.3838691, 28.4464148 ], [ -16.3838713, 28.4463313 ], [ -16.3838466, 28.4461285 ], [ -16.3838206, 28.4459234 ], [ -16.3838035, 28.4458333 ], [ -16.383756, 28.445642 ], [ -16.3835336, 28.4452539 ], [ -16.383476, 28.445338 ], [ -16.3834169, 28.445404 ], [ -16.3833189, 28.4454975 ], [ -16.3832324, 28.4455729 ], [ -16.3831485, 28.4456685 ], [ -16.3830799, 28.4457459 ], [ -16.3829833, 28.4458281 ], [ -16.3829167, 28.4458829 ], [ -16.3828379, 28.4459559 ], [ -16.3827951, 28.4460511 ], [ -16.3826837, 28.4460974 ], [ -16.382466, 28.4462372 ], [ -16.3823137, 28.4463336 ], [ -16.3821829, 28.4464048 ], [ -16.3821067, 28.4464372 ], [ -16.3819902, 28.4465083 ], [ -16.3818944, 28.4465499 ], [ -16.3815922, 28.4466477 ], [ -16.381496, 28.4466848 ], [ -16.381282, 28.4467502 ], [ -16.3811161, 28.4468669 ], [ -16.3809196, 28.4469975 ], [ -16.3808144, 28.4470595 ], [ -16.380689, 28.4471307 ], [ -16.3803035, 28.4472993 ], [ -16.3800904, 28.4473828 ], [ -16.3798713, 28.4474617 ], [ -16.3797154, 28.4475219 ], [ -16.3794265, 28.4476129 ], [ -16.3793274, 28.4476725 ], [ -16.3792413, 28.4477524 ], [ -16.3791723, 28.4478478 ], [ -16.3790588, 28.4479731 ], [ -16.3789621, 28.4480778 ], [ -16.3788678, 28.4481623 ], [ -16.378731, 28.4482404 ], [ -16.3785363, 28.4483123 ], [ -16.3784253, 28.4484601 ], [ -16.3783613, 28.448551 ], [ -16.3782316, 28.4487103 ], [ -16.3780695, 28.4488585 ], [ -16.3771865, 28.4494948 ], [ -16.3772373, 28.4495529 ], [ -16.3770634, 28.4495073 ], [ -16.3768957, 28.4494706 ], [ -16.3767717, 28.4494516 ], [ -16.3766742, 28.4494368 ], [ -16.376543, 28.4494336 ], [ -16.3764174, 28.4494506 ], [ -16.3762268, 28.4494909 ], [ -16.3760127, 28.4495653 ], [ -16.3758164, 28.4496327 ], [ -16.3756264, 28.4496775 ], [ -16.3754004, 28.4497204 ], [ -16.3751755, 28.4497791 ], [ -16.3750008, 28.449835 ], [ -16.3747644, 28.4499434 ], [ -16.3745198, 28.4500519 ], [ -16.3743406, 28.4501395 ], [ -16.3741659, 28.4502518 ], [ -16.3739678, 28.450405 ], [ -16.373915, 28.450462 ], [ -16.373902, 28.4504756 ], [ -16.3738369, 28.450544 ], [ -16.3737658, 28.4506304 ], [ -16.3737244, 28.4506827 ], [ -16.3736968, 28.4507169 ], [ -16.3736133, 28.4508034 ], [ -16.3735286, 28.4508878 ], [ -16.3734251, 28.4510039 ], [ -16.3733267, 28.4511222 ], [ -16.373215, 28.4512677 ], [ -16.3731145, 28.4514199 ], [ -16.3730317, 28.4515562 ], [ -16.3729502, 28.4516924 ], [ -16.3728789, 28.4518104 ], [ -16.372809, 28.4519284 ], [ -16.3727454, 28.4520216 ], [ -16.3726702, 28.4521036 ], [ -16.3725671, 28.4521971 ], [ -16.3724581, 28.4522862 ], [ -16.3723235, 28.4523891 ], [ -16.3721876, 28.4524898 ], [ -16.3720408, 28.4525928 ], [ -16.3718944, 28.4526958 ], [ -16.371749, 28.4528011 ], [ -16.3716074, 28.4529108 ], [ -16.3714577, 28.4530341 ], [ -16.3713087, 28.4531575 ], [ -16.3711909, 28.4532512 ], [ -16.3710734, 28.4533471 ], [ -16.3709863, 28.4534224 ], [ -16.3709466, 28.4534635 ], [ -16.3709121, 28.453509 ], [ -16.3708751, 28.4535634 ], [ -16.3708216, 28.4536452 ], [ -16.3706663, 28.453631 ], [ -16.3705147, 28.4536303 ], [ -16.3703624, 28.4536431 ], [ -16.3701786, 28.4536698 ], [ -16.3700901, 28.4536909 ], [ -16.3700057, 28.4537211 ], [ -16.3698352, 28.4537951 ], [ -16.3696674, 28.4538735 ], [ -16.369487, 28.453961 ], [ -16.3693642, 28.4540209 ], [ -16.3693071, 28.4540486 ], [ -16.369135, 28.4541383 ], [ -16.3690472, 28.4541843 ], [ -16.3689552, 28.4542236 ], [ -16.3688767, 28.4542515 ], [ -16.368794, 28.4542771 ], [ -16.3685808, 28.4543424 ], [ -16.3683178, 28.4544173 ], [ -16.3682615, 28.4544314 ], [ -16.3681673, 28.4544571 ], [ -16.3680003, 28.4544972 ], [ -16.3677444, 28.4545494 ], [ -16.3677046, 28.4545588 ], [ -16.3676082, 28.4545801 ], [ -16.3674615, 28.4546086 ], [ -16.3673274, 28.4546348 ], [ -16.367171, 28.4546544 ], [ -16.3671293, 28.4546616 ], [ -16.3670922, 28.4546823 ], [ -16.3670383, 28.454728 ], [ -16.3670112, 28.4547576 ], [ -16.3669735, 28.4548053 ], [ -16.36693, 28.4548464 ], [ -16.3668858, 28.4548604 ], [ -16.3668895, 28.454901 ], [ -16.3668828, 28.4549506 ], [ -16.366874, 28.4549823 ], [ -16.3668639, 28.4550456 ], [ -16.3668484, 28.455224 ], [ -16.3668504, 28.4553323 ], [ -16.3668563, 28.4553977 ], [ -16.3668675, 28.4554743 ], [ -16.3668908, 28.4555485 ], [ -16.3668869, 28.4555666 ], [ -16.366879, 28.4556456 ], [ -16.3668707, 28.4556728 ], [ -16.3668567, 28.4557 ], [ -16.366836, 28.4557251 ], [ -16.3668006, 28.455757 ], [ -16.366314, 28.4561093 ], [ -16.3657683, 28.4565029 ], [ -16.3652943, 28.4568484 ], [ -16.3650701, 28.4570131 ], [ -16.3650391, 28.457027 ], [ -16.3649119, 28.457114 ], [ -16.3648806, 28.4571413 ], [ -16.3647627, 28.4572283 ], [ -16.3643956, 28.4574892 ], [ -16.3642467, 28.4576035 ], [ -16.3641606, 28.4576607 ], [ -16.3639443, 28.4577622 ], [ -16.3636669, 28.4579049 ], [ -16.3633732, 28.45805 ], [ -16.3631241, 28.4581811 ], [ -16.3630796, 28.4582018 ], [ -16.3630307, 28.4582181 ], [ -16.3626383, 28.4583281 ], [ -16.3624675, 28.4583749 ], [ -16.3624171, 28.4583822 ], [ -16.3624041, 28.4583846 ], [ -16.3623845, 28.458378 ], [ -16.3623636, 28.4583624 ], [ -16.362353, 28.4583513 ], [ -16.3623234, 28.4582884 ], [ -16.3622922, 28.4582165 ], [ -16.3622917, 28.4582052 ], [ -16.3622917, 28.4580811 ], [ -16.3622829, 28.457842 ], [ -16.3622809, 28.4575893 ], [ -16.3622752, 28.4574156 ], [ -16.3622776, 28.4570523 ], [ -16.3622852, 28.4568267 ], [ -16.3622895, 28.4566416 ], [ -16.3623119, 28.4563729 ], [ -16.3623157, 28.4562713 ], [ -16.36232, 28.4562081 ], [ -16.3623818, 28.4558013 ], [ -16.3623833, 28.4557629 ], [ -16.3623746, 28.4557337 ], [ -16.362355, 28.4556797 ], [ -16.362323, 28.4555943 ], [ -16.3622978, 28.4555201 ], [ -16.36263, 28.4551197 ], [ -16.3626771, 28.4550628 ], [ -16.3629743, 28.4547146 ], [ -16.36299, 28.4546964 ], [ -16.3632381, 28.4544073 ], [ -16.36338, 28.4542502 ], [ -16.3635205, 28.4540841 ], [ -16.3636055, 28.4539908 ], [ -16.3636566, 28.4539203 ], [ -16.3636916, 28.4538635 ], [ -16.3638967, 28.4535614 ], [ -16.3639164, 28.4535296 ], [ -16.3639621, 28.453457 ], [ -16.3639818, 28.4534274 ], [ -16.364127, 28.4532003 ], [ -16.3643366, 28.4528733 ], [ -16.3643413, 28.4528643 ], [ -16.3643782, 28.452812 ], [ -16.3645477, 28.4525643 ], [ -16.3648626, 28.4520874 ], [ -16.3651228, 28.4516966 ], [ -16.365243, 28.451515 ], [ -16.3653003, 28.4514286 ], [ -16.3653207, 28.4513968 ], [ -16.3653423, 28.451365 ], [ -16.3655444, 28.4510516 ], [ -16.3657159, 28.4507882 ], [ -16.365759, 28.4507155 ], [ -16.3657875, 28.4506498 ], [ -16.3658076, 28.4505526 ], [ -16.3658141, 28.4504849 ], [ -16.3658082, 28.4504262 ], [ -16.3657997, 28.4503812 ], [ -16.3657712, 28.4502754 ], [ -16.3656935, 28.4501386 ], [ -16.3656065, 28.450047 ], [ -16.3654667, 28.4499513 ], [ -16.3650824, 28.4497205 ], [ -16.3649891, 28.4496583 ], [ -16.3649044, 28.4495711 ], [ -16.3648625, 28.4494926 ], [ -16.3648427, 28.449389 ], [ -16.3648346, 28.4492356 ], [ -16.3648327, 28.4490822 ], [ -16.3648043, 28.4489607 ], [ -16.3647567, 28.4488799 ], [ -16.3646822, 28.4488175 ], [ -16.364578, 28.4487599 ], [ -16.3642483, 28.4486526 ], [ -16.3640579, 28.4485891 ], [ -16.3639719, 28.4485471 ], [ -16.3638869, 28.4484712 ], [ -16.3638272, 28.448368 ], [ -16.3638063, 28.4482577 ], [ -16.3637907, 28.4481608 ], [ -16.3637797, 28.4480684 ], [ -16.3637682, 28.4479738 ], [ -16.363779, 28.4477931 ], [ -16.3637907, 28.4477096 ], [ -16.3638195, 28.4475964 ], [ -16.3638465, 28.4475059 ], [ -16.363934, 28.4472162 ], [ -16.3639874, 28.4470239 ], [ -16.3640287, 28.446913 ], [ -16.3641356, 28.4467833 ], [ -16.3642211, 28.4467057 ], [ -16.3643437, 28.446639 ], [ -16.364487, 28.4465947 ], [ -16.3646005, 28.446562 ], [ -16.3649042, 28.44648 ], [ -16.3651751, 28.4463983 ], [ -16.3653986, 28.4463329 ], [ -16.3655416, 28.4462931 ], [ -16.3656755, 28.4462556 ], [ -16.3663907, 28.4460409 ], [ -16.3665262, 28.4460012 ], [ -16.3666423, 28.4459729 ], [ -16.3668075, 28.4459442 ], [ -16.3670366, 28.4459396 ], [ -16.3675338, 28.445991 ], [ -16.3677521, 28.4460181 ], [ -16.3679315, 28.4460254 ], [ -16.3680999, 28.4459696 ], [ -16.3680051, 28.4458441 ], [ -16.3678742, 28.4458093 ], [ -16.3677416, 28.4457475 ], [ -16.3676314, 28.4456696 ], [ -16.3674835, 28.4455786 ], [ -16.3673262, 28.4454832 ], [ -16.367217, 28.4454279 ], [ -16.3670446, 28.4453732 ], [ -16.3668511, 28.4453345 ], [ -16.3665404, 28.4452474 ], [ -16.3658694, 28.4451278 ], [ -16.3657212, 28.4451202 ], [ -16.3655109, 28.4450953 ], [ -16.3653565, 28.445072 ], [ -16.3652182, 28.4450373 ], [ -16.3649952, 28.445017 ], [ -16.3648194, 28.4450142 ], [ -16.3647193, 28.4449972 ], [ -16.364627, 28.4449462 ], [ -16.3645362, 28.4448343 ], [ -16.3644918, 28.4447016 ], [ -16.3644181, 28.4445354 ], [ -16.3643365, 28.4443873 ], [ -16.3643082, 28.4442928 ], [ -16.3642814, 28.4441261 ], [ -16.3641995, 28.44396 ], [ -16.3641392, 28.4437868 ], [ -16.3640282, 28.4435397 ], [ -16.3639887, 28.4434431 ], [ -16.3638946, 28.4432974 ], [ -16.3638337, 28.4432258 ], [ -16.3637626, 28.4431566 ], [ -16.3636874, 28.4430919 ], [ -16.3635648, 28.4430344 ], [ -16.3634535, 28.4430153 ], [ -16.3633091, 28.4429806 ], [ -16.363217, 28.4429161 ], [ -16.3631326, 28.4429034 ], [ -16.3630172, 28.4429113 ], [ -16.3628827, 28.4429194 ], [ -16.3627423, 28.442896 ], [ -16.3626557, 28.442863 ], [ -16.362511, 28.4427765 ], [ -16.3623808, 28.442674 ], [ -16.362237, 28.4425875 ], [ -16.3620787, 28.4425326 ], [ -16.3619905, 28.4425222 ], [ -16.3618873, 28.4425097 ], [ -16.361751, 28.4424818 ], [ -16.3615115, 28.4423691 ], [ -16.3614162, 28.442352 ], [ -16.3612867, 28.4423307 ], [ -16.3611347, 28.4423006 ], [ -16.3610101, 28.4422884 ], [ -16.3608907, 28.4422828 ], [ -16.3607781, 28.4422862 ], [ -16.3606484, 28.4423033 ], [ -16.3605483, 28.4423336 ], [ -16.3604591, 28.4423728 ], [ -16.3603172, 28.4424533 ], [ -16.3601922, 28.4425064 ], [ -16.3596624, 28.4426493 ], [ -16.3595322, 28.442698 ], [ -16.3593716, 28.4427673 ], [ -16.3591899, 28.4428345 ], [ -16.3589546, 28.4429226 ], [ -16.358739, 28.4430083 ], [ -16.3586551, 28.4430466 ], [ -16.3586379, 28.4430544 ], [ -16.3584803, 28.443135 ], [ -16.358386, 28.4431968 ], [ -16.3583009, 28.4432586 ], [ -16.3581694, 28.4433795 ], [ -16.3581071, 28.4434501 ], [ -16.3580527, 28.4435115 ], [ -16.3580043, 28.4435977 ], [ -16.3579636, 28.4437832 ], [ -16.3578757, 28.4439646 ], [ -16.3578448, 28.4440483 ], [ -16.3578183, 28.4441411 ], [ -16.35781, 28.4442472 ], [ -16.3577554, 28.4443674 ], [ -16.3577453, 28.4444487 ], [ -16.3577051, 28.4446003 ], [ -16.3576573, 28.4447294 ], [ -16.3576013, 28.4448428 ], [ -16.3575284, 28.4448796 ], [ -16.3574478, 28.4448894 ], [ -16.3573149, 28.4449291 ], [ -16.357227, 28.4449706 ], [ -16.3571447, 28.445021 ], [ -16.3570433, 28.4450762 ], [ -16.3569652, 28.445183 ], [ -16.3568751, 28.4452494 ], [ -16.3567947, 28.4452998 ], [ -16.3567174, 28.4453412 ], [ -16.3566581, 28.4453982 ], [ -16.3565834, 28.445496 ], [ -16.3563663, 28.445638 ], [ -16.3562696, 28.4456886 ], [ -16.3562329, 28.4457612 ], [ -16.3562153, 28.4458877 ], [ -16.3562024, 28.4459781 ], [ -16.3561459, 28.4460441 ], [ -16.3561114, 28.4461392 ], [ -16.3560981, 28.4462296 ], [ -16.356062, 28.4463969 ], [ -16.3560611, 28.4464759 ], [ -16.3560912, 28.4466087 ], [ -16.3559915, 28.4467473 ], [ -16.3559184, 28.4468722 ], [ -16.3557327, 28.4470004 ], [ -16.3555048, 28.4470951 ], [ -16.3553918, 28.4470399 ], [ -16.3548388, 28.4467678 ], [ -16.3543572, 28.4464906 ], [ -16.3538059, 28.4461463 ], [ -16.3532238, 28.4457957 ], [ -16.3527558, 28.4455025 ], [ -16.3524278, 28.4453275 ], [ -16.3522084, 28.4452372 ], [ -16.3520261, 28.4451803 ], [ -16.3519432, 28.4451631 ], [ -16.3518254, 28.4451372 ], [ -16.3517145, 28.4451225 ], [ -16.3515359, 28.4451017 ], [ -16.3513678, 28.4450808 ], [ -16.3499283, 28.4449597 ], [ -16.3494906, 28.4449166 ], [ -16.3493358, 28.4449092 ], [ -16.3491725, 28.444922 ], [ -16.3490227, 28.4449529 ], [ -16.3487663, 28.4450209 ], [ -16.348469, 28.4451005 ], [ -16.3483792, 28.4451149 ], [ -16.3482369, 28.4451231 ], [ -16.3481463, 28.4451218 ], [ -16.3478169, 28.4450889 ], [ -16.347028, 28.4450087 ], [ -16.3463225, 28.4449367 ], [ -16.3460005, 28.4449084 ], [ -16.3456037, 28.4448717 ], [ -16.3449082, 28.4448086 ], [ -16.3443187, 28.4447512 ], [ -16.3436424, 28.4446857 ], [ -16.3430121, 28.4446288 ], [ -16.342429, 28.4445758 ], [ -16.3421821, 28.4445535 ], [ -16.3421481, 28.4449193 ], [ -16.3420947, 28.4456193 ], [ -16.3421026, 28.4462442 ], [ -16.3422108, 28.4465726 ], [ -16.3424269, 28.4472158 ], [ -16.3426843, 28.4478383 ], [ -16.3429007, 28.4484972 ], [ -16.3432626, 28.4491547 ], [ -16.3433091, 28.4495221 ], [ -16.3433998, 28.4501101 ], [ -16.3435504, 28.4505125 ], [ -16.3439418, 28.4518331 ], [ -16.3442018, 28.4526586 ], [ -16.3441268, 28.4533205 ], [ -16.3436813, 28.4542815 ], [ -16.3433763, 28.4548373 ], [ -16.3430527, 28.4555761 ], [ -16.3431194, 28.4559229 ], [ -16.3431014, 28.4561442 ], [ -16.342736, 28.4568473 ], [ -16.3425168, 28.4576392 ], [ -16.3423166, 28.4582661 ], [ -16.3420725, 28.4586927 ], [ -16.3417294, 28.4595242 ], [ -16.3414167, 28.4601613 ], [ -16.3415336, 28.4604445 ], [ -16.3416058, 28.460631 ], [ -16.3417951, 28.4611932 ], [ -16.3418626, 28.4613821 ], [ -16.3421053, 28.4617204 ], [ -16.3423795, 28.4620291 ], [ -16.3425812, 28.4622527 ], [ -16.3428575, 28.4625275 ], [ -16.3429157, 28.4625834 ], [ -16.343175, 28.4627749 ], [ -16.3433975, 28.4629058 ], [ -16.3436944, 28.4631601 ], [ -16.3439504, 28.4633854 ], [ -16.3443403, 28.4635553 ], [ -16.3445412, 28.4636481 ], [ -16.3449363, 28.4637728 ], [ -16.3453206, 28.463875 ], [ -16.3454833, 28.4639163 ], [ -16.34588, 28.4639643 ], [ -16.3463339, 28.4640252 ], [ -16.3464314, 28.4640333 ], [ -16.3466243, 28.4640923 ], [ -16.3469487, 28.4641816 ], [ -16.3471068, 28.4642161 ], [ -16.3475263, 28.4642729 ], [ -16.347829, 28.4643127 ], [ -16.348312, 28.4643418 ], [ -16.3485547, 28.4643552 ], [ -16.348885, 28.4643542 ], [ -16.3493759, 28.4644283 ], [ -16.3496814, 28.4644839 ], [ -16.350417, 28.4645556 ], [ -16.3505403, 28.4645905 ] ] ] } },
{ "type": "Feature", "properties": { "CCAA": "05 - Canarias", "PROVINCIA": "38 - Santa Cruz de Tenerife", "MUNICIPIO": "38032 - Rosario, El", "COD_MUNICIPIO": "38032", "DISTRITO": "01", "SECCION": "3803201002", "V1_H": 80.31, "V1_M": 86.3, "V2_H": 80.10187432, "V2_M": 86.1135989, "V3_H": 80.75259804, "V3_M": 86.72412179 }, "geometry": { "type": "Polygon", "coordinates": [ [ [ -16.3586551, 28.4430466 ], [ -16.358739, 28.4430083 ], [ -16.3589546, 28.4429226 ], [ -16.3591899, 28.4428345 ], [ -16.3593716, 28.4427673 ], [ -16.3595322, 28.442698 ], [ -16.3596624, 28.4426493 ], [ -16.3601922, 28.4425064 ], [ -16.3603172, 28.4424533 ], [ -16.3604591, 28.4423728 ], [ -16.3605483, 28.4423336 ], [ -16.3606484, 28.4423033 ], [ -16.3607781, 28.4422862 ], [ -16.3608907, 28.4422828 ], [ -16.3610101, 28.4422884 ], [ -16.3611347, 28.4423006 ], [ -16.3612867, 28.4423307 ], [ -16.3614162, 28.442352 ], [ -16.3615115, 28.4423691 ], [ -16.361751, 28.4424818 ], [ -16.3618873, 28.4425097 ], [ -16.3619905, 28.4425222 ], [ -16.3620787, 28.4425326 ], [ -16.362237, 28.4425875 ], [ -16.3623808, 28.442674 ], [ -16.362511, 28.4427765 ], [ -16.3626557, 28.442863 ], [ -16.3627423, 28.442896 ], [ -16.3628827, 28.4429194 ], [ -16.3630172, 28.4429113 ], [ -16.3631326, 28.4429034 ], [ -16.363217, 28.4429161 ], [ -16.3633091, 28.4429806 ], [ -16.3634535, 28.4430153 ], [ -16.3635648, 28.4430344 ], [ -16.3636874, 28.4430919 ], [ -16.3637626, 28.4431566 ], [ -16.3638337, 28.4432258 ], [ -16.3638946, 28.4432974 ], [ -16.3639887, 28.4434431 ], [ -16.3640282, 28.4435397 ], [ -16.3641392, 28.4437868 ], [ -16.3641995, 28.44396 ], [ -16.3642814, 28.4441261 ], [ -16.3643082, 28.4442928 ], [ -16.3643365, 28.4443873 ], [ -16.3644181, 28.4445354 ], [ -16.3644918, 28.4447016 ], [ -16.3645362, 28.4448343 ], [ -16.364627, 28.4449462 ], [ -16.3647193, 28.4449972 ], [ -16.3648194, 28.4450142 ], [ -16.3649952, 28.445017 ], [ -16.3652182, 28.4450373 ], [ -16.3653565, 28.445072 ], [ -16.3655109, 28.4450953 ], [ -16.3657212, 28.4451202 ], [ -16.3658694, 28.4451278 ], [ -16.3665404, 28.4452474 ], [ -16.3668511, 28.4453345 ], [ -16.3670446, 28.4453732 ], [ -16.367217, 28.4454279 ], [ -16.3673262, 28.4454832 ], [ -16.3674835, 28.4455786 ], [ -16.3676314, 28.4456696 ], [ -16.3677416, 28.4457475 ], [ -16.3678742, 28.4458093 ], [ -16.3680051, 28.4458441 ], [ -16.3680999, 28.4459696 ], [ -16.3682766, 28.4458617 ], [ -16.3683298, 28.4457845 ], [ -16.3683321, 28.4455927 ], [ -16.3683223, 28.4455025 ], [ -16.3683023, 28.4453854 ], [ -16.3681984, 28.444873 ], [ -16.3682127, 28.4447298 ], [ -16.368427, 28.4443986 ], [ -16.3686257, 28.4441248 ], [ -16.3688486, 28.4438364 ], [ -16.3690869, 28.4434907 ], [ -16.3693261, 28.4432093 ], [ -16.3695423, 28.4430283 ], [ -16.3699363, 28.4428384 ], [ -16.3702738, 28.442649 ], [ -16.3705308, 28.4424962 ], [ -16.3707066, 28.4423228 ], [ -16.3707536, 28.4422007 ], [ -16.3707594, 28.442029 ], [ -16.3707075, 28.4417649 ], [ -16.3706137, 28.4413939 ], [ -16.3705454, 28.4411228 ], [ -16.370541, 28.4407795 ], [ -16.3705876, 28.4406288 ], [ -16.3708044, 28.4404979 ], [ -16.3712721, 28.4403716 ], [ -16.3714882, 28.4401834 ], [ -16.3715753, 28.4400323 ], [ -16.3716855, 28.4397952 ], [ -16.371875, 28.4394285 ], [ -16.3719595, 28.4390772 ], [ -16.371893, 28.4389419 ], [ -16.3716079, 28.4387946 ], [ -16.3710544, 28.4385498 ], [ -16.3706327, 28.4384754 ], [ -16.3703237, 28.4383569 ], [ -16.3700324, 28.4383599 ], [ -16.3696285, 28.438414 ], [ -16.3695079, 28.4384796 ], [ -16.3693291, 28.438417 ], [ -16.3690923, 28.4382477 ], [ -16.3688967, 28.4381424 ], [ -16.3687672, 28.4381437 ], [ -16.3685253, 28.4382105 ], [ -16.3684047, 28.4382689 ], [ -16.3682772, 28.4384204 ], [ -16.3681, 28.4384866 ], [ -16.3678084, 28.4384681 ], [ -16.3674347, 28.4383502 ], [ -16.367265, 28.4383662 ], [ -16.3669171, 28.4383769 ], [ -16.3666517, 28.4385011 ], [ -16.3664594, 28.4386533 ], [ -16.3663225, 28.4387047 ], [ -16.3662086, 28.4386558 ], [ -16.3660695, 28.4385356 ], [ -16.3660192, 28.4384002 ], [ -16.3659518, 28.4381934 ], [ -16.3659097, 28.4380651 ], [ -16.3658509, 28.437894 ], [ -16.3657449, 28.4378307 ], [ -16.3655899, 28.4377321 ], [ -16.3654034, 28.4377054 ], [ -16.3648849, 28.4376605 ], [ -16.3647005, 28.4377911 ], [ -16.3645577, 28.4380143 ], [ -16.3643399, 28.4380666 ], [ -16.363937, 28.4381993 ], [ -16.363785, 28.4383368 ], [ -16.3637227, 28.4385305 ], [ -16.3637242, 28.4386449 ], [ -16.3633538, 28.4387917 ], [ -16.3629828, 28.4388884 ], [ -16.3625476, 28.4390215 ], [ -16.3622016, 28.4391752 ], [ -16.3617769, 28.4395013 ], [ -16.361513, 28.4397471 ], [ -16.3613472, 28.4400707 ], [ -16.3611965, 28.4403082 ], [ -16.3610549, 28.4406244 ], [ -16.3608321, 28.440927 ], [ -16.3605838, 28.4411226 ], [ -16.3602657, 28.4415621 ], [ -16.3599382, 28.4418944 ], [ -16.3596828, 28.4421759 ], [ -16.3594677, 28.4424427 ], [ -16.3593316, 28.4425514 ], [ -16.3591068, 28.4426967 ], [ -16.3586551, 28.4430466 ] ] ] } },
{ "type": "Feature", "properties": { "CCAA": "05 - Canarias", "PROVINCIA": "38 - Santa Cruz de Tenerife", "MUNICIPIO": "38032 - Rosario, El", "COD_MUNICIPIO": "38032", "DISTRITO": "01", "SECCION": "3803201004", "V1_H": 81.4, "V1_M": 86.8, "V2_H": 81.08162797, "V2_M": 86.57651574, "V3_H": 81.67802952, "V3_M": 87.10412253 }, "geometry": { "type": "Polygon", "coordinates": [ [ [ -16.3297232, 28.4049031 ], [ -16.3302115, 28.4051512 ], [ -16.3306189, 28.4052669 ], [ -16.3311621, 28.4054291 ], [ -16.3317057, 28.4056152 ], [ -16.3324092, 28.4056083 ], [ -16.3332481, 28.4056001 ], [ -16.3344342, 28.4052295 ], [ -16.33493, 28.4049262 ], [ -16.3349249, 28.4049064 ], [ -16.3348743, 28.4047354 ], [ -16.334829, 28.4046569 ], [ -16.3347868, 28.4046031 ], [ -16.3347506, 28.4045629 ], [ -16.3347295, 28.4045089 ], [ -16.3347107, 28.4044527 ], [ -16.3346778, 28.4044034 ], [ -16.3346452, 28.4043473 ], [ -16.3346185, 28.4042776 ], [ -16.3346094, 28.4042416 ], [ -16.3346166, 28.4041761 ], [ -16.3346351, 28.4040744 ], [ -16.334684, 28.4038799 ], [ -16.3346883, 28.403785 ], [ -16.3346946, 28.4037579 ], [ -16.334706, 28.4037284 ], [ -16.3347669, 28.4036489 ], [ -16.334838, 28.4035647 ], [ -16.3349106, 28.4034828 ], [ -16.334995, 28.4033939 ], [ -16.335031, 28.4033439 ], [ -16.3350407, 28.4033213 ], [ -16.3350321, 28.4033033 ], [ -16.3350093, 28.4032855 ], [ -16.3349314, 28.4032344 ], [ -16.3348098, 28.4031024 ], [ -16.3346867, 28.4029479 ], [ -16.3346476, 28.4028806 ], [ -16.3346149, 28.4028178 ], [ -16.3345067, 28.4025594 ], [ -16.3344674, 28.402483 ], [ -16.3344452, 28.4024652 ], [ -16.3343685, 28.4024524 ], [ -16.3343013, 28.4024373 ], [ -16.3341925, 28.4024022 ], [ -16.334119, 28.4023691 ], [ -16.334054, 28.4023269 ], [ -16.3340235, 28.4022617 ], [ -16.334001, 28.402192 ], [ -16.3339835, 28.4021222 ], [ -16.3339595, 28.4019916 ], [ -16.3339435, 28.4019557 ], [ -16.3339272, 28.401931 ], [ -16.3339085, 28.4019154 ], [ -16.333854, 28.4018889 ], [ -16.3337177, 28.401836 ], [ -16.3336827, 28.401816 ], [ -16.3336538, 28.4017983 ], [ -16.3336302, 28.401776 ], [ -16.333586, 28.4017087 ], [ -16.333564, 28.4016841 ], [ -16.3334793, 28.4016421 ], [ -16.3333775, 28.4015934 ], [ -16.3332833, 28.4015357 ], [ -16.3331971, 28.4014756 ], [ -16.3331558, 28.4014399 ], [ -16.3331206, 28.4014041 ], [ -16.3331021, 28.4013773 ], [ -16.3330748, 28.4013121 ], [ -16.3330522, 28.4012401 ], [ -16.3330279, 28.4011343 ], [ -16.3330223, 28.4010937 ], [ -16.3330222, 28.4010599 ], [ -16.3330295, 28.4010034 ], [ -16.3330416, 28.4009469 ], [ -16.3330475, 28.4009175 ], [ -16.3330529, 28.4008881 ], [ -16.3330563, 28.4008542 ], [ -16.3330051, 28.4008389 ], [ -16.3329621, 28.4007919 ], [ -16.3329178, 28.400666 ], [ -16.3328712, 28.4006124 ], [ -16.3327665, 28.4005795 ], [ -16.3327057, 28.4005891 ], [ -16.3326435, 28.4006168 ], [ -16.3324916, 28.4007424 ], [ -16.3323957, 28.4008494 ], [ -16.3323423, 28.4009154 ], [ -16.3322174, 28.4010317 ], [ -16.3320022, 28.4011421 ], [ -16.3317283, 28.4012508 ], [ -16.3313466, 28.4013854 ], [ -16.3312121, 28.4014431 ], [ -16.3311718, 28.4014661 ], [ -16.3311181, 28.4016607 ], [ -16.3311204, 28.40169 ], [ -16.3311361, 28.4017191 ], [ -16.3311454, 28.4017461 ], [ -16.331139, 28.401771 ], [ -16.3311109, 28.4018006 ], [ -16.331078, 28.401819 ], [ -16.331043, 28.4018238 ], [ -16.3309985, 28.4018152 ], [ -16.3309497, 28.4017864 ], [ -16.3309051, 28.4017665 ], [ -16.3308237, 28.4017628 ], [ -16.330783, 28.4017474 ], [ -16.3307705, 28.4017385 ], [ -16.3307634, 28.4017115 ], [ -16.3307693, 28.4016686 ], [ -16.3307775, 28.4016595 ], [ -16.3308122, 28.401632 ], [ -16.330849, 28.4016136 ], [ -16.3308973, 28.4016019 ], [ -16.3309401, 28.401606 ], [ -16.3310038, 28.4016257 ], [ -16.3310609, 28.4016499 ], [ -16.3310837, 28.4016136 ], [ -16.3311142, 28.4014982 ], [ -16.3311049, 28.4014713 ], [ -16.3309942, 28.4014182 ], [ -16.3308391, 28.4014625 ], [ -16.3307651, 28.4014881 ], [ -16.3307011, 28.4015271 ], [ -16.3306004, 28.4016093 ], [ -16.3305514, 28.4016662 ], [ -16.330506, 28.4017343 ], [ -16.3304678, 28.4018182 ], [ -16.3304543, 28.4018612 ], [ -16.3304588, 28.401913 ], [ -16.3304701, 28.4019558 ], [ -16.3304928, 28.402012 ], [ -16.33052, 28.4020681 ], [ -16.3305006, 28.4020976 ], [ -16.330429, 28.4021322 ], [ -16.3304413, 28.4021524 ], [ -16.3304717, 28.402204 ], [ -16.3305278, 28.4022779 ], [ -16.3305746, 28.4024038 ], [ -16.3306281, 28.4025477 ], [ -16.3308067, 28.4027761 ], [ -16.3309711, 28.4030136 ], [ -16.3309394, 28.4031336 ], [ -16.3308999, 28.4033641 ], [ -16.3306938, 28.4035443 ], [ -16.3304767, 28.4036548 ], [ -16.3303945, 28.4037142 ], [ -16.3302907, 28.4037333 ], [ -16.3301553, 28.4038181 ], [ -16.3300861, 28.4039 ], [ -16.3300669, 28.4039183 ], [ -16.3299921, 28.403928 ], [ -16.3299578, 28.4039396 ], [ -16.3299071, 28.4039717 ], [ -16.3298892, 28.4039922 ], [ -16.3298742, 28.4040217 ], [ -16.3298566, 28.4041144 ], [ -16.3298446, 28.4042025 ], [ -16.3298423, 28.404225 ], [ -16.3298336, 28.4042387 ], [ -16.3298198, 28.4042614 ], [ -16.329787, 28.4043158 ], [ -16.3297504, 28.4043704 ], [ -16.3297223, 28.4043977 ], [ -16.3296748, 28.4044456 ], [ -16.3296592, 28.404475 ], [ -16.3296488, 28.404509 ], [ -16.3296451, 28.4045451 ], [ -16.3296469, 28.4045677 ], [ -16.3296755, 28.4046802 ], [ -16.3297232, 28.4049031 ] ] ] } },
{ "type": "Feature", "properties": { "CCAA": "05 - Canarias", "PROVINCIA": "38 - Santa Cruz de Tenerife", "MUNICIPIO": "38032 - Rosario, El", "COD_MUNICIPIO": "38032", "DISTRITO": "01", "SECCION": "3803201005", "V1_H": 79.83, "V1_M": 85.66, "V2_H": 79.86201885, "V2_M": 85.75249, "V3_H": 79.86616026, "V3_M": 85.80070523000001 }, "geometry": { "type": "Polygon", "coordinates": [ [ [ -16.3657712, 28.4502754 ], [ -16.3657514, 28.4502215 ], [ -16.3660253, 28.4501082 ], [ -16.3660865, 28.4501301 ], [ -16.3661242, 28.4501591 ], [ -16.3662043, 28.4502079 ], [ -16.3663458, 28.4502922 ], [ -16.3664497, 28.4503566 ], [ -16.3665203, 28.4504078 ], [ -16.3665656, 28.450457 ], [ -16.3666163, 28.4505558 ], [ -16.3667091, 28.4507985 ], [ -16.3667251, 28.4508503 ], [ -16.3667086, 28.4511573 ], [ -16.3668906, 28.451266 ], [ -16.3671047, 28.4513135 ], [ -16.3672878, 28.4512801 ], [ -16.3673847, 28.4512498 ], [ -16.367581, 28.4511959 ], [ -16.3678505, 28.4511142 ], [ -16.3679937, 28.4510609 ], [ -16.3682201, 28.4509706 ], [ -16.3684031, 28.4509078 ], [ -16.3685181, 28.4508661 ], [ -16.3685766, 28.4508474 ], [ -16.3686691, 28.4508217 ], [ -16.3687401, 28.4508074 ], [ -16.3688232, 28.4507931 ], [ -16.3689309, 28.4507807 ], [ -16.3690666, 28.450759 ], [ -16.3692058, 28.4507396 ], [ -16.3694608, 28.4506964 ], [ -16.3695303, 28.4506889 ], [ -16.3695567, 28.4506841 ], [ -16.3700262, 28.4504921 ], [ -16.3701621, 28.4504344 ], [ -16.370339, 28.4503446 ], [ -16.3704839, 28.4502709 ], [ -16.3707194, 28.4501467 ], [ -16.370964, 28.4500111 ], [ -16.371067, 28.4499582 ], [ -16.3711085, 28.4499375 ], [ -16.3711716, 28.4499053 ], [ -16.3713225, 28.4498225 ], [ -16.3714083, 28.4497494 ], [ -16.3715003, 28.449656 ], [ -16.3715768, 28.4495966 ], [ -16.3715875, 28.4495874 ], [ -16.3716299, 28.4495599 ], [ -16.3716901, 28.4495232 ], [ -16.3719056, 28.449415 ], [ -16.3723488, 28.4492075 ], [ -16.3724827, 28.4491519 ], [ -16.372727, 28.4490886 ], [ -16.3729251, 28.4490324 ], [ -16.3729983, 28.4490181 ], [ -16.3730492, 28.4490063 ], [ -16.3731152, 28.4489786 ], [ -16.3732134, 28.4489415 ], [ -16.3733654, 28.4488768 ], [ -16.373604, 28.4487728 ], [ -16.373777, 28.4486989 ], [ -16.3739415, 28.4486205 ], [ -16.3743468, 28.4484472 ], [ -16.3745376, 28.4483889 ], [ -16.3748477, 28.4483135 ], [ -16.3750603, 28.4482708 ], [ -16.3751773, 28.4482583 ], [ -16.3755607, 28.4482522 ], [ -16.3758176, 28.4482451 ], [ -16.3761486, 28.448253 ], [ -16.376475, 28.4482542 ], [ -16.376539, 28.4482649 ], [ -16.3766695, 28.4482409 ], [ -16.3767295, 28.4481636 ], [ -16.3767862, 28.4479103 ], [ -16.3767853, 28.4474027 ], [ -16.3767919, 28.4470709 ], [ -16.3767941, 28.4468453 ], [ -16.3767956, 28.4466873 ], [ -16.3767923, 28.4465836 ], [ -16.376785, 28.4464686 ], [ -16.3767779, 28.4463581 ], [ -16.3767798, 28.4462092 ], [ -16.3767871, 28.4461346 ], [ -16.3768076, 28.4460419 ], [ -16.3768404, 28.4459084 ], [ -16.3769334, 28.4455555 ], [ -16.3769625, 28.4454582 ], [ -16.3770212, 28.4452636 ], [ -16.3769226, 28.4451879 ], [ -16.3767714, 28.445142 ], [ -16.3766557, 28.4450822 ], [ -16.3765271, 28.4450023 ], [ -16.3764386, 28.4449716 ], [ -16.3762811, 28.4449574 ], [ -16.3759727, 28.4449493 ], [ -16.3758692, 28.4449413 ], [ -16.3757029, 28.4449317 ], [ -16.3755743, 28.4449578 ], [ -16.3753359, 28.4450076 ], [ -16.3752318, 28.4450244 ], [ -16.3751248, 28.4450391 ], [ -16.3750396, 28.4450444 ], [ -16.3749241, 28.4450411 ], [ -16.3747094, 28.4450275 ], [ -16.3745621, 28.445029 ], [ -16.3744569, 28.445039 ], [ -16.3743147, 28.4450698 ], [ -16.374109, 28.445108 ], [ -16.374026, 28.4451269 ], [ -16.3738851, 28.4451644 ], [ -16.3737083, 28.4452113 ], [ -16.3735701, 28.4452601 ], [ -16.3733556, 28.4453525 ], [ -16.3732403, 28.4453943 ], [ -16.3730688, 28.4454321 ], [ -16.3728724, 28.4454747 ], [ -16.3727658, 28.445469 ], [ -16.3726805, 28.4454428 ], [ -16.3725626, 28.4454057 ], [ -16.3723943, 28.4453667 ], [ -16.3723054, 28.4453541 ], [ -16.3722072, 28.4453325 ], [ -16.3720727, 28.4453248 ], [ -16.3719714, 28.4453326 ], [ -16.3717174, 28.44536 ], [ -16.3716281, 28.4453632 ], [ -16.3713783, 28.4453477 ], [ -16.371251, 28.4453241 ], [ -16.371058, 28.4452786 ], [ -16.3706572, 28.445206 ], [ -16.3704264, 28.4451677 ], [ -16.3702074, 28.4451338 ], [ -16.3700886, 28.445126 ], [ -16.3699143, 28.4451255 ], [ -16.3697701, 28.4451269 ], [ -16.3696189, 28.4451307 ], [ -16.3693679, 28.4451423 ], [ -16.3692414, 28.4451323 ], [ -16.36916, 28.4451015 ], [ -16.3691154, 28.445041 ], [ -16.3691135, 28.444962 ], [ -16.3691325, 28.4448761 ], [ -16.369179, 28.4447493 ], [ -16.3692181, 28.4446338 ], [ -16.3691951, 28.4445348 ], [ -16.3690783, 28.4445111 ], [ -16.3688912, 28.4445785 ], [ -16.3688255, 28.4446265 ], [ -16.368768, 28.444697 ], [ -16.3685504, 28.4450264 ], [ -16.3685076, 28.4450945 ], [ -16.3684493, 28.4451786 ], [ -16.3683023, 28.4453854 ], [ -16.3683223, 28.4455025 ], [ -16.3683321, 28.4455927 ], [ -16.3683298, 28.4457845 ], [ -16.3682766, 28.4458617 ], [ -16.3680999, 28.4459696 ], [ -16.3679315, 28.4460254 ], [ -16.3677521, 28.4460181 ], [ -16.3675338, 28.445991 ], [ -16.3670366, 28.4459396 ], [ -16.3668075, 28.4459442 ], [ -16.3666423, 28.4459729 ], [ -16.3665262, 28.4460012 ], [ -16.3663907, 28.4460409 ], [ -16.3656755, 28.4462556 ], [ -16.3655416, 28.4462931 ], [ -16.3653986, 28.4463329 ], [ -16.3651751, 28.4463983 ], [ -16.3649042, 28.44648 ], [ -16.3646005, 28.446562 ], [ -16.364487, 28.4465947 ], [ -16.3643437, 28.446639 ], [ -16.3642211, 28.4467057 ], [ -16.3641356, 28.4467833 ], [ -16.3640287, 28.446913 ], [ -16.3639874, 28.4470239 ], [ -16.363934, 28.4472162 ], [ -16.3638465, 28.4475059 ], [ -16.3638195, 28.4475964 ], [ -16.3637907, 28.4477096 ], [ -16.363779, 28.4477931 ], [ -16.3637682, 28.4479738 ], [ -16.3637797, 28.4480684 ], [ -16.3637907, 28.4481608 ], [ -16.3638063, 28.4482577 ], [ -16.3638272, 28.448368 ], [ -16.3638869, 28.4484712 ], [ -16.3639719, 28.4485471 ], [ -16.3640579, 28.4485891 ], [ -16.3642483, 28.4486526 ], [ -16.364578, 28.4487599 ], [ -16.3646822, 28.4488175 ], [ -16.3647567, 28.4488799 ], [ -16.3648043, 28.4489607 ], [ -16.3648327, 28.4490822 ], [ -16.3648346, 28.4492356 ], [ -16.3648427, 28.449389 ], [ -16.3648625, 28.4494926 ], [ -16.3649044, 28.4495711 ], [ -16.3649891, 28.4496583 ], [ -16.3650824, 28.4497205 ], [ -16.3654667, 28.4499513 ], [ -16.3656065, 28.450047 ], [ -16.3656935, 28.4501386 ], [ -16.3657712, 28.4502754 ] ] ] } },
{ "type": "Feature", "properties": { "CCAA": "05 - Canarias", "PROVINCIA": "38 - Santa Cruz de Tenerife", "MUNICIPIO": "38032 - Rosario, El", "COD_MUNICIPIO": "38032", "DISTRITO": "01", "SECCION": "3803201001", "V1_H": 80.55, "V1_M": 86.21, "V2_H": 80.25181467, "V2_M": 85.94546636, "V3_H": 81.01047082, "V3_M": 86.65561049 }, "geometry": { "type": "Polygon", "coordinates": [ [ [ -16.3657712, 28.4502754 ], [ -16.3657997, 28.4503812 ], [ -16.3658082, 28.4504262 ], [ -16.3658141, 28.4504849 ], [ -16.3658076, 28.4505526 ], [ -16.3657875, 28.4506498 ], [ -16.365759, 28.4507155 ], [ -16.3657159, 28.4507882 ], [ -16.3655444, 28.4510516 ], [ -16.3653423, 28.451365 ], [ -16.3653207, 28.4513968 ], [ -16.3653003, 28.4514286 ], [ -16.365243, 28.451515 ], [ -16.3651228, 28.4516966 ], [ -16.3648626, 28.4520874 ], [ -16.3645477, 28.4525643 ], [ -16.3643782, 28.452812 ], [ -16.3643413, 28.4528643 ], [ -16.3643366, 28.4528733 ], [ -16.364127, 28.4532003 ], [ -16.3639818, 28.4534274 ], [ -16.3639621, 28.453457 ], [ -16.3639164, 28.4535296 ], [ -16.3638967, 28.4535614 ], [ -16.3636916, 28.4538635 ], [ -16.3636566, 28.4539203 ], [ -16.3636055, 28.4539908 ], [ -16.3635205, 28.4540841 ], [ -16.36338, 28.4542502 ], [ -16.3632381, 28.4544073 ], [ -16.36299, 28.4546964 ], [ -16.3629743, 28.4547146 ], [ -16.3626771, 28.4550628 ], [ -16.36263, 28.4551197 ], [ -16.3622978, 28.4555201 ], [ -16.362323, 28.4555943 ], [ -16.362355, 28.4556797 ], [ -16.3623746, 28.4557337 ], [ -16.3623833, 28.4557629 ], [ -16.3623818, 28.4558013 ], [ -16.36232, 28.4562081 ], [ -16.3623157, 28.4562713 ], [ -16.3623119, 28.4563729 ], [ -16.3622895, 28.4566416 ], [ -16.3622852, 28.4568267 ], [ -16.3622776, 28.4570523 ], [ -16.3622752, 28.4574156 ], [ -16.3622809, 28.4575893 ], [ -16.3622829, 28.457842 ], [ -16.3622917, 28.4580811 ], [ -16.3622917, 28.4582052 ], [ -16.3622922, 28.4582165 ], [ -16.3623234, 28.4582884 ], [ -16.362353, 28.4583513 ], [ -16.3623636, 28.4583624 ], [ -16.3623845, 28.458378 ], [ -16.3624041, 28.4583846 ], [ -16.3624171, 28.4583822 ], [ -16.3624675, 28.4583749 ], [ -16.3626383, 28.4583281 ], [ -16.3630307, 28.4582181 ], [ -16.3630796, 28.4582018 ], [ -16.3631241, 28.4581811 ], [ -16.3633732, 28.45805 ], [ -16.3636669, 28.4579049 ], [ -16.3639443, 28.4577622 ], [ -16.3641606, 28.4576607 ], [ -16.3642467, 28.4576035 ], [ -16.3643956, 28.4574892 ], [ -16.3647627, 28.4572283 ], [ -16.3648806, 28.4571413 ], [ -16.3649119, 28.457114 ], [ -16.3650391, 28.457027 ], [ -16.3650701, 28.4570131 ], [ -16.3652943, 28.4568484 ], [ -16.3657683, 28.4565029 ], [ -16.366314, 28.4561093 ], [ -16.3668006, 28.455757 ], [ -16.366836, 28.4557251 ], [ -16.3668567, 28.4557 ], [ -16.3668707, 28.4556728 ], [ -16.366879, 28.4556456 ], [ -16.3668869, 28.4555666 ], [ -16.3668908, 28.4555485 ], [ -16.3668675, 28.4554743 ], [ -16.3668563, 28.4553977 ], [ -16.3668504, 28.4553323 ], [ -16.3668484, 28.455224 ], [ -16.3668639, 28.4550456 ], [ -16.366874, 28.4549823 ], [ -16.3668828, 28.4549506 ], [ -16.3668895, 28.454901 ], [ -16.3668858, 28.4548604 ], [ -16.36693, 28.4548464 ], [ -16.3669735, 28.4548053 ], [ -16.3670112, 28.4547576 ], [ -16.3670383, 28.454728 ], [ -16.3670922, 28.4546823 ], [ -16.3671293, 28.4546616 ], [ -16.367171, 28.4546544 ], [ -16.3673274, 28.4546348 ], [ -16.3674615, 28.4546086 ], [ -16.3676082, 28.4545801 ], [ -16.3677046, 28.4545588 ], [ -16.3677444, 28.4545494 ], [ -16.3680003, 28.4544972 ], [ -16.3681673, 28.4544571 ], [ -16.3682615, 28.4544314 ], [ -16.3683178, 28.4544173 ], [ -16.3685808, 28.4543424 ], [ -16.368794, 28.4542771 ], [ -16.3688767, 28.4542515 ], [ -16.3689552, 28.4542236 ], [ -16.3690472, 28.4541843 ], [ -16.369135, 28.4541383 ], [ -16.3693071, 28.4540486 ], [ -16.3693642, 28.4540209 ], [ -16.369487, 28.453961 ], [ -16.3696674, 28.4538735 ], [ -16.3698352, 28.4537951 ], [ -16.3700057, 28.4537211 ], [ -16.3700901, 28.4536909 ], [ -16.3701786, 28.4536698 ], [ -16.3703624, 28.4536431 ], [ -16.3705147, 28.4536303 ], [ -16.3706663, 28.453631 ], [ -16.3708216, 28.4536452 ], [ -16.3708751, 28.4535634 ], [ -16.3709121, 28.453509 ], [ -16.3709466, 28.4534635 ], [ -16.3709863, 28.4534224 ], [ -16.3710734, 28.4533471 ], [ -16.3711909, 28.4532512 ], [ -16.3713087, 28.4531575 ], [ -16.3714577, 28.4530341 ], [ -16.3716074, 28.4529108 ], [ -16.371749, 28.4528011 ], [ -16.3718944, 28.4526958 ], [ -16.3720408, 28.4525928 ], [ -16.3721876, 28.4524898 ], [ -16.3723235, 28.4523891 ], [ -16.3724581, 28.4522862 ], [ -16.3725671, 28.4521971 ], [ -16.3726702, 28.4521036 ], [ -16.3727454, 28.4520216 ], [ -16.372809, 28.4519284 ], [ -16.3728789, 28.4518104 ], [ -16.3729502, 28.4516924 ], [ -16.3730317, 28.4515562 ], [ -16.3731145, 28.4514199 ], [ -16.373215, 28.4512677 ], [ -16.3733267, 28.4511222 ], [ -16.3734251, 28.4510039 ], [ -16.3735286, 28.4508878 ], [ -16.3736133, 28.4508034 ], [ -16.3736968, 28.4507169 ], [ -16.3737244, 28.4506827 ], [ -16.3737658, 28.4506304 ], [ -16.3738369, 28.450544 ], [ -16.373902, 28.4504756 ], [ -16.373915, 28.450462 ], [ -16.3739678, 28.450405 ], [ -16.3741659, 28.4502518 ], [ -16.3743406, 28.4501395 ], [ -16.3745198, 28.4500519 ], [ -16.3747644, 28.4499434 ], [ -16.3750008, 28.449835 ], [ -16.3751755, 28.4497791 ], [ -16.3754004, 28.4497204 ], [ -16.3756264, 28.4496775 ], [ -16.3758164, 28.4496327 ], [ -16.3760127, 28.4495653 ], [ -16.3762268, 28.4494909 ], [ -16.3764174, 28.4494506 ], [ -16.376543, 28.4494336 ], [ -16.3766742, 28.4494368 ], [ -16.3767717, 28.4494516 ], [ -16.3768957, 28.4494706 ], [ -16.3770634, 28.4495073 ], [ -16.3772373, 28.4495529 ], [ -16.3771865, 28.4494948 ], [ -16.3771162, 28.4494165 ], [ -16.3771103, 28.4493534 ], [ -16.3770856, 28.4492024 ], [ -16.3770343, 28.4490338 ], [ -16.3769105, 28.4487846 ], [ -16.3767304, 28.4485089 ], [ -16.3766798, 28.4483943 ], [ -16.3766482, 28.4482931 ], [ -16.3766695, 28.4482409 ], [ -16.376539, 28.4482649 ], [ -16.376475, 28.4482542 ], [ -16.3761486, 28.448253 ], [ -16.3758176, 28.4482451 ], [ -16.3755607, 28.4482522 ], [ -16.3751773, 28.4482583 ], [ -16.3750603, 28.4482708 ], [ -16.3748477, 28.4483135 ], [ -16.3745376, 28.4483889 ], [ -16.3743468, 28.4484472 ], [ -16.3739415, 28.4486205 ], [ -16.373777, 28.4486989 ], [ -16.373604, 28.4487728 ], [ -16.3733654, 28.4488768 ], [ -16.3732134, 28.4489415 ], [ -16.3731152, 28.4489786 ], [ -16.3730492, 28.4490063 ], [ -16.3729983, 28.4490181 ], [ -16.3729251, 28.4490324 ], [ -16.372727, 28.4490886 ], [ -16.3724827, 28.4491519 ], [ -16.3723488, 28.4492075 ], [ -16.3719056, 28.449415 ], [ -16.3716901, 28.4495232 ], [ -16.3716299, 28.4495599 ], [ -16.3715875, 28.4495874 ], [ -16.3715768, 28.4495966 ], [ -16.3715003, 28.449656 ], [ -16.3714083, 28.4497494 ], [ -16.3713225, 28.4498225 ], [ -16.3711716, 28.4499053 ], [ -16.3711085, 28.4499375 ], [ -16.371067, 28.4499582 ], [ -16.370964, 28.4500111 ], [ -16.3707194, 28.4501467 ], [ -16.3704839, 28.4502709 ], [ -16.370339, 28.4503446 ], [ -16.3701621, 28.4504344 ], [ -16.3700262, 28.4504921 ], [ -16.3695567, 28.4506841 ], [ -16.3695303, 28.4506889 ], [ -16.3694608, 28.4506964 ], [ -16.3692058, 28.4507396 ], [ -16.3690666, 28.450759 ], [ -16.3689309, 28.4507807 ], [ -16.3688232, 28.4507931 ], [ -16.3687401, 28.4508074 ], [ -16.3686691, 28.4508217 ], [ -16.3685766, 28.4508474 ], [ -16.3685181, 28.4508661 ], [ -16.3684031, 28.4509078 ], [ -16.3682201, 28.4509706 ], [ -16.3679937, 28.4510609 ], [ -16.3678505, 28.4511142 ], [ -16.367581, 28.4511959 ], [ -16.3673847, 28.4512498 ], [ -16.3672878, 28.4512801 ], [ -16.3671047, 28.4513135 ], [ -16.3668906, 28.451266 ], [ -16.3667086, 28.4511573 ], [ -16.3667251, 28.4508503 ], [ -16.3667091, 28.4507985 ], [ -16.3666163, 28.4505558 ], [ -16.3665656, 28.450457 ], [ -16.3665203, 28.4504078 ], [ -16.3664497, 28.4503566 ], [ -16.3663458, 28.4502922 ], [ -16.3662043, 28.4502079 ], [ -16.3661242, 28.4501591 ], [ -16.3660865, 28.4501301 ], [ -16.3660253, 28.4501082 ], [ -16.3657514, 28.4502215 ], [ -16.3657712, 28.4502754 ] ] ] } },
{ "type": "Feature", "properties": { "CCAA": "05 - Canarias", "PROVINCIA": "38 - Santa Cruz de Tenerife", "MUNICIPIO": "38032 - Rosario, El", "COD_MUNICIPIO": "38032", "DISTRITO": "01", "SECCION": "3803201008", "V1_H": 81.58, "V1_M": 86.83, "V2_H": 80.91860297, "V2_M": 86.63659936000001, "V3_H": 82.21677219, "V3_M": 87.10560157 }, "geometry": { "type": "Polygon", "coordinates": [ [ [ -16.3214104, 28.4069561 ], [ -16.3214462, 28.4070122 ], [ -16.3215699, 28.4071869 ], [ -16.3216116, 28.4072046 ], [ -16.3216444, 28.407202 ], [ -16.3216708, 28.4071905 ], [ -16.3216933, 28.4071767 ], [ -16.3217205, 28.40719 ], [ -16.3217464, 28.4072146 ], [ -16.32177, 28.4072437 ], [ -16.3217915, 28.4072818 ], [ -16.3218101, 28.4073426 ], [ -16.3218543, 28.4075091 ], [ -16.3218881, 28.4075832 ], [ -16.3219221, 28.4076506 ], [ -16.3219537, 28.4077044 ], [ -16.3219642, 28.4077292 ], [ -16.3219948, 28.4077514 ], [ -16.3220405, 28.4077826 ], [ -16.3221338, 28.4078426 ], [ -16.3222513, 28.4079091 ], [ -16.3223203, 28.40794 ], [ -16.3224681, 28.4080018 ], [ -16.3226582, 28.4080766 ], [ -16.32304, 28.4082016 ], [ -16.3232275, 28.4082697 ], [ -16.3234156, 28.4083423 ], [ -16.3236161, 28.4084306 ], [ -16.3236595, 28.4084595 ], [ -16.323694, 28.4084863 ], [ -16.3237208, 28.4085131 ], [ -16.3237409, 28.4085377 ], [ -16.3237542, 28.4085624 ], [ -16.3237625, 28.4085871 ], [ -16.3237728, 28.4086434 ], [ -16.323772, 28.4086773 ], [ -16.323765, 28.4087112 ], [ -16.3237518, 28.4087452 ], [ -16.3237137, 28.4088155 ], [ -16.3236498, 28.4089109 ], [ -16.3235676, 28.4090223 ], [ -16.3235404, 28.4090631 ], [ -16.3235377, 28.4090767 ], [ -16.3235344, 28.4090948 ], [ -16.3235708, 28.4091215 ], [ -16.3246895, 28.4090948 ], [ -16.3252477, 28.4090149 ], [ -16.3254089, 28.4089457 ], [ -16.325784, 28.4086397 ], [ -16.3259811, 28.4085295 ], [ -16.3260985, 28.4085576 ], [ -16.3263067, 28.4086504 ], [ -16.3270851, 28.4084758 ], [ -16.3275005, 28.4088915 ], [ -16.3276813, 28.4086799 ], [ -16.3284847, 28.4080267 ], [ -16.3293523, 28.4078197 ], [ -16.3293462, 28.4077679 ], [ -16.3293325, 28.4076416 ], [ -16.3293284, 28.4075943 ], [ -16.3293279, 28.4075785 ], [ -16.3293202, 28.4075515 ], [ -16.3293097, 28.4075268 ], [ -16.3292897, 28.4075067 ], [ -16.3292433, 28.407471 ], [ -16.3291917, 28.4074241 ], [ -16.3291675, 28.4073973 ], [ -16.3291351, 28.4073344 ], [ -16.3291158, 28.4072715 ], [ -16.3291116, 28.4072399 ], [ -16.329117, 28.407215 ], [ -16.3291564, 28.4071244 ], [ -16.3291732, 28.4070678 ], [ -16.3291962, 28.4069706 ], [ -16.3292137, 28.4068643 ], [ -16.329212, 28.4067493 ], [ -16.3291994, 28.4066072 ], [ -16.3291851, 28.4065397 ], [ -16.3291612, 28.4064677 ], [ -16.3291584, 28.406443 ], [ -16.3291638, 28.4064136 ], [ -16.3291796, 28.4063796 ], [ -16.3292529, 28.406275 ], [ -16.3293179, 28.4061932 ], [ -16.3294427, 28.4060724 ], [ -16.3294593, 28.4060429 ], [ -16.3294682, 28.4060112 ], [ -16.3294719, 28.4059774 ], [ -16.3294823, 28.405817 ], [ -16.3294976, 28.4057131 ], [ -16.3295188, 28.4056452 ], [ -16.3295614, 28.4055793 ], [ -16.3295852, 28.4055498 ], [ -16.3296334, 28.4054974 ], [ -16.3297209, 28.4054311 ], [ -16.3297417, 28.4054129 ], [ -16.3297602, 28.4053879 ], [ -16.3297749, 28.4053629 ], [ -16.3297844, 28.4053312 ], [ -16.3297775, 28.4052659 ], [ -16.3297523, 28.4051353 ], [ -16.3297585, 28.4051194 ], [ -16.3297583, 28.4050788 ], [ -16.3297266, 28.4049189 ], [ -16.3297232, 28.4049031 ], [ -16.3285471, 28.404337 ], [ -16.3278125, 28.4041885 ], [ -16.3270792, 28.4041437 ], [ -16.3262615, 28.4043592 ], [ -16.3253584, 28.404808 ], [ -16.324718, 28.4051527 ], [ -16.3241653, 28.4054298 ], [ -16.3238734, 28.4055761 ], [ -16.3229415, 28.406077 ], [ -16.3221263, 28.4064979 ], [ -16.3214104, 28.4069561 ] ] ] } },
{ "type": "Feature", "properties": { "CCAA": "05 - Canarias", "PROVINCIA": "38 - Santa Cruz de Tenerife", "MUNICIPIO": "38032 - Rosario, El", "COD_MUNICIPIO": "38032", "DISTRITO": "01", "SECCION": "3803201012", "V1_H": 82.19, "V1_M": 87.25, "V2_H": 81.84285612, "V2_M": 87.14223952, "V3_H": 82.56554756, "V3_M": 87.46692958 }, "geometry": { "type": "Polygon", "coordinates": [ [ [ -16.3179928, 28.404179 ], [ -16.3181874, 28.4043066 ], [ -16.3184555, 28.404449 ], [ -16.3188062, 28.4046448 ], [ -16.3191159, 28.4048411 ], [ -16.3194644, 28.4048558 ], [ -16.319651, 28.4050351 ], [ -16.3198173, 28.4052328 ], [ -16.3199242, 28.405594 ], [ -16.3201921, 28.4057182 ], [ -16.3204815, 28.4059328 ], [ -16.3207298, 28.4061296 ], [ -16.3208153, 28.4064186 ], [ -16.3210425, 28.4065613 ], [ -16.3214104, 28.4069561 ], [ -16.3221263, 28.4064979 ], [ -16.3229415, 28.406077 ], [ -16.3238734, 28.4055761 ], [ -16.3241653, 28.4054298 ], [ -16.3241643, 28.4054261 ], [ -16.3239704, 28.4048586 ], [ -16.3240986, 28.4047588 ], [ -16.3241229, 28.4047168 ], [ -16.3241945, 28.4045946 ], [ -16.3242793, 28.4044395 ], [ -16.3243882, 28.404324 ], [ -16.3245276, 28.4042231 ], [ -16.3246597, 28.4041601 ], [ -16.3248078, 28.4041178 ], [ -16.3250383, 28.4040917 ], [ -16.3251852, 28.4040465 ], [ -16.3252401, 28.40403 ], [ -16.325452, 28.4039563 ], [ -16.3255952, 28.4038812 ], [ -16.325773, 28.4037879 ], [ -16.3258144, 28.4037676 ], [ -16.3259353, 28.4037117 ], [ -16.3260966, 28.4036434 ], [ -16.3261931, 28.4036226 ], [ -16.3262324, 28.4036152 ], [ -16.3262852, 28.4036008 ], [ -16.3263851, 28.4035769 ], [ -16.3265287, 28.4035416 ], [ -16.326629, 28.403458 ], [ -16.3266368, 28.4033624 ], [ -16.3265984, 28.4032602 ], [ -16.3265337, 28.4032141 ], [ -16.3263936, 28.4031786 ], [ -16.3261768, 28.403125 ], [ -16.3257805, 28.4030363 ], [ -16.3255332, 28.402977 ], [ -16.3254271, 28.4029511 ], [ -16.3252905, 28.4029236 ], [ -16.3250038, 28.4028646 ], [ -16.3246663, 28.4027923 ], [ -16.324427, 28.4027399 ], [ -16.3241312, 28.4026731 ], [ -16.3239416, 28.4026301 ], [ -16.3237667, 28.402598 ], [ -16.32355, 28.4025592 ], [ -16.3234383, 28.4025374 ], [ -16.3233403, 28.4025374 ], [ -16.3233224, 28.4025406 ], [ -16.3231515, 28.4025571 ], [ -16.3230229, 28.4025415 ], [ -16.322921, 28.4024937 ], [ -16.3228131, 28.4024181 ], [ -16.3226872, 28.4023417 ], [ -16.322555, 28.4023011 ], [ -16.322387, 28.4022799 ], [ -16.3222227, 28.4022894 ], [ -16.3220553, 28.4023149 ], [ -16.3218605, 28.4023985 ], [ -16.3216625, 28.4025059 ], [ -16.3212767, 28.4027147 ], [ -16.3211347, 28.4027888 ], [ -16.3209904, 28.4028638 ], [ -16.320808, 28.4029592 ], [ -16.3205252, 28.4031162 ], [ -16.3204703, 28.4031446 ], [ -16.3202351, 28.4032434 ], [ -16.3200616, 28.4033188 ], [ -16.3201496, 28.4031507 ], [ -16.3202411, 28.4029955 ], [ -16.3202863, 28.4029184 ], [ -16.3203314, 28.4028354 ], [ -16.3203876, 28.4027333 ], [ -16.3204349, 28.4026482 ], [ -16.3204858, 28.402577 ], [ -16.3205466, 28.4024869 ], [ -16.3206108, 28.4023947 ], [ -16.3207034, 28.4022395 ], [ -16.320731, 28.4021944 ], [ -16.3207532, 28.4020787 ], [ -16.3206976, 28.4019548 ], [ -16.3205605, 28.4018835 ], [ -16.3204164, 28.4018839 ], [ -16.3203448, 28.4019214 ], [ -16.3202408, 28.4019732 ], [ -16.3201077, 28.4020402 ], [ -16.3199309, 28.4021305 ], [ -16.3198671, 28.402164 ], [ -16.3197697, 28.4022067 ], [ -16.3196902, 28.4022403 ], [ -16.3196495, 28.4022258 ], [ -16.3196054, 28.4022083 ], [ -16.3195742, 28.4021489 ], [ -16.3195581, 28.4021182 ], [ -16.3194961, 28.4019296 ], [ -16.3194821, 28.4018929 ], [ -16.3194727, 28.4017706 ], [ -16.3195377, 28.4016525 ], [ -16.3196795, 28.4015556 ], [ -16.3201001, 28.4012529 ], [ -16.3202396, 28.4012445 ], [ -16.3203431, 28.4013281 ], [ -16.3204091, 28.4013852 ], [ -16.3205128, 28.4014818 ], [ -16.320677, 28.4015628 ], [ -16.3207133, 28.4015814 ], [ -16.3208668, 28.4016197 ], [ -16.3208946, 28.401497 ], [ -16.3209053, 28.4013575 ], [ -16.3209295, 28.4010417 ], [ -16.3209391, 28.4009063 ], [ -16.3209522, 28.4006931 ], [ -16.3209681, 28.4004341 ], [ -16.3209719, 28.4003754 ], [ -16.3209929, 28.4002429 ], [ -16.3209208, 28.4002707 ], [ -16.3206171, 28.4004226 ], [ -16.3200555, 28.4007168 ], [ -16.3197256, 28.4009096 ], [ -16.3195479, 28.4009925 ], [ -16.3194794, 28.4010248 ], [ -16.3193313, 28.4011119 ], [ -16.3191297, 28.4012448 ], [ -16.3190821, 28.40134 ], [ -16.319003, 28.4014175 ], [ -16.3188547, 28.4015498 ], [ -16.3187856, 28.4016339 ], [ -16.3187304, 28.4017157 ], [ -16.3186905, 28.4018176 ], [ -16.3186737, 28.4018719 ], [ -16.3186375, 28.4018881 ], [ -16.3185936, 28.401893 ], [ -16.3185411, 28.4019071 ], [ -16.3185002, 28.4019278 ], [ -16.3184322, 28.4019736 ], [ -16.3183812, 28.4020282 ], [ -16.3183443, 28.4020917 ], [ -16.3183318, 28.4021325 ], [ -16.3183376, 28.4021663 ], [ -16.3183394, 28.4022046 ], [ -16.3183339, 28.4022521 ], [ -16.3183079, 28.4023471 ], [ -16.3182987, 28.402399 ], [ -16.3182986, 28.4024442 ], [ -16.318313, 28.4024959 ], [ -16.3183273, 28.4025229 ], [ -16.3183685, 28.4025969 ], [ -16.3184518, 28.4027292 ], [ -16.3184833, 28.402853 ], [ -16.3184956, 28.40295 ], [ -16.3184964, 28.4030628 ], [ -16.3184476, 28.4033723 ], [ -16.3183799, 28.4035445 ], [ -16.318272, 28.4037464 ], [ -16.3181103, 28.4040074 ], [ -16.318013, 28.4041573 ], [ -16.3179928, 28.404179 ] ] ] } },
{ "type": "Feature", "properties": { "CCAA": "05 - Canarias", "PROVINCIA": "38 - Santa Cruz de Tenerife", "MUNICIPIO": "38032 - Rosario, El", "COD_MUNICIPIO": "38032", "DISTRITO": "01", "SECCION": "3803201007", "V1_H": 80.21, "V1_M": 86.17, "V2_H": 80.05188782, "V2_M": 86.17746221, "V3_H": 80.45086201, "V3_M": 86.3559927 }, "geometry": { "type": "Polygon", "coordinates": [ [ [ -16.345814, 28.4295468 ], [ -16.3460423, 28.4293866 ], [ -16.3463342, 28.4291242 ], [ -16.3467222, 28.4290527 ], [ -16.3468208, 28.4290788 ], [ -16.3469332, 28.4291115 ], [ -16.3470081, 28.4291604 ], [ -16.3471071, 28.4293106 ], [ -16.3472275, 28.4293523 ], [ -16.3473448, 28.4293196 ], [ -16.347486, 28.429255 ], [ -16.3476497, 28.4292285 ], [ -16.3477604, 28.4292275 ], [ -16.3479181, 28.4292394 ], [ -16.3481464, 28.429271 ], [ -16.3482672, 28.4292856 ], [ -16.3484265, 28.4292953 ], [ -16.3485084, 28.4292922 ], [ -16.34865, 28.4292547 ], [ -16.3487223, 28.4292224 ], [ -16.3488518, 28.4291444 ], [ -16.348993, 28.4290595 ], [ -16.3490818, 28.4290429 ], [ -16.3493078, 28.429 ], [ -16.3494965, 28.4289643 ], [ -16.3496198, 28.4289202 ], [ -16.3497413, 28.4288716 ], [ -16.3498318, 28.4288324 ], [ -16.349918, 28.4288157 ], [ -16.3500005, 28.4287991 ], [ -16.3501539, 28.4287998 ], [ -16.3502696, 28.4288145 ], [ -16.35037, 28.4288293 ], [ -16.3504586, 28.428869 ], [ -16.3506835, 28.4289931 ], [ -16.3508669, 28.4290883 ], [ -16.3510223, 28.4291432 ], [ -16.3512554, 28.4292289 ], [ -16.3513218, 28.4292869 ], [ -16.3513758, 28.4293428 ], [ -16.3514944, 28.4294115 ], [ -16.3515908, 28.4294625 ], [ -16.3517295, 28.4295356 ], [ -16.3519378, 28.4296305 ], [ -16.3522089, 28.4297248 ], [ -16.3522837, 28.4296113 ], [ -16.3520655, 28.4294803 ], [ -16.351909, 28.4293984 ], [ -16.351783, 28.4292981 ], [ -16.3518002, 28.4292009 ], [ -16.3517843, 28.4291289 ], [ -16.3513547, 28.4288917 ], [ -16.351219, 28.4288006 ], [ -16.3512031, 28.4287104 ], [ -16.3513093, 28.4286282 ], [ -16.3513987, 28.4285573 ], [ -16.3514959, 28.4285 ], [ -16.3516062, 28.4284402 ], [ -16.3517511, 28.4283914 ], [ -16.351841, 28.4283905 ], [ -16.3520153, 28.4284 ], [ -16.3521285, 28.4283944 ], [ -16.3522486, 28.4283526 ], [ -16.3522938, 28.4282461 ], [ -16.3522548, 28.4281179 ], [ -16.3521781, 28.427981 ], [ -16.3520995, 28.4278193 ], [ -16.3520947, 28.4275892 ], [ -16.3521054, 28.4274583 ], [ -16.3521649, 28.4273674 ], [ -16.3522646, 28.427301 ], [ -16.352625, 28.4273403 ], [ -16.3527489, 28.4273526 ], [ -16.3528718, 28.4273581 ], [ -16.3530377, 28.427352 ], [ -16.3531503, 28.4273305 ], [ -16.3532362, 28.4273094 ], [ -16.3533239, 28.4273063 ], [ -16.3534571, 28.4273207 ], [ -16.3535853, 28.427342 ], [ -16.3537437, 28.4273788 ], [ -16.3538619, 28.427416 ], [ -16.353996, 28.4274214 ], [ -16.3541464, 28.427429 ], [ -16.3542475, 28.4274302 ], [ -16.3546008, 28.4273861 ], [ -16.3547155, 28.4273759 ], [ -16.3548022, 28.4273728 ], [ -16.3548413, 28.4272799 ], [ -16.3547534, 28.4272198 ], [ -16.3546037, 28.4271333 ], [ -16.3544981, 28.4270419 ], [ -16.3544293, 28.4269974 ], [ -16.3543383, 28.426969 ], [ -16.3542388, 28.4268978 ], [ -16.354123, 28.4268741 ], [ -16.3539296, 28.4267632 ], [ -16.353875, 28.426687 ], [ -16.3538486, 28.4265926 ], [ -16.3538149, 28.4265049 ], [ -16.3537537, 28.4264333 ], [ -16.3535775, 28.4262726 ], [ -16.3535014, 28.4261583 ], [ -16.3534739, 28.4260593 ], [ -16.3534598, 28.4259804 ], [ -16.353516, 28.4259009 ], [ -16.3536296, 28.4258592 ], [ -16.3538318, 28.4258481 ], [ -16.3541476, 28.4258495 ], [ -16.3542537, 28.4258642 ], [ -16.3543433, 28.4258859 ], [ -16.3544166, 28.4259213 ], [ -16.3546094, 28.4260322 ], [ -16.354723, 28.42611 ], [ -16.354914, 28.4261758 ], [ -16.3550329, 28.4261159 ], [ -16.3549584, 28.4259791 ], [ -16.354895, 28.4258894 ], [ -16.3548185, 28.4257639 ], [ -16.3547366, 28.4256766 ], [ -16.3546572, 28.4255985 ], [ -16.3545809, 28.4255473 ], [ -16.3543072, 28.425426 ], [ -16.3542098, 28.425366 ], [ -16.3540871, 28.4252544 ], [ -16.3540639, 28.4251825 ], [ -16.3540759, 28.4250988 ], [ -16.3540958, 28.424961 ], [ -16.3538562, 28.4249589 ], [ -16.353723, 28.4249737 ], [ -16.3535583, 28.4249461 ], [ -16.3534862, 28.4248701 ], [ -16.3534674, 28.4247416 ], [ -16.3534034, 28.4245775 ], [ -16.3533618, 28.4244967 ], [ -16.3532571, 28.4243421 ], [ -16.353151, 28.4242709 ], [ -16.3530436, 28.4242066 ], [ -16.3529717, 28.4241735 ], [ -16.3529103, 28.4241131 ], [ -16.3529109, 28.4240071 ], [ -16.3529341, 28.4238782 ], [ -16.3528901, 28.4237501 ], [ -16.3527732, 28.4236181 ], [ -16.3527039, 28.4235398 ], [ -16.3526624, 28.4234364 ], [ -16.3526549, 28.423071 ], [ -16.3527568, 28.4229549 ], [ -16.3528479, 28.4229179 ], [ -16.3530891, 28.4228455 ], [ -16.3531811, 28.4227769 ], [ -16.3531477, 28.4226125 ], [ -16.3532426, 28.4224988 ], [ -16.3534572, 28.4224132 ], [ -16.3536147, 28.4223304 ], [ -16.3537806, 28.422225 ], [ -16.3539018, 28.4221515 ], [ -16.3540163, 28.4221233 ], [ -16.3542476, 28.4220488 ], [ -16.3542773, 28.4218973 ], [ -16.354094, 28.4218134 ], [ -16.3530627, 28.4217921 ], [ -16.3528305, 28.4218215 ], [ -16.3527249, 28.4218293 ], [ -16.3525689, 28.4218489 ], [ -16.3523492, 28.4218849 ], [ -16.3522396, 28.421895 ], [ -16.3520984, 28.4218559 ], [ -16.3520131, 28.4218003 ], [ -16.3519503, 28.4217535 ], [ -16.3518957, 28.4216954 ], [ -16.3518305, 28.42159 ], [ -16.3516668, 28.4210298 ], [ -16.3516509, 28.4209352 ], [ -16.3516735, 28.420856 ], [ -16.351771, 28.4207715 ], [ -16.3519281, 28.4207294 ], [ -16.3520853, 28.4207301 ], [ -16.3523018, 28.4207437 ], [ -16.3524699, 28.420715 ], [ -16.3526498, 28.4206387 ], [ -16.3528398, 28.4205015 ], [ -16.3528974, 28.4204354 ], [ -16.3529208, 28.4203449 ], [ -16.3529431, 28.4201913 ], [ -16.3529318, 28.4200538 ], [ -16.3528835, 28.419973 ], [ -16.352801, 28.419931 ], [ -16.3527304, 28.4198956 ], [ -16.3524341, 28.4197564 ], [ -16.3522668, 28.4196678 ], [ -16.3522417, 28.4195778 ], [ -16.3521531, 28.4192582 ], [ -16.3521194, 28.4190961 ], [ -16.3521764, 28.4190301 ], [ -16.3522443, 28.4189505 ], [ -16.3523878, 28.4188994 ], [ -16.3524982, 28.418896 ], [ -16.3526217, 28.4189016 ], [ -16.3527848, 28.4189113 ], [ -16.3530785, 28.4189219 ], [ -16.3533014, 28.41894 ], [ -16.3535297, 28.4189828 ], [ -16.3538082, 28.419032 ], [ -16.3539622, 28.419053 ], [ -16.3540729, 28.4190519 ], [ -16.3541765, 28.4190193 ], [ -16.3542317, 28.418942 ], [ -16.3542332, 28.4188066 ], [ -16.3542326, 28.4186645 ], [ -16.35423, 28.4184862 ], [ -16.3542363, 28.4181567 ], [ -16.3542414, 28.41808 ], [ -16.3542984, 28.4179643 ], [ -16.3544228, 28.4178616 ], [ -16.3544854, 28.4177955 ], [ -16.3545681, 28.4177248 ], [ -16.3546648, 28.4176809 ], [ -16.3549392, 28.4175879 ], [ -16.3550318, 28.4175419 ], [ -16.3550934, 28.4174939 ], [ -16.3551594, 28.417412 ], [ -16.3552186, 28.4173279 ], [ -16.3554061, 28.41722 ], [ -16.3554954, 28.4171943 ], [ -16.3555793, 28.4171912 ], [ -16.3556975, 28.4172081 ], [ -16.3558076, 28.4172341 ], [ -16.3558938, 28.4172626 ], [ -16.355968, 28.4172054 ], [ -16.3559425, 28.4171312 ], [ -16.3557784, 28.4169207 ], [ -16.3557007, 28.416732 ], [ -16.3557261, 28.4165941 ], [ -16.3558774, 28.4166309 ], [ -16.3559662, 28.4166368 ], [ -16.35646, 28.4165823 ], [ -16.3564529, 28.4165011 ], [ -16.3564509, 28.4163951 ], [ -16.3565374, 28.416322 ], [ -16.3566222, 28.416249 ], [ -16.3566128, 28.416161 ], [ -16.3564945, 28.4161126 ], [ -16.3563034, 28.4160874 ], [ -16.3562167, 28.4160432 ], [ -16.3562357, 28.4159279 ], [ -16.356326, 28.4158526 ], [ -16.3563915, 28.4157684 ], [ -16.3565498, 28.4154961 ], [ -16.3566257, 28.4153892 ], [ -16.3567132, 28.4152778 ], [ -16.3568035, 28.4151032 ], [ -16.3567853, 28.4150244 ], [ -16.356672, 28.4148924 ], [ -16.3565986, 28.4148187 ], [ -16.356502, 28.4147452 ], [ -16.3564342, 28.4146849 ], [ -16.3563906, 28.4146154 ], [ -16.3564049, 28.414534 ], [ -16.3565242, 28.4143343 ], [ -16.3567576, 28.4141786 ], [ -16.3568598, 28.4141369 ], [ -16.3569716, 28.4141223 ], [ -16.3571695, 28.4140774 ], [ -16.3572973, 28.4140716 ], [ -16.3574229, 28.4140907 ], [ -16.3576439, 28.4141359 ], [ -16.3578304, 28.414152 ], [ -16.3579437, 28.414178 ], [ -16.3580331, 28.4141816 ], [ -16.358213, 28.4141099 ], [ -16.3585037, 28.4139942 ], [ -16.3585906, 28.4139256 ], [ -16.3586888, 28.4137938 ], [ -16.3587526, 28.413748 ], [ -16.3588411, 28.4137043 ], [ -16.3590085, 28.4136529 ], [ -16.3593298, 28.4135031 ], [ -16.3595307, 28.4133251 ], [ -16.3595957, 28.4132455 ], [ -16.3597318, 28.4131109 ], [ -16.3599557, 28.4129553 ], [ -16.3600956, 28.4129697 ], [ -16.3601652, 28.4128742 ], [ -16.3602141, 28.4127271 ], [ -16.3602616, 28.4126025 ], [ -16.3603444, 28.4126897 ], [ -16.3603719, 28.4128203 ], [ -16.3604667, 28.4129524 ], [ -16.3606073, 28.4127976 ], [ -16.3606803, 28.4126908 ], [ -16.3609058, 28.4123163 ], [ -16.360942, 28.412176 ], [ -16.360954, 28.4120924 ], [ -16.360998, 28.4119882 ], [ -16.3610315, 28.4117622 ], [ -16.3610789, 28.4117031 ], [ -16.361199, 28.411641 ], [ -16.3612925, 28.4116197 ], [ -16.3613796, 28.4116211 ], [ -16.3614681, 28.4116541 ], [ -16.3617273, 28.4118207 ], [ -16.3618264, 28.4118874 ], [ -16.3619491, 28.4119764 ], [ -16.3620636, 28.4121016 ], [ -16.3621513, 28.4121504 ], [ -16.3622533, 28.4121426 ], [ -16.3622926, 28.41207 ], [ -16.3623438, 28.4119635 ], [ -16.3624507, 28.4118405 ], [ -16.362575, 28.4118077 ], [ -16.3628834, 28.4118272 ], [ -16.3629937, 28.4117945 ], [ -16.3632347, 28.4117808 ], [ -16.36335, 28.4117142 ], [ -16.363528, 28.4115387 ], [ -16.3636932, 28.4113859 ], [ -16.3637987, 28.4113848 ], [ -16.3639735, 28.4114553 ], [ -16.364029, 28.4113802 ], [ -16.3641391, 28.4112325 ], [ -16.3641934, 28.4111665 ], [ -16.3643145, 28.4110592 ], [ -16.3643904, 28.4110292 ], [ -16.364591, 28.4109978 ], [ -16.3646945, 28.4109877 ], [ -16.3647876, 28.4109846 ], [ -16.3648839, 28.4110061 ], [ -16.3650273, 28.4111649 ], [ -16.3651493, 28.411281 ], [ -16.3652311, 28.4113163 ], [ -16.3654704, 28.4112146 ], [ -16.3655788, 28.4112135 ], [ -16.3656613, 28.4112263 ], [ -16.3657209, 28.411176 ], [ -16.3658166, 28.4110983 ], [ -16.3658908, 28.4110389 ], [ -16.366025, 28.4109361 ], [ -16.3661733, 28.4108353 ], [ -16.3662581, 28.4107803 ], [ -16.3663876, 28.4106729 ], [ -16.3665312, 28.4105542 ], [ -16.3666106, 28.410506 ], [ -16.3666896, 28.410442 ], [ -16.3668145, 28.4103573 ], [ -16.3669039, 28.4102932 ], [ -16.3669908, 28.4102247 ], [ -16.3670466, 28.4101722 ], [ -16.3671548, 28.4100808 ], [ -16.3672326, 28.4100078 ], [ -16.3673257, 28.4099731 ], [ -16.3674213, 28.4099428 ], [ -16.3675174, 28.4098967 ], [ -16.3676015, 28.4098665 ], [ -16.3677022, 28.4098091 ], [ -16.3677712, 28.4097655 ], [ -16.3678373, 28.4096927 ], [ -16.3679177, 28.4096513 ], [ -16.3679989, 28.4096143 ], [ -16.368295, 28.4095459 ], [ -16.3684447, 28.4095219 ], [ -16.3686082, 28.4094864 ], [ -16.3687929, 28.4093943 ], [ -16.3687587, 28.4093878 ], [ -16.3686923, 28.4093795 ], [ -16.3685507, 28.4093854 ], [ -16.368521, 28.4093789 ], [ -16.3684646, 28.4093614 ], [ -16.3684, 28.4093486 ], [ -16.3682123, 28.4093099 ], [ -16.3681477, 28.409306 ], [ -16.3680845, 28.4092953 ], [ -16.3680594, 28.4092798 ], [ -16.367994, 28.4092285 ], [ -16.367974, 28.409213 ], [ -16.3679158, 28.4091752 ], [ -16.367849, 28.4091398 ], [ -16.3678124, 28.4091243 ], [ -16.3677394, 28.4091002 ], [ -16.3676668, 28.4090852 ], [ -16.3676291, 28.4090833 ], [ -16.3675898, 28.4090837 ], [ -16.3675501, 28.4090886 ], [ -16.3675086, 28.409089 ], [ -16.3674806, 28.4090735 ], [ -16.3674461, 28.4090671 ], [ -16.3674106, 28.4090584 ], [ -16.3673804, 28.4089933 ], [ -16.3673459, 28.4088921 ], [ -16.3673389, 28.4088651 ], [ -16.3673181, 28.408836 ], [ -16.3672543, 28.4087599 ], [ -16.3672016, 28.408704 ], [ -16.3671437, 28.4086482 ], [ -16.3670768, 28.4086037 ], [ -16.3670099, 28.4085638 ], [ -16.3669457, 28.4085328 ], [ -16.3667988, 28.4084666 ], [ -16.3667387, 28.4084289 ], [ -16.3666821, 28.4083911 ], [ -16.366634, 28.4083532 ], [ -16.3666107, 28.4083264 ], [ -16.3665983, 28.4083017 ], [ -16.366591, 28.4082544 ], [ -16.3665932, 28.4082295 ], [ -16.3666095, 28.408182 ], [ -16.3666395, 28.408132 ], [ -16.3667161, 28.4080342 ], [ -16.3667655, 28.4079841 ], [ -16.3668279, 28.4079271 ], [ -16.3668883, 28.4078813 ], [ -16.3671759, 28.4076776 ], [ -16.3673002, 28.4075929 ], [ -16.3673574, 28.4075472 ], [ -16.3674126, 28.4073549 ], [ -16.367416, 28.4073232 ], [ -16.3674028, 28.4072873 ], [ -16.3673905, 28.4072716 ], [ -16.3673574, 28.4072561 ], [ -16.3672734, 28.4072683 ], [ -16.3672473, 28.4072505 ], [ -16.3671851, 28.4070977 ], [ -16.367057, 28.4069387 ], [ -16.3670413, 28.4069073 ], [ -16.3670365, 28.4068803 ], [ -16.3670403, 28.4068509 ], [ -16.3670491, 28.4068193 ], [ -16.3670735, 28.4067558 ], [ -16.3670865, 28.4067264 ], [ -16.3671053, 28.4066991 ], [ -16.3671136, 28.4066742 ], [ -16.3670982, 28.4066179 ], [ -16.3670761, 28.4065572 ], [ -16.3670673, 28.4065212 ], [ -16.3670492, 28.406456 ], [ -16.3670243, 28.4063998 ], [ -16.3670095, 28.4063684 ], [ -16.3670135, 28.4063548 ], [ -16.366999, 28.4063188 ], [ -16.3669684, 28.4062695 ], [ -16.3669239, 28.4062113 ], [ -16.3668971, 28.4061845 ], [ -16.3668358, 28.4061332 ], [ -16.366802, 28.406111 ], [ -16.366766, 28.4061068 ], [ -16.3666897, 28.4061076 ], [ -16.3665721, 28.4061133 ], [ -16.3665062, 28.4060981 ], [ -16.3664382, 28.4060718 ], [ -16.3663022, 28.4060099 ], [ -16.366202, 28.4059591 ], [ -16.366133, 28.4059214 ], [ -16.3660635, 28.4058792 ], [ -16.36601, 28.4058369 ], [ -16.365772, 28.4056339 ], [ -16.3655908, 28.4054869 ], [ -16.3654337, 28.4053688 ], [ -16.3653124, 28.4052888 ], [ -16.3652211, 28.4052649 ], [ -16.3650639, 28.4052394 ], [ -16.3649967, 28.4052243 ], [ -16.3649702, 28.4051997 ], [ -16.3649211, 28.4051461 ], [ -16.3647942, 28.4049804 ], [ -16.3647623, 28.4049536 ], [ -16.3647298, 28.4049336 ], [ -16.3646955, 28.4049182 ], [ -16.3646577, 28.4049073 ], [ -16.3646155, 28.4048987 ], [ -16.364284, 28.4048659 ], [ -16.3642027, 28.4048487 ], [ -16.364084, 28.4048183 ], [ -16.3639415, 28.4047768 ], [ -16.3638351, 28.4047328 ], [ -16.3637594, 28.4047064 ], [ -16.3634676, 28.4046597 ], [ -16.363396, 28.4046469 ], [ -16.3633038, 28.404623 ], [ -16.3632308, 28.4045989 ], [ -16.3632038, 28.4045834 ], [ -16.3631844, 28.4045678 ], [ -16.3631424, 28.404496 ], [ -16.3630851, 28.4043838 ], [ -16.3630568, 28.4043164 ], [ -16.3630415, 28.4042669 ], [ -16.3630392, 28.4042105 ], [ -16.3630551, 28.4038584 ], [ -16.3630521, 28.4038223 ], [ -16.3630334, 28.4037841 ], [ -16.3630171, 28.4037549 ], [ -16.3629974, 28.4037326 ], [ -16.3629739, 28.403717 ], [ -16.3629466, 28.4037037 ], [ -16.3629159, 28.4036973 ], [ -16.3628849, 28.4036908 ], [ -16.3628482, 28.4036889 ], [ -16.3628115, 28.4036893 ], [ -16.3627348, 28.4037013 ], [ -16.3626973, 28.4037107 ], [ -16.3626694, 28.4037246 ], [ -16.3625163, 28.4038231 ], [ -16.362457, 28.4038576 ], [ -16.3624201, 28.4038647 ], [ -16.3623828, 28.4038673 ], [ -16.3623452, 28.4038677 ], [ -16.3622435, 28.4038507 ], [ -16.3621917, 28.4038376 ], [ -16.3620764, 28.4038005 ], [ -16.3619594, 28.4037587 ], [ -16.3618613, 28.4037191 ], [ -16.3618286, 28.4037036 ], [ -16.3617919, 28.4036815 ], [ -16.3617535, 28.4036457 ], [ -16.3615075, 28.4033887 ], [ -16.3614526, 28.4033373 ], [ -16.3613488, 28.4032527 ], [ -16.3612645, 28.4031903 ], [ -16.3612059, 28.4031525 ], [ -16.3611751, 28.4031348 ], [ -16.3611273, 28.403115 ], [ -16.3610908, 28.4031041 ], [ -16.3610581, 28.4030954 ], [ -16.3609888, 28.403087 ], [ -16.3609559, 28.4030873 ], [ -16.3608719, 28.4030995 ], [ -16.3603478, 28.4032514 ], [ -16.3602941, 28.4032632 ], [ -16.360264, 28.4032522 ], [ -16.3602526, 28.4032388 ], [ -16.360226, 28.4032278 ], [ -16.3602085, 28.4032009 ], [ -16.360197, 28.4031513 ], [ -16.3601876, 28.4030702 ], [ -16.3601684, 28.4030117 ], [ -16.3601613, 28.4029802 ], [ -16.360158, 28.4029487 ], [ -16.3601605, 28.4029193 ], [ -16.3601839, 28.402901 ], [ -16.3602124, 28.4028849 ], [ -16.3603075, 28.4028366 ], [ -16.3603298, 28.4028093 ], [ -16.3603486, 28.4027821 ], [ -16.3603632, 28.4027526 ], [ -16.3603736, 28.4027231 ], [ -16.3603793, 28.4026937 ], [ -16.3603751, 28.40266 ], [ -16.3603631, 28.4026262 ], [ -16.3603446, 28.4025971 ], [ -16.3603197, 28.4025702 ], [ -16.3602956, 28.4025569 ], [ -16.3602642, 28.402546 ], [ -16.3602239, 28.4025374 ], [ -16.3601731, 28.4025311 ], [ -16.3601412, 28.4025269 ], [ -16.3599936, 28.4025126 ], [ -16.3599109, 28.4025089 ], [ -16.3598252, 28.402512 ], [ -16.3596706, 28.4025451 ], [ -16.3594491, 28.4026105 ], [ -16.3592755, 28.4026529 ], [ -16.3591777, 28.4026697 ], [ -16.3591405, 28.4026723 ], [ -16.3591171, 28.4026635 ], [ -16.3591002, 28.4026411 ], [ -16.3590609, 28.4025828 ], [ -16.3590271, 28.4025132 ], [ -16.3590149, 28.4024795 ], [ -16.3590151, 28.4024479 ], [ -16.3590202, 28.4024208 ], [ -16.3590361, 28.4023665 ], [ -16.3590408, 28.4023122 ], [ -16.3590395, 28.4022829 ], [ -16.3590301, 28.4022199 ], [ -16.359022, 28.4021883 ], [ -16.3590095, 28.4021591 ], [ -16.358992, 28.4021345 ], [ -16.3589749, 28.4021234 ], [ -16.3589485, 28.4021236 ], [ -16.3589074, 28.4021353 ], [ -16.3588393, 28.4021654 ], [ -16.3587039, 28.4022299 ], [ -16.358674, 28.4022415 ], [ -16.3586454, 28.4022417 ], [ -16.3586146, 28.4022353 ], [ -16.3585272, 28.4021797 ], [ -16.3584618, 28.4021285 ], [ -16.3584395, 28.4021107 ], [ -16.3584128, 28.4020884 ], [ -16.3583695, 28.4020504 ], [ -16.3583184, 28.4019923 ], [ -16.3582572, 28.401923 ], [ -16.3581601, 28.4018134 ], [ -16.3580563, 28.4016993 ], [ -16.3580513, 28.4016813 ], [ -16.3580389, 28.4016611 ], [ -16.3580204, 28.4016387 ], [ -16.3579659, 28.4015897 ], [ -16.3577798, 28.4014494 ], [ -16.3576222, 28.4013268 ], [ -16.3575581, 28.4012733 ], [ -16.3574542, 28.4011615 ], [ -16.357337, 28.4010206 ], [ -16.3572597, 28.4009108 ], [ -16.3572258, 28.4008299 ], [ -16.3571753, 28.4006747 ], [ -16.3571516, 28.4006456 ], [ -16.3571252, 28.4006233 ], [ -16.357097, 28.40061 ], [ -16.3570662, 28.4006013 ], [ -16.3570334, 28.4005994 ], [ -16.3569638, 28.4006204 ], [ -16.3568956, 28.4006527 ], [ -16.3568361, 28.4006871 ], [ -16.3568102, 28.4007122 ], [ -16.3567811, 28.4007283 ], [ -16.3567251, 28.4007401 ], [ -16.3566506, 28.4007499 ], [ -16.3565575, 28.4007553 ], [ -16.3563626, 28.4007482 ], [ -16.3561687, 28.4007321 ], [ -16.3560872, 28.4007194 ], [ -16.3560184, 28.400702 ], [ -16.3559556, 28.4006778 ], [ -16.3558026, 28.4005868 ], [ -16.3557368, 28.4005491 ], [ -16.3556177, 28.4005142 ], [ -16.3554667, 28.4004796 ], [ -16.355383, 28.4004692 ], [ -16.3553465, 28.4004605 ], [ -16.3553109, 28.400445 ], [ -16.3552236, 28.4003309 ], [ -16.3551658, 28.4002773 ], [ -16.3551314, 28.4002528 ], [ -16.3550528, 28.4002446 ], [ -16.3549698, 28.4002409 ], [ -16.3548076, 28.400247 ], [ -16.3547368, 28.4002545 ], [ -16.3546942, 28.4002571 ], [ -16.3546585, 28.400262 ], [ -16.3544826, 28.4002796 ], [ -16.3543229, 28.4002812 ], [ -16.3542778, 28.4002726 ], [ -16.3541943, 28.4002508 ], [ -16.3540911, 28.4002135 ], [ -16.3540647, 28.4002025 ], [ -16.3540329, 28.4001825 ], [ -16.3539771, 28.4001537 ], [ -16.353904, 28.4001274 ], [ -16.3538176, 28.4001079 ], [ -16.3537452, 28.4001086 ], [ -16.3536688, 28.4001207 ], [ -16.3535903, 28.4001418 ], [ -16.3535113, 28.4001764 ], [ -16.3534312, 28.4002471 ], [ -16.353229, 28.40045 ], [ -16.3531586, 28.4004845 ], [ -16.3530906, 28.4005032 ], [ -16.3530572, 28.4005103 ], [ -16.3529896, 28.400511 ], [ -16.3528161, 28.4004631 ], [ -16.3527353, 28.4004504 ], [ -16.3526591, 28.4004579 ], [ -16.3525407, 28.4004794 ], [ -16.3524247, 28.4005076 ], [ -16.3523144, 28.400538 ], [ -16.3522477, 28.4005613 ], [ -16.3522163, 28.4005774 ], [ -16.3521511, 28.4006186 ], [ -16.351946, 28.4007921 ], [ -16.3518348, 28.400879 ], [ -16.3517859, 28.400893 ], [ -16.3517447, 28.4008934 ], [ -16.3517089, 28.4008848 ], [ -16.3516771, 28.4008692 ], [ -16.3516397, 28.4008606 ], [ -16.3516048, 28.4008497 ], [ -16.3515724, 28.4008365 ], [ -16.3515692, 28.4008343 ], [ -16.3515428, 28.4008165 ], [ -16.3515221, 28.4007941 ], [ -16.3515043, 28.4007694 ], [ -16.3514774, 28.4007133 ], [ -16.3514693, 28.4006818 ], [ -16.3514751, 28.4006095 ], [ -16.351493, 28.4005101 ], [ -16.3514896, 28.4004695 ], [ -16.3514719, 28.4004539 ], [ -16.351445, 28.4004496 ], [ -16.3514132, 28.4004522 ], [ -16.3513788, 28.4004593 ], [ -16.3513484, 28.4004731 ], [ -16.3513177, 28.4004915 ], [ -16.351286, 28.4005121 ], [ -16.3512624, 28.4005349 ], [ -16.3512107, 28.4005828 ], [ -16.3511813, 28.4006057 ], [ -16.3511268, 28.4006356 ], [ -16.3510637, 28.400661 ], [ -16.3510287, 28.4006704 ], [ -16.3509194, 28.400676 ], [ -16.3508144, 28.4006747 ], [ -16.3507396, 28.4006868 ], [ -16.3506962, 28.4006849 ], [ -16.3506239, 28.4006721 ], [ -16.3505468, 28.4006481 ], [ -16.3504858, 28.4006216 ], [ -16.3504704, 28.400615 ], [ -16.3504348, 28.400595 ], [ -16.3504147, 28.4005682 ], [ -16.3503798, 28.4005098 ], [ -16.3503058, 28.4003616 ], [ -16.3502786, 28.4003303 ], [ -16.3502234, 28.400279 ], [ -16.350196, 28.4002567 ], [ -16.350143, 28.4002234 ], [ -16.3500985, 28.4002103 ], [ -16.3500605, 28.4002061 ], [ -16.35003, 28.4002132 ], [ -16.3500065, 28.4002292 ], [ -16.3499935, 28.4002542 ], [ -16.3499782, 28.4002792 ], [ -16.3499636, 28.4003132 ], [ -16.3499463, 28.400381 ], [ -16.3499316, 28.4004556 ], [ -16.3499321, 28.4005188 ], [ -16.3499259, 28.400582 ], [ -16.3499145, 28.4006137 ], [ -16.349897, 28.4006455 ], [ -16.3498728, 28.4006728 ], [ -16.3498412, 28.4006979 ], [ -16.3498107, 28.4007095 ], [ -16.3497767, 28.4007211 ], [ -16.3497017, 28.4007377 ], [ -16.3496195, 28.4007475 ], [ -16.3495446, 28.4007528 ], [ -16.3494369, 28.4007561 ], [ -16.3493743, 28.4007522 ], [ -16.3493276, 28.4007459 ], [ -16.3492956, 28.4007327 ], [ -16.3492758, 28.4007103 ], [ -16.3492723, 28.400681 ], [ -16.3492737, 28.4005704 ], [ -16.3492539, 28.400512 ], [ -16.349214, 28.4004379 ], [ -16.3491668, 28.4003368 ], [ -16.3491122, 28.4002358 ], [ -16.3490531, 28.4001507 ], [ -16.3490185, 28.4001352 ], [ -16.348984, 28.4001311 ], [ -16.3489502, 28.4001337 ], [ -16.3488879, 28.4001501 ], [ -16.3488518, 28.4001527 ], [ -16.3488187, 28.4001553 ], [ -16.3487847, 28.4001646 ], [ -16.3486973, 28.4002151 ], [ -16.3486669, 28.400229 ], [ -16.3486361, 28.4002383 ], [ -16.3486044, 28.4002364 ], [ -16.3485721, 28.4002254 ], [ -16.3485371, 28.40021 ], [ -16.3484976, 28.4001855 ], [ -16.3483599, 28.4000921 ], [ -16.3482657, 28.4000366 ], [ -16.3481841, 28.4000126 ], [ -16.3481047, 28.3999931 ], [ -16.3480011, 28.3999738 ], [ -16.3479608, 28.3999629 ], [ -16.3479355, 28.3999564 ], [ -16.3479205, 28.3999521 ], [ -16.347884, 28.399966 ], [ -16.3478628, 28.3999842 ], [ -16.3478362, 28.3999935 ], [ -16.3477955, 28.4000029 ], [ -16.3477321, 28.4000103 ], [ -16.3476628, 28.4000087 ], [ -16.3476368, 28.3999955 ], [ -16.3475469, 28.3999445 ], [ -16.3475177, 28.3999335 ], [ -16.3474156, 28.3999029 ], [ -16.3473375, 28.3998811 ], [ -16.3472429, 28.3998482 ], [ -16.3471649, 28.3998309 ], [ -16.3470691, 28.3998228 ], [ -16.3468216, 28.3998456 ], [ -16.3466776, 28.3998673 ], [ -16.3465169, 28.3998892 ], [ -16.3462987, 28.3998914 ], [ -16.3462499, 28.3998896 ], [ -16.3462001, 28.3998833 ], [ -16.3461769, 28.3998723 ], [ -16.346157, 28.3998567 ], [ -16.3461232, 28.3998367 ], [ -16.3459773, 28.3997975 ], [ -16.3458116, 28.3997585 ], [ -16.3457295, 28.3997278 ], [ -16.345676, 28.3997035 ], [ -16.3456445, 28.3996925 ], [ -16.3456104, 28.3996883 ], [ -16.3455775, 28.3996909 ], [ -16.3455073, 28.3997074 ], [ -16.3453573, 28.3997563 ], [ -16.3452826, 28.399775 ], [ -16.3452028, 28.3997713 ], [ -16.3451386, 28.3997607 ], [ -16.3451167, 28.3997496 ], [ -16.3450837, 28.3996868 ], [ -16.3450645, 28.3996328 ], [ -16.3450562, 28.3996013 ], [ -16.3450431, 28.3994751 ], [ -16.3450386, 28.399448 ], [ -16.3450329, 28.3994255 ], [ -16.3450219, 28.3993918 ], [ -16.3450078, 28.3993604 ], [ -16.3449881, 28.399338 ], [ -16.3449697, 28.3993179 ], [ -16.3449534, 28.3993135 ], [ -16.3449237, 28.3993138 ], [ -16.3448744, 28.3993233 ], [ -16.3447259, 28.3993631 ], [ -16.3445397, 28.3994191 ], [ -16.3444704, 28.3994356 ], [ -16.344457, 28.3994357 ], [ -16.3444285, 28.3994293 ], [ -16.3444011, 28.3994295 ], [ -16.344378, 28.3994455 ], [ -16.3443253, 28.3994912 ], [ -16.3442968, 28.3995118 ], [ -16.3442031, 28.3995669 ], [ -16.3441144, 28.3996106 ], [ -16.3440582, 28.399627 ], [ -16.3440307, 28.3996295 ], [ -16.3439937, 28.3996298 ], [ -16.3439577, 28.3996279 ], [ -16.343927, 28.3996237 ], [ -16.3439083, 28.3996059 ], [ -16.3439001, 28.3995879 ], [ -16.3438792, 28.3995791 ], [ -16.3438374, 28.3995524 ], [ -16.3437765, 28.3995034 ], [ -16.3436827, 28.3994027 ], [ -16.3435998, 28.3993021 ], [ -16.3435873, 28.3992751 ], [ -16.3435835, 28.3992255 ], [ -16.343507, 28.3989961 ], [ -16.3434926, 28.3989398 ], [ -16.3434837, 28.3989196 ], [ -16.343446, 28.3988636 ], [ -16.343376, 28.3987785 ], [ -16.3433256, 28.3987271 ], [ -16.3432966, 28.3987003 ], [ -16.3432126, 28.3986425 ], [ -16.3431438, 28.3986048 ], [ -16.3430323, 28.398563 ], [ -16.3428873, 28.3985193 ], [ -16.3428249, 28.3985064 ], [ -16.3427911, 28.3985045 ], [ -16.3427535, 28.3985071 ], [ -16.3425885, 28.3985539 ], [ -16.3424514, 28.3985823 ], [ -16.3423271, 28.3985858 ], [ -16.3421561, 28.3985852 ], [ -16.3419949, 28.3985823 ], [ -16.3418916, 28.3985788 ], [ -16.3418418, 28.3985793 ], [ -16.341805, 28.3985706 ], [ -16.3417676, 28.3985642 ], [ -16.3416864, 28.3985447 ], [ -16.3415776, 28.3985187 ], [ -16.3414883, 28.3984925 ], [ -16.3413741, 28.3984395 ], [ -16.3413433, 28.3984285 ], [ -16.341312, 28.3984266 ], [ -16.341161, 28.3984619 ], [ -16.3410941, 28.3984693 ], [ -16.3410596, 28.3984696 ], [ -16.3409193, 28.3984237 ], [ -16.3408807, 28.3984195 ], [ -16.3408118, 28.398418 ], [ -16.3407846, 28.3984182 ], [ -16.340765, 28.3984297 ], [ -16.3407391, 28.3984254 ], [ -16.3407008, 28.3984191 ], [ -16.3406486, 28.398406 ], [ -16.3405779, 28.3983864 ], [ -16.3403936, 28.3983363 ], [ -16.3402719, 28.3983059 ], [ -16.3401611, 28.3982642 ], [ -16.3401081, 28.3982399 ], [ -16.3400325, 28.3981616 ], [ -16.3399734, 28.398081 ], [ -16.3399306, 28.398025 ], [ -16.3399051, 28.3980027 ], [ -16.339855, 28.3979693 ], [ -16.3398033, 28.3979428 ], [ -16.3397373, 28.3979231 ], [ -16.3396324, 28.3978993 ], [ -16.339555, 28.397882 ], [ -16.33948, 28.3978557 ], [ -16.3393819, 28.3978138 ], [ -16.3393032, 28.3977424 ], [ -16.3392709, 28.3977337 ], [ -16.3392361, 28.3977295 ], [ -16.3391994, 28.3977298 ], [ -16.3390814, 28.3977603 ], [ -16.3390437, 28.3977562 ], [ -16.3390082, 28.3977475 ], [ -16.3389384, 28.3977256 ], [ -16.3389, 28.397717 ], [ -16.3388172, 28.3977245 ], [ -16.3387236, 28.3977435 ], [ -16.3386879, 28.3977394 ], [ -16.3386375, 28.3977173 ], [ -16.3385789, 28.397675 ], [ -16.3385145, 28.3976012 ], [ -16.3384533, 28.3975228 ], [ -16.3384296, 28.397496 ], [ -16.3383707, 28.3974266 ], [ -16.3383246, 28.3973842 ], [ -16.3383011, 28.3973686 ], [ -16.3382719, 28.3973599 ], [ -16.338216, 28.3973469 ], [ -16.3381863, 28.3973246 ], [ -16.3381644, 28.3973045 ], [ -16.3381413, 28.3972935 ], [ -16.3381271, 28.3972846 ], [ -16.338103, 28.397269 ], [ -16.3380124, 28.3972158 ], [ -16.3379452, 28.3971713 ], [ -16.3379175, 28.397149 ], [ -16.337792, 28.3970397 ], [ -16.3376749, 28.3969303 ], [ -16.3375364, 28.3968233 ], [ -16.3374578, 28.3967587 ], [ -16.337387, 28.3966871 ], [ -16.3372799, 28.3966386 ], [ -16.3372274, 28.3965263 ], [ -16.3371229, 28.3964573 ], [ -16.3370504, 28.3966521 ], [ -16.3369484, 28.3966824 ], [ -16.336839, 28.3967557 ], [ -16.3367016, 28.3967909 ], [ -16.3366232, 28.396821 ], [ -16.3364967, 28.396838 ], [ -16.3364165, 28.3968749 ], [ -16.3363034, 28.3968806 ], [ -16.3362618, 28.3967952 ], [ -16.3362195, 28.3967302 ], [ -16.3361149, 28.3967087 ], [ -16.336038, 28.3967816 ], [ -16.3359568, 28.3968682 ], [ -16.3358695, 28.3968758 ], [ -16.3357767, 28.3968225 ], [ -16.3357167, 28.3968998 ], [ -16.3356265, 28.3968804 ], [ -16.3355809, 28.3969553 ], [ -16.335463, 28.396891 ], [ -16.3354124, 28.3969502 ], [ -16.3353315, 28.3970345 ], [ -16.335253, 28.3971345 ], [ -16.3352406, 28.3972136 ], [ -16.3352201, 28.3972838 ], [ -16.3352151, 28.3973628 ], [ -16.3351498, 28.3974537 ], [ -16.3350584, 28.3975358 ], [ -16.3349565, 28.3976519 ], [ -16.3349113, 28.3977336 ], [ -16.3349696, 28.3978074 ], [ -16.335153, 28.3977808 ], [ -16.3352793, 28.3978089 ], [ -16.335297, 28.3978923 ], [ -16.3352722, 28.3979737 ], [ -16.3352137, 28.3980397 ], [ -16.3351379, 28.3981533 ], [ -16.3350655, 28.3982059 ], [ -16.3350526, 28.3983459 ], [ -16.3351454, 28.3983991 ], [ -16.3351644, 28.3984847 ], [ -16.3351473, 28.3985729 ], [ -16.3351204, 28.3986634 ], [ -16.3349547, 28.3990057 ], [ -16.3348644, 28.3990788 ], [ -16.3347745, 28.3990346 ], [ -16.3346894, 28.3990647 ], [ -16.3346751, 28.3991754 ], [ -16.3347143, 28.3993014 ], [ -16.3346764, 28.399383 ], [ -16.3345847, 28.3993636 ], [ -16.3344538, 28.3993536 ], [ -16.3344073, 28.3994894 ], [ -16.3344271, 28.3995705 ], [ -16.3343763, 28.3996635 ], [ -16.3343107, 28.3997498 ], [ -16.334339, 28.3998173 ], [ -16.3343028, 28.3999034 ], [ -16.3342527, 28.4000302 ], [ -16.3342146, 28.4001208 ], [ -16.3341305, 28.400257 ], [ -16.3340399, 28.400382 ], [ -16.3338593, 28.400535 ], [ -16.3337246, 28.400622 ], [ -16.3334817, 28.4007169 ], [ -16.3331397, 28.4008602 ], [ -16.3330563, 28.4008542 ], [ -16.3330529, 28.4008881 ], [ -16.3330475, 28.4009175 ], [ -16.3330416, 28.4009469 ], [ -16.3330295, 28.4010034 ], [ -16.3330222, 28.4010599 ], [ -16.3330223, 28.4010937 ], [ -16.3330279, 28.4011343 ], [ -16.3330522, 28.4012401 ], [ -16.3330748, 28.4013121 ], [ -16.3331021, 28.4013773 ], [ -16.3331206, 28.4014041 ], [ -16.3331558, 28.4014399 ], [ -16.3331971, 28.4014756 ], [ -16.3332833, 28.4015357 ], [ -16.3333775, 28.4015934 ], [ -16.3334793, 28.4016421 ], [ -16.333564, 28.4016841 ], [ -16.333586, 28.4017087 ], [ -16.3336302, 28.401776 ], [ -16.3336538, 28.4017983 ], [ -16.3336827, 28.401816 ], [ -16.3337177, 28.401836 ], [ -16.333854, 28.4018889 ], [ -16.3339085, 28.4019154 ], [ -16.3339272, 28.401931 ], [ -16.3339435, 28.4019557 ], [ -16.3339595, 28.4019916 ], [ -16.3339835, 28.4021222 ], [ -16.334001, 28.402192 ], [ -16.3340235, 28.4022617 ], [ -16.334054, 28.4023269 ], [ -16.334119, 28.4023691 ], [ -16.3341925, 28.4024022 ], [ -16.3343013, 28.4024373 ], [ -16.3343685, 28.4024524 ], [ -16.3344452, 28.4024652 ], [ -16.3344674, 28.402483 ], [ -16.3345067, 28.4025594 ], [ -16.3346149, 28.4028178 ], [ -16.3346476, 28.4028806 ], [ -16.3346867, 28.4029479 ], [ -16.3348098, 28.4031024 ], [ -16.3349314, 28.4032344 ], [ -16.3350093, 28.4032855 ], [ -16.3350321, 28.4033033 ], [ -16.3350407, 28.4033213 ], [ -16.335031, 28.4033439 ], [ -16.334995, 28.4033939 ], [ -16.3349106, 28.4034828 ], [ -16.334838, 28.4035647 ], [ -16.3347669, 28.4036489 ], [ -16.334706, 28.4037284 ], [ -16.3346946, 28.4037579 ], [ -16.3346883, 28.403785 ], [ -16.334684, 28.4038799 ], [ -16.3346351, 28.4040744 ], [ -16.3346166, 28.4041761 ], [ -16.3346094, 28.4042416 ], [ -16.3346185, 28.4042776 ], [ -16.3346452, 28.4043473 ], [ -16.3346778, 28.4044034 ], [ -16.3347107, 28.4044527 ], [ -16.3347295, 28.4045089 ], [ -16.3347506, 28.4045629 ], [ -16.3347868, 28.4046031 ], [ -16.334829, 28.4046569 ], [ -16.3348743, 28.4047354 ], [ -16.3349249, 28.4049064 ], [ -16.33493, 28.4049262 ], [ -16.334995, 28.4051787 ], [ -16.3350122, 28.4052282 ], [ -16.3350356, 28.4052821 ], [ -16.3350425, 28.4053001 ], [ -16.3350515, 28.4053564 ], [ -16.3350617, 28.4055075 ], [ -16.3350647, 28.4055436 ], [ -16.3350889, 28.4057148 ], [ -16.3350926, 28.4058118 ], [ -16.3351032, 28.4058704 ], [ -16.335124, 28.4058972 ], [ -16.335207, 28.4059799 ], [ -16.3352786, 28.4060943 ], [ -16.3353189, 28.4061525 ], [ -16.335383, 28.4062015 ], [ -16.335475, 28.4062638 ], [ -16.3355222, 28.4063108 ], [ -16.3355587, 28.4063532 ], [ -16.3356078, 28.4063979 ], [ -16.3356336, 28.4064247 ], [ -16.3357326, 28.4065817 ], [ -16.3357835, 28.4066241 ], [ -16.3358295, 28.4066529 ], [ -16.3358884, 28.4067223 ], [ -16.3359438, 28.4067579 ], [ -16.3360017, 28.4068024 ], [ -16.3360379, 28.4068675 ], [ -16.3360825, 28.4069596 ], [ -16.3361074, 28.4069887 ], [ -16.3361353, 28.4069997 ], [ -16.336167, 28.4070062 ], [ -16.3362706, 28.4070254 ], [ -16.3363298, 28.4070429 ], [ -16.3363603, 28.4070561 ], [ -16.3363934, 28.4070761 ], [ -16.3364565, 28.4071229 ], [ -16.3364852, 28.4071474 ], [ -16.3365113, 28.407172 ], [ -16.3365552, 28.4072122 ], [ -16.33658, 28.40723 ], [ -16.3366292, 28.4072588 ], [ -16.3366558, 28.4072744 ], [ -16.3366905, 28.4072921 ], [ -16.3368274, 28.4073471 ], [ -16.3368816, 28.4073737 ], [ -16.3369371, 28.4073957 ], [ -16.3370515, 28.4074149 ], [ -16.3371719, 28.407425 ], [ -16.3372377, 28.4074266 ], [ -16.3372673, 28.4074263 ], [ -16.3372951, 28.4074305 ], [ -16.3373651, 28.4074412 ], [ -16.3374445, 28.4074607 ], [ -16.3374759, 28.4074694 ], [ -16.3374887, 28.4074738 ], [ -16.3375177, 28.407478 ], [ -16.3375536, 28.4074867 ], [ -16.3375937, 28.4075043 ], [ -16.337637, 28.4075287 ], [ -16.3376766, 28.407578 ], [ -16.3377162, 28.407634 ], [ -16.337753, 28.4076923 ], [ -16.337801, 28.4077798 ], [ -16.3378256, 28.4078586 ], [ -16.3378434, 28.4079577 ], [ -16.3378636, 28.4080207 ], [ -16.3378723, 28.4080454 ], [ -16.3378815, 28.4080701 ], [ -16.3379319, 28.4081711 ], [ -16.3379859, 28.4083015 ], [ -16.3380558, 28.4085603 ], [ -16.3380773, 28.408621 ], [ -16.3381519, 28.4086947 ], [ -16.3381765, 28.4087464 ], [ -16.3381982, 28.4088048 ], [ -16.3382367, 28.4088924 ], [ -16.338247, 28.4089262 ], [ -16.3382501, 28.4090728 ], [ -16.3382735, 28.4091335 ], [ -16.3383016, 28.4091874 ], [ -16.3383163, 28.409212 ], [ -16.3383364, 28.4092389 ], [ -16.3383671, 28.4092657 ], [ -16.3384096, 28.4093037 ], [ -16.3385164, 28.4093996 ], [ -16.3386887, 28.4095559 ], [ -16.3387543, 28.4095936 ], [ -16.3388173, 28.4096358 ], [ -16.3388476, 28.4096603 ], [ -16.3388751, 28.4096872 ], [ -16.33892, 28.4097815 ], [ -16.3389441, 28.4098512 ], [ -16.3389635, 28.409921 ], [ -16.3389778, 28.409993 ], [ -16.3389823, 28.4100652 ], [ -16.3389808, 28.4101329 ], [ -16.3389705, 28.4102481 ], [ -16.3389675, 28.4102887 ], [ -16.3389638, 28.4103519 ], [ -16.3389676, 28.4104715 ], [ -16.3389658, 28.4105347 ], [ -16.3389512, 28.410589 ], [ -16.3389197, 28.4106727 ], [ -16.3388864, 28.4107634 ], [ -16.3388781, 28.4107927 ], [ -16.3333798, 28.4131595 ], [ -16.3333315, 28.4131509 ], [ -16.3332554, 28.4131314 ], [ -16.3332208, 28.4131181 ], [ -16.333164, 28.4130713 ], [ -16.3330712, 28.4129752 ], [ -16.3330357, 28.4129643 ], [ -16.3330003, 28.4129601 ], [ -16.3328984, 28.4129543 ], [ -16.332834, 28.4129301 ], [ -16.3327835, 28.4129013 ], [ -16.3327242, 28.4128229 ], [ -16.3327054, 28.4128028 ], [ -16.3326599, 28.4127626 ], [ -16.3326317, 28.4127449 ], [ -16.3325998, 28.4127271 ], [ -16.3323739, 28.4126729 ], [ -16.3323399, 28.4126574 ], [ -16.3323122, 28.4126374 ], [ -16.3322893, 28.4126151 ], [ -16.3322699, 28.4125882 ], [ -16.3322317, 28.4124961 ], [ -16.3321991, 28.4124377 ], [ -16.332069, 28.412369 ], [ -16.3320355, 28.4123468 ], [ -16.3320042, 28.4122907 ], [ -16.3319295, 28.4121335 ], [ -16.3318908, 28.4120752 ], [ -16.331848, 28.4120237 ], [ -16.3317789, 28.4119522 ], [ -16.3317192, 28.4119234 ], [ -16.3315928, 28.4118638 ], [ -16.3314, 28.4116784 ], [ -16.3312862, 28.4115779 ], [ -16.3311327, 28.4114531 ], [ -16.331014, 28.4113685 ], [ -16.3309659, 28.4113509 ], [ -16.3309218, 28.4113423 ], [ -16.3308812, 28.4113359 ], [ -16.3307761, 28.4113279 ], [ -16.3307132, 28.4112947 ], [ -16.3306587, 28.4112524 ], [ -16.3306119, 28.4112077 ], [ -16.3305698, 28.4111562 ], [ -16.3304406, 28.4109476 ], [ -16.330378, 28.4108918 ], [ -16.3303219, 28.4108224 ], [ -16.3302001, 28.4105958 ], [ -16.3300902, 28.4103757 ], [ -16.3300861, 28.4103577 ], [ -16.3300862, 28.4103351 ], [ -16.3300563, 28.4101955 ], [ -16.3300516, 28.4101708 ], [ -16.3300273, 28.4100379 ], [ -16.3300261, 28.409995 ], [ -16.3300293, 28.4099702 ], [ -16.3300351, 28.4099521 ], [ -16.3300423, 28.4099136 ], [ -16.3300421, 28.4098752 ], [ -16.330028, 28.40974 ], [ -16.3300048, 28.4095913 ], [ -16.3300004, 28.4095214 ], [ -16.3299933, 28.4094899 ], [ -16.3299808, 28.4094629 ], [ -16.3299623, 28.4094361 ], [ -16.3299358, 28.4094092 ], [ -16.3298339, 28.4093741 ], [ -16.3296416, 28.4093196 ], [ -16.3295333, 28.4092845 ], [ -16.3294972, 28.4092578 ], [ -16.3294682, 28.4092288 ], [ -16.3294445, 28.4091997 ], [ -16.3294122, 28.4091391 ], [ -16.3293832, 28.4090717 ], [ -16.3293707, 28.4090357 ], [ -16.32936, 28.4089749 ], [ -16.3293863, 28.4089092 ], [ -16.3293872, 28.4088279 ], [ -16.3293806, 28.4087603 ], [ -16.3293741, 28.4087243 ], [ -16.3293635, 28.4086928 ], [ -16.3292871, 28.4085017 ], [ -16.3292742, 28.4084612 ], [ -16.3292593, 28.408396 ], [ -16.3292587, 28.4083666 ], [ -16.3292748, 28.4083078 ], [ -16.3293031, 28.4082489 ], [ -16.3293168, 28.4082217 ], [ -16.3293553, 28.4081333 ], [ -16.3293648, 28.4081016 ], [ -16.3293689, 28.4080745 ], [ -16.3293697, 28.4080136 ], [ -16.3293607, 28.4079054 ], [ -16.3293523, 28.4078197 ], [ -16.3284847, 28.4080267 ], [ -16.3276813, 28.4086799 ], [ -16.3275005, 28.4088915 ], [ -16.3270851, 28.4084758 ], [ -16.3263067, 28.4086504 ], [ -16.3260985, 28.4085576 ], [ -16.3259811, 28.4085295 ], [ -16.325784, 28.4086397 ], [ -16.3254089, 28.4089457 ], [ -16.3252477, 28.4090149 ], [ -16.3246895, 28.4090948 ], [ -16.3235708, 28.4091215 ], [ -16.3235344, 28.4090948 ], [ -16.3235377, 28.4090767 ], [ -16.3235404, 28.4090631 ], [ -16.3235676, 28.4090223 ], [ -16.3236498, 28.4089109 ], [ -16.3237137, 28.4088155 ], [ -16.3237518, 28.4087452 ], [ -16.323765, 28.4087112 ], [ -16.323772, 28.4086773 ], [ -16.3237728, 28.4086434 ], [ -16.3237625, 28.4085871 ], [ -16.3237542, 28.4085624 ], [ -16.3237409, 28.4085377 ], [ -16.3237208, 28.4085131 ], [ -16.323694, 28.4084863 ], [ -16.3236595, 28.4084595 ], [ -16.3236161, 28.4084306 ], [ -16.3234156, 28.4083423 ], [ -16.3232275, 28.4082697 ], [ -16.32304, 28.4082016 ], [ -16.3226582, 28.4080766 ], [ -16.3224681, 28.4080018 ], [ -16.3223203, 28.40794 ], [ -16.3222513, 28.4079091 ], [ -16.3221338, 28.4078426 ], [ -16.3220405, 28.4077826 ], [ -16.3219948, 28.4077514 ], [ -16.3219642, 28.4077292 ], [ -16.3219537, 28.4077044 ], [ -16.3219221, 28.4076506 ], [ -16.3218881, 28.4075832 ], [ -16.3218543, 28.4075091 ], [ -16.3218101, 28.4073426 ], [ -16.3217915, 28.4072818 ], [ -16.32177, 28.4072437 ], [ -16.3217464, 28.4072146 ], [ -16.3217205, 28.40719 ], [ -16.3216933, 28.4071767 ], [ -16.3216708, 28.4071905 ], [ -16.3216444, 28.407202 ], [ -16.3216116, 28.4072046 ], [ -16.3215699, 28.4071869 ], [ -16.3214462, 28.4070122 ], [ -16.3214104, 28.4069561 ], [ -16.3199529, 28.4077238 ], [ -16.3192319, 28.4081776 ], [ -16.3182482, 28.4089069 ], [ -16.3178583, 28.409213 ], [ -16.3173372, 28.4096603 ], [ -16.3169948, 28.4099615 ], [ -16.3163263, 28.4105613 ], [ -16.3159693, 28.410901 ], [ -16.3156299, 28.4112314 ], [ -16.315264, 28.4115915 ], [ -16.3139182, 28.4129177 ], [ -16.3121266, 28.4146791 ], [ -16.3121099, 28.4146951 ], [ -16.3122586, 28.4147726 ], [ -16.3124624, 28.4148722 ], [ -16.3125123, 28.4149123 ], [ -16.3124966, 28.4149328 ], [ -16.3125122, 28.4149823 ], [ -16.3125195, 28.4150521 ], [ -16.3124845, 28.4152962 ], [ -16.3124855, 28.4153255 ], [ -16.3124974, 28.4153344 ], [ -16.3125556, 28.4154173 ], [ -16.3125835, 28.4154599 ], [ -16.312629, 28.4155085 ], [ -16.3126317, 28.4155114 ], [ -16.3127319, 28.4155645 ], [ -16.3128065, 28.4156135 ], [ -16.3128506, 28.4156469 ], [ -16.3129807, 28.415772 ], [ -16.3131452, 28.4159396 ], [ -16.3133239, 28.4161274 ], [ -16.3134019, 28.416217 ], [ -16.3134929, 28.4163312 ], [ -16.3137456, 28.4166423 ], [ -16.3137746, 28.4166646 ], [ -16.3137841, 28.41666 ], [ -16.313883, 28.4167628 ], [ -16.3139346, 28.416803 ], [ -16.313992, 28.4168317 ], [ -16.314031, 28.4168427 ], [ -16.3141065, 28.4168532 ], [ -16.3141381, 28.4168574 ], [ -16.3141754, 28.4168548 ], [ -16.3142058, 28.4168613 ], [ -16.3142429, 28.4168699 ], [ -16.3143305, 28.416912 ], [ -16.3144016, 28.4169338 ], [ -16.3145156, 28.4169643 ], [ -16.3145785, 28.416975 ], [ -16.3146422, 28.4169902 ], [ -16.3147285, 28.4170277 ], [ -16.3148363, 28.4170808 ], [ -16.3149726, 28.4171359 ], [ -16.315074, 28.4171846 ], [ -16.3151358, 28.4172223 ], [ -16.3151632, 28.4172514 ], [ -16.3152093, 28.4173141 ], [ -16.3152429, 28.4173747 ], [ -16.3152659, 28.4174309 ], [ -16.3152775, 28.4174624 ], [ -16.3152797, 28.4174872 ], [ -16.3152774, 28.4175075 ], [ -16.3152772, 28.4175684 ], [ -16.315283, 28.4176293 ], [ -16.3153086, 28.4176855 ], [ -16.3153446, 28.4177348 ], [ -16.3153763, 28.4177615 ], [ -16.3154084, 28.4177815 ], [ -16.3154675, 28.4178103 ], [ -16.3155685, 28.4178274 ], [ -16.3156445, 28.4178334 ], [ -16.3158209, 28.4178385 ], [ -16.3160181, 28.4178343 ], [ -16.3161033, 28.417838 ], [ -16.31614, 28.4178421 ], [ -16.3164099, 28.4178937 ], [ -16.3167603, 28.417949 ], [ -16.3169112, 28.4179769 ], [ -16.317043, 28.4180072 ], [ -16.3170632, 28.4180115 ], [ -16.3171319, 28.4180266 ], [ -16.3172046, 28.4180485 ], [ -16.3172341, 28.4180617 ], [ -16.3172613, 28.4180885 ], [ -16.3172817, 28.4181199 ], [ -16.3172968, 28.4181514 ], [ -16.3173068, 28.4181829 ], [ -16.3173158, 28.4182414 ], [ -16.3173187, 28.4183745 ], [ -16.3173164, 28.4184423 ], [ -16.317311, 28.4184694 ], [ -16.3172531, 28.4186414 ], [ -16.3172399, 28.4187025 ], [ -16.3172463, 28.418734 ], [ -16.3172571, 28.418761 ], [ -16.3172721, 28.4187879 ], [ -16.3172894, 28.4188148 ], [ -16.3173057, 28.418844 ], [ -16.317343, 28.4188978 ], [ -16.3173873, 28.4189425 ], [ -16.3174121, 28.4189625 ], [ -16.3174391, 28.4189758 ], [ -16.3174673, 28.4189868 ], [ -16.3176179, 28.4192471 ], [ -16.3177398, 28.4194309 ], [ -16.3178552, 28.4195968 ], [ -16.3179644, 28.4197356 ], [ -16.3181193, 28.4198041 ], [ -16.3183334, 28.4198584 ], [ -16.3185439, 28.419879 ], [ -16.3187953, 28.4199284 ], [ -16.3188996, 28.4199545 ], [ -16.3190708, 28.4200453 ], [ -16.3192923, 28.4202102 ], [ -16.3195943, 28.4204283 ], [ -16.3198512, 28.4206176 ], [ -16.3200761, 28.4207689 ], [ -16.3203501, 28.4209192 ], [ -16.3203751, 28.420933 ], [ -16.3205672, 28.4206468 ], [ -16.3206002, 28.4204254 ], [ -16.3206772, 28.419768 ], [ -16.3206577, 28.4187371 ], [ -16.320781, 28.4185238 ], [ -16.3208211, 28.4184625 ], [ -16.3209287, 28.4182877 ], [ -16.3210143, 28.418165 ], [ -16.321166, 28.417974 ], [ -16.3212826, 28.4178578 ], [ -16.3213572, 28.4178007 ], [ -16.3214032, 28.4177799 ], [ -16.3214697, 28.4177725 ], [ -16.3214959, 28.4177745 ], [ -16.3215535, 28.4177897 ], [ -16.3216539, 28.4178294 ], [ -16.3217375, 28.4178804 ], [ -16.321844, 28.4179313 ], [ -16.3218858, 28.4179512 ], [ -16.3219315, 28.417962 ], [ -16.3219695, 28.4179662 ], [ -16.3220497, 28.4179699 ], [ -16.3221494, 28.4179644 ], [ -16.3221618, 28.4179621 ], [ -16.3225768, 28.4179039 ], [ -16.3226542, 28.4178918 ], [ -16.3226885, 28.4178847 ], [ -16.3226997, 28.4178846 ], [ -16.3230246, 28.4178431 ], [ -16.3232648, 28.4178137 ], [ -16.3232887, 28.4178112 ], [ -16.3235173, 28.4177729 ], [ -16.3237826, 28.4177387 ], [ -16.3239385, 28.4177034 ], [ -16.3240843, 28.4176591 ], [ -16.3242417, 28.4176147 ], [ -16.3246094, 28.4175005 ], [ -16.3247585, 28.4174607 ], [ -16.3250082, 28.4174244 ], [ -16.3251587, 28.417423 ], [ -16.32526, 28.417431 ], [ -16.3253747, 28.417448 ], [ -16.3254415, 28.4174857 ], [ -16.3255232, 28.4175639 ], [ -16.3255802, 28.4176558 ], [ -16.3256311, 28.4177478 ], [ -16.3256575, 28.4177949 ], [ -16.3256935, 28.4178623 ], [ -16.3257065, 28.4178847 ], [ -16.3257844, 28.4180149 ], [ -16.3258297, 28.4180934 ], [ -16.325855, 28.4181315 ], [ -16.3259505, 28.4180628 ], [ -16.326299, 28.4178902 ], [ -16.3266222, 28.4177878 ], [ -16.3269245, 28.4178074 ], [ -16.3270934, 28.4179412 ], [ -16.3272437, 28.4180751 ], [ -16.327385, 28.4181188 ], [ -16.3274812, 28.4180073 ], [ -16.3275409, 28.4178894 ], [ -16.3275837, 28.4175866 ], [ -16.3276034, 28.4172164 ], [ -16.3276418, 28.4169453 ], [ -16.3281022, 28.41667 ], [ -16.3285167, 28.416499 ], [ -16.3287957, 28.4164331 ], [ -16.3291972, 28.4163434 ], [ -16.3295354, 28.4162973 ], [ -16.329548, 28.4163648 ], [ -16.3298804, 28.4165421 ], [ -16.3299842, 28.4165975 ], [ -16.3300417, 28.4166308 ], [ -16.3300672, 28.4166351 ], [ -16.3301265, 28.4166322 ], [ -16.3301607, 28.4166341 ], [ -16.3301975, 28.4166406 ], [ -16.3302356, 28.4166515 ], [ -16.3302741, 28.4166691 ], [ -16.330313, 28.4166958 ], [ -16.3303629, 28.4168104 ], [ -16.3304549, 28.4170464 ], [ -16.3305172, 28.4171834 ], [ -16.3306009, 28.4172706 ], [ -16.330689, 28.4173465 ], [ -16.3307782, 28.4174111 ], [ -16.3308637, 28.4174621 ], [ -16.3309339, 28.4174953 ], [ -16.3309727, 28.4175085 ], [ -16.3310399, 28.4175236 ], [ -16.3310958, 28.4175298 ], [ -16.3311371, 28.4175429 ], [ -16.3311737, 28.4175584 ], [ -16.3312055, 28.4175784 ], [ -16.3312323, 28.4176052 ], [ -16.3312473, 28.4176276 ], [ -16.3312594, 28.4176546 ], [ -16.3312759, 28.4177198 ], [ -16.3312815, 28.4178078 ], [ -16.3312847, 28.4178393 ], [ -16.331302, 28.4179181 ], [ -16.331338, 28.4180441 ], [ -16.3313637, 28.4181093 ], [ -16.33138, 28.4181362 ], [ -16.3313988, 28.4181586 ], [ -16.3314478, 28.4182055 ], [ -16.3315061, 28.4182433 ], [ -16.3315703, 28.4182765 ], [ -16.3316081, 28.418292 ], [ -16.3316718, 28.4183094 ], [ -16.3318446, 28.4183506 ], [ -16.3319543, 28.4183698 ], [ -16.3321089, 28.4183841 ], [ -16.332218, 28.4184101 ], [ -16.3322993, 28.4184341 ], [ -16.3325389, 28.4185333 ], [ -16.3325786, 28.4185442 ], [ -16.3326112, 28.4185506 ], [ -16.3327539, 28.4185628 ], [ -16.3328275, 28.4185733 ], [ -16.3328967, 28.418602 ], [ -16.3329498, 28.4186331 ], [ -16.3329765, 28.4186554 ], [ -16.333007, 28.4186709 ], [ -16.333163, 28.4186964 ], [ -16.3332614, 28.4187316 ], [ -16.333423, 28.4187999 ], [ -16.3334951, 28.4188218 ], [ -16.3335648, 28.4188369 ], [ -16.3336761, 28.4188538 ], [ -16.3338293, 28.4189133 ], [ -16.3340202, 28.4189746 ], [ -16.3341045, 28.4190076 ], [ -16.3341815, 28.4190407 ], [ -16.3342571, 28.4190625 ], [ -16.3344149, 28.4191038 ], [ -16.3344507, 28.4191102 ], [ -16.3345257, 28.4191163 ], [ -16.3345602, 28.4191137 ], [ -16.3346148, 28.4190951 ], [ -16.3346868, 28.4190605 ], [ -16.3347105, 28.4190468 ], [ -16.3347592, 28.4190079 ], [ -16.3347883, 28.4189919 ], [ -16.3349139, 28.4189816 ], [ -16.3349893, 28.4189651 ], [ -16.3350577, 28.4189464 ], [ -16.3350939, 28.4189347 ], [ -16.3351262, 28.4189141 ], [ -16.3352409, 28.4188046 ], [ -16.3352985, 28.4187703 ], [ -16.3353287, 28.4187587 ], [ -16.3353608, 28.4187471 ], [ -16.3354003, 28.4187422 ], [ -16.335479, 28.4187369 ], [ -16.3355776, 28.4187382 ], [ -16.3356064, 28.4187446 ], [ -16.335635, 28.4187602 ], [ -16.3357237, 28.4188157 ], [ -16.335823, 28.4188734 ], [ -16.3358761, 28.418909 ], [ -16.3358987, 28.4189268 ], [ -16.3359728, 28.4190164 ], [ -16.3360368, 28.4190789 ], [ -16.3360712, 28.4190989 ], [ -16.3361081, 28.419112 ], [ -16.336212, 28.4191336 ], [ -16.3362706, 28.4191511 ], [ -16.3362992, 28.4191643 ], [ -16.3363608, 28.4191976 ], [ -16.336415, 28.4192399 ], [ -16.3364806, 28.4193092 ], [ -16.3365595, 28.4194167 ], [ -16.3365902, 28.4194728 ], [ -16.3366787, 28.4196863 ], [ -16.3367015, 28.4197493 ], [ -16.3367112, 28.4197853 ], [ -16.3367228, 28.4198484 ], [ -16.3367276, 28.4198957 ], [ -16.3367421, 28.4199835 ], [ -16.336723, 28.4200424 ], [ -16.3367188, 28.420065 ], [ -16.3367191, 28.4200876 ], [ -16.3367351, 28.4201393 ], [ -16.3367888, 28.4202764 ], [ -16.3368063, 28.4203236 ], [ -16.3368458, 28.4203999 ], [ -16.3368771, 28.4204493 ], [ -16.3369522, 28.420532 ], [ -16.3370596, 28.4206302 ], [ -16.3370811, 28.4206594 ], [ -16.3370974, 28.4206885 ], [ -16.3371099, 28.42072 ], [ -16.3371348, 28.4208258 ], [ -16.3371926, 28.420929 ], [ -16.3371974, 28.4209561 ], [ -16.3371991, 28.421017 ], [ -16.3371984, 28.4210869 ], [ -16.337195, 28.4211231 ], [ -16.3371847, 28.4211909 ], [ -16.3371668, 28.4212632 ], [ -16.3371551, 28.4213198 ], [ -16.3371456, 28.4214056 ], [ -16.3371461, 28.4214959 ], [ -16.337155, 28.4215905 ], [ -16.3371997, 28.4217232 ], [ -16.3372085, 28.4217863 ], [ -16.3372391, 28.4218649 ], [ -16.3372654, 28.4219256 ], [ -16.3372965, 28.4219885 ], [ -16.337333, 28.4220445 ], [ -16.3373562, 28.4220646 ], [ -16.3374309, 28.4220932 ], [ -16.3374883, 28.422122 ], [ -16.3375178, 28.4221285 ], [ -16.3375875, 28.4221436 ], [ -16.3377106, 28.4221649 ], [ -16.3378232, 28.4221886 ], [ -16.3378598, 28.4222064 ], [ -16.3379216, 28.4222283 ], [ -16.3379595, 28.4222392 ], [ -16.3380202, 28.4222499 ], [ -16.3380837, 28.4222538 ], [ -16.3381516, 28.4222463 ], [ -16.3381618, 28.422244 ], [ -16.3381644, 28.422253 ], [ -16.3381822, 28.4223431 ], [ -16.3382024, 28.4224805 ], [ -16.3382132, 28.4225819 ], [ -16.3382134, 28.4226225 ], [ -16.3382068, 28.4226813 ], [ -16.3382011, 28.4227039 ], [ -16.3381963, 28.4227288 ], [ -16.3381768, 28.4227763 ], [ -16.3381053, 28.4229057 ], [ -16.3380463, 28.42301 ], [ -16.3380193, 28.4230689 ], [ -16.3379908, 28.4231618 ], [ -16.337987, 28.4231843 ], [ -16.3379876, 28.4232069 ], [ -16.3379981, 28.4232587 ], [ -16.3380186, 28.4233443 ], [ -16.3380615, 28.4235018 ], [ -16.3380862, 28.4236166 ], [ -16.3381049, 28.4238353 ], [ -16.3381207, 28.4240021 ], [ -16.3381344, 28.4240494 ], [ -16.338151, 28.4240785 ], [ -16.3381708, 28.4241009 ], [ -16.3382133, 28.4241885 ], [ -16.3382568, 28.4242715 ], [ -16.3382763, 28.4242984 ], [ -16.338295, 28.4243163 ], [ -16.3383598, 28.424363 ], [ -16.3384201, 28.4243963 ], [ -16.3385154, 28.4244382 ], [ -16.3386145, 28.4244756 ], [ -16.3386905, 28.4245042 ], [ -16.3387494, 28.4245284 ], [ -16.3387822, 28.4245461 ], [ -16.3388064, 28.4245662 ], [ -16.3388485, 28.4246154 ], [ -16.3389498, 28.4247543 ], [ -16.3389899, 28.4248013 ], [ -16.3390233, 28.4248393 ], [ -16.3390679, 28.424884 ], [ -16.3391749, 28.4249732 ], [ -16.3392619, 28.4250355 ], [ -16.3394312, 28.4251309 ], [ -16.3394617, 28.4251487 ], [ -16.3394914, 28.4251709 ], [ -16.3395442, 28.4252133 ], [ -16.3395917, 28.4252602 ], [ -16.3396412, 28.4253184 ], [ -16.3397105, 28.4253989 ], [ -16.339765, 28.4254435 ], [ -16.3398092, 28.4254814 ], [ -16.3398261, 28.4255061 ], [ -16.3398482, 28.42556 ], [ -16.339884, 28.4256702 ], [ -16.3399329, 28.4257781 ], [ -16.3399498, 28.4258478 ], [ -16.3399638, 28.4258725 ], [ -16.3399835, 28.4258972 ], [ -16.3400103, 28.4259194 ], [ -16.3400755, 28.4259526 ], [ -16.3401435, 28.4259813 ], [ -16.3402057, 28.4260032 ], [ -16.3402274, 28.4260121 ], [ -16.3402535, 28.4260299 ], [ -16.3403047, 28.4260677 ], [ -16.3403691, 28.4261122 ], [ -16.3405719, 28.4262569 ], [ -16.3405863, 28.4262883 ], [ -16.3406177, 28.4263151 ], [ -16.3406459, 28.4263306 ], [ -16.3406786, 28.4263416 ], [ -16.3407148, 28.4263525 ], [ -16.3407528, 28.4263566 ], [ -16.3407915, 28.4263608 ], [ -16.3408288, 28.4263581 ], [ -16.3408838, 28.4263418 ], [ -16.3409168, 28.4263325 ], [ -16.3409435, 28.4263277 ], [ -16.3410436, 28.4263154 ], [ -16.3412276, 28.4263068 ], [ -16.3413406, 28.4263102 ], [ -16.3414489, 28.4263272 ], [ -16.3415599, 28.4263532 ], [ -16.3416793, 28.4263836 ], [ -16.3417613, 28.4264076 ], [ -16.3418386, 28.4264384 ], [ -16.3420182, 28.4265337 ], [ -16.3422177, 28.4266491 ], [ -16.3423243, 28.4267225 ], [ -16.3423719, 28.4267581 ], [ -16.3424346, 28.4267936 ], [ -16.3425023, 28.4268222 ], [ -16.3426973, 28.426879 ], [ -16.342756, 28.426901 ], [ -16.3428093, 28.4269275 ], [ -16.3428661, 28.4269541 ], [ -16.3428966, 28.4269718 ], [ -16.342962, 28.4270185 ], [ -16.3429852, 28.4270431 ], [ -16.3430791, 28.427146 ], [ -16.3431737, 28.4272601 ], [ -16.3432462, 28.4273429 ], [ -16.3432963, 28.4273943 ], [ -16.3433508, 28.4274389 ], [ -16.3433781, 28.4274544 ], [ -16.343412, 28.4274676 ], [ -16.3434952, 28.4274803 ], [ -16.3437093, 28.4275098 ], [ -16.3438176, 28.4275471 ], [ -16.3439129, 28.4275868 ], [ -16.3439688, 28.4276201 ], [ -16.3439914, 28.4276379 ], [ -16.3440092, 28.4276558 ], [ -16.3440241, 28.4276782 ], [ -16.3440472, 28.4277344 ], [ -16.3440863, 28.4279055 ], [ -16.3441137, 28.4279751 ], [ -16.3441495, 28.4280335 ], [ -16.3441712, 28.4280558 ], [ -16.3442237, 28.4280959 ], [ -16.3442831, 28.4281246 ], [ -16.3443831, 28.4281598 ], [ -16.3444561, 28.4281793 ], [ -16.3446728, 28.4282359 ], [ -16.3447838, 28.4282618 ], [ -16.3448815, 28.4282925 ], [ -16.3449482, 28.4283189 ], [ -16.3449775, 28.4283344 ], [ -16.3450277, 28.4283722 ], [ -16.3450657, 28.4284215 ], [ -16.3450804, 28.4284507 ], [ -16.3451016, 28.4285182 ], [ -16.345111, 28.4286241 ], [ -16.345111, 28.4287302 ], [ -16.3451039, 28.4288228 ], [ -16.345111, 28.4288814 ], [ -16.3451267, 28.4289105 ], [ -16.3451654, 28.4289688 ], [ -16.3452305, 28.4290449 ], [ -16.3452609, 28.4290762 ], [ -16.3452893, 28.4291007 ], [ -16.3453179, 28.4291185 ], [ -16.3453535, 28.4291317 ], [ -16.3453897, 28.4291426 ], [ -16.3454248, 28.4291445 ], [ -16.3454554, 28.4291397 ], [ -16.345484, 28.4291304 ], [ -16.3455109, 28.4291166 ], [ -16.3455353, 28.4291005 ], [ -16.3456147, 28.4292261 ], [ -16.3456877, 28.429345 ], [ -16.345814, 28.4295468 ] ] ] } },
{ "type": "Feature", "properties": { "CCAA": "05 - Canarias", "PROVINCIA": "38 - Santa Cruz de Tenerife", "MUNICIPIO": "38032 - Rosario, El", "COD_MUNICIPIO": "38032", "DISTRITO": "01", "SECCION": "3803201009", "V1_H": 80.31, "V1_M": 86.3, "V2_H": 80.10187432, "V2_M": 86.1135989, "V3_H": 80.75259804, "V3_M": 86.72412179 }, "geometry": { "type": "Polygon", "coordinates": [ [ [ -16.3304883, 28.4548331 ], [ -16.330661, 28.454942 ], [ -16.3306891, 28.4549665 ], [ -16.3307207, 28.4549933 ], [ -16.3307555, 28.45502 ], [ -16.3307926, 28.4550467 ], [ -16.3308766, 28.455082 ], [ -16.330959, 28.4551083 ], [ -16.3310024, 28.4551146 ], [ -16.3310411, 28.4551188 ], [ -16.3310756, 28.4551207 ], [ -16.3311159, 28.4551271 ], [ -16.3311572, 28.455138 ], [ -16.3311969, 28.4551488 ], [ -16.3312386, 28.4551665 ], [ -16.33128, 28.4551864 ], [ -16.3313186, 28.4552086 ], [ -16.3313515, 28.4552331 ], [ -16.3313767, 28.4552599 ], [ -16.3314425, 28.455336 ], [ -16.3314602, 28.4553516 ], [ -16.3315191, 28.4553691 ], [ -16.3315985, 28.4553841 ], [ -16.3316882, 28.4553922 ], [ -16.3318248, 28.4554157 ], [ -16.3320194, 28.4554386 ], [ -16.3320922, 28.4554402 ], [ -16.3322333, 28.4554388 ], [ -16.3323237, 28.4554447 ], [ -16.3324225, 28.4554347 ], [ -16.3325054, 28.4554564 ], [ -16.3325261, 28.455454 ], [ -16.3325509, 28.455447 ], [ -16.3327723, 28.4553591 ], [ -16.3329435, 28.4552987 ], [ -16.3330186, 28.4552799 ], [ -16.3330791, 28.455268 ], [ -16.3331578, 28.4552583 ], [ -16.3331839, 28.455258 ], [ -16.3332165, 28.4552622 ], [ -16.3333198, 28.4552996 ], [ -16.3333846, 28.4553282 ], [ -16.333442, 28.4553525 ], [ -16.3335181, 28.4553878 ], [ -16.3335722, 28.4554031 ], [ -16.3337108, 28.4554334 ], [ -16.3338207, 28.4554706 ], [ -16.3338566, 28.4554838 ], [ -16.3339693, 28.4555369 ], [ -16.3340661, 28.455572 ], [ -16.3340951, 28.4555875 ], [ -16.3341244, 28.4556098 ], [ -16.3342231, 28.4556923 ], [ -16.3343288, 28.4558041 ], [ -16.3343469, 28.455822 ], [ -16.3344196, 28.455916 ], [ -16.3344635, 28.4559562 ], [ -16.3345219, 28.4559782 ], [ -16.3345836, 28.4559934 ], [ -16.3347119, 28.4560124 ], [ -16.3348221, 28.4560204 ], [ -16.3348763, 28.4560424 ], [ -16.3349334, 28.4560689 ], [ -16.3349932, 28.4561022 ], [ -16.3350228, 28.4561245 ], [ -16.335114, 28.4562183 ], [ -16.3351609, 28.4562427 ], [ -16.3351844, 28.4562628 ], [ -16.3352314, 28.4563119 ], [ -16.335255, 28.456341 ], [ -16.3352698, 28.4563725 ], [ -16.3352699, 28.4564289 ], [ -16.335255, 28.4565148 ], [ -16.3352637, 28.4566049 ], [ -16.3352689, 28.4566342 ], [ -16.3352796, 28.4566702 ], [ -16.335307, 28.4567218 ], [ -16.3353382, 28.4567644 ], [ -16.3354181, 28.4568449 ], [ -16.3354612, 28.4568783 ], [ -16.3354847, 28.4568916 ], [ -16.3355379, 28.4569091 ], [ -16.3356413, 28.4569352 ], [ -16.3357685, 28.4569768 ], [ -16.3358762, 28.4570096 ], [ -16.3359395, 28.4570428 ], [ -16.3359926, 28.4570784 ], [ -16.3360267, 28.4571006 ], [ -16.3361832, 28.4572119 ], [ -16.3362614, 28.4572653 ], [ -16.3363677, 28.4573184 ], [ -16.3365086, 28.457405 ], [ -16.3366053, 28.4574582 ], [ -16.3366243, 28.4574738 ], [ -16.3366571, 28.4574938 ], [ -16.3367534, 28.4575335 ], [ -16.3368675, 28.4575775 ], [ -16.337062, 28.4576387 ], [ -16.3371423, 28.457674 ], [ -16.3371587, 28.4576874 ], [ -16.3371798, 28.457712 ], [ -16.3372245, 28.4577703 ], [ -16.3372551, 28.457867 ], [ -16.3372752, 28.4579142 ], [ -16.3372914, 28.4579388 ], [ -16.3373186, 28.4579679 ], [ -16.3373454, 28.4579902 ], [ -16.3374356, 28.458057 ], [ -16.3374798, 28.4580701 ], [ -16.3375127, 28.4580766 ], [ -16.3375389, 28.4580989 ], [ -16.337561, 28.4581077 ], [ -16.3376241, 28.4581251 ], [ -16.3377339, 28.4581511 ], [ -16.3378339, 28.4581591 ], [ -16.3378724, 28.4581723 ], [ -16.3379658, 28.4582188 ], [ -16.3380181, 28.4582385 ], [ -16.3380766, 28.4582763 ], [ -16.3381356, 28.4582938 ], [ -16.3381666, 28.458298 ], [ -16.3382492, 28.4582949 ], [ -16.3383765, 28.4582914 ], [ -16.3384143, 28.4583001 ], [ -16.3385294, 28.4583689 ], [ -16.3386442, 28.4584129 ], [ -16.3386804, 28.4584216 ], [ -16.3389538, 28.4584437 ], [ -16.3390724, 28.4584583 ], [ -16.3391358, 28.4584712 ], [ -16.3392184, 28.4585471 ], [ -16.3393811, 28.4587193 ], [ -16.3394079, 28.4587438 ], [ -16.3394747, 28.4587748 ], [ -16.3394937, 28.4587881 ], [ -16.3395792, 28.4588076 ], [ -16.3396892, 28.4588246 ], [ -16.3397225, 28.4588355 ], [ -16.3397968, 28.4588776 ], [ -16.3398422, 28.458911 ], [ -16.3399253, 28.4590027 ], [ -16.3399649, 28.4590542 ], [ -16.3400004, 28.459108 ], [ -16.3400412, 28.4591798 ], [ -16.340051, 28.4591955 ], [ -16.3400927, 28.4592628 ], [ -16.3401261, 28.4593572 ], [ -16.3401392, 28.4593842 ], [ -16.3401714, 28.4594335 ], [ -16.3402077, 28.4594805 ], [ -16.3402664, 28.4595499 ], [ -16.3402961, 28.4595767 ], [ -16.3404361, 28.4596701 ], [ -16.3404949, 28.4597304 ], [ -16.3405427, 28.4597705 ], [ -16.3405608, 28.4597884 ], [ -16.3406532, 28.4598236 ], [ -16.3407693, 28.4598473 ], [ -16.3408738, 28.4598621 ], [ -16.3409912, 28.4598812 ], [ -16.3411403, 28.4598865 ], [ -16.3412225, 28.4598947 ], [ -16.3412541, 28.4599034 ], [ -16.3412636, 28.4599191 ], [ -16.341341, 28.459977 ], [ -16.3414167, 28.4601613 ], [ -16.3417294, 28.4595242 ], [ -16.3420725, 28.4586927 ], [ -16.3423166, 28.4582661 ], [ -16.3425168, 28.4576392 ], [ -16.342736, 28.4568473 ], [ -16.3431014, 28.4561442 ], [ -16.3431194, 28.4559229 ], [ -16.3430527, 28.4555761 ], [ -16.3433763, 28.4548373 ], [ -16.3436813, 28.4542815 ], [ -16.3441268, 28.4533205 ], [ -16.3442018, 28.4526586 ], [ -16.3439418, 28.4518331 ], [ -16.3435504, 28.4505125 ], [ -16.3433998, 28.4501101 ], [ -16.3433091, 28.4495221 ], [ -16.3432626, 28.4491547 ], [ -16.3429007, 28.4484972 ], [ -16.3426843, 28.4478383 ], [ -16.3424269, 28.4472158 ], [ -16.3422108, 28.4465726 ], [ -16.3421026, 28.4462442 ], [ -16.3420947, 28.4456193 ], [ -16.3421481, 28.4449193 ], [ -16.3421821, 28.4445535 ], [ -16.3420827, 28.4445454 ], [ -16.3418936, 28.4445247 ], [ -16.3413849, 28.4444756 ], [ -16.3409456, 28.4444303 ], [ -16.3408315, 28.4444179 ], [ -16.3405618, 28.4443844 ], [ -16.3401552, 28.4443072 ], [ -16.339884, 28.4442557 ], [ -16.339537, 28.4441734 ], [ -16.3391287, 28.4440533 ], [ -16.3388734, 28.4439768 ], [ -16.3385771, 28.443885 ], [ -16.3384755, 28.4438544 ], [ -16.3383303, 28.4438062 ], [ -16.338221, 28.4437667 ], [ -16.3380786, 28.4437094 ], [ -16.3379598, 28.4436496 ], [ -16.3378168, 28.4435721 ], [ -16.3376231, 28.4434657 ], [ -16.3374364, 28.4433637 ], [ -16.337071, 28.44318 ], [ -16.3369496, 28.4431226 ], [ -16.3365859, 28.4429704 ], [ -16.3364989, 28.4429375 ], [ -16.3363641, 28.4428937 ], [ -16.3362693, 28.4428675 ], [ -16.3361098, 28.442824 ], [ -16.3356592, 28.4427133 ], [ -16.3355301, 28.4426762 ], [ -16.3353609, 28.4426418 ], [ -16.335094, 28.4425586 ], [ -16.33493, 28.4425084 ], [ -16.3345269, 28.4423995 ], [ -16.3344026, 28.4423353 ], [ -16.3343992, 28.4423466 ], [ -16.3344224, 28.4424163 ], [ -16.3344036, 28.4424909 ], [ -16.334379, 28.4425386 ], [ -16.3342909, 28.4426635 ], [ -16.3341941, 28.4428134 ], [ -16.3339876, 28.4431088 ], [ -16.3337537, 28.443463 ], [ -16.3337048, 28.4435403 ], [ -16.3336458, 28.4436446 ], [ -16.3336305, 28.4436696 ], [ -16.3335652, 28.443783 ], [ -16.3334796, 28.4439486 ], [ -16.3334027, 28.4440825 ], [ -16.3332786, 28.4442867 ], [ -16.3324601, 28.4454342 ], [ -16.3323247, 28.445598 ], [ -16.3321618, 28.4457643 ], [ -16.3320827, 28.4458441 ], [ -16.3320122, 28.4459012 ], [ -16.3318972, 28.4460151 ], [ -16.3318035, 28.4461243 ], [ -16.3317316, 28.4462198 ], [ -16.3316843, 28.4462902 ], [ -16.3316306, 28.4463584 ], [ -16.3315582, 28.4464674 ], [ -16.3314833, 28.4465719 ], [ -16.3314003, 28.446672 ], [ -16.3313231, 28.4467518 ], [ -16.3312547, 28.4468201 ], [ -16.3311998, 28.4468681 ], [ -16.3310907, 28.4469526 ], [ -16.3309741, 28.4470418 ], [ -16.3309115, 28.447092 ], [ -16.3308301, 28.447165 ], [ -16.330744, 28.4472741 ], [ -16.3306933, 28.4473536 ], [ -16.3306257, 28.4475303 ], [ -16.3306195, 28.4475484 ], [ -16.33059, 28.4477405 ], [ -16.3305204, 28.4483706 ], [ -16.3305145, 28.4484136 ], [ -16.3304911, 28.448583 ], [ -16.3304199, 28.4491907 ], [ -16.3303971, 28.449385 ], [ -16.330386, 28.4495926 ], [ -16.3303933, 28.4497212 ], [ -16.3304102, 28.4498474 ], [ -16.3304383, 28.4500502 ], [ -16.3304837, 28.4503859 ], [ -16.330502, 28.4505753 ], [ -16.33051, 28.4506745 ], [ -16.3305106, 28.4508008 ], [ -16.3305026, 28.4508776 ], [ -16.330495, 28.4510085 ], [ -16.330482, 28.4511192 ], [ -16.3304725, 28.4512254 ], [ -16.330471, 28.4513608 ], [ -16.3304742, 28.4514352 ], [ -16.3304827, 28.4515277 ], [ -16.3304953, 28.45162 ], [ -16.3306068, 28.4522146 ], [ -16.3306722, 28.452593 ], [ -16.3306843, 28.4526674 ], [ -16.3306917, 28.4527282 ], [ -16.3306944, 28.4528162 ], [ -16.3306846, 28.4530239 ], [ -16.3306745, 28.453112 ], [ -16.3306567, 28.4532159 ], [ -16.3306427, 28.4533492 ], [ -16.3306239, 28.4534532 ], [ -16.3305768, 28.4537989 ], [ -16.3305451, 28.454018 ], [ -16.3305032, 28.4543366 ], [ -16.330479, 28.4545737 ], [ -16.330484, 28.4547203 ], [ -16.3304883, 28.4548331 ] ] ] } },
{ "type": "Feature", "properties": { "CCAA": "05 - Canarias", "PROVINCIA": "38 - Santa Cruz de Tenerife", "MUNICIPIO": "38032 - Rosario, El", "COD_MUNICIPIO": "38032", "DISTRITO": "01", "SECCION": "3803201006", "V1_H": 81.68, "V1_M": 87.08, "V2_H": 81.12537096, "V2_M": 86.91948792, "V3_H": 82.31095034000001, "V3_M": 87.32789848 }, "geometry": { "type": "Polygon", "coordinates": [ [ [ -16.3241653, 28.4054298 ], [ -16.324718, 28.4051527 ], [ -16.3253584, 28.404808 ], [ -16.3262615, 28.4043592 ], [ -16.3270792, 28.4041437 ], [ -16.3278125, 28.4041885 ], [ -16.3285471, 28.404337 ], [ -16.3297232, 28.4049031 ], [ -16.3296755, 28.4046802 ], [ -16.3296469, 28.4045677 ], [ -16.3296451, 28.4045451 ], [ -16.3296488, 28.404509 ], [ -16.3296592, 28.404475 ], [ -16.3296748, 28.4044456 ], [ -16.3297223, 28.4043977 ], [ -16.3297504, 28.4043704 ], [ -16.329787, 28.4043158 ], [ -16.3298198, 28.4042614 ], [ -16.3298336, 28.4042387 ], [ -16.3298423, 28.404225 ], [ -16.3298446, 28.4042025 ], [ -16.3298566, 28.4041144 ], [ -16.3298742, 28.4040217 ], [ -16.3298892, 28.4039922 ], [ -16.3299071, 28.4039717 ], [ -16.3299578, 28.4039396 ], [ -16.3299921, 28.403928 ], [ -16.3300669, 28.4039183 ], [ -16.3300861, 28.4039 ], [ -16.3301553, 28.4038181 ], [ -16.3302907, 28.4037333 ], [ -16.3303945, 28.4037142 ], [ -16.3304767, 28.4036548 ], [ -16.3306938, 28.4035443 ], [ -16.3308999, 28.4033641 ], [ -16.3309394, 28.4031336 ], [ -16.3309711, 28.4030136 ], [ -16.3308067, 28.4027761 ], [ -16.3306281, 28.4025477 ], [ -16.3305746, 28.4024038 ], [ -16.3305278, 28.4022779 ], [ -16.3304717, 28.402204 ], [ -16.3304413, 28.4021524 ], [ -16.330429, 28.4021322 ], [ -16.3302556, 28.4021677 ], [ -16.3302084, 28.4021411 ], [ -16.3301308, 28.40209 ], [ -16.3300208, 28.4019873 ], [ -16.3299627, 28.4019585 ], [ -16.3299116, 28.4019838 ], [ -16.3299082, 28.402038 ], [ -16.329894, 28.402081 ], [ -16.3298514, 28.402113 ], [ -16.3297385, 28.4021434 ], [ -16.3295071, 28.4021547 ], [ -16.3293097, 28.4021566 ], [ -16.3286005, 28.402247 ], [ -16.328377, 28.4022605 ], [ -16.3281008, 28.4022655 ], [ -16.3276827, 28.4022222 ], [ -16.3275335, 28.402201 ], [ -16.3274007, 28.4021911 ], [ -16.3273366, 28.4021962 ], [ -16.3271686, 28.4021956 ], [ -16.327009, 28.4021362 ], [ -16.326955, 28.4020781 ], [ -16.326884, 28.4019637 ], [ -16.3268464, 28.4019167 ], [ -16.3267674, 28.4018452 ], [ -16.3266523, 28.4017742 ], [ -16.3265485, 28.4017368 ], [ -16.3263617, 28.4016957 ], [ -16.3261975, 28.4016522 ], [ -16.3258162, 28.4015634 ], [ -16.3255584, 28.4015118 ], [ -16.3253609, 28.4014821 ], [ -16.3252596, 28.4014628 ], [ -16.3247896, 28.4012959 ], [ -16.3246786, 28.401297 ], [ -16.3245127, 28.4013166 ], [ -16.3244393, 28.4013173 ], [ -16.3244087, 28.4013221 ], [ -16.3243162, 28.4013659 ], [ -16.3242804, 28.4013888 ], [ -16.3241397, 28.4014398 ], [ -16.3240575, 28.4014474 ], [ -16.3240125, 28.4014456 ], [ -16.3238725, 28.4014244 ], [ -16.323815, 28.4014137 ], [ -16.3237462, 28.4013963 ], [ -16.3236788, 28.4013609 ], [ -16.3236438, 28.4012687 ], [ -16.3236675, 28.4009187 ], [ -16.3236813, 28.4009208 ], [ -16.3236822, 28.400896 ], [ -16.3233427, 28.4008835 ], [ -16.3233398, 28.4009106 ], [ -16.323449, 28.4009186 ], [ -16.3234178, 28.401307 ], [ -16.3229502, 28.4012799 ], [ -16.3229761, 28.4009299 ], [ -16.3230409, 28.4009316 ], [ -16.3230421, 28.4009203 ], [ -16.3229009, 28.4009104 ], [ -16.3228989, 28.4009284 ], [ -16.3229535, 28.4009324 ], [ -16.3229263, 28.4012801 ], [ -16.3225872, 28.4012564 ], [ -16.3226165, 28.4009154 ], [ -16.3226842, 28.4009215 ], [ -16.322685, 28.4009102 ], [ -16.3225292, 28.4009004 ], [ -16.3225281, 28.4009117 ], [ -16.3225903, 28.4009156 ], [ -16.3225586, 28.4012634 ], [ -16.3222901, 28.4012457 ], [ -16.3223184, 28.400907 ], [ -16.3223868, 28.4009109 ], [ -16.3223882, 28.4008995 ], [ -16.3222276, 28.4008853 ], [ -16.3222252, 28.4009011 ], [ -16.3222894, 28.400905 ], [ -16.3222613, 28.4012392 ], [ -16.3220133, 28.4012258 ], [ -16.3220303, 28.4009978 ], [ -16.3220063, 28.4009958 ], [ -16.3220136, 28.4008896 ], [ -16.3220902, 28.4008934 ], [ -16.3220919, 28.4008776 ], [ -16.3219546, 28.4008654 ], [ -16.3219131, 28.4008613 ], [ -16.3219092, 28.4008816 ], [ -16.3219549, 28.4008879 ], [ -16.3219961, 28.4008943 ], [ -16.3219775, 28.4010367 ], [ -16.3219567, 28.4010346 ], [ -16.3218747, 28.4010309 ], [ -16.3218564, 28.401277 ], [ -16.3217995, 28.401273 ], [ -16.3218162, 28.4010224 ], [ -16.3217916, 28.4010181 ], [ -16.3217723, 28.4011605 ], [ -16.321711, 28.4011566 ], [ -16.3217233, 28.4010143 ], [ -16.321624, 28.4010085 ], [ -16.3216507, 28.4006653 ], [ -16.3217075, 28.4006692 ], [ -16.3217089, 28.4006512 ], [ -16.3215911, 28.4006455 ], [ -16.3215907, 28.4006614 ], [ -16.3216271, 28.4006655 ], [ -16.3215941, 28.4010133 ], [ -16.3211376, 28.4009816 ], [ -16.3211777, 28.4004623 ], [ -16.3219502, 28.4005089 ], [ -16.3229787, 28.4005711 ], [ -16.3229697, 28.4006931 ], [ -16.3230141, 28.4006949 ], [ -16.3230224, 28.4005752 ], [ -16.3238814, 28.400621 ], [ -16.3238784, 28.4006685 ], [ -16.323979, 28.4006742 ], [ -16.3239875, 28.4006358 ], [ -16.3240329, 28.4006196 ], [ -16.3240715, 28.4005763 ], [ -16.3240762, 28.4005402 ], [ -16.3240919, 28.4004949 ], [ -16.3240841, 28.4004566 ], [ -16.3240417, 28.4004074 ], [ -16.3238433, 28.4003574 ], [ -16.3233602, 28.4003396 ], [ -16.3228492, 28.4003152 ], [ -16.3226442, 28.4002991 ], [ -16.3222972, 28.4002506 ], [ -16.3221138, 28.4002479 ], [ -16.3219468, 28.4002382 ], [ -16.3218016, 28.4002306 ], [ -16.3216041, 28.4002257 ], [ -16.3213646, 28.4002236 ], [ -16.3210339, 28.4002313 ], [ -16.3210046, 28.4002383 ], [ -16.3209929, 28.4002429 ], [ -16.3209719, 28.4003754 ], [ -16.3209681, 28.4004341 ], [ -16.3209522, 28.4006931 ], [ -16.3209391, 28.4009063 ], [ -16.3209295, 28.4010417 ], [ -16.3209053, 28.4013575 ], [ -16.3208946, 28.401497 ], [ -16.3208668, 28.4016197 ], [ -16.3207133, 28.4015814 ], [ -16.320677, 28.4015628 ], [ -16.3205128, 28.4014818 ], [ -16.3204091, 28.4013852 ], [ -16.3203431, 28.4013281 ], [ -16.3202396, 28.4012445 ], [ -16.3201001, 28.4012529 ], [ -16.3196795, 28.4015556 ], [ -16.3195377, 28.4016525 ], [ -16.3194727, 28.4017706 ], [ -16.3194821, 28.4018929 ], [ -16.3194961, 28.4019296 ], [ -16.3195581, 28.4021182 ], [ -16.3195742, 28.4021489 ], [ -16.3196054, 28.4022083 ], [ -16.3196495, 28.4022258 ], [ -16.3196902, 28.4022403 ], [ -16.3197697, 28.4022067 ], [ -16.3198671, 28.402164 ], [ -16.3199309, 28.4021305 ], [ -16.3201077, 28.4020402 ], [ -16.3202408, 28.4019732 ], [ -16.3203448, 28.4019214 ], [ -16.3204164, 28.4018839 ], [ -16.3205605, 28.4018835 ], [ -16.3206976, 28.4019548 ], [ -16.3207532, 28.4020787 ], [ -16.320731, 28.4021944 ], [ -16.3207034, 28.4022395 ], [ -16.3206108, 28.4023947 ], [ -16.3205466, 28.4024869 ], [ -16.3204858, 28.402577 ], [ -16.3204349, 28.4026482 ], [ -16.3203876, 28.4027333 ], [ -16.3203314, 28.4028354 ], [ -16.3202863, 28.4029184 ], [ -16.3202411, 28.4029955 ], [ -16.3201496, 28.4031507 ], [ -16.3200616, 28.4033188 ], [ -16.3202351, 28.4032434 ], [ -16.3204703, 28.4031446 ], [ -16.3205252, 28.4031162 ], [ -16.320808, 28.4029592 ], [ -16.3209904, 28.4028638 ], [ -16.3211347, 28.4027888 ], [ -16.3212767, 28.4027147 ], [ -16.3216625, 28.4025059 ], [ -16.3218605, 28.4023985 ], [ -16.3220553, 28.4023149 ], [ -16.3222227, 28.4022894 ], [ -16.322387, 28.4022799 ], [ -16.322555, 28.4023011 ], [ -16.3226872, 28.4023417 ], [ -16.3228131, 28.4024181 ], [ -16.322921, 28.4024937 ], [ -16.3230229, 28.4025415 ], [ -16.3231515, 28.4025571 ], [ -16.3233224, 28.4025406 ], [ -16.3233403, 28.4025374 ], [ -16.3234383, 28.4025374 ], [ -16.32355, 28.4025592 ], [ -16.3237667, 28.402598 ], [ -16.3239416, 28.4026301 ], [ -16.3241312, 28.4026731 ], [ -16.324427, 28.4027399 ], [ -16.3246663, 28.4027923 ], [ -16.3250038, 28.4028646 ], [ -16.3252905, 28.4029236 ], [ -16.3254271, 28.4029511 ], [ -16.3255332, 28.402977 ], [ -16.3257805, 28.4030363 ], [ -16.3261768, 28.403125 ], [ -16.3263936, 28.4031786 ], [ -16.3265337, 28.4032141 ], [ -16.3265984, 28.4032602 ], [ -16.3266368, 28.4033624 ], [ -16.326629, 28.403458 ], [ -16.3265287, 28.4035416 ], [ -16.3263851, 28.4035769 ], [ -16.3262852, 28.4036008 ], [ -16.3262324, 28.4036152 ], [ -16.3261931, 28.4036226 ], [ -16.3260966, 28.4036434 ], [ -16.3259353, 28.4037117 ], [ -16.3258144, 28.4037676 ], [ -16.325773, 28.4037879 ], [ -16.3255952, 28.4038812 ], [ -16.325452, 28.4039563 ], [ -16.3252401, 28.40403 ], [ -16.3251852, 28.4040465 ], [ -16.3250383, 28.4040917 ], [ -16.3248078, 28.4041178 ], [ -16.3246597, 28.4041601 ], [ -16.3245276, 28.4042231 ], [ -16.3243882, 28.404324 ], [ -16.3242793, 28.4044395 ], [ -16.3241945, 28.4045946 ], [ -16.3241229, 28.4047168 ], [ -16.3240986, 28.4047588 ], [ -16.3239704, 28.4048586 ], [ -16.3241643, 28.4054261 ], [ -16.3241653, 28.4054298 ] ] ] } },
{ "type": "Feature", "properties": { "CCAA": "05 - Canarias", "PROVINCIA": "38 - Santa Cruz de Tenerife", "MUNICIPIO": "38032 - Rosario, El", "COD_MUNICIPIO": "38032", "DISTRITO": "01", "SECCION": "3803201010", "V1_H": 80.39, "V1_M": 86.24, "V2_H": 80.20629068, "V2_M": 86.34105578, "V3_H": 80.66489809, "V3_M": 86.38520791000001 }, "geometry": { "type": "Polygon", "coordinates": [ [ [ -16.3766695, 28.4482409 ], [ -16.3766482, 28.4482931 ], [ -16.3766798, 28.4483943 ], [ -16.3767304, 28.4485089 ], [ -16.3769105, 28.4487846 ], [ -16.3770343, 28.4490338 ], [ -16.3770856, 28.4492024 ], [ -16.3771103, 28.4493534 ], [ -16.3771162, 28.4494165 ], [ -16.3771865, 28.4494948 ], [ -16.3780695, 28.4488585 ], [ -16.3782316, 28.4487103 ], [ -16.3783613, 28.448551 ], [ -16.3784253, 28.4484601 ], [ -16.3785363, 28.4483123 ], [ -16.378731, 28.4482404 ], [ -16.3788678, 28.4481623 ], [ -16.3789621, 28.4480778 ], [ -16.3790588, 28.4479731 ], [ -16.3791723, 28.4478478 ], [ -16.3792413, 28.4477524 ], [ -16.3793274, 28.4476725 ], [ -16.3794265, 28.4476129 ], [ -16.3797154, 28.4475219 ], [ -16.3798713, 28.4474617 ], [ -16.3800904, 28.4473828 ], [ -16.3803035, 28.4472993 ], [ -16.380689, 28.4471307 ], [ -16.3808144, 28.4470595 ], [ -16.3809196, 28.4469975 ], [ -16.3811161, 28.4468669 ], [ -16.381282, 28.4467502 ], [ -16.381496, 28.4466848 ], [ -16.3815922, 28.4466477 ], [ -16.3818944, 28.4465499 ], [ -16.3819902, 28.4465083 ], [ -16.3821067, 28.4464372 ], [ -16.3821829, 28.4464048 ], [ -16.3823137, 28.4463336 ], [ -16.382466, 28.4462372 ], [ -16.3826837, 28.4460974 ], [ -16.3827951, 28.4460511 ], [ -16.3828379, 28.4459559 ], [ -16.3829167, 28.4458829 ], [ -16.3829833, 28.4458281 ], [ -16.3830799, 28.4457459 ], [ -16.3831485, 28.4456685 ], [ -16.3832324, 28.4455729 ], [ -16.3833189, 28.4454975 ], [ -16.3834169, 28.445404 ], [ -16.383476, 28.445338 ], [ -16.3835336, 28.4452539 ], [ -16.383756, 28.445642 ], [ -16.3838035, 28.4458333 ], [ -16.3838206, 28.4459234 ], [ -16.3838466, 28.4461285 ], [ -16.3838713, 28.4463313 ], [ -16.3838691, 28.4464148 ], [ -16.3838224, 28.4464784 ], [ -16.3838106, 28.4465733 ], [ -16.3840516, 28.4464806 ], [ -16.3844579, 28.4461222 ], [ -16.3849378, 28.4456277 ], [ -16.3852657, 28.4451528 ], [ -16.3854877, 28.444239 ], [ -16.386104, 28.4437611 ], [ -16.3868094, 28.4432147 ], [ -16.3871975, 28.4428272 ], [ -16.3879891, 28.4420362 ], [ -16.3887207, 28.4412999 ], [ -16.3888273, 28.4411274 ], [ -16.3891467, 28.4406142 ], [ -16.3896729, 28.4397672 ], [ -16.3903105, 28.4387904 ], [ -16.3906852, 28.4382383 ], [ -16.3916662, 28.436764 ], [ -16.3921587, 28.4360211 ], [ -16.3928136, 28.43506 ], [ -16.3933619, 28.4341947 ], [ -16.3940361, 28.4331206 ], [ -16.3943814, 28.4325913 ], [ -16.3943909, 28.4325145 ], [ -16.3944035, 28.4321398 ], [ -16.3944876, 28.4318344 ], [ -16.3945274, 28.431658 ], [ -16.3946769, 28.431336 ], [ -16.3949844, 28.4309854 ], [ -16.3951942, 28.4307351 ], [ -16.395393, 28.4304939 ], [ -16.395543, 28.4302757 ], [ -16.3957423, 28.4300232 ], [ -16.3961293, 28.4296831 ], [ -16.396696, 28.4291764 ], [ -16.3972725, 28.4286605 ], [ -16.3976842, 28.4283607 ], [ -16.3978965, 28.4281036 ], [ -16.3979462, 28.4278255 ], [ -16.3980367, 28.4272831 ], [ -16.398429, 28.4271279 ], [ -16.3989627, 28.4269284 ], [ -16.3996137, 28.4267998 ], [ -16.400132, 28.4266929 ], [ -16.400759, 28.426603 ], [ -16.4011578, 28.4265967 ], [ -16.4015558, 28.4264865 ], [ -16.4016725, 28.4264312 ], [ -16.4019381, 28.4262321 ], [ -16.4022197, 28.4259314 ], [ -16.4030572, 28.4256407 ], [ -16.4032658, 28.4254197 ], [ -16.4036483, 28.4250074 ], [ -16.4042841, 28.4242269 ], [ -16.4043399, 28.4241564 ], [ -16.4044487, 28.4239138 ], [ -16.404511, 28.4237981 ], [ -16.4047876, 28.4233395 ], [ -16.4048221, 28.4230752 ], [ -16.404841, 28.4229599 ], [ -16.4049337, 28.4226385 ], [ -16.4050961, 28.4223954 ], [ -16.4053476, 28.4223567 ], [ -16.405719, 28.4217279 ], [ -16.406035, 28.4211651 ], [ -16.4062772, 28.4207542 ], [ -16.4065172, 28.4202124 ], [ -16.4065506, 28.4192351 ], [ -16.4065871, 28.417802 ], [ -16.4066187, 28.4166622 ], [ -16.406641, 28.4157211 ], [ -16.4066665, 28.41478 ], [ -16.4066833, 28.4138502 ], [ -16.4062842, 28.4138047 ], [ -16.4057673, 28.4137468 ], [ -16.4055047, 28.4137157 ], [ -16.4052114, 28.4137074 ], [ -16.4050779, 28.4137472 ], [ -16.4049434, 28.4138027 ], [ -16.4046866, 28.4139182 ], [ -16.4044837, 28.414015 ], [ -16.4044141, 28.4140609 ], [ -16.4043472, 28.414118 ], [ -16.4041478, 28.4142171 ], [ -16.4039008, 28.4143527 ], [ -16.403646, 28.4144524 ], [ -16.4035516, 28.4145075 ], [ -16.4034678, 28.4145648 ], [ -16.4033935, 28.4146332 ], [ -16.4033041, 28.4146567 ], [ -16.4032008, 28.4146849 ], [ -16.4030962, 28.4147311 ], [ -16.4030035, 28.4147929 ], [ -16.4027822, 28.4147794 ], [ -16.4025518, 28.4147457 ], [ -16.4024553, 28.4147106 ], [ -16.4023454, 28.414626 ], [ -16.4022255, 28.4145324 ], [ -16.4021281, 28.4144229 ], [ -16.4020647, 28.4143378 ], [ -16.4019607, 28.4141651 ], [ -16.4018779, 28.414078 ], [ -16.4017764, 28.4140475 ], [ -16.4015973, 28.4139906 ], [ -16.4014555, 28.4139312 ], [ -16.401394, 28.413837 ], [ -16.4012744, 28.4136239 ], [ -16.4011846, 28.4135887 ], [ -16.4010778, 28.4135492 ], [ -16.400993, 28.4134531 ], [ -16.4009536, 28.4132459 ], [ -16.4008999, 28.4131855 ], [ -16.400795, 28.4131415 ], [ -16.4005813, 28.4131753 ], [ -16.4004962, 28.4131288 ], [ -16.4004181, 28.4130844 ], [ -16.4003257, 28.4130199 ], [ -16.4002453, 28.4129508 ], [ -16.4001868, 28.4128928 ], [ -16.4001247, 28.4128235 ], [ -16.3998241, 28.4123347 ], [ -16.3997168, 28.4121733 ], [ -16.3996724, 28.412149 ], [ -16.3996361, 28.4121493 ], [ -16.3996047, 28.4121677 ], [ -16.399577, 28.4121996 ], [ -16.3995505, 28.4122382 ], [ -16.3994197, 28.4123388 ], [ -16.3993896, 28.4123572 ], [ -16.3993621, 28.4123688 ], [ -16.3993431, 28.4123554 ], [ -16.3993262, 28.4123353 ], [ -16.3992729, 28.4122388 ], [ -16.3992529, 28.4122187 ], [ -16.3991768, 28.4121541 ], [ -16.3991101, 28.4121119 ], [ -16.3990713, 28.412092 ], [ -16.3988912, 28.4120306 ], [ -16.3986777, 28.4119697 ], [ -16.3985837, 28.4119594 ], [ -16.3985498, 28.4119529 ], [ -16.3985238, 28.4119374 ], [ -16.3985059, 28.4119128 ], [ -16.3985048, 28.4118496 ], [ -16.3985107, 28.4117412 ], [ -16.3985296, 28.4115312 ], [ -16.3985092, 28.4114863 ], [ -16.3984799, 28.411464 ], [ -16.3984445, 28.4114599 ], [ -16.3984176, 28.4114534 ], [ -16.3982022, 28.4114488 ], [ -16.398049, 28.4114436 ], [ -16.3979963, 28.4114374 ], [ -16.3978736, 28.4114228 ], [ -16.3977178, 28.4114109 ], [ -16.3975547, 28.4114036 ], [ -16.3974315, 28.4114026 ], [ -16.3973468, 28.4114125 ], [ -16.397223, 28.411434 ], [ -16.3971056, 28.4114601 ], [ -16.3969963, 28.4114883 ], [ -16.3968676, 28.4115325 ], [ -16.3968194, 28.4115533 ], [ -16.3967422, 28.4115992 ], [ -16.3966873, 28.4116449 ], [ -16.3966512, 28.4116904 ], [ -16.3966373, 28.4117244 ], [ -16.3966153, 28.4118261 ], [ -16.3965772, 28.4118852 ], [ -16.3965065, 28.4119694 ], [ -16.3964549, 28.4120195 ], [ -16.3964216, 28.4120402 ], [ -16.3963883, 28.4120541 ], [ -16.396355, 28.4120657 ], [ -16.3963215, 28.4120705 ], [ -16.3962881, 28.4120731 ], [ -16.3962225, 28.4120625 ], [ -16.396124, 28.4120342 ], [ -16.3960146, 28.412015 ], [ -16.3959546, 28.4120111 ], [ -16.3959304, 28.4120181 ], [ -16.3959086, 28.4120319 ], [ -16.3957247, 28.4120699 ], [ -16.3956656, 28.4120885 ], [ -16.3956085, 28.4121117 ], [ -16.3955162, 28.4121578 ], [ -16.3953532, 28.4122271 ], [ -16.3951461, 28.4123173 ], [ -16.395012, 28.4123841 ], [ -16.3949213, 28.4124211 ], [ -16.3948875, 28.4124214 ], [ -16.3948577, 28.412415 ], [ -16.3947993, 28.4123885 ], [ -16.3946849, 28.4123491 ], [ -16.3946144, 28.4123272 ], [ -16.3945738, 28.4123209 ], [ -16.3945388, 28.4123235 ], [ -16.3944823, 28.4123263 ], [ -16.3944017, 28.4123294 ], [ -16.3943002, 28.4123237 ], [ -16.3941784, 28.4123294 ], [ -16.3941341, 28.4123321 ], [ -16.3940994, 28.4123438 ], [ -16.3937847, 28.4124485 ], [ -16.3937076, 28.4124561 ], [ -16.3935669, 28.4124553 ], [ -16.3933772, 28.4124662 ], [ -16.3932794, 28.4124763 ], [ -16.3932362, 28.412488 ], [ -16.3932077, 28.4125018 ], [ -16.3931228, 28.4125207 ], [ -16.3930406, 28.4125351 ], [ -16.3928879, 28.4125615 ], [ -16.3928426, 28.4125665 ], [ -16.3928044, 28.4125714 ], [ -16.3927196, 28.4125745 ], [ -16.3925983, 28.4125442 ], [ -16.3925243, 28.4125178 ], [ -16.3924303, 28.4124782 ], [ -16.3923905, 28.4124651 ], [ -16.3923646, 28.4124563 ], [ -16.3923441, 28.412452 ], [ -16.3922684, 28.412446 ], [ -16.3921596, 28.4124426 ], [ -16.3920957, 28.4124342 ], [ -16.3920385, 28.4124055 ], [ -16.3920057, 28.4123855 ], [ -16.3919406, 28.4123591 ], [ -16.3918727, 28.4123349 ], [ -16.3918407, 28.4123285 ], [ -16.3918108, 28.4123311 ], [ -16.3917813, 28.4123449 ], [ -16.3917453, 28.4123701 ], [ -16.3916288, 28.4124458 ], [ -16.391526, 28.4125077 ], [ -16.3913146, 28.4125686 ], [ -16.39128, 28.4125802 ], [ -16.3912455, 28.4125986 ], [ -16.3911475, 28.412665 ], [ -16.39106, 28.4127359 ], [ -16.3909236, 28.4128636 ], [ -16.3908589, 28.4129184 ], [ -16.3907726, 28.4129825 ], [ -16.3906986, 28.4130306 ], [ -16.3905272, 28.4131723 ], [ -16.3904657, 28.4132203 ], [ -16.3903974, 28.4132706 ], [ -16.3903651, 28.4132912 ], [ -16.3903265, 28.4133097 ], [ -16.3902829, 28.4133191 ], [ -16.390203, 28.4133786 ], [ -16.3901167, 28.4134427 ], [ -16.3900445, 28.4134818 ], [ -16.3899826, 28.413505 ], [ -16.3899396, 28.4135122 ], [ -16.3899023, 28.4135103 ], [ -16.3898777, 28.4135083 ], [ -16.3898486, 28.4135041 ], [ -16.3898117, 28.4134909 ], [ -16.3897269, 28.4134399 ], [ -16.3896578, 28.4134068 ], [ -16.3896197, 28.4133936 ], [ -16.3895495, 28.4133966 ], [ -16.3894737, 28.4134064 ], [ -16.3893516, 28.4134347 ], [ -16.3890422, 28.4135327 ], [ -16.3887236, 28.4135675 ], [ -16.3886479, 28.4135795 ], [ -16.3885353, 28.4136033 ], [ -16.3884603, 28.4136288 ], [ -16.3884222, 28.413645 ], [ -16.3883295, 28.4137024 ], [ -16.3882692, 28.4137459 ], [ -16.3881836, 28.4138144 ], [ -16.3881076, 28.4138806 ], [ -16.3880783, 28.4139147 ], [ -16.3879749, 28.4140557 ], [ -16.3879213, 28.4141014 ], [ -16.3878183, 28.4141769 ], [ -16.3877407, 28.4142454 ], [ -16.3877163, 28.4142614 ], [ -16.3876881, 28.4142752 ], [ -16.3876589, 28.4142868 ], [ -16.3876284, 28.4142916 ], [ -16.3875965, 28.414292 ], [ -16.3874975, 28.4142388 ], [ -16.3874555, 28.4142212 ], [ -16.3872754, 28.4142095 ], [ -16.3872045, 28.4142012 ], [ -16.3871402, 28.414159 ], [ -16.3870492, 28.4140854 ], [ -16.3869331, 28.414037 ], [ -16.3868575, 28.4140152 ], [ -16.3868226, 28.4140065 ], [ -16.3867828, 28.4140069 ], [ -16.3867488, 28.4140163 ], [ -16.3867127, 28.4140347 ], [ -16.3866262, 28.414083 ], [ -16.386558, 28.414113 ], [ -16.3865212, 28.4141269 ], [ -16.3864459, 28.41413 ], [ -16.3863336, 28.4141266 ], [ -16.3862655, 28.4141182 ], [ -16.386146, 28.4140992 ], [ -16.3861098, 28.4140634 ], [ -16.3860863, 28.4140479 ], [ -16.3860057, 28.4140081 ], [ -16.3857835, 28.4138953 ], [ -16.3856436, 28.4138335 ], [ -16.3856093, 28.4138203 ], [ -16.3855718, 28.4138094 ], [ -16.3855005, 28.4137943 ], [ -16.3853944, 28.4137819 ], [ -16.3851576, 28.413773 ], [ -16.3849648, 28.4137682 ], [ -16.3848991, 28.4137689 ], [ -16.3848454, 28.4137785 ], [ -16.3848158, 28.41379 ], [ -16.3847987, 28.4137992 ], [ -16.3847793, 28.4137994 ], [ -16.3847521, 28.4137975 ], [ -16.3847092, 28.4137844 ], [ -16.3845401, 28.4137297 ], [ -16.3843996, 28.4136927 ], [ -16.3843542, 28.4136909 ], [ -16.384316, 28.4136958 ], [ -16.3842813, 28.4137052 ], [ -16.3842474, 28.4137191 ], [ -16.3841511, 28.4137494 ], [ -16.3840579, 28.4137887 ], [ -16.3839936, 28.413848 ], [ -16.3839285, 28.4138961 ], [ -16.3837609, 28.4139632 ], [ -16.3834989, 28.4140561 ], [ -16.3833567, 28.4141095 ], [ -16.3832692, 28.4141487 ], [ -16.3832315, 28.4141717 ], [ -16.3831674, 28.4142197 ], [ -16.3831144, 28.4142654 ], [ -16.3829989, 28.4143658 ], [ -16.382911, 28.414396 ], [ -16.3828248, 28.4144691 ], [ -16.3828026, 28.4144784 ], [ -16.3827854, 28.4144785 ], [ -16.3827675, 28.4144787 ], [ -16.3827406, 28.41447 ], [ -16.3827056, 28.4144568 ], [ -16.3826296, 28.414426 ], [ -16.3825894, 28.4144173 ], [ -16.3825574, 28.4144132 ], [ -16.3825132, 28.4144023 ], [ -16.3824541, 28.4144187 ], [ -16.3823408, 28.4144176 ], [ -16.3822925, 28.4144249 ], [ -16.3822384, 28.414439 ], [ -16.3822127, 28.4144483 ], [ -16.3821625, 28.4144398 ], [ -16.3820373, 28.4143824 ], [ -16.3819123, 28.4143114 ], [ -16.381881, 28.4142824 ], [ -16.3818404, 28.4142286 ], [ -16.3818134, 28.4142086 ], [ -16.3817237, 28.4141576 ], [ -16.3816563, 28.4141267 ], [ -16.3816201, 28.4141158 ], [ -16.3815817, 28.4141117 ], [ -16.3815498, 28.414112 ], [ -16.3814718, 28.4141196 ], [ -16.3813878, 28.4141385 ], [ -16.3811294, 28.4142088 ], [ -16.3810839, 28.4142183 ], [ -16.3810164, 28.4142302 ], [ -16.3809916, 28.414235 ], [ -16.3809584, 28.4142534 ], [ -16.3809198, 28.4142561 ], [ -16.3808649, 28.4142295 ], [ -16.3807418, 28.4141631 ], [ -16.3806695, 28.4141413 ], [ -16.3806106, 28.4141306 ], [ -16.3805749, 28.4141287 ], [ -16.3805399, 28.414111 ], [ -16.3805013, 28.414064 ], [ -16.3804118, 28.4139498 ], [ -16.3803523, 28.413894 ], [ -16.3802743, 28.4138271 ], [ -16.3802452, 28.4138003 ], [ -16.3802282, 28.4137892 ], [ -16.3801875, 28.4137761 ], [ -16.3801668, 28.413756 ], [ -16.3801579, 28.4137358 ], [ -16.3801407, 28.4137111 ], [ -16.3801217, 28.4137001 ], [ -16.3800936, 28.4136913 ], [ -16.3800539, 28.4136827 ], [ -16.3799909, 28.413672 ], [ -16.3799187, 28.413666 ], [ -16.3798421, 28.4136623 ], [ -16.3798059, 28.4136694 ], [ -16.379735, 28.4136882 ], [ -16.3796364, 28.4137163 ], [ -16.3795689, 28.4137237 ], [ -16.379496, 28.413738 ], [ -16.3792823, 28.4138327 ], [ -16.3792455, 28.4138488 ], [ -16.3791986, 28.4138538 ], [ -16.3791662, 28.4138338 ], [ -16.3791125, 28.4138073 ], [ -16.3790845, 28.4137895 ], [ -16.3790304, 28.4137449 ], [ -16.3790119, 28.4137203 ], [ -16.3789789, 28.413662 ], [ -16.3789477, 28.4135901 ], [ -16.3788462, 28.4133407 ], [ -16.3788063, 28.4132215 ], [ -16.3787781, 28.4131631 ], [ -16.3787125, 28.4130713 ], [ -16.3786189, 28.4129617 ], [ -16.3785972, 28.4129393 ], [ -16.3785589, 28.4129126 ], [ -16.3785298, 28.4129039 ], [ -16.3785084, 28.4129041 ], [ -16.3784778, 28.4129089 ], [ -16.3784294, 28.4128869 ], [ -16.3783952, 28.4128805 ], [ -16.3783585, 28.4128808 ], [ -16.3782824, 28.4128906 ], [ -16.3782471, 28.4129 ], [ -16.3782179, 28.4129116 ], [ -16.3781961, 28.4129253 ], [ -16.3781801, 28.4129481 ], [ -16.3781705, 28.4129752 ], [ -16.3781633, 28.4130047 ], [ -16.3781548, 28.4130657 ], [ -16.3781575, 28.4131514 ], [ -16.3781509, 28.4131807 ], [ -16.3781385, 28.413208 ], [ -16.3781194, 28.4132352 ], [ -16.378071, 28.4132696 ], [ -16.378009, 28.4133063 ], [ -16.377915, 28.4133636 ], [ -16.3778599, 28.4133958 ], [ -16.3778348, 28.4134028 ], [ -16.3778172, 28.4134007 ], [ -16.3778003, 28.4133987 ], [ -16.3777728, 28.4133989 ], [ -16.3777292, 28.4134062 ], [ -16.3775603, 28.4133695 ], [ -16.3775093, 28.413352 ], [ -16.3774744, 28.4133365 ], [ -16.3774499, 28.4133187 ], [ -16.3774318, 28.4132986 ], [ -16.3773634, 28.4132158 ], [ -16.3772564, 28.4131086 ], [ -16.3772059, 28.4130527 ], [ -16.3771745, 28.4129853 ], [ -16.3771535, 28.4129223 ], [ -16.3771124, 28.4128528 ], [ -16.3770785, 28.4127967 ], [ -16.3770819, 28.4127606 ], [ -16.3770676, 28.4127449 ], [ -16.3770626, 28.412727 ], [ -16.3770518, 28.4127068 ], [ -16.3770337, 28.4126821 ], [ -16.3770052, 28.4126508 ], [ -16.376953, 28.4126107 ], [ -16.3768903, 28.4125708 ], [ -16.3767434, 28.4124842 ], [ -16.3766276, 28.4124335 ], [ -16.3764249, 28.4123521 ], [ -16.3763818, 28.4123277 ], [ -16.3763678, 28.4122805 ], [ -16.3763476, 28.4121475 ], [ -16.376337, 28.4121183 ], [ -16.3763227, 28.4120959 ], [ -16.3763037, 28.4120826 ], [ -16.3762656, 28.4120694 ], [ -16.3761891, 28.4120567 ], [ -16.3761541, 28.412057 ], [ -16.3760137, 28.4120787 ], [ -16.3759754, 28.4120836 ], [ -16.3759418, 28.4120727 ], [ -16.3759167, 28.4120549 ], [ -16.3758644, 28.4120103 ], [ -16.3757872, 28.4119321 ], [ -16.3757651, 28.4119007 ], [ -16.3757549, 28.4118805 ], [ -16.3757071, 28.4117592 ], [ -16.3756028, 28.4114872 ], [ -16.3755462, 28.4113547 ], [ -16.3755182, 28.4113098 ], [ -16.375503, 28.4112942 ], [ -16.3754766, 28.4112741 ], [ -16.375448, 28.4112586 ], [ -16.375348, 28.4112235 ], [ -16.3752757, 28.4112039 ], [ -16.3752474, 28.411193 ], [ -16.3752123, 28.4111911 ], [ -16.3751459, 28.4112075 ], [ -16.375077, 28.4112308 ], [ -16.3750458, 28.4112424 ], [ -16.3750113, 28.411263 ], [ -16.3749944, 28.411288 ], [ -16.3749833, 28.41134 ], [ -16.3749671, 28.4113695 ], [ -16.3749089, 28.4114107 ], [ -16.3748409, 28.4114498 ], [ -16.3748069, 28.4114659 ], [ -16.3747675, 28.4114731 ], [ -16.3746963, 28.4114738 ], [ -16.3745759, 28.411484 ], [ -16.3745092, 28.4114847 ], [ -16.3744318, 28.41149 ], [ -16.3742947, 28.4115207 ], [ -16.3742278, 28.4115304 ], [ -16.3741908, 28.4115285 ], [ -16.3741566, 28.4115221 ], [ -16.3741242, 28.4115089 ], [ -16.3740921, 28.4114934 ], [ -16.3740606, 28.4114734 ], [ -16.3739433, 28.4113844 ], [ -16.3738902, 28.4113488 ], [ -16.373868, 28.4113377 ], [ -16.3737823, 28.4113161 ], [ -16.373767, 28.4112666 ], [ -16.3737044, 28.4111611 ], [ -16.3736473, 28.4110647 ], [ -16.3735493, 28.4108897 ], [ -16.3735114, 28.4108179 ], [ -16.3735067, 28.4107976 ], [ -16.3734701, 28.4107844 ], [ -16.3734087, 28.4107715 ], [ -16.3732969, 28.4107569 ], [ -16.3731755, 28.4107446 ], [ -16.3730539, 28.4107413 ], [ -16.3729231, 28.4107403 ], [ -16.3728813, 28.4107362 ], [ -16.3728575, 28.4107207 ], [ -16.3727498, 28.4106315 ], [ -16.3727135, 28.4106138 ], [ -16.3726389, 28.4105897 ], [ -16.3725821, 28.4105678 ], [ -16.372513, 28.4105481 ], [ -16.3723756, 28.410536 ], [ -16.3723024, 28.4105232 ], [ -16.3722729, 28.4105077 ], [ -16.372215, 28.4104722 ], [ -16.3721325, 28.4104076 ], [ -16.3721064, 28.410383 ], [ -16.3720584, 28.4103271 ], [ -16.3719539, 28.4101905 ], [ -16.3719226, 28.4101592 ], [ -16.3718678, 28.4101147 ], [ -16.3718443, 28.4100991 ], [ -16.3718081, 28.4100837 ], [ -16.3717444, 28.4100708 ], [ -16.3716521, 28.4100604 ], [ -16.3716142, 28.4100653 ], [ -16.3714721, 28.4101074 ], [ -16.3713941, 28.4101149 ], [ -16.3713191, 28.4101157 ], [ -16.3712814, 28.4101093 ], [ -16.3712593, 28.4101027 ], [ -16.3710713, 28.4099986 ], [ -16.3710053, 28.4099677 ], [ -16.3709374, 28.4099526 ], [ -16.3708678, 28.4099465 ], [ -16.3707579, 28.4099341 ], [ -16.3706573, 28.4099261 ], [ -16.3706209, 28.4099241 ], [ -16.3705926, 28.4099335 ], [ -16.370382, 28.410001 ], [ -16.3703257, 28.4100129 ], [ -16.3703072, 28.4100108 ], [ -16.3702595, 28.4099752 ], [ -16.3701472, 28.4099018 ], [ -16.3699398, 28.4097708 ], [ -16.3697929, 28.4096843 ], [ -16.3695732, 28.4095647 ], [ -16.3695215, 28.4095426 ], [ -16.3694677, 28.4095206 ], [ -16.3694383, 28.4094938 ], [ -16.3693981, 28.4094468 ], [ -16.3693756, 28.4094335 ], [ -16.3693558, 28.4094292 ], [ -16.3692898, 28.4094321 ], [ -16.3690802, 28.4094591 ], [ -16.3690213, 28.4094642 ], [ -16.3689935, 28.4094622 ], [ -16.3688971, 28.409427 ], [ -16.3688281, 28.4094029 ], [ -16.3687929, 28.4093943 ], [ -16.3686082, 28.4094864 ], [ -16.3684447, 28.4095219 ], [ -16.368295, 28.4095459 ], [ -16.3679989, 28.4096143 ], [ -16.3679177, 28.4096513 ], [ -16.3678373, 28.4096927 ], [ -16.3677712, 28.4097655 ], [ -16.3677022, 28.4098091 ], [ -16.3676015, 28.4098665 ], [ -16.3675174, 28.4098967 ], [ -16.3674213, 28.4099428 ], [ -16.3673257, 28.4099731 ], [ -16.3672326, 28.4100078 ], [ -16.3671548, 28.4100808 ], [ -16.3670466, 28.4101722 ], [ -16.3669908, 28.4102247 ], [ -16.3669039, 28.4102932 ], [ -16.3668145, 28.4103573 ], [ -16.3666896, 28.410442 ], [ -16.3666106, 28.410506 ], [ -16.3665312, 28.4105542 ], [ -16.3663876, 28.4106729 ], [ -16.3662581, 28.4107803 ], [ -16.3661733, 28.4108353 ], [ -16.366025, 28.4109361 ], [ -16.3658908, 28.4110389 ], [ -16.3658166, 28.4110983 ], [ -16.3657209, 28.411176 ], [ -16.3656613, 28.4112263 ], [ -16.3655788, 28.4112135 ], [ -16.3654704, 28.4112146 ], [ -16.3652311, 28.4113163 ], [ -16.3651493, 28.411281 ], [ -16.3650273, 28.4111649 ], [ -16.3648839, 28.4110061 ], [ -16.3647876, 28.4109846 ], [ -16.3646945, 28.4109877 ], [ -16.364591, 28.4109978 ], [ -16.3643904, 28.4110292 ], [ -16.3643145, 28.4110592 ], [ -16.3641934, 28.4111665 ], [ -16.3641391, 28.4112325 ], [ -16.364029, 28.4113802 ], [ -16.3639735, 28.4114553 ], [ -16.3637987, 28.4113848 ], [ -16.3636932, 28.4113859 ], [ -16.363528, 28.4115387 ], [ -16.36335, 28.4117142 ], [ -16.3632347, 28.4117808 ], [ -16.3629937, 28.4117945 ], [ -16.3628834, 28.4118272 ], [ -16.362575, 28.4118077 ], [ -16.3624507, 28.4118405 ], [ -16.3623438, 28.4119635 ], [ -16.3622926, 28.41207 ], [ -16.3622533, 28.4121426 ], [ -16.3621513, 28.4121504 ], [ -16.3620636, 28.4121016 ], [ -16.3619491, 28.4119764 ], [ -16.3618264, 28.4118874 ], [ -16.3617273, 28.4118207 ], [ -16.3614681, 28.4116541 ], [ -16.3613796, 28.4116211 ], [ -16.3612925, 28.4116197 ], [ -16.361199, 28.411641 ], [ -16.3610789, 28.4117031 ], [ -16.3610315, 28.4117622 ], [ -16.360998, 28.4119882 ], [ -16.360954, 28.4120924 ], [ -16.360942, 28.412176 ], [ -16.3609058, 28.4123163 ], [ -16.3606803, 28.4126908 ], [ -16.3606073, 28.4127976 ], [ -16.3604667, 28.4129524 ], [ -16.3603719, 28.4128203 ], [ -16.3603444, 28.4126897 ], [ -16.3602616, 28.4126025 ], [ -16.3602141, 28.4127271 ], [ -16.3601652, 28.4128742 ], [ -16.3600956, 28.4129697 ], [ -16.3599557, 28.4129553 ], [ -16.3597318, 28.4131109 ], [ -16.3595957, 28.4132455 ], [ -16.3595307, 28.4133251 ], [ -16.3593298, 28.4135031 ], [ -16.3590085, 28.4136529 ], [ -16.3588411, 28.4137043 ], [ -16.3587526, 28.413748 ], [ -16.3586888, 28.4137938 ], [ -16.3585906, 28.4139256 ], [ -16.3585037, 28.4139942 ], [ -16.358213, 28.4141099 ], [ -16.3580331, 28.4141816 ], [ -16.3579437, 28.414178 ], [ -16.3578304, 28.414152 ], [ -16.3576439, 28.4141359 ], [ -16.3574229, 28.4140907 ], [ -16.3572973, 28.4140716 ], [ -16.3571695, 28.4140774 ], [ -16.3569716, 28.4141223 ], [ -16.3568598, 28.4141369 ], [ -16.3567576, 28.4141786 ], [ -16.3565242, 28.4143343 ], [ -16.3564049, 28.414534 ], [ -16.3563906, 28.4146154 ], [ -16.3564342, 28.4146849 ], [ -16.356502, 28.4147452 ], [ -16.3565986, 28.4148187 ], [ -16.356672, 28.4148924 ], [ -16.3567853, 28.4150244 ], [ -16.3568035, 28.4151032 ], [ -16.3567132, 28.4152778 ], [ -16.3566257, 28.4153892 ], [ -16.3565498, 28.4154961 ], [ -16.3563915, 28.4157684 ], [ -16.356326, 28.4158526 ], [ -16.3562357, 28.4159279 ], [ -16.3562167, 28.4160432 ], [ -16.3563034, 28.4160874 ], [ -16.3564945, 28.4161126 ], [ -16.3566128, 28.416161 ], [ -16.3566222, 28.416249 ], [ -16.3565374, 28.416322 ], [ -16.3564509, 28.4163951 ], [ -16.3564529, 28.4165011 ], [ -16.35646, 28.4165823 ], [ -16.3559662, 28.4166368 ], [ -16.3558774, 28.4166309 ], [ -16.3557261, 28.4165941 ], [ -16.3557007, 28.416732 ], [ -16.3557784, 28.4169207 ], [ -16.3559425, 28.4171312 ], [ -16.355968, 28.4172054 ], [ -16.3558938, 28.4172626 ], [ -16.3558076, 28.4172341 ], [ -16.3556975, 28.4172081 ], [ -16.3555793, 28.4171912 ], [ -16.3554954, 28.4171943 ], [ -16.3554061, 28.41722 ], [ -16.3552186, 28.4173279 ], [ -16.3551594, 28.417412 ], [ -16.3550934, 28.4174939 ], [ -16.3550318, 28.4175419 ], [ -16.3549392, 28.4175879 ], [ -16.3546648, 28.4176809 ], [ -16.3545681, 28.4177248 ], [ -16.3544854, 28.4177955 ], [ -16.3544228, 28.4178616 ], [ -16.3542984, 28.4179643 ], [ -16.3542414, 28.41808 ], [ -16.3542363, 28.4181567 ], [ -16.35423, 28.4184862 ], [ -16.3542326, 28.4186645 ], [ -16.3542332, 28.4188066 ], [ -16.3542317, 28.418942 ], [ -16.3541765, 28.4190193 ], [ -16.3540729, 28.4190519 ], [ -16.3539622, 28.419053 ], [ -16.3538082, 28.419032 ], [ -16.3535297, 28.4189828 ], [ -16.3533014, 28.41894 ], [ -16.3530785, 28.4189219 ], [ -16.3527848, 28.4189113 ], [ -16.3526217, 28.4189016 ], [ -16.3524982, 28.418896 ], [ -16.3523878, 28.4188994 ], [ -16.3522443, 28.4189505 ], [ -16.3521764, 28.4190301 ], [ -16.3521194, 28.4190961 ], [ -16.3521531, 28.4192582 ], [ -16.3522417, 28.4195778 ], [ -16.3522668, 28.4196678 ], [ -16.3524341, 28.4197564 ], [ -16.3527304, 28.4198956 ], [ -16.352801, 28.419931 ], [ -16.3528835, 28.419973 ], [ -16.3529318, 28.4200538 ], [ -16.3529431, 28.4201913 ], [ -16.3529208, 28.4203449 ], [ -16.3528974, 28.4204354 ], [ -16.3528398, 28.4205015 ], [ -16.3526498, 28.4206387 ], [ -16.3524699, 28.420715 ], [ -16.3523018, 28.4207437 ], [ -16.3520853, 28.4207301 ], [ -16.3519281, 28.4207294 ], [ -16.351771, 28.4207715 ], [ -16.3516735, 28.420856 ], [ -16.3516509, 28.4209352 ], [ -16.3516668, 28.4210298 ], [ -16.3518305, 28.42159 ], [ -16.3518957, 28.4216954 ], [ -16.3519503, 28.4217535 ], [ -16.3520131, 28.4218003 ], [ -16.3520984, 28.4218559 ], [ -16.3522396, 28.421895 ], [ -16.3523492, 28.4218849 ], [ -16.3525689, 28.4218489 ], [ -16.3527249, 28.4218293 ], [ -16.3528305, 28.4218215 ], [ -16.3530627, 28.4217921 ], [ -16.354094, 28.4218134 ], [ -16.3542773, 28.4218973 ], [ -16.3542476, 28.4220488 ], [ -16.3540163, 28.4221233 ], [ -16.3539018, 28.4221515 ], [ -16.3537806, 28.422225 ], [ -16.3536147, 28.4223304 ], [ -16.3534572, 28.4224132 ], [ -16.3532426, 28.4224988 ], [ -16.3531477, 28.4226125 ], [ -16.3531811, 28.4227769 ], [ -16.3530891, 28.4228455 ], [ -16.3528479, 28.4229179 ], [ -16.3527568, 28.4229549 ], [ -16.3526549, 28.423071 ], [ -16.3526624, 28.4234364 ], [ -16.3527039, 28.4235398 ], [ -16.3527732, 28.4236181 ], [ -16.3528901, 28.4237501 ], [ -16.3529341, 28.4238782 ], [ -16.3529109, 28.4240071 ], [ -16.3529103, 28.4241131 ], [ -16.3529717, 28.4241735 ], [ -16.3530436, 28.4242066 ], [ -16.353151, 28.4242709 ], [ -16.3532571, 28.4243421 ], [ -16.3533618, 28.4244967 ], [ -16.3534034, 28.4245775 ], [ -16.3534674, 28.4247416 ], [ -16.3534862, 28.4248701 ], [ -16.3535583, 28.4249461 ], [ -16.353723, 28.4249737 ], [ -16.3538562, 28.4249589 ], [ -16.3540958, 28.424961 ], [ -16.3540759, 28.4250988 ], [ -16.3540639, 28.4251825 ], [ -16.3540871, 28.4252544 ], [ -16.3542098, 28.425366 ], [ -16.3543072, 28.425426 ], [ -16.3545809, 28.4255473 ], [ -16.3546572, 28.4255985 ], [ -16.3547366, 28.4256766 ], [ -16.3548185, 28.4257639 ], [ -16.354895, 28.4258894 ], [ -16.3549584, 28.4259791 ], [ -16.3550329, 28.4261159 ], [ -16.354914, 28.4261758 ], [ -16.354723, 28.42611 ], [ -16.3546094, 28.4260322 ], [ -16.3544166, 28.4259213 ], [ -16.3543433, 28.4258859 ], [ -16.3542537, 28.4258642 ], [ -16.3541476, 28.4258495 ], [ -16.3538318, 28.4258481 ], [ -16.3536296, 28.4258592 ], [ -16.353516, 28.4259009 ], [ -16.3534598, 28.4259804 ], [ -16.3534739, 28.4260593 ], [ -16.3535014, 28.4261583 ], [ -16.3535775, 28.4262726 ], [ -16.3537537, 28.4264333 ], [ -16.3538149, 28.4265049 ], [ -16.3538486, 28.4265926 ], [ -16.353875, 28.426687 ], [ -16.3539296, 28.4267632 ], [ -16.354123, 28.4268741 ], [ -16.3542388, 28.4268978 ], [ -16.3543383, 28.426969 ], [ -16.3544293, 28.4269974 ], [ -16.3544981, 28.4270419 ], [ -16.3546037, 28.4271333 ], [ -16.3547534, 28.4272198 ], [ -16.3548413, 28.4272799 ], [ -16.3548022, 28.4273728 ], [ -16.3547155, 28.4273759 ], [ -16.3546008, 28.4273861 ], [ -16.3542475, 28.4274302 ], [ -16.3541464, 28.427429 ], [ -16.353996, 28.4274214 ], [ -16.3538619, 28.427416 ], [ -16.3537437, 28.4273788 ], [ -16.3535853, 28.427342 ], [ -16.3534571, 28.4273207 ], [ -16.3533239, 28.4273063 ], [ -16.3532362, 28.4273094 ], [ -16.3531503, 28.4273305 ], [ -16.3530377, 28.427352 ], [ -16.3528718, 28.4273581 ], [ -16.3527489, 28.4273526 ], [ -16.352625, 28.4273403 ], [ -16.3522646, 28.427301 ], [ -16.3521649, 28.4273674 ], [ -16.3521054, 28.4274583 ], [ -16.3520947, 28.4275892 ], [ -16.3520995, 28.4278193 ], [ -16.3521781, 28.427981 ], [ -16.3522548, 28.4281179 ], [ -16.3522938, 28.4282461 ], [ -16.3522486, 28.4283526 ], [ -16.3521285, 28.4283944 ], [ -16.3520153, 28.4284 ], [ -16.351841, 28.4283905 ], [ -16.3517511, 28.4283914 ], [ -16.3516062, 28.4284402 ], [ -16.3514959, 28.4285 ], [ -16.3513987, 28.4285573 ], [ -16.3513093, 28.4286282 ], [ -16.3512031, 28.4287104 ], [ -16.351219, 28.4288006 ], [ -16.3513547, 28.4288917 ], [ -16.3517843, 28.4291289 ], [ -16.3518002, 28.4292009 ], [ -16.351783, 28.4292981 ], [ -16.351909, 28.4293984 ], [ -16.3520655, 28.4294803 ], [ -16.3522837, 28.4296113 ], [ -16.3522089, 28.4297248 ], [ -16.3519378, 28.4296305 ], [ -16.3517295, 28.4295356 ], [ -16.3515908, 28.4294625 ], [ -16.3514944, 28.4294115 ], [ -16.3513758, 28.4293428 ], [ -16.3513218, 28.4292869 ], [ -16.3512554, 28.4292289 ], [ -16.3510223, 28.4291432 ], [ -16.3508669, 28.4290883 ], [ -16.3506835, 28.4289931 ], [ -16.3504586, 28.428869 ], [ -16.35037, 28.4288293 ], [ -16.3502696, 28.4288145 ], [ -16.3501539, 28.4287998 ], [ -16.3500005, 28.4287991 ], [ -16.349918, 28.4288157 ], [ -16.3498318, 28.4288324 ], [ -16.3497413, 28.4288716 ], [ -16.3496198, 28.4289202 ], [ -16.3494965, 28.4289643 ], [ -16.3493078, 28.429 ], [ -16.3490818, 28.4290429 ], [ -16.348993, 28.4290595 ], [ -16.3488518, 28.4291444 ], [ -16.3487223, 28.4292224 ], [ -16.34865, 28.4292547 ], [ -16.3485084, 28.4292922 ], [ -16.3484265, 28.4292953 ], [ -16.3482672, 28.4292856 ], [ -16.3481464, 28.429271 ], [ -16.3479181, 28.4292394 ], [ -16.3477604, 28.4292275 ], [ -16.3476497, 28.4292285 ], [ -16.347486, 28.429255 ], [ -16.3473448, 28.4293196 ], [ -16.3472275, 28.4293523 ], [ -16.3471071, 28.4293106 ], [ -16.3470081, 28.4291604 ], [ -16.3469332, 28.4291115 ], [ -16.3468208, 28.4290788 ], [ -16.3467222, 28.4290527 ], [ -16.3463342, 28.4291242 ], [ -16.3460423, 28.4293866 ], [ -16.345814, 28.4295468 ], [ -16.3457975, 28.4295537 ], [ -16.345738, 28.4295656 ], [ -16.3456824, 28.4295616 ], [ -16.3455192, 28.4295204 ], [ -16.3452709, 28.4294416 ], [ -16.3449941, 28.4293699 ], [ -16.3448837, 28.4293461 ], [ -16.3447686, 28.429327 ], [ -16.3447002, 28.4293186 ], [ -16.3446568, 28.4293213 ], [ -16.3444215, 28.4293846 ], [ -16.3443063, 28.4294331 ], [ -16.3442182, 28.4295016 ], [ -16.3441445, 28.4295768 ], [ -16.3440673, 28.4296814 ], [ -16.3439711, 28.4297974 ], [ -16.3438897, 28.4298952 ], [ -16.3438087, 28.4299705 ], [ -16.3437285, 28.4300367 ], [ -16.3436637, 28.4300847 ], [ -16.343569, 28.4301466 ], [ -16.3434858, 28.4302016 ], [ -16.3433776, 28.4302703 ], [ -16.3432626, 28.4303617 ], [ -16.343078, 28.4305215 ], [ -16.3428591, 28.4306996 ], [ -16.3427564, 28.4307999 ], [ -16.3427268, 28.4308363 ], [ -16.3426748, 28.430988 ], [ -16.3426724, 28.430997 ], [ -16.3425958, 28.4311422 ], [ -16.3425062, 28.4313033 ], [ -16.3424382, 28.4314258 ], [ -16.3423883, 28.4315211 ], [ -16.3423368, 28.4316344 ], [ -16.3422624, 28.4318066 ], [ -16.3421639, 28.4320445 ], [ -16.342122, 28.4321374 ], [ -16.3420907, 28.4321874 ], [ -16.3420357, 28.4322759 ], [ -16.3419625, 28.4323624 ], [ -16.3418535, 28.4324785 ], [ -16.3417141, 28.4326288 ], [ -16.3416201, 28.4327426 ], [ -16.3415214, 28.4328812 ], [ -16.3413894, 28.4331149 ], [ -16.3410541, 28.4337274 ], [ -16.3409804, 28.4338815 ], [ -16.3409399, 28.433988 ], [ -16.3407661, 28.43445 ], [ -16.3407194, 28.4345633 ], [ -16.3406603, 28.4346835 ], [ -16.3405409, 28.4348854 ], [ -16.3404817, 28.4349695 ], [ -16.3402952, 28.4352128 ], [ -16.3401265, 28.4354198 ], [ -16.3400569, 28.4355175 ], [ -16.3400215, 28.435572 ], [ -16.3399722, 28.4356627 ], [ -16.3399304, 28.4357601 ], [ -16.3398439, 28.4360114 ], [ -16.3397966, 28.4361292 ], [ -16.3397548, 28.4362086 ], [ -16.3396986, 28.4363333 ], [ -16.3396426, 28.4364196 ], [ -16.3395749, 28.4365173 ], [ -16.3394106, 28.4367693 ], [ -16.339138, 28.4371962 ], [ -16.3390525, 28.4373234 ], [ -16.3389556, 28.4374597 ], [ -16.3389047, 28.4375212 ], [ -16.3388348, 28.4375941 ], [ -16.3387657, 28.4376579 ], [ -16.338708, 28.4377081 ], [ -16.3385597, 28.4378224 ], [ -16.3384734, 28.4378819 ], [ -16.338375, 28.4379754 ], [ -16.3383308, 28.4380367 ], [ -16.3382731, 28.4381682 ], [ -16.3381877, 28.4384014 ], [ -16.3381571, 28.4384807 ], [ -16.3381297, 28.4385419 ], [ -16.3380991, 28.4385963 ], [ -16.3380809, 28.4386191 ], [ -16.338069, 28.4386372 ], [ -16.3380341, 28.4386737 ], [ -16.3379684, 28.4387262 ], [ -16.3379019, 28.4387675 ], [ -16.3378606, 28.4387859 ], [ -16.3374954, 28.4388598 ], [ -16.3373915, 28.4388808 ], [ -16.3370259, 28.4389611 ], [ -16.33694, 28.4389868 ], [ -16.336842, 28.4390284 ], [ -16.3367, 28.439102 ], [ -16.336529, 28.439212 ], [ -16.3364606, 28.4392532 ], [ -16.3363734, 28.439324 ], [ -16.3363, 28.4393947 ], [ -16.3362299, 28.4394834 ], [ -16.3359697, 28.4398221 ], [ -16.3357241, 28.4401404 ], [ -16.3356407, 28.4402518 ], [ -16.3355685, 28.4403518 ], [ -16.3355245, 28.4404041 ], [ -16.3354185, 28.4405248 ], [ -16.3353429, 28.4406067 ], [ -16.33521, 28.4407637 ], [ -16.3351143, 28.4409226 ], [ -16.3350197, 28.4410883 ], [ -16.3348695, 28.4413266 ], [ -16.3348279, 28.4413925 ], [ -16.3347247, 28.4415605 ], [ -16.3346286, 28.4417081 ], [ -16.3345795, 28.4417898 ], [ -16.3345445, 28.4418668 ], [ -16.334473, 28.4420954 ], [ -16.3344026, 28.4423353 ], [ -16.3345269, 28.4423995 ], [ -16.33493, 28.4425084 ], [ -16.335094, 28.4425586 ], [ -16.3353609, 28.4426418 ], [ -16.3355301, 28.4426762 ], [ -16.3356592, 28.4427133 ], [ -16.3361098, 28.442824 ], [ -16.3362693, 28.4428675 ], [ -16.3363641, 28.4428937 ], [ -16.3364989, 28.4429375 ], [ -16.3365859, 28.4429704 ], [ -16.3369496, 28.4431226 ], [ -16.337071, 28.44318 ], [ -16.3374364, 28.4433637 ], [ -16.3376231, 28.4434657 ], [ -16.3378168, 28.4435721 ], [ -16.3379598, 28.4436496 ], [ -16.3380786, 28.4437094 ], [ -16.338221, 28.4437667 ], [ -16.3383303, 28.4438062 ], [ -16.3384755, 28.4438544 ], [ -16.3385771, 28.443885 ], [ -16.3388734, 28.4439768 ], [ -16.3391287, 28.4440533 ], [ -16.339537, 28.4441734 ], [ -16.339884, 28.4442557 ], [ -16.3401552, 28.4443072 ], [ -16.3405618, 28.4443844 ], [ -16.3408315, 28.4444179 ], [ -16.3409456, 28.4444303 ], [ -16.3413849, 28.4444756 ], [ -16.3418936, 28.4445247 ], [ -16.3420827, 28.4445454 ], [ -16.3421821, 28.4445535 ], [ -16.342429, 28.4445758 ], [ -16.3430121, 28.4446288 ], [ -16.3436424, 28.4446857 ], [ -16.3443187, 28.4447512 ], [ -16.3449082, 28.4448086 ], [ -16.3456037, 28.4448717 ], [ -16.3460005, 28.4449084 ], [ -16.3463225, 28.4449367 ], [ -16.347028, 28.4450087 ], [ -16.3478169, 28.4450889 ], [ -16.3481463, 28.4451218 ], [ -16.3482369, 28.4451231 ], [ -16.3483792, 28.4451149 ], [ -16.348469, 28.4451005 ], [ -16.3487663, 28.4450209 ], [ -16.3490227, 28.4449529 ], [ -16.3491725, 28.444922 ], [ -16.3493358, 28.4449092 ], [ -16.3494906, 28.4449166 ], [ -16.3499283, 28.4449597 ], [ -16.3513678, 28.4450808 ], [ -16.3515359, 28.4451017 ], [ -16.3517145, 28.4451225 ], [ -16.3518254, 28.4451372 ], [ -16.3519432, 28.4451631 ], [ -16.3520261, 28.4451803 ], [ -16.3522084, 28.4452372 ], [ -16.3524278, 28.4453275 ], [ -16.3527558, 28.4455025 ], [ -16.3532238, 28.4457957 ], [ -16.3538059, 28.4461463 ], [ -16.3543572, 28.4464906 ], [ -16.3548388, 28.4467678 ], [ -16.3553918, 28.4470399 ], [ -16.3555048, 28.4470951 ], [ -16.3557327, 28.4470004 ], [ -16.3559184, 28.4468722 ], [ -16.3559915, 28.4467473 ], [ -16.3560912, 28.4466087 ], [ -16.3560611, 28.4464759 ], [ -16.356062, 28.4463969 ], [ -16.3560981, 28.4462296 ], [ -16.3561114, 28.4461392 ], [ -16.3561459, 28.4460441 ], [ -16.3562024, 28.4459781 ], [ -16.3562153, 28.4458877 ], [ -16.3562329, 28.4457612 ], [ -16.3562696, 28.4456886 ], [ -16.3563663, 28.445638 ], [ -16.3565834, 28.445496 ], [ -16.3566581, 28.4453982 ], [ -16.3567174, 28.4453412 ], [ -16.3567947, 28.4452998 ], [ -16.3568751, 28.4452494 ], [ -16.3569652, 28.445183 ], [ -16.3570433, 28.4450762 ], [ -16.3571447, 28.445021 ], [ -16.357227, 28.4449706 ], [ -16.3573149, 28.4449291 ], [ -16.3574478, 28.4448894 ], [ -16.3575284, 28.4448796 ], [ -16.3576013, 28.4448428 ], [ -16.3576573, 28.4447294 ], [ -16.3577051, 28.4446003 ], [ -16.3577453, 28.4444487 ], [ -16.3577554, 28.4443674 ], [ -16.35781, 28.4442472 ], [ -16.3578183, 28.4441411 ], [ -16.3578448, 28.4440483 ], [ -16.3578757, 28.4439646 ], [ -16.3579636, 28.4437832 ], [ -16.3580043, 28.4435977 ], [ -16.3580527, 28.4435115 ], [ -16.3581071, 28.4434501 ], [ -16.3581694, 28.4433795 ], [ -16.3583009, 28.4432586 ], [ -16.358386, 28.4431968 ], [ -16.3584803, 28.443135 ], [ -16.3586379, 28.4430544 ], [ -16.3586551, 28.4430466 ], [ -16.3591068, 28.4426967 ], [ -16.3593316, 28.4425514 ], [ -16.3594677, 28.4424427 ], [ -16.3596828, 28.4421759 ], [ -16.3599382, 28.4418944 ], [ -16.3602657, 28.4415621 ], [ -16.3605838, 28.4411226 ], [ -16.3608321, 28.440927 ], [ -16.3610549, 28.4406244 ], [ -16.3611965, 28.4403082 ], [ -16.3613472, 28.4400707 ], [ -16.361513, 28.4397471 ], [ -16.3617769, 28.4395013 ], [ -16.3622016, 28.4391752 ], [ -16.3625476, 28.4390215 ], [ -16.3629828, 28.4388884 ], [ -16.3633538, 28.4387917 ], [ -16.3637242, 28.4386449 ], [ -16.3637227, 28.4385305 ], [ -16.363785, 28.4383368 ], [ -16.363937, 28.4381993 ], [ -16.3643399, 28.4380666 ], [ -16.3645577, 28.4380143 ], [ -16.3647005, 28.4377911 ], [ -16.3648849, 28.4376605 ], [ -16.3654034, 28.4377054 ], [ -16.3655899, 28.4377321 ], [ -16.3657449, 28.4378307 ], [ -16.3658509, 28.437894 ], [ -16.3659097, 28.4380651 ], [ -16.3659518, 28.4381934 ], [ -16.3660192, 28.4384002 ], [ -16.3660695, 28.4385356 ], [ -16.3662086, 28.4386558 ], [ -16.3663225, 28.4387047 ], [ -16.3664594, 28.4386533 ], [ -16.3666517, 28.4385011 ], [ -16.3669171, 28.4383769 ], [ -16.367265, 28.4383662 ], [ -16.3674347, 28.4383502 ], [ -16.3678084, 28.4384681 ], [ -16.3681, 28.4384866 ], [ -16.3682772, 28.4384204 ], [ -16.3684047, 28.4382689 ], [ -16.3685253, 28.4382105 ], [ -16.3687672, 28.4381437 ], [ -16.3688967, 28.4381424 ], [ -16.3690923, 28.4382477 ], [ -16.3693291, 28.438417 ], [ -16.3695079, 28.4384796 ], [ -16.3696285, 28.438414 ], [ -16.3700324, 28.4383599 ], [ -16.3703237, 28.4383569 ], [ -16.3706327, 28.4384754 ], [ -16.3710544, 28.4385498 ], [ -16.3716079, 28.4387946 ], [ -16.371893, 28.4389419 ], [ -16.3719595, 28.4390772 ], [ -16.371875, 28.4394285 ], [ -16.3716855, 28.4397952 ], [ -16.3715753, 28.4400323 ], [ -16.3714882, 28.4401834 ], [ -16.3712721, 28.4403716 ], [ -16.3708044, 28.4404979 ], [ -16.3705876, 28.4406288 ], [ -16.370541, 28.4407795 ], [ -16.3705454, 28.4411228 ], [ -16.3706137, 28.4413939 ], [ -16.3707075, 28.4417649 ], [ -16.3707594, 28.442029 ], [ -16.3707536, 28.4422007 ], [ -16.3707066, 28.4423228 ], [ -16.3705308, 28.4424962 ], [ -16.3702738, 28.442649 ], [ -16.3699363, 28.4428384 ], [ -16.3695423, 28.4430283 ], [ -16.3693261, 28.4432093 ], [ -16.3690869, 28.4434907 ], [ -16.3688486, 28.4438364 ], [ -16.3686257, 28.4441248 ], [ -16.368427, 28.4443986 ], [ -16.3682127, 28.4447298 ], [ -16.3681984, 28.444873 ], [ -16.3683023, 28.4453854 ], [ -16.3684493, 28.4451786 ], [ -16.3685076, 28.4450945 ], [ -16.3685504, 28.4450264 ], [ -16.368768, 28.444697 ], [ -16.3688255, 28.4446265 ], [ -16.3688912, 28.4445785 ], [ -16.3690783, 28.4445111 ], [ -16.3691951, 28.4445348 ], [ -16.3692181, 28.4446338 ], [ -16.369179, 28.4447493 ], [ -16.3691325, 28.4448761 ], [ -16.3691135, 28.444962 ], [ -16.3691154, 28.445041 ], [ -16.36916, 28.4451015 ], [ -16.3692414, 28.4451323 ], [ -16.3693679, 28.4451423 ], [ -16.3696189, 28.4451307 ], [ -16.3697701, 28.4451269 ], [ -16.3699143, 28.4451255 ], [ -16.3700886, 28.445126 ], [ -16.3702074, 28.4451338 ], [ -16.3704264, 28.4451677 ], [ -16.3706572, 28.445206 ], [ -16.371058, 28.4452786 ], [ -16.371251, 28.4453241 ], [ -16.3713783, 28.4453477 ], [ -16.3716281, 28.4453632 ], [ -16.3717174, 28.44536 ], [ -16.3719714, 28.4453326 ], [ -16.3720727, 28.4453248 ], [ -16.3722072, 28.4453325 ], [ -16.3723054, 28.4453541 ], [ -16.3723943, 28.4453667 ], [ -16.3725626, 28.4454057 ], [ -16.3726805, 28.4454428 ], [ -16.3727658, 28.445469 ], [ -16.3728724, 28.4454747 ], [ -16.3730688, 28.4454321 ], [ -16.3732403, 28.4453943 ], [ -16.3733556, 28.4453525 ], [ -16.3735701, 28.4452601 ], [ -16.3737083, 28.4452113 ], [ -16.3738851, 28.4451644 ], [ -16.374026, 28.4451269 ], [ -16.374109, 28.445108 ], [ -16.3743147, 28.4450698 ], [ -16.3744569, 28.445039 ], [ -16.3745621, 28.445029 ], [ -16.3747094, 28.4450275 ], [ -16.3749241, 28.4450411 ], [ -16.3750396, 28.4450444 ], [ -16.3751248, 28.4450391 ], [ -16.3752318, 28.4450244 ], [ -16.3753359, 28.4450076 ], [ -16.3755743, 28.4449578 ], [ -16.3757029, 28.4449317 ], [ -16.3758692, 28.4449413 ], [ -16.3759727, 28.4449493 ], [ -16.3762811, 28.4449574 ], [ -16.3764386, 28.4449716 ], [ -16.3765271, 28.4450023 ], [ -16.3766557, 28.4450822 ], [ -16.3767714, 28.445142 ], [ -16.3769226, 28.4451879 ], [ -16.3770212, 28.4452636 ], [ -16.3769625, 28.4454582 ], [ -16.3769334, 28.4455555 ], [ -16.3768404, 28.4459084 ], [ -16.3768076, 28.4460419 ], [ -16.3767871, 28.4461346 ], [ -16.3767798, 28.4462092 ], [ -16.3767779, 28.4463581 ], [ -16.376785, 28.4464686 ], [ -16.3767923, 28.4465836 ], [ -16.3767956, 28.4466873 ], [ -16.3767941, 28.4468453 ], [ -16.3767919, 28.4470709 ], [ -16.3767853, 28.4474027 ], [ -16.3767862, 28.4479103 ], [ -16.3767295, 28.4481636 ], [ -16.3766695, 28.4482409 ] ] ] } },
{ "type": "Feature", "properties": { "CCAA": "05 - Canarias", "PROVINCIA": "38 - Santa Cruz de Tenerife", "MUNICIPIO": "38032 - Rosario, El", "COD_MUNICIPIO": "38032", "DISTRITO": "01", "SECCION": "3803201011", "V1_H": 81.41, "V1_M": 86.82, "V2_H": 80.96532964, "V2_M": 86.87567885, "V3_H": 81.8694609, "V3_M": 86.90400308 }, "geometry": { "type": "Polygon", "coordinates": [ [ [ -16.3294719, 28.4059774 ], [ -16.3294682, 28.4060112 ], [ -16.3294593, 28.4060429 ], [ -16.3294427, 28.4060724 ], [ -16.3293179, 28.4061932 ], [ -16.3292529, 28.406275 ], [ -16.3291796, 28.4063796 ], [ -16.3291638, 28.4064136 ], [ -16.3291584, 28.406443 ], [ -16.3291612, 28.4064677 ], [ -16.3291851, 28.4065397 ], [ -16.3291994, 28.4066072 ], [ -16.329212, 28.4067493 ], [ -16.3292137, 28.4068643 ], [ -16.3291962, 28.4069706 ], [ -16.3291732, 28.4070678 ], [ -16.3291564, 28.4071244 ], [ -16.329117, 28.407215 ], [ -16.3291116, 28.4072399 ], [ -16.3291158, 28.4072715 ], [ -16.3291351, 28.4073344 ], [ -16.3291675, 28.4073973 ], [ -16.3291917, 28.4074241 ], [ -16.3292433, 28.407471 ], [ -16.3292897, 28.4075067 ], [ -16.3293097, 28.4075268 ], [ -16.3293202, 28.4075515 ], [ -16.3293279, 28.4075785 ], [ -16.3293284, 28.4075943 ], [ -16.3293325, 28.4076416 ], [ -16.3293462, 28.4077679 ], [ -16.3293523, 28.4078197 ], [ -16.3293607, 28.4079054 ], [ -16.3293697, 28.4080136 ], [ -16.3293689, 28.4080745 ], [ -16.3293648, 28.4081016 ], [ -16.3293553, 28.4081333 ], [ -16.3293168, 28.4082217 ], [ -16.3293031, 28.4082489 ], [ -16.3292748, 28.4083078 ], [ -16.3292587, 28.4083666 ], [ -16.3292593, 28.408396 ], [ -16.3292742, 28.4084612 ], [ -16.3292871, 28.4085017 ], [ -16.3293635, 28.4086928 ], [ -16.3293741, 28.4087243 ], [ -16.3293806, 28.4087603 ], [ -16.3293872, 28.4088279 ], [ -16.3293863, 28.4089092 ], [ -16.32936, 28.4089749 ], [ -16.3293707, 28.4090357 ], [ -16.3293832, 28.4090717 ], [ -16.3294122, 28.4091391 ], [ -16.3294445, 28.4091997 ], [ -16.3294682, 28.4092288 ], [ -16.3294972, 28.4092578 ], [ -16.3295333, 28.4092845 ], [ -16.3296416, 28.4093196 ], [ -16.3298339, 28.4093741 ], [ -16.3299358, 28.4094092 ], [ -16.3299623, 28.4094361 ], [ -16.3299808, 28.4094629 ], [ -16.3299933, 28.4094899 ], [ -16.3300004, 28.4095214 ], [ -16.3300048, 28.4095913 ], [ -16.330028, 28.40974 ], [ -16.3300421, 28.4098752 ], [ -16.3300423, 28.4099136 ], [ -16.3300351, 28.4099521 ], [ -16.3300293, 28.4099702 ], [ -16.3300261, 28.409995 ], [ -16.3300273, 28.4100379 ], [ -16.3300516, 28.4101708 ], [ -16.3300563, 28.4101955 ], [ -16.3300862, 28.4103351 ], [ -16.3300861, 28.4103577 ], [ -16.3300902, 28.4103757 ], [ -16.3302001, 28.4105958 ], [ -16.3303219, 28.4108224 ], [ -16.330378, 28.4108918 ], [ -16.3304406, 28.4109476 ], [ -16.3305698, 28.4111562 ], [ -16.3306119, 28.4112077 ], [ -16.3306587, 28.4112524 ], [ -16.3307132, 28.4112947 ], [ -16.3307761, 28.4113279 ], [ -16.3308812, 28.4113359 ], [ -16.3309218, 28.4113423 ], [ -16.3309659, 28.4113509 ], [ -16.331014, 28.4113685 ], [ -16.3311327, 28.4114531 ], [ -16.3312862, 28.4115779 ], [ -16.3314, 28.4116784 ], [ -16.3315928, 28.4118638 ], [ -16.3317192, 28.4119234 ], [ -16.3317789, 28.4119522 ], [ -16.331848, 28.4120237 ], [ -16.3318908, 28.4120752 ], [ -16.3319295, 28.4121335 ], [ -16.3320042, 28.4122907 ], [ -16.3320355, 28.4123468 ], [ -16.332069, 28.412369 ], [ -16.3321991, 28.4124377 ], [ -16.3322317, 28.4124961 ], [ -16.3322699, 28.4125882 ], [ -16.3322893, 28.4126151 ], [ -16.3323122, 28.4126374 ], [ -16.3323399, 28.4126574 ], [ -16.3323739, 28.4126729 ], [ -16.3325998, 28.4127271 ], [ -16.3326317, 28.4127449 ], [ -16.3326599, 28.4127626 ], [ -16.3327054, 28.4128028 ], [ -16.3327242, 28.4128229 ], [ -16.3327835, 28.4129013 ], [ -16.332834, 28.4129301 ], [ -16.3328984, 28.4129543 ], [ -16.3330003, 28.4129601 ], [ -16.3330357, 28.4129643 ], [ -16.3330712, 28.4129752 ], [ -16.333164, 28.4130713 ], [ -16.3332208, 28.4131181 ], [ -16.3332554, 28.4131314 ], [ -16.3333315, 28.4131509 ], [ -16.3333798, 28.4131595 ], [ -16.3388781, 28.4107927 ], [ -16.3388864, 28.4107634 ], [ -16.3389197, 28.4106727 ], [ -16.3389512, 28.410589 ], [ -16.3389658, 28.4105347 ], [ -16.3389676, 28.4104715 ], [ -16.3389638, 28.4103519 ], [ -16.3389675, 28.4102887 ], [ -16.3389705, 28.4102481 ], [ -16.3389808, 28.4101329 ], [ -16.3389823, 28.4100652 ], [ -16.3389778, 28.409993 ], [ -16.3389635, 28.409921 ], [ -16.3389441, 28.4098512 ], [ -16.33892, 28.4097815 ], [ -16.3388751, 28.4096872 ], [ -16.3388476, 28.4096603 ], [ -16.3388173, 28.4096358 ], [ -16.3387543, 28.4095936 ], [ -16.3386887, 28.4095559 ], [ -16.3385164, 28.4093996 ], [ -16.3384096, 28.4093037 ], [ -16.3383671, 28.4092657 ], [ -16.3383364, 28.4092389 ], [ -16.3383163, 28.409212 ], [ -16.3383016, 28.4091874 ], [ -16.3382735, 28.4091335 ], [ -16.3382501, 28.4090728 ], [ -16.338247, 28.4089262 ], [ -16.3382367, 28.4088924 ], [ -16.3381982, 28.4088048 ], [ -16.3381765, 28.4087464 ], [ -16.3381519, 28.4086947 ], [ -16.3380773, 28.408621 ], [ -16.3380558, 28.4085603 ], [ -16.3379859, 28.4083015 ], [ -16.3379319, 28.4081711 ], [ -16.3378815, 28.4080701 ], [ -16.3378723, 28.4080454 ], [ -16.3378636, 28.4080207 ], [ -16.3378434, 28.4079577 ], [ -16.3378256, 28.4078586 ], [ -16.337801, 28.4077798 ], [ -16.337753, 28.4076923 ], [ -16.3377162, 28.407634 ], [ -16.3376766, 28.407578 ], [ -16.337637, 28.4075287 ], [ -16.3375937, 28.4075043 ], [ -16.3375536, 28.4074867 ], [ -16.3375177, 28.407478 ], [ -16.3374887, 28.4074738 ], [ -16.3374759, 28.4074694 ], [ -16.3374445, 28.4074607 ], [ -16.3373651, 28.4074412 ], [ -16.3372951, 28.4074305 ], [ -16.3372673, 28.4074263 ], [ -16.3372377, 28.4074266 ], [ -16.3371719, 28.407425 ], [ -16.3370515, 28.4074149 ], [ -16.3369371, 28.4073957 ], [ -16.3368816, 28.4073737 ], [ -16.3368274, 28.4073471 ], [ -16.3366905, 28.4072921 ], [ -16.3366558, 28.4072744 ], [ -16.3366292, 28.4072588 ], [ -16.33658, 28.40723 ], [ -16.3365552, 28.4072122 ], [ -16.3365113, 28.407172 ], [ -16.3364852, 28.4071474 ], [ -16.3364565, 28.4071229 ], [ -16.3363934, 28.4070761 ], [ -16.3363603, 28.4070561 ], [ -16.3363298, 28.4070429 ], [ -16.3362706, 28.4070254 ], [ -16.336167, 28.4070062 ], [ -16.3361353, 28.4069997 ], [ -16.3361074, 28.4069887 ], [ -16.3360825, 28.4069596 ], [ -16.3360379, 28.4068675 ], [ -16.3360017, 28.4068024 ], [ -16.3359438, 28.4067579 ], [ -16.3358884, 28.4067223 ], [ -16.3358295, 28.4066529 ], [ -16.3357835, 28.4066241 ], [ -16.3357326, 28.4065817 ], [ -16.3356336, 28.4064247 ], [ -16.3356078, 28.4063979 ], [ -16.3355587, 28.4063532 ], [ -16.3355222, 28.4063108 ], [ -16.335475, 28.4062638 ], [ -16.335383, 28.4062015 ], [ -16.3353189, 28.4061525 ], [ -16.3352786, 28.4060943 ], [ -16.335207, 28.4059799 ], [ -16.335124, 28.4058972 ], [ -16.3351032, 28.4058704 ], [ -16.3350926, 28.4058118 ], [ -16.3350889, 28.4057148 ], [ -16.3350647, 28.4055436 ], [ -16.3350617, 28.4055075 ], [ -16.3350515, 28.4053564 ], [ -16.3350425, 28.4053001 ], [ -16.3350356, 28.4052821 ], [ -16.3350122, 28.4052282 ], [ -16.334995, 28.4051787 ], [ -16.33493, 28.4049262 ], [ -16.3344342, 28.4052295 ], [ -16.3332481, 28.4056001 ], [ -16.3324092, 28.4056083 ], [ -16.3317057, 28.4056152 ], [ -16.3311621, 28.4054291 ], [ -16.3306189, 28.4052669 ], [ -16.3302115, 28.4051512 ], [ -16.3297232, 28.4049031 ], [ -16.3297266, 28.4049189 ], [ -16.3297583, 28.4050788 ], [ -16.3297585, 28.4051194 ], [ -16.3297523, 28.4051353 ], [ -16.3297775, 28.4052659 ], [ -16.3297844, 28.4053312 ], [ -16.3297749, 28.4053629 ], [ -16.3297602, 28.4053879 ], [ -16.3297417, 28.4054129 ], [ -16.3297209, 28.4054311 ], [ -16.3296334, 28.4054974 ], [ -16.3295852, 28.4055498 ], [ -16.3295614, 28.4055793 ], [ -16.3295188, 28.4056452 ], [ -16.3294976, 28.4057131 ], [ -16.3294823, 28.405817 ], [ -16.3294719, 28.4059774 ] ] ] } },
{ "type": "Feature", "properties": { "CCAA": "05 - Canarias", "PROVINCIA": "38 - Santa Cruz de Tenerife", "MUNICIPIO": "38032 - Rosario, El", "COD_MUNICIPIO": "38032", "DISTRITO": "01", "SECCION": "3803201013", "V1_H": 81.4, "V1_M": 86.8, "V2_H": 81.08162797, "V2_M": 86.57651574, "V3_H": 81.67802952, "V3_M": 87.10412253 }, "geometry": { "type": "Polygon", "coordinates": [ [ [ -16.307543, 28.4096893 ], [ -16.3075082, 28.4097189 ], [ -16.3074909, 28.4097304 ], [ -16.3075035, 28.4097506 ], [ -16.3075338, 28.4098022 ], [ -16.3075576, 28.4098426 ], [ -16.3076065, 28.4099278 ], [ -16.3076682, 28.4100152 ], [ -16.3076969, 28.410042 ], [ -16.3077581, 28.4100866 ], [ -16.3078176, 28.4101266 ], [ -16.3078783, 28.4101599 ], [ -16.307905, 28.4101777 ], [ -16.3079292, 28.4102 ], [ -16.3079553, 28.4102516 ], [ -16.307979, 28.4103101 ], [ -16.308039, 28.4104923 ], [ -16.3080734, 28.410589 ], [ -16.3081312, 28.410726 ], [ -16.3081633, 28.4107934 ], [ -16.3081959, 28.4108518 ], [ -16.3082489, 28.4109054 ], [ -16.3083258, 28.4109611 ], [ -16.3084163, 28.4110595 ], [ -16.3084556, 28.4111088 ], [ -16.3084893, 28.4111603 ], [ -16.3085549, 28.4112725 ], [ -16.308574, 28.4113558 ], [ -16.3085856, 28.4113896 ], [ -16.3086138, 28.4114502 ], [ -16.3086447, 28.411495 ], [ -16.3086721, 28.4115241 ], [ -16.3086983, 28.4115464 ], [ -16.3087407, 28.4115776 ], [ -16.3087438, 28.4115934 ], [ -16.3087409, 28.4116182 ], [ -16.3087887, 28.4117712 ], [ -16.3088044, 28.4118252 ], [ -16.3088312, 28.4118814 ], [ -16.3088511, 28.4119082 ], [ -16.3089213, 28.411991 ], [ -16.3089989, 28.4120738 ], [ -16.3090502, 28.4121252 ], [ -16.309076, 28.412143 ], [ -16.3091017, 28.4121608 ], [ -16.3092382, 28.4121798 ], [ -16.3092639, 28.4121976 ], [ -16.309312, 28.4122423 ], [ -16.3093531, 28.4122915 ], [ -16.3093886, 28.4123543 ], [ -16.3094119, 28.4123789 ], [ -16.309473, 28.4123897 ], [ -16.3095751, 28.4123954 ], [ -16.3096366, 28.4124106 ], [ -16.3096964, 28.4124281 ], [ -16.3098487, 28.4124853 ], [ -16.3098852, 28.412494 ], [ -16.3099413, 28.4125002 ], [ -16.3099695, 28.4125022 ], [ -16.3099938, 28.412511 ], [ -16.3100144, 28.4125288 ], [ -16.3100508, 28.4125556 ], [ -16.3101108, 28.4125776 ], [ -16.3101816, 28.4126085 ], [ -16.3102179, 28.4126284 ], [ -16.3102632, 28.4126776 ], [ -16.3103742, 28.4128074 ], [ -16.3104076, 28.4128297 ], [ -16.3104723, 28.4128696 ], [ -16.3105999, 28.4129271 ], [ -16.3106249, 28.4129381 ], [ -16.3106701, 28.4129535 ], [ -16.3107629, 28.4130022 ], [ -16.3107967, 28.4130245 ], [ -16.3108692, 28.4131118 ], [ -16.3108979, 28.4131363 ], [ -16.3109628, 28.4131447 ], [ -16.3110809, 28.4131481 ], [ -16.311285, 28.4131687 ], [ -16.3113185, 28.4131751 ], [ -16.3113637, 28.4131905 ], [ -16.3113818, 28.4132061 ], [ -16.3113951, 28.4132263 ], [ -16.3114098, 28.4132577 ], [ -16.3114356, 28.4133342 ], [ -16.3114515, 28.4133995 ], [ -16.3114513, 28.4135191 ], [ -16.3114683, 28.4135483 ], [ -16.3114944, 28.4135683 ], [ -16.3115152, 28.4135749 ], [ -16.3115399, 28.4135882 ], [ -16.3115687, 28.4136172 ], [ -16.3117153, 28.413943 ], [ -16.3117652, 28.4140373 ], [ -16.3117981, 28.4140911 ], [ -16.3118288, 28.4141202 ], [ -16.3118575, 28.4141447 ], [ -16.3118854, 28.4141659 ], [ -16.3119074, 28.4141826 ], [ -16.3119249, 28.4142072 ], [ -16.3119364, 28.4142297 ], [ -16.3119424, 28.4142522 ], [ -16.3119464, 28.4142679 ], [ -16.311947, 28.4142905 ], [ -16.311944, 28.4143266 ], [ -16.3119122, 28.4143856 ], [ -16.3119001, 28.4144196 ], [ -16.3118923, 28.4144557 ], [ -16.3118912, 28.4144941 ], [ -16.3118977, 28.4145346 ], [ -16.3119151, 28.4145751 ], [ -16.3120065, 28.4146374 ], [ -16.3121099, 28.4146951 ], [ -16.3121266, 28.4146791 ], [ -16.3139182, 28.4129177 ], [ -16.315264, 28.4115915 ], [ -16.3156299, 28.4112314 ], [ -16.3159693, 28.410901 ], [ -16.3163263, 28.4105613 ], [ -16.3169948, 28.4099615 ], [ -16.3173372, 28.4096603 ], [ -16.3178583, 28.409213 ], [ -16.3182482, 28.4089069 ], [ -16.3192319, 28.4081776 ], [ -16.3199529, 28.4077238 ], [ -16.3214104, 28.4069561 ], [ -16.3210425, 28.4065613 ], [ -16.3208153, 28.4064186 ], [ -16.3207298, 28.4061296 ], [ -16.3204815, 28.4059328 ], [ -16.3201921, 28.4057182 ], [ -16.3199242, 28.405594 ], [ -16.3198173, 28.4052328 ], [ -16.319651, 28.4050351 ], [ -16.3194644, 28.4048558 ], [ -16.3191159, 28.4048411 ], [ -16.3188062, 28.4046448 ], [ -16.3184555, 28.404449 ], [ -16.3181874, 28.4043066 ], [ -16.3179928, 28.404179 ], [ -16.3179749, 28.4041982 ], [ -16.3177371, 28.4044442 ], [ -16.317596, 28.4045584 ], [ -16.3174387, 28.4046931 ], [ -16.317311, 28.4047575 ], [ -16.3171105, 28.4047978 ], [ -16.3168999, 28.4048156 ], [ -16.3168043, 28.4048233 ], [ -16.3166955, 28.4048266 ], [ -16.3165658, 28.4048053 ], [ -16.316532, 28.4048282 ], [ -16.3164571, 28.4050207 ], [ -16.3163214, 28.4052386 ], [ -16.3162227, 28.4053299 ], [ -16.3161843, 28.4053957 ], [ -16.3161749, 28.4054431 ], [ -16.3161485, 28.405493 ], [ -16.3160785, 28.4055862 ], [ -16.3160116, 28.4056455 ], [ -16.3159458, 28.4056935 ], [ -16.3158992, 28.4057211 ], [ -16.3158407, 28.4057329 ], [ -16.3157504, 28.405727 ], [ -16.3156733, 28.405739 ], [ -16.3156356, 28.4057552 ], [ -16.3155911, 28.405794 ], [ -16.3155203, 28.4058217 ], [ -16.3154741, 28.4058267 ], [ -16.3154258, 28.4058475 ], [ -16.3153839, 28.4058817 ], [ -16.3153564, 28.4059294 ], [ -16.3153396, 28.4059679 ], [ -16.3153031, 28.4059795 ], [ -16.3152552, 28.4059823 ], [ -16.3152106, 28.4060052 ], [ -16.3151846, 28.4060506 ], [ -16.3151457, 28.4060984 ], [ -16.315088, 28.4061238 ], [ -16.3150473, 28.4061354 ], [ -16.3150096, 28.4061606 ], [ -16.3149868, 28.4061969 ], [ -16.3149873, 28.4062375 ], [ -16.315004, 28.4062735 ], [ -16.3150079, 28.4063096 ], [ -16.3149893, 28.4063458 ], [ -16.3149482, 28.4063778 ], [ -16.3148914, 28.4064032 ], [ -16.314828, 28.4064106 ], [ -16.314775, 28.4064043 ], [ -16.3147244, 28.4063935 ], [ -16.3146947, 28.4063622 ], [ -16.3146804, 28.406315 ], [ -16.3146724, 28.4062632 ], [ -16.3146497, 28.4062092 ], [ -16.3146116, 28.4061667 ], [ -16.3145595, 28.4061356 ], [ -16.3145023, 28.4061249 ], [ -16.3144735, 28.406141 ], [ -16.3144579, 28.4061704 ], [ -16.3144452, 28.4062247 ], [ -16.3144128, 28.4062905 ], [ -16.3143538, 28.4063136 ], [ -16.3142904, 28.4063007 ], [ -16.3142282, 28.4063261 ], [ -16.314121, 28.4064016 ], [ -16.3140938, 28.4064673 ], [ -16.3141203, 28.4065212 ], [ -16.3140882, 28.4065598 ], [ -16.3139969, 28.4065811 ], [ -16.3139185, 28.4066179 ], [ -16.3138756, 28.406677 ], [ -16.3137931, 28.4066597 ], [ -16.3137306, 28.4065881 ], [ -16.3136423, 28.4065416 ], [ -16.3135968, 28.4065465 ], [ -16.3135152, 28.4065496 ], [ -16.3133248, 28.4065266 ], [ -16.3132649, 28.406534 ], [ -16.3131689, 28.4065597 ], [ -16.3130532, 28.4066466 ], [ -16.3129884, 28.4066675 ], [ -16.3129221, 28.406702 ], [ -16.3128487, 28.4067207 ], [ -16.312799, 28.4067257 ], [ -16.3127523, 28.4067487 ], [ -16.3127129, 28.4067852 ], [ -16.3126881, 28.4068622 ], [ -16.3126118, 28.4069171 ], [ -16.3125852, 28.4069602 ], [ -16.312542, 28.4069945 ], [ -16.3124919, 28.407022 ], [ -16.3124688, 28.4070651 ], [ -16.3124504, 28.4071736 ], [ -16.3124256, 28.4072054 ], [ -16.3123407, 28.4072514 ], [ -16.3123289, 28.4072808 ], [ -16.3123291, 28.4073214 ], [ -16.3123073, 28.4073645 ], [ -16.3122558, 28.4074056 ], [ -16.3121996, 28.4074242 ], [ -16.3121479, 28.4074225 ], [ -16.312101, 28.4074026 ], [ -16.3120381, 28.4073942 ], [ -16.3119749, 28.4074128 ], [ -16.3119255, 28.4074449 ], [ -16.3118954, 28.4074926 ], [ -16.311891, 28.4075422 ], [ -16.311897, 28.4075918 ], [ -16.3118938, 28.4076415 ], [ -16.3118836, 28.4076664 ], [ -16.3118722, 28.4077274 ], [ -16.3118369, 28.4078136 ], [ -16.3117424, 28.4078867 ], [ -16.3117095, 28.4079614 ], [ -16.3116839, 28.407982 ], [ -16.3116294, 28.4079577 ], [ -16.3115934, 28.4078858 ], [ -16.3115307, 28.4078661 ], [ -16.311464, 28.4078916 ], [ -16.3113451, 28.4079243 ], [ -16.3112728, 28.407934 ], [ -16.3112416, 28.4079118 ], [ -16.3112461, 28.4078914 ], [ -16.3112319, 28.4078261 ], [ -16.3112016, 28.4077971 ], [ -16.3111639, 28.4077974 ], [ -16.3110251, 28.4078665 ], [ -16.3109468, 28.4078808 ], [ -16.3108992, 28.4078767 ], [ -16.3108556, 28.4078568 ], [ -16.3107385, 28.4077271 ], [ -16.3106622, 28.4077188 ], [ -16.3106108, 28.4077419 ], [ -16.3105372, 28.4078035 ], [ -16.3104435, 28.4078405 ], [ -16.3104023, 28.4078634 ], [ -16.3103806, 28.4079855 ], [ -16.3103541, 28.4080128 ], [ -16.3103119, 28.4080268 ], [ -16.3102787, 28.4080542 ], [ -16.3102317, 28.4080479 ], [ -16.310168, 28.4079785 ], [ -16.3101181, 28.407988 ], [ -16.3100306, 28.4080588 ], [ -16.3099881, 28.4081044 ], [ -16.3099564, 28.4081498 ], [ -16.3099163, 28.408184 ], [ -16.3098998, 28.4081887 ], [ -16.3098561, 28.4081891 ], [ -16.3097752, 28.4082508 ], [ -16.3097013, 28.4083372 ], [ -16.3096173, 28.4083832 ], [ -16.3095617, 28.408377 ], [ -16.3094961, 28.4083866 ], [ -16.3094424, 28.4084052 ], [ -16.309332, 28.4084221 ], [ -16.3092804, 28.4084812 ], [ -16.3091428, 28.4085276 ], [ -16.3089883, 28.4085133 ], [ -16.3089189, 28.4085546 ], [ -16.3088447, 28.4085892 ], [ -16.3087401, 28.4086218 ], [ -16.3085948, 28.4086864 ], [ -16.3085402, 28.4087365 ], [ -16.3085018, 28.4088023 ], [ -16.3084649, 28.4088884 ], [ -16.3084165, 28.4089701 ], [ -16.3082214, 28.4091931 ], [ -16.3081441, 28.4092097 ], [ -16.3081215, 28.4092392 ], [ -16.3081174, 28.4092934 ], [ -16.3080856, 28.409323 ], [ -16.3079873, 28.4093713 ], [ -16.3079434, 28.4093808 ], [ -16.3078982, 28.409388 ], [ -16.3078476, 28.4094043 ], [ -16.3077916, 28.4094432 ], [ -16.3077782, 28.4094952 ], [ -16.3077758, 28.4095313 ], [ -16.3077527, 28.4096263 ], [ -16.3077313, 28.4096514 ], [ -16.3077146, 28.4096425 ], [ -16.3076761, 28.4095932 ], [ -16.3076242, 28.4095486 ], [ -16.3075766, 28.4095468 ], [ -16.3075743, 28.4095694 ], [ -16.3075776, 28.4096235 ], [ -16.307543, 28.4096893 ] ] ] } }
]
}
