{
"type": "FeatureCollection",
"name": "39075",
"features": [
{ "type": "Feature", "properties": { "CCAA": "06 - Cantabria", "PROVINCIA": "39 - Cantabria", "MUNICIPIO": "39075 - Santander", "COD_MUNICIPIO": "39075", "DISTRITO": "01", "SECCION": "3907501001", "V1_H": 81.1, "V1_M": 86.64, "V2_H": 80.60081217, "V2_M": 86.48118059, "V3_H": 81.51550291, "V3_M": 86.87452308 }, "geometry": { "type": "Polygon", "coordinates": [ [ [ -3.8112892, 43.463154 ], [ -3.8121483, 43.4632998 ], [ -3.8129715, 43.4633229 ], [ -3.8127978, 43.462666 ], [ -3.8142425, 43.4624898 ], [ -3.8140671, 43.4615815 ], [ -3.8125055, 43.4617154 ], [ -3.811092, 43.4618153 ], [ -3.8109561, 43.4617777 ], [ -3.809605, 43.4614034 ], [ -3.8095106, 43.4620658 ], [ -3.8094493, 43.4624961 ], [ -3.8093528, 43.4629346 ], [ -3.8101887, 43.4631639 ], [ -3.8105922, 43.4631564 ], [ -3.8106085, 43.4631561 ], [ -3.8112331, 43.4631445 ], [ -3.8112645, 43.4631498 ], [ -3.8112892, 43.463154 ] ] ] } },
{ "type": "Feature", "properties": { "CCAA": "06 - Cantabria", "PROVINCIA": "39 - Cantabria", "MUNICIPIO": "39075 - Santander", "COD_MUNICIPIO": "39075", "DISTRITO": "01", "SECCION": "3907501002", "V1_H": 82.19, "V1_M": 87.25, "V2_H": 81.84285612, "V2_M": 87.14223952, "V3_H": 82.56554756, "V3_M": 87.46692958 }, "geometry": { "type": "Polygon", "coordinates": [ [ [ -3.8032112, 43.4605566 ], [ -3.8033703, 43.4613745 ], [ -3.803474, 43.4619651 ], [ -3.8035062, 43.4621482 ], [ -3.803477, 43.4623008 ], [ -3.8034941, 43.462534 ], [ -3.8035689, 43.462929 ], [ -3.8036101, 43.4630959 ], [ -3.8039702, 43.4630056 ], [ -3.8044897, 43.4628338 ], [ -3.8053199, 43.4626233 ], [ -3.8053955, 43.4628626 ], [ -3.8063402, 43.4628074 ], [ -3.8072839, 43.4627617 ], [ -3.8084206, 43.4627067 ], [ -3.8084018, 43.462105 ], [ -3.8088095, 43.4620943 ], [ -3.8095106, 43.4620658 ], [ -3.809605, 43.4614034 ], [ -3.8095185, 43.4613794 ], [ -3.806318, 43.4615259 ], [ -3.8063549, 43.461102 ], [ -3.8062126, 43.461072 ], [ -3.8059892, 43.4602677 ], [ -3.8054673, 43.4588526 ], [ -3.803797, 43.4602673 ], [ -3.8032112, 43.4605566 ] ] ] } },
{ "type": "Feature", "properties": { "CCAA": "06 - Cantabria", "PROVINCIA": "39 - Cantabria", "MUNICIPIO": "39075 - Santander", "COD_MUNICIPIO": "39075", "DISTRITO": "02", "SECCION": "3907502009", "V1_H": 80.8, "V1_M": 86.5, "V2_H": 80.66727015, "V2_M": 86.4570773, "V3_H": 81.13875257, "V3_M": 86.68010657000001 }, "geometry": { "type": "Polygon", "coordinates": [ [ [ -3.8252134, 43.4608119 ], [ -3.8248111, 43.4612711 ], [ -3.8243244, 43.4617612 ], [ -3.8250366, 43.4616827 ], [ -3.825773, 43.4614352 ], [ -3.8271375, 43.4609167 ], [ -3.827932, 43.4606259 ], [ -3.8279646, 43.460614 ], [ -3.8279662, 43.4606159 ], [ -3.8279698, 43.4606079 ], [ -3.827474, 43.4599627 ], [ -3.8265902, 43.4599072 ], [ -3.8263887, 43.4599663 ], [ -3.826214, 43.4598824 ], [ -3.8262037, 43.4599045 ], [ -3.8252478, 43.4607726 ], [ -3.8252134, 43.4608119 ] ] ] } },
{ "type": "Feature", "properties": { "CCAA": "06 - Cantabria", "PROVINCIA": "39 - Cantabria", "MUNICIPIO": "39075 - Santander", "COD_MUNICIPIO": "39075", "DISTRITO": "01", "SECCION": "3907501004", "V1_H": 81.41, "V1_M": 86.82, "V2_H": 80.96532964, "V2_M": 86.87567885, "V3_H": 81.8694609, "V3_M": 86.90400308 }, "geometry": { "type": "Polygon", "coordinates": [ [ [ -3.8076316, 43.463645 ], [ -3.8077163, 43.4636477 ], [ -3.8087056, 43.4636692 ], [ -3.8087027, 43.4636513 ], [ -3.808709, 43.4631715 ], [ -3.8088238, 43.4629122 ], [ -3.8090351, 43.4629777 ], [ -3.8093501, 43.4629468 ], [ -3.8093528, 43.4629346 ], [ -3.8094493, 43.4624961 ], [ -3.8095106, 43.4620658 ], [ -3.8088095, 43.4620943 ], [ -3.8084018, 43.462105 ], [ -3.8084206, 43.4627067 ], [ -3.8072839, 43.4627617 ], [ -3.8063402, 43.4628074 ], [ -3.8053955, 43.4628626 ], [ -3.8054351, 43.462988 ], [ -3.8055569, 43.4630895 ], [ -3.8061016, 43.4632976 ], [ -3.8064627, 43.4632878 ], [ -3.8074757, 43.4632441 ], [ -3.8076209, 43.463594 ], [ -3.8076316, 43.463645 ] ] ] } },
{ "type": "Feature", "properties": { "CCAA": "06 - Cantabria", "PROVINCIA": "39 - Cantabria", "MUNICIPIO": "39075 - Santander", "COD_MUNICIPIO": "39075", "DISTRITO": "01", "SECCION": "3907501006", "V1_H": 80.74, "V1_M": 86.31, "V2_H": 80.60059228, "V2_M": 86.16828649, "V3_H": 80.96013544, "V3_M": 86.56561146 }, "geometry": { "type": "Polygon", "coordinates": [ [ [ -3.8112892, 43.463154 ], [ -3.8111158, 43.4637553 ], [ -3.8109601, 43.4644098 ], [ -3.8114396, 43.4649419 ], [ -3.812086, 43.4647504 ], [ -3.8122193, 43.4646453 ], [ -3.8121652, 43.4645567 ], [ -3.812222, 43.4643991 ], [ -3.8123327, 43.4643602 ], [ -3.8123785, 43.4643646 ], [ -3.8125635, 43.4643742 ], [ -3.8125686, 43.4643702 ], [ -3.8126631, 43.4643674 ], [ -3.8128851, 43.4643348 ], [ -3.8130614, 43.4643073 ], [ -3.8132538, 43.4642655 ], [ -3.8134949, 43.4641947 ], [ -3.8137968, 43.464123 ], [ -3.8139266, 43.4641165 ], [ -3.8139261, 43.464102 ], [ -3.813958, 43.4638724 ], [ -3.8131264, 43.4637247 ], [ -3.8137949, 43.4634042 ], [ -3.8139259, 43.4632709 ], [ -3.8129715, 43.4633229 ], [ -3.8121483, 43.4632998 ], [ -3.8112892, 43.463154 ] ] ] } },
{ "type": "Feature", "properties": { "CCAA": "06 - Cantabria", "PROVINCIA": "39 - Cantabria", "MUNICIPIO": "39075 - Santander", "COD_MUNICIPIO": "39075", "DISTRITO": "02", "SECCION": "3907502019", "V1_H": 80.39, "V1_M": 86.24, "V2_H": 80.20629068, "V2_M": 86.34105578, "V3_H": 80.66489809, "V3_M": 86.38520791000001 }, "geometry": { "type": "Polygon", "coordinates": [ [ [ -3.8321642, 43.460425 ], [ -3.8325936, 43.4605996 ], [ -3.8330207, 43.4607898 ], [ -3.8339821, 43.4612274 ], [ -3.8345414, 43.4613779 ], [ -3.8349076, 43.4613943 ], [ -3.8352568, 43.4612953 ], [ -3.8357583, 43.4610984 ], [ -3.8366019, 43.4606863 ], [ -3.8368223, 43.4605458 ], [ -3.8371542, 43.4603343 ], [ -3.8379211, 43.4601354 ], [ -3.8389004, 43.4599543 ], [ -3.8399583, 43.4596952 ], [ -3.8400884, 43.459651 ], [ -3.8405394, 43.4594976 ], [ -3.8406691, 43.4592841 ], [ -3.840798, 43.4590125 ], [ -3.8408602, 43.4586713 ], [ -3.8408022, 43.4586839 ], [ -3.8404001, 43.4587106 ], [ -3.839759, 43.458747 ], [ -3.8386398, 43.4588345 ], [ -3.8370532, 43.4589332 ], [ -3.8361298, 43.4590113 ], [ -3.8357078, 43.4591728 ], [ -3.8355201, 43.4592394 ], [ -3.8348636, 43.4594721 ], [ -3.8343008, 43.4596822 ], [ -3.8337156, 43.4598291 ], [ -3.8336721, 43.4598569 ], [ -3.8321642, 43.460425 ] ] ] } },
{ "type": "Feature", "properties": { "CCAA": "06 - Cantabria", "PROVINCIA": "39 - Cantabria", "MUNICIPIO": "39075 - Santander", "COD_MUNICIPIO": "39075", "DISTRITO": "01", "SECCION": "3907501009", "V1_H": 80.72, "V1_M": 86.56, "V2_H": 80.63016227, "V2_M": 86.55369361, "V3_H": 80.94352394000001, "V3_M": 86.74641221 }, "geometry": { "type": "Polygon", "coordinates": [ [ [ -3.809605, 43.4614034 ], [ -3.8109561, 43.4617777 ], [ -3.811092, 43.4618153 ], [ -3.8125055, 43.4617154 ], [ -3.8140671, 43.4615815 ], [ -3.8148348, 43.4614596 ], [ -3.8158932, 43.4613209 ], [ -3.8157867, 43.4608481 ], [ -3.8151377, 43.4609256 ], [ -3.8142191, 43.4610414 ], [ -3.8133801, 43.4611275 ], [ -3.8120118, 43.4612757 ], [ -3.8120236, 43.4606563 ], [ -3.8119713, 43.4603098 ], [ -3.8119711, 43.4603087 ], [ -3.8113795, 43.4603431 ], [ -3.8104393, 43.4602461 ], [ -3.8104395, 43.4602473 ], [ -3.8103219, 43.4602529 ], [ -3.8101356, 43.4602614 ], [ -3.8099297, 43.4602795 ], [ -3.8097731, 43.4603044 ], [ -3.8097242, 43.4603191 ], [ -3.8096048, 43.460439 ], [ -3.8096085, 43.4604724 ], [ -3.8096428, 43.4605865 ], [ -3.809736, 43.4609599 ], [ -3.8095175, 43.4613775 ], [ -3.8095185, 43.4613794 ], [ -3.809605, 43.4614034 ] ] ] } },
{ "type": "Feature", "properties": { "CCAA": "06 - Cantabria", "PROVINCIA": "39 - Cantabria", "MUNICIPIO": "39075 - Santander", "COD_MUNICIPIO": "39075", "DISTRITO": "02", "SECCION": "3907502001", "V1_H": 81.18, "V1_M": 86.79, "V2_H": 80.97904731, "V2_M": 86.77314473, "V3_H": 81.44010912, "V3_M": 86.96351832000001 }, "geometry": { "type": "Polygon", "coordinates": [ [ [ -3.8129364, 43.4663384 ], [ -3.812941, 43.4663599 ], [ -3.8129944, 43.4665012 ], [ -3.812813, 43.4666275 ], [ -3.8126008, 43.4665915 ], [ -3.8122565, 43.4665189 ], [ -3.8121015, 43.4664825 ], [ -3.8119194, 43.4665546 ], [ -3.8120464, 43.4666413 ], [ -3.8125362, 43.4668962 ], [ -3.8129048, 43.4670728 ], [ -3.8132965, 43.4672659 ], [ -3.813573, 43.4674098 ], [ -3.8138496, 43.4675495 ], [ -3.8141805, 43.4674764 ], [ -3.8151179, 43.4669737 ], [ -3.8151597, 43.4669475 ], [ -3.8159804, 43.4664341 ], [ -3.8173753, 43.4655376 ], [ -3.8179148, 43.4651908 ], [ -3.8181664, 43.4649484 ], [ -3.8182198, 43.4648969 ], [ -3.8176022, 43.4649222 ], [ -3.8172363, 43.4649414 ], [ -3.816874, 43.4648107 ], [ -3.8166054, 43.4646654 ], [ -3.8165926, 43.4646698 ], [ -3.8162678, 43.4646481 ], [ -3.8162138, 43.4646445 ], [ -3.8144359, 43.4651865 ], [ -3.8136893, 43.4654085 ], [ -3.8131945, 43.4656329 ], [ -3.8129634, 43.4658929 ], [ -3.8128982, 43.4661601 ], [ -3.8129364, 43.4663384 ] ] ] } },
{ "type": "Feature", "properties": { "CCAA": "06 - Cantabria", "PROVINCIA": "39 - Cantabria", "MUNICIPIO": "39075 - Santander", "COD_MUNICIPIO": "39075", "DISTRITO": "02", "SECCION": "3907502016", "V1_H": 82.08, "V1_M": 87.23, "V2_H": 81.77226367, "V2_M": 87.02227373, "V3_H": 82.52263661000001, "V3_M": 87.52638345 }, "geometry": { "type": "Polygon", "coordinates": [ [ [ -3.82653, 43.4584235 ], [ -3.8269795, 43.4584687 ], [ -3.827463, 43.4585742 ], [ -3.8278295, 43.4586321 ], [ -3.8281151, 43.458848 ], [ -3.8284363, 43.4592453 ], [ -3.828809, 43.4597512 ], [ -3.8293684, 43.4605463 ], [ -3.8296191, 43.4606414 ], [ -3.8298866, 43.4607485 ], [ -3.8300896, 43.4610013 ], [ -3.830092, 43.4611829 ], [ -3.8300541, 43.4613681 ], [ -3.8301037, 43.4613321 ], [ -3.8303973, 43.4610455 ], [ -3.8308969, 43.4608658 ], [ -3.8316558, 43.4606165 ], [ -3.8321642, 43.460425 ], [ -3.8336721, 43.4598569 ], [ -3.8335816, 43.4597559 ], [ -3.8333608, 43.4595229 ], [ -3.8330894, 43.4592536 ], [ -3.832788, 43.4589358 ], [ -3.8326906, 43.4588542 ], [ -3.8326177, 43.4587207 ], [ -3.832472, 43.4584718 ], [ -3.8323658, 43.4583507 ], [ -3.8320996, 43.4581576 ], [ -3.8317025, 43.4578801 ], [ -3.8312505, 43.4575603 ], [ -3.8309634, 43.4573704 ], [ -3.8309245, 43.4572823 ], [ -3.8309034, 43.4572628 ], [ -3.8304956, 43.4572523 ], [ -3.8297915, 43.4575418 ], [ -3.8287918, 43.4578606 ], [ -3.8269019, 43.4583483 ], [ -3.8266236, 43.4583909 ], [ -3.82653, 43.4584235 ] ] ] } },
{ "type": "Feature", "properties": { "CCAA": "06 - Cantabria", "PROVINCIA": "39 - Cantabria", "MUNICIPIO": "39075 - Santander", "COD_MUNICIPIO": "39075", "DISTRITO": "02", "SECCION": "3907502018", "V1_H": 80.61, "V1_M": 86.39, "V2_H": 80.33359214, "V2_M": 86.26240397, "V3_H": 81.01911703, "V3_M": 86.63389387 }, "geometry": { "type": "Polygon", "coordinates": [ [ [ -3.8406576, 43.4576417 ], [ -3.8406932, 43.4578765 ], [ -3.8407312, 43.4582724 ], [ -3.8407892, 43.4585334 ], [ -3.8408022, 43.4586839 ], [ -3.8408602, 43.4586713 ], [ -3.8411771, 43.4586469 ], [ -3.841694, 43.4586041 ], [ -3.8422113, 43.4585873 ], [ -3.8424785, 43.4585464 ], [ -3.8436554, 43.4584857 ], [ -3.8439584, 43.4584574 ], [ -3.8445983, 43.4582707 ], [ -3.8448812, 43.4581651 ], [ -3.8451664, 43.4580585 ], [ -3.8456995, 43.4578986 ], [ -3.8466767, 43.4575924 ], [ -3.8472277, 43.4574323 ], [ -3.84769, 43.4573119 ], [ -3.8479852, 43.457207 ], [ -3.8485168, 43.457018 ], [ -3.8487765, 43.4569353 ], [ -3.8487478, 43.4567909 ], [ -3.8487287, 43.4566538 ], [ -3.8487099, 43.4565354 ], [ -3.8486901, 43.4563483 ], [ -3.84868, 43.4562361 ], [ -3.8486517, 43.4560428 ], [ -3.8486226, 43.4558059 ], [ -3.8485848, 43.4555503 ], [ -3.8485561, 43.4553384 ], [ -3.8485147, 43.4552296 ], [ -3.8484195, 43.4552903 ], [ -3.8481182, 43.4554268 ], [ -3.848006, 43.455484 ], [ -3.8473698, 43.4554844 ], [ -3.8461669, 43.4555488 ], [ -3.8456845, 43.4557093 ], [ -3.8449369, 43.456166 ], [ -3.8445369, 43.4564435 ], [ -3.8438978, 43.4569582 ], [ -3.8433384, 43.4573939 ], [ -3.8428829, 43.4575541 ], [ -3.8421566, 43.4575987 ], [ -3.8410266, 43.4576659 ], [ -3.8406576, 43.4576417 ] ] ] } },
{ "type": "Feature", "properties": { "CCAA": "06 - Cantabria", "PROVINCIA": "39 - Cantabria", "MUNICIPIO": "39075 - Santander", "COD_MUNICIPIO": "39075", "DISTRITO": "03", "SECCION": "3907503006", "V1_H": 80.65, "V1_M": 86.4, "V2_H": 80.41087182, "V2_M": 86.2775211, "V3_H": 80.94660094, "V3_M": 86.57847437 }, "geometry": { "type": "Polygon", "coordinates": [ [ [ -3.8034985, 43.4654275 ], [ -3.803696, 43.4654459 ], [ -3.8036966, 43.4654437 ], [ -3.8037426, 43.4654454 ], [ -3.803929, 43.4647588 ], [ -3.8039959, 43.4646991 ], [ -3.8040726, 43.4646384 ], [ -3.8041182, 43.4645741 ], [ -3.8041948, 43.4645058 ], [ -3.804297, 43.4644262 ], [ -3.8043869, 43.4644255 ], [ -3.8044303, 43.4644038 ], [ -3.8046822, 43.4643985 ], [ -3.8050553, 43.4643888 ], [ -3.805433, 43.4643614 ], [ -3.8054417, 43.4642872 ], [ -3.8054493, 43.4641248 ], [ -3.8054519, 43.4639553 ], [ -3.8054513, 43.4639094 ], [ -3.8054336, 43.4637346 ], [ -3.8045028, 43.4638206 ], [ -3.8038673, 43.4639013 ], [ -3.8037714, 43.4639135 ], [ -3.8037692, 43.4639011 ], [ -3.8035878, 43.4639008 ], [ -3.803382, 43.4639549 ], [ -3.8030733, 43.4640398 ], [ -3.8027643, 43.4641059 ], [ -3.8026931, 43.4641243 ], [ -3.8025842, 43.4641523 ], [ -3.8025953, 43.4642087 ], [ -3.8025813, 43.4643216 ], [ -3.802564, 43.4645775 ], [ -3.8025263, 43.4648523 ], [ -3.8025085, 43.4650631 ], [ -3.8025007, 43.4651004 ], [ -3.8024842, 43.4651798 ], [ -3.8024883, 43.4652728 ], [ -3.8026145, 43.4652692 ], [ -3.8027177, 43.4652647 ], [ -3.8028571, 43.4652637 ], [ -3.8029139, 43.4652633 ], [ -3.8029713, 43.465308 ], [ -3.8030081, 43.4653567 ], [ -3.8030499, 43.4653978 ], [ -3.8032411, 43.4654077 ], [ -3.8034985, 43.4654275 ] ] ] } },
{ "type": "Feature", "properties": { "CCAA": "06 - Cantabria", "PROVINCIA": "39 - Cantabria", "MUNICIPIO": "39075 - Santander", "COD_MUNICIPIO": "39075", "DISTRITO": "03", "SECCION": "3907503008", "V1_H": 80.27, "V1_M": 86.36, "V2_H": 80.04050342, "V2_M": 86.25745667, "V3_H": 80.55487256000001, "V3_M": 86.64917866 }, "geometry": { "type": "Polygon", "coordinates": [ [ [ -3.8008177, 43.46519 ], [ -3.8008409, 43.465411 ], [ -3.8007956, 43.4654494 ], [ -3.8007945, 43.4658488 ], [ -3.8008109, 43.4658484 ], [ -3.8008153, 43.4659506 ], [ -3.8004513, 43.4659858 ], [ -3.8003002, 43.4659945 ], [ -3.8003272, 43.4661436 ], [ -3.8003278, 43.4661889 ], [ -3.800328, 43.4662056 ], [ -3.8003292, 43.4662961 ], [ -3.8003467, 43.4663817 ], [ -3.8004258, 43.4664264 ], [ -3.8004699, 43.4667979 ], [ -3.8007779, 43.4667712 ], [ -3.8008149, 43.4667786 ], [ -3.800817, 43.4669325 ], [ -3.8008251, 43.4671478 ], [ -3.8008376, 43.4672656 ], [ -3.800849, 43.4672974 ], [ -3.800872, 43.4673848 ], [ -3.8009174, 43.4675119 ], [ -3.8009842, 43.4675991 ], [ -3.8010289, 43.4676704 ], [ -3.8010841, 43.4677178 ], [ -3.8011225, 43.4677117 ], [ -3.8012914, 43.4676845 ], [ -3.8019019, 43.4675449 ], [ -3.8020667, 43.4675067 ], [ -3.8020498, 43.4673044 ], [ -3.8020246, 43.4670225 ], [ -3.8019839, 43.4666572 ], [ -3.8022739, 43.4666035 ], [ -3.8022772, 43.4666029 ], [ -3.802273, 43.466593 ], [ -3.8022136, 43.4658278 ], [ -3.8022822, 43.4658202 ], [ -3.802243, 43.4655751 ], [ -3.8022622, 43.4655464 ], [ -3.8022416, 43.4653934 ], [ -3.8024325, 43.4653379 ], [ -3.8024883, 43.4652728 ], [ -3.8024842, 43.4651798 ], [ -3.8025007, 43.4651004 ], [ -3.8008177, 43.46519 ] ] ] } },
{ "type": "Feature", "properties": { "CCAA": "06 - Cantabria", "PROVINCIA": "39 - Cantabria", "MUNICIPIO": "39075 - Santander", "COD_MUNICIPIO": "39075", "DISTRITO": "04", "SECCION": "3907504006", "V1_H": 81.04, "V1_M": 86.55, "V2_H": 80.90626992, "V2_M": 86.32523903000001, "V3_H": 81.22678782, "V3_M": 86.81274177 }, "geometry": { "type": "Polygon", "coordinates": [ [ [ -3.7899619, 43.4635328 ], [ -3.7899403, 43.4635431 ], [ -3.7897616, 43.4635334 ], [ -3.7894937, 43.4635299 ], [ -3.7892477, 43.463499 ], [ -3.7890172, 43.4635169 ], [ -3.788779, 43.4635077 ], [ -3.7886974, 43.4635353 ], [ -3.7886981, 43.4635841 ], [ -3.7887732, 43.4636378 ], [ -3.7888342, 43.4637512 ], [ -3.7889047, 43.4637944 ], [ -3.7885639, 43.4639562 ], [ -3.7887576, 43.464271 ], [ -3.788762, 43.4646092 ], [ -3.7886707, 43.4646313 ], [ -3.7887411, 43.4650191 ], [ -3.7888507, 43.4652573 ], [ -3.7893326, 43.4651242 ], [ -3.7901417, 43.4649933 ], [ -3.7905344, 43.4649549 ], [ -3.7908779, 43.4649167 ], [ -3.7912582, 43.4648693 ], [ -3.7913312, 43.4648444 ], [ -3.7915787, 43.4647943 ], [ -3.7921108, 43.4647705 ], [ -3.792744, 43.4647595 ], [ -3.793377, 43.4647351 ], [ -3.793817, 43.4646852 ], [ -3.7946962, 43.464532 ], [ -3.7956035, 43.4644255 ], [ -3.7957033, 43.4643378 ], [ -3.7956791, 43.4639596 ], [ -3.7956598, 43.4638337 ], [ -3.7956207, 43.4637552 ], [ -3.7953982, 43.463766 ], [ -3.7948452, 43.4637838 ], [ -3.7943874, 43.4637823 ], [ -3.7939613, 43.4637852 ], [ -3.7936371, 43.4637921 ], [ -3.7932617, 43.4637762 ], [ -3.7931208, 43.463703 ], [ -3.7928526, 43.4636169 ], [ -3.7924201, 43.463606 ], [ -3.7917395, 43.4635921 ], [ -3.79062, 43.4635744 ], [ -3.7899619, 43.4635328 ] ] ] } },
{ "type": "Feature", "properties": { "CCAA": "06 - Cantabria", "PROVINCIA": "39 - Cantabria", "MUNICIPIO": "39075 - Santander", "COD_MUNICIPIO": "39075", "DISTRITO": "04", "SECCION": "3907504008", "V1_H": 81.37, "V1_M": 86.85, "V2_H": 81.08688328, "V2_M": 86.76748373, "V3_H": 81.75507894, "V3_M": 87.07522296 }, "geometry": { "type": "Polygon", "coordinates": [ [ [ -3.7879461, 43.4619215 ], [ -3.7878352, 43.4620547 ], [ -3.787609, 43.4621181 ], [ -3.7873281, 43.4623793 ], [ -3.7871893, 43.4625808 ], [ -3.7868942, 43.462778 ], [ -3.786429, 43.4630631 ], [ -3.7864186, 43.4630945 ], [ -3.7864921, 43.4630998 ], [ -3.7866207, 43.4630933 ], [ -3.7867518, 43.4630849 ], [ -3.7868366, 43.4630824 ], [ -3.7869423, 43.4630929 ], [ -3.7870912, 43.4630788 ], [ -3.7874035, 43.4630732 ], [ -3.7873102, 43.4632955 ], [ -3.7872691, 43.4635668 ], [ -3.7872718, 43.4637782 ], [ -3.7872746, 43.463995 ], [ -3.7872838, 43.4641251 ], [ -3.7873306, 43.4642982 ], [ -3.787415, 43.4644873 ], [ -3.7875152, 43.4647577 ], [ -3.7875461, 43.4648442 ], [ -3.7876222, 43.4649792 ], [ -3.7876093, 43.4651256 ], [ -3.7875151, 43.4653214 ], [ -3.7874433, 43.4655279 ], [ -3.7874452, 43.4656742 ], [ -3.7875504, 43.4658889 ], [ -3.7877195, 43.4657975 ], [ -3.7880856, 43.4656071 ], [ -3.7883787, 43.4654708 ], [ -3.7886347, 43.4653169 ], [ -3.7888247, 43.4652644 ], [ -3.7888507, 43.4652573 ], [ -3.7887411, 43.4650191 ], [ -3.7886707, 43.4646313 ], [ -3.788762, 43.4646092 ], [ -3.7887576, 43.464271 ], [ -3.7885639, 43.4639562 ], [ -3.7889047, 43.4637944 ], [ -3.7888342, 43.4637512 ], [ -3.7887732, 43.4636378 ], [ -3.7886981, 43.4635841 ], [ -3.7886974, 43.4635353 ], [ -3.788779, 43.4635077 ], [ -3.7890172, 43.4635169 ], [ -3.7892477, 43.463499 ], [ -3.7894937, 43.4635299 ], [ -3.7897616, 43.4635334 ], [ -3.7899403, 43.4635431 ], [ -3.7899619, 43.4635328 ], [ -3.7903882, 43.4633536 ], [ -3.7910222, 43.463201 ], [ -3.7916148, 43.4628079 ], [ -3.7918462, 43.4622259 ], [ -3.7910095, 43.4621292 ], [ -3.7911757, 43.4614137 ], [ -3.7911759, 43.4614007 ], [ -3.7911693, 43.4613885 ], [ -3.7911569, 43.4613789 ], [ -3.7907828, 43.4613506 ], [ -3.7907828, 43.4613331 ], [ -3.7907052, 43.4613318 ], [ -3.7907048, 43.4613456 ], [ -3.7900534, 43.4613317 ], [ -3.7899936, 43.46133 ], [ -3.7899338, 43.4613291 ], [ -3.789874, 43.461329 ], [ -3.7898142, 43.4613299 ], [ -3.7897544, 43.4613317 ], [ -3.7896946, 43.4613343 ], [ -3.789635, 43.4613379 ], [ -3.7895753, 43.4613423 ], [ -3.789516, 43.4613476 ], [ -3.7894569, 43.4613539 ], [ -3.7893977, 43.461361 ], [ -3.7893717, 43.4613639 ], [ -3.7893456, 43.4613673 ], [ -3.7893196, 43.4613709 ], [ -3.7892938, 43.4613751 ], [ -3.7892681, 43.4613795 ], [ -3.7892425, 43.4613842 ], [ -3.789217, 43.4613894 ], [ -3.7891917, 43.4613949 ], [ -3.7891664, 43.4614007 ], [ -3.7891414, 43.461407 ], [ -3.7891167, 43.4614136 ], [ -3.7891053, 43.4614203 ], [ -3.7891001, 43.4614304 ], [ -3.7891007, 43.4614397 ], [ -3.7891103, 43.461446 ], [ -3.7894515, 43.4614937 ], [ -3.789537, 43.4614968 ], [ -3.7897809, 43.4615343 ], [ -3.7897511, 43.4616604 ], [ -3.7891958, 43.4615903 ], [ -3.789193, 43.4616009 ], [ -3.7891409, 43.4615934 ], [ -3.7891436, 43.4615829 ], [ -3.7886483, 43.4615201 ], [ -3.7886316, 43.4615179 ], [ -3.7886145, 43.4615171 ], [ -3.7885975, 43.4615175 ], [ -3.7885806, 43.461519 ], [ -3.7885639, 43.4615218 ], [ -3.7883021, 43.4615894 ], [ -3.7882878, 43.4615958 ], [ -3.7882797, 43.4616063 ], [ -3.7882787, 43.4616156 ], [ -3.7882845, 43.4616269 ], [ -3.7882973, 43.4616349 ], [ -3.7883135, 43.4616376 ], [ -3.7884977, 43.461659 ], [ -3.7884857, 43.4617238 ], [ -3.7884995, 43.461742 ], [ -3.7885279, 43.4617457 ], [ -3.7884859, 43.4619049 ], [ -3.788441, 43.4619013 ], [ -3.7884119, 43.4619153 ], [ -3.7883969, 43.4619791 ], [ -3.7879461, 43.4619215 ] ] ] } },
{ "type": "Feature", "properties": { "CCAA": "06 - Cantabria", "PROVINCIA": "39 - Cantabria", "MUNICIPIO": "39075 - Santander", "COD_MUNICIPIO": "39075", "DISTRITO": "04", "SECCION": "3907504010", "V1_H": 82.53, "V1_M": 87.34, "V2_H": 82.38507422000001, "V2_M": 87.19104055, "V3_H": 82.74254947, "V3_M": 87.61225513 }, "geometry": { "type": "Polygon", "coordinates": [ [ [ -3.7816608, 43.4729428 ], [ -3.7829941, 43.4737999 ], [ -3.7829301, 43.4745657 ], [ -3.784143, 43.4746925 ], [ -3.7881585, 43.4801493 ], [ -3.7860396, 43.4819791 ], [ -3.7861478, 43.4819698 ], [ -3.7871986, 43.4818798 ], [ -3.7873705, 43.4817477 ], [ -3.7877736, 43.4815448 ], [ -3.7882805, 43.4812745 ], [ -3.7887351, 43.4815409 ], [ -3.7888954, 43.4814219 ], [ -3.7893659, 43.4808722 ], [ -3.7902447, 43.4802451 ], [ -3.7907194, 43.4800182 ], [ -3.7913958, 43.4795664 ], [ -3.7914442, 43.4792748 ], [ -3.7914907, 43.4789944 ], [ -3.7914553, 43.4788952 ], [ -3.7914482, 43.4788695 ], [ -3.7910327, 43.477959 ], [ -3.7910273, 43.4779605 ], [ -3.7897702, 43.475887 ], [ -3.7897737, 43.4758679 ], [ -3.7892903, 43.4750596 ], [ -3.7890812, 43.4747132 ], [ -3.7887661, 43.4740943 ], [ -3.7884527, 43.4735996 ], [ -3.7882248, 43.4732754 ], [ -3.7881746, 43.473204 ], [ -3.7879639, 43.4727335 ], [ -3.7877571, 43.4724102 ], [ -3.7871367, 43.4724647 ], [ -3.7860306, 43.4724207 ], [ -3.7836757, 43.4722613 ], [ -3.7829657, 43.4721526 ], [ -3.7823299, 43.4723118 ], [ -3.7823703, 43.4724164 ], [ -3.7816608, 43.4729428 ] ] ] } },
{ "type": "Feature", "properties": { "CCAA": "06 - Cantabria", "PROVINCIA": "39 - Cantabria", "MUNICIPIO": "39075 - Santander", "COD_MUNICIPIO": "39075", "DISTRITO": "01", "SECCION": "3907501008", "V1_H": 79.92, "V1_M": 85.8, "V2_H": 79.90391364, "V2_M": 85.68196434, "V3_H": 80.09820982, "V3_M": 86.14356104 }, "geometry": { "type": "Polygon", "coordinates": [ [ [ -3.8140671, 43.4615815 ], [ -3.8142425, 43.4624898 ], [ -3.8150436, 43.4623973 ], [ -3.8157355, 43.462307 ], [ -3.8158617, 43.4622492 ], [ -3.8166589, 43.4620017 ], [ -3.8164383, 43.4615695 ], [ -3.816253, 43.4612361 ], [ -3.8161933, 43.4612574 ], [ -3.8158932, 43.4613209 ], [ -3.8148348, 43.4614596 ], [ -3.8140671, 43.4615815 ] ] ] } },
{ "type": "Feature", "properties": { "CCAA": "06 - Cantabria", "PROVINCIA": "39 - Cantabria", "MUNICIPIO": "39075 - Santander", "COD_MUNICIPIO": "39075", "DISTRITO": "01", "SECCION": "3907501010", "V1_H": 80.27, "V1_M": 86.36, "V2_H": 80.04050342, "V2_M": 86.25745667, "V3_H": 80.55487256000001, "V3_M": 86.64917866 }, "geometry": { "type": "Polygon", "coordinates": [ [ [ -3.8119713, 43.4603098 ], [ -3.8120236, 43.4606563 ], [ -3.8120118, 43.4612757 ], [ -3.8133801, 43.4611275 ], [ -3.8142191, 43.4610414 ], [ -3.8151377, 43.4609256 ], [ -3.8157867, 43.4608481 ], [ -3.8157837, 43.460835 ], [ -3.815597, 43.4606601 ], [ -3.8154861, 43.4605562 ], [ -3.8151536, 43.4604115 ], [ -3.8147468, 43.4602003 ], [ -3.8144858, 43.4599079 ], [ -3.8144464, 43.4599141 ], [ -3.8137712, 43.46002 ], [ -3.8129466, 43.4601463 ], [ -3.8119713, 43.4603098 ] ] ] } },
{ "type": "Feature", "properties": { "CCAA": "06 - Cantabria", "PROVINCIA": "39 - Cantabria", "MUNICIPIO": "39075 - Santander", "COD_MUNICIPIO": "39075", "DISTRITO": "02", "SECCION": "3907502015", "V1_H": 81.41, "V1_M": 86.82, "V2_H": 80.96532964, "V2_M": 86.87567885, "V3_H": 81.8694609, "V3_M": 86.90400308 }, "geometry": { "type": "Polygon", "coordinates": [ [ [ -3.8216146, 43.4597558 ], [ -3.8217684, 43.4600523 ], [ -3.8218853, 43.4602997 ], [ -3.8220307, 43.4605967 ], [ -3.8220707, 43.4605748 ], [ -3.8222863, 43.4605369 ], [ -3.822916, 43.4603871 ], [ -3.8236114, 43.4601762 ], [ -3.8236552, 43.4601679 ], [ -3.8234564, 43.4597777 ], [ -3.8231662, 43.4593637 ], [ -3.8224429, 43.4595419 ], [ -3.8217354, 43.4597246 ], [ -3.8216146, 43.4597558 ] ] ] } },
{ "type": "Feature", "properties": { "CCAA": "06 - Cantabria", "PROVINCIA": "39 - Cantabria", "MUNICIPIO": "39075 - Santander", "COD_MUNICIPIO": "39075", "DISTRITO": "02", "SECCION": "3907502017", "V1_H": 81.47, "V1_M": 86.75, "V2_H": 81.12898066, "V2_M": 86.51613614, "V3_H": 81.81510349, "V3_M": 87.06728245 }, "geometry": { "type": "Polygon", "coordinates": [ [ [ -3.8406576, 43.4576417 ], [ -3.8410266, 43.4576659 ], [ -3.8421566, 43.4575987 ], [ -3.8428829, 43.4575541 ], [ -3.8433384, 43.4573939 ], [ -3.8438978, 43.4569582 ], [ -3.8445369, 43.4564435 ], [ -3.8449369, 43.456166 ], [ -3.8456845, 43.4557093 ], [ -3.8461669, 43.4555488 ], [ -3.8473698, 43.4554844 ], [ -3.848006, 43.455484 ], [ -3.8481182, 43.4554268 ], [ -3.8484195, 43.4552903 ], [ -3.8485147, 43.4552296 ], [ -3.848485, 43.4551517 ], [ -3.8484045, 43.454909 ], [ -3.8482942, 43.4546946 ], [ -3.8475833, 43.4547777 ], [ -3.846603, 43.454863 ], [ -3.8454454, 43.4550275 ], [ -3.844751, 43.4551367 ], [ -3.8440913, 43.4551805 ], [ -3.8432706, 43.4551865 ], [ -3.8421468, 43.4552208 ], [ -3.8415396, 43.4551863 ], [ -3.8408571, 43.4548663 ], [ -3.8406042, 43.4546472 ], [ -3.8405306, 43.4546351 ], [ -3.8399246, 43.4545352 ], [ -3.8384216, 43.4542472 ], [ -3.8363519, 43.4542624 ], [ -3.83452, 43.4547047 ], [ -3.8333287, 43.4550124 ], [ -3.8328673, 43.4551978 ], [ -3.8327676, 43.4552841 ], [ -3.8324439, 43.4555648 ], [ -3.8320575, 43.4560096 ], [ -3.8317049, 43.4563242 ], [ -3.8310873, 43.4568357 ], [ -3.8307299, 43.4571482 ], [ -3.8311213, 43.4570353 ], [ -3.8319422, 43.4566253 ], [ -3.8324398, 43.4564235 ], [ -3.8329931, 43.4563245 ], [ -3.8335264, 43.4563523 ], [ -3.8339953, 43.4564439 ], [ -3.8343446, 43.4565286 ], [ -3.8351959, 43.4567442 ], [ -3.8359929, 43.4569681 ], [ -3.8365016, 43.4570731 ], [ -3.8367346, 43.4571212 ], [ -3.8373129, 43.4572595 ], [ -3.8375598, 43.4572786 ], [ -3.8377811, 43.4572957 ], [ -3.8383679, 43.4572518 ], [ -3.839009, 43.4572154 ], [ -3.8395955, 43.4571557 ], [ -3.8401174, 43.4571439 ], [ -3.8403355, 43.4571898 ], [ -3.8404891, 43.4572838 ], [ -3.8405998, 43.4574177 ], [ -3.8406576, 43.4576417 ] ] ] } },
{ "type": "Feature", "properties": { "CCAA": "06 - Cantabria", "PROVINCIA": "39 - Cantabria", "MUNICIPIO": "39075 - Santander", "COD_MUNICIPIO": "39075", "DISTRITO": "03", "SECCION": "3907503005", "V1_H": 79.9, "V1_M": 85.71, "V2_H": 79.8721496, "V2_M": 85.86187756, "V3_H": 80.05417582, "V3_M": 85.81846709 }, "geometry": { "type": "Polygon", "coordinates": [ [ [ -3.804652, 43.4648528 ], [ -3.8046704, 43.4649156 ], [ -3.8047281, 43.4649683 ], [ -3.8047415, 43.4649804 ], [ -3.8047459, 43.4650032 ], [ -3.8048684, 43.4652445 ], [ -3.8048927, 43.4657669 ], [ -3.8051311, 43.4660853 ], [ -3.8051487, 43.4661177 ], [ -3.8052181, 43.4661573 ], [ -3.8052944, 43.4662019 ], [ -3.8053085, 43.4662294 ], [ -3.8052743, 43.4662471 ], [ -3.8052504, 43.4662623 ], [ -3.8053013, 43.4664649 ], [ -3.8053193, 43.4665225 ], [ -3.8053338, 43.466585 ], [ -3.8053411, 43.466615 ], [ -3.8053757, 43.4666128 ], [ -3.8054305, 43.4666094 ], [ -3.8055679, 43.4665984 ], [ -3.8057399, 43.4665922 ], [ -3.8060019, 43.4665641 ], [ -3.8059882, 43.4662384 ], [ -3.8059652, 43.4659261 ], [ -3.8059498, 43.4657149 ], [ -3.8059359, 43.4656231 ], [ -3.8061498, 43.4655756 ], [ -3.8064141, 43.4655278 ], [ -3.8066404, 43.4654665 ], [ -3.8068226, 43.4654147 ], [ -3.8067575, 43.4652635 ], [ -3.8066733, 43.4650987 ], [ -3.80664, 43.4649702 ], [ -3.8066006, 43.4648511 ], [ -3.806558, 43.4647389 ], [ -3.8063492, 43.4647363 ], [ -3.8060976, 43.4647663 ], [ -3.8055309, 43.4648021 ], [ -3.8048578, 43.4648456 ], [ -3.804652, 43.4648528 ] ] ] } },
{ "type": "Feature", "properties": { "CCAA": "06 - Cantabria", "PROVINCIA": "39 - Cantabria", "MUNICIPIO": "39075 - Santander", "COD_MUNICIPIO": "39075", "DISTRITO": "03", "SECCION": "3907503007", "V1_H": 79.66, "V1_M": 85.68, "V2_H": 79.65353369, "V2_M": 85.83118741, "V3_H": 79.80284041, "V3_M": 85.7603318 }, "geometry": { "type": "Polygon", "coordinates": [ [ [ -3.8042221, 43.4674361 ], [ -3.8044759, 43.4674384 ], [ -3.8049321, 43.4674352 ], [ -3.8052131, 43.4674089 ], [ -3.8056526, 43.4673679 ], [ -3.8060465, 43.4672994 ], [ -3.8060298, 43.4669962 ], [ -3.8060214, 43.4668355 ], [ -3.8060067, 43.4666794 ], [ -3.8060019, 43.4665641 ], [ -3.8057399, 43.4665922 ], [ -3.8055679, 43.4665984 ], [ -3.8054305, 43.4666094 ], [ -3.8053757, 43.4666128 ], [ -3.8053411, 43.466615 ], [ -3.8053338, 43.466585 ], [ -3.8053193, 43.4665225 ], [ -3.8053013, 43.4664649 ], [ -3.8052504, 43.4662623 ], [ -3.8052743, 43.4662471 ], [ -3.8053085, 43.4662294 ], [ -3.8052944, 43.4662019 ], [ -3.8052181, 43.4661573 ], [ -3.8051487, 43.4661177 ], [ -3.8051311, 43.4660853 ], [ -3.8048927, 43.4657669 ], [ -3.8048684, 43.4652445 ], [ -3.8047459, 43.4650032 ], [ -3.8047415, 43.4649804 ], [ -3.8047281, 43.4649683 ], [ -3.8046704, 43.4649156 ], [ -3.804652, 43.4648528 ], [ -3.8046059, 43.4648545 ], [ -3.8045657, 43.4647559 ], [ -3.8043877, 43.4644818 ], [ -3.8043869, 43.4644255 ], [ -3.804297, 43.4644262 ], [ -3.8041948, 43.4645058 ], [ -3.8041182, 43.4645741 ], [ -3.8040726, 43.4646384 ], [ -3.8039959, 43.4646991 ], [ -3.803929, 43.4647588 ], [ -3.8037426, 43.4654454 ], [ -3.8036966, 43.4654437 ], [ -3.803696, 43.4654459 ], [ -3.8034985, 43.4654275 ], [ -3.8034874, 43.4654956 ], [ -3.8034889, 43.4656129 ], [ -3.8034844, 43.4657864 ], [ -3.803485, 43.4658327 ], [ -3.8034814, 43.4659021 ], [ -3.8034785, 43.4660244 ], [ -3.8034815, 43.4660822 ], [ -3.8034803, 43.4661565 ], [ -3.8034829, 43.4661863 ], [ -3.8035105, 43.4662175 ], [ -3.8035518, 43.4662502 ], [ -3.8035795, 43.4662831 ], [ -3.803573, 43.4663112 ], [ -3.8035654, 43.4665897 ], [ -3.8035678, 43.4667714 ], [ -3.8037311, 43.4667735 ], [ -3.8038852, 43.4667559 ], [ -3.8040711, 43.4667546 ], [ -3.8041754, 43.4667473 ], [ -3.8042068, 43.4667461 ], [ -3.8042141, 43.4668339 ], [ -3.8042136, 43.4670083 ], [ -3.8042265, 43.4673384 ], [ -3.8042221, 43.4674361 ] ] ] } },
{ "type": "Feature", "properties": { "CCAA": "06 - Cantabria", "PROVINCIA": "39 - Cantabria", "MUNICIPIO": "39075 - Santander", "COD_MUNICIPIO": "39075", "DISTRITO": "04", "SECCION": "3907504007", "V1_H": 80.56, "V1_M": 86.09, "V2_H": 80.29410508, "V2_M": 85.89209003000001, "V3_H": 80.91212464, "V3_M": 86.35342073 }, "geometry": { "type": "Polygon", "coordinates": [ [ [ -3.7875504, 43.4658889 ], [ -3.7873169, 43.466015 ], [ -3.7871227, 43.4662043 ], [ -3.7870279, 43.4664734 ], [ -3.7870381, 43.4665059 ], [ -3.7878774, 43.4664456 ], [ -3.7885567, 43.4663972 ], [ -3.7895159, 43.4663324 ], [ -3.7901854, 43.466295 ], [ -3.7912848, 43.4662437 ], [ -3.7916216, 43.4662107 ], [ -3.791528, 43.4658309 ], [ -3.7913904, 43.4651365 ], [ -3.7913312, 43.4648444 ], [ -3.7912582, 43.4648693 ], [ -3.7908779, 43.4649167 ], [ -3.7905344, 43.4649549 ], [ -3.7901417, 43.4649933 ], [ -3.7893326, 43.4651242 ], [ -3.7888507, 43.4652573 ], [ -3.7888247, 43.4652644 ], [ -3.7886347, 43.4653169 ], [ -3.7883787, 43.4654708 ], [ -3.7880856, 43.4656071 ], [ -3.7877195, 43.4657975 ], [ -3.7875504, 43.4658889 ] ] ] } },
{ "type": "Feature", "properties": { "CCAA": "06 - Cantabria", "PROVINCIA": "39 - Cantabria", "MUNICIPIO": "39075 - Santander", "COD_MUNICIPIO": "39075", "DISTRITO": "04", "SECCION": "3907504009", "V1_H": 82.53, "V1_M": 87.34, "V2_H": 82.38507422000001, "V2_M": 87.19104055, "V3_H": 82.74254947, "V3_M": 87.61225513 }, "geometry": { "type": "Polygon", "coordinates": [ [ [ -3.77648, 43.4700375 ], [ -3.7765792, 43.4700981 ], [ -3.7779345, 43.4716563 ], [ -3.7801266, 43.4719566 ], [ -3.7816608, 43.4729428 ], [ -3.7823703, 43.4724164 ], [ -3.7823299, 43.4723118 ], [ -3.7829657, 43.4721526 ], [ -3.7836757, 43.4722613 ], [ -3.7860306, 43.4724207 ], [ -3.7871367, 43.4724647 ], [ -3.7877571, 43.4724102 ], [ -3.7877738, 43.4724087 ], [ -3.787953, 43.4720256 ], [ -3.787978, 43.4717673 ], [ -3.7878469, 43.4714896 ], [ -3.7876278, 43.4712464 ], [ -3.787588, 43.4712023 ], [ -3.7874587, 43.471069 ], [ -3.7872991, 43.4707811 ], [ -3.7871943, 43.4703482 ], [ -3.7870304, 43.46973 ], [ -3.7872833, 43.4695631 ], [ -3.7875362, 43.4693962 ], [ -3.7877043, 43.4692402 ], [ -3.7877714, 43.4689508 ], [ -3.7877117, 43.4687241 ], [ -3.7877373, 43.4685072 ], [ -3.787649, 43.4679311 ], [ -3.7873022, 43.4679335 ], [ -3.7866621, 43.4679883 ], [ -3.7862971, 43.4678899 ], [ -3.7860695, 43.4677023 ], [ -3.7858076, 43.46754 ], [ -3.7854082, 43.4674545 ], [ -3.7851657, 43.4674561 ], [ -3.7848559, 43.4676096 ], [ -3.7844657, 43.4682304 ], [ -3.7840013, 43.4684859 ], [ -3.7834303, 43.4685276 ], [ -3.7827908, 43.4686329 ], [ -3.7820657, 43.4688144 ], [ -3.7811163, 43.4690606 ], [ -3.780443, 43.4692292 ], [ -3.7797525, 43.4694105 ], [ -3.778889, 43.4696055 ], [ -3.7783703, 43.4696721 ], [ -3.7777826, 43.4697644 ], [ -3.77648, 43.4700375 ] ] ] } },
{ "type": "Feature", "properties": { "CCAA": "06 - Cantabria", "PROVINCIA": "39 - Cantabria", "MUNICIPIO": "39075 - Santander", "COD_MUNICIPIO": "39075", "DISTRITO": "02", "SECCION": "3907502021", "V1_H": 80.55, "V1_M": 86.21, "V2_H": 80.25181467, "V2_M": 85.94546636, "V3_H": 81.01047082, "V3_M": 86.65561049 }, "geometry": { "type": "Polygon", "coordinates": [ [ [ -3.8120034, 43.4659271 ], [ -3.8119545, 43.4659577 ], [ -3.8117199, 43.4659593 ], [ -3.811578, 43.4660031 ], [ -3.8115707, 43.4660825 ], [ -3.8115966, 43.4661372 ], [ -3.8117895, 43.4661481 ], [ -3.8120325, 43.4661524 ], [ -3.8124944, 43.4662346 ], [ -3.8129364, 43.4663384 ], [ -3.8128982, 43.4661601 ], [ -3.8129634, 43.4658929 ], [ -3.8131945, 43.4656329 ], [ -3.8136893, 43.4654085 ], [ -3.8144359, 43.4651865 ], [ -3.8162138, 43.4646445 ], [ -3.8162678, 43.4646481 ], [ -3.8158788, 43.4645235 ], [ -3.815695, 43.4644419 ], [ -3.8153169, 43.4642725 ], [ -3.814974, 43.46401 ], [ -3.8148083, 43.463861 ], [ -3.8145597, 43.463854 ], [ -3.813958, 43.4638724 ], [ -3.8139261, 43.464102 ], [ -3.8139266, 43.4641165 ], [ -3.8139444, 43.4645295 ], [ -3.8138745, 43.4647375 ], [ -3.8136545, 43.4649851 ], [ -3.8130591, 43.4652359 ], [ -3.8125342, 43.4654532 ], [ -3.8122702, 43.4657602 ], [ -3.8120034, 43.4659271 ] ] ] } },
{ "type": "Feature", "properties": { "CCAA": "06 - Cantabria", "PROVINCIA": "39 - Cantabria", "MUNICIPIO": "39075 - Santander", "COD_MUNICIPIO": "39075", "DISTRITO": "03", "SECCION": "3907503001", "V1_H": 80.24, "V1_M": 86.29, "V2_H": 79.84273941, "V2_M": 86.47368807, "V3_H": 80.7355329, "V3_M": 86.23078999000001 }, "geometry": { "type": "Polygon", "coordinates": [ [ [ -3.8133787, 43.4675817 ], [ -3.8133981, 43.4675817 ], [ -3.8138496, 43.4675495 ], [ -3.813573, 43.4674098 ], [ -3.8132965, 43.4672659 ], [ -3.8129048, 43.4670728 ], [ -3.8125362, 43.4668962 ], [ -3.8120464, 43.4666413 ], [ -3.8119194, 43.4665546 ], [ -3.8121015, 43.4664825 ], [ -3.8122565, 43.4665189 ], [ -3.8126008, 43.4665915 ], [ -3.812813, 43.4666275 ], [ -3.8129944, 43.4665012 ], [ -3.812941, 43.4663599 ], [ -3.8129364, 43.4663384 ], [ -3.8124944, 43.4662346 ], [ -3.8120325, 43.4661524 ], [ -3.8117895, 43.4661481 ], [ -3.8115966, 43.4661372 ], [ -3.8115707, 43.4660825 ], [ -3.811578, 43.4660031 ], [ -3.8117199, 43.4659593 ], [ -3.8119545, 43.4659577 ], [ -3.8120034, 43.4659271 ], [ -3.8119351, 43.4657626 ], [ -3.8118317, 43.4655497 ], [ -3.8117459, 43.4653916 ], [ -3.8116596, 43.4652092 ], [ -3.8115146, 43.4650149 ], [ -3.8114467, 43.4649544 ], [ -3.8114396, 43.4649419 ], [ -3.8109601, 43.4644098 ], [ -3.8111158, 43.4637553 ], [ -3.8112892, 43.463154 ], [ -3.8112645, 43.4631498 ], [ -3.8112331, 43.4631445 ], [ -3.8106085, 43.4631561 ], [ -3.8106524, 43.4636955 ], [ -3.8106095, 43.4636978 ], [ -3.8106097, 43.4636987 ], [ -3.8100563, 43.4637251 ], [ -3.810059, 43.4639269 ], [ -3.8103032, 43.4641091 ], [ -3.8101146, 43.4645454 ], [ -3.8098695, 43.4649113 ], [ -3.8096655, 43.4652365 ], [ -3.8095028, 43.465531 ], [ -3.8093542, 43.4658457 ], [ -3.8092588, 43.4659778 ], [ -3.8091637, 43.4661404 ], [ -3.8089981, 43.4662225 ], [ -3.8088041, 43.4662542 ], [ -3.8086864, 43.466334 ], [ -3.8084367, 43.4667594 ], [ -3.8082047, 43.4673467 ], [ -3.8087441, 43.4674701 ], [ -3.8094682, 43.4675269 ], [ -3.809938, 43.46754 ], [ -3.811242, 43.4675763 ], [ -3.8133787, 43.4675817 ] ] ] } },
{ "type": "Feature", "properties": { "CCAA": "06 - Cantabria", "PROVINCIA": "39 - Cantabria", "MUNICIPIO": "39075 - Santander", "COD_MUNICIPIO": "39075", "DISTRITO": "03", "SECCION": "3907503003", "V1_H": 80.63, "V1_M": 86.52, "V2_H": 80.3855305, "V2_M": 86.44800565, "V3_H": 80.88841766, "V3_M": 86.66780776 }, "geometry": { "type": "Polygon", "coordinates": [ [ [ -3.8079318, 43.4673029 ], [ -3.8082047, 43.4673467 ], [ -3.8084367, 43.4667594 ], [ -3.8086864, 43.466334 ], [ -3.8088041, 43.4662542 ], [ -3.8086261, 43.4660659 ], [ -3.8084955, 43.4658498 ], [ -3.8082949, 43.4656963 ], [ -3.807938, 43.4655231 ], [ -3.8076236, 43.4653497 ], [ -3.8076647, 43.4652358 ], [ -3.8077195, 43.4650908 ], [ -3.8077882, 43.464925 ], [ -3.8077998, 43.4647286 ], [ -3.8078925, 43.464724 ], [ -3.8075132, 43.464693 ], [ -3.8071913, 43.4646769 ], [ -3.8068506, 43.4646701 ], [ -3.8065925, 43.4647133 ], [ -3.806558, 43.4647389 ], [ -3.8066006, 43.4648511 ], [ -3.80664, 43.4649702 ], [ -3.8066733, 43.4650987 ], [ -3.8067575, 43.4652635 ], [ -3.8068226, 43.4654147 ], [ -3.8066404, 43.4654665 ], [ -3.8064141, 43.4655278 ], [ -3.8061498, 43.4655756 ], [ -3.8059359, 43.4656231 ], [ -3.8059498, 43.4657149 ], [ -3.8059652, 43.4659261 ], [ -3.8059882, 43.4662384 ], [ -3.8060019, 43.4665641 ], [ -3.8060067, 43.4666794 ], [ -3.8060214, 43.4668355 ], [ -3.8060298, 43.4669962 ], [ -3.8060465, 43.4672994 ], [ -3.8061788, 43.4672846 ], [ -3.8066634, 43.4671985 ], [ -3.8070666, 43.4671635 ], [ -3.80749, 43.4672203 ], [ -3.8079138, 43.4673 ], [ -3.8079318, 43.4673029 ] ] ] } },
{ "type": "Feature", "properties": { "CCAA": "06 - Cantabria", "PROVINCIA": "39 - Cantabria", "MUNICIPIO": "39075 - Santander", "COD_MUNICIPIO": "39075", "DISTRITO": "04", "SECCION": "3907504011", "V1_H": 83.02, "V1_M": 87.55, "V2_H": 82.56010262, "V2_M": 87.39744151, "V3_H": 83.4975015, "V3_M": 87.7973198 }, "geometry": { "type": "MultiPolygon", "coordinates": [ [ [ [ -3.7703463, 43.4655616 ], [ -3.7703304, 43.4655794 ], [ -3.7703147, 43.4655993 ], [ -3.7702852, 43.4656166 ], [ -3.7702663, 43.4656289 ], [ -3.7702496, 43.4656335 ], [ -3.7702342, 43.4656386 ], [ -3.7702109, 43.4656509 ], [ -3.7702024, 43.465665 ], [ -3.7702008, 43.4656785 ], [ -3.7702027, 43.4656879 ], [ -3.7702018, 43.4657068 ], [ -3.7701916, 43.465725 ], [ -3.7701635, 43.4657531 ], [ -3.7701409, 43.4657704 ], [ -3.7701274, 43.4657808 ], [ -3.7701246, 43.4657949 ], [ -3.7701371, 43.4658087 ], [ -3.7701477, 43.4658163 ], [ -3.7701628, 43.4658315 ], [ -3.7701642, 43.4658419 ], [ -3.7701645, 43.4658639 ], [ -3.7701623, 43.4658842 ], [ -3.7701686, 43.4658927 ], [ -3.7701867, 43.4659016 ], [ -3.770204, 43.465906 ], [ -3.7702485, 43.4659057 ], [ -3.7703066, 43.4659008 ], [ -3.7703732, 43.4658881 ], [ -3.7704279, 43.4658702 ], [ -3.7704794, 43.4658401 ], [ -3.7705254, 43.46581 ], [ -3.7706009, 43.4657734 ], [ -3.770639, 43.4657574 ], [ -3.7707085, 43.4657339 ], [ -3.7707706, 43.4657065 ], [ -3.7707981, 43.4656878 ], [ -3.7708232, 43.465665 ], [ -3.7708436, 43.465632 ], [ -3.7708569, 43.4656034 ], [ -3.7708725, 43.4655714 ], [ -3.7709022, 43.4655311 ], [ -3.77092, 43.4655192 ], [ -3.7709322, 43.4655115 ], [ -3.7709575, 43.4655037 ], [ -3.7709834, 43.4655035 ], [ -3.7710088, 43.4655046 ], [ -3.7710669, 43.4655056 ], [ -3.771157, 43.4654995 ], [ -3.7712096, 43.4655001 ], [ -3.7712227, 43.4655099 ], [ -3.7712187, 43.465527 ], [ -3.7712282, 43.4655373 ], [ -3.7712429, 43.4655368 ], [ -3.7712565, 43.4655304 ], [ -3.7712914, 43.4655139 ], [ -3.7713178, 43.4654979 ], [ -3.7713294, 43.4654848 ], [ -3.7713322, 43.465469 ], [ -3.7713324, 43.4654595 ], [ -3.7713317, 43.4654489 ], [ -3.7713307, 43.4654366 ], [ -3.7714214, 43.4653348 ], [ -3.7718031, 43.4652524 ], [ -3.771745, 43.4651246 ], [ -3.7716196, 43.4651506 ], [ -3.7716173, 43.4651407 ], [ -3.7716278, 43.4651266 ], [ -3.7716436, 43.4651169 ], [ -3.7716594, 43.4651028 ], [ -3.7716718, 43.4650892 ], [ -3.7716748, 43.465076 ], [ -3.7716714, 43.4650628 ], [ -3.7716598, 43.4650482 ], [ -3.7716506, 43.4650417 ], [ -3.771633, 43.4650383 ], [ -3.7716171, 43.4650419 ], [ -3.7716001, 43.4650478 ], [ -3.7715825, 43.4650529 ], [ -3.7715699, 43.4650473 ], [ -3.7715653, 43.4650321 ], [ -3.7715733, 43.4650235 ], [ -3.7715844, 43.4650154 ], [ -3.771576, 43.464956 ], [ -3.7715514, 43.4649402 ], [ -3.7715334, 43.4649346 ], [ -3.7715059, 43.4649274 ], [ -3.7714812, 43.4649219 ], [ -3.7714551, 43.4649184 ], [ -3.7714316, 43.4649148 ], [ -3.7714097, 43.464914 ], [ -3.771389, 43.4649085 ], [ -3.7713615, 43.4649097 ], [ -3.7713246, 43.4649155 ], [ -3.7713028, 43.4649251 ], [ -3.7712755, 43.4649374 ], [ -3.7712606, 43.4649441 ], [ -3.7712261, 43.4649424 ], [ -3.7712083, 43.4649415 ], [ -3.7711975, 43.4649501 ], [ -3.771188, 43.4649623 ], [ -3.7711758, 43.4649782 ], [ -3.7711679, 43.4649951 ], [ -3.7711612, 43.4650167 ], [ -3.7711601, 43.4650326 ], [ -3.7711493, 43.4650457 ], [ -3.7711356, 43.4650496 ], [ -3.7711151, 43.4650516 ], [ -3.7710877, 43.4650528 ], [ -3.7710575, 43.4650566 ], [ -3.7710343, 43.4650624 ], [ -3.7710165, 43.46507 ], [ -3.7710043, 43.4650795 ], [ -3.7709893, 43.4650936 ], [ -3.7709799, 43.4651068 ], [ -3.770976, 43.465118 ], [ -3.7709691, 43.4651274 ], [ -3.7709582, 43.4651375 ], [ -3.7709414, 43.4651452 ], [ -3.7709272, 43.4651471 ], [ -3.7709093, 43.4651489 ], [ -3.770894, 43.465153 ], [ -3.7708836, 43.4651711 ], [ -3.7708743, 43.465194 ], [ -3.7708737, 43.4652067 ], [ -3.7708775, 43.465222 ], [ -3.770885, 43.4652323 ], [ -3.770898, 43.4652381 ], [ -3.7709111, 43.4652449 ], [ -3.7709228, 43.4652579 ], [ -3.7709322, 43.4652665 ], [ -3.770934, 43.4652764 ], [ -3.7709266, 43.4652845 ], [ -3.7709095, 43.4652972 ], [ -3.7708817, 43.4653094 ], [ -3.7708662, 43.4653198 ], [ -3.7708602, 43.4653284 ], [ -3.7708608, 43.4653392 ], [ -3.7708645, 43.4653481 ], [ -3.7708665, 43.4653589 ], [ -3.7708665, 43.4653775 ], [ -3.770866, 43.4653941 ], [ -3.7708734, 43.4654017 ], [ -3.7708902, 43.4654076 ], [ -3.7709038, 43.4654112 ], [ -3.770918, 43.4654148 ], [ -3.770918, 43.4654242 ], [ -3.7709039, 43.4654314 ], [ -3.7708885, 43.465435 ], [ -3.7708674, 43.4654396 ], [ -3.7708458, 43.4654419 ], [ -3.7708285, 43.4654428 ], [ -3.7708093, 43.4654424 ], [ -3.7707976, 43.4654357 ], [ -3.7707976, 43.4654227 ], [ -3.7708048, 43.4654096 ], [ -3.7708117, 43.4653992 ], [ -3.7708153, 43.4653884 ], [ -3.7708146, 43.465378 ], [ -3.7708004, 43.4653677 ], [ -3.7707855, 43.4653645 ], [ -3.7707738, 43.4653682 ], [ -3.770754, 43.465379 ], [ -3.7707442, 43.4653967 ], [ -3.7707412, 43.4654075 ], [ -3.7707333, 43.4654219 ], [ -3.7707202, 43.4654274 ], [ -3.770703, 43.4654323 ], [ -3.77069, 43.4654323 ], [ -3.7706727, 43.4654279 ], [ -3.7706528, 43.4654229 ], [ -3.7706406, 43.4654199 ], [ -3.7706214, 43.4654195 ], [ -3.7706028, 43.4654253 ], [ -3.770593, 43.465433 ], [ -3.7705837, 43.4654394 ], [ -3.7705646, 43.4654498 ], [ -3.7705448, 43.4654565 ], [ -3.7705326, 43.4654649 ], [ -3.7705144, 43.4654739 ], [ -3.7705009, 43.4654862 ], [ -3.7704882, 43.4654944 ], [ -3.7704673, 43.4655031 ], [ -3.7704513, 43.4655099 ], [ -3.7704378, 43.4655186 ], [ -3.7704311, 43.4655277 ], [ -3.7704332, 43.4655399 ], [ -3.7704457, 43.4655555 ], [ -3.7704619, 43.4655662 ], [ -3.770476, 43.4655766 ], [ -3.770451, 43.4655771 ], [ -3.7704373, 43.465574 ], [ -3.7704231, 43.4655746 ], [ -3.7704094, 43.4655688 ], [ -3.7703994, 43.4655603 ], [ -3.7703851, 43.4655524 ], [ -3.7703715, 43.465552 ], [ -3.7703567, 43.4655548 ], [ -3.7703463, 43.4655616 ] ] ], [ [ [ -3.770675, 43.4712424 ], [ -3.770693, 43.4712423 ], [ -3.7707099, 43.4712449 ], [ -3.7707242, 43.4712484 ], [ -3.7707417, 43.4712542 ], [ -3.770758, 43.4712617 ], [ -3.7707698, 43.4712707 ], [ -3.7707966, 43.4712862 ], [ -3.7708123, 43.4712887 ], [ -3.7708269, 43.4712846 ], [ -3.7708413, 43.4712725 ], [ -3.7708449, 43.471256 ], [ -3.770845, 43.4712375 ], [ -3.7708448, 43.4712181 ], [ -3.7708472, 43.4712081 ], [ -3.7708557, 43.4711926 ], [ -3.7708686, 43.4711816 ], [ -3.7708815, 43.4711711 ], [ -3.7709, 43.471165 ], [ -3.7709167, 43.4711595 ], [ -3.7709303, 43.4711549 ], [ -3.770952, 43.4711534 ], [ -3.7709885, 43.471154 ], [ -3.7710233, 43.4711596 ], [ -3.771055, 43.4711648 ], [ -3.7710805, 43.4711718 ], [ -3.7711048, 43.4711793 ], [ -3.7711236, 43.4711905 ], [ -3.7711421, 43.4711939 ], [ -3.7711633, 43.4712064 ], [ -3.7711762, 43.471208 ], [ -3.7711898, 43.4712106 ], [ -3.7712057, 43.4712105 ], [ -3.7712212, 43.4712091 ], [ -3.7712372, 43.4712067 ], [ -3.7712624, 43.4712016 ], [ -3.7712832, 43.4711933 ], [ -3.7712979, 43.471187 ], [ -3.7713151, 43.4711755 ], [ -3.7713305, 43.4711704 ], [ -3.7713426, 43.4711623 ], [ -3.7713524, 43.4711528 ], [ -3.7713657, 43.4711343 ], [ -3.7713778, 43.4711126 ], [ -3.7713919, 43.4710988 ], [ -3.7714109, 43.4710905 ], [ -3.7714314, 43.4710845 ], [ -3.7714474, 43.4710821 ], [ -3.7714621, 43.4710789 ], [ -3.7714745, 43.4710738 ], [ -3.7714882, 43.4710594 ], [ -3.7714924, 43.4710491 ], [ -3.7714909, 43.4710353 ], [ -3.7714828, 43.4710229 ], [ -3.7714647, 43.4710101 ], [ -3.7714398, 43.4709922 ], [ -3.7714273, 43.470986 ], [ -3.7714166, 43.4709797 ], [ -3.7714134, 43.4709684 ], [ -3.7714292, 43.470965 ], [ -3.7714559, 43.470968 ], [ -3.771474, 43.4709715 ], [ -3.7714945, 43.4709781 ], [ -3.7715101, 43.4709843 ], [ -3.7715356, 43.4709949 ], [ -3.7715599, 43.4710074 ], [ -3.7715848, 43.4710193 ], [ -3.7715986, 43.4710269 ], [ -3.7716142, 43.4710358 ], [ -3.7716288, 43.4710401 ], [ -3.7716429, 43.4710387 ], [ -3.7716622, 43.4710265 ], [ -3.7716701, 43.4710187 ], [ -3.771678, 43.4710101 ], [ -3.7716926, 43.4709934 ], [ -3.7717072, 43.470978 ], [ -3.7717211, 43.4709559 ], [ -3.7717325, 43.4709372 ], [ -3.771749, 43.4709186 ], [ -3.7717674, 43.4709022 ], [ -3.7717801, 43.4708922 ], [ -3.7717893, 43.4708794 ], [ -3.7718027, 43.4708718 ], [ -3.7718049, 43.4708625 ], [ -3.7718036, 43.47085 ], [ -3.7718009, 43.4708351 ], [ -3.7718026, 43.4708259 ], [ -3.7718113, 43.4708162 ], [ -3.7718284, 43.4708151 ], [ -3.7718472, 43.4708241 ], [ -3.7718647, 43.4708321 ], [ -3.7718881, 43.4708399 ], [ -3.7719046, 43.4708398 ], [ -3.7719152, 43.4708309 ], [ -3.771915, 43.4708194 ], [ -3.7719047, 43.4707933 ], [ -3.7719057, 43.4707755 ], [ -3.7719164, 43.4707676 ], [ -3.771936, 43.4707679 ], [ -3.771948, 43.4707732 ], [ -3.7719604, 43.4707813 ], [ -3.7719793, 43.4707955 ], [ -3.7719935, 43.4708027 ], [ -3.7720046, 43.470808 ], [ -3.7720208, 43.4708127 ], [ -3.7720355, 43.4708153 ], [ -3.7720544, 43.4708139 ], [ -3.7720839, 43.4708033 ], [ -3.7721005, 43.4707987 ], [ -3.772146, 43.4707785 ], [ -3.7721864, 43.4707579 ], [ -3.7722089, 43.470742 ], [ -3.7722438, 43.4707134 ], [ -3.7722798, 43.4706834 ], [ -3.7722884, 43.4706752 ], [ -3.7722963, 43.4706671 ], [ -3.7723015, 43.470655 ], [ -3.7723002, 43.4706449 ], [ -3.7722926, 43.4706313 ], [ -3.7722923, 43.4706167 ], [ -3.7723006, 43.4706097 ], [ -3.7723176, 43.4706099 ], [ -3.7723351, 43.4706153 ], [ -3.7723447, 43.4706234 ], [ -3.7723536, 43.4706364 ], [ -3.7723673, 43.4706433 ], [ -3.7723773, 43.4706345 ], [ -3.7723857, 43.4706139 ], [ -3.7723871, 43.4705896 ], [ -3.7723826, 43.4705711 ], [ -3.7723793, 43.4705594 ], [ -3.7723759, 43.4705444 ], [ -3.7723841, 43.4705361 ], [ -3.7723961, 43.4705323 ], [ -3.7724121, 43.4705377 ], [ -3.7724228, 43.4705511 ], [ -3.7724346, 43.4705596 ], [ -3.7724488, 43.4705666 ], [ -3.772464, 43.470567 ], [ -3.7724767, 43.4705624 ], [ -3.7724936, 43.4705577 ], [ -3.7725069, 43.4705599 ], [ -3.7725273, 43.4705692 ], [ -3.7725531, 43.4705708 ], [ -3.7725699, 43.4705627 ], [ -3.7725807, 43.4705466 ], [ -3.7725829, 43.4705281 ], [ -3.7725828, 43.4705165 ], [ -3.7725727, 43.4704986 ], [ -3.7725537, 43.470474 ], [ -3.7725367, 43.4704516 ], [ -3.7725096, 43.4704184 ], [ -3.7725014, 43.4704068 ], [ -3.772498, 43.4703927 ], [ -3.7725043, 43.4703828 ], [ -3.7725189, 43.4703804 ], [ -3.7725323, 43.4703868 ], [ -3.7725461, 43.4704006 ], [ -3.772558, 43.4704131 ], [ -3.7725793, 43.4704192 ], [ -3.7725919, 43.4704147 ], [ -3.7725984, 43.4704049 ], [ -3.7725994, 43.4703947 ], [ -3.7725689, 43.4703703 ], [ -3.7725601, 43.4703622 ], [ -3.7725525, 43.4703546 ], [ -3.7725444, 43.4703452 ], [ -3.7725409, 43.4703305 ], [ -3.772552, 43.4703159 ], [ -3.7725676, 43.4703079 ], [ -3.7725827, 43.4703083 ], [ -3.7725965, 43.4703123 ], [ -3.7726218, 43.4703157 ], [ -3.7726413, 43.4703128 ], [ -3.7726597, 43.470305 ], [ -3.7726757, 43.4703008 ], [ -3.7727045, 43.4703033 ], [ -3.7727241, 43.4703032 ], [ -3.772744, 43.4703039 ], [ -3.7727571, 43.4703056 ], [ -3.7727753, 43.4703109 ], [ -3.7727899, 43.4703153 ], [ -3.7728051, 43.4703134 ], [ -3.7728209, 43.4703034 ], [ -3.7728317, 43.4702891 ], [ -3.7728394, 43.4702715 ], [ -3.7728448, 43.4702597 ], [ -3.7728497, 43.4702511 ], [ -3.7728557, 43.4702358 ], [ -3.7728623, 43.4702239 ], [ -3.7728745, 43.4702111 ], [ -3.7728886, 43.4702002 ], [ -3.7728965, 43.4701921 ], [ -3.7729037, 43.4701821 ], [ -3.7729071, 43.4701705 ], [ -3.772905, 43.4701522 ], [ -3.7728967, 43.4701324 ], [ -3.7728966, 43.4701228 ], [ -3.7728996, 43.4701128 ], [ -3.772905, 43.4701024 ], [ -3.7729108, 43.4700812 ], [ -3.7729119, 43.4700713 ], [ -3.7729167, 43.4700559 ], [ -3.7729252, 43.4700468 ], [ -3.7729363, 43.4700376 ], [ -3.772949, 43.4700267 ], [ -3.7729595, 43.4700198 ], [ -3.7729688, 43.4700134 ], [ -3.7729848, 43.4700052 ], [ -3.7729971, 43.4699992 ], [ -3.7730146, 43.4699875 ], [ -3.7730205, 43.4699759 ], [ -3.773018, 43.4699653 ], [ -3.7730107, 43.469955 ], [ -3.7730074, 43.4699458 ], [ -3.7730243, 43.4699256 ], [ -3.7730292, 43.4699151 ], [ -3.7730256, 43.4699033 ], [ -3.773012, 43.4698907 ], [ -3.7730077, 43.4698806 ], [ -3.7730118, 43.4698656 ], [ -3.7730291, 43.4698461 ], [ -3.7730301, 43.4698291 ], [ -3.7730189, 43.4698196 ], [ -3.7729946, 43.4698088 ], [ -3.7729739, 43.469804 ], [ -3.7729411, 43.4698009 ], [ -3.7729271, 43.4697965 ], [ -3.7729189, 43.4697882 ], [ -3.7729275, 43.4697732 ], [ -3.7729661, 43.4697636 ], [ -3.7729764, 43.4697579 ], [ -3.7729871, 43.469748 ], [ -3.7729925, 43.4697376 ], [ -3.772999, 43.4696968 ], [ -3.7730131, 43.4696874 ], [ -3.7730352, 43.4696792 ], [ -3.7730442, 43.4696719 ], [ -3.7730503, 43.4696614 ], [ -3.7730506, 43.469651 ], [ -3.7730457, 43.4696359 ], [ -3.7730427, 43.4696151 ], [ -3.7730442, 43.4696049 ], [ -3.7730491, 43.4695946 ], [ -3.7730575, 43.4695844 ], [ -3.7730679, 43.4695763 ], [ -3.7730812, 43.469568 ], [ -3.7731084, 43.4695548 ], [ -3.7732126, 43.4695409 ], [ -3.77338, 43.4695283 ], [ -3.7736057, 43.4695694 ], [ -3.773818, 43.4695039 ], [ -3.7740112, 43.4694082 ], [ -3.77403, 43.4693975 ], [ -3.7740561, 43.4693725 ], [ -3.7740848, 43.4693461 ], [ -3.7741055, 43.4693225 ], [ -3.7741216, 43.4692895 ], [ -3.7740843, 43.4692069 ], [ -3.7740464, 43.4691914 ], [ -3.7740246, 43.4691488 ], [ -3.7741359, 43.4690865 ], [ -3.7750192, 43.4691448 ], [ -3.77648, 43.4700375 ], [ -3.7777826, 43.4697644 ], [ -3.7783703, 43.4696721 ], [ -3.778889, 43.4696055 ], [ -3.7797525, 43.4694105 ], [ -3.780443, 43.4692292 ], [ -3.7811163, 43.4690606 ], [ -3.7820657, 43.4688144 ], [ -3.7827908, 43.4686329 ], [ -3.7834303, 43.4685276 ], [ -3.7840013, 43.4684859 ], [ -3.7844657, 43.4682304 ], [ -3.7848559, 43.4676096 ], [ -3.7851657, 43.4674561 ], [ -3.7854082, 43.4674545 ], [ -3.7858076, 43.46754 ], [ -3.7860695, 43.4677023 ], [ -3.7862971, 43.4678899 ], [ -3.7866621, 43.4679883 ], [ -3.7873022, 43.4679335 ], [ -3.787649, 43.4679311 ], [ -3.7877051, 43.4679355 ], [ -3.7877148, 43.4679167 ], [ -3.7875749, 43.4678025 ], [ -3.7871672, 43.467208 ], [ -3.7871579, 43.4671689 ], [ -3.7867182, 43.4670125 ], [ -3.7862621, 43.4667618 ], [ -3.785859, 43.4665743 ], [ -3.7854737, 43.466412 ], [ -3.7849338, 43.4664157 ], [ -3.7838546, 43.4664738 ], [ -3.7825348, 43.4667873 ], [ -3.7815096, 43.4669846 ], [ -3.7808153, 43.4671669 ], [ -3.7800511, 43.4673497 ], [ -3.7796512, 43.4674032 ], [ -3.7795239, 43.4669854 ], [ -3.7795874, 43.4665029 ], [ -3.7796491, 43.4653962 ], [ -3.7795985, 43.4654656 ], [ -3.7757099, 43.4668877 ], [ -3.7743211, 43.4665565 ], [ -3.771543, 43.4678162 ], [ -3.7699143, 43.4679569 ], [ -3.7693227, 43.4679035 ], [ -3.7686079, 43.4677616 ], [ -3.7669229, 43.467138 ], [ -3.7661065, 43.4662008 ], [ -3.7655367, 43.4662797 ], [ -3.7655218, 43.4662761 ], [ -3.7654848, 43.4662344 ], [ -3.7654257, 43.4662583 ], [ -3.7654329, 43.4662817 ], [ -3.7654045, 43.4662859 ], [ -3.7653391, 43.466254 ], [ -3.7652707, 43.4662185 ], [ -3.7652565, 43.4662171 ], [ -3.765241, 43.466219 ], [ -3.765199, 43.4662303 ], [ -3.7651832, 43.4662307 ], [ -3.7651742, 43.4662146 ], [ -3.7651876, 43.4661918 ], [ -3.7651958, 43.4661687 ], [ -3.7651881, 43.4661559 ], [ -3.7651759, 43.4661515 ], [ -3.7651459, 43.4661531 ], [ -3.7651182, 43.46616 ], [ -3.7650955, 43.4661672 ], [ -3.7650575, 43.4661878 ], [ -3.7650428, 43.4661909 ], [ -3.7650368, 43.4661807 ], [ -3.7650483, 43.4661694 ], [ -3.765063, 43.4661606 ], [ -3.7650664, 43.4661391 ], [ -3.7650522, 43.4661262 ], [ -3.765036, 43.4661195 ], [ -3.7649999, 43.4661168 ], [ -3.7649578, 43.4661168 ], [ -3.7649026, 43.4661247 ], [ -3.7648404, 43.4661405 ], [ -3.7648229, 43.4661462 ], [ -3.764776, 43.4661618 ], [ -3.7647632, 43.4661646 ], [ -3.7647091, 43.4661795 ], [ -3.7646848, 43.4661903 ], [ -3.7646577, 43.4662046 ], [ -3.7646128, 43.4662521 ], [ -3.7646013, 43.466261 ], [ -3.7645878, 43.4662738 ], [ -3.7645503, 43.4663054 ], [ -3.7645253, 43.466325 ], [ -3.76445, 43.4663807 ], [ -3.7644057, 43.4664186 ], [ -3.7643354, 43.4664611 ], [ -3.7643002, 43.4664776 ], [ -3.7642681, 43.4664886 ], [ -3.764246, 43.4664919 ], [ -3.7642199, 43.4664975 ], [ -3.7641987, 43.4665033 ], [ -3.7641837, 43.4665102 ], [ -3.7641446, 43.466546 ], [ -3.7641228, 43.4665595 ], [ -3.7641064, 43.4665641 ], [ -3.7640745, 43.466569 ], [ -3.7640351, 43.4665771 ], [ -3.7640196, 43.4665886 ], [ -3.7640113, 43.4666045 ], [ -3.7640016, 43.4666141 ], [ -3.7639813, 43.4666214 ], [ -3.763951, 43.4666289 ], [ -3.7638906, 43.4666353 ], [ -3.7638679, 43.4666411 ], [ -3.7638409, 43.4666543 ], [ -3.7637867, 43.4666683 ], [ -3.7637641, 43.4666782 ], [ -3.7637506, 43.4666884 ], [ -3.7637312, 43.4667098 ], [ -3.7637118, 43.4667225 ], [ -3.763692, 43.4667367 ], [ -3.7636811, 43.4667557 ], [ -3.7636731, 43.4667642 ], [ -3.7636333, 43.466786 ], [ -3.7636223, 43.466797 ], [ -3.7636118, 43.4668121 ], [ -3.7636015, 43.46682 ], [ -3.7635616, 43.4668273 ], [ -3.7635253, 43.4668322 ], [ -3.7634901, 43.4668379 ], [ -3.7634702, 43.4668442 ], [ -3.7634417, 43.466864 ], [ -3.76342, 43.4668856 ], [ -3.7633991, 43.4669142 ], [ -3.7633674, 43.4669405 ], [ -3.7633593, 43.4669537 ], [ -3.763352, 43.4669796 ], [ -3.763346, 43.4670149 ], [ -3.7633336, 43.467073 ], [ -3.7633293, 43.4670839 ], [ -3.7632581, 43.4671494 ], [ -3.7632494, 43.4671564 ], [ -3.7632288, 43.4671783 ], [ -3.7632127, 43.4671977 ], [ -3.7632057, 43.4672126 ], [ -3.7632008, 43.4672282 ], [ -3.7632044, 43.4672433 ], [ -3.76321, 43.4672604 ], [ -3.7632192, 43.467271 ], [ -3.7632339, 43.4672787 ], [ -3.7632557, 43.4672821 ], [ -3.7632718, 43.4672815 ], [ -3.7632913, 43.467275 ], [ -3.7633044, 43.4672667 ], [ -3.7633213, 43.4672487 ], [ -3.7633395, 43.467227 ], [ -3.7633533, 43.4672183 ], [ -3.7633741, 43.4672236 ], [ -3.7633748, 43.4672347 ], [ -3.7633682, 43.4672525 ], [ -3.7633568, 43.4672701 ], [ -3.7633502, 43.4672791 ], [ -3.7633459, 43.4672925 ], [ -3.7633422, 43.4673057 ], [ -3.7633476, 43.4673198 ], [ -3.7633681, 43.4673319 ], [ -3.7633952, 43.4673341 ], [ -3.7634172, 43.4673283 ], [ -3.763437, 43.4673205 ], [ -3.7634765, 43.4673044 ], [ -3.7635109, 43.4672841 ], [ -3.7635548, 43.4672447 ], [ -3.7635728, 43.4672331 ], [ -3.763614, 43.4672083 ], [ -3.763644, 43.4671984 ], [ -3.7636771, 43.4671931 ], [ -3.7637048, 43.4671923 ], [ -3.7637404, 43.4671921 ], [ -3.7637862, 43.467191 ], [ -3.7638039, 43.4671878 ], [ -3.7638217, 43.4671812 ], [ -3.7638401, 43.4671757 ], [ -3.7638733, 43.4671757 ], [ -3.7638927, 43.4671753 ], [ -3.7639074, 43.467172 ], [ -3.7639202, 43.4671685 ], [ -3.7639534, 43.4671499 ], [ -3.7639861, 43.4671335 ], [ -3.7640089, 43.4671272 ], [ -3.7640304, 43.4671286 ], [ -3.7640457, 43.4671423 ], [ -3.7640392, 43.4671677 ], [ -3.7640309, 43.4671873 ], [ -3.7640236, 43.4672026 ], [ -3.7639934, 43.4672526 ], [ -3.7639722, 43.4672851 ], [ -3.7639275, 43.4673198 ], [ -3.7638962, 43.4673369 ], [ -3.7638565, 43.4673628 ], [ -3.7638406, 43.4673785 ], [ -3.7638295, 43.4673955 ], [ -3.7638237, 43.4674146 ], [ -3.7638134, 43.4674462 ], [ -3.7638114, 43.4674641 ], [ -3.7638058, 43.467512 ], [ -3.7638027, 43.4675347 ], [ -3.7637948, 43.467576 ], [ -3.7637831, 43.4675965 ], [ -3.7637601, 43.4676197 ], [ -3.7637526, 43.4676298 ], [ -3.763748, 43.4676402 ], [ -3.7637444, 43.4676611 ], [ -3.7637402, 43.4676717 ], [ -3.7637082, 43.4676882 ], [ -3.7636956, 43.4676971 ], [ -3.7636803, 43.4677112 ], [ -3.7636685, 43.4677225 ], [ -3.7636437, 43.467745 ], [ -3.7636294, 43.4677585 ], [ -3.7636146, 43.4677755 ], [ -3.7636101, 43.4677856 ], [ -3.7636062, 43.467796 ], [ -3.7636049, 43.4678074 ], [ -3.763606, 43.4678177 ], [ -3.7636092, 43.4678343 ], [ -3.763611, 43.4678451 ], [ -3.7636141, 43.4678599 ], [ -3.7636092, 43.4678721 ], [ -3.7636067, 43.4678867 ], [ -3.7636132, 43.4679068 ], [ -3.7636265, 43.4679132 ], [ -3.7636466, 43.4679064 ], [ -3.7636716, 43.4678977 ], [ -3.7636901, 43.4678964 ], [ -3.7637046, 43.4679023 ], [ -3.7637103, 43.4679166 ], [ -3.7637065, 43.4679302 ], [ -3.7637084, 43.4679437 ], [ -3.7637072, 43.4679572 ], [ -3.7637064, 43.4679667 ], [ -3.7637134, 43.4679846 ], [ -3.7637203, 43.4680006 ], [ -3.7637245, 43.4680236 ], [ -3.7637176, 43.4680508 ], [ -3.7637053, 43.4680659 ], [ -3.7636889, 43.4680844 ], [ -3.7636627, 43.4681075 ], [ -3.7636461, 43.4681224 ], [ -3.7636378, 43.4681312 ], [ -3.7636309, 43.4681435 ], [ -3.7636279, 43.4681571 ], [ -3.7636255, 43.4681725 ], [ -3.7636268, 43.4681856 ], [ -3.7636312, 43.4682017 ], [ -3.7636364, 43.4682101 ], [ -3.763652, 43.468225 ], [ -3.7636672, 43.4682336 ], [ -3.7636822, 43.4682473 ], [ -3.7636918, 43.4682557 ], [ -3.7637002, 43.4682631 ], [ -3.763707, 43.4682773 ], [ -3.7637208, 43.4682933 ], [ -3.7637335, 43.4682992 ], [ -3.7637604, 43.4683067 ], [ -3.7637956, 43.4683081 ], [ -3.7638125, 43.4683113 ], [ -3.7638259, 43.4683168 ], [ -3.7638405, 43.4683265 ], [ -3.7638433, 43.4683358 ], [ -3.7638525, 43.4683437 ], [ -3.7638616, 43.468366 ], [ -3.7638751, 43.468377 ], [ -3.7638983, 43.468385 ], [ -3.763917, 43.4683855 ], [ -3.7639316, 43.4683833 ], [ -3.7639492, 43.4683765 ], [ -3.7639654, 43.4683622 ], [ -3.763973, 43.4683547 ], [ -3.7639812, 43.4683437 ], [ -3.7639883, 43.4683359 ], [ -3.764004, 43.4683291 ], [ -3.764025, 43.4683295 ], [ -3.7640451, 43.468334 ], [ -3.764059, 43.4683427 ], [ -3.7640761, 43.46835 ], [ -3.76409, 43.468355 ], [ -3.7641106, 43.4683595 ], [ -3.7641364, 43.4683543 ], [ -3.7641588, 43.4683452 ], [ -3.76418, 43.4683344 ], [ -3.7642036, 43.4683216 ], [ -3.7642239, 43.4683058 ], [ -3.7642427, 43.468299 ], [ -3.7642612, 43.4682967 ], [ -3.7642767, 43.4682977 ], [ -3.7642869, 43.4683055 ], [ -3.7642965, 43.4683134 ], [ -3.7643026, 43.4683218 ], [ -3.7643093, 43.4683321 ], [ -3.7643192, 43.4683463 ], [ -3.7643205, 43.468362 ], [ -3.7643117, 43.4683843 ], [ -3.7642927, 43.468397 ], [ -3.7642813, 43.4684103 ], [ -3.7642744, 43.4684218 ], [ -3.7642755, 43.468447 ], [ -3.7642771, 43.4684668 ], [ -3.7642794, 43.4684766 ], [ -3.7642869, 43.4684931 ], [ -3.7642912, 43.4685026 ], [ -3.7642948, 43.468516 ], [ -3.7642975, 43.4685344 ], [ -3.7642986, 43.4685456 ], [ -3.7642973, 43.468556 ], [ -3.7642882, 43.4685729 ], [ -3.7642803, 43.4686033 ], [ -3.7642832, 43.4686244 ], [ -3.7642869, 43.4686406 ], [ -3.7642936, 43.4686498 ], [ -3.7642985, 43.4686606 ], [ -3.764306, 43.4686757 ], [ -3.764312, 43.4686859 ], [ -3.7643207, 43.4687033 ], [ -3.7643298, 43.4687238 ], [ -3.7643487, 43.4687459 ], [ -3.7643576, 43.468762 ], [ -3.7643637, 43.4687762 ], [ -3.7643669, 43.468791 ], [ -3.7643692, 43.4688018 ], [ -3.7643679, 43.4688121 ], [ -3.7643671, 43.468823 ], [ -3.7643684, 43.4688374 ], [ -3.7643699, 43.4688545 ], [ -3.7643724, 43.4688698 ], [ -3.7643796, 43.468893 ], [ -3.7643916, 43.4689094 ], [ -3.764394, 43.4689202 ], [ -3.7643977, 43.4689345 ], [ -3.7643995, 43.4689475 ], [ -3.764402, 43.468961 ], [ -3.7644064, 43.4689776 ], [ -3.7644103, 43.4689933 ], [ -3.7644166, 43.469008 ], [ -3.7644332, 43.4690351 ], [ -3.7644387, 43.469044 ], [ -3.7644448, 43.4690569 ], [ -3.764449, 43.4690667 ], [ -3.7644532, 43.4690784 ], [ -3.7644561, 43.4690886 ], [ -3.7644636, 43.4691034 ], [ -3.7644756, 43.4691067 ], [ -3.7644902, 43.4691023 ], [ -3.7645024, 43.4690983 ], [ -3.7645154, 43.4690994 ], [ -3.7645336, 43.4691057 ], [ -3.7645459, 43.4691162 ], [ -3.764555, 43.4691245 ], [ -3.7645605, 43.4691383 ], [ -3.7645558, 43.4691566 ], [ -3.7645507, 43.4691657 ], [ -3.7645445, 43.4691784 ], [ -3.7645437, 43.4691884 ], [ -3.7645471, 43.4691978 ], [ -3.7645591, 43.4692133 ], [ -3.7645695, 43.4692257 ], [ -3.7645806, 43.469238 ], [ -3.7645872, 43.4692469 ], [ -3.7645953, 43.4692616 ], [ -3.764599, 43.4692736 ], [ -3.7645978, 43.469288 ], [ -3.7645996, 43.4693006 ], [ -3.7646032, 43.4693132 ], [ -3.7646111, 43.4693215 ], [ -3.7646284, 43.4693342 ], [ -3.7646362, 43.4693417 ], [ -3.7646434, 43.4693509 ], [ -3.7646513, 43.4693602 ], [ -3.7646551, 43.4693765 ], [ -3.7646586, 43.4693853 ], [ -3.7646691, 43.4693981 ], [ -3.764682, 43.4694105 ], [ -3.7647071, 43.4694328 ], [ -3.7647145, 43.4694435 ], [ -3.7647212, 43.4694546 ], [ -3.7647283, 43.4694752 ], [ -3.7647308, 43.4694904 ], [ -3.764734, 43.4695039 ], [ -3.7647413, 43.4695163 ], [ -3.764748, 43.4695266 ], [ -3.7647547, 43.4695349 ], [ -3.7647649, 43.4695451 ], [ -3.7647765, 43.4695532 ], [ -3.7647954, 43.4695619 ], [ -3.7648266, 43.4695796 ], [ -3.7648484, 43.469598 ], [ -3.764857, 43.4696086 ], [ -3.7648632, 43.4696211 ], [ -3.7648779, 43.4696307 ], [ -3.764894, 43.4696311 ], [ -3.7649128, 43.4696244 ], [ -3.7649262, 43.46962 ], [ -3.7649485, 43.4696195 ], [ -3.7649541, 43.4696324 ], [ -3.7649541, 43.4696468 ], [ -3.7649602, 43.4696589 ], [ -3.7649799, 43.4696683 ], [ -3.7649938, 43.4696747 ], [ -3.765012, 43.4696828 ], [ -3.7650312, 43.4696936 ], [ -3.7650448, 43.4697082 ], [ -3.765048, 43.4697244 ], [ -3.7650507, 43.4697427 ], [ -3.7650552, 43.4697607 ], [ -3.7650596, 43.469775 ], [ -3.7650669, 43.4697856 ], [ -3.7650847, 43.4698091 ], [ -3.765089, 43.4698194 ], [ -3.7650965, 43.4698363 ], [ -3.7651021, 43.4698506 ], [ -3.7651114, 43.4698643 ], [ -3.7651217, 43.4698731 ], [ -3.7651364, 43.4698831 ], [ -3.7651502, 43.4698869 ], [ -3.7651756, 43.4698898 ], [ -3.7651978, 43.4698974 ], [ -3.7652078, 43.4699035 ], [ -3.765224, 43.4699049 ], [ -3.7652424, 43.4699017 ], [ -3.7652578, 43.4698986 ], [ -3.7652674, 43.4698926 ], [ -3.7652806, 43.4698841 ], [ -3.7652933, 43.4698753 ], [ -3.7653137, 43.4698757 ], [ -3.7653349, 43.4698791 ], [ -3.765349, 43.4698883 ], [ -3.7653543, 43.4698981 ], [ -3.7653602, 43.4699182 ], [ -3.7653733, 43.4699324 ], [ -3.765381, 43.4699402 ], [ -3.7653907, 43.4699472 ], [ -3.7654181, 43.4699524 ], [ -3.7654301, 43.4699571 ], [ -3.7654483, 43.4699652 ], [ -3.7654724, 43.4699741 ], [ -3.7654909, 43.469975 ], [ -3.7655139, 43.4699758 ], [ -3.7655394, 43.4699797 ], [ -3.7655519, 43.4699843 ], [ -3.7655617, 43.4699939 ], [ -3.7655673, 43.4700147 ], [ -3.7655641, 43.4700273 ], [ -3.7655604, 43.4700368 ], [ -3.7655454, 43.4700529 ], [ -3.7655337, 43.4700624 ], [ -3.7655236, 43.4700709 ], [ -3.7655249, 43.470084 ], [ -3.7655384, 43.4700931 ], [ -3.7655532, 43.4700962 ], [ -3.7655798, 43.4700977 ], [ -3.7656121, 43.4700946 ], [ -3.7656615, 43.4700857 ], [ -3.7657104, 43.4700732 ], [ -3.7657427, 43.470062 ], [ -3.7657719, 43.470049 ], [ -3.7658073, 43.470027 ], [ -3.7658364, 43.470009 ], [ -3.7658588, 43.4699985 ], [ -3.7658667, 43.4699883 ], [ -3.7658769, 43.4699805 ], [ -3.7658915, 43.4699735 ], [ -3.7659202, 43.4699591 ], [ -3.7659416, 43.4699483 ], [ -3.7659531, 43.4699427 ], [ -3.7659677, 43.4699353 ], [ -3.7659896, 43.4699214 ], [ -3.7660059, 43.4699108 ], [ -3.7660211, 43.4699001 ], [ -3.7660392, 43.4698872 ], [ -3.7660512, 43.469873 ], [ -3.7660582, 43.4698634 ], [ -3.7660642, 43.4698547 ], [ -3.7660767, 43.4698433 ], [ -3.7660951, 43.4698353 ], [ -3.7661166, 43.4698309 ], [ -3.7661405, 43.4698223 ], [ -3.7661519, 43.4698118 ], [ -3.7661713, 43.4697975 ], [ -3.76619, 43.4697828 ], [ -3.7662123, 43.4697648 ], [ -3.7662277, 43.4697614 ], [ -3.7662336, 43.4697717 ], [ -3.766241, 43.4697922 ], [ -3.766247, 43.4698057 ], [ -3.7662586, 43.4698213 ], [ -3.7662633, 43.4698312 ], [ -3.7662655, 43.4698409 ], [ -3.7662633, 43.4698532 ], [ -3.7662593, 43.4698623 ], [ -3.766254, 43.4698718 ], [ -3.7662425, 43.4698937 ], [ -3.7662361, 43.4699118 ], [ -3.7662256, 43.46993 ], [ -3.7662192, 43.4699436 ], [ -3.7662165, 43.4699537 ], [ -3.7662161, 43.4699636 ], [ -3.7662121, 43.4699731 ], [ -3.7662102, 43.4699903 ], [ -3.7662286, 43.4700376 ], [ -3.7662537, 43.4700733 ], [ -3.7662641, 43.4701089 ], [ -3.7662706, 43.4701485 ], [ -3.7662718, 43.4701662 ], [ -3.7662711, 43.4701833 ], [ -3.7662765, 43.4702067 ], [ -3.7662826, 43.4702325 ], [ -3.766288, 43.4702618 ], [ -3.7662886, 43.4702802 ], [ -3.7662866, 43.470296 ], [ -3.7662846, 43.4703181 ], [ -3.7662851, 43.4703302 ], [ -3.766287, 43.4703402 ], [ -3.7662912, 43.4703605 ], [ -3.766293, 43.4703817 ], [ -3.7662923, 43.470406 ], [ -3.7662878, 43.4704262 ], [ -3.7662871, 43.4704438 ], [ -3.766292, 43.4704565 ], [ -3.7662993, 43.4704746 ], [ -3.7663086, 43.4704899 ], [ -3.7663215, 43.4704976 ], [ -3.7663412, 43.4705102 ], [ -3.7663474, 43.4705188 ], [ -3.7663467, 43.4705323 ], [ -3.7663411, 43.4705472 ], [ -3.7663471, 43.4705567 ], [ -3.766365, 43.4705667 ], [ -3.7663787, 43.4705676 ], [ -3.7664065, 43.4705632 ], [ -3.7664598, 43.4705493 ], [ -3.7665162, 43.4705342 ], [ -3.76658, 43.4705122 ], [ -3.7666073, 43.4705006 ], [ -3.7666128, 43.4705105 ], [ -3.7665936, 43.4705281 ], [ -3.7665712, 43.4705501 ], [ -3.7665575, 43.4705694 ], [ -3.7665524, 43.4705802 ], [ -3.7665493, 43.470596 ], [ -3.7665429, 43.4706375 ], [ -3.7665409, 43.4706564 ], [ -3.7665396, 43.4706672 ], [ -3.7665438, 43.4706802 ], [ -3.7665543, 43.4706939 ], [ -3.7665809, 43.4707173 ], [ -3.7665973, 43.4707453 ], [ -3.7666059, 43.4707674 ], [ -3.7666077, 43.4707769 ], [ -3.7666039, 43.4707917 ], [ -3.7665965, 43.4708034 ], [ -3.7665834, 43.4708156 ], [ -3.7665523, 43.4708448 ], [ -3.7665374, 43.4708659 ], [ -3.7665261, 43.4708794 ], [ -3.7665161, 43.470907 ], [ -3.7665043, 43.470925 ], [ -3.7665024, 43.4709371 ], [ -3.7665004, 43.4709502 ], [ -3.7665066, 43.470965 ], [ -3.7665138, 43.4709822 ], [ -3.7665372, 43.4710133 ], [ -3.7665679, 43.4710482 ], [ -3.766592, 43.4710749 ], [ -3.7666142, 43.4710897 ], [ -3.7666414, 43.4710979 ], [ -3.7666667, 43.4710994 ], [ -3.7666952, 43.4710962 ], [ -3.7667231, 43.4710819 ], [ -3.7667523, 43.4710509 ], [ -3.7667771, 43.4710302 ], [ -3.7667865, 43.4710239 ], [ -3.7668001, 43.4710181 ], [ -3.7668156, 43.4710218 ], [ -3.7668249, 43.4710299 ], [ -3.7668348, 43.4710366 ], [ -3.7668587, 43.4710412 ], [ -3.7668817, 43.4710377 ], [ -3.7668929, 43.4710323 ], [ -3.7669165, 43.4710283 ], [ -3.7669659, 43.4710365 ], [ -3.7669875, 43.4710393 ], [ -3.7670018, 43.471038 ], [ -3.7670364, 43.47103 ], [ -3.7670569, 43.47102 ], [ -3.76707, 43.4710134 ], [ -3.7670843, 43.4710066 ], [ -3.767107, 43.471004 ], [ -3.7671294, 43.4710059 ], [ -3.7671535, 43.4710181 ], [ -3.7671681, 43.4710334 ], [ -3.7671775, 43.4710465 ], [ -3.7671885, 43.4710573 ], [ -3.7672021, 43.4710655 ], [ -3.767217, 43.4710701 ], [ -3.7672342, 43.4710768 ], [ -3.7672526, 43.4710877 ], [ -3.7672688, 43.4711004 ], [ -3.7672804, 43.4711144 ], [ -3.7672939, 43.4711307 ], [ -3.7673111, 43.4711451 ], [ -3.767329, 43.4711569 ], [ -3.7673556, 43.4711642 ], [ -3.7673822, 43.4711742 ], [ -3.7674081, 43.4711829 ], [ -3.7674371, 43.4711955 ], [ -3.7674841, 43.4712132 ], [ -3.7675162, 43.4712277 ], [ -3.7675569, 43.4712432 ], [ -3.7676082, 43.4712527 ], [ -3.7676583, 43.4712596 ], [ -3.7677368, 43.4712643 ], [ -3.7677758, 43.4712712 ], [ -3.7677943, 43.4712762 ], [ -3.7678141, 43.4712667 ], [ -3.7678204, 43.4712556 ], [ -3.7678242, 43.4712348 ], [ -3.7678231, 43.4712159 ], [ -3.767825, 43.4711924 ], [ -3.7678313, 43.4711803 ], [ -3.7678413, 43.4711727 ], [ -3.767858, 43.4711635 ], [ -3.7678716, 43.4711604 ], [ -3.7678948, 43.4711607 ], [ -3.7679155, 43.4711691 ], [ -3.7679261, 43.4711759 ], [ -3.7679363, 43.4711853 ], [ -3.7679474, 43.4711937 ], [ -3.7679579, 43.4712003 ], [ -3.7679735, 43.4712074 ], [ -3.7679857, 43.47121 ], [ -3.7680097, 43.4712107 ], [ -3.7680394, 43.4712087 ], [ -3.7680769, 43.4712066 ], [ -3.7680936, 43.4712046 ], [ -3.7681094, 43.4711988 ], [ -3.7681221, 43.4711906 ], [ -3.7681317, 43.471178 ], [ -3.7681475, 43.4711509 ], [ -3.7681554, 43.4711405 ], [ -3.7681582, 43.4711269 ], [ -3.7681662, 43.4711141 ], [ -3.7681829, 43.4711045 ], [ -3.7682021, 43.4710988 ], [ -3.7682317, 43.4710932 ], [ -3.7682509, 43.4710899 ], [ -3.7682795, 43.4710901 ], [ -3.7683155, 43.4710948 ], [ -3.768364, 43.4711076 ], [ -3.7684446, 43.4711263 ], [ -3.7684861, 43.4711355 ], [ -3.7685016, 43.4711385 ], [ -3.7685203, 43.4711401 ], [ -3.768543, 43.4711417 ], [ -3.7685632, 43.4711394 ], [ -3.7685824, 43.4711347 ], [ -3.768615, 43.471125 ], [ -3.7686544, 43.4711166 ], [ -3.7686806, 43.4711151 ], [ -3.7686929, 43.471121 ], [ -3.7686975, 43.4711346 ], [ -3.7687067, 43.4711456 ], [ -3.7687266, 43.4711616 ], [ -3.7687414, 43.4711615 ], [ -3.7687633, 43.4711695 ], [ -3.7688024, 43.4711854 ], [ -3.7688645, 43.4712057 ], [ -3.7689148, 43.4712174 ], [ -3.7689587, 43.4712221 ], [ -3.7690038, 43.4712257 ], [ -3.7690484, 43.4712268 ], [ -3.7690693, 43.4712258 ], [ -3.7690876, 43.471222 ], [ -3.7691123, 43.4712137 ], [ -3.7691455, 43.4712031 ], [ -3.7691731, 43.4711921 ], [ -3.7691953, 43.4711842 ], [ -3.769233, 43.4711758 ], [ -3.769283, 43.4711682 ], [ -3.7693134, 43.4711671 ], [ -3.7693399, 43.4711664 ], [ -3.7693623, 43.4711667 ], [ -3.7693932, 43.4711678 ], [ -3.7694106, 43.4711704 ], [ -3.7694369, 43.4711797 ], [ -3.7694557, 43.471189 ], [ -3.7694742, 43.4711961 ], [ -3.7695185, 43.4711989 ], [ -3.7695358, 43.4711965 ], [ -3.7695524, 43.4711933 ], [ -3.7695674, 43.4711922 ], [ -3.7695877, 43.4711925 ], [ -3.7696095, 43.471195 ], [ -3.769646, 43.4712002 ], [ -3.7696733, 43.4712049 ], [ -3.7696958, 43.4712102 ], [ -3.7697119, 43.471215 ], [ -3.7697404, 43.4712179 ], [ -3.7697665, 43.4712241 ], [ -3.7697932, 43.4712311 ], [ -3.7698261, 43.471243 ], [ -3.7698522, 43.4712482 ], [ -3.7698814, 43.4712575 ], [ -3.7699055, 43.4712608 ], [ -3.7699308, 43.4712629 ], [ -3.7699575, 43.4712654 ], [ -3.7699933, 43.4712669 ], [ -3.7700191, 43.4712658 ], [ -3.7700482, 43.4712616 ], [ -3.7700739, 43.4712569 ], [ -3.7701068, 43.4712503 ], [ -3.7701382, 43.4712456 ], [ -3.7701678, 43.4712405 ], [ -3.7702074, 43.4712365 ], [ -3.770239, 43.4712363 ], [ -3.7702694, 43.4712383 ], [ -3.7702967, 43.471243 ], [ -3.7703257, 43.471245 ], [ -3.7703498, 43.4712436 ], [ -3.7703663, 43.4712408 ], [ -3.770386, 43.4712366 ], [ -3.7704071, 43.4712341 ], [ -3.7704295, 43.4712353 ], [ -3.770452, 43.4712396 ], [ -3.7704767, 43.4712458 ], [ -3.7705121, 43.4712536 ], [ -3.7705326, 43.4712566 ], [ -3.7705615, 43.4712573 ], [ -3.7705813, 43.4712567 ], [ -3.7705978, 43.4712552 ], [ -3.7706156, 43.4712469 ], [ -3.770638, 43.4712468 ], [ -3.7706546, 43.4712453 ], [ -3.770675, 43.4712424 ] ] ] ] } },
{ "type": "Feature", "properties": { "CCAA": "06 - Cantabria", "PROVINCIA": "39 - Cantabria", "MUNICIPIO": "39075 - Santander", "COD_MUNICIPIO": "39075", "DISTRITO": "01", "SECCION": "3907501007", "V1_H": 80.91, "V1_M": 86.7, "V2_H": 80.91796575, "V2_M": 86.73459974, "V3_H": 81.00259482, "V3_M": 86.81948346 }, "geometry": { "type": "Polygon", "coordinates": [ [ [ -3.8142425, 43.4624898 ], [ -3.8127978, 43.462666 ], [ -3.8129715, 43.4633229 ], [ -3.8139259, 43.4632709 ], [ -3.8140605, 43.4632206 ], [ -3.8151675, 43.4630128 ], [ -3.8159295, 43.4628857 ], [ -3.8165063, 43.4627809 ], [ -3.816537, 43.4627718 ], [ -3.8170102, 43.4626312 ], [ -3.8168949, 43.4624273 ], [ -3.8168144, 43.462272 ], [ -3.8167413, 43.4621426 ], [ -3.8166589, 43.4620017 ], [ -3.8158617, 43.4622492 ], [ -3.8157355, 43.462307 ], [ -3.8150436, 43.4623973 ], [ -3.8142425, 43.4624898 ] ] ] } },
{ "type": "Feature", "properties": { "CCAA": "06 - Cantabria", "PROVINCIA": "39 - Cantabria", "MUNICIPIO": "39075 - Santander", "COD_MUNICIPIO": "39075", "DISTRITO": "02", "SECCION": "3907502004", "V1_H": 80.24, "V1_M": 86.29, "V2_H": 79.84273941, "V2_M": 86.47368807, "V3_H": 80.7355329, "V3_M": 86.23078999000001 }, "geometry": { "type": "Polygon", "coordinates": [ [ [ -3.8166589, 43.4620017 ], [ -3.8167413, 43.4621426 ], [ -3.8168144, 43.462272 ], [ -3.8168949, 43.4624273 ], [ -3.8170102, 43.4626312 ], [ -3.8174313, 43.4625326 ], [ -3.8178011, 43.4624468 ], [ -3.818069, 43.4624139 ], [ -3.8184535, 43.4623041 ], [ -3.8189476, 43.4621533 ], [ -3.8196069, 43.4619813 ], [ -3.8196783, 43.4619703 ], [ -3.8194545, 43.4618167 ], [ -3.8192026, 43.4616522 ], [ -3.8188858, 43.4614259 ], [ -3.8182248, 43.4616073 ], [ -3.8177698, 43.4617197 ], [ -3.8174921, 43.4612228 ], [ -3.8173532, 43.4609038 ], [ -3.8166062, 43.4611097 ], [ -3.816253, 43.4612361 ], [ -3.8164383, 43.4615695 ], [ -3.8166589, 43.4620017 ] ] ] } },
{ "type": "Feature", "properties": { "CCAA": "06 - Cantabria", "PROVINCIA": "39 - Cantabria", "MUNICIPIO": "39075 - Santander", "COD_MUNICIPIO": "39075", "DISTRITO": "02", "SECCION": "3907502011", "V1_H": 81.47, "V1_M": 86.95, "V2_H": 81.05678048, "V2_M": 86.75805168, "V3_H": 81.85108408000001, "V3_M": 87.21302779 }, "geometry": { "type": "Polygon", "coordinates": [ [ [ -3.8231662, 43.4593637 ], [ -3.8234564, 43.4597777 ], [ -3.8236552, 43.4601679 ], [ -3.8236777, 43.4601636 ], [ -3.8240422, 43.4600762 ], [ -3.8246387, 43.4599266 ], [ -3.8246661, 43.4599156 ], [ -3.8249647, 43.4598348 ], [ -3.8249632, 43.459832 ], [ -3.824947, 43.4598028 ], [ -3.8249487, 43.4598021 ], [ -3.8244929, 43.4589831 ], [ -3.8232768, 43.4593365 ], [ -3.8231662, 43.4593637 ] ] ] } },
{ "type": "Feature", "properties": { "CCAA": "06 - Cantabria", "PROVINCIA": "39 - Cantabria", "MUNICIPIO": "39075 - Santander", "COD_MUNICIPIO": "39075", "DISTRITO": "02", "SECCION": "3907502022", "V1_H": 80.55, "V1_M": 86.21, "V2_H": 80.25181467, "V2_M": 85.94546636, "V3_H": 81.01047082, "V3_M": 86.65561049 }, "geometry": { "type": "Polygon", "coordinates": [ [ [ -3.8166054, 43.4646654 ], [ -3.816874, 43.4648107 ], [ -3.8172363, 43.4649414 ], [ -3.8176022, 43.4649222 ], [ -3.8182198, 43.4648969 ], [ -3.8181664, 43.4649484 ], [ -3.8183829, 43.4648776 ], [ -3.8191436, 43.4645653 ], [ -3.8189582, 43.4643017 ], [ -3.8187889, 43.4640151 ], [ -3.8186011, 43.4637153 ], [ -3.8183947, 43.4634022 ], [ -3.8182445, 43.463169 ], [ -3.8181129, 43.4629424 ], [ -3.8178972, 43.4626227 ], [ -3.818069, 43.4624139 ], [ -3.8178011, 43.4624468 ], [ -3.8174313, 43.4625326 ], [ -3.8170102, 43.4626312 ], [ -3.816537, 43.4627718 ], [ -3.8167197, 43.4630487 ], [ -3.8168066, 43.4631839 ], [ -3.8174906, 43.463939 ], [ -3.8177695, 43.4642515 ], [ -3.8172386, 43.4644337 ], [ -3.8171501, 43.464472 ], [ -3.8168473, 43.4645828 ], [ -3.8166054, 43.4646654 ] ] ] } },
{ "type": "Feature", "properties": { "CCAA": "06 - Cantabria", "PROVINCIA": "39 - Cantabria", "MUNICIPIO": "39075 - Santander", "COD_MUNICIPIO": "39075", "DISTRITO": "03", "SECCION": "3907503002", "V1_H": 80.31, "V1_M": 85.98, "V2_H": 80.51251293, "V2_M": 86.22129475, "V3_H": 80.221823, "V3_M": 85.87405604 }, "geometry": { "type": "Polygon", "coordinates": [ [ [ -3.8078925, 43.464724 ], [ -3.8077998, 43.4647286 ], [ -3.8077882, 43.464925 ], [ -3.8077195, 43.4650908 ], [ -3.8076647, 43.4652358 ], [ -3.8076236, 43.4653497 ], [ -3.807938, 43.4655231 ], [ -3.8082949, 43.4656963 ], [ -3.8084955, 43.4658498 ], [ -3.8086261, 43.4660659 ], [ -3.8088041, 43.4662542 ], [ -3.8089981, 43.4662225 ], [ -3.8091637, 43.4661404 ], [ -3.8092588, 43.4659778 ], [ -3.8093542, 43.4658457 ], [ -3.8095028, 43.465531 ], [ -3.8096655, 43.4652365 ], [ -3.8098695, 43.4649113 ], [ -3.8101146, 43.4645454 ], [ -3.8103032, 43.4641091 ], [ -3.810059, 43.4639269 ], [ -3.8100592, 43.4639408 ], [ -3.8098958, 43.4640258 ], [ -3.8087603, 43.4640099 ], [ -3.8087474, 43.4639292 ], [ -3.8087297, 43.4642675 ], [ -3.808747, 43.4644946 ], [ -3.8088062, 43.4646802 ], [ -3.808523, 43.4647235 ], [ -3.8080407, 43.4647166 ], [ -3.8078925, 43.464724 ] ] ] } },
{ "type": "Feature", "properties": { "CCAA": "06 - Cantabria", "PROVINCIA": "39 - Cantabria", "MUNICIPIO": "39075 - Santander", "COD_MUNICIPIO": "39075", "DISTRITO": "03", "SECCION": "3907503009", "V1_H": 80.65, "V1_M": 86.4, "V2_H": 80.41087182, "V2_M": 86.2775211, "V3_H": 80.94660094, "V3_M": 86.57847437 }, "geometry": { "type": "Polygon", "coordinates": [ [ [ -3.800016, 43.4652319 ], [ -3.8000314, 43.4652407 ], [ -3.8007153, 43.4651943 ], [ -3.8007898, 43.4651915 ], [ -3.8008177, 43.46519 ], [ -3.8025007, 43.4651004 ], [ -3.8025085, 43.4650631 ], [ -3.8025263, 43.4648523 ], [ -3.802564, 43.4645775 ], [ -3.8025813, 43.4643216 ], [ -3.8025953, 43.4642087 ], [ -3.8025842, 43.4641523 ], [ -3.8026931, 43.4641243 ], [ -3.802003, 43.464213 ], [ -3.8014109, 43.4643003 ], [ -3.8007489, 43.46428 ], [ -3.8006744, 43.4642838 ], [ -3.8001903, 43.4643088 ], [ -3.7998483, 43.4643365 ], [ -3.7998517, 43.4645937 ], [ -3.7999247, 43.4649339 ], [ -3.799974, 43.4652078 ], [ -3.800016, 43.4652319 ] ] ] } },
{ "type": "Feature", "properties": { "CCAA": "06 - Cantabria", "PROVINCIA": "39 - Cantabria", "MUNICIPIO": "39075 - Santander", "COD_MUNICIPIO": "39075", "DISTRITO": "04", "SECCION": "3907504005", "V1_H": 81.73, "V1_M": 86.8, "V2_H": 81.31626673, "V2_M": 86.83145999, "V3_H": 82.17064416, "V3_M": 87.00536352 }, "geometry": { "type": "Polygon", "coordinates": [ [ [ -3.7913312, 43.4648444 ], [ -3.7913904, 43.4651365 ], [ -3.791528, 43.4658309 ], [ -3.7916216, 43.4662107 ], [ -3.7922436, 43.4661497 ], [ -3.7924815, 43.4661194 ], [ -3.7935115, 43.465988 ], [ -3.7945196, 43.4658353 ], [ -3.7951772, 43.4656559 ], [ -3.7954955, 43.4655226 ], [ -3.7960237, 43.4653879 ], [ -3.796581, 43.46518 ], [ -3.7969743, 43.4649903 ], [ -3.7969621, 43.4649466 ], [ -3.7969285, 43.4647539 ], [ -3.7969224, 43.4647103 ], [ -3.7967368, 43.4645636 ], [ -3.7966736, 43.4642448 ], [ -3.7966182, 43.4639146 ], [ -3.7963098, 43.4639311 ], [ -3.7960368, 43.4639608 ], [ -3.7957826, 43.4639811 ], [ -3.7956791, 43.4639596 ], [ -3.7957033, 43.4643378 ], [ -3.7956035, 43.4644255 ], [ -3.7946962, 43.464532 ], [ -3.793817, 43.4646852 ], [ -3.793377, 43.4647351 ], [ -3.792744, 43.4647595 ], [ -3.7921108, 43.4647705 ], [ -3.7915787, 43.4647943 ], [ -3.7913312, 43.4648444 ] ] ] } },
{ "type": "Feature", "properties": { "CCAA": "06 - Cantabria", "PROVINCIA": "39 - Cantabria", "MUNICIPIO": "39075 - Santander", "COD_MUNICIPIO": "39075", "DISTRITO": "04", "SECCION": "3907504012", "V1_H": 82.19, "V1_M": 87.25, "V2_H": 81.84285612, "V2_M": 87.14223952, "V3_H": 82.56554756, "V3_M": 87.46692958 }, "geometry": { "type": "Polygon", "coordinates": [ [ [ -3.7882248, 43.4732754 ], [ -3.7884527, 43.4735996 ], [ -3.7887661, 43.4740943 ], [ -3.7890812, 43.4747132 ], [ -3.7892903, 43.4750596 ], [ -3.7897737, 43.4758679 ], [ -3.7897702, 43.475887 ], [ -3.7910273, 43.4779605 ], [ -3.7910327, 43.477959 ], [ -3.7911847, 43.4779168 ], [ -3.793848, 43.4770919 ], [ -3.7939548, 43.4770746 ], [ -3.7952806, 43.4766804 ], [ -3.796718, 43.4765274 ], [ -3.8005398, 43.4755859 ], [ -3.8027042, 43.474999 ], [ -3.8062884, 43.473916 ], [ -3.8088062, 43.4730445 ], [ -3.8086277, 43.4714012 ], [ -3.8087321, 43.4713814 ], [ -3.8087397, 43.4712916 ], [ -3.8087093, 43.4712913 ], [ -3.8087244, 43.4711296 ], [ -3.8089509, 43.4710314 ], [ -3.8092447, 43.470792 ], [ -3.8096254, 43.4703715 ], [ -3.8098458, 43.4698218 ], [ -3.8098818, 43.4696274 ], [ -3.8097386, 43.469496 ], [ -3.8097261, 43.4694846 ], [ -3.8097213, 43.4694754 ], [ -3.8080194, 43.4697179 ], [ -3.8078789, 43.4697379 ], [ -3.8052298, 43.4700606 ], [ -3.804848, 43.470107 ], [ -3.802603, 43.4705699 ], [ -3.7995743, 43.4711129 ], [ -3.7983494, 43.471345 ], [ -3.797397, 43.4715504 ], [ -3.7958317, 43.4718346 ], [ -3.7950141, 43.4719835 ], [ -3.7949809, 43.4719895 ], [ -3.7940623, 43.4721697 ], [ -3.7928377, 43.4724266 ], [ -3.7926968, 43.4724499 ], [ -3.7920548, 43.4725562 ], [ -3.7909319, 43.4727627 ], [ -3.7895708, 43.4730205 ], [ -3.7882248, 43.4732754 ] ] ] } },
{ "type": "Feature", "properties": { "CCAA": "06 - Cantabria", "PROVINCIA": "39 - Cantabria", "MUNICIPIO": "39075 - Santander", "COD_MUNICIPIO": "39075", "DISTRITO": "05", "SECCION": "3907505005", "V1_H": 80.65, "V1_M": 86.42, "V2_H": 80.32339709, "V2_M": 86.16224497, "V3_H": 80.9318118, "V3_M": 86.73476557 }, "geometry": { "type": "Polygon", "coordinates": [ [ [ -3.8149823, 43.4549801 ], [ -3.815731, 43.4565959 ], [ -3.8160773, 43.4565373 ], [ -3.8167238, 43.456057 ], [ -3.8159981, 43.4546778 ], [ -3.8151353, 43.4549386 ], [ -3.8149823, 43.4549801 ] ] ] } },
{ "type": "Feature", "properties": { "CCAA": "06 - Cantabria", "PROVINCIA": "39 - Cantabria", "MUNICIPIO": "39075 - Santander", "COD_MUNICIPIO": "39075", "DISTRITO": "06", "SECCION": "3907506001", "V1_H": 80.78, "V1_M": 86.63, "V2_H": 80.78050334, "V2_M": 86.59104663, "V3_H": 80.85502768000001, "V3_M": 86.88271981 }, "geometry": { "type": "Polygon", "coordinates": [ [ [ -3.8157867, 43.4608481 ], [ -3.8158932, 43.4613209 ], [ -3.8161933, 43.4612574 ], [ -3.816253, 43.4612361 ], [ -3.8166062, 43.4611097 ], [ -3.8173532, 43.4609038 ], [ -3.8202212, 43.4601098 ], [ -3.8201746, 43.4599418 ], [ -3.8201138, 43.4597652 ], [ -3.8200123, 43.4595791 ], [ -3.8199565, 43.4594516 ], [ -3.8197013, 43.4595518 ], [ -3.8194773, 43.4596288 ], [ -3.8190197, 43.459737 ], [ -3.818692, 43.4598327 ], [ -3.8185939, 43.4598613 ], [ -3.8182799, 43.4599456 ], [ -3.8179168, 43.4600498 ], [ -3.8169478, 43.4602862 ], [ -3.8168281, 43.4603143 ], [ -3.8166023, 43.4603673 ], [ -3.8160821, 43.4605022 ], [ -3.8157904, 43.4605666 ], [ -3.815597, 43.4606601 ], [ -3.8157837, 43.460835 ], [ -3.8157867, 43.4608481 ] ] ] } },
{ "type": "Feature", "properties": { "CCAA": "06 - Cantabria", "PROVINCIA": "39 - Cantabria", "MUNICIPIO": "39075 - Santander", "COD_MUNICIPIO": "39075", "DISTRITO": "02", "SECCION": "3907502003", "V1_H": 80.99, "V1_M": 86.66, "V2_H": 80.84822772, "V2_M": 86.63128417, "V3_H": 81.25601163, "V3_M": 86.83891366 }, "geometry": { "type": "Polygon", "coordinates": [ [ [ -3.8191436, 43.4645653 ], [ -3.8191549, 43.4645814 ], [ -3.820509, 43.4641501 ], [ -3.822587, 43.4635663 ], [ -3.8226524, 43.4634939 ], [ -3.82338, 43.4626827 ], [ -3.8230609, 43.4625923 ], [ -3.8227748, 43.4625074 ], [ -3.8225072, 43.4624223 ], [ -3.8224317, 43.4622756 ], [ -3.8225297, 43.4620473 ], [ -3.8222986, 43.4619486 ], [ -3.8219481, 43.461844 ], [ -3.8215239, 43.4617333 ], [ -3.8213367, 43.461698 ], [ -3.8212844, 43.4616881 ], [ -3.8204594, 43.4618346 ], [ -3.8199737, 43.4619251 ], [ -3.8196783, 43.4619703 ], [ -3.8196069, 43.4619813 ], [ -3.8189476, 43.4621533 ], [ -3.8184535, 43.4623041 ], [ -3.818069, 43.4624139 ], [ -3.8178972, 43.4626227 ], [ -3.8181129, 43.4629424 ], [ -3.8182445, 43.463169 ], [ -3.8183947, 43.4634022 ], [ -3.8186011, 43.4637153 ], [ -3.8187889, 43.4640151 ], [ -3.8189582, 43.4643017 ], [ -3.8191436, 43.4645653 ] ] ] } },
{ "type": "Feature", "properties": { "CCAA": "06 - Cantabria", "PROVINCIA": "39 - Cantabria", "MUNICIPIO": "39075 - Santander", "COD_MUNICIPIO": "39075", "DISTRITO": "02", "SECCION": "3907502005", "V1_H": 80.53, "V1_M": 86.43, "V2_H": 80.43347749, "V2_M": 86.30479166000001, "V3_H": 80.8868878, "V3_M": 86.74881461 }, "geometry": { "type": "Polygon", "coordinates": [ [ [ -3.8188858, 43.4614259 ], [ -3.8192026, 43.4616522 ], [ -3.8194545, 43.4618167 ], [ -3.8196783, 43.4619703 ], [ -3.8199737, 43.4619251 ], [ -3.8204594, 43.4618346 ], [ -3.8212844, 43.4616881 ], [ -3.8213367, 43.461698 ], [ -3.8213462, 43.4616459 ], [ -3.8213848, 43.4615979 ], [ -3.8214365, 43.4615523 ], [ -3.8215178, 43.4615207 ], [ -3.8216026, 43.4615035 ], [ -3.8217757, 43.4614831 ], [ -3.8219392, 43.4614796 ], [ -3.8221386, 43.461471 ], [ -3.8223282, 43.4614625 ], [ -3.8224817, 43.4614519 ], [ -3.8224805, 43.461448 ], [ -3.8224654, 43.4613981 ], [ -3.8224674, 43.4613979 ], [ -3.8224527, 43.4612987 ], [ -3.8223274, 43.4611349 ], [ -3.8221096, 43.460773 ], [ -3.8220307, 43.4605967 ], [ -3.8220184, 43.4606 ], [ -3.8207575, 43.46094 ], [ -3.8206554, 43.4609675 ], [ -3.8194987, 43.4612714 ], [ -3.8188858, 43.4614259 ] ] ] } },
{ "type": "Feature", "properties": { "CCAA": "06 - Cantabria", "PROVINCIA": "39 - Cantabria", "MUNICIPIO": "39075 - Santander", "COD_MUNICIPIO": "39075", "DISTRITO": "02", "SECCION": "3907502012", "V1_H": 80.72, "V1_M": 86.56, "V2_H": 80.63016227, "V2_M": 86.55369361, "V3_H": 80.94352394000001, "V3_M": 86.74641221 }, "geometry": { "type": "Polygon", "coordinates": [ [ [ -3.8244929, 43.4589831 ], [ -3.8249487, 43.4598021 ], [ -3.824947, 43.4598028 ], [ -3.8249632, 43.459832 ], [ -3.8263487, 43.4594875 ], [ -3.8263485, 43.4594866 ], [ -3.8265415, 43.4592711 ], [ -3.8265055, 43.4590654 ], [ -3.8263842, 43.458703 ], [ -3.8261622, 43.458615 ], [ -3.8261468, 43.458623 ], [ -3.8256859, 43.458696 ], [ -3.8245259, 43.4589707 ], [ -3.8244929, 43.4589831 ] ] ] } },
{ "type": "Feature", "properties": { "CCAA": "06 - Cantabria", "PROVINCIA": "39 - Cantabria", "MUNICIPIO": "39075 - Santander", "COD_MUNICIPIO": "39075", "DISTRITO": "02", "SECCION": "3907502014", "V1_H": 81.72, "V1_M": 86.96, "V2_H": 81.44760383000001, "V2_M": 86.83587728000001, "V3_H": 82.03657934, "V3_M": 87.26058658 }, "geometry": { "type": "Polygon", "coordinates": [ [ [ -3.8304956, 43.4572523 ], [ -3.8309034, 43.4572628 ], [ -3.8309245, 43.4572823 ], [ -3.8309634, 43.4573704 ], [ -3.8312505, 43.4575603 ], [ -3.8317025, 43.4578801 ], [ -3.8320996, 43.4581576 ], [ -3.8323658, 43.4583507 ], [ -3.832472, 43.4584718 ], [ -3.8326177, 43.4587207 ], [ -3.8326906, 43.4588542 ], [ -3.832788, 43.4589358 ], [ -3.8330894, 43.4592536 ], [ -3.8333608, 43.4595229 ], [ -3.8335816, 43.4597559 ], [ -3.8336721, 43.4598569 ], [ -3.8337156, 43.4598291 ], [ -3.8343008, 43.4596822 ], [ -3.8348636, 43.4594721 ], [ -3.8355201, 43.4592394 ], [ -3.8356413, 43.4589038 ], [ -3.8359009, 43.4586266 ], [ -3.8362405, 43.4583363 ], [ -3.8365061, 43.4580883 ], [ -3.8365964, 43.4579875 ], [ -3.8365955, 43.4579787 ], [ -3.8372265, 43.4579404 ], [ -3.8371971, 43.4577072 ], [ -3.8373435, 43.457656 ], [ -3.8375494, 43.4576426 ], [ -3.8375598, 43.4572786 ], [ -3.8373129, 43.4572595 ], [ -3.8367346, 43.4571212 ], [ -3.8365016, 43.4570731 ], [ -3.8359929, 43.4569681 ], [ -3.8351959, 43.4567442 ], [ -3.8343446, 43.4565286 ], [ -3.8339953, 43.4564439 ], [ -3.8335264, 43.4563523 ], [ -3.8329931, 43.4563245 ], [ -3.8324398, 43.4564235 ], [ -3.8319422, 43.4566253 ], [ -3.8311213, 43.4570353 ], [ -3.8307299, 43.4571482 ], [ -3.8305579, 43.4571978 ], [ -3.8304956, 43.4572523 ] ] ] } },
{ "type": "Feature", "properties": { "CCAA": "06 - Cantabria", "PROVINCIA": "39 - Cantabria", "MUNICIPIO": "39075 - Santander", "COD_MUNICIPIO": "39075", "DISTRITO": "03", "SECCION": "3907503010", "V1_H": 81.47, "V1_M": 86.75, "V2_H": 81.12898066, "V2_M": 86.51613614, "V3_H": 81.81510349, "V3_M": 87.06728245 }, "geometry": { "type": "Polygon", "coordinates": [ [ [ -3.7969743, 43.4649903 ], [ -3.7970112, 43.4651221 ], [ -3.7970109, 43.465123 ], [ -3.7971293, 43.4653028 ], [ -3.7971382, 43.4653077 ], [ -3.7971382, 43.4653134 ], [ -3.7971865, 43.4653532 ], [ -3.7971522, 43.4657251 ], [ -3.7972778, 43.4661122 ], [ -3.7973542, 43.4660988 ], [ -3.7974754, 43.4660775 ], [ -3.7981321, 43.4656759 ], [ -3.7984776, 43.4652934 ], [ -3.7992946, 43.4652367 ], [ -3.7997306, 43.4652279 ], [ -3.7999861, 43.4652315 ], [ -3.800016, 43.4652319 ], [ -3.799974, 43.4652078 ], [ -3.7999247, 43.4649339 ], [ -3.7998517, 43.4645937 ], [ -3.7998483, 43.4643365 ], [ -3.7998278, 43.464331 ], [ -3.7990887, 43.4643872 ], [ -3.7985643, 43.4644514 ], [ -3.7981556, 43.4645015 ], [ -3.7976891, 43.4645615 ], [ -3.7972773, 43.4646324 ], [ -3.7969199, 43.4646916 ], [ -3.7969224, 43.4647103 ], [ -3.7969285, 43.4647539 ], [ -3.7969621, 43.4649466 ], [ -3.7969743, 43.4649903 ] ] ] } },
{ "type": "Feature", "properties": { "CCAA": "06 - Cantabria", "PROVINCIA": "39 - Cantabria", "MUNICIPIO": "39075 - Santander", "COD_MUNICIPIO": "39075", "DISTRITO": "03", "SECCION": "3907503012", "V1_H": 81.47, "V1_M": 86.8, "V2_H": 81.3148143, "V2_M": 86.48589846, "V3_H": 81.69126572, "V3_M": 87.1320201 }, "geometry": { "type": "Polygon", "coordinates": [ [ [ -3.7924815, 43.4661194 ], [ -3.7926621, 43.4667337 ], [ -3.7926735, 43.4667743 ], [ -3.7927828, 43.4671603 ], [ -3.7940844, 43.466971 ], [ -3.7956012, 43.4667274 ], [ -3.7966774, 43.4664286 ], [ -3.7973542, 43.4660988 ], [ -3.7972778, 43.4661122 ], [ -3.7971522, 43.4657251 ], [ -3.7971865, 43.4653532 ], [ -3.7971382, 43.4653134 ], [ -3.7971382, 43.4653077 ], [ -3.7971293, 43.4653028 ], [ -3.7970109, 43.465123 ], [ -3.7970112, 43.4651221 ], [ -3.7969743, 43.4649903 ], [ -3.796581, 43.46518 ], [ -3.7960237, 43.4653879 ], [ -3.7954955, 43.4655226 ], [ -3.7951772, 43.4656559 ], [ -3.7945196, 43.4658353 ], [ -3.7935115, 43.465988 ], [ -3.7924815, 43.4661194 ] ] ] } },
{ "type": "Feature", "properties": { "CCAA": "06 - Cantabria", "PROVINCIA": "39 - Cantabria", "MUNICIPIO": "39075 - Santander", "COD_MUNICIPIO": "39075", "DISTRITO": "04", "SECCION": "3907504002", "V1_H": 81.9, "V1_M": 87.09, "V2_H": 81.63118556000001, "V2_M": 87.01244814, "V3_H": 82.24024873, "V3_M": 87.26921271000001 }, "geometry": { "type": "Polygon", "coordinates": [ [ [ -3.7980669, 43.4618727 ], [ -3.7982826, 43.4629389 ], [ -3.7983964, 43.4635048 ], [ -3.7984904, 43.4640757 ], [ -3.7985643, 43.4644514 ], [ -3.7990887, 43.4643872 ], [ -3.7998278, 43.464331 ], [ -3.7998483, 43.4643365 ], [ -3.8001903, 43.4643088 ], [ -3.8006744, 43.4642838 ], [ -3.8007928, 43.4641014 ], [ -3.8010717, 43.4638031 ], [ -3.8012886, 43.4635101 ], [ -3.8013565, 43.4634293 ], [ -3.801197, 43.4633701 ], [ -3.8009332, 43.4632313 ], [ -3.800884, 43.4631663 ], [ -3.8007736, 43.463162 ], [ -3.8007143, 43.4628509 ], [ -3.8006404, 43.4624747 ], [ -3.8006537, 43.4624444 ], [ -3.800639, 43.4623691 ], [ -3.8006161, 43.4622085 ], [ -3.8005215, 43.4614404 ], [ -3.7981811, 43.4618802 ], [ -3.7980669, 43.4618727 ] ] ] } },
{ "type": "Feature", "properties": { "CCAA": "06 - Cantabria", "PROVINCIA": "39 - Cantabria", "MUNICIPIO": "39075 - Santander", "COD_MUNICIPIO": "39075", "DISTRITO": "04", "SECCION": "3907504004", "V1_H": 82.27, "V1_M": 87.07, "V2_H": 81.979544, "V2_M": 86.90367115, "V3_H": 82.63571561000001, "V3_M": 87.32539334000001 }, "geometry": { "type": "Polygon", "coordinates": [ [ [ -3.7956791, 43.4639596 ], [ -3.7957826, 43.4639811 ], [ -3.7960368, 43.4639608 ], [ -3.7963098, 43.4639311 ], [ -3.7966182, 43.4639146 ], [ -3.7965181, 43.4633187 ], [ -3.7967936, 43.4631204 ], [ -3.7967642, 43.4628013 ], [ -3.7968548, 43.4626348 ], [ -3.7971788, 43.4622765 ], [ -3.797488, 43.4618345 ], [ -3.7971857, 43.4618147 ], [ -3.7972252, 43.4615538 ], [ -3.7966023, 43.4615112 ], [ -3.79657, 43.4617773 ], [ -3.7923162, 43.461468 ], [ -3.7922986, 43.4616583 ], [ -3.7969457, 43.4620561 ], [ -3.796893, 43.4622161 ], [ -3.7969373, 43.4622231 ], [ -3.7960166, 43.4627078 ], [ -3.7922419, 43.4622716 ], [ -3.7918462, 43.4622259 ], [ -3.7916148, 43.4628079 ], [ -3.7910222, 43.463201 ], [ -3.7903882, 43.4633536 ], [ -3.7899619, 43.4635328 ], [ -3.79062, 43.4635744 ], [ -3.7917395, 43.4635921 ], [ -3.7924201, 43.463606 ], [ -3.7928526, 43.4636169 ], [ -3.7931208, 43.463703 ], [ -3.7932617, 43.4637762 ], [ -3.7936371, 43.4637921 ], [ -3.7939613, 43.4637852 ], [ -3.7943874, 43.4637823 ], [ -3.7948452, 43.4637838 ], [ -3.7953982, 43.463766 ], [ -3.7956207, 43.4637552 ], [ -3.7956598, 43.4638337 ], [ -3.7956791, 43.4639596 ] ] ] } },
{ "type": "Feature", "properties": { "CCAA": "06 - Cantabria", "PROVINCIA": "39 - Cantabria", "MUNICIPIO": "39075 - Santander", "COD_MUNICIPIO": "39075", "DISTRITO": "05", "SECCION": "3907505013", "V1_H": 80.99, "V1_M": 86.66, "V2_H": 80.84822772, "V2_M": 86.63128417, "V3_H": 81.25601163, "V3_M": 86.83891366 }, "geometry": { "type": "Polygon", "coordinates": [ [ [ -3.811396, 43.4556868 ], [ -3.8115167, 43.4559074 ], [ -3.8127844, 43.4555761 ], [ -3.8128283, 43.4555646 ], [ -3.8139405, 43.4552628 ], [ -3.8139742, 43.4552536 ], [ -3.8149823, 43.4549801 ], [ -3.8151353, 43.4549386 ], [ -3.8159981, 43.4546778 ], [ -3.8167189, 43.4544599 ], [ -3.8167181, 43.4543723 ], [ -3.8166935, 43.4543784 ], [ -3.8160737, 43.4543117 ], [ -3.8153227, 43.4541865 ], [ -3.8142885, 43.4535768 ], [ -3.813551, 43.453238 ], [ -3.8127496, 43.4542048 ], [ -3.811396, 43.4556868 ] ] ] } },
{ "type": "Feature", "properties": { "CCAA": "06 - Cantabria", "PROVINCIA": "39 - Cantabria", "MUNICIPIO": "39075 - Santander", "COD_MUNICIPIO": "39075", "DISTRITO": "05", "SECCION": "3907505015", "V1_H": 79.92, "V1_M": 85.8, "V2_H": 79.90391364, "V2_M": 85.68196434, "V3_H": 80.09820982, "V3_M": 86.14356104 }, "geometry": { "type": "Polygon", "coordinates": [ [ [ -3.822461, 43.4528677 ], [ -3.8229917, 43.4538434 ], [ -3.823588, 43.4536801 ], [ -3.8240643, 43.4535505 ], [ -3.8235446, 43.45259 ], [ -3.8231206, 43.4526949 ], [ -3.822461, 43.4528677 ] ] ] } },
{ "type": "Feature", "properties": { "CCAA": "06 - Cantabria", "PROVINCIA": "39 - Cantabria", "MUNICIPIO": "39075 - Santander", "COD_MUNICIPIO": "39075", "DISTRITO": "06", "SECCION": "3907506007", "V1_H": 80.02, "V1_M": 86.02, "V2_H": 79.96138623, "V2_M": 86.18252023, "V3_H": 80.18726569, "V3_M": 86.15258899 }, "geometry": { "type": "Polygon", "coordinates": [ [ [ -3.8212656, 43.4560814 ], [ -3.8214948, 43.4564074 ], [ -3.8215046, 43.4564091 ], [ -3.821566, 43.4565062 ], [ -3.821628, 43.4564915 ], [ -3.8218627, 43.4564398 ], [ -3.8223192, 43.456334 ], [ -3.8225508, 43.4562895 ], [ -3.8226409, 43.4562934 ], [ -3.8226719, 43.4562981 ], [ -3.8227181, 43.4563312 ], [ -3.822745, 43.4563834 ], [ -3.822749, 43.4564382 ], [ -3.8227008, 43.4565004 ], [ -3.8225647, 43.4565943 ], [ -3.8223605, 43.4567316 ], [ -3.8221729, 43.4568854 ], [ -3.8219816, 43.4570059 ], [ -3.8218098, 43.4571215 ], [ -3.8216606, 43.4572131 ], [ -3.8214168, 43.4573173 ], [ -3.8210095, 43.4574322 ], [ -3.8206662, 43.4575169 ], [ -3.8207116, 43.4576515 ], [ -3.8207491, 43.4578206 ], [ -3.8219067, 43.4577012 ], [ -3.8226048, 43.4576453 ], [ -3.8232991, 43.4575616 ], [ -3.8235688, 43.4575388 ], [ -3.8234933, 43.4573625 ], [ -3.8234268, 43.4570618 ], [ -3.8233702, 43.4569088 ], [ -3.8233122, 43.4566648 ], [ -3.8232537, 43.4563697 ], [ -3.823172, 43.4561032 ], [ -3.8231634, 43.4560561 ], [ -3.8231215, 43.4558252 ], [ -3.8230823, 43.4555712 ], [ -3.82299, 43.4555962 ], [ -3.822506, 43.4557273 ], [ -3.8219213, 43.4559 ], [ -3.8218262, 43.4559257 ], [ -3.8217457, 43.4559474 ], [ -3.8216849, 43.4559639 ], [ -3.8216297, 43.4559794 ], [ -3.8213543, 43.4560566 ], [ -3.821339, 43.4560609 ], [ -3.8212656, 43.4560814 ] ] ] } },
{ "type": "Feature", "properties": { "CCAA": "06 - Cantabria", "PROVINCIA": "39 - Cantabria", "MUNICIPIO": "39075 - Santander", "COD_MUNICIPIO": "39075", "DISTRITO": "01", "SECCION": "3907501003", "V1_H": 81.13, "V1_M": 86.76, "V2_H": 80.8252038, "V2_M": 86.73512652, "V3_H": 81.48774648, "V3_M": 86.92091474 }, "geometry": { "type": "Polygon", "coordinates": [ [ [ -3.8037692, 43.4639011 ], [ -3.8037714, 43.4639135 ], [ -3.8038673, 43.4639013 ], [ -3.8045028, 43.4638206 ], [ -3.8054336, 43.4637346 ], [ -3.8061865, 43.4636479 ], [ -3.8066883, 43.4636517 ], [ -3.8076316, 43.463645 ], [ -3.8076209, 43.463594 ], [ -3.8074757, 43.4632441 ], [ -3.8064627, 43.4632878 ], [ -3.8061016, 43.4632976 ], [ -3.8055569, 43.4630895 ], [ -3.8054351, 43.462988 ], [ -3.8053955, 43.4628626 ], [ -3.8053199, 43.4626233 ], [ -3.8044897, 43.4628338 ], [ -3.8039702, 43.4630056 ], [ -3.8036101, 43.4630959 ], [ -3.8037172, 43.4636068 ], [ -3.8037692, 43.4639011 ] ] ] } },
{ "type": "Feature", "properties": { "CCAA": "06 - Cantabria", "PROVINCIA": "39 - Cantabria", "MUNICIPIO": "39075 - Santander", "COD_MUNICIPIO": "39075", "DISTRITO": "02", "SECCION": "3907502007", "V1_H": 80.78, "V1_M": 86.63, "V2_H": 80.78050334, "V2_M": 86.59104663, "V3_H": 80.85502768000001, "V3_M": 86.88271981 }, "geometry": { "type": "Polygon", "coordinates": [ [ [ -3.8213367, 43.461698 ], [ -3.8215239, 43.4617333 ], [ -3.8219481, 43.461844 ], [ -3.8222986, 43.4619486 ], [ -3.8225297, 43.4620473 ], [ -3.8224317, 43.4622756 ], [ -3.8225072, 43.4624223 ], [ -3.8227748, 43.4625074 ], [ -3.8230609, 43.4625923 ], [ -3.82338, 43.4626827 ], [ -3.8239797, 43.4621063 ], [ -3.8243244, 43.4617612 ], [ -3.8248111, 43.4612711 ], [ -3.8252134, 43.4608119 ], [ -3.8242232, 43.4609641 ], [ -3.824225, 43.4609676 ], [ -3.8238237, 43.4610443 ], [ -3.8235173, 43.4611204 ], [ -3.8229961, 43.4612743 ], [ -3.8227746, 43.4613449 ], [ -3.8225437, 43.4614395 ], [ -3.8224805, 43.461448 ], [ -3.8224817, 43.4614519 ], [ -3.8223282, 43.4614625 ], [ -3.8221386, 43.461471 ], [ -3.8219392, 43.4614796 ], [ -3.8217757, 43.4614831 ], [ -3.8216026, 43.4615035 ], [ -3.8215178, 43.4615207 ], [ -3.8214365, 43.4615523 ], [ -3.8213848, 43.4615979 ], [ -3.8213462, 43.4616459 ], [ -3.8213367, 43.461698 ] ] ] } },
{ "type": "Feature", "properties": { "CCAA": "06 - Cantabria", "PROVINCIA": "39 - Cantabria", "MUNICIPIO": "39075 - Santander", "COD_MUNICIPIO": "39075", "DISTRITO": "02", "SECCION": "3907502008", "V1_H": 80.01, "V1_M": 85.96, "V2_H": 79.87654463, "V2_M": 85.8497366, "V3_H": 80.24882261, "V3_M": 86.17409879 }, "geometry": { "type": "Polygon", "coordinates": [ [ [ -3.82338, 43.4626827 ], [ -3.8226524, 43.4634939 ], [ -3.8227164, 43.4634839 ], [ -3.8230577, 43.4634305 ], [ -3.8232971, 43.4633603 ], [ -3.8240842, 43.4631468 ], [ -3.8241916, 43.4631178 ], [ -3.8250775, 43.462857 ], [ -3.8255274, 43.4627066 ], [ -3.8260953, 43.4625167 ], [ -3.826957, 43.4622835 ], [ -3.8274287, 43.4621559 ], [ -3.8283559, 43.4618767 ], [ -3.8291327, 43.4616474 ], [ -3.8291096, 43.4616065 ], [ -3.8290796, 43.4615847 ], [ -3.8290312, 43.4615495 ], [ -3.8290161, 43.4615387 ], [ -3.8290041, 43.4615292 ], [ -3.8289921, 43.4615196 ], [ -3.8289804, 43.4615098 ], [ -3.8289605, 43.4614928 ], [ -3.8289486, 43.4614823 ], [ -3.8289369, 43.4614715 ], [ -3.8289252, 43.4614607 ], [ -3.8289138, 43.4614498 ], [ -3.8289026, 43.4614389 ], [ -3.8288918, 43.4614276 ], [ -3.828881, 43.4614165 ], [ -3.8288703, 43.4614051 ], [ -3.82886, 43.4613937 ], [ -3.8288542, 43.4613872 ], [ -3.8288498, 43.4613822 ], [ -3.8288421, 43.4613718 ], [ -3.8288203, 43.4613381 ], [ -3.8287779, 43.4613301 ], [ -3.8284892, 43.4610203 ], [ -3.8284303, 43.4610553 ], [ -3.8284267, 43.4610508 ], [ -3.8283594, 43.4610927 ], [ -3.8283362, 43.4610627 ], [ -3.8283357, 43.4610629 ], [ -3.828063, 43.4607065 ], [ -3.8279701, 43.4606071 ], [ -3.8279698, 43.4606079 ], [ -3.8279662, 43.4606159 ], [ -3.8279646, 43.460614 ], [ -3.827932, 43.4606259 ], [ -3.8271375, 43.4609167 ], [ -3.825773, 43.4614352 ], [ -3.8250366, 43.4616827 ], [ -3.8243244, 43.4617612 ], [ -3.8239797, 43.4621063 ], [ -3.82338, 43.4626827 ] ] ] } },
{ "type": "Feature", "properties": { "CCAA": "06 - Cantabria", "PROVINCIA": "39 - Cantabria", "MUNICIPIO": "39075 - Santander", "COD_MUNICIPIO": "39075", "DISTRITO": "02", "SECCION": "3907502025", "V1_H": 80.99, "V1_M": 86.66, "V2_H": 80.84822772, "V2_M": 86.63128417, "V3_H": 81.25601163, "V3_M": 86.83891366 }, "geometry": { "type": "Polygon", "coordinates": [ [ [ -3.820277, 43.4600944 ], [ -3.8207575, 43.46094 ], [ -3.8220184, 43.4606 ], [ -3.8220307, 43.4605967 ], [ -3.8218853, 43.4602997 ], [ -3.8217684, 43.4600523 ], [ -3.8216146, 43.4597558 ], [ -3.8212507, 43.4598498 ], [ -3.821198, 43.4598634 ], [ -3.820277, 43.4600944 ] ] ] } },
{ "type": "Feature", "properties": { "CCAA": "06 - Cantabria", "PROVINCIA": "39 - Cantabria", "MUNICIPIO": "39075 - Santander", "COD_MUNICIPIO": "39075", "DISTRITO": "02", "SECCION": "3907502026", "V1_H": 80.61, "V1_M": 86.39, "V2_H": 80.33359214, "V2_M": 86.26240397, "V3_H": 81.01911703, "V3_M": 86.63389387 }, "geometry": { "type": "Polygon", "coordinates": [ [ [ -3.8220307, 43.4605967 ], [ -3.8221096, 43.460773 ], [ -3.8223274, 43.4611349 ], [ -3.8224527, 43.4612987 ], [ -3.8224674, 43.4613979 ], [ -3.8224654, 43.4613981 ], [ -3.8224805, 43.461448 ], [ -3.8225437, 43.4614395 ], [ -3.8227746, 43.4613449 ], [ -3.8229961, 43.4612743 ], [ -3.8235173, 43.4611204 ], [ -3.8238237, 43.4610443 ], [ -3.824225, 43.4609676 ], [ -3.8242232, 43.4609641 ], [ -3.8242025, 43.4609233 ], [ -3.8242016, 43.4609235 ], [ -3.8240164, 43.4606213 ], [ -3.8236777, 43.4601636 ], [ -3.8236552, 43.4601679 ], [ -3.8236114, 43.4601762 ], [ -3.822916, 43.4603871 ], [ -3.8222863, 43.4605369 ], [ -3.8220707, 43.4605748 ], [ -3.8220307, 43.4605967 ] ] ] } },
{ "type": "Feature", "properties": { "CCAA": "06 - Cantabria", "PROVINCIA": "39 - Cantabria", "MUNICIPIO": "39075 - Santander", "COD_MUNICIPIO": "39075", "DISTRITO": "03", "SECCION": "3907503013", "V1_H": 80.06, "V1_M": 86.12, "V2_H": 80.10460866, "V2_M": 86.20761786, "V3_H": 80.17898723, "V3_M": 86.18020212 }, "geometry": { "type": "Polygon", "coordinates": [ [ [ -3.8020667, 43.4675067 ], [ -3.8025831, 43.4675043 ], [ -3.8029414, 43.4674861 ], [ -3.8033642, 43.4674727 ], [ -3.8039018, 43.467448 ], [ -3.8041812, 43.4674356 ], [ -3.8042221, 43.4674361 ], [ -3.8042265, 43.4673384 ], [ -3.8042136, 43.4670083 ], [ -3.8042141, 43.4668339 ], [ -3.8042068, 43.4667461 ], [ -3.8041754, 43.4667473 ], [ -3.8040711, 43.4667546 ], [ -3.8038852, 43.4667559 ], [ -3.8037311, 43.4667735 ], [ -3.8035678, 43.4667714 ], [ -3.8035654, 43.4665897 ], [ -3.803573, 43.4663112 ], [ -3.8035795, 43.4662831 ], [ -3.8035518, 43.4662502 ], [ -3.8035105, 43.4662175 ], [ -3.8034829, 43.4661863 ], [ -3.8034803, 43.4661565 ], [ -3.8034815, 43.4660822 ], [ -3.8034785, 43.4660244 ], [ -3.8034814, 43.4659021 ], [ -3.803485, 43.4658327 ], [ -3.8034844, 43.4657864 ], [ -3.8034889, 43.4656129 ], [ -3.8034874, 43.4654956 ], [ -3.8034985, 43.4654275 ], [ -3.8032411, 43.4654077 ], [ -3.8030499, 43.4653978 ], [ -3.8030081, 43.4653567 ], [ -3.8029713, 43.465308 ], [ -3.8029139, 43.4652633 ], [ -3.8028571, 43.4652637 ], [ -3.8027177, 43.4652647 ], [ -3.8026145, 43.4652692 ], [ -3.8024883, 43.4652728 ], [ -3.8024325, 43.4653379 ], [ -3.8022416, 43.4653934 ], [ -3.8022622, 43.4655464 ], [ -3.802243, 43.4655751 ], [ -3.8022822, 43.4658202 ], [ -3.8022136, 43.4658278 ], [ -3.802273, 43.466593 ], [ -3.8022772, 43.4666029 ], [ -3.8022739, 43.4666035 ], [ -3.8019839, 43.4666572 ], [ -3.8020246, 43.4670225 ], [ -3.8020498, 43.4673044 ], [ -3.8020667, 43.4675067 ] ] ] } },
{ "type": "Feature", "properties": { "CCAA": "06 - Cantabria", "PROVINCIA": "39 - Cantabria", "MUNICIPIO": "39075 - Santander", "COD_MUNICIPIO": "39075", "DISTRITO": "04", "SECCION": "3907504001", "V1_H": 82.11, "V1_M": 87.17, "V2_H": 81.68538902, "V2_M": 87.16795144, "V3_H": 82.5577829, "V3_M": 87.30202001000001 }, "geometry": { "type": "Polygon", "coordinates": [ [ [ -3.8006744, 43.4642838 ], [ -3.8007489, 43.46428 ], [ -3.8014109, 43.4643003 ], [ -3.802003, 43.464213 ], [ -3.8026931, 43.4641243 ], [ -3.8027643, 43.4641059 ], [ -3.8030733, 43.4640398 ], [ -3.803382, 43.4639549 ], [ -3.8035878, 43.4639008 ], [ -3.8037692, 43.4639011 ], [ -3.8037172, 43.4636068 ], [ -3.8036101, 43.4630959 ], [ -3.8035689, 43.462929 ], [ -3.8034941, 43.462534 ], [ -3.803477, 43.4623008 ], [ -3.8035062, 43.4621482 ], [ -3.803474, 43.4619651 ], [ -3.8033703, 43.4613745 ], [ -3.8032112, 43.4605566 ], [ -3.8026182, 43.4608496 ], [ -3.8015602, 43.4612453 ], [ -3.8005215, 43.4614404 ], [ -3.8006161, 43.4622085 ], [ -3.800639, 43.4623691 ], [ -3.8006537, 43.4624444 ], [ -3.8006404, 43.4624747 ], [ -3.8007143, 43.4628509 ], [ -3.8007736, 43.463162 ], [ -3.800884, 43.4631663 ], [ -3.8009332, 43.4632313 ], [ -3.801197, 43.4633701 ], [ -3.8013565, 43.4634293 ], [ -3.8012886, 43.4635101 ], [ -3.8010717, 43.4638031 ], [ -3.8007928, 43.4641014 ], [ -3.8006744, 43.4642838 ] ] ] } },
{ "type": "Feature", "properties": { "CCAA": "06 - Cantabria", "PROVINCIA": "39 - Cantabria", "MUNICIPIO": "39075 - Santander", "COD_MUNICIPIO": "39075", "DISTRITO": "05", "SECCION": "3907505001", "V1_H": 82.53, "V1_M": 87.34, "V2_H": 82.38507422000001, "V2_M": 87.19104055, "V3_H": 82.74254947, "V3_M": 87.61225513 }, "geometry": { "type": "Polygon", "coordinates": [ [ [ -3.8054673, 43.4588526 ], [ -3.8059892, 43.4602677 ], [ -3.8062126, 43.461072 ], [ -3.8063549, 43.461102 ], [ -3.806318, 43.4615259 ], [ -3.8095185, 43.4613794 ], [ -3.8095175, 43.4613775 ], [ -3.8094382, 43.4612086 ], [ -3.8082005, 43.4586711 ], [ -3.8081316, 43.4585299 ], [ -3.8076823, 43.4576087 ], [ -3.8064637, 43.4584645 ], [ -3.8057657, 43.4589788 ], [ -3.8057037, 43.4590244 ], [ -3.8056873, 43.459013 ], [ -3.8056744, 43.4590124 ], [ -3.8056307, 43.4589865 ], [ -3.8056495, 43.4589719 ], [ -3.8055769, 43.4589198 ], [ -3.8055572, 43.4589355 ], [ -3.8055161, 43.4589062 ], [ -3.8055261, 43.4588965 ], [ -3.8055136, 43.4588881 ], [ -3.8054919, 43.4588741 ], [ -3.8054673, 43.4588526 ] ] ] } },
{ "type": "Feature", "properties": { "CCAA": "06 - Cantabria", "PROVINCIA": "39 - Cantabria", "MUNICIPIO": "39075 - Santander", "COD_MUNICIPIO": "39075", "DISTRITO": "05", "SECCION": "3907505002", "V1_H": 82.11, "V1_M": 87.17, "V2_H": 81.68538902, "V2_M": 87.16795144, "V3_H": 82.5577829, "V3_M": 87.30202001000001 }, "geometry": { "type": "Polygon", "coordinates": [ [ [ -3.8082005, 43.4586711 ], [ -3.8094382, 43.4612086 ], [ -3.8095175, 43.4613775 ], [ -3.809736, 43.4609599 ], [ -3.8096428, 43.4605865 ], [ -3.8096085, 43.4604724 ], [ -3.8096048, 43.460439 ], [ -3.8097242, 43.4603191 ], [ -3.8097731, 43.4603044 ], [ -3.8099297, 43.4602795 ], [ -3.8101356, 43.4602614 ], [ -3.8103219, 43.4602529 ], [ -3.8104395, 43.4602473 ], [ -3.8104393, 43.4602461 ], [ -3.810435, 43.4602201 ], [ -3.8104354, 43.4602201 ], [ -3.8104015, 43.4599552 ], [ -3.8101465, 43.4599305 ], [ -3.8100403, 43.4596971 ], [ -3.8105477, 43.4595433 ], [ -3.8108028, 43.4594779 ], [ -3.8108136, 43.4594751 ], [ -3.8101011, 43.4581652 ], [ -3.8082005, 43.4586711 ] ] ] } },
{ "type": "Feature", "properties": { "CCAA": "06 - Cantabria", "PROVINCIA": "39 - Cantabria", "MUNICIPIO": "39075 - Santander", "COD_MUNICIPIO": "39075", "DISTRITO": "06", "SECCION": "3907506004", "V1_H": 80.63, "V1_M": 86.52, "V2_H": 80.3855305, "V2_M": 86.44800565, "V3_H": 80.88841766, "V3_M": 86.66780776 }, "geometry": { "type": "Polygon", "coordinates": [ [ [ -3.8104393, 43.4602461 ], [ -3.8113795, 43.4603431 ], [ -3.8119711, 43.4603087 ], [ -3.8119713, 43.4603098 ], [ -3.8129466, 43.4601463 ], [ -3.8137712, 43.46002 ], [ -3.8144464, 43.4599141 ], [ -3.8146509, 43.4598162 ], [ -3.8150989, 43.4596914 ], [ -3.8154827, 43.459567 ], [ -3.8162119, 43.4593372 ], [ -3.8162272, 43.459345 ], [ -3.8165912, 43.4592052 ], [ -3.8172544, 43.4589907 ], [ -3.8178194, 43.4588358 ], [ -3.818106, 43.4587793 ], [ -3.8180506, 43.4585949 ], [ -3.8179816, 43.4582093 ], [ -3.8179486, 43.4580383 ], [ -3.8179319, 43.4579361 ], [ -3.8178992, 43.4578782 ], [ -3.8178872, 43.457841 ], [ -3.8178855, 43.4578076 ], [ -3.8178912, 43.4577545 ], [ -3.8178993, 43.4576939 ], [ -3.8179011, 43.4576409 ], [ -3.8178759, 43.4575732 ], [ -3.8178327, 43.4574962 ], [ -3.8178028, 43.4574518 ], [ -3.8177896, 43.457424 ], [ -3.8175976, 43.4572636 ], [ -3.8175992, 43.4572625 ], [ -3.8175751, 43.4572709 ], [ -3.8173746, 43.4574391 ], [ -3.817213, 43.4575832 ], [ -3.8169731, 43.4577422 ], [ -3.8165908, 43.458007 ], [ -3.8163834, 43.4581466 ], [ -3.8161496, 43.4582722 ], [ -3.81587, 43.4583981 ], [ -3.815564, 43.4585051 ], [ -3.8151666, 43.4586223 ], [ -3.8146648, 43.458764 ], [ -3.8133548, 43.4591164 ], [ -3.8125402, 43.4593414 ], [ -3.8118819, 43.4595176 ], [ -3.8114583, 43.4596349 ], [ -3.8109694, 43.4597623 ], [ -3.8108028, 43.4594779 ], [ -3.8105477, 43.4595433 ], [ -3.8100403, 43.4596971 ], [ -3.8101465, 43.4599305 ], [ -3.8104015, 43.4599552 ], [ -3.8104354, 43.4602201 ], [ -3.810435, 43.4602201 ], [ -3.8104393, 43.4602461 ] ] ] } },
{ "type": "Feature", "properties": { "CCAA": "06 - Cantabria", "PROVINCIA": "39 - Cantabria", "MUNICIPIO": "39075 - Santander", "COD_MUNICIPIO": "39075", "DISTRITO": "07", "SECCION": "3907507005", "V1_H": 80.56, "V1_M": 86.09, "V2_H": 80.29410508, "V2_M": 85.89209003000001, "V3_H": 80.91212464, "V3_M": 86.35342073 }, "geometry": { "type": "Polygon", "coordinates": [ [ [ -3.8173753, 43.4655376 ], [ -3.8175747, 43.4657222 ], [ -3.817687, 43.4658518 ], [ -3.8178012, 43.466012 ], [ -3.8178743, 43.4661227 ], [ -3.8179521, 43.4662355 ], [ -3.8179967, 43.4663055 ], [ -3.8180286, 43.4663614 ], [ -3.8181615, 43.4665192 ], [ -3.8183689, 43.4666584 ], [ -3.8185872, 43.4671422 ], [ -3.8185864, 43.4675627 ], [ -3.8192793, 43.4673607 ], [ -3.8195966, 43.4672494 ], [ -3.819754, 43.4671981 ], [ -3.819656, 43.4669021 ], [ -3.8197286, 43.4664794 ], [ -3.8203312, 43.4658589 ], [ -3.82115, 43.4650086 ], [ -3.8227164, 43.4634839 ], [ -3.8226524, 43.4634939 ], [ -3.822587, 43.4635663 ], [ -3.820509, 43.4641501 ], [ -3.8191549, 43.4645814 ], [ -3.8191436, 43.4645653 ], [ -3.8183829, 43.4648776 ], [ -3.8181664, 43.4649484 ], [ -3.8179148, 43.4651908 ], [ -3.8173753, 43.4655376 ] ] ] } },
{ "type": "Feature", "properties": { "CCAA": "06 - Cantabria", "PROVINCIA": "39 - Cantabria", "MUNICIPIO": "39075 - Santander", "COD_MUNICIPIO": "39075", "DISTRITO": "07", "SECCION": "3907507008", "V1_H": 79.47, "V1_M": 85.31, "V2_H": 79.34656828, "V2_M": 85.44731594, "V3_H": 79.76976452, "V3_M": 85.31663719 }, "geometry": { "type": "Polygon", "coordinates": [ [ [ -3.8076564, 43.4685779 ], [ -3.8077586, 43.4687213 ], [ -3.807881, 43.4691394 ], [ -3.8079138, 43.469166 ], [ -3.8079062, 43.4692511 ], [ -3.8079221, 43.4693045 ], [ -3.807928, 43.4693295 ], [ -3.8080273, 43.4693391 ], [ -3.8083932, 43.4693032 ], [ -3.8089485, 43.4692468 ], [ -3.8092947, 43.4692063 ], [ -3.8094971, 43.4691762 ], [ -3.8096193, 43.4691468 ], [ -3.8096216, 43.4691795 ], [ -3.8098675, 43.4689878 ], [ -3.8100807, 43.4687862 ], [ -3.8102224, 43.4686184 ], [ -3.8102347, 43.4685659 ], [ -3.8102344, 43.4685373 ], [ -3.810219, 43.4685248 ], [ -3.810222, 43.4685211 ], [ -3.810149, 43.4683487 ], [ -3.8100649, 43.4680956 ], [ -3.8099752, 43.4678093 ], [ -3.8099322, 43.4676147 ], [ -3.809938, 43.46754 ], [ -3.8094682, 43.4675269 ], [ -3.8087441, 43.4674701 ], [ -3.8082047, 43.4673467 ], [ -3.8079318, 43.4673029 ], [ -3.8078158, 43.4676524 ], [ -3.8076926, 43.4678393 ], [ -3.8078482, 43.467884 ], [ -3.8079634, 43.4680418 ], [ -3.8077984, 43.4682382 ], [ -3.8076564, 43.4685779 ] ] ] } },
{ "type": "Feature", "properties": { "CCAA": "06 - Cantabria", "PROVINCIA": "39 - Cantabria", "MUNICIPIO": "39075 - Santander", "COD_MUNICIPIO": "39075", "DISTRITO": "02", "SECCION": "3907502010", "V1_H": 80.91, "V1_M": 86.64, "V2_H": 80.44720226, "V2_M": 86.54313262, "V3_H": 81.45534141, "V3_M": 86.89844934 }, "geometry": { "type": "Polygon", "coordinates": [ [ [ -3.8236777, 43.4601636 ], [ -3.8240164, 43.4606213 ], [ -3.8242016, 43.4609235 ], [ -3.8242025, 43.4609233 ], [ -3.8242232, 43.4609641 ], [ -3.8252134, 43.4608119 ], [ -3.8252478, 43.4607726 ], [ -3.8262037, 43.4599045 ], [ -3.826214, 43.4598824 ], [ -3.8263627, 43.459563 ], [ -3.8263487, 43.4594875 ], [ -3.8249632, 43.459832 ], [ -3.8249647, 43.4598348 ], [ -3.8246661, 43.4599156 ], [ -3.8246387, 43.4599266 ], [ -3.8240422, 43.4600762 ], [ -3.8236777, 43.4601636 ] ] ] } },
{ "type": "Feature", "properties": { "CCAA": "06 - Cantabria", "PROVINCIA": "39 - Cantabria", "MUNICIPIO": "39075 - Santander", "COD_MUNICIPIO": "39075", "DISTRITO": "02", "SECCION": "3907502023", "V1_H": 80.02, "V1_M": 86.02, "V2_H": 79.96138623, "V2_M": 86.18252023, "V3_H": 80.18726569, "V3_M": 86.15258899 }, "geometry": { "type": "Polygon", "coordinates": [ [ [ -3.8429843, 43.4597317 ], [ -3.8438157, 43.4597359 ], [ -3.8452055, 43.4596983 ], [ -3.846855, 43.459426 ], [ -3.8479603, 43.4591989 ], [ -3.84816, 43.459139 ], [ -3.8482372, 43.4591158 ], [ -3.8482409, 43.4591147 ], [ -3.8482465, 43.4590873 ], [ -3.8482304, 43.4586023 ], [ -3.8481848, 43.4584206 ], [ -3.848137, 43.4584156 ], [ -3.8481373, 43.4584175 ], [ -3.8475553, 43.4584492 ], [ -3.8469174, 43.4585086 ], [ -3.8453223, 43.4586436 ], [ -3.8449282, 43.4586739 ], [ -3.8448812, 43.4581651 ], [ -3.8445983, 43.4582707 ], [ -3.8439584, 43.4584574 ], [ -3.8436554, 43.4584857 ], [ -3.8424785, 43.4585464 ], [ -3.8422113, 43.4585873 ], [ -3.841694, 43.4586041 ], [ -3.8411771, 43.4586469 ], [ -3.8408602, 43.4586713 ], [ -3.840798, 43.4590125 ], [ -3.8406691, 43.4592841 ], [ -3.8405394, 43.4594976 ], [ -3.8400884, 43.459651 ], [ -3.8409591, 43.4596748 ], [ -3.8427071, 43.4597304 ], [ -3.8429843, 43.4597317 ] ] ] } },
{ "type": "Feature", "properties": { "CCAA": "06 - Cantabria", "PROVINCIA": "39 - Cantabria", "MUNICIPIO": "39075 - Santander", "COD_MUNICIPIO": "39075", "DISTRITO": "02", "SECCION": "3907502024", "V1_H": 79.36, "V1_M": 85.46, "V2_H": 79.32780616, "V2_M": 85.51002556, "V3_H": 79.53169609, "V3_M": 85.5666933 }, "geometry": { "type": "Polygon", "coordinates": [ [ [ -3.8448812, 43.4581651 ], [ -3.8449282, 43.4586739 ], [ -3.8453223, 43.4586436 ], [ -3.8469174, 43.4585086 ], [ -3.8475553, 43.4584492 ], [ -3.8481373, 43.4584175 ], [ -3.848137, 43.4584156 ], [ -3.8481848, 43.4584206 ], [ -3.8482304, 43.4586023 ], [ -3.8482465, 43.4590873 ], [ -3.8482409, 43.4591147 ], [ -3.8482372, 43.4591158 ], [ -3.849019, 43.4589603 ], [ -3.8490582, 43.458957 ], [ -3.8487836, 43.456933 ], [ -3.8487765, 43.4569353 ], [ -3.8485168, 43.457018 ], [ -3.8479852, 43.457207 ], [ -3.84769, 43.4573119 ], [ -3.8472277, 43.4574323 ], [ -3.8466767, 43.4575924 ], [ -3.8456995, 43.4578986 ], [ -3.8451664, 43.4580585 ], [ -3.8448812, 43.4581651 ] ] ] } },
{ "type": "Feature", "properties": { "CCAA": "06 - Cantabria", "PROVINCIA": "39 - Cantabria", "MUNICIPIO": "39075 - Santander", "COD_MUNICIPIO": "39075", "DISTRITO": "02", "SECCION": "3907502027", "V1_H": 81.37, "V1_M": 86.85, "V2_H": 81.08688328, "V2_M": 86.76748373, "V3_H": 81.75507894, "V3_M": 87.07522296 }, "geometry": { "type": "Polygon", "coordinates": [ [ [ -3.8375598, 43.4572786 ], [ -3.8375494, 43.4576426 ], [ -3.8373435, 43.457656 ], [ -3.8371971, 43.4577072 ], [ -3.8372265, 43.4579404 ], [ -3.8365955, 43.4579787 ], [ -3.8365964, 43.4579875 ], [ -3.8365061, 43.4580883 ], [ -3.8362405, 43.4583363 ], [ -3.8359009, 43.4586266 ], [ -3.8356413, 43.4589038 ], [ -3.8355201, 43.4592394 ], [ -3.8357078, 43.4591728 ], [ -3.8361298, 43.4590113 ], [ -3.8370532, 43.4589332 ], [ -3.8386398, 43.4588345 ], [ -3.839759, 43.458747 ], [ -3.8404001, 43.4587106 ], [ -3.8408022, 43.4586839 ], [ -3.8407892, 43.4585334 ], [ -3.8407312, 43.4582724 ], [ -3.8406932, 43.4578765 ], [ -3.8406576, 43.4576417 ], [ -3.8405998, 43.4574177 ], [ -3.8404891, 43.4572838 ], [ -3.8403355, 43.4571898 ], [ -3.8401174, 43.4571439 ], [ -3.8395955, 43.4571557 ], [ -3.839009, 43.4572154 ], [ -3.8383679, 43.4572518 ], [ -3.8377811, 43.4572957 ], [ -3.8375598, 43.4572786 ] ] ] } },
{ "type": "Feature", "properties": { "CCAA": "06 - Cantabria", "PROVINCIA": "39 - Cantabria", "MUNICIPIO": "39075 - Santander", "COD_MUNICIPIO": "39075", "DISTRITO": "03", "SECCION": "3907503014", "V1_H": 80.21, "V1_M": 86.35, "V2_H": 80.00126986, "V2_M": 86.33312861, "V3_H": 80.58114521, "V3_M": 86.56210486000001 }, "geometry": { "type": "Polygon", "coordinates": [ [ [ -3.7969784, 43.4684373 ], [ -3.7970036, 43.4684514 ], [ -3.798146, 43.4683918 ], [ -3.7991908, 43.4683264 ], [ -3.7998793, 43.468128 ], [ -3.799998, 43.4680951 ], [ -3.8008594, 43.4678565 ], [ -3.8011225, 43.4677117 ], [ -3.8010841, 43.4677178 ], [ -3.8010289, 43.4676704 ], [ -3.8009842, 43.4675991 ], [ -3.8009174, 43.4675119 ], [ -3.800872, 43.4673848 ], [ -3.800849, 43.4672974 ], [ -3.8008376, 43.4672656 ], [ -3.8008251, 43.4671478 ], [ -3.800817, 43.4669325 ], [ -3.8008149, 43.4667786 ], [ -3.8007779, 43.4667712 ], [ -3.8004699, 43.4667979 ], [ -3.8004258, 43.4664264 ], [ -3.8003467, 43.4663817 ], [ -3.8003292, 43.4662961 ], [ -3.800328, 43.4662056 ], [ -3.8003278, 43.4661889 ], [ -3.8003272, 43.4661436 ], [ -3.8003002, 43.4659945 ], [ -3.8004513, 43.4659858 ], [ -3.8008153, 43.4659506 ], [ -3.8008109, 43.4658484 ], [ -3.8007945, 43.4658488 ], [ -3.8007956, 43.4654494 ], [ -3.8008409, 43.465411 ], [ -3.8008177, 43.46519 ], [ -3.8007898, 43.4651915 ], [ -3.8007153, 43.4651943 ], [ -3.8000314, 43.4652407 ], [ -3.800016, 43.4652319 ], [ -3.7999861, 43.4652315 ], [ -3.7999493, 43.465365 ], [ -3.7998531, 43.4654625 ], [ -3.7996073, 43.4656321 ], [ -3.799477, 43.4658331 ], [ -3.7993813, 43.4659693 ], [ -3.7993652, 43.466092 ], [ -3.7990395, 43.4662556 ], [ -3.7988104, 43.4663605 ], [ -3.798353, 43.4666154 ], [ -3.7980979, 43.4667527 ], [ -3.7977727, 43.4669551 ], [ -3.7973691, 43.4672677 ], [ -3.7972215, 43.4675011 ], [ -3.7970928, 43.4678247 ], [ -3.7968933, 43.4681488 ], [ -3.7968239, 43.468259 ], [ -3.7968786, 43.4683812 ], [ -3.7969784, 43.4684373 ] ] ] } },
{ "type": "Feature", "properties": { "CCAA": "06 - Cantabria", "PROVINCIA": "39 - Cantabria", "MUNICIPIO": "39075 - Santander", "COD_MUNICIPIO": "39075", "DISTRITO": "03", "SECCION": "3907503015", "V1_H": 81.0, "V1_M": 86.46, "V2_H": 80.73228769000001, "V2_M": 86.26471443, "V3_H": 81.28044537, "V3_M": 86.73149122 }, "geometry": { "type": "Polygon", "coordinates": [ [ [ -3.7871579, 43.4671689 ], [ -3.7871672, 43.467208 ], [ -3.7875749, 43.4678025 ], [ -3.7877148, 43.4679167 ], [ -3.7879759, 43.4678726 ], [ -3.7887343, 43.4677508 ], [ -3.7896128, 43.4676282 ], [ -3.7903714, 43.467521 ], [ -3.7925073, 43.4672004 ], [ -3.7927828, 43.4671603 ], [ -3.7926735, 43.4667743 ], [ -3.7926621, 43.4667337 ], [ -3.7924815, 43.4661194 ], [ -3.7922436, 43.4661497 ], [ -3.7916216, 43.4662107 ], [ -3.7912848, 43.4662437 ], [ -3.7901854, 43.466295 ], [ -3.7895159, 43.4663324 ], [ -3.7885567, 43.4663972 ], [ -3.7878774, 43.4664456 ], [ -3.7870381, 43.4665059 ], [ -3.7870402, 43.4666699 ], [ -3.7871579, 43.4671689 ] ] ] } },
{ "type": "Feature", "properties": { "CCAA": "06 - Cantabria", "PROVINCIA": "39 - Cantabria", "MUNICIPIO": "39075 - Santander", "COD_MUNICIPIO": "39075", "DISTRITO": "05", "SECCION": "3907505003", "V1_H": 81.55, "V1_M": 86.88, "V2_H": 81.46298126000001, "V2_M": 86.741846, "V3_H": 81.68783029, "V3_M": 87.18580847 }, "geometry": { "type": "Polygon", "coordinates": [ [ [ -3.8081316, 43.4585299 ], [ -3.8082005, 43.4586711 ], [ -3.8101011, 43.4581652 ], [ -3.8102107, 43.458136 ], [ -3.8119005, 43.4576685 ], [ -3.8116791, 43.4572508 ], [ -3.8114825, 43.4568739 ], [ -3.8112951, 43.4565435 ], [ -3.8116262, 43.4561628 ], [ -3.8115167, 43.4559074 ], [ -3.811396, 43.4556868 ], [ -3.8113328, 43.455756 ], [ -3.8110479, 43.4560679 ], [ -3.8103891, 43.456737 ], [ -3.8081316, 43.4585299 ] ] ] } },
{ "type": "Feature", "properties": { "CCAA": "06 - Cantabria", "PROVINCIA": "39 - Cantabria", "MUNICIPIO": "39075 - Santander", "COD_MUNICIPIO": "39075", "DISTRITO": "05", "SECCION": "3907505004", "V1_H": 80.85, "V1_M": 86.44, "V2_H": 80.47892397, "V2_M": 86.23437891, "V3_H": 81.22204479, "V3_M": 86.80010662 }, "geometry": { "type": "Polygon", "coordinates": [ [ [ -3.8115167, 43.4559074 ], [ -3.8116262, 43.4561628 ], [ -3.8112951, 43.4565435 ], [ -3.8114825, 43.4568739 ], [ -3.8116791, 43.4572508 ], [ -3.8119005, 43.4576685 ], [ -3.812396, 43.4575314 ], [ -3.8135958, 43.4571927 ], [ -3.8127844, 43.4555761 ], [ -3.8115167, 43.4559074 ] ] ] } },
{ "type": "Feature", "properties": { "CCAA": "06 - Cantabria", "PROVINCIA": "39 - Cantabria", "MUNICIPIO": "39075 - Santander", "COD_MUNICIPIO": "39075", "DISTRITO": "06", "SECCION": "3907506002", "V1_H": 80.38, "V1_M": 86.41, "V2_H": 80.21151379, "V2_M": 86.36716419, "V3_H": 80.6951312, "V3_M": 86.59024448 }, "geometry": { "type": "Polygon", "coordinates": [ [ [ -3.8162272, 43.459345 ], [ -3.8162976, 43.459463 ], [ -3.8164271, 43.4597244 ], [ -3.8164991, 43.4597173 ], [ -3.8166159, 43.4597034 ], [ -3.8166829, 43.4599979 ], [ -3.8167388, 43.4601352 ], [ -3.816794, 43.4602266 ], [ -3.8168281, 43.4603143 ], [ -3.8169478, 43.4602862 ], [ -3.8179168, 43.4600498 ], [ -3.8182799, 43.4599456 ], [ -3.8185939, 43.4598613 ], [ -3.818692, 43.4598327 ], [ -3.8186589, 43.4596822 ], [ -3.8185654, 43.4594206 ], [ -3.8184884, 43.4592242 ], [ -3.8184629, 43.4591591 ], [ -3.8182683, 43.4587473 ], [ -3.818106, 43.4587793 ], [ -3.8178194, 43.4588358 ], [ -3.8172544, 43.4589907 ], [ -3.8165912, 43.4592052 ], [ -3.8162272, 43.459345 ] ] ] } },
{ "type": "Feature", "properties": { "CCAA": "06 - Cantabria", "PROVINCIA": "39 - Cantabria", "MUNICIPIO": "39075 - Santander", "COD_MUNICIPIO": "39075", "DISTRITO": "06", "SECCION": "3907506003", "V1_H": 80.63, "V1_M": 86.52, "V2_H": 80.3855305, "V2_M": 86.44800565, "V3_H": 80.88841766, "V3_M": 86.66780776 }, "geometry": { "type": "Polygon", "coordinates": [ [ [ -3.818692, 43.4598327 ], [ -3.8190197, 43.459737 ], [ -3.8194773, 43.4596288 ], [ -3.8197013, 43.4595518 ], [ -3.8199565, 43.4594516 ], [ -3.8200123, 43.4595791 ], [ -3.8201138, 43.4597652 ], [ -3.8201746, 43.4599418 ], [ -3.8202212, 43.4601098 ], [ -3.820277, 43.4600944 ], [ -3.821198, 43.4598634 ], [ -3.8212507, 43.4598498 ], [ -3.8216146, 43.4597558 ], [ -3.8217354, 43.4597246 ], [ -3.8213512, 43.4589408 ], [ -3.8207717, 43.4589979 ], [ -3.8207442, 43.4590019 ], [ -3.8202044, 43.4590816 ], [ -3.8196803, 43.4591331 ], [ -3.8193853, 43.4591432 ], [ -3.8188066, 43.4591951 ], [ -3.8184884, 43.4592242 ], [ -3.8185654, 43.4594206 ], [ -3.8186589, 43.4596822 ], [ -3.818692, 43.4598327 ] ] ] } },
{ "type": "Feature", "properties": { "CCAA": "06 - Cantabria", "PROVINCIA": "39 - Cantabria", "MUNICIPIO": "39075 - Santander", "COD_MUNICIPIO": "39075", "DISTRITO": "06", "SECCION": "3907506006", "V1_H": 79.92, "V1_M": 85.8, "V2_H": 79.90391364, "V2_M": 85.68196434, "V3_H": 80.09820982, "V3_M": 86.14356104 }, "geometry": { "type": "Polygon", "coordinates": [ [ [ -3.8207491, 43.4578206 ], [ -3.8208039, 43.4581094 ], [ -3.820858, 43.4583611 ], [ -3.8208872, 43.458477 ], [ -3.8217719, 43.4583808 ], [ -3.8217785, 43.4583709 ], [ -3.822154, 43.4583404 ], [ -3.822765, 43.4582849 ], [ -3.8236713, 43.458177 ], [ -3.8236558, 43.4580958 ], [ -3.8236554, 43.4580657 ], [ -3.8236478, 43.4579779 ], [ -3.8236243, 43.4578878 ], [ -3.8236087, 43.4576728 ], [ -3.8235688, 43.4575388 ], [ -3.8232991, 43.4575616 ], [ -3.8226048, 43.4576453 ], [ -3.8219067, 43.4577012 ], [ -3.8207491, 43.4578206 ] ] ] } },
{ "type": "Feature", "properties": { "CCAA": "06 - Cantabria", "PROVINCIA": "39 - Cantabria", "MUNICIPIO": "39075 - Santander", "COD_MUNICIPIO": "39075", "DISTRITO": "07", "SECCION": "3907507006", "V1_H": 80.78, "V1_M": 86.64, "V2_H": 80.55514168000001, "V2_M": 86.45889906, "V3_H": 81.06237696, "V3_M": 86.87120108000001 }, "geometry": { "type": "Polygon", "coordinates": [ [ [ -3.8151597, 43.4669475 ], [ -3.8152284, 43.4670085 ], [ -3.8153317, 43.4671061 ], [ -3.8154168, 43.4671814 ], [ -3.8155311, 43.4672822 ], [ -3.8156461, 43.4674378 ], [ -3.815694, 43.4675423 ], [ -3.8158663, 43.4678394 ], [ -3.8159429, 43.4679389 ], [ -3.8160034, 43.4679885 ], [ -3.8161799, 43.4680985 ], [ -3.816245, 43.4681682 ], [ -3.8164051, 43.4681192 ], [ -3.8171656, 43.467882 ], [ -3.8181532, 43.467689 ], [ -3.8185864, 43.4675627 ], [ -3.8185872, 43.4671422 ], [ -3.8183689, 43.4666584 ], [ -3.8181615, 43.4665192 ], [ -3.8180286, 43.4663614 ], [ -3.8179967, 43.4663055 ], [ -3.8179521, 43.4662355 ], [ -3.8178743, 43.4661227 ], [ -3.8178012, 43.466012 ], [ -3.817687, 43.4658518 ], [ -3.8175747, 43.4657222 ], [ -3.8173753, 43.4655376 ], [ -3.8159804, 43.4664341 ], [ -3.8151597, 43.4669475 ] ] ] } },
{ "type": "Feature", "properties": { "CCAA": "06 - Cantabria", "PROVINCIA": "39 - Cantabria", "MUNICIPIO": "39075 - Santander", "COD_MUNICIPIO": "39075", "DISTRITO": "07", "SECCION": "3907507007", "V1_H": 80.8, "V1_M": 86.5, "V2_H": 80.66727015, "V2_M": 86.4570773, "V3_H": 81.13875257, "V3_M": 86.68010657000001 }, "geometry": { "type": "Polygon", "coordinates": [ [ [ -3.8133787, 43.4675817 ], [ -3.8133905, 43.4677583 ], [ -3.8133848, 43.4680242 ], [ -3.8133713, 43.4684052 ], [ -3.813388, 43.4684929 ], [ -3.8133893, 43.468494 ], [ -3.8133869, 43.4685319 ], [ -3.8137434, 43.4688387 ], [ -3.8138014, 43.4688251 ], [ -3.8150682, 43.4685284 ], [ -3.816245, 43.4681682 ], [ -3.8161799, 43.4680985 ], [ -3.8160034, 43.4679885 ], [ -3.8159429, 43.4679389 ], [ -3.8158663, 43.4678394 ], [ -3.815694, 43.4675423 ], [ -3.8156461, 43.4674378 ], [ -3.8155311, 43.4672822 ], [ -3.8154168, 43.4671814 ], [ -3.8153317, 43.4671061 ], [ -3.8152284, 43.4670085 ], [ -3.8151597, 43.4669475 ], [ -3.8151179, 43.4669737 ], [ -3.8141805, 43.4674764 ], [ -3.8138496, 43.4675495 ], [ -3.8133981, 43.4675817 ], [ -3.8133787, 43.4675817 ] ] ] } },
{ "type": "Feature", "properties": { "CCAA": "06 - Cantabria", "PROVINCIA": "39 - Cantabria", "MUNICIPIO": "39075 - Santander", "COD_MUNICIPIO": "39075", "DISTRITO": "08", "SECCION": "3907508001", "V1_H": 80.27, "V1_M": 86.36, "V2_H": 80.04050342, "V2_M": 86.25745667, "V3_H": 80.55487256000001, "V3_M": 86.64917866 }, "geometry": { "type": "Polygon", "coordinates": [ [ [ -3.8395678, 43.4503154 ], [ -3.8400379, 43.4504611 ], [ -3.841086, 43.4500251 ], [ -3.8437389, 43.4495845 ], [ -3.8452397, 43.449433 ], [ -3.8461446, 43.4493842 ], [ -3.8471266, 43.4493348 ], [ -3.8482047, 43.4492707 ], [ -3.8493412, 43.4492482 ], [ -3.8508962, 43.4490688 ], [ -3.8518742, 43.4485064 ], [ -3.8539808, 43.4475923 ], [ -3.8545115, 43.4469706 ], [ -3.8558844, 43.4454163 ], [ -3.8567895, 43.443814 ], [ -3.8566787, 43.4437442 ], [ -3.8566642, 43.4437344 ], [ -3.8566281, 43.4436531 ], [ -3.856535, 43.443549 ], [ -3.8560215, 43.4433051 ], [ -3.855877, 43.4432585 ], [ -3.8553671, 43.4432718 ], [ -3.8546603, 43.4432295 ], [ -3.8543596, 43.4432413 ], [ -3.8536796, 43.4433642 ], [ -3.85359, 43.4433804 ], [ -3.8528328, 43.4434814 ], [ -3.8526637, 43.4435493 ], [ -3.8522777, 43.4440001 ], [ -3.8521903, 43.4442962 ], [ -3.8521551, 43.4445823 ], [ -3.8519631, 43.4448792 ], [ -3.8515366, 43.4452445 ], [ -3.8512008, 43.4455519 ], [ -3.8511097, 43.4455812 ], [ -3.8509923, 43.4456011 ], [ -3.8493533, 43.4453084 ], [ -3.8478414, 43.444809 ], [ -3.8478056, 43.4448075 ], [ -3.8476224, 43.4447351 ], [ -3.8476313, 43.444734 ], [ -3.8471689, 43.4445765 ], [ -3.8470383, 43.4447323 ], [ -3.847037, 43.4447317 ], [ -3.8445234, 43.4467878 ], [ -3.842509, 43.4484354 ], [ -3.8416318, 43.4490876 ], [ -3.8410588, 43.4494568 ], [ -3.8403325, 43.4498833 ], [ -3.8397962, 43.4501118 ], [ -3.8395678, 43.4503154 ] ] ] } },
{ "type": "Feature", "properties": { "CCAA": "06 - Cantabria", "PROVINCIA": "39 - Cantabria", "MUNICIPIO": "39075 - Santander", "COD_MUNICIPIO": "39075", "DISTRITO": "01", "SECCION": "3907501005", "V1_H": 80.74, "V1_M": 86.31, "V2_H": 80.60059228, "V2_M": 86.16828649, "V3_H": 80.96013544, "V3_M": 86.56561146 }, "geometry": { "type": "Polygon", "coordinates": [ [ [ -3.8087474, 43.4639292 ], [ -3.8087603, 43.4640099 ], [ -3.8098958, 43.4640258 ], [ -3.8100592, 43.4639408 ], [ -3.810059, 43.4639269 ], [ -3.8100563, 43.4637251 ], [ -3.8106097, 43.4636987 ], [ -3.8106095, 43.4636978 ], [ -3.8106524, 43.4636955 ], [ -3.8106085, 43.4631561 ], [ -3.8105922, 43.4631564 ], [ -3.8101887, 43.4631639 ], [ -3.8093528, 43.4629346 ], [ -3.8093501, 43.4629468 ], [ -3.8090351, 43.4629777 ], [ -3.8088238, 43.4629122 ], [ -3.808709, 43.4631715 ], [ -3.8087027, 43.4636513 ], [ -3.8087056, 43.4636692 ], [ -3.8087474, 43.4639292 ] ] ] } },
{ "type": "Feature", "properties": { "CCAA": "06 - Cantabria", "PROVINCIA": "39 - Cantabria", "MUNICIPIO": "39075 - Santander", "COD_MUNICIPIO": "39075", "DISTRITO": "02", "SECCION": "3907502002", "V1_H": 79.89, "V1_M": 85.97, "V2_H": 79.67266264, "V2_M": 85.8368825, "V3_H": 80.33686579, "V3_M": 86.2809331 }, "geometry": { "type": "Polygon", "coordinates": [ [ [ -3.8162678, 43.4646481 ], [ -3.8165926, 43.4646698 ], [ -3.8166054, 43.4646654 ], [ -3.8168473, 43.4645828 ], [ -3.8171501, 43.464472 ], [ -3.8172386, 43.4644337 ], [ -3.8177695, 43.4642515 ], [ -3.8174906, 43.463939 ], [ -3.8168066, 43.4631839 ], [ -3.8167197, 43.4630487 ], [ -3.816537, 43.4627718 ], [ -3.8165063, 43.4627809 ], [ -3.8159295, 43.4628857 ], [ -3.8151675, 43.4630128 ], [ -3.8140605, 43.4632206 ], [ -3.8139259, 43.4632709 ], [ -3.8137949, 43.4634042 ], [ -3.8131264, 43.4637247 ], [ -3.813958, 43.4638724 ], [ -3.8145597, 43.463854 ], [ -3.8148083, 43.463861 ], [ -3.814974, 43.46401 ], [ -3.8153169, 43.4642725 ], [ -3.815695, 43.4644419 ], [ -3.8158788, 43.4645235 ], [ -3.8162678, 43.4646481 ] ] ] } },
{ "type": "Feature", "properties": { "CCAA": "06 - Cantabria", "PROVINCIA": "39 - Cantabria", "MUNICIPIO": "39075 - Santander", "COD_MUNICIPIO": "39075", "DISTRITO": "02", "SECCION": "3907502006", "V1_H": 81.9, "V1_M": 87.09, "V2_H": 81.63118556000001, "V2_M": 87.01244814, "V3_H": 82.24024873, "V3_M": 87.26921271000001 }, "geometry": { "type": "Polygon", "coordinates": [ [ [ -3.8173532, 43.4609038 ], [ -3.8174921, 43.4612228 ], [ -3.8177698, 43.4617197 ], [ -3.8182248, 43.4616073 ], [ -3.8188858, 43.4614259 ], [ -3.8194987, 43.4612714 ], [ -3.8206554, 43.4609675 ], [ -3.8207575, 43.46094 ], [ -3.820277, 43.4600944 ], [ -3.8202212, 43.4601098 ], [ -3.8173532, 43.4609038 ] ] ] } },
{ "type": "Feature", "properties": { "CCAA": "06 - Cantabria", "PROVINCIA": "39 - Cantabria", "MUNICIPIO": "39075 - Santander", "COD_MUNICIPIO": "39075", "DISTRITO": "02", "SECCION": "3907502013", "V1_H": 81.37, "V1_M": 86.85, "V2_H": 81.08688328, "V2_M": 86.76748373, "V3_H": 81.75507894, "V3_M": 87.07522296 }, "geometry": { "type": "Polygon", "coordinates": [ [ [ -3.8291327, 43.4616474 ], [ -3.8293173, 43.4616729 ], [ -3.8297143, 43.4615247 ], [ -3.8300541, 43.4613681 ], [ -3.830092, 43.4611829 ], [ -3.8300896, 43.4610013 ], [ -3.8298866, 43.4607485 ], [ -3.8296191, 43.4606414 ], [ -3.8293684, 43.4605463 ], [ -3.828809, 43.4597512 ], [ -3.8284363, 43.4592453 ], [ -3.8281151, 43.458848 ], [ -3.8278295, 43.4586321 ], [ -3.827463, 43.4585742 ], [ -3.8269795, 43.4584687 ], [ -3.82653, 43.4584235 ], [ -3.8264952, 43.4584416 ], [ -3.8261622, 43.458615 ], [ -3.8263842, 43.458703 ], [ -3.8265055, 43.4590654 ], [ -3.8265415, 43.4592711 ], [ -3.8263485, 43.4594866 ], [ -3.8263487, 43.4594875 ], [ -3.8263627, 43.459563 ], [ -3.826214, 43.4598824 ], [ -3.8263887, 43.4599663 ], [ -3.8265902, 43.4599072 ], [ -3.827474, 43.4599627 ], [ -3.8279698, 43.4606079 ], [ -3.8279701, 43.4606071 ], [ -3.828063, 43.4607065 ], [ -3.8283357, 43.4610629 ], [ -3.8283362, 43.4610627 ], [ -3.8283594, 43.4610927 ], [ -3.8284267, 43.4610508 ], [ -3.8284303, 43.4610553 ], [ -3.8284892, 43.4610203 ], [ -3.8287779, 43.4613301 ], [ -3.8288203, 43.4613381 ], [ -3.8288421, 43.4613718 ], [ -3.8288498, 43.4613822 ], [ -3.8288542, 43.4613872 ], [ -3.82886, 43.4613937 ], [ -3.8288703, 43.4614051 ], [ -3.828881, 43.4614165 ], [ -3.8288918, 43.4614276 ], [ -3.8289026, 43.4614389 ], [ -3.8289138, 43.4614498 ], [ -3.8289252, 43.4614607 ], [ -3.8289369, 43.4614715 ], [ -3.8289486, 43.4614823 ], [ -3.8289605, 43.4614928 ], [ -3.8289804, 43.4615098 ], [ -3.8289921, 43.4615196 ], [ -3.8290041, 43.4615292 ], [ -3.8290161, 43.4615387 ], [ -3.8290312, 43.4615495 ], [ -3.8290796, 43.4615847 ], [ -3.8291096, 43.4616065 ], [ -3.8291327, 43.4616474 ] ] ] } },
{ "type": "Feature", "properties": { "CCAA": "06 - Cantabria", "PROVINCIA": "39 - Cantabria", "MUNICIPIO": "39075 - Santander", "COD_MUNICIPIO": "39075", "DISTRITO": "02", "SECCION": "3907502020", "V1_H": 80.72, "V1_M": 86.56, "V2_H": 80.63016227, "V2_M": 86.55369361, "V3_H": 80.94352394000001, "V3_M": 86.74641221 }, "geometry": { "type": "Polygon", "coordinates": [ [ [ -3.8114396, 43.4649419 ], [ -3.8114467, 43.4649544 ], [ -3.8115146, 43.4650149 ], [ -3.8116596, 43.4652092 ], [ -3.8117459, 43.4653916 ], [ -3.8118317, 43.4655497 ], [ -3.8119351, 43.4657626 ], [ -3.8120034, 43.4659271 ], [ -3.8122702, 43.4657602 ], [ -3.8125342, 43.4654532 ], [ -3.8130591, 43.4652359 ], [ -3.8136545, 43.4649851 ], [ -3.8138745, 43.4647375 ], [ -3.8139444, 43.4645295 ], [ -3.8139266, 43.4641165 ], [ -3.8137968, 43.464123 ], [ -3.8134949, 43.4641947 ], [ -3.8132538, 43.4642655 ], [ -3.8130614, 43.4643073 ], [ -3.8128851, 43.4643348 ], [ -3.8126631, 43.4643674 ], [ -3.8125686, 43.4643702 ], [ -3.8125635, 43.4643742 ], [ -3.8123785, 43.4643646 ], [ -3.8123327, 43.4643602 ], [ -3.812222, 43.4643991 ], [ -3.8121652, 43.4645567 ], [ -3.8122193, 43.4646453 ], [ -3.812086, 43.4647504 ], [ -3.8114396, 43.4649419 ] ] ] } },
{ "type": "Feature", "properties": { "CCAA": "06 - Cantabria", "PROVINCIA": "39 - Cantabria", "MUNICIPIO": "39075 - Santander", "COD_MUNICIPIO": "39075", "DISTRITO": "03", "SECCION": "3907503004", "V1_H": 80.39, "V1_M": 86.24, "V2_H": 80.20629068, "V2_M": 86.34105578, "V3_H": 80.66489809, "V3_M": 86.38520791000001 }, "geometry": { "type": "Polygon", "coordinates": [ [ [ -3.8043869, 43.4644255 ], [ -3.8043877, 43.4644818 ], [ -3.8045657, 43.4647559 ], [ -3.8046059, 43.4648545 ], [ -3.804652, 43.4648528 ], [ -3.8048578, 43.4648456 ], [ -3.8055309, 43.4648021 ], [ -3.8060976, 43.4647663 ], [ -3.8063492, 43.4647363 ], [ -3.806558, 43.4647389 ], [ -3.8065925, 43.4647133 ], [ -3.8068506, 43.4646701 ], [ -3.8071913, 43.4646769 ], [ -3.8075132, 43.464693 ], [ -3.8078925, 43.464724 ], [ -3.8080407, 43.4647166 ], [ -3.808523, 43.4647235 ], [ -3.8088062, 43.4646802 ], [ -3.808747, 43.4644946 ], [ -3.8087297, 43.4642675 ], [ -3.8087474, 43.4639292 ], [ -3.8087056, 43.4636692 ], [ -3.8077163, 43.4636477 ], [ -3.8076316, 43.463645 ], [ -3.8066883, 43.4636517 ], [ -3.8061865, 43.4636479 ], [ -3.8054336, 43.4637346 ], [ -3.8054513, 43.4639094 ], [ -3.8054519, 43.4639553 ], [ -3.8054493, 43.4641248 ], [ -3.8054417, 43.4642872 ], [ -3.805433, 43.4643614 ], [ -3.8050553, 43.4643888 ], [ -3.8046822, 43.4643985 ], [ -3.8044303, 43.4644038 ], [ -3.8043869, 43.4644255 ] ] ] } },
{ "type": "Feature", "properties": { "CCAA": "06 - Cantabria", "PROVINCIA": "39 - Cantabria", "MUNICIPIO": "39075 - Santander", "COD_MUNICIPIO": "39075", "DISTRITO": "03", "SECCION": "3907503011", "V1_H": 82.08, "V1_M": 87.23, "V2_H": 81.77226367, "V2_M": 87.02227373, "V3_H": 82.52263661000001, "V3_M": 87.52638345 }, "geometry": { "type": "Polygon", "coordinates": [ [ [ -3.792469, 43.4685657 ], [ -3.7930013, 43.468562 ], [ -3.7937806, 43.4684935 ], [ -3.7944952, 43.4684412 ], [ -3.7951668, 43.4684208 ], [ -3.7959043, 43.4684787 ], [ -3.796561, 43.4684534 ], [ -3.7969784, 43.4684373 ], [ -3.7968786, 43.4683812 ], [ -3.7968239, 43.468259 ], [ -3.7968933, 43.4681488 ], [ -3.7970928, 43.4678247 ], [ -3.7972215, 43.4675011 ], [ -3.7973691, 43.4672677 ], [ -3.7977727, 43.4669551 ], [ -3.7980979, 43.4667527 ], [ -3.798353, 43.4666154 ], [ -3.7988104, 43.4663605 ], [ -3.7990395, 43.4662556 ], [ -3.7993652, 43.466092 ], [ -3.7993813, 43.4659693 ], [ -3.799477, 43.4658331 ], [ -3.7996073, 43.4656321 ], [ -3.7998531, 43.4654625 ], [ -3.7999493, 43.465365 ], [ -3.7999861, 43.4652315 ], [ -3.7997306, 43.4652279 ], [ -3.7992946, 43.4652367 ], [ -3.7984776, 43.4652934 ], [ -3.7981321, 43.4656759 ], [ -3.7974754, 43.4660775 ], [ -3.7973542, 43.4660988 ], [ -3.7966774, 43.4664286 ], [ -3.7956012, 43.4667274 ], [ -3.7940844, 43.466971 ], [ -3.7927828, 43.4671603 ], [ -3.7925073, 43.4672004 ], [ -3.7903714, 43.467521 ], [ -3.7896128, 43.4676282 ], [ -3.7887343, 43.4677508 ], [ -3.7879759, 43.4678726 ], [ -3.7877148, 43.4679167 ], [ -3.7877051, 43.4679355 ], [ -3.7886394, 43.4681185 ], [ -3.7897248, 43.4682531 ], [ -3.7911362, 43.4684644 ], [ -3.7918094, 43.4685702 ], [ -3.792469, 43.4685657 ] ] ] } },
{ "type": "Feature", "properties": { "CCAA": "06 - Cantabria", "PROVINCIA": "39 - Cantabria", "MUNICIPIO": "39075 - Santander", "COD_MUNICIPIO": "39075", "DISTRITO": "04", "SECCION": "3907504013", "V1_H": 83.02, "V1_M": 87.55, "V2_H": 82.56010262, "V2_M": 87.39744151, "V3_H": 83.4975015, "V3_M": 87.7973198 }, "geometry": { "type": "Polygon", "coordinates": [ [ [ -3.7796491, 43.4653962 ], [ -3.7795874, 43.4665029 ], [ -3.7795239, 43.4669854 ], [ -3.7796512, 43.4674032 ], [ -3.7800511, 43.4673497 ], [ -3.7808153, 43.4671669 ], [ -3.7815096, 43.4669846 ], [ -3.7825348, 43.4667873 ], [ -3.7838546, 43.4664738 ], [ -3.7849338, 43.4664157 ], [ -3.7854737, 43.466412 ], [ -3.785859, 43.4665743 ], [ -3.7862621, 43.4667618 ], [ -3.7867182, 43.4670125 ], [ -3.7871579, 43.4671689 ], [ -3.7870402, 43.4666699 ], [ -3.7870381, 43.4665059 ], [ -3.7870279, 43.4664734 ], [ -3.7871227, 43.4662043 ], [ -3.7873169, 43.466015 ], [ -3.7875504, 43.4658889 ], [ -3.7874452, 43.4656742 ], [ -3.7874433, 43.4655279 ], [ -3.7875151, 43.4653214 ], [ -3.7876093, 43.4651256 ], [ -3.7876222, 43.4649792 ], [ -3.7875461, 43.4648442 ], [ -3.7875152, 43.4647577 ], [ -3.787415, 43.4644873 ], [ -3.7873306, 43.4642982 ], [ -3.7872838, 43.4641251 ], [ -3.7872746, 43.463995 ], [ -3.7872718, 43.4637782 ], [ -3.7872691, 43.4635668 ], [ -3.7873102, 43.4632955 ], [ -3.7874035, 43.4630732 ], [ -3.7870912, 43.4630788 ], [ -3.7869423, 43.4630929 ], [ -3.7868366, 43.4630824 ], [ -3.7867518, 43.4630849 ], [ -3.7866207, 43.4630933 ], [ -3.7864921, 43.4630998 ], [ -3.7864186, 43.4630945 ], [ -3.786429, 43.4630631 ], [ -3.7868942, 43.462778 ], [ -3.7871893, 43.4625808 ], [ -3.7873281, 43.4623793 ], [ -3.787609, 43.4621181 ], [ -3.7878352, 43.4620547 ], [ -3.7879461, 43.4619215 ], [ -3.7879598, 43.4618504 ], [ -3.7878507, 43.461839 ], [ -3.7878371, 43.4619073 ], [ -3.7875522, 43.4618727 ], [ -3.7875665, 43.4618029 ], [ -3.7874606, 43.4617908 ], [ -3.7874455, 43.4618626 ], [ -3.7874214, 43.4618623 ], [ -3.7873973, 43.4618636 ], [ -3.7873735, 43.4618666 ], [ -3.7873502, 43.4618711 ], [ -3.7873275, 43.4618771 ], [ -3.7871103, 43.461946 ], [ -3.7870071, 43.461781 ], [ -3.7862788, 43.4620119 ], [ -3.7857774, 43.4621684 ], [ -3.7858742, 43.4623375 ], [ -3.7857142, 43.4623876 ], [ -3.7857226, 43.4624036 ], [ -3.7860108, 43.462313 ], [ -3.7860842, 43.4624328 ], [ -3.7862486, 43.4623817 ], [ -3.7862844, 43.4624454 ], [ -3.7862989, 43.4624639 ], [ -3.7862847, 43.4624681 ], [ -3.7862849, 43.4624805 ], [ -3.7862941, 43.4624917 ], [ -3.7863226, 43.4624809 ], [ -3.7863309, 43.4624961 ], [ -3.7864096, 43.4626391 ], [ -3.7861063, 43.4628292 ], [ -3.7859551, 43.4628432 ], [ -3.7856272, 43.4629622 ], [ -3.7849929, 43.4631948 ], [ -3.7843117, 43.4628503 ], [ -3.7822138, 43.4631348 ], [ -3.7809101, 43.463667 ], [ -3.7796491, 43.4653962 ] ] ] } },
{ "type": "Feature", "properties": { "CCAA": "06 - Cantabria", "PROVINCIA": "39 - Cantabria", "MUNICIPIO": "39075 - Santander", "COD_MUNICIPIO": "39075", "DISTRITO": "05", "SECCION": "3907505006", "V1_H": 79.66, "V1_M": 85.68, "V2_H": 79.65353369, "V2_M": 85.83118741, "V3_H": 79.80284041, "V3_M": 85.7603318 }, "geometry": { "type": "Polygon", "coordinates": [ [ [ -3.8180899, 43.4540282 ], [ -3.8186536, 43.4550708 ], [ -3.8189145, 43.4549804 ], [ -3.8208258, 43.4544374 ], [ -3.8206547, 43.454126 ], [ -3.8195985, 43.4544302 ], [ -3.8192031, 43.4537319 ], [ -3.8182031, 43.4539998 ], [ -3.8180899, 43.4540282 ] ] ] } },
{ "type": "Feature", "properties": { "CCAA": "06 - Cantabria", "PROVINCIA": "39 - Cantabria", "MUNICIPIO": "39075 - Santander", "COD_MUNICIPIO": "39075", "DISTRITO": "05", "SECCION": "3907505008", "V1_H": 80.0, "V1_M": 86.03, "V2_H": 79.84963877, "V2_M": 86.04281727, "V3_H": 80.29290896000001, "V3_M": 86.20578322 }, "geometry": { "type": "Polygon", "coordinates": [ [ [ -3.8108028, 43.4594779 ], [ -3.8109694, 43.4597623 ], [ -3.8114583, 43.4596349 ], [ -3.8118819, 43.4595176 ], [ -3.8125402, 43.4593414 ], [ -3.8133548, 43.4591164 ], [ -3.8146648, 43.458764 ], [ -3.8151666, 43.4586223 ], [ -3.815564, 43.4585051 ], [ -3.81587, 43.4583981 ], [ -3.8161496, 43.4582722 ], [ -3.8163834, 43.4581466 ], [ -3.8165908, 43.458007 ], [ -3.8169731, 43.4577422 ], [ -3.817213, 43.4575832 ], [ -3.8173746, 43.4574391 ], [ -3.8175751, 43.4572709 ], [ -3.8175992, 43.4572625 ], [ -3.8176933, 43.4572015 ], [ -3.8177807, 43.4571504 ], [ -3.8179418, 43.4570586 ], [ -3.818063, 43.456998 ], [ -3.818183, 43.4569461 ], [ -3.8183264, 43.4568943 ], [ -3.8183768, 43.4568785 ], [ -3.8185384, 43.4568301 ], [ -3.8187793, 43.456758 ], [ -3.8190172, 43.4566867 ], [ -3.8195793, 43.4565393 ], [ -3.8204208, 43.4563107 ], [ -3.8204677, 43.4562979 ], [ -3.8210356, 43.4561446 ], [ -3.8211683, 43.4561088 ], [ -3.8212656, 43.4560814 ], [ -3.821339, 43.4560609 ], [ -3.8213543, 43.4560566 ], [ -3.8216297, 43.4559794 ], [ -3.8216849, 43.4559639 ], [ -3.8217457, 43.4559474 ], [ -3.8218262, 43.4559257 ], [ -3.8219213, 43.4559 ], [ -3.822506, 43.4557273 ], [ -3.82299, 43.4555962 ], [ -3.8230823, 43.4555712 ], [ -3.8232744, 43.4555192 ], [ -3.8238961, 43.4553508 ], [ -3.8243821, 43.4552191 ], [ -3.8244287, 43.4552065 ], [ -3.8251294, 43.4550166 ], [ -3.825457, 43.4549279 ], [ -3.8255753, 43.4548958 ], [ -3.8256934, 43.4548638 ], [ -3.8263569, 43.4546841 ], [ -3.8268517, 43.45455 ], [ -3.8272852, 43.4544325 ], [ -3.8274917, 43.4543812 ], [ -3.8276605, 43.4544501 ], [ -3.8277704, 43.4542102 ], [ -3.8283403, 43.4538726 ], [ -3.8284888, 43.4537846 ], [ -3.8283437, 43.4537904 ], [ -3.8306989, 43.4531547 ], [ -3.8362187, 43.4516869 ], [ -3.8395678, 43.4503154 ], [ -3.8372218, 43.4476838 ], [ -3.836063, 43.4462496 ], [ -3.8354716, 43.4460194 ], [ -3.8342411, 43.444597 ], [ -3.8342233, 43.4445905 ], [ -3.8342292, 43.4445831 ], [ -3.834481, 43.4442648 ], [ -3.8348019, 43.4438241 ], [ -3.8350964, 43.4433645 ], [ -3.8354297, 43.4428761 ], [ -3.8359419, 43.4420814 ], [ -3.8362475, 43.4414788 ], [ -3.8365269, 43.4408763 ], [ -3.8366918, 43.4405035 ], [ -3.8369809, 43.4396532 ], [ -3.8372539, 43.4385839 ], [ -3.8373506, 43.4380114 ], [ -3.837409, 43.4375059 ], [ -3.8374332, 43.4364194 ], [ -3.8374198, 43.4354475 ], [ -3.8374261, 43.435271 ], [ -3.8372494, 43.4352907 ], [ -3.8366572, 43.4353581 ], [ -3.834851, 43.4352002 ], [ -3.830401, 43.4350794 ], [ -3.8303999, 43.4350794 ], [ -3.8300357, 43.4354862 ], [ -3.8272345, 43.4375606 ], [ -3.8202524, 43.4375293 ], [ -3.8272174, 43.4381179 ], [ -3.8307341, 43.4359426 ], [ -3.833995, 43.4412485 ], [ -3.83532, 43.4414555 ], [ -3.8353531, 43.4420772 ], [ -3.8331804, 43.443137 ], [ -3.8319371, 43.4416687 ], [ -3.830263, 43.4421677 ], [ -3.8206968, 43.4420565 ], [ -3.8293587, 43.4428946 ], [ -3.8272772, 43.4443223 ], [ -3.8312133, 43.4429628 ], [ -3.8324476, 43.4437726 ], [ -3.8322322, 43.4438703 ], [ -3.8285298, 43.4455485 ], [ -3.8280084, 43.4462896 ], [ -3.8264397, 43.4468268 ], [ -3.8210893, 43.4471522 ], [ -3.8210287, 43.4471559 ], [ -3.8210319, 43.4471653 ], [ -3.8210397, 43.4471852 ], [ -3.8210481, 43.447211 ], [ -3.8210539, 43.4472275 ], [ -3.8210597, 43.4472517 ], [ -3.8210636, 43.4472838 ], [ -3.8210626, 43.4473196 ], [ -3.8210632, 43.4473453 ], [ -3.8210668, 43.4473688 ], [ -3.821068, 43.4473821 ], [ -3.8210739, 43.4474005 ], [ -3.8210787, 43.4474175 ], [ -3.8210829, 43.4474287 ], [ -3.8210823, 43.4474392 ], [ -3.8210759, 43.4474491 ], [ -3.8210681, 43.4474567 ], [ -3.8210527, 43.4474616 ], [ -3.8210227, 43.4474685 ], [ -3.8209925, 43.447475 ], [ -3.8209681, 43.4474801 ], [ -3.8209396, 43.4474859 ], [ -3.8209077, 43.4474962 ], [ -3.8208786, 43.4475087 ], [ -3.8208517, 43.4475249 ], [ -3.8208251, 43.4475422 ], [ -3.8207935, 43.4475604 ], [ -3.8207639, 43.447575 ], [ -3.8207228, 43.4475902 ], [ -3.8206818, 43.4475996 ], [ -3.8206439, 43.4476027 ], [ -3.8206248, 43.447603 ], [ -3.8206076, 43.4476055 ], [ -3.8205927, 43.4476109 ], [ -3.8205801, 43.4476146 ], [ -3.8205582, 43.4476174 ], [ -3.8205392, 43.4476204 ], [ -3.8205066, 43.4476284 ], [ -3.8204733, 43.4476382 ], [ -3.8204347, 43.4476467 ], [ -3.8204111, 43.4476537 ], [ -3.8203905, 43.4476627 ], [ -3.8203727, 43.4476659 ], [ -3.8203517, 43.4476678 ], [ -3.8203327, 43.4476671 ], [ -3.8202964, 43.4476635 ], [ -3.8202758, 43.4476605 ], [ -3.8202631, 43.4476568 ], [ -3.8202487, 43.4476512 ], [ -3.8202245, 43.4476439 ], [ -3.8202074, 43.4476399 ], [ -3.8201821, 43.4476362 ], [ -3.8201498, 43.4476314 ], [ -3.8201235, 43.4476248 ], [ -3.8200979, 43.4476212 ], [ -3.8200744, 43.4476211 ], [ -3.8200447, 43.4476212 ], [ -3.8200251, 43.4476257 ], [ -3.819988, 43.4476309 ], [ -3.8199626, 43.4476292 ], [ -3.8199319, 43.4476305 ], [ -3.8199026, 43.4476345 ], [ -3.8198531, 43.4476405 ], [ -3.8197983, 43.4476439 ], [ -3.8197468, 43.4476481 ], [ -3.8197077, 43.4476499 ], [ -3.8196731, 43.4476572 ], [ -3.819639, 43.4476608 ], [ -3.8196014, 43.4476605 ], [ -3.8195678, 43.4476587 ], [ -3.8195389, 43.4476561 ], [ -3.8195018, 43.4476434 ], [ -3.8194728, 43.4476368 ], [ -3.8194484, 43.4476327 ], [ -3.8194213, 43.4476303 ], [ -3.8194005, 43.4476335 ], [ -3.8193852, 43.4476382 ], [ -3.8193557, 43.4476348 ], [ -3.8193124, 43.4476277 ], [ -3.8192741, 43.4476261 ], [ -3.819241, 43.447627 ], [ -3.8192093, 43.4476287 ], [ -3.8191791, 43.4476284 ], [ -3.8191576, 43.4476291 ], [ -3.8191402, 43.4476322 ], [ -3.8191239, 43.4476369 ], [ -3.8190972, 43.4476477 ], [ -3.819084, 43.447659 ], [ -3.8190689, 43.4476764 ], [ -3.8190573, 43.447697 ], [ -3.8190455, 43.4477122 ], [ -3.8190341, 43.4477261 ], [ -3.819026, 43.4477381 ], [ -3.8190203, 43.4477507 ], [ -3.8190159, 43.4477613 ], [ -3.8190136, 43.4477723 ], [ -3.8190129, 43.4477878 ], [ -3.8190138, 43.4478063 ], [ -3.8190155, 43.4478252 ], [ -3.8190138, 43.4478414 ], [ -3.8190079, 43.4478606 ], [ -3.8189976, 43.4478767 ], [ -3.818985, 43.4478919 ], [ -3.8189707, 43.4479061 ], [ -3.8189491, 43.4479178 ], [ -3.8189279, 43.4479242 ], [ -3.8189083, 43.4479278 ], [ -3.8188861, 43.4479311 ], [ -3.8188575, 43.4479347 ], [ -3.818831, 43.4479362 ], [ -3.8188002, 43.447935 ], [ -3.8187736, 43.4479334 ], [ -3.8187389, 43.4479314 ], [ -3.81871, 43.4479308 ], [ -3.8186856, 43.4479316 ], [ -3.8186624, 43.447932 ], [ -3.8186473, 43.4479303 ], [ -3.8186121, 43.4479258 ], [ -3.8185626, 43.4479211 ], [ -3.818518, 43.447917 ], [ -3.818484, 43.4479144 ], [ -3.8184463, 43.4479133 ], [ -3.8184139, 43.4479149 ], [ -3.8183838, 43.4479221 ], [ -3.8183638, 43.4479289 ], [ -3.8183494, 43.4479332 ], [ -3.8183324, 43.4479434 ], [ -3.8183212, 43.4479589 ], [ -3.8183075, 43.4479727 ], [ -3.8182921, 43.4479779 ], [ -3.8182689, 43.4479813 ], [ -3.818243, 43.4479801 ], [ -3.8182206, 43.4479797 ], [ -3.818196, 43.447979 ], [ -3.8181828, 43.4480147 ], [ -3.8183539, 43.4480263 ], [ -3.8189914, 43.4480692 ], [ -3.8190209, 43.4480714 ], [ -3.8206902, 43.4481931 ], [ -3.8210056, 43.4482934 ], [ -3.8210605, 43.4483421 ], [ -3.8210596, 43.4483593 ], [ -3.8211343, 43.4483648 ], [ -3.8231815, 43.4485155 ], [ -3.8236625, 43.4485426 ], [ -3.8236613, 43.448554 ], [ -3.823691, 43.4485557 ], [ -3.8237901, 43.4486437 ], [ -3.8237948, 43.4486528 ], [ -3.8238592, 43.4487131 ], [ -3.8239038, 43.448766 ], [ -3.823935, 43.448823 ], [ -3.8241962, 43.4493336 ], [ -3.8242664, 43.4494736 ], [ -3.824209, 43.4494657 ], [ -3.8240624, 43.4494456 ], [ -3.8240397, 43.4494679 ], [ -3.8239558, 43.4494978 ], [ -3.8241522, 43.4498939 ], [ -3.8242683, 43.4498623 ], [ -3.8242295, 43.4497854 ], [ -3.8243249, 43.4496934 ], [ -3.8243422, 43.4496768 ], [ -3.8243747, 43.449667 ], [ -3.8244345, 43.4497844 ], [ -3.8244014, 43.4497925 ], [ -3.8244087, 43.4498043 ], [ -3.8244367, 43.4498713 ], [ -3.8244741, 43.4498621 ], [ -3.8246015, 43.4501119 ], [ -3.824547, 43.4501293 ], [ -3.8245875, 43.4502087 ], [ -3.8246429, 43.4501932 ], [ -3.8248507, 43.4506069 ], [ -3.8248083, 43.4506421 ], [ -3.8247715, 43.4506728 ], [ -3.8245782, 43.4507199 ], [ -3.8248363, 43.451216 ], [ -3.8249553, 43.4511807 ], [ -3.8249149, 43.451104 ], [ -3.8249898, 43.4510375 ], [ -3.8250195, 43.4510111 ], [ -3.8250286, 43.4510292 ], [ -3.8250474, 43.4510674 ], [ -3.8250841, 43.4510574 ], [ -3.8253489, 43.4515764 ], [ -3.8253715, 43.4516238 ], [ -3.8252557, 43.4516552 ], [ -3.8254074, 43.4519784 ], [ -3.8254418, 43.4521206 ], [ -3.8235446, 43.45259 ], [ -3.8240643, 43.4535505 ], [ -3.823588, 43.4536801 ], [ -3.8229917, 43.4538434 ], [ -3.8218937, 43.4541441 ], [ -3.8209004, 43.4544162 ], [ -3.8208258, 43.4544374 ], [ -3.8189145, 43.4549804 ], [ -3.8186536, 43.4550708 ], [ -3.817876, 43.4553401 ], [ -3.8176424, 43.4554795 ], [ -3.8172785, 43.4556966 ], [ -3.8168076, 43.4560028 ], [ -3.8167238, 43.456057 ], [ -3.8160773, 43.4565373 ], [ -3.815731, 43.4565959 ], [ -3.8156792, 43.4566047 ], [ -3.8147807, 43.4568583 ], [ -3.8135958, 43.4571927 ], [ -3.812396, 43.4575314 ], [ -3.8119005, 43.4576685 ], [ -3.8102107, 43.458136 ], [ -3.8101011, 43.4581652 ], [ -3.8108136, 43.4594751 ], [ -3.8108028, 43.4594779 ] ] ] } },
{ "type": "Feature", "properties": { "CCAA": "06 - Cantabria", "PROVINCIA": "39 - Cantabria", "MUNICIPIO": "39075 - Santander", "COD_MUNICIPIO": "39075", "DISTRITO": "07", "SECCION": "3907507002", "V1_H": 80.63, "V1_M": 86.52, "V2_H": 80.3855305, "V2_M": 86.44800565, "V3_H": 80.88841766, "V3_M": 86.66780776 }, "geometry": { "type": "Polygon", "coordinates": [ [ [ -3.826957, 43.4622835 ], [ -3.827621, 43.463065 ], [ -3.8305631, 43.4621212 ], [ -3.8300541, 43.4613681 ], [ -3.8297143, 43.4615247 ], [ -3.8293173, 43.4616729 ], [ -3.8291327, 43.4616474 ], [ -3.8283559, 43.4618767 ], [ -3.8274287, 43.4621559 ], [ -3.826957, 43.4622835 ] ] ] } },
{ "type": "Feature", "properties": { "CCAA": "06 - Cantabria", "PROVINCIA": "39 - Cantabria", "MUNICIPIO": "39075 - Santander", "COD_MUNICIPIO": "39075", "DISTRITO": "07", "SECCION": "3907507004", "V1_H": 80.56, "V1_M": 86.09, "V2_H": 80.29410508, "V2_M": 85.89209003000001, "V3_H": 80.91212464, "V3_M": 86.35342073 }, "geometry": { "type": "Polygon", "coordinates": [ [ [ -3.8227164, 43.4634839 ], [ -3.82115, 43.4650086 ], [ -3.8203312, 43.4658589 ], [ -3.8197286, 43.4664794 ], [ -3.819656, 43.4669021 ], [ -3.819754, 43.4671981 ], [ -3.81991, 43.4671513 ], [ -3.8210956, 43.4667777 ], [ -3.8226861, 43.4662185 ], [ -3.8229014, 43.4661551 ], [ -3.8249486, 43.4655518 ], [ -3.825781, 43.4653147 ], [ -3.8262088, 43.4651928 ], [ -3.8261674, 43.4651269 ], [ -3.8261357, 43.4651168 ], [ -3.826101, 43.4651039 ], [ -3.8260639, 43.4650926 ], [ -3.8260411, 43.4650845 ], [ -3.8260298, 43.4650783 ], [ -3.8255479, 43.464929 ], [ -3.825524, 43.4649216 ], [ -3.8254692, 43.4649046 ], [ -3.825343, 43.4648829 ], [ -3.8252408, 43.4648579 ], [ -3.8251891, 43.4648012 ], [ -3.8251253, 43.464719 ], [ -3.8250614, 43.464631 ], [ -3.8250043, 43.464466 ], [ -3.8249866, 43.4643121 ], [ -3.824977, 43.4641866 ], [ -3.8249604, 43.4641154 ], [ -3.8248876, 43.4639448 ], [ -3.8247823, 43.4636888 ], [ -3.8246966, 43.4637208 ], [ -3.8244706, 43.463808 ], [ -3.8244148, 43.4637342 ], [ -3.8241216, 43.4632 ], [ -3.8240842, 43.4631468 ], [ -3.8232971, 43.4633603 ], [ -3.8230577, 43.4634305 ], [ -3.8227164, 43.4634839 ] ] ] } },
{ "type": "Feature", "properties": { "CCAA": "06 - Cantabria", "PROVINCIA": "39 - Cantabria", "MUNICIPIO": "39075 - Santander", "COD_MUNICIPIO": "39075", "DISTRITO": "07", "SECCION": "3907507009", "V1_H": 79.81, "V1_M": 85.63, "V2_H": 79.83092799000001, "V2_M": 85.85143097, "V3_H": 80.00184088, "V3_M": 85.62912109 }, "geometry": { "type": "Polygon", "coordinates": [ [ [ -3.8052131, 43.4674089 ], [ -3.8051883, 43.4675519 ], [ -3.8050937, 43.4676898 ], [ -3.8048794, 43.4679568 ], [ -3.8047638, 43.4680796 ], [ -3.8047605, 43.4681498 ], [ -3.804745, 43.4682353 ], [ -3.8046482, 43.4685197 ], [ -3.8046807, 43.4687666 ], [ -3.804865, 43.4687543 ], [ -3.805342, 43.4687223 ], [ -3.8066266, 43.4686248 ], [ -3.8076564, 43.4685779 ], [ -3.8077984, 43.4682382 ], [ -3.8079634, 43.4680418 ], [ -3.8078482, 43.467884 ], [ -3.8076926, 43.4678393 ], [ -3.8078158, 43.4676524 ], [ -3.8079318, 43.4673029 ], [ -3.8079138, 43.4673 ], [ -3.80749, 43.4672203 ], [ -3.8070666, 43.4671635 ], [ -3.8066634, 43.4671985 ], [ -3.8061788, 43.4672846 ], [ -3.8060465, 43.4672994 ], [ -3.8056526, 43.4673679 ], [ -3.8052131, 43.4674089 ] ] ] } },
{ "type": "Feature", "properties": { "CCAA": "06 - Cantabria", "PROVINCIA": "39 - Cantabria", "MUNICIPIO": "39075 - Santander", "COD_MUNICIPIO": "39075", "DISTRITO": "07", "SECCION": "3907507011", "V1_H": 80.8, "V1_M": 86.5, "V2_H": 80.66727015, "V2_M": 86.4570773, "V3_H": 81.13875257, "V3_M": 86.68010657000001 }, "geometry": { "type": "Polygon", "coordinates": [ [ [ -3.8005293, 43.4691644 ], [ -3.8005431, 43.4691778 ], [ -3.8014381, 43.4691075 ], [ -3.8019075, 43.4690431 ], [ -3.8030815, 43.4689248 ], [ -3.8041213, 43.4688319 ], [ -3.8046906, 43.4687902 ], [ -3.8046807, 43.4687666 ], [ -3.8046482, 43.4685197 ], [ -3.804745, 43.4682353 ], [ -3.8047605, 43.4681498 ], [ -3.8047638, 43.4680796 ], [ -3.8048794, 43.4679568 ], [ -3.8050937, 43.4676898 ], [ -3.8051883, 43.4675519 ], [ -3.8052131, 43.4674089 ], [ -3.8049321, 43.4674352 ], [ -3.8044759, 43.4674384 ], [ -3.8042221, 43.4674361 ], [ -3.8041812, 43.4674356 ], [ -3.8039018, 43.467448 ], [ -3.8033642, 43.4674727 ], [ -3.8029414, 43.4674861 ], [ -3.8025831, 43.4675043 ], [ -3.8020667, 43.4675067 ], [ -3.8019019, 43.4675449 ], [ -3.8012914, 43.4676845 ], [ -3.8011225, 43.4677117 ], [ -3.8008594, 43.4678565 ], [ -3.799998, 43.4680951 ], [ -3.8000881, 43.4682909 ], [ -3.8001656, 43.4685267 ], [ -3.8003444, 43.4687617 ], [ -3.8005293, 43.4691644 ] ] ] } },
{ "type": "Feature", "properties": { "CCAA": "06 - Cantabria", "PROVINCIA": "39 - Cantabria", "MUNICIPIO": "39075 - Santander", "COD_MUNICIPIO": "39075", "DISTRITO": "07", "SECCION": "3907507013", "V1_H": 80.06, "V1_M": 86.12, "V2_H": 80.10460866, "V2_M": 86.20761786, "V3_H": 80.17898723, "V3_M": 86.18020212 }, "geometry": { "type": "Polygon", "coordinates": [ [ [ -3.7962593, 43.4695161 ], [ -3.7963803, 43.4695179 ], [ -3.7967788, 43.4695004 ], [ -3.7978321, 43.4694192 ], [ -3.7990878, 43.469312 ], [ -3.7999518, 43.4692272 ], [ -3.8005293, 43.4691644 ], [ -3.8003444, 43.4687617 ], [ -3.8001656, 43.4685267 ], [ -3.8000881, 43.4682909 ], [ -3.799998, 43.4680951 ], [ -3.7998793, 43.468128 ], [ -3.7991908, 43.4683264 ], [ -3.798146, 43.4683918 ], [ -3.7970036, 43.4684514 ], [ -3.7969784, 43.4684373 ], [ -3.796561, 43.4684534 ], [ -3.7962559, 43.469312 ], [ -3.7962593, 43.4695161 ] ] ] } },
{ "type": "Feature", "properties": { "CCAA": "06 - Cantabria", "PROVINCIA": "39 - Cantabria", "MUNICIPIO": "39075 - Santander", "COD_MUNICIPIO": "39075", "DISTRITO": "08", "SECCION": "3907508011", "V1_H": 80.31, "V1_M": 86.3, "V2_H": 80.10187432, "V2_M": 86.1135989, "V3_H": 80.75259804, "V3_M": 86.72412179 }, "geometry": { "type": "Polygon", "coordinates": [ [ [ -3.7895597, 43.4913646 ], [ -3.7898041, 43.491392 ], [ -3.7912623, 43.4915553 ], [ -3.7930422, 43.4924153 ], [ -3.794079, 43.4922647 ], [ -3.7956614, 43.4922003 ], [ -3.7955204, 43.4927668 ], [ -3.7964146, 43.4930504 ], [ -3.796704, 43.4924631 ], [ -3.8009955, 43.49245 ], [ -3.8025053, 43.4925211 ], [ -3.8030578, 43.4931728 ], [ -3.8054853, 43.4934006 ], [ -3.8059984, 43.4938388 ], [ -3.8078689, 43.494076 ], [ -3.8088744, 43.4943391 ], [ -3.810906, 43.4945864 ], [ -3.8120737, 43.4949467 ], [ -3.8122757, 43.4943347 ], [ -3.8152894, 43.4930976 ], [ -3.8167186, 43.493608 ], [ -3.8196633, 43.4927849 ], [ -3.8207939, 43.4913277 ], [ -3.8204286, 43.4908182 ], [ -3.823136, 43.4907453 ], [ -3.8234017, 43.4911739 ], [ -3.8247931, 43.4907502 ], [ -3.8252543, 43.4909889 ], [ -3.8260507, 43.4904716 ], [ -3.8263452, 43.4902804 ], [ -3.8266517, 43.4893222 ], [ -3.825203, 43.4883778 ], [ -3.8249429, 43.4880175 ], [ -3.8245837, 43.4874587 ], [ -3.8245967, 43.4874498 ], [ -3.8244279, 43.4872017 ], [ -3.8243602, 43.4870354 ], [ -3.8245483, 43.486915 ], [ -3.8246445, 43.4867666 ], [ -3.8248247, 43.4865461 ], [ -3.8250574, 43.48633 ], [ -3.8253157, 43.4860804 ], [ -3.8253992, 43.4859606 ], [ -3.8254722, 43.4858238 ], [ -3.8254587, 43.4858311 ], [ -3.8254945, 43.4857503 ], [ -3.8256091, 43.485516 ], [ -3.8257236, 43.4852769 ], [ -3.8257323, 43.4849576 ], [ -3.8255962, 43.4850491 ], [ -3.8254857, 43.4851071 ], [ -3.8254008, 43.485122 ], [ -3.8253155, 43.4850988 ], [ -3.8251643, 43.4850523 ], [ -3.8250007, 43.4850534 ], [ -3.8248051, 43.4851073 ], [ -3.8244724, 43.4851811 ], [ -3.8243533, 43.4850819 ], [ -3.8242742, 43.4850444 ], [ -3.8241758, 43.4850213 ], [ -3.8240309, 43.4849556 ], [ -3.8238787, 43.4848281 ], [ -3.8237924, 43.4847381 ], [ -3.8237701, 43.484543 ], [ -3.8238201, 43.4843711 ], [ -3.8230789, 43.4837617 ], [ -3.8228854, 43.483968 ], [ -3.8226835, 43.4840409 ], [ -3.822391, 43.4841812 ], [ -3.8222248, 43.4839871 ], [ -3.8218912, 43.4835178 ], [ -3.8218595, 43.4835203 ], [ -3.8218605, 43.4835052 ], [ -3.8218538, 43.4835052 ], [ -3.8219296, 43.4834555 ], [ -3.8222155, 43.4833058 ], [ -3.8222996, 43.4832337 ], [ -3.8223244, 43.4831335 ], [ -3.8223759, 43.4830664 ], [ -3.8226744, 43.4828879 ], [ -3.8225222, 43.4827604 ], [ -3.8223462, 43.4828093 ], [ -3.8222534, 43.4827242 ], [ -3.8220028, 43.4825783 ], [ -3.8219817, 43.4824689 ], [ -3.821795, 43.4822129 ], [ -3.8216124, 43.4822571 ], [ -3.8216067, 43.4823238 ], [ -3.8205041, 43.4825652 ], [ -3.8204451, 43.4825514 ], [ -3.8202629, 43.4821477 ], [ -3.8199496, 43.4822023 ], [ -3.8197247, 43.4815416 ], [ -3.8200634, 43.4814248 ], [ -3.820089, 43.4813865 ], [ -3.8196679, 43.4812133 ], [ -3.8181482, 43.4806047 ], [ -3.8179771, 43.480542 ], [ -3.8179767, 43.4805307 ], [ -3.8178717, 43.4804828 ], [ -3.8177986, 43.4804023 ], [ -3.8179415, 43.4803203 ], [ -3.817815, 43.4801592 ], [ -3.8179744, 43.4800872 ], [ -3.817974, 43.4800722 ], [ -3.818309, 43.4799175 ], [ -3.8182223, 43.479799 ], [ -3.8181429, 43.4797281 ], [ -3.8182923, 43.4796507 ], [ -3.8180393, 43.4793238 ], [ -3.817974, 43.479222 ], [ -3.8179712, 43.479199 ], [ -3.8178854, 43.4790771 ], [ -3.8176858, 43.4788308 ], [ -3.8175655, 43.478641 ], [ -3.8175651, 43.4786125 ], [ -3.8176037, 43.4785645 ], [ -3.817655, 43.4784879 ], [ -3.8177313, 43.4783956 ], [ -3.8177311, 43.4783954 ], [ -3.817758, 43.4783633 ], [ -3.8179138, 43.4782669 ], [ -3.8180702, 43.4782181 ], [ -3.8181463, 43.4781615 ], [ -3.8180128, 43.4780187 ], [ -3.8177058, 43.4775778 ], [ -3.8173928, 43.477307 ], [ -3.8172906, 43.4771685 ], [ -3.8172615, 43.477139 ], [ -3.8172223, 43.4771429 ], [ -3.8171706, 43.4771909 ], [ -3.8169356, 43.4772307 ], [ -3.8166218, 43.477252 ], [ -3.8163858, 43.4772155 ], [ -3.8161105, 43.4771794 ], [ -3.8157182, 43.4772012 ], [ -3.815445, 43.4773176 ], [ -3.8152502, 43.4774333 ], [ -3.8151339, 43.4775389 ], [ -3.8148995, 43.4776264 ], [ -3.8145342, 43.4777052 ], [ -3.8143253, 43.4777448 ], [ -3.8132432, 43.4780479 ], [ -3.813034, 43.478059 ], [ -3.812837, 43.4780032 ], [ -3.8124566, 43.4779392 ], [ -3.8121048, 43.478056 ], [ -3.8117932, 43.4782393 ], [ -3.8116194, 43.4779642 ], [ -3.8114364, 43.477975 ], [ -3.8114142, 43.477874 ], [ -3.8114043, 43.4778773 ], [ -3.8113951, 43.4778276 ], [ -3.810794, 43.4778938 ], [ -3.8103247, 43.4780258 ], [ -3.8095881, 43.4782359 ], [ -3.8085716, 43.4785274 ], [ -3.8085022, 43.4785384 ], [ -3.8066831, 43.4790866 ], [ -3.8066852, 43.4790887 ], [ -3.807834, 43.4795036 ], [ -3.8076178, 43.4799768 ], [ -3.807511, 43.4803013 ], [ -3.8075185, 43.4803133 ], [ -3.807451, 43.4804457 ], [ -3.8074008, 43.480608 ], [ -3.8071726, 43.4806716 ], [ -3.8071733, 43.480724 ], [ -3.8070632, 43.4808058 ], [ -3.8072367, 43.4809503 ], [ -3.807232, 43.4809542 ], [ -3.8072946, 43.48099 ], [ -3.8075466, 43.481236 ], [ -3.8076396, 43.4813401 ], [ -3.8072813, 43.4814618 ], [ -3.8070724, 43.4814966 ], [ -3.806968, 43.4815212 ], [ -3.80689, 43.4815646 ], [ -3.8068911, 43.4816456 ], [ -3.8066639, 43.4816819 ], [ -3.8066542, 43.4816919 ], [ -3.8061536, 43.481789 ], [ -3.8062467, 43.4818979 ], [ -3.806293, 43.4819718 ], [ -3.8055031, 43.4821025 ], [ -3.8051185, 43.48221 ], [ -3.8046302, 43.4823945 ], [ -3.8042524, 43.4825306 ], [ -3.804326, 43.4826492 ], [ -3.8040575, 43.482632 ], [ -3.8039389, 43.4825757 ], [ -3.8037625, 43.4825912 ], [ -3.8036376, 43.482554 ], [ -3.8035066, 43.4825406 ], [ -3.8033892, 43.48257 ], [ -3.8033307, 43.482599 ], [ -3.8032334, 43.4826617 ], [ -3.8026785, 43.4822653 ], [ -3.8025901, 43.4825089 ], [ -3.8024745, 43.4827966 ], [ -3.802474, 43.4827962 ], [ -3.8023353, 43.4830396 ], [ -3.802136, 43.4833031 ], [ -3.8020394, 43.4833455 ], [ -3.8020257, 43.4833643 ], [ -3.8020249, 43.4833655 ], [ -3.8015503, 43.4835502 ], [ -3.8009358, 43.4835926 ], [ -3.8004083, 43.4837869 ], [ -3.8001232, 43.4839985 ], [ -3.7996879, 43.4842398 ], [ -3.7992388, 43.4844193 ], [ -3.7994483, 43.4848233 ], [ -3.799434, 43.4848372 ], [ -3.7996933, 43.4851451 ], [ -3.7999658, 43.4854624 ], [ -3.8001598, 43.4857851 ], [ -3.800142, 43.4859186 ], [ -3.7999944, 43.4861388 ], [ -3.7998004, 43.4863165 ], [ -3.7997364, 43.4863307 ], [ -3.7997367, 43.4863332 ], [ -3.7994913, 43.4864473 ], [ -3.7992695, 43.486506 ], [ -3.7988402, 43.4866996 ], [ -3.7981631, 43.4869616 ], [ -3.7975521, 43.4872804 ], [ -3.7966546, 43.4877059 ], [ -3.791128, 43.4904602 ], [ -3.7904527, 43.4908651 ], [ -3.7895597, 43.4913646 ] ] ] } },
{ "type": "Feature", "properties": { "CCAA": "06 - Cantabria", "PROVINCIA": "39 - Cantabria", "MUNICIPIO": "39075 - Santander", "COD_MUNICIPIO": "39075", "DISTRITO": "08", "SECCION": "3907508002", "V1_H": 80.99, "V1_M": 86.67, "V2_H": 80.575161, "V2_M": 86.38311792, "V3_H": 81.41956161, "V3_M": 87.05147909 }, "geometry": { "type": "Polygon", "coordinates": [ [ [ -3.8405306, 43.4546351 ], [ -3.8406042, 43.4546472 ], [ -3.8408571, 43.4548663 ], [ -3.8415396, 43.4551863 ], [ -3.8421468, 43.4552208 ], [ -3.8432706, 43.4551865 ], [ -3.8440913, 43.4551805 ], [ -3.844751, 43.4551367 ], [ -3.8454454, 43.4550275 ], [ -3.846603, 43.454863 ], [ -3.8475833, 43.4547777 ], [ -3.8482942, 43.4546946 ], [ -3.8483383, 43.454655 ], [ -3.8496375, 43.4545316 ], [ -3.8507109, 43.4543719 ], [ -3.8515586, 43.4542014 ], [ -3.8538591, 43.4537293 ], [ -3.854187, 43.4536131 ], [ -3.8548613, 43.4534564 ], [ -3.8553312, 43.4533543 ], [ -3.8567292, 43.4530506 ], [ -3.8585255, 43.4525064 ], [ -3.8620634, 43.451216 ], [ -3.8650863, 43.4500215 ], [ -3.8648027, 43.4494055 ], [ -3.8645892, 43.4491117 ], [ -3.8642578, 43.4487997 ], [ -3.8642024, 43.4485809 ], [ -3.8643296, 43.4483322 ], [ -3.8646922, 43.4480722 ], [ -3.8650953, 43.4479071 ], [ -3.8658632, 43.447644 ], [ -3.866118, 43.44753 ], [ -3.8658281, 43.4476111 ], [ -3.8644956, 43.4478234 ], [ -3.8629142, 43.4476205 ], [ -3.8609613, 43.4476427 ], [ -3.8608583, 43.4476438 ], [ -3.8596018, 43.4476581 ], [ -3.8579422, 43.4480497 ], [ -3.8564824, 43.4482896 ], [ -3.853631, 43.4487531 ], [ -3.8508962, 43.4490688 ], [ -3.8493412, 43.4492482 ], [ -3.8482047, 43.4492707 ], [ -3.8471266, 43.4493348 ], [ -3.8461446, 43.4493842 ], [ -3.8452397, 43.449433 ], [ -3.8437389, 43.4495845 ], [ -3.841086, 43.4500251 ], [ -3.8400379, 43.4504611 ], [ -3.8400568, 43.450467 ], [ -3.8401842, 43.4516747 ], [ -3.8401691, 43.4525814 ], [ -3.8401766, 43.4531252 ], [ -3.840405, 43.4536473 ], [ -3.8404949, 43.4541502 ], [ -3.8405306, 43.4546351 ] ] ] } },
{ "type": "Feature", "properties": { "CCAA": "06 - Cantabria", "PROVINCIA": "39 - Cantabria", "MUNICIPIO": "39075 - Santander", "COD_MUNICIPIO": "39075", "DISTRITO": "08", "SECCION": "3907508016", "V1_H": 82.5, "V1_M": 87.29, "V2_H": 82.15783722, "V2_M": 87.30677587, "V3_H": 82.90083825000001, "V3_M": 87.37512967000001 }, "geometry": { "type": "Polygon", "coordinates": [ [ [ -3.7887351, 43.4815409 ], [ -3.7886251, 43.4816225 ], [ -3.788715, 43.4816204 ], [ -3.7893782, 43.4814044 ], [ -3.7898203, 43.4812521 ], [ -3.7906033, 43.4810478 ], [ -3.791524, 43.4809295 ], [ -3.7920875, 43.4809256 ], [ -3.7926681, 43.4809216 ], [ -3.7933858, 43.4809539 ], [ -3.794138, 43.4810109 ], [ -3.7943436, 43.4810593 ], [ -3.7949076, 43.4810926 ], [ -3.7953858, 43.4810893 ], [ -3.7959292, 43.4810736 ], [ -3.7959485, 43.4810758 ], [ -3.7958258, 43.4807878 ], [ -3.7957725, 43.4806265 ], [ -3.7956326, 43.4803788 ], [ -3.7955279, 43.4802054 ], [ -3.7955607, 43.4801057 ], [ -3.7956105, 43.4799934 ], [ -3.7957792, 43.4798306 ], [ -3.7957487, 43.479782 ], [ -3.7957094, 43.4797191 ], [ -3.7955188, 43.479509 ], [ -3.795448, 43.479323 ], [ -3.7955316, 43.4791856 ], [ -3.7957513, 43.4790099 ], [ -3.7961065, 43.4787463 ], [ -3.7963773, 43.4785579 ], [ -3.7966475, 43.4783321 ], [ -3.7967814, 43.4781198 ], [ -3.7970003, 43.4778208 ], [ -3.7958508, 43.4781438 ], [ -3.7950187, 43.4785473 ], [ -3.7934053, 43.4790622 ], [ -3.792333, 43.4792021 ], [ -3.7914442, 43.4792748 ], [ -3.7913958, 43.4795664 ], [ -3.7907194, 43.4800182 ], [ -3.7902447, 43.4802451 ], [ -3.7893659, 43.4808722 ], [ -3.7888954, 43.4814219 ], [ -3.7887351, 43.4815409 ] ] ] } },
{ "type": "Feature", "properties": { "CCAA": "06 - Cantabria", "PROVINCIA": "39 - Cantabria", "MUNICIPIO": "39075 - Santander", "COD_MUNICIPIO": "39075", "DISTRITO": "08", "SECCION": "3907508019", "V1_H": 82.11, "V1_M": 87.17, "V2_H": 81.68538902, "V2_M": 87.16795144, "V3_H": 82.5577829, "V3_M": 87.30202001000001 }, "geometry": { "type": "Polygon", "coordinates": [ [ [ -3.7886251, 43.4816225 ], [ -3.7884973, 43.4816488 ], [ -3.7879342, 43.4818866 ], [ -3.7877801, 43.4821164 ], [ -3.7876796, 43.4824411 ], [ -3.7876299, 43.4826416 ], [ -3.787607, 43.482899 ], [ -3.7876364, 43.4831466 ], [ -3.7877041, 43.4833176 ], [ -3.7880214, 43.4835632 ], [ -3.7882695, 43.483627 ], [ -3.7888809, 43.4836776 ], [ -3.788932, 43.4836656 ], [ -3.7891646, 43.4836108 ], [ -3.7896375, 43.483504 ], [ -3.7899093, 43.4834287 ], [ -3.790145, 43.4833192 ], [ -3.7903688, 43.4832054 ], [ -3.790516, 43.4831267 ], [ -3.7907223, 43.4830346 ], [ -3.7911118, 43.4828981 ], [ -3.791643, 43.4827131 ], [ -3.7920976, 43.4825718 ], [ -3.7924814, 43.4824526 ], [ -3.7928889, 43.4823332 ], [ -3.7931783, 43.4822492 ], [ -3.7933731, 43.4821875 ], [ -3.7936092, 43.4821081 ], [ -3.7939514, 43.4819806 ], [ -3.7943466, 43.4818224 ], [ -3.7947123, 43.481686 ], [ -3.7949895, 43.4815762 ], [ -3.7952256, 43.4814925 ], [ -3.7954792, 43.4813958 ], [ -3.7956503, 43.4813342 ], [ -3.7958275, 43.4812768 ], [ -3.7959691, 43.4812241 ], [ -3.7961275, 43.4811558 ], [ -3.7962172, 43.4811194 ], [ -3.7962002, 43.4811121 ], [ -3.796176, 43.4811018 ], [ -3.7959485, 43.4810758 ], [ -3.7959292, 43.4810736 ], [ -3.7953858, 43.4810893 ], [ -3.7949076, 43.4810926 ], [ -3.7943436, 43.4810593 ], [ -3.794138, 43.4810109 ], [ -3.7933858, 43.4809539 ], [ -3.7926681, 43.4809216 ], [ -3.7920875, 43.4809256 ], [ -3.791524, 43.4809295 ], [ -3.7906033, 43.4810478 ], [ -3.7898203, 43.4812521 ], [ -3.7893782, 43.4814044 ], [ -3.788715, 43.4816204 ], [ -3.7886251, 43.4816225 ] ] ] } },
{ "type": "Feature", "properties": { "CCAA": "06 - Cantabria", "PROVINCIA": "39 - Cantabria", "MUNICIPIO": "39075 - Santander", "COD_MUNICIPIO": "39075", "DISTRITO": "07", "SECCION": "3907507001", "V1_H": 80.02, "V1_M": 86.02, "V2_H": 79.96138623, "V2_M": 86.18252023, "V3_H": 80.18726569, "V3_M": 86.15258899 }, "geometry": { "type": "Polygon", "coordinates": [ [ [ -3.8305631, 43.4621212 ], [ -3.8306415, 43.4622373 ], [ -3.8308306, 43.462486 ], [ -3.8310095, 43.462674 ], [ -3.8311433, 43.462957 ], [ -3.8310377, 43.4633769 ], [ -3.830949, 43.4636818 ], [ -3.8310186, 43.4638347 ], [ -3.8310732, 43.4638186 ], [ -3.8315066, 43.4637318 ], [ -3.8325406, 43.4633254 ], [ -3.8334587, 43.4625886 ], [ -3.834119, 43.4620092 ], [ -3.8346426, 43.4616132 ], [ -3.8348721, 43.4614236 ], [ -3.8349076, 43.4613943 ], [ -3.8345414, 43.4613779 ], [ -3.8339821, 43.4612274 ], [ -3.8330207, 43.4607898 ], [ -3.8325936, 43.4605996 ], [ -3.8321642, 43.460425 ], [ -3.8316558, 43.4606165 ], [ -3.8308969, 43.4608658 ], [ -3.8303973, 43.4610455 ], [ -3.8301037, 43.4613321 ], [ -3.8300541, 43.4613681 ], [ -3.8305631, 43.4621212 ] ] ] } },
{ "type": "Feature", "properties": { "CCAA": "06 - Cantabria", "PROVINCIA": "39 - Cantabria", "MUNICIPIO": "39075 - Santander", "COD_MUNICIPIO": "39075", "DISTRITO": "07", "SECCION": "3907507012", "V1_H": 81.47, "V1_M": 86.95, "V2_H": 81.05678048, "V2_M": 86.75805168, "V3_H": 81.85108408000001, "V3_M": 87.21302779 }, "geometry": { "type": "Polygon", "coordinates": [ [ [ -3.7963631, 43.4708425 ], [ -3.7957231, 43.4709936 ], [ -3.7951069, 43.4711657 ], [ -3.7947201, 43.4712656 ], [ -3.7948707, 43.4716531 ], [ -3.7950141, 43.4719835 ], [ -3.7958317, 43.4718346 ], [ -3.797397, 43.4715504 ], [ -3.7983494, 43.471345 ], [ -3.7995743, 43.4711129 ], [ -3.802603, 43.4705699 ], [ -3.804848, 43.470107 ], [ -3.8052298, 43.4700606 ], [ -3.8051495, 43.4697294 ], [ -3.8051468, 43.4697172 ], [ -3.8050884, 43.4694586 ], [ -3.8050864, 43.4694464 ], [ -3.8050869, 43.4694356 ], [ -3.8050936, 43.4694265 ], [ -3.8051064, 43.4694193 ], [ -3.8050917, 43.4693824 ], [ -3.8049196, 43.469404 ], [ -3.8048314, 43.4694136 ], [ -3.8048227, 43.469357 ], [ -3.8047563, 43.4693238 ], [ -3.804819, 43.4690987 ], [ -3.8046906, 43.4687902 ], [ -3.8041213, 43.4688319 ], [ -3.8030815, 43.4689248 ], [ -3.8019075, 43.4690431 ], [ -3.8014381, 43.4691075 ], [ -3.8005431, 43.4691778 ], [ -3.8006897, 43.4693205 ], [ -3.8009576, 43.4696435 ], [ -3.8010677, 43.4698002 ], [ -3.8004548, 43.469962 ], [ -3.7987432, 43.4703481 ], [ -3.7977855, 43.4705074 ], [ -3.7969096, 43.4707153 ], [ -3.7963631, 43.4708425 ] ] ] } },
{ "type": "Feature", "properties": { "CCAA": "06 - Cantabria", "PROVINCIA": "39 - Cantabria", "MUNICIPIO": "39075 - Santander", "COD_MUNICIPIO": "39075", "DISTRITO": "07", "SECCION": "3907507019", "V1_H": 81.88, "V1_M": 87.06, "V2_H": 81.54316391, "V2_M": 86.92154098, "V3_H": 82.24926416, "V3_M": 87.34198023 }, "geometry": { "type": "Polygon", "coordinates": [ [ [ -3.7877571, 43.4724102 ], [ -3.7879639, 43.4727335 ], [ -3.7881746, 43.473204 ], [ -3.7882248, 43.4732754 ], [ -3.7895708, 43.4730205 ], [ -3.7909319, 43.4727627 ], [ -3.7920548, 43.4725562 ], [ -3.7926968, 43.4724499 ], [ -3.7925918, 43.472139 ], [ -3.792566, 43.4720683 ], [ -3.7925186, 43.4719261 ], [ -3.7924879, 43.4718339 ], [ -3.792691, 43.4716321 ], [ -3.7925813, 43.4713334 ], [ -3.7924878, 43.4707586 ], [ -3.7924543, 43.4707105 ], [ -3.791925, 43.4708002 ], [ -3.791362, 43.4708615 ], [ -3.790868, 43.4708738 ], [ -3.7904554, 43.4708523 ], [ -3.7901121, 43.4707973 ], [ -3.7898289, 43.4706976 ], [ -3.7895215, 43.4706037 ], [ -3.7891719, 43.4707651 ], [ -3.788713, 43.4709096 ], [ -3.7882058, 43.471072 ], [ -3.7878436, 43.4711893 ], [ -3.7876278, 43.4712464 ], [ -3.7878469, 43.4714896 ], [ -3.787978, 43.4717673 ], [ -3.787953, 43.4720256 ], [ -3.7877738, 43.4724087 ], [ -3.7877571, 43.4724102 ] ] ] } },
{ "type": "Feature", "properties": { "CCAA": "06 - Cantabria", "PROVINCIA": "39 - Cantabria", "MUNICIPIO": "39075 - Santander", "COD_MUNICIPIO": "39075", "DISTRITO": "08", "SECCION": "3907508003", "V1_H": 81.11, "V1_M": 86.51, "V2_H": 80.75023294, "V2_M": 86.37370028, "V3_H": 81.47997818, "V3_M": 86.68611994 }, "geometry": { "type": "Polygon", "coordinates": [ [ [ -3.8866252, 43.4404991 ], [ -3.8866017, 43.4404117 ], [ -3.8850082, 43.4396046 ], [ -3.883191, 43.4387092 ], [ -3.8772675, 43.4384036 ], [ -3.8768067, 43.4383957 ], [ -3.8757659, 43.4383778 ], [ -3.8756666, 43.4402856 ], [ -3.8756471, 43.4402932 ], [ -3.875643, 43.4408217 ], [ -3.8742105, 43.4412425 ], [ -3.8741429, 43.4410905 ], [ -3.8739717, 43.441006 ], [ -3.8738593, 43.4409952 ], [ -3.8738383, 43.4410034 ], [ -3.8738275, 43.4409881 ], [ -3.8736968, 43.4409891 ], [ -3.8735136, 43.440981 ], [ -3.8731732, 43.440955 ], [ -3.8727942, 43.4409769 ], [ -3.8724025, 43.441018 ], [ -3.8723247, 43.4410663 ], [ -3.8725657, 43.44152 ], [ -3.8725566, 43.4415232 ], [ -3.8726606, 43.4416927 ], [ -3.8714568, 43.4419423 ], [ -3.8714319, 43.441953 ], [ -3.8713696, 43.4419503 ], [ -3.8710432, 43.4419909 ], [ -3.8704182, 43.4421862 ], [ -3.8694804, 43.4424507 ], [ -3.8686087, 43.4427718 ], [ -3.8683338, 43.4427548 ], [ -3.8674368, 43.4431333 ], [ -3.8639131, 43.4445799 ], [ -3.8636893, 43.4450205 ], [ -3.8636621, 43.4450303 ], [ -3.8636421, 43.4450375 ], [ -3.8626828, 43.4463304 ], [ -3.8626865, 43.4463369 ], [ -3.8605401, 43.4465255 ], [ -3.8606235, 43.4468515 ], [ -3.8606038, 43.4468517 ], [ -3.8608583, 43.4476438 ], [ -3.8609613, 43.4476427 ], [ -3.8629142, 43.4476205 ], [ -3.8644956, 43.4478234 ], [ -3.8658281, 43.4476111 ], [ -3.866118, 43.44753 ], [ -3.8673139, 43.4471954 ], [ -3.8687161, 43.4469263 ], [ -3.871486, 43.4460848 ], [ -3.8736996, 43.4454009 ], [ -3.8746875, 43.444974 ], [ -3.8760046, 43.4438013 ], [ -3.8778679, 43.4424148 ], [ -3.8790663, 43.4420816 ], [ -3.8814402, 43.441644 ], [ -3.8833177, 43.4412483 ], [ -3.8847787, 43.4409893 ], [ -3.886238, 43.4406158 ], [ -3.8866252, 43.4404991 ] ] ] } },
{ "type": "Feature", "properties": { "CCAA": "06 - Cantabria", "PROVINCIA": "39 - Cantabria", "MUNICIPIO": "39075 - Santander", "COD_MUNICIPIO": "39075", "DISTRITO": "08", "SECCION": "3907508014", "V1_H": 79.27, "V1_M": 85.17, "V2_H": 79.19654882, "V2_M": 85.28496149, "V3_H": 79.61871206, "V3_M": 85.37047204 }, "geometry": { "type": "Polygon", "coordinates": [ [ [ -3.8430226, 43.4604581 ], [ -3.8431651, 43.4604829 ], [ -3.8434082, 43.4604634 ], [ -3.8438464, 43.4604691 ], [ -3.8441505, 43.4604579 ], [ -3.8445999, 43.4604014 ], [ -3.8451463, 43.4603088 ], [ -3.8457529, 43.4601802 ], [ -3.8458869, 43.4601881 ], [ -3.846239, 43.4601323 ], [ -3.8470017, 43.4600103 ], [ -3.8470526, 43.4600022 ], [ -3.8477325, 43.4598908 ], [ -3.8484566, 43.4597001 ], [ -3.8481626, 43.4593203 ], [ -3.84816, 43.459139 ], [ -3.8479603, 43.4591989 ], [ -3.846855, 43.459426 ], [ -3.8452055, 43.4596983 ], [ -3.8438157, 43.4597359 ], [ -3.8429843, 43.4597317 ], [ -3.8429879, 43.4599878 ], [ -3.8429921, 43.4602892 ], [ -3.8430226, 43.4604581 ] ] ] } },
{ "type": "Feature", "properties": { "CCAA": "06 - Cantabria", "PROVINCIA": "39 - Cantabria", "MUNICIPIO": "39075 - Santander", "COD_MUNICIPIO": "39075", "DISTRITO": "08", "SECCION": "3907508021", "V1_H": 81.0, "V1_M": 86.46, "V2_H": 80.73228769000001, "V2_M": 86.26471443, "V3_H": 81.28044537, "V3_M": 86.73149122 }, "geometry": { "type": "Polygon", "coordinates": [ [ [ -3.8567895, 43.443814 ], [ -3.8558844, 43.4454163 ], [ -3.8545115, 43.4469706 ], [ -3.8539808, 43.4475923 ], [ -3.8518742, 43.4485064 ], [ -3.8508962, 43.4490688 ], [ -3.853631, 43.4487531 ], [ -3.8564824, 43.4482896 ], [ -3.8579422, 43.4480497 ], [ -3.8596018, 43.4476581 ], [ -3.8608583, 43.4476438 ], [ -3.8606038, 43.4468517 ], [ -3.8606235, 43.4468515 ], [ -3.8605401, 43.4465255 ], [ -3.8626865, 43.4463369 ], [ -3.8626828, 43.4463304 ], [ -3.8636421, 43.4450375 ], [ -3.8636621, 43.4450303 ], [ -3.8628555, 43.4447117 ], [ -3.8613303, 43.4441419 ], [ -3.8614199, 43.4440078 ], [ -3.8617135, 43.4435005 ], [ -3.861684, 43.4432625 ], [ -3.8615756, 43.4429965 ], [ -3.8614154, 43.442769 ], [ -3.861257, 43.4426654 ], [ -3.861008, 43.4426291 ], [ -3.8606148, 43.4425654 ], [ -3.8604181, 43.4425288 ], [ -3.8601824, 43.4425115 ], [ -3.8599342, 43.4425324 ], [ -3.8597254, 43.4425626 ], [ -3.8595303, 43.4426403 ], [ -3.8593348, 43.4426894 ], [ -3.8591906, 43.4426619 ], [ -3.8586644, 43.4422417 ], [ -3.8586568, 43.44225 ], [ -3.8584721, 43.44202 ], [ -3.8584487, 43.4419908 ], [ -3.8568238, 43.4438356 ], [ -3.8567895, 43.443814 ] ] ] } },
{ "type": "Feature", "properties": { "CCAA": "06 - Cantabria", "PROVINCIA": "39 - Cantabria", "MUNICIPIO": "39075 - Santander", "COD_MUNICIPIO": "39075", "DISTRITO": "08", "SECCION": "3907508028", "V1_H": 81.11, "V1_M": 86.51, "V2_H": 80.75023294, "V2_M": 86.37370028, "V3_H": 81.47997818, "V3_M": 86.68611994 }, "geometry": { "type": "Polygon", "coordinates": [ [ [ -3.8485147, 43.4552296 ], [ -3.8485561, 43.4553384 ], [ -3.8485848, 43.4555503 ], [ -3.8486226, 43.4558059 ], [ -3.8486517, 43.4560428 ], [ -3.84868, 43.4562361 ], [ -3.8486901, 43.4563483 ], [ -3.8487099, 43.4565354 ], [ -3.8487287, 43.4566538 ], [ -3.8487478, 43.4567909 ], [ -3.8487765, 43.4569353 ], [ -3.8487836, 43.456933 ], [ -3.8502956, 43.4564514 ], [ -3.8515842, 43.4560389 ], [ -3.8516183, 43.455953 ], [ -3.8537159, 43.4553459 ], [ -3.8547122, 43.4550641 ], [ -3.8552158, 43.454906 ], [ -3.855673, 43.4547826 ], [ -3.8558605, 43.4547298 ], [ -3.8560368, 43.4547199 ], [ -3.855952, 43.4546198 ], [ -3.8553312, 43.4533543 ], [ -3.8548613, 43.4534564 ], [ -3.854187, 43.4536131 ], [ -3.8538591, 43.4537293 ], [ -3.8515586, 43.4542014 ], [ -3.8507109, 43.4543719 ], [ -3.8496375, 43.4545316 ], [ -3.8483383, 43.454655 ], [ -3.8482942, 43.4546946 ], [ -3.8484045, 43.454909 ], [ -3.848485, 43.4551517 ], [ -3.8485147, 43.4552296 ] ] ] } },
{ "type": "Feature", "properties": { "CCAA": "06 - Cantabria", "PROVINCIA": "39 - Cantabria", "MUNICIPIO": "39075 - Santander", "COD_MUNICIPIO": "39075", "DISTRITO": "07", "SECCION": "3907507022", "V1_H": 81.18, "V1_M": 86.79, "V2_H": 80.97904731, "V2_M": 86.77314473, "V3_H": 81.44010912, "V3_M": 86.96351832000001 }, "geometry": { "type": "Polygon", "coordinates": [ [ [ -3.8097386, 43.469496 ], [ -3.8100505, 43.4695332 ], [ -3.8103885, 43.4694968 ], [ -3.8108078, 43.4694258 ], [ -3.8122987, 43.4691772 ], [ -3.8137434, 43.4688387 ], [ -3.8133869, 43.4685319 ], [ -3.8133893, 43.468494 ], [ -3.813388, 43.4684929 ], [ -3.8133713, 43.4684052 ], [ -3.8133848, 43.4680242 ], [ -3.8133905, 43.4677583 ], [ -3.8133787, 43.4675817 ], [ -3.811242, 43.4675763 ], [ -3.809938, 43.46754 ], [ -3.8099322, 43.4676147 ], [ -3.8099752, 43.4678093 ], [ -3.8100649, 43.4680956 ], [ -3.810149, 43.4683487 ], [ -3.810222, 43.4685211 ], [ -3.810219, 43.4685248 ], [ -3.8102344, 43.4685373 ], [ -3.8102347, 43.4685659 ], [ -3.8102224, 43.4686184 ], [ -3.8100807, 43.4687862 ], [ -3.8098675, 43.4689878 ], [ -3.8096216, 43.4691795 ], [ -3.8096256, 43.4692351 ], [ -3.8096523, 43.4693453 ], [ -3.8097213, 43.4694754 ], [ -3.8097261, 43.4694846 ], [ -3.8097386, 43.469496 ] ] ] } },
{ "type": "Feature", "properties": { "CCAA": "06 - Cantabria", "PROVINCIA": "39 - Cantabria", "MUNICIPIO": "39075 - Santander", "COD_MUNICIPIO": "39075", "DISTRITO": "07", "SECCION": "3907507023", "V1_H": 81.55, "V1_M": 86.88, "V2_H": 81.46298126000001, "V2_M": 86.741846, "V3_H": 81.68783029, "V3_M": 87.18580847 }, "geometry": { "type": "Polygon", "coordinates": [ [ [ -3.825524, 43.4649216 ], [ -3.8255479, 43.464929 ], [ -3.8260298, 43.4650783 ], [ -3.8260411, 43.4650845 ], [ -3.8260639, 43.4650926 ], [ -3.826101, 43.4651039 ], [ -3.8261357, 43.4651168 ], [ -3.8261674, 43.4651269 ], [ -3.8262088, 43.4651928 ], [ -3.8264959, 43.465111 ], [ -3.8282489, 43.4646515 ], [ -3.8310186, 43.4638347 ], [ -3.830949, 43.4636818 ], [ -3.8310377, 43.4633769 ], [ -3.8311433, 43.462957 ], [ -3.8310095, 43.462674 ], [ -3.8308306, 43.462486 ], [ -3.8306415, 43.4622373 ], [ -3.8305631, 43.4621212 ], [ -3.827621, 43.463065 ], [ -3.826957, 43.4622835 ], [ -3.8260953, 43.4625167 ], [ -3.8255274, 43.4627066 ], [ -3.8256045, 43.462798 ], [ -3.8256408, 43.46283 ], [ -3.8261989, 43.4633459 ], [ -3.826558, 43.4636789 ], [ -3.8265665, 43.4636908 ], [ -3.8266455, 43.4638047 ], [ -3.8267056, 43.4638508 ], [ -3.825524, 43.4649216 ] ] ] } },
{ "type": "Feature", "properties": { "CCAA": "06 - Cantabria", "PROVINCIA": "39 - Cantabria", "MUNICIPIO": "39075 - Santander", "COD_MUNICIPIO": "39075", "DISTRITO": "08", "SECCION": "3907508017", "V1_H": 80.21, "V1_M": 86.09, "V2_H": 80.08965404, "V2_M": 85.91309697, "V3_H": 80.44476746, "V3_M": 86.42186139 }, "geometry": { "type": "Polygon", "coordinates": [ [ [ -3.8483509, 43.4373371 ], [ -3.8483531, 43.4374946 ], [ -3.8482469, 43.4380071 ], [ -3.8481875, 43.4386184 ], [ -3.848018, 43.4394616 ], [ -3.8472126, 43.440194 ], [ -3.8468999, 43.44051 ], [ -3.8468376, 43.4409231 ], [ -3.8468411, 43.4411707 ], [ -3.8466436, 43.4416345 ], [ -3.8463997, 43.442016 ], [ -3.8462453, 43.4423143 ], [ -3.8458945, 43.4431588 ], [ -3.8455438, 43.4440034 ], [ -3.8452317, 43.4443689 ], [ -3.8450765, 43.4446176 ], [ -3.8449489, 43.4452129 ], [ -3.8446667, 43.4461064 ], [ -3.8445234, 43.4467878 ], [ -3.847037, 43.4447317 ], [ -3.8470383, 43.4447323 ], [ -3.8471689, 43.4445765 ], [ -3.8476313, 43.444734 ], [ -3.8477399, 43.44472 ], [ -3.8479358, 43.4446995 ], [ -3.8483533, 43.4446249 ], [ -3.848555, 43.4445519 ], [ -3.848763, 43.4444646 ], [ -3.8489251, 43.4443681 ], [ -3.8490481, 43.4442767 ], [ -3.8492098, 43.4441468 ], [ -3.8495524, 43.4438631 ], [ -3.8496299, 43.443789 ], [ -3.849659, 43.4437456 ], [ -3.8497557, 43.4436016 ], [ -3.8498408, 43.4434504 ], [ -3.8499846, 43.4432654 ], [ -3.8501073, 43.4430795 ], [ -3.8502499, 43.4428695 ], [ -3.8504054, 43.442658 ], [ -3.8504895, 43.4424589 ], [ -3.8506108, 43.4422937 ], [ -3.850765, 43.4420801 ], [ -3.850948, 43.4418574 ], [ -3.8509505, 43.4418545 ], [ -3.8511275, 43.4416459 ], [ -3.8512552, 43.4414685 ], [ -3.8512601, 43.4414575 ], [ -3.8500154, 43.4409675 ], [ -3.8526557, 43.4372387 ], [ -3.8513894, 43.4373566 ], [ -3.850375, 43.437274 ], [ -3.8499916, 43.4372499 ], [ -3.8483509, 43.4373371 ] ] ] } },
{ "type": "Feature", "properties": { "CCAA": "06 - Cantabria", "PROVINCIA": "39 - Cantabria", "MUNICIPIO": "39075 - Santander", "COD_MUNICIPIO": "39075", "DISTRITO": "08", "SECCION": "3907508018", "V1_H": 80.21, "V1_M": 86.35, "V2_H": 80.00126986, "V2_M": 86.33312861, "V3_H": 80.58114521, "V3_M": 86.56210486000001 }, "geometry": { "type": "Polygon", "coordinates": [ [ [ -3.8484566, 43.4597001 ], [ -3.8485023, 43.4597268 ], [ -3.8486799, 43.4597685 ], [ -3.8487802, 43.4599805 ], [ -3.8488173, 43.4600157 ], [ -3.8491083, 43.4599426 ], [ -3.8498001, 43.4598134 ], [ -3.8504192, 43.4597024 ], [ -3.8507696, 43.4605284 ], [ -3.8518332, 43.4603743 ], [ -3.8542154, 43.4599023 ], [ -3.8568204, 43.4593856 ], [ -3.8566703, 43.4584159 ], [ -3.8565968, 43.4579404 ], [ -3.8565567, 43.4576817 ], [ -3.8497026, 43.4589019 ], [ -3.8490582, 43.458957 ], [ -3.849019, 43.4589603 ], [ -3.8482372, 43.4591158 ], [ -3.84816, 43.459139 ], [ -3.8481626, 43.4593203 ], [ -3.8484566, 43.4597001 ] ] ] } },
{ "type": "Feature", "properties": { "CCAA": "06 - Cantabria", "PROVINCIA": "39 - Cantabria", "MUNICIPIO": "39075 - Santander", "COD_MUNICIPIO": "39075", "DISTRITO": "05", "SECCION": "3907505009", "V1_H": 79.85, "V1_M": 85.78, "V2_H": 79.86035794, "V2_M": 85.76242541000001, "V3_H": 79.99500792000001, "V3_M": 85.93655133 }, "geometry": { "type": "Polygon", "coordinates": [ [ [ -3.8076823, 43.4576087 ], [ -3.8081316, 43.4585299 ], [ -3.8103891, 43.456737 ], [ -3.8110479, 43.4560679 ], [ -3.8113328, 43.455756 ], [ -3.811396, 43.4556868 ], [ -3.8127496, 43.4542048 ], [ -3.813551, 43.453238 ], [ -3.8142885, 43.4535768 ], [ -3.8153227, 43.4541865 ], [ -3.8160737, 43.4543117 ], [ -3.8166935, 43.4543784 ], [ -3.8167181, 43.4543723 ], [ -3.8180899, 43.4540282 ], [ -3.8182031, 43.4539998 ], [ -3.8192031, 43.4537319 ], [ -3.8209783, 43.4532561 ], [ -3.8213698, 43.4531536 ], [ -3.822461, 43.4528677 ], [ -3.8231206, 43.4526949 ], [ -3.8235446, 43.45259 ], [ -3.8254418, 43.4521206 ], [ -3.8254074, 43.4519784 ], [ -3.8252557, 43.4516552 ], [ -3.8232315, 43.4522046 ], [ -3.8218943, 43.4525619 ], [ -3.8218587, 43.4524954 ], [ -3.8205538, 43.4528522 ], [ -3.8205952, 43.4529358 ], [ -3.8206295, 43.4530049 ], [ -3.8190122, 43.4534412 ], [ -3.8184907, 43.4524042 ], [ -3.8197546, 43.4520574 ], [ -3.8198076, 43.4521542 ], [ -3.8199948, 43.4521055 ], [ -3.8199441, 43.4520053 ], [ -3.8210757, 43.4516945 ], [ -3.8211018, 43.4517738 ], [ -3.8210073, 43.4518103 ], [ -3.8217897, 43.451602 ], [ -3.8219117, 43.4515683 ], [ -3.8218254, 43.4514064 ], [ -3.8217513, 43.4512677 ], [ -3.8216473, 43.4512944 ], [ -3.8215466, 43.4511108 ], [ -3.8215946, 43.451096 ], [ -3.8215852, 43.4510788 ], [ -3.8215562, 43.4510405 ], [ -3.8215417, 43.4510132 ], [ -3.8215005, 43.4510252 ], [ -3.821163, 43.4503962 ], [ -3.8212294, 43.4503761 ], [ -3.8212341, 43.4503848 ], [ -3.8212706, 43.4503737 ], [ -3.8208994, 43.4496894 ], [ -3.8188695, 43.449615 ], [ -3.8172494, 43.4495604 ], [ -3.8170159, 43.449555 ], [ -3.8144098, 43.4494788 ], [ -3.8142661, 43.4494746 ], [ -3.8136591, 43.450549 ], [ -3.8130285, 43.4516646 ], [ -3.8128561, 43.4519654 ], [ -3.8124912, 43.4525922 ], [ -3.8124513, 43.4526516 ], [ -3.812417, 43.4527011 ], [ -3.8123818, 43.4527512 ], [ -3.8123403, 43.4528065 ], [ -3.8122992, 43.4528577 ], [ -3.8122503, 43.4529157 ], [ -3.8121559, 43.4530295 ], [ -3.8113665, 43.4539275 ], [ -3.8109014, 43.4544437 ], [ -3.8093431, 43.456193 ], [ -3.8093214, 43.4562367 ], [ -3.8092659, 43.4562944 ], [ -3.8092337, 43.4563281 ], [ -3.8092014, 43.4563617 ], [ -3.8091691, 43.4563954 ], [ -3.8091368, 43.4564291 ], [ -3.8091044, 43.4564627 ], [ -3.8090721, 43.4564965 ], [ -3.8090398, 43.4565301 ], [ -3.8090076, 43.4565637 ], [ -3.8089755, 43.4565972 ], [ -3.8089285, 43.4566461 ], [ -3.8076823, 43.4576087 ] ] ] } },
{ "type": "Feature", "properties": { "CCAA": "06 - Cantabria", "PROVINCIA": "39 - Cantabria", "MUNICIPIO": "39075 - Santander", "COD_MUNICIPIO": "39075", "DISTRITO": "05", "SECCION": "3907505011", "V1_H": 80.31, "V1_M": 85.98, "V2_H": 80.51251293, "V2_M": 86.22129475, "V3_H": 80.221823, "V3_M": 85.87405604 }, "geometry": { "type": "Polygon", "coordinates": [ [ [ -3.8192031, 43.4537319 ], [ -3.8195985, 43.4544302 ], [ -3.8206547, 43.454126 ], [ -3.8208258, 43.4544374 ], [ -3.8209004, 43.4544162 ], [ -3.8218937, 43.4541441 ], [ -3.8213698, 43.4531536 ], [ -3.8209783, 43.4532561 ], [ -3.8192031, 43.4537319 ] ] ] } },
{ "type": "Feature", "properties": { "CCAA": "06 - Cantabria", "PROVINCIA": "39 - Cantabria", "MUNICIPIO": "39075 - Santander", "COD_MUNICIPIO": "39075", "DISTRITO": "06", "SECCION": "3907506011", "V1_H": 81.02, "V1_M": 86.64, "V2_H": 80.81080237, "V2_M": 86.47452022, "V3_H": 81.32513937, "V3_M": 86.89244175 }, "geometry": { "type": "Polygon", "coordinates": [ [ [ -3.8261595, 43.45832 ], [ -3.8264952, 43.4584416 ], [ -3.82653, 43.4584235 ], [ -3.8266236, 43.4583909 ], [ -3.8269019, 43.4583483 ], [ -3.8287918, 43.4578606 ], [ -3.8297915, 43.4575418 ], [ -3.8304956, 43.4572523 ], [ -3.8305579, 43.4571978 ], [ -3.8307299, 43.4571482 ], [ -3.8310873, 43.4568357 ], [ -3.8317049, 43.4563242 ], [ -3.8320575, 43.4560096 ], [ -3.8324439, 43.4555648 ], [ -3.8327676, 43.4552841 ], [ -3.8326407, 43.4551212 ], [ -3.8326099, 43.4551167 ], [ -3.8325054, 43.4551453 ], [ -3.8323929, 43.455105 ], [ -3.832326, 43.4550022 ], [ -3.8323334, 43.4549749 ], [ -3.8323115, 43.4549039 ], [ -3.832295, 43.4548279 ], [ -3.8323331, 43.4548241 ], [ -3.8322468, 43.4545624 ], [ -3.8322383, 43.4544442 ], [ -3.83217, 43.4541608 ], [ -3.8321555, 43.4540987 ], [ -3.8321486, 43.4540694 ], [ -3.8317321, 43.4541557 ], [ -3.8313986, 43.4542424 ], [ -3.8312366, 43.4542645 ], [ -3.830869, 43.4543509 ], [ -3.8306154, 43.454432 ], [ -3.8303433, 43.4545021 ], [ -3.8301676, 43.4545037 ], [ -3.829433, 43.4542771 ], [ -3.8283651, 43.4542193 ], [ -3.8283529, 43.454051 ], [ -3.8283403, 43.4538726 ], [ -3.8277704, 43.4542102 ], [ -3.8276605, 43.4544501 ], [ -3.8275072, 43.4548047 ], [ -3.8273183, 43.455255 ], [ -3.827153, 43.4557222 ], [ -3.8268827, 43.4564913 ], [ -3.8268077, 43.4567135 ], [ -3.8264835, 43.4575342 ], [ -3.8262644, 43.4580642 ], [ -3.8261595, 43.45832 ] ] ] } },
{ "type": "Feature", "properties": { "CCAA": "06 - Cantabria", "PROVINCIA": "39 - Cantabria", "MUNICIPIO": "39075 - Santander", "COD_MUNICIPIO": "39075", "DISTRITO": "06", "SECCION": "3907506013", "V1_H": 81.1, "V1_M": 86.64, "V2_H": 80.60081217, "V2_M": 86.48118059, "V3_H": 81.51550291, "V3_M": 86.87452308 }, "geometry": { "type": "Polygon", "coordinates": [ [ [ -3.8144464, 43.4599141 ], [ -3.8144858, 43.4599079 ], [ -3.8147468, 43.4602003 ], [ -3.8151536, 43.4604115 ], [ -3.8154861, 43.4605562 ], [ -3.815597, 43.4606601 ], [ -3.8157904, 43.4605666 ], [ -3.8160821, 43.4605022 ], [ -3.8166023, 43.4603673 ], [ -3.8168281, 43.4603143 ], [ -3.816794, 43.4602266 ], [ -3.8167388, 43.4601352 ], [ -3.8166829, 43.4599979 ], [ -3.8166159, 43.4597034 ], [ -3.8164991, 43.4597173 ], [ -3.8164271, 43.4597244 ], [ -3.8162976, 43.459463 ], [ -3.8162272, 43.459345 ], [ -3.8162119, 43.4593372 ], [ -3.8154827, 43.459567 ], [ -3.8150989, 43.4596914 ], [ -3.8146509, 43.4598162 ], [ -3.8144464, 43.4599141 ] ] ] } },
{ "type": "Feature", "properties": { "CCAA": "06 - Cantabria", "PROVINCIA": "39 - Cantabria", "MUNICIPIO": "39075 - Santander", "COD_MUNICIPIO": "39075", "DISTRITO": "07", "SECCION": "3907507014", "V1_H": 79.89, "V1_M": 85.97, "V2_H": 79.67266264, "V2_M": 85.8368825, "V3_H": 80.33686579, "V3_M": 86.2809331 }, "geometry": { "type": "Polygon", "coordinates": [ [ [ -3.7962593, 43.4695161 ], [ -3.7962327, 43.4701195 ], [ -3.7963631, 43.4708425 ], [ -3.7969096, 43.4707153 ], [ -3.7977855, 43.4705074 ], [ -3.7987432, 43.4703481 ], [ -3.8004548, 43.469962 ], [ -3.8010677, 43.4698002 ], [ -3.8009576, 43.4696435 ], [ -3.8006897, 43.4693205 ], [ -3.8005431, 43.4691778 ], [ -3.8005293, 43.4691644 ], [ -3.7999518, 43.4692272 ], [ -3.7990878, 43.469312 ], [ -3.7978321, 43.4694192 ], [ -3.7967788, 43.4695004 ], [ -3.7963803, 43.4695179 ], [ -3.7962593, 43.4695161 ] ] ] } },
{ "type": "Feature", "properties": { "CCAA": "06 - Cantabria", "PROVINCIA": "39 - Cantabria", "MUNICIPIO": "39075 - Santander", "COD_MUNICIPIO": "39075", "DISTRITO": "07", "SECCION": "3907507016", "V1_H": 80.54, "V1_M": 86.2, "V2_H": 80.39552864, "V2_M": 86.0597654, "V3_H": 80.75568151, "V3_M": 86.47868922000001 }, "geometry": { "type": "Polygon", "coordinates": [ [ [ -3.7924543, 43.4707105 ], [ -3.7924878, 43.4707586 ], [ -3.7925813, 43.4713334 ], [ -3.792691, 43.4716321 ], [ -3.7924879, 43.4718339 ], [ -3.7925186, 43.4719261 ], [ -3.792566, 43.4720683 ], [ -3.7925918, 43.472139 ], [ -3.7926968, 43.4724499 ], [ -3.7928377, 43.4724266 ], [ -3.7940623, 43.4721697 ], [ -3.7949809, 43.4719895 ], [ -3.7950141, 43.4719835 ], [ -3.7948707, 43.4716531 ], [ -3.7947201, 43.4712656 ], [ -3.7951069, 43.4711657 ], [ -3.7957231, 43.4709936 ], [ -3.7963631, 43.4708425 ], [ -3.7962327, 43.4701195 ], [ -3.7962593, 43.4695161 ], [ -3.7958491, 43.469509 ], [ -3.7952911, 43.4694952 ], [ -3.794539, 43.469474 ], [ -3.7937622, 43.4694175 ], [ -3.7932526, 43.4693946 ], [ -3.792998, 43.4693963 ], [ -3.792707, 43.4693983 ], [ -3.7921883, 43.4694121 ], [ -3.7923647, 43.4698787 ], [ -3.7919693, 43.4700117 ], [ -3.7924543, 43.4707105 ] ] ] } },
{ "type": "Feature", "properties": { "CCAA": "06 - Cantabria", "PROVINCIA": "39 - Cantabria", "MUNICIPIO": "39075 - Santander", "COD_MUNICIPIO": "39075", "DISTRITO": "08", "SECCION": "3907508008", "V1_H": 81.11, "V1_M": 86.51, "V2_H": 80.75023294, "V2_M": 86.37370028, "V3_H": 81.47997818, "V3_M": 86.68611994 }, "geometry": { "type": "Polygon", "coordinates": [ [ [ -3.8181463, 43.4781615 ], [ -3.8181608, 43.4781508 ], [ -3.8183048, 43.4781498 ], [ -3.8183837, 43.4781778 ], [ -3.8184637, 43.4782916 ], [ -3.8185312, 43.4784435 ], [ -3.8185966, 43.4784431 ], [ -3.8188184, 43.4783938 ], [ -3.8191304, 43.4782391 ], [ -3.8194033, 43.4780942 ], [ -3.8194693, 43.4781414 ], [ -3.8200168, 43.477985 ], [ -3.8199878, 43.4777756 ], [ -3.8200648, 43.4776607 ], [ -3.8201815, 43.4775836 ], [ -3.8204014, 43.4773914 ], [ -3.820613, 43.4775519 ], [ -3.8209688, 43.4777399 ], [ -3.8213496, 43.4778325 ], [ -3.8216764, 43.4778111 ], [ -3.8219909, 43.4778374 ], [ -3.8222405, 43.4779119 ], [ -3.822568, 43.4779381 ], [ -3.8227907, 43.4779556 ], [ -3.8229867, 43.4779351 ], [ -3.8232869, 43.4778757 ], [ -3.823535, 43.4778358 ], [ -3.8237711, 43.4778723 ], [ -3.8238089, 43.4777672 ], [ -3.8238996, 43.4776998 ], [ -3.8240558, 43.4776415 ], [ -3.8243025, 43.4774968 ], [ -3.8248097, 43.4772644 ], [ -3.825096, 43.477148 ], [ -3.8253294, 43.4769938 ], [ -3.8255622, 43.476792 ], [ -3.8256146, 43.4767917 ], [ -3.8258751, 43.476704 ], [ -3.8260061, 43.4767126 ], [ -3.8261364, 43.4766735 ], [ -3.8261745, 43.4765875 ], [ -3.8261469, 43.4764829 ], [ -3.8264083, 43.4764619 ], [ -3.8270585, 43.4761618 ], [ -3.8272929, 43.4760743 ], [ -3.8279183, 43.4758792 ], [ -3.828257, 43.4757624 ], [ -3.8285302, 43.4756461 ], [ -3.8288946, 43.4755005 ], [ -3.8291539, 43.4753271 ], [ -3.8293609, 43.475154 ], [ -3.8295288, 43.4749908 ], [ -3.8296058, 43.4748759 ], [ -3.8296042, 43.4747616 ], [ -3.8295511, 43.4747048 ], [ -3.8295636, 43.4746666 ], [ -3.8295893, 43.4746283 ], [ -3.829694, 43.4746275 ], [ -3.8298504, 43.4745883 ], [ -3.8299282, 43.4745305 ], [ -3.8299787, 43.4743967 ], [ -3.8302842, 43.474728 ], [ -3.8306306, 43.4751829 ], [ -3.8308277, 43.4752387 ], [ -3.8308453, 43.4753056 ], [ -3.8308557, 43.4753033 ], [ -3.830925, 43.475419 ], [ -3.8310907, 43.4755703 ], [ -3.8314283, 43.4758585 ], [ -3.8319639, 43.4762692 ], [ -3.8321907, 43.4761103 ], [ -3.8323874, 43.4760097 ], [ -3.8323917, 43.4760132 ], [ -3.8324573, 43.4759844 ], [ -3.8325801, 43.4758787 ], [ -3.8326698, 43.4757351 ], [ -3.8327596, 43.4756058 ], [ -3.8329537, 43.4754472 ], [ -3.833317, 43.4752206 ], [ -3.8337387, 43.4749602 ], [ -3.8338817, 43.4748972 ], [ -3.8342397, 43.4747564 ], [ -3.834493, 43.4746212 ], [ -3.8345853, 43.4746729 ], [ -3.8349357, 43.4744655 ], [ -3.8350982, 43.474388 ], [ -3.8352937, 43.4743294 ], [ -3.8357431, 43.4741832 ], [ -3.8360528, 43.4740807 ], [ -3.8360257, 43.4740754 ], [ -3.8361724, 43.473999 ], [ -3.836356, 43.474031 ], [ -3.8364317, 43.4738208 ], [ -3.8364417, 43.4735968 ], [ -3.8364127, 43.4733921 ], [ -3.8365362, 43.473334 ], [ -3.8362027, 43.4724026 ], [ -3.8359222, 43.4724618 ], [ -3.8357125, 43.4719583 ], [ -3.8353077, 43.4720232 ], [ -3.8350732, 43.4720964 ], [ -3.8349649, 43.4718351 ], [ -3.8348552, 43.4719455 ], [ -3.8347058, 43.4720699 ], [ -3.834705, 43.4720548 ], [ -3.8344339, 43.4722297 ], [ -3.8341415, 43.4723748 ], [ -3.8339407, 43.4725239 ], [ -3.8338699, 43.4726102 ], [ -3.8337218, 43.4727781 ], [ -3.8335468, 43.4728985 ], [ -3.8334489, 43.4729182 ], [ -3.8332689, 43.4726718 ], [ -3.8332223, 43.4724993 ], [ -3.8332057, 43.4725045 ], [ -3.8331261, 43.4722821 ], [ -3.8330237, 43.4719684 ], [ -3.8329299, 43.4718118 ], [ -3.8328758, 43.4716836 ], [ -3.8328002, 43.4714173 ], [ -3.8318224, 43.4716769 ], [ -3.8318425, 43.4717101 ], [ -3.8315291, 43.4717601 ], [ -3.8314287, 43.4717902 ], [ -3.8314219, 43.4717813 ], [ -3.8313203, 43.4717997 ], [ -3.8312548, 43.4717954 ], [ -3.8311699, 43.4718056 ], [ -3.8310263, 43.4718257 ], [ -3.8308436, 43.4718604 ], [ -3.8307259, 43.471866 ], [ -3.8306127, 43.4717238 ], [ -3.8305852, 43.471624 ], [ -3.830582, 43.4713953 ], [ -3.8305867, 43.4712619 ], [ -3.8306223, 43.4709948 ], [ -3.830647, 43.470745 ], [ -3.8305941, 43.4706867 ], [ -3.8305107, 43.4705683 ], [ -3.8304637, 43.4704797 ], [ -3.8302876, 43.4704397 ], [ -3.8300913, 43.4704364 ], [ -3.8297174, 43.4703629 ], [ -3.8295992, 43.4703304 ], [ -3.8294884, 43.4703645 ], [ -3.829404, 43.470408 ], [ -3.8288735, 43.4701309 ], [ -3.8288621, 43.4701346 ], [ -3.8284368, 43.4699317 ], [ -3.8280317, 43.4697069 ], [ -3.8282181, 43.4696304 ], [ -3.8284523, 43.4695334 ], [ -3.828608, 43.469437 ], [ -3.8283605, 43.4690729 ], [ -3.8280117, 43.4693184 ], [ -3.8273346, 43.4696647 ], [ -3.8272288, 43.4697188 ], [ -3.8265765, 43.469676 ], [ -3.8260808, 43.4696416 ], [ -3.8256249, 43.4696639 ], [ -3.8251423, 43.4696389 ], [ -3.8249079, 43.4696501 ], [ -3.8246233, 43.4698135 ], [ -3.8243386, 43.4699674 ], [ -3.8237176, 43.4703042 ], [ -3.8233296, 43.4705253 ], [ -3.8229415, 43.4707464 ], [ -3.8225913, 43.4708724 ], [ -3.8220081, 43.4711138 ], [ -3.8212433, 43.4714326 ], [ -3.8199702, 43.4719545 ], [ -3.8198099, 43.4719791 ], [ -3.8193658, 43.4720394 ], [ -3.8188952, 43.4720714 ], [ -3.818673, 43.4720921 ], [ -3.8183345, 43.4722184 ], [ -3.8181013, 43.4723916 ], [ -3.8179991, 43.4725734 ], [ -3.8179473, 43.4727251 ], [ -3.8178937, 43.4727629 ], [ -3.817771, 43.4728853 ], [ -3.8177412, 43.4729997 ], [ -3.8174313, 43.4731587 ], [ -3.816897, 43.4733245 ], [ -3.816011, 43.4736072 ], [ -3.815086, 43.4739092 ], [ -3.8148591, 43.4739839 ], [ -3.8154199, 43.4744779 ], [ -3.8156572, 43.4746096 ], [ -3.815832, 43.474961 ], [ -3.8160182, 43.4751788 ], [ -3.8161898, 43.475292 ], [ -3.8163473, 43.475329 ], [ -3.8164526, 43.4753759 ], [ -3.8166375, 43.4754984 ], [ -3.8167441, 43.4756406 ], [ -3.816798, 43.4757546 ], [ -3.8169705, 43.4759344 ], [ -3.8170767, 43.476048 ], [ -3.8171307, 43.4761715 ], [ -3.8172909, 43.4764086 ], [ -3.8174386, 43.4766839 ], [ -3.8175322, 43.4768357 ], [ -3.8175325, 43.4768548 ], [ -3.8173781, 43.4770464 ], [ -3.8172543, 43.4771318 ], [ -3.8172615, 43.477139 ], [ -3.8172906, 43.4771685 ], [ -3.8173928, 43.477307 ], [ -3.8177058, 43.4775778 ], [ -3.8180128, 43.4780187 ], [ -3.8181463, 43.4781615 ] ] ] } },
{ "type": "Feature", "properties": { "CCAA": "06 - Cantabria", "PROVINCIA": "39 - Cantabria", "MUNICIPIO": "39075 - Santander", "COD_MUNICIPIO": "39075", "DISTRITO": "08", "SECCION": "3907508010", "V1_H": 81.88, "V1_M": 87.06, "V2_H": 81.54316391, "V2_M": 86.92154098, "V3_H": 82.24926416, "V3_M": 87.34198023 }, "geometry": { "type": "Polygon", "coordinates": [ [ [ -3.8032113, 43.4784834 ], [ -3.8042366, 43.4781328 ], [ -3.8049432, 43.479252 ], [ -3.8049589, 43.4792488 ], [ -3.8051485, 43.4795416 ], [ -3.8066797, 43.479083 ], [ -3.8066831, 43.4790866 ], [ -3.8085022, 43.4785384 ], [ -3.8085716, 43.4785274 ], [ -3.8095881, 43.4782359 ], [ -3.8103247, 43.4780258 ], [ -3.810794, 43.4778938 ], [ -3.8113951, 43.4778276 ], [ -3.8114043, 43.4778773 ], [ -3.8114142, 43.477874 ], [ -3.8114364, 43.477975 ], [ -3.8116194, 43.4779642 ], [ -3.8117932, 43.4782393 ], [ -3.8121048, 43.478056 ], [ -3.8124566, 43.4779392 ], [ -3.812837, 43.4780032 ], [ -3.813034, 43.478059 ], [ -3.8132432, 43.4780479 ], [ -3.8143253, 43.4777448 ], [ -3.8145342, 43.4777052 ], [ -3.8148995, 43.4776264 ], [ -3.8151339, 43.4775389 ], [ -3.8152502, 43.4774333 ], [ -3.815445, 43.4773176 ], [ -3.8157182, 43.4772012 ], [ -3.8161105, 43.4771794 ], [ -3.8163858, 43.4772155 ], [ -3.8166218, 43.477252 ], [ -3.8169356, 43.4772307 ], [ -3.8171706, 43.4771909 ], [ -3.8172223, 43.4771429 ], [ -3.8172615, 43.477139 ], [ -3.8172543, 43.4771318 ], [ -3.8173781, 43.4770464 ], [ -3.8175325, 43.4768548 ], [ -3.8175322, 43.4768357 ], [ -3.8174386, 43.4766839 ], [ -3.8172909, 43.4764086 ], [ -3.8171307, 43.4761715 ], [ -3.8170767, 43.476048 ], [ -3.8169705, 43.4759344 ], [ -3.816798, 43.4757546 ], [ -3.8167441, 43.4756406 ], [ -3.8166375, 43.4754984 ], [ -3.8164526, 43.4753759 ], [ -3.8163473, 43.475329 ], [ -3.8161898, 43.475292 ], [ -3.8160182, 43.4751788 ], [ -3.815832, 43.474961 ], [ -3.8156572, 43.4746096 ], [ -3.8154199, 43.4744779 ], [ -3.8148591, 43.4739839 ], [ -3.8144346, 43.4741235 ], [ -3.8144573, 43.4741442 ], [ -3.814161, 43.4742112 ], [ -3.8137435, 43.4743 ], [ -3.8132724, 43.4743033 ], [ -3.8126964, 43.4742788 ], [ -3.8121725, 43.4742444 ], [ -3.8116492, 43.4742577 ], [ -3.8110887, 43.4744141 ], [ -3.8107107, 43.4745312 ], [ -3.8104815, 43.4745886 ], [ -3.8104807, 43.4745868 ], [ -3.8088833, 43.4752254 ], [ -3.8078905, 43.4755211 ], [ -3.8077946, 43.4755414 ], [ -3.8062709, 43.4759498 ], [ -3.8054735, 43.4762206 ], [ -3.8050209, 43.4764093 ], [ -3.8048207, 43.4764107 ], [ -3.8035996, 43.4763 ], [ -3.8026183, 43.4764262 ], [ -3.8017793, 43.4766055 ], [ -3.8016427, 43.4766732 ], [ -3.8014836, 43.4767618 ], [ -3.8012762, 43.4768216 ], [ -3.8010925, 43.4768696 ], [ -3.8009233, 43.4769641 ], [ -3.8006234, 43.4772625 ], [ -3.8006226, 43.4772639 ], [ -3.8006121, 43.4772848 ], [ -3.8001427, 43.4778336 ], [ -3.7997939, 43.4783181 ], [ -3.7997902, 43.478331 ], [ -3.7992204, 43.478792 ], [ -3.7992177, 43.4787924 ], [ -3.7988159, 43.4791299 ], [ -3.7988074, 43.4791491 ], [ -3.798816, 43.4791957 ], [ -3.7988881, 43.4791952 ], [ -3.7990557, 43.4791474 ], [ -3.7992392, 43.4790877 ], [ -3.7994224, 43.4790106 ], [ -3.7996137, 43.4789393 ], [ -3.7997331, 43.4788801 ], [ -3.7999244, 43.4788087 ], [ -3.8002916, 43.4787012 ], [ -3.8006029, 43.4786232 ], [ -3.8007787, 43.4785869 ], [ -3.8009147, 43.4785685 ], [ -3.8011307, 43.4785495 ], [ -3.8013308, 43.4785364 ], [ -3.8015708, 43.4785114 ], [ -3.8017385, 43.4784694 ], [ -3.8019463, 43.4784329 ], [ -3.8025549, 43.478417 ], [ -3.8031952, 43.4783716 ], [ -3.8032113, 43.4784834 ] ] ] } },
{ "type": "Feature", "properties": { "CCAA": "06 - Cantabria", "PROVINCIA": "39 - Cantabria", "MUNICIPIO": "39075 - Santander", "COD_MUNICIPIO": "39075", "DISTRITO": "08", "SECCION": "3907508025", "V1_H": 80.16, "V1_M": 86.09, "V2_H": 80.12695049, "V2_M": 86.02539962, "V3_H": 80.31827198000001, "V3_M": 86.38244546 }, "geometry": { "type": "Polygon", "coordinates": [ [ [ -3.8584721, 43.44202 ], [ -3.8586568, 43.44225 ], [ -3.8586644, 43.4422417 ], [ -3.8591906, 43.4426619 ], [ -3.8593348, 43.4426894 ], [ -3.8595303, 43.4426403 ], [ -3.8597254, 43.4425626 ], [ -3.8599342, 43.4425324 ], [ -3.8601824, 43.4425115 ], [ -3.8604181, 43.4425288 ], [ -3.8606148, 43.4425654 ], [ -3.861008, 43.4426291 ], [ -3.861257, 43.4426654 ], [ -3.8614154, 43.442769 ], [ -3.8615756, 43.4429965 ], [ -3.861684, 43.4432625 ], [ -3.8617135, 43.4435005 ], [ -3.8614199, 43.4440078 ], [ -3.8613303, 43.4441419 ], [ -3.8628555, 43.4447117 ], [ -3.8636621, 43.4450303 ], [ -3.8636893, 43.4450205 ], [ -3.8639131, 43.4445799 ], [ -3.8674368, 43.4431333 ], [ -3.8683338, 43.4427548 ], [ -3.8686087, 43.4427718 ], [ -3.8694804, 43.4424507 ], [ -3.8704182, 43.4421862 ], [ -3.8710432, 43.4419909 ], [ -3.8713696, 43.4419503 ], [ -3.8714319, 43.441953 ], [ -3.8714568, 43.4419423 ], [ -3.8726606, 43.4416927 ], [ -3.8725566, 43.4415232 ], [ -3.8725657, 43.44152 ], [ -3.8723247, 43.4410663 ], [ -3.8724025, 43.441018 ], [ -3.8727942, 43.4409769 ], [ -3.8731732, 43.440955 ], [ -3.8735136, 43.440981 ], [ -3.8736968, 43.4409891 ], [ -3.8738275, 43.4409881 ], [ -3.8738383, 43.4410034 ], [ -3.8738593, 43.4409952 ], [ -3.8739717, 43.441006 ], [ -3.8741429, 43.4410905 ], [ -3.8742105, 43.4412425 ], [ -3.875643, 43.4408217 ], [ -3.8756471, 43.4402932 ], [ -3.8756666, 43.4402856 ], [ -3.8757659, 43.4383778 ], [ -3.8667613, 43.4382226 ], [ -3.8624849, 43.4381559 ], [ -3.8619348, 43.4381028 ], [ -3.8618796, 43.4380975 ], [ -3.8617732, 43.4380872 ], [ -3.8615321, 43.438064 ], [ -3.8614703, 43.4380644 ], [ -3.8614628, 43.438062 ], [ -3.8613668, 43.4384707 ], [ -3.861139, 43.4390061 ], [ -3.8608446, 43.4394562 ], [ -3.860459, 43.4399356 ], [ -3.8600597, 43.4403674 ], [ -3.8594144, 43.4409726 ], [ -3.8586546, 43.4418074 ], [ -3.8584721, 43.44202 ] ] ] } },
{ "type": "Feature", "properties": { "CCAA": "06 - Cantabria", "PROVINCIA": "39 - Cantabria", "MUNICIPIO": "39075 - Santander", "COD_MUNICIPIO": "39075", "DISTRITO": "08", "SECCION": "3907508027", "V1_H": 82.19, "V1_M": 87.25, "V2_H": 81.84285612, "V2_M": 87.14223952, "V3_H": 82.56554756, "V3_M": 87.46692958 }, "geometry": { "type": "Polygon", "coordinates": [ [ [ -3.788932, 43.4836656 ], [ -3.7893522, 43.4837784 ], [ -3.7897726, 43.4838874 ], [ -3.7901637, 43.4838949 ], [ -3.7908199, 43.4838802 ], [ -3.7910437, 43.4839092 ], [ -3.7915498, 43.4841599 ], [ -3.7919853, 43.4843603 ], [ -3.792323, 43.4845512 ], [ -3.7925055, 43.4846211 ], [ -3.7926325, 43.4847219 ], [ -3.7927461, 43.4848635 ], [ -3.7928724, 43.4849135 ], [ -3.7932495, 43.4849109 ], [ -3.794464, 43.484872 ], [ -3.7957623, 43.4848325 ], [ -3.7965997, 43.4847859 ], [ -3.7970314, 43.4846914 ], [ -3.7967999, 43.4840829 ], [ -3.7966693, 43.4837075 ], [ -3.7965526, 43.4833321 ], [ -3.7968447, 43.4832385 ], [ -3.7972066, 43.4831445 ], [ -3.7974707, 43.4830511 ], [ -3.7977635, 43.4830186 ], [ -3.7979731, 43.4830273 ], [ -3.7981551, 43.4830565 ], [ -3.7983927, 43.4830752 ], [ -3.7987687, 43.4829912 ], [ -3.799103, 43.4829279 ], [ -3.7994092, 43.4828444 ], [ -3.7995059, 43.4827624 ], [ -3.7993784, 43.482631 ], [ -3.7991948, 43.4824696 ], [ -3.7989684, 43.4822475 ], [ -3.7986719, 43.4820055 ], [ -3.7984881, 43.4818339 ], [ -3.7983322, 43.4816621 ], [ -3.7981764, 43.4814903 ], [ -3.7981188, 43.4813585 ], [ -3.7981309, 43.4812161 ], [ -3.7981988, 43.4810732 ], [ -3.7982701, 43.4808869 ], [ -3.7981706, 43.4807754 ], [ -3.79809, 43.4808182 ], [ -3.7980514, 43.480883 ], [ -3.7980122, 43.4808976 ], [ -3.7978836, 43.4808555 ], [ -3.7976364, 43.4807855 ], [ -3.7973908, 43.4808374 ], [ -3.7970569, 43.4809186 ], [ -3.79689, 43.4809628 ], [ -3.7967132, 43.481 ], [ -3.7964971, 43.4810517 ], [ -3.7962002, 43.4811121 ], [ -3.7962172, 43.4811194 ], [ -3.7961275, 43.4811558 ], [ -3.7959691, 43.4812241 ], [ -3.7958275, 43.4812768 ], [ -3.7956503, 43.4813342 ], [ -3.7954792, 43.4813958 ], [ -3.7952256, 43.4814925 ], [ -3.7949895, 43.4815762 ], [ -3.7947123, 43.481686 ], [ -3.7943466, 43.4818224 ], [ -3.7939514, 43.4819806 ], [ -3.7936092, 43.4821081 ], [ -3.7933731, 43.4821875 ], [ -3.7931783, 43.4822492 ], [ -3.7928889, 43.4823332 ], [ -3.7924814, 43.4824526 ], [ -3.7920976, 43.4825718 ], [ -3.791643, 43.4827131 ], [ -3.7911118, 43.4828981 ], [ -3.7907223, 43.4830346 ], [ -3.790516, 43.4831267 ], [ -3.7903688, 43.4832054 ], [ -3.790145, 43.4833192 ], [ -3.7899093, 43.4834287 ], [ -3.7896375, 43.483504 ], [ -3.7891646, 43.4836108 ], [ -3.788932, 43.4836656 ] ] ] } },
{ "type": "Feature", "properties": { "CCAA": "06 - Cantabria", "PROVINCIA": "39 - Cantabria", "MUNICIPIO": "39075 - Santander", "COD_MUNICIPIO": "39075", "DISTRITO": "05", "SECCION": "3907505010", "V1_H": 80.55, "V1_M": 86.21, "V2_H": 80.25181467, "V2_M": 85.94546636, "V3_H": 81.01047082, "V3_M": 86.65561049 }, "geometry": { "type": "Polygon", "coordinates": [ [ [ -3.8127844, 43.4555761 ], [ -3.8135958, 43.4571927 ], [ -3.8147807, 43.4568583 ], [ -3.8139742, 43.4552536 ], [ -3.8139405, 43.4552628 ], [ -3.8128283, 43.4555646 ], [ -3.8127844, 43.4555761 ] ] ] } },
{ "type": "Feature", "properties": { "CCAA": "06 - Cantabria", "PROVINCIA": "39 - Cantabria", "MUNICIPIO": "39075 - Santander", "COD_MUNICIPIO": "39075", "DISTRITO": "05", "SECCION": "3907505012", "V1_H": 80.27, "V1_M": 86.36, "V2_H": 80.04050342, "V2_M": 86.25745667, "V3_H": 80.55487256000001, "V3_M": 86.64917866 }, "geometry": { "type": "Polygon", "coordinates": [ [ [ -3.8159981, 43.4546778 ], [ -3.8167238, 43.456057 ], [ -3.8168076, 43.4560028 ], [ -3.8172785, 43.4556966 ], [ -3.8176424, 43.4554795 ], [ -3.817876, 43.4553401 ], [ -3.8186536, 43.4550708 ], [ -3.8180899, 43.4540282 ], [ -3.8167181, 43.4543723 ], [ -3.8167189, 43.4544599 ], [ -3.8159981, 43.4546778 ] ] ] } },
{ "type": "Feature", "properties": { "CCAA": "06 - Cantabria", "PROVINCIA": "39 - Cantabria", "MUNICIPIO": "39075 - Santander", "COD_MUNICIPIO": "39075", "DISTRITO": "06", "SECCION": "3907506012", "V1_H": 79.89, "V1_M": 85.97, "V2_H": 79.67266264, "V2_M": 85.8368825, "V3_H": 80.33686579, "V3_M": 86.2809331 }, "geometry": { "type": "Polygon", "coordinates": [ [ [ -3.8175992, 43.4572625 ], [ -3.8175976, 43.4572636 ], [ -3.8177896, 43.457424 ], [ -3.8178028, 43.4574518 ], [ -3.8178327, 43.4574962 ], [ -3.8178759, 43.4575732 ], [ -3.8179011, 43.4576409 ], [ -3.8178993, 43.4576939 ], [ -3.8178912, 43.4577545 ], [ -3.8178855, 43.4578076 ], [ -3.8178872, 43.457841 ], [ -3.8178992, 43.4578782 ], [ -3.8179319, 43.4579361 ], [ -3.8179486, 43.4580383 ], [ -3.8179816, 43.4582093 ], [ -3.8180506, 43.4585949 ], [ -3.818106, 43.4587793 ], [ -3.8182683, 43.4587473 ], [ -3.818298, 43.4587421 ], [ -3.819081, 43.4586897 ], [ -3.8200172, 43.4585707 ], [ -3.8208872, 43.458477 ], [ -3.820858, 43.4583611 ], [ -3.8208039, 43.4581094 ], [ -3.8207491, 43.4578206 ], [ -3.8207116, 43.4576515 ], [ -3.8206662, 43.4575169 ], [ -3.8210095, 43.4574322 ], [ -3.8214168, 43.4573173 ], [ -3.8216606, 43.4572131 ], [ -3.8218098, 43.4571215 ], [ -3.8219816, 43.4570059 ], [ -3.8221729, 43.4568854 ], [ -3.8223605, 43.4567316 ], [ -3.8225647, 43.4565943 ], [ -3.8227008, 43.4565004 ], [ -3.822749, 43.4564382 ], [ -3.822745, 43.4563834 ], [ -3.8227181, 43.4563312 ], [ -3.8226719, 43.4562981 ], [ -3.8226409, 43.4562934 ], [ -3.8225508, 43.4562895 ], [ -3.8223192, 43.456334 ], [ -3.8218627, 43.4564398 ], [ -3.821628, 43.4564915 ], [ -3.821566, 43.4565062 ], [ -3.8215046, 43.4564091 ], [ -3.8214948, 43.4564074 ], [ -3.8212656, 43.4560814 ], [ -3.8211683, 43.4561088 ], [ -3.8210356, 43.4561446 ], [ -3.8204677, 43.4562979 ], [ -3.8204208, 43.4563107 ], [ -3.8195793, 43.4565393 ], [ -3.8190172, 43.4566867 ], [ -3.8187793, 43.456758 ], [ -3.8185384, 43.4568301 ], [ -3.8183768, 43.4568785 ], [ -3.8183264, 43.4568943 ], [ -3.818183, 43.4569461 ], [ -3.818063, 43.456998 ], [ -3.8179418, 43.4570586 ], [ -3.8177807, 43.4571504 ], [ -3.8176933, 43.4572015 ], [ -3.8175992, 43.4572625 ] ] ] } },
{ "type": "Feature", "properties": { "CCAA": "06 - Cantabria", "PROVINCIA": "39 - Cantabria", "MUNICIPIO": "39075 - Santander", "COD_MUNICIPIO": "39075", "DISTRITO": "06", "SECCION": "3907506014", "V1_H": 80.21, "V1_M": 86.17, "V2_H": 80.05188782, "V2_M": 86.17746221, "V3_H": 80.45086201, "V3_M": 86.3559927 }, "geometry": { "type": "Polygon", "coordinates": [ [ [ -3.8182683, 43.4587473 ], [ -3.8184629, 43.4591591 ], [ -3.8184884, 43.4592242 ], [ -3.8188066, 43.4591951 ], [ -3.8193853, 43.4591432 ], [ -3.8196803, 43.4591331 ], [ -3.8202044, 43.4590816 ], [ -3.8207442, 43.4590019 ], [ -3.8207717, 43.4589979 ], [ -3.8213512, 43.4589408 ], [ -3.8214096, 43.458935 ], [ -3.821884, 43.4588568 ], [ -3.8218837, 43.458838 ], [ -3.8217719, 43.4583808 ], [ -3.8208872, 43.458477 ], [ -3.8200172, 43.4585707 ], [ -3.819081, 43.4586897 ], [ -3.818298, 43.4587421 ], [ -3.8182683, 43.4587473 ] ] ] } },
{ "type": "Feature", "properties": { "CCAA": "06 - Cantabria", "PROVINCIA": "39 - Cantabria", "MUNICIPIO": "39075 - Santander", "COD_MUNICIPIO": "39075", "DISTRITO": "07", "SECCION": "3907507015", "V1_H": 80.56, "V1_M": 86.09, "V2_H": 80.29410508, "V2_M": 85.89209003000001, "V3_H": 80.91212464, "V3_M": 86.35342073 }, "geometry": { "type": "Polygon", "coordinates": [ [ [ -3.792998, 43.4693963 ], [ -3.7932526, 43.4693946 ], [ -3.7937622, 43.4694175 ], [ -3.794539, 43.469474 ], [ -3.7952911, 43.4694952 ], [ -3.7958491, 43.469509 ], [ -3.7962593, 43.4695161 ], [ -3.7962559, 43.469312 ], [ -3.796561, 43.4684534 ], [ -3.7959043, 43.4684787 ], [ -3.7951668, 43.4684208 ], [ -3.7944952, 43.4684412 ], [ -3.7937806, 43.4684935 ], [ -3.7930013, 43.468562 ], [ -3.792469, 43.4685657 ], [ -3.7925963, 43.4688113 ], [ -3.7927518, 43.4690169 ], [ -3.7928798, 43.4692108 ], [ -3.792952, 43.4693096 ], [ -3.792998, 43.4693963 ] ] ] } },
{ "type": "Feature", "properties": { "CCAA": "06 - Cantabria", "PROVINCIA": "39 - Cantabria", "MUNICIPIO": "39075 - Santander", "COD_MUNICIPIO": "39075", "DISTRITO": "07", "SECCION": "3907507017", "V1_H": 81.88, "V1_M": 87.06, "V2_H": 81.54316391, "V2_M": 86.92154098, "V3_H": 82.24926416, "V3_M": 87.34198023 }, "geometry": { "type": "Polygon", "coordinates": [ [ [ -3.787649, 43.4679311 ], [ -3.7877373, 43.4685072 ], [ -3.7877117, 43.4687241 ], [ -3.7877714, 43.4689508 ], [ -3.7877043, 43.4692402 ], [ -3.7875362, 43.4693962 ], [ -3.7872833, 43.4695631 ], [ -3.7870304, 43.46973 ], [ -3.7871943, 43.4703482 ], [ -3.7872991, 43.4707811 ], [ -3.7874587, 43.471069 ], [ -3.787588, 43.4712023 ], [ -3.7876278, 43.4712464 ], [ -3.7878436, 43.4711893 ], [ -3.7882058, 43.471072 ], [ -3.788713, 43.4709096 ], [ -3.7891719, 43.4707651 ], [ -3.7895215, 43.4706037 ], [ -3.7898289, 43.4706976 ], [ -3.7902194, 43.4701849 ], [ -3.7903701, 43.469888 ], [ -3.7905523, 43.4696814 ], [ -3.7909024, 43.4695576 ], [ -3.7911079, 43.469512 ], [ -3.7915641, 43.4693963 ], [ -3.7921883, 43.4694121 ], [ -3.792707, 43.4693983 ], [ -3.792998, 43.4693963 ], [ -3.792952, 43.4693096 ], [ -3.7928798, 43.4692108 ], [ -3.7927518, 43.4690169 ], [ -3.7925963, 43.4688113 ], [ -3.792469, 43.4685657 ], [ -3.7918094, 43.4685702 ], [ -3.7911362, 43.4684644 ], [ -3.7897248, 43.4682531 ], [ -3.7886394, 43.4681185 ], [ -3.7877051, 43.4679355 ], [ -3.787649, 43.4679311 ] ] ] } },
{ "type": "Feature", "properties": { "CCAA": "06 - Cantabria", "PROVINCIA": "39 - Cantabria", "MUNICIPIO": "39075 - Santander", "COD_MUNICIPIO": "39075", "DISTRITO": "08", "SECCION": "3907508007", "V1_H": 81.41, "V1_M": 86.82, "V2_H": 80.96532964, "V2_M": 86.87567885, "V3_H": 81.8694609, "V3_M": 86.90400308 }, "geometry": { "type": "Polygon", "coordinates": [ [ [ -3.8788259, 43.4772466 ], [ -3.879635, 43.4773215 ], [ -3.8812938, 43.4765968 ], [ -3.8819497, 43.4766284 ], [ -3.8830536, 43.4760149 ], [ -3.8818411, 43.4751069 ], [ -3.8817138, 43.4748113 ], [ -3.8817132, 43.4748107 ], [ -3.8806625, 43.4739814 ], [ -3.8799731, 43.4733384 ], [ -3.8792381, 43.4729568 ], [ -3.878786, 43.4724741 ], [ -3.8782729, 43.4720458 ], [ -3.8772752, 43.4714502 ], [ -3.8754909, 43.4694648 ], [ -3.8741772, 43.4666745 ], [ -3.8733782, 43.4654577 ], [ -3.8730126, 43.4649009 ], [ -3.8725593, 43.4642107 ], [ -3.8723954, 43.4639868 ], [ -3.871293, 43.461047 ], [ -3.8705583, 43.4590875 ], [ -3.8686299, 43.459661 ], [ -3.8685342, 43.4593758 ], [ -3.8685312, 43.4591662 ], [ -3.8685665, 43.4588896 ], [ -3.868601, 43.4585558 ], [ -3.8686506, 43.4583648 ], [ -3.8686492, 43.4582695 ], [ -3.8680761, 43.4584454 ], [ -3.8677897, 43.4585429 ], [ -3.8675295, 43.4586449 ], [ -3.8673284, 43.4587608 ], [ -3.8670426, 43.4589011 ], [ -3.8667826, 43.4590127 ], [ -3.8664966, 43.4591435 ], [ -3.8662625, 43.4592406 ], [ -3.8660282, 43.4593186 ], [ -3.8656252, 43.4595027 ], [ -3.8652549, 43.459677 ], [ -3.8650391, 43.4597912 ], [ -3.8650295, 43.4597881 ], [ -3.8644043, 43.4601218 ], [ -3.8640415, 43.4603628 ], [ -3.8628642, 43.4612961 ], [ -3.8619907, 43.4605879 ], [ -3.861564, 43.4600194 ], [ -3.8612527, 43.459288 ], [ -3.8610571, 43.458644 ], [ -3.8609928, 43.4586235 ], [ -3.8609007, 43.458452 ], [ -3.8607805, 43.4582718 ], [ -3.8606343, 43.4581109 ], [ -3.8604623, 43.4579788 ], [ -3.8602244, 43.4578091 ], [ -3.8598951, 43.4576496 ], [ -3.8596717, 43.457575 ], [ -3.8593827, 43.4574914 ], [ -3.8584265, 43.4574033 ], [ -3.8565299, 43.4575085 ], [ -3.8565567, 43.4576817 ], [ -3.8565968, 43.4579404 ], [ -3.8566703, 43.4584159 ], [ -3.8568204, 43.4593856 ], [ -3.8542154, 43.4599023 ], [ -3.8518332, 43.4603743 ], [ -3.8507696, 43.4605284 ], [ -3.8498982, 43.4607346 ], [ -3.8491078, 43.4608968 ], [ -3.8496406, 43.4623905 ], [ -3.8496161, 43.462396 ], [ -3.8497922, 43.4631111 ], [ -3.8497945, 43.4637448 ], [ -3.8497911, 43.4639688 ], [ -3.8498494, 43.4643972 ], [ -3.8498774, 43.4645256 ], [ -3.8499045, 43.4645921 ], [ -3.8499843, 43.4652626 ], [ -3.8499966, 43.4652643 ], [ -3.8512611, 43.4654406 ], [ -3.8531217, 43.4654936 ], [ -3.854202, 43.4655617 ], [ -3.8547981, 43.4656192 ], [ -3.8550608, 43.4656887 ], [ -3.8554548, 43.4657954 ], [ -3.8558621, 43.4659162 ], [ -3.8561967, 43.4659899 ], [ -3.8569445, 43.466132 ], [ -3.8593118, 43.4665336 ], [ -3.8596261, 43.4666061 ], [ -3.8602213, 43.466689 ], [ -3.8673193, 43.4652171 ], [ -3.867546, 43.4654751 ], [ -3.8680157, 43.4660113 ], [ -3.8681966, 43.4663988 ], [ -3.8684875, 43.4666809 ], [ -3.8688797, 43.4668056 ], [ -3.8693676, 43.4669354 ], [ -3.8696824, 43.4672116 ], [ -3.8699424, 43.4675637 ], [ -3.8701384, 43.4678988 ], [ -3.8703349, 43.4682571 ], [ -3.8703973, 43.4684314 ], [ -3.8706156, 43.4687733 ], [ -3.8706435, 43.4688969 ], [ -3.8705421, 43.4691264 ], [ -3.8704018, 43.4693753 ], [ -3.8691764, 43.4696895 ], [ -3.8685781, 43.4699418 ], [ -3.8681496, 43.4701738 ], [ -3.8679553, 43.4703087 ], [ -3.8678798, 43.4705189 ], [ -3.8678925, 43.4706135 ], [ -3.8679168, 43.4706376 ], [ -3.8679083, 43.4706807 ], [ -3.8679629, 43.4708423 ], [ -3.8680694, 43.4709654 ], [ -3.8683982, 43.4710868 ], [ -3.8690944, 43.4712721 ], [ -3.8698423, 43.4714188 ], [ -3.8701589, 43.4715975 ], [ -3.8704484, 43.4717097 ], [ -3.8705939, 43.4718229 ], [ -3.8708076, 43.4721262 ], [ -3.8709672, 43.4723061 ], [ -3.8711917, 43.4724473 ], [ -3.8717174, 43.4726053 ], [ -3.8729355, 43.4726913 ], [ -3.8730934, 43.4727473 ], [ -3.8739718, 43.4728644 ], [ -3.8746663, 43.4729354 ], [ -3.8756095, 43.4730139 ], [ -3.8760026, 43.473049 ], [ -3.876226, 43.473114 ], [ -3.876345, 43.4731989 ], [ -3.8765448, 43.4734451 ], [ -3.8766524, 43.4736444 ], [ -3.8766178, 43.4739687 ], [ -3.8765849, 43.4744073 ], [ -3.8766153, 43.4747025 ], [ -3.8767219, 43.4748351 ], [ -3.8769989, 43.4749854 ], [ -3.8773684, 43.4752018 ], [ -3.8775684, 43.4754575 ], [ -3.8776373, 43.4756952 ], [ -3.8788224, 43.4772212 ], [ -3.8788259, 43.4772466 ] ] ] } },
{ "type": "Feature", "properties": { "CCAA": "06 - Cantabria", "PROVINCIA": "39 - Cantabria", "MUNICIPIO": "39075 - Santander", "COD_MUNICIPIO": "39075", "DISTRITO": "08", "SECCION": "3907508009", "V1_H": 80.91, "V1_M": 86.7, "V2_H": 80.91796575, "V2_M": 86.73459974, "V3_H": 81.00259482, "V3_M": 86.81948346 }, "geometry": { "type": "Polygon", "coordinates": [ [ [ -3.8181463, 43.4781615 ], [ -3.8180702, 43.4782181 ], [ -3.8179138, 43.4782669 ], [ -3.817758, 43.4783633 ], [ -3.8177311, 43.4783954 ], [ -3.8177313, 43.4783956 ], [ -3.817655, 43.4784879 ], [ -3.8176037, 43.4785645 ], [ -3.8175651, 43.4786125 ], [ -3.8175655, 43.478641 ], [ -3.8176858, 43.4788308 ], [ -3.8178854, 43.4790771 ], [ -3.8179712, 43.479199 ], [ -3.817974, 43.479222 ], [ -3.8180393, 43.4793238 ], [ -3.8182923, 43.4796507 ], [ -3.8181429, 43.4797281 ], [ -3.8182223, 43.479799 ], [ -3.818309, 43.4799175 ], [ -3.817974, 43.4800722 ], [ -3.8179744, 43.4800872 ], [ -3.817815, 43.4801592 ], [ -3.8179415, 43.4803203 ], [ -3.8177986, 43.4804023 ], [ -3.8178717, 43.4804828 ], [ -3.8179767, 43.4805307 ], [ -3.8179771, 43.480542 ], [ -3.8181482, 43.4806047 ], [ -3.8196679, 43.4812133 ], [ -3.820089, 43.4813865 ], [ -3.8200634, 43.4814248 ], [ -3.8197247, 43.4815416 ], [ -3.8199496, 43.4822023 ], [ -3.8202629, 43.4821477 ], [ -3.8204451, 43.4825514 ], [ -3.8205041, 43.4825652 ], [ -3.8216067, 43.4823238 ], [ -3.8216124, 43.4822571 ], [ -3.821795, 43.4822129 ], [ -3.8219817, 43.4824689 ], [ -3.8220028, 43.4825783 ], [ -3.8222534, 43.4827242 ], [ -3.8223462, 43.4828093 ], [ -3.8225222, 43.4827604 ], [ -3.8226744, 43.4828879 ], [ -3.8223759, 43.4830664 ], [ -3.8223244, 43.4831335 ], [ -3.8222996, 43.4832337 ], [ -3.8222155, 43.4833058 ], [ -3.8219296, 43.4834555 ], [ -3.8218538, 43.4835052 ], [ -3.8218605, 43.4835052 ], [ -3.8218595, 43.4835203 ], [ -3.8218912, 43.4835178 ], [ -3.8222248, 43.4839871 ], [ -3.822391, 43.4841812 ], [ -3.8226835, 43.4840409 ], [ -3.8228854, 43.483968 ], [ -3.8230789, 43.4837617 ], [ -3.8238201, 43.4843711 ], [ -3.8237701, 43.484543 ], [ -3.8237924, 43.4847381 ], [ -3.8238787, 43.4848281 ], [ -3.8240309, 43.4849556 ], [ -3.8241758, 43.4850213 ], [ -3.8242742, 43.4850444 ], [ -3.8243533, 43.4850819 ], [ -3.8244724, 43.4851811 ], [ -3.8248051, 43.4851073 ], [ -3.8250007, 43.4850534 ], [ -3.8251643, 43.4850523 ], [ -3.8253155, 43.4850988 ], [ -3.8254008, 43.485122 ], [ -3.8254857, 43.4851071 ], [ -3.8255962, 43.4850491 ], [ -3.8257323, 43.4849576 ], [ -3.8257236, 43.4852769 ], [ -3.8256091, 43.485516 ], [ -3.8254945, 43.4857503 ], [ -3.8254587, 43.4858311 ], [ -3.8254722, 43.4858238 ], [ -3.8253992, 43.4859606 ], [ -3.8253157, 43.4860804 ], [ -3.8250574, 43.48633 ], [ -3.8248247, 43.4865461 ], [ -3.8246445, 43.4867666 ], [ -3.8245483, 43.486915 ], [ -3.8243602, 43.4870354 ], [ -3.8244279, 43.4872017 ], [ -3.8245967, 43.4874498 ], [ -3.8245837, 43.4874587 ], [ -3.8249429, 43.4880175 ], [ -3.825203, 43.4883778 ], [ -3.8266517, 43.4893222 ], [ -3.8268911, 43.488574 ], [ -3.825992, 43.487967 ], [ -3.8287031, 43.4872636 ], [ -3.8296045, 43.4880309 ], [ -3.8326305, 43.4859492 ], [ -3.8330047, 43.4853049 ], [ -3.8337277, 43.4847959 ], [ -3.8327822, 43.4834887 ], [ -3.8351713, 43.4818674 ], [ -3.8360417, 43.4831217 ], [ -3.8376596, 43.4820856 ], [ -3.8363677, 43.4807331 ], [ -3.8357317, 43.4803607 ], [ -3.8399947, 43.477448 ], [ -3.8405284, 43.4775876 ], [ -3.8386347, 43.479242 ], [ -3.8384997, 43.4811142 ], [ -3.8402809, 43.4811659 ], [ -3.8421639, 43.4840588 ], [ -3.8460877, 43.4834643 ], [ -3.8468207, 43.4825822 ], [ -3.845511, 43.4819018 ], [ -3.8453594, 43.4818219 ], [ -3.8449756, 43.4815103 ], [ -3.8449157, 43.481444 ], [ -3.8441781, 43.4806299 ], [ -3.8439123, 43.4803365 ], [ -3.8439623, 43.4801741 ], [ -3.8439602, 43.4800169 ], [ -3.8439845, 43.4798833 ], [ -3.8442565, 43.4796859 ], [ -3.8449292, 43.4791235 ], [ -3.8454534, 43.4787098 ], [ -3.8456668, 43.4785657 ], [ -3.8457102, 43.4785118 ], [ -3.8458871, 43.4783731 ], [ -3.8460873, 43.478181 ], [ -3.8463923, 43.4780025 ], [ -3.8468147, 43.4777897 ], [ -3.8472164, 43.4775056 ], [ -3.8472148, 43.477396 ], [ -3.8470855, 43.4770396 ], [ -3.8471761, 43.4769627 ], [ -3.847488, 43.4768127 ], [ -3.8474869, 43.4767317 ], [ -3.8472857, 43.4763806 ], [ -3.8470593, 43.4760964 ], [ -3.8467742, 43.4758317 ], [ -3.8465091, 43.4755906 ], [ -3.8460397, 43.4752367 ], [ -3.8456061, 43.4751113 ], [ -3.845449, 43.4751077 ], [ -3.8452462, 43.4751092 ], [ -3.8451021, 43.475096 ], [ -3.8449512, 43.4750637 ], [ -3.8448325, 43.4750027 ], [ -3.843825, 43.4740667 ], [ -3.8437318, 43.4739482 ], [ -3.8436392, 43.4738775 ], [ -3.8434283, 43.4737694 ], [ -3.8433151, 43.4736273 ], [ -3.8431959, 43.4735234 ], [ -3.843091, 43.4735051 ], [ -3.8428882, 43.4735066 ], [ -3.8426332, 43.4735227 ], [ -3.8425284, 43.4735092 ], [ -3.842299, 43.4734823 ], [ -3.8420435, 43.4734556 ], [ -3.8418997, 43.473471 ], [ -3.8418065, 43.4733525 ], [ -3.8416462, 43.4731155 ], [ -3.8414382, 43.4727454 ], [ -3.8412243, 43.4724182 ], [ -3.8410851, 43.4722858 ], [ -3.8410379, 43.4721861 ], [ -3.8409761, 43.4719721 ], [ -3.8408539, 43.4716538 ], [ -3.8406799, 43.4713739 ], [ -3.8404611, 43.4711659 ], [ -3.8403882, 43.4710949 ], [ -3.8403797, 43.4709568 ], [ -3.84045, 43.4708372 ], [ -3.8406111, 43.4706597 ], [ -3.840474, 43.4706798 ], [ -3.8402256, 43.4706911 ], [ -3.8401077, 43.4706825 ], [ -3.8400283, 43.4706211 ], [ -3.8398943, 43.4703934 ], [ -3.8397872, 43.4702131 ], [ -3.8397079, 43.4701565 ], [ -3.8396091, 43.4701144 ], [ -3.8394721, 43.4701392 ], [ -3.8392826, 43.4701549 ], [ -3.8391766, 43.470146 ], [ -3.8391835, 43.4701402 ], [ -3.8390657, 43.4700802 ], [ -3.8390567, 43.469904 ], [ -3.839145, 43.4696651 ], [ -3.8395217, 43.469467 ], [ -3.8399381, 43.4693019 ], [ -3.8401136, 43.4692579 ], [ -3.8401368, 43.4692408 ], [ -3.8404267, 43.4691554 ], [ -3.8403731, 43.4690606 ], [ -3.8403754, 43.4690581 ], [ -3.8399567, 43.4682869 ], [ -3.8406485, 43.4681674 ], [ -3.8405693, 43.4676439 ], [ -3.8407457, 43.4676283 ], [ -3.8406476, 43.4671573 ], [ -3.8406572, 43.4671448 ], [ -3.8405474, 43.4666601 ], [ -3.8407213, 43.4666398 ], [ -3.8403415, 43.4663781 ], [ -3.8403644, 43.4663045 ], [ -3.8403805, 43.4662921 ], [ -3.8402266, 43.4660455 ], [ -3.8402307, 43.4658691 ], [ -3.8402846, 43.4656582 ], [ -3.8402607, 43.4655787 ], [ -3.840076, 43.465277 ], [ -3.8399238, 43.4650814 ], [ -3.8395992, 43.4651448 ], [ -3.838798, 43.463969 ], [ -3.8384836, 43.4639427 ], [ -3.8385693, 43.4635132 ], [ -3.838564, 43.4631321 ], [ -3.8386301, 43.4630665 ], [ -3.8386347, 43.4629827 ], [ -3.8381563, 43.4631989 ], [ -3.8375006, 43.4634633 ], [ -3.8370121, 43.4635838 ], [ -3.8362651, 43.4636996 ], [ -3.8353946, 43.4639007 ], [ -3.8347825, 43.4640998 ], [ -3.8345262, 43.464264 ], [ -3.8345244, 43.4642667 ], [ -3.8340525, 43.4644802 ], [ -3.8336363, 43.4646547 ], [ -3.8331687, 43.4649059 ], [ -3.8337176, 43.4654524 ], [ -3.83369, 43.4654904 ], [ -3.834045, 43.4658334 ], [ -3.8342186, 43.4660894 ], [ -3.8341449, 43.4664426 ], [ -3.8335081, 43.4667522 ], [ -3.8329618, 43.4669849 ], [ -3.8322574, 43.4671425 ], [ -3.8317349, 43.4672034 ], [ -3.8312486, 43.4673001 ], [ -3.8310054, 43.4674604 ], [ -3.8293248, 43.4683944 ], [ -3.8283605, 43.4690729 ], [ -3.828608, 43.469437 ], [ -3.8284523, 43.4695334 ], [ -3.8282181, 43.4696304 ], [ -3.8280317, 43.4697069 ], [ -3.8284368, 43.4699317 ], [ -3.8288621, 43.4701346 ], [ -3.8288735, 43.4701309 ], [ -3.829404, 43.470408 ], [ -3.8294884, 43.4703645 ], [ -3.8295992, 43.4703304 ], [ -3.8297174, 43.4703629 ], [ -3.8300913, 43.4704364 ], [ -3.8302876, 43.4704397 ], [ -3.8304637, 43.4704797 ], [ -3.8305107, 43.4705683 ], [ -3.8305941, 43.4706867 ], [ -3.830647, 43.470745 ], [ -3.8306223, 43.4709948 ], [ -3.8305867, 43.4712619 ], [ -3.830582, 43.4713953 ], [ -3.8305852, 43.471624 ], [ -3.8306127, 43.4717238 ], [ -3.8307259, 43.471866 ], [ -3.8308436, 43.4718604 ], [ -3.8310263, 43.4718257 ], [ -3.8311699, 43.4718056 ], [ -3.8312548, 43.4717954 ], [ -3.8313203, 43.4717997 ], [ -3.8314219, 43.4717813 ], [ -3.8314287, 43.4717902 ], [ -3.8315291, 43.4717601 ], [ -3.8318425, 43.4717101 ], [ -3.8318224, 43.4716769 ], [ -3.8328002, 43.4714173 ], [ -3.8328758, 43.4716836 ], [ -3.8329299, 43.4718118 ], [ -3.8330237, 43.4719684 ], [ -3.8331261, 43.4722821 ], [ -3.8332057, 43.4725045 ], [ -3.8332223, 43.4724993 ], [ -3.8332689, 43.4726718 ], [ -3.8334489, 43.4729182 ], [ -3.8335468, 43.4728985 ], [ -3.8337218, 43.4727781 ], [ -3.8338699, 43.4726102 ], [ -3.8339407, 43.4725239 ], [ -3.8341415, 43.4723748 ], [ -3.8344339, 43.4722297 ], [ -3.834705, 43.4720548 ], [ -3.8347058, 43.4720699 ], [ -3.8348552, 43.4719455 ], [ -3.8349649, 43.4718351 ], [ -3.8350732, 43.4720964 ], [ -3.8353077, 43.4720232 ], [ -3.8357125, 43.4719583 ], [ -3.8359222, 43.4724618 ], [ -3.8362027, 43.4724026 ], [ -3.8365362, 43.473334 ], [ -3.8364127, 43.4733921 ], [ -3.8364417, 43.4735968 ], [ -3.8364317, 43.4738208 ], [ -3.836356, 43.474031 ], [ -3.8361724, 43.473999 ], [ -3.8360257, 43.4740754 ], [ -3.8360528, 43.4740807 ], [ -3.8357431, 43.4741832 ], [ -3.8352937, 43.4743294 ], [ -3.8350982, 43.474388 ], [ -3.8349357, 43.4744655 ], [ -3.8345853, 43.4746729 ], [ -3.834493, 43.4746212 ], [ -3.8342397, 43.4747564 ], [ -3.8338817, 43.4748972 ], [ -3.8337387, 43.4749602 ], [ -3.833317, 43.4752206 ], [ -3.8329537, 43.4754472 ], [ -3.8327596, 43.4756058 ], [ -3.8326698, 43.4757351 ], [ -3.8325801, 43.4758787 ], [ -3.8324573, 43.4759844 ], [ -3.8323917, 43.4760132 ], [ -3.8323874, 43.4760097 ], [ -3.8321907, 43.4761103 ], [ -3.8319639, 43.4762692 ], [ -3.8314283, 43.4758585 ], [ -3.8310907, 43.4755703 ], [ -3.830925, 43.475419 ], [ -3.8308557, 43.4753033 ], [ -3.8308453, 43.4753056 ], [ -3.8308277, 43.4752387 ], [ -3.8306306, 43.4751829 ], [ -3.8302842, 43.474728 ], [ -3.8299787, 43.4743967 ], [ -3.8299282, 43.4745305 ], [ -3.8298504, 43.4745883 ], [ -3.829694, 43.4746275 ], [ -3.8295893, 43.4746283 ], [ -3.8295636, 43.4746666 ], [ -3.8295511, 43.4747048 ], [ -3.8296042, 43.4747616 ], [ -3.8296058, 43.4748759 ], [ -3.8295288, 43.4749908 ], [ -3.8293609, 43.475154 ], [ -3.8291539, 43.4753271 ], [ -3.8288946, 43.4755005 ], [ -3.8285302, 43.4756461 ], [ -3.828257, 43.4757624 ], [ -3.8279183, 43.4758792 ], [ -3.8272929, 43.4760743 ], [ -3.8270585, 43.4761618 ], [ -3.8264083, 43.4764619 ], [ -3.8261469, 43.4764829 ], [ -3.8261745, 43.4765875 ], [ -3.8261364, 43.4766735 ], [ -3.8260061, 43.4767126 ], [ -3.8258751, 43.476704 ], [ -3.8256146, 43.4767917 ], [ -3.8255622, 43.476792 ], [ -3.8253294, 43.4769938 ], [ -3.825096, 43.477148 ], [ -3.8248097, 43.4772644 ], [ -3.8243025, 43.4774968 ], [ -3.8240558, 43.4776415 ], [ -3.8238996, 43.4776998 ], [ -3.8238089, 43.4777672 ], [ -3.8237711, 43.4778723 ], [ -3.823535, 43.4778358 ], [ -3.8232869, 43.4778757 ], [ -3.8229867, 43.4779351 ], [ -3.8227907, 43.4779556 ], [ -3.822568, 43.4779381 ], [ -3.8222405, 43.4779119 ], [ -3.8219909, 43.4778374 ], [ -3.8216764, 43.4778111 ], [ -3.8213496, 43.4778325 ], [ -3.8209688, 43.4777399 ], [ -3.820613, 43.4775519 ], [ -3.8204014, 43.4773914 ], [ -3.8201815, 43.4775836 ], [ -3.8200648, 43.4776607 ], [ -3.8199878, 43.4777756 ], [ -3.8200168, 43.477985 ], [ -3.8194693, 43.4781414 ], [ -3.8194033, 43.4780942 ], [ -3.8191304, 43.4782391 ], [ -3.8188184, 43.4783938 ], [ -3.8185966, 43.4784431 ], [ -3.8185312, 43.4784435 ], [ -3.8184637, 43.4782916 ], [ -3.8183837, 43.4781778 ], [ -3.8183048, 43.4781498 ], [ -3.8181608, 43.4781508 ], [ -3.8181463, 43.4781615 ] ] ] } },
{ "type": "Feature", "properties": { "CCAA": "06 - Cantabria", "PROVINCIA": "39 - Cantabria", "MUNICIPIO": "39075 - Santander", "COD_MUNICIPIO": "39075", "DISTRITO": "08", "SECCION": "3907508024", "V1_H": 81.57, "V1_M": 86.95, "V2_H": 81.38052192000001, "V2_M": 86.83819346, "V3_H": 81.78107492, "V3_M": 87.15502078 }, "geometry": { "type": "Polygon", "coordinates": [ [ [ -3.8522434, 43.4795214 ], [ -3.8538118, 43.4787788 ], [ -3.854218, 43.4785864 ], [ -3.855496, 43.478 ], [ -3.8597106, 43.4769948 ], [ -3.8619826, 43.4759056 ], [ -3.8649655, 43.4761363 ], [ -3.8659893, 43.4759569 ], [ -3.8655711, 43.4769703 ], [ -3.8667124, 43.4772402 ], [ -3.8681405, 43.476796 ], [ -3.8724412, 43.4766282 ], [ -3.8731467, 43.4775514 ], [ -3.8764604, 43.4766706 ], [ -3.8766667, 43.4772712 ], [ -3.875857, 43.4794019 ], [ -3.8753634, 43.4803427 ], [ -3.8776847, 43.4800998 ], [ -3.8781082, 43.4803217 ], [ -3.8798908, 43.4796073 ], [ -3.8792236, 43.4796293 ], [ -3.8785867, 43.4792121 ], [ -3.8791271, 43.4789378 ], [ -3.8795045, 43.4776827 ], [ -3.876942, 43.4774689 ], [ -3.8778396, 43.4771553 ], [ -3.8788259, 43.4772466 ], [ -3.8788224, 43.4772212 ], [ -3.8776373, 43.4756952 ], [ -3.8775684, 43.4754575 ], [ -3.8773684, 43.4752018 ], [ -3.8769989, 43.4749854 ], [ -3.8767219, 43.4748351 ], [ -3.8766153, 43.4747025 ], [ -3.8765849, 43.4744073 ], [ -3.8766178, 43.4739687 ], [ -3.8766524, 43.4736444 ], [ -3.8765448, 43.4734451 ], [ -3.876345, 43.4731989 ], [ -3.876226, 43.473114 ], [ -3.8760026, 43.473049 ], [ -3.8756095, 43.4730139 ], [ -3.8746663, 43.4729354 ], [ -3.8739718, 43.4728644 ], [ -3.8730934, 43.4727473 ], [ -3.8729355, 43.4726913 ], [ -3.8717174, 43.4726053 ], [ -3.8711917, 43.4724473 ], [ -3.8709672, 43.4723061 ], [ -3.8708076, 43.4721262 ], [ -3.8705939, 43.4718229 ], [ -3.8704484, 43.4717097 ], [ -3.8701589, 43.4715975 ], [ -3.8698423, 43.4714188 ], [ -3.8690944, 43.4712721 ], [ -3.8683982, 43.4710868 ], [ -3.8680694, 43.4709654 ], [ -3.8679629, 43.4708423 ], [ -3.8679083, 43.4706807 ], [ -3.8679168, 43.4706376 ], [ -3.8678925, 43.4706135 ], [ -3.8678798, 43.4705189 ], [ -3.8679553, 43.4703087 ], [ -3.8681496, 43.4701738 ], [ -3.8685781, 43.4699418 ], [ -3.8691764, 43.4696895 ], [ -3.8704018, 43.4693753 ], [ -3.8705421, 43.4691264 ], [ -3.8706435, 43.4688969 ], [ -3.8706156, 43.4687733 ], [ -3.8703973, 43.4684314 ], [ -3.8703349, 43.4682571 ], [ -3.8701384, 43.4678988 ], [ -3.8699424, 43.4675637 ], [ -3.8696824, 43.4672116 ], [ -3.8693676, 43.4669354 ], [ -3.8688797, 43.4668056 ], [ -3.8684875, 43.4666809 ], [ -3.8681966, 43.4663988 ], [ -3.8680157, 43.4660113 ], [ -3.867546, 43.4654751 ], [ -3.8673193, 43.4652171 ], [ -3.8602213, 43.466689 ], [ -3.8596261, 43.4666061 ], [ -3.8593118, 43.4665336 ], [ -3.8569445, 43.466132 ], [ -3.8561967, 43.4659899 ], [ -3.8558621, 43.4659162 ], [ -3.8554548, 43.4657954 ], [ -3.8550608, 43.4656887 ], [ -3.8547981, 43.4656192 ], [ -3.854202, 43.4655617 ], [ -3.8531217, 43.4654936 ], [ -3.8512611, 43.4654406 ], [ -3.8499966, 43.4652643 ], [ -3.8502827, 43.4668383 ], [ -3.8501902, 43.4668421 ], [ -3.8501927, 43.4668519 ], [ -3.8501129, 43.4668586 ], [ -3.850266, 43.4674716 ], [ -3.8502625, 43.4674815 ], [ -3.8502864, 43.4675673 ], [ -3.8504169, 43.4675473 ], [ -3.8506176, 43.4687941 ], [ -3.8503028, 43.4687393 ], [ -3.8500896, 43.4687233 ], [ -3.8500869, 43.4687347 ], [ -3.8502308, 43.469202 ], [ -3.8504141, 43.4696771 ], [ -3.8505828, 43.4700475 ], [ -3.8506684, 43.470085 ], [ -3.8508002, 43.4701507 ], [ -3.8509006, 43.470312 ], [ -3.8510158, 43.470597 ], [ -3.8511303, 43.4708344 ], [ -3.8511371, 43.4708534 ], [ -3.8507927, 43.4709483 ], [ -3.8507655, 43.4709467 ], [ -3.8505307, 43.4709961 ], [ -3.8506891, 43.471095 ], [ -3.8506633, 43.471119 ], [ -3.8508289, 43.4717324 ], [ -3.8509664, 43.4717409 ], [ -3.8510978, 43.4717781 ], [ -3.8512559, 43.4718579 ], [ -3.8513876, 43.4719189 ], [ -3.8515192, 43.4719588 ], [ -3.8515528, 43.4719936 ], [ -3.8515281, 43.4721418 ], [ -3.8514523, 43.4723282 ], [ -3.8513963, 43.4725382 ], [ -3.8513396, 43.4726911 ], [ -3.8512244, 43.472873 ], [ -3.8511221, 43.4730453 ], [ -3.8511101, 43.4731217 ], [ -3.8513084, 43.4732631 ], [ -3.8514538, 43.4733716 ], [ -3.8515336, 43.4734616 ], [ -3.8515548, 43.473571 ], [ -3.8516363, 43.4737896 ], [ -3.8516247, 43.4738897 ], [ -3.8515669, 43.4739664 ], [ -3.8514765, 43.4740528 ], [ -3.8513472, 43.4741681 ], [ -3.8512508, 43.4742928 ], [ -3.8511549, 43.4744507 ], [ -3.8511308, 43.4745986 ], [ -3.8511662, 43.4747889 ], [ -3.8512131, 43.4748696 ], [ -3.8512977, 43.4749165 ], [ -3.8511952, 43.4750019 ], [ -3.8512778, 43.4752789 ], [ -3.8515199, 43.4757653 ], [ -3.8515358, 43.475764 ], [ -3.8515334, 43.4757773 ], [ -3.8517022, 43.4761524 ], [ -3.8509854, 43.4763579 ], [ -3.8505488, 43.476485 ], [ -3.8503798, 43.4765673 ], [ -3.8490175, 43.4769347 ], [ -3.8497719, 43.477539 ], [ -3.8508042, 43.4783652 ], [ -3.8522434, 43.4795214 ] ] ] } },
{ "type": "Feature", "properties": { "CCAA": "06 - Cantabria", "PROVINCIA": "39 - Cantabria", "MUNICIPIO": "39075 - Santander", "COD_MUNICIPIO": "39075", "DISTRITO": "07", "SECCION": "3907507018", "V1_H": 79.2, "V1_M": 85.22, "V2_H": 79.18248439, "V2_M": 85.25623492, "V3_H": 79.42953696, "V3_M": 85.41396632 }, "geometry": { "type": "Polygon", "coordinates": [ [ [ -3.7898289, 43.4706976 ], [ -3.7901121, 43.4707973 ], [ -3.7904554, 43.4708523 ], [ -3.790868, 43.4708738 ], [ -3.791362, 43.4708615 ], [ -3.791925, 43.4708002 ], [ -3.7924543, 43.4707105 ], [ -3.7919693, 43.4700117 ], [ -3.7923647, 43.4698787 ], [ -3.7921883, 43.4694121 ], [ -3.7915641, 43.4693963 ], [ -3.7911079, 43.469512 ], [ -3.7909024, 43.4695576 ], [ -3.7905523, 43.4696814 ], [ -3.7903701, 43.469888 ], [ -3.7902194, 43.4701849 ], [ -3.7898289, 43.4706976 ] ] ] } },
{ "type": "Feature", "properties": { "CCAA": "06 - Cantabria", "PROVINCIA": "39 - Cantabria", "MUNICIPIO": "39075 - Santander", "COD_MUNICIPIO": "39075", "DISTRITO": "07", "SECCION": "3907507020", "V1_H": 80.53, "V1_M": 86.43, "V2_H": 80.43347749, "V2_M": 86.30479166000001, "V3_H": 80.8868878, "V3_M": 86.74881461 }, "geometry": { "type": "Polygon", "coordinates": [ [ [ -3.8229014, 43.4661551 ], [ -3.8234918, 43.4665684 ], [ -3.8237424, 43.4667191 ], [ -3.8240065, 43.4668982 ], [ -3.8242848, 43.4671535 ], [ -3.8246034, 43.4674943 ], [ -3.8249756, 43.4679204 ], [ -3.8250665, 43.4678721 ], [ -3.8256648, 43.4676105 ], [ -3.8261073, 43.4674358 ], [ -3.8265111, 43.467309 ], [ -3.8269241, 43.4672112 ], [ -3.8269421, 43.4672676 ], [ -3.8269635, 43.4673228 ], [ -3.8269999, 43.4674073 ], [ -3.8270272, 43.4674747 ], [ -3.8270337, 43.4674907 ], [ -3.8270567, 43.4675558 ], [ -3.8270654, 43.4675792 ], [ -3.8270745, 43.4676039 ], [ -3.8270862, 43.467628 ], [ -3.8271021, 43.4676509 ], [ -3.8271286, 43.4676767 ], [ -3.8271439, 43.4676981 ], [ -3.8271646, 43.4677124 ], [ -3.8271874, 43.4677351 ], [ -3.827207, 43.4677537 ], [ -3.8272209, 43.4677676 ], [ -3.8272342, 43.4677827 ], [ -3.8272563, 43.4678033 ], [ -3.8272822, 43.4678309 ], [ -3.8273044, 43.4678572 ], [ -3.8273203, 43.4678774 ], [ -3.8273634, 43.4679642 ], [ -3.8279611, 43.4691677 ], [ -3.8280038, 43.4692249 ], [ -3.8280117, 43.4693184 ], [ -3.8283605, 43.4690729 ], [ -3.8293248, 43.4683944 ], [ -3.8310054, 43.4674604 ], [ -3.8312486, 43.4673001 ], [ -3.8317349, 43.4672034 ], [ -3.8322574, 43.4671425 ], [ -3.8329618, 43.4669849 ], [ -3.8335081, 43.4667522 ], [ -3.8341449, 43.4664426 ], [ -3.8342186, 43.4660894 ], [ -3.834045, 43.4658334 ], [ -3.83369, 43.4654904 ], [ -3.8337176, 43.4654524 ], [ -3.8331687, 43.4649059 ], [ -3.8336363, 43.4646547 ], [ -3.8340525, 43.4644802 ], [ -3.8345244, 43.4642667 ], [ -3.8345262, 43.464264 ], [ -3.8347825, 43.4640998 ], [ -3.8353946, 43.4639007 ], [ -3.8362651, 43.4636996 ], [ -3.8370121, 43.4635838 ], [ -3.8375006, 43.4634633 ], [ -3.8381563, 43.4631989 ], [ -3.8386347, 43.4629827 ], [ -3.8386965, 43.4629548 ], [ -3.838715, 43.4628726 ], [ -3.8386991, 43.4628662 ], [ -3.8379928, 43.462579 ], [ -3.8368858, 43.4622882 ], [ -3.8358815, 43.4619966 ], [ -3.8351852, 43.4617214 ], [ -3.8348721, 43.4614236 ], [ -3.8346426, 43.4616132 ], [ -3.834119, 43.4620092 ], [ -3.8334587, 43.4625886 ], [ -3.8325406, 43.4633254 ], [ -3.8315066, 43.4637318 ], [ -3.8310732, 43.4638186 ], [ -3.8310186, 43.4638347 ], [ -3.8282489, 43.4646515 ], [ -3.8264959, 43.465111 ], [ -3.8262088, 43.4651928 ], [ -3.825781, 43.4653147 ], [ -3.8249486, 43.4655518 ], [ -3.8229014, 43.4661551 ] ] ] } },
{ "type": "Feature", "properties": { "CCAA": "06 - Cantabria", "PROVINCIA": "39 - Cantabria", "MUNICIPIO": "39075 - Santander", "COD_MUNICIPIO": "39075", "DISTRITO": "08", "SECCION": "3907508004", "V1_H": 80.63, "V1_M": 86.52, "V2_H": 80.3855305, "V2_M": 86.44800565, "V3_H": 80.88841766, "V3_M": 86.66780776 }, "geometry": { "type": "Polygon", "coordinates": [ [ [ -3.8565299, 43.4575085 ], [ -3.8584265, 43.4574033 ], [ -3.8593827, 43.4574914 ], [ -3.8596717, 43.457575 ], [ -3.8598951, 43.4576496 ], [ -3.8602244, 43.4578091 ], [ -3.8604623, 43.4579788 ], [ -3.8606343, 43.4581109 ], [ -3.8607805, 43.4582718 ], [ -3.8609007, 43.458452 ], [ -3.8609928, 43.4586235 ], [ -3.8610571, 43.458644 ], [ -3.8612527, 43.459288 ], [ -3.861564, 43.4600194 ], [ -3.8619907, 43.4605879 ], [ -3.8628642, 43.4612961 ], [ -3.8640415, 43.4603628 ], [ -3.8644043, 43.4601218 ], [ -3.8650295, 43.4597881 ], [ -3.8650391, 43.4597912 ], [ -3.8652549, 43.459677 ], [ -3.8656252, 43.4595027 ], [ -3.8660282, 43.4593186 ], [ -3.8662625, 43.4592406 ], [ -3.8664966, 43.4591435 ], [ -3.8667826, 43.4590127 ], [ -3.8670426, 43.4589011 ], [ -3.8673284, 43.4587608 ], [ -3.8675295, 43.4586449 ], [ -3.8677897, 43.4585429 ], [ -3.8680761, 43.4584454 ], [ -3.8686492, 43.4582695 ], [ -3.8686506, 43.4583648 ], [ -3.868601, 43.4585558 ], [ -3.8685665, 43.4588896 ], [ -3.8685312, 43.4591662 ], [ -3.8685342, 43.4593758 ], [ -3.8686299, 43.459661 ], [ -3.8705583, 43.4590875 ], [ -3.8700689, 43.4577824 ], [ -3.8710565, 43.4576938 ], [ -3.8717221, 43.4575537 ], [ -3.8759302, 43.4562158 ], [ -3.878174, 43.4558114 ], [ -3.8803232, 43.4548494 ], [ -3.8818354, 43.4542885 ], [ -3.8850171, 43.4529402 ], [ -3.8872418, 43.4520856 ], [ -3.8871994, 43.4508799 ], [ -3.8871994, 43.4508793 ], [ -3.8874099, 43.4505886 ], [ -3.8890287, 43.4483528 ], [ -3.8885188, 43.4462688 ], [ -3.8884372, 43.4459352 ], [ -3.8882223, 43.4447573 ], [ -3.8881695, 43.4445326 ], [ -3.8882295, 43.4435596 ], [ -3.8877816, 43.4426887 ], [ -3.88739, 43.4419273 ], [ -3.8867882, 43.4409844 ], [ -3.8865844, 43.4410452 ], [ -3.8865626, 43.4410517 ], [ -3.886238, 43.4406158 ], [ -3.8847787, 43.4409893 ], [ -3.8833177, 43.4412483 ], [ -3.8814402, 43.441644 ], [ -3.8790663, 43.4420816 ], [ -3.8778679, 43.4424148 ], [ -3.8760046, 43.4438013 ], [ -3.8746875, 43.444974 ], [ -3.8736996, 43.4454009 ], [ -3.871486, 43.4460848 ], [ -3.8687161, 43.4469263 ], [ -3.8673139, 43.4471954 ], [ -3.866118, 43.44753 ], [ -3.8658632, 43.447644 ], [ -3.8650953, 43.4479071 ], [ -3.8646922, 43.4480722 ], [ -3.8643296, 43.4483322 ], [ -3.8642024, 43.4485809 ], [ -3.8642578, 43.4487997 ], [ -3.8645892, 43.4491117 ], [ -3.8648027, 43.4494055 ], [ -3.8650863, 43.4500215 ], [ -3.8620634, 43.451216 ], [ -3.8585255, 43.4525064 ], [ -3.8567292, 43.4530506 ], [ -3.8553312, 43.4533543 ], [ -3.855952, 43.4546198 ], [ -3.8560368, 43.4547199 ], [ -3.8561365, 43.4551049 ], [ -3.8561636, 43.4553618 ], [ -3.8562032, 43.4556701 ], [ -3.8563031, 43.4560808 ], [ -3.8564839, 43.4572109 ], [ -3.8565299, 43.4575085 ] ] ] } },
{ "type": "Feature", "properties": { "CCAA": "06 - Cantabria", "PROVINCIA": "39 - Cantabria", "MUNICIPIO": "39075 - Santander", "COD_MUNICIPIO": "39075", "DISTRITO": "08", "SECCION": "3907508006", "V1_H": 79.86, "V1_M": 85.62, "V2_H": 79.74592797, "V2_M": 85.80311169, "V3_H": 80.14073418, "V3_M": 85.57864485 }, "geometry": { "type": "Polygon", "coordinates": [ [ [ -3.8470017, 43.4600103 ], [ -3.847154, 43.4602939 ], [ -3.8475025, 43.4610703 ], [ -3.8475684, 43.4612127 ], [ -3.8491078, 43.4608968 ], [ -3.8498982, 43.4607346 ], [ -3.8507696, 43.4605284 ], [ -3.8504192, 43.4597024 ], [ -3.8498001, 43.4598134 ], [ -3.8491083, 43.4599426 ], [ -3.8488173, 43.4600157 ], [ -3.8487802, 43.4599805 ], [ -3.8486799, 43.4597685 ], [ -3.8485023, 43.4597268 ], [ -3.8484566, 43.4597001 ], [ -3.8477325, 43.4598908 ], [ -3.8470526, 43.4600022 ], [ -3.8470017, 43.4600103 ] ] ] } },
{ "type": "Feature", "properties": { "CCAA": "06 - Cantabria", "PROVINCIA": "39 - Cantabria", "MUNICIPIO": "39075 - Santander", "COD_MUNICIPIO": "39075", "DISTRITO": "08", "SECCION": "3907508029", "V1_H": 80.16, "V1_M": 86.09, "V2_H": 80.12695049, "V2_M": 86.02539962, "V3_H": 80.31827198000001, "V3_M": 86.38244546 }, "geometry": { "type": "Polygon", "coordinates": [ [ [ -3.8476313, 43.444734 ], [ -3.8476224, 43.4447351 ], [ -3.8478056, 43.4448075 ], [ -3.8478414, 43.444809 ], [ -3.8493533, 43.4453084 ], [ -3.8509923, 43.4456011 ], [ -3.8511097, 43.4455812 ], [ -3.8512008, 43.4455519 ], [ -3.8515366, 43.4452445 ], [ -3.8519631, 43.4448792 ], [ -3.8521551, 43.4445823 ], [ -3.8521903, 43.4442962 ], [ -3.8522777, 43.4440001 ], [ -3.8526637, 43.4435493 ], [ -3.8528328, 43.4434814 ], [ -3.85359, 43.4433804 ], [ -3.8536796, 43.4433642 ], [ -3.8532006, 43.442964 ], [ -3.8527393, 43.4427102 ], [ -3.8509505, 43.4418545 ], [ -3.850948, 43.4418574 ], [ -3.850765, 43.4420801 ], [ -3.8506108, 43.4422937 ], [ -3.8504895, 43.4424589 ], [ -3.8504054, 43.442658 ], [ -3.8502499, 43.4428695 ], [ -3.8501073, 43.4430795 ], [ -3.8499846, 43.4432654 ], [ -3.8498408, 43.4434504 ], [ -3.8497557, 43.4436016 ], [ -3.849659, 43.4437456 ], [ -3.8496299, 43.443789 ], [ -3.8495524, 43.4438631 ], [ -3.8492098, 43.4441468 ], [ -3.8490481, 43.4442767 ], [ -3.8489251, 43.4443681 ], [ -3.848763, 43.4444646 ], [ -3.848555, 43.4445519 ], [ -3.8483533, 43.4446249 ], [ -3.8479358, 43.4446995 ], [ -3.8477399, 43.44472 ], [ -3.8476313, 43.444734 ] ] ] } },
{ "type": "Feature", "properties": { "CCAA": "06 - Cantabria", "PROVINCIA": "39 - Cantabria", "MUNICIPIO": "39075 - Santander", "COD_MUNICIPIO": "39075", "DISTRITO": "08", "SECCION": "3907508013", "V1_H": 80.34, "V1_M": 85.99, "V2_H": 80.22806877, "V2_M": 85.94669411, "V3_H": 80.64200885, "V3_M": 86.09540763 }, "geometry": { "type": "Polygon", "coordinates": [ [ [ -3.8415995, 43.4625202 ], [ -3.8417822, 43.4625497 ], [ -3.8424989, 43.4624557 ], [ -3.8432613, 43.4621487 ], [ -3.844317, 43.4619282 ], [ -3.8457243, 43.4616164 ], [ -3.847544, 43.4612129 ], [ -3.8475684, 43.4612127 ], [ -3.8475025, 43.4610703 ], [ -3.847154, 43.4602939 ], [ -3.8470017, 43.4600103 ], [ -3.846239, 43.4601323 ], [ -3.8458869, 43.4601881 ], [ -3.8457529, 43.4601802 ], [ -3.8451463, 43.4603088 ], [ -3.8445999, 43.4604014 ], [ -3.8441505, 43.4604579 ], [ -3.8438464, 43.4604691 ], [ -3.8434082, 43.4604634 ], [ -3.8431651, 43.4604829 ], [ -3.8430226, 43.4604581 ], [ -3.8396797, 43.4606 ], [ -3.8394119, 43.4606113 ], [ -3.8396141, 43.4607557 ], [ -3.8400145, 43.461064 ], [ -3.8405359, 43.461433 ], [ -3.8409898, 43.4617603 ], [ -3.8414214, 43.4620749 ], [ -3.8416194, 43.4622228 ], [ -3.8415995, 43.4625202 ] ] ] } },
{ "type": "Feature", "properties": { "CCAA": "06 - Cantabria", "PROVINCIA": "39 - Cantabria", "MUNICIPIO": "39075 - Santander", "COD_MUNICIPIO": "39075", "DISTRITO": "08", "SECCION": "3907508015", "V1_H": 79.33, "V1_M": 85.14, "V2_H": 79.29974376, "V2_M": 85.20981541, "V3_H": 79.50065775, "V3_M": 85.33298389 }, "geometry": { "type": "Polygon", "coordinates": [ [ [ -3.8348721, 43.4614236 ], [ -3.8351852, 43.4617214 ], [ -3.8358815, 43.4619966 ], [ -3.8368858, 43.4622882 ], [ -3.8379928, 43.462579 ], [ -3.8386991, 43.4628662 ], [ -3.8387502, 43.4626564 ], [ -3.839247, 43.4626641 ], [ -3.8415995, 43.4625202 ], [ -3.8416194, 43.4622228 ], [ -3.8414214, 43.4620749 ], [ -3.8409898, 43.4617603 ], [ -3.8405359, 43.461433 ], [ -3.8400145, 43.461064 ], [ -3.8396141, 43.4607557 ], [ -3.8394119, 43.4606113 ], [ -3.8396797, 43.4606 ], [ -3.8430226, 43.4604581 ], [ -3.8429921, 43.4602892 ], [ -3.8429879, 43.4599878 ], [ -3.8429843, 43.4597317 ], [ -3.8427071, 43.4597304 ], [ -3.8409591, 43.4596748 ], [ -3.8400884, 43.459651 ], [ -3.8399583, 43.4596952 ], [ -3.8389004, 43.4599543 ], [ -3.8379211, 43.4601354 ], [ -3.8371542, 43.4603343 ], [ -3.8368223, 43.4605458 ], [ -3.8366019, 43.4606863 ], [ -3.8357583, 43.4610984 ], [ -3.8352568, 43.4612953 ], [ -3.8349076, 43.4613943 ], [ -3.8348721, 43.4614236 ] ] ] } },
{ "type": "Feature", "properties": { "CCAA": "06 - Cantabria", "PROVINCIA": "39 - Cantabria", "MUNICIPIO": "39075 - Santander", "COD_MUNICIPIO": "39075", "DISTRITO": "08", "SECCION": "3907508020", "V1_H": 80.23, "V1_M": 86.04, "V2_H": 80.01377171, "V2_M": 86.1814847, "V3_H": 80.55154758, "V3_M": 86.06989916000001 }, "geometry": { "type": "Polygon", "coordinates": [ [ [ -3.8567895, 43.443814 ], [ -3.8568238, 43.4438356 ], [ -3.8584487, 43.4419908 ], [ -3.8584721, 43.44202 ], [ -3.8586546, 43.4418074 ], [ -3.8594144, 43.4409726 ], [ -3.8600597, 43.4403674 ], [ -3.860459, 43.4399356 ], [ -3.8608446, 43.4394562 ], [ -3.861139, 43.4390061 ], [ -3.8613668, 43.4384707 ], [ -3.8614628, 43.438062 ], [ -3.8604275, 43.4377301 ], [ -3.8594856, 43.4375301 ], [ -3.8583274, 43.4377639 ], [ -3.8573742, 43.437645 ], [ -3.8564235, 43.4376972 ], [ -3.8555075, 43.437372 ], [ -3.8552404, 43.4372771 ], [ -3.8549828, 43.4371857 ], [ -3.8542277, 43.4370923 ], [ -3.8541077, 43.4371034 ], [ -3.8529922, 43.4372073 ], [ -3.8526557, 43.4372387 ], [ -3.8500154, 43.4409675 ], [ -3.8512601, 43.4414575 ], [ -3.8512552, 43.4414685 ], [ -3.8511275, 43.4416459 ], [ -3.8509505, 43.4418545 ], [ -3.8527393, 43.4427102 ], [ -3.8532006, 43.442964 ], [ -3.8536796, 43.4433642 ], [ -3.8543596, 43.4432413 ], [ -3.8546603, 43.4432295 ], [ -3.8553671, 43.4432718 ], [ -3.855877, 43.4432585 ], [ -3.8560215, 43.4433051 ], [ -3.856535, 43.443549 ], [ -3.8566281, 43.4436531 ], [ -3.8566642, 43.4437344 ], [ -3.8566787, 43.4437442 ], [ -3.8567895, 43.443814 ] ] ] } },
{ "type": "Feature", "properties": { "CCAA": "06 - Cantabria", "PROVINCIA": "39 - Cantabria", "MUNICIPIO": "39075 - Santander", "COD_MUNICIPIO": "39075", "DISTRITO": "08", "SECCION": "3907508022", "V1_H": 82.08, "V1_M": 87.23, "V2_H": 81.77226367, "V2_M": 87.02227373, "V3_H": 82.52263661000001, "V3_M": 87.52638345 }, "geometry": { "type": "Polygon", "coordinates": [ [ [ -3.7959485, 43.4810758 ], [ -3.796176, 43.4811018 ], [ -3.7962002, 43.4811121 ], [ -3.7964971, 43.4810517 ], [ -3.7967132, 43.481 ], [ -3.79689, 43.4809628 ], [ -3.7970569, 43.4809186 ], [ -3.7973908, 43.4808374 ], [ -3.7976364, 43.4807855 ], [ -3.7978836, 43.4808555 ], [ -3.7980122, 43.4808976 ], [ -3.7980514, 43.480883 ], [ -3.79809, 43.4808182 ], [ -3.7981706, 43.4807754 ], [ -3.7982954, 43.4807092 ], [ -3.7984806, 43.4805644 ], [ -3.7987841, 43.4804116 ], [ -3.8000979, 43.4799434 ], [ -3.800501, 43.4798196 ], [ -3.8010942, 43.4796542 ], [ -3.8011424, 43.4796362 ], [ -3.8011764, 43.4795931 ], [ -3.8012069, 43.479545 ], [ -3.8012477, 43.4794868 ], [ -3.8012887, 43.4794487 ], [ -3.8013402, 43.479413 ], [ -3.8014124, 43.4793747 ], [ -3.8014848, 43.4793515 ], [ -3.8018119, 43.4792257 ], [ -3.8019218, 43.479167 ], [ -3.8019939, 43.4791211 ], [ -3.8020658, 43.4790551 ], [ -3.8021656, 43.479014 ], [ -3.8022584, 43.478963 ], [ -3.8023684, 43.4789093 ], [ -3.8026052, 43.4787869 ], [ -3.8026166, 43.4787813 ], [ -3.8026715, 43.4787545 ], [ -3.8032128, 43.478494 ], [ -3.8032113, 43.4784834 ], [ -3.8031952, 43.4783716 ], [ -3.8025549, 43.478417 ], [ -3.8019463, 43.4784329 ], [ -3.8017385, 43.4784694 ], [ -3.8015708, 43.4785114 ], [ -3.8013308, 43.4785364 ], [ -3.8011307, 43.4785495 ], [ -3.8009147, 43.4785685 ], [ -3.8007787, 43.4785869 ], [ -3.8006029, 43.4786232 ], [ -3.8002916, 43.4787012 ], [ -3.7999244, 43.4788087 ], [ -3.7997331, 43.4788801 ], [ -3.7996137, 43.4789393 ], [ -3.7994224, 43.4790106 ], [ -3.7992392, 43.4790877 ], [ -3.7990557, 43.4791474 ], [ -3.7988881, 43.4791952 ], [ -3.798816, 43.4791957 ], [ -3.7988074, 43.4791491 ], [ -3.7988159, 43.4791299 ], [ -3.7992177, 43.4787924 ], [ -3.7992204, 43.478792 ], [ -3.7997902, 43.478331 ], [ -3.7997939, 43.4783181 ], [ -3.8001427, 43.4778336 ], [ -3.8006121, 43.4772848 ], [ -3.8006226, 43.4772639 ], [ -3.8006234, 43.4772625 ], [ -3.8009233, 43.4769641 ], [ -3.8010925, 43.4768696 ], [ -3.8012762, 43.4768216 ], [ -3.8014836, 43.4767618 ], [ -3.8016427, 43.4766732 ], [ -3.8017793, 43.4766055 ], [ -3.8016562, 43.4766318 ], [ -3.8008005, 43.4766245 ], [ -3.800255, 43.4766681 ], [ -3.7997644, 43.4767379 ], [ -3.7992206, 43.476914 ], [ -3.7982244, 43.4772921 ], [ -3.7976095, 43.4776013 ], [ -3.7970003, 43.4778208 ], [ -3.7967814, 43.4781198 ], [ -3.7966475, 43.4783321 ], [ -3.7963773, 43.4785579 ], [ -3.7961065, 43.4787463 ], [ -3.7957513, 43.4790099 ], [ -3.7955316, 43.4791856 ], [ -3.795448, 43.479323 ], [ -3.7955188, 43.479509 ], [ -3.7957094, 43.4797191 ], [ -3.7957487, 43.479782 ], [ -3.7957792, 43.4798306 ], [ -3.7956105, 43.4799934 ], [ -3.7955607, 43.4801057 ], [ -3.7955279, 43.4802054 ], [ -3.7956326, 43.4803788 ], [ -3.7957725, 43.4806265 ], [ -3.7958258, 43.4807878 ], [ -3.7959485, 43.4810758 ] ] ] } },
{ "type": "Feature", "properties": { "CCAA": "06 - Cantabria", "PROVINCIA": "39 - Cantabria", "MUNICIPIO": "39075 - Santander", "COD_MUNICIPIO": "39075", "DISTRITO": "08", "SECCION": "3907508026", "V1_H": 80.34, "V1_M": 85.99, "V2_H": 80.22806877, "V2_M": 85.94669411, "V3_H": 80.64200885, "V3_M": 86.09540763 }, "geometry": { "type": "Polygon", "coordinates": [ [ [ -3.8374261, 43.435271 ], [ -3.8374198, 43.4354475 ], [ -3.8374332, 43.4364194 ], [ -3.837409, 43.4375059 ], [ -3.8373506, 43.4380114 ], [ -3.8372539, 43.4385839 ], [ -3.8369809, 43.4396532 ], [ -3.8366918, 43.4405035 ], [ -3.8365269, 43.4408763 ], [ -3.8362475, 43.4414788 ], [ -3.8359419, 43.4420814 ], [ -3.8354297, 43.4428761 ], [ -3.8350964, 43.4433645 ], [ -3.8348019, 43.4438241 ], [ -3.834481, 43.4442648 ], [ -3.8342292, 43.4445831 ], [ -3.8342233, 43.4445905 ], [ -3.8342411, 43.444597 ], [ -3.8354716, 43.4460194 ], [ -3.836063, 43.4462496 ], [ -3.8372218, 43.4476838 ], [ -3.8395678, 43.4503154 ], [ -3.8397962, 43.4501118 ], [ -3.8403325, 43.4498833 ], [ -3.8410588, 43.4494568 ], [ -3.8416318, 43.4490876 ], [ -3.842509, 43.4484354 ], [ -3.8445234, 43.4467878 ], [ -3.8446667, 43.4461064 ], [ -3.8449489, 43.4452129 ], [ -3.8450765, 43.4446176 ], [ -3.8452317, 43.4443689 ], [ -3.8455438, 43.4440034 ], [ -3.8458945, 43.4431588 ], [ -3.8462453, 43.4423143 ], [ -3.8463997, 43.442016 ], [ -3.8466436, 43.4416345 ], [ -3.8468411, 43.4411707 ], [ -3.8468376, 43.4409231 ], [ -3.8468999, 43.44051 ], [ -3.8472126, 43.440194 ], [ -3.848018, 43.4394616 ], [ -3.8481875, 43.4386184 ], [ -3.8482469, 43.4380071 ], [ -3.8483531, 43.4374946 ], [ -3.8483509, 43.4373371 ], [ -3.8468429, 43.4374173 ], [ -3.8455824, 43.4374086 ], [ -3.8445802, 43.4373169 ], [ -3.8431793, 43.4369851 ], [ -3.8427066, 43.4367635 ], [ -3.8418331, 43.4361485 ], [ -3.8416068, 43.4358621 ], [ -3.8415411, 43.4355834 ], [ -3.8415679, 43.4348358 ], [ -3.8413655, 43.4345041 ], [ -3.8410432, 43.4344254 ], [ -3.8406748, 43.4345902 ], [ -3.8395498, 43.435445 ], [ -3.8391917, 43.4354656 ], [ -3.8384596, 43.4352368 ], [ -3.8383852, 43.4352194 ], [ -3.838113, 43.4351943 ], [ -3.8374261, 43.435271 ] ] ] } },
{ "type": "Feature", "properties": { "CCAA": "06 - Cantabria", "PROVINCIA": "39 - Cantabria", "MUNICIPIO": "39075 - Santander", "COD_MUNICIPIO": "39075", "DISTRITO": "04", "SECCION": "3907504003", "V1_H": 81.58, "V1_M": 86.83, "V2_H": 80.91860297, "V2_M": 86.63659936000001, "V3_H": 82.21677219, "V3_M": 87.10560157 }, "geometry": { "type": "Polygon", "coordinates": [ [ [ -3.7966182, 43.4639146 ], [ -3.7966736, 43.4642448 ], [ -3.7967368, 43.4645636 ], [ -3.7969224, 43.4647103 ], [ -3.7969199, 43.4646916 ], [ -3.7972773, 43.4646324 ], [ -3.7976891, 43.4645615 ], [ -3.7981556, 43.4645015 ], [ -3.7985643, 43.4644514 ], [ -3.7984904, 43.4640757 ], [ -3.7983964, 43.4635048 ], [ -3.7982826, 43.4629389 ], [ -3.7980669, 43.4618727 ], [ -3.797488, 43.4618345 ], [ -3.7971788, 43.4622765 ], [ -3.7968548, 43.4626348 ], [ -3.7967642, 43.4628013 ], [ -3.7967936, 43.4631204 ], [ -3.7965181, 43.4633187 ], [ -3.7966182, 43.4639146 ] ] ] } },
{ "type": "Feature", "properties": { "CCAA": "06 - Cantabria", "PROVINCIA": "39 - Cantabria", "MUNICIPIO": "39075 - Santander", "COD_MUNICIPIO": "39075", "DISTRITO": "04", "SECCION": "3907504014", "V1_H": 82.19, "V1_M": 87.25, "V2_H": 81.84285612, "V2_M": 87.14223952, "V3_H": 82.56554756, "V3_M": 87.46692958 }, "geometry": { "type": "Polygon", "coordinates": [ [ [ -3.7910327, 43.477959 ], [ -3.7914482, 43.4788695 ], [ -3.7914553, 43.4788952 ], [ -3.7914907, 43.4789944 ], [ -3.7914442, 43.4792748 ], [ -3.792333, 43.4792021 ], [ -3.7934053, 43.4790622 ], [ -3.7950187, 43.4785473 ], [ -3.7958508, 43.4781438 ], [ -3.7970003, 43.4778208 ], [ -3.7976095, 43.4776013 ], [ -3.7982244, 43.4772921 ], [ -3.7992206, 43.476914 ], [ -3.7997644, 43.4767379 ], [ -3.800255, 43.4766681 ], [ -3.8008005, 43.4766245 ], [ -3.8016562, 43.4766318 ], [ -3.8017793, 43.4766055 ], [ -3.8026183, 43.4764262 ], [ -3.8035996, 43.4763 ], [ -3.8048207, 43.4764107 ], [ -3.8050209, 43.4764093 ], [ -3.8054735, 43.4762206 ], [ -3.8062709, 43.4759498 ], [ -3.8077946, 43.4755414 ], [ -3.8078905, 43.4755211 ], [ -3.8088833, 43.4752254 ], [ -3.8104807, 43.4745868 ], [ -3.8104709, 43.474562 ], [ -3.8104277, 43.4744508 ], [ -3.8104011, 43.4743769 ], [ -3.8103807, 43.474312 ], [ -3.8104187, 43.4742188 ], [ -3.8104955, 43.4740943 ], [ -3.8105466, 43.4739987 ], [ -3.8105841, 43.473865 ], [ -3.8105833, 43.4738078 ], [ -3.8101534, 43.4739538 ], [ -3.8098016, 43.4740611 ], [ -3.8090744, 43.4733247 ], [ -3.8090694, 43.4733256 ], [ -3.8088067, 43.4730485 ], [ -3.8088062, 43.4730445 ], [ -3.8062884, 43.473916 ], [ -3.8027042, 43.474999 ], [ -3.8005398, 43.4755859 ], [ -3.796718, 43.4765274 ], [ -3.7952806, 43.4766804 ], [ -3.7939548, 43.4770746 ], [ -3.793848, 43.4770919 ], [ -3.7911847, 43.4779168 ], [ -3.7910327, 43.477959 ] ] ] } },
{ "type": "Feature", "properties": { "CCAA": "06 - Cantabria", "PROVINCIA": "39 - Cantabria", "MUNICIPIO": "39075 - Santander", "COD_MUNICIPIO": "39075", "DISTRITO": "05", "SECCION": "3907505007", "V1_H": 79.9, "V1_M": 85.71, "V2_H": 79.8721496, "V2_M": 85.86187756, "V3_H": 80.05417582, "V3_M": 85.81846709 }, "geometry": { "type": "Polygon", "coordinates": [ [ [ -3.8213698, 43.4531536 ], [ -3.8218937, 43.4541441 ], [ -3.8229917, 43.4538434 ], [ -3.822461, 43.4528677 ], [ -3.8213698, 43.4531536 ] ] ] } },
{ "type": "Feature", "properties": { "CCAA": "06 - Cantabria", "PROVINCIA": "39 - Cantabria", "MUNICIPIO": "39075 - Santander", "COD_MUNICIPIO": "39075", "DISTRITO": "05", "SECCION": "3907505014", "V1_H": 80.61, "V1_M": 86.39, "V2_H": 80.33359214, "V2_M": 86.26240397, "V3_H": 81.01911703, "V3_M": 86.63389387 }, "geometry": { "type": "Polygon", "coordinates": [ [ [ -3.8139742, 43.4552536 ], [ -3.8147807, 43.4568583 ], [ -3.8156792, 43.4566047 ], [ -3.815731, 43.4565959 ], [ -3.8149823, 43.4549801 ], [ -3.8139742, 43.4552536 ] ] ] } },
{ "type": "Feature", "properties": { "CCAA": "06 - Cantabria", "PROVINCIA": "39 - Cantabria", "MUNICIPIO": "39075 - Santander", "COD_MUNICIPIO": "39075", "DISTRITO": "06", "SECCION": "3907506010", "V1_H": 80.02, "V1_M": 85.97, "V2_H": 79.96436773000001, "V2_M": 86.10256972000001, "V3_H": 80.28635595, "V3_M": 85.87857517 }, "geometry": { "type": "Polygon", "coordinates": [ [ [ -3.8283403, 43.4538726 ], [ -3.8283529, 43.454051 ], [ -3.8283651, 43.4542193 ], [ -3.829433, 43.4542771 ], [ -3.8301676, 43.4545037 ], [ -3.8303433, 43.4545021 ], [ -3.8306154, 43.454432 ], [ -3.830869, 43.4543509 ], [ -3.8312366, 43.4542645 ], [ -3.8313986, 43.4542424 ], [ -3.8317321, 43.4541557 ], [ -3.8321486, 43.4540694 ], [ -3.8321555, 43.4540987 ], [ -3.83217, 43.4541608 ], [ -3.8322383, 43.4544442 ], [ -3.8322468, 43.4545624 ], [ -3.8323331, 43.4548241 ], [ -3.832295, 43.4548279 ], [ -3.8323115, 43.4549039 ], [ -3.8323334, 43.4549749 ], [ -3.832326, 43.4550022 ], [ -3.8323929, 43.455105 ], [ -3.8325054, 43.4551453 ], [ -3.8326099, 43.4551167 ], [ -3.8326407, 43.4551212 ], [ -3.8327676, 43.4552841 ], [ -3.8328673, 43.4551978 ], [ -3.8333287, 43.4550124 ], [ -3.83452, 43.4547047 ], [ -3.8363519, 43.4542624 ], [ -3.8384216, 43.4542472 ], [ -3.8399246, 43.4545352 ], [ -3.8405306, 43.4546351 ], [ -3.8404949, 43.4541502 ], [ -3.840405, 43.4536473 ], [ -3.8401766, 43.4531252 ], [ -3.8401691, 43.4525814 ], [ -3.8401842, 43.4516747 ], [ -3.8400568, 43.450467 ], [ -3.8400379, 43.4504611 ], [ -3.8395678, 43.4503154 ], [ -3.8362187, 43.4516869 ], [ -3.8306989, 43.4531547 ], [ -3.8283437, 43.4537904 ], [ -3.8284888, 43.4537846 ], [ -3.8283403, 43.4538726 ] ] ] } },
{ "type": "Feature", "properties": { "CCAA": "06 - Cantabria", "PROVINCIA": "39 - Cantabria", "MUNICIPIO": "39075 - Santander", "COD_MUNICIPIO": "39075", "DISTRITO": "07", "SECCION": "3907507003", "V1_H": 79.83, "V1_M": 85.66, "V2_H": 79.86201885, "V2_M": 85.75249, "V3_H": 79.86616026, "V3_M": 85.80070523000001 }, "geometry": { "type": "Polygon", "coordinates": [ [ [ -3.8240842, 43.4631468 ], [ -3.8241216, 43.4632 ], [ -3.8244148, 43.4637342 ], [ -3.8244706, 43.463808 ], [ -3.8246966, 43.4637208 ], [ -3.8247823, 43.4636888 ], [ -3.8248876, 43.4639448 ], [ -3.8249604, 43.4641154 ], [ -3.824977, 43.4641866 ], [ -3.8249866, 43.4643121 ], [ -3.8250043, 43.464466 ], [ -3.8250614, 43.464631 ], [ -3.8251253, 43.464719 ], [ -3.8251891, 43.4648012 ], [ -3.8252408, 43.4648579 ], [ -3.825343, 43.4648829 ], [ -3.8254692, 43.4649046 ], [ -3.825524, 43.4649216 ], [ -3.8267056, 43.4638508 ], [ -3.8266455, 43.4638047 ], [ -3.8265665, 43.4636908 ], [ -3.826558, 43.4636789 ], [ -3.8261989, 43.4633459 ], [ -3.8256408, 43.46283 ], [ -3.8256045, 43.462798 ], [ -3.8255274, 43.4627066 ], [ -3.8250775, 43.462857 ], [ -3.8241916, 43.4631178 ], [ -3.8240842, 43.4631468 ] ] ] } },
{ "type": "Feature", "properties": { "CCAA": "06 - Cantabria", "PROVINCIA": "39 - Cantabria", "MUNICIPIO": "39075 - Santander", "COD_MUNICIPIO": "39075", "DISTRITO": "07", "SECCION": "3907507010", "V1_H": 80.63, "V1_M": 86.52, "V2_H": 80.3855305, "V2_M": 86.44800565, "V3_H": 80.88841766, "V3_M": 86.66780776 }, "geometry": { "type": "Polygon", "coordinates": [ [ [ -3.8046906, 43.4687902 ], [ -3.804819, 43.4690987 ], [ -3.8047563, 43.4693238 ], [ -3.8048227, 43.469357 ], [ -3.8048314, 43.4694136 ], [ -3.8049196, 43.469404 ], [ -3.8050917, 43.4693824 ], [ -3.8051064, 43.4694193 ], [ -3.8050936, 43.4694265 ], [ -3.8050869, 43.4694356 ], [ -3.8050864, 43.4694464 ], [ -3.8050884, 43.4694586 ], [ -3.8051468, 43.4697172 ], [ -3.8051495, 43.4697294 ], [ -3.8052298, 43.4700606 ], [ -3.8078789, 43.4697379 ], [ -3.8080194, 43.4697179 ], [ -3.8097213, 43.4694754 ], [ -3.8096523, 43.4693453 ], [ -3.8096256, 43.4692351 ], [ -3.8096216, 43.4691795 ], [ -3.8096193, 43.4691468 ], [ -3.8094971, 43.4691762 ], [ -3.8092947, 43.4692063 ], [ -3.8089485, 43.4692468 ], [ -3.8083932, 43.4693032 ], [ -3.8080273, 43.4693391 ], [ -3.807928, 43.4693295 ], [ -3.8079221, 43.4693045 ], [ -3.8079062, 43.4692511 ], [ -3.8079138, 43.469166 ], [ -3.807881, 43.4691394 ], [ -3.8077586, 43.4687213 ], [ -3.8076564, 43.4685779 ], [ -3.8066266, 43.4686248 ], [ -3.805342, 43.4687223 ], [ -3.804865, 43.4687543 ], [ -3.8046807, 43.4687666 ], [ -3.8046906, 43.4687902 ] ] ] } },
{ "type": "Feature", "properties": { "CCAA": "06 - Cantabria", "PROVINCIA": "39 - Cantabria", "MUNICIPIO": "39075 - Santander", "COD_MUNICIPIO": "39075", "DISTRITO": "07", "SECCION": "3907507021", "V1_H": 81.18, "V1_M": 86.79, "V2_H": 80.97904731, "V2_M": 86.77314473, "V3_H": 81.44010912, "V3_M": 86.96351832000001 }, "geometry": { "type": "Polygon", "coordinates": [ [ [ -3.8104807, 43.4745868 ], [ -3.8104815, 43.4745886 ], [ -3.8107107, 43.4745312 ], [ -3.8110887, 43.4744141 ], [ -3.8116492, 43.4742577 ], [ -3.8121725, 43.4742444 ], [ -3.8126964, 43.4742788 ], [ -3.8132724, 43.4743033 ], [ -3.8137435, 43.4743 ], [ -3.814161, 43.4742112 ], [ -3.8144573, 43.4741442 ], [ -3.8144346, 43.4741235 ], [ -3.8148591, 43.4739839 ], [ -3.815086, 43.4739092 ], [ -3.816011, 43.4736072 ], [ -3.816897, 43.4733245 ], [ -3.8174313, 43.4731587 ], [ -3.8177412, 43.4729997 ], [ -3.817771, 43.4728853 ], [ -3.8178937, 43.4727629 ], [ -3.8179473, 43.4727251 ], [ -3.8179991, 43.4725734 ], [ -3.8181013, 43.4723916 ], [ -3.8183345, 43.4722184 ], [ -3.818673, 43.4720921 ], [ -3.8188952, 43.4720714 ], [ -3.8193658, 43.4720394 ], [ -3.8198099, 43.4719791 ], [ -3.8199702, 43.4719545 ], [ -3.8212433, 43.4714326 ], [ -3.8220081, 43.4711138 ], [ -3.8225913, 43.4708724 ], [ -3.8229415, 43.4707464 ], [ -3.8233296, 43.4705253 ], [ -3.8237176, 43.4703042 ], [ -3.8243386, 43.4699674 ], [ -3.8246233, 43.4698135 ], [ -3.8249079, 43.4696501 ], [ -3.8251423, 43.4696389 ], [ -3.8256249, 43.4696639 ], [ -3.8260808, 43.4696416 ], [ -3.8265765, 43.469676 ], [ -3.8272288, 43.4697188 ], [ -3.8273346, 43.4696647 ], [ -3.8280117, 43.4693184 ], [ -3.8280038, 43.4692249 ], [ -3.8279611, 43.4691677 ], [ -3.8273634, 43.4679642 ], [ -3.8273203, 43.4678774 ], [ -3.8273044, 43.4678572 ], [ -3.8272822, 43.4678309 ], [ -3.8272563, 43.4678033 ], [ -3.8272342, 43.4677827 ], [ -3.8272209, 43.4677676 ], [ -3.827207, 43.4677537 ], [ -3.8271874, 43.4677351 ], [ -3.8271646, 43.4677124 ], [ -3.8271439, 43.4676981 ], [ -3.8271286, 43.4676767 ], [ -3.8271021, 43.4676509 ], [ -3.8270862, 43.467628 ], [ -3.8270745, 43.4676039 ], [ -3.8270654, 43.4675792 ], [ -3.8270567, 43.4675558 ], [ -3.8270337, 43.4674907 ], [ -3.8270272, 43.4674747 ], [ -3.8269999, 43.4674073 ], [ -3.8269635, 43.4673228 ], [ -3.8269421, 43.4672676 ], [ -3.8269241, 43.4672112 ], [ -3.8265111, 43.467309 ], [ -3.8261073, 43.4674358 ], [ -3.8256648, 43.4676105 ], [ -3.8250665, 43.4678721 ], [ -3.8249756, 43.4679204 ], [ -3.8246034, 43.4674943 ], [ -3.8242848, 43.4671535 ], [ -3.8240065, 43.4668982 ], [ -3.8237424, 43.4667191 ], [ -3.8234918, 43.4665684 ], [ -3.8229014, 43.4661551 ], [ -3.8226861, 43.4662185 ], [ -3.8210956, 43.4667777 ], [ -3.81991, 43.4671513 ], [ -3.819754, 43.4671981 ], [ -3.8195966, 43.4672494 ], [ -3.8192793, 43.4673607 ], [ -3.8185864, 43.4675627 ], [ -3.8181532, 43.467689 ], [ -3.8171656, 43.467882 ], [ -3.8164051, 43.4681192 ], [ -3.816245, 43.4681682 ], [ -3.8150682, 43.4685284 ], [ -3.8138014, 43.4688251 ], [ -3.8137434, 43.4688387 ], [ -3.8122987, 43.4691772 ], [ -3.8108078, 43.4694258 ], [ -3.8103885, 43.4694968 ], [ -3.8100505, 43.4695332 ], [ -3.8097386, 43.469496 ], [ -3.8098818, 43.4696274 ], [ -3.8098458, 43.4698218 ], [ -3.8096254, 43.4703715 ], [ -3.8092447, 43.470792 ], [ -3.8089509, 43.4710314 ], [ -3.8087244, 43.4711296 ], [ -3.8087093, 43.4712913 ], [ -3.8087397, 43.4712916 ], [ -3.8087321, 43.4713814 ], [ -3.8086277, 43.4714012 ], [ -3.8088062, 43.4730445 ], [ -3.8088067, 43.4730485 ], [ -3.8090694, 43.4733256 ], [ -3.8090744, 43.4733247 ], [ -3.8098016, 43.4740611 ], [ -3.8101534, 43.4739538 ], [ -3.8105833, 43.4738078 ], [ -3.8105841, 43.473865 ], [ -3.8105466, 43.4739987 ], [ -3.8104955, 43.4740943 ], [ -3.8104187, 43.4742188 ], [ -3.8103807, 43.474312 ], [ -3.8104011, 43.4743769 ], [ -3.8104277, 43.4744508 ], [ -3.8104709, 43.474562 ], [ -3.8104807, 43.4745868 ] ] ] } },
{ "type": "Feature", "properties": { "CCAA": "06 - Cantabria", "PROVINCIA": "39 - Cantabria", "MUNICIPIO": "39075 - Santander", "COD_MUNICIPIO": "39075", "DISTRITO": "08", "SECCION": "3907508005", "V1_H": 80.06, "V1_M": 86.12, "V2_H": 80.10460866, "V2_M": 86.20761786, "V3_H": 80.17898723, "V3_M": 86.18020212 }, "geometry": { "type": "Polygon", "coordinates": [ [ [ -3.8386347, 43.4629827 ], [ -3.8386301, 43.4630665 ], [ -3.838564, 43.4631321 ], [ -3.8385693, 43.4635132 ], [ -3.8384836, 43.4639427 ], [ -3.838798, 43.463969 ], [ -3.8395992, 43.4651448 ], [ -3.8399238, 43.4650814 ], [ -3.840076, 43.465277 ], [ -3.8402607, 43.4655787 ], [ -3.8402846, 43.4656582 ], [ -3.8402307, 43.4658691 ], [ -3.8402266, 43.4660455 ], [ -3.8403805, 43.4662921 ], [ -3.8403644, 43.4663045 ], [ -3.8403415, 43.4663781 ], [ -3.8407213, 43.4666398 ], [ -3.8405474, 43.4666601 ], [ -3.8406572, 43.4671448 ], [ -3.8406476, 43.4671573 ], [ -3.8407457, 43.4676283 ], [ -3.8405693, 43.4676439 ], [ -3.8406485, 43.4681674 ], [ -3.8399567, 43.4682869 ], [ -3.8403754, 43.4690581 ], [ -3.8403731, 43.4690606 ], [ -3.8404267, 43.4691554 ], [ -3.8401368, 43.4692408 ], [ -3.8401136, 43.4692579 ], [ -3.8399381, 43.4693019 ], [ -3.8395217, 43.469467 ], [ -3.839145, 43.4696651 ], [ -3.8390567, 43.469904 ], [ -3.8390657, 43.4700802 ], [ -3.8391835, 43.4701402 ], [ -3.8391766, 43.470146 ], [ -3.8392826, 43.4701549 ], [ -3.8394721, 43.4701392 ], [ -3.8396091, 43.4701144 ], [ -3.8397079, 43.4701565 ], [ -3.8397872, 43.4702131 ], [ -3.8398943, 43.4703934 ], [ -3.8400283, 43.4706211 ], [ -3.8401077, 43.4706825 ], [ -3.8402256, 43.4706911 ], [ -3.840474, 43.4706798 ], [ -3.8406111, 43.4706597 ], [ -3.84045, 43.4708372 ], [ -3.8403797, 43.4709568 ], [ -3.8403882, 43.4710949 ], [ -3.8404611, 43.4711659 ], [ -3.8406799, 43.4713739 ], [ -3.8408539, 43.4716538 ], [ -3.8409761, 43.4719721 ], [ -3.8410379, 43.4721861 ], [ -3.8410851, 43.4722858 ], [ -3.8412243, 43.4724182 ], [ -3.8414382, 43.4727454 ], [ -3.8416462, 43.4731155 ], [ -3.8418065, 43.4733525 ], [ -3.8418997, 43.473471 ], [ -3.8420435, 43.4734556 ], [ -3.842299, 43.4734823 ], [ -3.8425284, 43.4735092 ], [ -3.8426332, 43.4735227 ], [ -3.8428882, 43.4735066 ], [ -3.843091, 43.4735051 ], [ -3.8431959, 43.4735234 ], [ -3.8433151, 43.4736273 ], [ -3.8434283, 43.4737694 ], [ -3.8436392, 43.4738775 ], [ -3.8437318, 43.4739482 ], [ -3.843825, 43.4740667 ], [ -3.8448325, 43.4750027 ], [ -3.8449512, 43.4750637 ], [ -3.8451021, 43.475096 ], [ -3.8452462, 43.4751092 ], [ -3.845449, 43.4751077 ], [ -3.8456061, 43.4751113 ], [ -3.8460397, 43.4752367 ], [ -3.8465091, 43.4755906 ], [ -3.8467742, 43.4758317 ], [ -3.8470593, 43.4760964 ], [ -3.8472857, 43.4763806 ], [ -3.8474869, 43.4767317 ], [ -3.847488, 43.4768127 ], [ -3.8471761, 43.4769627 ], [ -3.8470855, 43.4770396 ], [ -3.8472148, 43.477396 ], [ -3.8472164, 43.4775056 ], [ -3.8468147, 43.4777897 ], [ -3.8463923, 43.4780025 ], [ -3.8460873, 43.478181 ], [ -3.8458871, 43.4783731 ], [ -3.8457102, 43.4785118 ], [ -3.8456668, 43.4785657 ], [ -3.8454534, 43.4787098 ], [ -3.8449292, 43.4791235 ], [ -3.8442565, 43.4796859 ], [ -3.8439845, 43.4798833 ], [ -3.8439602, 43.4800169 ], [ -3.8439623, 43.4801741 ], [ -3.8439123, 43.4803365 ], [ -3.8441781, 43.4806299 ], [ -3.8449157, 43.481444 ], [ -3.8449756, 43.4815103 ], [ -3.8453594, 43.4818219 ], [ -3.845511, 43.4819018 ], [ -3.8468207, 43.4825822 ], [ -3.8472393, 43.4820784 ], [ -3.8476687, 43.4815616 ], [ -3.8510401, 43.479474 ], [ -3.8513438, 43.4799473 ], [ -3.8522434, 43.4795214 ], [ -3.8508042, 43.4783652 ], [ -3.8497719, 43.477539 ], [ -3.8490175, 43.4769347 ], [ -3.8503798, 43.4765673 ], [ -3.8505488, 43.476485 ], [ -3.8509854, 43.4763579 ], [ -3.8517022, 43.4761524 ], [ -3.8515334, 43.4757773 ], [ -3.8515358, 43.475764 ], [ -3.8515199, 43.4757653 ], [ -3.8512778, 43.4752789 ], [ -3.8511952, 43.4750019 ], [ -3.8512977, 43.4749165 ], [ -3.8512131, 43.4748696 ], [ -3.8511662, 43.4747889 ], [ -3.8511308, 43.4745986 ], [ -3.8511549, 43.4744507 ], [ -3.8512508, 43.4742928 ], [ -3.8513472, 43.4741681 ], [ -3.8514765, 43.4740528 ], [ -3.8515669, 43.4739664 ], [ -3.8516247, 43.4738897 ], [ -3.8516363, 43.4737896 ], [ -3.8515548, 43.473571 ], [ -3.8515336, 43.4734616 ], [ -3.8514538, 43.4733716 ], [ -3.8513084, 43.4732631 ], [ -3.8511101, 43.4731217 ], [ -3.8511221, 43.4730453 ], [ -3.8512244, 43.472873 ], [ -3.8513396, 43.4726911 ], [ -3.8513963, 43.4725382 ], [ -3.8514523, 43.4723282 ], [ -3.8515281, 43.4721418 ], [ -3.8515528, 43.4719936 ], [ -3.8515192, 43.4719588 ], [ -3.8513876, 43.4719189 ], [ -3.8512559, 43.4718579 ], [ -3.8510978, 43.4717781 ], [ -3.8509664, 43.4717409 ], [ -3.8508289, 43.4717324 ], [ -3.8506633, 43.471119 ], [ -3.8506891, 43.471095 ], [ -3.8505307, 43.4709961 ], [ -3.8507655, 43.4709467 ], [ -3.8507927, 43.4709483 ], [ -3.8511371, 43.4708534 ], [ -3.8511303, 43.4708344 ], [ -3.8510158, 43.470597 ], [ -3.8509006, 43.470312 ], [ -3.8508002, 43.4701507 ], [ -3.8506684, 43.470085 ], [ -3.8505828, 43.4700475 ], [ -3.8504141, 43.4696771 ], [ -3.8502308, 43.469202 ], [ -3.8500869, 43.4687347 ], [ -3.8500896, 43.4687233 ], [ -3.8503028, 43.4687393 ], [ -3.8506176, 43.4687941 ], [ -3.8504169, 43.4675473 ], [ -3.8502864, 43.4675673 ], [ -3.8502625, 43.4674815 ], [ -3.850266, 43.4674716 ], [ -3.8501129, 43.4668586 ], [ -3.8501927, 43.4668519 ], [ -3.8501902, 43.4668421 ], [ -3.8502827, 43.4668383 ], [ -3.8499966, 43.4652643 ], [ -3.8499843, 43.4652626 ], [ -3.8499045, 43.4645921 ], [ -3.8498774, 43.4645256 ], [ -3.8498494, 43.4643972 ], [ -3.8497911, 43.4639688 ], [ -3.8497945, 43.4637448 ], [ -3.8497922, 43.4631111 ], [ -3.8496161, 43.462396 ], [ -3.8496406, 43.4623905 ], [ -3.8491078, 43.4608968 ], [ -3.8475684, 43.4612127 ], [ -3.847544, 43.4612129 ], [ -3.8457243, 43.4616164 ], [ -3.844317, 43.4619282 ], [ -3.8432613, 43.4621487 ], [ -3.8424989, 43.4624557 ], [ -3.8417822, 43.4625497 ], [ -3.8415995, 43.4625202 ], [ -3.839247, 43.4626641 ], [ -3.8387502, 43.4626564 ], [ -3.8386991, 43.4628662 ], [ -3.838715, 43.4628726 ], [ -3.8386965, 43.4629548 ], [ -3.8386347, 43.4629827 ] ] ] } },
{ "type": "Feature", "properties": { "CCAA": "06 - Cantabria", "PROVINCIA": "39 - Cantabria", "MUNICIPIO": "39075 - Santander", "COD_MUNICIPIO": "39075", "DISTRITO": "08", "SECCION": "3907508012", "V1_H": 80.91, "V1_M": 86.64, "V2_H": 80.44720226, "V2_M": 86.54313262, "V3_H": 81.45534141, "V3_M": 86.89844934 }, "geometry": { "type": "Polygon", "coordinates": [ [ [ -3.7860396, 43.4819791 ], [ -3.7841348, 43.4836239 ], [ -3.7793047, 43.4849822 ], [ -3.7784279, 43.4860321 ], [ -3.7798331, 43.4856905 ], [ -3.7806475, 43.4865038 ], [ -3.7859496, 43.4862341 ], [ -3.7877129, 43.4858253 ], [ -3.7877373, 43.486779 ], [ -3.7846244, 43.488953 ], [ -3.786036, 43.4891037 ], [ -3.7856195, 43.4903588 ], [ -3.7862259, 43.4903743 ], [ -3.7852558, 43.4918554 ], [ -3.7880667, 43.4911974 ], [ -3.7895597, 43.4913646 ], [ -3.7904527, 43.4908651 ], [ -3.791128, 43.4904602 ], [ -3.7966546, 43.4877059 ], [ -3.7975521, 43.4872804 ], [ -3.7981631, 43.4869616 ], [ -3.7988402, 43.4866996 ], [ -3.7992695, 43.486506 ], [ -3.7994913, 43.4864473 ], [ -3.7997367, 43.4863332 ], [ -3.7997364, 43.4863307 ], [ -3.7998004, 43.4863165 ], [ -3.7999944, 43.4861388 ], [ -3.800142, 43.4859186 ], [ -3.8001598, 43.4857851 ], [ -3.7999658, 43.4854624 ], [ -3.7996933, 43.4851451 ], [ -3.799434, 43.4848372 ], [ -3.7994483, 43.4848233 ], [ -3.7992388, 43.4844193 ], [ -3.7996879, 43.4842398 ], [ -3.8001232, 43.4839985 ], [ -3.8004083, 43.4837869 ], [ -3.8009358, 43.4835926 ], [ -3.8015503, 43.4835502 ], [ -3.8020249, 43.4833655 ], [ -3.8020257, 43.4833643 ], [ -3.8020394, 43.4833455 ], [ -3.802136, 43.4833031 ], [ -3.8023353, 43.4830396 ], [ -3.802474, 43.4827962 ], [ -3.8024745, 43.4827966 ], [ -3.8025901, 43.4825089 ], [ -3.8026785, 43.4822653 ], [ -3.8032334, 43.4826617 ], [ -3.8033307, 43.482599 ], [ -3.8033892, 43.48257 ], [ -3.8035066, 43.4825406 ], [ -3.8036376, 43.482554 ], [ -3.8037625, 43.4825912 ], [ -3.8039389, 43.4825757 ], [ -3.8040575, 43.482632 ], [ -3.804326, 43.4826492 ], [ -3.8042524, 43.4825306 ], [ -3.8046302, 43.4823945 ], [ -3.8051185, 43.48221 ], [ -3.8055031, 43.4821025 ], [ -3.806293, 43.4819718 ], [ -3.8062467, 43.4818979 ], [ -3.8061536, 43.481789 ], [ -3.8066542, 43.4816919 ], [ -3.8066639, 43.4816819 ], [ -3.8068911, 43.4816456 ], [ -3.80689, 43.4815646 ], [ -3.806968, 43.4815212 ], [ -3.8070724, 43.4814966 ], [ -3.8072813, 43.4814618 ], [ -3.8076396, 43.4813401 ], [ -3.8075466, 43.481236 ], [ -3.8072946, 43.48099 ], [ -3.807232, 43.4809542 ], [ -3.8072367, 43.4809503 ], [ -3.8070632, 43.4808058 ], [ -3.8071733, 43.480724 ], [ -3.8071726, 43.4806716 ], [ -3.8074008, 43.480608 ], [ -3.807451, 43.4804457 ], [ -3.8075185, 43.4803133 ], [ -3.807511, 43.4803013 ], [ -3.8076178, 43.4799768 ], [ -3.807834, 43.4795036 ], [ -3.8066852, 43.4790887 ], [ -3.8066831, 43.4790866 ], [ -3.8066797, 43.479083 ], [ -3.8051485, 43.4795416 ], [ -3.8049589, 43.4792488 ], [ -3.8049432, 43.479252 ], [ -3.8042366, 43.4781328 ], [ -3.8032113, 43.4784834 ], [ -3.8032128, 43.478494 ], [ -3.8026715, 43.4787545 ], [ -3.8026166, 43.4787813 ], [ -3.8026052, 43.4787869 ], [ -3.8023684, 43.4789093 ], [ -3.8022584, 43.478963 ], [ -3.8021656, 43.479014 ], [ -3.8020658, 43.4790551 ], [ -3.8019939, 43.4791211 ], [ -3.8019218, 43.479167 ], [ -3.8018119, 43.4792257 ], [ -3.8014848, 43.4793515 ], [ -3.8014124, 43.4793747 ], [ -3.8013402, 43.479413 ], [ -3.8012887, 43.4794487 ], [ -3.8012477, 43.4794868 ], [ -3.8012069, 43.479545 ], [ -3.8011764, 43.4795931 ], [ -3.8011424, 43.4796362 ], [ -3.8010942, 43.4796542 ], [ -3.800501, 43.4798196 ], [ -3.8000979, 43.4799434 ], [ -3.7987841, 43.4804116 ], [ -3.7984806, 43.4805644 ], [ -3.7982954, 43.4807092 ], [ -3.7981706, 43.4807754 ], [ -3.7982701, 43.4808869 ], [ -3.7981988, 43.4810732 ], [ -3.7981309, 43.4812161 ], [ -3.7981188, 43.4813585 ], [ -3.7981764, 43.4814903 ], [ -3.7983322, 43.4816621 ], [ -3.7984881, 43.4818339 ], [ -3.7986719, 43.4820055 ], [ -3.7989684, 43.4822475 ], [ -3.7991948, 43.4824696 ], [ -3.7993784, 43.482631 ], [ -3.7995059, 43.4827624 ], [ -3.7994092, 43.4828444 ], [ -3.799103, 43.4829279 ], [ -3.7987687, 43.4829912 ], [ -3.7983927, 43.4830752 ], [ -3.7981551, 43.4830565 ], [ -3.7979731, 43.4830273 ], [ -3.7977635, 43.4830186 ], [ -3.7974707, 43.4830511 ], [ -3.7972066, 43.4831445 ], [ -3.7968447, 43.4832385 ], [ -3.7965526, 43.4833321 ], [ -3.7966693, 43.4837075 ], [ -3.7967999, 43.4840829 ], [ -3.7970314, 43.4846914 ], [ -3.7965997, 43.4847859 ], [ -3.7957623, 43.4848325 ], [ -3.794464, 43.484872 ], [ -3.7932495, 43.4849109 ], [ -3.7928724, 43.4849135 ], [ -3.7927461, 43.4848635 ], [ -3.7926325, 43.4847219 ], [ -3.7925055, 43.4846211 ], [ -3.792323, 43.4845512 ], [ -3.7919853, 43.4843603 ], [ -3.7915498, 43.4841599 ], [ -3.7910437, 43.4839092 ], [ -3.7908199, 43.4838802 ], [ -3.7901637, 43.4838949 ], [ -3.7897726, 43.4838874 ], [ -3.7893522, 43.4837784 ], [ -3.788932, 43.4836656 ], [ -3.7888809, 43.4836776 ], [ -3.7882695, 43.483627 ], [ -3.7880214, 43.4835632 ], [ -3.7877041, 43.4833176 ], [ -3.7876364, 43.4831466 ], [ -3.787607, 43.482899 ], [ -3.7876299, 43.4826416 ], [ -3.7876796, 43.4824411 ], [ -3.7877801, 43.4821164 ], [ -3.7879342, 43.4818866 ], [ -3.7884973, 43.4816488 ], [ -3.7886251, 43.4816225 ], [ -3.7887351, 43.4815409 ], [ -3.7882805, 43.4812745 ], [ -3.7877736, 43.4815448 ], [ -3.7873705, 43.4817477 ], [ -3.7871986, 43.4818798 ], [ -3.7861478, 43.4819698 ], [ -3.7860396, 43.4819791 ] ] ] } },
{ "type": "Feature", "properties": { "CCAA": "06 - Cantabria", "PROVINCIA": "39 - Cantabria", "MUNICIPIO": "39075 - Santander", "COD_MUNICIPIO": "39075", "DISTRITO": "08", "SECCION": "3907508023", "V1_H": 81.04, "V1_M": 86.55, "V2_H": 80.90626992, "V2_M": 86.32523903000001, "V3_H": 81.22678782, "V3_M": 86.81274177 }, "geometry": { "type": "Polygon", "coordinates": [ [ [ -3.8487836, 43.456933 ], [ -3.8490582, 43.458957 ], [ -3.8497026, 43.4589019 ], [ -3.8565567, 43.4576817 ], [ -3.8565299, 43.4575085 ], [ -3.8564839, 43.4572109 ], [ -3.8563031, 43.4560808 ], [ -3.8562032, 43.4556701 ], [ -3.8561636, 43.4553618 ], [ -3.8561365, 43.4551049 ], [ -3.8560368, 43.4547199 ], [ -3.8558605, 43.4547298 ], [ -3.855673, 43.4547826 ], [ -3.8552158, 43.454906 ], [ -3.8547122, 43.4550641 ], [ -3.8537159, 43.4553459 ], [ -3.8516183, 43.455953 ], [ -3.8515842, 43.4560389 ], [ -3.8502956, 43.4564514 ], [ -3.8487836, 43.456933 ] ] ] } },
{ "type": "Feature", "properties": { "CCAA": "06 - Cantabria", "PROVINCIA": "39 - Cantabria", "MUNICIPIO": "39075 - Santander", "COD_MUNICIPIO": "39075", "DISTRITO": "06", "SECCION": "3907506009", "V1_H": 79.66, "V1_M": 85.68, "V2_H": 79.65353369, "V2_M": 85.83118741, "V3_H": 79.80284041, "V3_M": 85.7603318 }, "geometry": { "type": "Polygon", "coordinates": [ [ [ -3.8249469, 43.4566065 ], [ -3.8249434, 43.4566094 ], [ -3.8249623, 43.4566874 ], [ -3.8249591, 43.4566917 ], [ -3.824983, 43.4567606 ], [ -3.8250775, 43.4567409 ], [ -3.8252374, 43.4567087 ], [ -3.8254912, 43.4566164 ], [ -3.8257159, 43.4565433 ], [ -3.8258466, 43.4565352 ], [ -3.8259743, 43.4565509 ], [ -3.8261085, 43.4565595 ], [ -3.8262626, 43.4565894 ], [ -3.8264365, 43.4566262 ], [ -3.8266201, 43.456663 ], [ -3.8267778, 43.4567143 ], [ -3.8268069, 43.4567156 ], [ -3.8268077, 43.4567135 ], [ -3.8268827, 43.4564913 ], [ -3.827153, 43.4557222 ], [ -3.8273183, 43.455255 ], [ -3.8275072, 43.4548047 ], [ -3.8276605, 43.4544501 ], [ -3.8274917, 43.4543812 ], [ -3.8272852, 43.4544325 ], [ -3.8268517, 43.45455 ], [ -3.8263569, 43.4546841 ], [ -3.8256934, 43.4548638 ], [ -3.8255753, 43.4548958 ], [ -3.825457, 43.4549279 ], [ -3.8251294, 43.4550166 ], [ -3.8244287, 43.4552065 ], [ -3.8246793, 43.4557184 ], [ -3.8247569, 43.455946 ], [ -3.8248084, 43.4560826 ], [ -3.8248272, 43.4561363 ], [ -3.8248381, 43.4561794 ], [ -3.8248409, 43.4561895 ], [ -3.8248581, 43.4562521 ], [ -3.8248796, 43.456341 ], [ -3.8248864, 43.4563678 ], [ -3.8249244, 43.4565178 ], [ -3.8249469, 43.4566065 ] ] ] } },
{ "type": "Feature", "properties": { "CCAA": "06 - Cantabria", "PROVINCIA": "39 - Cantabria", "MUNICIPIO": "39075 - Santander", "COD_MUNICIPIO": "39075", "DISTRITO": "06", "SECCION": "3907506005", "V1_H": 81.47, "V1_M": 86.75, "V2_H": 81.12898066, "V2_M": 86.51613614, "V3_H": 81.81510349, "V3_M": 87.06728245 }, "geometry": { "type": "Polygon", "coordinates": [ [ [ -3.8236712, 43.458177 ], [ -3.822765, 43.4582849 ], [ -3.822154, 43.4583404 ], [ -3.8217785, 43.4583709 ], [ -3.8217719, 43.4583808 ], [ -3.8218837, 43.458838 ], [ -3.821884, 43.4588568 ], [ -3.8214096, 43.458935 ], [ -3.8213512, 43.4589408 ], [ -3.8217354, 43.4597246 ], [ -3.8224429, 43.4595419 ], [ -3.8231662, 43.4593637 ], [ -3.8232768, 43.4593365 ], [ -3.8244929, 43.4589831 ], [ -3.8245259, 43.4589707 ], [ -3.8256859, 43.458696 ], [ -3.8261468, 43.458623 ], [ -3.8261622, 43.458615 ], [ -3.8264952, 43.4584416 ], [ -3.8261875, 43.4583302 ], [ -3.8261645, 43.4583387 ], [ -3.8260959, 43.4583488 ], [ -3.8259645, 43.4583021 ], [ -3.825689, 43.4582493 ], [ -3.8253022, 43.4581782 ], [ -3.825014, 43.4581493 ], [ -3.8246932, 43.4581326 ], [ -3.8243436, 43.4581589 ], [ -3.8239552, 43.4582141 ], [ -3.8236843, 43.4582518 ], [ -3.8236702, 43.4581781 ], [ -3.8236712, 43.458177 ] ] ] } },
{ "type": "Feature", "properties": { "CCAA": "06 - Cantabria", "PROVINCIA": "39 - Cantabria", "MUNICIPIO": "39075 - Santander", "COD_MUNICIPIO": "39075", "DISTRITO": "06", "SECCION": "3907506008", "V1_H": 80.16, "V1_M": 86.09, "V2_H": 80.12695049, "V2_M": 86.02539962, "V3_H": 80.31827198000001, "V3_M": 86.38244546 }, "geometry": { "type": "Polygon", "coordinates": [ [ [ -3.825014, 43.4581493 ], [ -3.8253022, 43.4581782 ], [ -3.825689, 43.4582493 ], [ -3.8259645, 43.4583021 ], [ -3.8260959, 43.4583488 ], [ -3.8261645, 43.4583387 ], [ -3.8261875, 43.4583302 ], [ -3.8261595, 43.45832 ], [ -3.8262644, 43.4580642 ], [ -3.8264835, 43.4575342 ], [ -3.8268069, 43.4567156 ], [ -3.8267778, 43.4567143 ], [ -3.8266201, 43.456663 ], [ -3.8264365, 43.4566262 ], [ -3.8262626, 43.4565894 ], [ -3.8261085, 43.4565595 ], [ -3.8259743, 43.4565509 ], [ -3.8258466, 43.4565352 ], [ -3.8257159, 43.4565433 ], [ -3.8254912, 43.4566164 ], [ -3.8252374, 43.4567087 ], [ -3.8250775, 43.4567409 ], [ -3.824983, 43.4567606 ], [ -3.8249591, 43.4566917 ], [ -3.8249623, 43.4566874 ], [ -3.8249434, 43.4566094 ], [ -3.8249469, 43.4566065 ], [ -3.8249244, 43.4565178 ], [ -3.8248864, 43.4563678 ], [ -3.8248796, 43.456341 ], [ -3.8248581, 43.4562521 ], [ -3.8248409, 43.4561895 ], [ -3.8248381, 43.4561794 ], [ -3.8248272, 43.4561363 ], [ -3.8248084, 43.4560826 ], [ -3.8247569, 43.455946 ], [ -3.8246793, 43.4557184 ], [ -3.8244287, 43.4552065 ], [ -3.8243821, 43.4552191 ], [ -3.8238961, 43.4553508 ], [ -3.8232744, 43.4555192 ], [ -3.8230823, 43.4555712 ], [ -3.8231215, 43.4558252 ], [ -3.8231634, 43.4560561 ], [ -3.823172, 43.4561032 ], [ -3.8232537, 43.4563697 ], [ -3.8233122, 43.4566648 ], [ -3.8233702, 43.4569088 ], [ -3.8234268, 43.4570618 ], [ -3.8234933, 43.4573625 ], [ -3.8235688, 43.4575388 ], [ -3.8236087, 43.4576728 ], [ -3.8236243, 43.4578878 ], [ -3.8236478, 43.4579779 ], [ -3.8236554, 43.4580657 ], [ -3.8236558, 43.4580958 ], [ -3.8236713, 43.458177 ], [ -3.8236712, 43.458177 ], [ -3.8236702, 43.4581781 ], [ -3.8236843, 43.4582518 ], [ -3.8239552, 43.4582141 ], [ -3.8243436, 43.4581589 ], [ -3.8246932, 43.4581326 ], [ -3.825014, 43.4581493 ] ] ] } }
]
}
