{
"type": "FeatureCollection",
"name": "48020",
"features": [
{ "type": "Feature", "properties": { "CCAA": "16 - País Vasco", "PROVINCIA": "48 - Bizkaia", "MUNICIPIO": "48020 - Bilbao", "COD_MUNICIPIO": "48020", "DISTRITO": "01", "SECCION": "4802001006", "V1_H": 80.54, "V1_M": 86.2, "V2_H": 80.39552864, "V2_M": 86.0597654, "V3_H": 80.75568151, "V3_M": 86.47868922000001 }, "geometry": { "type": "Polygon", "coordinates": [ [ [ -2.9596825, 43.2826805 ], [ -2.9597606, 43.2827796 ], [ -2.9599089, 43.2829283 ], [ -2.9600543, 43.2830634 ], [ -2.9603373, 43.2832751 ], [ -2.9606091, 43.2834373 ], [ -2.9608706, 43.2835364 ], [ -2.9614906, 43.2837842 ], [ -2.962032, 43.2840006 ], [ -2.9626547, 43.2842304 ], [ -2.9632878, 43.2844737 ], [ -2.963536, 43.2841766 ], [ -2.9631425, 43.2840099 ], [ -2.962908, 43.2839153 ], [ -2.9624636, 43.2837351 ], [ -2.9619999, 43.2835413 ], [ -2.9611771, 43.2831583 ], [ -2.9607169, 43.28296 ], [ -2.960556, 43.2828114 ], [ -2.9603532, 43.2825953 ], [ -2.9602893, 43.2824917 ], [ -2.9596825, 43.2826805 ] ] ] } },
{ "type": "Feature", "properties": { "CCAA": "16 - País Vasco", "PROVINCIA": "48 - Bizkaia", "MUNICIPIO": "48020 - Bilbao", "COD_MUNICIPIO": "48020", "DISTRITO": "01", "SECCION": "4802001009", "V1_H": 80.21, "V1_M": 86.35, "V2_H": 80.00126986, "V2_M": 86.33312861, "V3_H": 80.58114521, "V3_M": 86.56210486000001 }, "geometry": { "type": "Polygon", "coordinates": [ [ [ -2.9582993, 43.2800552 ], [ -2.9587754, 43.2810099 ], [ -2.9591686, 43.2817844 ], [ -2.9593839, 43.2822257 ], [ -2.9596825, 43.2826805 ], [ -2.9602893, 43.2824917 ], [ -2.9601204, 43.2822485 ], [ -2.959713, 43.2814829 ], [ -2.9608021, 43.2811592 ], [ -2.9616619, 43.2809028 ], [ -2.9612322, 43.2801238 ], [ -2.9608006, 43.2793402 ], [ -2.9596226, 43.2796865 ], [ -2.9588247, 43.2799248 ], [ -2.9582993, 43.2800552 ] ] ] } },
{ "type": "Feature", "properties": { "CCAA": "16 - País Vasco", "PROVINCIA": "48 - Bizkaia", "MUNICIPIO": "48020 - Bilbao", "COD_MUNICIPIO": "48020", "DISTRITO": "01", "SECCION": "4802001025", "V1_H": 82.08, "V1_M": 87.23, "V2_H": 81.77226367, "V2_M": 87.02227373, "V3_H": 82.52263661000001, "V3_M": 87.52638345 }, "geometry": { "type": "Polygon", "coordinates": [ [ [ -2.9523811, 43.2722278 ], [ -2.9528481, 43.2723046 ], [ -2.9534911, 43.2724264 ], [ -2.9540117, 43.2725572 ], [ -2.954632, 43.272706 ], [ -2.9552596, 43.2728953 ], [ -2.9555199, 43.272981 ], [ -2.9557802, 43.2729181 ], [ -2.956983, 43.2722612 ], [ -2.9573278, 43.2721128 ], [ -2.9574658, 43.2719687 ], [ -2.9579256, 43.2714151 ], [ -2.9580785, 43.2713927 ], [ -2.9588749, 43.2713209 ], [ -2.9596024, 43.2712537 ], [ -2.9598092, 43.2712132 ], [ -2.9603223, 43.2710693 ], [ -2.9609767, 43.270894 ], [ -2.9606703, 43.2706372 ], [ -2.9601253, 43.2701913 ], [ -2.9594929, 43.2696913 ], [ -2.9590537, 43.269394 ], [ -2.9585715, 43.2691237 ], [ -2.9580575, 43.2688714 ], [ -2.9573634, 43.268574 ], [ -2.9546645, 43.2674293 ], [ -2.9542263, 43.2684106 ], [ -2.9538996, 43.2685276 ], [ -2.9532631, 43.2700041 ], [ -2.9528569, 43.2709944 ], [ -2.9523811, 43.2722278 ] ] ] } },
{ "type": "Feature", "properties": { "CCAA": "16 - País Vasco", "PROVINCIA": "48 - Bizkaia", "MUNICIPIO": "48020 - Bilbao", "COD_MUNICIPIO": "48020", "DISTRITO": "01", "SECCION": "4802001026", "V1_H": 81.58, "V1_M": 86.83, "V2_H": 80.91860297, "V2_M": 86.63659936000001, "V3_H": 82.21677219, "V3_M": 87.10560157 }, "geometry": { "type": "Polygon", "coordinates": [ [ [ -2.9458373, 43.2740574 ], [ -2.9458902, 43.2738683 ], [ -2.9459246, 43.2737602 ], [ -2.9459866, 43.2736657 ], [ -2.9460803, 43.2736117 ], [ -2.9461769, 43.2735802 ], [ -2.9463137, 43.2735713 ], [ -2.9465005, 43.2735804 ], [ -2.9467465, 43.2736121 ], [ -2.9471324, 43.2736662 ], [ -2.9472906, 43.2736978 ], [ -2.9475367, 43.2737385 ], [ -2.9477889, 43.2737521 ], [ -2.9480315, 43.2737387 ], [ -2.9482557, 43.2737433 ], [ -2.9484247, 43.2737659 ], [ -2.9485244, 43.2737614 ], [ -2.9486697, 43.2737075 ], [ -2.948662, 43.2737435 ], [ -2.948826, 43.2737706 ], [ -2.9487077, 43.2738066 ], [ -2.9487731, 43.2738471 ], [ -2.9488567, 43.2738652 ], [ -2.9487219, 43.2738876 ], [ -2.9489679, 43.2739822 ], [ -2.9492328, 43.2741084 ], [ -2.949319, 43.2741625 ], [ -2.949443, 43.274185 ], [ -2.9494803, 43.2741986 ], [ -2.9498603, 43.2743293 ], [ -2.9499924, 43.2744059 ], [ -2.9500138, 43.2744915 ], [ -2.9502807, 43.2745141 ], [ -2.9508517, 43.2746629 ], [ -2.9510916, 43.2747621 ], [ -2.9514689, 43.2749513 ], [ -2.9516975, 43.2750685 ], [ -2.9519643, 43.2752307 ], [ -2.9520586, 43.2752532 ], [ -2.9521799, 43.2752308 ], [ -2.9523175, 43.2751723 ], [ -2.9524142, 43.2751273 ], [ -2.9527755, 43.2749744 ], [ -2.9527807, 43.2749801 ], [ -2.9532522, 43.2748069 ], [ -2.9533135, 43.2739492 ], [ -2.9532986, 43.2739346 ], [ -2.9533146, 43.2739342 ], [ -2.9538116, 43.2739213 ], [ -2.9539572, 43.2738719 ], [ -2.9541562, 43.2740025 ], [ -2.9545467, 43.2739261 ], [ -2.9546924, 43.2737731 ], [ -2.9548994, 43.2735796 ], [ -2.9551599, 43.273341 ], [ -2.9553823, 43.273125 ], [ -2.9555199, 43.272981 ], [ -2.9552596, 43.2728953 ], [ -2.954632, 43.272706 ], [ -2.9540117, 43.2725572 ], [ -2.9534911, 43.2724264 ], [ -2.9528481, 43.2723046 ], [ -2.9523811, 43.2722278 ], [ -2.9521974, 43.2722007 ], [ -2.9516383, 43.272124 ], [ -2.9510106, 43.2720427 ], [ -2.9505358, 43.2719929 ], [ -2.9498646, 43.2719566 ], [ -2.9495022, 43.271961 ], [ -2.9491961, 43.2719608 ], [ -2.9478733, 43.2719197 ], [ -2.9475956, 43.2718971 ], [ -2.9477765, 43.2720907 ], [ -2.9480513, 43.2722574 ], [ -2.9483389, 43.2723341 ], [ -2.9490131, 43.2724695 ], [ -2.9500343, 43.272641 ], [ -2.9512575, 43.2728442 ], [ -2.9517774, 43.272984 ], [ -2.9504223, 43.2728438 ], [ -2.9498805, 43.2727941 ], [ -2.9495358, 43.2727669 ], [ -2.9485811, 43.272753 ], [ -2.9474358, 43.2727659 ], [ -2.9464149, 43.2727654 ], [ -2.9461099, 43.2727293 ], [ -2.945823, 43.2726976 ], [ -2.9456285, 43.2727966 ], [ -2.9454374, 43.2728865 ], [ -2.9453503, 43.2729585 ], [ -2.9453075, 43.273008 ], [ -2.9453101, 43.2730936 ], [ -2.9453235, 43.2731611 ], [ -2.9453558, 43.2732377 ], [ -2.9453854, 43.2733277 ], [ -2.9453826, 43.2734448 ], [ -2.9453825, 43.2735844 ], [ -2.9453986, 43.2736699 ], [ -2.9454281, 43.273778 ], [ -2.9454519, 43.2738455 ], [ -2.9454685, 43.2739041 ], [ -2.9454656, 43.2739896 ], [ -2.9454356, 43.2740436 ], [ -2.9458373, 43.2740574 ] ] ] } },
{ "type": "Feature", "properties": { "CCAA": "16 - País Vasco", "PROVINCIA": "48 - Bizkaia", "MUNICIPIO": "48020 - Bilbao", "COD_MUNICIPIO": "48020", "DISTRITO": "01", "SECCION": "4802001043", "V1_H": 81.9, "V1_M": 87.09, "V2_H": 81.63118556000001, "V2_M": 87.01244814, "V3_H": 82.24024873, "V3_M": 87.26921271000001 }, "geometry": { "type": "Polygon", "coordinates": [ [ [ -2.944159, 43.2701575 ], [ -2.9441465, 43.2708914 ], [ -2.9441586, 43.2710805 ], [ -2.9458199, 43.2710633 ], [ -2.9457512, 43.2708246 ], [ -2.94553, 43.2701222 ], [ -2.944159, 43.2701575 ] ] ] } },
{ "type": "Feature", "properties": { "CCAA": "16 - País Vasco", "PROVINCIA": "48 - Bizkaia", "MUNICIPIO": "48020 - Bilbao", "COD_MUNICIPIO": "48020", "DISTRITO": "01", "SECCION": "4802001044", "V1_H": 82.5, "V1_M": 87.29, "V2_H": 82.15783722, "V2_M": 87.30677587, "V3_H": 82.90083825000001, "V3_M": 87.37512967000001 }, "geometry": { "type": "Polygon", "coordinates": [ [ [ -2.9420676, 43.2713766 ], [ -2.9435616, 43.271607 ], [ -2.9441586, 43.2710805 ], [ -2.9441465, 43.2708914 ], [ -2.944159, 43.2701575 ], [ -2.9422524, 43.2701791 ], [ -2.942108, 43.2694586 ], [ -2.9420047, 43.2690534 ], [ -2.9415352, 43.2692062 ], [ -2.9410995, 43.2693546 ], [ -2.9408306, 43.2694309 ], [ -2.9406257, 43.2694984 ], [ -2.9398577, 43.2696691 ], [ -2.9393162, 43.2697408 ], [ -2.9388209, 43.2697901 ], [ -2.9389183, 43.2702269 ], [ -2.9392513, 43.2703306 ], [ -2.9395627, 43.2704253 ], [ -2.9398988, 43.270547 ], [ -2.9402256, 43.2706688 ], [ -2.9405027, 43.2707995 ], [ -2.9407391, 43.2708897 ], [ -2.9414293, 43.2712052 ], [ -2.9420676, 43.2713766 ] ] ] } },
{ "type": "Feature", "properties": { "CCAA": "16 - País Vasco", "PROVINCIA": "48 - Bizkaia", "MUNICIPIO": "48020 - Bilbao", "COD_MUNICIPIO": "48020", "DISTRITO": "01", "SECCION": "4802001020", "V1_H": 81.88, "V1_M": 87.06, "V2_H": 81.54316391, "V2_M": 86.92154098, "V3_H": 82.24926416, "V3_M": 87.34198023 }, "geometry": { "type": "Polygon", "coordinates": [ [ [ -2.9585761, 43.273563 ], [ -2.9585651, 43.2738061 ], [ -2.9590471, 43.2741484 ], [ -2.9593838, 43.2744682 ], [ -2.9596228, 43.2747069 ], [ -2.9598187, 43.2749501 ], [ -2.9600811, 43.2753419 ], [ -2.9604936, 43.2752205 ], [ -2.9602755, 43.2748692 ], [ -2.9617711, 43.2745456 ], [ -2.9609395, 43.272983 ], [ -2.9606186, 43.2736402 ], [ -2.9599707, 43.2734374 ], [ -2.9596966, 43.273856 ], [ -2.959556, 43.2737839 ], [ -2.9593382, 43.2736893 ], [ -2.959114, 43.2736352 ], [ -2.9588903, 43.2735946 ], [ -2.9587347, 43.273572 ], [ -2.9585761, 43.273563 ] ] ] } },
{ "type": "Feature", "properties": { "CCAA": "16 - País Vasco", "PROVINCIA": "48 - Bizkaia", "MUNICIPIO": "48020 - Bilbao", "COD_MUNICIPIO": "48020", "DISTRITO": "01", "SECCION": "4802001022", "V1_H": 81.58, "V1_M": 86.83, "V2_H": 80.91860297, "V2_M": 86.63659936000001, "V3_H": 82.21677219, "V3_M": 87.10560157 }, "geometry": { "type": "Polygon", "coordinates": [ [ [ -2.9553991, 43.2763217 ], [ -2.9555261, 43.2764928 ], [ -2.9557897, 43.2767676 ], [ -2.9562989, 43.2772765 ], [ -2.9563905, 43.2773621 ], [ -2.9571022, 43.2769662 ], [ -2.9579109, 43.2764802 ], [ -2.9576361, 43.276201 ], [ -2.9570491, 43.2757235 ], [ -2.95668, 43.2754217 ], [ -2.9561031, 43.2758987 ], [ -2.9553991, 43.2763217 ] ] ] } },
{ "type": "Feature", "properties": { "CCAA": "16 - País Vasco", "PROVINCIA": "48 - Bizkaia", "MUNICIPIO": "48020 - Bilbao", "COD_MUNICIPIO": "48020", "DISTRITO": "01", "SECCION": "4802001030", "V1_H": 81.72, "V1_M": 86.96, "V2_H": 81.44760383000001, "V2_M": 86.83587728000001, "V3_H": 82.03657934, "V3_M": 87.26058658 }, "geometry": { "type": "Polygon", "coordinates": [ [ [ -2.9512346, 43.2698501 ], [ -2.9517933, 43.2698594 ], [ -2.9523351, 43.2698911 ], [ -2.9527364, 43.2699273 ], [ -2.9530914, 43.269968 ], [ -2.9532631, 43.2700041 ], [ -2.9538996, 43.2685276 ], [ -2.9534357, 43.2683878 ], [ -2.9524835, 43.2682253 ], [ -2.9515571, 43.2681304 ], [ -2.950983, 43.2680671 ], [ -2.9502711, 43.2680308 ], [ -2.9497273, 43.2680621 ], [ -2.9493141, 43.2680844 ], [ -2.9491454, 43.2680843 ], [ -2.9492524, 43.2686066 ], [ -2.9495489, 43.2685842 ], [ -2.9499687, 43.2685664 ], [ -2.9503858, 43.2685711 ], [ -2.950725, 43.2685758 ], [ -2.9510678, 43.2685759 ], [ -2.9513165, 43.268612 ], [ -2.9512346, 43.2698501 ] ] ] } },
{ "type": "Feature", "properties": { "CCAA": "16 - País Vasco", "PROVINCIA": "48 - Bizkaia", "MUNICIPIO": "48020 - Bilbao", "COD_MUNICIPIO": "48020", "DISTRITO": "01", "SECCION": "4802001032", "V1_H": 81.47, "V1_M": 86.95, "V2_H": 81.05678048, "V2_M": 86.75805168, "V3_H": 81.85108408000001, "V3_M": 87.21302779 }, "geometry": { "type": "Polygon", "coordinates": [ [ [ -2.9510708, 43.2709486 ], [ -2.9511706, 43.2709442 ], [ -2.9528569, 43.2709944 ], [ -2.9532631, 43.2700041 ], [ -2.9530914, 43.269968 ], [ -2.9527364, 43.2699273 ], [ -2.9523351, 43.2698911 ], [ -2.9517933, 43.2698594 ], [ -2.9512346, 43.2698501 ], [ -2.9493976, 43.2699484 ], [ -2.9495274, 43.2708939 ], [ -2.9495612, 43.2709749 ], [ -2.9496987, 43.2709705 ], [ -2.950601, 43.2709529 ], [ -2.9510708, 43.2709486 ] ] ] } },
{ "type": "Feature", "properties": { "CCAA": "16 - País Vasco", "PROVINCIA": "48 - Bizkaia", "MUNICIPIO": "48020 - Bilbao", "COD_MUNICIPIO": "48020", "DISTRITO": "02", "SECCION": "4802002010", "V1_H": 80.21, "V1_M": 86.17, "V2_H": 80.05188782, "V2_M": 86.17746221, "V3_H": 80.45086201, "V3_M": 86.3559927 }, "geometry": { "type": "Polygon", "coordinates": [ [ [ -2.911237, 43.2655397 ], [ -2.911285, 43.2656432 ], [ -2.9113774, 43.2657289 ], [ -2.9115001, 43.2657875 ], [ -2.9116225, 43.2658146 ], [ -2.9117241, 43.2658102 ], [ -2.9119545, 43.2657293 ], [ -2.9120633, 43.2656214 ], [ -2.912125, 43.2655224 ], [ -2.9122338, 43.2653739 ], [ -2.9122914, 43.2652523 ], [ -2.9123651, 43.2651399 ], [ -2.9124458, 43.2649778 ], [ -2.9126015, 43.2648699 ], [ -2.9127571, 43.264834 ], [ -2.9129242, 43.2648386 ], [ -2.9131517, 43.2649063 ], [ -2.9134658, 43.2649831 ], [ -2.9135391, 43.2648886 ], [ -2.9136682, 43.2647582 ], [ -2.9137666, 43.2646861 ], [ -2.9136386, 43.2645105 ], [ -2.9136257, 43.2643754 ], [ -2.9136105, 43.2642404 ], [ -2.9136255, 43.2641949 ], [ -2.913751, 43.2642377 ], [ -2.9139926, 43.2639662 ], [ -2.9138624, 43.2638423 ], [ -2.9136383, 43.2639615 ], [ -2.9134793, 43.2638485 ], [ -2.9132761, 43.2637808 ], [ -2.9132097, 43.2639384 ], [ -2.9120219, 43.2646803 ], [ -2.9116746, 43.2648917 ], [ -2.91148, 43.2650086 ], [ -2.9113373, 43.2651255 ], [ -2.9112643, 43.2652786 ], [ -2.911237, 43.2655397 ] ] ] } },
{ "type": "Feature", "properties": { "CCAA": "16 - País Vasco", "PROVINCIA": "48 - Bizkaia", "MUNICIPIO": "48020 - Bilbao", "COD_MUNICIPIO": "48020", "DISTRITO": "01", "SECCION": "4802001003", "V1_H": 80.8, "V1_M": 86.5, "V2_H": 80.66727015, "V2_M": 86.4570773, "V3_H": 81.13875257, "V3_M": 86.68010657000001 }, "geometry": { "type": "Polygon", "coordinates": [ [ [ -2.9616619, 43.2809028 ], [ -2.9620143, 43.2815468 ], [ -2.9629673, 43.283285 ], [ -2.9637709, 43.2830691 ], [ -2.9636181, 43.282871 ], [ -2.9629455, 43.2817047 ], [ -2.9626324, 43.2811553 ], [ -2.9619344, 43.2799259 ], [ -2.9612322, 43.2801238 ], [ -2.9616619, 43.2809028 ] ] ] } },
{ "type": "Feature", "properties": { "CCAA": "16 - País Vasco", "PROVINCIA": "48 - Bizkaia", "MUNICIPIO": "48020 - Bilbao", "COD_MUNICIPIO": "48020", "DISTRITO": "01", "SECCION": "4802001011", "V1_H": 80.99, "V1_M": 86.66, "V2_H": 80.84822772, "V2_M": 86.63128417, "V3_H": 81.25601163, "V3_M": 86.83891366 }, "geometry": { "type": "Polygon", "coordinates": [ [ [ -2.9603556, 43.2771564 ], [ -2.9613535, 43.2789397 ], [ -2.9619344, 43.2799259 ], [ -2.9629268, 43.2796021 ], [ -2.9627668, 43.2793184 ], [ -2.9626937, 43.2791878 ], [ -2.9617781, 43.2775351 ], [ -2.9613764, 43.2768281 ], [ -2.9610178, 43.2769406 ], [ -2.9603556, 43.2771564 ] ] ] } },
{ "type": "Feature", "properties": { "CCAA": "16 - País Vasco", "PROVINCIA": "48 - Bizkaia", "MUNICIPIO": "48020 - Bilbao", "COD_MUNICIPIO": "48020", "DISTRITO": "01", "SECCION": "4802001019", "V1_H": 81.11, "V1_M": 86.51, "V2_H": 80.75023294, "V2_M": 86.37370028, "V3_H": 81.47997818, "V3_M": 86.68611994 }, "geometry": { "type": "Polygon", "coordinates": [ [ [ -2.9604936, 43.2752205 ], [ -2.9612287, 43.2765715 ], [ -2.9613764, 43.2768281 ], [ -2.9621149, 43.2766078 ], [ -2.9616491, 43.2756936 ], [ -2.9616552, 43.2756919 ], [ -2.9615013, 43.275458 ], [ -2.9621731, 43.2752486 ], [ -2.962304, 43.2755069 ], [ -2.962406, 43.2754778 ], [ -2.9625429, 43.2757209 ], [ -2.9636095, 43.2754016 ], [ -2.9619797, 43.2723621 ], [ -2.9617624, 43.2719432 ], [ -2.9616324, 43.2717001 ], [ -2.96148, 43.2714929 ], [ -2.961303, 43.2712588 ], [ -2.9611045, 43.2710291 ], [ -2.9609767, 43.270894 ], [ -2.9603223, 43.2710693 ], [ -2.9598092, 43.2712132 ], [ -2.9596024, 43.2712537 ], [ -2.9588749, 43.2713209 ], [ -2.9580785, 43.2713927 ], [ -2.9579256, 43.2714151 ], [ -2.9574658, 43.2719687 ], [ -2.9573278, 43.2721128 ], [ -2.956983, 43.2722612 ], [ -2.9557802, 43.2729181 ], [ -2.9555199, 43.272981 ], [ -2.9559407, 43.2731207 ], [ -2.9570722, 43.2735264 ], [ -2.9573579, 43.2736841 ], [ -2.9577744, 43.2739544 ], [ -2.9580611, 43.2737384 ], [ -2.9583469, 43.2735989 ], [ -2.9585761, 43.273563 ], [ -2.9587347, 43.273572 ], [ -2.9588903, 43.2735946 ], [ -2.959114, 43.2736352 ], [ -2.9593382, 43.2736893 ], [ -2.959556, 43.2737839 ], [ -2.9596966, 43.273856 ], [ -2.9599707, 43.2734374 ], [ -2.9606186, 43.2736402 ], [ -2.9609395, 43.272983 ], [ -2.9617711, 43.2745456 ], [ -2.9602755, 43.2748692 ], [ -2.9604936, 43.2752205 ] ] ] } },
{ "type": "Feature", "properties": { "CCAA": "16 - País Vasco", "PROVINCIA": "48 - Bizkaia", "MUNICIPIO": "48020 - Bilbao", "COD_MUNICIPIO": "48020", "DISTRITO": "01", "SECCION": "4802001031", "V1_H": 81.0, "V1_M": 86.46, "V2_H": 80.73228769000001, "V2_M": 86.26471443, "V3_H": 81.28044537, "V3_M": 86.73149122 }, "geometry": { "type": "Polygon", "coordinates": [ [ [ -2.9492524, 43.2686066 ], [ -2.9493435, 43.2692415 ], [ -2.9493976, 43.2699484 ], [ -2.9512346, 43.2698501 ], [ -2.9513165, 43.268612 ], [ -2.9510678, 43.2685759 ], [ -2.950725, 43.2685758 ], [ -2.9503858, 43.2685711 ], [ -2.9499687, 43.2685664 ], [ -2.9495489, 43.2685842 ], [ -2.9492524, 43.2686066 ] ] ] } },
{ "type": "Feature", "properties": { "CCAA": "16 - País Vasco", "PROVINCIA": "48 - Bizkaia", "MUNICIPIO": "48020 - Bilbao", "COD_MUNICIPIO": "48020", "DISTRITO": "01", "SECCION": "4802001038", "V1_H": 81.88, "V1_M": 87.06, "V2_H": 81.54316391, "V2_M": 86.92154098, "V3_H": 82.24926416, "V3_M": 87.34198023 }, "geometry": { "type": "Polygon", "coordinates": [ [ [ -2.9664133, 43.2806342 ], [ -2.967939, 43.2834756 ], [ -2.9681187, 43.2830479 ], [ -2.9682626, 43.2826923 ], [ -2.9684095, 43.2822916 ], [ -2.9685283, 43.2819135 ], [ -2.9686722, 43.2814948 ], [ -2.9687721, 43.2812022 ], [ -2.9688628, 43.2808556 ], [ -2.9689381, 43.2805314 ], [ -2.968931, 43.2802252 ], [ -2.9690063, 43.2797615 ], [ -2.9690638, 43.2794329 ], [ -2.9690983, 43.2790457 ], [ -2.9691216, 43.2787035 ], [ -2.9691561, 43.2783659 ], [ -2.9691909, 43.2780642 ], [ -2.9692026, 43.2778031 ], [ -2.9692324, 43.2774564 ], [ -2.9692017, 43.2771907 ], [ -2.9691491, 43.2769206 ], [ -2.9690595, 43.2766099 ], [ -2.9689391, 43.2763217 ], [ -2.9688888, 43.2762002 ], [ -2.9686498, 43.2757634 ], [ -2.9683955, 43.2753356 ], [ -2.9680788, 43.2748447 ], [ -2.9677586, 43.2744214 ], [ -2.9676778, 43.2743133 ], [ -2.9673864, 43.2740611 ], [ -2.9669761, 43.2736333 ], [ -2.9667433, 43.2733406 ], [ -2.9663984, 43.2729803 ], [ -2.9661375, 43.2727056 ], [ -2.9659231, 43.2724489 ], [ -2.9657554, 43.2721066 ], [ -2.9655411, 43.2717374 ], [ -2.9653734, 43.2714177 ], [ -2.9652245, 43.271161 ], [ -2.9651218, 43.2709899 ], [ -2.9649821, 43.2707692 ], [ -2.964777, 43.270472 ], [ -2.9645431, 43.2701252 ], [ -2.964438, 43.2700261 ], [ -2.9641659, 43.2697604 ], [ -2.9638138, 43.2694136 ], [ -2.963427, 43.2690263 ], [ -2.9628755, 43.2685534 ], [ -2.9623086, 43.268085 ], [ -2.961869, 43.2677426 ], [ -2.9612428, 43.2672472 ], [ -2.9607379, 43.2668463 ], [ -2.9602768, 43.2665355 ], [ -2.9599, 43.2662427 ], [ -2.959442, 43.2659093 ], [ -2.9591056, 43.2657427 ], [ -2.9587441, 43.2656074 ], [ -2.9583829, 43.2654632 ], [ -2.9579379, 43.2653775 ], [ -2.9574489, 43.2653188 ], [ -2.9570007, 43.2653051 ], [ -2.9566303, 43.2652825 ], [ -2.9560142, 43.2653003 ], [ -2.9554289, 43.2653405 ], [ -2.9546664, 43.2654258 ], [ -2.953064, 43.2656773 ], [ -2.9508106, 43.26605 ], [ -2.9501192, 43.2662838 ], [ -2.9460471, 43.2676642 ], [ -2.9451291, 43.2679924 ], [ -2.9446943, 43.2681407 ], [ -2.9452245, 43.2689649 ], [ -2.94553, 43.2701222 ], [ -2.9473493, 43.2700555 ], [ -2.9473242, 43.2696098 ], [ -2.9472613, 43.2688849 ], [ -2.9477593, 43.268786 ], [ -2.9481733, 43.2687277 ], [ -2.9486805, 43.2686649 ], [ -2.9490695, 43.26862 ], [ -2.9492524, 43.2686066 ], [ -2.9491454, 43.2680843 ], [ -2.9493141, 43.2680844 ], [ -2.9497273, 43.2680621 ], [ -2.9502711, 43.2680308 ], [ -2.950983, 43.2680671 ], [ -2.9515571, 43.2681304 ], [ -2.9524835, 43.2682253 ], [ -2.9534357, 43.2683878 ], [ -2.9538996, 43.2685276 ], [ -2.9542263, 43.2684106 ], [ -2.9546645, 43.2674293 ], [ -2.9573634, 43.268574 ], [ -2.9580575, 43.2688714 ], [ -2.9585715, 43.2691237 ], [ -2.9590537, 43.269394 ], [ -2.9594929, 43.2696913 ], [ -2.9601253, 43.2701913 ], [ -2.9606703, 43.2706372 ], [ -2.9609767, 43.270894 ], [ -2.9611045, 43.2710291 ], [ -2.961303, 43.2712588 ], [ -2.96148, 43.2714929 ], [ -2.9616324, 43.2717001 ], [ -2.9617624, 43.2719432 ], [ -2.9619797, 43.2723621 ], [ -2.9636095, 43.2754016 ], [ -2.9650484, 43.278063 ], [ -2.9664133, 43.2806342 ] ] ] } },
{ "type": "Feature", "properties": { "CCAA": "16 - País Vasco", "PROVINCIA": "48 - Bizkaia", "MUNICIPIO": "48020 - Bilbao", "COD_MUNICIPIO": "48020", "DISTRITO": "01", "SECCION": "4802001045", "V1_H": 81.58, "V1_M": 86.83, "V2_H": 80.91860297, "V2_M": 86.63659936000001, "V3_H": 82.21677219, "V3_M": 87.10560157 }, "geometry": { "type": "Polygon", "coordinates": [ [ [ -2.9333369, 43.2781613 ], [ -2.9350856, 43.2782929 ], [ -2.9371419, 43.2789964 ], [ -2.9375462, 43.2790821 ], [ -2.9383788, 43.2792672 ], [ -2.9387418, 43.2793529 ], [ -2.9389024, 43.279407 ], [ -2.9390857, 43.2794387 ], [ -2.9392787, 43.2794703 ], [ -2.9394916, 43.2795424 ], [ -2.9396856, 43.2796011 ], [ -2.939835, 43.2796417 ], [ -2.9400037, 43.2796552 ], [ -2.942613, 43.2798232 ], [ -2.9430697, 43.2798685 ], [ -2.9434645, 43.2798867 ], [ -2.9436955, 43.2798958 ], [ -2.9438824, 43.2798734 ], [ -2.9439447, 43.2799094 ], [ -2.9439728, 43.2799229 ], [ -2.9441196, 43.2798645 ], [ -2.9444124, 43.2797971 ], [ -2.9446524, 43.2797162 ], [ -2.9449263, 43.2796443 ], [ -2.9451848, 43.2795634 ], [ -2.945381, 43.2794914 ], [ -2.9455616, 43.2794375 ], [ -2.9457515, 43.279379 ], [ -2.9459199, 43.2793611 ], [ -2.9460193, 43.2793161 ], [ -2.9460806, 43.2792396 ], [ -2.9461878, 43.2791496 ], [ -2.9462263, 43.2790821 ], [ -2.9462907, 43.2790011 ], [ -2.9463593, 43.2789381 ], [ -2.9464561, 43.2788301 ], [ -2.9466153, 43.2787491 ], [ -2.946749, 43.2786231 ], [ -2.9468114, 43.2785646 ], [ -2.9468273, 43.2785106 ], [ -2.9468366, 43.2784566 ], [ -2.9468524, 43.278389 ], [ -2.9468617, 43.2783215 ], [ -2.9469188, 43.2782 ], [ -2.9469493, 43.278155 ], [ -2.9470553, 43.278038 ], [ -2.9471725, 43.2779299 ], [ -2.9472203, 43.2778579 ], [ -2.9472396, 43.2778084 ], [ -2.9472648, 43.2776238 ], [ -2.9472957, 43.2774978 ], [ -2.947324, 43.2773582 ], [ -2.9473098, 43.2773312 ], [ -2.9472651, 43.2773312 ], [ -2.947148, 43.2773491 ], [ -2.947123, 43.2772771 ], [ -2.9471512, 43.2772096 ], [ -2.9472013, 43.2771376 ], [ -2.9472935, 43.2770791 ], [ -2.9474649, 43.2769936 ], [ -2.9476645, 43.2769082 ], [ -2.9477064, 43.2768676 ], [ -2.9476869, 43.2768271 ], [ -2.9474219, 43.2767685 ], [ -2.9473496, 43.2767189 ], [ -2.9473693, 43.2766649 ], [ -2.9474036, 43.2766334 ], [ -2.9474891, 43.2765794 ], [ -2.9477568, 43.276494 ], [ -2.9479048, 43.276458 ], [ -2.9480723, 43.2764311 ], [ -2.9483234, 43.2764357 ], [ -2.9486246, 43.2764494 ], [ -2.9483564, 43.2762466 ], [ -2.9481951, 43.2761295 ], [ -2.9480238, 43.2759944 ], [ -2.9478779, 43.2759402 ], [ -2.9477285, 43.2758682 ], [ -2.9475822, 43.2758456 ], [ -2.9473924, 43.275796 ], [ -2.9472341, 43.2757464 ], [ -2.9471625, 43.2756878 ], [ -2.947116, 43.2756067 ], [ -2.9470384, 43.2753861 ], [ -2.945468, 43.2752953 ], [ -2.9455159, 43.274656 ], [ -2.9454181, 43.2746199 ], [ -2.9453261, 43.2745749 ], [ -2.9452537, 43.2745478 ], [ -2.9451952, 43.2745118 ], [ -2.9451618, 43.2744712 ], [ -2.9451479, 43.2744397 ], [ -2.9451869, 43.2743407 ], [ -2.9452093, 43.2743001 ], [ -2.945345, 43.2741381 ], [ -2.9454356, 43.2740436 ], [ -2.9454656, 43.2739896 ], [ -2.9454685, 43.2739041 ], [ -2.9454519, 43.2738455 ], [ -2.9454281, 43.273778 ], [ -2.9453986, 43.2736699 ], [ -2.9453825, 43.2735844 ], [ -2.9453826, 43.2734448 ], [ -2.9453854, 43.2733277 ], [ -2.9453558, 43.2732377 ], [ -2.9453235, 43.2731611 ], [ -2.9453101, 43.2730936 ], [ -2.9453075, 43.273008 ], [ -2.9453503, 43.2729585 ], [ -2.9454374, 43.2728865 ], [ -2.9456285, 43.2727966 ], [ -2.945823, 43.2726976 ], [ -2.9456089, 43.2726705 ], [ -2.9450333, 43.2725622 ], [ -2.9446603, 43.2724585 ], [ -2.9434845, 43.2720437 ], [ -2.9425205, 43.2717055 ], [ -2.9420602, 43.2714937 ], [ -2.9420676, 43.2713766 ], [ -2.9414293, 43.2712052 ], [ -2.9407391, 43.2708897 ], [ -2.9405027, 43.2707995 ], [ -2.9402256, 43.2706688 ], [ -2.9398988, 43.270547 ], [ -2.9395627, 43.2704253 ], [ -2.9392513, 43.2703306 ], [ -2.9389183, 43.2702269 ], [ -2.9388209, 43.2697901 ], [ -2.9386376, 43.269808 ], [ -2.9380056, 43.2698571 ], [ -2.9375366, 43.2698704 ], [ -2.936221, 43.2699057 ], [ -2.9361791, 43.2703109 ], [ -2.936156, 43.270626 ], [ -2.9361645, 43.2709232 ], [ -2.9359625, 43.2715354 ], [ -2.9358048, 43.2720441 ], [ -2.9357773, 43.2721746 ], [ -2.9356954, 43.2723636 ], [ -2.9355982, 43.2725527 ], [ -2.9355149, 43.2726832 ], [ -2.9354948, 43.2727463 ], [ -2.9354681, 43.2728273 ], [ -2.935394, 43.2729533 ], [ -2.9353555, 43.2730208 ], [ -2.9353231, 43.2730793 ], [ -2.9352498, 43.2731738 ], [ -2.9351634, 43.2732864 ], [ -2.9350875, 43.2733493 ], [ -2.9350058, 43.2733763 ], [ -2.9348983, 43.2734708 ], [ -2.9348242, 43.2735788 ], [ -2.934754, 43.2736733 ], [ -2.9345847, 43.2738893 ], [ -2.9344478, 43.2740333 ], [ -2.9343645, 43.2741458 ], [ -2.9342496, 43.2742943 ], [ -2.9341755, 43.2744248 ], [ -2.9340871, 43.2746364 ], [ -2.9341374, 43.2747715 ], [ -2.9341672, 43.2749876 ], [ -2.9341531, 43.2752262 ], [ -2.9341227, 43.2754829 ], [ -2.9340848, 43.2756674 ], [ -2.9340079, 43.2759285 ], [ -2.9339021, 43.2762391 ], [ -2.9338158, 43.2765092 ], [ -2.9337623, 43.2768378 ], [ -2.9335151, 43.2775131 ], [ -2.9333369, 43.2781613 ] ] ] } },
{ "type": "Feature", "properties": { "CCAA": "16 - País Vasco", "PROVINCIA": "48 - Bizkaia", "MUNICIPIO": "48020 - Bilbao", "COD_MUNICIPIO": "48020", "DISTRITO": "02", "SECCION": "4802002011", "V1_H": 80.16, "V1_M": 86.09, "V2_H": 80.12695049, "V2_M": 86.02539962, "V3_H": 80.31827198000001, "V3_M": 86.38244546 }, "geometry": { "type": "Polygon", "coordinates": [ [ [ -2.9100607, 43.2642376 ], [ -2.9098499, 43.2643545 ], [ -2.9097134, 43.2644759 ], [ -2.9096408, 43.2646019 ], [ -2.9096102, 43.264737 ], [ -2.9096385, 43.2648451 ], [ -2.9097004, 43.2649216 ], [ -2.9098023, 43.2650208 ], [ -2.9099057, 43.2651469 ], [ -2.9099733, 43.2652641 ], [ -2.9100224, 43.2653721 ], [ -2.910033, 43.2655162 ], [ -2.9100147, 43.2656468 ], [ -2.9099856, 43.2657728 ], [ -2.9099154, 43.2658898 ], [ -2.90982, 43.2660203 ], [ -2.9097844, 43.2661599 ], [ -2.909795, 43.2662679 ], [ -2.909885, 43.266376 ], [ -2.9100027, 43.2664482 ], [ -2.9101713, 43.2665068 ], [ -2.9103274, 43.2663539 ], [ -2.9105883, 43.2662866 ], [ -2.9108323, 43.2663273 ], [ -2.9109521, 43.2663139 ], [ -2.9110238, 43.2662644 ], [ -2.911054, 43.2661518 ], [ -2.9110983, 43.2658952 ], [ -2.9111572, 43.2656251 ], [ -2.911237, 43.2655397 ], [ -2.9112643, 43.2652786 ], [ -2.9113373, 43.2651255 ], [ -2.91148, 43.2650086 ], [ -2.9116746, 43.2648917 ], [ -2.9120219, 43.2646803 ], [ -2.9132097, 43.2639384 ], [ -2.9132761, 43.2637808 ], [ -2.9132758, 43.2636998 ], [ -2.9132341, 43.2635872 ], [ -2.9131772, 43.2635196 ], [ -2.9120974, 43.2636044 ], [ -2.9117838, 43.2636761 ], [ -2.9115191, 43.2637975 ], [ -2.9112865, 43.2638559 ], [ -2.9111054, 43.2638962 ], [ -2.9109988, 43.2639051 ], [ -2.9109318, 43.2638826 ], [ -2.9107857, 43.2640265 ], [ -2.9106726, 43.264157 ], [ -2.9105636, 43.2642065 ], [ -2.9104169, 43.2642243 ], [ -2.9102556, 43.2641927 ], [ -2.9100607, 43.2642376 ] ] ] } },
{ "type": "Feature", "properties": { "CCAA": "16 - País Vasco", "PROVINCIA": "48 - Bizkaia", "MUNICIPIO": "48020 - Bilbao", "COD_MUNICIPIO": "48020", "DISTRITO": "01", "SECCION": "4802001007", "V1_H": 81.47, "V1_M": 86.8, "V2_H": 81.3148143, "V2_M": 86.48589846, "V3_H": 81.69126572, "V3_M": 87.1320201 }, "geometry": { "type": "Polygon", "coordinates": [ [ [ -2.9629268, 43.2796021 ], [ -2.9639321, 43.2813988 ], [ -2.9664133, 43.2806342 ], [ -2.9650484, 43.278063 ], [ -2.9639351, 43.2783733 ], [ -2.9638046, 43.2783552 ], [ -2.9631671, 43.2785171 ], [ -2.9634748, 43.279134 ], [ -2.9627668, 43.2793184 ], [ -2.9629268, 43.2796021 ] ] ] } },
{ "type": "Feature", "properties": { "CCAA": "16 - País Vasco", "PROVINCIA": "48 - Bizkaia", "MUNICIPIO": "48020 - Bilbao", "COD_MUNICIPIO": "48020", "DISTRITO": "01", "SECCION": "4802001008", "V1_H": 81.0, "V1_M": 86.46, "V2_H": 80.73228769000001, "V2_M": 86.26471443, "V3_H": 81.28044537, "V3_M": 86.73149122 }, "geometry": { "type": "Polygon", "coordinates": [ [ [ -2.9619344, 43.2799259 ], [ -2.9626324, 43.2811553 ], [ -2.9629455, 43.2817047 ], [ -2.9639321, 43.2813988 ], [ -2.9629268, 43.2796021 ], [ -2.9619344, 43.2799259 ] ] ] } },
{ "type": "Feature", "properties": { "CCAA": "16 - País Vasco", "PROVINCIA": "48 - Bizkaia", "MUNICIPIO": "48020 - Bilbao", "COD_MUNICIPIO": "48020", "DISTRITO": "01", "SECCION": "4802001023", "V1_H": 81.41, "V1_M": 86.82, "V2_H": 80.96532964, "V2_M": 86.87567885, "V3_H": 81.8694609, "V3_M": 86.90400308 }, "geometry": { "type": "Polygon", "coordinates": [ [ [ -2.9532986, 43.2739346 ], [ -2.9535873, 43.2740788 ], [ -2.9537921, 43.2741464 ], [ -2.9540724, 43.2743041 ], [ -2.9543337, 43.2745113 ], [ -2.9544815, 43.2746735 ], [ -2.9547911, 43.2752184 ], [ -2.9550226, 43.2756777 ], [ -2.9553134, 43.2762046 ], [ -2.9553991, 43.2763217 ], [ -2.9561031, 43.2758987 ], [ -2.95668, 43.2754217 ], [ -2.9581201, 43.2741886 ], [ -2.9578891, 43.274031 ], [ -2.9578764, 43.2740219 ], [ -2.9577744, 43.2739544 ], [ -2.9573579, 43.2736841 ], [ -2.9570722, 43.2735264 ], [ -2.9559407, 43.2731207 ], [ -2.9555199, 43.272981 ], [ -2.9553823, 43.273125 ], [ -2.9551599, 43.273341 ], [ -2.9548994, 43.2735796 ], [ -2.9546924, 43.2737731 ], [ -2.9545467, 43.2739261 ], [ -2.9541562, 43.2740025 ], [ -2.9539572, 43.2738719 ], [ -2.9538116, 43.2739213 ], [ -2.9533146, 43.2739342 ], [ -2.9532986, 43.2739346 ] ] ] } },
{ "type": "Feature", "properties": { "CCAA": "16 - País Vasco", "PROVINCIA": "48 - Bizkaia", "MUNICIPIO": "48020 - Bilbao", "COD_MUNICIPIO": "48020", "DISTRITO": "01", "SECCION": "4802001027", "V1_H": 80.72, "V1_M": 86.56, "V2_H": 80.63016227, "V2_M": 86.55369361, "V3_H": 80.94352394000001, "V3_M": 86.74641221 }, "geometry": { "type": "Polygon", "coordinates": [ [ [ -2.9469972, 43.2876684 ], [ -2.9474173, 43.2878126 ], [ -2.9478055, 43.2879119 ], [ -2.9479195, 43.2879299 ], [ -2.9482129, 43.2880336 ], [ -2.9485968, 43.2881959 ], [ -2.9490419, 43.2884707 ], [ -2.9495201, 43.2888086 ], [ -2.9499123, 43.2890969 ], [ -2.9503211, 43.2894303 ], [ -2.9507815, 43.2889757 ], [ -2.951012, 43.2887462 ], [ -2.9513115, 43.2884492 ], [ -2.9519612, 43.2878012 ], [ -2.9532718, 43.286523 ], [ -2.9533096, 43.2864555 ], [ -2.9538363, 43.2863522 ], [ -2.9546079, 43.286249 ], [ -2.9553972, 43.2861502 ], [ -2.9562613, 43.2860335 ], [ -2.9570633, 43.2859168 ], [ -2.9577171, 43.2858495 ], [ -2.9584887, 43.2857507 ], [ -2.9586019, 43.2857372 ], [ -2.9585592, 43.2852285 ], [ -2.9585363, 43.2849628 ], [ -2.9584828, 43.2847152 ], [ -2.9583759, 43.2844585 ], [ -2.9580773, 43.2840757 ], [ -2.9577637, 43.2837109 ], [ -2.9574654, 43.2833821 ], [ -2.9571286, 43.2830398 ], [ -2.9569632, 43.2827606 ], [ -2.9568547, 43.2824994 ], [ -2.9567998, 43.2822337 ], [ -2.9567159, 43.2817565 ], [ -2.9565927, 43.2811036 ], [ -2.9565218, 43.2805858 ], [ -2.9563054, 43.2799284 ], [ -2.9562002, 43.2795591 ], [ -2.9560483, 43.2792124 ], [ -2.955921, 43.2789287 ], [ -2.9558279, 43.2787756 ], [ -2.9556994, 43.2786135 ], [ -2.9555009, 43.2783387 ], [ -2.955207, 43.2778074 ], [ -2.9548878, 43.2771904 ], [ -2.9546594, 43.2767401 ], [ -2.9544195, 43.2761817 ], [ -2.9543457, 43.2760016 ], [ -2.9542803, 43.2758395 ], [ -2.954147, 43.2754748 ], [ -2.9540105, 43.275128 ], [ -2.9538122, 43.2746057 ], [ -2.9536107, 43.2742409 ], [ -2.9533135, 43.2739492 ], [ -2.9532522, 43.2748069 ], [ -2.9527807, 43.2749801 ], [ -2.9527755, 43.2749744 ], [ -2.9524142, 43.2751273 ], [ -2.9523175, 43.2751723 ], [ -2.9521799, 43.2752308 ], [ -2.9520586, 43.2752532 ], [ -2.9519643, 43.2752307 ], [ -2.9516975, 43.2750685 ], [ -2.9514689, 43.2749513 ], [ -2.9510916, 43.2747621 ], [ -2.9508517, 43.2746629 ], [ -2.9502807, 43.2745141 ], [ -2.9500138, 43.2744915 ], [ -2.9499924, 43.2744059 ], [ -2.9498603, 43.2743293 ], [ -2.9494803, 43.2741986 ], [ -2.949443, 43.274185 ], [ -2.949319, 43.2741625 ], [ -2.9492328, 43.2741084 ], [ -2.9489679, 43.2739822 ], [ -2.9487219, 43.2738876 ], [ -2.9488567, 43.2738652 ], [ -2.9487731, 43.2738471 ], [ -2.9487077, 43.2738066 ], [ -2.948826, 43.2737706 ], [ -2.948662, 43.2737435 ], [ -2.9486697, 43.2737075 ], [ -2.9485244, 43.2737614 ], [ -2.9484247, 43.2737659 ], [ -2.9482557, 43.2737433 ], [ -2.9480315, 43.2737387 ], [ -2.9477889, 43.2737521 ], [ -2.9475367, 43.2737385 ], [ -2.9472906, 43.2736978 ], [ -2.9471324, 43.2736662 ], [ -2.9467465, 43.2736121 ], [ -2.9465005, 43.2735804 ], [ -2.9463137, 43.2735713 ], [ -2.9461769, 43.2735802 ], [ -2.9460803, 43.2736117 ], [ -2.9459866, 43.2736657 ], [ -2.9459246, 43.2737602 ], [ -2.9458902, 43.2738683 ], [ -2.9458373, 43.2740574 ], [ -2.9472652, 43.2741075 ], [ -2.9473087, 43.2741075 ], [ -2.9487186, 43.2741532 ], [ -2.9486572, 43.2752743 ], [ -2.9478945, 43.2754225 ], [ -2.9472275, 43.2753952 ], [ -2.9470384, 43.2753861 ], [ -2.947116, 43.2756067 ], [ -2.9471625, 43.2756878 ], [ -2.9472341, 43.2757464 ], [ -2.9473924, 43.275796 ], [ -2.9475822, 43.2758456 ], [ -2.9477285, 43.2758682 ], [ -2.9478779, 43.2759402 ], [ -2.9480238, 43.2759944 ], [ -2.9481951, 43.2761295 ], [ -2.9483564, 43.2762466 ], [ -2.9486246, 43.2764494 ], [ -2.9483234, 43.2764357 ], [ -2.9480723, 43.2764311 ], [ -2.9479048, 43.276458 ], [ -2.9477568, 43.276494 ], [ -2.9474891, 43.2765794 ], [ -2.9474036, 43.2766334 ], [ -2.9473693, 43.2766649 ], [ -2.9473496, 43.2767189 ], [ -2.9474219, 43.2767685 ], [ -2.9476869, 43.2768271 ], [ -2.9477064, 43.2768676 ], [ -2.9476645, 43.2769082 ], [ -2.9474649, 43.2769936 ], [ -2.9472935, 43.2770791 ], [ -2.9472013, 43.2771376 ], [ -2.9471512, 43.2772096 ], [ -2.947123, 43.2772771 ], [ -2.947148, 43.2773491 ], [ -2.9472651, 43.2773312 ], [ -2.9473098, 43.2773312 ], [ -2.947324, 43.2773582 ], [ -2.9472957, 43.2774978 ], [ -2.9472648, 43.2776238 ], [ -2.9472396, 43.2778084 ], [ -2.9472203, 43.2778579 ], [ -2.9471725, 43.2779299 ], [ -2.9470553, 43.278038 ], [ -2.9469493, 43.278155 ], [ -2.9469188, 43.2782 ], [ -2.9468617, 43.2783215 ], [ -2.9468524, 43.278389 ], [ -2.9468366, 43.2784566 ], [ -2.9468273, 43.2785106 ], [ -2.9468114, 43.2785646 ], [ -2.946749, 43.2786231 ], [ -2.9466153, 43.2787491 ], [ -2.9464561, 43.2788301 ], [ -2.9463593, 43.2789381 ], [ -2.9462907, 43.2790011 ], [ -2.9462263, 43.2790821 ], [ -2.9461878, 43.2791496 ], [ -2.9460806, 43.2792396 ], [ -2.9460193, 43.2793161 ], [ -2.9459199, 43.2793611 ], [ -2.9457515, 43.279379 ], [ -2.9455616, 43.2794375 ], [ -2.945381, 43.2794914 ], [ -2.9451848, 43.2795634 ], [ -2.9449263, 43.2796443 ], [ -2.9446524, 43.2797162 ], [ -2.9444124, 43.2797971 ], [ -2.9441196, 43.2798645 ], [ -2.9439728, 43.2799229 ], [ -2.9440436, 43.279959 ], [ -2.9441195, 43.2799951 ], [ -2.9442192, 43.2800401 ], [ -2.9442777, 43.2800671 ], [ -2.9443447, 43.2800987 ], [ -2.9444417, 43.2801258 ], [ -2.9445238, 43.2801528 ], [ -2.9446046, 43.2801844 ], [ -2.9446939, 43.280207 ], [ -2.9447752, 43.2802385 ], [ -2.9448249, 43.2802475 ], [ -2.9448792, 43.280234 ], [ -2.9449536, 43.2802161 ], [ -2.945199, 43.2801171 ], [ -2.9452155, 43.2801667 ], [ -2.9452459, 43.2802207 ], [ -2.9452705, 43.2802567 ], [ -2.9453067, 43.2803018 ], [ -2.9453424, 43.2803288 ], [ -2.9453986, 43.2803694 ], [ -2.9454522, 43.2803919 ], [ -2.9455257, 43.2804325 ], [ -2.94558, 43.280473 ], [ -2.9456292, 43.2805225 ], [ -2.9457008, 43.2805946 ], [ -2.945802, 43.2807072 ], [ -2.9458427, 43.2807523 ], [ -2.9459185, 43.2808423 ], [ -2.945969, 43.2808919 ], [ -2.9460244, 43.280946 ], [ -2.9460755, 43.2810045 ], [ -2.9461298, 43.2810631 ], [ -2.9461822, 43.2811171 ], [ -2.9462569, 43.2811757 ], [ -2.946405, 43.2812658 ], [ -2.9465132, 43.2813289 ], [ -2.9467068, 43.2814505 ], [ -2.9473091, 43.2819551 ], [ -2.947953, 43.2825227 ], [ -2.9490215, 43.2834911 ], [ -2.9490314, 43.2835587 ], [ -2.949026, 43.2836397 ], [ -2.9490293, 43.2837523 ], [ -2.9489942, 43.2838829 ], [ -2.9489679, 43.2840224 ], [ -2.9489304, 43.284144 ], [ -2.9488833, 43.2842835 ], [ -2.9487795, 43.284486 ], [ -2.9484425, 43.2853233 ], [ -2.9483692, 43.2854764 ], [ -2.9482851, 43.2856339 ], [ -2.9482322, 43.285742 ], [ -2.9481801, 43.2858274 ], [ -2.9481181, 43.285922 ], [ -2.9480494, 43.2860165 ], [ -2.9479839, 43.286111 ], [ -2.9479171, 43.2862145 ], [ -2.9478115, 43.2863406 ], [ -2.9476896, 43.2864936 ], [ -2.9475157, 43.2867457 ], [ -2.9474227, 43.2868762 ], [ -2.947344, 43.2870382 ], [ -2.9472688, 43.2871687 ], [ -2.9472132, 43.2872903 ], [ -2.9471468, 43.2874163 ], [ -2.9470893, 43.2875063 ], [ -2.9470704, 43.2875648 ], [ -2.9470292, 43.2876233 ], [ -2.9469972, 43.2876684 ] ] ] } },
{ "type": "Feature", "properties": { "CCAA": "16 - País Vasco", "PROVINCIA": "48 - Bizkaia", "MUNICIPIO": "48020 - Bilbao", "COD_MUNICIPIO": "48020", "DISTRITO": "01", "SECCION": "4802001028", "V1_H": 80.01, "V1_M": 85.96, "V2_H": 79.87654463, "V2_M": 85.8497366, "V3_H": 80.24882261, "V3_M": 86.17409879 }, "geometry": { "type": "Polygon", "coordinates": [ [ [ -2.9472275, 43.2753952 ], [ -2.9478945, 43.2754225 ], [ -2.9486572, 43.2752743 ], [ -2.9487186, 43.2741532 ], [ -2.9473087, 43.2741075 ], [ -2.9472652, 43.2741075 ], [ -2.9472275, 43.2753952 ] ] ] } },
{ "type": "Feature", "properties": { "CCAA": "16 - País Vasco", "PROVINCIA": "48 - Bizkaia", "MUNICIPIO": "48020 - Bilbao", "COD_MUNICIPIO": "48020", "DISTRITO": "01", "SECCION": "4802001041", "V1_H": 81.47, "V1_M": 86.95, "V2_H": 81.05678048, "V2_M": 86.75805168, "V3_H": 81.85108408000001, "V3_M": 87.21302779 }, "geometry": { "type": "Polygon", "coordinates": [ [ [ -2.945823, 43.2726976 ], [ -2.9461099, 43.2727293 ], [ -2.9464149, 43.2727654 ], [ -2.9474358, 43.2727659 ], [ -2.9485811, 43.272753 ], [ -2.9495358, 43.2727669 ], [ -2.9498805, 43.2727941 ], [ -2.9504223, 43.2728438 ], [ -2.9517774, 43.272984 ], [ -2.9512575, 43.2728442 ], [ -2.9500343, 43.272641 ], [ -2.9490131, 43.2724695 ], [ -2.9483389, 43.2723341 ], [ -2.9480513, 43.2722574 ], [ -2.9477765, 43.2720907 ], [ -2.9475956, 43.2718971 ], [ -2.9473888, 43.271897 ], [ -2.947075, 43.2718878 ], [ -2.9464777, 43.271865 ], [ -2.9457961, 43.2718422 ], [ -2.9450155, 43.2717968 ], [ -2.9443317, 43.2717154 ], [ -2.9435616, 43.271607 ], [ -2.9420676, 43.2713766 ], [ -2.9420602, 43.2714937 ], [ -2.9425205, 43.2717055 ], [ -2.9434845, 43.2720437 ], [ -2.9446603, 43.2724585 ], [ -2.9450333, 43.2725622 ], [ -2.9456089, 43.2726705 ], [ -2.945823, 43.2726976 ] ] ] } },
{ "type": "Feature", "properties": { "CCAA": "16 - País Vasco", "PROVINCIA": "48 - Bizkaia", "MUNICIPIO": "48020 - Bilbao", "COD_MUNICIPIO": "48020", "DISTRITO": "01", "SECCION": "4802001042", "V1_H": 82.19, "V1_M": 87.25, "V2_H": 81.84285612, "V2_M": 87.14223952, "V3_H": 82.56554756, "V3_M": 87.46692958 }, "geometry": { "type": "Polygon", "coordinates": [ [ [ -2.9420047, 43.2690534 ], [ -2.942108, 43.2694586 ], [ -2.9422524, 43.2701791 ], [ -2.944159, 43.2701575 ], [ -2.94553, 43.2701222 ], [ -2.9452245, 43.2689649 ], [ -2.9446943, 43.2681407 ], [ -2.9445875, 43.2681767 ], [ -2.944009, 43.2683745 ], [ -2.94343, 43.2685678 ], [ -2.9427548, 43.2688016 ], [ -2.9420047, 43.2690534 ] ] ] } },
{ "type": "Feature", "properties": { "CCAA": "16 - País Vasco", "PROVINCIA": "48 - Bizkaia", "MUNICIPIO": "48020 - Bilbao", "COD_MUNICIPIO": "48020", "DISTRITO": "02", "SECCION": "4802002014", "V1_H": 80.31, "V1_M": 85.98, "V2_H": 80.51251293, "V2_M": 86.22129475, "V3_H": 80.221823, "V3_M": 85.87405604 }, "geometry": { "type": "Polygon", "coordinates": [ [ [ -2.9097428, 43.26177 ], [ -2.9086097, 43.2622959 ], [ -2.9083935, 43.2624218 ], [ -2.9082311, 43.2626108 ], [ -2.9081647, 43.2627278 ], [ -2.9080968, 43.2627908 ], [ -2.9079785, 43.2628492 ], [ -2.9078464, 43.2628716 ], [ -2.907536, 43.2629029 ], [ -2.9074177, 43.2629478 ], [ -2.9073137, 43.2629972 ], [ -2.9072454, 43.2630557 ], [ -2.9071694, 43.2631772 ], [ -2.9071869, 43.2635374 ], [ -2.9070885, 43.2637219 ], [ -2.906972, 43.2638524 ], [ -2.9068056, 43.2641134 ], [ -2.9061603, 43.2645991 ], [ -2.9060061, 43.264716 ], [ -2.90582, 43.2647924 ], [ -2.9057818, 43.2648644 ], [ -2.9058198, 43.2649095 ], [ -2.9058679, 43.2649455 ], [ -2.9059699, 43.2649321 ], [ -2.9060879, 43.2648647 ], [ -2.9063866, 43.2646623 ], [ -2.906661, 43.2645185 ], [ -2.9069872, 43.2644737 ], [ -2.907594, 43.2642626 ], [ -2.9076598, 43.2642447 ], [ -2.9077942, 43.2642718 ], [ -2.9079042, 43.2643304 ], [ -2.9081375, 43.2648799 ], [ -2.9082075, 43.264988 ], [ -2.9091265, 43.264516 ], [ -2.9095699, 43.2643362 ], [ -2.9097487, 43.2642643 ], [ -2.9098866, 43.2642284 ], [ -2.9100607, 43.2642376 ], [ -2.9102556, 43.2641927 ], [ -2.9104169, 43.2642243 ], [ -2.9105636, 43.2642065 ], [ -2.9106726, 43.264157 ], [ -2.9107857, 43.2640265 ], [ -2.9109318, 43.2638826 ], [ -2.9110515, 43.2636395 ], [ -2.9111023, 43.2634415 ], [ -2.911118, 43.2632344 ], [ -2.9111074, 43.2630993 ], [ -2.9110917, 43.2630228 ], [ -2.911555, 43.2629421 ], [ -2.9100585, 43.262027 ], [ -2.9097428, 43.26177 ] ] ] } },
{ "type": "Feature", "properties": { "CCAA": "16 - País Vasco", "PROVINCIA": "48 - Bizkaia", "MUNICIPIO": "48020 - Bilbao", "COD_MUNICIPIO": "48020", "DISTRITO": "02", "SECCION": "4802002015", "V1_H": 81.9, "V1_M": 87.09, "V2_H": 81.63118556000001, "V2_M": 87.01244814, "V3_H": 82.24024873, "V3_M": 87.26921271000001 }, "geometry": { "type": "Polygon", "coordinates": [ [ [ -2.9123334, 43.2591202 ], [ -2.9125712, 43.2592104 ], [ -2.9126661, 43.2593276 ], [ -2.9127079, 43.2594762 ], [ -2.9127256, 43.2597148 ], [ -2.912746, 43.259985 ], [ -2.9127784, 43.2602101 ], [ -2.9127662, 43.2604307 ], [ -2.9127211, 43.2607143 ], [ -2.9126667, 43.2610565 ], [ -2.9126884, 43.2611736 ], [ -2.9127434, 43.2612952 ], [ -2.9128457, 43.2613763 ], [ -2.9129423, 43.2614304 ], [ -2.9131235, 43.26148 ], [ -2.9137173, 43.2614445 ], [ -2.9139206, 43.2614311 ], [ -2.9144085, 43.2614 ], [ -2.9152387, 43.2613286 ], [ -2.9136295, 43.2597696 ], [ -2.9133552, 43.2593956 ], [ -2.9132753, 43.2592605 ], [ -2.9132251, 43.2591209 ], [ -2.9129638, 43.2587425 ], [ -2.9128878, 43.2588415 ], [ -2.912701, 43.2588774 ], [ -2.9123676, 43.258607 ], [ -2.9121833, 43.2584943 ], [ -2.912059, 43.2584582 ], [ -2.9119154, 43.2584715 ], [ -2.9120142, 43.2585572 ], [ -2.9122041, 43.2588005 ], [ -2.9123334, 43.2591202 ] ] ] } },
{ "type": "Feature", "properties": { "CCAA": "16 - País Vasco", "PROVINCIA": "48 - Bizkaia", "MUNICIPIO": "48020 - Bilbao", "COD_MUNICIPIO": "48020", "DISTRITO": "01", "SECCION": "4802001013", "V1_H": 80.38, "V1_M": 86.41, "V2_H": 80.21151379, "V2_M": 86.36716419, "V3_H": 80.6951312, "V3_M": 86.59024448 }, "geometry": { "type": "Polygon", "coordinates": [ [ [ -2.9577157, 43.2779434 ], [ -2.9588247, 43.2799248 ], [ -2.9596226, 43.2796865 ], [ -2.9608006, 43.2793402 ], [ -2.9606179, 43.279016 ], [ -2.9600746, 43.2780433 ], [ -2.9596888, 43.2773363 ], [ -2.9587778, 43.2776106 ], [ -2.9585136, 43.2776871 ], [ -2.9577157, 43.2779434 ] ] ] } },
{ "type": "Feature", "properties": { "CCAA": "16 - País Vasco", "PROVINCIA": "48 - Bizkaia", "MUNICIPIO": "48020 - Bilbao", "COD_MUNICIPIO": "48020", "DISTRITO": "01", "SECCION": "4802001021", "V1_H": 80.31, "V1_M": 86.3, "V2_H": 80.10187432, "V2_M": 86.1135989, "V3_H": 80.75259804, "V3_M": 86.72412179 }, "geometry": { "type": "Polygon", "coordinates": [ [ [ -2.95668, 43.2754217 ], [ -2.9570491, 43.2757235 ], [ -2.9576361, 43.276201 ], [ -2.9579109, 43.2764802 ], [ -2.9595472, 43.2754948 ], [ -2.9593995, 43.2752922 ], [ -2.9591947, 43.275067 ], [ -2.9588202, 43.2746931 ], [ -2.9582898, 43.2743057 ], [ -2.9581201, 43.2741886 ], [ -2.95668, 43.2754217 ] ] ] } },
{ "type": "Feature", "properties": { "CCAA": "16 - País Vasco", "PROVINCIA": "48 - Bizkaia", "MUNICIPIO": "48020 - Bilbao", "COD_MUNICIPIO": "48020", "DISTRITO": "01", "SECCION": "4802001029", "V1_H": 80.06, "V1_M": 86.12, "V2_H": 80.10460866, "V2_M": 86.20761786, "V3_H": 80.17898723, "V3_M": 86.18020212 }, "geometry": { "type": "Polygon", "coordinates": [ [ [ -2.9470384, 43.2753861 ], [ -2.9472275, 43.2753952 ], [ -2.9472652, 43.2741075 ], [ -2.9458373, 43.2740574 ], [ -2.9454356, 43.2740436 ], [ -2.945345, 43.2741381 ], [ -2.9452093, 43.2743001 ], [ -2.9451869, 43.2743407 ], [ -2.9451479, 43.2744397 ], [ -2.9451618, 43.2744712 ], [ -2.9451952, 43.2745118 ], [ -2.9452537, 43.2745478 ], [ -2.9453261, 43.2745749 ], [ -2.9454181, 43.2746199 ], [ -2.9455159, 43.274656 ], [ -2.945468, 43.2752953 ], [ -2.9470384, 43.2753861 ] ] ] } },
{ "type": "Feature", "properties": { "CCAA": "16 - País Vasco", "PROVINCIA": "48 - Bizkaia", "MUNICIPIO": "48020 - Bilbao", "COD_MUNICIPIO": "48020", "DISTRITO": "01", "SECCION": "4802001040", "V1_H": 81.73, "V1_M": 86.8, "V2_H": 81.31626673, "V2_M": 86.83145999, "V3_H": 82.17064416, "V3_M": 87.00536352 }, "geometry": { "type": "Polygon", "coordinates": [ [ [ -2.9457961, 43.2718422 ], [ -2.9464777, 43.271865 ], [ -2.947075, 43.2718878 ], [ -2.9473888, 43.271897 ], [ -2.94742, 43.2710731 ], [ -2.9467079, 43.2710727 ], [ -2.9459655, 43.2710814 ], [ -2.9458175, 43.2711443 ], [ -2.9457961, 43.2718422 ] ] ] } },
{ "type": "Feature", "properties": { "CCAA": "16 - País Vasco", "PROVINCIA": "48 - Bizkaia", "MUNICIPIO": "48020 - Bilbao", "COD_MUNICIPIO": "48020", "DISTRITO": "02", "SECCION": "4802002001", "V1_H": 80.66, "V1_M": 86.4, "V2_H": 80.5853616, "V2_M": 86.40568132, "V3_H": 80.91378542, "V3_M": 86.56441087 }, "geometry": { "type": "Polygon", "coordinates": [ [ [ -2.9096987, 43.2854162 ], [ -2.9096759, 43.2854477 ], [ -2.909905, 43.2855109 ], [ -2.9101149, 43.2855741 ], [ -2.9102831, 43.2856373 ], [ -2.9104559, 43.2857049 ], [ -2.9106137, 43.2857726 ], [ -2.9107804, 43.2858447 ], [ -2.9109587, 43.2858899 ], [ -2.9114112, 43.2859713 ], [ -2.9115522, 43.2859804 ], [ -2.911774, 43.2859941 ], [ -2.9120385, 43.2858007 ], [ -2.9122004, 43.2856973 ], [ -2.9125504, 43.2855265 ], [ -2.9130026, 43.2858149 ], [ -2.9132028, 43.2859322 ], [ -2.9135847, 43.286063 ], [ -2.9138853, 43.2861848 ], [ -2.9141791, 43.2862976 ], [ -2.9145687, 43.2864465 ], [ -2.9151732, 43.2866135 ], [ -2.9151664, 43.2865189 ], [ -2.9151615, 43.2864694 ], [ -2.9151773, 43.2864289 ], [ -2.9151813, 43.2863839 ], [ -2.9151566, 43.2863569 ], [ -2.9151505, 43.2863208 ], [ -2.9151625, 43.2862938 ], [ -2.915183, 43.2862488 ], [ -2.9152065, 43.2862218 ], [ -2.9152297, 43.2861768 ], [ -2.9152575, 43.2861498 ], [ -2.9152945, 43.2861138 ], [ -2.9152922, 43.2860913 ], [ -2.9153165, 43.2860598 ], [ -2.9153481, 43.2860328 ], [ -2.9153521, 43.2859968 ], [ -2.9153494, 43.2859653 ], [ -2.915366, 43.2859383 ], [ -2.9153853, 43.2858978 ], [ -2.9153992, 43.2858663 ], [ -2.9154058, 43.2858303 ], [ -2.9154132, 43.2858033 ], [ -2.9154228, 43.2857808 ], [ -2.9154341, 43.2857628 ], [ -2.9154283, 43.2857447 ], [ -2.9154299, 43.2857177 ], [ -2.9154411, 43.2856862 ], [ -2.9154507, 43.2856727 ], [ -2.9154523, 43.2856502 ], [ -2.9154408, 43.2856277 ], [ -2.9154096, 43.2855782 ], [ -2.915395, 43.2855511 ], [ -2.9153808, 43.2855286 ], [ -2.9153782, 43.2855061 ], [ -2.9153701, 43.2854791 ], [ -2.9153624, 43.2854521 ], [ -2.9153652, 43.2854205 ], [ -2.9153664, 43.2853935 ], [ -2.915368, 43.285353 ], [ -2.9153669, 43.285326 ], [ -2.9153735, 43.285272 ], [ -2.9153704, 43.2852404 ], [ -2.9153578, 43.2852089 ], [ -2.9152414, 43.2852313 ], [ -2.9151377, 43.2852583 ], [ -2.9150619, 43.2852627 ], [ -2.9149567, 43.2852672 ], [ -2.9148743, 43.2852761 ], [ -2.9147695, 43.285267 ], [ -2.9146967, 43.285267 ], [ -2.9144899, 43.2852488 ], [ -2.9143716, 43.2852487 ], [ -2.9142657, 43.2852441 ], [ -2.9141213, 43.2852215 ], [ -2.9140096, 43.2852169 ], [ -2.9139184, 43.2852033 ], [ -2.9137693, 43.2851942 ], [ -2.9136464, 43.2851851 ], [ -2.9135547, 43.2851851 ], [ -2.9134712, 43.2851625 ], [ -2.9133926, 43.2851444 ], [ -2.9132829, 43.2851308 ], [ -2.9132259, 43.2851127 ], [ -2.9131478, 43.2850857 ], [ -2.9130592, 43.2850586 ], [ -2.9130015, 43.285027 ], [ -2.9129299, 43.284991 ], [ -2.9128794, 43.2849504 ], [ -2.9128302, 43.2849188 ], [ -2.9127606, 43.2848557 ], [ -2.9127999, 43.2848063 ], [ -2.9128882, 43.2847613 ], [ -2.9130096, 43.2847074 ], [ -2.9130929, 43.2846759 ], [ -2.9134482, 43.2845276 ], [ -2.9136756, 43.2844468 ], [ -2.9138768, 43.2843794 ], [ -2.9141053, 43.284303 ], [ -2.9143465, 43.2842402 ], [ -2.9145604, 43.2841638 ], [ -2.9146525, 43.2841053 ], [ -2.914752, 43.2840469 ], [ -2.9148811, 43.2839569 ], [ -2.9150269, 43.2838625 ], [ -2.9151117, 43.2838085 ], [ -2.9152115, 43.2837726 ], [ -2.9153337, 43.2836916 ], [ -2.9154262, 43.2836602 ], [ -2.9155187, 43.2836152 ], [ -2.9155965, 43.2835838 ], [ -2.9157168, 43.2835343 ], [ -2.915807, 43.2835074 ], [ -2.9159114, 43.2834399 ], [ -2.9159562, 43.2833904 ], [ -2.9160167, 43.2833365 ], [ -2.9163917, 43.282945 ], [ -2.9164588, 43.282873 ], [ -2.916544, 43.282783 ], [ -2.9165896, 43.2827021 ], [ -2.9165612, 43.282621 ], [ -2.9165301, 43.2825759 ], [ -2.915055, 43.2808234 ], [ -2.9149661, 43.2805262 ], [ -2.9150087, 43.2803237 ], [ -2.9152981, 43.2799907 ], [ -2.9153021, 43.2798286 ], [ -2.9151669, 43.2796214 ], [ -2.9151377, 43.2795403 ], [ -2.9151787, 43.2794503 ], [ -2.9158241, 43.2786809 ], [ -2.9167029, 43.2767816 ], [ -2.9169793, 43.2760344 ], [ -2.9170747, 43.2758319 ], [ -2.9173518, 43.2751207 ], [ -2.9174646, 43.2748371 ], [ -2.9179255, 43.273811 ], [ -2.9185726, 43.2740275 ], [ -2.919237, 43.2742351 ], [ -2.9200134, 43.2745148 ], [ -2.9222824, 43.2752187 ], [ -2.9225807, 43.275327 ], [ -2.9233097, 43.2756697 ], [ -2.9235321, 43.2758229 ], [ -2.9237601, 43.2759176 ], [ -2.9239544, 43.2760078 ], [ -2.9243267, 43.2761161 ], [ -2.9247013, 43.2762559 ], [ -2.9245317, 43.2760487 ], [ -2.9243222, 43.2757334 ], [ -2.924158, 43.2754856 ], [ -2.9239908, 43.2752289 ], [ -2.9239105, 43.2751388 ], [ -2.9236742, 43.274936 ], [ -2.9233337, 43.2746882 ], [ -2.92259, 43.2741024 ], [ -2.9222433, 43.273868 ], [ -2.9221148, 43.2738004 ], [ -2.9219354, 43.2737327 ], [ -2.9217113, 43.2736831 ], [ -2.9211102, 43.2736556 ], [ -2.9206889, 43.2736418 ], [ -2.9205183, 43.2736462 ], [ -2.9220665, 43.2718284 ], [ -2.9219348, 43.2718193 ], [ -2.9218363, 43.2717877 ], [ -2.9217559, 43.2717606 ], [ -2.9216758, 43.2717335 ], [ -2.9215946, 43.271684 ], [ -2.921493, 43.2716254 ], [ -2.9213672, 43.2715262 ], [ -2.9212268, 43.2714181 ], [ -2.9210625, 43.2712874 ], [ -2.9208775, 43.2711342 ], [ -2.9207432, 43.2710125 ], [ -2.9206505, 43.2709404 ], [ -2.9204682, 43.2707827 ], [ -2.920307, 43.2706565 ], [ -2.9200743, 43.2703997 ], [ -2.9196741, 43.2699087 ], [ -2.919468, 43.2696564 ], [ -2.9192264, 43.2695122 ], [ -2.9186167, 43.2693361 ], [ -2.9177076, 43.2692455 ], [ -2.9171158, 43.269128 ], [ -2.9168857, 43.2690422 ], [ -2.9163894, 43.2687132 ], [ -2.9159002, 43.2682266 ], [ -2.9155718, 43.2679022 ], [ -2.9151092, 43.2674471 ], [ -2.9145628, 43.2669109 ], [ -2.9144702, 43.2668073 ], [ -2.914279, 43.2666316 ], [ -2.913959, 43.2663477 ], [ -2.9136683, 43.2660593 ], [ -2.9135257, 43.2659241 ], [ -2.9134934, 43.2658881 ], [ -2.9133896, 43.2657169 ], [ -2.9133307, 43.2654197 ], [ -2.913346, 43.2652757 ], [ -2.9133913, 43.2651001 ], [ -2.9134658, 43.2649831 ], [ -2.9131517, 43.2649063 ], [ -2.9129242, 43.2648386 ], [ -2.9127571, 43.264834 ], [ -2.9126015, 43.2648699 ], [ -2.9124458, 43.2649778 ], [ -2.9123651, 43.2651399 ], [ -2.9122914, 43.2652523 ], [ -2.9122338, 43.2653739 ], [ -2.912125, 43.2655224 ], [ -2.9120633, 43.2656214 ], [ -2.9119545, 43.2657293 ], [ -2.9117241, 43.2658102 ], [ -2.9116225, 43.2658146 ], [ -2.9115001, 43.2657875 ], [ -2.9113774, 43.2657289 ], [ -2.911285, 43.2656432 ], [ -2.911237, 43.2655397 ], [ -2.9111572, 43.2656251 ], [ -2.9110983, 43.2658952 ], [ -2.911054, 43.2661518 ], [ -2.9110238, 43.2662644 ], [ -2.9109521, 43.2663139 ], [ -2.9108323, 43.2663273 ], [ -2.9105883, 43.2662866 ], [ -2.9103274, 43.2663539 ], [ -2.9101713, 43.2665068 ], [ -2.9100027, 43.2664482 ], [ -2.909885, 43.266376 ], [ -2.909795, 43.2662679 ], [ -2.9097844, 43.2661599 ], [ -2.90982, 43.2660203 ], [ -2.9099154, 43.2658898 ], [ -2.9099856, 43.2657728 ], [ -2.9100147, 43.2656468 ], [ -2.910033, 43.2655162 ], [ -2.9100224, 43.2653721 ], [ -2.9099733, 43.2652641 ], [ -2.9099057, 43.2651469 ], [ -2.9098023, 43.2650208 ], [ -2.9097004, 43.2649216 ], [ -2.9096385, 43.2648451 ], [ -2.9096102, 43.264737 ], [ -2.9096408, 43.2646019 ], [ -2.9097134, 43.2644759 ], [ -2.9098499, 43.2643545 ], [ -2.9100607, 43.2642376 ], [ -2.9098866, 43.2642284 ], [ -2.9097487, 43.2642643 ], [ -2.9095699, 43.2643362 ], [ -2.9091265, 43.264516 ], [ -2.9082075, 43.264988 ], [ -2.9083467, 43.2653033 ], [ -2.9083787, 43.2655464 ], [ -2.9083385, 43.2656769 ], [ -2.9082983, 43.2657354 ], [ -2.9081719, 43.2658119 ], [ -2.9080459, 43.2658433 ], [ -2.907881, 43.2659692 ], [ -2.9076411, 43.2661581 ], [ -2.9074179, 43.266329 ], [ -2.9073597, 43.266383 ], [ -2.9073287, 43.2664505 ], [ -2.9072593, 43.2665945 ], [ -2.9072463, 43.2667206 ], [ -2.9072588, 43.2668917 ], [ -2.9073163, 43.2670493 ], [ -2.9073866, 43.2671845 ], [ -2.9074606, 43.2673556 ], [ -2.9075018, 43.2676528 ], [ -2.9074433, 43.2678598 ], [ -2.9072943, 43.2681073 ], [ -2.9071696, 43.2683098 ], [ -2.9070865, 43.2684764 ], [ -2.9070617, 43.2686024 ], [ -2.9070738, 43.268751 ], [ -2.9071269, 43.2690617 ], [ -2.9071062, 43.2692103 ], [ -2.9070644, 43.2693273 ], [ -2.906998, 43.2694353 ], [ -2.9069236, 43.2695298 ], [ -2.9067659, 43.2696602 ], [ -2.9065049, 43.2698311 ], [ -2.9052036, 43.2701091 ], [ -2.9028803, 43.2706159 ], [ -2.9016811, 43.2708715 ], [ -2.9019333, 43.2708988 ], [ -2.9020688, 43.27098 ], [ -2.9020868, 43.270998 ], [ -2.9017675, 43.2722898 ], [ -2.9012991, 43.2737212 ], [ -2.9008666, 43.2747113 ], [ -2.900802, 43.2748373 ], [ -2.900663, 43.2750668 ], [ -2.9003978, 43.2754538 ], [ -2.9001411, 43.2758183 ], [ -2.8999098, 43.2761782 ], [ -2.8997609, 43.2763402 ], [ -2.899642, 43.2764977 ], [ -2.8995803, 43.2765651 ], [ -2.8993739, 43.276745 ], [ -2.899134, 43.2769429 ], [ -2.8989751, 43.2770824 ], [ -2.8987869, 43.2772398 ], [ -2.8987056, 43.2775009 ], [ -2.8987544, 43.2775414 ], [ -2.8991538, 43.2777849 ], [ -2.8993196, 43.2778841 ], [ -2.9001, 43.278308 ], [ -2.9003348, 43.2783848 ], [ -2.9006434, 43.2785426 ], [ -2.9009182, 43.2786779 ], [ -2.901096, 43.2787591 ], [ -2.9012499, 43.2788448 ], [ -2.9014418, 43.2790025 ], [ -2.9016957, 43.2792008 ], [ -2.9019231, 43.2793766 ], [ -2.9020415, 43.2794938 ], [ -2.9021331, 43.2795929 ], [ -2.9022269, 43.2796651 ], [ -2.9023546, 43.2797282 ], [ -2.9024994, 43.2797959 ], [ -2.9027438, 43.2798861 ], [ -2.9028677, 43.2799357 ], [ -2.9030036, 43.2799944 ], [ -2.903074, 43.2800349 ], [ -2.9031274, 43.2801025 ], [ -2.9031439, 43.2801476 ], [ -2.9031934, 43.2802331 ], [ -2.903273, 43.2803143 ], [ -2.9033373, 43.2803729 ], [ -2.9033734, 43.2804269 ], [ -2.9032384, 43.2805573 ], [ -2.9034161, 43.2804765 ], [ -2.9045356, 43.2808331 ], [ -2.9045289, 43.2808961 ], [ -2.9045546, 43.2809727 ], [ -2.9045934, 43.2810493 ], [ -2.9046221, 43.2811123 ], [ -2.9046864, 43.2811709 ], [ -2.9047295, 43.281207 ], [ -2.9047949, 43.2812385 ], [ -2.9050012, 43.2813468 ], [ -2.9058202, 43.2816941 ], [ -2.9058966, 43.2816582 ], [ -2.9058934, 43.2817076 ], [ -2.9058701, 43.2818517 ], [ -2.9058626, 43.2819688 ], [ -2.9058564, 43.2819778 ], [ -2.905918, 43.2820049 ], [ -2.9060027, 43.2820229 ], [ -2.9061116, 43.282032 ], [ -2.9062469, 43.2820231 ], [ -2.9063747, 43.2820322 ], [ -2.9066216, 43.2820415 ], [ -2.906838, 43.2820686 ], [ -2.9070422, 43.2820823 ], [ -2.9071985, 43.282105 ], [ -2.907337, 43.2821726 ], [ -2.9074209, 43.2822312 ], [ -2.9075167, 43.2822988 ], [ -2.9076014, 43.2823799 ], [ -2.9077053, 43.2824341 ], [ -2.9078068, 43.2825062 ], [ -2.9078938, 43.2825783 ], [ -2.9079788, 43.2826504 ], [ -2.9080908, 43.2827225 ], [ -2.9081719, 43.2828171 ], [ -2.9081984, 43.2828757 ], [ -2.9086062, 43.2826869 ], [ -2.9088538, 43.2829662 ], [ -2.9097895, 43.2826068 ], [ -2.9098325, 43.2827374 ], [ -2.9098469, 43.2828545 ], [ -2.909854, 43.2830031 ], [ -2.9098373, 43.2831156 ], [ -2.9097874, 43.2832371 ], [ -2.9096539, 43.2833991 ], [ -2.9095433, 43.2834711 ], [ -2.9094172, 43.2835565 ], [ -2.9093378, 43.2836015 ], [ -2.9093834, 43.2837186 ], [ -2.9094059, 43.2839032 ], [ -2.9093787, 43.2840472 ], [ -2.9092938, 43.2841912 ], [ -2.9091602, 43.2843802 ], [ -2.9090109, 43.2845017 ], [ -2.9088162, 43.2846185 ], [ -2.9096987, 43.2854162 ] ], [ [ -2.9080972, 43.2820517 ], [ -2.9081455, 43.2819752 ], [ -2.9081872, 43.2818986 ], [ -2.9090285, 43.2820479 ], [ -2.9090696, 43.2821065 ], [ -2.9091316, 43.2821425 ], [ -2.9092352, 43.2821561 ], [ -2.9093661, 43.2821833 ], [ -2.909497, 43.2821924 ], [ -2.9094898, 43.2823904 ], [ -2.9081243, 43.2822273 ], [ -2.9080902, 43.2821147 ], [ -2.9080972, 43.2820517 ] ] ] } },
{ "type": "Feature", "properties": { "CCAA": "16 - País Vasco", "PROVINCIA": "48 - Bizkaia", "MUNICIPIO": "48020 - Bilbao", "COD_MUNICIPIO": "48020", "DISTRITO": "01", "SECCION": "4802001002", "V1_H": 81.58, "V1_M": 86.83, "V2_H": 80.91860297, "V2_M": 86.63659936000001, "V3_H": 82.21677219, "V3_M": 87.10560157 }, "geometry": { "type": "Polygon", "coordinates": [ [ [ -2.9639634, 43.2831818 ], [ -2.9645144, 43.2832683 ], [ -2.9651101, 43.2832685 ], [ -2.965641, 43.283297 ], [ -2.9662755, 43.2834581 ], [ -2.9665733, 43.2835528 ], [ -2.9669229, 43.2836002 ], [ -2.9672855, 43.283676 ], [ -2.9675833, 43.2836855 ], [ -2.9678811, 43.2837097 ], [ -2.967939, 43.2834756 ], [ -2.9664133, 43.2806342 ], [ -2.9639321, 43.2813988 ], [ -2.9629455, 43.2817047 ], [ -2.9636181, 43.282871 ], [ -2.9637709, 43.2830691 ], [ -2.9638722, 43.2831412 ], [ -2.9639634, 43.2831818 ] ] ] } },
{ "type": "Feature", "properties": { "CCAA": "16 - País Vasco", "PROVINCIA": "48 - Bizkaia", "MUNICIPIO": "48020 - Bilbao", "COD_MUNICIPIO": "48020", "DISTRITO": "01", "SECCION": "4802001005", "V1_H": 80.91, "V1_M": 86.64, "V2_H": 80.44720226, "V2_M": 86.54313262, "V3_H": 81.45534141, "V3_M": 86.89844934 }, "geometry": { "type": "Polygon", "coordinates": [ [ [ -2.9602893, 43.2824917 ], [ -2.9603532, 43.2825953 ], [ -2.960556, 43.2828114 ], [ -2.9607169, 43.28296 ], [ -2.9611771, 43.2831583 ], [ -2.9619999, 43.2835413 ], [ -2.9624636, 43.2837351 ], [ -2.962908, 43.2839153 ], [ -2.9631957, 43.2838253 ], [ -2.963346, 43.2837308 ], [ -2.9634986, 43.2836498 ], [ -2.9636358, 43.2835599 ], [ -2.9637787, 43.2834563 ], [ -2.9638851, 43.2833438 ], [ -2.9639318, 43.2832493 ], [ -2.9639634, 43.2831818 ], [ -2.9638722, 43.2831412 ], [ -2.9637709, 43.2830691 ], [ -2.9629673, 43.283285 ], [ -2.9620143, 43.2815468 ], [ -2.9616619, 43.2809028 ], [ -2.9608021, 43.2811592 ], [ -2.959713, 43.2814829 ], [ -2.9601204, 43.2822485 ], [ -2.9602893, 43.2824917 ] ] ] } },
{ "type": "Feature", "properties": { "CCAA": "16 - País Vasco", "PROVINCIA": "48 - Bizkaia", "MUNICIPIO": "48020 - Bilbao", "COD_MUNICIPIO": "48020", "DISTRITO": "01", "SECCION": "4802001010", "V1_H": 81.58, "V1_M": 86.83, "V2_H": 80.91860297, "V2_M": 86.63659936000001, "V3_H": 82.21677219, "V3_M": 87.10560157 }, "geometry": { "type": "Polygon", "coordinates": [ [ [ -2.9613764, 43.2768281 ], [ -2.9617781, 43.2775351 ], [ -2.9626937, 43.2791878 ], [ -2.9627668, 43.2793184 ], [ -2.9634748, 43.279134 ], [ -2.9631671, 43.2785171 ], [ -2.9638046, 43.2783552 ], [ -2.9639351, 43.2783733 ], [ -2.9650484, 43.278063 ], [ -2.9636095, 43.2754016 ], [ -2.9625429, 43.2757209 ], [ -2.962406, 43.2754778 ], [ -2.962304, 43.2755069 ], [ -2.9621731, 43.2752486 ], [ -2.9615013, 43.275458 ], [ -2.9616552, 43.2756919 ], [ -2.9616491, 43.2756936 ], [ -2.9621149, 43.2766078 ], [ -2.9613764, 43.2768281 ] ] ] } },
{ "type": "Feature", "properties": { "CCAA": "16 - País Vasco", "PROVINCIA": "48 - Bizkaia", "MUNICIPIO": "48020 - Bilbao", "COD_MUNICIPIO": "48020", "DISTRITO": "01", "SECCION": "4802001012", "V1_H": 80.99, "V1_M": 86.66, "V2_H": 80.84822772, "V2_M": 86.63128417, "V3_H": 81.25601163, "V3_M": 86.83891366 }, "geometry": { "type": "Polygon", "coordinates": [ [ [ -2.9608006, 43.2793402 ], [ -2.9612322, 43.2801238 ], [ -2.9619344, 43.2799259 ], [ -2.9613535, 43.2789397 ], [ -2.9603556, 43.2771564 ], [ -2.9596888, 43.2773363 ], [ -2.9600746, 43.2780433 ], [ -2.9606179, 43.279016 ], [ -2.9608006, 43.2793402 ] ] ] } },
{ "type": "Feature", "properties": { "CCAA": "16 - País Vasco", "PROVINCIA": "48 - Bizkaia", "MUNICIPIO": "48020 - Bilbao", "COD_MUNICIPIO": "48020", "DISTRITO": "01", "SECCION": "4802001037", "V1_H": 81.72, "V1_M": 86.96, "V2_H": 81.44760383000001, "V2_M": 86.83587728000001, "V3_H": 82.03657934, "V3_M": 87.26058658 }, "geometry": { "type": "Polygon", "coordinates": [ [ [ -2.9475956, 43.2718971 ], [ -2.9478733, 43.2719197 ], [ -2.9491961, 43.2719608 ], [ -2.9495022, 43.271961 ], [ -2.9495612, 43.2709749 ], [ -2.949342, 43.2710199 ], [ -2.9486377, 43.2710421 ], [ -2.9475887, 43.2710596 ], [ -2.94742, 43.2710731 ], [ -2.9473888, 43.271897 ], [ -2.9475956, 43.2718971 ] ] ] } },
{ "type": "Feature", "properties": { "CCAA": "16 - País Vasco", "PROVINCIA": "48 - Bizkaia", "MUNICIPIO": "48020 - Bilbao", "COD_MUNICIPIO": "48020", "DISTRITO": "01", "SECCION": "4802001039", "V1_H": 82.27, "V1_M": 87.07, "V2_H": 81.979544, "V2_M": 86.90367115, "V3_H": 82.63571561000001, "V3_M": 87.32539334000001 }, "geometry": { "type": "Polygon", "coordinates": [ [ [ -2.9435616, 43.271607 ], [ -2.9443317, 43.2717154 ], [ -2.9450155, 43.2717968 ], [ -2.9457961, 43.2718422 ], [ -2.9458175, 43.2711443 ], [ -2.9459655, 43.2710814 ], [ -2.9467079, 43.2710727 ], [ -2.94742, 43.2710731 ], [ -2.9473959, 43.2708929 ], [ -2.9473493, 43.2700555 ], [ -2.94553, 43.2701222 ], [ -2.9457512, 43.2708246 ], [ -2.9458199, 43.2710633 ], [ -2.9441586, 43.2710805 ], [ -2.9435616, 43.271607 ] ] ] } },
{ "type": "Feature", "properties": { "CCAA": "16 - País Vasco", "PROVINCIA": "48 - Bizkaia", "MUNICIPIO": "48020 - Bilbao", "COD_MUNICIPIO": "48020", "DISTRITO": "01", "SECCION": "4802001046", "V1_H": 81.4, "V1_M": 86.8, "V2_H": 81.08162797, "V2_M": 86.57651574, "V3_H": 81.67802952, "V3_M": 87.10412253 }, "geometry": { "type": "Polygon", "coordinates": [ [ [ -2.9586019, 43.2857372 ], [ -2.9588897, 43.2856968 ], [ -2.9594757, 43.2855845 ], [ -2.9601356, 43.2854541 ], [ -2.9603393, 43.2854902 ], [ -2.9605985, 43.2855623 ], [ -2.9609563, 43.2856885 ], [ -2.9615797, 43.2859274 ], [ -2.9621227, 43.2861257 ], [ -2.9626164, 43.2863239 ], [ -2.9629434, 43.2864861 ], [ -2.963184, 43.2866438 ], [ -2.9633753, 43.2867789 ], [ -2.9635297, 43.286932 ], [ -2.9637149, 43.2870897 ], [ -2.9639309, 43.2872158 ], [ -2.9641407, 43.2873645 ], [ -2.9643383, 43.2874906 ], [ -2.9645112, 43.2876122 ], [ -2.9647888, 43.2877564 ], [ -2.9650788, 43.2878735 ], [ -2.9656591, 43.2881393 ], [ -2.9661155, 43.2883016 ], [ -2.9665292, 43.2884728 ], [ -2.9669239, 43.2886215 ], [ -2.9672697, 43.2887701 ], [ -2.9676152, 43.2889233 ], [ -2.9681212, 43.2891531 ], [ -2.9683003, 43.2892297 ], [ -2.9684605, 43.2892972 ], [ -2.9686026, 43.2893694 ], [ -2.9687509, 43.2894369 ], [ -2.9688987, 43.289509 ], [ -2.9690408, 43.2896036 ], [ -2.9691887, 43.2896801 ], [ -2.969337, 43.2897477 ], [ -2.9694483, 43.2898063 ], [ -2.96959, 43.2898604 ], [ -2.9697322, 43.2899099 ], [ -2.9698862, 43.289973 ], [ -2.9700653, 43.2900226 ], [ -2.9702752, 43.2900631 ], [ -2.9704786, 43.2900767 ], [ -2.9706639, 43.2900948 ], [ -2.9708923, 43.2900993 ], [ -2.9711265, 43.2900904 ], [ -2.97137, 43.2900274 ], [ -2.9713596, 43.2899869 ], [ -2.9689682, 43.2871318 ], [ -2.9686918, 43.286803 ], [ -2.9684958, 43.2865959 ], [ -2.9683438, 43.2863932 ], [ -2.9681979, 43.2862176 ], [ -2.9681078, 43.2860555 ], [ -2.9680116, 43.2858889 ], [ -2.9679308, 43.2856728 ], [ -2.9678505, 43.2854656 ], [ -2.9677824, 43.2851729 ], [ -2.9677483, 43.2849524 ], [ -2.967758, 43.2847047 ], [ -2.9677647, 43.2844436 ], [ -2.9677838, 43.2840609 ], [ -2.9678622, 43.2837817 ], [ -2.9678811, 43.2837097 ], [ -2.9675833, 43.2836855 ], [ -2.9672855, 43.283676 ], [ -2.9669229, 43.2836002 ], [ -2.9665733, 43.2835528 ], [ -2.9662755, 43.2834581 ], [ -2.965641, 43.283297 ], [ -2.9651101, 43.2832685 ], [ -2.9645144, 43.2832683 ], [ -2.9639634, 43.2831818 ], [ -2.9639318, 43.2832493 ], [ -2.9638851, 43.2833438 ], [ -2.9637787, 43.2834563 ], [ -2.9636358, 43.2835599 ], [ -2.9634986, 43.2836498 ], [ -2.963346, 43.2837308 ], [ -2.9631957, 43.2838253 ], [ -2.962908, 43.2839153 ], [ -2.9631425, 43.2840099 ], [ -2.963536, 43.2841766 ], [ -2.9632878, 43.2844737 ], [ -2.9626547, 43.2842304 ], [ -2.962032, 43.2840006 ], [ -2.9614906, 43.2837842 ], [ -2.9608706, 43.2835364 ], [ -2.9606091, 43.2834373 ], [ -2.9603373, 43.2832751 ], [ -2.9600543, 43.2830634 ], [ -2.9599089, 43.2829283 ], [ -2.9597606, 43.2827796 ], [ -2.9596825, 43.2826805 ], [ -2.9593839, 43.2822257 ], [ -2.9591686, 43.2817844 ], [ -2.9587754, 43.2810099 ], [ -2.9582993, 43.2800552 ], [ -2.9582724, 43.2799967 ], [ -2.9580616, 43.2795689 ], [ -2.9577877, 43.279069 ], [ -2.9575512, 43.2786142 ], [ -2.9572122, 43.2781368 ], [ -2.9571876, 43.2781098 ], [ -2.9563905, 43.2773621 ], [ -2.9562989, 43.2772765 ], [ -2.9557897, 43.2767676 ], [ -2.9555261, 43.2764928 ], [ -2.9553991, 43.2763217 ], [ -2.9553134, 43.2762046 ], [ -2.9550226, 43.2756777 ], [ -2.9547911, 43.2752184 ], [ -2.9544815, 43.2746735 ], [ -2.9543337, 43.2745113 ], [ -2.9540724, 43.2743041 ], [ -2.9537921, 43.2741464 ], [ -2.9535873, 43.2740788 ], [ -2.9532986, 43.2739346 ], [ -2.9533135, 43.2739492 ], [ -2.9536107, 43.2742409 ], [ -2.9538122, 43.2746057 ], [ -2.9540105, 43.275128 ], [ -2.954147, 43.2754748 ], [ -2.9542803, 43.2758395 ], [ -2.9543457, 43.2760016 ], [ -2.9544195, 43.2761817 ], [ -2.9546594, 43.2767401 ], [ -2.9548878, 43.2771904 ], [ -2.955207, 43.2778074 ], [ -2.9555009, 43.2783387 ], [ -2.9556994, 43.2786135 ], [ -2.9558279, 43.2787756 ], [ -2.955921, 43.2789287 ], [ -2.9560483, 43.2792124 ], [ -2.9562002, 43.2795591 ], [ -2.9563054, 43.2799284 ], [ -2.9565218, 43.2805858 ], [ -2.9565927, 43.2811036 ], [ -2.9567159, 43.2817565 ], [ -2.9567998, 43.2822337 ], [ -2.9568547, 43.2824994 ], [ -2.9569632, 43.2827606 ], [ -2.9571286, 43.2830398 ], [ -2.9574654, 43.2833821 ], [ -2.9577637, 43.2837109 ], [ -2.9580773, 43.2840757 ], [ -2.9583759, 43.2844585 ], [ -2.9584828, 43.2847152 ], [ -2.9585363, 43.2849628 ], [ -2.9585592, 43.2852285 ], [ -2.9586019, 43.2857372 ] ] ] } },
{ "type": "Feature", "properties": { "CCAA": "16 - País Vasco", "PROVINCIA": "48 - Bizkaia", "MUNICIPIO": "48020 - Bilbao", "COD_MUNICIPIO": "48020", "DISTRITO": "02", "SECCION": "4802002002", "V1_H": 81.41, "V1_M": 86.82, "V2_H": 80.96532964, "V2_M": 86.87567885, "V3_H": 81.8694609, "V3_M": 86.90400308 }, "geometry": { "type": "Polygon", "coordinates": [ [ [ -2.9247013, 43.2762559 ], [ -2.9248664, 43.2763146 ], [ -2.9270911, 43.2771219 ], [ -2.9272089, 43.2771625 ], [ -2.9273274, 43.2772031 ], [ -2.9274202, 43.2772302 ], [ -2.9275762, 43.2772708 ], [ -2.9277105, 43.2773249 ], [ -2.9278226, 43.2773655 ], [ -2.9279372, 43.2774376 ], [ -2.9280739, 43.2775187 ], [ -2.9281505, 43.2775638 ], [ -2.9282925, 43.2776494 ], [ -2.9283741, 43.277708 ], [ -2.9284091, 43.2776855 ], [ -2.9284646, 43.2776495 ], [ -2.928524, 43.2776091 ], [ -2.9285903, 43.2775821 ], [ -2.9286542, 43.2775732 ], [ -2.928727, 43.2775912 ], [ -2.9288016, 43.2776363 ], [ -2.9288616, 43.2776723 ], [ -2.9297884, 43.2782222 ], [ -2.9332475, 43.2781522 ], [ -2.9333369, 43.2781613 ], [ -2.9335151, 43.2775131 ], [ -2.9337623, 43.2768378 ], [ -2.9338158, 43.2765092 ], [ -2.9339021, 43.2762391 ], [ -2.9340079, 43.2759285 ], [ -2.9340848, 43.2756674 ], [ -2.9341227, 43.2754829 ], [ -2.9341531, 43.2752262 ], [ -2.9341672, 43.2749876 ], [ -2.9341374, 43.2747715 ], [ -2.9340871, 43.2746364 ], [ -2.9341755, 43.2744248 ], [ -2.9342496, 43.2742943 ], [ -2.9343645, 43.2741458 ], [ -2.9344478, 43.2740333 ], [ -2.9345847, 43.2738893 ], [ -2.934754, 43.2736733 ], [ -2.9348242, 43.2735788 ], [ -2.9348983, 43.2734708 ], [ -2.9350058, 43.2733763 ], [ -2.9350875, 43.2733493 ], [ -2.9351634, 43.2732864 ], [ -2.9352498, 43.2731738 ], [ -2.9353231, 43.2730793 ], [ -2.9353555, 43.2730208 ], [ -2.935394, 43.2729533 ], [ -2.9354681, 43.2728273 ], [ -2.9354948, 43.2727463 ], [ -2.9355149, 43.2726832 ], [ -2.9355982, 43.2725527 ], [ -2.9356954, 43.2723636 ], [ -2.9357773, 43.2721746 ], [ -2.9358048, 43.2720441 ], [ -2.9359625, 43.2715354 ], [ -2.9356358, 43.2713191 ], [ -2.935528, 43.271274 ], [ -2.9353793, 43.2712244 ], [ -2.93525, 43.2711523 ], [ -2.9351049, 43.2711026 ], [ -2.935006, 43.2710711 ], [ -2.9348763, 43.271026 ], [ -2.9345081, 43.2709628 ], [ -2.9342394, 43.2709041 ], [ -2.934092, 43.270868 ], [ -2.9332998, 43.2705613 ], [ -2.9325405, 43.2704168 ], [ -2.9316242, 43.2702497 ], [ -2.9313897, 43.2702225 ], [ -2.930499, 43.2701725 ], [ -2.9299306, 43.2702532 ], [ -2.9291283, 43.2703787 ], [ -2.928829, 43.2704236 ], [ -2.9284889, 43.2704369 ], [ -2.9280015, 43.270423 ], [ -2.9274921, 43.2703552 ], [ -2.9269377, 43.2702558 ], [ -2.9265415, 43.2701835 ], [ -2.926123, 43.2700842 ], [ -2.9256163, 43.2699983 ], [ -2.9253626, 43.2699711 ], [ -2.9248855, 43.2699438 ], [ -2.9245046, 43.26993 ], [ -2.9243202, 43.2699254 ], [ -2.9241546, 43.2699208 ], [ -2.9239916, 43.2700197 ], [ -2.9235635, 43.270258 ], [ -2.9232432, 43.270492 ], [ -2.923025, 43.2706854 ], [ -2.922866, 43.2708519 ], [ -2.9224052, 43.2713874 ], [ -2.9222702, 43.2715584 ], [ -2.9220665, 43.2718284 ], [ -2.9205183, 43.2736462 ], [ -2.9206889, 43.2736418 ], [ -2.9211102, 43.2736556 ], [ -2.9217113, 43.2736831 ], [ -2.9219354, 43.2737327 ], [ -2.9221148, 43.2738004 ], [ -2.9222433, 43.273868 ], [ -2.92259, 43.2741024 ], [ -2.9233337, 43.2746882 ], [ -2.9236742, 43.274936 ], [ -2.9239105, 43.2751388 ], [ -2.9239908, 43.2752289 ], [ -2.924158, 43.2754856 ], [ -2.9243222, 43.2757334 ], [ -2.9245317, 43.2760487 ], [ -2.9247013, 43.2762559 ] ] ] } },
{ "type": "Feature", "properties": { "CCAA": "16 - País Vasco", "PROVINCIA": "48 - Bizkaia", "MUNICIPIO": "48020 - Bilbao", "COD_MUNICIPIO": "48020", "DISTRITO": "02", "SECCION": "4802002026", "V1_H": 81.04, "V1_M": 86.55, "V2_H": 80.90626992, "V2_M": 86.32523903000001, "V3_H": 81.22678782, "V3_M": 86.81274177 }, "geometry": { "type": "Polygon", "coordinates": [ [ [ -2.9219286, 43.2673575 ], [ -2.9222892, 43.2674883 ], [ -2.9224937, 43.2675875 ], [ -2.9227284, 43.2676822 ], [ -2.9228603, 43.2678038 ], [ -2.9230549, 43.2680201 ], [ -2.9232329, 43.2682228 ], [ -2.9233768, 43.268376 ], [ -2.9234971, 43.2685066 ], [ -2.9236171, 43.2686463 ], [ -2.9237732, 43.2688174 ], [ -2.9239416, 43.2689932 ], [ -2.9241878, 43.2692364 ], [ -2.9244584, 43.2693537 ], [ -2.9249002, 43.2695566 ], [ -2.9250428, 43.2694306 ], [ -2.9249191, 43.2689713 ], [ -2.9248202, 43.268575 ], [ -2.9247533, 43.2681248 ], [ -2.9243896, 43.2679354 ], [ -2.9241558, 43.2677732 ], [ -2.9238746, 43.2675344 ], [ -2.9235869, 43.2672686 ], [ -2.9233902, 43.2671514 ], [ -2.9222871, 43.2667634 ], [ -2.9219286, 43.2673575 ] ] ] } },
{ "type": "Feature", "properties": { "CCAA": "16 - País Vasco", "PROVINCIA": "48 - Bizkaia", "MUNICIPIO": "48020 - Bilbao", "COD_MUNICIPIO": "48020", "DISTRITO": "02", "SECCION": "4802002028", "V1_H": 80.53, "V1_M": 86.43, "V2_H": 80.43347749, "V2_M": 86.30479166000001, "V3_H": 80.8868878, "V3_M": 86.74881461 }, "geometry": { "type": "Polygon", "coordinates": [ [ [ -2.921087, 43.2672443 ], [ -2.9214116, 43.2672445 ], [ -2.9218997, 43.2674205 ], [ -2.9219286, 43.2673575 ], [ -2.9222871, 43.2667634 ], [ -2.9225391, 43.2663674 ], [ -2.9221763, 43.2655477 ], [ -2.921611, 43.2663982 ], [ -2.9211059, 43.2666455 ], [ -2.920744, 43.2668569 ], [ -2.9205516, 43.2670323 ], [ -2.921087, 43.2672443 ] ] ] } },
{ "type": "Feature", "properties": { "CCAA": "16 - País Vasco", "PROVINCIA": "48 - Bizkaia", "MUNICIPIO": "48020 - Bilbao", "COD_MUNICIPIO": "48020", "DISTRITO": "02", "SECCION": "4802002035", "V1_H": 82.08, "V1_M": 87.23, "V2_H": 81.77226367, "V2_M": 87.02227373, "V3_H": 82.52263661000001, "V3_M": 87.52638345 }, "geometry": { "type": "Polygon", "coordinates": [ [ [ -2.922761, 43.2642019 ], [ -2.9231355, 43.2643237 ], [ -2.9234588, 43.2644185 ], [ -2.9236908, 43.2645492 ], [ -2.9239124, 43.2646844 ], [ -2.9240836, 43.2648196 ], [ -2.9242771, 43.2649683 ], [ -2.9244155, 43.265153 ], [ -2.9244973, 43.2653331 ], [ -2.9246855, 43.2657025 ], [ -2.9242641, 43.2658282 ], [ -2.924696, 43.2668686 ], [ -2.9253755, 43.2669681 ], [ -2.9257593, 43.2648477 ], [ -2.9239975, 43.2634914 ], [ -2.9238771, 43.2633472 ], [ -2.9238311, 43.2632436 ], [ -2.923146, 43.2636484 ], [ -2.922994, 43.2638014 ], [ -2.9228636, 43.2640039 ], [ -2.922761, 43.2642019 ] ] ] } },
{ "type": "Feature", "properties": { "CCAA": "16 - País Vasco", "PROVINCIA": "48 - Bizkaia", "MUNICIPIO": "48020 - Bilbao", "COD_MUNICIPIO": "48020", "DISTRITO": "03", "SECCION": "4802003002", "V1_H": 80.34, "V1_M": 85.99, "V2_H": 80.22806877, "V2_M": 85.94669411, "V3_H": 80.64200885, "V3_M": 86.09540763 }, "geometry": { "type": "Polygon", "coordinates": [ [ [ -2.8813406, 43.2613298 ], [ -2.8820346, 43.2616502 ], [ -2.8828066, 43.2618626 ], [ -2.8829466, 43.2619168 ], [ -2.8831458, 43.262043 ], [ -2.8835358, 43.2621065 ], [ -2.883687, 43.2621516 ], [ -2.8838107, 43.2622823 ], [ -2.88387, 43.2624715 ], [ -2.8839203, 43.2625706 ], [ -2.8842546, 43.2627375 ], [ -2.8845661, 43.2629539 ], [ -2.8847723, 43.2630397 ], [ -2.8849374, 43.2630669 ], [ -2.8857217, 43.2630767 ], [ -2.88591, 43.2630543 ], [ -2.8864289, 43.2627667 ], [ -2.8869068, 43.2622899 ], [ -2.8870676, 43.2621595 ], [ -2.8872742, 43.2620832 ], [ -2.8874347, 43.2620698 ], [ -2.8875768, 43.2620835 ], [ -2.8877692, 43.2621422 ], [ -2.8879665, 43.2622595 ], [ -2.8882687, 43.2625029 ], [ -2.8884608, 43.2627237 ], [ -2.8885568, 43.2628859 ], [ -2.8887714, 43.2634084 ], [ -2.888927, 43.2636381 ], [ -2.8903653, 43.2648416 ], [ -2.8905775, 43.2650174 ], [ -2.8907133, 43.2650896 ], [ -2.8908326, 43.2651437 ], [ -2.8914287, 43.2653334 ], [ -2.8918593, 43.2654959 ], [ -2.8924281, 43.2656855 ], [ -2.8927857, 43.2657444 ], [ -2.8931572, 43.2657537 ], [ -2.8934646, 43.2656955 ], [ -2.8937401, 43.2655922 ], [ -2.8943738, 43.2652597 ], [ -2.8948188, 43.2650935 ], [ -2.8953233, 43.2650579 ], [ -2.8956355, 43.2651032 ], [ -2.8959653, 43.2652071 ], [ -2.8962413, 43.2652118 ], [ -2.8965512, 43.26505 ], [ -2.8968365, 43.2648702 ], [ -2.8970971, 43.2646993 ], [ -2.8973203, 43.2645059 ], [ -2.8974905, 43.2643215 ], [ -2.8976139, 43.2641685 ], [ -2.8977998, 43.2639886 ], [ -2.8979588, 43.2637907 ], [ -2.8981418, 43.2635116 ], [ -2.8982439, 43.2632506 ], [ -2.8983986, 43.2630842 ], [ -2.8985243, 43.2629537 ], [ -2.8987081, 43.2626297 ], [ -2.8992219, 43.2625356 ], [ -2.8989327, 43.2616349 ], [ -2.898774, 43.2616663 ], [ -2.8985989, 43.2616616 ], [ -2.8984989, 43.2615895 ], [ -2.8984432, 43.2614949 ], [ -2.8984365, 43.2613688 ], [ -2.8982062, 43.2611525 ], [ -2.8980698, 43.2609498 ], [ -2.8976662, 43.2606252 ], [ -2.8973632, 43.2603638 ], [ -2.8970983, 43.260098 ], [ -2.8966401, 43.2597059 ], [ -2.8962295, 43.2593363 ], [ -2.8960577, 43.2589489 ], [ -2.8957832, 43.2589307 ], [ -2.8955899, 43.2589575 ], [ -2.895325, 43.2589258 ], [ -2.8951033, 43.2588535 ], [ -2.8949219, 43.2587002 ], [ -2.8948091, 43.258493 ], [ -2.8946785, 43.2583038 ], [ -2.8945376, 43.2580876 ], [ -2.8944832, 43.2579164 ], [ -2.8943241, 43.2566151 ], [ -2.8947385, 43.2565345 ], [ -2.8950409, 43.2564627 ], [ -2.8953737, 43.2563595 ], [ -2.89563, 43.2562291 ], [ -2.8958685, 43.2560673 ], [ -2.89599, 43.2559863 ], [ -2.8961611, 43.2558874 ], [ -2.8964866, 43.2558022 ], [ -2.8968604, 43.25578 ], [ -2.8971803, 43.2558253 ], [ -2.8975369, 43.2559562 ], [ -2.8978077, 43.2561231 ], [ -2.8980164, 43.2563213 ], [ -2.8981855, 43.2565196 ], [ -2.8983818, 43.2567674 ], [ -2.8984332, 43.2566819 ], [ -2.8992159, 43.2558001 ], [ -2.899531, 43.2554132 ], [ -2.8993866, 43.2551835 ], [ -2.899413, 43.2550619 ], [ -2.8999059, 43.2540673 ], [ -2.90018, 43.2536174 ], [ -2.9008302, 43.2525104 ], [ -2.9008879, 43.2522808 ], [ -2.9005617, 43.2511369 ], [ -2.8997983, 43.251618 ], [ -2.8988419, 43.2521935 ], [ -2.8978106, 43.2528319 ], [ -2.897374, 43.2530701 ], [ -2.8972893, 43.253106 ], [ -2.8969587, 43.2532453 ], [ -2.8958635, 43.253618 ], [ -2.8945295, 43.254085 ], [ -2.8937826, 43.2543409 ], [ -2.8935927, 43.2543993 ], [ -2.8934216, 43.2544442 ], [ -2.8933962, 43.2544487 ], [ -2.8932492, 43.2544755 ], [ -2.8930654, 43.2544934 ], [ -2.8928021, 43.2544976 ], [ -2.89253, 43.2544838 ], [ -2.8923048, 43.2544611 ], [ -2.8920692, 43.2544204 ], [ -2.8918337, 43.2543706 ], [ -2.8914789, 43.2542757 ], [ -2.89129, 43.2542215 ], [ -2.8911126, 43.2541673 ], [ -2.8909102, 43.2540951 ], [ -2.8906486, 43.2539823 ], [ -2.8903863, 43.2538605 ], [ -2.8901363, 43.2537161 ], [ -2.8898106, 43.2534772 ], [ -2.8897178, 43.2533105 ], [ -2.8888023, 43.2539355 ], [ -2.8885437, 43.2541108 ], [ -2.8883609, 43.2542412 ], [ -2.888179, 43.2543491 ], [ -2.8880245, 43.254439 ], [ -2.8878757, 43.2545064 ], [ -2.8877598, 43.2545648 ], [ -2.8876364, 43.2546322 ], [ -2.8875223, 43.2547266 ], [ -2.8873896, 43.2548436 ], [ -2.8872863, 43.2549335 ], [ -2.887166, 43.2550459 ], [ -2.8870287, 43.2551719 ], [ -2.8869207, 43.2552663 ], [ -2.8868312, 43.2553383 ], [ -2.8867318, 43.2553922 ], [ -2.8865765, 43.2554731 ], [ -2.8864293, 43.255554 ], [ -2.8863109, 43.2556349 ], [ -2.8861965, 43.2556753 ], [ -2.8860698, 43.2557067 ], [ -2.8859146, 43.2557516 ], [ -2.8857447, 43.2557919 ], [ -2.8854839, 43.2558637 ], [ -2.8850694, 43.2560163 ], [ -2.8849403, 43.2560883 ], [ -2.8846972, 43.2563717 ], [ -2.8846957, 43.2585688 ], [ -2.8847259, 43.2587084 ], [ -2.8847829, 43.2588525 ], [ -2.8847661, 43.2589696 ], [ -2.8847679, 43.2590641 ], [ -2.8847863, 43.2591272 ], [ -2.8834352, 43.2591483 ], [ -2.8833577, 43.2591978 ], [ -2.8832625, 43.2592607 ], [ -2.8831734, 43.2593281 ], [ -2.8830936, 43.2593956 ], [ -2.8830223, 43.2594315 ], [ -2.8829448, 43.2594945 ], [ -2.8828815, 43.259571 ], [ -2.8828189, 43.2596474 ], [ -2.8825584, 43.2598093 ], [ -2.8823365, 43.2604349 ], [ -2.8822468, 43.2606599 ], [ -2.8813406, 43.2613298 ] ] ] } },
{ "type": "Feature", "properties": { "CCAA": "16 - País Vasco", "PROVINCIA": "48 - Bizkaia", "MUNICIPIO": "48020 - Bilbao", "COD_MUNICIPIO": "48020", "DISTRITO": "01", "SECCION": "4802001015", "V1_H": 80.06, "V1_M": 86.09, "V2_H": 79.80248703, "V2_M": 86.14116428, "V3_H": 80.46064959, "V3_M": 86.17412372 }, "geometry": { "type": "Polygon", "coordinates": [ [ [ -2.9571876, 43.2781098 ], [ -2.9572122, 43.2781368 ], [ -2.9575512, 43.2786142 ], [ -2.9577877, 43.279069 ], [ -2.9580616, 43.2795689 ], [ -2.9582724, 43.2799967 ], [ -2.9582993, 43.2800552 ], [ -2.9588247, 43.2799248 ], [ -2.9577157, 43.2779434 ], [ -2.9571876, 43.2781098 ] ] ] } },
{ "type": "Feature", "properties": { "CCAA": "16 - País Vasco", "PROVINCIA": "48 - Bizkaia", "MUNICIPIO": "48020 - Bilbao", "COD_MUNICIPIO": "48020", "DISTRITO": "01", "SECCION": "4802001017", "V1_H": 81.18, "V1_M": 86.79, "V2_H": 80.97904731, "V2_M": 86.77314473, "V3_H": 81.44010912, "V3_M": 86.96351832000001 }, "geometry": { "type": "Polygon", "coordinates": [ [ [ -2.9579109, 43.2764802 ], [ -2.9587778, 43.2776106 ], [ -2.9596888, 43.2773363 ], [ -2.9603556, 43.2771564 ], [ -2.9596967, 43.2759946 ], [ -2.9594943, 43.2756164 ], [ -2.9595472, 43.2754948 ], [ -2.9579109, 43.2764802 ] ] ] } },
{ "type": "Feature", "properties": { "CCAA": "16 - País Vasco", "PROVINCIA": "48 - Bizkaia", "MUNICIPIO": "48020 - Bilbao", "COD_MUNICIPIO": "48020", "DISTRITO": "01", "SECCION": "4802001033", "V1_H": 81.88, "V1_M": 87.06, "V2_H": 81.54316391, "V2_M": 86.92154098, "V3_H": 82.24926416, "V3_M": 87.34198023 }, "geometry": { "type": "Polygon", "coordinates": [ [ [ -2.9510106, 43.2720427 ], [ -2.9516383, 43.272124 ], [ -2.9521974, 43.2722007 ], [ -2.9523811, 43.2722278 ], [ -2.9528569, 43.2709944 ], [ -2.9511706, 43.2709442 ], [ -2.9510708, 43.2709486 ], [ -2.9510106, 43.2720427 ] ] ] } },
{ "type": "Feature", "properties": { "CCAA": "16 - País Vasco", "PROVINCIA": "48 - Bizkaia", "MUNICIPIO": "48020 - Bilbao", "COD_MUNICIPIO": "48020", "DISTRITO": "01", "SECCION": "4802001035", "V1_H": 80.23, "V1_M": 86.04, "V2_H": 80.01377171, "V2_M": 86.1814847, "V3_H": 80.55154758, "V3_M": 86.06989916000001 }, "geometry": { "type": "Polygon", "coordinates": [ [ [ -2.9492524, 43.2686066 ], [ -2.9490695, 43.26862 ], [ -2.9486805, 43.2686649 ], [ -2.9481733, 43.2687277 ], [ -2.9477593, 43.268786 ], [ -2.9472613, 43.2688849 ], [ -2.9473242, 43.2696098 ], [ -2.9473493, 43.2700555 ], [ -2.9493976, 43.2699484 ], [ -2.9493435, 43.2692415 ], [ -2.9492524, 43.2686066 ] ] ] } },
{ "type": "Feature", "properties": { "CCAA": "16 - País Vasco", "PROVINCIA": "48 - Bizkaia", "MUNICIPIO": "48020 - Bilbao", "COD_MUNICIPIO": "48020", "DISTRITO": "02", "SECCION": "4802002005", "V1_H": 80.54, "V1_M": 86.2, "V2_H": 80.39552864, "V2_M": 86.0597654, "V3_H": 80.75568151, "V3_M": 86.47868922000001 }, "geometry": { "type": "Polygon", "coordinates": [ [ [ -2.9151092, 43.2674471 ], [ -2.9155718, 43.2679022 ], [ -2.9159002, 43.2682266 ], [ -2.9163894, 43.2687132 ], [ -2.9168857, 43.2690422 ], [ -2.9171158, 43.269128 ], [ -2.9190227, 43.2680893 ], [ -2.918153, 43.2676024 ], [ -2.9174671, 43.2682143 ], [ -2.916601, 43.2674392 ], [ -2.9161394, 43.2677045 ], [ -2.9157424, 43.267362 ], [ -2.9155108, 43.2674879 ], [ -2.915477, 43.2674519 ], [ -2.9154428, 43.2674158 ], [ -2.9154379, 43.2673348 ], [ -2.9151092, 43.2674471 ] ] ] } },
{ "type": "Feature", "properties": { "CCAA": "16 - País Vasco", "PROVINCIA": "48 - Bizkaia", "MUNICIPIO": "48020 - Bilbao", "COD_MUNICIPIO": "48020", "DISTRITO": "02", "SECCION": "4802002007", "V1_H": 80.66, "V1_M": 86.4, "V2_H": 80.5853616, "V2_M": 86.40568132, "V3_H": 80.91378542, "V3_M": 86.56441087 }, "geometry": { "type": "Polygon", "coordinates": [ [ [ -2.9144702, 43.2668073 ], [ -2.9145628, 43.2669109 ], [ -2.9151092, 43.2674471 ], [ -2.9154379, 43.2673348 ], [ -2.9156563, 43.2672179 ], [ -2.9160683, 43.2669796 ], [ -2.9161844, 43.2668806 ], [ -2.9164238, 43.266408 ], [ -2.9165201, 43.2663361 ], [ -2.9167539, 43.2663318 ], [ -2.916734, 43.2662102 ], [ -2.9148412, 43.2649841 ], [ -2.9145702, 43.2652001 ], [ -2.9144521, 43.2653845 ], [ -2.9143471, 43.2655781 ], [ -2.914509, 43.2657358 ], [ -2.9145269, 43.2658393 ], [ -2.9145209, 43.2660149 ], [ -2.9145026, 43.2661635 ], [ -2.9144477, 43.2663526 ], [ -2.9144574, 43.2665552 ], [ -2.9144702, 43.2668073 ] ] ] } },
{ "type": "Feature", "properties": { "CCAA": "16 - País Vasco", "PROVINCIA": "48 - Bizkaia", "MUNICIPIO": "48020 - Bilbao", "COD_MUNICIPIO": "48020", "DISTRITO": "02", "SECCION": "4802002022", "V1_H": 80.61, "V1_M": 86.39, "V2_H": 80.33359214, "V2_M": 86.26240397, "V3_H": 81.01911703, "V3_M": 86.63389387 }, "geometry": { "type": "Polygon", "coordinates": [ [ [ -2.918153, 43.2676024 ], [ -2.9190227, 43.2680893 ], [ -2.9205516, 43.2670323 ], [ -2.919275, 43.2665722 ], [ -2.9189805, 43.266491 ], [ -2.9186271, 43.2664457 ], [ -2.9186098, 43.2667113 ], [ -2.9185852, 43.2669094 ], [ -2.9185249, 43.267139 ], [ -2.9183922, 43.2673054 ], [ -2.9182599, 43.2675034 ], [ -2.9180311, 43.2675393 ], [ -2.918153, 43.2676024 ] ] ] } },
{ "type": "Feature", "properties": { "CCAA": "16 - País Vasco", "PROVINCIA": "48 - Bizkaia", "MUNICIPIO": "48020 - Bilbao", "COD_MUNICIPIO": "48020", "DISTRITO": "02", "SECCION": "4802002024", "V1_H": 81.58, "V1_M": 86.83, "V2_H": 80.91860297, "V2_M": 86.63659936000001, "V3_H": 82.21677219, "V3_M": 87.10560157 }, "geometry": { "type": "Polygon", "coordinates": [ [ [ -2.9167169, 43.2660346 ], [ -2.9169562, 43.2661923 ], [ -2.9171186, 43.266269 ], [ -2.9173831, 43.2663502 ], [ -2.9176056, 43.2663999 ], [ -2.9180626, 43.2664543 ], [ -2.918075, 43.2658059 ], [ -2.9181127, 43.264937 ], [ -2.9177982, 43.2648828 ], [ -2.9176574, 43.2648422 ], [ -2.9173237, 43.2646843 ], [ -2.9169596, 43.2642923 ], [ -2.9168804, 43.2644994 ], [ -2.9168919, 43.2650802 ], [ -2.9167169, 43.2660346 ] ] ] } },
{ "type": "Feature", "properties": { "CCAA": "16 - País Vasco", "PROVINCIA": "48 - Bizkaia", "MUNICIPIO": "48020 - Bilbao", "COD_MUNICIPIO": "48020", "DISTRITO": "03", "SECCION": "4802003005", "V1_H": 79.27, "V1_M": 85.17, "V2_H": 79.19654882, "V2_M": 85.28496149, "V3_H": 79.61871206, "V3_M": 85.37047204 }, "geometry": { "type": "Polygon", "coordinates": [ [ [ -2.8980698, 43.2609498 ], [ -2.8982062, 43.2611525 ], [ -2.8984365, 43.2613688 ], [ -2.8984432, 43.2614949 ], [ -2.8984989, 43.2615895 ], [ -2.8985989, 43.2616616 ], [ -2.898774, 43.2616663 ], [ -2.8989327, 43.2616349 ], [ -2.8990156, 43.261608 ], [ -2.8995719, 43.2614284 ], [ -2.8997911, 43.2613025 ], [ -2.9001955, 43.2610237 ], [ -2.9005036, 43.2607268 ], [ -2.9005582, 43.2605648 ], [ -2.900521, 43.2599929 ], [ -2.9005529, 43.2598039 ], [ -2.9006345, 43.2593762 ], [ -2.9005151, 43.2593896 ], [ -2.9003071, 43.2594075 ], [ -2.9000254, 43.2593622 ], [ -2.8998367, 43.2591594 ], [ -2.899526, 43.258898 ], [ -2.8992721, 43.2582855 ], [ -2.8990382, 43.2575154 ], [ -2.8987781, 43.2573801 ], [ -2.8984891, 43.2573303 ], [ -2.8982349, 43.2573751 ], [ -2.8979905, 43.2575459 ], [ -2.8978914, 43.2576584 ], [ -2.8980593, 43.2578747 ], [ -2.8982178, 43.258208 ], [ -2.8983124, 43.2584422 ], [ -2.8983342, 43.2587754 ], [ -2.898314, 43.2588699 ], [ -2.8982594, 43.259095 ], [ -2.8981978, 43.2593336 ], [ -2.8981423, 43.2595811 ], [ -2.8980783, 43.2598512 ], [ -2.8980627, 43.2599187 ], [ -2.898011, 43.2602429 ], [ -2.8979912, 43.2606165 ], [ -2.8980482, 43.2607697 ], [ -2.8980698, 43.2609498 ] ] ] } },
{ "type": "Feature", "properties": { "CCAA": "16 - País Vasco", "PROVINCIA": "48 - Bizkaia", "MUNICIPIO": "48020 - Bilbao", "COD_MUNICIPIO": "48020", "DISTRITO": "03", "SECCION": "4802003007", "V1_H": 78.77, "V1_M": 84.85, "V2_H": 78.83270398000001, "V2_M": 84.81764444, "V3_H": 78.82199574000001, "V3_M": 85.12573797 }, "geometry": { "type": "Polygon", "coordinates": [ [ [ -2.8962857, 43.2582063 ], [ -2.8966762, 43.2586163 ], [ -2.8969364, 43.2588777 ], [ -2.8971501, 43.259112 ], [ -2.8974411, 43.2593509 ], [ -2.8977029, 43.2595807 ], [ -2.8980627, 43.2599187 ], [ -2.8980783, 43.2598512 ], [ -2.8981423, 43.2595811 ], [ -2.8981978, 43.2593336 ], [ -2.8982594, 43.259095 ], [ -2.898314, 43.2588699 ], [ -2.8983342, 43.2587754 ], [ -2.8983124, 43.2584422 ], [ -2.8982178, 43.258208 ], [ -2.8980593, 43.2578747 ], [ -2.8978914, 43.2576584 ], [ -2.8974694, 43.2574284 ], [ -2.8969845, 43.2577521 ], [ -2.8967296, 43.2575178 ], [ -2.8965915, 43.2574502 ], [ -2.8963796, 43.2573419 ], [ -2.8962275, 43.2573373 ], [ -2.8960685, 43.2573551 ], [ -2.8959286, 43.2574225 ], [ -2.8958552, 43.2575665 ], [ -2.8958727, 43.2577016 ], [ -2.8959502, 43.2578278 ], [ -2.8961392, 43.2580575 ], [ -2.8962857, 43.2582063 ] ] ] } },
{ "type": "Feature", "properties": { "CCAA": "16 - País Vasco", "PROVINCIA": "48 - Bizkaia", "MUNICIPIO": "48020 - Bilbao", "COD_MUNICIPIO": "48020", "DISTRITO": "01", "SECCION": "4802001016", "V1_H": 81.57, "V1_M": 86.95, "V2_H": 81.38052192000001, "V2_M": 86.83819346, "V3_H": 81.78107492, "V3_M": 87.15502078 }, "geometry": { "type": "Polygon", "coordinates": [ [ [ -2.9595472, 43.2754948 ], [ -2.9594943, 43.2756164 ], [ -2.9596967, 43.2759946 ], [ -2.9603556, 43.2771564 ], [ -2.9610178, 43.2769406 ], [ -2.9613764, 43.2768281 ], [ -2.9612287, 43.2765715 ], [ -2.9604936, 43.2752205 ], [ -2.9600811, 43.2753419 ], [ -2.9598187, 43.2749501 ], [ -2.9596228, 43.2747069 ], [ -2.9593838, 43.2744682 ], [ -2.9590471, 43.2741484 ], [ -2.9585651, 43.2738061 ], [ -2.9585761, 43.273563 ], [ -2.9583469, 43.2735989 ], [ -2.9580611, 43.2737384 ], [ -2.9577744, 43.2739544 ], [ -2.9578764, 43.2740219 ], [ -2.9578891, 43.274031 ], [ -2.9581201, 43.2741886 ], [ -2.9582898, 43.2743057 ], [ -2.9588202, 43.2746931 ], [ -2.9591947, 43.275067 ], [ -2.9593995, 43.2752922 ], [ -2.9595472, 43.2754948 ] ] ] } },
{ "type": "Feature", "properties": { "CCAA": "16 - País Vasco", "PROVINCIA": "48 - Bizkaia", "MUNICIPIO": "48020 - Bilbao", "COD_MUNICIPIO": "48020", "DISTRITO": "01", "SECCION": "4802001018", "V1_H": 81.02, "V1_M": 86.64, "V2_H": 80.81080237, "V2_M": 86.47452022, "V3_H": 81.32513937, "V3_M": 86.89244175 }, "geometry": { "type": "Polygon", "coordinates": [ [ [ -2.9563905, 43.2773621 ], [ -2.9571876, 43.2781098 ], [ -2.9577157, 43.2779434 ], [ -2.9585136, 43.2776871 ], [ -2.9587778, 43.2776106 ], [ -2.9579109, 43.2764802 ], [ -2.9571022, 43.2769662 ], [ -2.9563905, 43.2773621 ] ] ] } },
{ "type": "Feature", "properties": { "CCAA": "16 - País Vasco", "PROVINCIA": "48 - Bizkaia", "MUNICIPIO": "48020 - Bilbao", "COD_MUNICIPIO": "48020", "DISTRITO": "01", "SECCION": "4802001034", "V1_H": 81.41, "V1_M": 86.82, "V2_H": 80.96532964, "V2_M": 86.87567885, "V3_H": 81.8694609, "V3_M": 86.90400308 }, "geometry": { "type": "Polygon", "coordinates": [ [ [ -2.9495022, 43.271961 ], [ -2.9498646, 43.2719566 ], [ -2.9505358, 43.2719929 ], [ -2.9510106, 43.2720427 ], [ -2.9510708, 43.2709486 ], [ -2.950601, 43.2709529 ], [ -2.9496987, 43.2709705 ], [ -2.9495612, 43.2709749 ], [ -2.9495022, 43.271961 ] ] ] } },
{ "type": "Feature", "properties": { "CCAA": "16 - País Vasco", "PROVINCIA": "48 - Bizkaia", "MUNICIPIO": "48020 - Bilbao", "COD_MUNICIPIO": "48020", "DISTRITO": "01", "SECCION": "4802001036", "V1_H": 80.27, "V1_M": 86.36, "V2_H": 80.04050342, "V2_M": 86.25745667, "V3_H": 80.55487256000001, "V3_M": 86.64917866 }, "geometry": { "type": "Polygon", "coordinates": [ [ [ -2.9473493, 43.2700555 ], [ -2.9473959, 43.2708929 ], [ -2.94742, 43.2710731 ], [ -2.9475887, 43.2710596 ], [ -2.9486377, 43.2710421 ], [ -2.949342, 43.2710199 ], [ -2.9495612, 43.2709749 ], [ -2.9495274, 43.2708939 ], [ -2.9493976, 43.2699484 ], [ -2.9473493, 43.2700555 ] ] ] } },
{ "type": "Feature", "properties": { "CCAA": "16 - País Vasco", "PROVINCIA": "48 - Bizkaia", "MUNICIPIO": "48020 - Bilbao", "COD_MUNICIPIO": "48020", "DISTRITO": "02", "SECCION": "4802002003", "V1_H": 81.55, "V1_M": 86.88, "V2_H": 81.46298126000001, "V2_M": 86.741846, "V3_H": 81.68783029, "V3_M": 87.18580847 }, "geometry": { "type": "Polygon", "coordinates": [ [ [ -2.9171158, 43.269128 ], [ -2.9177076, 43.2692455 ], [ -2.9186167, 43.2693361 ], [ -2.9192264, 43.2695122 ], [ -2.919468, 43.2696564 ], [ -2.9196741, 43.2699087 ], [ -2.9200743, 43.2703997 ], [ -2.920307, 43.2706565 ], [ -2.9204682, 43.2707827 ], [ -2.9206505, 43.2709404 ], [ -2.9207432, 43.2710125 ], [ -2.9208775, 43.2711342 ], [ -2.9210625, 43.2712874 ], [ -2.9212268, 43.2714181 ], [ -2.9213672, 43.2715262 ], [ -2.921493, 43.2716254 ], [ -2.9215946, 43.271684 ], [ -2.9216758, 43.2717335 ], [ -2.9217559, 43.2717606 ], [ -2.9218363, 43.2717877 ], [ -2.9219348, 43.2718193 ], [ -2.9220665, 43.2718284 ], [ -2.9222702, 43.2715584 ], [ -2.9224052, 43.2713874 ], [ -2.922866, 43.2708519 ], [ -2.923025, 43.2706854 ], [ -2.9232432, 43.270492 ], [ -2.9235635, 43.270258 ], [ -2.9239916, 43.2700197 ], [ -2.9241546, 43.2699208 ], [ -2.9229975, 43.2698794 ], [ -2.9221397, 43.2697213 ], [ -2.9213318, 43.2693786 ], [ -2.9203036, 43.2688196 ], [ -2.9199889, 43.2686348 ], [ -2.9190227, 43.2680893 ], [ -2.9171158, 43.269128 ] ] ] } },
{ "type": "Feature", "properties": { "CCAA": "16 - País Vasco", "PROVINCIA": "48 - Bizkaia", "MUNICIPIO": "48020 - Bilbao", "COD_MUNICIPIO": "48020", "DISTRITO": "02", "SECCION": "4802002006", "V1_H": 80.27, "V1_M": 86.36, "V2_H": 80.04050342, "V2_M": 86.25745667, "V3_H": 80.55487256000001, "V3_M": 86.64917866 }, "geometry": { "type": "Polygon", "coordinates": [ [ [ -2.9154379, 43.2673348 ], [ -2.9154428, 43.2674158 ], [ -2.915477, 43.2674519 ], [ -2.9155108, 43.2674879 ], [ -2.9157424, 43.267362 ], [ -2.9161394, 43.2677045 ], [ -2.916601, 43.2674392 ], [ -2.9174671, 43.2682143 ], [ -2.918153, 43.2676024 ], [ -2.9180311, 43.2675393 ], [ -2.9172554, 43.267075 ], [ -2.9170423, 43.2668678 ], [ -2.9168701, 43.266647 ], [ -2.9167539, 43.2663318 ], [ -2.9165201, 43.2663361 ], [ -2.9164238, 43.266408 ], [ -2.9161844, 43.2668806 ], [ -2.9160683, 43.2669796 ], [ -2.9156563, 43.2672179 ], [ -2.9154379, 43.2673348 ] ] ] } },
{ "type": "Feature", "properties": { "CCAA": "16 - País Vasco", "PROVINCIA": "48 - Bizkaia", "MUNICIPIO": "48020 - Bilbao", "COD_MUNICIPIO": "48020", "DISTRITO": "02", "SECCION": "4802002008", "V1_H": 80.78, "V1_M": 86.64, "V2_H": 80.55514168000001, "V2_M": 86.45889906, "V3_H": 81.06237696, "V3_M": 86.87120108000001 }, "geometry": { "type": "Polygon", "coordinates": [ [ [ -2.9148412, 43.2649841 ], [ -2.916734, 43.2662102 ], [ -2.9167169, 43.2660346 ], [ -2.9168919, 43.2650802 ], [ -2.9168804, 43.2644994 ], [ -2.9169596, 43.2642923 ], [ -2.9166451, 43.2642066 ], [ -2.9163395, 43.2641118 ], [ -2.9160985, 43.2640666 ], [ -2.9158264, 43.2640079 ], [ -2.9157438, 43.2641384 ], [ -2.9156212, 43.2643094 ], [ -2.9154159, 43.2645388 ], [ -2.9152281, 43.2647638 ], [ -2.9151001, 43.2648943 ], [ -2.9149695, 43.2649572 ], [ -2.9148412, 43.2649841 ] ] ] } },
{ "type": "Feature", "properties": { "CCAA": "16 - País Vasco", "PROVINCIA": "48 - Bizkaia", "MUNICIPIO": "48020 - Bilbao", "COD_MUNICIPIO": "48020", "DISTRITO": "02", "SECCION": "4802002021", "V1_H": 80.06, "V1_M": 86.12, "V2_H": 80.10460866, "V2_M": 86.20761786, "V3_H": 80.17898723, "V3_M": 86.18020212 }, "geometry": { "type": "Polygon", "coordinates": [ [ [ -2.9190227, 43.2680893 ], [ -2.9199889, 43.2686348 ], [ -2.9205143, 43.2681894 ], [ -2.921087, 43.2672443 ], [ -2.9205516, 43.2670323 ], [ -2.9190227, 43.2680893 ] ] ] } },
{ "type": "Feature", "properties": { "CCAA": "16 - País Vasco", "PROVINCIA": "48 - Bizkaia", "MUNICIPIO": "48020 - Bilbao", "COD_MUNICIPIO": "48020", "DISTRITO": "02", "SECCION": "4802002023", "V1_H": 80.21, "V1_M": 86.35, "V2_H": 80.00126986, "V2_M": 86.33312861, "V3_H": 80.58114521, "V3_M": 86.56210486000001 }, "geometry": { "type": "Polygon", "coordinates": [ [ [ -2.9167539, 43.2663318 ], [ -2.9168701, 43.266647 ], [ -2.9170423, 43.2668678 ], [ -2.9172554, 43.267075 ], [ -2.9180311, 43.2675393 ], [ -2.9182599, 43.2675034 ], [ -2.9183922, 43.2673054 ], [ -2.9185249, 43.267139 ], [ -2.9185852, 43.2669094 ], [ -2.9186098, 43.2667113 ], [ -2.9186271, 43.2664457 ], [ -2.9182613, 43.2664544 ], [ -2.9180626, 43.2664543 ], [ -2.9176056, 43.2663999 ], [ -2.9173831, 43.2663502 ], [ -2.9171186, 43.266269 ], [ -2.9169562, 43.2661923 ], [ -2.9167169, 43.2660346 ], [ -2.916734, 43.2662102 ], [ -2.9167539, 43.2663318 ] ] ] } },
{ "type": "Feature", "properties": { "CCAA": "16 - País Vasco", "PROVINCIA": "48 - Bizkaia", "MUNICIPIO": "48020 - Bilbao", "COD_MUNICIPIO": "48020", "DISTRITO": "03", "SECCION": "4802003003", "V1_H": 80.06, "V1_M": 86.09, "V2_H": 79.80248703, "V2_M": 86.14116428, "V3_H": 80.46064959, "V3_M": 86.17412372 }, "geometry": { "type": "Polygon", "coordinates": [ [ [ -2.8992219, 43.2625356 ], [ -2.8993787, 43.2624998 ], [ -2.8997873, 43.2624641 ], [ -2.9000433, 43.2624733 ], [ -2.9002894, 43.262487 ], [ -2.9005565, 43.2625413 ], [ -2.9008074, 43.262618 ], [ -2.9010079, 43.2627038 ], [ -2.9011664, 43.2627444 ], [ -2.9013847, 43.2627626 ], [ -2.9015242, 43.2627132 ], [ -2.901653, 43.2626233 ], [ -2.901761, 43.2624973 ], [ -2.901797, 43.2623623 ], [ -2.901788, 43.2622092 ], [ -2.9016766, 43.2620515 ], [ -2.9015018, 43.2618308 ], [ -2.9014439, 43.2616686 ], [ -2.9014337, 43.261538 ], [ -2.9014897, 43.2614165 ], [ -2.9014699, 43.2610969 ], [ -2.901476, 43.2608402 ], [ -2.9014998, 43.2606421 ], [ -2.9015313, 43.2604801 ], [ -2.9015695, 43.2604126 ], [ -2.9016228, 43.2603136 ], [ -2.9005529, 43.2598039 ], [ -2.900521, 43.2599929 ], [ -2.9005582, 43.2605648 ], [ -2.9005036, 43.2607268 ], [ -2.9001955, 43.2610237 ], [ -2.8997911, 43.2613025 ], [ -2.8995719, 43.2614284 ], [ -2.8990156, 43.261608 ], [ -2.8989327, 43.2616349 ], [ -2.8992219, 43.2625356 ] ] ] } },
{ "type": "Feature", "properties": { "CCAA": "16 - País Vasco", "PROVINCIA": "48 - Bizkaia", "MUNICIPIO": "48020 - Bilbao", "COD_MUNICIPIO": "48020", "DISTRITO": "03", "SECCION": "4802003006", "V1_H": 78.9, "V1_M": 84.87, "V2_H": 79.02373168, "V2_M": 85.07467156, "V3_H": 78.82484982, "V3_M": 84.79604014 }, "geometry": { "type": "Polygon", "coordinates": [ [ [ -2.8951033, 43.2588535 ], [ -2.895325, 43.2589258 ], [ -2.8955899, 43.2589575 ], [ -2.8957832, 43.2589307 ], [ -2.8960577, 43.2589489 ], [ -2.8962295, 43.2593363 ], [ -2.8966401, 43.2597059 ], [ -2.8970983, 43.260098 ], [ -2.8973632, 43.2603638 ], [ -2.8976662, 43.2606252 ], [ -2.8980698, 43.2609498 ], [ -2.8980482, 43.2607697 ], [ -2.8979912, 43.2606165 ], [ -2.898011, 43.2602429 ], [ -2.8980627, 43.2599187 ], [ -2.8977029, 43.2595807 ], [ -2.8974411, 43.2593509 ], [ -2.8971501, 43.259112 ], [ -2.8969364, 43.2588777 ], [ -2.8966762, 43.2586163 ], [ -2.8962857, 43.2582063 ], [ -2.8951033, 43.2588535 ] ] ] } },
{ "type": "Feature", "properties": { "CCAA": "16 - País Vasco", "PROVINCIA": "48 - Bizkaia", "MUNICIPIO": "48020 - Bilbao", "COD_MUNICIPIO": "48020", "DISTRITO": "03", "SECCION": "4802003021", "V1_H": 80.91, "V1_M": 86.7, "V2_H": 80.91796575, "V2_M": 86.73459974, "V3_H": 81.00259482, "V3_M": 86.81948346 }, "geometry": { "type": "Polygon", "coordinates": [ [ [ -2.90018, 43.2536174 ], [ -2.9007761, 43.2537755 ], [ -2.9016546, 43.2540374 ], [ -2.9021039, 43.2532543 ], [ -2.9032415, 43.2511662 ], [ -2.9042044, 43.2493706 ], [ -2.9040628, 43.249375 ], [ -2.9039342, 43.2493884 ], [ -2.9035487, 43.2494466 ], [ -2.9032275, 43.2495409 ], [ -2.9027721, 43.2497701 ], [ -2.9024774, 43.2499454 ], [ -2.9022446, 43.2500893 ], [ -2.9009479, 43.2508671 ], [ -2.9005617, 43.2511369 ], [ -2.9008879, 43.2522808 ], [ -2.9008302, 43.2525104 ], [ -2.90018, 43.2536174 ] ] ] } },
{ "type": "Feature", "properties": { "CCAA": "16 - País Vasco", "PROVINCIA": "48 - Bizkaia", "MUNICIPIO": "48020 - Bilbao", "COD_MUNICIPIO": "48020", "DISTRITO": "03", "SECCION": "4802003023", "V1_H": 81.68, "V1_M": 87.08, "V2_H": 81.12537096, "V2_M": 86.91948792, "V3_H": 82.31095034000001, "V3_M": 87.32789848 }, "geometry": { "type": "Polygon", "coordinates": [ [ [ -2.9075695, 43.2570679 ], [ -2.9104588, 43.2574619 ], [ -2.9107073, 43.2565616 ], [ -2.9113594, 43.256346 ], [ -2.9111242, 43.2560982 ], [ -2.9107379, 43.2556792 ], [ -2.9101802, 43.2550484 ], [ -2.9099804, 43.2548096 ], [ -2.9091151, 43.2538545 ], [ -2.90826, 43.2528858 ], [ -2.9079364, 43.2525163 ], [ -2.9078736, 43.2525658 ], [ -2.9077155, 43.2527052 ], [ -2.9076934, 43.2528178 ], [ -2.9079306, 43.2561272 ], [ -2.9075695, 43.2570679 ] ] ] } },
{ "type": "Feature", "properties": { "CCAA": "16 - País Vasco", "PROVINCIA": "48 - Bizkaia", "MUNICIPIO": "48020 - Bilbao", "COD_MUNICIPIO": "48020", "DISTRITO": "04", "SECCION": "4802004019", "V1_H": 80.55, "V1_M": 86.21, "V2_H": 80.25181467, "V2_M": 85.94546636, "V3_H": 81.01047082, "V3_M": 86.65561049 }, "geometry": { "type": "Polygon", "coordinates": [ [ [ -2.90826, 43.2528858 ], [ -2.9091151, 43.2538545 ], [ -2.9100253, 43.2535491 ], [ -2.9106061, 43.2534414 ], [ -2.9105555, 43.2533153 ], [ -2.9105161, 43.2531037 ], [ -2.9105241, 43.2529146 ], [ -2.9105432, 43.2527255 ], [ -2.9105574, 43.2525004 ], [ -2.9105471, 43.2524419 ], [ -2.910054, 43.2524505 ], [ -2.9088956, 43.2526477 ], [ -2.90826, 43.2528858 ] ] ] } },
{ "type": "Feature", "properties": { "CCAA": "16 - País Vasco", "PROVINCIA": "48 - Bizkaia", "MUNICIPIO": "48020 - Bilbao", "COD_MUNICIPIO": "48020", "DISTRITO": "04", "SECCION": "4802004021", "V1_H": 81.47, "V1_M": 86.95, "V2_H": 81.05678048, "V2_M": 86.75805168, "V3_H": 81.85108408000001, "V3_M": 87.21302779 }, "geometry": { "type": "Polygon", "coordinates": [ [ [ -2.9149437, 43.2520761 ], [ -2.9151538, 43.2524004 ], [ -2.9163336, 43.251987 ], [ -2.9158385, 43.2511898 ], [ -2.9156783, 43.2509105 ], [ -2.9154173, 43.2506402 ], [ -2.9152963, 43.2506986 ], [ -2.9143848, 43.2512157 ], [ -2.9145775, 43.2516075 ], [ -2.9149437, 43.2520761 ] ] ] } },
{ "type": "Feature", "properties": { "CCAA": "16 - País Vasco", "PROVINCIA": "48 - Bizkaia", "MUNICIPIO": "48020 - Bilbao", "COD_MUNICIPIO": "48020", "DISTRITO": "02", "SECCION": "4802002018", "V1_H": 81.11, "V1_M": 86.51, "V2_H": 80.75023294, "V2_M": 86.37370028, "V3_H": 81.47997818, "V3_M": 86.68611994 }, "geometry": { "type": "Polygon", "coordinates": [ [ [ -2.9243202, 43.2699254 ], [ -2.9245046, 43.26993 ], [ -2.9248855, 43.2699438 ], [ -2.9253626, 43.2699711 ], [ -2.9256163, 43.2699983 ], [ -2.926123, 43.2700842 ], [ -2.9265415, 43.2701835 ], [ -2.9269377, 43.2702558 ], [ -2.9274921, 43.2703552 ], [ -2.9277173, 43.2700537 ], [ -2.927531, 43.269959 ], [ -2.9271582, 43.2697471 ], [ -2.9267675, 43.2695218 ], [ -2.926395, 43.2693325 ], [ -2.9260402, 43.2691837 ], [ -2.9257029, 43.2691069 ], [ -2.9254869, 43.2690707 ], [ -2.9251863, 43.2690345 ], [ -2.9249191, 43.2689713 ], [ -2.9250428, 43.2694306 ], [ -2.9249002, 43.2695566 ], [ -2.9243202, 43.2699254 ] ] ] } },
{ "type": "Feature", "properties": { "CCAA": "16 - País Vasco", "PROVINCIA": "48 - Bizkaia", "MUNICIPIO": "48020 - Bilbao", "COD_MUNICIPIO": "48020", "DISTRITO": "02", "SECCION": "4802002025", "V1_H": 81.58, "V1_M": 86.83, "V2_H": 80.91860297, "V2_M": 86.63659936000001, "V3_H": 82.21677219, "V3_M": 87.10560157 }, "geometry": { "type": "Polygon", "coordinates": [ [ [ -2.9277173, 43.2700537 ], [ -2.9277197, 43.2700498 ], [ -2.9281797, 43.2702206 ], [ -2.9283037, 43.2701373 ], [ -2.9286332, 43.269904 ], [ -2.9281535, 43.2696488 ], [ -2.9281518, 43.2696352 ], [ -2.9281033, 43.2695992 ], [ -2.9264906, 43.268351 ], [ -2.9252826, 43.2674182 ], [ -2.9251372, 43.2673101 ], [ -2.9249494, 43.2674405 ], [ -2.9247347, 43.2675935 ], [ -2.9247533, 43.2681248 ], [ -2.9248202, 43.268575 ], [ -2.9249191, 43.2689713 ], [ -2.9251863, 43.2690345 ], [ -2.9254869, 43.2690707 ], [ -2.9257029, 43.2691069 ], [ -2.9260402, 43.2691837 ], [ -2.926395, 43.2693325 ], [ -2.9267675, 43.2695218 ], [ -2.9271582, 43.2697471 ], [ -2.927531, 43.269959 ], [ -2.9277173, 43.2700537 ] ] ] } },
{ "type": "Feature", "properties": { "CCAA": "16 - País Vasco", "PROVINCIA": "48 - Bizkaia", "MUNICIPIO": "48020 - Bilbao", "COD_MUNICIPIO": "48020", "DISTRITO": "02", "SECCION": "4802002029", "V1_H": 80.21, "V1_M": 86.35, "V2_H": 80.00126986, "V2_M": 86.33312861, "V3_H": 80.58114521, "V3_M": 86.56210486000001 }, "geometry": { "type": "Polygon", "coordinates": [ [ [ -2.9186271, 43.2664457 ], [ -2.9189805, 43.266491 ], [ -2.919275, 43.2665722 ], [ -2.9205516, 43.2670323 ], [ -2.920744, 43.2668569 ], [ -2.9205345, 43.2665776 ], [ -2.920557, 43.266438 ], [ -2.920319, 43.2661542 ], [ -2.9197232, 43.2660322 ], [ -2.9198015, 43.2658792 ], [ -2.918075, 43.2658059 ], [ -2.9180626, 43.2664543 ], [ -2.9182613, 43.2664544 ], [ -2.9186271, 43.2664457 ] ] ] } },
{ "type": "Feature", "properties": { "CCAA": "16 - País Vasco", "PROVINCIA": "48 - Bizkaia", "MUNICIPIO": "48020 - Bilbao", "COD_MUNICIPIO": "48020", "DISTRITO": "03", "SECCION": "4802003001", "V1_H": 81.18, "V1_M": 86.79, "V2_H": 80.97904731, "V2_M": 86.77314473, "V3_H": 81.44010912, "V3_M": 86.96351832000001 }, "geometry": { "type": "Polygon", "coordinates": [ [ [ -2.8928158, 43.2696344 ], [ -2.8933581, 43.2698015 ], [ -2.8943425, 43.269915 ], [ -2.8956843, 43.2700648 ], [ -2.8973614, 43.2702599 ], [ -2.8984471, 43.270405 ], [ -2.9006717, 43.2707311 ], [ -2.9007544, 43.2707807 ], [ -2.9016811, 43.2708715 ], [ -2.9028803, 43.2706159 ], [ -2.9052036, 43.2701091 ], [ -2.9065049, 43.2698311 ], [ -2.9067659, 43.2696602 ], [ -2.9069236, 43.2695298 ], [ -2.906998, 43.2694353 ], [ -2.9070644, 43.2693273 ], [ -2.9071062, 43.2692103 ], [ -2.9071269, 43.2690617 ], [ -2.9070738, 43.268751 ], [ -2.9070617, 43.2686024 ], [ -2.9070865, 43.2684764 ], [ -2.9071696, 43.2683098 ], [ -2.9072943, 43.2681073 ], [ -2.9074433, 43.2678598 ], [ -2.9075018, 43.2676528 ], [ -2.9074606, 43.2673556 ], [ -2.9073866, 43.2671845 ], [ -2.9073163, 43.2670493 ], [ -2.9072588, 43.2668917 ], [ -2.9072463, 43.2667206 ], [ -2.9072593, 43.2665945 ], [ -2.9073287, 43.2664505 ], [ -2.9073597, 43.266383 ], [ -2.9074179, 43.266329 ], [ -2.9076411, 43.2661581 ], [ -2.907881, 43.2659692 ], [ -2.9080459, 43.2658433 ], [ -2.9081719, 43.2658119 ], [ -2.9082983, 43.2657354 ], [ -2.9083385, 43.2656769 ], [ -2.9083787, 43.2655464 ], [ -2.9083467, 43.2653033 ], [ -2.9082075, 43.264988 ], [ -2.9081375, 43.2648799 ], [ -2.9079042, 43.2643304 ], [ -2.9077942, 43.2642718 ], [ -2.9076598, 43.2642447 ], [ -2.907594, 43.2642626 ], [ -2.9069872, 43.2644737 ], [ -2.906661, 43.2645185 ], [ -2.9063866, 43.2646623 ], [ -2.9060879, 43.2648647 ], [ -2.9059699, 43.2649321 ], [ -2.9058679, 43.2649455 ], [ -2.9058198, 43.2649095 ], [ -2.9057818, 43.2648644 ], [ -2.90582, 43.2647924 ], [ -2.9060061, 43.264716 ], [ -2.9061603, 43.2645991 ], [ -2.9068056, 43.2641134 ], [ -2.906972, 43.2638524 ], [ -2.9070885, 43.2637219 ], [ -2.9071869, 43.2635374 ], [ -2.9071694, 43.2631772 ], [ -2.9072454, 43.2630557 ], [ -2.9073137, 43.2629972 ], [ -2.9074177, 43.2629478 ], [ -2.907536, 43.2629029 ], [ -2.9078464, 43.2628716 ], [ -2.9079785, 43.2628492 ], [ -2.9080968, 43.2627908 ], [ -2.9081647, 43.2627278 ], [ -2.9082311, 43.2626108 ], [ -2.9083935, 43.2624218 ], [ -2.9086097, 43.2622959 ], [ -2.9097428, 43.26177 ], [ -2.911405, 43.2610375 ], [ -2.9115452, 43.2609746 ], [ -2.9120628, 43.2601285 ], [ -2.9121809, 43.259908 ], [ -2.912272, 43.2597685 ], [ -2.9123061, 43.2596154 ], [ -2.9123175, 43.2594489 ], [ -2.9123334, 43.2591202 ], [ -2.9122041, 43.2588005 ], [ -2.9120142, 43.2585572 ], [ -2.9119154, 43.2584715 ], [ -2.912059, 43.2584582 ], [ -2.9121833, 43.2584943 ], [ -2.9123676, 43.258607 ], [ -2.912701, 43.2588774 ], [ -2.9128878, 43.2588415 ], [ -2.9129638, 43.2587425 ], [ -2.9128004, 43.2583461 ], [ -2.912616, 43.2577562 ], [ -2.9124585, 43.257504 ], [ -2.9116393, 43.2566434 ], [ -2.9113594, 43.256346 ], [ -2.9107073, 43.2565616 ], [ -2.9104588, 43.2574619 ], [ -2.9100537, 43.2575471 ], [ -2.9087904, 43.259347 ], [ -2.9081842, 43.260265 ], [ -2.9080598, 43.260481 ], [ -2.907894, 43.260688 ], [ -2.9077013, 43.2608004 ], [ -2.9074305, 43.2608812 ], [ -2.9071967, 43.2609171 ], [ -2.9069226, 43.2608808 ], [ -2.9054806, 43.2607176 ], [ -2.9053347, 43.2606769 ], [ -2.9050942, 43.2606047 ], [ -2.9049115, 43.2604785 ], [ -2.9047338, 43.2603207 ], [ -2.90454, 43.2601585 ], [ -2.904391, 43.2599197 ], [ -2.9042354, 43.259699 ], [ -2.9040937, 43.2594963 ], [ -2.9037322, 43.2589962 ], [ -2.9018053, 43.2601156 ], [ -2.9016228, 43.2603136 ], [ -2.9015695, 43.2604126 ], [ -2.9015313, 43.2604801 ], [ -2.9014998, 43.2606421 ], [ -2.901476, 43.2608402 ], [ -2.9014699, 43.2610969 ], [ -2.9014897, 43.2614165 ], [ -2.9014337, 43.261538 ], [ -2.9014439, 43.2616686 ], [ -2.9015018, 43.2618308 ], [ -2.9016766, 43.2620515 ], [ -2.901788, 43.2622092 ], [ -2.901797, 43.2623623 ], [ -2.901761, 43.2624973 ], [ -2.901653, 43.2626233 ], [ -2.9015242, 43.2627132 ], [ -2.9013847, 43.2627626 ], [ -2.9011664, 43.2627444 ], [ -2.9010079, 43.2627038 ], [ -2.9008074, 43.262618 ], [ -2.9005565, 43.2625413 ], [ -2.9002894, 43.262487 ], [ -2.9000433, 43.2624733 ], [ -2.8997873, 43.2624641 ], [ -2.8993787, 43.2624998 ], [ -2.8992219, 43.2625356 ], [ -2.8987081, 43.2626297 ], [ -2.8985243, 43.2629537 ], [ -2.8983986, 43.2630842 ], [ -2.8982439, 43.2632506 ], [ -2.8981418, 43.2635116 ], [ -2.8979588, 43.2637907 ], [ -2.8977998, 43.2639886 ], [ -2.8976139, 43.2641685 ], [ -2.8974905, 43.2643215 ], [ -2.8973203, 43.2645059 ], [ -2.8970971, 43.2646993 ], [ -2.8968365, 43.2648702 ], [ -2.8965512, 43.26505 ], [ -2.8962413, 43.2652118 ], [ -2.8959653, 43.2652071 ], [ -2.8956355, 43.2651032 ], [ -2.8953233, 43.2650579 ], [ -2.8948188, 43.2650935 ], [ -2.8943738, 43.2652597 ], [ -2.8937401, 43.2655922 ], [ -2.8934646, 43.2656955 ], [ -2.8931572, 43.2657537 ], [ -2.8927857, 43.2657444 ], [ -2.8924281, 43.2656855 ], [ -2.8918593, 43.2654959 ], [ -2.8914287, 43.2653334 ], [ -2.8908326, 43.2651437 ], [ -2.8907133, 43.2650896 ], [ -2.8905775, 43.2650174 ], [ -2.8903653, 43.2648416 ], [ -2.888927, 43.2636381 ], [ -2.8887714, 43.2634084 ], [ -2.8885568, 43.2628859 ], [ -2.8884608, 43.2627237 ], [ -2.8882687, 43.2625029 ], [ -2.8879665, 43.2622595 ], [ -2.8877692, 43.2621422 ], [ -2.8875768, 43.2620835 ], [ -2.8874347, 43.2620698 ], [ -2.8872742, 43.2620832 ], [ -2.8870676, 43.2621595 ], [ -2.8869068, 43.2622899 ], [ -2.8864289, 43.2627667 ], [ -2.88591, 43.2630543 ], [ -2.8857217, 43.2630767 ], [ -2.8849374, 43.2630669 ], [ -2.8847723, 43.2630397 ], [ -2.8845661, 43.2629539 ], [ -2.8842546, 43.2627375 ], [ -2.8839203, 43.2625706 ], [ -2.88387, 43.2624715 ], [ -2.8838107, 43.2622823 ], [ -2.883687, 43.2621516 ], [ -2.8835358, 43.2621065 ], [ -2.8831458, 43.262043 ], [ -2.8829466, 43.2619168 ], [ -2.8828066, 43.2618626 ], [ -2.8820346, 43.2616502 ], [ -2.8813406, 43.2613298 ], [ -2.879831, 43.2624493 ], [ -2.8795659, 43.2640788 ], [ -2.8786443, 43.2638122 ], [ -2.8779139, 43.2636043 ], [ -2.8773832, 43.2634372 ], [ -2.8769165, 43.2632926 ], [ -2.876661, 43.2632158 ], [ -2.8769509, 43.2633782 ], [ -2.878074, 43.2640052 ], [ -2.8785271, 43.2642623 ], [ -2.8789421, 43.2644924 ], [ -2.8795044, 43.2648081 ], [ -2.8802552, 43.2652321 ], [ -2.8805196, 43.2653045 ], [ -2.8815575, 43.2654361 ], [ -2.8824059, 43.2655631 ], [ -2.8826645, 43.2656354 ], [ -2.8829228, 43.2656761 ], [ -2.8831111, 43.2657079 ], [ -2.8832858, 43.2657531 ], [ -2.8834998, 43.2658118 ], [ -2.883821, 43.2659562 ], [ -2.8842811, 43.2661953 ], [ -2.8849328, 43.2665202 ], [ -2.885177, 43.2666645 ], [ -2.8855468, 43.2668314 ], [ -2.885718, 43.2668946 ], [ -2.8858812, 43.2669623 ], [ -2.8859954, 43.2670165 ], [ -2.8862582, 43.2671293 ], [ -2.8864486, 43.267224 ], [ -2.8867218, 43.2673549 ], [ -2.8868922, 43.2674361 ], [ -2.8870322, 43.2675262 ], [ -2.8872423, 43.2676255 ], [ -2.8874382, 43.2677113 ], [ -2.8877137, 43.2677881 ], [ -2.8879057, 43.2678423 ], [ -2.8880335, 43.2678694 ], [ -2.8881244, 43.26791 ], [ -2.8883036, 43.2680003 ], [ -2.8885318, 43.268104 ], [ -2.8888497, 43.2682034 ], [ -2.8892757, 43.2683524 ], [ -2.8896128, 43.2684743 ], [ -2.8903671, 43.2687406 ], [ -2.8912041, 43.2690566 ], [ -2.8918375, 43.2692868 ], [ -2.8923328, 43.2694764 ], [ -2.8928158, 43.2696344 ] ] ] } },
{ "type": "Feature", "properties": { "CCAA": "16 - País Vasco", "PROVINCIA": "48 - Bizkaia", "MUNICIPIO": "48020 - Bilbao", "COD_MUNICIPIO": "48020", "DISTRITO": "03", "SECCION": "4802003009", "V1_H": 79.33, "V1_M": 85.14, "V2_H": 79.29974376, "V2_M": 85.20981541, "V3_H": 79.50065775, "V3_M": 85.33298389 }, "geometry": { "type": "Polygon", "coordinates": [ [ [ -2.8983818, 43.2567674 ], [ -2.8981855, 43.2565196 ], [ -2.8980164, 43.2563213 ], [ -2.8978077, 43.2561231 ], [ -2.8975369, 43.2559562 ], [ -2.8971803, 43.2558253 ], [ -2.8968604, 43.25578 ], [ -2.8964866, 43.2558022 ], [ -2.8961611, 43.2558874 ], [ -2.89599, 43.2559863 ], [ -2.8958685, 43.2560673 ], [ -2.89563, 43.2562291 ], [ -2.8953737, 43.2563595 ], [ -2.8950409, 43.2564627 ], [ -2.8947385, 43.2565345 ], [ -2.8943241, 43.2566151 ], [ -2.8944832, 43.2579164 ], [ -2.8945864, 43.2577049 ], [ -2.894657, 43.2575789 ], [ -2.8948521, 43.2574215 ], [ -2.8957786, 43.2568731 ], [ -2.8962275, 43.2573373 ], [ -2.8963796, 43.2573419 ], [ -2.8965915, 43.2574502 ], [ -2.8967296, 43.2575178 ], [ -2.8969845, 43.2577521 ], [ -2.8974694, 43.2574284 ], [ -2.8978914, 43.2576584 ], [ -2.8979905, 43.2575459 ], [ -2.8982349, 43.2573751 ], [ -2.8984891, 43.2573303 ], [ -2.8987781, 43.2573801 ], [ -2.8990382, 43.2575154 ], [ -2.8992673, 43.257268 ], [ -2.8983181, 43.2569159 ], [ -2.8983818, 43.2567674 ] ] ] } },
{ "type": "Feature", "properties": { "CCAA": "16 - País Vasco", "PROVINCIA": "48 - Bizkaia", "MUNICIPIO": "48020 - Bilbao", "COD_MUNICIPIO": "48020", "DISTRITO": "03", "SECCION": "4802003016", "V1_H": 81.58, "V1_M": 86.83, "V2_H": 80.91860297, "V2_M": 86.63659936000001, "V3_H": 82.21677219, "V3_M": 87.10560157 }, "geometry": { "type": "Polygon", "coordinates": [ [ [ -2.9063384, 43.2587057 ], [ -2.9082773, 43.258991 ], [ -2.9081991, 43.2592655 ], [ -2.9087904, 43.259347 ], [ -2.9100537, 43.2575471 ], [ -2.9104588, 43.2574619 ], [ -2.9075695, 43.2570679 ], [ -2.9063384, 43.2587057 ] ] ] } },
{ "type": "Feature", "properties": { "CCAA": "16 - País Vasco", "PROVINCIA": "48 - Bizkaia", "MUNICIPIO": "48020 - Bilbao", "COD_MUNICIPIO": "48020", "DISTRITO": "03", "SECCION": "4802003020", "V1_H": 81.55, "V1_M": 86.88, "V2_H": 81.46298126000001, "V2_M": 86.741846, "V3_H": 81.68783029, "V3_M": 87.18580847 }, "geometry": { "type": "Polygon", "coordinates": [ [ [ -2.9021039, 43.2532543 ], [ -2.9027412, 43.253426 ], [ -2.9029657, 43.2534397 ], [ -2.9033191, 43.253413 ], [ -2.9030522, 43.2532237 ], [ -2.9033939, 43.2526161 ], [ -2.9040747, 43.2527788 ], [ -2.9051158, 43.2509877 ], [ -2.9052182, 43.2509788 ], [ -2.9056521, 43.2501912 ], [ -2.9058406, 43.2500518 ], [ -2.9056142, 43.2498356 ], [ -2.9054192, 43.2497048 ], [ -2.9051838, 43.2495875 ], [ -2.9049564, 43.2495063 ], [ -2.9046971, 43.2494296 ], [ -2.9044161, 43.2493933 ], [ -2.9042044, 43.2493706 ], [ -2.9032415, 43.2511662 ], [ -2.9021039, 43.2532543 ] ] ] } },
{ "type": "Feature", "properties": { "CCAA": "16 - País Vasco", "PROVINCIA": "48 - Bizkaia", "MUNICIPIO": "48020 - Bilbao", "COD_MUNICIPIO": "48020", "DISTRITO": "04", "SECCION": "4802004006", "V1_H": 80.85, "V1_M": 86.44, "V2_H": 80.47892397, "V2_M": 86.23437891, "V3_H": 81.22204479, "V3_M": 86.80010662 }, "geometry": { "type": "Polygon", "coordinates": [ [ [ -2.9113594, 43.256346 ], [ -2.9116393, 43.2566434 ], [ -2.9124585, 43.257504 ], [ -2.912616, 43.2577562 ], [ -2.9128004, 43.2583461 ], [ -2.9129638, 43.2587425 ], [ -2.9136999, 43.2579282 ], [ -2.9135504, 43.2577704 ], [ -2.9135083, 43.2575858 ], [ -2.9135209, 43.2574102 ], [ -2.913594, 43.2571942 ], [ -2.9136254, 43.2570006 ], [ -2.9135889, 43.2567124 ], [ -2.9135053, 43.2564872 ], [ -2.9133604, 43.2562575 ], [ -2.9132333, 43.2560953 ], [ -2.9129583, 43.2558925 ], [ -2.9127214, 43.2556762 ], [ -2.9113594, 43.256346 ] ] ] } },
{ "type": "Feature", "properties": { "CCAA": "16 - País Vasco", "PROVINCIA": "48 - Bizkaia", "MUNICIPIO": "48020 - Bilbao", "COD_MUNICIPIO": "48020", "DISTRITO": "04", "SECCION": "4802004015", "V1_H": 81.37, "V1_M": 86.85, "V2_H": 81.08688328, "V2_M": 86.76748373, "V3_H": 81.75507894, "V3_M": 87.07522296 }, "geometry": { "type": "Polygon", "coordinates": [ [ [ -2.9119822, 43.25247 ], [ -2.9122571, 43.2532491 ], [ -2.9154273, 43.2528283 ], [ -2.9151538, 43.2524004 ], [ -2.9149437, 43.2520761 ], [ -2.9129721, 43.2524618 ], [ -2.9119822, 43.25247 ] ] ] } },
{ "type": "Feature", "properties": { "CCAA": "16 - País Vasco", "PROVINCIA": "48 - Bizkaia", "MUNICIPIO": "48020 - Bilbao", "COD_MUNICIPIO": "48020", "DISTRITO": "04", "SECCION": "4802004022", "V1_H": 80.65, "V1_M": 86.4, "V2_H": 80.41087182, "V2_M": 86.2775211, "V3_H": 80.94660094, "V3_M": 86.57847437 }, "geometry": { "type": "Polygon", "coordinates": [ [ [ -2.9122576, 43.2513717 ], [ -2.9119822, 43.25247 ], [ -2.9129721, 43.2524618 ], [ -2.9149437, 43.2520761 ], [ -2.9145775, 43.2516075 ], [ -2.9132432, 43.25162 ], [ -2.9122576, 43.2513717 ] ] ] } },
{ "type": "Feature", "properties": { "CCAA": "16 - País Vasco", "PROVINCIA": "48 - Bizkaia", "MUNICIPIO": "48020 - Bilbao", "COD_MUNICIPIO": "48020", "DISTRITO": "04", "SECCION": "4802004027", "V1_H": 79.78, "V1_M": 85.67, "V2_H": 79.78305357000001, "V2_M": 85.83721796, "V3_H": 80.07461692, "V3_M": 85.64972132 }, "geometry": { "type": "Polygon", "coordinates": [ [ [ -2.9143636, 43.2511842 ], [ -2.9143848, 43.2512157 ], [ -2.9152963, 43.2506986 ], [ -2.9154173, 43.2506402 ], [ -2.9159412, 43.250438 ], [ -2.9164259, 43.2503573 ], [ -2.9165081, 43.2499791 ], [ -2.9136525, 43.2490901 ], [ -2.9138606, 43.2497611 ], [ -2.9139292, 43.2499817 ], [ -2.9140241, 43.2501349 ], [ -2.9143052, 43.2511211 ], [ -2.9143636, 43.2511842 ] ] ] } },
{ "type": "Feature", "properties": { "CCAA": "16 - País Vasco", "PROVINCIA": "48 - Bizkaia", "MUNICIPIO": "48020 - Bilbao", "COD_MUNICIPIO": "48020", "DISTRITO": "04", "SECCION": "4802004035", "V1_H": 80.31, "V1_M": 85.98, "V2_H": 80.51251293, "V2_M": 86.22129475, "V3_H": 80.221823, "V3_M": 85.87405604 }, "geometry": { "type": "Polygon", "coordinates": [ [ [ -2.9191303, 43.250922 ], [ -2.9205143, 43.2513547 ], [ -2.9215505, 43.2507228 ], [ -2.9215252, 43.2506491 ], [ -2.9214536, 43.2503564 ], [ -2.9214377, 43.2501312 ], [ -2.9214014, 43.2499511 ], [ -2.9208945, 43.2479605 ], [ -2.9172492, 43.2500765 ], [ -2.9169899, 43.2503262 ], [ -2.9172043, 43.2503849 ], [ -2.9175144, 43.2504661 ], [ -2.9191303, 43.250922 ] ] ] } },
{ "type": "Feature", "properties": { "CCAA": "16 - País Vasco", "PROVINCIA": "48 - Bizkaia", "MUNICIPIO": "48020 - Bilbao", "COD_MUNICIPIO": "48020", "DISTRITO": "05", "SECCION": "4802005003", "V1_H": 81.4, "V1_M": 86.8, "V2_H": 81.08162797, "V2_M": 86.57651574, "V3_H": 81.67802952, "V3_M": 87.10412253 }, "geometry": { "type": "Polygon", "coordinates": [ [ [ -2.9175953, 43.2592232 ], [ -2.9184938, 43.2596021 ], [ -2.9186168, 43.2594671 ], [ -2.9198167, 43.2587701 ], [ -2.9201062, 43.2588198 ], [ -2.9201173, 43.2585947 ], [ -2.9196291, 43.2585223 ], [ -2.9190043, 43.2584949 ], [ -2.9183872, 43.2581162 ], [ -2.9178995, 43.2577647 ], [ -2.9161433, 43.2567999 ], [ -2.9157387, 43.2564709 ], [ -2.9149484, 43.2561327 ], [ -2.9147431, 43.256146 ], [ -2.9145528, 43.2562584 ], [ -2.9144549, 43.2563844 ], [ -2.9144495, 43.2565915 ], [ -2.9144954, 43.2568212 ], [ -2.9145106, 43.2569923 ], [ -2.914555, 43.2571769 ], [ -2.9146568, 43.2573391 ], [ -2.9149436, 43.2575824 ], [ -2.9152731, 43.2574431 ], [ -2.9155296, 43.2573442 ], [ -2.9158064, 43.2573219 ], [ -2.9161429, 43.2573537 ], [ -2.9163622, 43.2574529 ], [ -2.9165664, 43.2575926 ], [ -2.916753, 43.2577323 ], [ -2.9169134, 43.2578855 ], [ -2.9171106, 43.2580478 ], [ -2.9172383, 43.2581739 ], [ -2.9173659, 43.2583226 ], [ -2.9175485, 43.2585703 ], [ -2.9175848, 43.258764 ], [ -2.9175882, 43.2590701 ], [ -2.9175953, 43.2592232 ] ] ] } },
{ "type": "Feature", "properties": { "CCAA": "16 - País Vasco", "PROVINCIA": "48 - Bizkaia", "MUNICIPIO": "48020 - Bilbao", "COD_MUNICIPIO": "48020", "DISTRITO": "02", "SECCION": "4802002009", "V1_H": 80.78, "V1_M": 86.64, "V2_H": 80.55514168000001, "V2_M": 86.45889906, "V3_H": 81.06237696, "V3_M": 86.87120108000001 }, "geometry": { "type": "Polygon", "coordinates": [ [ [ -2.9134658, 43.2649831 ], [ -2.9133913, 43.2651001 ], [ -2.913346, 43.2652757 ], [ -2.9133307, 43.2654197 ], [ -2.9133896, 43.2657169 ], [ -2.9134934, 43.2658881 ], [ -2.9135257, 43.2659241 ], [ -2.9136683, 43.2660593 ], [ -2.913959, 43.2663477 ], [ -2.914279, 43.2666316 ], [ -2.9144702, 43.2668073 ], [ -2.9144574, 43.2665552 ], [ -2.9144477, 43.2663526 ], [ -2.9145026, 43.2661635 ], [ -2.9145209, 43.2660149 ], [ -2.9145269, 43.2658393 ], [ -2.914509, 43.2657358 ], [ -2.9143471, 43.2655781 ], [ -2.9144521, 43.2653845 ], [ -2.9145702, 43.2652001 ], [ -2.9148412, 43.2649841 ], [ -2.9149695, 43.2649572 ], [ -2.9151001, 43.2648943 ], [ -2.9152281, 43.2647638 ], [ -2.9154159, 43.2645388 ], [ -2.9156212, 43.2643094 ], [ -2.9157438, 43.2641384 ], [ -2.9158264, 43.2640079 ], [ -2.9158339, 43.2638728 ], [ -2.9158314, 43.2637423 ], [ -2.9158316, 43.2635982 ], [ -2.9157745, 43.263382 ], [ -2.9157278, 43.2631478 ], [ -2.9156379, 43.2627786 ], [ -2.9156081, 43.2625534 ], [ -2.9155782, 43.2624769 ], [ -2.915492, 43.2624408 ], [ -2.9154292, 43.2624903 ], [ -2.9153402, 43.2625578 ], [ -2.9152273, 43.2626207 ], [ -2.9151198, 43.2626522 ], [ -2.9149624, 43.262598 ], [ -2.9141105, 43.2626784 ], [ -2.9137558, 43.2627637 ], [ -2.9133338, 43.2628039 ], [ -2.9133184, 43.2630335 ], [ -2.9132796, 43.2632135 ], [ -2.9132192, 43.2634702 ], [ -2.9132341, 43.2635872 ], [ -2.9132758, 43.2636998 ], [ -2.9132761, 43.2637808 ], [ -2.9134793, 43.2638485 ], [ -2.9136383, 43.2639615 ], [ -2.9138624, 43.2638423 ], [ -2.9139926, 43.2639662 ], [ -2.913751, 43.2642377 ], [ -2.9136255, 43.2641949 ], [ -2.9136105, 43.2642404 ], [ -2.9136257, 43.2643754 ], [ -2.9136386, 43.2645105 ], [ -2.9137666, 43.2646861 ], [ -2.9136682, 43.2647582 ], [ -2.9135391, 43.2648886 ], [ -2.9134658, 43.2649831 ] ] ] } },
{ "type": "Feature", "properties": { "CCAA": "16 - País Vasco", "PROVINCIA": "48 - Bizkaia", "MUNICIPIO": "48020 - Bilbao", "COD_MUNICIPIO": "48020", "DISTRITO": "02", "SECCION": "4802002020", "V1_H": 80.06, "V1_M": 86.09, "V2_H": 79.80248703, "V2_M": 86.14116428, "V3_H": 80.46064959, "V3_M": 86.17412372 }, "geometry": { "type": "Polygon", "coordinates": [ [ [ -2.9199889, 43.2686348 ], [ -2.9203036, 43.2688196 ], [ -2.9213318, 43.2693786 ], [ -2.9219042, 43.2683795 ], [ -2.9218329, 43.2681363 ], [ -2.9218158, 43.2679742 ], [ -2.9218183, 43.2678031 ], [ -2.9218509, 43.267623 ], [ -2.9218997, 43.2674205 ], [ -2.9214116, 43.2672445 ], [ -2.921087, 43.2672443 ], [ -2.9205143, 43.2681894 ], [ -2.9199889, 43.2686348 ] ] ] } },
{ "type": "Feature", "properties": { "CCAA": "16 - País Vasco", "PROVINCIA": "48 - Bizkaia", "MUNICIPIO": "48020 - Bilbao", "COD_MUNICIPIO": "48020", "DISTRITO": "02", "SECCION": "4802002027", "V1_H": 81.0, "V1_M": 86.46, "V2_H": 80.73228769000001, "V2_M": 86.26471443, "V3_H": 81.28044537, "V3_M": 86.73149122 }, "geometry": { "type": "Polygon", "coordinates": [ [ [ -2.9222871, 43.2667634 ], [ -2.9233902, 43.2671514 ], [ -2.9235869, 43.2672686 ], [ -2.9238746, 43.2675344 ], [ -2.9241558, 43.2677732 ], [ -2.9243896, 43.2679354 ], [ -2.9247533, 43.2681248 ], [ -2.9247347, 43.2675935 ], [ -2.9249494, 43.2674405 ], [ -2.9233601, 43.2663184 ], [ -2.9226212, 43.2662369 ], [ -2.9225391, 43.2663674 ], [ -2.9222871, 43.2667634 ] ] ] } },
{ "type": "Feature", "properties": { "CCAA": "16 - País Vasco", "PROVINCIA": "48 - Bizkaia", "MUNICIPIO": "48020 - Bilbao", "COD_MUNICIPIO": "48020", "DISTRITO": "02", "SECCION": "4802002034", "V1_H": 81.47, "V1_M": 86.8, "V2_H": 81.3148143, "V2_M": 86.48589846, "V3_H": 81.69126572, "V3_M": 87.1320201 }, "geometry": { "type": "Polygon", "coordinates": [ [ [ -2.9225391, 43.2663674 ], [ -2.9226212, 43.2662369 ], [ -2.9233601, 43.2663184 ], [ -2.9249494, 43.2674405 ], [ -2.9251372, 43.2673101 ], [ -2.9252826, 43.2674182 ], [ -2.9253755, 43.2669681 ], [ -2.924696, 43.2668686 ], [ -2.9242641, 43.2658282 ], [ -2.9246855, 43.2657025 ], [ -2.9244973, 43.2653331 ], [ -2.9244155, 43.265153 ], [ -2.9242771, 43.2649683 ], [ -2.9240836, 43.2648196 ], [ -2.9239124, 43.2646844 ], [ -2.9236908, 43.2645492 ], [ -2.9234588, 43.2644185 ], [ -2.9231355, 43.2643237 ], [ -2.922761, 43.2642019 ], [ -2.9227468, 43.2644225 ], [ -2.9227326, 43.2646836 ], [ -2.9226582, 43.2648141 ], [ -2.9225201, 43.2649446 ], [ -2.9223467, 43.2650571 ], [ -2.9223263, 43.2652957 ], [ -2.9221763, 43.2655477 ], [ -2.9225391, 43.2663674 ] ] ] } },
{ "type": "Feature", "properties": { "CCAA": "16 - País Vasco", "PROVINCIA": "48 - Bizkaia", "MUNICIPIO": "48020 - Bilbao", "COD_MUNICIPIO": "48020", "DISTRITO": "03", "SECCION": "4802003018", "V1_H": 80.65, "V1_M": 86.4, "V2_H": 80.41087182, "V2_M": 86.2775211, "V3_H": 80.94660094, "V3_M": 86.57847437 }, "geometry": { "type": "Polygon", "coordinates": [ [ [ -2.899531, 43.2554132 ], [ -2.899666, 43.2555034 ], [ -2.8998535, 43.255517 ], [ -2.9004046, 43.255378 ], [ -2.9007613, 43.2552657 ], [ -2.9012108, 43.2553697 ], [ -2.9014375, 43.2554464 ], [ -2.9019339, 43.2556044 ], [ -2.9029189, 43.2537728 ], [ -2.9031112, 43.2536379 ], [ -2.9032048, 43.2535366 ], [ -2.9033191, 43.253413 ], [ -2.9029657, 43.2534397 ], [ -2.9027412, 43.253426 ], [ -2.9021039, 43.2532543 ], [ -2.9016546, 43.2540374 ], [ -2.9007761, 43.2537755 ], [ -2.90018, 43.2536174 ], [ -2.8999059, 43.2540673 ], [ -2.899413, 43.2550619 ], [ -2.8993866, 43.2551835 ], [ -2.899531, 43.2554132 ] ] ] } },
{ "type": "Feature", "properties": { "CCAA": "16 - País Vasco", "PROVINCIA": "48 - Bizkaia", "MUNICIPIO": "48020 - Bilbao", "COD_MUNICIPIO": "48020", "DISTRITO": "04", "SECCION": "4802004003", "V1_H": 82.19, "V1_M": 87.25, "V2_H": 81.84285612, "V2_M": 87.14223952, "V3_H": 82.56554756, "V3_M": 87.46692958 }, "geometry": { "type": "Polygon", "coordinates": [ [ [ -2.9152387, 43.2613286 ], [ -2.9157521, 43.2618242 ], [ -2.9159248, 43.2616667 ], [ -2.9163563, 43.2609107 ], [ -2.9172721, 43.2596012 ], [ -2.9175953, 43.2592232 ], [ -2.9175882, 43.2590701 ], [ -2.9175848, 43.258764 ], [ -2.9175485, 43.2585703 ], [ -2.9173659, 43.2583226 ], [ -2.9172383, 43.2581739 ], [ -2.9171106, 43.2580478 ], [ -2.9169134, 43.2578855 ], [ -2.916753, 43.2577323 ], [ -2.9165664, 43.2575926 ], [ -2.9163622, 43.2574529 ], [ -2.9161429, 43.2573537 ], [ -2.9158064, 43.2573219 ], [ -2.9155296, 43.2573442 ], [ -2.9152731, 43.2574431 ], [ -2.9149436, 43.2575824 ], [ -2.9147317, 43.2576813 ], [ -2.9144328, 43.2578026 ], [ -2.9141158, 43.2579195 ], [ -2.9138905, 43.2579508 ], [ -2.9136999, 43.2579282 ], [ -2.9129638, 43.2587425 ], [ -2.9132251, 43.2591209 ], [ -2.9132753, 43.2592605 ], [ -2.9133552, 43.2593956 ], [ -2.9136295, 43.2597696 ], [ -2.9152387, 43.2613286 ] ] ] } },
{ "type": "Feature", "properties": { "CCAA": "16 - País Vasco", "PROVINCIA": "48 - Bizkaia", "MUNICIPIO": "48020 - Bilbao", "COD_MUNICIPIO": "48020", "DISTRITO": "04", "SECCION": "4802004017", "V1_H": 81.04, "V1_M": 86.55, "V2_H": 80.90626992, "V2_M": 86.32523903000001, "V3_H": 81.22678782, "V3_M": 86.81274177 }, "geometry": { "type": "Polygon", "coordinates": [ [ [ -2.9106061, 43.2534414 ], [ -2.9107077, 43.2536757 ], [ -2.9111287, 43.2541307 ], [ -2.9113194, 43.2542344 ], [ -2.9116853, 43.2541807 ], [ -2.911282, 43.2532169 ], [ -2.9112975, 43.252447 ], [ -2.9105471, 43.2524419 ], [ -2.9105574, 43.2525004 ], [ -2.9105432, 43.2527255 ], [ -2.9105241, 43.2529146 ], [ -2.9105161, 43.2531037 ], [ -2.9105555, 43.2533153 ], [ -2.9106061, 43.2534414 ] ] ] } },
{ "type": "Feature", "properties": { "CCAA": "16 - País Vasco", "PROVINCIA": "48 - Bizkaia", "MUNICIPIO": "48020 - Bilbao", "COD_MUNICIPIO": "48020", "DISTRITO": "04", "SECCION": "4802004025", "V1_H": 80.23, "V1_M": 86.04, "V2_H": 80.01377171, "V2_M": 86.1814847, "V3_H": 80.55154758, "V3_M": 86.06989916000001 }, "geometry": { "type": "Polygon", "coordinates": [ [ [ -2.9079364, 43.2525163 ], [ -2.9081647, 43.2525211 ], [ -2.9084195, 43.2522916 ], [ -2.9085305, 43.2520261 ], [ -2.9085478, 43.2517649 ], [ -2.9096693, 43.2517253 ], [ -2.9095994, 43.2510769 ], [ -2.9097553, 43.2505863 ], [ -2.9091954, 43.2504373 ], [ -2.9090307, 43.2504056 ], [ -2.9088547, 43.250374 ], [ -2.9086408, 43.2503198 ], [ -2.9086246, 43.2500676 ], [ -2.9085403, 43.2495948 ], [ -2.9084133, 43.2492975 ], [ -2.9081738, 43.2490588 ], [ -2.9078831, 43.2488739 ], [ -2.9075818, 43.2487566 ], [ -2.9071604, 43.2487112 ], [ -2.9066149, 43.2486928 ], [ -2.9064224, 43.2487016 ], [ -2.9062515, 43.2487375 ], [ -2.9061058, 43.2488815 ], [ -2.9058249, 43.2495116 ], [ -2.9056142, 43.2498356 ], [ -2.9058406, 43.2500518 ], [ -2.9072244, 43.2516558 ], [ -2.9072283, 43.2516607 ], [ -2.9077266, 43.252282 ], [ -2.9079364, 43.2525163 ] ] ] } },
{ "type": "Feature", "properties": { "CCAA": "16 - País Vasco", "PROVINCIA": "48 - Bizkaia", "MUNICIPIO": "48020 - Bilbao", "COD_MUNICIPIO": "48020", "DISTRITO": "04", "SECCION": "4802004032", "V1_H": 79.9, "V1_M": 85.71, "V2_H": 79.8721496, "V2_M": 85.86187756, "V3_H": 80.05417582, "V3_M": 85.81846709 }, "geometry": { "type": "Polygon", "coordinates": [ [ [ -2.9110441, 43.249025 ], [ -2.9116993, 43.2492597 ], [ -2.9118824, 43.2494308 ], [ -2.9123306, 43.2495753 ], [ -2.9128448, 43.2488418 ], [ -2.9124696, 43.248756 ], [ -2.9121803, 43.2486567 ], [ -2.9119599, 43.2485169 ], [ -2.9115692, 43.2482645 ], [ -2.9114128, 43.2483296 ], [ -2.9109953, 43.2489407 ], [ -2.9110441, 43.249025 ] ] ] } },
{ "type": "Feature", "properties": { "CCAA": "16 - País Vasco", "PROVINCIA": "48 - Bizkaia", "MUNICIPIO": "48020 - Bilbao", "COD_MUNICIPIO": "48020", "DISTRITO": "05", "SECCION": "4802005005", "V1_H": 82.11, "V1_M": 87.17, "V2_H": 81.68538902, "V2_M": 87.16795144, "V3_H": 82.5577829, "V3_M": 87.30202001000001 }, "geometry": { "type": "Polygon", "coordinates": [ [ [ -2.9235128, 43.258588 ], [ -2.9235207, 43.2595921 ], [ -2.9238837, 43.2596328 ], [ -2.9250831, 43.2602369 ], [ -2.9267438, 43.2589503 ], [ -2.9253754, 43.2577293 ], [ -2.925486, 43.2576033 ], [ -2.9251762, 43.2574861 ], [ -2.9241478, 43.2575484 ], [ -2.9235074, 43.2575975 ], [ -2.9235128, 43.258588 ] ] ] } },
{ "type": "Feature", "properties": { "CCAA": "16 - País Vasco", "PROVINCIA": "48 - Bizkaia", "MUNICIPIO": "48020 - Bilbao", "COD_MUNICIPIO": "48020", "DISTRITO": "05", "SECCION": "4802005012", "V1_H": 80.53, "V1_M": 86.43, "V2_H": 80.43347749, "V2_M": 86.30479166000001, "V3_H": 80.8868878, "V3_M": 86.74881461 }, "geometry": { "type": "Polygon", "coordinates": [ [ [ -2.9147931, 43.2546018 ], [ -2.9148441, 43.2547369 ], [ -2.9150074, 43.255795 ], [ -2.9160999, 43.2564171 ], [ -2.916312, 43.2556474 ], [ -2.9163989, 43.2556745 ], [ -2.9165018, 43.255418 ], [ -2.9168531, 43.2554903 ], [ -2.9170084, 43.2550716 ], [ -2.9147931, 43.2546018 ] ] ] } },
{ "type": "Feature", "properties": { "CCAA": "16 - País Vasco", "PROVINCIA": "48 - Bizkaia", "MUNICIPIO": "48020 - Bilbao", "COD_MUNICIPIO": "48020", "DISTRITO": "05", "SECCION": "4802005019", "V1_H": 80.78, "V1_M": 86.63, "V2_H": 80.78050334, "V2_M": 86.59104663, "V3_H": 80.85502768000001, "V3_M": 86.88271981 }, "geometry": { "type": "Polygon", "coordinates": [ [ [ -2.9250831, 43.2602369 ], [ -2.9256395, 43.2604894 ], [ -2.9264549, 43.259657 ], [ -2.9279209, 43.2585279 ], [ -2.9295547, 43.2573538 ], [ -2.9317236, 43.2572876 ], [ -2.9319453, 43.2570401 ], [ -2.9315991, 43.2570354 ], [ -2.9299166, 43.2564355 ], [ -2.9272122, 43.2584284 ], [ -2.9269512, 43.2587388 ], [ -2.9267438, 43.2589503 ], [ -2.9250831, 43.2602369 ] ] ] } },
{ "type": "Feature", "properties": { "CCAA": "16 - País Vasco", "PROVINCIA": "48 - Bizkaia", "MUNICIPIO": "48020 - Bilbao", "COD_MUNICIPIO": "48020", "DISTRITO": "05", "SECCION": "4802005032", "V1_H": 81.72, "V1_M": 86.96, "V2_H": 81.44760383000001, "V2_M": 86.83587728000001, "V3_H": 82.03657934, "V3_M": 87.26058658 }, "geometry": { "type": "Polygon", "coordinates": [ [ [ -2.9289311, 43.2479686 ], [ -2.9284376, 43.2484751 ], [ -2.9285254, 43.2485031 ], [ -2.9289074, 43.2487073 ], [ -2.9293542, 43.2489367 ], [ -2.929507, 43.2490178 ], [ -2.9300914, 43.2493058 ], [ -2.9302635, 43.2494071 ], [ -2.9302133, 43.24978 ], [ -2.9301331, 43.2498652 ], [ -2.9299757, 43.2500245 ], [ -2.9297777, 43.2502838 ], [ -2.9296964, 43.2504024 ], [ -2.9298281, 43.2505137 ], [ -2.9300764, 43.2506843 ], [ -2.9302993, 43.2508772 ], [ -2.9303955, 43.2510181 ], [ -2.9304177, 43.2510442 ], [ -2.9304658, 43.251238 ], [ -2.9327316, 43.2507587 ], [ -2.9328784, 43.2508679 ], [ -2.9332858, 43.2507917 ], [ -2.9336255, 43.2506928 ], [ -2.9338462, 43.2506029 ], [ -2.9340164, 43.2505309 ], [ -2.9330739, 43.2482117 ], [ -2.9320084, 43.2484812 ], [ -2.9317944, 43.248427 ], [ -2.9316486, 43.2484269 ], [ -2.9311956, 43.2489084 ], [ -2.9299992, 43.2482594 ], [ -2.9298573, 43.2484349 ], [ -2.9298886, 43.2485049 ], [ -2.9295315, 43.248308 ], [ -2.9290653, 43.2480372 ], [ -2.9289311, 43.2479686 ] ] ] } },
{ "type": "Feature", "properties": { "CCAA": "16 - País Vasco", "PROVINCIA": "48 - Bizkaia", "MUNICIPIO": "48020 - Bilbao", "COD_MUNICIPIO": "48020", "DISTRITO": "05", "SECCION": "4802005040", "V1_H": 80.31, "V1_M": 86.3, "V2_H": 80.10187432, "V2_M": 86.1135989, "V3_H": 80.75259804, "V3_M": 86.72412179 }, "geometry": { "type": "Polygon", "coordinates": [ [ [ -2.9266181, 43.2460331 ], [ -2.9265661, 43.2460871 ], [ -2.9266068, 43.2461501 ], [ -2.9266892, 43.2461772 ], [ -2.926892, 43.2461999 ], [ -2.9269756, 43.2461954 ], [ -2.9273213, 43.2461596 ], [ -2.9274999, 43.2461012 ], [ -2.9276358, 43.2460743 ], [ -2.9277536, 43.2460833 ], [ -2.9316225, 43.2452438 ], [ -2.9319508, 43.2449198 ], [ -2.9320785, 43.2447353 ], [ -2.9320848, 43.2445507 ], [ -2.9319819, 43.2443436 ], [ -2.9317847, 43.2440373 ], [ -2.9317184, 43.2437896 ], [ -2.9318621, 43.2433845 ], [ -2.9319693, 43.2431865 ], [ -2.9320473, 43.2429929 ], [ -2.9321326, 43.2427903 ], [ -2.932239, 43.2426103 ], [ -2.9323847, 43.2424123 ], [ -2.9325123, 43.2422863 ], [ -2.9328616, 43.2420929 ], [ -2.9331866, 43.2419761 ], [ -2.9335297, 43.2419042 ], [ -2.9338056, 43.2418908 ], [ -2.9341185, 43.241891 ], [ -2.9344187, 43.2419407 ], [ -2.9348343, 43.2420445 ], [ -2.9352291, 43.2421978 ], [ -2.9366942, 43.2427975 ], [ -2.9370709, 43.2429328 ], [ -2.9372757, 43.2429869 ], [ -2.9375363, 43.2430051 ], [ -2.9377961, 43.2429962 ], [ -2.9380447, 43.2429423 ], [ -2.9388495, 43.2426816 ], [ -2.9399992, 43.2423221 ], [ -2.9401486, 43.2422726 ], [ -2.9404744, 43.2421602 ], [ -2.940586, 43.2421242 ], [ -2.9407837, 43.2419577 ], [ -2.9409566, 43.2418273 ], [ -2.9410903, 43.2416653 ], [ -2.9412121, 43.2415077 ], [ -2.9412638, 43.2413952 ], [ -2.9412975, 43.2411971 ], [ -2.9413096, 43.2410171 ], [ -2.941298, 43.2406344 ], [ -2.9412953, 43.2402966 ], [ -2.9412682, 43.240085 ], [ -2.9412106, 43.2399409 ], [ -2.9411498, 43.2398463 ], [ -2.9410922, 43.2397788 ], [ -2.9409833, 43.2397112 ], [ -2.9408829, 43.2396841 ], [ -2.9407766, 43.2396886 ], [ -2.9406888, 43.2397155 ], [ -2.9406126, 43.2397695 ], [ -2.9405428, 43.239891 ], [ -2.9404759, 43.2402377 ], [ -2.9404665, 43.2404313 ], [ -2.9404024, 43.2406068 ], [ -2.9403296, 43.2407329 ], [ -2.9402386, 43.2408544 ], [ -2.9401565, 43.2409219 ], [ -2.940041, 43.2409984 ], [ -2.9399135, 43.2410703 ], [ -2.9397829, 43.2411063 ], [ -2.9396432, 43.2411152 ], [ -2.9394885, 43.2410926 ], [ -2.9393823, 43.2410565 ], [ -2.9393065, 43.2410115 ], [ -2.9392154, 43.2409439 ], [ -2.93917, 43.2408718 ], [ -2.9391278, 43.2407908 ], [ -2.9391368, 43.2406512 ], [ -2.9391704, 43.2405567 ], [ -2.9393589, 43.2402101 ], [ -2.9396813, 43.23967 ], [ -2.9397603, 43.2395349 ], [ -2.9398544, 43.2393459 ], [ -2.9399821, 43.2390398 ], [ -2.9400338, 43.2388508 ], [ -2.9400706, 43.2387112 ], [ -2.9401012, 43.2384591 ], [ -2.9401225, 43.238297 ], [ -2.9401227, 43.2381304 ], [ -2.9400775, 43.2379098 ], [ -2.9400443, 43.2376666 ], [ -2.9400052, 43.237473 ], [ -2.939945, 43.2372614 ], [ -2.9398356, 43.2369642 ], [ -2.9398234, 43.2368111 ], [ -2.9397905, 43.2365904 ], [ -2.9396692, 43.2362932 ], [ -2.9394998, 43.2359464 ], [ -2.9394784, 43.2358519 ], [ -2.939515, 43.2357889 ], [ -2.9398004, 43.2356224 ], [ -2.9399159, 43.235528 ], [ -2.9400404, 43.2353885 ], [ -2.9401163, 43.2352714 ], [ -2.940156, 43.2351769 ], [ -2.9401959, 43.2350103 ], [ -2.9402353, 43.2348033 ], [ -2.9402085, 43.2342765 ], [ -2.9402088, 43.2340018 ], [ -2.9401909, 43.2338082 ], [ -2.9402273, 43.2335831 ], [ -2.9402397, 43.2334931 ], [ -2.9403642, 43.2332185 ], [ -2.9404434, 43.2329484 ], [ -2.9405106, 43.2327593 ], [ -2.9406048, 43.2324442 ], [ -2.9406748, 43.2321066 ], [ -2.9407997, 43.2318455 ], [ -2.9409181, 43.2315664 ], [ -2.9410096, 43.2313864 ], [ -2.9410277, 43.2313369 ], [ -2.9410278, 43.2312108 ], [ -2.9410218, 43.2310217 ], [ -2.9410131, 43.2308821 ], [ -2.9410102, 43.230747 ], [ -2.9410527, 43.230585 ], [ -2.9410925, 43.2304229 ], [ -2.9411199, 43.2303104 ], [ -2.9411989, 43.2301843 ], [ -2.9412625, 43.2300853 ], [ -2.9413296, 43.2299908 ], [ -2.9414208, 43.2299323 ], [ -2.9416298, 43.2299144 ], [ -2.9418511, 43.2299191 ], [ -2.9420366, 43.2299146 ], [ -2.9421428, 43.2299102 ], [ -2.9422036, 43.2298922 ], [ -2.9422794, 43.2298607 ], [ -2.9423341, 43.2298293 ], [ -2.9423889, 43.2297302 ], [ -2.9423982, 43.2296087 ], [ -2.9423891, 43.2294691 ], [ -2.9423831, 43.229352 ], [ -2.942377, 43.229253 ], [ -2.9424166, 43.229217 ], [ -2.9426231, 43.2290595 ], [ -2.9428296, 43.2288255 ], [ -2.9430906, 43.2287446 ], [ -2.9434825, 43.2285332 ], [ -2.9440407, 43.2283444 ], [ -2.9446419, 43.2282141 ], [ -2.9449942, 43.2280342 ], [ -2.9452248, 43.2279037 ], [ -2.9454043, 43.2278137 ], [ -2.9455556, 43.2277147 ], [ -2.9456861, 43.2275842 ], [ -2.9457016, 43.2274672 ], [ -2.945192, 43.2271878 ], [ -2.944737, 43.2269354 ], [ -2.9444644, 43.2267192 ], [ -2.943991, 43.2264083 ], [ -2.9439183, 43.2263227 ], [ -2.9439637, 43.2262597 ], [ -2.9439761, 43.2262147 ], [ -2.9437429, 43.2257914 ], [ -2.9437281, 43.2256293 ], [ -2.9437612, 43.2255572 ], [ -2.9438494, 43.2255213 ], [ -2.9439493, 43.2256294 ], [ -2.9440648, 43.225697 ], [ -2.9443529, 43.2257872 ], [ -2.9448112, 43.2257874 ], [ -2.9451206, 43.225801 ], [ -2.9452902, 43.2258191 ], [ -2.94543, 43.2257922 ], [ -2.9454641, 43.2249818 ], [ -2.9455105, 43.2243695 ], [ -2.9455573, 43.2236446 ], [ -2.9456606, 43.2230279 ], [ -2.9456076, 43.2225146 ], [ -2.9456496, 43.2219518 ], [ -2.9457103, 43.2216682 ], [ -2.9459982, 43.221128 ], [ -2.945988, 43.2209885 ], [ -2.9458448, 43.2206687 ], [ -2.9458013, 43.2205561 ], [ -2.9458184, 43.2203986 ], [ -2.9460657, 43.2201556 ], [ -2.9462462, 43.2200341 ], [ -2.9464034, 43.2198406 ], [ -2.946504, 43.2196965 ], [ -2.9466025, 43.219647 ], [ -2.9468327, 43.2194986 ], [ -2.9470503, 43.2192961 ], [ -2.9472913, 43.2191161 ], [ -2.946285, 43.2183997 ], [ -2.946195, 43.2175218 ], [ -2.945612, 43.217598 ], [ -2.9448755, 43.2177057 ], [ -2.9430744, 43.2172816 ], [ -2.9419451, 43.2174206 ], [ -2.9396521, 43.2168476 ], [ -2.9388103, 43.2167661 ], [ -2.9383125, 43.2167208 ], [ -2.9375378, 43.2165763 ], [ -2.931142, 43.2149157 ], [ -2.9297769, 43.2142981 ], [ -2.9291673, 43.2143877 ], [ -2.9288608, 43.2136627 ], [ -2.9265249, 43.2144311 ], [ -2.9188109, 43.2166725 ], [ -2.9153829, 43.2176605 ], [ -2.9133369, 43.2183748 ], [ -2.9110418, 43.2189223 ], [ -2.9095905, 43.2193849 ], [ -2.9095523, 43.2194659 ], [ -2.9087559, 43.2211627 ], [ -2.9064246, 43.2261224 ], [ -2.9078563, 43.2272717 ], [ -2.9087024, 43.2278261 ], [ -2.9097509, 43.2287229 ], [ -2.9100049, 43.2292184 ], [ -2.9100095, 43.2292274 ], [ -2.9102372, 43.2296283 ], [ -2.9103788, 43.2298715 ], [ -2.9105077, 43.2301103 ], [ -2.9105941, 43.2302454 ], [ -2.9106617, 43.230358 ], [ -2.9107232, 43.2304346 ], [ -2.9107969, 43.2305202 ], [ -2.9108584, 43.2305833 ], [ -2.9110302, 43.230723 ], [ -2.9111406, 43.2307816 ], [ -2.911239, 43.2308582 ], [ -2.9113555, 43.2309078 ], [ -2.9114905, 43.2309665 ], [ -2.9116255, 43.2310116 ], [ -2.911779, 43.2310612 ], [ -2.911914, 43.2311064 ], [ -2.9121102, 43.2311786 ], [ -2.9123067, 43.2312597 ], [ -2.9124909, 43.2313635 ], [ -2.9126382, 43.2314446 ], [ -2.9127485, 43.2315348 ], [ -2.9128838, 43.2316474 ], [ -2.9129822, 43.2317465 ], [ -2.9130741, 43.2318322 ], [ -2.9131416, 43.2319313 ], [ -2.9131851, 43.2320033 ], [ -2.9131973, 43.2320799 ], [ -2.9132036, 43.2321519 ], [ -2.9131793, 43.2322555 ], [ -2.9131364, 43.23235 ], [ -2.9130816, 43.2324715 ], [ -2.9130694, 43.2326291 ], [ -2.9130706, 43.2331288 ], [ -2.912912, 43.2334574 ], [ -2.9153077, 43.2345893 ], [ -2.9163534, 43.2356841 ], [ -2.9172194, 43.2365087 ], [ -2.917588, 43.2368782 ], [ -2.9180254, 43.2373242 ], [ -2.9182176, 43.2375044 ], [ -2.9184405, 43.2377342 ], [ -2.919916, 43.2393291 ], [ -2.9198462, 43.2394731 ], [ -2.9198584, 43.2395001 ], [ -2.9199321, 43.2396623 ], [ -2.9203325, 43.2398786 ], [ -2.9203998, 43.2399417 ], [ -2.9204536, 43.2400003 ], [ -2.9204858, 43.2400813 ], [ -2.9204737, 43.2401669 ], [ -2.9204309, 43.2402389 ], [ -2.9199734, 43.2407429 ], [ -2.9199864, 43.2408149 ], [ -2.9201258, 43.2410491 ], [ -2.9205173, 43.2410269 ], [ -2.9210661, 43.2410723 ], [ -2.9218567, 43.2410728 ], [ -2.9230017, 43.2411727 ], [ -2.9237605, 43.2413127 ], [ -2.924409, 43.2414437 ], [ -2.9248291, 43.2416016 ], [ -2.9249367, 43.2416647 ], [ -2.9251517, 43.2418494 ], [ -2.9252854, 43.2420161 ], [ -2.9254779, 43.2422729 ], [ -2.9255921, 43.2424035 ], [ -2.9260377, 43.2432052 ], [ -2.9260844, 43.2433899 ], [ -2.9260884, 43.2435384 ], [ -2.926087, 43.2436012 ], [ -2.9271461, 43.2434456 ], [ -2.9272299, 43.2437283 ], [ -2.9272808, 43.2439939 ], [ -2.9273421, 43.2442101 ], [ -2.9274639, 43.2444398 ], [ -2.927625, 43.2446065 ], [ -2.9277595, 43.2447192 ], [ -2.9273776, 43.2450881 ], [ -2.9271723, 43.2451915 ], [ -2.9269616, 43.2452859 ], [ -2.9267805, 43.2457766 ], [ -2.9269153, 43.2457766 ], [ -2.9270585, 43.2457452 ], [ -2.927174, 43.2456868 ], [ -2.9272403, 43.2456733 ], [ -2.927301, 43.2457138 ], [ -2.9273321, 43.2457679 ], [ -2.9273213, 43.2458579 ], [ -2.9272731, 43.2459209 ], [ -2.927223, 43.2459569 ], [ -2.9270612, 43.2460244 ], [ -2.9269372, 43.2460558 ], [ -2.9268572, 43.2460557 ], [ -2.9267117, 43.2460151 ], [ -2.9266181, 43.2460331 ] ] ] } },
{ "type": "Feature", "properties": { "CCAA": "16 - País Vasco", "PROVINCIA": "48 - Bizkaia", "MUNICIPIO": "48020 - Bilbao", "COD_MUNICIPIO": "48020", "DISTRITO": "02", "SECCION": "4802002016", "V1_H": 81.47, "V1_M": 86.95, "V2_H": 81.05678048, "V2_M": 86.75805168, "V3_H": 81.85108408000001, "V3_M": 87.21302779 }, "geometry": { "type": "Polygon", "coordinates": [ [ [ -2.911405, 43.2610375 ], [ -2.9113945, 43.261114 ], [ -2.9113757, 43.2612761 ], [ -2.9113689, 43.2614607 ], [ -2.9114468, 43.2616498 ], [ -2.9115363, 43.2617895 ], [ -2.91201, 43.2622446 ], [ -2.9122441, 43.2624924 ], [ -2.913054, 43.2621598 ], [ -2.9132154, 43.2620969 ], [ -2.9132221, 43.2619799 ], [ -2.9132245, 43.2619394 ], [ -2.9137173, 43.2614445 ], [ -2.9131235, 43.26148 ], [ -2.9129423, 43.2614304 ], [ -2.9128457, 43.2613763 ], [ -2.9127434, 43.2612952 ], [ -2.9126884, 43.2611736 ], [ -2.9126667, 43.2610565 ], [ -2.9127211, 43.2607143 ], [ -2.9127662, 43.2604307 ], [ -2.9127784, 43.2602101 ], [ -2.912746, 43.259985 ], [ -2.9127256, 43.2597148 ], [ -2.9127079, 43.2594762 ], [ -2.9126661, 43.2593276 ], [ -2.9125712, 43.2592104 ], [ -2.9123334, 43.2591202 ], [ -2.9123175, 43.2594489 ], [ -2.9123061, 43.2596154 ], [ -2.912272, 43.2597685 ], [ -2.9121809, 43.259908 ], [ -2.9120628, 43.2601285 ], [ -2.9115452, 43.2609746 ], [ -2.911405, 43.2610375 ] ] ] } },
{ "type": "Feature", "properties": { "CCAA": "16 - País Vasco", "PROVINCIA": "48 - Bizkaia", "MUNICIPIO": "48020 - Bilbao", "COD_MUNICIPIO": "48020", "DISTRITO": "02", "SECCION": "4802002030", "V1_H": 81.73, "V1_M": 86.8, "V2_H": 81.31626673, "V2_M": 86.83145999, "V3_H": 82.17064416, "V3_M": 87.00536352 }, "geometry": { "type": "Polygon", "coordinates": [ [ [ -2.918075, 43.2658059 ], [ -2.9198015, 43.2658792 ], [ -2.9197232, 43.2660322 ], [ -2.920319, 43.2661542 ], [ -2.920557, 43.266438 ], [ -2.9205345, 43.2665776 ], [ -2.920744, 43.2668569 ], [ -2.9211059, 43.2666455 ], [ -2.921611, 43.2663982 ], [ -2.9221763, 43.2655477 ], [ -2.9223263, 43.2652957 ], [ -2.9223467, 43.2650571 ], [ -2.9221976, 43.2651335 ], [ -2.9214776, 43.2653806 ], [ -2.9210592, 43.2655154 ], [ -2.9209614, 43.2655153 ], [ -2.9208356, 43.2654522 ], [ -2.9207937, 43.2653621 ], [ -2.9208359, 43.2652451 ], [ -2.9216279, 43.264953 ], [ -2.9219311, 43.2648542 ], [ -2.9220525, 43.2647417 ], [ -2.9220582, 43.2645706 ], [ -2.9219316, 43.2644445 ], [ -2.9216725, 43.2644218 ], [ -2.9215199, 43.2645027 ], [ -2.9211144, 43.2648131 ], [ -2.9208394, 43.2649209 ], [ -2.9202887, 43.2649431 ], [ -2.9195944, 43.2649471 ], [ -2.9190653, 43.2649512 ], [ -2.9184316, 43.2649598 ], [ -2.9181127, 43.264937 ], [ -2.918075, 43.2658059 ] ] ] } },
{ "type": "Feature", "properties": { "CCAA": "16 - País Vasco", "PROVINCIA": "48 - Bizkaia", "MUNICIPIO": "48020 - Bilbao", "COD_MUNICIPIO": "48020", "DISTRITO": "02", "SECCION": "4802002031", "V1_H": 82.19, "V1_M": 87.25, "V2_H": 81.84285612, "V2_M": 87.14223952, "V3_H": 82.56554756, "V3_M": 87.46692958 }, "geometry": { "type": "Polygon", "coordinates": [ [ [ -2.9274921, 43.2703552 ], [ -2.9280015, 43.270423 ], [ -2.9284889, 43.2704369 ], [ -2.928829, 43.2704236 ], [ -2.9291283, 43.2703787 ], [ -2.9299306, 43.2702532 ], [ -2.930499, 43.2701725 ], [ -2.9313897, 43.2702225 ], [ -2.9316242, 43.2702497 ], [ -2.9325405, 43.2704168 ], [ -2.9332998, 43.2705613 ], [ -2.934092, 43.270868 ], [ -2.9342394, 43.2709041 ], [ -2.9345081, 43.2709628 ], [ -2.9348763, 43.271026 ], [ -2.935006, 43.2710711 ], [ -2.9351049, 43.2711026 ], [ -2.93525, 43.2711523 ], [ -2.9353793, 43.2712244 ], [ -2.935528, 43.271274 ], [ -2.9356358, 43.2713191 ], [ -2.9359625, 43.2715354 ], [ -2.9361645, 43.2709232 ], [ -2.936156, 43.270626 ], [ -2.9361791, 43.2703109 ], [ -2.936221, 43.2699057 ], [ -2.9335936, 43.2697916 ], [ -2.9327209, 43.2696471 ], [ -2.9323197, 43.2695432 ], [ -2.9319294, 43.2694079 ], [ -2.931797, 43.2693493 ], [ -2.9315249, 43.2692276 ], [ -2.9312405, 43.2690789 ], [ -2.9301255, 43.2682182 ], [ -2.9281033, 43.2695992 ], [ -2.9281518, 43.2696352 ], [ -2.9281535, 43.2696488 ], [ -2.9286332, 43.269904 ], [ -2.9283037, 43.2701373 ], [ -2.9281797, 43.2702206 ], [ -2.9277197, 43.2700498 ], [ -2.9277173, 43.2700537 ], [ -2.9274921, 43.2703552 ] ] ] } },
{ "type": "Feature", "properties": { "CCAA": "16 - País Vasco", "PROVINCIA": "48 - Bizkaia", "MUNICIPIO": "48020 - Bilbao", "COD_MUNICIPIO": "48020", "DISTRITO": "03", "SECCION": "4802003014", "V1_H": 81.58, "V1_M": 86.83, "V2_H": 80.91860297, "V2_M": 86.63659936000001, "V3_H": 82.21677219, "V3_M": 87.10560157 }, "geometry": { "type": "Polygon", "coordinates": [ [ [ -2.90454, 43.2601585 ], [ -2.9047338, 43.2603207 ], [ -2.9049115, 43.2604785 ], [ -2.9050942, 43.2606047 ], [ -2.9053347, 43.2606769 ], [ -2.9054806, 43.2607176 ], [ -2.9057312, 43.2594931 ], [ -2.9063384, 43.2587057 ], [ -2.9075695, 43.2570679 ], [ -2.90535, 43.2567554 ], [ -2.9045372, 43.2599784 ], [ -2.90454, 43.2601585 ] ] ] } },
{ "type": "Feature", "properties": { "CCAA": "16 - País Vasco", "PROVINCIA": "48 - Bizkaia", "MUNICIPIO": "48020 - Bilbao", "COD_MUNICIPIO": "48020", "DISTRITO": "03", "SECCION": "4802003015", "V1_H": 79.94, "V1_M": 85.93, "V2_H": 80.18978947, "V2_M": 86.02067046000001, "V3_H": 79.89390484, "V3_M": 85.97042077 }, "geometry": { "type": "Polygon", "coordinates": [ [ [ -2.9002424, 43.2573183 ], [ -2.9006691, 43.2568055 ], [ -2.9011435, 43.2572066 ], [ -2.9011649, 43.2573371 ], [ -2.9011999, 43.2575488 ], [ -2.9013645, 43.2576975 ], [ -2.9015698, 43.2578868 ], [ -2.9017448, 43.2573061 ], [ -2.9028084, 43.2559338 ], [ -2.9019339, 43.2556044 ], [ -2.9014375, 43.2554464 ], [ -2.9012108, 43.2553697 ], [ -2.9007613, 43.2552657 ], [ -2.9004046, 43.255378 ], [ -2.8998535, 43.255517 ], [ -2.899666, 43.2555034 ], [ -2.899531, 43.2554132 ], [ -2.8992159, 43.2558001 ], [ -2.8984332, 43.2566819 ], [ -2.8983818, 43.2567674 ], [ -2.8983181, 43.2569159 ], [ -2.8992673, 43.257268 ], [ -2.8990382, 43.2575154 ], [ -2.8990985, 43.2576055 ], [ -2.899183, 43.2576911 ], [ -2.899434, 43.2577228 ], [ -2.8995903, 43.257705 ], [ -2.8997344, 43.2576646 ], [ -2.8998309, 43.2575521 ], [ -2.9000532, 43.2574217 ], [ -2.9002424, 43.2573183 ] ] ] } },
{ "type": "Feature", "properties": { "CCAA": "16 - País Vasco", "PROVINCIA": "48 - Bizkaia", "MUNICIPIO": "48020 - Bilbao", "COD_MUNICIPIO": "48020", "DISTRITO": "04", "SECCION": "4802004009", "V1_H": 81.13, "V1_M": 86.76, "V2_H": 80.8252038, "V2_M": 86.73512652, "V3_H": 81.48774648, "V3_M": 86.92091474 }, "geometry": { "type": "Polygon", "coordinates": [ [ [ -2.9147931, 43.2546018 ], [ -2.9170084, 43.2550716 ], [ -2.9171767, 43.2548106 ], [ -2.9171363, 43.2547836 ], [ -2.916184, 43.254085 ], [ -2.9158832, 43.2536256 ], [ -2.9158325, 43.25354 ], [ -2.9147689, 43.2537058 ], [ -2.9147532, 43.2545207 ], [ -2.9147931, 43.2546018 ] ] ] } },
{ "type": "Feature", "properties": { "CCAA": "16 - País Vasco", "PROVINCIA": "48 - Bizkaia", "MUNICIPIO": "48020 - Bilbao", "COD_MUNICIPIO": "48020", "DISTRITO": "04", "SECCION": "4802004013", "V1_H": 80.85, "V1_M": 86.44, "V2_H": 80.47892397, "V2_M": 86.23437891, "V3_H": 81.22204479, "V3_M": 86.80010662 }, "geometry": { "type": "Polygon", "coordinates": [ [ [ -2.9158325, 43.25354 ], [ -2.9158832, 43.2536256 ], [ -2.9170792, 43.2531537 ], [ -2.9163336, 43.251987 ], [ -2.9151538, 43.2524004 ], [ -2.9154273, 43.2528283 ], [ -2.9158325, 43.25354 ] ] ] } },
{ "type": "Feature", "properties": { "CCAA": "16 - País Vasco", "PROVINCIA": "48 - Bizkaia", "MUNICIPIO": "48020 - Bilbao", "COD_MUNICIPIO": "48020", "DISTRITO": "04", "SECCION": "4802004028", "V1_H": 80.21, "V1_M": 86.17, "V2_H": 80.05188782, "V2_M": 86.17746221, "V3_H": 80.45086201, "V3_M": 86.3559927 }, "geometry": { "type": "Polygon", "coordinates": [ [ [ -2.912758, 43.2503005 ], [ -2.912529, 43.2508091 ], [ -2.9143636, 43.2511842 ], [ -2.9143052, 43.2511211 ], [ -2.9140241, 43.2501349 ], [ -2.9139292, 43.2499817 ], [ -2.9138606, 43.2497611 ], [ -2.9130832, 43.2495804 ], [ -2.9129164, 43.2499539 ], [ -2.912758, 43.2503005 ] ] ] } },
{ "type": "Feature", "properties": { "CCAA": "16 - País Vasco", "PROVINCIA": "48 - Bizkaia", "MUNICIPIO": "48020 - Bilbao", "COD_MUNICIPIO": "48020", "DISTRITO": "04", "SECCION": "4802004029", "V1_H": 81.11, "V1_M": 86.51, "V2_H": 80.75023294, "V2_M": 86.37370028, "V3_H": 81.47997818, "V3_M": 86.68611994 }, "geometry": { "type": "Polygon", "coordinates": [ [ [ -2.9122576, 43.2513717 ], [ -2.9132432, 43.25162 ], [ -2.9145775, 43.2516075 ], [ -2.9143848, 43.2512157 ], [ -2.9143636, 43.2511842 ], [ -2.912529, 43.2508091 ], [ -2.912758, 43.2503005 ], [ -2.9119803, 43.2501108 ], [ -2.9123306, 43.2495753 ], [ -2.9118824, 43.2494308 ], [ -2.9116993, 43.2492597 ], [ -2.9110441, 43.249025 ], [ -2.910814, 43.2489483 ], [ -2.910432, 43.249002 ], [ -2.9105629, 43.2498035 ], [ -2.9105927, 43.2499926 ], [ -2.9107247, 43.2507716 ], [ -2.9107415, 43.2508752 ], [ -2.9107841, 43.2512129 ], [ -2.9122576, 43.2513717 ] ] ] } },
{ "type": "Feature", "properties": { "CCAA": "16 - País Vasco", "PROVINCIA": "48 - Bizkaia", "MUNICIPIO": "48020 - Bilbao", "COD_MUNICIPIO": "48020", "DISTRITO": "05", "SECCION": "4802005008", "V1_H": 81.1, "V1_M": 86.64, "V2_H": 80.60081217, "V2_M": 86.48118059, "V3_H": 81.51550291, "V3_M": 86.87452308 }, "geometry": { "type": "Polygon", "coordinates": [ [ [ -2.9208841, 43.2587258 ], [ -2.9212455, 43.2588161 ], [ -2.9212411, 43.2588881 ], [ -2.9213488, 43.2589602 ], [ -2.9217094, 43.2587759 ], [ -2.921776, 43.2585463 ], [ -2.9219675, 43.2584114 ], [ -2.9227525, 43.25757 ], [ -2.923329, 43.2570976 ], [ -2.9234925, 43.2569221 ], [ -2.9241809, 43.255698 ], [ -2.9250282, 43.2560992 ], [ -2.92535, 43.2558023 ], [ -2.9250485, 43.2555545 ], [ -2.924636, 43.2553201 ], [ -2.9241339, 43.2550991 ], [ -2.9238319, 43.2549548 ], [ -2.9233755, 43.2547654 ], [ -2.9230796, 43.2546572 ], [ -2.9226148, 43.2553503 ], [ -2.9227071, 43.2554359 ], [ -2.9228348, 43.2555035 ], [ -2.9226367, 43.2559851 ], [ -2.9223043, 43.2566602 ], [ -2.9220396, 43.2574344 ], [ -2.9214454, 43.2581589 ], [ -2.9210992, 43.2581677 ], [ -2.9208888, 43.2585952 ], [ -2.9211352, 43.2586539 ], [ -2.9210819, 43.2587575 ], [ -2.9208841, 43.2587258 ] ] ] } },
{ "type": "Feature", "properties": { "CCAA": "16 - País Vasco", "PROVINCIA": "48 - Bizkaia", "MUNICIPIO": "48020 - Bilbao", "COD_MUNICIPIO": "48020", "DISTRITO": "05", "SECCION": "4802005009", "V1_H": 81.13, "V1_M": 86.76, "V2_H": 80.8252038, "V2_M": 86.73512652, "V3_H": 81.48774648, "V3_M": 86.92091474 }, "geometry": { "type": "Polygon", "coordinates": [ [ [ -2.9184955, 43.2577786 ], [ -2.9190311, 43.2580446 ], [ -2.9191458, 43.2580582 ], [ -2.9193245, 43.2579998 ], [ -2.9201037, 43.2581039 ], [ -2.9209318, 43.2581676 ], [ -2.9210992, 43.2581677 ], [ -2.9214454, 43.2581589 ], [ -2.9220396, 43.2574344 ], [ -2.9223043, 43.2566602 ], [ -2.9226367, 43.2559851 ], [ -2.9228348, 43.2555035 ], [ -2.9227071, 43.2554359 ], [ -2.9219102, 43.2560206 ], [ -2.9206947, 43.2569292 ], [ -2.9201052, 43.2566091 ], [ -2.9197598, 43.2564018 ], [ -2.9194244, 43.2566987 ], [ -2.9195442, 43.2569824 ], [ -2.9193631, 43.2571309 ], [ -2.918517, 43.2567026 ], [ -2.9183786, 43.256788 ], [ -2.9189174, 43.2572837 ], [ -2.9189311, 43.2573467 ], [ -2.9184955, 43.2577786 ] ] ] } },
{ "type": "Feature", "properties": { "CCAA": "16 - País Vasco", "PROVINCIA": "48 - Bizkaia", "MUNICIPIO": "48020 - Bilbao", "COD_MUNICIPIO": "48020", "DISTRITO": "05", "SECCION": "4802005024", "V1_H": 80.02, "V1_M": 85.97, "V2_H": 79.96436773000001, "V2_M": 86.10256972000001, "V3_H": 80.28635595, "V3_M": 85.87857517 }, "geometry": { "type": "Polygon", "coordinates": [ [ [ -2.9315991, 43.2570354 ], [ -2.9319453, 43.2570401 ], [ -2.9332469, 43.2556857 ], [ -2.9342996, 43.2530975 ], [ -2.9329863, 43.25284 ], [ -2.9329246, 43.2529501 ], [ -2.9321859, 43.2542668 ], [ -2.9316309, 43.2552029 ], [ -2.9317182, 43.2558829 ], [ -2.9318393, 43.2567969 ], [ -2.9315991, 43.2570354 ] ] ] } },
{ "type": "Feature", "properties": { "CCAA": "16 - País Vasco", "PROVINCIA": "48 - Bizkaia", "MUNICIPIO": "48020 - Bilbao", "COD_MUNICIPIO": "48020", "DISTRITO": "05", "SECCION": "4802005028", "V1_H": 80.3, "V1_M": 86.18, "V2_H": 80.25682951, "V2_M": 86.26310791, "V3_H": 80.49886239, "V3_M": 86.29802272000001 }, "geometry": { "type": "Polygon", "coordinates": [ [ [ -2.9329863, 43.25284 ], [ -2.9342996, 43.2530975 ], [ -2.9344417, 43.2527148 ], [ -2.9345507, 43.2523682 ], [ -2.9345837, 43.2520261 ], [ -2.9345788, 43.2516028 ], [ -2.9345722, 43.2513327 ], [ -2.9345632, 43.2510716 ], [ -2.9346125, 43.2507339 ], [ -2.9347488, 43.2503468 ], [ -2.9349262, 43.2499822 ], [ -2.9347606, 43.2500811 ], [ -2.9346095, 43.2502477 ], [ -2.934487, 43.2503376 ], [ -2.9340164, 43.2505309 ], [ -2.9338462, 43.2506029 ], [ -2.9336255, 43.2506928 ], [ -2.9332858, 43.2507917 ], [ -2.9328784, 43.2508679 ], [ -2.9326754, 43.2509579 ], [ -2.9324704, 43.2511108 ], [ -2.9323004, 43.2513584 ], [ -2.9323512, 43.2517231 ], [ -2.9329752, 43.2528204 ], [ -2.9329863, 43.25284 ] ] ] } },
{ "type": "Feature", "properties": { "CCAA": "16 - País Vasco", "PROVINCIA": "48 - Bizkaia", "MUNICIPIO": "48020 - Bilbao", "COD_MUNICIPIO": "48020", "DISTRITO": "05", "SECCION": "4802005043", "V1_H": 81.72, "V1_M": 86.96, "V2_H": 81.44760383000001, "V2_M": 86.83587728000001, "V3_H": 82.03657934, "V3_M": 87.26058658 }, "geometry": { "type": "Polygon", "coordinates": [ [ [ -2.9265907, 43.2491058 ], [ -2.9273548, 43.2496653 ], [ -2.9294456, 43.2512228 ], [ -2.9295905, 43.2514174 ], [ -2.9295952, 43.2514164 ], [ -2.9304658, 43.251238 ], [ -2.9304177, 43.2510442 ], [ -2.9303955, 43.2510181 ], [ -2.9302993, 43.2508772 ], [ -2.9300764, 43.2506843 ], [ -2.9298281, 43.2505137 ], [ -2.9296964, 43.2504024 ], [ -2.9297777, 43.2502838 ], [ -2.9299757, 43.2500245 ], [ -2.9301331, 43.2498652 ], [ -2.9302133, 43.24978 ], [ -2.9302635, 43.2494071 ], [ -2.9300914, 43.2493058 ], [ -2.929507, 43.2490178 ], [ -2.9293542, 43.2489367 ], [ -2.9289074, 43.2487073 ], [ -2.9285254, 43.2485031 ], [ -2.9284376, 43.2484751 ], [ -2.9289311, 43.2479686 ], [ -2.9282444, 43.2476178 ], [ -2.927768, 43.2473766 ], [ -2.9273221, 43.2471391 ], [ -2.9261673, 43.2464934 ], [ -2.9256396, 43.2477322 ], [ -2.9260617, 43.2487184 ], [ -2.9265907, 43.2491058 ] ] ] } },
{ "type": "Feature", "properties": { "CCAA": "16 - País Vasco", "PROVINCIA": "48 - Bizkaia", "MUNICIPIO": "48020 - Bilbao", "COD_MUNICIPIO": "48020", "DISTRITO": "05", "SECCION": "4802005044", "V1_H": 78.2, "V1_M": 84.44, "V2_H": 78.32882893, "V2_M": 84.51506174, "V3_H": 78.2023938, "V3_M": 84.51669805 }, "geometry": { "type": "Polygon", "coordinates": [ [ [ -2.928982, 43.255602 ], [ -2.9291969, 43.2553453 ], [ -2.929417, 43.2554501 ], [ -2.9294777, 43.2553656 ], [ -2.9297914, 43.2554544 ], [ -2.9307504, 43.2558237 ], [ -2.9306089, 43.2556931 ], [ -2.9306962, 43.2554365 ], [ -2.9307195, 43.2552204 ], [ -2.9307255, 43.2550583 ], [ -2.9306619, 43.2547747 ], [ -2.9306045, 43.254518 ], [ -2.9305899, 43.2544144 ], [ -2.9305697, 43.2542478 ], [ -2.9302577, 43.254281 ], [ -2.9294926, 43.2544242 ], [ -2.9291751, 43.254427 ], [ -2.9289338, 43.2543369 ], [ -2.9287872, 43.2542634 ], [ -2.9287268, 43.2542332 ], [ -2.9284493, 43.2542015 ], [ -2.9282572, 43.2541833 ], [ -2.9280712, 43.2542148 ], [ -2.9275654, 43.2544531 ], [ -2.9273039, 43.2545294 ], [ -2.9271937, 43.2545789 ], [ -2.9272338, 43.2548491 ], [ -2.9271756, 43.2549481 ], [ -2.928982, 43.255602 ] ] ] } },
{ "type": "Feature", "properties": { "CCAA": "16 - País Vasco", "PROVINCIA": "48 - Bizkaia", "MUNICIPIO": "48020 - Bilbao", "COD_MUNICIPIO": "48020", "DISTRITO": "02", "SECCION": "4802002012", "V1_H": 82.11, "V1_M": 87.17, "V2_H": 81.68538902, "V2_M": 87.16795144, "V3_H": 82.5577829, "V3_M": 87.30202001000001 }, "geometry": { "type": "Polygon", "coordinates": [ [ [ -2.9158264, 43.2640079 ], [ -2.9160985, 43.2640666 ], [ -2.9163395, 43.2641118 ], [ -2.9166451, 43.2642066 ], [ -2.9169596, 43.2642923 ], [ -2.9169989, 43.2640087 ], [ -2.9170389, 43.2637386 ], [ -2.9170339, 43.2634865 ], [ -2.9169514, 43.2632208 ], [ -2.9163026, 43.2624099 ], [ -2.9157521, 43.2618242 ], [ -2.9152387, 43.2613286 ], [ -2.9144085, 43.2614 ], [ -2.9139206, 43.2614311 ], [ -2.9137173, 43.2614445 ], [ -2.9132245, 43.2619394 ], [ -2.9132221, 43.2619799 ], [ -2.9132154, 43.2620969 ], [ -2.9132719, 43.26216 ], [ -2.9133338, 43.2628039 ], [ -2.9137558, 43.2627637 ], [ -2.9141105, 43.2626784 ], [ -2.9149624, 43.262598 ], [ -2.9151198, 43.2626522 ], [ -2.9152273, 43.2626207 ], [ -2.9153402, 43.2625578 ], [ -2.9154292, 43.2624903 ], [ -2.915492, 43.2624408 ], [ -2.9155782, 43.2624769 ], [ -2.9156081, 43.2625534 ], [ -2.9156379, 43.2627786 ], [ -2.9157278, 43.2631478 ], [ -2.9157745, 43.263382 ], [ -2.9158316, 43.2635982 ], [ -2.9158314, 43.2637423 ], [ -2.9158339, 43.2638728 ], [ -2.9158264, 43.2640079 ] ] ] } },
{ "type": "Feature", "properties": { "CCAA": "16 - País Vasco", "PROVINCIA": "48 - Bizkaia", "MUNICIPIO": "48020 - Bilbao", "COD_MUNICIPIO": "48020", "DISTRITO": "02", "SECCION": "4802002019", "V1_H": 80.27, "V1_M": 86.36, "V2_H": 80.04050342, "V2_M": 86.25745667, "V3_H": 80.55487256000001, "V3_M": 86.64917866 }, "geometry": { "type": "Polygon", "coordinates": [ [ [ -2.9241546, 43.2699208 ], [ -2.9243202, 43.2699254 ], [ -2.9249002, 43.2695566 ], [ -2.9244584, 43.2693537 ], [ -2.9241878, 43.2692364 ], [ -2.9239416, 43.2689932 ], [ -2.9237732, 43.2688174 ], [ -2.9236171, 43.2686463 ], [ -2.9234971, 43.2685066 ], [ -2.9233768, 43.268376 ], [ -2.9232329, 43.2682228 ], [ -2.9230549, 43.2680201 ], [ -2.9228603, 43.2678038 ], [ -2.9227284, 43.2676822 ], [ -2.9224937, 43.2675875 ], [ -2.9222892, 43.2674883 ], [ -2.9219286, 43.2673575 ], [ -2.9218997, 43.2674205 ], [ -2.9218509, 43.267623 ], [ -2.9218183, 43.2678031 ], [ -2.9218158, 43.2679742 ], [ -2.9218329, 43.2681363 ], [ -2.9219042, 43.2683795 ], [ -2.9213318, 43.2693786 ], [ -2.9221397, 43.2697213 ], [ -2.9229975, 43.2698794 ], [ -2.9241546, 43.2699208 ] ] ] } },
{ "type": "Feature", "properties": { "CCAA": "16 - País Vasco", "PROVINCIA": "48 - Bizkaia", "MUNICIPIO": "48020 - Bilbao", "COD_MUNICIPIO": "48020", "DISTRITO": "03", "SECCION": "4802003008", "V1_H": 75.48, "V1_M": 82.31, "V2_H": 75.36985678000001, "V2_M": 82.56533706, "V3_H": 75.8600571, "V3_M": 82.01450712 }, "geometry": { "type": "Polygon", "coordinates": [ [ [ -2.8944832, 43.2579164 ], [ -2.8945376, 43.2580876 ], [ -2.8946785, 43.2583038 ], [ -2.8948091, 43.258493 ], [ -2.8949219, 43.2587002 ], [ -2.8951033, 43.2588535 ], [ -2.8962857, 43.2582063 ], [ -2.8961392, 43.2580575 ], [ -2.8959502, 43.2578278 ], [ -2.8958727, 43.2577016 ], [ -2.8958552, 43.2575665 ], [ -2.8959286, 43.2574225 ], [ -2.8960685, 43.2573551 ], [ -2.8962275, 43.2573373 ], [ -2.8957786, 43.2568731 ], [ -2.8948521, 43.2574215 ], [ -2.894657, 43.2575789 ], [ -2.8945864, 43.2577049 ], [ -2.8944832, 43.2579164 ] ] ] } },
{ "type": "Feature", "properties": { "CCAA": "16 - País Vasco", "PROVINCIA": "48 - Bizkaia", "MUNICIPIO": "48020 - Bilbao", "COD_MUNICIPIO": "48020", "DISTRITO": "03", "SECCION": "4802003010", "V1_H": 79.35, "V1_M": 85.2, "V2_H": 79.29922448000001, "V2_M": 85.22530012, "V3_H": 79.59037894, "V3_M": 85.4114479 }, "geometry": { "type": "Polygon", "coordinates": [ [ [ -2.9005529, 43.2598039 ], [ -2.9016228, 43.2603136 ], [ -2.9018053, 43.2601156 ], [ -2.9037322, 43.2589962 ], [ -2.9031052, 43.2581312 ], [ -2.9026863, 43.2586486 ], [ -2.9025315, 43.2588376 ], [ -2.9023045, 43.2589905 ], [ -2.9020726, 43.2591028 ], [ -2.9017644, 43.2591836 ], [ -2.9012433, 43.2592777 ], [ -2.9006345, 43.2593762 ], [ -2.9005529, 43.2598039 ] ] ] } },
{ "type": "Feature", "properties": { "CCAA": "16 - País Vasco", "PROVINCIA": "48 - Bizkaia", "MUNICIPIO": "48020 - Bilbao", "COD_MUNICIPIO": "48020", "DISTRITO": "03", "SECCION": "4802003017", "V1_H": 81.73, "V1_M": 86.8, "V2_H": 81.31626673, "V2_M": 86.83145999, "V3_H": 82.17064416, "V3_M": 87.00536352 }, "geometry": { "type": "Polygon", "coordinates": [ [ [ -2.90535, 43.2567554 ], [ -2.9075695, 43.2570679 ], [ -2.9079306, 43.2561272 ], [ -2.9076934, 43.2528178 ], [ -2.9077155, 43.2527052 ], [ -2.9078736, 43.2525658 ], [ -2.9079364, 43.2525163 ], [ -2.9077266, 43.252282 ], [ -2.9072283, 43.2516607 ], [ -2.906928, 43.2517237 ], [ -2.9065034, 43.252319 ], [ -2.9057006, 43.2528997 ], [ -2.9047284, 43.2534754 ], [ -2.9045394, 43.2534658 ], [ -2.9040956, 43.253756 ], [ -2.9032048, 43.2535366 ], [ -2.9031112, 43.2536379 ], [ -2.9029189, 43.2537728 ], [ -2.9019339, 43.2556044 ], [ -2.9028084, 43.2559338 ], [ -2.9042226, 43.2563447 ], [ -2.90535, 43.2567554 ] ] ] } },
{ "type": "Feature", "properties": { "CCAA": "16 - País Vasco", "PROVINCIA": "48 - Bizkaia", "MUNICIPIO": "48020 - Bilbao", "COD_MUNICIPIO": "48020", "DISTRITO": "03", "SECCION": "4802003019", "V1_H": 81.13, "V1_M": 86.76, "V2_H": 80.8252038, "V2_M": 86.73512652, "V3_H": 81.48774648, "V3_M": 86.92091474 }, "geometry": { "type": "Polygon", "coordinates": [ [ [ -2.9032048, 43.2535366 ], [ -2.9040956, 43.253756 ], [ -2.9045394, 43.2534658 ], [ -2.9047284, 43.2534754 ], [ -2.9057006, 43.2528997 ], [ -2.9065034, 43.252319 ], [ -2.906928, 43.2517237 ], [ -2.9072283, 43.2516607 ], [ -2.9072244, 43.2516558 ], [ -2.9058406, 43.2500518 ], [ -2.9056521, 43.2501912 ], [ -2.9052182, 43.2509788 ], [ -2.9051158, 43.2509877 ], [ -2.9040747, 43.2527788 ], [ -2.9033939, 43.2526161 ], [ -2.9030522, 43.2532237 ], [ -2.9033191, 43.253413 ], [ -2.9032048, 43.2535366 ] ] ] } },
{ "type": "Feature", "properties": { "CCAA": "16 - País Vasco", "PROVINCIA": "48 - Bizkaia", "MUNICIPIO": "48020 - Bilbao", "COD_MUNICIPIO": "48020", "DISTRITO": "04", "SECCION": "4802004024", "V1_H": 80.21, "V1_M": 86.17, "V2_H": 80.05188782, "V2_M": 86.17746221, "V3_H": 80.45086201, "V3_M": 86.3559927 }, "geometry": { "type": "Polygon", "coordinates": [ [ [ -2.9079364, 43.2525163 ], [ -2.90826, 43.2528858 ], [ -2.9088956, 43.2526477 ], [ -2.910054, 43.2524505 ], [ -2.9105471, 43.2524419 ], [ -2.9112975, 43.252447 ], [ -2.9119822, 43.25247 ], [ -2.9122576, 43.2513717 ], [ -2.9107841, 43.2512129 ], [ -2.9107415, 43.2508752 ], [ -2.9103186, 43.2507398 ], [ -2.9097553, 43.2505863 ], [ -2.9095994, 43.2510769 ], [ -2.9096693, 43.2517253 ], [ -2.9085478, 43.2517649 ], [ -2.9085305, 43.2520261 ], [ -2.9084195, 43.2522916 ], [ -2.9081647, 43.2525211 ], [ -2.9079364, 43.2525163 ] ] ] } },
{ "type": "Feature", "properties": { "CCAA": "16 - País Vasco", "PROVINCIA": "48 - Bizkaia", "MUNICIPIO": "48020 - Bilbao", "COD_MUNICIPIO": "48020", "DISTRITO": "04", "SECCION": "4802004026", "V1_H": 80.21, "V1_M": 86.35, "V2_H": 80.00126986, "V2_M": 86.33312861, "V3_H": 80.58114521, "V3_M": 86.56210486000001 }, "geometry": { "type": "Polygon", "coordinates": [ [ [ -2.9156783, 43.2509105 ], [ -2.9157731, 43.2508611 ], [ -2.9161606, 43.2506678 ], [ -2.9163016, 43.2506543 ], [ -2.9163973, 43.2507039 ], [ -2.9166811, 43.2506906 ], [ -2.9170487, 43.2506909 ], [ -2.9174012, 43.2508442 ], [ -2.917697, 43.250975 ], [ -2.917877, 43.2510832 ], [ -2.9180593, 43.2512769 ], [ -2.9188415, 43.2510029 ], [ -2.9191303, 43.250922 ], [ -2.9175144, 43.2504661 ], [ -2.9172043, 43.2503849 ], [ -2.9169899, 43.2503262 ], [ -2.9167505, 43.2503125 ], [ -2.9164259, 43.2503573 ], [ -2.9159412, 43.250438 ], [ -2.9154173, 43.2506402 ], [ -2.9156783, 43.2509105 ] ] ] } },
{ "type": "Feature", "properties": { "CCAA": "16 - País Vasco", "PROVINCIA": "48 - Bizkaia", "MUNICIPIO": "48020 - Bilbao", "COD_MUNICIPIO": "48020", "DISTRITO": "04", "SECCION": "4802004033", "V1_H": 80.02, "V1_M": 86.02, "V2_H": 79.96138623, "V2_M": 86.18252023, "V3_H": 80.18726569, "V3_M": 86.15258899 }, "geometry": { "type": "Polygon", "coordinates": [ [ [ -2.910432, 43.249002 ], [ -2.910814, 43.2489483 ], [ -2.9110441, 43.249025 ], [ -2.9109953, 43.2489407 ], [ -2.9114128, 43.2483296 ], [ -2.9115692, 43.2482645 ], [ -2.9113156, 43.2481293 ], [ -2.9110556, 43.2480435 ], [ -2.9108224, 43.2479893 ], [ -2.9105695, 43.2479846 ], [ -2.9103165, 43.2480159 ], [ -2.9100762, 43.2480877 ], [ -2.9098597, 43.2481731 ], [ -2.9097113, 43.2482856 ], [ -2.9095799, 43.2484251 ], [ -2.90948, 43.2485735 ], [ -2.910432, 43.249002 ] ] ] } },
{ "type": "Feature", "properties": { "CCAA": "16 - País Vasco", "PROVINCIA": "48 - Bizkaia", "MUNICIPIO": "48020 - Bilbao", "COD_MUNICIPIO": "48020", "DISTRITO": "04", "SECCION": "4802004036", "V1_H": 80.34, "V1_M": 85.99, "V2_H": 80.22806877, "V2_M": 85.94669411, "V3_H": 80.64200885, "V3_M": 86.09540763 }, "geometry": { "type": "Polygon", "coordinates": [ [ [ -2.9119599, 43.2485169 ], [ -2.9121803, 43.2486567 ], [ -2.9124696, 43.248756 ], [ -2.9128448, 43.2488418 ], [ -2.9126987, 43.248495 ], [ -2.9124805, 43.2481572 ], [ -2.9123431, 43.2478824 ], [ -2.9122376, 43.2476257 ], [ -2.9121575, 43.2473645 ], [ -2.9121569, 43.2470268 ], [ -2.9124701, 43.2468245 ], [ -2.9119089, 43.2468195 ], [ -2.9113026, 43.246774 ], [ -2.9107757, 43.2467601 ], [ -2.9105474, 43.2467869 ], [ -2.9100968, 43.2469172 ], [ -2.9098502, 43.2470791 ], [ -2.9096309, 43.2472095 ], [ -2.9094421, 43.2473669 ], [ -2.9097423, 43.2473626 ], [ -2.9100423, 43.2473043 ], [ -2.9103681, 43.247255 ], [ -2.910634, 43.2472688 ], [ -2.9108634, 43.2473455 ], [ -2.9110641, 43.2474582 ], [ -2.9112357, 43.2475889 ], [ -2.9119599, 43.2485169 ] ] ] } },
{ "type": "Feature", "properties": { "CCAA": "16 - País Vasco", "PROVINCIA": "48 - Bizkaia", "MUNICIPIO": "48020 - Bilbao", "COD_MUNICIPIO": "48020", "DISTRITO": "05", "SECCION": "4802005020", "V1_H": 80.72, "V1_M": 86.56, "V2_H": 80.63016227, "V2_M": 86.55369361, "V3_H": 80.94352394000001, "V3_M": 86.74641221 }, "geometry": { "type": "Polygon", "coordinates": [ [ [ -2.9270269, 43.2575278 ], [ -2.9270872, 43.2576584 ], [ -2.9271275, 43.257753 ], [ -2.9272011, 43.2580502 ], [ -2.927192, 43.2582708 ], [ -2.9272122, 43.2584284 ], [ -2.9299166, 43.2564355 ], [ -2.9294113, 43.2562416 ], [ -2.927456, 43.257429 ], [ -2.9270269, 43.2575278 ] ] ] } },
{ "type": "Feature", "properties": { "CCAA": "16 - País Vasco", "PROVINCIA": "48 - Bizkaia", "MUNICIPIO": "48020 - Bilbao", "COD_MUNICIPIO": "48020", "DISTRITO": "05", "SECCION": "4802005022", "V1_H": 80.0, "V1_M": 86.03, "V2_H": 79.84963877, "V2_M": 86.04281727, "V3_H": 80.29290896000001, "V3_M": 86.20578322 }, "geometry": { "type": "Polygon", "coordinates": [ [ [ -2.92535, 43.2558023 ], [ -2.9256405, 43.2560366 ], [ -2.9258492, 43.2562664 ], [ -2.9262387, 43.256037 ], [ -2.9271756, 43.2549481 ], [ -2.9265137, 43.2547405 ], [ -2.9263046, 43.2547359 ], [ -2.9260779, 43.2546997 ], [ -2.9254365, 43.2546993 ], [ -2.9251608, 43.2547306 ], [ -2.9248866, 43.254807 ], [ -2.9242951, 43.254586 ], [ -2.9235471, 43.2542748 ], [ -2.9234289, 43.2542567 ], [ -2.9230796, 43.2546572 ], [ -2.9233755, 43.2547654 ], [ -2.9238319, 43.2549548 ], [ -2.9241339, 43.2550991 ], [ -2.924636, 43.2553201 ], [ -2.9250485, 43.2555545 ], [ -2.92535, 43.2558023 ] ] ] } },
{ "type": "Feature", "properties": { "CCAA": "16 - País Vasco", "PROVINCIA": "48 - Bizkaia", "MUNICIPIO": "48020 - Bilbao", "COD_MUNICIPIO": "48020", "DISTRITO": "05", "SECCION": "4802005031", "V1_H": 80.01, "V1_M": 85.88, "V2_H": 79.90171161000001, "V2_M": 85.93881404, "V3_H": 80.29104055000001, "V3_M": 85.88520273 }, "geometry": { "type": "Polygon", "coordinates": [ [ [ -2.9216088, 43.2508922 ], [ -2.9217484, 43.2510499 ], [ -2.9220438, 43.2512347 ], [ -2.9223834, 43.2514826 ], [ -2.9225063, 43.2516628 ], [ -2.9225866, 43.2518159 ], [ -2.9225922, 43.2519555 ], [ -2.9225754, 43.2521446 ], [ -2.922387, 43.2531485 ], [ -2.9223311, 43.2534906 ], [ -2.9223069, 43.2537517 ], [ -2.9223751, 43.2540174 ], [ -2.9224657, 43.2542381 ], [ -2.9227241, 43.2544544 ], [ -2.9230796, 43.2546572 ], [ -2.9234289, 43.2542567 ], [ -2.9232317, 43.254063 ], [ -2.9231406, 43.2539188 ], [ -2.9230938, 43.2537793 ], [ -2.9230751, 43.2536352 ], [ -2.9231268, 43.2535226 ], [ -2.9232055, 43.2534642 ], [ -2.9234521, 43.2532797 ], [ -2.9234684, 43.2531762 ], [ -2.9234397, 43.2530231 ], [ -2.9233835, 43.2527034 ], [ -2.9233492, 43.2524827 ], [ -2.9233656, 43.2522937 ], [ -2.9234332, 43.2520731 ], [ -2.9234669, 43.2518795 ], [ -2.9234648, 43.2517084 ], [ -2.9234062, 43.2515058 ], [ -2.9233206, 43.2513167 ], [ -2.9232484, 43.25115 ], [ -2.9230074, 43.2512264 ], [ -2.9229236, 43.2511002 ], [ -2.9227924, 43.2509786 ], [ -2.9225663, 43.2508344 ], [ -2.9222889, 43.2507216 ], [ -2.9221504, 43.250618 ], [ -2.9216088, 43.2508922 ] ] ] } },
{ "type": "Feature", "properties": { "CCAA": "16 - País Vasco", "PROVINCIA": "48 - Bizkaia", "MUNICIPIO": "48020 - Bilbao", "COD_MUNICIPIO": "48020", "DISTRITO": "06", "SECCION": "4802006011", "V1_H": 83.53, "V1_M": 87.48, "V2_H": 83.001258, "V2_M": 87.17437478, "V3_H": 84.05701231, "V3_M": 87.87285168 }, "geometry": { "type": "Polygon", "coordinates": [ [ [ -2.9345793, 43.2639977 ], [ -2.936024, 43.2643182 ], [ -2.9364213, 43.2633144 ], [ -2.9350066, 43.262976 ], [ -2.9330841, 43.2625741 ], [ -2.9316252, 43.2622581 ], [ -2.9312128, 43.2632574 ], [ -2.9334247, 43.2637629 ], [ -2.9345793, 43.2639977 ] ] ] } },
{ "type": "Feature", "properties": { "CCAA": "16 - País Vasco", "PROVINCIA": "48 - Bizkaia", "MUNICIPIO": "48020 - Bilbao", "COD_MUNICIPIO": "48020", "DISTRITO": "06", "SECCION": "4802006013", "V1_H": 82.53, "V1_M": 87.34, "V2_H": 82.38507422000001, "V2_M": 87.19104055, "V3_H": 82.74254947, "V3_M": 87.61225513 }, "geometry": { "type": "Polygon", "coordinates": [ [ [ -2.9238311, 43.2632436 ], [ -2.9243644, 43.2629288 ], [ -2.9246031, 43.262947 ], [ -2.9250478, 43.2629608 ], [ -2.9253035, 43.262925 ], [ -2.9256035, 43.2628801 ], [ -2.9259035, 43.2628398 ], [ -2.9263356, 43.2628086 ], [ -2.928974, 43.263391 ], [ -2.9291714, 43.2628374 ], [ -2.9312128, 43.2632574 ], [ -2.9316252, 43.2622581 ], [ -2.9271906, 43.2612963 ], [ -2.9256395, 43.2604894 ], [ -2.9250831, 43.2602369 ], [ -2.9247893, 43.2605699 ], [ -2.9244373, 43.2609794 ], [ -2.924271, 43.2612179 ], [ -2.9241109, 43.2614879 ], [ -2.9239315, 43.2617579 ], [ -2.9237968, 43.2620055 ], [ -2.9237015, 43.26219 ], [ -2.9236696, 43.2624466 ], [ -2.9236796, 43.2627213 ], [ -2.9237308, 43.263032 ], [ -2.9238311, 43.2632436 ] ] ] } },
{ "type": "Feature", "properties": { "CCAA": "16 - País Vasco", "PROVINCIA": "48 - Bizkaia", "MUNICIPIO": "48020 - Bilbao", "COD_MUNICIPIO": "48020", "DISTRITO": "06", "SECCION": "4802006016", "V1_H": 83.53, "V1_M": 87.48, "V2_H": 83.001258, "V2_M": 87.17437478, "V3_H": 84.05701231, "V3_M": 87.87285168 }, "geometry": { "type": "Polygon", "coordinates": [ [ [ -2.939148, 43.2639102 ], [ -2.9411868, 43.2643705 ], [ -2.9416437, 43.2632857 ], [ -2.9396007, 43.2628614 ], [ -2.939148, 43.2639102 ] ] ] } },
{ "type": "Feature", "properties": { "CCAA": "16 - País Vasco", "PROVINCIA": "48 - Bizkaia", "MUNICIPIO": "48020 - Bilbao", "COD_MUNICIPIO": "48020", "DISTRITO": "02", "SECCION": "4802002032", "V1_H": 82.19, "V1_M": 87.25, "V2_H": 81.84285612, "V2_M": 87.14223952, "V3_H": 82.56554756, "V3_M": 87.46692958 }, "geometry": { "type": "Polygon", "coordinates": [ [ [ -2.9264906, 43.268351 ], [ -2.9281033, 43.2695992 ], [ -2.9301255, 43.2682182 ], [ -2.9284881, 43.2669521 ], [ -2.9284188, 43.266898 ], [ -2.9264906, 43.268351 ] ] ] } },
{ "type": "Feature", "properties": { "CCAA": "16 - País Vasco", "PROVINCIA": "48 - Bizkaia", "MUNICIPIO": "48020 - Bilbao", "COD_MUNICIPIO": "48020", "DISTRITO": "02", "SECCION": "4802002033", "V1_H": 82.27, "V1_M": 87.07, "V2_H": 81.979544, "V2_M": 86.90367115, "V3_H": 82.63571561000001, "V3_M": 87.32539334000001 }, "geometry": { "type": "Polygon", "coordinates": [ [ [ -2.9252826, 43.2674182 ], [ -2.9264906, 43.268351 ], [ -2.9284188, 43.266898 ], [ -2.9257593, 43.2648477 ], [ -2.9253755, 43.2669681 ], [ -2.9252826, 43.2674182 ] ] ] } },
{ "type": "Feature", "properties": { "CCAA": "16 - País Vasco", "PROVINCIA": "48 - Bizkaia", "MUNICIPIO": "48020 - Bilbao", "COD_MUNICIPIO": "48020", "DISTRITO": "03", "SECCION": "4802003013", "V1_H": 81.72, "V1_M": 86.96, "V2_H": 81.44760383000001, "V2_M": 86.83587728000001, "V3_H": 82.03657934, "V3_M": 87.26058658 }, "geometry": { "type": "Polygon", "coordinates": [ [ [ -2.9054806, 43.2607176 ], [ -2.9069226, 43.2608808 ], [ -2.9071967, 43.2609171 ], [ -2.9074305, 43.2608812 ], [ -2.9077013, 43.2608004 ], [ -2.907894, 43.260688 ], [ -2.9080598, 43.260481 ], [ -2.9081842, 43.260265 ], [ -2.9087904, 43.259347 ], [ -2.9081991, 43.2592655 ], [ -2.9082773, 43.258991 ], [ -2.9063384, 43.2587057 ], [ -2.9057312, 43.2594931 ], [ -2.9054806, 43.2607176 ] ] ] } },
{ "type": "Feature", "properties": { "CCAA": "16 - País Vasco", "PROVINCIA": "48 - Bizkaia", "MUNICIPIO": "48020 - Bilbao", "COD_MUNICIPIO": "48020", "DISTRITO": "04", "SECCION": "4802004010", "V1_H": 80.99, "V1_M": 86.66, "V2_H": 80.84822772, "V2_M": 86.63128417, "V3_H": 81.25601163, "V3_M": 86.83891366 }, "geometry": { "type": "Polygon", "coordinates": [ [ [ -2.9113194, 43.2542344 ], [ -2.9127214, 43.2556762 ], [ -2.913759, 43.2551412 ], [ -2.914612, 43.2546782 ], [ -2.9147931, 43.2546018 ], [ -2.9147532, 43.2545207 ], [ -2.9147689, 43.2537058 ], [ -2.9138936, 43.2538402 ], [ -2.9139108, 43.2545291 ], [ -2.9129292, 43.2546949 ], [ -2.9123549, 43.2540776 ], [ -2.9116853, 43.2541807 ], [ -2.9113194, 43.2542344 ] ] ] } },
{ "type": "Feature", "properties": { "CCAA": "16 - País Vasco", "PROVINCIA": "48 - Bizkaia", "MUNICIPIO": "48020 - Bilbao", "COD_MUNICIPIO": "48020", "DISTRITO": "04", "SECCION": "4802004012", "V1_H": 81.11, "V1_M": 86.51, "V2_H": 80.75023294, "V2_M": 86.37370028, "V3_H": 81.47997818, "V3_M": 86.68611994 }, "geometry": { "type": "Polygon", "coordinates": [ [ [ -2.9099804, 43.2548096 ], [ -2.9101802, 43.2550484 ], [ -2.9107379, 43.2556792 ], [ -2.9111242, 43.2560982 ], [ -2.9113594, 43.256346 ], [ -2.9127214, 43.2556762 ], [ -2.9113194, 43.2542344 ], [ -2.910488, 43.2546885 ], [ -2.9099804, 43.2548096 ] ] ] } },
{ "type": "Feature", "properties": { "CCAA": "16 - País Vasco", "PROVINCIA": "48 - Bizkaia", "MUNICIPIO": "48020 - Bilbao", "COD_MUNICIPIO": "48020", "DISTRITO": "04", "SECCION": "4802004030", "V1_H": 80.34, "V1_M": 85.99, "V2_H": 80.22806877, "V2_M": 85.94669411, "V3_H": 80.64200885, "V3_M": 86.09540763 }, "geometry": { "type": "Polygon", "coordinates": [ [ [ -2.9097553, 43.2505863 ], [ -2.9103186, 43.2507398 ], [ -2.9107415, 43.2508752 ], [ -2.9107247, 43.2507716 ], [ -2.9105927, 43.2499926 ], [ -2.9105629, 43.2498035 ], [ -2.910432, 43.249002 ], [ -2.90948, 43.2485735 ], [ -2.9092979, 43.2485644 ], [ -2.9094931, 43.2493209 ], [ -2.9092087, 43.2500231 ], [ -2.9090307, 43.2504056 ], [ -2.9091954, 43.2504373 ], [ -2.9097553, 43.2505863 ] ] ] } },
{ "type": "Feature", "properties": { "CCAA": "16 - País Vasco", "PROVINCIA": "48 - Bizkaia", "MUNICIPIO": "48020 - Bilbao", "COD_MUNICIPIO": "48020", "DISTRITO": "04", "SECCION": "4802004031", "V1_H": 80.74, "V1_M": 86.31, "V2_H": 80.60059228, "V2_M": 86.16828649, "V3_H": 80.96013544, "V3_M": 86.56561146 }, "geometry": { "type": "Polygon", "coordinates": [ [ [ -2.9123306, 43.2495753 ], [ -2.9119803, 43.2501108 ], [ -2.912758, 43.2503005 ], [ -2.9129164, 43.2499539 ], [ -2.9130832, 43.2495804 ], [ -2.9138606, 43.2497611 ], [ -2.9136525, 43.2490901 ], [ -2.9128448, 43.2488418 ], [ -2.9123306, 43.2495753 ] ] ] } },
{ "type": "Feature", "properties": { "CCAA": "16 - País Vasco", "PROVINCIA": "48 - Bizkaia", "MUNICIPIO": "48020 - Bilbao", "COD_MUNICIPIO": "48020", "DISTRITO": "05", "SECCION": "4802005006", "V1_H": 81.55, "V1_M": 86.88, "V2_H": 81.46298126000001, "V2_M": 86.741846, "V3_H": 81.68783029, "V3_M": 87.18580847 }, "geometry": { "type": "Polygon", "coordinates": [ [ [ -2.9241478, 43.2575484 ], [ -2.9251762, 43.2574861 ], [ -2.925486, 43.2576033 ], [ -2.9253754, 43.2577293 ], [ -2.9267438, 43.2589503 ], [ -2.9269512, 43.2587388 ], [ -2.9272122, 43.2584284 ], [ -2.927192, 43.2582708 ], [ -2.9272011, 43.2580502 ], [ -2.9271275, 43.257753 ], [ -2.9270872, 43.2576584 ], [ -2.9270269, 43.2575278 ], [ -2.9266909, 43.2571359 ], [ -2.9262441, 43.2567079 ], [ -2.9258492, 43.2562664 ], [ -2.9256405, 43.2560366 ], [ -2.92535, 43.2558023 ], [ -2.9250282, 43.2560992 ], [ -2.924953, 43.2561487 ], [ -2.924837, 43.2562927 ], [ -2.924612, 43.2566842 ], [ -2.9241209, 43.2574989 ], [ -2.9241478, 43.2575484 ] ] ] } },
{ "type": "Feature", "properties": { "CCAA": "16 - País Vasco", "PROVINCIA": "48 - Bizkaia", "MUNICIPIO": "48020 - Bilbao", "COD_MUNICIPIO": "48020", "DISTRITO": "05", "SECCION": "4802005007", "V1_H": 81.47, "V1_M": 86.95, "V2_H": 81.05678048, "V2_M": 86.75805168, "V3_H": 81.85108408000001, "V3_M": 87.21302779 }, "geometry": { "type": "Polygon", "coordinates": [ [ [ -2.9219675, 43.2584114 ], [ -2.922488, 43.2584523 ], [ -2.9235128, 43.258588 ], [ -2.9235074, 43.2575975 ], [ -2.9241478, 43.2575484 ], [ -2.9241209, 43.2574989 ], [ -2.924612, 43.2566842 ], [ -2.924837, 43.2562927 ], [ -2.924953, 43.2561487 ], [ -2.9250282, 43.2560992 ], [ -2.9241809, 43.255698 ], [ -2.9234925, 43.2569221 ], [ -2.923329, 43.2570976 ], [ -2.9227525, 43.25757 ], [ -2.9219675, 43.2584114 ] ] ] } },
{ "type": "Feature", "properties": { "CCAA": "16 - País Vasco", "PROVINCIA": "48 - Bizkaia", "MUNICIPIO": "48020 - Bilbao", "COD_MUNICIPIO": "48020", "DISTRITO": "05", "SECCION": "4802005010", "V1_H": 80.61, "V1_M": 86.39, "V2_H": 80.33359214, "V2_M": 86.26240397, "V3_H": 81.01911703, "V3_M": 86.63389387 }, "geometry": { "type": "Polygon", "coordinates": [ [ [ -2.9179227, 43.257445 ], [ -2.9184955, 43.2577786 ], [ -2.9189311, 43.2573467 ], [ -2.9189174, 43.2572837 ], [ -2.9183786, 43.256788 ], [ -2.918517, 43.2567026 ], [ -2.9193631, 43.2571309 ], [ -2.9195442, 43.2569824 ], [ -2.9194244, 43.2566987 ], [ -2.9197598, 43.2564018 ], [ -2.9188238, 43.2558428 ], [ -2.9177935, 43.2567066 ], [ -2.9176958, 43.2566794 ], [ -2.9174714, 43.2568729 ], [ -2.917858, 43.2570757 ], [ -2.917981, 43.2569433 ], [ -2.9182546, 43.2571293 ], [ -2.9180441, 43.257298 ], [ -2.9179227, 43.257445 ] ] ] } },
{ "type": "Feature", "properties": { "CCAA": "16 - País Vasco", "PROVINCIA": "48 - Bizkaia", "MUNICIPIO": "48020 - Bilbao", "COD_MUNICIPIO": "48020", "DISTRITO": "05", "SECCION": "4802005026", "V1_H": 79.19, "V1_M": 85.12, "V2_H": 79.38537767, "V2_M": 85.11224236, "V3_H": 79.115857, "V3_M": 85.3484756 }, "geometry": { "type": "Polygon", "coordinates": [ [ [ -2.9299166, 43.2564355 ], [ -2.9315991, 43.2570354 ], [ -2.9318393, 43.2567969 ], [ -2.9317182, 43.2558829 ], [ -2.9310395, 43.2558645 ], [ -2.9307504, 43.2558237 ], [ -2.9297914, 43.2554544 ], [ -2.9294777, 43.2553656 ], [ -2.929417, 43.2554501 ], [ -2.9291969, 43.2553453 ], [ -2.928982, 43.255602 ], [ -2.928712, 43.2559891 ], [ -2.9294113, 43.2562416 ], [ -2.9299166, 43.2564355 ] ] ] } },
{ "type": "Feature", "properties": { "CCAA": "16 - País Vasco", "PROVINCIA": "48 - Bizkaia", "MUNICIPIO": "48020 - Bilbao", "COD_MUNICIPIO": "48020", "DISTRITO": "06", "SECCION": "4802006001", "V1_H": 83.53, "V1_M": 87.48, "V2_H": 83.001258, "V2_M": 87.17437478, "V3_H": 84.05701231, "V3_M": 87.87285168 }, "geometry": { "type": "Polygon", "coordinates": [ [ [ -2.9369956, 43.265728 ], [ -2.9372152, 43.2659938 ], [ -2.9374633, 43.2662145 ], [ -2.9377042, 43.2663902 ], [ -2.9386185, 43.266922 ], [ -2.9391161, 43.2672284 ], [ -2.9395085, 43.2675753 ], [ -2.9397977, 43.2679762 ], [ -2.940134, 43.2686021 ], [ -2.9406257, 43.2694984 ], [ -2.9408306, 43.2694309 ], [ -2.9410995, 43.2693546 ], [ -2.9415352, 43.2692062 ], [ -2.9420047, 43.2690534 ], [ -2.9427548, 43.2688016 ], [ -2.94343, 43.2685678 ], [ -2.944009, 43.2683745 ], [ -2.9445875, 43.2681767 ], [ -2.9446943, 43.2681407 ], [ -2.9451291, 43.2679924 ], [ -2.9460471, 43.2676642 ], [ -2.9501192, 43.2662838 ], [ -2.9508106, 43.26605 ], [ -2.9503515, 43.2652889 ], [ -2.9501219, 43.2653428 ], [ -2.9499101, 43.2653878 ], [ -2.949733, 43.2654237 ], [ -2.9495181, 43.2654596 ], [ -2.9491665, 43.2655225 ], [ -2.9488025, 43.2655854 ], [ -2.9485376, 43.2656303 ], [ -2.948167, 43.2656886 ], [ -2.9476479, 43.2657694 ], [ -2.9473271, 43.2658278 ], [ -2.9452033, 43.265255 ], [ -2.943037, 43.2647632 ], [ -2.9411868, 43.2643705 ], [ -2.939148, 43.2639102 ], [ -2.9377213, 43.2635898 ], [ -2.9375291, 43.2640759 ], [ -2.9370804, 43.2652013 ], [ -2.9369816, 43.2654804 ], [ -2.9369814, 43.2656019 ], [ -2.9369956, 43.265728 ] ] ] } },
{ "type": "Feature", "properties": { "CCAA": "16 - País Vasco", "PROVINCIA": "48 - Bizkaia", "MUNICIPIO": "48020 - Bilbao", "COD_MUNICIPIO": "48020", "DISTRITO": "06", "SECCION": "4802006002", "V1_H": 83.53, "V1_M": 87.48, "V2_H": 83.001258, "V2_M": 87.17437478, "V3_H": 84.05701231, "V3_M": 87.87285168 }, "geometry": { "type": "Polygon", "coordinates": [ [ [ -2.931797, 43.2693493 ], [ -2.9319294, 43.2694079 ], [ -2.9323197, 43.2695432 ], [ -2.9327209, 43.2696471 ], [ -2.9335936, 43.2697916 ], [ -2.936221, 43.2699057 ], [ -2.9375366, 43.2698704 ], [ -2.9380056, 43.2698571 ], [ -2.9386376, 43.269808 ], [ -2.9388209, 43.2697901 ], [ -2.9393162, 43.2697408 ], [ -2.9398577, 43.2696691 ], [ -2.9406257, 43.2694984 ], [ -2.940134, 43.2686021 ], [ -2.9397977, 43.2679762 ], [ -2.9395085, 43.2675753 ], [ -2.9391161, 43.2672284 ], [ -2.9386185, 43.266922 ], [ -2.9377042, 43.2663902 ], [ -2.9374633, 43.2662145 ], [ -2.9372152, 43.2659938 ], [ -2.9369956, 43.265728 ], [ -2.9355138, 43.2654435 ], [ -2.9349664, 43.2667308 ], [ -2.9347174, 43.267298 ], [ -2.9346394, 43.267415 ], [ -2.9329851, 43.2678148 ], [ -2.9328789, 43.2681029 ], [ -2.932651, 43.2684359 ], [ -2.932455, 43.2686879 ], [ -2.932268, 43.2689174 ], [ -2.9320733, 43.2691154 ], [ -2.931797, 43.2693493 ] ] ] } },
{ "type": "Feature", "properties": { "CCAA": "16 - País Vasco", "PROVINCIA": "48 - Bizkaia", "MUNICIPIO": "48020 - Bilbao", "COD_MUNICIPIO": "48020", "DISTRITO": "06", "SECCION": "4802006017", "V1_H": 83.53, "V1_M": 87.48, "V2_H": 83.001258, "V2_M": 87.17437478, "V3_H": 84.05701231, "V3_M": 87.87285168 }, "geometry": { "type": "Polygon", "coordinates": [ [ [ -2.9377213, 43.2635898 ], [ -2.939148, 43.2639102 ], [ -2.9396007, 43.2628614 ], [ -2.9381555, 43.262559 ], [ -2.9385604, 43.2615642 ], [ -2.9382625, 43.2614965 ], [ -2.9376535, 43.2617618 ], [ -2.9368992, 43.2621126 ], [ -2.9350066, 43.262976 ], [ -2.9364213, 43.2633144 ], [ -2.9372258, 43.2634995 ], [ -2.9377213, 43.2635898 ] ] ] } },
{ "type": "Feature", "properties": { "CCAA": "16 - País Vasco", "PROVINCIA": "48 - Bizkaia", "MUNICIPIO": "48020 - Bilbao", "COD_MUNICIPIO": "48020", "DISTRITO": "06", "SECCION": "4802006020", "V1_H": 83.02, "V1_M": 87.55, "V2_H": 82.56010262, "V2_M": 87.39744151, "V3_H": 83.4975015, "V3_M": 87.7973198 }, "geometry": { "type": "Polygon", "coordinates": [ [ [ -2.943037, 43.2647632 ], [ -2.9452033, 43.265255 ], [ -2.9456467, 43.2641612 ], [ -2.9460338, 43.2631934 ], [ -2.9438394, 43.2627376 ], [ -2.943455, 43.2637009 ], [ -2.943037, 43.2647632 ] ] ] } },
{ "type": "Feature", "properties": { "CCAA": "16 - País Vasco", "PROVINCIA": "48 - Bizkaia", "MUNICIPIO": "48020 - Bilbao", "COD_MUNICIPIO": "48020", "DISTRITO": "06", "SECCION": "4802006034", "V1_H": 82.27, "V1_M": 87.07, "V2_H": 81.979544, "V2_M": 86.90367115, "V3_H": 82.63571561000001, "V3_M": 87.32539334000001 }, "geometry": { "type": "Polygon", "coordinates": [ [ [ -2.9347348, 43.2597476 ], [ -2.9361756, 43.2600411 ], [ -2.9367685, 43.2586637 ], [ -2.935498, 43.2578751 ], [ -2.9351097, 43.2588068 ], [ -2.9347348, 43.2597476 ] ] ] } },
{ "type": "Feature", "properties": { "CCAA": "16 - País Vasco", "PROVINCIA": "48 - Bizkaia", "MUNICIPIO": "48020 - Bilbao", "COD_MUNICIPIO": "48020", "DISTRITO": "06", "SECCION": "4802006035", "V1_H": 81.88, "V1_M": 87.06, "V2_H": 81.54316391, "V2_M": 86.92154098, "V3_H": 82.24926416, "V3_M": 87.34198023 }, "geometry": { "type": "Polygon", "coordinates": [ [ [ -2.9330896, 43.2596791 ], [ -2.9335752, 43.2596389 ], [ -2.9339621, 43.2596481 ], [ -2.9343183, 43.2596709 ], [ -2.9347348, 43.2597476 ], [ -2.9351097, 43.2588068 ], [ -2.9327605, 43.2582967 ], [ -2.9323331, 43.2582875 ], [ -2.9330896, 43.2596791 ] ] ] } },
{ "type": "Feature", "properties": { "CCAA": "16 - País Vasco", "PROVINCIA": "48 - Bizkaia", "MUNICIPIO": "48020 - Bilbao", "COD_MUNICIPIO": "48020", "DISTRITO": "04", "SECCION": "4802004038", "V1_H": 80.53, "V1_M": 86.43, "V2_H": 80.43347749, "V2_M": 86.30479166000001, "V3_H": 80.8868878, "V3_M": 86.74881461 }, "geometry": { "type": "Polygon", "coordinates": [ [ [ -2.8897178, 43.2533105 ], [ -2.8898106, 43.2534772 ], [ -2.8901363, 43.2537161 ], [ -2.8903863, 43.2538605 ], [ -2.8906486, 43.2539823 ], [ -2.8909102, 43.2540951 ], [ -2.8911126, 43.2541673 ], [ -2.89129, 43.2542215 ], [ -2.8914789, 43.2542757 ], [ -2.8918337, 43.2543706 ], [ -2.8920692, 43.2544204 ], [ -2.8923048, 43.2544611 ], [ -2.89253, 43.2544838 ], [ -2.8928021, 43.2544976 ], [ -2.8930654, 43.2544934 ], [ -2.8932492, 43.2544755 ], [ -2.8933962, 43.2544487 ], [ -2.8934216, 43.2544442 ], [ -2.8935927, 43.2543993 ], [ -2.8937826, 43.2543409 ], [ -2.8945295, 43.254085 ], [ -2.8958635, 43.253618 ], [ -2.8969587, 43.2532453 ], [ -2.8972893, 43.253106 ], [ -2.897374, 43.2530701 ], [ -2.8978106, 43.2528319 ], [ -2.8988419, 43.2521935 ], [ -2.8997983, 43.251618 ], [ -2.9005617, 43.2511369 ], [ -2.9009479, 43.2508671 ], [ -2.9022446, 43.2500893 ], [ -2.9024774, 43.2499454 ], [ -2.9027721, 43.2497701 ], [ -2.9032275, 43.2495409 ], [ -2.9035487, 43.2494466 ], [ -2.9039342, 43.2493884 ], [ -2.9040628, 43.249375 ], [ -2.9042044, 43.2493706 ], [ -2.9044161, 43.2493933 ], [ -2.9046971, 43.2494296 ], [ -2.9049564, 43.2495063 ], [ -2.9051838, 43.2495875 ], [ -2.9054192, 43.2497048 ], [ -2.9056142, 43.2498356 ], [ -2.9058249, 43.2495116 ], [ -2.9061058, 43.2488815 ], [ -2.9062515, 43.2487375 ], [ -2.9064224, 43.2487016 ], [ -2.9066149, 43.2486928 ], [ -2.9071604, 43.2487112 ], [ -2.9075818, 43.2487566 ], [ -2.9078831, 43.2488739 ], [ -2.9081738, 43.2490588 ], [ -2.9084133, 43.2492975 ], [ -2.9085403, 43.2495948 ], [ -2.9086246, 43.2500676 ], [ -2.9086408, 43.2503198 ], [ -2.9088547, 43.250374 ], [ -2.9090307, 43.2504056 ], [ -2.9092087, 43.2500231 ], [ -2.9094931, 43.2493209 ], [ -2.9092979, 43.2485644 ], [ -2.9088583, 43.2475375 ], [ -2.9094421, 43.2473669 ], [ -2.9096309, 43.2472095 ], [ -2.9098502, 43.2470791 ], [ -2.9100968, 43.2469172 ], [ -2.9105474, 43.2467869 ], [ -2.9107757, 43.2467601 ], [ -2.9113026, 43.246774 ], [ -2.9119089, 43.2468195 ], [ -2.9124701, 43.2468245 ], [ -2.9128652, 43.2464961 ], [ -2.9135614, 43.2457853 ], [ -2.9132976, 43.2458211 ], [ -2.913022, 43.2458299 ], [ -2.9128195, 43.2458342 ], [ -2.9126756, 43.2458341 ], [ -2.9124638, 43.2458384 ], [ -2.9122186, 43.2458293 ], [ -2.9119669, 43.2458111 ], [ -2.9117398, 43.2457929 ], [ -2.9114762, 43.2457747 ], [ -2.9112249, 43.2457475 ], [ -2.9109058, 43.2456797 ], [ -2.9105072, 43.2456208 ], [ -2.910108, 43.245562 ], [ -2.9096909, 43.2454851 ], [ -2.9092371, 43.2454172 ], [ -2.9089362, 43.2453674 ], [ -2.9086434, 43.2453132 ], [ -2.9083705, 43.245286 ], [ -2.9080394, 43.2452767 ], [ -2.9077184, 43.2452584 ], [ -2.9072395, 43.2452715 ], [ -2.9068828, 43.2452532 ], [ -2.9065794, 43.2452574 ], [ -2.9063923, 43.2452843 ], [ -2.9062418, 43.2453067 ], [ -2.905836, 43.2453604 ], [ -2.9055449, 43.2453827 ], [ -2.9053671, 43.2453825 ], [ -2.9051896, 43.2453869 ], [ -2.9050056, 43.2453957 ], [ -2.9048092, 43.2454181 ], [ -2.9046314, 43.2454404 ], [ -2.9044843, 43.2454809 ], [ -2.904368, 43.2455123 ], [ -2.9042451, 43.2455707 ], [ -2.9041106, 43.2456246 ], [ -2.9039696, 43.2456965 ], [ -2.9038225, 43.2457774 ], [ -2.9036021, 43.2459123 ], [ -2.9033693, 43.2460652 ], [ -2.9031609, 43.2462001 ], [ -2.9029158, 43.2463575 ], [ -2.9027752, 43.2464429 ], [ -2.9025605, 43.2465913 ], [ -2.9023585, 43.2467262 ], [ -2.9022052, 43.2468386 ], [ -2.9020707, 43.2469511 ], [ -2.9019912, 43.247032 ], [ -2.9017399, 43.2472479 ], [ -2.9016296, 43.2473379 ], [ -2.9015379, 43.2474144 ], [ -2.9012866, 43.2476077 ], [ -2.9011152, 43.2477066 ], [ -2.9009129, 43.2478325 ], [ -2.9007109, 43.2479539 ], [ -2.9005518, 43.2480573 ], [ -2.9003983, 43.2481787 ], [ -2.9002025, 43.2483587 ], [ -2.8998964, 43.2486465 ], [ -2.8985355, 43.2500591 ], [ -2.8983476, 43.250311 ], [ -2.8982615, 43.2504325 ], [ -2.8981944, 43.2505495 ], [ -2.8981083, 43.2506845 ], [ -2.89793, 43.2509365 ], [ -2.8978379, 43.2510355 ], [ -2.8977333, 43.2511839 ], [ -2.8976411, 43.2513054 ], [ -2.8975489, 43.2514269 ], [ -2.8974382, 43.2515484 ], [ -2.8972169, 43.2517553 ], [ -2.8971, 43.2518722 ], [ -2.8969893, 43.2519757 ], [ -2.8967368, 43.2521735 ], [ -2.8966077, 43.2522725 ], [ -2.8963741, 43.2524749 ], [ -2.8961952, 43.2526008 ], [ -2.8960294, 43.2527312 ], [ -2.8958692, 43.2528031 ], [ -2.895673, 43.252947 ], [ -2.8955084, 43.2530549 ], [ -2.8953989, 43.2531223 ], [ -2.8952017, 43.2532212 ], [ -2.8950036, 43.2533111 ], [ -2.8947547, 43.2534099 ], [ -2.8945228, 43.2534997 ], [ -2.8942559, 43.2535805 ], [ -2.8940132, 43.2536613 ], [ -2.8938507, 43.2537062 ], [ -2.8937174, 43.2537241 ], [ -2.893605, 43.2537375 ], [ -2.8934086, 43.2537328 ], [ -2.8931303, 43.253728 ], [ -2.8928759, 43.2537187 ], [ -2.8926688, 43.2537096 ], [ -2.8924447, 43.2536914 ], [ -2.8922231, 43.2536687 ], [ -2.8920175, 43.2536504 ], [ -2.8918377, 43.2536233 ], [ -2.8916406, 43.2535916 ], [ -2.8914913, 43.2535554 ], [ -2.891354, 43.2535102 ], [ -2.8911409, 43.2534335 ], [ -2.8910112, 43.2533703 ], [ -2.8909447, 43.2533297 ], [ -2.890917, 43.2533072 ], [ -2.8904629, 43.252807 ], [ -2.8897178, 43.2533105 ] ] ] } },
{ "type": "Feature", "properties": { "CCAA": "16 - País Vasco", "PROVINCIA": "48 - Bizkaia", "MUNICIPIO": "48020 - Bilbao", "COD_MUNICIPIO": "48020", "DISTRITO": "05", "SECCION": "4802005001", "V1_H": 82.08, "V1_M": 87.23, "V2_H": 81.77226367, "V2_M": 87.02227373, "V3_H": 82.52263661000001, "V3_M": 87.52638345 }, "geometry": { "type": "Polygon", "coordinates": [ [ [ -2.9181127, 43.264937 ], [ -2.9184316, 43.2649598 ], [ -2.9190653, 43.2649512 ], [ -2.9195944, 43.2649471 ], [ -2.9202887, 43.2649431 ], [ -2.9208394, 43.2649209 ], [ -2.9211144, 43.2648131 ], [ -2.9215199, 43.2645027 ], [ -2.9216725, 43.2644218 ], [ -2.9219316, 43.2644445 ], [ -2.9220582, 43.2645706 ], [ -2.9220525, 43.2647417 ], [ -2.9219311, 43.2648542 ], [ -2.9216279, 43.264953 ], [ -2.9208359, 43.2652451 ], [ -2.9207937, 43.2653621 ], [ -2.9208356, 43.2654522 ], [ -2.9209614, 43.2655153 ], [ -2.9210592, 43.2655154 ], [ -2.9214776, 43.2653806 ], [ -2.9221976, 43.2651335 ], [ -2.9223467, 43.2650571 ], [ -2.9225201, 43.2649446 ], [ -2.9226582, 43.2648141 ], [ -2.9227326, 43.2646836 ], [ -2.9227468, 43.2644225 ], [ -2.922761, 43.2642019 ], [ -2.9228636, 43.2640039 ], [ -2.922994, 43.2638014 ], [ -2.923146, 43.2636484 ], [ -2.9238311, 43.2632436 ], [ -2.9237308, 43.263032 ], [ -2.9236796, 43.2627213 ], [ -2.9236696, 43.2624466 ], [ -2.9237015, 43.26219 ], [ -2.9237968, 43.2620055 ], [ -2.9239315, 43.2617579 ], [ -2.9241109, 43.2614879 ], [ -2.924271, 43.2612179 ], [ -2.9244373, 43.2609794 ], [ -2.9247893, 43.2605699 ], [ -2.9250831, 43.2602369 ], [ -2.9238837, 43.2596328 ], [ -2.9235207, 43.2595921 ], [ -2.9235128, 43.258588 ], [ -2.922488, 43.2584523 ], [ -2.9219675, 43.2584114 ], [ -2.921776, 43.2585463 ], [ -2.9217094, 43.2587759 ], [ -2.9213488, 43.2589602 ], [ -2.9209987, 43.2590771 ], [ -2.9206809, 43.2595091 ], [ -2.9203094, 43.2597969 ], [ -2.9195383, 43.2602241 ], [ -2.9193333, 43.2603365 ], [ -2.919081, 43.2604624 ], [ -2.9187566, 43.2605973 ], [ -2.9184777, 43.2606871 ], [ -2.9181816, 43.2607544 ], [ -2.9178746, 43.2608082 ], [ -2.9174468, 43.260862 ], [ -2.9171595, 43.2608572 ], [ -2.9167637, 43.2608975 ], [ -2.9163563, 43.2609107 ], [ -2.9159248, 43.2616667 ], [ -2.9157521, 43.2618242 ], [ -2.9163026, 43.2624099 ], [ -2.9169514, 43.2632208 ], [ -2.9170339, 43.2634865 ], [ -2.9170389, 43.2637386 ], [ -2.9169989, 43.2640087 ], [ -2.9169596, 43.2642923 ], [ -2.9173237, 43.2646843 ], [ -2.9176574, 43.2648422 ], [ -2.9177982, 43.2648828 ], [ -2.9181127, 43.264937 ] ] ] } },
{ "type": "Feature", "properties": { "CCAA": "16 - País Vasco", "PROVINCIA": "48 - Bizkaia", "MUNICIPIO": "48020 - Bilbao", "COD_MUNICIPIO": "48020", "DISTRITO": "05", "SECCION": "4802005016", "V1_H": 80.99, "V1_M": 86.67, "V2_H": 80.575161, "V2_M": 86.38311792, "V3_H": 81.41956161, "V3_M": 87.05147909 }, "geometry": { "type": "Polygon", "coordinates": [ [ [ -2.9175454, 43.2537619 ], [ -2.9177583, 43.253771 ], [ -2.918756, 43.2541679 ], [ -2.9192827, 43.2541808 ], [ -2.9198142, 43.2535471 ], [ -2.919957, 43.2540023 ], [ -2.9202407, 43.2539429 ], [ -2.9203077, 43.254275 ], [ -2.9204737, 43.2542907 ], [ -2.9208968, 43.2542595 ], [ -2.9208841, 43.2539758 ], [ -2.9210666, 43.2537148 ], [ -2.92118, 43.2535258 ], [ -2.9212316, 43.2534763 ], [ -2.9213024, 43.2532062 ], [ -2.9213573, 43.2529992 ], [ -2.9213453, 43.2528101 ], [ -2.921302, 43.2526029 ], [ -2.9211222, 43.2523957 ], [ -2.9209031, 43.2521209 ], [ -2.9208154, 43.2520038 ], [ -2.920512, 43.2518099 ], [ -2.9203204, 43.2516658 ], [ -2.9202545, 43.2516362 ], [ -2.9196982, 43.2522801 ], [ -2.9196602, 43.2522596 ], [ -2.9194053, 43.2523179 ], [ -2.9192608, 43.252669 ], [ -2.9191811, 43.2527275 ], [ -2.9190895, 43.2526509 ], [ -2.9189619, 43.2524887 ], [ -2.9188907, 43.2524128 ], [ -2.9186028, 43.2526314 ], [ -2.9184757, 43.2526837 ], [ -2.9183811, 43.252686 ], [ -2.9176965, 43.2522942 ], [ -2.9176446, 43.2524067 ], [ -2.9175824, 43.2526003 ], [ -2.9174905, 43.2527848 ], [ -2.9173844, 43.2529603 ], [ -2.9172673, 43.2530638 ], [ -2.9170792, 43.2531537 ], [ -2.9175454, 43.2537619 ] ] ] } },
{ "type": "Feature", "properties": { "CCAA": "16 - País Vasco", "PROVINCIA": "48 - Bizkaia", "MUNICIPIO": "48020 - Bilbao", "COD_MUNICIPIO": "48020", "DISTRITO": "05", "SECCION": "4802005018", "V1_H": 80.0, "V1_M": 86.03, "V2_H": 79.84963877, "V2_M": 86.04281727, "V3_H": 80.29290896000001, "V3_M": 86.20578322 }, "geometry": { "type": "Polygon", "coordinates": [ [ [ -2.9208968, 43.2542595 ], [ -2.9209898, 43.2544261 ], [ -2.9213669, 43.2542508 ], [ -2.9224139, 43.2552736 ], [ -2.9226148, 43.2553503 ], [ -2.9230796, 43.2546572 ], [ -2.9227241, 43.2544544 ], [ -2.9224657, 43.2542381 ], [ -2.9223751, 43.2540174 ], [ -2.9223069, 43.2537517 ], [ -2.9223311, 43.2534906 ], [ -2.922387, 43.2531485 ], [ -2.9225754, 43.2521446 ], [ -2.9225922, 43.2519555 ], [ -2.9225866, 43.2518159 ], [ -2.9225063, 43.2516628 ], [ -2.9223834, 43.2514826 ], [ -2.9220438, 43.2512347 ], [ -2.9217484, 43.2510499 ], [ -2.9216088, 43.2508922 ], [ -2.9215505, 43.2507228 ], [ -2.9205143, 43.2513547 ], [ -2.9191303, 43.250922 ], [ -2.9188415, 43.2510029 ], [ -2.9202545, 43.2516362 ], [ -2.9203204, 43.2516658 ], [ -2.920512, 43.2518099 ], [ -2.9208154, 43.2520038 ], [ -2.9209031, 43.2521209 ], [ -2.9211222, 43.2523957 ], [ -2.921302, 43.2526029 ], [ -2.9213453, 43.2528101 ], [ -2.9213573, 43.2529992 ], [ -2.9213024, 43.2532062 ], [ -2.9212316, 43.2534763 ], [ -2.92118, 43.2535258 ], [ -2.9210666, 43.2537148 ], [ -2.9208841, 43.2539758 ], [ -2.9208968, 43.2542595 ] ] ] } },
{ "type": "Feature", "properties": { "CCAA": "16 - País Vasco", "PROVINCIA": "48 - Bizkaia", "MUNICIPIO": "48020 - Bilbao", "COD_MUNICIPIO": "48020", "DISTRITO": "05", "SECCION": "4802005034", "V1_H": 79.63, "V1_M": 85.51, "V2_H": 79.79644461, "V2_M": 85.57767022, "V3_H": 79.53263393, "V3_M": 85.68344389000001 }, "geometry": { "type": "Polygon", "coordinates": [ [ [ -2.9319936, 43.2462165 ], [ -2.9312422, 43.2468419 ], [ -2.9316573, 43.2477921 ], [ -2.9320084, 43.2484812 ], [ -2.9330739, 43.2482117 ], [ -2.9327951, 43.2475362 ], [ -2.9326281, 43.2471939 ], [ -2.932499, 43.2468877 ], [ -2.9323796, 43.24664 ], [ -2.9321378, 43.2463697 ], [ -2.9319936, 43.2462165 ] ] ] } },
{ "type": "Feature", "properties": { "CCAA": "16 - País Vasco", "PROVINCIA": "48 - Bizkaia", "MUNICIPIO": "48020 - Bilbao", "COD_MUNICIPIO": "48020", "DISTRITO": "05", "SECCION": "4802005036", "V1_H": 80.24, "V1_M": 86.29, "V2_H": 79.84273941, "V2_M": 86.47368807, "V3_H": 80.7355329, "V3_M": 86.23078999000001 }, "geometry": { "type": "Polygon", "coordinates": [ [ [ -2.9221504, 43.250618 ], [ -2.9222889, 43.2507216 ], [ -2.9225663, 43.2508344 ], [ -2.9227924, 43.2509786 ], [ -2.9229236, 43.2511002 ], [ -2.9230074, 43.2512264 ], [ -2.9232484, 43.25115 ], [ -2.9235953, 43.2511367 ], [ -2.9238197, 43.2511774 ], [ -2.9240522, 43.251164 ], [ -2.9242282, 43.2511596 ], [ -2.9243919, 43.2511283 ], [ -2.9244678, 43.2510113 ], [ -2.9244713, 43.2509969 ], [ -2.9244857, 43.2509378 ], [ -2.9242725, 43.2508317 ], [ -2.9241445, 43.2506676 ], [ -2.9240006, 43.2504451 ], [ -2.9236484, 43.2503395 ], [ -2.9236487, 43.2501053 ], [ -2.9234088, 43.2497538 ], [ -2.9232169, 43.2494727 ], [ -2.9232175, 43.2490277 ], [ -2.923234, 43.2486179 ], [ -2.9233783, 43.2485243 ], [ -2.9233465, 43.2483252 ], [ -2.9234109, 43.2481145 ], [ -2.9236192, 43.2480912 ], [ -2.9239876, 43.2480915 ], [ -2.9244521, 43.2480918 ], [ -2.9248366, 43.2480686 ], [ -2.9253012, 43.2480104 ], [ -2.9256396, 43.2477322 ], [ -2.9261673, 43.2464934 ], [ -2.926327, 43.2461184 ], [ -2.9266181, 43.2460331 ], [ -2.9267117, 43.2460151 ], [ -2.9268572, 43.2460557 ], [ -2.9269372, 43.2460558 ], [ -2.9270612, 43.2460244 ], [ -2.927223, 43.2459569 ], [ -2.9272731, 43.2459209 ], [ -2.9273213, 43.2458579 ], [ -2.9273321, 43.2457679 ], [ -2.927301, 43.2457138 ], [ -2.9272403, 43.2456733 ], [ -2.927174, 43.2456868 ], [ -2.9270585, 43.2457452 ], [ -2.9269153, 43.2457766 ], [ -2.9267805, 43.2457766 ], [ -2.9269616, 43.2452859 ], [ -2.9271723, 43.2451915 ], [ -2.9273776, 43.2450881 ], [ -2.9277595, 43.2447192 ], [ -2.927625, 43.2446065 ], [ -2.9274639, 43.2444398 ], [ -2.9273421, 43.2442101 ], [ -2.9272808, 43.2439939 ], [ -2.9272299, 43.2437283 ], [ -2.9271461, 43.2434456 ], [ -2.926087, 43.2436012 ], [ -2.9260839, 43.2437365 ], [ -2.9260537, 43.2439121 ], [ -2.9259518, 43.2441507 ], [ -2.9257968, 43.2443622 ], [ -2.9255333, 43.2445826 ], [ -2.9250045, 43.2448074 ], [ -2.9246112, 43.2449737 ], [ -2.9238172, 43.2452523 ], [ -2.9229996, 43.2455535 ], [ -2.9223348, 43.2457871 ], [ -2.9220714, 43.245931 ], [ -2.9218914, 43.246066 ], [ -2.9217723, 43.2461694 ], [ -2.9216467, 43.2463089 ], [ -2.9215, 43.246579 ], [ -2.9214705, 43.246795 ], [ -2.9214494, 43.2470382 ], [ -2.9214314, 43.2472362 ], [ -2.9213779, 43.2475604 ], [ -2.9213399, 43.2477854 ], [ -2.9213645, 43.2481006 ], [ -2.9214393, 43.2483303 ], [ -2.9215228, 43.248632 ], [ -2.9216765, 43.2491229 ], [ -2.9217809, 43.2493706 ], [ -2.9220178, 43.249938 ], [ -2.9221504, 43.250618 ] ] ] } },
{ "type": "Feature", "properties": { "CCAA": "16 - País Vasco", "PROVINCIA": "48 - Bizkaia", "MUNICIPIO": "48020 - Bilbao", "COD_MUNICIPIO": "48020", "DISTRITO": "05", "SECCION": "4802005038", "V1_H": 79.89, "V1_M": 85.97, "V2_H": 79.67266264, "V2_M": 85.8368825, "V3_H": 80.33686579, "V3_M": 86.2809331 }, "geometry": { "type": "Polygon", "coordinates": [ [ [ -2.9233639, 43.2420779 ], [ -2.923675, 43.2422627 ], [ -2.9238369, 43.2423709 ], [ -2.9240361, 43.2425421 ], [ -2.9242022, 43.2427043 ], [ -2.924366, 43.242871 ], [ -2.9245246, 43.2431277 ], [ -2.9246636, 43.2433889 ], [ -2.9250337, 43.2432676 ], [ -2.9253025, 43.2431823 ], [ -2.9254708, 43.2430788 ], [ -2.9255234, 43.2428582 ], [ -2.9255921, 43.2424035 ], [ -2.9254779, 43.2422729 ], [ -2.9252854, 43.2420161 ], [ -2.9251517, 43.2418494 ], [ -2.9249367, 43.2416647 ], [ -2.9248291, 43.2416016 ], [ -2.924409, 43.2414437 ], [ -2.9237605, 43.2413127 ], [ -2.9236734, 43.2414478 ], [ -2.9236491, 43.2417404 ], [ -2.9235805, 43.2418619 ], [ -2.9233639, 43.2420779 ] ] ] } },
{ "type": "Feature", "properties": { "CCAA": "16 - País Vasco", "PROVINCIA": "48 - Bizkaia", "MUNICIPIO": "48020 - Bilbao", "COD_MUNICIPIO": "48020", "DISTRITO": "06", "SECCION": "4802006007", "V1_H": 83.02, "V1_M": 87.55, "V2_H": 82.56010262, "V2_M": 87.39744151, "V3_H": 83.4975015, "V3_M": 87.7973198 }, "geometry": { "type": "Polygon", "coordinates": [ [ [ -2.9355138, 43.2654435 ], [ -2.9369956, 43.265728 ], [ -2.9369814, 43.2656019 ], [ -2.9369816, 43.2654804 ], [ -2.9370804, 43.2652013 ], [ -2.9375291, 43.2640759 ], [ -2.9377213, 43.2635898 ], [ -2.9372258, 43.2634995 ], [ -2.9364213, 43.2633144 ], [ -2.936024, 43.2643182 ], [ -2.9345793, 43.2639977 ], [ -2.934124, 43.2651275 ], [ -2.9355138, 43.2654435 ] ] ] } },
{ "type": "Feature", "properties": { "CCAA": "16 - País Vasco", "PROVINCIA": "48 - Bizkaia", "MUNICIPIO": "48020 - Bilbao", "COD_MUNICIPIO": "48020", "DISTRITO": "06", "SECCION": "4802006009", "V1_H": 83.02, "V1_M": 87.55, "V2_H": 82.56010262, "V2_M": 87.39744151, "V3_H": 83.4975015, "V3_M": 87.7973198 }, "geometry": { "type": "Polygon", "coordinates": [ [ [ -2.9290314, 43.2640124 ], [ -2.9290955, 43.2642285 ], [ -2.9292952, 43.2646249 ], [ -2.9295073, 43.2650032 ], [ -2.9297263, 43.2654266 ], [ -2.9302862, 43.2664354 ], [ -2.9321659, 43.2659233 ], [ -2.9323439, 43.2655272 ], [ -2.9326566, 43.264798 ], [ -2.9290314, 43.2640124 ] ] ] } },
{ "type": "Feature", "properties": { "CCAA": "16 - País Vasco", "PROVINCIA": "48 - Bizkaia", "MUNICIPIO": "48020 - Bilbao", "COD_MUNICIPIO": "48020", "DISTRITO": "06", "SECCION": "4802006025", "V1_H": 82.27, "V1_M": 87.07, "V2_H": 81.979544, "V2_M": 86.90367115, "V3_H": 82.63571561000001, "V3_M": 87.32539334000001 }, "geometry": { "type": "Polygon", "coordinates": [ [ [ -2.9400298, 43.2618892 ], [ -2.9420255, 43.2623359 ], [ -2.9424017, 43.2614311 ], [ -2.9403815, 43.2609799 ], [ -2.9400298, 43.2618892 ] ] ] } },
{ "type": "Feature", "properties": { "CCAA": "16 - País Vasco", "PROVINCIA": "48 - Bizkaia", "MUNICIPIO": "48020 - Bilbao", "COD_MUNICIPIO": "48020", "DISTRITO": "06", "SECCION": "4802006027", "V1_H": 83.53, "V1_M": 87.48, "V2_H": 83.001258, "V2_M": 87.17437478, "V3_H": 84.05701231, "V3_M": 87.87285168 }, "geometry": { "type": "Polygon", "coordinates": [ [ [ -2.9358327, 43.2609774 ], [ -2.9350066, 43.262976 ], [ -2.9368992, 43.2621126 ], [ -2.9376222, 43.2603616 ], [ -2.9361756, 43.2600411 ], [ -2.9358327, 43.2609774 ] ] ] } },
{ "type": "Feature", "properties": { "CCAA": "16 - País Vasco", "PROVINCIA": "48 - Bizkaia", "MUNICIPIO": "48020 - Bilbao", "COD_MUNICIPIO": "48020", "DISTRITO": "06", "SECCION": "4802006043", "V1_H": 82.11, "V1_M": 87.17, "V2_H": 81.68538902, "V2_M": 87.16795144, "V3_H": 82.5577829, "V3_M": 87.30202001000001 }, "geometry": { "type": "Polygon", "coordinates": [ [ [ -2.9451097, 43.2596631 ], [ -2.945974, 43.2598436 ], [ -2.946262, 43.2598437 ], [ -2.9465657, 43.2599564 ], [ -2.9464192, 43.2596682 ], [ -2.9463286, 43.259362 ], [ -2.9462868, 43.2591864 ], [ -2.9462447, 43.2589297 ], [ -2.9460847, 43.2578131 ], [ -2.9458387, 43.2578085 ], [ -2.9453672, 43.2590149 ], [ -2.9435818, 43.2586133 ], [ -2.9432963, 43.2592435 ], [ -2.9451097, 43.2596631 ] ] ] } },
{ "type": "Feature", "properties": { "CCAA": "16 - País Vasco", "PROVINCIA": "48 - Bizkaia", "MUNICIPIO": "48020 - Bilbao", "COD_MUNICIPIO": "48020", "DISTRITO": "03", "SECCION": "4802003022", "V1_H": 81.37, "V1_M": 86.85, "V2_H": 81.08688328, "V2_M": 86.76748373, "V3_H": 81.75507894, "V3_M": 87.07522296 }, "geometry": { "type": "Polygon", "coordinates": [ [ [ -2.9037322, 43.2589962 ], [ -2.9040937, 43.2594963 ], [ -2.9042354, 43.259699 ], [ -2.904391, 43.2599197 ], [ -2.90454, 43.2601585 ], [ -2.9045372, 43.2599784 ], [ -2.90535, 43.2567554 ], [ -2.9042226, 43.2563447 ], [ -2.9028084, 43.2559338 ], [ -2.9017448, 43.2573061 ], [ -2.9015698, 43.2578868 ], [ -2.9021124, 43.2580403 ], [ -2.9024517, 43.2584593 ], [ -2.9026863, 43.2586486 ], [ -2.9031052, 43.2581312 ], [ -2.9037322, 43.2589962 ] ] ] } },
{ "type": "Feature", "properties": { "CCAA": "16 - País Vasco", "PROVINCIA": "48 - Bizkaia", "MUNICIPIO": "48020 - Bilbao", "COD_MUNICIPIO": "48020", "DISTRITO": "04", "SECCION": "4802004002", "V1_H": 81.47, "V1_M": 86.75, "V2_H": 81.12898066, "V2_M": 86.51613614, "V3_H": 81.81510349, "V3_M": 87.06728245 }, "geometry": { "type": "Polygon", "coordinates": [ [ [ -2.9175953, 43.2592232 ], [ -2.9172721, 43.2596012 ], [ -2.9163563, 43.2609107 ], [ -2.9167637, 43.2608975 ], [ -2.9171595, 43.2608572 ], [ -2.9174468, 43.260862 ], [ -2.9178746, 43.2608082 ], [ -2.9181816, 43.2607544 ], [ -2.9184777, 43.2606871 ], [ -2.9187566, 43.2605973 ], [ -2.919081, 43.2604624 ], [ -2.9193333, 43.2603365 ], [ -2.9195383, 43.2602241 ], [ -2.9188081, 43.2595617 ], [ -2.9184938, 43.2596021 ], [ -2.9175953, 43.2592232 ] ] ] } },
{ "type": "Feature", "properties": { "CCAA": "16 - País Vasco", "PROVINCIA": "48 - Bizkaia", "MUNICIPIO": "48020 - Bilbao", "COD_MUNICIPIO": "48020", "DISTRITO": "04", "SECCION": "4802004018", "V1_H": 81.1, "V1_M": 86.64, "V2_H": 80.60081217, "V2_M": 86.48118059, "V3_H": 81.51550291, "V3_M": 86.87452308 }, "geometry": { "type": "Polygon", "coordinates": [ [ [ -2.9091151, 43.2538545 ], [ -2.9099804, 43.2548096 ], [ -2.910488, 43.2546885 ], [ -2.9113194, 43.2542344 ], [ -2.9111287, 43.2541307 ], [ -2.9107077, 43.2536757 ], [ -2.9106061, 43.2534414 ], [ -2.9100253, 43.2535491 ], [ -2.9091151, 43.2538545 ] ] ] } },
{ "type": "Feature", "properties": { "CCAA": "16 - País Vasco", "PROVINCIA": "48 - Bizkaia", "MUNICIPIO": "48020 - Bilbao", "COD_MUNICIPIO": "48020", "DISTRITO": "04", "SECCION": "4802004020", "V1_H": 80.78, "V1_M": 86.63, "V2_H": 80.78050334, "V2_M": 86.59104663, "V3_H": 80.85502768000001, "V3_M": 86.88271981 }, "geometry": { "type": "Polygon", "coordinates": [ [ [ -2.9163336, 43.251987 ], [ -2.9170792, 43.2531537 ], [ -2.9172673, 43.2530638 ], [ -2.9173844, 43.2529603 ], [ -2.9174905, 43.2527848 ], [ -2.9175824, 43.2526003 ], [ -2.9176446, 43.2524067 ], [ -2.9176965, 43.2522942 ], [ -2.9177068, 43.2522717 ], [ -2.9178021, 43.2521322 ], [ -2.917952, 43.2519927 ], [ -2.9180693, 43.2518037 ], [ -2.9181392, 43.2516102 ], [ -2.9181137, 43.2513985 ], [ -2.9180593, 43.2512769 ], [ -2.917877, 43.2510832 ], [ -2.917697, 43.250975 ], [ -2.9174012, 43.2508442 ], [ -2.9170487, 43.2506909 ], [ -2.9166811, 43.2506906 ], [ -2.9163973, 43.2507039 ], [ -2.9163016, 43.2506543 ], [ -2.9161606, 43.2506678 ], [ -2.9157731, 43.2508611 ], [ -2.9156783, 43.2509105 ], [ -2.9158385, 43.2511898 ], [ -2.9163336, 43.251987 ] ] ] } },
{ "type": "Feature", "properties": { "CCAA": "16 - País Vasco", "PROVINCIA": "48 - Bizkaia", "MUNICIPIO": "48020 - Bilbao", "COD_MUNICIPIO": "48020", "DISTRITO": "04", "SECCION": "4802004037", "V1_H": 80.16, "V1_M": 86.09, "V2_H": 80.12695049, "V2_M": 86.02539962, "V3_H": 80.31827198000001, "V3_M": 86.38244546 }, "geometry": { "type": "Polygon", "coordinates": [ [ [ -2.9092979, 43.2485644 ], [ -2.90948, 43.2485735 ], [ -2.9095799, 43.2484251 ], [ -2.9097113, 43.2482856 ], [ -2.9098597, 43.2481731 ], [ -2.9100762, 43.2480877 ], [ -2.9103165, 43.2480159 ], [ -2.9105695, 43.2479846 ], [ -2.9108224, 43.2479893 ], [ -2.9110556, 43.2480435 ], [ -2.9113156, 43.2481293 ], [ -2.9115692, 43.2482645 ], [ -2.9119599, 43.2485169 ], [ -2.9112357, 43.2475889 ], [ -2.9110641, 43.2474582 ], [ -2.9108634, 43.2473455 ], [ -2.910634, 43.2472688 ], [ -2.9103681, 43.247255 ], [ -2.9100423, 43.2473043 ], [ -2.9097423, 43.2473626 ], [ -2.9094421, 43.2473669 ], [ -2.9088583, 43.2475375 ], [ -2.9092979, 43.2485644 ] ] ] } },
{ "type": "Feature", "properties": { "CCAA": "16 - País Vasco", "PROVINCIA": "48 - Bizkaia", "MUNICIPIO": "48020 - Bilbao", "COD_MUNICIPIO": "48020", "DISTRITO": "04", "SECCION": "4802004039", "V1_H": 80.39, "V1_M": 86.24, "V2_H": 80.20629068, "V2_M": 86.34105578, "V3_H": 80.66489809, "V3_M": 86.38520791000001 }, "geometry": { "type": "Polygon", "coordinates": [ [ [ -2.9136525, 43.2490901 ], [ -2.9165081, 43.2499791 ], [ -2.9164259, 43.2503573 ], [ -2.9167505, 43.2503125 ], [ -2.9169899, 43.2503262 ], [ -2.9172492, 43.2500765 ], [ -2.9208945, 43.2479605 ], [ -2.9208487, 43.2477806 ], [ -2.9207475, 43.2475059 ], [ -2.9207386, 43.2472042 ], [ -2.9207335, 43.2469656 ], [ -2.9207605, 43.2466685 ], [ -2.9208123, 43.2464344 ], [ -2.9208981, 43.2461913 ], [ -2.9211287, 43.2459258 ], [ -2.9213665, 43.2457189 ], [ -2.9217909, 43.2454761 ], [ -2.9221492, 43.2453052 ], [ -2.922405, 43.2451523 ], [ -2.92265, 43.2449904 ], [ -2.9227891, 43.2448644 ], [ -2.9235095, 43.2447479 ], [ -2.9240212, 43.2446041 ], [ -2.9242781, 43.2444692 ], [ -2.9245059, 43.2442803 ], [ -2.9246967, 43.2440643 ], [ -2.9247175, 43.2437356 ], [ -2.9247293, 43.2435511 ], [ -2.9246636, 43.2433889 ], [ -2.9245246, 43.2431277 ], [ -2.924366, 43.242871 ], [ -2.9242022, 43.2427043 ], [ -2.9240361, 43.2425421 ], [ -2.9238369, 43.2423709 ], [ -2.923675, 43.2422627 ], [ -2.9233639, 43.2420779 ], [ -2.9231042, 43.2419471 ], [ -2.9228072, 43.2418389 ], [ -2.9223812, 43.241744 ], [ -2.921852, 43.2417302 ], [ -2.9213265, 43.2418018 ], [ -2.9209418, 43.2418961 ], [ -2.9206473, 43.2419184 ], [ -2.9206689, 43.2419545 ], [ -2.9177759, 43.2433616 ], [ -2.9175613, 43.2434695 ], [ -2.917341, 43.2436044 ], [ -2.9169369, 43.2438248 ], [ -2.9166244, 43.2440407 ], [ -2.9164895, 43.2441531 ], [ -2.9163674, 43.2442566 ], [ -2.9162572, 43.2443465 ], [ -2.9161222, 43.244459 ], [ -2.9160001, 43.2445985 ], [ -2.9159083, 43.244702 ], [ -2.9158593, 43.2448055 ], [ -2.9157675, 43.244909 ], [ -2.9156634, 43.2450034 ], [ -2.9155902, 43.245107 ], [ -2.9155043, 43.2451294 ], [ -2.9152592, 43.2453003 ], [ -2.9151244, 43.2453767 ], [ -2.9149653, 43.2454577 ], [ -2.9146098, 43.245579 ], [ -2.9144505, 43.2456149 ], [ -2.9142483, 43.2456732 ], [ -2.9140276, 43.2457181 ], [ -2.9138066, 43.2457539 ], [ -2.9135614, 43.2457853 ], [ -2.9128652, 43.2464961 ], [ -2.9124701, 43.2468245 ], [ -2.9121569, 43.2470268 ], [ -2.9121575, 43.2473645 ], [ -2.9122376, 43.2476257 ], [ -2.9123431, 43.2478824 ], [ -2.9124805, 43.2481572 ], [ -2.9126987, 43.248495 ], [ -2.9128448, 43.2488418 ], [ -2.9136525, 43.2490901 ] ] ] } },
{ "type": "Feature", "properties": { "CCAA": "16 - País Vasco", "PROVINCIA": "48 - Bizkaia", "MUNICIPIO": "48020 - Bilbao", "COD_MUNICIPIO": "48020", "DISTRITO": "05", "SECCION": "4802005015", "V1_H": 80.55, "V1_M": 86.21, "V2_H": 80.25181467, "V2_M": 85.94546636, "V3_H": 81.01047082, "V3_M": 86.65561049 }, "geometry": { "type": "Polygon", "coordinates": [ [ [ -2.9196235, 43.2552806 ], [ -2.920545, 43.2551057 ], [ -2.9208194, 43.2551644 ], [ -2.9210126, 43.2552591 ], [ -2.921156, 43.2553583 ], [ -2.9215076, 43.2555836 ], [ -2.9217083, 43.2557954 ], [ -2.9219102, 43.2560206 ], [ -2.9227071, 43.2554359 ], [ -2.9226148, 43.2553503 ], [ -2.9224139, 43.2552736 ], [ -2.9213669, 43.2542508 ], [ -2.9209898, 43.2544261 ], [ -2.9208968, 43.2542595 ], [ -2.9204737, 43.2542907 ], [ -2.9203077, 43.254275 ], [ -2.9202407, 43.2539429 ], [ -2.919957, 43.2540023 ], [ -2.9198142, 43.2535471 ], [ -2.9192827, 43.2541808 ], [ -2.918756, 43.2541679 ], [ -2.9177583, 43.253771 ], [ -2.9175454, 43.2537619 ], [ -2.9177375, 43.2540141 ], [ -2.917982, 43.2542754 ], [ -2.9187157, 43.2549603 ], [ -2.9187591, 43.2553025 ], [ -2.9196235, 43.2552806 ] ] ] } },
{ "type": "Feature", "properties": { "CCAA": "16 - País Vasco", "PROVINCIA": "48 - Bizkaia", "MUNICIPIO": "48020 - Bilbao", "COD_MUNICIPIO": "48020", "DISTRITO": "05", "SECCION": "4802005017", "V1_H": 80.65, "V1_M": 86.42, "V2_H": 80.32339709, "V2_M": 86.16224497, "V3_H": 80.9318118, "V3_M": 86.73476557 }, "geometry": { "type": "Polygon", "coordinates": [ [ [ -2.9176965, 43.2522942 ], [ -2.9183811, 43.252686 ], [ -2.9184757, 43.2526837 ], [ -2.9186028, 43.2526314 ], [ -2.9188907, 43.2524128 ], [ -2.9189619, 43.2524887 ], [ -2.9190895, 43.2526509 ], [ -2.9191811, 43.2527275 ], [ -2.9192608, 43.252669 ], [ -2.9194053, 43.2523179 ], [ -2.9196602, 43.2522596 ], [ -2.9196982, 43.2522801 ], [ -2.9202545, 43.2516362 ], [ -2.9188415, 43.2510029 ], [ -2.9180593, 43.2512769 ], [ -2.9181137, 43.2513985 ], [ -2.9181392, 43.2516102 ], [ -2.9180693, 43.2518037 ], [ -2.917952, 43.2519927 ], [ -2.9178021, 43.2521322 ], [ -2.9177068, 43.2522717 ], [ -2.9176965, 43.2522942 ] ] ] } },
{ "type": "Feature", "properties": { "CCAA": "16 - País Vasco", "PROVINCIA": "48 - Bizkaia", "MUNICIPIO": "48020 - Bilbao", "COD_MUNICIPIO": "48020", "DISTRITO": "05", "SECCION": "4802005035", "V1_H": 80.55, "V1_M": 86.21, "V2_H": 80.25181467, "V2_M": 85.94546636, "V3_H": 81.01047082, "V3_M": 86.65561049 }, "geometry": { "type": "Polygon", "coordinates": [ [ [ -2.9289311, 43.2479686 ], [ -2.9290653, 43.2480372 ], [ -2.9295315, 43.248308 ], [ -2.9298886, 43.2485049 ], [ -2.9298573, 43.2484349 ], [ -2.9299992, 43.2482594 ], [ -2.9311956, 43.2489084 ], [ -2.9316486, 43.2484269 ], [ -2.9317944, 43.248427 ], [ -2.9320084, 43.2484812 ], [ -2.9316573, 43.2477921 ], [ -2.9312422, 43.2468419 ], [ -2.9319936, 43.2462165 ], [ -2.9318559, 43.2460633 ], [ -2.931741, 43.2459418 ], [ -2.9316268, 43.2457931 ], [ -2.9315593, 43.2456445 ], [ -2.9315248, 43.2455139 ], [ -2.9315592, 43.2453878 ], [ -2.9316225, 43.2452438 ], [ -2.9277536, 43.2460833 ], [ -2.9276358, 43.2460743 ], [ -2.9274999, 43.2461012 ], [ -2.9273213, 43.2461596 ], [ -2.9269756, 43.2461954 ], [ -2.926892, 43.2461999 ], [ -2.9266892, 43.2461772 ], [ -2.9266068, 43.2461501 ], [ -2.9265661, 43.2460871 ], [ -2.9266181, 43.2460331 ], [ -2.926327, 43.2461184 ], [ -2.9261673, 43.2464934 ], [ -2.9273221, 43.2471391 ], [ -2.927768, 43.2473766 ], [ -2.9282444, 43.2476178 ], [ -2.9289311, 43.2479686 ] ] ] } },
{ "type": "Feature", "properties": { "CCAA": "16 - País Vasco", "PROVINCIA": "48 - Bizkaia", "MUNICIPIO": "48020 - Bilbao", "COD_MUNICIPIO": "48020", "DISTRITO": "05", "SECCION": "4802005037", "V1_H": 80.34, "V1_M": 85.99, "V2_H": 80.22806877, "V2_M": 85.94669411, "V3_H": 80.64200885, "V3_M": 86.09540763 }, "geometry": { "type": "Polygon", "coordinates": [ [ [ -2.9215505, 43.2507228 ], [ -2.9216088, 43.2508922 ], [ -2.9221504, 43.250618 ], [ -2.9220178, 43.249938 ], [ -2.9217809, 43.2493706 ], [ -2.9216765, 43.2491229 ], [ -2.9215228, 43.248632 ], [ -2.9214393, 43.2483303 ], [ -2.9213645, 43.2481006 ], [ -2.9213399, 43.2477854 ], [ -2.9213779, 43.2475604 ], [ -2.9214314, 43.2472362 ], [ -2.9214494, 43.2470382 ], [ -2.9214705, 43.246795 ], [ -2.9215, 43.246579 ], [ -2.9216467, 43.2463089 ], [ -2.9217723, 43.2461694 ], [ -2.9218914, 43.246066 ], [ -2.9220714, 43.245931 ], [ -2.9223348, 43.2457871 ], [ -2.9229996, 43.2455535 ], [ -2.9238172, 43.2452523 ], [ -2.9246112, 43.2449737 ], [ -2.9250045, 43.2448074 ], [ -2.9255333, 43.2445826 ], [ -2.9257968, 43.2443622 ], [ -2.9259518, 43.2441507 ], [ -2.9260537, 43.2439121 ], [ -2.9260839, 43.2437365 ], [ -2.926087, 43.2436012 ], [ -2.9260884, 43.2435384 ], [ -2.9260844, 43.2433899 ], [ -2.9260377, 43.2432052 ], [ -2.9255921, 43.2424035 ], [ -2.9255234, 43.2428582 ], [ -2.9254708, 43.2430788 ], [ -2.9253025, 43.2431823 ], [ -2.9250337, 43.2432676 ], [ -2.9246636, 43.2433889 ], [ -2.9247293, 43.2435511 ], [ -2.9247175, 43.2437356 ], [ -2.9246967, 43.2440643 ], [ -2.9245059, 43.2442803 ], [ -2.9242781, 43.2444692 ], [ -2.9240212, 43.2446041 ], [ -2.9235095, 43.2447479 ], [ -2.9227891, 43.2448644 ], [ -2.92265, 43.2449904 ], [ -2.922405, 43.2451523 ], [ -2.9221492, 43.2453052 ], [ -2.9217909, 43.2454761 ], [ -2.9213665, 43.2457189 ], [ -2.9211287, 43.2459258 ], [ -2.9208981, 43.2461913 ], [ -2.9208123, 43.2464344 ], [ -2.9207605, 43.2466685 ], [ -2.9207335, 43.2469656 ], [ -2.9207386, 43.2472042 ], [ -2.9207475, 43.2475059 ], [ -2.9208487, 43.2477806 ], [ -2.9208945, 43.2479605 ], [ -2.9214014, 43.2499511 ], [ -2.9214377, 43.2501312 ], [ -2.9214536, 43.2503564 ], [ -2.9215252, 43.2506491 ], [ -2.9215505, 43.2507228 ] ] ] } },
{ "type": "Feature", "properties": { "CCAA": "16 - País Vasco", "PROVINCIA": "48 - Bizkaia", "MUNICIPIO": "48020 - Bilbao", "COD_MUNICIPIO": "48020", "DISTRITO": "06", "SECCION": "4802006008", "V1_H": 83.53, "V1_M": 87.48, "V2_H": 83.001258, "V2_M": 87.17437478, "V3_H": 84.05701231, "V3_M": 87.87285168 }, "geometry": { "type": "Polygon", "coordinates": [ [ [ -2.9323439, 43.2655272 ], [ -2.9338325, 43.2658568 ], [ -2.934124, 43.2651275 ], [ -2.9345793, 43.2639977 ], [ -2.9334247, 43.2637629 ], [ -2.9329747, 43.2639788 ], [ -2.9326566, 43.264798 ], [ -2.9323439, 43.2655272 ] ] ] } },
{ "type": "Feature", "properties": { "CCAA": "16 - País Vasco", "PROVINCIA": "48 - Bizkaia", "MUNICIPIO": "48020 - Bilbao", "COD_MUNICIPIO": "48020", "DISTRITO": "06", "SECCION": "4802006010", "V1_H": 83.02, "V1_M": 87.55, "V2_H": 82.56010262, "V2_M": 87.39744151, "V3_H": 83.4975015, "V3_M": 87.7973198 }, "geometry": { "type": "Polygon", "coordinates": [ [ [ -2.9284188, 43.266898 ], [ -2.9284881, 43.2669521 ], [ -2.9302862, 43.2664354 ], [ -2.9297263, 43.2654266 ], [ -2.9295073, 43.2650032 ], [ -2.9292952, 43.2646249 ], [ -2.9290955, 43.2642285 ], [ -2.9290314, 43.2640124 ], [ -2.9289734, 43.2638683 ], [ -2.9289605, 43.2637557 ], [ -2.9289607, 43.2635351 ], [ -2.928974, 43.263391 ], [ -2.9263356, 43.2628086 ], [ -2.9259035, 43.2628398 ], [ -2.9256035, 43.2628801 ], [ -2.9253035, 43.262925 ], [ -2.9250478, 43.2629608 ], [ -2.9246031, 43.262947 ], [ -2.9243644, 43.2629288 ], [ -2.9238311, 43.2632436 ], [ -2.9238771, 43.2633472 ], [ -2.9239975, 43.2634914 ], [ -2.9257593, 43.2648477 ], [ -2.9284188, 43.266898 ] ] ] } },
{ "type": "Feature", "properties": { "CCAA": "16 - País Vasco", "PROVINCIA": "48 - Bizkaia", "MUNICIPIO": "48020 - Bilbao", "COD_MUNICIPIO": "48020", "DISTRITO": "06", "SECCION": "4802006026", "V1_H": 82.53, "V1_M": 87.34, "V2_H": 82.38507422000001, "V2_M": 87.19104055, "V3_H": 82.74254947, "V3_M": 87.61225513 }, "geometry": { "type": "Polygon", "coordinates": [ [ [ -2.9376222, 43.2603616 ], [ -2.9368992, 43.2621126 ], [ -2.9376535, 43.2617618 ], [ -2.9382625, 43.2614965 ], [ -2.9385604, 43.2615642 ], [ -2.9396957, 43.261826 ], [ -2.9400298, 43.2618892 ], [ -2.9403815, 43.2609799 ], [ -2.9397806, 43.2608355 ], [ -2.9389484, 43.2606594 ], [ -2.9376222, 43.2603616 ] ] ] } },
{ "type": "Feature", "properties": { "CCAA": "16 - País Vasco", "PROVINCIA": "48 - Bizkaia", "MUNICIPIO": "48020 - Bilbao", "COD_MUNICIPIO": "48020", "DISTRITO": "06", "SECCION": "4802006028", "V1_H": 83.02, "V1_M": 87.55, "V2_H": 82.56010262, "V2_M": 87.39744151, "V3_H": 83.4975015, "V3_M": 87.7973198 }, "geometry": { "type": "Polygon", "coordinates": [ [ [ -2.9343599, 43.2606479 ], [ -2.9358327, 43.2609774 ], [ -2.9361756, 43.2600411 ], [ -2.9347348, 43.2597476 ], [ -2.9343183, 43.2596709 ], [ -2.9339621, 43.2596481 ], [ -2.9335752, 43.2596389 ], [ -2.9330896, 43.2596791 ], [ -2.9336772, 43.2607375 ], [ -2.9339933, 43.2606792 ], [ -2.9343599, 43.2606479 ] ] ] } },
{ "type": "Feature", "properties": { "CCAA": "16 - País Vasco", "PROVINCIA": "48 - Bizkaia", "MUNICIPIO": "48020 - Bilbao", "COD_MUNICIPIO": "48020", "DISTRITO": "06", "SECCION": "4802006044", "V1_H": 82.08, "V1_M": 87.23, "V2_H": 81.77226367, "V2_M": 87.02227373, "V3_H": 82.52263661000001, "V3_M": 87.52638345 }, "geometry": { "type": "Polygon", "coordinates": [ [ [ -2.9435818, 43.2586133 ], [ -2.9453672, 43.2590149 ], [ -2.9458387, 43.2578085 ], [ -2.9445898, 43.2577583 ], [ -2.9439099, 43.2577175 ], [ -2.9435818, 43.2586133 ] ] ] } },
{ "type": "Feature", "properties": { "CCAA": "16 - País Vasco", "PROVINCIA": "48 - Bizkaia", "MUNICIPIO": "48020 - Bilbao", "COD_MUNICIPIO": "48020", "DISTRITO": "04", "SECCION": "4802004005", "V1_H": 81.72, "V1_M": 86.96, "V2_H": 81.44760383000001, "V2_M": 86.83587728000001, "V3_H": 82.03657934, "V3_M": 87.26058658 }, "geometry": { "type": "Polygon", "coordinates": [ [ [ -2.9136999, 43.2579282 ], [ -2.9138905, 43.2579508 ], [ -2.9141158, 43.2579195 ], [ -2.9144328, 43.2578026 ], [ -2.9147317, 43.2576813 ], [ -2.9143801, 43.2575099 ], [ -2.9140961, 43.2574197 ], [ -2.9140615, 43.2573476 ], [ -2.9140341, 43.2572035 ], [ -2.9141758, 43.2571001 ], [ -2.9141734, 43.2569335 ], [ -2.9141663, 43.2567579 ], [ -2.91413, 43.2565598 ], [ -2.9140864, 43.2563616 ], [ -2.9140426, 43.2560599 ], [ -2.9141571, 43.2556233 ], [ -2.9140484, 43.2554521 ], [ -2.913759, 43.2551412 ], [ -2.9127214, 43.2556762 ], [ -2.9129583, 43.2558925 ], [ -2.9132333, 43.2560953 ], [ -2.9133604, 43.2562575 ], [ -2.9135053, 43.2564872 ], [ -2.9135889, 43.2567124 ], [ -2.9136254, 43.2570006 ], [ -2.913594, 43.2571942 ], [ -2.9135209, 43.2574102 ], [ -2.9135083, 43.2575858 ], [ -2.9135504, 43.2577704 ], [ -2.9136999, 43.2579282 ] ] ] } },
{ "type": "Feature", "properties": { "CCAA": "16 - País Vasco", "PROVINCIA": "48 - Bizkaia", "MUNICIPIO": "48020 - Bilbao", "COD_MUNICIPIO": "48020", "DISTRITO": "04", "SECCION": "4802004008", "V1_H": 80.38, "V1_M": 86.41, "V2_H": 80.21151379, "V2_M": 86.36716419, "V3_H": 80.6951312, "V3_M": 86.59024448 }, "geometry": { "type": "Polygon", "coordinates": [ [ [ -2.9171767, 43.2548106 ], [ -2.9175807, 43.2551543 ], [ -2.9187591, 43.2553025 ], [ -2.9187157, 43.2549603 ], [ -2.917982, 43.2542754 ], [ -2.9177375, 43.2540141 ], [ -2.9175454, 43.2537619 ], [ -2.9170792, 43.2531537 ], [ -2.9158832, 43.2536256 ], [ -2.916184, 43.254085 ], [ -2.9171363, 43.2547836 ], [ -2.9171767, 43.2548106 ] ] ] } },
{ "type": "Feature", "properties": { "CCAA": "16 - País Vasco", "PROVINCIA": "48 - Bizkaia", "MUNICIPIO": "48020 - Bilbao", "COD_MUNICIPIO": "48020", "DISTRITO": "04", "SECCION": "4802004014", "V1_H": 81.73, "V1_M": 86.8, "V2_H": 81.31626673, "V2_M": 86.83145999, "V3_H": 82.17064416, "V3_M": 87.00536352 }, "geometry": { "type": "Polygon", "coordinates": [ [ [ -2.9123549, 43.2540776 ], [ -2.9129292, 43.2546949 ], [ -2.9139108, 43.2545291 ], [ -2.9138936, 43.2538402 ], [ -2.9147689, 43.2537058 ], [ -2.9158325, 43.25354 ], [ -2.9154273, 43.2528283 ], [ -2.9122571, 43.2532491 ], [ -2.9125409, 43.2540462 ], [ -2.9123549, 43.2540776 ] ] ] } },
{ "type": "Feature", "properties": { "CCAA": "16 - País Vasco", "PROVINCIA": "48 - Bizkaia", "MUNICIPIO": "48020 - Bilbao", "COD_MUNICIPIO": "48020", "DISTRITO": "04", "SECCION": "4802004016", "V1_H": 81.18, "V1_M": 86.79, "V2_H": 80.97904731, "V2_M": 86.77314473, "V3_H": 81.44010912, "V3_M": 86.96351832000001 }, "geometry": { "type": "Polygon", "coordinates": [ [ [ -2.9112975, 43.252447 ], [ -2.911282, 43.2532169 ], [ -2.9116853, 43.2541807 ], [ -2.9123549, 43.2540776 ], [ -2.9125409, 43.2540462 ], [ -2.9122571, 43.2532491 ], [ -2.9119822, 43.25247 ], [ -2.9112975, 43.252447 ] ] ] } },
{ "type": "Feature", "properties": { "CCAA": "16 - País Vasco", "PROVINCIA": "48 - Bizkaia", "MUNICIPIO": "48020 - Bilbao", "COD_MUNICIPIO": "48020", "DISTRITO": "05", "SECCION": "4802005002", "V1_H": 80.78, "V1_M": 86.64, "V2_H": 80.55514168000001, "V2_M": 86.45889906, "V3_H": 81.06237696, "V3_M": 86.87120108000001 }, "geometry": { "type": "Polygon", "coordinates": [ [ [ -2.9184938, 43.2596021 ], [ -2.9188081, 43.2595617 ], [ -2.9195383, 43.2602241 ], [ -2.9203094, 43.2597969 ], [ -2.9206809, 43.2595091 ], [ -2.9209987, 43.2590771 ], [ -2.9213488, 43.2589602 ], [ -2.9212411, 43.2588881 ], [ -2.9212455, 43.2588161 ], [ -2.9208841, 43.2587258 ], [ -2.9201173, 43.2585947 ], [ -2.9201062, 43.2588198 ], [ -2.9198167, 43.2587701 ], [ -2.9186168, 43.2594671 ], [ -2.9184938, 43.2596021 ] ] ] } },
{ "type": "Feature", "properties": { "CCAA": "16 - País Vasco", "PROVINCIA": "48 - Bizkaia", "MUNICIPIO": "48020 - Bilbao", "COD_MUNICIPIO": "48020", "DISTRITO": "05", "SECCION": "4802005004", "V1_H": 80.8, "V1_M": 86.5, "V2_H": 80.66727015, "V2_M": 86.4570773, "V3_H": 81.13875257, "V3_M": 86.68010657000001 }, "geometry": { "type": "Polygon", "coordinates": [ [ [ -2.9208841, 43.2587258 ], [ -2.9210819, 43.2587575 ], [ -2.9211352, 43.2586539 ], [ -2.9208888, 43.2585952 ], [ -2.9210992, 43.2581677 ], [ -2.9209318, 43.2581676 ], [ -2.9201037, 43.2581039 ], [ -2.9193245, 43.2579998 ], [ -2.9191458, 43.2580582 ], [ -2.9190311, 43.2580446 ], [ -2.9184955, 43.2577786 ], [ -2.9179227, 43.257445 ], [ -2.9171391, 43.2569447 ], [ -2.9160999, 43.2564171 ], [ -2.9150074, 43.255795 ], [ -2.9148441, 43.2547369 ], [ -2.9147931, 43.2546018 ], [ -2.914612, 43.2546782 ], [ -2.913759, 43.2551412 ], [ -2.9140484, 43.2554521 ], [ -2.9141571, 43.2556233 ], [ -2.9140426, 43.2560599 ], [ -2.9140864, 43.2563616 ], [ -2.91413, 43.2565598 ], [ -2.9141663, 43.2567579 ], [ -2.9141734, 43.2569335 ], [ -2.9141758, 43.2571001 ], [ -2.9140341, 43.2572035 ], [ -2.9140615, 43.2573476 ], [ -2.9140961, 43.2574197 ], [ -2.9143801, 43.2575099 ], [ -2.9147317, 43.2576813 ], [ -2.9149436, 43.2575824 ], [ -2.9146568, 43.2573391 ], [ -2.914555, 43.2571769 ], [ -2.9145106, 43.2569923 ], [ -2.9144954, 43.2568212 ], [ -2.9144495, 43.2565915 ], [ -2.9144549, 43.2563844 ], [ -2.9145528, 43.2562584 ], [ -2.9147431, 43.256146 ], [ -2.9149484, 43.2561327 ], [ -2.9157387, 43.2564709 ], [ -2.9161433, 43.2567999 ], [ -2.9178995, 43.2577647 ], [ -2.9183872, 43.2581162 ], [ -2.9190043, 43.2584949 ], [ -2.9196291, 43.2585223 ], [ -2.9201173, 43.2585947 ], [ -2.9208841, 43.2587258 ] ] ] } },
{ "type": "Feature", "properties": { "CCAA": "16 - País Vasco", "PROVINCIA": "48 - Bizkaia", "MUNICIPIO": "48020 - Bilbao", "COD_MUNICIPIO": "48020", "DISTRITO": "05", "SECCION": "4802005011", "V1_H": 80.74, "V1_M": 86.31, "V2_H": 80.60059228, "V2_M": 86.16828649, "V3_H": 80.96013544, "V3_M": 86.56561146 }, "geometry": { "type": "Polygon", "coordinates": [ [ [ -2.9160999, 43.2564171 ], [ -2.9171391, 43.2569447 ], [ -2.9179227, 43.257445 ], [ -2.9180441, 43.257298 ], [ -2.9182546, 43.2571293 ], [ -2.917981, 43.2569433 ], [ -2.917858, 43.2570757 ], [ -2.9174714, 43.2568729 ], [ -2.9176958, 43.2566794 ], [ -2.9177935, 43.2567066 ], [ -2.9188238, 43.2558428 ], [ -2.9187851, 43.2557212 ], [ -2.9187591, 43.2553025 ], [ -2.9175807, 43.2551543 ], [ -2.9171767, 43.2548106 ], [ -2.9170084, 43.2550716 ], [ -2.9168531, 43.2554903 ], [ -2.9165018, 43.255418 ], [ -2.9163989, 43.2556745 ], [ -2.916312, 43.2556474 ], [ -2.9160999, 43.2564171 ] ] ] } },
{ "type": "Feature", "properties": { "CCAA": "16 - País Vasco", "PROVINCIA": "48 - Bizkaia", "MUNICIPIO": "48020 - Bilbao", "COD_MUNICIPIO": "48020", "DISTRITO": "05", "SECCION": "4802005013", "V1_H": 80.54, "V1_M": 86.2, "V2_H": 80.39552864, "V2_M": 86.0597654, "V3_H": 80.75568151, "V3_M": 86.47868922000001 }, "geometry": { "type": "Polygon", "coordinates": [ [ [ -2.9201052, 43.2566091 ], [ -2.9206947, 43.2569292 ], [ -2.9219102, 43.2560206 ], [ -2.9217083, 43.2557954 ], [ -2.9215076, 43.2555836 ], [ -2.921156, 43.2553583 ], [ -2.9210126, 43.2552591 ], [ -2.9208194, 43.2551644 ], [ -2.920545, 43.2551057 ], [ -2.9196235, 43.2552806 ], [ -2.9199602, 43.2553214 ], [ -2.9205103, 43.2554163 ], [ -2.9207612, 43.2555335 ], [ -2.9209393, 43.2556688 ], [ -2.9211241, 43.255903 ], [ -2.9201052, 43.2566091 ] ] ] } },
{ "type": "Feature", "properties": { "CCAA": "16 - País Vasco", "PROVINCIA": "48 - Bizkaia", "MUNICIPIO": "48020 - Bilbao", "COD_MUNICIPIO": "48020", "DISTRITO": "05", "SECCION": "4802005039", "V1_H": 80.24, "V1_M": 86.29, "V2_H": 79.84273941, "V2_M": 86.47368807, "V3_H": 80.7355329, "V3_M": 86.23078999000001 }, "geometry": { "type": "Polygon", "coordinates": [ [ [ -2.9206473, 43.2419184 ], [ -2.9209418, 43.2418961 ], [ -2.9213265, 43.2418018 ], [ -2.921852, 43.2417302 ], [ -2.9223812, 43.241744 ], [ -2.9228072, 43.2418389 ], [ -2.9231042, 43.2419471 ], [ -2.9233639, 43.2420779 ], [ -2.9235805, 43.2418619 ], [ -2.9236491, 43.2417404 ], [ -2.9236734, 43.2414478 ], [ -2.9237605, 43.2413127 ], [ -2.9230017, 43.2411727 ], [ -2.9218567, 43.2410728 ], [ -2.9210661, 43.2410723 ], [ -2.9205173, 43.2410269 ], [ -2.9201258, 43.2410491 ], [ -2.9201312, 43.2410581 ], [ -2.9206473, 43.2419184 ] ] ] } },
{ "type": "Feature", "properties": { "CCAA": "16 - País Vasco", "PROVINCIA": "48 - Bizkaia", "MUNICIPIO": "48020 - Bilbao", "COD_MUNICIPIO": "48020", "DISTRITO": "05", "SECCION": "4802005041", "V1_H": 81.58, "V1_M": 86.83, "V2_H": 80.91860297, "V2_M": 86.63659936000001, "V3_H": 82.21677219, "V3_M": 87.10560157 }, "geometry": { "type": "Polygon", "coordinates": [ [ [ -2.9330739, 43.2482117 ], [ -2.9340164, 43.2505309 ], [ -2.934487, 43.2503376 ], [ -2.9346095, 43.2502477 ], [ -2.9347606, 43.2500811 ], [ -2.9349262, 43.2499822 ], [ -2.9349656, 43.2499102 ], [ -2.93522, 43.2495771 ], [ -2.9354741, 43.2492847 ], [ -2.9356965, 43.2489381 ], [ -2.9357446, 43.2486365 ], [ -2.9356971, 43.2484158 ], [ -2.9355495, 43.2481546 ], [ -2.9352322, 43.2479158 ], [ -2.9349602, 43.2477851 ], [ -2.9346997, 43.2476814 ], [ -2.9343276, 43.2475236 ], [ -2.9338355, 43.2472802 ], [ -2.9333085, 43.2469512 ], [ -2.9328923, 43.2466808 ], [ -2.9325789, 43.246397 ], [ -2.932329, 43.2461042 ], [ -2.9321745, 43.245906 ], [ -2.9320046, 43.2456943 ], [ -2.9318289, 43.245469 ], [ -2.9316225, 43.2452438 ], [ -2.9315592, 43.2453878 ], [ -2.9315248, 43.2455139 ], [ -2.9315593, 43.2456445 ], [ -2.9316268, 43.2457931 ], [ -2.931741, 43.2459418 ], [ -2.9318559, 43.2460633 ], [ -2.9319936, 43.2462165 ], [ -2.9321378, 43.2463697 ], [ -2.9323796, 43.24664 ], [ -2.932499, 43.2468877 ], [ -2.9326281, 43.2471939 ], [ -2.9327951, 43.2475362 ], [ -2.9330739, 43.2482117 ] ] ] } },
{ "type": "Feature", "properties": { "CCAA": "16 - País Vasco", "PROVINCIA": "48 - Bizkaia", "MUNICIPIO": "48020 - Bilbao", "COD_MUNICIPIO": "48020", "DISTRITO": "06", "SECCION": "4802006004", "V1_H": 82.5, "V1_M": 87.29, "V2_H": 82.15783722, "V2_M": 87.30677587, "V3_H": 82.90083825000001, "V3_M": 87.37512967000001 }, "geometry": { "type": "Polygon", "coordinates": [ [ [ -2.9338325, 43.2658568 ], [ -2.9335982, 43.2664239 ], [ -2.9349664, 43.2667308 ], [ -2.9355138, 43.2654435 ], [ -2.934124, 43.2651275 ], [ -2.9338325, 43.2658568 ] ] ] } },
{ "type": "Feature", "properties": { "CCAA": "16 - País Vasco", "PROVINCIA": "48 - Bizkaia", "MUNICIPIO": "48020 - Bilbao", "COD_MUNICIPIO": "48020", "DISTRITO": "06", "SECCION": "4802006006", "V1_H": 82.11, "V1_M": 87.17, "V2_H": 81.68538902, "V2_M": 87.16795144, "V3_H": 82.5577829, "V3_M": 87.30202001000001 }, "geometry": { "type": "Polygon", "coordinates": [ [ [ -2.9302862, 43.2664354 ], [ -2.9304771, 43.2668542 ], [ -2.9306469, 43.267156 ], [ -2.9307957, 43.2673812 ], [ -2.9310508, 43.2675794 ], [ -2.931242, 43.2677012 ], [ -2.931419, 43.2677598 ], [ -2.9318886, 43.2666705 ], [ -2.9321659, 43.2659233 ], [ -2.9302862, 43.2664354 ] ] ] } },
{ "type": "Feature", "properties": { "CCAA": "16 - País Vasco", "PROVINCIA": "48 - Bizkaia", "MUNICIPIO": "48020 - Bilbao", "COD_MUNICIPIO": "48020", "DISTRITO": "06", "SECCION": "4802006032", "V1_H": 82.5, "V1_M": 87.29, "V2_H": 82.15783722, "V2_M": 87.30677587, "V3_H": 82.90083825000001, "V3_M": 87.37512967000001 }, "geometry": { "type": "Polygon", "coordinates": [ [ [ -2.9403815, 43.2609799 ], [ -2.9424017, 43.2614311 ], [ -2.942893, 43.2602473 ], [ -2.9408585, 43.2598095 ], [ -2.9403815, 43.2609799 ] ] ] } },
{ "type": "Feature", "properties": { "CCAA": "16 - País Vasco", "PROVINCIA": "48 - Bizkaia", "MUNICIPIO": "48020 - Bilbao", "COD_MUNICIPIO": "48020", "DISTRITO": "06", "SECCION": "4802006037", "V1_H": 82.5, "V1_M": 87.29, "V2_H": 82.15783722, "V2_M": 87.30677587, "V3_H": 82.90083825000001, "V3_M": 87.37512967000001 }, "geometry": { "type": "Polygon", "coordinates": [ [ [ -2.942893, 43.2602473 ], [ -2.9447023, 43.2606624 ], [ -2.9451097, 43.2596631 ], [ -2.9432963, 43.2592435 ], [ -2.942893, 43.2602473 ] ] ] } },
{ "type": "Feature", "properties": { "CCAA": "16 - País Vasco", "PROVINCIA": "48 - Bizkaia", "MUNICIPIO": "48020 - Bilbao", "COD_MUNICIPIO": "48020", "DISTRITO": "06", "SECCION": "4802006039", "V1_H": 82.53, "V1_M": 87.34, "V2_H": 82.38507422000001, "V2_M": 87.19104055, "V3_H": 82.74254947, "V3_M": 87.61225513 }, "geometry": { "type": "Polygon", "coordinates": [ [ [ -2.9397806, 43.2608355 ], [ -2.9403815, 43.2609799 ], [ -2.9408585, 43.2598095 ], [ -2.9412726, 43.2588237 ], [ -2.9415023, 43.2582431 ], [ -2.941506, 43.2575947 ], [ -2.940196, 43.2585755 ], [ -2.9385793, 43.2596912 ], [ -2.9398711, 43.2604303 ], [ -2.9397806, 43.2608355 ] ] ] } },
{ "type": "Feature", "properties": { "CCAA": "16 - País Vasco", "PROVINCIA": "48 - Bizkaia", "MUNICIPIO": "48020 - Bilbao", "COD_MUNICIPIO": "48020", "DISTRITO": "06", "SECCION": "4802006042", "V1_H": 81.9, "V1_M": 87.09, "V2_H": 81.63118556000001, "V2_M": 87.01244814, "V3_H": 82.24024873, "V3_M": 87.26921271000001 }, "geometry": { "type": "Polygon", "coordinates": [ [ [ -2.9323331, 43.2582875 ], [ -2.9327605, 43.2582967 ], [ -2.9351097, 43.2588068 ], [ -2.935498, 43.2578751 ], [ -2.9357493, 43.2572945 ], [ -2.934264, 43.257181 ], [ -2.9323331, 43.2582875 ] ] ] } },
{ "type": "Feature", "properties": { "CCAA": "16 - País Vasco", "PROVINCIA": "48 - Bizkaia", "MUNICIPIO": "48020 - Bilbao", "COD_MUNICIPIO": "48020", "DISTRITO": "07", "SECCION": "4802007016", "V1_H": 81.47, "V1_M": 86.75, "V2_H": 81.12898066, "V2_M": 86.51613614, "V3_H": 81.81510349, "V3_M": 87.06728245 }, "geometry": { "type": "Polygon", "coordinates": [ [ [ -2.9358463, 43.2558267 ], [ -2.9357664, 43.2560428 ], [ -2.9356942, 43.2561688 ], [ -2.9364354, 43.2560702 ], [ -2.9366464, 43.2557417 ], [ -2.9367721, 43.2555346 ], [ -2.9368643, 43.2553276 ], [ -2.9369476, 43.255188 ], [ -2.937049, 43.2550935 ], [ -2.9372012, 43.2550081 ], [ -2.9373899, 43.2549586 ], [ -2.9375558, 43.2549452 ], [ -2.9377352, 43.2549228 ], [ -2.9378412, 43.2548554 ], [ -2.9378414, 43.2548494 ], [ -2.9404307, 43.2543695 ], [ -2.9409913, 43.253514 ], [ -2.9407585, 43.2534837 ], [ -2.9404782, 43.2534745 ], [ -2.940382, 43.253497 ], [ -2.9402577, 43.2535015 ], [ -2.9399985, 43.2535148 ], [ -2.9397248, 43.2535192 ], [ -2.9394191, 43.2535235 ], [ -2.9388297, 43.2535322 ], [ -2.9385952, 43.2535411 ], [ -2.9384708, 43.253622 ], [ -2.9382821, 43.2536445 ], [ -2.9379129, 43.2536713 ], [ -2.9374827, 43.2534279 ], [ -2.9364624, 43.2546249 ], [ -2.9358463, 43.2558267 ] ] ] } },
{ "type": "Feature", "properties": { "CCAA": "16 - País Vasco", "PROVINCIA": "48 - Bizkaia", "MUNICIPIO": "48020 - Bilbao", "COD_MUNICIPIO": "48020", "DISTRITO": "05", "SECCION": "4802005014", "V1_H": 81.9, "V1_M": 87.09, "V2_H": 81.63118556000001, "V2_M": 87.01244814, "V3_H": 82.24024873, "V3_M": 87.26921271000001 }, "geometry": { "type": "Polygon", "coordinates": [ [ [ -2.9197598, 43.2564018 ], [ -2.9201052, 43.2566091 ], [ -2.9211241, 43.255903 ], [ -2.9209393, 43.2556688 ], [ -2.9207612, 43.2555335 ], [ -2.9205103, 43.2554163 ], [ -2.9199602, 43.2553214 ], [ -2.9196235, 43.2552806 ], [ -2.9187591, 43.2553025 ], [ -2.9187851, 43.2557212 ], [ -2.9188238, 43.2558428 ], [ -2.9197598, 43.2564018 ] ] ] } },
{ "type": "Feature", "properties": { "CCAA": "16 - País Vasco", "PROVINCIA": "48 - Bizkaia", "MUNICIPIO": "48020 - Bilbao", "COD_MUNICIPIO": "48020", "DISTRITO": "05", "SECCION": "4802005021", "V1_H": 80.02, "V1_M": 86.02, "V2_H": 79.96138623, "V2_M": 86.18252023, "V3_H": 80.18726569, "V3_M": 86.15258899 }, "geometry": { "type": "Polygon", "coordinates": [ [ [ -2.9258492, 43.2562664 ], [ -2.9262441, 43.2567079 ], [ -2.9266909, 43.2571359 ], [ -2.9270269, 43.2575278 ], [ -2.927456, 43.257429 ], [ -2.9294113, 43.2562416 ], [ -2.928712, 43.2559891 ], [ -2.928982, 43.255602 ], [ -2.9271756, 43.2549481 ], [ -2.9262387, 43.256037 ], [ -2.9258492, 43.2562664 ] ] ] } },
{ "type": "Feature", "properties": { "CCAA": "16 - País Vasco", "PROVINCIA": "48 - Bizkaia", "MUNICIPIO": "48020 - Bilbao", "COD_MUNICIPIO": "48020", "DISTRITO": "05", "SECCION": "4802005030", "V1_H": 79.89, "V1_M": 85.97, "V2_H": 79.67266264, "V2_M": 85.8368825, "V3_H": 80.33686579, "V3_M": 86.2809331 }, "geometry": { "type": "Polygon", "coordinates": [ [ [ -2.9234289, 43.2542567 ], [ -2.9235471, 43.2542748 ], [ -2.9242951, 43.254586 ], [ -2.9248866, 43.254807 ], [ -2.9251608, 43.2547306 ], [ -2.9254365, 43.2546993 ], [ -2.9260779, 43.2546997 ], [ -2.9263046, 43.2547359 ], [ -2.9265137, 43.2547405 ], [ -2.9271756, 43.2549481 ], [ -2.9272338, 43.2548491 ], [ -2.9271937, 43.2545789 ], [ -2.9273039, 43.2545294 ], [ -2.9275654, 43.2544531 ], [ -2.9280712, 43.2542148 ], [ -2.9282572, 43.2541833 ], [ -2.9284493, 43.2542015 ], [ -2.9287268, 43.2542332 ], [ -2.9287872, 43.2542634 ], [ -2.9286265, 43.2539744 ], [ -2.9283613, 43.254004 ], [ -2.928035, 43.2539665 ], [ -2.9257007, 43.2531675 ], [ -2.9244062, 43.2526896 ], [ -2.9253601, 43.251305 ], [ -2.9246863, 43.2510689 ], [ -2.9244713, 43.2509969 ], [ -2.9244678, 43.2510113 ], [ -2.9243919, 43.2511283 ], [ -2.9242282, 43.2511596 ], [ -2.9240522, 43.251164 ], [ -2.9238197, 43.2511774 ], [ -2.9235953, 43.2511367 ], [ -2.9232484, 43.25115 ], [ -2.9233206, 43.2513167 ], [ -2.9234062, 43.2515058 ], [ -2.9234648, 43.2517084 ], [ -2.9234669, 43.2518795 ], [ -2.9234332, 43.2520731 ], [ -2.9233656, 43.2522937 ], [ -2.9233492, 43.2524827 ], [ -2.9233835, 43.2527034 ], [ -2.9234397, 43.2530231 ], [ -2.9234684, 43.2531762 ], [ -2.9234521, 43.2532797 ], [ -2.9232055, 43.2534642 ], [ -2.9231268, 43.2535226 ], [ -2.9230751, 43.2536352 ], [ -2.9230938, 43.2537793 ], [ -2.9231406, 43.2539188 ], [ -2.9232317, 43.254063 ], [ -2.9234289, 43.2542567 ] ] ] } },
{ "type": "Feature", "properties": { "CCAA": "16 - País Vasco", "PROVINCIA": "48 - Bizkaia", "MUNICIPIO": "48020 - Bilbao", "COD_MUNICIPIO": "48020", "DISTRITO": "06", "SECCION": "4802006005", "V1_H": 83.02, "V1_M": 87.55, "V2_H": 82.56010262, "V2_M": 87.39744151, "V3_H": 83.4975015, "V3_M": 87.7973198 }, "geometry": { "type": "Polygon", "coordinates": [ [ [ -2.9318886, 43.2666705 ], [ -2.9347174, 43.267298 ], [ -2.9349664, 43.2667308 ], [ -2.9335982, 43.2664239 ], [ -2.9338325, 43.2658568 ], [ -2.9323439, 43.2655272 ], [ -2.9321659, 43.2659233 ], [ -2.9318886, 43.2666705 ] ] ] } },
{ "type": "Feature", "properties": { "CCAA": "16 - País Vasco", "PROVINCIA": "48 - Bizkaia", "MUNICIPIO": "48020 - Bilbao", "COD_MUNICIPIO": "48020", "DISTRITO": "06", "SECCION": "4802006012", "V1_H": 83.53, "V1_M": 87.48, "V2_H": 83.001258, "V2_M": 87.17437478, "V3_H": 84.05701231, "V3_M": 87.87285168 }, "geometry": { "type": "Polygon", "coordinates": [ [ [ -2.9290314, 43.2640124 ], [ -2.9326566, 43.264798 ], [ -2.9329747, 43.2639788 ], [ -2.9334247, 43.2637629 ], [ -2.9312128, 43.2632574 ], [ -2.9291714, 43.2628374 ], [ -2.928974, 43.263391 ], [ -2.9289607, 43.2635351 ], [ -2.9289605, 43.2637557 ], [ -2.9289734, 43.2638683 ], [ -2.9290314, 43.2640124 ] ] ] } },
{ "type": "Feature", "properties": { "CCAA": "16 - País Vasco", "PROVINCIA": "48 - Bizkaia", "MUNICIPIO": "48020 - Bilbao", "COD_MUNICIPIO": "48020", "DISTRITO": "06", "SECCION": "4802006024", "V1_H": 82.27, "V1_M": 87.07, "V2_H": 81.979544, "V2_M": 86.90367115, "V3_H": 82.63571561000001, "V3_M": 87.32539334000001 }, "geometry": { "type": "Polygon", "coordinates": [ [ [ -2.9420255, 43.2623359 ], [ -2.9422915, 43.2623946 ], [ -2.9438394, 43.2627376 ], [ -2.9442206, 43.2618418 ], [ -2.9447023, 43.2606624 ], [ -2.942893, 43.2602473 ], [ -2.9424017, 43.2614311 ], [ -2.9420255, 43.2623359 ] ] ] } },
{ "type": "Feature", "properties": { "CCAA": "16 - País Vasco", "PROVINCIA": "48 - Bizkaia", "MUNICIPIO": "48020 - Bilbao", "COD_MUNICIPIO": "48020", "DISTRITO": "06", "SECCION": "4802006031", "V1_H": 82.27, "V1_M": 87.07, "V2_H": 81.979544, "V2_M": 86.90367115, "V3_H": 82.63571561000001, "V3_M": 87.32539334000001 }, "geometry": { "type": "Polygon", "coordinates": [ [ [ -2.9442206, 43.2618418 ], [ -2.9463965, 43.2623111 ], [ -2.9468338, 43.2611001 ], [ -2.9447023, 43.2606624 ], [ -2.9442206, 43.2618418 ] ] ] } },
{ "type": "Feature", "properties": { "CCAA": "16 - País Vasco", "PROVINCIA": "48 - Bizkaia", "MUNICIPIO": "48020 - Bilbao", "COD_MUNICIPIO": "48020", "DISTRITO": "06", "SECCION": "4802006038", "V1_H": 83.02, "V1_M": 87.55, "V2_H": 82.56010262, "V2_M": 87.39744151, "V3_H": 83.4975015, "V3_M": 87.7973198 }, "geometry": { "type": "Polygon", "coordinates": [ [ [ -2.9408585, 43.2598095 ], [ -2.942893, 43.2602473 ], [ -2.9432963, 43.2592435 ], [ -2.9412726, 43.2588237 ], [ -2.9408585, 43.2598095 ] ] ] } },
{ "type": "Feature", "properties": { "CCAA": "16 - País Vasco", "PROVINCIA": "48 - Bizkaia", "MUNICIPIO": "48020 - Bilbao", "COD_MUNICIPIO": "48020", "DISTRITO": "07", "SECCION": "4802007002", "V1_H": 81.47, "V1_M": 86.75, "V2_H": 81.12898066, "V2_M": 86.51613614, "V3_H": 81.81510349, "V3_M": 87.06728245 }, "geometry": { "type": "Polygon", "coordinates": [ [ [ -2.9456574, 43.256102 ], [ -2.9446924, 43.2563357 ], [ -2.9450087, 43.2569526 ], [ -2.9459383, 43.2567325 ], [ -2.9458404, 43.2564758 ], [ -2.945735, 43.2562416 ], [ -2.9456574, 43.256102 ] ] ] } },
{ "type": "Feature", "properties": { "CCAA": "16 - País Vasco", "PROVINCIA": "48 - Bizkaia", "MUNICIPIO": "48020 - Bilbao", "COD_MUNICIPIO": "48020", "DISTRITO": "07", "SECCION": "4802007017", "V1_H": 80.06, "V1_M": 86.09, "V2_H": 79.80248703, "V2_M": 86.14116428, "V3_H": 80.46064959, "V3_M": 86.17412372 }, "geometry": { "type": "Polygon", "coordinates": [ [ [ -2.9332469, 43.2556857 ], [ -2.9333938, 43.2558343 ], [ -2.9338589, 43.2558526 ], [ -2.9339261, 43.25565 ], [ -2.9339186, 43.2554744 ], [ -2.9339599, 43.2553079 ], [ -2.9340656, 43.2551504 ], [ -2.9341801, 43.2550469 ], [ -2.9344787, 43.2548445 ], [ -2.9346776, 43.2546104 ], [ -2.9347833, 43.2544034 ], [ -2.9349098, 43.2541873 ], [ -2.9364624, 43.2546249 ], [ -2.9374827, 43.2534279 ], [ -2.9370078, 43.2532746 ], [ -2.9363658, 43.2530941 ], [ -2.9362436, 43.252923 ], [ -2.9361206, 43.2527113 ], [ -2.9360716, 43.2524276 ], [ -2.9360162, 43.2520809 ], [ -2.9359729, 43.2518468 ], [ -2.9357625, 43.2513108 ], [ -2.9351297, 43.2512385 ], [ -2.9347015, 43.2513373 ], [ -2.9345722, 43.2513327 ], [ -2.9345788, 43.2516028 ], [ -2.9345837, 43.2520261 ], [ -2.9345507, 43.2523682 ], [ -2.9344417, 43.2527148 ], [ -2.9342996, 43.2530975 ], [ -2.9332469, 43.2556857 ] ] ] } },
{ "type": "Feature", "properties": { "CCAA": "16 - País Vasco", "PROVINCIA": "48 - Bizkaia", "MUNICIPIO": "48020 - Bilbao", "COD_MUNICIPIO": "48020", "DISTRITO": "07", "SECCION": "4802007037", "V1_H": 79.35, "V1_M": 85.2, "V2_H": 79.29922448000001, "V2_M": 85.22530012, "V3_H": 79.59037894, "V3_M": 85.4114479 }, "geometry": { "type": "Polygon", "coordinates": [ [ [ -2.9468519, 43.2492951 ], [ -2.9470371, 43.2492862 ], [ -2.9472015, 43.2492367 ], [ -2.9474132, 43.2492683 ], [ -2.9475872, 43.2492909 ], [ -2.9477642, 43.2493045 ], [ -2.9479321, 43.2493091 ], [ -2.9480379, 43.2493497 ], [ -2.9482154, 43.2493768 ], [ -2.9483967, 43.2493903 ], [ -2.9485665, 43.2493724 ], [ -2.9487027, 43.2493364 ], [ -2.9487929, 43.2493005 ], [ -2.9489045, 43.2492915 ], [ -2.9490104, 43.2492961 ], [ -2.9490942, 43.2493141 ], [ -2.9492498, 43.2493547 ], [ -2.9493202, 43.2493907 ], [ -2.9494015, 43.2493367 ], [ -2.9494951, 43.2492783 ], [ -2.9496221, 43.2492243 ], [ -2.9497088, 43.2491658 ], [ -2.9497581, 43.2491208 ], [ -2.9497974, 43.2490443 ], [ -2.9497856, 43.2489497 ], [ -2.9497738, 43.2488327 ], [ -2.9499701, 43.2488328 ], [ -2.9502137, 43.2488374 ], [ -2.9502065, 43.2487653 ], [ -2.950202, 43.2485987 ], [ -2.950226, 43.2484637 ], [ -2.9502592, 43.2483736 ], [ -2.9501634, 43.248216 ], [ -2.95006, 43.2480674 ], [ -2.9499344, 43.2478152 ], [ -2.949771, 43.2474819 ], [ -2.9497368, 43.2474414 ], [ -2.9496771, 43.2474279 ], [ -2.9496025, 43.2474369 ], [ -2.9495189, 43.2474638 ], [ -2.9494388, 43.2474863 ], [ -2.9493233, 43.2475223 ], [ -2.9492786, 43.2475583 ], [ -2.9492605, 43.2476303 ], [ -2.9492709, 43.2479635 ], [ -2.9492896, 43.2482246 ], [ -2.9490844, 43.248229 ], [ -2.9489127, 43.248238 ], [ -2.9489091, 43.2484181 ], [ -2.9489017, 43.2485081 ], [ -2.9488158, 43.2485306 ], [ -2.9485202, 43.2485169 ], [ -2.9477354, 43.248341 ], [ -2.9473479, 43.2482282 ], [ -2.9472484, 43.2480391 ], [ -2.9471277, 43.2481876 ], [ -2.9469451, 43.2483857 ], [ -2.9469188, 43.2484712 ], [ -2.9468952, 43.2486197 ], [ -2.9468748, 43.2486963 ], [ -2.94686, 43.2487998 ], [ -2.9468307, 43.2489214 ], [ -2.9468017, 43.2490429 ], [ -2.9467577, 43.249205 ], [ -2.9468519, 43.2492951 ] ] ] } },
{ "type": "Feature", "properties": { "CCAA": "16 - País Vasco", "PROVINCIA": "48 - Bizkaia", "MUNICIPIO": "48020 - Bilbao", "COD_MUNICIPIO": "48020", "DISTRITO": "08", "SECCION": "4802008001", "V1_H": 80.27, "V1_M": 86.36, "V2_H": 80.04050342, "V2_M": 86.25745667, "V3_H": 80.55487256000001, "V3_M": 86.64917866 }, "geometry": { "type": "Polygon", "coordinates": [ [ [ -2.9678811, 43.2837097 ], [ -2.9678622, 43.2837817 ], [ -2.9677838, 43.2840609 ], [ -2.9677647, 43.2844436 ], [ -2.967758, 43.2847047 ], [ -2.9677483, 43.2849524 ], [ -2.9677824, 43.2851729 ], [ -2.9678505, 43.2854656 ], [ -2.9679308, 43.2856728 ], [ -2.9680116, 43.2858889 ], [ -2.9681078, 43.2860555 ], [ -2.9681979, 43.2862176 ], [ -2.9683438, 43.2863932 ], [ -2.9684958, 43.2865959 ], [ -2.9686918, 43.286803 ], [ -2.9689682, 43.2871318 ], [ -2.9713596, 43.2899869 ], [ -2.9709832, 43.2885371 ], [ -2.9709778, 43.288465 ], [ -2.971025, 43.2881589 ], [ -2.9715743, 43.2865112 ], [ -2.9715107, 43.284233 ], [ -2.9715001, 43.2838458 ], [ -2.9715643, 43.283337 ], [ -2.9716526, 43.2831075 ], [ -2.9718862, 43.2828013 ], [ -2.9720526, 43.2826663 ], [ -2.9730293, 43.2821218 ], [ -2.9746354, 43.2813073 ], [ -2.9755919, 43.2807627 ], [ -2.976616, 43.2798624 ], [ -2.9771724, 43.2781967 ], [ -2.9770496, 43.2781606 ], [ -2.9746108, 43.2774217 ], [ -2.9736408, 43.2771559 ], [ -2.9731656, 43.2770162 ], [ -2.9715903, 43.276534 ], [ -2.9704628, 43.2761511 ], [ -2.970211, 43.2759304 ], [ -2.9689391, 43.2763217 ], [ -2.9690595, 43.2766099 ], [ -2.9691491, 43.2769206 ], [ -2.9692017, 43.2771907 ], [ -2.9692324, 43.2774564 ], [ -2.9692026, 43.2778031 ], [ -2.9691909, 43.2780642 ], [ -2.9691561, 43.2783659 ], [ -2.9691216, 43.2787035 ], [ -2.9690983, 43.2790457 ], [ -2.9690638, 43.2794329 ], [ -2.9690063, 43.2797615 ], [ -2.968931, 43.2802252 ], [ -2.9689381, 43.2805314 ], [ -2.9688628, 43.2808556 ], [ -2.9687721, 43.2812022 ], [ -2.9686722, 43.2814948 ], [ -2.9685283, 43.2819135 ], [ -2.9684095, 43.2822916 ], [ -2.9682626, 43.2826923 ], [ -2.9681187, 43.2830479 ], [ -2.967939, 43.2834756 ], [ -2.9678811, 43.2837097 ] ] ] } },
{ "type": "Feature", "properties": { "CCAA": "16 - País Vasco", "PROVINCIA": "48 - Bizkaia", "MUNICIPIO": "48020 - Bilbao", "COD_MUNICIPIO": "48020", "DISTRITO": "08", "SECCION": "4802008013", "V1_H": 80.0, "V1_M": 86.03, "V2_H": 79.84963877, "V2_M": 86.04281727, "V3_H": 80.29290896000001, "V3_M": 86.20578322 }, "geometry": { "type": "Polygon", "coordinates": [ [ [ -2.9647361, 43.2614899 ], [ -2.9650286, 43.2616656 ], [ -2.9651603, 43.2617061 ], [ -2.965215, 43.2616836 ], [ -2.9652516, 43.2616656 ], [ -2.965319, 43.2616296 ], [ -2.9654284, 43.2615666 ], [ -2.9655543, 43.2614946 ], [ -2.9656475, 43.2614181 ], [ -2.9657462, 43.2613191 ], [ -2.9658583, 43.2611255 ], [ -2.9659188, 43.260968 ], [ -2.966053, 43.2607609 ], [ -2.9661816, 43.2605898 ], [ -2.9662803, 43.2604458 ], [ -2.9663408, 43.2603243 ], [ -2.9663675, 43.2601442 ], [ -2.9663549, 43.2599956 ], [ -2.9663299, 43.259892 ], [ -2.9662972, 43.259757 ], [ -2.9662122, 43.2595903 ], [ -2.9660895, 43.2594282 ], [ -2.9658648, 43.2592526 ], [ -2.9656908, 43.2591219 ], [ -2.9655118, 43.2590184 ], [ -2.9653286, 43.2588742 ], [ -2.9651808, 43.2587616 ], [ -2.9650581, 43.2586535 ], [ -2.9649758, 43.258568 ], [ -2.9649624, 43.2585049 ], [ -2.9650529, 43.2582708 ], [ -2.9651135, 43.2580907 ], [ -2.9651271, 43.2579557 ], [ -2.9651133, 43.2577891 ], [ -2.9650841, 43.257645 ], [ -2.9650411, 43.2575279 ], [ -2.9649691, 43.2574018 ], [ -2.964831, 43.2572082 ], [ -2.964706, 43.257028 ], [ -2.9645282, 43.2568839 ], [ -2.9642873, 43.2567082 ], [ -2.9641588, 43.2565776 ], [ -2.9640742, 43.2564245 ], [ -2.9640223, 43.256312 ], [ -2.9640004, 43.2561454 ], [ -2.9640005, 43.2560148 ], [ -2.9639675, 43.2557807 ], [ -2.9638092, 43.2553484 ], [ -2.9637573, 43.2552403 ], [ -2.9636481, 43.2550062 ], [ -2.9636069, 43.2549341 ], [ -2.9635454, 43.2548576 ], [ -2.9634565, 43.254736 ], [ -2.9632463, 43.2546954 ], [ -2.9631035, 43.2546323 ], [ -2.9629757, 43.2545872 ], [ -2.9628668, 43.2545197 ], [ -2.9627764, 43.2544386 ], [ -2.9627172, 43.254344 ], [ -2.9626923, 43.254218 ], [ -2.9626704, 43.2541009 ], [ -2.9626269, 43.2540244 ], [ -2.9625365, 43.2538938 ], [ -2.9623684, 43.2537316 ], [ -2.9622468, 43.253655 ], [ -2.9620697, 43.2536054 ], [ -2.9618918, 43.2535693 ], [ -2.9617856, 43.2535558 ], [ -2.9616428, 43.2535287 ], [ -2.9614765, 43.2534882 ], [ -2.9612582, 43.2534386 ], [ -2.9610789, 43.253389 ], [ -2.9608995, 43.2533169 ], [ -2.960741, 43.2532538 ], [ -2.9605439, 43.2531727 ], [ -2.96039, 43.2531096 ], [ -2.9600936, 43.2530194 ], [ -2.9598919, 43.2529564 ], [ -2.9596875, 43.2528842 ], [ -2.9594577, 43.2528166 ], [ -2.9592699, 43.2527535 ], [ -2.9590679, 43.2526679 ], [ -2.9588985, 43.2525778 ], [ -2.9587588, 43.2524787 ], [ -2.9586253, 43.2523796 ], [ -2.9584833, 43.2522445 ], [ -2.9583372, 43.2520553 ], [ -2.9582106, 43.2518482 ], [ -2.9581876, 43.2517221 ], [ -2.9581304, 43.251542 ], [ -2.9580604, 43.2514429 ], [ -2.9579239, 43.2513033 ], [ -2.9578192, 43.2512312 ], [ -2.9577322, 43.2511816 ], [ -2.957653, 43.2511141 ], [ -2.9574044, 43.2510194 ], [ -2.9572623, 43.2509519 ], [ -2.9571381, 43.2509023 ], [ -2.9570233, 43.2508572 ], [ -2.9569287, 43.2508167 ], [ -2.9567551, 43.250749 ], [ -2.9565823, 43.2506769 ], [ -2.9564457, 43.2506183 ], [ -2.9562883, 43.2505552 ], [ -2.9561859, 43.2505102 ], [ -2.9560327, 43.2504471 ], [ -2.9559142, 43.2503705 ], [ -2.9558141, 43.2503075 ], [ -2.9557037, 43.2502354 ], [ -2.955469, 43.2500597 ], [ -2.9553175, 43.2499201 ], [ -2.9551933, 43.2497534 ], [ -2.9537122, 43.2499374 ], [ -2.9527108, 43.2500586 ], [ -2.9525109, 43.2502026 ], [ -2.9501751, 43.2518359 ], [ -2.9501994, 43.2521736 ], [ -2.9504515, 43.2556044 ], [ -2.9504826, 43.2561132 ], [ -2.9504953, 43.2561673 ], [ -2.950915, 43.2560684 ], [ -2.951223, 43.2561451 ], [ -2.951487, 43.2562037 ], [ -2.9517226, 43.2562714 ], [ -2.9518969, 43.256357 ], [ -2.9521348, 43.2564697 ], [ -2.9521666, 43.2564896 ], [ -2.9530902, 43.2559892 ], [ -2.9530884, 43.2559928 ], [ -2.9534284, 43.2559119 ], [ -2.9544918, 43.2558052 ], [ -2.9545468, 43.2560406 ], [ -2.9543671, 43.2565789 ], [ -2.9558129, 43.2566713 ], [ -2.9558195, 43.2566828 ], [ -2.955933, 43.2568089 ], [ -2.95613, 43.256998 ], [ -2.9563412, 43.2571557 ], [ -2.9564767, 43.2572368 ], [ -2.9566245, 43.2572999 ], [ -2.9568212, 43.257354 ], [ -2.9569609, 43.25739 ], [ -2.9571469, 43.2574171 ], [ -2.957409, 43.2574217 ], [ -2.9576227, 43.2574353 ], [ -2.9577878, 43.2574849 ], [ -2.9578764, 43.257548 ], [ -2.9579441, 43.2576245 ], [ -2.9580414, 43.2577506 ], [ -2.958168, 43.2578678 ], [ -2.958278, 43.2579894 ], [ -2.9583921, 43.258097 ], [ -2.9584069, 43.2581109 ], [ -2.9585354, 43.2582821 ], [ -2.9586096, 43.2584667 ], [ -2.9587257, 43.2586514 ], [ -2.9589331, 43.258863 ], [ -2.9591251, 43.2589937 ], [ -2.9593769, 43.2591108 ], [ -2.9596159, 43.2591785 ], [ -2.959969, 43.2592101 ], [ -2.9605926, 43.2593949 ], [ -2.961041, 43.2595571 ], [ -2.9615991, 43.2598005 ], [ -2.9622886, 43.2600708 ], [ -2.9626215, 43.260242 ], [ -2.9627886, 43.2602961 ], [ -2.9631181, 43.2604223 ], [ -2.9633525, 43.2605575 ], [ -2.9637219, 43.2608367 ], [ -2.9641765, 43.2610935 ], [ -2.9645798, 43.2613998 ], [ -2.9647361, 43.2614899 ] ] ] } },
{ "type": "Feature", "properties": { "CCAA": "16 - País Vasco", "PROVINCIA": "48 - Bizkaia", "MUNICIPIO": "48020 - Bilbao", "COD_MUNICIPIO": "48020", "DISTRITO": "06", "SECCION": "4802006018", "V1_H": 83.53, "V1_M": 87.48, "V2_H": 83.001258, "V2_M": 87.17437478, "V3_H": 84.05701231, "V3_M": 87.87285168 }, "geometry": { "type": "Polygon", "coordinates": [ [ [ -2.9330841, 43.2625741 ], [ -2.9350066, 43.262976 ], [ -2.9358327, 43.2609774 ], [ -2.9343599, 43.2606479 ], [ -2.9339465, 43.2615751 ], [ -2.9334984, 43.2615163 ], [ -2.9330841, 43.2625741 ] ] ] } },
{ "type": "Feature", "properties": { "CCAA": "16 - País Vasco", "PROVINCIA": "48 - Bizkaia", "MUNICIPIO": "48020 - Bilbao", "COD_MUNICIPIO": "48020", "DISTRITO": "06", "SECCION": "4802006019", "V1_H": 83.53, "V1_M": 87.48, "V2_H": 83.001258, "V2_M": 87.17437478, "V3_H": 84.05701231, "V3_M": 87.87285168 }, "geometry": { "type": "Polygon", "coordinates": [ [ [ -2.9316252, 43.2622581 ], [ -2.9330841, 43.2625741 ], [ -2.9334984, 43.2615163 ], [ -2.9339465, 43.2615751 ], [ -2.9343599, 43.2606479 ], [ -2.9339933, 43.2606792 ], [ -2.9336772, 43.2607375 ], [ -2.9334696, 43.2607869 ], [ -2.9331634, 43.2608543 ], [ -2.9328252, 43.2609441 ], [ -2.932516, 43.2610475 ], [ -2.9322533, 43.2611554 ], [ -2.931999, 43.2612903 ], [ -2.9303432, 43.2607445 ], [ -2.9294115, 43.259956 ], [ -2.9271906, 43.2612963 ], [ -2.9316252, 43.2622581 ] ] ] } },
{ "type": "Feature", "properties": { "CCAA": "16 - País Vasco", "PROVINCIA": "48 - Bizkaia", "MUNICIPIO": "48020 - Bilbao", "COD_MUNICIPIO": "48020", "DISTRITO": "06", "SECCION": "4802006033", "V1_H": 82.27, "V1_M": 87.07, "V2_H": 81.979544, "V2_M": 86.90367115, "V3_H": 82.63571561000001, "V3_M": 87.32539334000001 }, "geometry": { "type": "Polygon", "coordinates": [ [ [ -2.9376222, 43.2603616 ], [ -2.9389484, 43.2606594 ], [ -2.9397806, 43.2608355 ], [ -2.9398711, 43.2604303 ], [ -2.9385793, 43.2596912 ], [ -2.9380052, 43.2593758 ], [ -2.9374918, 43.2590918 ], [ -2.9367685, 43.2586637 ], [ -2.9361756, 43.2600411 ], [ -2.9376222, 43.2603616 ] ] ] } },
{ "type": "Feature", "properties": { "CCAA": "16 - País Vasco", "PROVINCIA": "48 - Bizkaia", "MUNICIPIO": "48020 - Bilbao", "COD_MUNICIPIO": "48020", "DISTRITO": "06", "SECCION": "4802006036", "V1_H": 82.27, "V1_M": 87.07, "V2_H": 81.979544, "V2_M": 86.90367115, "V3_H": 82.63571561000001, "V3_M": 87.32539334000001 }, "geometry": { "type": "Polygon", "coordinates": [ [ [ -2.9447023, 43.2606624 ], [ -2.9468338, 43.2611001 ], [ -2.947078, 43.2605285 ], [ -2.9468387, 43.2603258 ], [ -2.946706, 43.2601591 ], [ -2.9465657, 43.2599564 ], [ -2.946262, 43.2598437 ], [ -2.945974, 43.2598436 ], [ -2.9451097, 43.2596631 ], [ -2.9447023, 43.2606624 ] ] ] } },
{ "type": "Feature", "properties": { "CCAA": "16 - País Vasco", "PROVINCIA": "48 - Bizkaia", "MUNICIPIO": "48020 - Bilbao", "COD_MUNICIPIO": "48020", "DISTRITO": "07", "SECCION": "4802007003", "V1_H": 80.91, "V1_M": 86.64, "V2_H": 80.44720226, "V2_M": 86.54313262, "V3_H": 81.45534141, "V3_M": 86.89844934 }, "geometry": { "type": "Polygon", "coordinates": [ [ [ -2.9434086, 43.2557092 ], [ -2.9437011, 43.2558579 ], [ -2.9441553, 43.2567901 ], [ -2.9443259, 43.2571369 ], [ -2.9450087, 43.2569526 ], [ -2.9446924, 43.2563357 ], [ -2.9456574, 43.256102 ], [ -2.945398, 43.2559623 ], [ -2.9449356, 43.2556559 ], [ -2.9445923, 43.2554577 ], [ -2.9441955, 43.2553179 ], [ -2.9439153, 43.2552367 ], [ -2.9435226, 43.2556282 ], [ -2.9434086, 43.2557092 ] ] ] } },
{ "type": "Feature", "properties": { "CCAA": "16 - País Vasco", "PROVINCIA": "48 - Bizkaia", "MUNICIPIO": "48020 - Bilbao", "COD_MUNICIPIO": "48020", "DISTRITO": "07", "SECCION": "4802007004", "V1_H": 81.47, "V1_M": 86.75, "V2_H": 81.12898066, "V2_M": 86.51613614, "V3_H": 81.81510349, "V3_M": 87.06728245 }, "geometry": { "type": "Polygon", "coordinates": [ [ [ -2.9439099, 43.2577175 ], [ -2.9445898, 43.2577583 ], [ -2.9443259, 43.2571369 ], [ -2.9441553, 43.2567901 ], [ -2.9437011, 43.2558579 ], [ -2.9434086, 43.2557092 ], [ -2.942444, 43.2566542 ], [ -2.9417003, 43.2573427 ], [ -2.941506, 43.2575947 ], [ -2.9435966, 43.2576948 ], [ -2.9439099, 43.2577175 ] ] ] } },
{ "type": "Feature", "properties": { "CCAA": "16 - País Vasco", "PROVINCIA": "48 - Bizkaia", "MUNICIPIO": "48020 - Bilbao", "COD_MUNICIPIO": "48020", "DISTRITO": "07", "SECCION": "4802007024", "V1_H": 80.53, "V1_M": 86.43, "V2_H": 80.43347749, "V2_M": 86.30479166000001, "V3_H": 80.8868878, "V3_M": 86.74881461 }, "geometry": { "type": "Polygon", "coordinates": [ [ [ -2.9450621, 43.2540667 ], [ -2.9452405, 43.2542276 ], [ -2.9454466, 43.2542331 ], [ -2.945557, 43.2541525 ], [ -2.9456233, 43.2541041 ], [ -2.9456822, 43.2540557 ], [ -2.9457632, 43.2540235 ], [ -2.9458588, 43.2540074 ], [ -2.9461605, 43.254056 ], [ -2.9467858, 43.2542015 ], [ -2.9470948, 43.2542715 ], [ -2.9472714, 43.2543146 ], [ -2.9473233, 43.253879 ], [ -2.9473961, 43.2538382 ], [ -2.9474871, 43.2532664 ], [ -2.947533, 43.2530864 ], [ -2.9460566, 43.252748 ], [ -2.9455423, 43.2534501 ], [ -2.9451342, 43.2539947 ], [ -2.9450621, 43.2540667 ] ] ] } },
{ "type": "Feature", "properties": { "CCAA": "16 - País Vasco", "PROVINCIA": "48 - Bizkaia", "MUNICIPIO": "48020 - Bilbao", "COD_MUNICIPIO": "48020", "DISTRITO": "07", "SECCION": "4802007039", "V1_H": 79.27, "V1_M": 85.17, "V2_H": 79.19654882, "V2_M": 85.28496149, "V3_H": 79.61871206, "V3_M": 85.37047204 }, "geometry": { "type": "Polygon", "coordinates": [ [ [ -2.9486024, 43.2464639 ], [ -2.948699, 43.2464955 ], [ -2.9488772, 43.2465361 ], [ -2.9490851, 43.2465812 ], [ -2.9492147, 43.2466488 ], [ -2.9493448, 43.2467119 ], [ -2.9494932, 43.246802 ], [ -2.9496268, 43.2468786 ], [ -2.9497711, 43.2468966 ], [ -2.9499078, 43.2468742 ], [ -2.9500784, 43.2468293 ], [ -2.9502736, 43.2467528 ], [ -2.9505897, 43.2466179 ], [ -2.9508493, 43.2464919 ], [ -2.951036, 43.2464065 ], [ -2.9511508, 43.2463615 ], [ -2.9512471, 43.2463345 ], [ -2.9513433, 43.2463391 ], [ -2.9514337, 43.2463616 ], [ -2.9514803, 43.2464067 ], [ -2.9515395, 43.2464562 ], [ -2.9515399, 43.2465012 ], [ -2.9515032, 43.2466003 ], [ -2.9514508, 43.2467083 ], [ -2.951322, 43.2469649 ], [ -2.9512792, 43.2470819 ], [ -2.9512733, 43.247172 ], [ -2.9512767, 43.247235 ], [ -2.9512894, 43.2472845 ], [ -2.9513302, 43.2473161 ], [ -2.9514049, 43.2473386 ], [ -2.9515588, 43.2473747 ], [ -2.9517155, 43.2473568 ], [ -2.9519018, 43.2473388 ], [ -2.9520662, 43.2473029 ], [ -2.9522306, 43.2472714 ], [ -2.952355, 43.247249 ], [ -2.9525225, 43.247186 ], [ -2.9526681, 43.247114 ], [ -2.9529314, 43.2469881 ], [ -2.9531363, 43.2468936 ], [ -2.9532726, 43.2468712 ], [ -2.9534093, 43.2468487 ], [ -2.9535179, 43.2468217 ], [ -2.9536261, 43.2467542 ], [ -2.9537004, 43.2466642 ], [ -2.9537621, 43.2465742 ], [ -2.9537864, 43.2465112 ], [ -2.9537861, 43.2464301 ], [ -2.9537669, 43.2463581 ], [ -2.9537419, 43.246295 ], [ -2.9537292, 43.24625 ], [ -2.9537658, 43.2461555 ], [ -2.9538368, 43.246043 ], [ -2.9539601, 43.2458674 ], [ -2.9540803, 43.2456829 ], [ -2.9541944, 43.2455298 ], [ -2.954327, 43.2453588 ], [ -2.9544441, 43.2451923 ], [ -2.9544996, 43.2451112 ], [ -2.9545702, 43.2449222 ], [ -2.9546157, 43.2447646 ], [ -2.954677, 43.244598 ], [ -2.9547137, 43.244481 ], [ -2.954763, 43.2444225 ], [ -2.9548558, 43.2443505 ], [ -2.9549363, 43.2443055 ], [ -2.9550075, 43.2442785 ], [ -2.9551072, 43.2442786 ], [ -2.9552096, 43.2442831 ], [ -2.9552939, 43.2443326 ], [ -2.9553597, 43.2444362 ], [ -2.9554165, 43.2446074 ], [ -2.9554387, 43.2447064 ], [ -2.955471, 43.2449135 ], [ -2.9555969, 43.2452152 ], [ -2.9557165, 43.2454629 ], [ -2.9558326, 43.2457061 ], [ -2.9559737, 43.2459357 ], [ -2.9561429, 43.2461384 ], [ -2.9563145, 43.2462961 ], [ -2.9565052, 43.2465077 ], [ -2.9566214, 43.2466834 ], [ -2.9567991, 43.2468365 ], [ -2.9570049, 43.2469762 ], [ -2.9573351, 43.2471429 ], [ -2.9576468, 43.2472826 ], [ -2.9579643, 43.2473863 ], [ -2.9582757, 43.2474719 ], [ -2.9585647, 43.2474991 ], [ -2.9588477, 43.2475397 ], [ -2.9590809, 43.2475713 ], [ -2.9594005, 43.2476029 ], [ -2.9597084, 43.2475805 ], [ -2.9599975, 43.2475806 ], [ -2.9602523, 43.2475627 ], [ -2.9605445, 43.2476033 ], [ -2.9607685, 43.2476349 ], [ -2.9609675, 43.2476755 ], [ -2.9612123, 43.2477206 ], [ -2.9617724, 43.2465682 ], [ -2.9652463, 43.2395367 ], [ -2.9688569, 43.2322394 ], [ -2.9686846, 43.2321809 ], [ -2.9685318, 43.2321538 ], [ -2.9681335, 43.2321357 ], [ -2.9679134, 43.2320996 ], [ -2.9677725, 43.2320771 ], [ -2.9676075, 43.232032 ], [ -2.9674297, 43.2319824 ], [ -2.9671484, 43.2318833 ], [ -2.9665181, 43.2316535 ], [ -2.9662122, 43.2316083 ], [ -2.966059, 43.2316218 ], [ -2.9658631, 43.2316578 ], [ -2.9656976, 43.2316803 ], [ -2.9655629, 43.2317027 ], [ -2.9654405, 43.2317027 ], [ -2.9650977, 43.2316756 ], [ -2.9649199, 43.2316395 ], [ -2.9646875, 43.2315764 ], [ -2.9640268, 43.231396 ], [ -2.9634264, 43.2313689 ], [ -2.9632429, 43.2313283 ], [ -2.9630167, 43.2312697 ], [ -2.9610775, 43.2305801 ], [ -2.9607176, 43.2300353 ], [ -2.9604853, 43.22981 ], [ -2.960345, 43.2296524 ], [ -2.9601748, 43.2292471 ], [ -2.9601228, 43.2292111 ], [ -2.9601101, 43.2291886 ], [ -2.960104, 43.2291751 ], [ -2.9600606, 43.229103 ], [ -2.9600237, 43.2290265 ], [ -2.9599802, 43.2289814 ], [ -2.959931, 43.2289139 ], [ -2.9598876, 43.2288689 ], [ -2.9598383, 43.2288193 ], [ -2.9597583, 43.2287652 ], [ -2.9596844, 43.2287292 ], [ -2.9596041, 43.2286526 ], [ -2.9595179, 43.2286301 ], [ -2.9594009, 43.2285535 ], [ -2.9592594, 43.2284859 ], [ -2.9591239, 43.2284229 ], [ -2.9590132, 43.2283688 ], [ -2.9589024, 43.2283147 ], [ -2.9587854, 43.2282651 ], [ -2.9586869, 43.2282201 ], [ -2.9585823, 43.2281885 ], [ -2.9585145, 43.2281615 ], [ -2.9584099, 43.2281254 ], [ -2.9583053, 43.2280758 ], [ -2.9581764, 43.2280353 ], [ -2.9580595, 43.2279947 ], [ -2.9579302, 43.2279496 ], [ -2.9577701, 43.2279181 ], [ -2.9576224, 43.227837 ], [ -2.9574566, 43.2277874 ], [ -2.9572595, 43.2277378 ], [ -2.9571183, 43.2277017 ], [ -2.9569768, 43.2276567 ], [ -2.9568352, 43.2276161 ], [ -2.9567556, 43.2276025 ], [ -2.9566078, 43.2275574 ], [ -2.9564847, 43.2275349 ], [ -2.9563985, 43.2274943 ], [ -2.9563127, 43.2274628 ], [ -2.9562635, 43.2274448 ], [ -2.956023, 43.2273186 ], [ -2.9559677, 43.2272961 ], [ -2.9558388, 43.227242 ], [ -2.9557033, 43.2271924 ], [ -2.9555614, 43.2271248 ], [ -2.955451, 43.2270753 ], [ -2.9553275, 43.2270212 ], [ -2.9552048, 43.2269761 ], [ -2.9550817, 43.226931 ], [ -2.954977, 43.2268905 ], [ -2.9548663, 43.2268454 ], [ -2.9547308, 43.2267868 ], [ -2.9545708, 43.2267282 ], [ -2.9543803, 43.2267101 ], [ -2.9541711, 43.226593 ], [ -2.9540803, 43.2265704 ], [ -2.9540363, 43.2266875 ], [ -2.95395, 43.2268811 ], [ -2.9538163, 43.2271061 ], [ -2.9536822, 43.2273537 ], [ -2.9535261, 43.2276327 ], [ -2.9534147, 43.2278353 ], [ -2.9532867, 43.2281009 ], [ -2.9531935, 43.2283305 ], [ -2.9531278, 43.2285781 ], [ -2.9530588, 43.2288302 ], [ -2.9530546, 43.2292264 ], [ -2.9530901, 43.2295146 ], [ -2.953133, 43.2299153 ], [ -2.9531623, 43.2302035 ], [ -2.9531736, 43.2305501 ], [ -2.9531469, 43.2307482 ], [ -2.9531164, 43.2308518 ], [ -2.9530736, 43.2309733 ], [ -2.952987, 43.2310858 ], [ -2.952876, 43.2312389 ], [ -2.952725, 43.2314369 ], [ -2.9526075, 43.2315629 ], [ -2.9524996, 43.2317115 ], [ -2.9524229, 43.231842 ], [ -2.9523397, 43.2319815 ], [ -2.9522695, 43.2321931 ], [ -2.9522174, 43.2323642 ], [ -2.9521295, 43.2325938 ], [ -2.9521256, 43.2326658 ], [ -2.9522006, 43.2327829 ], [ -2.9522336, 43.2328324 ], [ -2.9522743, 43.2329 ], [ -2.9523293, 43.232981 ], [ -2.95239, 43.2330711 ], [ -2.9524673, 43.2331927 ], [ -2.9524726, 43.2332692 ], [ -2.9524491, 43.2333458 ], [ -2.952337, 43.2335033 ], [ -2.9522896, 43.2335708 ], [ -2.952313, 43.2336519 ], [ -2.9524091, 43.233769 ], [ -2.9524983, 43.2339041 ], [ -2.9525025, 43.2339942 ], [ -2.9525078, 43.2340842 ], [ -2.9525077, 43.2341923 ], [ -2.9525007, 43.2343093 ], [ -2.9524994, 43.2344444 ], [ -2.9525216, 43.2346425 ], [ -2.9525649, 43.2347821 ], [ -2.9525637, 43.2349352 ], [ -2.9525335, 43.2350927 ], [ -2.9524973, 43.2352368 ], [ -2.952451, 43.2352773 ], [ -2.9523721, 43.2352818 ], [ -2.9523106, 43.2352367 ], [ -2.9522953, 43.2351737 ], [ -2.9522915, 43.2350836 ], [ -2.9522888, 43.2350296 ], [ -2.9522543, 43.2349035 ], [ -2.9521997, 43.2347954 ], [ -2.9521412, 43.2347324 ], [ -2.9520782, 43.2346918 ], [ -2.9519554, 43.2346693 ], [ -2.9518604, 43.2346647 ], [ -2.9517607, 43.2346737 ], [ -2.9516667, 43.2347277 ], [ -2.9514845, 43.2348987 ], [ -2.9513767, 43.2350067 ], [ -2.9513162, 43.2350832 ], [ -2.9512653, 43.2351687 ], [ -2.9512548, 43.2352498 ], [ -2.9512675, 43.2353128 ], [ -2.9512932, 43.2353668 ], [ -2.9513444, 43.2354254 ], [ -2.9514113, 43.235484 ], [ -2.951511, 43.235556 ], [ -2.9515829, 43.2356236 ], [ -2.9516009, 43.2357001 ], [ -2.9515482, 43.2357137 ], [ -2.9515008, 43.2357181 ], [ -2.9514623, 43.2357136 ], [ -2.9514212, 43.2357046 ], [ -2.9512523, 43.235592 ], [ -2.9511161, 43.2355469 ], [ -2.9509367, 43.2355108 ], [ -2.950862, 43.2355828 ], [ -2.9507137, 43.2357358 ], [ -2.9505134, 43.2360013 ], [ -2.9500666, 43.2364154 ], [ -2.9498462, 43.2367349 ], [ -2.9496741, 43.2367889 ], [ -2.9494327, 43.2372525 ], [ -2.9492019, 43.2376126 ], [ -2.9491446, 43.2379908 ], [ -2.9491292, 43.2380808 ], [ -2.9488776, 43.2383733 ], [ -2.9486669, 43.2385623 ], [ -2.9485555, 43.2387649 ], [ -2.948572, 43.2388415 ], [ -2.9487229, 43.2391161 ], [ -2.9489614, 43.2393189 ], [ -2.9493021, 43.2397107 ], [ -2.9497844, 43.2402107 ], [ -2.9498063, 43.2402557 ], [ -2.9497993, 43.2403368 ], [ -2.9497581, 43.2404403 ], [ -2.9497221, 43.2406024 ], [ -2.9497282, 43.2406969 ], [ -2.9497285, 43.240778 ], [ -2.949745, 43.240877 ], [ -2.9497626, 43.2409671 ], [ -2.9497806, 43.2410436 ], [ -2.949814, 43.2412103 ], [ -2.9498215, 43.2413543 ], [ -2.9498187, 43.2415119 ], [ -2.9498005, 43.241728 ], [ -2.9497722, 43.2418721 ], [ -2.9497363, 43.2420071 ], [ -2.9497155, 43.2421422 ], [ -2.9496822, 43.2422817 ], [ -2.9496128, 43.2424212 ], [ -2.949528, 43.2425833 ], [ -2.9494174, 43.2427859 ], [ -2.9493198, 43.2429614 ], [ -2.9492762, 43.2430649 ], [ -2.9492222, 43.243182 ], [ -2.9491891, 43.243263 ], [ -2.9491555, 43.2433396 ], [ -2.9491015, 43.2434206 ], [ -2.9489679, 43.2435601 ], [ -2.948845, 43.2436365 ], [ -2.9487679, 43.2437221 ], [ -2.9487009, 43.2438256 ], [ -2.9486673, 43.2438931 ], [ -2.9486545, 43.2439742 ], [ -2.9486395, 43.2441182 ], [ -2.9486268, 43.2444559 ], [ -2.9486391, 43.2449917 ], [ -2.9486225, 43.2454419 ], [ -2.9486685, 43.2456941 ], [ -2.9487156, 43.2459642 ], [ -2.948699, 43.2461173 ], [ -2.9486862, 43.2462298 ], [ -2.948658, 43.2463424 ], [ -2.9486024, 43.2464639 ] ] ] } },
{ "type": "Feature", "properties": { "CCAA": "16 - País Vasco", "PROVINCIA": "48 - Bizkaia", "MUNICIPIO": "48020 - Bilbao", "COD_MUNICIPIO": "48020", "DISTRITO": "07", "SECCION": "4802007042", "V1_H": 82.11, "V1_M": 87.17, "V2_H": 81.68538902, "V2_M": 87.16795144, "V3_H": 82.5577829, "V3_M": 87.30202001000001 }, "geometry": { "type": "Polygon", "coordinates": [ [ [ -2.9412774, 43.253556 ], [ -2.9415329, 43.2536552 ], [ -2.9417958, 43.2537364 ], [ -2.942029, 43.253795 ], [ -2.9423608, 43.2538807 ], [ -2.942586, 43.2539574 ], [ -2.9427946, 43.2540295 ], [ -2.9433126, 43.2542459 ], [ -2.9435385, 43.2543451 ], [ -2.9438278, 43.2544713 ], [ -2.9440333, 43.254602 ], [ -2.9441672, 43.2546921 ], [ -2.9443954, 43.2548137 ], [ -2.9448544, 43.2542872 ], [ -2.9450621, 43.2540667 ], [ -2.9449194, 43.253936 ], [ -2.9448171, 43.2538099 ], [ -2.9447183, 43.2536838 ], [ -2.9446087, 43.2535172 ], [ -2.9444438, 43.2532875 ], [ -2.9443415, 43.2531478 ], [ -2.9441257, 43.2529361 ], [ -2.9439449, 43.252792 ], [ -2.9436402, 43.2526072 ], [ -2.9433632, 43.2525572 ], [ -2.9430405, 43.2524118 ], [ -2.9424943, 43.2523087 ], [ -2.9421632, 43.2522843 ], [ -2.9419066, 43.2522842 ], [ -2.9416694, 43.252282 ], [ -2.9415338, 43.2527277 ], [ -2.9412774, 43.253556 ] ] ] } },
{ "type": "Feature", "properties": { "CCAA": "16 - País Vasco", "PROVINCIA": "48 - Bizkaia", "MUNICIPIO": "48020 - Bilbao", "COD_MUNICIPIO": "48020", "DISTRITO": "07", "SECCION": "4802007043", "V1_H": 81.57, "V1_M": 86.95, "V2_H": 81.38052192000001, "V2_M": 86.83819346, "V3_H": 81.78107492, "V3_M": 87.15502078 }, "geometry": { "type": "Polygon", "coordinates": [ [ [ -2.9374827, 43.2534279 ], [ -2.9379129, 43.2536713 ], [ -2.9382821, 43.2536445 ], [ -2.9384708, 43.253622 ], [ -2.9385952, 43.2535411 ], [ -2.9388297, 43.2535322 ], [ -2.9394191, 43.2535235 ], [ -2.9397248, 43.2535192 ], [ -2.9399985, 43.2535148 ], [ -2.9402577, 43.2535015 ], [ -2.940382, 43.253497 ], [ -2.9404782, 43.2534745 ], [ -2.9407585, 43.2534837 ], [ -2.9409913, 43.253514 ], [ -2.9410714, 43.2535244 ], [ -2.9412774, 43.253556 ], [ -2.9415338, 43.2527277 ], [ -2.9416694, 43.252282 ], [ -2.9414276, 43.2522414 ], [ -2.9411197, 43.2521827 ], [ -2.9406319, 43.2521825 ], [ -2.9401915, 43.2522092 ], [ -2.9398431, 43.2522316 ], [ -2.9395559, 43.2522314 ], [ -2.9392121, 43.2522042 ], [ -2.9390051, 43.2521591 ], [ -2.9388915, 43.2521275 ], [ -2.9390635, 43.2530596 ], [ -2.9376727, 43.2532119 ], [ -2.937581, 43.2533154 ], [ -2.9374827, 43.2534279 ] ] ] } },
{ "type": "Feature", "properties": { "CCAA": "16 - País Vasco", "PROVINCIA": "48 - Bizkaia", "MUNICIPIO": "48020 - Bilbao", "COD_MUNICIPIO": "48020", "DISTRITO": "08", "SECCION": "4802008014", "V1_H": 81.37, "V1_M": 86.85, "V2_H": 81.08688328, "V2_M": 86.76748373, "V3_H": 81.75507894, "V3_M": 87.07522296 }, "geometry": { "type": "Polygon", "coordinates": [ [ [ -2.9542037, 43.2588584 ], [ -2.9543971, 43.2590009 ], [ -2.9546769, 43.2591766 ], [ -2.9549247, 43.2592982 ], [ -2.9551807, 43.2594199 ], [ -2.9555329, 43.2595281 ], [ -2.9560244, 43.2596634 ], [ -2.9565638, 43.2597986 ], [ -2.9570149, 43.2599339 ], [ -2.9574087, 43.2600961 ], [ -2.9576723, 43.2602493 ], [ -2.9581242, 43.2605646 ], [ -2.9582962, 43.2606908 ], [ -2.9596159, 43.2591785 ], [ -2.9593769, 43.2591108 ], [ -2.9591251, 43.2589937 ], [ -2.9589331, 43.258863 ], [ -2.9587257, 43.2586514 ], [ -2.9586096, 43.2584667 ], [ -2.9585354, 43.2582821 ], [ -2.9584069, 43.2581109 ], [ -2.9583921, 43.258097 ], [ -2.9571613, 43.2582341 ], [ -2.9559624, 43.2584284 ], [ -2.9547734, 43.258619 ], [ -2.9542037, 43.2588584 ] ] ] } },
{ "type": "Feature", "properties": { "CCAA": "16 - País Vasco", "PROVINCIA": "48 - Bizkaia", "MUNICIPIO": "48020 - Bilbao", "COD_MUNICIPIO": "48020", "DISTRITO": "08", "SECCION": "4802008015", "V1_H": 81.72, "V1_M": 86.96, "V2_H": 81.44760383000001, "V2_M": 86.83587728000001, "V3_H": 82.03657934, "V3_M": 87.26058658 }, "geometry": { "type": "Polygon", "coordinates": [ [ [ -2.9546556, 43.2607659 ], [ -2.9547992, 43.2608335 ], [ -2.9549824, 43.2609371 ], [ -2.9551367, 43.2610587 ], [ -2.9556718, 43.2616398 ], [ -2.9560547, 43.2620271 ], [ -2.956628, 43.2625721 ], [ -2.9568608, 43.2628153 ], [ -2.957052, 43.2629955 ], [ -2.9571829, 43.2630901 ], [ -2.9573199, 43.2631666 ], [ -2.9574985, 43.2632162 ], [ -2.957718, 43.2632569 ], [ -2.9579717, 43.2632795 ], [ -2.9582224, 43.263302 ], [ -2.9584657, 43.2633067 ], [ -2.9586613, 43.2633157 ], [ -2.9588657, 43.2633518 ], [ -2.9590644, 43.2634149 ], [ -2.9591887, 43.2634645 ], [ -2.9600863, 43.262857 ], [ -2.9596808, 43.2623661 ], [ -2.9590914, 43.2615645 ], [ -2.9587925, 43.2611727 ], [ -2.9584832, 43.2608709 ], [ -2.9582962, 43.2606908 ], [ -2.9581242, 43.2605646 ], [ -2.9576723, 43.2602493 ], [ -2.9574087, 43.2600961 ], [ -2.9570149, 43.2599339 ], [ -2.9565638, 43.2597986 ], [ -2.9560244, 43.2596634 ], [ -2.9555329, 43.2595281 ], [ -2.9551807, 43.2594199 ], [ -2.9549247, 43.2592982 ], [ -2.9546769, 43.2591766 ], [ -2.9543971, 43.2590009 ], [ -2.9542037, 43.2588584 ], [ -2.954073, 43.2587621 ], [ -2.9538253, 43.2585234 ], [ -2.9535933, 43.2582532 ], [ -2.9533976, 43.2579424 ], [ -2.9532792, 43.2577037 ], [ -2.9531939, 43.2575506 ], [ -2.953122, 43.25742 ], [ -2.9530181, 43.2572444 ], [ -2.9529023, 43.2570958 ], [ -2.9527685, 43.2569291 ], [ -2.9526904, 43.2568481 ], [ -2.9525427, 43.2567219 ], [ -2.9523576, 43.2566093 ], [ -2.9521666, 43.2564896 ], [ -2.9521348, 43.2564697 ], [ -2.9518969, 43.256357 ], [ -2.9517226, 43.2562714 ], [ -2.951487, 43.2562037 ], [ -2.951223, 43.2561451 ], [ -2.950915, 43.2560684 ], [ -2.9504953, 43.2561673 ], [ -2.9506499, 43.2562844 ], [ -2.9508377, 43.2564781 ], [ -2.9509569, 43.2566267 ], [ -2.9510915, 43.2568429 ], [ -2.951163, 43.2570095 ], [ -2.951289, 43.2573382 ], [ -2.9513785, 43.2575589 ], [ -2.9515142, 43.2578921 ], [ -2.9516601, 43.2582704 ], [ -2.9518546, 43.2586666 ], [ -2.9519538, 43.2588423 ], [ -2.9518702, 43.2589638 ], [ -2.9516089, 43.2588376 ], [ -2.9513818, 43.258716 ], [ -2.951214, 43.2586348 ], [ -2.9511985, 43.2587204 ], [ -2.9518231, 43.2591754 ], [ -2.9525965, 43.259707 ], [ -2.9529571, 43.2599593 ], [ -2.9531945, 43.2601485 ], [ -2.9534432, 43.2602881 ], [ -2.9538273, 43.2604414 ], [ -2.9541337, 43.2605586 ], [ -2.9544047, 43.2606667 ], [ -2.9546556, 43.2607659 ] ] ] } },
{ "type": "Feature", "properties": { "CCAA": "16 - País Vasco", "PROVINCIA": "48 - Bizkaia", "MUNICIPIO": "48020 - Bilbao", "COD_MUNICIPIO": "48020", "DISTRITO": "06", "SECCION": "4802006045", "V1_H": 82.27, "V1_M": 87.07, "V2_H": 81.979544, "V2_M": 86.90367115, "V3_H": 82.63571561000001, "V3_M": 87.32539334000001 }, "geometry": { "type": "Polygon", "coordinates": [ [ [ -2.9412726, 43.2588237 ], [ -2.9432963, 43.2592435 ], [ -2.9435818, 43.2586133 ], [ -2.9439099, 43.2577175 ], [ -2.9435966, 43.2576948 ], [ -2.941506, 43.2575947 ], [ -2.9415023, 43.2582431 ], [ -2.9412726, 43.2588237 ] ] ] } },
{ "type": "Feature", "properties": { "CCAA": "16 - País Vasco", "PROVINCIA": "48 - Bizkaia", "MUNICIPIO": "48020 - Bilbao", "COD_MUNICIPIO": "48020", "DISTRITO": "07", "SECCION": "4802007013", "V1_H": 81.72, "V1_M": 86.96, "V2_H": 81.44760383000001, "V2_M": 86.83587728000001, "V3_H": 82.03657934, "V3_M": 87.26058658 }, "geometry": { "type": "Polygon", "coordinates": [ [ [ -2.9389532, 43.2566119 ], [ -2.9400693, 43.256671 ], [ -2.9401378, 43.2559101 ], [ -2.9408196, 43.2559285 ], [ -2.9408242, 43.2555728 ], [ -2.942733, 43.2555783 ], [ -2.9431484, 43.2555785 ], [ -2.9435226, 43.2556282 ], [ -2.9439153, 43.2552367 ], [ -2.9442147, 43.2549667 ], [ -2.9443954, 43.2548137 ], [ -2.9441672, 43.2546921 ], [ -2.9440333, 43.254602 ], [ -2.9438278, 43.2544713 ], [ -2.9435385, 43.2543451 ], [ -2.9433126, 43.2542459 ], [ -2.9427946, 43.2540295 ], [ -2.942586, 43.2539574 ], [ -2.9423608, 43.2538807 ], [ -2.942029, 43.253795 ], [ -2.9417958, 43.2537364 ], [ -2.9415329, 43.2536552 ], [ -2.9412774, 43.253556 ], [ -2.9410714, 43.2535244 ], [ -2.9409913, 43.253514 ], [ -2.9404307, 43.2543695 ], [ -2.9378414, 43.2548494 ], [ -2.9378412, 43.2548554 ], [ -2.9377352, 43.2549228 ], [ -2.9375558, 43.2549452 ], [ -2.9373899, 43.2549586 ], [ -2.9372012, 43.2550081 ], [ -2.937049, 43.2550935 ], [ -2.9369476, 43.255188 ], [ -2.9368643, 43.2553276 ], [ -2.9367721, 43.2555346 ], [ -2.9366464, 43.2557417 ], [ -2.9364354, 43.2560702 ], [ -2.9371724, 43.2560121 ], [ -2.9376276, 43.2559583 ], [ -2.938512, 43.2559003 ], [ -2.9384886, 43.2565891 ], [ -2.9389532, 43.2566119 ] ] ] } },
{ "type": "Feature", "properties": { "CCAA": "16 - País Vasco", "PROVINCIA": "48 - Bizkaia", "MUNICIPIO": "48020 - Bilbao", "COD_MUNICIPIO": "48020", "DISTRITO": "07", "SECCION": "4802007015", "V1_H": 80.01, "V1_M": 85.88, "V2_H": 79.90171161000001, "V2_M": 85.93881404, "V3_H": 80.29104055000001, "V3_M": 85.88520273 }, "geometry": { "type": "Polygon", "coordinates": [ [ [ -2.9344787, 43.2548445 ], [ -2.9349794, 43.2549843 ], [ -2.9346835, 43.2555514 ], [ -2.9358463, 43.2558267 ], [ -2.9364624, 43.2546249 ], [ -2.9349098, 43.2541873 ], [ -2.9347833, 43.2544034 ], [ -2.9346776, 43.2546104 ], [ -2.9344787, 43.2548445 ] ] ] } },
{ "type": "Feature", "properties": { "CCAA": "16 - País Vasco", "PROVINCIA": "48 - Bizkaia", "MUNICIPIO": "48020 - Bilbao", "COD_MUNICIPIO": "48020", "DISTRITO": "07", "SECCION": "4802007032", "V1_H": 80.3, "V1_M": 86.18, "V2_H": 80.25682951, "V2_M": 86.26310791, "V3_H": 80.49886239, "V3_M": 86.29802272000001 }, "geometry": { "type": "Polygon", "coordinates": [ [ [ -2.9452014, 43.2515679 ], [ -2.9453354, 43.2515995 ], [ -2.9457314, 43.2517213 ], [ -2.9465032, 43.2518207 ], [ -2.9465817, 43.251393 ], [ -2.9467824, 43.2504341 ], [ -2.9468593, 43.2500109 ], [ -2.9469336, 43.2496733 ], [ -2.9469363, 43.2496013 ], [ -2.9469002, 43.2495157 ], [ -2.9467882, 43.2494436 ], [ -2.9465678, 43.2492949 ], [ -2.9462531, 43.2490922 ], [ -2.946088, 43.2489885 ], [ -2.9460212, 43.2491911 ], [ -2.9458622, 43.250042 ], [ -2.9457993, 43.2503121 ], [ -2.944763, 43.250208 ], [ -2.9447279, 43.2503206 ], [ -2.9447155, 43.2503746 ], [ -2.9447124, 43.2504556 ], [ -2.9447281, 43.2505142 ], [ -2.9447596, 43.2505952 ], [ -2.9447738, 43.2506538 ], [ -2.9447903, 43.2507213 ], [ -2.9447656, 43.2507843 ], [ -2.9447313, 43.2508294 ], [ -2.9446585, 43.2508834 ], [ -2.9447477, 43.2509959 ], [ -2.9448619, 43.2511491 ], [ -2.9452014, 43.2515679 ] ] ] } },
{ "type": "Feature", "properties": { "CCAA": "16 - País Vasco", "PROVINCIA": "48 - Bizkaia", "MUNICIPIO": "48020 - Bilbao", "COD_MUNICIPIO": "48020", "DISTRITO": "07", "SECCION": "4802007034", "V1_H": 79.81, "V1_M": 85.63, "V2_H": 79.83092799000001, "V2_M": 85.85143097, "V3_H": 80.00184088, "V3_M": 85.62912109 }, "geometry": { "type": "Polygon", "coordinates": [ [ [ -2.9425135, 43.2487662 ], [ -2.9423034, 43.2487525 ], [ -2.9419196, 43.2487118 ], [ -2.9416562, 43.2488333 ], [ -2.9412976, 43.2489952 ], [ -2.9411043, 43.2490716 ], [ -2.9408744, 43.249112 ], [ -2.9405703, 43.2491479 ], [ -2.9403624, 43.2491658 ], [ -2.9403856, 43.2494404 ], [ -2.9405074, 43.2497061 ], [ -2.9406973, 43.2499088 ], [ -2.9428434, 43.2508194 ], [ -2.9433429, 43.2510403 ], [ -2.9435226, 43.2511169 ], [ -2.9436808, 43.251162 ], [ -2.9438463, 43.2512116 ], [ -2.9440476, 43.2512387 ], [ -2.9442177, 43.2512433 ], [ -2.9444826, 43.2512389 ], [ -2.9446443, 43.251212 ], [ -2.9448619, 43.2511491 ], [ -2.9447477, 43.2509959 ], [ -2.9446585, 43.2508834 ], [ -2.9445435, 43.2507302 ], [ -2.9443708, 43.2505455 ], [ -2.9441781, 43.2503563 ], [ -2.9439943, 43.2501896 ], [ -2.9438216, 43.25005 ], [ -2.9433527, 43.2496851 ], [ -2.9430084, 43.2493563 ], [ -2.9428238, 43.24914 ], [ -2.9426362, 43.2489103 ], [ -2.9425135, 43.2487662 ] ] ] } },
{ "type": "Feature", "properties": { "CCAA": "16 - País Vasco", "PROVINCIA": "48 - Bizkaia", "MUNICIPIO": "48020 - Bilbao", "COD_MUNICIPIO": "48020", "DISTRITO": "08", "SECCION": "4802008006", "V1_H": 79.73, "V1_M": 85.7, "V2_H": 79.65450701, "V2_M": 85.67937417, "V3_H": 79.92768478000001, "V3_M": 85.93517811 }, "geometry": { "type": "Polygon", "coordinates": [ [ [ -2.9693187, 43.2737825 ], [ -2.9695327, 43.2739267 ], [ -2.9698761, 43.2741248 ], [ -2.9702357, 43.2742735 ], [ -2.9706358, 43.2743817 ], [ -2.9711437, 43.2744674 ], [ -2.9716767, 43.2744855 ], [ -2.9719814, 43.2744586 ], [ -2.9722895, 43.2744316 ], [ -2.9726261, 43.2743912 ], [ -2.9730224, 43.2743418 ], [ -2.9732465, 43.2743193 ], [ -2.9729551, 43.2739951 ], [ -2.972889, 43.2737159 ], [ -2.9727898, 43.2733872 ], [ -2.9723838, 43.2729414 ], [ -2.97229, 43.2724596 ], [ -2.9721252, 43.2725676 ], [ -2.9719286, 43.2727117 ], [ -2.9716802, 43.2728692 ], [ -2.9713432, 43.2729501 ], [ -2.9710505, 43.2730131 ], [ -2.9706707, 43.273049 ], [ -2.9703503, 43.273058 ], [ -2.9700133, 43.2731074 ], [ -2.9698049, 43.2731839 ], [ -2.9693187, 43.2737825 ] ] ] } },
{ "type": "Feature", "properties": { "CCAA": "16 - País Vasco", "PROVINCIA": "48 - Bizkaia", "MUNICIPIO": "48020 - Bilbao", "COD_MUNICIPIO": "48020", "DISTRITO": "08", "SECCION": "4802008008", "V1_H": 80.38, "V1_M": 86.41, "V2_H": 80.21151379, "V2_M": 86.36716419, "V3_H": 80.6951312, "V3_M": 86.59024448 }, "geometry": { "type": "Polygon", "coordinates": [ [ [ -2.9736408, 43.2771559 ], [ -2.9746108, 43.2774217 ], [ -2.9770496, 43.2781606 ], [ -2.9771724, 43.2781967 ], [ -2.977218, 43.2780616 ], [ -2.9770529, 43.2775708 ], [ -2.9764782, 43.2767828 ], [ -2.9762886, 43.2760984 ], [ -2.9771817, 43.2743112 ], [ -2.9773178, 43.2738295 ], [ -2.9773735, 43.2731677 ], [ -2.9773697, 43.2731361 ], [ -2.9773527, 43.2730866 ], [ -2.9773154, 43.2730236 ], [ -2.9770413, 43.2726813 ], [ -2.9764881, 43.2721545 ], [ -2.9753464, 43.2709206 ], [ -2.9753176, 43.2708936 ], [ -2.9746484, 43.2697588 ], [ -2.9736508, 43.2675615 ], [ -2.9734616, 43.2669221 ], [ -2.97301, 43.2669625 ], [ -2.972678, 43.2669939 ], [ -2.9723946, 43.2670074 ], [ -2.9720761, 43.2670163 ], [ -2.9717311, 43.2670432 ], [ -2.9715043, 43.2670702 ], [ -2.9713518, 43.2671287 ], [ -2.9713863, 43.2673043 ], [ -2.9714278, 43.2674258 ], [ -2.9714367, 43.2675699 ], [ -2.9714408, 43.2677275 ], [ -2.9713317, 43.2679301 ], [ -2.9710894, 43.2681371 ], [ -2.9709299, 43.2682766 ], [ -2.9708429, 43.2683576 ], [ -2.9707947, 43.2684792 ], [ -2.9708316, 43.2686053 ], [ -2.9708904, 43.2687584 ], [ -2.9708861, 43.2688214 ], [ -2.9708622, 43.268898 ], [ -2.9708249, 43.268943 ], [ -2.9707509, 43.2689924 ], [ -2.9706372, 43.2690509 ], [ -2.9705259, 43.269087 ], [ -2.970395, 43.2691139 ], [ -2.9702838, 43.2691319 ], [ -2.9701224, 43.2691409 ], [ -2.9699764, 43.2691409 ], [ -2.9700788, 43.2692579 ], [ -2.9701658, 43.2693795 ], [ -2.9701943, 43.2694741 ], [ -2.9701984, 43.2695461 ], [ -2.9701918, 43.2696361 ], [ -2.9701721, 43.2697667 ], [ -2.970149, 43.2698658 ], [ -2.9701173, 43.2699513 ], [ -2.9700842, 43.2700458 ], [ -2.9700607, 43.2701449 ], [ -2.970041, 43.2702394 ], [ -2.9700432, 43.2702935 ], [ -2.9700671, 43.270343 ], [ -2.9701325, 43.2704015 ], [ -2.9702241, 43.2704646 ], [ -2.9703836, 43.2705276 ], [ -2.9704948, 43.2705997 ], [ -2.9705298, 43.2706853 ], [ -2.9705922, 43.2707258 ], [ -2.9707512, 43.2708069 ], [ -2.9708224, 43.2708564 ], [ -2.9708859, 43.2708925 ], [ -2.9710195, 43.2710051 ], [ -2.9712554, 43.2712077 ], [ -2.9713675, 43.2713248 ], [ -2.971389, 43.2714149 ], [ -2.9713705, 43.2715139 ], [ -2.9713515, 43.271667 ], [ -2.9717742, 43.2719057 ], [ -2.9720445, 43.2720679 ], [ -2.9721908, 43.2722255 ], [ -2.97229, 43.2724596 ], [ -2.9723838, 43.2729414 ], [ -2.9727898, 43.2733872 ], [ -2.972889, 43.2737159 ], [ -2.9729551, 43.2739951 ], [ -2.9732465, 43.2743193 ], [ -2.973473, 43.2743824 ], [ -2.9733327, 43.274594 ], [ -2.9732799, 43.2746435 ], [ -2.9743349, 43.2750355 ], [ -2.975449, 43.2754094 ], [ -2.9755078, 43.2755985 ], [ -2.9751502, 43.2761252 ], [ -2.9749483, 43.2763503 ], [ -2.9746959, 43.2765483 ], [ -2.973855, 43.2769578 ], [ -2.9736408, 43.2771559 ] ] ] } },
{ "type": "Feature", "properties": { "CCAA": "16 - País Vasco", "PROVINCIA": "48 - Bizkaia", "MUNICIPIO": "48020 - Bilbao", "COD_MUNICIPIO": "48020", "DISTRITO": "08", "SECCION": "4802008023", "V1_H": 80.74, "V1_M": 86.31, "V2_H": 80.60059228, "V2_M": 86.16828649, "V3_H": 80.96013544, "V3_M": 86.56561146 }, "geometry": { "type": "Polygon", "coordinates": [ [ [ -2.9500631, 43.2572791 ], [ -2.9502395, 43.257761 ], [ -2.9513785, 43.2575589 ], [ -2.951289, 43.2573382 ], [ -2.951163, 43.2570095 ], [ -2.9510915, 43.2568429 ], [ -2.9509569, 43.2566267 ], [ -2.9508377, 43.2564781 ], [ -2.9506499, 43.2562844 ], [ -2.9504953, 43.2561673 ], [ -2.9503899, 43.2560907 ], [ -2.9500266, 43.2558924 ], [ -2.9494446, 43.2557616 ], [ -2.9500631, 43.2572791 ] ] ] } },
{ "type": "Feature", "properties": { "CCAA": "16 - País Vasco", "PROVINCIA": "48 - Bizkaia", "MUNICIPIO": "48020 - Bilbao", "COD_MUNICIPIO": "48020", "DISTRITO": "08", "SECCION": "4802008025", "V1_H": 81.47, "V1_M": 86.8, "V2_H": 81.3148143, "V2_M": 86.48589846, "V3_H": 81.69126572, "V3_M": 87.1320201 }, "geometry": { "type": "Polygon", "coordinates": [ [ [ -2.9521666, 43.2564896 ], [ -2.9523576, 43.2566093 ], [ -2.9525427, 43.2567219 ], [ -2.9526904, 43.2568481 ], [ -2.9527685, 43.2569291 ], [ -2.9529023, 43.2570958 ], [ -2.9530181, 43.2572444 ], [ -2.953122, 43.25742 ], [ -2.9531939, 43.2575506 ], [ -2.9532792, 43.2577037 ], [ -2.9533976, 43.2579424 ], [ -2.9535933, 43.2582532 ], [ -2.9538253, 43.2585234 ], [ -2.954073, 43.2587621 ], [ -2.9542037, 43.2588584 ], [ -2.9547734, 43.258619 ], [ -2.9559624, 43.2584284 ], [ -2.9571613, 43.2582341 ], [ -2.9583921, 43.258097 ], [ -2.958278, 43.2579894 ], [ -2.958168, 43.2578678 ], [ -2.9580414, 43.2577506 ], [ -2.9579441, 43.2576245 ], [ -2.9578764, 43.257548 ], [ -2.9577878, 43.2574849 ], [ -2.9576227, 43.2574353 ], [ -2.957409, 43.2574217 ], [ -2.9571469, 43.2574171 ], [ -2.9569609, 43.25739 ], [ -2.9568212, 43.257354 ], [ -2.9566245, 43.2572999 ], [ -2.9564767, 43.2572368 ], [ -2.9563412, 43.2571557 ], [ -2.95613, 43.256998 ], [ -2.955933, 43.2568089 ], [ -2.9558195, 43.2566828 ], [ -2.9558129, 43.2566713 ], [ -2.9543671, 43.2565789 ], [ -2.9545468, 43.2560406 ], [ -2.9544918, 43.2558052 ], [ -2.9534284, 43.2559119 ], [ -2.9530884, 43.2559928 ], [ -2.9530902, 43.2559892 ], [ -2.9521666, 43.2564896 ] ] ] } },
{ "type": "Feature", "properties": { "CCAA": "16 - País Vasco", "PROVINCIA": "48 - Bizkaia", "MUNICIPIO": "48020 - Bilbao", "COD_MUNICIPIO": "48020", "DISTRITO": "06", "SECCION": "4802006021", "V1_H": 82.5, "V1_M": 87.29, "V2_H": 82.15783722, "V2_M": 87.30677587, "V3_H": 82.90083825000001, "V3_M": 87.37512967000001 }, "geometry": { "type": "Polygon", "coordinates": [ [ [ -2.9396007, 43.2628614 ], [ -2.9416437, 43.2632857 ], [ -2.9420255, 43.2623359 ], [ -2.9400298, 43.2618892 ], [ -2.9396007, 43.2628614 ] ] ] } },
{ "type": "Feature", "properties": { "CCAA": "16 - País Vasco", "PROVINCIA": "48 - Bizkaia", "MUNICIPIO": "48020 - Bilbao", "COD_MUNICIPIO": "48020", "DISTRITO": "06", "SECCION": "4802006023", "V1_H": 82.27, "V1_M": 87.07, "V2_H": 81.979544, "V2_M": 86.90367115, "V3_H": 82.63571561000001, "V3_M": 87.32539334000001 }, "geometry": { "type": "Polygon", "coordinates": [ [ [ -2.9438394, 43.2627376 ], [ -2.9460338, 43.2631934 ], [ -2.9463965, 43.2623111 ], [ -2.9442206, 43.2618418 ], [ -2.9438394, 43.2627376 ] ] ] } },
{ "type": "Feature", "properties": { "CCAA": "16 - País Vasco", "PROVINCIA": "48 - Bizkaia", "MUNICIPIO": "48020 - Bilbao", "COD_MUNICIPIO": "48020", "DISTRITO": "07", "SECCION": "4802007001", "V1_H": 81.9, "V1_M": 87.09, "V2_H": 81.63118556000001, "V2_M": 87.01244814, "V3_H": 82.24024873, "V3_M": 87.26921271000001 }, "geometry": { "type": "Polygon", "coordinates": [ [ [ -2.9458387, 43.2578085 ], [ -2.9460847, 43.2578131 ], [ -2.9460887, 43.257696 ], [ -2.9460248, 43.2573133 ], [ -2.9459724, 43.2568856 ], [ -2.9459383, 43.2567325 ], [ -2.9450087, 43.2569526 ], [ -2.9443259, 43.2571369 ], [ -2.9445898, 43.2577583 ], [ -2.9458387, 43.2578085 ] ] ] } },
{ "type": "Feature", "properties": { "CCAA": "16 - País Vasco", "PROVINCIA": "48 - Bizkaia", "MUNICIPIO": "48020 - Bilbao", "COD_MUNICIPIO": "48020", "DISTRITO": "07", "SECCION": "4802007008", "V1_H": 81.4, "V1_M": 86.8, "V2_H": 81.08162797, "V2_M": 86.57651574, "V3_H": 81.67802952, "V3_M": 87.10412253 }, "geometry": { "type": "Polygon", "coordinates": [ [ [ -2.9370833, 43.2573627 ], [ -2.9376695, 43.2574081 ], [ -2.9388808, 43.2574672 ], [ -2.9389532, 43.2566119 ], [ -2.9384886, 43.2565891 ], [ -2.938512, 43.2559003 ], [ -2.9376276, 43.2559583 ], [ -2.9371724, 43.2560121 ], [ -2.9371326, 43.2565388 ], [ -2.9370833, 43.2573627 ] ] ] } },
{ "type": "Feature", "properties": { "CCAA": "16 - País Vasco", "PROVINCIA": "48 - Bizkaia", "MUNICIPIO": "48020 - Bilbao", "COD_MUNICIPIO": "48020", "DISTRITO": "07", "SECCION": "4802007036", "V1_H": 79.57, "V1_M": 85.52, "V2_H": 79.5571672, "V2_M": 85.61629353, "V3_H": 79.73611669, "V3_M": 85.61269153000001 }, "geometry": { "type": "Polygon", "coordinates": [ [ [ -2.950202, 43.2485987 ], [ -2.9502932, 43.2486213 ], [ -2.9504676, 43.2486934 ], [ -2.9507323, 43.2488196 ], [ -2.9511937, 43.2490224 ], [ -2.9513476, 43.249144 ], [ -2.9514964, 43.2493422 ], [ -2.9516899, 43.2495178 ], [ -2.9519553, 43.2497476 ], [ -2.9525109, 43.2502026 ], [ -2.9527108, 43.2500586 ], [ -2.9537122, 43.2499374 ], [ -2.9551933, 43.2497534 ], [ -2.9553175, 43.2499201 ], [ -2.955469, 43.2500597 ], [ -2.9593649, 43.2500612 ], [ -2.9604371, 43.2487919 ], [ -2.9612123, 43.2477206 ], [ -2.9609675, 43.2476755 ], [ -2.9607685, 43.2476349 ], [ -2.9605445, 43.2476033 ], [ -2.9602523, 43.2475627 ], [ -2.9599975, 43.2475806 ], [ -2.9597084, 43.2475805 ], [ -2.9594005, 43.2476029 ], [ -2.9590809, 43.2475713 ], [ -2.9588477, 43.2475397 ], [ -2.9585647, 43.2474991 ], [ -2.9582757, 43.2474719 ], [ -2.9579643, 43.2473863 ], [ -2.9576468, 43.2472826 ], [ -2.9573351, 43.2471429 ], [ -2.9570049, 43.2469762 ], [ -2.9567991, 43.2468365 ], [ -2.9566214, 43.2466834 ], [ -2.9565052, 43.2465077 ], [ -2.9563145, 43.2462961 ], [ -2.9561429, 43.2461384 ], [ -2.9559737, 43.2459357 ], [ -2.9558326, 43.2457061 ], [ -2.9557165, 43.2454629 ], [ -2.9555969, 43.2452152 ], [ -2.955471, 43.2449135 ], [ -2.9554387, 43.2447064 ], [ -2.9554165, 43.2446074 ], [ -2.9553597, 43.2444362 ], [ -2.9552939, 43.2443326 ], [ -2.9552096, 43.2442831 ], [ -2.9551072, 43.2442786 ], [ -2.9550075, 43.2442785 ], [ -2.9549363, 43.2443055 ], [ -2.9548558, 43.2443505 ], [ -2.954763, 43.2444225 ], [ -2.9547137, 43.244481 ], [ -2.954677, 43.244598 ], [ -2.9546157, 43.2447646 ], [ -2.9545702, 43.2449222 ], [ -2.9544996, 43.2451112 ], [ -2.9544441, 43.2451923 ], [ -2.954327, 43.2453588 ], [ -2.9541944, 43.2455298 ], [ -2.9540803, 43.2456829 ], [ -2.9539601, 43.2458674 ], [ -2.9538368, 43.246043 ], [ -2.9537658, 43.2461555 ], [ -2.9537292, 43.24625 ], [ -2.9537419, 43.246295 ], [ -2.9537669, 43.2463581 ], [ -2.9537861, 43.2464301 ], [ -2.9537864, 43.2465112 ], [ -2.9537621, 43.2465742 ], [ -2.9537004, 43.2466642 ], [ -2.9536261, 43.2467542 ], [ -2.9535179, 43.2468217 ], [ -2.9534093, 43.2468487 ], [ -2.9532726, 43.2468712 ], [ -2.9531363, 43.2468936 ], [ -2.9529314, 43.2469881 ], [ -2.9526681, 43.247114 ], [ -2.9525225, 43.247186 ], [ -2.952355, 43.247249 ], [ -2.9522306, 43.2472714 ], [ -2.9520662, 43.2473029 ], [ -2.9519018, 43.2473388 ], [ -2.9517155, 43.2473568 ], [ -2.9515588, 43.2473747 ], [ -2.9514049, 43.2473386 ], [ -2.9513302, 43.2473161 ], [ -2.9512894, 43.2472845 ], [ -2.9512767, 43.247235 ], [ -2.9512733, 43.247172 ], [ -2.9512792, 43.2470819 ], [ -2.951322, 43.2469649 ], [ -2.9514508, 43.2467083 ], [ -2.9515032, 43.2466003 ], [ -2.9515399, 43.2465012 ], [ -2.9515395, 43.2464562 ], [ -2.9514803, 43.2464067 ], [ -2.9514337, 43.2463616 ], [ -2.9513433, 43.2463391 ], [ -2.9512471, 43.2463345 ], [ -2.9511508, 43.2463615 ], [ -2.951036, 43.2464065 ], [ -2.9508493, 43.2464919 ], [ -2.9505897, 43.2466179 ], [ -2.9502736, 43.2467528 ], [ -2.9500784, 43.2468293 ], [ -2.9499078, 43.2468742 ], [ -2.9497711, 43.2468966 ], [ -2.9496268, 43.2468786 ], [ -2.9494932, 43.246802 ], [ -2.9493448, 43.2467119 ], [ -2.9492147, 43.2466488 ], [ -2.9490851, 43.2465812 ], [ -2.9488772, 43.2465361 ], [ -2.948699, 43.2464955 ], [ -2.9486024, 43.2464639 ], [ -2.9485727, 43.2465224 ], [ -2.9485172, 43.2466349 ], [ -2.9484759, 43.246734 ], [ -2.9484088, 43.246869 ], [ -2.9483645, 43.246941 ], [ -2.9482901, 43.2470536 ], [ -2.9482492, 43.2471256 ], [ -2.948186, 43.2472201 ], [ -2.9480743, 43.2473461 ], [ -2.9479591, 43.2474676 ], [ -2.9478404, 43.2475711 ], [ -2.9477326, 43.2476746 ], [ -2.9475134, 43.2478501 ], [ -2.9473624, 43.2479536 ], [ -2.9473119, 43.2479896 ], [ -2.9472484, 43.2480391 ], [ -2.9473479, 43.2482282 ], [ -2.9477354, 43.248341 ], [ -2.9485202, 43.2485169 ], [ -2.9488158, 43.2485306 ], [ -2.9489017, 43.2485081 ], [ -2.9489091, 43.2484181 ], [ -2.9489127, 43.248238 ], [ -2.9490844, 43.248229 ], [ -2.9492896, 43.2482246 ], [ -2.9492709, 43.2479635 ], [ -2.9492605, 43.2476303 ], [ -2.9492786, 43.2475583 ], [ -2.9493233, 43.2475223 ], [ -2.9494388, 43.2474863 ], [ -2.9495189, 43.2474638 ], [ -2.9496025, 43.2474369 ], [ -2.9496771, 43.2474279 ], [ -2.9497368, 43.2474414 ], [ -2.949771, 43.2474819 ], [ -2.9499344, 43.2478152 ], [ -2.95006, 43.2480674 ], [ -2.9501634, 43.248216 ], [ -2.9502592, 43.2483736 ], [ -2.950226, 43.2484637 ], [ -2.950202, 43.2485987 ] ] ] } },
{ "type": "Feature", "properties": { "CCAA": "16 - País Vasco", "PROVINCIA": "48 - Bizkaia", "MUNICIPIO": "48020 - Bilbao", "COD_MUNICIPIO": "48020", "DISTRITO": "07", "SECCION": "4802007038", "V1_H": 80.38, "V1_M": 86.41, "V2_H": 80.21151379, "V2_M": 86.36716419, "V3_H": 80.6951312, "V3_M": 86.59024448 }, "geometry": { "type": "Polygon", "coordinates": [ [ [ -2.9425135, 43.2487662 ], [ -2.9426362, 43.2489103 ], [ -2.9428238, 43.24914 ], [ -2.9430084, 43.2493563 ], [ -2.9433527, 43.2496851 ], [ -2.9438216, 43.25005 ], [ -2.9439943, 43.2501896 ], [ -2.9441781, 43.2503563 ], [ -2.9443708, 43.2505455 ], [ -2.9445435, 43.2507302 ], [ -2.9446585, 43.2508834 ], [ -2.9447313, 43.2508294 ], [ -2.9447656, 43.2507843 ], [ -2.9447903, 43.2507213 ], [ -2.9447738, 43.2506538 ], [ -2.9447596, 43.2505952 ], [ -2.9447281, 43.2505142 ], [ -2.9447124, 43.2504556 ], [ -2.9447155, 43.2503746 ], [ -2.9447279, 43.2503206 ], [ -2.944763, 43.250208 ], [ -2.9448506, 43.2500595 ], [ -2.9448922, 43.2499785 ], [ -2.9449142, 43.2498974 ], [ -2.9449232, 43.2498209 ], [ -2.9449144, 43.2497038 ], [ -2.9448837, 43.2495778 ], [ -2.9448392, 43.2494607 ], [ -2.9447685, 43.2493301 ], [ -2.9447243, 43.249213 ], [ -2.9447202, 43.2491049 ], [ -2.9447557, 43.2489834 ], [ -2.9448485, 43.2488799 ], [ -2.944993, 43.2487674 ], [ -2.9451324, 43.248736 ], [ -2.9452521, 43.2487315 ], [ -2.9453719, 43.2487316 ], [ -2.9455224, 43.2487406 ], [ -2.9456951, 43.2487993 ], [ -2.9459349, 43.2488939 ], [ -2.946088, 43.2489885 ], [ -2.9462531, 43.2490922 ], [ -2.9465678, 43.2492949 ], [ -2.9467882, 43.2494436 ], [ -2.9468519, 43.2492951 ], [ -2.9467577, 43.249205 ], [ -2.9468017, 43.2490429 ], [ -2.9468307, 43.2489214 ], [ -2.94686, 43.2487998 ], [ -2.9468748, 43.2486963 ], [ -2.9468952, 43.2486197 ], [ -2.9469188, 43.2484712 ], [ -2.9469451, 43.2483857 ], [ -2.9471277, 43.2481876 ], [ -2.9472484, 43.2480391 ], [ -2.9471537, 43.2480076 ], [ -2.9470798, 43.247985 ], [ -2.9469428, 43.2479849 ], [ -2.9467873, 43.2480029 ], [ -2.9466555, 43.2480253 ], [ -2.9465239, 43.2480433 ], [ -2.9464288, 43.2480477 ], [ -2.9463048, 43.2480342 ], [ -2.9461601, 43.2480026 ], [ -2.9459966, 43.2479305 ], [ -2.9458677, 43.2478358 ], [ -2.9457985, 43.2477413 ], [ -2.9457266, 43.2476557 ], [ -2.9456074, 43.2475071 ], [ -2.9455597, 43.247453 ], [ -2.9456493, 43.2471739 ], [ -2.9457476, 43.2469578 ], [ -2.9458545, 43.2466427 ], [ -2.945943, 43.2463276 ], [ -2.9459917, 43.246116 ], [ -2.9460088, 43.2458684 ], [ -2.9460387, 43.2456298 ], [ -2.9460374, 43.2453551 ], [ -2.9460264, 43.2451075 ], [ -2.9459696, 43.2449094 ], [ -2.945964, 43.2447563 ], [ -2.9459241, 43.2445672 ], [ -2.9459358, 43.2444141 ], [ -2.945966, 43.244243 ], [ -2.9460208, 43.2440765 ], [ -2.946138, 43.2438604 ], [ -2.9462799, 43.2436714 ], [ -2.9464371, 43.2434734 ], [ -2.9466382, 43.2432753 ], [ -2.9468608, 43.2431044 ], [ -2.9471304, 43.2429199 ], [ -2.9473253, 43.2428074 ], [ -2.9477127, 43.242614 ], [ -2.9478894, 43.2425465 ], [ -2.9476141, 43.2422132 ], [ -2.9463598, 43.239975 ], [ -2.9400443, 43.2376666 ], [ -2.9400775, 43.2379098 ], [ -2.9401227, 43.2381304 ], [ -2.9401225, 43.238297 ], [ -2.9401012, 43.2384591 ], [ -2.9400706, 43.2387112 ], [ -2.9400338, 43.2388508 ], [ -2.9399821, 43.2390398 ], [ -2.9398544, 43.2393459 ], [ -2.9397603, 43.2395349 ], [ -2.9396813, 43.23967 ], [ -2.9393589, 43.2402101 ], [ -2.9391704, 43.2405567 ], [ -2.9391368, 43.2406512 ], [ -2.9391278, 43.2407908 ], [ -2.93917, 43.2408718 ], [ -2.9392154, 43.2409439 ], [ -2.9393065, 43.2410115 ], [ -2.9393823, 43.2410565 ], [ -2.9394885, 43.2410926 ], [ -2.9396432, 43.2411152 ], [ -2.9397829, 43.2411063 ], [ -2.9399135, 43.2410703 ], [ -2.940041, 43.2409984 ], [ -2.9401565, 43.2409219 ], [ -2.9402386, 43.2408544 ], [ -2.9403296, 43.2407329 ], [ -2.9404024, 43.2406068 ], [ -2.9404665, 43.2404313 ], [ -2.9404759, 43.2402377 ], [ -2.9405428, 43.239891 ], [ -2.9406126, 43.2397695 ], [ -2.9406888, 43.2397155 ], [ -2.9407766, 43.2396886 ], [ -2.9408829, 43.2396841 ], [ -2.9409833, 43.2397112 ], [ -2.9410922, 43.2397788 ], [ -2.9411498, 43.2398463 ], [ -2.9412106, 43.2399409 ], [ -2.9412682, 43.240085 ], [ -2.9412953, 43.2402966 ], [ -2.941298, 43.2406344 ], [ -2.9413096, 43.2410171 ], [ -2.9412975, 43.2411971 ], [ -2.9412638, 43.2413952 ], [ -2.9412121, 43.2415077 ], [ -2.9410903, 43.2416653 ], [ -2.9409566, 43.2418273 ], [ -2.9407837, 43.2419577 ], [ -2.940586, 43.2421242 ], [ -2.9404744, 43.2421602 ], [ -2.9401486, 43.2422726 ], [ -2.9399992, 43.2423221 ], [ -2.9407546, 43.2429167 ], [ -2.9409265, 43.2430924 ], [ -2.9410392, 43.2432275 ], [ -2.9411826, 43.2433717 ], [ -2.941311, 43.2435159 ], [ -2.9414113, 43.2436825 ], [ -2.9414616, 43.2438085 ], [ -2.9415304, 43.2439167 ], [ -2.9416254, 43.2440112 ], [ -2.9417335, 43.2441239 ], [ -2.941855, 43.244178 ], [ -2.9419673, 43.2442726 ], [ -2.9420827, 43.2443672 ], [ -2.9421611, 43.2444663 ], [ -2.94223, 43.2445699 ], [ -2.9422646, 43.2446419 ], [ -2.942281, 43.244777 ], [ -2.9422566, 43.2449256 ], [ -2.9422048, 43.2450876 ], [ -2.9420359, 43.2454837 ], [ -2.9418885, 43.2457718 ], [ -2.9418518, 43.2459249 ], [ -2.9418806, 43.2460284 ], [ -2.9419152, 43.246114 ], [ -2.9419405, 43.2462041 ], [ -2.9417784, 43.2465957 ], [ -2.9417155, 43.2467848 ], [ -2.9417023, 43.2468838 ], [ -2.9417349, 43.2470819 ], [ -2.9417812, 43.2473521 ], [ -2.9418272, 43.2475457 ], [ -2.942012, 43.2479375 ], [ -2.9420903, 43.2481266 ], [ -2.9422032, 43.2483383 ], [ -2.9422893, 43.2485184 ], [ -2.9425135, 43.2487662 ] ] ] } },
{ "type": "Feature", "properties": { "CCAA": "16 - País Vasco", "PROVINCIA": "48 - Bizkaia", "MUNICIPIO": "48020 - Bilbao", "COD_MUNICIPIO": "48020", "DISTRITO": "08", "SECCION": "4802008002", "V1_H": 80.65, "V1_M": 86.42, "V2_H": 80.32339709, "V2_M": 86.16224497, "V3_H": 80.9318118, "V3_M": 86.73476557 }, "geometry": { "type": "Polygon", "coordinates": [ [ [ -2.9715903, 43.276534 ], [ -2.9731656, 43.2770162 ], [ -2.9736408, 43.2771559 ], [ -2.973855, 43.2769578 ], [ -2.9746959, 43.2765483 ], [ -2.9744649, 43.2764492 ], [ -2.9739185, 43.2762825 ], [ -2.9735696, 43.2761743 ], [ -2.9734098, 43.2761203 ], [ -2.9731745, 43.2760482 ], [ -2.9728507, 43.2759806 ], [ -2.9725691, 43.275976 ], [ -2.9722706, 43.276003 ], [ -2.9722537, 43.276012 ], [ -2.972026, 43.276174 ], [ -2.9717675, 43.2763585 ], [ -2.9715903, 43.276534 ] ] ] } },
{ "type": "Feature", "properties": { "CCAA": "16 - País Vasco", "PROVINCIA": "48 - Bizkaia", "MUNICIPIO": "48020 - Bilbao", "COD_MUNICIPIO": "48020", "DISTRITO": "08", "SECCION": "4802008004", "V1_H": 80.39, "V1_M": 86.24, "V2_H": 80.20629068, "V2_M": 86.34105578, "V3_H": 80.66489809, "V3_M": 86.38520791000001 }, "geometry": { "type": "Polygon", "coordinates": [ [ [ -2.9704628, 43.2761511 ], [ -2.9715903, 43.276534 ], [ -2.9717675, 43.2763585 ], [ -2.972026, 43.276174 ], [ -2.9722537, 43.276012 ], [ -2.9722706, 43.276003 ], [ -2.9725691, 43.275976 ], [ -2.9728507, 43.2759806 ], [ -2.9731745, 43.2760482 ], [ -2.9734098, 43.2761203 ], [ -2.9735696, 43.2761743 ], [ -2.9743349, 43.2750355 ], [ -2.9732799, 43.2746435 ], [ -2.9730152, 43.2749361 ], [ -2.9726688, 43.2751836 ], [ -2.9723676, 43.2753907 ], [ -2.9720355, 43.2755932 ], [ -2.9717073, 43.2757957 ], [ -2.9713082, 43.2760207 ], [ -2.9708498, 43.2761061 ], [ -2.9704628, 43.2761511 ] ] ] } },
{ "type": "Feature", "properties": { "CCAA": "16 - País Vasco", "PROVINCIA": "48 - Bizkaia", "MUNICIPIO": "48020 - Bilbao", "COD_MUNICIPIO": "48020", "DISTRITO": "07", "SECCION": "4802007005", "V1_H": 81.47, "V1_M": 86.95, "V2_H": 81.05678048, "V2_M": 86.75805168, "V3_H": 81.85108408000001, "V3_M": 87.21302779 }, "geometry": { "type": "Polygon", "coordinates": [ [ [ -2.9408196, 43.2559285 ], [ -2.9416285, 43.2559469 ], [ -2.941506, 43.2575947 ], [ -2.9417003, 43.2573427 ], [ -2.942444, 43.2566542 ], [ -2.9434086, 43.2557092 ], [ -2.9435226, 43.2556282 ], [ -2.9431484, 43.2555785 ], [ -2.942733, 43.2555783 ], [ -2.9408242, 43.2555728 ], [ -2.9408196, 43.2559285 ] ] ] } },
{ "type": "Feature", "properties": { "CCAA": "16 - País Vasco", "PROVINCIA": "48 - Bizkaia", "MUNICIPIO": "48020 - Bilbao", "COD_MUNICIPIO": "48020", "DISTRITO": "07", "SECCION": "4802007006", "V1_H": 81.55, "V1_M": 86.88, "V2_H": 81.46298126000001, "V2_M": 86.741846, "V3_H": 81.68783029, "V3_M": 87.18580847 }, "geometry": { "type": "Polygon", "coordinates": [ [ [ -2.9400065, 43.2575309 ], [ -2.941506, 43.2575947 ], [ -2.9416285, 43.2559469 ], [ -2.9408196, 43.2559285 ], [ -2.9401378, 43.2559101 ], [ -2.9400693, 43.256671 ], [ -2.9400065, 43.2575309 ] ] ] } },
{ "type": "Feature", "properties": { "CCAA": "16 - País Vasco", "PROVINCIA": "48 - Bizkaia", "MUNICIPIO": "48020 - Bilbao", "COD_MUNICIPIO": "48020", "DISTRITO": "07", "SECCION": "4802007023", "V1_H": 79.94, "V1_M": 85.93, "V2_H": 80.18978947, "V2_M": 86.02067046000001, "V3_H": 79.89390484, "V3_M": 85.97042077 }, "geometry": { "type": "Polygon", "coordinates": [ [ [ -2.9473961, 43.2538382 ], [ -2.9488804, 43.254136 ], [ -2.9489957, 43.2543251 ], [ -2.9491234, 43.2545098 ], [ -2.9492449, 43.2546764 ], [ -2.949391, 43.2548296 ], [ -2.9495438, 43.2549917 ], [ -2.9496838, 43.2551629 ], [ -2.9498334, 43.2552755 ], [ -2.9499981, 43.2553747 ], [ -2.9501852, 43.2554648 ], [ -2.9503095, 43.2555144 ], [ -2.9504515, 43.2556044 ], [ -2.9501994, 43.2521736 ], [ -2.9497907, 43.2519978 ], [ -2.9495606, 43.2518536 ], [ -2.9492309, 43.2516914 ], [ -2.9490157, 43.2516013 ], [ -2.9485561, 43.2516146 ], [ -2.9481007, 43.2515603 ], [ -2.947603, 43.251506 ], [ -2.9474668, 43.2522173 ], [ -2.947533, 43.2530864 ], [ -2.9474871, 43.2532664 ], [ -2.9473961, 43.2538382 ] ] ] } },
{ "type": "Feature", "properties": { "CCAA": "16 - País Vasco", "PROVINCIA": "48 - Bizkaia", "MUNICIPIO": "48020 - Bilbao", "COD_MUNICIPIO": "48020", "DISTRITO": "07", "SECCION": "4802007026", "V1_H": 80.78, "V1_M": 86.64, "V2_H": 80.55514168000001, "V2_M": 86.45889906, "V3_H": 81.06237696, "V3_M": 86.87120108000001 }, "geometry": { "type": "Polygon", "coordinates": [ [ [ -2.9436402, 43.2526072 ], [ -2.9439449, 43.252792 ], [ -2.9441257, 43.2529361 ], [ -2.9443415, 43.2531478 ], [ -2.9444438, 43.2532875 ], [ -2.9446087, 43.2535172 ], [ -2.9447183, 43.2536838 ], [ -2.9448171, 43.2538099 ], [ -2.9449194, 43.253936 ], [ -2.9450621, 43.2540667 ], [ -2.9451342, 43.2539947 ], [ -2.9455423, 43.2534501 ], [ -2.9460566, 43.252748 ], [ -2.9464401, 43.2522439 ], [ -2.9465032, 43.2518207 ], [ -2.9457314, 43.2517213 ], [ -2.9453354, 43.2515995 ], [ -2.9452014, 43.2515679 ], [ -2.9449855, 43.2515723 ], [ -2.9447572, 43.2515903 ], [ -2.9444392, 43.2516036 ], [ -2.9439475, 43.2515854 ], [ -2.9437554, 43.2516483 ], [ -2.944318, 43.2519097 ], [ -2.9436402, 43.2526072 ] ] ] } },
{ "type": "Feature", "properties": { "CCAA": "16 - País Vasco", "PROVINCIA": "48 - Bizkaia", "MUNICIPIO": "48020 - Bilbao", "COD_MUNICIPIO": "48020", "DISTRITO": "07", "SECCION": "4802007040", "V1_H": 79.33, "V1_M": 85.14, "V2_H": 79.29974376, "V2_M": 85.20981541, "V3_H": 79.50065775, "V3_M": 85.33298389 }, "geometry": { "type": "Polygon", "coordinates": [ [ [ -2.9400443, 43.2376666 ], [ -2.9463598, 43.239975 ], [ -2.9476141, 43.2422132 ], [ -2.9478894, 43.2425465 ], [ -2.9477127, 43.242614 ], [ -2.9473253, 43.2428074 ], [ -2.9471304, 43.2429199 ], [ -2.9468608, 43.2431044 ], [ -2.9466382, 43.2432753 ], [ -2.9464371, 43.2434734 ], [ -2.9462799, 43.2436714 ], [ -2.946138, 43.2438604 ], [ -2.9460208, 43.2440765 ], [ -2.945966, 43.244243 ], [ -2.9459358, 43.2444141 ], [ -2.9459241, 43.2445672 ], [ -2.945964, 43.2447563 ], [ -2.9459696, 43.2449094 ], [ -2.9460264, 43.2451075 ], [ -2.9460374, 43.2453551 ], [ -2.9460387, 43.2456298 ], [ -2.9460088, 43.2458684 ], [ -2.9459917, 43.246116 ], [ -2.945943, 43.2463276 ], [ -2.9458545, 43.2466427 ], [ -2.9457476, 43.2469578 ], [ -2.9456493, 43.2471739 ], [ -2.9455597, 43.247453 ], [ -2.9456074, 43.2475071 ], [ -2.9457266, 43.2476557 ], [ -2.9457985, 43.2477413 ], [ -2.9458677, 43.2478358 ], [ -2.9459966, 43.2479305 ], [ -2.9461601, 43.2480026 ], [ -2.9463048, 43.2480342 ], [ -2.9464288, 43.2480477 ], [ -2.9465239, 43.2480433 ], [ -2.9466555, 43.2480253 ], [ -2.9467873, 43.2480029 ], [ -2.9469428, 43.2479849 ], [ -2.9470798, 43.247985 ], [ -2.9471537, 43.2480076 ], [ -2.9472484, 43.2480391 ], [ -2.9473119, 43.2479896 ], [ -2.9473624, 43.2479536 ], [ -2.9475134, 43.2478501 ], [ -2.9477326, 43.2476746 ], [ -2.9478404, 43.2475711 ], [ -2.9479591, 43.2474676 ], [ -2.9480743, 43.2473461 ], [ -2.948186, 43.2472201 ], [ -2.9482492, 43.2471256 ], [ -2.9482901, 43.2470536 ], [ -2.9483645, 43.246941 ], [ -2.9484088, 43.246869 ], [ -2.9484759, 43.246734 ], [ -2.9485172, 43.2466349 ], [ -2.9485727, 43.2465224 ], [ -2.9486024, 43.2464639 ], [ -2.948658, 43.2463424 ], [ -2.9486862, 43.2462298 ], [ -2.948699, 43.2461173 ], [ -2.9487156, 43.2459642 ], [ -2.9486685, 43.2456941 ], [ -2.9486225, 43.2454419 ], [ -2.9486391, 43.2449917 ], [ -2.9486268, 43.2444559 ], [ -2.9486395, 43.2441182 ], [ -2.9486545, 43.2439742 ], [ -2.9486673, 43.2438931 ], [ -2.9487009, 43.2438256 ], [ -2.9487679, 43.2437221 ], [ -2.948845, 43.2436365 ], [ -2.9489679, 43.2435601 ], [ -2.9491015, 43.2434206 ], [ -2.9491555, 43.2433396 ], [ -2.9491891, 43.243263 ], [ -2.9492222, 43.243182 ], [ -2.9492762, 43.2430649 ], [ -2.9493198, 43.2429614 ], [ -2.9494174, 43.2427859 ], [ -2.949528, 43.2425833 ], [ -2.9496128, 43.2424212 ], [ -2.9496822, 43.2422817 ], [ -2.9497155, 43.2421422 ], [ -2.9497363, 43.2420071 ], [ -2.9497722, 43.2418721 ], [ -2.9498005, 43.241728 ], [ -2.9498187, 43.2415119 ], [ -2.9498215, 43.2413543 ], [ -2.949814, 43.2412103 ], [ -2.9497806, 43.2410436 ], [ -2.9497626, 43.2409671 ], [ -2.949745, 43.240877 ], [ -2.9497285, 43.240778 ], [ -2.9497282, 43.2406969 ], [ -2.9497221, 43.2406024 ], [ -2.9497581, 43.2404403 ], [ -2.9497993, 43.2403368 ], [ -2.9498063, 43.2402557 ], [ -2.9497844, 43.2402107 ], [ -2.9493021, 43.2397107 ], [ -2.9489614, 43.2393189 ], [ -2.9487229, 43.2391161 ], [ -2.948572, 43.2388415 ], [ -2.9485555, 43.2387649 ], [ -2.9486669, 43.2385623 ], [ -2.9488776, 43.2383733 ], [ -2.9491292, 43.2380808 ], [ -2.9491446, 43.2379908 ], [ -2.9492019, 43.2376126 ], [ -2.9494327, 43.2372525 ], [ -2.9496741, 43.2367889 ], [ -2.9498462, 43.2367349 ], [ -2.9500666, 43.2364154 ], [ -2.9505134, 43.2360013 ], [ -2.9507137, 43.2357358 ], [ -2.950862, 43.2355828 ], [ -2.9509367, 43.2355108 ], [ -2.9511161, 43.2355469 ], [ -2.9512523, 43.235592 ], [ -2.9514212, 43.2357046 ], [ -2.9514623, 43.2357136 ], [ -2.9515008, 43.2357181 ], [ -2.9515482, 43.2357137 ], [ -2.9516009, 43.2357001 ], [ -2.9515829, 43.2356236 ], [ -2.951511, 43.235556 ], [ -2.9514113, 43.235484 ], [ -2.9513444, 43.2354254 ], [ -2.9512932, 43.2353668 ], [ -2.9512675, 43.2353128 ], [ -2.9512548, 43.2352498 ], [ -2.9512653, 43.2351687 ], [ -2.9513162, 43.2350832 ], [ -2.9513767, 43.2350067 ], [ -2.9514845, 43.2348987 ], [ -2.9516667, 43.2347277 ], [ -2.9517607, 43.2346737 ], [ -2.9518604, 43.2346647 ], [ -2.9519554, 43.2346693 ], [ -2.9520782, 43.2346918 ], [ -2.9521412, 43.2347324 ], [ -2.9521997, 43.2347954 ], [ -2.9522543, 43.2349035 ], [ -2.9522888, 43.2350296 ], [ -2.9522915, 43.2350836 ], [ -2.9522953, 43.2351737 ], [ -2.9523106, 43.2352367 ], [ -2.9523721, 43.2352818 ], [ -2.952451, 43.2352773 ], [ -2.9524973, 43.2352368 ], [ -2.9525335, 43.2350927 ], [ -2.9525637, 43.2349352 ], [ -2.9525649, 43.2347821 ], [ -2.9525216, 43.2346425 ], [ -2.9524994, 43.2344444 ], [ -2.9525007, 43.2343093 ], [ -2.9525077, 43.2341923 ], [ -2.9525078, 43.2340842 ], [ -2.9525025, 43.2339942 ], [ -2.9524983, 43.2339041 ], [ -2.9524091, 43.233769 ], [ -2.952313, 43.2336519 ], [ -2.9522896, 43.2335708 ], [ -2.952337, 43.2335033 ], [ -2.9524491, 43.2333458 ], [ -2.9524726, 43.2332692 ], [ -2.9524673, 43.2331927 ], [ -2.95239, 43.2330711 ], [ -2.9523293, 43.232981 ], [ -2.9522743, 43.2329 ], [ -2.9522336, 43.2328324 ], [ -2.9522006, 43.2327829 ], [ -2.9521256, 43.2326658 ], [ -2.9521295, 43.2325938 ], [ -2.9522174, 43.2323642 ], [ -2.9522695, 43.2321931 ], [ -2.9523397, 43.2319815 ], [ -2.9524229, 43.231842 ], [ -2.9524996, 43.2317115 ], [ -2.9526075, 43.2315629 ], [ -2.952725, 43.2314369 ], [ -2.952876, 43.2312389 ], [ -2.952987, 43.2310858 ], [ -2.9530736, 43.2309733 ], [ -2.9531164, 43.2308518 ], [ -2.9531469, 43.2307482 ], [ -2.9531736, 43.2305501 ], [ -2.9531623, 43.2302035 ], [ -2.953133, 43.2299153 ], [ -2.9530901, 43.2295146 ], [ -2.9530546, 43.2292264 ], [ -2.9530588, 43.2288302 ], [ -2.9531278, 43.2285781 ], [ -2.9531935, 43.2283305 ], [ -2.9532867, 43.2281009 ], [ -2.9534147, 43.2278353 ], [ -2.9535261, 43.2276327 ], [ -2.9536822, 43.2273537 ], [ -2.9538163, 43.2271061 ], [ -2.95395, 43.2268811 ], [ -2.9540363, 43.2266875 ], [ -2.9540803, 43.2265704 ], [ -2.9540175, 43.2265524 ], [ -2.9538944, 43.2265253 ], [ -2.9537037, 43.2264487 ], [ -2.9535682, 43.2264217 ], [ -2.9534085, 43.2263856 ], [ -2.9532546, 43.2263315 ], [ -2.9531196, 43.2263089 ], [ -2.952941, 43.2262818 ], [ -2.9527814, 43.2262592 ], [ -2.9525971, 43.2262231 ], [ -2.9524436, 43.2262006 ], [ -2.9523327, 43.2261735 ], [ -2.9522897, 43.226169 ], [ -2.9520441, 43.2261509 ], [ -2.951921, 43.2261328 ], [ -2.9518164, 43.2261238 ], [ -2.9516567, 43.2261147 ], [ -2.951497, 43.2260831 ], [ -2.9513247, 43.2260155 ], [ -2.95114, 43.2259659 ], [ -2.9509496, 43.2259208 ], [ -2.9507834, 43.2258352 ], [ -2.950648, 43.2257631 ], [ -2.9504384, 43.2256459 ], [ -2.9502784, 43.2255197 ], [ -2.9501061, 43.2254072 ], [ -2.94997, 43.2252765 ], [ -2.9498592, 43.2251954 ], [ -2.9497481, 43.2250333 ], [ -2.9497231, 43.2250018 ], [ -2.9496985, 43.2249882 ], [ -2.9495878, 43.2249387 ], [ -2.9494524, 43.2248306 ], [ -2.9493351, 43.224772 ], [ -2.9492059, 43.2246864 ], [ -2.9490517, 43.2245693 ], [ -2.9488978, 43.2245017 ], [ -2.9487443, 43.224452 ], [ -2.9485285, 43.2243304 ], [ -2.9483624, 43.2242177 ], [ -2.9482701, 43.2241637 ], [ -2.9481651, 43.2240781 ], [ -2.9480417, 43.2239475 ], [ -2.9479429, 43.2238574 ], [ -2.9478629, 43.2237628 ], [ -2.9477826, 43.2236547 ], [ -2.9477392, 43.2235691 ], [ -2.947708, 43.2235016 ], [ -2.9476831, 43.2234295 ], [ -2.9476889, 43.2233665 ], [ -2.9476925, 43.2227812 ], [ -2.9476964, 43.2222724 ], [ -2.9476916, 43.2211694 ], [ -2.9476459, 43.22062 ], [ -2.9475236, 43.2192828 ], [ -2.9472913, 43.2191161 ], [ -2.9470503, 43.2192961 ], [ -2.9468327, 43.2194986 ], [ -2.9466025, 43.219647 ], [ -2.946504, 43.2196965 ], [ -2.9464034, 43.2198406 ], [ -2.9462462, 43.2200341 ], [ -2.9460657, 43.2201556 ], [ -2.9458184, 43.2203986 ], [ -2.9458013, 43.2205561 ], [ -2.9458448, 43.2206687 ], [ -2.945988, 43.2209885 ], [ -2.9459982, 43.221128 ], [ -2.9457103, 43.2216682 ], [ -2.9456496, 43.2219518 ], [ -2.9456076, 43.2225146 ], [ -2.9456606, 43.2230279 ], [ -2.9455573, 43.2236446 ], [ -2.9455105, 43.2243695 ], [ -2.9454641, 43.2249818 ], [ -2.94543, 43.2257922 ], [ -2.9452902, 43.2258191 ], [ -2.9451206, 43.225801 ], [ -2.9448112, 43.2257874 ], [ -2.9443529, 43.2257872 ], [ -2.9440648, 43.225697 ], [ -2.9439493, 43.2256294 ], [ -2.9438494, 43.2255213 ], [ -2.9437612, 43.2255572 ], [ -2.9437281, 43.2256293 ], [ -2.9437429, 43.2257914 ], [ -2.9439761, 43.2262147 ], [ -2.9439637, 43.2262597 ], [ -2.9439183, 43.2263227 ], [ -2.943991, 43.2264083 ], [ -2.9444644, 43.2267192 ], [ -2.944737, 43.2269354 ], [ -2.945192, 43.2271878 ], [ -2.9457016, 43.2274672 ], [ -2.9456861, 43.2275842 ], [ -2.9455556, 43.2277147 ], [ -2.9454043, 43.2278137 ], [ -2.9452248, 43.2279037 ], [ -2.9449942, 43.2280342 ], [ -2.9446419, 43.2282141 ], [ -2.9440407, 43.2283444 ], [ -2.9434825, 43.2285332 ], [ -2.9430906, 43.2287446 ], [ -2.9428296, 43.2288255 ], [ -2.9426231, 43.2290595 ], [ -2.9424166, 43.229217 ], [ -2.942377, 43.229253 ], [ -2.9423831, 43.229352 ], [ -2.9423891, 43.2294691 ], [ -2.9423982, 43.2296087 ], [ -2.9423889, 43.2297302 ], [ -2.9423341, 43.2298293 ], [ -2.9422794, 43.2298607 ], [ -2.9422036, 43.2298922 ], [ -2.9421428, 43.2299102 ], [ -2.9420366, 43.2299146 ], [ -2.9418511, 43.2299191 ], [ -2.9416298, 43.2299144 ], [ -2.9414208, 43.2299323 ], [ -2.9413296, 43.2299908 ], [ -2.9412625, 43.2300853 ], [ -2.9411989, 43.2301843 ], [ -2.9411199, 43.2303104 ], [ -2.9410925, 43.2304229 ], [ -2.9410527, 43.230585 ], [ -2.9410102, 43.230747 ], [ -2.9410131, 43.2308821 ], [ -2.9410218, 43.2310217 ], [ -2.9410278, 43.2312108 ], [ -2.9410277, 43.2313369 ], [ -2.9410096, 43.2313864 ], [ -2.9409181, 43.2315664 ], [ -2.9407997, 43.2318455 ], [ -2.9406748, 43.2321066 ], [ -2.9406048, 43.2324442 ], [ -2.9405106, 43.2327593 ], [ -2.9404434, 43.2329484 ], [ -2.9403642, 43.2332185 ], [ -2.9402397, 43.2334931 ], [ -2.9402273, 43.2335831 ], [ -2.9401909, 43.2338082 ], [ -2.9402088, 43.2340018 ], [ -2.9402085, 43.2342765 ], [ -2.9402353, 43.2348033 ], [ -2.9401959, 43.2350103 ], [ -2.940156, 43.2351769 ], [ -2.9401163, 43.2352714 ], [ -2.9400404, 43.2353885 ], [ -2.9399159, 43.235528 ], [ -2.9398004, 43.2356224 ], [ -2.939515, 43.2357889 ], [ -2.9394784, 43.2358519 ], [ -2.9394998, 43.2359464 ], [ -2.9396692, 43.2362932 ], [ -2.9397905, 43.2365904 ], [ -2.9398234, 43.2368111 ], [ -2.9398356, 43.2369642 ], [ -2.939945, 43.2372614 ], [ -2.9400052, 43.237473 ], [ -2.9400443, 43.2376666 ] ] ] } },
{ "type": "Feature", "properties": { "CCAA": "16 - País Vasco", "PROVINCIA": "48 - Bizkaia", "MUNICIPIO": "48020 - Bilbao", "COD_MUNICIPIO": "48020", "DISTRITO": "07", "SECCION": "4802007041", "V1_H": 81.41, "V1_M": 86.82, "V2_H": 80.96532964, "V2_M": 86.87567885, "V3_H": 81.8694609, "V3_M": 86.90400308 }, "geometry": { "type": "Polygon", "coordinates": [ [ [ -2.9494446, 43.2557616 ], [ -2.9500266, 43.2558924 ], [ -2.9503899, 43.2560907 ], [ -2.9504953, 43.2561673 ], [ -2.9504826, 43.2561132 ], [ -2.9504515, 43.2556044 ], [ -2.9503095, 43.2555144 ], [ -2.9501852, 43.2554648 ], [ -2.9499981, 43.2553747 ], [ -2.9498334, 43.2552755 ], [ -2.9496838, 43.2551629 ], [ -2.9495438, 43.2549917 ], [ -2.949391, 43.2548296 ], [ -2.9492449, 43.2546764 ], [ -2.9491234, 43.2545098 ], [ -2.9489957, 43.2543251 ], [ -2.9488804, 43.254136 ], [ -2.9473961, 43.2538382 ], [ -2.9473233, 43.253879 ], [ -2.9472714, 43.2543146 ], [ -2.9470948, 43.2542715 ], [ -2.9467858, 43.2542015 ], [ -2.9461605, 43.254056 ], [ -2.9458588, 43.2540074 ], [ -2.9457632, 43.2540235 ], [ -2.9456822, 43.2540557 ], [ -2.9456233, 43.2541041 ], [ -2.945557, 43.2541525 ], [ -2.9454466, 43.2542331 ], [ -2.9452405, 43.2542276 ], [ -2.9450621, 43.2540667 ], [ -2.9448544, 43.2542872 ], [ -2.9443954, 43.2548137 ], [ -2.9442147, 43.2549667 ], [ -2.9447024, 43.254976 ], [ -2.9450432, 43.2549762 ], [ -2.9456288, 43.2549944 ], [ -2.9459552, 43.2549946 ], [ -2.9461735, 43.2550127 ], [ -2.9463725, 43.2550263 ], [ -2.9465469, 43.2550489 ], [ -2.9468706, 43.2550896 ], [ -2.9471332, 43.2551302 ], [ -2.9474335, 43.2551754 ], [ -2.9477237, 43.2552386 ], [ -2.9479381, 43.2553062 ], [ -2.9483526, 43.2554369 ], [ -2.9485755, 43.2555181 ], [ -2.9489372, 43.2556443 ], [ -2.9494446, 43.2557616 ] ] ] } },
{ "type": "Feature", "properties": { "CCAA": "16 - País Vasco", "PROVINCIA": "48 - Bizkaia", "MUNICIPIO": "48020 - Bilbao", "COD_MUNICIPIO": "48020", "DISTRITO": "08", "SECCION": "4802008016", "V1_H": 82.08, "V1_M": 87.23, "V2_H": 81.77226367, "V2_M": 87.02227373, "V3_H": 82.52263661000001, "V3_M": 87.52638345 }, "geometry": { "type": "Polygon", "coordinates": [ [ [ -2.9452033, 43.265255 ], [ -2.9473271, 43.2658278 ], [ -2.9476479, 43.2657694 ], [ -2.948167, 43.2656886 ], [ -2.9485376, 43.2656303 ], [ -2.9488025, 43.2655854 ], [ -2.9491665, 43.2655225 ], [ -2.9495181, 43.2654596 ], [ -2.949733, 43.2654237 ], [ -2.9499101, 43.2653878 ], [ -2.9501219, 43.2653428 ], [ -2.9503515, 43.2652889 ], [ -2.9502065, 43.2650727 ], [ -2.9505924, 43.2649784 ], [ -2.950802, 43.2648884 ], [ -2.9509996, 43.2647714 ], [ -2.951225, 43.2646049 ], [ -2.9513694, 43.2644924 ], [ -2.9516344, 43.264479 ], [ -2.9518546, 43.2644701 ], [ -2.9520553, 43.2644162 ], [ -2.952328, 43.2643127 ], [ -2.9527917, 43.2641554 ], [ -2.9528761, 43.2641194 ], [ -2.9531206, 43.2640564 ], [ -2.9533683, 43.2640025 ], [ -2.9538192, 43.2639487 ], [ -2.9539633, 43.2638947 ], [ -2.954189, 43.2638092 ], [ -2.9546869, 43.2636789 ], [ -2.9549658, 43.26358 ], [ -2.9553452, 43.2633955 ], [ -2.9554138, 43.2632965 ], [ -2.9554516, 43.2632065 ], [ -2.9554456, 43.2629498 ], [ -2.95543, 43.2627427 ], [ -2.9553925, 43.2624275 ], [ -2.9553803, 43.262279 ], [ -2.9553585, 43.2621259 ], [ -2.9553147, 43.2619863 ], [ -2.9552647, 43.2618872 ], [ -2.9551801, 43.2617476 ], [ -2.9550801, 43.2615945 ], [ -2.9548485, 43.2612657 ], [ -2.9547317, 43.2610226 ], [ -2.9546663, 43.260892 ], [ -2.9546556, 43.2607659 ], [ -2.9544047, 43.2606667 ], [ -2.9541337, 43.2605586 ], [ -2.9538273, 43.2604414 ], [ -2.9534432, 43.2602881 ], [ -2.9531945, 43.2601485 ], [ -2.9529571, 43.2599593 ], [ -2.9525965, 43.259707 ], [ -2.9518231, 43.2591754 ], [ -2.9511985, 43.2587204 ], [ -2.9507779, 43.2584726 ], [ -2.9499886, 43.257986 ], [ -2.9484771, 43.2615917 ], [ -2.9487988, 43.2617764 ], [ -2.9493753, 43.2616686 ], [ -2.9501033, 43.2618175 ], [ -2.9503507, 43.2620337 ], [ -2.9500771, 43.2623082 ], [ -2.949881, 43.2624793 ], [ -2.9496117, 43.2627042 ], [ -2.9494778, 43.2629698 ], [ -2.9481916, 43.2626586 ], [ -2.948155, 43.2627396 ], [ -2.9479651, 43.262762 ], [ -2.9477849, 43.2628025 ], [ -2.9476478, 43.2628564 ], [ -2.9474952, 43.2629149 ], [ -2.9473989, 43.2629778 ], [ -2.9472872, 43.2630724 ], [ -2.9472062, 43.2631804 ], [ -2.9471472, 43.2632839 ], [ -2.9470897, 43.263428 ], [ -2.9460338, 43.2631934 ], [ -2.9456467, 43.2641612 ], [ -2.9452033, 43.265255 ] ] ] } },
{ "type": "Feature", "properties": { "CCAA": "16 - País Vasco", "PROVINCIA": "48 - Bizkaia", "MUNICIPIO": "48020 - Bilbao", "COD_MUNICIPIO": "48020", "DISTRITO": "08", "SECCION": "4802008018", "V1_H": 82.27, "V1_M": 87.07, "V2_H": 81.979544, "V2_M": 86.90367115, "V3_H": 82.63571561000001, "V3_M": 87.32539334000001 }, "geometry": { "type": "Polygon", "coordinates": [ [ [ -2.9460338, 43.2631934 ], [ -2.9470897, 43.263428 ], [ -2.9471472, 43.2632839 ], [ -2.9472062, 43.2631804 ], [ -2.9472872, 43.2630724 ], [ -2.9473989, 43.2629778 ], [ -2.9474952, 43.2629149 ], [ -2.9476478, 43.2628564 ], [ -2.9477849, 43.2628025 ], [ -2.9479651, 43.262762 ], [ -2.948155, 43.2627396 ], [ -2.9481916, 43.2626586 ], [ -2.9494778, 43.2629698 ], [ -2.9496117, 43.2627042 ], [ -2.949881, 43.2624793 ], [ -2.9500771, 43.2623082 ], [ -2.9503507, 43.2620337 ], [ -2.9501033, 43.2618175 ], [ -2.9493753, 43.2616686 ], [ -2.9487988, 43.2617764 ], [ -2.9484771, 43.2615917 ], [ -2.9481485, 43.2613619 ], [ -2.9474577, 43.2608618 ], [ -2.947078, 43.2605285 ], [ -2.9468338, 43.2611001 ], [ -2.9463965, 43.2623111 ], [ -2.9460338, 43.2631934 ] ] ] } },
{ "type": "Feature", "properties": { "CCAA": "16 - País Vasco", "PROVINCIA": "48 - Bizkaia", "MUNICIPIO": "48020 - Bilbao", "COD_MUNICIPIO": "48020", "DISTRITO": "08", "SECCION": "4802008021", "V1_H": 81.58, "V1_M": 86.83, "V2_H": 80.91860297, "V2_M": 86.63659936000001, "V3_H": 82.21677219, "V3_M": 87.10560157 }, "geometry": { "type": "Polygon", "coordinates": [ [ [ -2.9511985, 43.2587204 ], [ -2.951214, 43.2586348 ], [ -2.9513818, 43.258716 ], [ -2.9516089, 43.2588376 ], [ -2.9518702, 43.2589638 ], [ -2.9519538, 43.2588423 ], [ -2.9518546, 43.2586666 ], [ -2.9516601, 43.2582704 ], [ -2.9515142, 43.2578921 ], [ -2.9513785, 43.2575589 ], [ -2.9502395, 43.257761 ], [ -2.9500631, 43.2572791 ], [ -2.94938, 43.2569907 ], [ -2.9485918, 43.2566527 ], [ -2.9485678, 43.2567472 ], [ -2.9483784, 43.2572379 ], [ -2.9482129, 43.257661 ], [ -2.948089, 43.2579446 ], [ -2.948774, 43.2579719 ], [ -2.9499886, 43.257986 ], [ -2.9507779, 43.2584726 ], [ -2.9511985, 43.2587204 ] ] ] } },
{ "type": "Feature", "properties": { "CCAA": "16 - País Vasco", "PROVINCIA": "48 - Bizkaia", "MUNICIPIO": "48020 - Bilbao", "COD_MUNICIPIO": "48020", "DISTRITO": "06", "SECCION": "4802006046", "V1_H": 82.11, "V1_M": 87.17, "V2_H": 81.68538902, "V2_M": 87.16795144, "V3_H": 82.5577829, "V3_M": 87.30202001000001 }, "geometry": { "type": "Polygon", "coordinates": [ [ [ -2.9380052, 43.2593758 ], [ -2.9385793, 43.2596912 ], [ -2.940196, 43.2585755 ], [ -2.941506, 43.2575947 ], [ -2.9400065, 43.2575309 ], [ -2.9388808, 43.2574672 ], [ -2.9384933, 43.2583405 ], [ -2.9380052, 43.2593758 ] ] ] } },
{ "type": "Feature", "properties": { "CCAA": "16 - País Vasco", "PROVINCIA": "48 - Bizkaia", "MUNICIPIO": "48020 - Bilbao", "COD_MUNICIPIO": "48020", "DISTRITO": "07", "SECCION": "4802007012", "V1_H": 82.5, "V1_M": 87.29, "V2_H": 82.15783722, "V2_M": 87.30677587, "V3_H": 82.90083825000001, "V3_M": 87.37512967000001 }, "geometry": { "type": "Polygon", "coordinates": [ [ [ -2.9332469, 43.2556857 ], [ -2.9333049, 43.2562125 ], [ -2.9333755, 43.2564106 ], [ -2.9334888, 43.2565908 ], [ -2.9336542, 43.2567665 ], [ -2.9338246, 43.2569286 ], [ -2.9339427, 43.2570052 ], [ -2.934264, 43.257181 ], [ -2.9345262, 43.2571136 ], [ -2.9348094, 43.2569607 ], [ -2.9349966, 43.2568573 ], [ -2.9351543, 43.2567088 ], [ -2.9353939, 43.2564973 ], [ -2.9356942, 43.2561688 ], [ -2.9346979, 43.2560917 ], [ -2.9340086, 43.2559472 ], [ -2.9338589, 43.2558526 ], [ -2.9333938, 43.2558343 ], [ -2.9332469, 43.2556857 ] ] ] } },
{ "type": "Feature", "properties": { "CCAA": "16 - País Vasco", "PROVINCIA": "48 - Bizkaia", "MUNICIPIO": "48020 - Bilbao", "COD_MUNICIPIO": "48020", "DISTRITO": "07", "SECCION": "4802007014", "V1_H": 80.21, "V1_M": 86.35, "V2_H": 80.00126986, "V2_M": 86.33312861, "V3_H": 80.58114521, "V3_M": 86.56210486000001 }, "geometry": { "type": "Polygon", "coordinates": [ [ [ -2.9338589, 43.2558526 ], [ -2.9340086, 43.2559472 ], [ -2.9346979, 43.2560917 ], [ -2.9356942, 43.2561688 ], [ -2.9357664, 43.2560428 ], [ -2.9358463, 43.2558267 ], [ -2.9346835, 43.2555514 ], [ -2.9349794, 43.2549843 ], [ -2.9344787, 43.2548445 ], [ -2.9341801, 43.2550469 ], [ -2.9340656, 43.2551504 ], [ -2.9339599, 43.2553079 ], [ -2.9339186, 43.2554744 ], [ -2.9339261, 43.25565 ], [ -2.9338589, 43.2558526 ] ] ] } },
{ "type": "Feature", "properties": { "CCAA": "16 - País Vasco", "PROVINCIA": "48 - Bizkaia", "MUNICIPIO": "48020 - Bilbao", "COD_MUNICIPIO": "48020", "DISTRITO": "07", "SECCION": "4802007031", "V1_H": 80.34, "V1_M": 85.99, "V2_H": 80.22806877, "V2_M": 85.94669411, "V3_H": 80.64200885, "V3_M": 86.09540763 }, "geometry": { "type": "Polygon", "coordinates": [ [ [ -2.9467824, 43.2504341 ], [ -2.9472695, 43.2504915 ], [ -2.9474722, 43.249627 ], [ -2.9479828, 43.2496932 ], [ -2.9479853, 43.2496828 ], [ -2.9485588, 43.2497191 ], [ -2.9488899, 43.2497552 ], [ -2.9490053, 43.2497778 ], [ -2.9491104, 43.2497733 ], [ -2.9491682, 43.2497464 ], [ -2.9492333, 43.2497059 ], [ -2.9493053, 43.2496294 ], [ -2.9493381, 43.2495258 ], [ -2.9493202, 43.2493907 ], [ -2.9492498, 43.2493547 ], [ -2.9490942, 43.2493141 ], [ -2.9490104, 43.2492961 ], [ -2.9489045, 43.2492915 ], [ -2.9487929, 43.2493005 ], [ -2.9487027, 43.2493364 ], [ -2.9485665, 43.2493724 ], [ -2.9483967, 43.2493903 ], [ -2.9482154, 43.2493768 ], [ -2.9480379, 43.2493497 ], [ -2.9479321, 43.2493091 ], [ -2.9477642, 43.2493045 ], [ -2.9475872, 43.2492909 ], [ -2.9474132, 43.2492683 ], [ -2.9472015, 43.2492367 ], [ -2.9470371, 43.2492862 ], [ -2.9468519, 43.2492951 ], [ -2.9467882, 43.2494436 ], [ -2.9469002, 43.2495157 ], [ -2.9469363, 43.2496013 ], [ -2.9469336, 43.2496733 ], [ -2.9468593, 43.2500109 ], [ -2.9467824, 43.2504341 ] ] ] } },
{ "type": "Feature", "properties": { "CCAA": "16 - País Vasco", "PROVINCIA": "48 - Bizkaia", "MUNICIPIO": "48020 - Bilbao", "COD_MUNICIPIO": "48020", "DISTRITO": "07", "SECCION": "4802007033", "V1_H": 79.85, "V1_M": 85.78, "V2_H": 79.86035794, "V2_M": 85.76242541000001, "V3_H": 79.99500792000001, "V3_M": 85.93655133 }, "geometry": { "type": "Polygon", "coordinates": [ [ [ -2.944763, 43.250208 ], [ -2.9457993, 43.2503121 ], [ -2.9458622, 43.250042 ], [ -2.9460212, 43.2491911 ], [ -2.946088, 43.2489885 ], [ -2.9459349, 43.2488939 ], [ -2.9456951, 43.2487993 ], [ -2.9455224, 43.2487406 ], [ -2.9453719, 43.2487316 ], [ -2.9452521, 43.2487315 ], [ -2.9451324, 43.248736 ], [ -2.944993, 43.2487674 ], [ -2.9448485, 43.2488799 ], [ -2.9447557, 43.2489834 ], [ -2.9447202, 43.2491049 ], [ -2.9447243, 43.249213 ], [ -2.9447685, 43.2493301 ], [ -2.9448392, 43.2494607 ], [ -2.9448837, 43.2495778 ], [ -2.9449144, 43.2497038 ], [ -2.9449232, 43.2498209 ], [ -2.9449142, 43.2498974 ], [ -2.9448922, 43.2499785 ], [ -2.9448506, 43.2500595 ], [ -2.944763, 43.250208 ] ] ] } },
{ "type": "Feature", "properties": { "CCAA": "16 - País Vasco", "PROVINCIA": "48 - Bizkaia", "MUNICIPIO": "48020 - Bilbao", "COD_MUNICIPIO": "48020", "DISTRITO": "08", "SECCION": "4802008005", "V1_H": 80.06, "V1_M": 86.09, "V2_H": 79.80248703, "V2_M": 86.14116428, "V3_H": 80.46064959, "V3_M": 86.17412372 }, "geometry": { "type": "Polygon", "coordinates": [ [ [ -2.9676778, 43.2743133 ], [ -2.9677586, 43.2744214 ], [ -2.9680788, 43.2748447 ], [ -2.9683955, 43.2753356 ], [ -2.9686498, 43.2757634 ], [ -2.9688888, 43.2762002 ], [ -2.9689391, 43.2763217 ], [ -2.970211, 43.2759304 ], [ -2.9704628, 43.2761511 ], [ -2.9708498, 43.2761061 ], [ -2.9713082, 43.2760207 ], [ -2.9717073, 43.2757957 ], [ -2.9720355, 43.2755932 ], [ -2.9723676, 43.2753907 ], [ -2.9726688, 43.2751836 ], [ -2.9730152, 43.2749361 ], [ -2.9732799, 43.2746435 ], [ -2.9733327, 43.274594 ], [ -2.973473, 43.2743824 ], [ -2.9732465, 43.2743193 ], [ -2.9730224, 43.2743418 ], [ -2.9726261, 43.2743912 ], [ -2.9722895, 43.2744316 ], [ -2.9719814, 43.2744586 ], [ -2.9716767, 43.2744855 ], [ -2.9711437, 43.2744674 ], [ -2.9706358, 43.2743817 ], [ -2.9702357, 43.2742735 ], [ -2.9698761, 43.2741248 ], [ -2.9695327, 43.2739267 ], [ -2.9693187, 43.2737825 ], [ -2.9676778, 43.2743133 ] ] ] } },
{ "type": "Feature", "properties": { "CCAA": "16 - País Vasco", "PROVINCIA": "48 - Bizkaia", "MUNICIPIO": "48020 - Bilbao", "COD_MUNICIPIO": "48020", "DISTRITO": "08", "SECCION": "4802008007", "V1_H": 79.89, "V1_M": 85.97, "V2_H": 79.67266264, "V2_M": 85.8368825, "V3_H": 80.33686579, "V3_M": 86.2809331 }, "geometry": { "type": "Polygon", "coordinates": [ [ [ -2.964438, 43.2700261 ], [ -2.9645431, 43.2701252 ], [ -2.964777, 43.270472 ], [ -2.9649821, 43.2707692 ], [ -2.9651218, 43.2709899 ], [ -2.9652245, 43.271161 ], [ -2.9653734, 43.2714177 ], [ -2.9655411, 43.2717374 ], [ -2.9657554, 43.2721066 ], [ -2.9659231, 43.2724489 ], [ -2.9661375, 43.2727056 ], [ -2.9663984, 43.2729803 ], [ -2.9667433, 43.2733406 ], [ -2.9669761, 43.2736333 ], [ -2.9673864, 43.2740611 ], [ -2.9676778, 43.2743133 ], [ -2.9693187, 43.2737825 ], [ -2.9698049, 43.2731839 ], [ -2.9700133, 43.2731074 ], [ -2.9703503, 43.273058 ], [ -2.9706707, 43.273049 ], [ -2.9710505, 43.2730131 ], [ -2.9713432, 43.2729501 ], [ -2.9716802, 43.2728692 ], [ -2.9719286, 43.2727117 ], [ -2.9721252, 43.2725676 ], [ -2.97229, 43.2724596 ], [ -2.9721908, 43.2722255 ], [ -2.9720445, 43.2720679 ], [ -2.9717742, 43.2719057 ], [ -2.9713515, 43.271667 ], [ -2.9713705, 43.2715139 ], [ -2.971389, 43.2714149 ], [ -2.9713675, 43.2713248 ], [ -2.9712554, 43.2712077 ], [ -2.9710195, 43.2710051 ], [ -2.9708859, 43.2708925 ], [ -2.9708224, 43.2708564 ], [ -2.9707512, 43.2708069 ], [ -2.9705922, 43.2707258 ], [ -2.9705298, 43.2706853 ], [ -2.9704948, 43.2705997 ], [ -2.9703836, 43.2705276 ], [ -2.9702241, 43.2704646 ], [ -2.9701325, 43.2704015 ], [ -2.9700671, 43.270343 ], [ -2.9700432, 43.2702935 ], [ -2.970041, 43.2702394 ], [ -2.9700607, 43.2701449 ], [ -2.9700842, 43.2700458 ], [ -2.9701173, 43.2699513 ], [ -2.970149, 43.2698658 ], [ -2.9701721, 43.2697667 ], [ -2.9701918, 43.2696361 ], [ -2.9701984, 43.2695461 ], [ -2.9701943, 43.2694741 ], [ -2.9701658, 43.2693795 ], [ -2.9700788, 43.2692579 ], [ -2.9699764, 43.2691409 ], [ -2.9698525, 43.2691138 ], [ -2.9696915, 43.2690687 ], [ -2.9695553, 43.2690011 ], [ -2.9693527, 43.2688885 ], [ -2.9691395, 43.2687579 ], [ -2.9688323, 43.2685912 ], [ -2.9686486, 43.2684921 ], [ -2.9684565, 43.2683795 ], [ -2.968179, 43.2682219 ], [ -2.9680585, 43.2681318 ], [ -2.9679746, 43.2680507 ], [ -2.9678576, 43.2679156 ], [ -2.9677776, 43.2677625 ], [ -2.9677407, 43.267704 ], [ -2.9676515, 43.2675058 ], [ -2.9675937, 43.2673887 ], [ -2.967531, 43.2673122 ], [ -2.9674625, 43.2672536 ], [ -2.9674075, 43.2672131 ], [ -2.9673527, 43.2671861 ], [ -2.9672916, 43.2671501 ], [ -2.9668007, 43.2675506 ], [ -2.9664837, 43.2678207 ], [ -2.9660545, 43.2681267 ], [ -2.9656878, 43.2684102 ], [ -2.9652925, 43.2686802 ], [ -2.9649289, 43.2689052 ], [ -2.9647903, 43.2689907 ], [ -2.9646781, 43.2690582 ], [ -2.9650295, 43.269441 ], [ -2.9653396, 43.2698869 ], [ -2.964438, 43.2700261 ] ] ] } },
{ "type": "Feature", "properties": { "CCAA": "16 - País Vasco", "PROVINCIA": "48 - Bizkaia", "MUNICIPIO": "48020 - Bilbao", "COD_MUNICIPIO": "48020", "DISTRITO": "08", "SECCION": "4802008024", "V1_H": 81.41, "V1_M": 86.82, "V2_H": 80.96532964, "V2_M": 86.87567885, "V3_H": 81.8694609, "V3_M": 86.90400308 }, "geometry": { "type": "Polygon", "coordinates": [ [ [ -2.9485918, 43.2566527 ], [ -2.94938, 43.2569907 ], [ -2.9500631, 43.2572791 ], [ -2.9494446, 43.2557616 ], [ -2.9489372, 43.2556443 ], [ -2.9485755, 43.2555181 ], [ -2.9483526, 43.2554369 ], [ -2.9479381, 43.2553062 ], [ -2.9477237, 43.2552386 ], [ -2.9474335, 43.2551754 ], [ -2.9471332, 43.2551302 ], [ -2.9468706, 43.2550896 ], [ -2.9465469, 43.2550489 ], [ -2.9463725, 43.2550263 ], [ -2.9461735, 43.2550127 ], [ -2.9459552, 43.2549946 ], [ -2.9456288, 43.2549944 ], [ -2.9450432, 43.2549762 ], [ -2.9447024, 43.254976 ], [ -2.9442147, 43.2549667 ], [ -2.9439153, 43.2552367 ], [ -2.9441955, 43.2553179 ], [ -2.9445923, 43.2554577 ], [ -2.9449356, 43.2556559 ], [ -2.945398, 43.2559623 ], [ -2.9456574, 43.256102 ], [ -2.945735, 43.2562416 ], [ -2.9458404, 43.2564758 ], [ -2.9459383, 43.2567325 ], [ -2.9471018, 43.2562873 ], [ -2.9473356, 43.2561433 ], [ -2.94747, 43.2560803 ], [ -2.9483705, 43.2565265 ], [ -2.9485918, 43.2566527 ] ] ] } },
{ "type": "Feature", "properties": { "CCAA": "16 - País Vasco", "PROVINCIA": "48 - Bizkaia", "MUNICIPIO": "48020 - Bilbao", "COD_MUNICIPIO": "48020", "DISTRITO": "07", "SECCION": "4802007019", "V1_H": 80.11, "V1_M": 85.95, "V2_H": 80.1609953, "V2_M": 86.03869322, "V3_H": 80.32004483, "V3_M": 85.9872989 }, "geometry": { "type": "Polygon", "coordinates": [ [ [ -2.9370078, 43.2532746 ], [ -2.9374827, 43.2534279 ], [ -2.937581, 43.2533154 ], [ -2.9376727, 43.2532119 ], [ -2.9390635, 43.2530596 ], [ -2.9388915, 43.2521275 ], [ -2.9387845, 43.252096 ], [ -2.9384128, 43.2519472 ], [ -2.9381454, 43.251857 ], [ -2.9378598, 43.2517488 ], [ -2.9375716, 43.2516315 ], [ -2.9369955, 43.2514286 ], [ -2.9369122, 43.2515862 ], [ -2.9368335, 43.2517617 ], [ -2.9368011, 43.2520813 ], [ -2.9368074, 43.252374 ], [ -2.9370078, 43.2532746 ] ] ] } },
{ "type": "Feature", "properties": { "CCAA": "16 - País Vasco", "PROVINCIA": "48 - Bizkaia", "MUNICIPIO": "48020 - Bilbao", "COD_MUNICIPIO": "48020", "DISTRITO": "07", "SECCION": "4802007022", "V1_H": 80.55, "V1_M": 86.21, "V2_H": 80.25181467, "V2_M": 85.94546636, "V3_H": 81.01047082, "V3_M": 86.65561049 }, "geometry": { "type": "Polygon", "coordinates": [ [ [ -2.9345722, 43.2513327 ], [ -2.9347015, 43.2513373 ], [ -2.9351297, 43.2512385 ], [ -2.9357625, 43.2513108 ], [ -2.9359729, 43.2518468 ], [ -2.9360162, 43.2520809 ], [ -2.9360716, 43.2524276 ], [ -2.9361206, 43.2527113 ], [ -2.9362436, 43.252923 ], [ -2.9363658, 43.2530941 ], [ -2.9370078, 43.2532746 ], [ -2.9368074, 43.252374 ], [ -2.9368011, 43.2520813 ], [ -2.9368335, 43.2517617 ], [ -2.9369122, 43.2515862 ], [ -2.9369955, 43.2514286 ], [ -2.9375384, 43.2506501 ], [ -2.9370188, 43.2503555 ], [ -2.9374626, 43.2499222 ], [ -2.9377728, 43.2493696 ], [ -2.9379914, 43.2490648 ], [ -2.9387795, 43.2490351 ], [ -2.938635, 43.2477106 ], [ -2.9375635, 43.2479306 ], [ -2.9370114, 43.2479843 ], [ -2.9364963, 43.247975 ], [ -2.9360868, 43.2479298 ], [ -2.9357327, 43.2478621 ], [ -2.9353294, 43.2477583 ], [ -2.9349602, 43.2477851 ], [ -2.9352322, 43.2479158 ], [ -2.9355495, 43.2481546 ], [ -2.9356971, 43.2484158 ], [ -2.9357446, 43.2486365 ], [ -2.9356965, 43.2489381 ], [ -2.9354741, 43.2492847 ], [ -2.93522, 43.2495771 ], [ -2.9349656, 43.2499102 ], [ -2.9349262, 43.2499822 ], [ -2.9347488, 43.2503468 ], [ -2.9346125, 43.2507339 ], [ -2.9345632, 43.2510716 ], [ -2.9345722, 43.2513327 ] ] ] } },
{ "type": "Feature", "properties": { "CCAA": "16 - País Vasco", "PROVINCIA": "48 - Bizkaia", "MUNICIPIO": "48020 - Bilbao", "COD_MUNICIPIO": "48020", "DISTRITO": "07", "SECCION": "4802007027", "V1_H": 80.21, "V1_M": 86.17, "V2_H": 80.05188782, "V2_M": 86.17746221, "V3_H": 80.45086201, "V3_M": 86.3559927 }, "geometry": { "type": "Polygon", "coordinates": [ [ [ -2.9416694, 43.252282 ], [ -2.9419066, 43.2522842 ], [ -2.9421632, 43.2522843 ], [ -2.9424943, 43.2523087 ], [ -2.9430405, 43.2524118 ], [ -2.9433632, 43.2525572 ], [ -2.9436402, 43.2526072 ], [ -2.944318, 43.2519097 ], [ -2.9437554, 43.2516483 ], [ -2.9409552, 43.2503547 ], [ -2.9396772, 43.2501964 ], [ -2.9395975, 43.2502324 ], [ -2.9395416, 43.2503224 ], [ -2.9392663, 43.2504798 ], [ -2.939223, 43.2505249 ], [ -2.9393045, 43.2507635 ], [ -2.9393352, 43.2508356 ], [ -2.9393863, 43.2509527 ], [ -2.9394208, 43.2510292 ], [ -2.9394842, 43.2511283 ], [ -2.9396088, 43.2512995 ], [ -2.939758, 43.2514436 ], [ -2.9398969, 43.2515788 ], [ -2.9400542, 43.2516959 ], [ -2.9402851, 43.2518356 ], [ -2.9405221, 43.2519528 ], [ -2.9407041, 43.2520069 ], [ -2.9408739, 43.2520565 ], [ -2.9410905, 43.2521242 ], [ -2.9414276, 43.2522414 ], [ -2.9416694, 43.252282 ] ] ] } },
{ "type": "Feature", "properties": { "CCAA": "16 - País Vasco", "PROVINCIA": "48 - Bizkaia", "MUNICIPIO": "48020 - Bilbao", "COD_MUNICIPIO": "48020", "DISTRITO": "07", "SECCION": "4802007029", "V1_H": 80.11, "V1_M": 85.95, "V2_H": 80.1609953, "V2_M": 86.03869322, "V3_H": 80.32004483, "V3_M": 85.9872989 }, "geometry": { "type": "Polygon", "coordinates": [ [ [ -2.947603, 43.251506 ], [ -2.9481007, 43.2515603 ], [ -2.9485561, 43.2516146 ], [ -2.9490053, 43.2497778 ], [ -2.9488899, 43.2497552 ], [ -2.9485588, 43.2497191 ], [ -2.9479853, 43.2496828 ], [ -2.9479828, 43.2496932 ], [ -2.9478956, 43.250061 ], [ -2.9477805, 43.2505516 ], [ -2.947603, 43.251506 ] ] ] } },
{ "type": "Feature", "properties": { "CCAA": "16 - País Vasco", "PROVINCIA": "48 - Bizkaia", "MUNICIPIO": "48020 - Bilbao", "COD_MUNICIPIO": "48020", "DISTRITO": "08", "SECCION": "4802008009", "V1_H": 79.96, "V1_M": 85.86, "V2_H": 79.90630759, "V2_M": 85.80766239, "V3_H": 80.18166072, "V3_M": 86.22029934 }, "geometry": { "type": "Polygon", "coordinates": [ [ [ -2.9699764, 43.2691409 ], [ -2.9701224, 43.2691409 ], [ -2.9702838, 43.2691319 ], [ -2.970395, 43.2691139 ], [ -2.9705259, 43.269087 ], [ -2.9706372, 43.2690509 ], [ -2.9707509, 43.2689924 ], [ -2.9708249, 43.268943 ], [ -2.9708622, 43.268898 ], [ -2.9708861, 43.2688214 ], [ -2.9708904, 43.2687584 ], [ -2.9708316, 43.2686053 ], [ -2.9707947, 43.2684792 ], [ -2.9708429, 43.2683576 ], [ -2.9709299, 43.2682766 ], [ -2.9710894, 43.2681371 ], [ -2.9713317, 43.2679301 ], [ -2.9714408, 43.2677275 ], [ -2.9714367, 43.2675699 ], [ -2.9714278, 43.2674258 ], [ -2.9713863, 43.2673043 ], [ -2.9713518, 43.2671287 ], [ -2.9715043, 43.2670702 ], [ -2.9717311, 43.2670432 ], [ -2.9720761, 43.2670163 ], [ -2.9723946, 43.2670074 ], [ -2.972678, 43.2669939 ], [ -2.97301, 43.2669625 ], [ -2.9734616, 43.2669221 ], [ -2.9734524, 43.2668905 ], [ -2.9733924, 43.2666879 ], [ -2.9735104, 43.2663638 ], [ -2.9746189, 43.2656842 ], [ -2.9750257, 43.2654277 ], [ -2.975586, 43.2651037 ], [ -2.9757028, 43.2650271 ], [ -2.9757948, 43.2649416 ], [ -2.9758749, 43.2648516 ], [ -2.97593, 43.2647931 ], [ -2.9759794, 43.264721 ], [ -2.9760344, 43.264631 ], [ -2.9760834, 43.264532 ], [ -2.97612, 43.2644329 ], [ -2.9761386, 43.2643384 ], [ -2.9761566, 43.2642348 ], [ -2.9761563, 43.2641267 ], [ -2.9761437, 43.2640322 ], [ -2.9761187, 43.2639196 ], [ -2.9760937, 43.2638341 ], [ -2.9760564, 43.263726 ], [ -2.9760067, 43.2636315 ], [ -2.9759633, 43.2635369 ], [ -2.9758828, 43.2634288 ], [ -2.9757836, 43.2632982 ], [ -2.97566, 43.2631766 ], [ -2.9755549, 43.2630641 ], [ -2.975431, 43.2629605 ], [ -2.9753013, 43.2628479 ], [ -2.9751157, 43.2626948 ], [ -2.974986, 43.2625957 ], [ -2.9747328, 43.2624246 ], [ -2.9745534, 43.262294 ], [ -2.973954, 43.2619336 ], [ -2.9735341, 43.2616904 ], [ -2.9732131, 43.2614787 ], [ -2.9730213, 43.2613436 ], [ -2.9727988, 43.2611815 ], [ -2.9725271, 43.2609788 ], [ -2.972292, 43.2607761 ], [ -2.9720137, 43.2605419 ], [ -2.9719479, 43.2604744 ], [ -2.9708687, 43.2596277 ], [ -2.9705778, 43.2592179 ], [ -2.9704667, 43.2588622 ], [ -2.9705993, 43.258484 ], [ -2.9715549, 43.2577099 ], [ -2.971888, 43.2569266 ], [ -2.9720075, 43.2564989 ], [ -2.9720387, 43.2564223 ], [ -2.9723112, 43.2558866 ], [ -2.9731496, 43.2552655 ], [ -2.9736664, 43.2548649 ], [ -2.9738328, 43.2547614 ], [ -2.9739498, 43.2546849 ], [ -2.9739899, 43.2546579 ], [ -2.9742176, 43.2543608 ], [ -2.9745863, 43.2536 ], [ -2.9747389, 43.2533479 ], [ -2.9747717, 43.2531813 ], [ -2.9746537, 43.2528571 ], [ -2.9744055, 43.2525509 ], [ -2.9742839, 43.2522988 ], [ -2.9740838, 43.252006 ], [ -2.9740412, 43.2517989 ], [ -2.9741475, 43.2515648 ], [ -2.974215, 43.2514838 ], [ -2.9745257, 43.2512408 ], [ -2.9753733, 43.2507097 ], [ -2.9760756, 43.2503451 ], [ -2.9764002, 43.2500525 ], [ -2.9765315, 43.2499986 ], [ -2.9767749, 43.2498771 ], [ -2.9771322, 43.2497511 ], [ -2.9773612, 43.2496746 ], [ -2.9775746, 43.2495936 ], [ -2.9776716, 43.2495531 ], [ -2.9777374, 43.2494901 ], [ -2.977771, 43.249463 ], [ -2.9778014, 43.2494225 ], [ -2.9778268, 43.249382 ], [ -2.9778326, 43.2492469 ], [ -2.9778396, 43.2491659 ], [ -2.9778346, 43.2490578 ], [ -2.9778304, 43.2489633 ], [ -2.97783, 43.2488552 ], [ -2.977817, 43.2486616 ], [ -2.9778455, 43.2486166 ], [ -2.9779091, 43.2485221 ], [ -2.978025, 43.2484006 ], [ -2.9781648, 43.2482925 ], [ -2.978524, 43.248153 ], [ -2.9788601, 43.2481351 ], [ -2.9792042, 43.2481486 ], [ -2.9811374, 43.2482751 ], [ -2.981691, 43.2481491 ], [ -2.9823154, 43.2478565 ], [ -2.982744, 43.2475549 ], [ -2.9834098, 43.2466591 ], [ -2.9836081, 43.2464565 ], [ -2.9841059, 43.2461009 ], [ -2.984444, 43.2459434 ], [ -2.9846926, 43.2458939 ], [ -2.985088, 43.2459255 ], [ -2.9858151, 43.2460966 ], [ -2.9855802, 43.244854 ], [ -2.98491, 43.2433456 ], [ -2.984628, 43.2429494 ], [ -2.983546, 43.2417831 ], [ -2.9792721, 43.2401075 ], [ -2.9790658, 43.2399859 ], [ -2.9777011, 43.2386754 ], [ -2.9774991, 43.2385268 ], [ -2.9773771, 43.2383827 ], [ -2.9772609, 43.2382747 ], [ -2.9771632, 43.2381755 ], [ -2.977047, 43.2380315 ], [ -2.9769312, 43.2378829 ], [ -2.9767846, 43.2377028 ], [ -2.9766992, 43.2375451 ], [ -2.9765897, 43.2373425 ], [ -2.9764616, 43.2370589 ], [ -2.9763155, 43.2367977 ], [ -2.9761935, 43.236568 ], [ -2.9761081, 43.2364599 ], [ -2.9760408, 43.2363429 ], [ -2.9759862, 43.2362618 ], [ -2.9759127, 43.2361853 ], [ -2.9758027, 43.2360862 ], [ -2.975491, 43.235861 ], [ -2.9753136, 43.2357394 ], [ -2.975112, 43.2356403 ], [ -2.9737479, 43.2349646 ], [ -2.9730445, 43.2346358 ], [ -2.9723962, 43.2343115 ], [ -2.9716009, 43.2339511 ], [ -2.9714177, 43.233861 ], [ -2.9711484, 43.2337349 ], [ -2.9709344, 43.2336357 ], [ -2.9707509, 43.2335457 ], [ -2.9705308, 43.2334285 ], [ -2.9703777, 43.2333475 ], [ -2.9702373, 43.2332349 ], [ -2.9700054, 43.2329151 ], [ -2.9698527, 43.232753 ], [ -2.9697184, 43.2326404 ], [ -2.9695472, 43.2325368 ], [ -2.9694064, 43.2324602 ], [ -2.9691986, 43.2323611 ], [ -2.9689843, 43.23228 ], [ -2.9688569, 43.2322394 ], [ -2.9652463, 43.2395367 ], [ -2.9617724, 43.2465682 ], [ -2.9612123, 43.2477206 ], [ -2.9604371, 43.2487919 ], [ -2.9593649, 43.2500612 ], [ -2.955469, 43.2500597 ], [ -2.9557037, 43.2502354 ], [ -2.9558141, 43.2503075 ], [ -2.9559142, 43.2503705 ], [ -2.9560327, 43.2504471 ], [ -2.9561859, 43.2505102 ], [ -2.9562883, 43.2505552 ], [ -2.9564457, 43.2506183 ], [ -2.9565823, 43.2506769 ], [ -2.9567551, 43.250749 ], [ -2.9569287, 43.2508167 ], [ -2.9570233, 43.2508572 ], [ -2.9571381, 43.2509023 ], [ -2.9572623, 43.2509519 ], [ -2.9574044, 43.2510194 ], [ -2.957653, 43.2511141 ], [ -2.9577322, 43.2511816 ], [ -2.9578192, 43.2512312 ], [ -2.9579239, 43.2513033 ], [ -2.9580604, 43.2514429 ], [ -2.9581304, 43.251542 ], [ -2.9581876, 43.2517221 ], [ -2.9582106, 43.2518482 ], [ -2.9583372, 43.2520553 ], [ -2.9584833, 43.2522445 ], [ -2.9586253, 43.2523796 ], [ -2.9587588, 43.2524787 ], [ -2.9588985, 43.2525778 ], [ -2.9590679, 43.2526679 ], [ -2.9592699, 43.2527535 ], [ -2.9594577, 43.2528166 ], [ -2.9596875, 43.2528842 ], [ -2.9598919, 43.2529564 ], [ -2.9600936, 43.2530194 ], [ -2.96039, 43.2531096 ], [ -2.9605439, 43.2531727 ], [ -2.960741, 43.2532538 ], [ -2.9608995, 43.2533169 ], [ -2.9610789, 43.253389 ], [ -2.9612582, 43.2534386 ], [ -2.9614765, 43.2534882 ], [ -2.9616428, 43.2535287 ], [ -2.9617856, 43.2535558 ], [ -2.9618918, 43.2535693 ], [ -2.9620697, 43.2536054 ], [ -2.9622468, 43.253655 ], [ -2.9623684, 43.2537316 ], [ -2.9625365, 43.2538938 ], [ -2.9626269, 43.2540244 ], [ -2.9626704, 43.2541009 ], [ -2.9626923, 43.254218 ], [ -2.9627172, 43.254344 ], [ -2.9627764, 43.2544386 ], [ -2.9628668, 43.2545197 ], [ -2.9629757, 43.2545872 ], [ -2.9631035, 43.2546323 ], [ -2.9632463, 43.2546954 ], [ -2.9634565, 43.254736 ], [ -2.9635454, 43.2548576 ], [ -2.9636069, 43.2549341 ], [ -2.9636481, 43.2550062 ], [ -2.9637573, 43.2552403 ], [ -2.9638092, 43.2553484 ], [ -2.9639675, 43.2557807 ], [ -2.9640005, 43.2560148 ], [ -2.9640004, 43.2561454 ], [ -2.9640223, 43.256312 ], [ -2.9640742, 43.2564245 ], [ -2.9641588, 43.2565776 ], [ -2.9642873, 43.2567082 ], [ -2.9645282, 43.2568839 ], [ -2.964706, 43.257028 ], [ -2.964831, 43.2572082 ], [ -2.9649691, 43.2574018 ], [ -2.9650411, 43.2575279 ], [ -2.9650841, 43.257645 ], [ -2.9651133, 43.2577891 ], [ -2.9651271, 43.2579557 ], [ -2.9651135, 43.2580907 ], [ -2.9650529, 43.2582708 ], [ -2.9649624, 43.2585049 ], [ -2.9649758, 43.258568 ], [ -2.9650581, 43.2586535 ], [ -2.9651808, 43.2587616 ], [ -2.9653286, 43.2588742 ], [ -2.9655118, 43.2590184 ], [ -2.9656908, 43.2591219 ], [ -2.9658648, 43.2592526 ], [ -2.9660895, 43.2594282 ], [ -2.9662122, 43.2595903 ], [ -2.9662972, 43.259757 ], [ -2.9663299, 43.259892 ], [ -2.9663549, 43.2599956 ], [ -2.9663675, 43.2601442 ], [ -2.9663408, 43.2603243 ], [ -2.9662803, 43.2604458 ], [ -2.9661816, 43.2605898 ], [ -2.966053, 43.2607609 ], [ -2.9659188, 43.260968 ], [ -2.9658583, 43.2611255 ], [ -2.9657462, 43.2613191 ], [ -2.9656475, 43.2614181 ], [ -2.9655543, 43.2614946 ], [ -2.9654284, 43.2615666 ], [ -2.965319, 43.2616296 ], [ -2.9652516, 43.2616656 ], [ -2.965215, 43.2616836 ], [ -2.9651603, 43.2617061 ], [ -2.9650286, 43.2616656 ], [ -2.9647361, 43.2614899 ], [ -2.9646498, 43.2615934 ], [ -2.964451, 43.2618184 ], [ -2.9642923, 43.2619715 ], [ -2.9640966, 43.26212 ], [ -2.9638228, 43.2622865 ], [ -2.9635531, 43.262417 ], [ -2.9633066, 43.2625249 ], [ -2.9632219, 43.2625789 ], [ -2.9632218, 43.262696 ], [ -2.9631671, 43.262732 ], [ -2.9630851, 43.262723 ], [ -2.9629773, 43.2627004 ], [ -2.9626813, 43.2625473 ], [ -2.9624326, 43.2624301 ], [ -2.9623914, 43.2625291 ], [ -2.9623586, 43.2626507 ], [ -2.9623365, 43.2628938 ], [ -2.9623637, 43.2629929 ], [ -2.9624326, 43.2630919 ], [ -2.9624949, 43.263164 ], [ -2.9625565, 43.263227 ], [ -2.9626304, 43.2633081 ], [ -2.9626796, 43.2633621 ], [ -2.9627001, 43.2634072 ], [ -2.9626657, 43.2634792 ], [ -2.9626083, 43.2635332 ], [ -2.9626972, 43.2636458 ], [ -2.9627587, 43.2637584 ], [ -2.9627998, 43.2638755 ], [ -2.9628202, 43.2639925 ], [ -2.9628228, 43.2641546 ], [ -2.9628323, 43.2643167 ], [ -2.9628595, 43.2644068 ], [ -2.9629131, 43.2644788 ], [ -2.9630019, 43.2645734 ], [ -2.9630743, 43.264659 ], [ -2.9631605, 43.2647535 ], [ -2.9632697, 43.2648706 ], [ -2.9633902, 43.2650057 ], [ -2.9634929, 43.2651228 ], [ -2.9636049, 43.2652445 ], [ -2.9636857, 43.2653435 ], [ -2.96381, 43.2654921 ], [ -2.9639358, 43.2656002 ], [ -2.9640424, 43.2656993 ], [ -2.9641929, 43.2657939 ], [ -2.9644024, 43.265902 ], [ -2.964616, 43.2659921 ], [ -2.9648431, 43.2660823 ], [ -2.9649933, 43.2661543 ], [ -2.9651099, 43.2662264 ], [ -2.9652138, 43.266357 ], [ -2.9652765, 43.2664516 ], [ -2.9653643, 43.2665597 ], [ -2.9654709, 43.2666272 ], [ -2.9655994, 43.2667083 ], [ -2.9657757, 43.2667894 ], [ -2.9659044, 43.266848 ], [ -2.9660414, 43.2669021 ], [ -2.9662628, 43.2669787 ], [ -2.9664075, 43.2670012 ], [ -2.9665442, 43.2670238 ], [ -2.9667506, 43.2670463 ], [ -2.9669555, 43.2670779 ], [ -2.9671541, 43.267114 ], [ -2.9672916, 43.2671501 ], [ -2.9673527, 43.2671861 ], [ -2.9674075, 43.2672131 ], [ -2.9674625, 43.2672536 ], [ -2.967531, 43.2673122 ], [ -2.9675937, 43.2673887 ], [ -2.9676515, 43.2675058 ], [ -2.9677407, 43.267704 ], [ -2.9677776, 43.2677625 ], [ -2.9678576, 43.2679156 ], [ -2.9679746, 43.2680507 ], [ -2.9680585, 43.2681318 ], [ -2.968179, 43.2682219 ], [ -2.9684565, 43.2683795 ], [ -2.9686486, 43.2684921 ], [ -2.9688323, 43.2685912 ], [ -2.9691395, 43.2687579 ], [ -2.9693527, 43.2688885 ], [ -2.9695553, 43.2690011 ], [ -2.9696915, 43.2690687 ], [ -2.9698525, 43.2691138 ], [ -2.9699764, 43.2691409 ] ] ] } },
{ "type": "Feature", "properties": { "CCAA": "16 - País Vasco", "PROVINCIA": "48 - Bizkaia", "MUNICIPIO": "48020 - Bilbao", "COD_MUNICIPIO": "48020", "DISTRITO": "08", "SECCION": "4802008012", "V1_H": 80.91, "V1_M": 86.64, "V2_H": 80.44720226, "V2_M": 86.54313262, "V3_H": 81.45534141, "V3_M": 86.89844934 }, "geometry": { "type": "Polygon", "coordinates": [ [ [ -2.9508106, 43.26605 ], [ -2.953064, 43.2656773 ], [ -2.9546664, 43.2654258 ], [ -2.9554289, 43.2653405 ], [ -2.9560142, 43.2653003 ], [ -2.9566303, 43.2652825 ], [ -2.9570007, 43.2653051 ], [ -2.9574489, 43.2653188 ], [ -2.9579379, 43.2653775 ], [ -2.9583829, 43.2654632 ], [ -2.9587441, 43.2656074 ], [ -2.9591056, 43.2657427 ], [ -2.959442, 43.2659093 ], [ -2.9599, 43.2662427 ], [ -2.9602768, 43.2665355 ], [ -2.9607379, 43.2668463 ], [ -2.9612428, 43.2672472 ], [ -2.961869, 43.2677426 ], [ -2.9623086, 43.268085 ], [ -2.9628755, 43.2685534 ], [ -2.963427, 43.2690263 ], [ -2.9638138, 43.2694136 ], [ -2.9641659, 43.2697604 ], [ -2.964438, 43.2700261 ], [ -2.9653396, 43.2698869 ], [ -2.9650295, 43.269441 ], [ -2.9646781, 43.2690582 ], [ -2.9645157, 43.2688646 ], [ -2.9639931, 43.2683601 ], [ -2.9638388, 43.268189 ], [ -2.963616, 43.2678873 ], [ -2.9633244, 43.2674505 ], [ -2.963144, 43.2671442 ], [ -2.9629135, 43.266874 ], [ -2.9622378, 43.2661129 ], [ -2.9616464, 43.2653924 ], [ -2.9614163, 43.2650996 ], [ -2.9611782, 43.2647844 ], [ -2.9609785, 43.2645457 ], [ -2.960825, 43.2643835 ], [ -2.960629, 43.2642484 ], [ -2.9601987, 43.2640051 ], [ -2.9597457, 43.2637709 ], [ -2.9591887, 43.2634645 ], [ -2.9590644, 43.2634149 ], [ -2.9588657, 43.2633518 ], [ -2.9586613, 43.2633157 ], [ -2.9584657, 43.2633067 ], [ -2.9582224, 43.263302 ], [ -2.9579717, 43.2632795 ], [ -2.957718, 43.2632569 ], [ -2.9574985, 43.2632162 ], [ -2.9573199, 43.2631666 ], [ -2.9571829, 43.2630901 ], [ -2.957052, 43.2629955 ], [ -2.9568608, 43.2628153 ], [ -2.956628, 43.2625721 ], [ -2.9560547, 43.2620271 ], [ -2.9556718, 43.2616398 ], [ -2.9551367, 43.2610587 ], [ -2.9549824, 43.2609371 ], [ -2.9547992, 43.2608335 ], [ -2.9546556, 43.2607659 ], [ -2.9546663, 43.260892 ], [ -2.9547317, 43.2610226 ], [ -2.9548485, 43.2612657 ], [ -2.9550801, 43.2615945 ], [ -2.9551801, 43.2617476 ], [ -2.9552647, 43.2618872 ], [ -2.9553147, 43.2619863 ], [ -2.9553585, 43.2621259 ], [ -2.9553803, 43.262279 ], [ -2.9553925, 43.2624275 ], [ -2.95543, 43.2627427 ], [ -2.9554456, 43.2629498 ], [ -2.9554516, 43.2632065 ], [ -2.9554138, 43.2632965 ], [ -2.9553452, 43.2633955 ], [ -2.9549658, 43.26358 ], [ -2.9546869, 43.2636789 ], [ -2.954189, 43.2638092 ], [ -2.9539633, 43.2638947 ], [ -2.9538192, 43.2639487 ], [ -2.9533683, 43.2640025 ], [ -2.9531206, 43.2640564 ], [ -2.9528761, 43.2641194 ], [ -2.9527917, 43.2641554 ], [ -2.952328, 43.2643127 ], [ -2.9520553, 43.2644162 ], [ -2.9518546, 43.2644701 ], [ -2.9516344, 43.264479 ], [ -2.9513694, 43.2644924 ], [ -2.951225, 43.2646049 ], [ -2.9509996, 43.2647714 ], [ -2.950802, 43.2648884 ], [ -2.9505924, 43.2649784 ], [ -2.9502065, 43.2650727 ], [ -2.9503515, 43.2652889 ], [ -2.9508106, 43.26605 ] ] ] } },
{ "type": "Feature", "properties": { "CCAA": "16 - País Vasco", "PROVINCIA": "48 - Bizkaia", "MUNICIPIO": "48020 - Bilbao", "COD_MUNICIPIO": "48020", "DISTRITO": "08", "SECCION": "4802008020", "V1_H": 81.72, "V1_M": 86.96, "V2_H": 81.44760383000001, "V2_M": 86.83587728000001, "V3_H": 82.03657934, "V3_M": 87.26058658 }, "geometry": { "type": "Polygon", "coordinates": [ [ [ -2.9465657, 43.2599564 ], [ -2.946706, 43.2601591 ], [ -2.9468387, 43.2603258 ], [ -2.947078, 43.2605285 ], [ -2.948089, 43.2579446 ], [ -2.9478527, 43.2579265 ], [ -2.9460847, 43.2578131 ], [ -2.9462447, 43.2589297 ], [ -2.9462868, 43.2591864 ], [ -2.9463286, 43.259362 ], [ -2.9464192, 43.2596682 ], [ -2.9465657, 43.2599564 ] ] ] } },
{ "type": "Feature", "properties": { "CCAA": "16 - País Vasco", "PROVINCIA": "48 - Bizkaia", "MUNICIPIO": "48020 - Bilbao", "COD_MUNICIPIO": "48020", "DISTRITO": "08", "SECCION": "4802008022", "V1_H": 81.58, "V1_M": 86.83, "V2_H": 80.91860297, "V2_M": 86.63659936000001, "V3_H": 82.21677219, "V3_M": 87.10560157 }, "geometry": { "type": "Polygon", "coordinates": [ [ [ -2.9460847, 43.2578131 ], [ -2.9478527, 43.2579265 ], [ -2.948089, 43.2579446 ], [ -2.9482129, 43.257661 ], [ -2.9483784, 43.2572379 ], [ -2.9485678, 43.2567472 ], [ -2.9485918, 43.2566527 ], [ -2.9483705, 43.2565265 ], [ -2.94747, 43.2560803 ], [ -2.9473356, 43.2561433 ], [ -2.9471018, 43.2562873 ], [ -2.9459383, 43.2567325 ], [ -2.9459724, 43.2568856 ], [ -2.9460248, 43.2573133 ], [ -2.9460887, 43.257696 ], [ -2.9460847, 43.2578131 ] ] ] } },
{ "type": "Feature", "properties": { "CCAA": "16 - País Vasco", "PROVINCIA": "48 - Bizkaia", "MUNICIPIO": "48020 - Bilbao", "COD_MUNICIPIO": "48020", "DISTRITO": "06", "SECCION": "4802006003", "V1_H": 82.5, "V1_M": 87.29, "V2_H": 82.15783722, "V2_M": 87.30677587, "V3_H": 82.90083825000001, "V3_M": 87.37512967000001 }, "geometry": { "type": "Polygon", "coordinates": [ [ [ -2.9301255, 43.2682182 ], [ -2.9312405, 43.2690789 ], [ -2.9315249, 43.2692276 ], [ -2.931797, 43.2693493 ], [ -2.9320733, 43.2691154 ], [ -2.932268, 43.2689174 ], [ -2.932455, 43.2686879 ], [ -2.932651, 43.2684359 ], [ -2.9328789, 43.2681029 ], [ -2.9329851, 43.2678148 ], [ -2.9346394, 43.267415 ], [ -2.9347174, 43.267298 ], [ -2.9318886, 43.2666705 ], [ -2.931419, 43.2677598 ], [ -2.931242, 43.2677012 ], [ -2.9310508, 43.2675794 ], [ -2.9307957, 43.2673812 ], [ -2.9306469, 43.267156 ], [ -2.9304771, 43.2668542 ], [ -2.9302862, 43.2664354 ], [ -2.9284881, 43.2669521 ], [ -2.9301255, 43.2682182 ] ] ] } },
{ "type": "Feature", "properties": { "CCAA": "16 - País Vasco", "PROVINCIA": "48 - Bizkaia", "MUNICIPIO": "48020 - Bilbao", "COD_MUNICIPIO": "48020", "DISTRITO": "06", "SECCION": "4802006015", "V1_H": 83.02, "V1_M": 87.55, "V2_H": 82.56010262, "V2_M": 87.39744151, "V3_H": 83.4975015, "V3_M": 87.7973198 }, "geometry": { "type": "Polygon", "coordinates": [ [ [ -2.9411868, 43.2643705 ], [ -2.943037, 43.2647632 ], [ -2.943455, 43.2637009 ], [ -2.9438394, 43.2627376 ], [ -2.9422915, 43.2623946 ], [ -2.9420255, 43.2623359 ], [ -2.9416437, 43.2632857 ], [ -2.9411868, 43.2643705 ] ] ] } },
{ "type": "Feature", "properties": { "CCAA": "16 - País Vasco", "PROVINCIA": "48 - Bizkaia", "MUNICIPIO": "48020 - Bilbao", "COD_MUNICIPIO": "48020", "DISTRITO": "06", "SECCION": "4802006022", "V1_H": 82.53, "V1_M": 87.34, "V2_H": 82.38507422000001, "V2_M": 87.19104055, "V3_H": 82.74254947, "V3_M": 87.61225513 }, "geometry": { "type": "Polygon", "coordinates": [ [ [ -2.9385604, 43.2615642 ], [ -2.9381555, 43.262559 ], [ -2.9396007, 43.2628614 ], [ -2.9400298, 43.2618892 ], [ -2.9396957, 43.261826 ], [ -2.9385604, 43.2615642 ] ] ] } },
{ "type": "Feature", "properties": { "CCAA": "16 - País Vasco", "PROVINCIA": "48 - Bizkaia", "MUNICIPIO": "48020 - Bilbao", "COD_MUNICIPIO": "48020", "DISTRITO": "06", "SECCION": "4802006029", "V1_H": 82.27, "V1_M": 87.07, "V2_H": 81.979544, "V2_M": 86.90367115, "V3_H": 82.63571561000001, "V3_M": 87.32539334000001 }, "geometry": { "type": "Polygon", "coordinates": [ [ [ -2.9294115, 43.259956 ], [ -2.9303432, 43.2607445 ], [ -2.931999, 43.2612903 ], [ -2.9322533, 43.2611554 ], [ -2.932516, 43.2610475 ], [ -2.9328252, 43.2609441 ], [ -2.9331634, 43.2608543 ], [ -2.9334696, 43.2607869 ], [ -2.9336772, 43.2607375 ], [ -2.9330896, 43.2596791 ], [ -2.9323331, 43.2582875 ], [ -2.9294115, 43.259956 ] ] ] } },
{ "type": "Feature", "properties": { "CCAA": "16 - País Vasco", "PROVINCIA": "48 - Bizkaia", "MUNICIPIO": "48020 - Bilbao", "COD_MUNICIPIO": "48020", "DISTRITO": "07", "SECCION": "4802007007", "V1_H": 81.41, "V1_M": 86.82, "V2_H": 80.96532964, "V2_M": 86.87567885, "V3_H": 81.8694609, "V3_M": 86.90400308 }, "geometry": { "type": "Polygon", "coordinates": [ [ [ -2.9388808, 43.2574672 ], [ -2.9400065, 43.2575309 ], [ -2.9400693, 43.256671 ], [ -2.9389532, 43.2566119 ], [ -2.9388808, 43.2574672 ] ] ] } },
{ "type": "Feature", "properties": { "CCAA": "16 - País Vasco", "PROVINCIA": "48 - Bizkaia", "MUNICIPIO": "48020 - Bilbao", "COD_MUNICIPIO": "48020", "DISTRITO": "07", "SECCION": "4802007021", "V1_H": 80.31, "V1_M": 86.3, "V2_H": 80.10187432, "V2_M": 86.1135989, "V3_H": 80.75259804, "V3_M": 86.72412179 }, "geometry": { "type": "Polygon", "coordinates": [ [ [ -2.9388915, 43.2521275 ], [ -2.9390051, 43.2521591 ], [ -2.9392121, 43.2522042 ], [ -2.9395559, 43.2522314 ], [ -2.9398431, 43.2522316 ], [ -2.9401915, 43.2522092 ], [ -2.9406319, 43.2521825 ], [ -2.9411197, 43.2521827 ], [ -2.9414276, 43.2522414 ], [ -2.9410905, 43.2521242 ], [ -2.9408739, 43.2520565 ], [ -2.9407041, 43.2520069 ], [ -2.9405221, 43.2519528 ], [ -2.9402851, 43.2518356 ], [ -2.9400542, 43.2516959 ], [ -2.9398969, 43.2515788 ], [ -2.939758, 43.2514436 ], [ -2.9396088, 43.2512995 ], [ -2.9394842, 43.2511283 ], [ -2.9394208, 43.2510292 ], [ -2.9393863, 43.2509527 ], [ -2.9393352, 43.2508356 ], [ -2.9393045, 43.2507635 ], [ -2.939223, 43.2505249 ], [ -2.9392663, 43.2504798 ], [ -2.9395416, 43.2503224 ], [ -2.9395975, 43.2502324 ], [ -2.9396772, 43.2501964 ], [ -2.9391704, 43.2500566 ], [ -2.9388128, 43.2493405 ], [ -2.9387795, 43.2490351 ], [ -2.9379914, 43.2490648 ], [ -2.9377728, 43.2493696 ], [ -2.9374626, 43.2499222 ], [ -2.9370188, 43.2503555 ], [ -2.9375384, 43.2506501 ], [ -2.9369955, 43.2514286 ], [ -2.9375716, 43.2516315 ], [ -2.9378598, 43.2517488 ], [ -2.9381454, 43.251857 ], [ -2.9384128, 43.2519472 ], [ -2.9387845, 43.252096 ], [ -2.9388915, 43.2521275 ] ] ] } },
{ "type": "Feature", "properties": { "CCAA": "16 - País Vasco", "PROVINCIA": "48 - Bizkaia", "MUNICIPIO": "48020 - Bilbao", "COD_MUNICIPIO": "48020", "DISTRITO": "07", "SECCION": "4802007028", "V1_H": 79.57, "V1_M": 85.52, "V2_H": 79.5571672, "V2_M": 85.61629353, "V3_H": 79.73611669, "V3_M": 85.61269153000001 }, "geometry": { "type": "Polygon", "coordinates": [ [ [ -2.9485561, 43.2516146 ], [ -2.9490157, 43.2516013 ], [ -2.9492309, 43.2516914 ], [ -2.9495606, 43.2518536 ], [ -2.9497907, 43.2519978 ], [ -2.9501994, 43.2521736 ], [ -2.9501751, 43.2518359 ], [ -2.9525109, 43.2502026 ], [ -2.9519553, 43.2497476 ], [ -2.9516899, 43.2495178 ], [ -2.9514964, 43.2493422 ], [ -2.9513476, 43.249144 ], [ -2.9511937, 43.2490224 ], [ -2.9507323, 43.2488196 ], [ -2.9504676, 43.2486934 ], [ -2.9502932, 43.2486213 ], [ -2.950202, 43.2485987 ], [ -2.9502065, 43.2487653 ], [ -2.9502137, 43.2488374 ], [ -2.9499701, 43.2488328 ], [ -2.9497738, 43.2488327 ], [ -2.9497856, 43.2489497 ], [ -2.9497974, 43.2490443 ], [ -2.9497581, 43.2491208 ], [ -2.9497088, 43.2491658 ], [ -2.9496221, 43.2492243 ], [ -2.9494951, 43.2492783 ], [ -2.9494015, 43.2493367 ], [ -2.9493202, 43.2493907 ], [ -2.9493381, 43.2495258 ], [ -2.9493053, 43.2496294 ], [ -2.9492333, 43.2497059 ], [ -2.9491682, 43.2497464 ], [ -2.9491104, 43.2497733 ], [ -2.9490053, 43.2497778 ], [ -2.9485561, 43.2516146 ] ] ] } },
{ "type": "Feature", "properties": { "CCAA": "16 - País Vasco", "PROVINCIA": "48 - Bizkaia", "MUNICIPIO": "48020 - Bilbao", "COD_MUNICIPIO": "48020", "DISTRITO": "07", "SECCION": "4802007035", "V1_H": 80.85, "V1_M": 86.44, "V2_H": 80.47892397, "V2_M": 86.23437891, "V3_H": 81.22204479, "V3_M": 86.80010662 }, "geometry": { "type": "Polygon", "coordinates": [ [ [ -2.9396772, 43.2501964 ], [ -2.9409552, 43.2503547 ], [ -2.9437554, 43.2516483 ], [ -2.9439475, 43.2515854 ], [ -2.9444392, 43.2516036 ], [ -2.9447572, 43.2515903 ], [ -2.9449855, 43.2515723 ], [ -2.9452014, 43.2515679 ], [ -2.9448619, 43.2511491 ], [ -2.9446443, 43.251212 ], [ -2.9444826, 43.2512389 ], [ -2.9442177, 43.2512433 ], [ -2.9440476, 43.2512387 ], [ -2.9438463, 43.2512116 ], [ -2.9436808, 43.251162 ], [ -2.9435226, 43.2511169 ], [ -2.9433429, 43.2510403 ], [ -2.9428434, 43.2508194 ], [ -2.9406973, 43.2499088 ], [ -2.9405074, 43.2497061 ], [ -2.9403856, 43.2494404 ], [ -2.9403624, 43.2491658 ], [ -2.9405703, 43.2491479 ], [ -2.9408744, 43.249112 ], [ -2.9411043, 43.2490716 ], [ -2.9412976, 43.2489952 ], [ -2.9416562, 43.2488333 ], [ -2.9419196, 43.2487118 ], [ -2.9423034, 43.2487525 ], [ -2.9425135, 43.2487662 ], [ -2.9422893, 43.2485184 ], [ -2.9422032, 43.2483383 ], [ -2.9420903, 43.2481266 ], [ -2.942012, 43.2479375 ], [ -2.9418272, 43.2475457 ], [ -2.9417812, 43.2473521 ], [ -2.9417349, 43.2470819 ], [ -2.9417023, 43.2468838 ], [ -2.9417155, 43.2467848 ], [ -2.9417784, 43.2465957 ], [ -2.9419405, 43.2462041 ], [ -2.9419152, 43.246114 ], [ -2.9418806, 43.2460284 ], [ -2.9418518, 43.2459249 ], [ -2.9418885, 43.2457718 ], [ -2.9420359, 43.2454837 ], [ -2.9422048, 43.2450876 ], [ -2.9422566, 43.2449256 ], [ -2.942281, 43.244777 ], [ -2.9422646, 43.2446419 ], [ -2.94223, 43.2445699 ], [ -2.9421611, 43.2444663 ], [ -2.9420827, 43.2443672 ], [ -2.9419673, 43.2442726 ], [ -2.941855, 43.244178 ], [ -2.9417335, 43.2441239 ], [ -2.9416254, 43.2440112 ], [ -2.9415304, 43.2439167 ], [ -2.9414616, 43.2438085 ], [ -2.9414113, 43.2436825 ], [ -2.941311, 43.2435159 ], [ -2.9411826, 43.2433717 ], [ -2.9410392, 43.2432275 ], [ -2.9409265, 43.2430924 ], [ -2.9407546, 43.2429167 ], [ -2.9399992, 43.2423221 ], [ -2.9388495, 43.2426816 ], [ -2.9380447, 43.2429423 ], [ -2.9377961, 43.2429962 ], [ -2.9375363, 43.2430051 ], [ -2.9372757, 43.2429869 ], [ -2.9370709, 43.2429328 ], [ -2.9366942, 43.2427975 ], [ -2.9352291, 43.2421978 ], [ -2.9348343, 43.2420445 ], [ -2.9344187, 43.2419407 ], [ -2.9341185, 43.241891 ], [ -2.9338056, 43.2418908 ], [ -2.9335297, 43.2419042 ], [ -2.9331866, 43.2419761 ], [ -2.9328616, 43.2420929 ], [ -2.9325123, 43.2422863 ], [ -2.9323847, 43.2424123 ], [ -2.932239, 43.2426103 ], [ -2.9321326, 43.2427903 ], [ -2.9320473, 43.2429929 ], [ -2.9319693, 43.2431865 ], [ -2.9318621, 43.2433845 ], [ -2.9317184, 43.2437896 ], [ -2.9317847, 43.2440373 ], [ -2.9319819, 43.2443436 ], [ -2.9320848, 43.2445507 ], [ -2.9320785, 43.2447353 ], [ -2.9319508, 43.2449198 ], [ -2.9316225, 43.2452438 ], [ -2.9318289, 43.245469 ], [ -2.9320046, 43.2456943 ], [ -2.9321745, 43.245906 ], [ -2.932329, 43.2461042 ], [ -2.9325789, 43.246397 ], [ -2.9328923, 43.2466808 ], [ -2.9333085, 43.2469512 ], [ -2.9338355, 43.2472802 ], [ -2.9343276, 43.2475236 ], [ -2.9346997, 43.2476814 ], [ -2.9349602, 43.2477851 ], [ -2.9353294, 43.2477583 ], [ -2.9357327, 43.2478621 ], [ -2.9360868, 43.2479298 ], [ -2.9364963, 43.247975 ], [ -2.9370114, 43.2479843 ], [ -2.9375635, 43.2479306 ], [ -2.938635, 43.2477106 ], [ -2.9387795, 43.2490351 ], [ -2.9388128, 43.2493405 ], [ -2.9391704, 43.2500566 ], [ -2.9396772, 43.2501964 ] ] ] } },
{ "type": "Feature", "properties": { "CCAA": "16 - País Vasco", "PROVINCIA": "48 - Bizkaia", "MUNICIPIO": "48020 - Bilbao", "COD_MUNICIPIO": "48020", "DISTRITO": "08", "SECCION": "4802008003", "V1_H": 80.66, "V1_M": 86.4, "V2_H": 80.5853616, "V2_M": 86.40568132, "V3_H": 80.91378542, "V3_M": 86.56441087 }, "geometry": { "type": "Polygon", "coordinates": [ [ [ -2.9735696, 43.2761743 ], [ -2.9739185, 43.2762825 ], [ -2.9744649, 43.2764492 ], [ -2.9746959, 43.2765483 ], [ -2.9749483, 43.2763503 ], [ -2.9751502, 43.2761252 ], [ -2.9755078, 43.2755985 ], [ -2.975449, 43.2754094 ], [ -2.9743349, 43.2750355 ], [ -2.9735696, 43.2761743 ] ] ] } },
{ "type": "Feature", "properties": { "CCAA": "16 - País Vasco", "PROVINCIA": "48 - Bizkaia", "MUNICIPIO": "48020 - Bilbao", "COD_MUNICIPIO": "48020", "DISTRITO": "08", "SECCION": "4802008010", "V1_H": 79.89, "V1_M": 85.97, "V2_H": 79.67266264, "V2_M": 85.8368825, "V3_H": 80.33686579, "V3_M": 86.2809331 }, "geometry": { "type": "Polygon", "coordinates": [ [ [ -2.9591887, 43.2634645 ], [ -2.9597457, 43.2637709 ], [ -2.9601987, 43.2640051 ], [ -2.960629, 43.2642484 ], [ -2.960825, 43.2643835 ], [ -2.9609785, 43.2645457 ], [ -2.9611782, 43.2647844 ], [ -2.9614163, 43.2650996 ], [ -2.9616464, 43.2653924 ], [ -2.9622378, 43.2661129 ], [ -2.9629135, 43.266874 ], [ -2.963144, 43.2671442 ], [ -2.9633244, 43.2674505 ], [ -2.963616, 43.2678873 ], [ -2.9638388, 43.268189 ], [ -2.9639931, 43.2683601 ], [ -2.9645157, 43.2688646 ], [ -2.9646781, 43.2690582 ], [ -2.9647903, 43.2689907 ], [ -2.9649289, 43.2689052 ], [ -2.9652925, 43.2686802 ], [ -2.9656878, 43.2684102 ], [ -2.9660545, 43.2681267 ], [ -2.9664837, 43.2678207 ], [ -2.9668007, 43.2675506 ], [ -2.9672916, 43.2671501 ], [ -2.9671541, 43.267114 ], [ -2.9669555, 43.2670779 ], [ -2.9667506, 43.2670463 ], [ -2.9665442, 43.2670238 ], [ -2.9664075, 43.2670012 ], [ -2.9662628, 43.2669787 ], [ -2.9660414, 43.2669021 ], [ -2.9659044, 43.266848 ], [ -2.9657757, 43.2667894 ], [ -2.9655994, 43.2667083 ], [ -2.9654709, 43.2666272 ], [ -2.9653643, 43.2665597 ], [ -2.9652765, 43.2664516 ], [ -2.9652138, 43.266357 ], [ -2.9651099, 43.2662264 ], [ -2.9649933, 43.2661543 ], [ -2.9648431, 43.2660823 ], [ -2.964616, 43.2659921 ], [ -2.9644024, 43.265902 ], [ -2.9641929, 43.2657939 ], [ -2.9640424, 43.2656993 ], [ -2.9639358, 43.2656002 ], [ -2.96381, 43.2654921 ], [ -2.9636857, 43.2653435 ], [ -2.9636049, 43.2652445 ], [ -2.9634929, 43.2651228 ], [ -2.9633902, 43.2650057 ], [ -2.9632697, 43.2648706 ], [ -2.9631605, 43.2647535 ], [ -2.9630743, 43.264659 ], [ -2.9630019, 43.2645734 ], [ -2.9629131, 43.2644788 ], [ -2.9628595, 43.2644068 ], [ -2.9628323, 43.2643167 ], [ -2.9628228, 43.2641546 ], [ -2.9628202, 43.2639925 ], [ -2.9627998, 43.2638755 ], [ -2.9627587, 43.2637584 ], [ -2.9626972, 43.2636458 ], [ -2.9626083, 43.2635332 ], [ -2.9626657, 43.2634792 ], [ -2.9627001, 43.2634072 ], [ -2.9626796, 43.2633621 ], [ -2.9626304, 43.2633081 ], [ -2.9625565, 43.263227 ], [ -2.9624949, 43.263164 ], [ -2.9624326, 43.2630919 ], [ -2.9623637, 43.2629929 ], [ -2.9623365, 43.2628938 ], [ -2.9623586, 43.2626507 ], [ -2.9623914, 43.2625291 ], [ -2.9624326, 43.2624301 ], [ -2.9626813, 43.2625473 ], [ -2.9629773, 43.2627004 ], [ -2.9630851, 43.262723 ], [ -2.9631671, 43.262732 ], [ -2.9632218, 43.262696 ], [ -2.9632219, 43.2625789 ], [ -2.9633066, 43.2625249 ], [ -2.9635531, 43.262417 ], [ -2.9638228, 43.2622865 ], [ -2.9640966, 43.26212 ], [ -2.9642923, 43.2619715 ], [ -2.964451, 43.2618184 ], [ -2.9646498, 43.2615934 ], [ -2.9647361, 43.2614899 ], [ -2.9645798, 43.2613998 ], [ -2.9641765, 43.2610935 ], [ -2.9637219, 43.2608367 ], [ -2.9633525, 43.2605575 ], [ -2.9631181, 43.2604223 ], [ -2.9627886, 43.2602961 ], [ -2.9626215, 43.260242 ], [ -2.9622886, 43.2600708 ], [ -2.9615991, 43.2598005 ], [ -2.961041, 43.2595571 ], [ -2.9605926, 43.2593949 ], [ -2.959969, 43.2592101 ], [ -2.9596159, 43.2591785 ], [ -2.9582962, 43.2606908 ], [ -2.9584832, 43.2608709 ], [ -2.9587925, 43.2611727 ], [ -2.9590914, 43.2615645 ], [ -2.9596808, 43.2623661 ], [ -2.9600863, 43.262857 ], [ -2.9591887, 43.2634645 ] ] ] } },
{ "type": "Feature", "properties": { "CCAA": "16 - País Vasco", "PROVINCIA": "48 - Bizkaia", "MUNICIPIO": "48020 - Bilbao", "COD_MUNICIPIO": "48020", "DISTRITO": "08", "SECCION": "4802008019", "V1_H": 81.72, "V1_M": 86.96, "V2_H": 81.44760383000001, "V2_M": 86.83587728000001, "V3_H": 82.03657934, "V3_M": 87.26058658 }, "geometry": { "type": "Polygon", "coordinates": [ [ [ -2.947078, 43.2605285 ], [ -2.9474577, 43.2608618 ], [ -2.9481485, 43.2613619 ], [ -2.9484771, 43.2615917 ], [ -2.9499886, 43.257986 ], [ -2.948774, 43.2579719 ], [ -2.948089, 43.2579446 ], [ -2.947078, 43.2605285 ] ] ] } },
{ "type": "Feature", "properties": { "CCAA": "16 - País Vasco", "PROVINCIA": "48 - Bizkaia", "MUNICIPIO": "48020 - Bilbao", "COD_MUNICIPIO": "48020", "DISTRITO": "03", "SECCION": "4802003011", "V1_H": 78.55, "V1_M": 84.66, "V2_H": 78.61689556, "V2_M": 84.78747684, "V3_H": 78.67326671, "V3_M": 84.67928018000001 }, "geometry": { "type": "Polygon", "coordinates": [ [ [ -2.8992721, 43.2582855 ], [ -2.899526, 43.258898 ], [ -2.8998367, 43.2591594 ], [ -2.9000254, 43.2593622 ], [ -2.9003071, 43.2594075 ], [ -2.9005151, 43.2593896 ], [ -2.9006345, 43.2593762 ], [ -2.9012433, 43.2592777 ], [ -2.9017644, 43.2591836 ], [ -2.9020726, 43.2591028 ], [ -2.9023045, 43.2589905 ], [ -2.9025315, 43.2588376 ], [ -2.9026863, 43.2586486 ], [ -2.9024517, 43.2584593 ], [ -2.9021124, 43.2580403 ], [ -2.9015698, 43.2578868 ], [ -2.9013645, 43.2576975 ], [ -2.9011999, 43.2575488 ], [ -2.9011649, 43.2573371 ], [ -2.9011435, 43.2572066 ], [ -2.9006691, 43.2568055 ], [ -2.9002424, 43.2573183 ], [ -2.9000532, 43.2574217 ], [ -2.8998309, 43.2575521 ], [ -2.8997344, 43.2576646 ], [ -2.8995903, 43.257705 ], [ -2.899434, 43.2577228 ], [ -2.899183, 43.2576911 ], [ -2.8990985, 43.2576055 ], [ -2.8990382, 43.2575154 ], [ -2.8992721, 43.2582855 ] ] ] } },
{ "type": "Feature", "properties": { "CCAA": "16 - País Vasco", "PROVINCIA": "48 - Bizkaia", "MUNICIPIO": "48020 - Bilbao", "COD_MUNICIPIO": "48020", "DISTRITO": "06", "SECCION": "4802006041", "V1_H": 82.19, "V1_M": 87.25, "V2_H": 81.84285612, "V2_M": 87.14223952, "V3_H": 82.56554756, "V3_M": 87.46692958 }, "geometry": { "type": "Polygon", "coordinates": [ [ [ -2.935498, 43.2578751 ], [ -2.9367685, 43.2586637 ], [ -2.9374918, 43.2590918 ], [ -2.9380052, 43.2593758 ], [ -2.9384933, 43.2583405 ], [ -2.9388808, 43.2574672 ], [ -2.9376695, 43.2574081 ], [ -2.9370833, 43.2573627 ], [ -2.9357493, 43.2572945 ], [ -2.935498, 43.2578751 ] ] ] } },
{ "type": "Feature", "properties": { "CCAA": "16 - País Vasco", "PROVINCIA": "48 - Bizkaia", "MUNICIPIO": "48020 - Bilbao", "COD_MUNICIPIO": "48020", "DISTRITO": "02", "SECCION": "4802002013", "V1_H": 80.11, "V1_M": 85.95, "V2_H": 80.1609953, "V2_M": 86.03869322, "V3_H": 80.32004483, "V3_M": 85.9872989 }, "geometry": { "type": "Polygon", "coordinates": [ [ [ -2.9110515, 43.2636395 ], [ -2.9109318, 43.2638826 ], [ -2.9109988, 43.2639051 ], [ -2.9111054, 43.2638962 ], [ -2.9112865, 43.2638559 ], [ -2.9115191, 43.2637975 ], [ -2.9117838, 43.2636761 ], [ -2.9120974, 43.2636044 ], [ -2.9131772, 43.2635196 ], [ -2.9132341, 43.2635872 ], [ -2.9132192, 43.2634702 ], [ -2.9132796, 43.2632135 ], [ -2.9133184, 43.2630335 ], [ -2.9133338, 43.2628039 ], [ -2.9132719, 43.26216 ], [ -2.9132154, 43.2620969 ], [ -2.913054, 43.2621598 ], [ -2.9122441, 43.2624924 ], [ -2.91201, 43.2622446 ], [ -2.9115363, 43.2617895 ], [ -2.9114468, 43.2616498 ], [ -2.9113689, 43.2614607 ], [ -2.9113757, 43.2612761 ], [ -2.9113945, 43.261114 ], [ -2.911405, 43.2610375 ], [ -2.9097428, 43.26177 ], [ -2.9100585, 43.262027 ], [ -2.911555, 43.2629421 ], [ -2.9110917, 43.2630228 ], [ -2.9111074, 43.2630993 ], [ -2.911118, 43.2632344 ], [ -2.9111023, 43.2634415 ], [ -2.9110515, 43.2636395 ] ] ] } },
{ "type": "Feature", "properties": { "CCAA": "16 - País Vasco", "PROVINCIA": "48 - Bizkaia", "MUNICIPIO": "48020 - Bilbao", "COD_MUNICIPIO": "48020", "DISTRITO": "05", "SECCION": "4802005029", "V1_H": 81.68, "V1_M": 87.08, "V2_H": 81.12537096, "V2_M": 86.91948792, "V3_H": 82.31095034000001, "V3_M": 87.32789848 }, "geometry": { "type": "Polygon", "coordinates": [ [ [ -2.9323841, 43.2527152 ], [ -2.9329752, 43.2528204 ], [ -2.9323512, 43.2517231 ], [ -2.9323004, 43.2513584 ], [ -2.9324704, 43.2511108 ], [ -2.9326754, 43.2509579 ], [ -2.9328784, 43.2508679 ], [ -2.9327316, 43.2507587 ], [ -2.9304658, 43.251238 ], [ -2.9295952, 43.2514164 ], [ -2.9295916, 43.2514228 ], [ -2.9290652, 43.2515469 ], [ -2.9283067, 43.2517387 ], [ -2.928212, 43.2517552 ], [ -2.9284604, 43.2518613 ], [ -2.9287341, 43.2519758 ], [ -2.9290208, 43.2521046 ], [ -2.9292227, 43.2522191 ], [ -2.9294507, 43.2523813 ], [ -2.9295939, 43.2525624 ], [ -2.9316669, 43.2525875 ], [ -2.9323841, 43.2527152 ] ] ] } },
{ "type": "Feature", "properties": { "CCAA": "16 - País Vasco", "PROVINCIA": "48 - Bizkaia", "MUNICIPIO": "48020 - Bilbao", "COD_MUNICIPIO": "48020", "DISTRITO": "05", "SECCION": "4802005046", "V1_H": 81.4, "V1_M": 86.8, "V2_H": 81.08162797, "V2_M": 86.57651574, "V3_H": 81.67802952, "V3_M": 87.10412253 }, "geometry": { "type": "Polygon", "coordinates": [ [ [ -2.9265907, 43.2491058 ], [ -2.9260617, 43.2487184 ], [ -2.9256396, 43.2477322 ], [ -2.9253012, 43.2480104 ], [ -2.9248366, 43.2480686 ], [ -2.9244521, 43.2480918 ], [ -2.9239876, 43.2480915 ], [ -2.9236192, 43.2480912 ], [ -2.9234109, 43.2481145 ], [ -2.9233465, 43.2483252 ], [ -2.9233783, 43.2485243 ], [ -2.923234, 43.2486179 ], [ -2.9232175, 43.2490277 ], [ -2.9232169, 43.2494727 ], [ -2.9234088, 43.2497538 ], [ -2.9236487, 43.2501053 ], [ -2.9236484, 43.2503395 ], [ -2.9240006, 43.2504451 ], [ -2.9241445, 43.2506676 ], [ -2.9242725, 43.2508317 ], [ -2.9244857, 43.2509378 ], [ -2.9244713, 43.2509969 ], [ -2.9246863, 43.2510689 ], [ -2.9253601, 43.251305 ], [ -2.9253693, 43.2513083 ], [ -2.9257565, 43.2506683 ], [ -2.9260888, 43.2508305 ], [ -2.9266501, 43.2502305 ], [ -2.925901, 43.2498202 ], [ -2.9265907, 43.2491058 ] ] ] } },
{ "type": "Feature", "properties": { "CCAA": "16 - País Vasco", "PROVINCIA": "48 - Bizkaia", "MUNICIPIO": "48020 - Bilbao", "COD_MUNICIPIO": "48020", "DISTRITO": "07", "SECCION": "4802007030", "V1_H": 79.92, "V1_M": 85.8, "V2_H": 79.90391364, "V2_M": 85.68196434, "V3_H": 80.09820982, "V3_M": 86.14356104 }, "geometry": { "type": "Polygon", "coordinates": [ [ [ -2.9465817, 43.251393 ], [ -2.9465032, 43.2518207 ], [ -2.9464401, 43.2522439 ], [ -2.9460566, 43.252748 ], [ -2.947533, 43.2530864 ], [ -2.9474668, 43.2522173 ], [ -2.947603, 43.251506 ], [ -2.9477805, 43.2505516 ], [ -2.9478956, 43.250061 ], [ -2.9479828, 43.2496932 ], [ -2.9474722, 43.249627 ], [ -2.9472695, 43.2504915 ], [ -2.9467824, 43.2504341 ], [ -2.9465817, 43.251393 ] ] ] } },
{ "type": "Feature", "properties": { "CCAA": "16 - País Vasco", "PROVINCIA": "48 - Bizkaia", "MUNICIPIO": "48020 - Bilbao", "COD_MUNICIPIO": "48020", "DISTRITO": "06", "SECCION": "4802006030", "V1_H": 80.91, "V1_M": 86.64, "V2_H": 80.44720226, "V2_M": 86.54313262, "V3_H": 81.45534141, "V3_M": 86.89844934 }, "geometry": { "type": "Polygon", "coordinates": [ [ [ -2.9319453, 43.2570401 ], [ -2.9317236, 43.2572876 ], [ -2.9295547, 43.2573538 ], [ -2.9279209, 43.2585279 ], [ -2.9264549, 43.259657 ], [ -2.9256395, 43.2604894 ], [ -2.9271906, 43.2612963 ], [ -2.9294115, 43.259956 ], [ -2.9323331, 43.2582875 ], [ -2.934264, 43.257181 ], [ -2.9339427, 43.2570052 ], [ -2.9338246, 43.2569286 ], [ -2.9336542, 43.2567665 ], [ -2.9334888, 43.2565908 ], [ -2.9333755, 43.2564106 ], [ -2.9333049, 43.2562125 ], [ -2.9332469, 43.2556857 ], [ -2.9319453, 43.2570401 ] ] ] } },
{ "type": "Feature", "properties": { "CCAA": "16 - País Vasco", "PROVINCIA": "48 - Bizkaia", "MUNICIPIO": "48020 - Bilbao", "COD_MUNICIPIO": "48020", "DISTRITO": "05", "SECCION": "4802005045", "V1_H": 81.72, "V1_M": 86.96, "V2_H": 81.44760383000001, "V2_M": 86.83587728000001, "V3_H": 82.03657934, "V3_M": 87.26058658 }, "geometry": { "type": "Polygon", "coordinates": [ [ [ -2.9287872, 43.2542634 ], [ -2.9289338, 43.2543369 ], [ -2.9291751, 43.254427 ], [ -2.9294926, 43.2544242 ], [ -2.9302577, 43.254281 ], [ -2.9305697, 43.2542478 ], [ -2.9306049, 43.2541533 ], [ -2.9307035, 43.2540993 ], [ -2.9308159, 43.2540679 ], [ -2.9309507, 43.2540319 ], [ -2.9310723, 43.2540641 ], [ -2.9312306, 43.2537761 ], [ -2.9313053, 43.2536743 ], [ -2.9314049, 43.2535926 ], [ -2.9314075, 43.2535344 ], [ -2.9314771, 43.2535217 ], [ -2.9316463, 43.2534509 ], [ -2.9318429, 43.2533638 ], [ -2.932047, 43.2532294 ], [ -2.9321839, 43.2530841 ], [ -2.932326, 43.2528187 ], [ -2.9323344, 43.2528206 ], [ -2.9323841, 43.2527152 ], [ -2.9316669, 43.2525875 ], [ -2.9295939, 43.2525624 ], [ -2.9294507, 43.2523813 ], [ -2.9292227, 43.2522191 ], [ -2.9290208, 43.2521046 ], [ -2.9287341, 43.2519758 ], [ -2.9284604, 43.2518613 ], [ -2.928212, 43.2517552 ], [ -2.9275947, 43.2518627 ], [ -2.9268055, 43.251783 ], [ -2.9262177, 43.2516469 ], [ -2.9253979, 43.2513183 ], [ -2.9253693, 43.2513083 ], [ -2.9253601, 43.251305 ], [ -2.9244062, 43.2526896 ], [ -2.9257007, 43.2531675 ], [ -2.928035, 43.2539665 ], [ -2.9283613, 43.254004 ], [ -2.9286265, 43.2539744 ], [ -2.9287872, 43.2542634 ] ] ] } },
{ "type": "Feature", "properties": { "CCAA": "16 - País Vasco", "PROVINCIA": "48 - Bizkaia", "MUNICIPIO": "48020 - Bilbao", "COD_MUNICIPIO": "48020", "DISTRITO": "05", "SECCION": "4802005025", "V1_H": 79.83, "V1_M": 85.66, "V2_H": 79.86201885, "V2_M": 85.75249, "V3_H": 79.86616026, "V3_M": 85.80070523000001 }, "geometry": { "type": "Polygon", "coordinates": [ [ [ -2.9308159, 43.2540679 ], [ -2.9307035, 43.2540993 ], [ -2.9306049, 43.2541533 ], [ -2.9305697, 43.2542478 ], [ -2.9305899, 43.2544144 ], [ -2.9306045, 43.254518 ], [ -2.9306619, 43.2547747 ], [ -2.9307255, 43.2550583 ], [ -2.9307195, 43.2552204 ], [ -2.9306962, 43.2554365 ], [ -2.9306089, 43.2556931 ], [ -2.9307504, 43.2558237 ], [ -2.9310395, 43.2558645 ], [ -2.9317182, 43.2558829 ], [ -2.9316309, 43.2552029 ], [ -2.9321859, 43.2542668 ], [ -2.9329246, 43.2529501 ], [ -2.9329863, 43.25284 ], [ -2.9329752, 43.2528204 ], [ -2.9323841, 43.2527152 ], [ -2.9323344, 43.2528206 ], [ -2.932326, 43.2528187 ], [ -2.9321839, 43.2530841 ], [ -2.932047, 43.2532294 ], [ -2.9318429, 43.2533638 ], [ -2.9316463, 43.2534509 ], [ -2.9314771, 43.2535217 ], [ -2.9314075, 43.2535344 ], [ -2.9314049, 43.2535926 ], [ -2.9313053, 43.2536743 ], [ -2.9312306, 43.2537761 ], [ -2.9310723, 43.2540641 ], [ -2.9309507, 43.2540319 ], [ -2.9308159, 43.2540679 ] ] ] } },
{ "type": "Feature", "properties": { "CCAA": "16 - País Vasco", "PROVINCIA": "48 - Bizkaia", "MUNICIPIO": "48020 - Bilbao", "COD_MUNICIPIO": "48020", "DISTRITO": "07", "SECCION": "4802007010", "V1_H": 81.11, "V1_M": 86.51, "V2_H": 80.75023294, "V2_M": 86.37370028, "V3_H": 81.47997818, "V3_M": 86.68611994 }, "geometry": { "type": "Polygon", "coordinates": [ [ [ -2.9364354, 43.2560702 ], [ -2.9356942, 43.2561688 ], [ -2.9353939, 43.2564973 ], [ -2.9351543, 43.2567088 ], [ -2.9349966, 43.2568573 ], [ -2.9348094, 43.2569607 ], [ -2.9345262, 43.2571136 ], [ -2.934264, 43.257181 ], [ -2.9357493, 43.2572945 ], [ -2.9370833, 43.2573627 ], [ -2.9371326, 43.2565388 ], [ -2.9371724, 43.2560121 ], [ -2.9364354, 43.2560702 ] ] ] } },
{ "type": "Feature", "properties": { "CCAA": "16 - País Vasco", "PROVINCIA": "48 - Bizkaia", "MUNICIPIO": "48020 - Bilbao", "COD_MUNICIPIO": "48020", "DISTRITO": "05", "SECCION": "4802005042", "V1_H": 81.57, "V1_M": 86.95, "V2_H": 81.38052192000001, "V2_M": 86.83819346, "V3_H": 81.78107492, "V3_M": 87.15502078 }, "geometry": { "type": "Polygon", "coordinates": [ [ [ -2.9253693, 43.2513083 ], [ -2.9253979, 43.2513183 ], [ -2.9262177, 43.2516469 ], [ -2.9268055, 43.251783 ], [ -2.9275947, 43.2518627 ], [ -2.928212, 43.2517552 ], [ -2.9283067, 43.2517387 ], [ -2.9290652, 43.2515469 ], [ -2.9295916, 43.2514228 ], [ -2.9295952, 43.2514164 ], [ -2.9295905, 43.2514174 ], [ -2.9294456, 43.2512228 ], [ -2.9273548, 43.2496653 ], [ -2.9265907, 43.2491058 ], [ -2.925901, 43.2498202 ], [ -2.9266501, 43.2502305 ], [ -2.9260888, 43.2508305 ], [ -2.9257565, 43.2506683 ], [ -2.9253693, 43.2513083 ] ] ] } }
]
}
