{
"type": "FeatureCollection",
"name": "50297",
"features": [
{ "type": "Feature", "properties": { "CCAA": "02 - Aragón", "PROVINCIA": "50 - Zaragoza", "MUNICIPIO": "50297 - Zaragoza", "COD_MUNICIPIO": "50297", "DISTRITO": "01", "SECCION": "5029701006", "V1_H": 80.61, "V1_M": 86.39, "V2_H": 80.33359214, "V2_M": 86.26240397, "V3_H": 81.01911703, "V3_M": 86.63389387 }, "geometry": { "type": "Polygon", "coordinates": [ [ [ -0.871536, 41.6543123 ], [ -0.8720408, 41.6545826 ], [ -0.8721702, 41.6546344 ], [ -0.8720758, 41.6544439 ], [ -0.8720588, 41.6543978 ], [ -0.872014, 41.6542351 ], [ -0.871997, 41.6541433 ], [ -0.8719556, 41.6539216 ], [ -0.8719573, 41.6539192 ], [ -0.8719289, 41.6537017 ], [ -0.8719017, 41.6534919 ], [ -0.8718548, 41.6532793 ], [ -0.8718129, 41.6531814 ], [ -0.8719571, 41.6530504 ], [ -0.8719573, 41.6530502 ], [ -0.8719448, 41.6530373 ], [ -0.871891, 41.6529798 ], [ -0.871825, 41.6529092 ], [ -0.8717734, 41.6528525 ], [ -0.87169, 41.6527606 ], [ -0.8716119, 41.6526744 ], [ -0.8715486, 41.6526033 ], [ -0.8714618, 41.6525027 ], [ -0.8713589, 41.6523833 ], [ -0.8713238, 41.6523428 ], [ -0.8712792, 41.6523054 ], [ -0.8710999, 41.6520945 ], [ -0.8710602, 41.6520477 ], [ -0.8709885, 41.6519634 ], [ -0.8709717, 41.6517979 ], [ -0.8709632, 41.6517146 ], [ -0.8709729, 41.6516788 ], [ -0.8710718, 41.6515081 ], [ -0.8711757, 41.6513286 ], [ -0.8712044, 41.6512791 ], [ -0.8712372, 41.6512321 ], [ -0.8713131, 41.6511262 ], [ -0.8713021, 41.6511206 ], [ -0.8712649, 41.6511285 ], [ -0.87121, 41.6511063 ], [ -0.8710934, 41.6510592 ], [ -0.8709123, 41.650986 ], [ -0.8707731, 41.6509297 ], [ -0.8708766, 41.6508003 ], [ -0.871161, 41.6509608 ], [ -0.8713751, 41.6507537 ], [ -0.8712212, 41.6506681 ], [ -0.8711895, 41.6506477 ], [ -0.8709823, 41.65051 ], [ -0.8709024, 41.6504559 ], [ -0.8708775, 41.6504389 ], [ -0.8708027, 41.6503682 ], [ -0.8708868, 41.6503061 ], [ -0.8709667, 41.6502473 ], [ -0.8712315, 41.6501694 ], [ -0.8712705, 41.6501579 ], [ -0.8704593, 41.6496956 ], [ -0.8702752, 41.6499265 ], [ -0.8700291, 41.6502962 ], [ -0.8699639, 41.6504678 ], [ -0.8699207, 41.6510258 ], [ -0.8699141, 41.6512139 ], [ -0.8698995, 41.6514924 ], [ -0.8698937, 41.6516009 ], [ -0.8699233, 41.6516483 ], [ -0.8700385, 41.6518492 ], [ -0.8702579, 41.6522377 ], [ -0.8703957, 41.6524818 ], [ -0.8705879, 41.6528221 ], [ -0.8706208, 41.6528447 ], [ -0.8706786, 41.6528796 ], [ -0.870479, 41.6530702 ], [ -0.8703549, 41.65319 ], [ -0.8699022, 41.6536272 ], [ -0.8697627, 41.6537604 ], [ -0.8699018, 41.6538028 ], [ -0.8700316, 41.6538423 ], [ -0.8704598, 41.6539699 ], [ -0.8709539, 41.6541171 ], [ -0.871266, 41.65421 ], [ -0.8714397, 41.6542618 ], [ -0.8715198, 41.6543037 ], [ -0.871536, 41.6543123 ] ] ] } },
{ "type": "Feature", "properties": { "CCAA": "02 - Aragón", "PROVINCIA": "50 - Zaragoza", "MUNICIPIO": "50297 - Zaragoza", "COD_MUNICIPIO": "50297", "DISTRITO": "02", "SECCION": "5029702001", "V1_H": 82.19, "V1_M": 87.25, "V2_H": 81.84285612, "V2_M": 87.14223952, "V3_H": 82.56554756, "V3_M": 87.46692958 }, "geometry": { "type": "Polygon", "coordinates": [ [ [ -0.8834549, 41.6537456 ], [ -0.8834562, 41.6537444 ], [ -0.8834564, 41.6537445 ], [ -0.8838643, 41.653995 ], [ -0.8841719, 41.6540703 ], [ -0.8841628, 41.6539247 ], [ -0.8842094, 41.6537533 ], [ -0.8842641, 41.6536224 ], [ -0.8842644, 41.6536217 ], [ -0.8844865, 41.6530886 ], [ -0.8846661, 41.6526642 ], [ -0.8847666, 41.6524693 ], [ -0.8850352, 41.6522154 ], [ -0.8852908, 41.6519736 ], [ -0.8853466, 41.651921 ], [ -0.8859633, 41.6513377 ], [ -0.8862161, 41.6510445 ], [ -0.8861719, 41.6510418 ], [ -0.8859604, 41.6510353 ], [ -0.8858587, 41.6510322 ], [ -0.884874, 41.6510021 ], [ -0.8847687, 41.6510006 ], [ -0.8845671, 41.6511744 ], [ -0.8843926, 41.6510935 ], [ -0.8843893, 41.6510767 ], [ -0.8839673, 41.6509148 ], [ -0.8838586, 41.6508733 ], [ -0.8830804, 41.6505768 ], [ -0.8829173, 41.6505147 ], [ -0.882655, 41.6504153 ], [ -0.8825092, 41.6505571 ], [ -0.8817098, 41.6513343 ], [ -0.8816999, 41.6513439 ], [ -0.8812427, 41.6517884 ], [ -0.8811124, 41.6518963 ], [ -0.8806551, 41.6522578 ], [ -0.8806287, 41.6522788 ], [ -0.880869, 41.65241 ], [ -0.881085, 41.6525204 ], [ -0.8815496, 41.6527576 ], [ -0.8821224, 41.6530223 ], [ -0.8827483, 41.6533111 ], [ -0.8829103, 41.6534091 ], [ -0.883192, 41.6535821 ], [ -0.8834325, 41.6537298 ], [ -0.8834549, 41.6537456 ] ] ] } },
{ "type": "Feature", "properties": { "CCAA": "02 - Aragón", "PROVINCIA": "50 - Zaragoza", "MUNICIPIO": "50297 - Zaragoza", "COD_MUNICIPIO": "50297", "DISTRITO": "02", "SECCION": "5029702003", "V1_H": 81.57, "V1_M": 86.95, "V2_H": 81.38052192000001, "V2_M": 86.83819346, "V3_H": 81.78107492, "V3_M": 87.15502078 }, "geometry": { "type": "Polygon", "coordinates": [ [ [ -0.8762699, 41.6507231 ], [ -0.8764653, 41.6506578 ], [ -0.8767278, 41.650745 ], [ -0.8770023, 41.6508362 ], [ -0.8771053, 41.6508703 ], [ -0.8773647, 41.6509564 ], [ -0.8777119, 41.6510719 ], [ -0.8778185, 41.651109 ], [ -0.8784352, 41.6513229 ], [ -0.8787809, 41.6514428 ], [ -0.8790425, 41.6515336 ], [ -0.8790457, 41.6515209 ], [ -0.8790938, 41.6513815 ], [ -0.8791501, 41.651265 ], [ -0.8792124, 41.6511298 ], [ -0.8792755, 41.6510457 ], [ -0.8793924, 41.6508959 ], [ -0.8794853, 41.6507776 ], [ -0.8795653, 41.6506757 ], [ -0.8796016, 41.6506312 ], [ -0.8792894, 41.6505257 ], [ -0.8790973, 41.6504609 ], [ -0.8790397, 41.6504414 ], [ -0.8790256, 41.6504367 ], [ -0.8790121, 41.6504322 ], [ -0.8789801, 41.6504214 ], [ -0.878799, 41.6503611 ], [ -0.8785938, 41.6502927 ], [ -0.8783064, 41.650196 ], [ -0.8779581, 41.6500781 ], [ -0.8773313, 41.6498661 ], [ -0.8771605, 41.6498082 ], [ -0.8769662, 41.6497425 ], [ -0.8769182, 41.6497848 ], [ -0.8768015, 41.6497913 ], [ -0.8765888, 41.6497534 ], [ -0.8765062, 41.649763 ], [ -0.876443, 41.649802 ], [ -0.8763273, 41.6501085 ], [ -0.8762414, 41.6501862 ], [ -0.8761591, 41.6501848 ], [ -0.8761807, 41.6505402 ], [ -0.8762699, 41.6507231 ] ] ] } },
{ "type": "Feature", "properties": { "CCAA": "02 - Aragón", "PROVINCIA": "50 - Zaragoza", "MUNICIPIO": "50297 - Zaragoza", "COD_MUNICIPIO": "50297", "DISTRITO": "02", "SECCION": "5029702012", "V1_H": 81.68, "V1_M": 87.08, "V2_H": 81.12537096, "V2_M": 86.91948792, "V3_H": 82.31095034000001, "V3_M": 87.32789848 }, "geometry": { "type": "Polygon", "coordinates": [ [ [ -0.8749138, 41.647876 ], [ -0.875096, 41.647965 ], [ -0.8752327, 41.6480442 ], [ -0.8753458, 41.6481691 ], [ -0.8755903, 41.6485368 ], [ -0.8756166, 41.6485808 ], [ -0.8756477, 41.6485697 ], [ -0.8758399, 41.6484943 ], [ -0.8759468, 41.6484461 ], [ -0.8760357, 41.6483731 ], [ -0.8761364, 41.6482904 ], [ -0.8761646, 41.6482671 ], [ -0.8762982, 41.6481358 ], [ -0.8765016, 41.6479347 ], [ -0.8765521, 41.6478826 ], [ -0.8765804, 41.6478529 ], [ -0.8766585, 41.6477401 ], [ -0.8767083, 41.6476682 ], [ -0.8767798, 41.6475486 ], [ -0.8769218, 41.6473072 ], [ -0.8770423, 41.6472687 ], [ -0.8772225, 41.6471798 ], [ -0.8773032, 41.6471149 ], [ -0.8775961, 41.6467243 ], [ -0.8777079, 41.6465722 ], [ -0.8778211, 41.6464383 ], [ -0.8779443, 41.6463061 ], [ -0.8781303, 41.6461039 ], [ -0.8782432, 41.6459791 ], [ -0.8782628, 41.6459612 ], [ -0.8775551, 41.645152 ], [ -0.8774444, 41.6450203 ], [ -0.8774096, 41.644979 ], [ -0.8773301, 41.6450182 ], [ -0.8771339, 41.6451149 ], [ -0.8766708, 41.645327 ], [ -0.8758816, 41.6456885 ], [ -0.875644, 41.6457973 ], [ -0.8748342, 41.6461683 ], [ -0.8742679, 41.6464276 ], [ -0.8746381, 41.6471033 ], [ -0.8747037, 41.6472231 ], [ -0.8747391, 41.6472851 ], [ -0.8747667, 41.647408 ], [ -0.8749138, 41.647876 ] ] ] } },
{ "type": "Feature", "properties": { "CCAA": "02 - Aragón", "PROVINCIA": "50 - Zaragoza", "MUNICIPIO": "50297 - Zaragoza", "COD_MUNICIPIO": "50297", "DISTRITO": "01", "SECCION": "5029701001", "V1_H": 81.73, "V1_M": 86.8, "V2_H": 81.31626673, "V2_M": 86.83145999, "V3_H": 82.17064416, "V3_M": 87.00536352 }, "geometry": { "type": "Polygon", "coordinates": [ [ [ -0.8753927, 41.6571102 ], [ -0.8802739, 41.6582975 ], [ -0.8802749, 41.6582977 ], [ -0.8803007, 41.6582605 ], [ -0.8803536, 41.658185 ], [ -0.8805414, 41.657924 ], [ -0.8806912, 41.6577183 ], [ -0.8807329, 41.6576595 ], [ -0.8809854, 41.6573085 ], [ -0.8810578, 41.6572079 ], [ -0.8811486, 41.6570816 ], [ -0.8810937, 41.6570624 ], [ -0.8810661, 41.6570416 ], [ -0.8790802, 41.6561509 ], [ -0.8792854, 41.6559371 ], [ -0.8793356, 41.655885 ], [ -0.8795032, 41.6557113 ], [ -0.879776, 41.6554286 ], [ -0.879805, 41.6553986 ], [ -0.8800191, 41.6551768 ], [ -0.8802183, 41.6549703 ], [ -0.8803315, 41.654853 ], [ -0.8804586, 41.6547212 ], [ -0.8804993, 41.6546791 ], [ -0.8804624, 41.6546604 ], [ -0.8802757, 41.654566 ], [ -0.8801516, 41.654502 ], [ -0.8799666, 41.6544072 ], [ -0.8801983, 41.6541679 ], [ -0.8802991, 41.6540628 ], [ -0.8802211, 41.6540242 ], [ -0.8800576, 41.6539478 ], [ -0.8798295, 41.6538563 ], [ -0.8797461, 41.6538188 ], [ -0.8794564, 41.6536358 ], [ -0.8793297, 41.6535645 ], [ -0.8792579, 41.6535242 ], [ -0.8791555, 41.6534734 ], [ -0.8790841, 41.6534395 ], [ -0.87905, 41.6534341 ], [ -0.879015, 41.6534228 ], [ -0.8789616, 41.6534642 ], [ -0.8787894, 41.6535937 ], [ -0.8787604, 41.6536126 ], [ -0.8786677, 41.6536774 ], [ -0.878505, 41.6538165 ], [ -0.878096, 41.6536191 ], [ -0.8779012, 41.6538297 ], [ -0.877711, 41.6540317 ], [ -0.8775774, 41.6541732 ], [ -0.8775406, 41.6542199 ], [ -0.8773727, 41.6544323 ], [ -0.8773324, 41.6544833 ], [ -0.8772033, 41.654647 ], [ -0.8771458, 41.65472 ], [ -0.8769271, 41.6549972 ], [ -0.8767427, 41.6552246 ], [ -0.8764961, 41.655474 ], [ -0.8750498, 41.6570264 ], [ -0.8753927, 41.6571102 ] ] ] } },
{ "type": "Feature", "properties": { "CCAA": "02 - Aragón", "PROVINCIA": "50 - Zaragoza", "MUNICIPIO": "50297 - Zaragoza", "COD_MUNICIPIO": "50297", "DISTRITO": "01", "SECCION": "5029701002", "V1_H": 80.91, "V1_M": 86.7, "V2_H": 80.91796575, "V2_M": 86.73459974, "V3_H": 81.00259482, "V3_M": 86.81948346 }, "geometry": { "type": "Polygon", "coordinates": [ [ [ -0.8718034, 41.6558252 ], [ -0.8718036, 41.6558253 ], [ -0.8719726, 41.6558738 ], [ -0.8744849, 41.6567942 ], [ -0.8750087, 41.6570704 ], [ -0.8750498, 41.6570264 ], [ -0.8764961, 41.655474 ], [ -0.8767427, 41.6552246 ], [ -0.8769271, 41.6549972 ], [ -0.8771458, 41.65472 ], [ -0.8772033, 41.654647 ], [ -0.8773324, 41.6544833 ], [ -0.8773727, 41.6544323 ], [ -0.8770246, 41.654263 ], [ -0.8769199, 41.6542111 ], [ -0.8768026, 41.6541471 ], [ -0.8767364, 41.6541021 ], [ -0.8767203, 41.654109 ], [ -0.8764389, 41.6539322 ], [ -0.8763272, 41.6538475 ], [ -0.876335, 41.6537769 ], [ -0.8764008, 41.6535802 ], [ -0.8763451, 41.6535516 ], [ -0.8756351, 41.6531871 ], [ -0.875263, 41.652996 ], [ -0.8748965, 41.6534207 ], [ -0.8744103, 41.6539838 ], [ -0.8740687, 41.6537086 ], [ -0.8740521, 41.6536515 ], [ -0.8740057, 41.6536011 ], [ -0.8740046, 41.6535998 ], [ -0.8740042, 41.6535994 ], [ -0.8739625, 41.6535542 ], [ -0.8739325, 41.6535466 ], [ -0.8739098, 41.653577 ], [ -0.8738646, 41.6536364 ], [ -0.8738264, 41.6536805 ], [ -0.8737997, 41.6537123 ], [ -0.8737152, 41.6538193 ], [ -0.8736254, 41.6539332 ], [ -0.8735861, 41.653979 ], [ -0.8734756, 41.6541038 ], [ -0.8733347, 41.6542655 ], [ -0.8733525, 41.6542763 ], [ -0.8732053, 41.6544206 ], [ -0.8730673, 41.6545589 ], [ -0.8727655, 41.6548626 ], [ -0.8726305, 41.6549997 ], [ -0.8721709, 41.6554556 ], [ -0.8718034, 41.6558252 ] ] ] } },
{ "type": "Feature", "properties": { "CCAA": "02 - Aragón", "PROVINCIA": "50 - Zaragoza", "MUNICIPIO": "50297 - Zaragoza", "COD_MUNICIPIO": "50297", "DISTRITO": "01", "SECCION": "5029701015", "V1_H": 79.81, "V1_M": 85.63, "V2_H": 79.83092799000001, "V2_M": 85.85143097, "V3_H": 80.00184088, "V3_M": 85.62912109 }, "geometry": { "type": "Polygon", "coordinates": [ [ [ -0.8822757, 41.6571146 ], [ -0.8822902, 41.6571225 ], [ -0.882368, 41.6571678 ], [ -0.8827224, 41.6573742 ], [ -0.8829212, 41.65749 ], [ -0.8831379, 41.6575979 ], [ -0.8832466, 41.6576518 ], [ -0.8833162, 41.657629 ], [ -0.8835122, 41.65753 ], [ -0.8836879, 41.6572181 ], [ -0.8836664, 41.6572099 ], [ -0.883779, 41.6569553 ], [ -0.8838186, 41.6568643 ], [ -0.8839955, 41.6568988 ], [ -0.8845188, 41.657001 ], [ -0.8847736, 41.6570508 ], [ -0.885039, 41.6570959 ], [ -0.8857009, 41.6572072 ], [ -0.8858722, 41.657236 ], [ -0.8860756, 41.6572702 ], [ -0.8861183, 41.6572779 ], [ -0.8864997, 41.6573476 ], [ -0.8867857, 41.6574019 ], [ -0.886813, 41.6574084 ], [ -0.8868137, 41.6574073 ], [ -0.8868831, 41.6572377 ], [ -0.8869773, 41.6569537 ], [ -0.8870657, 41.6567199 ], [ -0.8871582, 41.6565117 ], [ -0.8868151, 41.6564512 ], [ -0.8867441, 41.6564387 ], [ -0.8864559, 41.6563921 ], [ -0.8859125, 41.6563219 ], [ -0.8855249, 41.6562424 ], [ -0.8851898, 41.6561738 ], [ -0.8846789, 41.656089 ], [ -0.8844217, 41.6560418 ], [ -0.8844621, 41.6559464 ], [ -0.8845249, 41.6558179 ], [ -0.8845739, 41.6557031 ], [ -0.8846115, 41.65559 ], [ -0.8846463, 41.6554967 ], [ -0.8847139, 41.6553654 ], [ -0.8847623, 41.6552797 ], [ -0.8849233, 41.6552431 ], [ -0.8850721, 41.6551773 ], [ -0.885124, 41.6551401 ], [ -0.8851938, 41.6550681 ], [ -0.8852709, 41.6549394 ], [ -0.8851519, 41.6549158 ], [ -0.8849478, 41.6548726 ], [ -0.8848452, 41.6548631 ], [ -0.8846933, 41.6548418 ], [ -0.8845149, 41.654818 ], [ -0.8842345, 41.6547738 ], [ -0.884045, 41.6551151 ], [ -0.8837774, 41.6554381 ], [ -0.8837414, 41.6554815 ], [ -0.8835658, 41.6556751 ], [ -0.8834852, 41.6557639 ], [ -0.8833997, 41.6558543 ], [ -0.8830372, 41.6562375 ], [ -0.8829031, 41.6563792 ], [ -0.8826791, 41.6566307 ], [ -0.8825493, 41.6567801 ], [ -0.882276, 41.6571143 ], [ -0.8822757, 41.6571146 ] ] ] } },
{ "type": "Feature", "properties": { "CCAA": "02 - Aragón", "PROVINCIA": "50 - Zaragoza", "MUNICIPIO": "50297 - Zaragoza", "COD_MUNICIPIO": "50297", "DISTRITO": "01", "SECCION": "5029701019", "V1_H": 81.57, "V1_M": 86.95, "V2_H": 81.38052192000001, "V2_M": 86.83819346, "V3_H": 81.78107492, "V3_M": 87.15502078 }, "geometry": { "type": "Polygon", "coordinates": [ [ [ -0.8704984, 41.648418 ], [ -0.8706719, 41.6487087 ], [ -0.8708594, 41.6489391 ], [ -0.8711008, 41.6492171 ], [ -0.8715768, 41.6490911 ], [ -0.8724414, 41.6490244 ], [ -0.873093, 41.6489609 ], [ -0.873486, 41.6489718 ], [ -0.8735831, 41.6489781 ], [ -0.8738828, 41.649026 ], [ -0.8738843, 41.6490263 ], [ -0.8743284, 41.6490593 ], [ -0.8749158, 41.6491206 ], [ -0.8750778, 41.6491227 ], [ -0.8750806, 41.6491227 ], [ -0.8757685, 41.6491315 ], [ -0.8759466, 41.6491338 ], [ -0.8757777, 41.6488508 ], [ -0.875672, 41.6486737 ], [ -0.8756171, 41.6485816 ], [ -0.8756166, 41.6485808 ], [ -0.8755903, 41.6485368 ], [ -0.8753458, 41.6481691 ], [ -0.8752327, 41.6480442 ], [ -0.875096, 41.647965 ], [ -0.8749138, 41.647876 ], [ -0.8745979, 41.6477256 ], [ -0.8742223, 41.6475549 ], [ -0.8738614, 41.6473846 ], [ -0.873506, 41.6471991 ], [ -0.8731335, 41.6469871 ], [ -0.8731005, 41.6469558 ], [ -0.8730027, 41.6469967 ], [ -0.8728174, 41.6470731 ], [ -0.8726354, 41.6471482 ], [ -0.872246, 41.6473149 ], [ -0.8721925, 41.647338 ], [ -0.8721452, 41.6473568 ], [ -0.8720693, 41.647384 ], [ -0.8719809, 41.6473959 ], [ -0.8718682, 41.6474111 ], [ -0.8711677, 41.6475057 ], [ -0.8709608, 41.6475336 ], [ -0.8707445, 41.6475627 ], [ -0.8700929, 41.6476506 ], [ -0.8700481, 41.647666 ], [ -0.8700481, 41.6476661 ], [ -0.8700556, 41.6476762 ], [ -0.8704348, 41.6483115 ], [ -0.8704984, 41.648418 ] ] ] } },
{ "type": "Feature", "properties": { "CCAA": "02 - Aragón", "PROVINCIA": "50 - Zaragoza", "MUNICIPIO": "50297 - Zaragoza", "COD_MUNICIPIO": "50297", "DISTRITO": "01", "SECCION": "5029701039", "V1_H": 82.5, "V1_M": 87.29, "V2_H": 82.15783722, "V2_M": 87.30677587, "V3_H": 82.90083825000001, "V3_M": 87.37512967000001 }, "geometry": { "type": "Polygon", "coordinates": [ [ [ -0.8768356, 41.6524086 ], [ -0.877285, 41.6526164 ], [ -0.8774586, 41.6526963 ], [ -0.8779975, 41.6529441 ], [ -0.8789519, 41.6522168 ], [ -0.8788386, 41.6521724 ], [ -0.8790652, 41.651929 ], [ -0.8791944, 41.6518075 ], [ -0.8792459, 41.6517589 ], [ -0.879375, 41.6516711 ], [ -0.8790604, 41.6515398 ], [ -0.8790425, 41.6515336 ], [ -0.8787809, 41.6514428 ], [ -0.8784352, 41.6513229 ], [ -0.8778185, 41.651109 ], [ -0.8777119, 41.6510719 ], [ -0.8773647, 41.6509564 ], [ -0.8771053, 41.6508703 ], [ -0.8770023, 41.6508362 ], [ -0.8767278, 41.650745 ], [ -0.8764653, 41.6506578 ], [ -0.8762699, 41.6507231 ], [ -0.8759091, 41.6508437 ], [ -0.87571, 41.6509102 ], [ -0.8748531, 41.6511964 ], [ -0.8749337, 41.6513143 ], [ -0.8750262, 41.6514486 ], [ -0.87509, 41.6515299 ], [ -0.8751687, 41.651589 ], [ -0.8752751, 41.6516587 ], [ -0.8754213, 41.6517378 ], [ -0.8754983, 41.6517753 ], [ -0.8755535, 41.6517991 ], [ -0.8756794, 41.6518397 ], [ -0.875776, 41.6518709 ], [ -0.8760485, 41.6519544 ], [ -0.876151, 41.6520185 ], [ -0.8768064, 41.6523659 ], [ -0.8768356, 41.6524086 ] ] ] } },
{ "type": "Feature", "properties": { "CCAA": "02 - Aragón", "PROVINCIA": "50 - Zaragoza", "MUNICIPIO": "50297 - Zaragoza", "COD_MUNICIPIO": "50297", "DISTRITO": "01", "SECCION": "5029701041", "V1_H": 80.01, "V1_M": 85.96, "V2_H": 79.87654463, "V2_M": 85.8497366, "V3_H": 80.24882261, "V3_M": 86.17409879 }, "geometry": { "type": "Polygon", "coordinates": [ [ [ -0.8725201, 41.6508554 ], [ -0.8727229, 41.6509706 ], [ -0.8736082, 41.6514575 ], [ -0.8737833, 41.6515538 ], [ -0.8747265, 41.6512387 ], [ -0.874681, 41.651185 ], [ -0.874484, 41.6509557 ], [ -0.8744428, 41.6509054 ], [ -0.8744097, 41.6508707 ], [ -0.8741128, 41.6505932 ], [ -0.874192, 41.6504961 ], [ -0.8742464, 41.6504253 ], [ -0.8743456, 41.650288 ], [ -0.8748049, 41.6503297 ], [ -0.8748942, 41.650543 ], [ -0.8749446, 41.650499 ], [ -0.8750074, 41.650445 ], [ -0.8751635, 41.6503503 ], [ -0.8753465, 41.6502483 ], [ -0.8753986, 41.650228 ], [ -0.8753765, 41.6501979 ], [ -0.8753397, 41.6501431 ], [ -0.8752988, 41.650072 ], [ -0.8752735, 41.6500142 ], [ -0.8752725, 41.6499449 ], [ -0.8753616, 41.649571 ], [ -0.8749044, 41.6495026 ], [ -0.87486, 41.649498 ], [ -0.8748595, 41.6494589 ], [ -0.875059, 41.6491515 ], [ -0.8750806, 41.6491227 ], [ -0.8750778, 41.6491227 ], [ -0.8749158, 41.6491206 ], [ -0.8743284, 41.6490593 ], [ -0.8738843, 41.6490263 ], [ -0.8738828, 41.649026 ], [ -0.8735831, 41.6489781 ], [ -0.873486, 41.6489718 ], [ -0.8734276, 41.6493054 ], [ -0.873415, 41.6493746 ], [ -0.8734012, 41.6494487 ], [ -0.8733495, 41.6497285 ], [ -0.873286, 41.6498763 ], [ -0.8732105, 41.6499917 ], [ -0.873168, 41.6500566 ], [ -0.8731262, 41.6501127 ], [ -0.873034, 41.6502366 ], [ -0.8729278, 41.6503836 ], [ -0.8727668, 41.6505706 ], [ -0.8726726, 41.6506768 ], [ -0.8726064, 41.6507458 ], [ -0.8725201, 41.6508554 ] ] ] } },
{ "type": "Feature", "properties": { "CCAA": "02 - Aragón", "PROVINCIA": "50 - Zaragoza", "MUNICIPIO": "50297 - Zaragoza", "COD_MUNICIPIO": "50297", "DISTRITO": "02", "SECCION": "5029702017", "V1_H": 81.13, "V1_M": 86.76, "V2_H": 80.8252038, "V2_M": 86.73512652, "V3_H": 81.48774648, "V3_M": 86.92091474 }, "geometry": { "type": "Polygon", "coordinates": [ [ [ -0.8902665, 41.645859 ], [ -0.8913117, 41.6464285 ], [ -0.8915746, 41.6465653 ], [ -0.8915841, 41.6465513 ], [ -0.8916774, 41.6464121 ], [ -0.8918658, 41.646131 ], [ -0.8919011, 41.6460787 ], [ -0.8920997, 41.6457853 ], [ -0.8922343, 41.6455865 ], [ -0.8922619, 41.6455456 ], [ -0.8922969, 41.6455018 ], [ -0.8922198, 41.6454617 ], [ -0.8919582, 41.6453251 ], [ -0.8920505, 41.6452268 ], [ -0.8921783, 41.6450912 ], [ -0.8923387, 41.644921 ], [ -0.8923958, 41.6448604 ], [ -0.8924111, 41.6448397 ], [ -0.8924976, 41.6447228 ], [ -0.8925022, 41.644718 ], [ -0.8925016, 41.6447175 ], [ -0.8924114, 41.6446482 ], [ -0.8919414, 41.6444174 ], [ -0.8918809, 41.6443883 ], [ -0.8915985, 41.6442526 ], [ -0.8912113, 41.6446843 ], [ -0.8911293, 41.6447534 ], [ -0.8909777, 41.6448133 ], [ -0.890647, 41.6449439 ], [ -0.8901031, 41.6451587 ], [ -0.8902834, 41.645257 ], [ -0.8906233, 41.6454421 ], [ -0.8902665, 41.645859 ] ] ] } },
{ "type": "Feature", "properties": { "CCAA": "02 - Aragón", "PROVINCIA": "50 - Zaragoza", "MUNICIPIO": "50297 - Zaragoza", "COD_MUNICIPIO": "50297", "DISTRITO": "02", "SECCION": "5029702019", "V1_H": 82.27, "V1_M": 87.07, "V2_H": 81.979544, "V2_M": 86.90367115, "V3_H": 82.63571561000001, "V3_M": 87.32539334000001 }, "geometry": { "type": "Polygon", "coordinates": [ [ [ -0.8857778, 41.6468644 ], [ -0.8857829, 41.6468738 ], [ -0.8857989, 41.6469034 ], [ -0.8859258, 41.647139 ], [ -0.8859654, 41.6472125 ], [ -0.8860129, 41.6473006 ], [ -0.8860803, 41.6473314 ], [ -0.886154, 41.6474332 ], [ -0.8862308, 41.6475459 ], [ -0.8862659, 41.6475974 ], [ -0.8863885, 41.6477774 ], [ -0.8864392, 41.6478519 ], [ -0.8864436, 41.64786 ], [ -0.8864444, 41.6478597 ], [ -0.8875171, 41.647837 ], [ -0.8878227, 41.647716 ], [ -0.8882049, 41.6475691 ], [ -0.8884712, 41.6474752 ], [ -0.8886152, 41.6474216 ], [ -0.8888093, 41.6472644 ], [ -0.8888807, 41.647195 ], [ -0.889643, 41.6465493 ], [ -0.8897609, 41.6464495 ], [ -0.8899169, 41.6462674 ], [ -0.8902665, 41.645859 ], [ -0.8906233, 41.6454421 ], [ -0.8902834, 41.645257 ], [ -0.8901031, 41.6451587 ], [ -0.8899731, 41.6452101 ], [ -0.8898736, 41.6452494 ], [ -0.8894405, 41.6454204 ], [ -0.8885291, 41.6457804 ], [ -0.8878776, 41.6460376 ], [ -0.8877438, 41.6460904 ], [ -0.8870098, 41.6463793 ], [ -0.8857778, 41.6468644 ] ] ] } },
{ "type": "Feature", "properties": { "CCAA": "02 - Aragón", "PROVINCIA": "50 - Zaragoza", "MUNICIPIO": "50297 - Zaragoza", "COD_MUNICIPIO": "50297", "DISTRITO": "01", "SECCION": "5029701004", "V1_H": 79.89, "V1_M": 85.97, "V2_H": 79.67266264, "V2_M": 85.8368825, "V3_H": 80.33686579, "V3_M": 86.2809331 }, "geometry": { "type": "Polygon", "coordinates": [ [ [ -0.8667739, 41.6543471 ], [ -0.8707694, 41.6555274 ], [ -0.8707697, 41.6555275 ], [ -0.8709547, 41.6552332 ], [ -0.8713025, 41.6546815 ], [ -0.8714308, 41.6544781 ], [ -0.871536, 41.6543123 ], [ -0.8715198, 41.6543037 ], [ -0.8714397, 41.6542618 ], [ -0.871266, 41.65421 ], [ -0.8709539, 41.6541171 ], [ -0.8704598, 41.6539699 ], [ -0.8700316, 41.6538423 ], [ -0.8699018, 41.6538028 ], [ -0.8697627, 41.6537604 ], [ -0.8699022, 41.6536272 ], [ -0.8703549, 41.65319 ], [ -0.870479, 41.6530702 ], [ -0.8706786, 41.6528796 ], [ -0.8706208, 41.6528447 ], [ -0.8705879, 41.6528221 ], [ -0.8703957, 41.6524818 ], [ -0.8702579, 41.6522377 ], [ -0.8700385, 41.6518492 ], [ -0.8699233, 41.6516483 ], [ -0.8698937, 41.6516009 ], [ -0.8698919, 41.6516353 ], [ -0.8698819, 41.6518261 ], [ -0.8698736, 41.6520485 ], [ -0.8696381, 41.6521361 ], [ -0.8690327, 41.65197 ], [ -0.8681692, 41.6517274 ], [ -0.868027, 41.6520205 ], [ -0.8676112, 41.6519058 ], [ -0.8673517, 41.6518339 ], [ -0.8672588, 41.6520183 ], [ -0.8668025, 41.6518912 ], [ -0.8665734, 41.6523406 ], [ -0.8665468, 41.6523793 ], [ -0.8663281, 41.6523196 ], [ -0.8662639, 41.652447 ], [ -0.8662086, 41.6525981 ], [ -0.8653227, 41.6523577 ], [ -0.8649757, 41.6522635 ], [ -0.8644369, 41.6521173 ], [ -0.8640866, 41.6520223 ], [ -0.8635864, 41.6518873 ], [ -0.8635044, 41.6518692 ], [ -0.8631999, 41.6518023 ], [ -0.8627058, 41.6516936 ], [ -0.8625213, 41.6516529 ], [ -0.8616641, 41.6528374 ], [ -0.8624242, 41.653062 ], [ -0.8667709, 41.6543462 ], [ -0.8667739, 41.6543471 ] ] ] } },
{ "type": "Feature", "properties": { "CCAA": "02 - Aragón", "PROVINCIA": "50 - Zaragoza", "MUNICIPIO": "50297 - Zaragoza", "COD_MUNICIPIO": "50297", "DISTRITO": "01", "SECCION": "5029701012", "V1_H": 81.68, "V1_M": 87.08, "V2_H": 81.12537096, "V2_M": 86.91948792, "V3_H": 82.31095034000001, "V3_M": 87.32789848 }, "geometry": { "type": "Polygon", "coordinates": [ [ [ -0.8763451, 41.6535516 ], [ -0.8764008, 41.6535802 ], [ -0.876335, 41.6537769 ], [ -0.8763272, 41.6538475 ], [ -0.8764389, 41.6539322 ], [ -0.8767203, 41.654109 ], [ -0.8767364, 41.6541021 ], [ -0.8768026, 41.6541471 ], [ -0.8769199, 41.6542111 ], [ -0.8770246, 41.654263 ], [ -0.8773727, 41.6544323 ], [ -0.8775406, 41.6542199 ], [ -0.8775774, 41.6541732 ], [ -0.877711, 41.6540317 ], [ -0.8779012, 41.6538297 ], [ -0.878096, 41.6536191 ], [ -0.8780965, 41.6536185 ], [ -0.8782686, 41.6534324 ], [ -0.8784024, 41.6532463 ], [ -0.8784797, 41.6531659 ], [ -0.8785969, 41.653044 ], [ -0.8788632, 41.6528367 ], [ -0.8790755, 41.6526928 ], [ -0.879157, 41.6526376 ], [ -0.8794181, 41.6524607 ], [ -0.879778, 41.652217 ], [ -0.8800988, 41.6519878 ], [ -0.8799879, 41.6519269 ], [ -0.8798026, 41.6518495 ], [ -0.8797253, 41.6518173 ], [ -0.879375, 41.6516711 ], [ -0.8792459, 41.6517589 ], [ -0.8791944, 41.6518075 ], [ -0.8790652, 41.651929 ], [ -0.8788386, 41.6521724 ], [ -0.8789519, 41.6522168 ], [ -0.8779975, 41.6529441 ], [ -0.8774586, 41.6526963 ], [ -0.877285, 41.6526164 ], [ -0.8768356, 41.6524086 ], [ -0.8766241, 41.6527348 ], [ -0.8769466, 41.6528642 ], [ -0.8768116, 41.6530375 ], [ -0.8766537, 41.6531995 ], [ -0.8764958, 41.6533682 ], [ -0.8763451, 41.6535516 ] ] ] } },
{ "type": "Feature", "properties": { "CCAA": "02 - Aragón", "PROVINCIA": "50 - Zaragoza", "MUNICIPIO": "50297 - Zaragoza", "COD_MUNICIPIO": "50297", "DISTRITO": "01", "SECCION": "5029701017", "V1_H": 80.74, "V1_M": 86.31, "V2_H": 80.60059228, "V2_M": 86.16828649, "V3_H": 80.96013544, "V3_M": 86.56561146 }, "geometry": { "type": "Polygon", "coordinates": [ [ [ -0.8815292, 41.6584653 ], [ -0.8817114, 41.6584897 ], [ -0.8851748, 41.6588835 ], [ -0.8858364, 41.6591469 ], [ -0.8858377, 41.6591475 ], [ -0.8859286, 41.6589283 ], [ -0.8861077, 41.6584999 ], [ -0.8861675, 41.6583571 ], [ -0.886218, 41.6582623 ], [ -0.8862261, 41.6582474 ], [ -0.8862383, 41.6582237 ], [ -0.886265, 41.6581719 ], [ -0.8863058, 41.6580926 ], [ -0.8863316, 41.6580425 ], [ -0.886472, 41.65777 ], [ -0.8865151, 41.6576861 ], [ -0.8865608, 41.6576031 ], [ -0.8867232, 41.6576176 ], [ -0.8867831, 41.6574587 ], [ -0.886813, 41.6574084 ], [ -0.8867857, 41.6574019 ], [ -0.8864997, 41.6573476 ], [ -0.8861183, 41.6572779 ], [ -0.8860756, 41.6572702 ], [ -0.8858722, 41.657236 ], [ -0.8857009, 41.6572072 ], [ -0.885039, 41.6570959 ], [ -0.8847736, 41.6570508 ], [ -0.8845188, 41.657001 ], [ -0.8839955, 41.6568988 ], [ -0.8838186, 41.6568643 ], [ -0.883779, 41.6569553 ], [ -0.8836664, 41.6572099 ], [ -0.8836879, 41.6572181 ], [ -0.8835122, 41.65753 ], [ -0.8833162, 41.657629 ], [ -0.8832466, 41.6576518 ], [ -0.8831379, 41.6575979 ], [ -0.8829212, 41.65749 ], [ -0.8827224, 41.6573742 ], [ -0.882368, 41.6571678 ], [ -0.8822902, 41.6571225 ], [ -0.8822757, 41.6571146 ], [ -0.8822141, 41.6571901 ], [ -0.8821466, 41.6572726 ], [ -0.8819096, 41.6575624 ], [ -0.8817501, 41.6577576 ], [ -0.8816943, 41.6578258 ], [ -0.8816707, 41.6578543 ], [ -0.8816337, 41.657928 ], [ -0.8815896, 41.6581584 ], [ -0.8815292, 41.6584653 ] ] ] } },
{ "type": "Feature", "properties": { "CCAA": "02 - Aragón", "PROVINCIA": "50 - Zaragoza", "MUNICIPIO": "50297 - Zaragoza", "COD_MUNICIPIO": "50297", "DISTRITO": "01", "SECCION": "5029701038", "V1_H": 81.47, "V1_M": 86.95, "V2_H": 81.05678048, "V2_M": 86.75805168, "V3_H": 81.85108408000001, "V3_M": 87.21302779 }, "geometry": { "type": "Polygon", "coordinates": [ [ [ -0.8804993, 41.6546791 ], [ -0.8805018, 41.6546803 ], [ -0.8805171, 41.6546879 ], [ -0.8805727, 41.6547152 ], [ -0.8807304, 41.6547926 ], [ -0.8809093, 41.6548804 ], [ -0.881001, 41.6549254 ], [ -0.8810713, 41.6549599 ], [ -0.881135, 41.6549956 ], [ -0.8812276, 41.654859 ], [ -0.881283, 41.6547821 ], [ -0.8813875, 41.6546468 ], [ -0.8814396, 41.6545812 ], [ -0.8816373, 41.6546695 ], [ -0.8817091, 41.6546643 ], [ -0.881788, 41.6545933 ], [ -0.8819064, 41.6544872 ], [ -0.8820797, 41.6545595 ], [ -0.8822249, 41.6543476 ], [ -0.8822808, 41.65437 ], [ -0.8824999, 41.6544557 ], [ -0.8826376, 41.6545095 ], [ -0.8826784, 41.6544676 ], [ -0.8826798, 41.6544661 ], [ -0.8826767, 41.6544358 ], [ -0.882752, 41.6543657 ], [ -0.8827818, 41.6543305 ], [ -0.8828306, 41.6542956 ], [ -0.882853, 41.6542914 ], [ -0.8828749, 41.6542694 ], [ -0.8829024, 41.6542416 ], [ -0.8829449, 41.6542065 ], [ -0.8831452, 41.6540443 ], [ -0.8832066, 41.6539943 ], [ -0.8832555, 41.6539444 ], [ -0.8833521, 41.653846 ], [ -0.8834418, 41.6537583 ], [ -0.8834549, 41.6537456 ], [ -0.8834325, 41.6537298 ], [ -0.883192, 41.6535821 ], [ -0.8829103, 41.6534091 ], [ -0.8827483, 41.6533111 ], [ -0.8821224, 41.6530223 ], [ -0.8815496, 41.6527576 ], [ -0.881085, 41.6525204 ], [ -0.880869, 41.65241 ], [ -0.8806287, 41.6522788 ], [ -0.880624, 41.6522762 ], [ -0.8805693, 41.6522462 ], [ -0.8803326, 41.6521162 ], [ -0.8800988, 41.6519878 ], [ -0.879778, 41.652217 ], [ -0.8794181, 41.6524607 ], [ -0.879157, 41.6526376 ], [ -0.8790755, 41.6526928 ], [ -0.8788632, 41.6528367 ], [ -0.8785969, 41.653044 ], [ -0.8784797, 41.6531659 ], [ -0.8784024, 41.6532463 ], [ -0.8782686, 41.6534324 ], [ -0.8780965, 41.6536185 ], [ -0.878096, 41.6536191 ], [ -0.878505, 41.6538165 ], [ -0.8786677, 41.6536774 ], [ -0.8787604, 41.6536126 ], [ -0.8787894, 41.6535937 ], [ -0.8789616, 41.6534642 ], [ -0.879015, 41.6534228 ], [ -0.87905, 41.6534341 ], [ -0.8790841, 41.6534395 ], [ -0.8791555, 41.6534734 ], [ -0.8792579, 41.6535242 ], [ -0.8793297, 41.6535645 ], [ -0.8794564, 41.6536358 ], [ -0.8797461, 41.6538188 ], [ -0.8798295, 41.6538563 ], [ -0.8800576, 41.6539478 ], [ -0.8802211, 41.6540242 ], [ -0.8802991, 41.6540628 ], [ -0.8801983, 41.6541679 ], [ -0.8799666, 41.6544072 ], [ -0.8801516, 41.654502 ], [ -0.8802757, 41.654566 ], [ -0.8804624, 41.6546604 ], [ -0.8804993, 41.6546791 ] ] ] } },
{ "type": "Feature", "properties": { "CCAA": "02 - Aragón", "PROVINCIA": "50 - Zaragoza", "MUNICIPIO": "50297 - Zaragoza", "COD_MUNICIPIO": "50297", "DISTRITO": "01", "SECCION": "5029701040", "V1_H": 81.47, "V1_M": 86.95, "V2_H": 81.05678048, "V2_M": 86.75805168, "V3_H": 81.85108408000001, "V3_M": 87.21302779 }, "geometry": { "type": "Polygon", "coordinates": [ [ [ -0.8750806, 41.6491227 ], [ -0.875059, 41.6491515 ], [ -0.8748595, 41.6494589 ], [ -0.87486, 41.649498 ], [ -0.8749044, 41.6495026 ], [ -0.8753616, 41.649571 ], [ -0.8752725, 41.6499449 ], [ -0.8752735, 41.6500142 ], [ -0.8752988, 41.650072 ], [ -0.8753397, 41.6501431 ], [ -0.8753765, 41.6501979 ], [ -0.8753986, 41.650228 ], [ -0.8753465, 41.6502483 ], [ -0.8751635, 41.6503503 ], [ -0.8750074, 41.650445 ], [ -0.8749446, 41.650499 ], [ -0.8748942, 41.650543 ], [ -0.8748049, 41.6503297 ], [ -0.8743456, 41.650288 ], [ -0.8742464, 41.6504253 ], [ -0.874192, 41.6504961 ], [ -0.8741128, 41.6505932 ], [ -0.8744097, 41.6508707 ], [ -0.8744428, 41.6509054 ], [ -0.874484, 41.6509557 ], [ -0.874681, 41.651185 ], [ -0.8747265, 41.6512387 ], [ -0.874727, 41.6512386 ], [ -0.8748531, 41.6511964 ], [ -0.87571, 41.6509102 ], [ -0.8759091, 41.6508437 ], [ -0.8762699, 41.6507231 ], [ -0.8761807, 41.6505402 ], [ -0.8761591, 41.6501848 ], [ -0.8762414, 41.6501862 ], [ -0.8763273, 41.6501085 ], [ -0.876443, 41.649802 ], [ -0.8764432, 41.6498012 ], [ -0.8764622, 41.6497508 ], [ -0.8764855, 41.6496891 ], [ -0.8761353, 41.6496088 ], [ -0.8761049, 41.6494988 ], [ -0.8760533, 41.6493126 ], [ -0.8759466, 41.6491338 ], [ -0.8757685, 41.6491315 ], [ -0.8750806, 41.6491227 ] ] ] } },
{ "type": "Feature", "properties": { "CCAA": "02 - Aragón", "PROVINCIA": "50 - Zaragoza", "MUNICIPIO": "50297 - Zaragoza", "COD_MUNICIPIO": "50297", "DISTRITO": "02", "SECCION": "5029702015", "V1_H": 81.47, "V1_M": 86.75, "V2_H": 81.12898066, "V2_M": 86.51613614, "V3_H": 81.81510349, "V3_M": 87.06728245 }, "geometry": { "type": "Polygon", "coordinates": [ [ [ -0.8921948, 41.6475743 ], [ -0.8925221, 41.648104 ], [ -0.8925254, 41.648103 ], [ -0.8926658, 41.6480603 ], [ -0.8927001, 41.648048 ], [ -0.8932573, 41.6478489 ], [ -0.8933187, 41.6478202 ], [ -0.8935553, 41.6477099 ], [ -0.8937707, 41.6476158 ], [ -0.8936735, 41.64705 ], [ -0.8935811, 41.6465103 ], [ -0.8919007, 41.6470958 ], [ -0.8921948, 41.6475743 ] ] ] } },
{ "type": "Feature", "properties": { "CCAA": "02 - Aragón", "PROVINCIA": "50 - Zaragoza", "MUNICIPIO": "50297 - Zaragoza", "COD_MUNICIPIO": "50297", "DISTRITO": "02", "SECCION": "5029702018", "V1_H": 82.53, "V1_M": 87.34, "V2_H": 82.38507422000001, "V2_M": 87.19104055, "V3_H": 82.74254947, "V3_M": 87.61225513 }, "geometry": { "type": "Polygon", "coordinates": [ [ [ -0.8864436, 41.64786 ], [ -0.8863456, 41.6479046 ], [ -0.8866095, 41.6483316 ], [ -0.8866566, 41.6483945 ], [ -0.8869496, 41.6487843 ], [ -0.8877984, 41.6484606 ], [ -0.8879863, 41.6483878 ], [ -0.8889799, 41.6480024 ], [ -0.8890381, 41.6480391 ], [ -0.889562, 41.6484781 ], [ -0.8903191, 41.6479737 ], [ -0.8903195, 41.6479735 ], [ -0.8903736, 41.6479377 ], [ -0.8905224, 41.6478413 ], [ -0.8908858, 41.6475196 ], [ -0.8910002, 41.6474095 ], [ -0.8912744, 41.6470047 ], [ -0.8911541, 41.6469369 ], [ -0.8899169, 41.6462674 ], [ -0.8897609, 41.6464495 ], [ -0.889643, 41.6465493 ], [ -0.8888807, 41.647195 ], [ -0.8888093, 41.6472644 ], [ -0.8886152, 41.6474216 ], [ -0.8884712, 41.6474752 ], [ -0.8882049, 41.6475691 ], [ -0.8878227, 41.647716 ], [ -0.8875171, 41.647837 ], [ -0.8864444, 41.6478597 ], [ -0.8864436, 41.64786 ] ] ] } },
{ "type": "Feature", "properties": { "CCAA": "02 - Aragón", "PROVINCIA": "50 - Zaragoza", "MUNICIPIO": "50297 - Zaragoza", "COD_MUNICIPIO": "50297", "DISTRITO": "02", "SECCION": "5029702033", "V1_H": 81.55, "V1_M": 86.88, "V2_H": 81.46298126000001, "V2_M": 86.741846, "V3_H": 81.68783029, "V3_M": 87.18580847 }, "geometry": { "type": "Polygon", "coordinates": [ [ [ -0.8806876, 41.6433694 ], [ -0.8815112, 41.6444496 ], [ -0.8816172, 41.6445833 ], [ -0.8816652, 41.6446436 ], [ -0.8819111, 41.6449019 ], [ -0.882106, 41.6451064 ], [ -0.8824865, 41.6455059 ], [ -0.8826138, 41.645638 ], [ -0.8833132, 41.6452571 ], [ -0.8835413, 41.6451329 ], [ -0.8838533, 41.6449629 ], [ -0.8839579, 41.6449045 ], [ -0.8838564, 41.6448021 ], [ -0.8830824, 41.6438961 ], [ -0.8830409, 41.6438431 ], [ -0.8823083, 41.6442241 ], [ -0.8819479, 41.6437795 ], [ -0.8813462, 41.6430369 ], [ -0.8812903, 41.6430749 ], [ -0.8806876, 41.6433694 ] ] ] } },
{ "type": "Feature", "properties": { "CCAA": "02 - Aragón", "PROVINCIA": "50 - Zaragoza", "MUNICIPIO": "50297 - Zaragoza", "COD_MUNICIPIO": "50297", "DISTRITO": "02", "SECCION": "5029702036", "V1_H": 81.9, "V1_M": 87.09, "V2_H": 81.63118556000001, "V2_M": 87.01244814, "V3_H": 82.24024873, "V3_M": 87.26921271000001 }, "geometry": { "type": "Polygon", "coordinates": [ [ [ -0.8784743, 41.6444549 ], [ -0.879047, 41.64505 ], [ -0.8795032, 41.6455238 ], [ -0.8796044, 41.6456298 ], [ -0.880327, 41.645254 ], [ -0.8801654, 41.6450706 ], [ -0.8799145, 41.6447857 ], [ -0.8792691, 41.6440642 ], [ -0.8785838, 41.6444011 ], [ -0.8784743, 41.6444549 ] ] ] } },
{ "type": "Feature", "properties": { "CCAA": "02 - Aragón", "PROVINCIA": "50 - Zaragoza", "MUNICIPIO": "50297 - Zaragoza", "COD_MUNICIPIO": "50297", "DISTRITO": "03", "SECCION": "5029703002", "V1_H": 80.99, "V1_M": 86.67, "V2_H": 80.575161, "V2_M": 86.38311792, "V3_H": 81.41956161, "V3_M": 87.05147909 }, "geometry": { "type": "Polygon", "coordinates": [ [ [ -0.8932606, 41.653809 ], [ -0.8942727, 41.6538494 ], [ -0.8950277, 41.6540255 ], [ -0.8958181, 41.6542186 ], [ -0.8957563, 41.6543638 ], [ -0.8954817, 41.6550094 ], [ -0.8953535, 41.655311 ], [ -0.8952184, 41.6556271 ], [ -0.8952852, 41.6558282 ], [ -0.895373, 41.6558145 ], [ -0.8965806, 41.6556264 ], [ -0.8978916, 41.6553108 ], [ -0.8981276, 41.655254 ], [ -0.8984835, 41.6551683 ], [ -0.8979227, 41.6547494 ], [ -0.8976504, 41.6544825 ], [ -0.8975931, 41.6543975 ], [ -0.8974508, 41.6541862 ], [ -0.897288, 41.6537285 ], [ -0.8969306, 41.6533247 ], [ -0.8968868, 41.6532338 ], [ -0.8965542, 41.6526974 ], [ -0.8962379, 41.6521874 ], [ -0.896197, 41.6521203 ], [ -0.8959158, 41.65166 ], [ -0.8957285, 41.6513727 ], [ -0.8957294, 41.6513705 ], [ -0.8957219, 41.6513625 ], [ -0.8956862, 41.6513078 ], [ -0.8956338, 41.6512275 ], [ -0.8955705, 41.6511305 ], [ -0.8954902, 41.6510077 ], [ -0.8952761, 41.6507481 ], [ -0.8951527, 41.6505984 ], [ -0.8950854, 41.6505185 ], [ -0.8949854, 41.6504297 ], [ -0.8949081, 41.6503609 ], [ -0.8948941, 41.6503417 ], [ -0.8946773, 41.6500436 ], [ -0.894576, 41.6499043 ], [ -0.8944939, 41.6497909 ], [ -0.894482, 41.6497437 ], [ -0.8944739, 41.6497118 ], [ -0.894456, 41.6496414 ], [ -0.8943358, 41.6493731 ], [ -0.8942975, 41.6492884 ], [ -0.8942906, 41.6492725 ], [ -0.8942424, 41.6490836 ], [ -0.8941745, 41.6488163 ], [ -0.8941676, 41.6487891 ], [ -0.8941456, 41.6487671 ], [ -0.8941583, 41.6487503 ], [ -0.8941519, 41.6487202 ], [ -0.8941514, 41.6487179 ], [ -0.8940889, 41.648427 ], [ -0.8940334, 41.6481516 ], [ -0.8940191, 41.6480805 ], [ -0.8940171, 41.6480672 ], [ -0.8940053, 41.6479805 ], [ -0.8939752, 41.6477587 ], [ -0.8939496, 41.6475691 ], [ -0.8939461, 41.6475412 ], [ -0.8939459, 41.6475413 ], [ -0.893886, 41.6475668 ], [ -0.8938418, 41.6475856 ], [ -0.8937707, 41.6476158 ], [ -0.8935553, 41.6477099 ], [ -0.8936305, 41.6487258 ], [ -0.8936545, 41.6489203 ], [ -0.8937048, 41.6493334 ], [ -0.8937364, 41.6496266 ], [ -0.8937493, 41.6497463 ], [ -0.8937489, 41.6498238 ], [ -0.8937475, 41.6501423 ], [ -0.8937427, 41.6502891 ], [ -0.8936544, 41.6509382 ], [ -0.8935145, 41.6519669 ], [ -0.8935004, 41.6520709 ], [ -0.893305, 41.6535237 ], [ -0.8932606, 41.653809 ] ] ] } },
{ "type": "Feature", "properties": { "CCAA": "02 - Aragón", "PROVINCIA": "50 - Zaragoza", "MUNICIPIO": "50297 - Zaragoza", "COD_MUNICIPIO": "50297", "DISTRITO": "03", "SECCION": "5029703004", "V1_H": 80.55, "V1_M": 86.21, "V2_H": 80.25181467, "V2_M": 85.94546636, "V3_H": 81.01047082, "V3_M": 86.65561049 }, "geometry": { "type": "Polygon", "coordinates": [ [ [ -0.897288, 41.6537285 ], [ -0.8975795, 41.6540578 ], [ -0.8980301, 41.6542131 ], [ -0.8980623, 41.6541623 ], [ -0.8981754, 41.6539793 ], [ -0.8983504, 41.6536963 ], [ -0.8984226, 41.6535794 ], [ -0.8986423, 41.6532241 ], [ -0.898788, 41.6529884 ], [ -0.898867, 41.6528946 ], [ -0.8992462, 41.6526363 ], [ -0.8993649, 41.6525555 ], [ -0.8995932, 41.6524001 ], [ -0.8996851, 41.6523384 ], [ -0.8997059, 41.6523249 ], [ -0.8997047, 41.652324 ], [ -0.8994832, 41.6521423 ], [ -0.8992517, 41.6519525 ], [ -0.8991857, 41.6518984 ], [ -0.8990853, 41.6518161 ], [ -0.8990495, 41.6518522 ], [ -0.899031, 41.6518683 ], [ -0.8989636, 41.6519261 ], [ -0.8988382, 41.6520338 ], [ -0.8987431, 41.6521146 ], [ -0.8987004, 41.6520789 ], [ -0.8983811, 41.6518122 ], [ -0.8983157, 41.6517575 ], [ -0.8981888, 41.6516516 ], [ -0.8981335, 41.6516063 ], [ -0.8980208, 41.6518889 ], [ -0.8979093, 41.652169 ], [ -0.8975473, 41.6530776 ], [ -0.897288, 41.6537285 ] ] ] } },
{ "type": "Feature", "properties": { "CCAA": "02 - Aragón", "PROVINCIA": "50 - Zaragoza", "MUNICIPIO": "50297 - Zaragoza", "COD_MUNICIPIO": "50297", "DISTRITO": "01", "SECCION": "5029701008", "V1_H": 79.85, "V1_M": 85.78, "V2_H": 79.86035794, "V2_M": 85.76242541000001, "V3_H": 79.99500792000001, "V3_M": 85.93655133 }, "geometry": { "type": "Polygon", "coordinates": [ [ [ -0.8712705, 41.6501579 ], [ -0.8712315, 41.6501694 ], [ -0.8709667, 41.6502473 ], [ -0.8708868, 41.6503061 ], [ -0.8708027, 41.6503682 ], [ -0.8708775, 41.6504389 ], [ -0.8709024, 41.6504559 ], [ -0.8709823, 41.65051 ], [ -0.8711895, 41.6506477 ], [ -0.8712212, 41.6506681 ], [ -0.8713751, 41.6507537 ], [ -0.871161, 41.6509608 ], [ -0.8708766, 41.6508003 ], [ -0.8707731, 41.6509297 ], [ -0.8709123, 41.650986 ], [ -0.8710934, 41.6510592 ], [ -0.87121, 41.6511063 ], [ -0.8712649, 41.6511285 ], [ -0.8713021, 41.6511206 ], [ -0.8713131, 41.6511262 ], [ -0.8712372, 41.6512321 ], [ -0.8712044, 41.6512791 ], [ -0.8711757, 41.6513286 ], [ -0.8710718, 41.6515081 ], [ -0.8709729, 41.6516788 ], [ -0.8709632, 41.6517146 ], [ -0.8709717, 41.6517979 ], [ -0.8709885, 41.6519634 ], [ -0.8710602, 41.6520477 ], [ -0.8710999, 41.6520945 ], [ -0.8712792, 41.6523054 ], [ -0.8713238, 41.6523428 ], [ -0.8713589, 41.6523833 ], [ -0.8714618, 41.6525027 ], [ -0.8715486, 41.6526033 ], [ -0.8716119, 41.6526744 ], [ -0.87169, 41.6527606 ], [ -0.8717734, 41.6528525 ], [ -0.871825, 41.6529092 ], [ -0.871891, 41.6529798 ], [ -0.8719448, 41.6530373 ], [ -0.8719573, 41.6530502 ], [ -0.8720999, 41.6529207 ], [ -0.8721963, 41.6528332 ], [ -0.8725586, 41.652504 ], [ -0.8730505, 41.652057 ], [ -0.8731272, 41.6519875 ], [ -0.8731273, 41.6519873 ], [ -0.8732434, 41.6518819 ], [ -0.8733036, 41.6518273 ], [ -0.8734658, 41.6517016 ], [ -0.8736188, 41.651615 ], [ -0.8737833, 41.6515538 ], [ -0.8736082, 41.6514575 ], [ -0.8727229, 41.6509706 ], [ -0.8725201, 41.6508554 ], [ -0.872302, 41.6507314 ], [ -0.8715861, 41.6503378 ], [ -0.8712705, 41.6501579 ] ] ] } },
{ "type": "Feature", "properties": { "CCAA": "02 - Aragón", "PROVINCIA": "50 - Zaragoza", "MUNICIPIO": "50297 - Zaragoza", "COD_MUNICIPIO": "50297", "DISTRITO": "01", "SECCION": "5029701027", "V1_H": 80.21, "V1_M": 86.35, "V2_H": 80.00126986, "V2_M": 86.33312861, "V3_H": 80.58114521, "V3_M": 86.56210486000001 }, "geometry": { "type": "Polygon", "coordinates": [ [ [ -0.8919338, 41.6573262 ], [ -0.8932365, 41.6575412 ], [ -0.8934595, 41.657148 ], [ -0.8935232, 41.6570224 ], [ -0.8935595, 41.6568052 ], [ -0.8935804, 41.6565975 ], [ -0.8936146, 41.6562389 ], [ -0.8935494, 41.6562182 ], [ -0.8934379, 41.6561826 ], [ -0.8930987, 41.6561348 ], [ -0.8926179, 41.6560351 ], [ -0.892029, 41.655913 ], [ -0.8911027, 41.655721 ], [ -0.8909599, 41.6562799 ], [ -0.8910312, 41.6562915 ], [ -0.8911944, 41.6563243 ], [ -0.8912903, 41.6563435 ], [ -0.891549, 41.6563954 ], [ -0.8917806, 41.6564419 ], [ -0.8919554, 41.656477 ], [ -0.892172, 41.6565205 ], [ -0.8921485, 41.6565998 ], [ -0.8921266, 41.6566739 ], [ -0.892049, 41.6569358 ], [ -0.8920358, 41.6569804 ], [ -0.8919768, 41.6571797 ], [ -0.8919381, 41.6573104 ], [ -0.8919338, 41.6573262 ] ] ] } },
{ "type": "Feature", "properties": { "CCAA": "02 - Aragón", "PROVINCIA": "50 - Zaragoza", "MUNICIPIO": "50297 - Zaragoza", "COD_MUNICIPIO": "50297", "DISTRITO": "01", "SECCION": "5029701030", "V1_H": 80.3, "V1_M": 86.18, "V2_H": 80.25682951, "V2_M": 86.26310791, "V3_H": 80.49886239, "V3_M": 86.29802272000001 }, "geometry": { "type": "Polygon", "coordinates": [ [ [ -0.8911027, 41.655721 ], [ -0.892029, 41.655913 ], [ -0.8926179, 41.6560351 ], [ -0.8930987, 41.6561348 ], [ -0.8934379, 41.6561826 ], [ -0.8935494, 41.6562182 ], [ -0.8936146, 41.6562389 ], [ -0.8936417, 41.655954 ], [ -0.8936535, 41.6557192 ], [ -0.8935816, 41.6552299 ], [ -0.8935327, 41.6548961 ], [ -0.8935181, 41.6548285 ], [ -0.8926111, 41.6549954 ], [ -0.8924506, 41.6549769 ], [ -0.8923319, 41.6550025 ], [ -0.8921108, 41.655043 ], [ -0.8920107, 41.6550496 ], [ -0.891929, 41.6551003 ], [ -0.891687, 41.6550179 ], [ -0.8908604, 41.6546935 ], [ -0.8907101, 41.6546385 ], [ -0.8899373, 41.654356 ], [ -0.8897537, 41.6542888 ], [ -0.8896123, 41.6542511 ], [ -0.8894946, 41.6542196 ], [ -0.8893719, 41.654187 ], [ -0.8888669, 41.6541429 ], [ -0.8886289, 41.6541286 ], [ -0.8886286, 41.6541286 ], [ -0.8886106, 41.6541709 ], [ -0.8885073, 41.6543069 ], [ -0.8883992, 41.6544478 ], [ -0.8882548, 41.654636 ], [ -0.8882234, 41.6546991 ], [ -0.8882084, 41.6547193 ], [ -0.8881384, 41.6548073 ], [ -0.8880477, 41.6549213 ], [ -0.8879747, 41.6550232 ], [ -0.8879604, 41.6550432 ], [ -0.8892681, 41.6553406 ], [ -0.8893729, 41.6553623 ], [ -0.8911027, 41.655721 ] ] ] } },
{ "type": "Feature", "properties": { "CCAA": "02 - Aragón", "PROVINCIA": "50 - Zaragoza", "MUNICIPIO": "50297 - Zaragoza", "COD_MUNICIPIO": "50297", "DISTRITO": "02", "SECCION": "5029702004", "V1_H": 82.27, "V1_M": 87.07, "V2_H": 81.979544, "V2_M": 86.90367115, "V3_H": 82.63571561000001, "V3_M": 87.32539334000001 }, "geometry": { "type": "Polygon", "coordinates": [ [ [ -0.876443, 41.649802 ], [ -0.8765062, 41.649763 ], [ -0.8765888, 41.6497534 ], [ -0.8768015, 41.6497913 ], [ -0.8769182, 41.6497848 ], [ -0.8769662, 41.6497425 ], [ -0.8771605, 41.6498082 ], [ -0.8773313, 41.6498661 ], [ -0.8779581, 41.6500781 ], [ -0.8783064, 41.650196 ], [ -0.8785938, 41.6502927 ], [ -0.878799, 41.6503611 ], [ -0.8789801, 41.6504214 ], [ -0.8790121, 41.6504322 ], [ -0.8790689, 41.6503397 ], [ -0.8791457, 41.6502124 ], [ -0.879266, 41.650013 ], [ -0.8794014, 41.6497887 ], [ -0.8794647, 41.6496838 ], [ -0.8794732, 41.6496706 ], [ -0.8794728, 41.6496705 ], [ -0.879473, 41.6496701 ], [ -0.8795377, 41.6495622 ], [ -0.8798442, 41.6490507 ], [ -0.8802285, 41.6484094 ], [ -0.8805909, 41.6477906 ], [ -0.8797412, 41.6473144 ], [ -0.8795016, 41.6471717 ], [ -0.8793964, 41.6471011 ], [ -0.8792708, 41.6469686 ], [ -0.8791914, 41.646885 ], [ -0.8790311, 41.6467262 ], [ -0.8787176, 41.6464172 ], [ -0.8784936, 41.6462072 ], [ -0.8784069, 41.6461259 ], [ -0.8782635, 41.6459619 ], [ -0.8782628, 41.6459612 ], [ -0.8782432, 41.6459791 ], [ -0.8781303, 41.6461039 ], [ -0.8779443, 41.6463061 ], [ -0.8778211, 41.6464383 ], [ -0.8777079, 41.6465722 ], [ -0.8775961, 41.6467243 ], [ -0.8773032, 41.6471149 ], [ -0.8772225, 41.6471798 ], [ -0.8770423, 41.6472687 ], [ -0.8769218, 41.6473072 ], [ -0.8767798, 41.6475486 ], [ -0.8767083, 41.6476682 ], [ -0.8766585, 41.6477401 ], [ -0.8765804, 41.6478529 ], [ -0.8765521, 41.6478826 ], [ -0.8765016, 41.6479347 ], [ -0.8762982, 41.6481358 ], [ -0.8761646, 41.6482671 ], [ -0.8761364, 41.6482904 ], [ -0.8760357, 41.6483731 ], [ -0.8759468, 41.6484461 ], [ -0.8758399, 41.6484943 ], [ -0.8756477, 41.6485697 ], [ -0.8756166, 41.6485808 ], [ -0.8756171, 41.6485816 ], [ -0.875672, 41.6486737 ], [ -0.8757777, 41.6488508 ], [ -0.8759466, 41.6491338 ], [ -0.8760533, 41.6493126 ], [ -0.8761049, 41.6494988 ], [ -0.8761353, 41.6496088 ], [ -0.8764855, 41.6496891 ], [ -0.8764622, 41.6497508 ], [ -0.8764432, 41.6498012 ], [ -0.876443, 41.649802 ] ] ] } },
{ "type": "Feature", "properties": { "CCAA": "02 - Aragón", "PROVINCIA": "50 - Zaragoza", "MUNICIPIO": "50297 - Zaragoza", "COD_MUNICIPIO": "50297", "DISTRITO": "02", "SECCION": "5029702008", "V1_H": 82.19, "V1_M": 87.25, "V2_H": 81.84285612, "V2_M": 87.14223952, "V3_H": 82.56554756, "V3_M": 87.46692958 }, "geometry": { "type": "Polygon", "coordinates": [ [ [ -0.887781, 41.6497743 ], [ -0.8883187, 41.6500677 ], [ -0.8888343, 41.6503488 ], [ -0.889505, 41.6497459 ], [ -0.8901039, 41.6492074 ], [ -0.8890731, 41.6488187 ], [ -0.8893674, 41.648623 ], [ -0.889562, 41.6484781 ], [ -0.8890381, 41.6480391 ], [ -0.8889799, 41.6480024 ], [ -0.8879863, 41.6483878 ], [ -0.8877984, 41.6484606 ], [ -0.8869496, 41.6487843 ], [ -0.8875683, 41.6496078 ], [ -0.8877004, 41.649715 ], [ -0.887781, 41.6497743 ] ] ] } },
{ "type": "Feature", "properties": { "CCAA": "02 - Aragón", "PROVINCIA": "50 - Zaragoza", "MUNICIPIO": "50297 - Zaragoza", "COD_MUNICIPIO": "50297", "DISTRITO": "02", "SECCION": "5029702009", "V1_H": 81.13, "V1_M": 86.76, "V2_H": 80.8252038, "V2_M": 86.73512652, "V3_H": 81.48774648, "V3_M": 86.92091474 }, "geometry": { "type": "Polygon", "coordinates": [ [ [ -0.8888343, 41.6503488 ], [ -0.8896266, 41.6507542 ], [ -0.8903559, 41.6499788 ], [ -0.8922665, 41.650698 ], [ -0.8923862, 41.6507557 ], [ -0.8926243, 41.6505857 ], [ -0.8928708, 41.6504112 ], [ -0.8923269, 41.6500455 ], [ -0.891636, 41.649785 ], [ -0.8911314, 41.6495947 ], [ -0.8908281, 41.6494804 ], [ -0.8901039, 41.6492074 ], [ -0.889505, 41.6497459 ], [ -0.8888343, 41.6503488 ] ] ] } },
{ "type": "Feature", "properties": { "CCAA": "02 - Aragón", "PROVINCIA": "50 - Zaragoza", "MUNICIPIO": "50297 - Zaragoza", "COD_MUNICIPIO": "50297", "DISTRITO": "02", "SECCION": "5029702024", "V1_H": 82.08, "V1_M": 87.23, "V2_H": 81.77226367, "V2_M": 87.02227373, "V3_H": 82.52263661000001, "V3_M": 87.52638345 }, "geometry": { "type": "Polygon", "coordinates": [ [ [ -0.8857417, 41.6467975 ], [ -0.8857778, 41.6468644 ], [ -0.8870098, 41.6463793 ], [ -0.8871902, 41.6452001 ], [ -0.8872242, 41.6449771 ], [ -0.8873661, 41.6440489 ], [ -0.8866329, 41.6439848 ], [ -0.8860608, 41.6439348 ], [ -0.8859142, 41.6448653 ], [ -0.8858651, 41.6451757 ], [ -0.8858008, 41.6455833 ], [ -0.8856777, 41.6463644 ], [ -0.8856344, 41.6466386 ], [ -0.8857417, 41.6467975 ] ] ] } },
{ "type": "Feature", "properties": { "CCAA": "02 - Aragón", "PROVINCIA": "50 - Zaragoza", "MUNICIPIO": "50297 - Zaragoza", "COD_MUNICIPIO": "50297", "DISTRITO": "02", "SECCION": "5029702025", "V1_H": 82.53, "V1_M": 87.34, "V2_H": 82.38507422000001, "V2_M": 87.19104055, "V3_H": 82.74254947, "V3_M": 87.61225513 }, "geometry": { "type": "Polygon", "coordinates": [ [ [ -0.8850897, 41.6460451 ], [ -0.8853336, 41.6463071 ], [ -0.8856777, 41.6463644 ], [ -0.8858008, 41.6455833 ], [ -0.8858651, 41.6451757 ], [ -0.8859142, 41.6448653 ], [ -0.8860608, 41.6439348 ], [ -0.8861598, 41.6433075 ], [ -0.8857351, 41.6431713 ], [ -0.8846768, 41.6430809 ], [ -0.8840824, 41.6430303 ], [ -0.884045, 41.6431226 ], [ -0.8830409, 41.6438431 ], [ -0.8830824, 41.6438961 ], [ -0.8838564, 41.6448021 ], [ -0.8839579, 41.6449045 ], [ -0.8840148, 41.644962 ], [ -0.8842022, 41.6451451 ], [ -0.8847479, 41.6456782 ], [ -0.8847919, 41.6457254 ], [ -0.8850897, 41.6460451 ] ] ] } },
{ "type": "Feature", "properties": { "CCAA": "02 - Aragón", "PROVINCIA": "50 - Zaragoza", "MUNICIPIO": "50297 - Zaragoza", "COD_MUNICIPIO": "50297", "DISTRITO": "02", "SECCION": "5029702047", "V1_H": 81.04, "V1_M": 86.55, "V2_H": 80.90626992, "V2_M": 86.32523903000001, "V3_H": 81.22678782, "V3_M": 86.81274177 }, "geometry": { "type": "Polygon", "coordinates": [ [ [ -0.8928708, 41.6504112 ], [ -0.8936544, 41.6509382 ], [ -0.8937427, 41.6502891 ], [ -0.8937475, 41.6501423 ], [ -0.8937489, 41.6498238 ], [ -0.8937493, 41.6497463 ], [ -0.8937364, 41.6496266 ], [ -0.8936537, 41.6496134 ], [ -0.8930717, 41.6494894 ], [ -0.8928559, 41.6494416 ], [ -0.8927563, 41.6494195 ], [ -0.8927036, 41.6494063 ], [ -0.8926385, 41.6493891 ], [ -0.8925894, 41.6493759 ], [ -0.8925279, 41.6493595 ], [ -0.8924544, 41.6493398 ], [ -0.8922771, 41.649317 ], [ -0.8922826, 41.6492957 ], [ -0.8921978, 41.6492728 ], [ -0.8921432, 41.6493526 ], [ -0.8920885, 41.6494295 ], [ -0.8920295, 41.6495112 ], [ -0.8920266, 41.649509 ], [ -0.8920184, 41.6495234 ], [ -0.8919659, 41.6494918 ], [ -0.8919383, 41.6494779 ], [ -0.8919111, 41.6494641 ], [ -0.8918903, 41.6494524 ], [ -0.8918714, 41.6494417 ], [ -0.8918492, 41.6494292 ], [ -0.8918313, 41.6494192 ], [ -0.8918115, 41.6494081 ], [ -0.8917985, 41.6494008 ], [ -0.8917916, 41.6493969 ], [ -0.8917835, 41.6493923 ], [ -0.8917738, 41.6493869 ], [ -0.8917429, 41.6493815 ], [ -0.8916778, 41.64937 ], [ -0.8916429, 41.6493639 ], [ -0.8915937, 41.6493553 ], [ -0.8915338, 41.6493448 ], [ -0.8914905, 41.6493372 ], [ -0.8914538, 41.6493307 ], [ -0.8913693, 41.6493144 ], [ -0.8913282, 41.6493065 ], [ -0.8913088, 41.6493328 ], [ -0.8912862, 41.6493653 ], [ -0.8912559, 41.6494096 ], [ -0.8912352, 41.6494399 ], [ -0.8912099, 41.6494769 ], [ -0.8911896, 41.6495066 ], [ -0.8911655, 41.6495429 ], [ -0.8911459, 41.6495725 ], [ -0.8911314, 41.6495947 ], [ -0.891636, 41.649785 ], [ -0.8923269, 41.6500455 ], [ -0.8928708, 41.6504112 ] ] ] } },
{ "type": "Feature", "properties": { "CCAA": "02 - Aragón", "PROVINCIA": "50 - Zaragoza", "MUNICIPIO": "50297 - Zaragoza", "COD_MUNICIPIO": "50297", "DISTRITO": "02", "SECCION": "5029702048", "V1_H": 81.68, "V1_M": 87.08, "V2_H": 81.12537096, "V2_M": 86.91948792, "V3_H": 82.31095034000001, "V3_M": 87.32789848 }, "geometry": { "type": "Polygon", "coordinates": [ [ [ -0.8922826, 41.6492957 ], [ -0.8922771, 41.649317 ], [ -0.8924544, 41.6493398 ], [ -0.8925279, 41.6493595 ], [ -0.8925894, 41.6493759 ], [ -0.8926385, 41.6493891 ], [ -0.8927036, 41.6494063 ], [ -0.8927563, 41.6494195 ], [ -0.8928559, 41.6494416 ], [ -0.8930717, 41.6494894 ], [ -0.8936537, 41.6496134 ], [ -0.8937364, 41.6496266 ], [ -0.8937048, 41.6493334 ], [ -0.8936545, 41.6489203 ], [ -0.8936305, 41.6487258 ], [ -0.8935553, 41.6477099 ], [ -0.8933187, 41.6478202 ], [ -0.8932573, 41.6478489 ], [ -0.8927001, 41.648048 ], [ -0.8929274, 41.6484016 ], [ -0.8929256, 41.6484042 ], [ -0.8929888, 41.6485068 ], [ -0.8928395, 41.6486102 ], [ -0.8928186, 41.6486241 ], [ -0.8927722, 41.6486438 ], [ -0.8927689, 41.6486463 ], [ -0.8927651, 41.6486491 ], [ -0.8927583, 41.6486541 ], [ -0.8927362, 41.6486697 ], [ -0.8927172, 41.648683 ], [ -0.8926902, 41.6487021 ], [ -0.8926702, 41.6486913 ], [ -0.8926422, 41.6487197 ], [ -0.8925982, 41.6487642 ], [ -0.8925829, 41.6487805 ], [ -0.8925709, 41.6487938 ], [ -0.8925536, 41.648813 ], [ -0.8925343, 41.6488346 ], [ -0.8925147, 41.6488564 ], [ -0.8924956, 41.6488776 ], [ -0.8924846, 41.6488933 ], [ -0.892476, 41.6489057 ], [ -0.8924666, 41.6489191 ], [ -0.8924597, 41.648929 ], [ -0.8924529, 41.6489388 ], [ -0.8924376, 41.6489606 ], [ -0.8924247, 41.6489791 ], [ -0.8924084, 41.6490024 ], [ -0.8923962, 41.6490175 ], [ -0.892383, 41.6490339 ], [ -0.8923689, 41.6490515 ], [ -0.892358, 41.6490716 ], [ -0.8923402, 41.6491044 ], [ -0.8923196, 41.6491425 ], [ -0.8923038, 41.6491716 ], [ -0.8922906, 41.6491961 ], [ -0.8923176, 41.6492393 ], [ -0.8922826, 41.6492957 ] ] ] } },
{ "type": "Feature", "properties": { "CCAA": "02 - Aragón", "PROVINCIA": "50 - Zaragoza", "MUNICIPIO": "50297 - Zaragoza", "COD_MUNICIPIO": "50297", "DISTRITO": "03", "SECCION": "5029703015", "V1_H": 79.89, "V1_M": 85.97, "V2_H": 79.67266264, "V2_M": 85.8368825, "V3_H": 80.33686579, "V3_M": 86.2809331 }, "geometry": { "type": "Polygon", "coordinates": [ [ [ -0.9007137, 41.6544937 ], [ -0.9007144, 41.6544958 ], [ -0.9008143, 41.6544564 ], [ -0.9010365, 41.6543688 ], [ -0.9011002, 41.6543435 ], [ -0.9022517, 41.6540382 ], [ -0.9024838, 41.6539777 ], [ -0.9027413, 41.6539107 ], [ -0.9024269, 41.6532379 ], [ -0.9012784, 41.6535326 ], [ -0.9009761, 41.6528965 ], [ -0.9008129, 41.6525537 ], [ -0.9007877, 41.6524991 ], [ -0.9007604, 41.6525597 ], [ -0.9005388, 41.6527543 ], [ -0.9004758, 41.6527643 ], [ -0.900428, 41.6527586 ], [ -0.9004286, 41.6527591 ], [ -0.9001335, 41.6530677 ], [ -0.9006632, 41.6543469 ], [ -0.9007137, 41.6544937 ] ] ] } },
{ "type": "Feature", "properties": { "CCAA": "02 - Aragón", "PROVINCIA": "50 - Zaragoza", "MUNICIPIO": "50297 - Zaragoza", "COD_MUNICIPIO": "50297", "DISTRITO": "03", "SECCION": "5029703016", "V1_H": 80.21, "V1_M": 86.17, "V2_H": 80.05188782, "V2_M": 86.17746221, "V3_H": 80.45086201, "V3_M": 86.3559927 }, "geometry": { "type": "Polygon", "coordinates": [ [ [ -0.9028748, 41.6549378 ], [ -0.9032943, 41.6549922 ], [ -0.9038479, 41.6550638 ], [ -0.904088, 41.6550949 ], [ -0.9043687, 41.6551349 ], [ -0.9043801, 41.6549532 ], [ -0.9043877, 41.654821 ], [ -0.9044025, 41.654562 ], [ -0.9044078, 41.6543706 ], [ -0.9044089, 41.6543146 ], [ -0.904406, 41.6543014 ], [ -0.9044093, 41.6542993 ], [ -0.9044522, 41.6534646 ], [ -0.9043349, 41.6534952 ], [ -0.9038449, 41.6536229 ], [ -0.9032923, 41.653767 ], [ -0.9027413, 41.6539107 ], [ -0.9024838, 41.6539777 ], [ -0.9022517, 41.6540382 ], [ -0.9011002, 41.6543435 ], [ -0.9010365, 41.6543688 ], [ -0.9008143, 41.6544564 ], [ -0.9007144, 41.6544958 ], [ -0.9007137, 41.6544937 ], [ -0.9007108, 41.6544973 ], [ -0.900509, 41.654577 ], [ -0.9003718, 41.6546312 ], [ -0.9003264, 41.6546448 ], [ -0.9002644, 41.6546624 ], [ -0.9002456, 41.6546678 ], [ -0.9002368, 41.654672 ], [ -0.9003626, 41.6546772 ], [ -0.9008349, 41.6546967 ], [ -0.9012542, 41.6547377 ], [ -0.9023723, 41.654875 ], [ -0.902458, 41.6548857 ], [ -0.902778, 41.6549252 ], [ -0.9028748, 41.6549378 ] ] ] } },
{ "type": "Feature", "properties": { "CCAA": "02 - Aragón", "PROVINCIA": "50 - Zaragoza", "MUNICIPIO": "50297 - Zaragoza", "COD_MUNICIPIO": "50297", "DISTRITO": "03", "SECCION": "5029703029", "V1_H": 80.31, "V1_M": 86.3, "V2_H": 80.10187432, "V2_M": 86.1135989, "V3_H": 80.75259804, "V3_M": 86.72412179 }, "geometry": { "type": "Polygon", "coordinates": [ [ [ -0.9012746, 41.6470368 ], [ -0.9012758, 41.6470385 ], [ -0.9022787, 41.6466118 ], [ -0.9031281, 41.6462505 ], [ -0.90351, 41.6469173 ], [ -0.903932, 41.6476543 ], [ -0.9049694, 41.6473146 ], [ -0.9054313, 41.6471634 ], [ -0.9058568, 41.6470241 ], [ -0.9060587, 41.6469579 ], [ -0.9060593, 41.6469578 ], [ -0.9060355, 41.6469206 ], [ -0.9059409, 41.6467682 ], [ -0.9058837, 41.6466761 ], [ -0.9058188, 41.6465709 ], [ -0.9058128, 41.6465335 ], [ -0.9058344, 41.646472 ], [ -0.9058311, 41.6464352 ], [ -0.9057872, 41.6463585 ], [ -0.9056043, 41.646039 ], [ -0.9055241, 41.6458988 ], [ -0.9053647, 41.6456203 ], [ -0.9052932, 41.6454954 ], [ -0.9052205, 41.6453681 ], [ -0.9051705, 41.6453827 ], [ -0.9051332, 41.6453977 ], [ -0.9049914, 41.6454579 ], [ -0.9048331, 41.6455253 ], [ -0.9045236, 41.645657 ], [ -0.9042651, 41.6457669 ], [ -0.9041524, 41.6458149 ], [ -0.904141, 41.6458175 ], [ -0.9039641, 41.6455075 ], [ -0.9037181, 41.6450764 ], [ -0.9026517, 41.6454187 ], [ -0.9021033, 41.6444613 ], [ -0.9019036, 41.6443395 ], [ -0.901903, 41.6443397 ], [ -0.9015121, 41.6444669 ], [ -0.9011305, 41.6445916 ], [ -0.9000121, 41.6449567 ], [ -0.8999396, 41.6450293 ], [ -0.8999171, 41.6450519 ], [ -0.8998286, 41.6451367 ], [ -0.8991375, 41.6454193 ], [ -0.8982092, 41.6457998 ], [ -0.8985826, 41.6462979 ], [ -0.898948, 41.6467851 ], [ -0.8992802, 41.6472252 ], [ -0.899854, 41.6469933 ], [ -0.9009512, 41.6465498 ], [ -0.9012746, 41.6470368 ] ] ] } },
{ "type": "Feature", "properties": { "CCAA": "02 - Aragón", "PROVINCIA": "50 - Zaragoza", "MUNICIPIO": "50297 - Zaragoza", "COD_MUNICIPIO": "50297", "DISTRITO": "03", "SECCION": "5029703030", "V1_H": 81.88, "V1_M": 87.06, "V2_H": 81.54316391, "V2_M": 86.92154098, "V3_H": 82.24926416, "V3_M": 87.34198023 }, "geometry": { "type": "Polygon", "coordinates": [ [ [ -0.9019036, 41.6443395 ], [ -0.9021033, 41.6444613 ], [ -0.9026517, 41.6454187 ], [ -0.9037181, 41.6450764 ], [ -0.9039641, 41.6455075 ], [ -0.904141, 41.6458175 ], [ -0.9041524, 41.6458149 ], [ -0.9042651, 41.6457669 ], [ -0.9045236, 41.645657 ], [ -0.9048331, 41.6455253 ], [ -0.9049914, 41.6454579 ], [ -0.9051332, 41.6453977 ], [ -0.9051705, 41.6453827 ], [ -0.9052205, 41.6453681 ], [ -0.9052932, 41.6454954 ], [ -0.9053647, 41.6456203 ], [ -0.9055241, 41.6458988 ], [ -0.9056043, 41.646039 ], [ -0.9057872, 41.6463585 ], [ -0.9058311, 41.6464352 ], [ -0.9058344, 41.646472 ], [ -0.9058128, 41.6465335 ], [ -0.9058188, 41.6465709 ], [ -0.9058837, 41.6466761 ], [ -0.9059409, 41.6467682 ], [ -0.9060355, 41.6469206 ], [ -0.9060593, 41.6469578 ], [ -0.9066283, 41.6467714 ], [ -0.9076283, 41.6464241 ], [ -0.9072008, 41.6456285 ], [ -0.907167, 41.6455659 ], [ -0.9071393, 41.6455145 ], [ -0.9070743, 41.6453931 ], [ -0.9066877, 41.6446721 ], [ -0.9066526, 41.6446064 ], [ -0.9066524, 41.6446062 ], [ -0.905976, 41.6433443 ], [ -0.9058414, 41.643093 ], [ -0.9058404, 41.6430928 ], [ -0.9058289, 41.6430696 ], [ -0.9058271, 41.6430702 ], [ -0.9057362, 41.6430994 ], [ -0.9052617, 41.6432521 ], [ -0.9046046, 41.6434635 ], [ -0.9042044, 41.6435923 ], [ -0.9035208, 41.6438135 ], [ -0.9031516, 41.6439336 ], [ -0.9025013, 41.6441451 ], [ -0.9019036, 41.6443395 ] ] ] } },
{ "type": "Feature", "properties": { "CCAA": "02 - Aragón", "PROVINCIA": "50 - Zaragoza", "MUNICIPIO": "50297 - Zaragoza", "COD_MUNICIPIO": "50297", "DISTRITO": "01", "SECCION": "5029701005", "V1_H": 81.1, "V1_M": 86.64, "V2_H": 80.60081217, "V2_M": 86.48118059, "V3_H": 81.51550291, "V3_M": 86.87452308 }, "geometry": { "type": "Polygon", "coordinates": [ [ [ -0.8625213, 41.6516529 ], [ -0.8627058, 41.6516936 ], [ -0.8631999, 41.6518023 ], [ -0.8635044, 41.6518692 ], [ -0.8635864, 41.6518873 ], [ -0.8640866, 41.6520223 ], [ -0.8644369, 41.6521173 ], [ -0.8649757, 41.6522635 ], [ -0.8653227, 41.6523577 ], [ -0.8662086, 41.6525981 ], [ -0.8662639, 41.652447 ], [ -0.8663281, 41.6523196 ], [ -0.8665468, 41.6523793 ], [ -0.8665734, 41.6523406 ], [ -0.8668025, 41.6518912 ], [ -0.8672588, 41.6520183 ], [ -0.8673517, 41.6518339 ], [ -0.8676112, 41.6519058 ], [ -0.868027, 41.6520205 ], [ -0.8681692, 41.6517274 ], [ -0.8690327, 41.65197 ], [ -0.8696381, 41.6521361 ], [ -0.8698736, 41.6520485 ], [ -0.8698819, 41.6518261 ], [ -0.8698919, 41.6516353 ], [ -0.8698937, 41.6516009 ], [ -0.8698995, 41.6514924 ], [ -0.8699141, 41.6512139 ], [ -0.8699207, 41.6510258 ], [ -0.8699639, 41.6504678 ], [ -0.8700291, 41.6502962 ], [ -0.8702752, 41.6499265 ], [ -0.8704593, 41.6496956 ], [ -0.8705389, 41.6495955 ], [ -0.8707832, 41.6494002 ], [ -0.8708445, 41.6493511 ], [ -0.8711008, 41.6492171 ], [ -0.8708859, 41.6491764 ], [ -0.8706236, 41.6491874 ], [ -0.8701917, 41.6492363 ], [ -0.8698685, 41.6492871 ], [ -0.8697586, 41.6493081 ], [ -0.8695812, 41.6493419 ], [ -0.8694855, 41.6493623 ], [ -0.869366, 41.6493739 ], [ -0.8692545, 41.6493643 ], [ -0.8691248, 41.6493114 ], [ -0.8689697, 41.6492074 ], [ -0.8687636, 41.6490044 ], [ -0.868673, 41.6488784 ], [ -0.8694236, 41.6486711 ], [ -0.8697823, 41.6485891 ], [ -0.8704313, 41.6484406 ], [ -0.8704984, 41.648418 ], [ -0.8704348, 41.6483115 ], [ -0.8700556, 41.6476762 ], [ -0.8700481, 41.6476661 ], [ -0.8696686, 41.6477954 ], [ -0.8690283, 41.6480954 ], [ -0.8677158, 41.648426 ], [ -0.8674264, 41.648498 ], [ -0.8671707, 41.6485169 ], [ -0.8669288, 41.6485345 ], [ -0.8667169, 41.64855 ], [ -0.8666008, 41.6485584 ], [ -0.8660934, 41.6485967 ], [ -0.8658819, 41.6487223 ], [ -0.8656846, 41.6488395 ], [ -0.8652604, 41.6490914 ], [ -0.8650889, 41.6491933 ], [ -0.8650641, 41.6492075 ], [ -0.8649734, 41.6492543 ], [ -0.8647149, 41.6493879 ], [ -0.8646079, 41.6494431 ], [ -0.8645946, 41.64945 ], [ -0.8645328, 41.6494819 ], [ -0.86397, 41.6503607 ], [ -0.8637109, 41.6506286 ], [ -0.8634084, 41.6509418 ], [ -0.8633234, 41.6510298 ], [ -0.8626472, 41.6515275 ], [ -0.8625213, 41.6516529 ] ] ] } },
{ "type": "Feature", "properties": { "CCAA": "02 - Aragón", "PROVINCIA": "50 - Zaragoza", "MUNICIPIO": "50297 - Zaragoza", "COD_MUNICIPIO": "50297", "DISTRITO": "01", "SECCION": "5029701024", "V1_H": 80.55, "V1_M": 86.21, "V2_H": 80.25181467, "V2_M": 85.94546636, "V3_H": 81.01047082, "V3_M": 86.65561049 }, "geometry": { "type": "Polygon", "coordinates": [ [ [ -0.8858377, 41.6591475 ], [ -0.8876943, 41.6598869 ], [ -0.8902856, 41.6613856 ], [ -0.891922, 41.6596106 ], [ -0.8923006, 41.658989 ], [ -0.8924609, 41.6587537 ], [ -0.8917844, 41.658459 ], [ -0.8911441, 41.6583358 ], [ -0.8904786, 41.658208 ], [ -0.8894267, 41.6580057 ], [ -0.8893589, 41.6579203 ], [ -0.8886774, 41.6577987 ], [ -0.8874967, 41.6576871 ], [ -0.8867278, 41.657618 ], [ -0.8867232, 41.6576176 ], [ -0.8865608, 41.6576031 ], [ -0.8865151, 41.6576861 ], [ -0.886472, 41.65777 ], [ -0.8863316, 41.6580425 ], [ -0.8863058, 41.6580926 ], [ -0.886265, 41.6581719 ], [ -0.8862383, 41.6582237 ], [ -0.8862261, 41.6582474 ], [ -0.886218, 41.6582623 ], [ -0.8861675, 41.6583571 ], [ -0.8861077, 41.6584999 ], [ -0.8859286, 41.6589283 ], [ -0.8858377, 41.6591475 ] ] ] } },
{ "type": "Feature", "properties": { "CCAA": "02 - Aragón", "PROVINCIA": "50 - Zaragoza", "MUNICIPIO": "50297 - Zaragoza", "COD_MUNICIPIO": "50297", "DISTRITO": "01", "SECCION": "5029701033", "V1_H": 80.8, "V1_M": 86.5, "V2_H": 80.66727015, "V2_M": 86.4570773, "V3_H": 81.13875257, "V3_M": 86.68010657000001 }, "geometry": { "type": "Polygon", "coordinates": [ [ [ -0.8704984, 41.648418 ], [ -0.8704313, 41.6484406 ], [ -0.8697823, 41.6485891 ], [ -0.8694236, 41.6486711 ], [ -0.868673, 41.6488784 ], [ -0.8687636, 41.6490044 ], [ -0.8689697, 41.6492074 ], [ -0.8691248, 41.6493114 ], [ -0.8692545, 41.6493643 ], [ -0.869366, 41.6493739 ], [ -0.8694855, 41.6493623 ], [ -0.8695812, 41.6493419 ], [ -0.8697586, 41.6493081 ], [ -0.8698685, 41.6492871 ], [ -0.8701917, 41.6492363 ], [ -0.8706236, 41.6491874 ], [ -0.8708859, 41.6491764 ], [ -0.8711008, 41.6492171 ], [ -0.8708594, 41.6489391 ], [ -0.8706719, 41.6487087 ], [ -0.8704984, 41.648418 ] ] ] } },
{ "type": "Feature", "properties": { "CCAA": "02 - Aragón", "PROVINCIA": "50 - Zaragoza", "MUNICIPIO": "50297 - Zaragoza", "COD_MUNICIPIO": "50297", "DISTRITO": "01", "SECCION": "5029701043", "V1_H": 80.53, "V1_M": 86.43, "V2_H": 80.43347749, "V2_M": 86.30479166000001, "V3_H": 80.8868878, "V3_M": 86.74881461 }, "geometry": { "type": "Polygon", "coordinates": [ [ [ -0.8712705, 41.6501579 ], [ -0.8715861, 41.6503378 ], [ -0.872302, 41.6507314 ], [ -0.8725201, 41.6508554 ], [ -0.8726064, 41.6507458 ], [ -0.8726726, 41.6506768 ], [ -0.8727668, 41.6505706 ], [ -0.8729278, 41.6503836 ], [ -0.873034, 41.6502366 ], [ -0.8731262, 41.6501127 ], [ -0.873168, 41.6500566 ], [ -0.8732105, 41.6499917 ], [ -0.873286, 41.6498763 ], [ -0.8733495, 41.6497285 ], [ -0.8734012, 41.6494487 ], [ -0.873415, 41.6493746 ], [ -0.8734276, 41.6493054 ], [ -0.873486, 41.6489718 ], [ -0.873093, 41.6489609 ], [ -0.8724414, 41.6490244 ], [ -0.8715768, 41.6490911 ], [ -0.8711008, 41.6492171 ], [ -0.8708445, 41.6493511 ], [ -0.8707832, 41.6494002 ], [ -0.8705389, 41.6495955 ], [ -0.8704593, 41.6496956 ], [ -0.8712705, 41.6501579 ] ] ] } },
{ "type": "Feature", "properties": { "CCAA": "02 - Aragón", "PROVINCIA": "50 - Zaragoza", "MUNICIPIO": "50297 - Zaragoza", "COD_MUNICIPIO": "50297", "DISTRITO": "02", "SECCION": "5029702013", "V1_H": 81.0, "V1_M": 86.46, "V2_H": 80.73228769000001, "V2_M": 86.26471443, "V3_H": 81.28044537, "V3_M": 86.73149122 }, "geometry": { "type": "Polygon", "coordinates": [ [ [ -0.8901039, 41.6492074 ], [ -0.8908281, 41.6494804 ], [ -0.8910203, 41.6493299 ], [ -0.8909161, 41.6489983 ], [ -0.8908497, 41.6487872 ], [ -0.8908079, 41.6486539 ], [ -0.8908064, 41.6486494 ], [ -0.8907585, 41.6485436 ], [ -0.8907582, 41.648543 ], [ -0.8908117, 41.6485385 ], [ -0.8908163, 41.648538 ], [ -0.8908789, 41.648532 ], [ -0.8908945, 41.6485301 ], [ -0.8910025, 41.6485171 ], [ -0.8912689, 41.6484849 ], [ -0.8912698, 41.6484848 ], [ -0.8917741, 41.6483321 ], [ -0.8918369, 41.648313 ], [ -0.8919295, 41.6482848 ], [ -0.8923883, 41.6481449 ], [ -0.8925221, 41.648104 ], [ -0.8921948, 41.6475743 ], [ -0.8921498, 41.6475917 ], [ -0.8921089, 41.647606 ], [ -0.8920404, 41.6476294 ], [ -0.8919462, 41.6476525 ], [ -0.8918954, 41.6476705 ], [ -0.8915351, 41.6477984 ], [ -0.8912803, 41.6478887 ], [ -0.8912118, 41.6479131 ], [ -0.8911023, 41.6479613 ], [ -0.8908371, 41.648078 ], [ -0.8907735, 41.6481061 ], [ -0.8907169, 41.6481414 ], [ -0.8905798, 41.6482017 ], [ -0.8905689, 41.6481837 ], [ -0.890425, 41.6480624 ], [ -0.8903457, 41.6479956 ], [ -0.8903191, 41.6479737 ], [ -0.889562, 41.6484781 ], [ -0.8893674, 41.648623 ], [ -0.8890731, 41.6488187 ], [ -0.8901039, 41.6492074 ] ] ] } },
{ "type": "Feature", "properties": { "CCAA": "02 - Aragón", "PROVINCIA": "50 - Zaragoza", "MUNICIPIO": "50297 - Zaragoza", "COD_MUNICIPIO": "50297", "DISTRITO": "02", "SECCION": "5029702021", "V1_H": 81.73, "V1_M": 86.8, "V2_H": 81.31626673, "V2_M": 86.83145999, "V3_H": 82.17064416, "V3_M": 87.00536352 }, "geometry": { "type": "Polygon", "coordinates": [ [ [ -0.888105, 41.6441134 ], [ -0.8906144, 41.6443318 ], [ -0.8905871, 41.6437137 ], [ -0.8905081, 41.6436852 ], [ -0.890139, 41.6435749 ], [ -0.8900471, 41.6435474 ], [ -0.8899223, 41.6434786 ], [ -0.8893359, 41.6432948 ], [ -0.8886286, 41.6430907 ], [ -0.8885562, 41.6430624 ], [ -0.8883155, 41.6429967 ], [ -0.8882634, 41.6430922 ], [ -0.8882374, 41.6432615 ], [ -0.8882028, 41.6434855 ], [ -0.888105, 41.6441134 ] ] ] } },
{ "type": "Feature", "properties": { "CCAA": "02 - Aragón", "PROVINCIA": "50 - Zaragoza", "MUNICIPIO": "50297 - Zaragoza", "COD_MUNICIPIO": "50297", "DISTRITO": "02", "SECCION": "5029702028", "V1_H": 82.08, "V1_M": 87.23, "V2_H": 81.77226367, "V2_M": 87.02227373, "V3_H": 82.52263661000001, "V3_M": 87.52638345 }, "geometry": { "type": "Polygon", "coordinates": [ [ [ -0.8809439, 41.6465611 ], [ -0.8810116, 41.6465983 ], [ -0.8814734, 41.6468334 ], [ -0.881843, 41.6469791 ], [ -0.8821025, 41.647063 ], [ -0.8824574, 41.6471648 ], [ -0.8825854, 41.6471777 ], [ -0.8825674, 41.6471531 ], [ -0.8827351, 41.646992 ], [ -0.882869, 41.6470237 ], [ -0.8829101, 41.647059 ], [ -0.8829889, 41.6470224 ], [ -0.8834347, 41.646813 ], [ -0.8835046, 41.6467802 ], [ -0.8836368, 41.6467176 ], [ -0.8835071, 41.6465651 ], [ -0.8826138, 41.645638 ], [ -0.8818737, 41.6460409 ], [ -0.8813048, 41.6463508 ], [ -0.8809935, 41.6465203 ], [ -0.8809439, 41.6465611 ] ] ] } },
{ "type": "Feature", "properties": { "CCAA": "02 - Aragón", "PROVINCIA": "50 - Zaragoza", "MUNICIPIO": "50297 - Zaragoza", "COD_MUNICIPIO": "50297", "DISTRITO": "02", "SECCION": "5029702042", "V1_H": 82.19, "V1_M": 87.25, "V2_H": 81.84285612, "V2_M": 87.14223952, "V3_H": 82.56554756, "V3_M": 87.46692958 }, "geometry": { "type": "Polygon", "coordinates": [ [ [ -0.8782628, 41.6459612 ], [ -0.8782635, 41.6459619 ], [ -0.8784069, 41.6461259 ], [ -0.8784936, 41.6462072 ], [ -0.8796044, 41.6456298 ], [ -0.8795032, 41.6455238 ], [ -0.879047, 41.64505 ], [ -0.8784743, 41.6444549 ], [ -0.8779054, 41.6447345 ], [ -0.8774096, 41.644979 ], [ -0.8774444, 41.6450203 ], [ -0.8775551, 41.645152 ], [ -0.8782628, 41.6459612 ] ] ] } },
{ "type": "Feature", "properties": { "CCAA": "02 - Aragón", "PROVINCIA": "50 - Zaragoza", "MUNICIPIO": "50297 - Zaragoza", "COD_MUNICIPIO": "50297", "DISTRITO": "02", "SECCION": "5029702051", "V1_H": 82.08, "V1_M": 87.23, "V2_H": 81.77226367, "V2_M": 87.02227373, "V3_H": 82.52263661000001, "V3_M": 87.52638345 }, "geometry": { "type": "Polygon", "coordinates": [ [ [ -0.8752855, 41.6395544 ], [ -0.8757515, 41.6397647 ], [ -0.8764822, 41.6404407 ], [ -0.876482, 41.6404459 ], [ -0.8769928, 41.6407242 ], [ -0.8772241, 41.6407428 ], [ -0.8772252, 41.6407415 ], [ -0.8772528, 41.6407385 ], [ -0.8776789, 41.6411134 ], [ -0.8782036, 41.641776 ], [ -0.8781739, 41.6419041 ], [ -0.8782951, 41.64205 ], [ -0.8783437, 41.6420284 ], [ -0.8787023, 41.6418692 ], [ -0.8788173, 41.641821 ], [ -0.8789611, 41.6417123 ], [ -0.8790913, 41.6415795 ], [ -0.8791978, 41.6413731 ], [ -0.8792067, 41.6411012 ], [ -0.8792091, 41.6411012 ], [ -0.8792091, 41.641051 ], [ -0.8792091, 41.6410509 ], [ -0.8792348, 41.6405311 ], [ -0.8792178, 41.6405093 ], [ -0.8791565, 41.6404309 ], [ -0.8791503, 41.6403984 ], [ -0.8790055, 41.6401864 ], [ -0.8788306, 41.6400516 ], [ -0.8786346, 41.6399604 ], [ -0.8780842, 41.6398206 ], [ -0.8777768, 41.6397591 ], [ -0.877432, 41.6396897 ], [ -0.8772893, 41.6396524 ], [ -0.8771725, 41.6396219 ], [ -0.8771538, 41.639617 ], [ -0.8771055, 41.6396015 ], [ -0.8771052, 41.6396014 ], [ -0.8771045, 41.6396012 ], [ -0.8768691, 41.6395258 ], [ -0.8768696, 41.6395251 ], [ -0.8768734, 41.6395197 ], [ -0.8768759, 41.6395163 ], [ -0.8767895, 41.6394937 ], [ -0.8766244, 41.6394374 ], [ -0.8765605, 41.6394156 ], [ -0.8763426, 41.6393413 ], [ -0.8761933, 41.6392903 ], [ -0.8760459, 41.6392401 ], [ -0.875947, 41.6392063 ], [ -0.8759291, 41.6392001 ], [ -0.875871, 41.6391722 ], [ -0.8757712, 41.6391243 ], [ -0.8755951, 41.6392885 ], [ -0.8755328, 41.639346 ], [ -0.8754895, 41.6393825 ], [ -0.8754059, 41.6394531 ], [ -0.8752929, 41.6395482 ], [ -0.8752855, 41.6395544 ] ] ] } },
{ "type": "Feature", "properties": { "CCAA": "02 - Aragón", "PROVINCIA": "50 - Zaragoza", "MUNICIPIO": "50297 - Zaragoza", "COD_MUNICIPIO": "50297", "DISTRITO": "03", "SECCION": "5029703005", "V1_H": 80.8, "V1_M": 86.5, "V2_H": 80.66727015, "V2_M": 86.4570773, "V3_H": 81.13875257, "V3_M": 86.68010657000001 }, "geometry": { "type": "Polygon", "coordinates": [ [ [ -0.8957294, 41.6513705 ], [ -0.8957285, 41.6513727 ], [ -0.8959158, 41.65166 ], [ -0.896197, 41.6521203 ], [ -0.8962379, 41.6521874 ], [ -0.8965542, 41.6526974 ], [ -0.8966193, 41.65249 ], [ -0.8967225, 41.6522215 ], [ -0.896757, 41.6521306 ], [ -0.8969365, 41.6516569 ], [ -0.8968731, 41.6516436 ], [ -0.8970162, 41.6512702 ], [ -0.8970647, 41.6511425 ], [ -0.8971901, 41.6508148 ], [ -0.8973841, 41.6503086 ], [ -0.8974066, 41.650251 ], [ -0.8972903, 41.650226 ], [ -0.8974185, 41.6498911 ], [ -0.8976915, 41.6491779 ], [ -0.897356, 41.6491346 ], [ -0.89692, 41.6490781 ], [ -0.8958811, 41.6489437 ], [ -0.8958319, 41.6490256 ], [ -0.8957576, 41.6493421 ], [ -0.8956498, 41.6498015 ], [ -0.8956092, 41.6499158 ], [ -0.8962121, 41.6500516 ], [ -0.8961908, 41.6501128 ], [ -0.8960016, 41.6506428 ], [ -0.8958078, 41.6511855 ], [ -0.8957294, 41.6513705 ] ] ] } },
{ "type": "Feature", "properties": { "CCAA": "02 - Aragón", "PROVINCIA": "50 - Zaragoza", "MUNICIPIO": "50297 - Zaragoza", "COD_MUNICIPIO": "50297", "DISTRITO": "03", "SECCION": "5029703011", "V1_H": 80.06, "V1_M": 86.12, "V2_H": 80.10460866, "V2_M": 86.20761786, "V3_H": 80.17898723, "V3_M": 86.18020212 }, "geometry": { "type": "Polygon", "coordinates": [ [ [ -0.8986107, 41.6496162 ], [ -0.8988457, 41.6496395 ], [ -0.899001, 41.6496017 ], [ -0.8990821, 41.6495315 ], [ -0.8991262, 41.6494392 ], [ -0.8992377, 41.6493171 ], [ -0.8991361, 41.649111 ], [ -0.8990738, 41.6489844 ], [ -0.8989097, 41.6486937 ], [ -0.8988489, 41.6485539 ], [ -0.8983313, 41.647657 ], [ -0.8983322, 41.6476566 ], [ -0.8983309, 41.6476564 ], [ -0.8983076, 41.6476183 ], [ -0.8983057, 41.647619 ], [ -0.8983075, 41.6476157 ], [ -0.8983202, 41.6476132 ], [ -0.8986788, 41.6474682 ], [ -0.8990294, 41.6473266 ], [ -0.8992802, 41.6472252 ], [ -0.898948, 41.6467851 ], [ -0.8985826, 41.6462979 ], [ -0.897744, 41.6466379 ], [ -0.8970252, 41.6469269 ], [ -0.8974469, 41.6476472 ], [ -0.8975729, 41.6478621 ], [ -0.8976018, 41.6479113 ], [ -0.8977472, 41.6481592 ], [ -0.8979498, 41.6485047 ], [ -0.8979616, 41.6485248 ], [ -0.8979272, 41.6486782 ], [ -0.8979009, 41.6487952 ], [ -0.8978501, 41.6490214 ], [ -0.8978155, 41.6491753 ], [ -0.897812, 41.6491912 ], [ -0.8978178, 41.6491942 ], [ -0.897829, 41.6491957 ], [ -0.8980257, 41.6492211 ], [ -0.898332, 41.6492606 ], [ -0.8985594, 41.6492882 ], [ -0.8985342, 41.6493239 ], [ -0.8985304, 41.6493376 ], [ -0.898511, 41.6494089 ], [ -0.8985418, 41.6495117 ], [ -0.8985496, 41.6495198 ], [ -0.8986002, 41.6496093 ], [ -0.8986107, 41.6496162 ] ] ] } },
{ "type": "Feature", "properties": { "CCAA": "02 - Aragón", "PROVINCIA": "50 - Zaragoza", "MUNICIPIO": "50297 - Zaragoza", "COD_MUNICIPIO": "50297", "DISTRITO": "03", "SECCION": "5029703019", "V1_H": 79.36, "V1_M": 85.46, "V2_H": 79.32780616, "V2_M": 85.51002556, "V3_H": 79.53169609, "V3_M": 85.5666933 }, "geometry": { "type": "Polygon", "coordinates": [ [ [ -0.8999124, 41.6505822 ], [ -0.8999715, 41.6507346 ], [ -0.9002517, 41.6513403 ], [ -0.9006502, 41.6522018 ], [ -0.9007657, 41.6524515 ], [ -0.9007877, 41.6524991 ], [ -0.9008146, 41.6524392 ], [ -0.9009343, 41.6523844 ], [ -0.9010149, 41.6523476 ], [ -0.9013061, 41.6522638 ], [ -0.9012562, 41.6521542 ], [ -0.9010809, 41.6517683 ], [ -0.9010409, 41.6516804 ], [ -0.9008609, 41.6512841 ], [ -0.90082, 41.6511941 ], [ -0.9011467, 41.6511111 ], [ -0.9014177, 41.6510417 ], [ -0.9009227, 41.6499552 ], [ -0.9008597, 41.6498169 ], [ -0.9007746, 41.6498827 ], [ -0.9006929, 41.649951 ], [ -0.9003755, 41.650216 ], [ -0.9002956, 41.6502828 ], [ -0.9001025, 41.6504294 ], [ -0.8999124, 41.6505822 ] ] ] } },
{ "type": "Feature", "properties": { "CCAA": "02 - Aragón", "PROVINCIA": "50 - Zaragoza", "MUNICIPIO": "50297 - Zaragoza", "COD_MUNICIPIO": "50297", "DISTRITO": "03", "SECCION": "5029703026", "V1_H": 80.91, "V1_M": 86.7, "V2_H": 80.91796575, "V2_M": 86.73459974, "V3_H": 81.00259482, "V3_M": 86.81948346 }, "geometry": { "type": "Polygon", "coordinates": [ [ [ -0.9000219, 41.6482191 ], [ -0.9000271, 41.6482237 ], [ -0.9001558, 41.6483971 ], [ -0.9002538, 41.648529 ], [ -0.9004071, 41.6487356 ], [ -0.900503, 41.6488649 ], [ -0.9005161, 41.6488831 ], [ -0.9006458, 41.6488398 ], [ -0.9019595, 41.6484014 ], [ -0.9021051, 41.6483062 ], [ -0.9022466, 41.6482137 ], [ -0.9030449, 41.6479484 ], [ -0.9036301, 41.6477539 ], [ -0.9037894, 41.6477009 ], [ -0.903932, 41.6476543 ], [ -0.90351, 41.6469173 ], [ -0.9031281, 41.6462505 ], [ -0.9022787, 41.6466118 ], [ -0.9012758, 41.6470385 ], [ -0.9012746, 41.6470368 ], [ -0.9012731, 41.6470396 ], [ -0.9012855, 41.6470532 ], [ -0.9013425, 41.647139 ], [ -0.9015764, 41.6474912 ], [ -0.9016404, 41.6475848 ], [ -0.9014229, 41.6476676 ], [ -0.9012218, 41.6477456 ], [ -0.900646, 41.6479728 ], [ -0.9004175, 41.648063 ], [ -0.9000863, 41.6481937 ], [ -0.900041, 41.6482116 ], [ -0.9000219, 41.6482191 ] ] ] } },
{ "type": "Feature", "properties": { "CCAA": "02 - Aragón", "PROVINCIA": "50 - Zaragoza", "MUNICIPIO": "50297 - Zaragoza", "COD_MUNICIPIO": "50297", "DISTRITO": "03", "SECCION": "5029703034", "V1_H": 79.27, "V1_M": 85.17, "V2_H": 79.19654882, "V2_M": 85.28496149, "V3_H": 79.61871206, "V3_M": 85.37047204 }, "geometry": { "type": "Polygon", "coordinates": [ [ [ -0.9048421, 41.6504122 ], [ -0.905152, 41.6510918 ], [ -0.9056345, 41.6521497 ], [ -0.9060227, 41.6520485 ], [ -0.9067451, 41.6518602 ], [ -0.9067878, 41.6518154 ], [ -0.9072969, 41.651013 ], [ -0.9065421, 41.650736 ], [ -0.9058969, 41.6504993 ], [ -0.9057454, 41.6504605 ], [ -0.9053268, 41.6503651 ], [ -0.9051699, 41.6503292 ], [ -0.9048421, 41.6504122 ] ] ] } },
{ "type": "Feature", "properties": { "CCAA": "02 - Aragón", "PROVINCIA": "50 - Zaragoza", "MUNICIPIO": "50297 - Zaragoza", "COD_MUNICIPIO": "50297", "DISTRITO": "01", "SECCION": "5029701020", "V1_H": 79.36, "V1_M": 85.46, "V2_H": 79.32780616, "V2_M": 85.51002556, "V3_H": 79.53169609, "V3_M": 85.5666933 }, "geometry": { "type": "Polygon", "coordinates": [ [ [ -0.8871582, 41.6565117 ], [ -0.8871766, 41.6565149 ], [ -0.8871992, 41.6564706 ], [ -0.8873186, 41.6562461 ], [ -0.8873873, 41.6561045 ], [ -0.8874233, 41.6560615 ], [ -0.8874623, 41.6559811 ], [ -0.8875801, 41.6557529 ], [ -0.8876267, 41.6556524 ], [ -0.8876658, 41.6555666 ], [ -0.8876811, 41.6555283 ], [ -0.8877771, 41.6553444 ], [ -0.8878627, 41.6551808 ], [ -0.8879446, 41.6550654 ], [ -0.8879604, 41.6550432 ], [ -0.8875888, 41.6549586 ], [ -0.8862402, 41.6546602 ], [ -0.8861571, 41.6546418 ], [ -0.8859285, 41.6545722 ], [ -0.8850395, 41.6543016 ], [ -0.8845573, 41.6541581 ], [ -0.8841719, 41.6540703 ], [ -0.884181, 41.6541511 ], [ -0.8842849, 41.654383 ], [ -0.8842345, 41.6547738 ], [ -0.8845149, 41.654818 ], [ -0.8846933, 41.6548418 ], [ -0.8848452, 41.6548631 ], [ -0.8849478, 41.6548726 ], [ -0.8851519, 41.6549158 ], [ -0.8852709, 41.6549394 ], [ -0.8851938, 41.6550681 ], [ -0.885124, 41.6551401 ], [ -0.8850721, 41.6551773 ], [ -0.8849233, 41.6552431 ], [ -0.8847623, 41.6552797 ], [ -0.8847139, 41.6553654 ], [ -0.8846463, 41.6554967 ], [ -0.8846115, 41.65559 ], [ -0.8845739, 41.6557031 ], [ -0.8845249, 41.6558179 ], [ -0.8844621, 41.6559464 ], [ -0.8844217, 41.6560418 ], [ -0.8846789, 41.656089 ], [ -0.8851898, 41.6561738 ], [ -0.8855249, 41.6562424 ], [ -0.8859125, 41.6563219 ], [ -0.8864559, 41.6563921 ], [ -0.8867441, 41.6564387 ], [ -0.8868151, 41.6564512 ], [ -0.8871582, 41.6565117 ] ] ] } },
{ "type": "Feature", "properties": { "CCAA": "02 - Aragón", "PROVINCIA": "50 - Zaragoza", "MUNICIPIO": "50297 - Zaragoza", "COD_MUNICIPIO": "50297", "DISTRITO": "01", "SECCION": "5029701023", "V1_H": 80.02, "V1_M": 86.02, "V2_H": 79.96138623, "V2_M": 86.18252023, "V3_H": 80.18726569, "V3_M": 86.15258899 }, "geometry": { "type": "Polygon", "coordinates": [ [ [ -0.8867232, 41.6576176 ], [ -0.8867278, 41.657618 ], [ -0.8874967, 41.6576871 ], [ -0.8886774, 41.6577987 ], [ -0.8893589, 41.6579203 ], [ -0.8894267, 41.6580057 ], [ -0.8904786, 41.658208 ], [ -0.8907432, 41.6571296 ], [ -0.8899486, 41.6569984 ], [ -0.889504, 41.6569249 ], [ -0.8892267, 41.6568892 ], [ -0.8888943, 41.6568207 ], [ -0.8886216, 41.6567573 ], [ -0.8883633, 41.6567032 ], [ -0.887533, 41.6565776 ], [ -0.8871766, 41.6565149 ], [ -0.8871582, 41.6565117 ], [ -0.8870657, 41.6567199 ], [ -0.8869773, 41.6569537 ], [ -0.8868831, 41.6572377 ], [ -0.8868137, 41.6574073 ], [ -0.886813, 41.6574084 ], [ -0.8867831, 41.6574587 ], [ -0.8867232, 41.6576176 ] ] ] } },
{ "type": "Feature", "properties": { "CCAA": "02 - Aragón", "PROVINCIA": "50 - Zaragoza", "MUNICIPIO": "50297 - Zaragoza", "COD_MUNICIPIO": "50297", "DISTRITO": "01", "SECCION": "5029701025", "V1_H": 80.78, "V1_M": 86.64, "V2_H": 80.55514168000001, "V2_M": 86.45889906, "V3_H": 81.06237696, "V3_M": 86.87120108000001 }, "geometry": { "type": "Polygon", "coordinates": [ [ [ -0.8911441, 41.6583358 ], [ -0.8917844, 41.658459 ], [ -0.8924609, 41.6587537 ], [ -0.8926461, 41.6584815 ], [ -0.8926925, 41.6585081 ], [ -0.8927011, 41.6584876 ], [ -0.8927041, 41.6584804 ], [ -0.8929847, 41.6579855 ], [ -0.8931599, 41.6576763 ], [ -0.8932176, 41.6575746 ], [ -0.8932365, 41.6575412 ], [ -0.8919338, 41.6573262 ], [ -0.8919334, 41.6573261 ], [ -0.8914073, 41.6572393 ], [ -0.8911441, 41.6583358 ] ] ] } },
{ "type": "Feature", "properties": { "CCAA": "02 - Aragón", "PROVINCIA": "50 - Zaragoza", "MUNICIPIO": "50297 - Zaragoza", "COD_MUNICIPIO": "50297", "DISTRITO": "01", "SECCION": "5029701032", "V1_H": 81.88, "V1_M": 87.06, "V2_H": 81.54316391, "V2_M": 86.92154098, "V3_H": 82.24926416, "V3_M": 87.34198023 }, "geometry": { "type": "Polygon", "coordinates": [ [ [ -0.8842641, 41.6536224 ], [ -0.8843712, 41.6536422 ], [ -0.8845448, 41.6536766 ], [ -0.8847129, 41.6537253 ], [ -0.8848446, 41.6537635 ], [ -0.884939, 41.6537909 ], [ -0.8849993, 41.6538057 ], [ -0.885059, 41.653615 ], [ -0.8850711, 41.6535619 ], [ -0.8851164, 41.6534292 ], [ -0.8851409, 41.6533656 ], [ -0.8851888, 41.6532668 ], [ -0.8852361, 41.653242 ], [ -0.8852532, 41.6532097 ], [ -0.8854116, 41.6528722 ], [ -0.8855386, 41.6529146 ], [ -0.8856388, 41.6529478 ], [ -0.8856932, 41.6529636 ], [ -0.8860392, 41.6530666 ], [ -0.8862034, 41.6531155 ], [ -0.8862344, 41.6531248 ], [ -0.8862489, 41.6530652 ], [ -0.8863515, 41.6527648 ], [ -0.8863916, 41.6526492 ], [ -0.8865452, 41.6522736 ], [ -0.8876637, 41.652579 ], [ -0.8883746, 41.6529005 ], [ -0.8888084, 41.6530977 ], [ -0.888971, 41.6528014 ], [ -0.8893536, 41.6519947 ], [ -0.889435, 41.651823 ], [ -0.8898804, 41.6508835 ], [ -0.8896266, 41.6507542 ], [ -0.8888343, 41.6503488 ], [ -0.8883187, 41.6500677 ], [ -0.887781, 41.6497743 ], [ -0.886873, 41.6504583 ], [ -0.8863858, 41.6508424 ], [ -0.8862172, 41.6510432 ], [ -0.8862161, 41.6510445 ], [ -0.8859633, 41.6513377 ], [ -0.8853466, 41.651921 ], [ -0.8852908, 41.6519736 ], [ -0.8850352, 41.6522154 ], [ -0.8847666, 41.6524693 ], [ -0.8846661, 41.6526642 ], [ -0.8844865, 41.6530886 ], [ -0.8842644, 41.6536217 ], [ -0.8842641, 41.6536224 ] ] ] } },
{ "type": "Feature", "properties": { "CCAA": "02 - Aragón", "PROVINCIA": "50 - Zaragoza", "MUNICIPIO": "50297 - Zaragoza", "COD_MUNICIPIO": "50297", "DISTRITO": "01", "SECCION": "5029701034", "V1_H": 79.35, "V1_M": 85.2, "V2_H": 79.29922448000001, "V2_M": 85.22530012, "V3_H": 79.59037894, "V3_M": 85.4114479 }, "geometry": { "type": "Polygon", "coordinates": [ [ [ -0.8841719, 41.6540703 ], [ -0.8845573, 41.6541581 ], [ -0.8850395, 41.6543016 ], [ -0.8859285, 41.6545722 ], [ -0.8861571, 41.6546418 ], [ -0.8862402, 41.6546602 ], [ -0.8875888, 41.6549586 ], [ -0.8879604, 41.6550432 ], [ -0.8879747, 41.6550232 ], [ -0.8880477, 41.6549213 ], [ -0.8881384, 41.6548073 ], [ -0.8882084, 41.6547193 ], [ -0.8882234, 41.6546991 ], [ -0.8882548, 41.654636 ], [ -0.8883992, 41.6544478 ], [ -0.8885073, 41.6543069 ], [ -0.8886106, 41.6541709 ], [ -0.8886286, 41.6541286 ], [ -0.8885344, 41.6541209 ], [ -0.8884224, 41.6541108 ], [ -0.8876163, 41.6540297 ], [ -0.8874565, 41.6540162 ], [ -0.8873008, 41.6540168 ], [ -0.8869016, 41.6539771 ], [ -0.8863855, 41.6539416 ], [ -0.8860645, 41.6539196 ], [ -0.8862062, 41.6532402 ], [ -0.8862344, 41.6531248 ], [ -0.8862034, 41.6531155 ], [ -0.8860392, 41.6530666 ], [ -0.8856932, 41.6529636 ], [ -0.8856388, 41.6529478 ], [ -0.8855386, 41.6529146 ], [ -0.8854116, 41.6528722 ], [ -0.8852532, 41.6532097 ], [ -0.8852361, 41.653242 ], [ -0.8851888, 41.6532668 ], [ -0.8851409, 41.6533656 ], [ -0.8851164, 41.6534292 ], [ -0.8850711, 41.6535619 ], [ -0.885059, 41.653615 ], [ -0.8849993, 41.6538057 ], [ -0.884939, 41.6537909 ], [ -0.8848446, 41.6537635 ], [ -0.8847129, 41.6537253 ], [ -0.8845448, 41.6536766 ], [ -0.8843712, 41.6536422 ], [ -0.8842641, 41.6536224 ], [ -0.8842094, 41.6537533 ], [ -0.8841628, 41.6539247 ], [ -0.8841719, 41.6540703 ] ] ] } },
{ "type": "Feature", "properties": { "CCAA": "02 - Aragón", "PROVINCIA": "50 - Zaragoza", "MUNICIPIO": "50297 - Zaragoza", "COD_MUNICIPIO": "50297", "DISTRITO": "02", "SECCION": "5029702020", "V1_H": 81.88, "V1_M": 87.06, "V2_H": 81.54316391, "V2_M": 86.92154098, "V3_H": 82.24926416, "V3_M": 87.34198023 }, "geometry": { "type": "Polygon", "coordinates": [ [ [ -0.888105, 41.6441134 ], [ -0.8879811, 41.6448104 ], [ -0.8879388, 41.645038 ], [ -0.8881068, 41.6450554 ], [ -0.8883156, 41.6450851 ], [ -0.8885594, 41.6451347 ], [ -0.888781, 41.6451858 ], [ -0.88894, 41.6452323 ], [ -0.8890479, 41.6452637 ], [ -0.8892779, 41.6453524 ], [ -0.8894405, 41.6454204 ], [ -0.8898736, 41.6452494 ], [ -0.8899731, 41.6452101 ], [ -0.8901031, 41.6451587 ], [ -0.890647, 41.6449439 ], [ -0.8909777, 41.6448133 ], [ -0.8911293, 41.6447534 ], [ -0.8912113, 41.6446843 ], [ -0.8915985, 41.6442526 ], [ -0.8914223, 41.6441678 ], [ -0.8910152, 41.6439334 ], [ -0.8907124, 41.6437591 ], [ -0.8905871, 41.6437137 ], [ -0.8906144, 41.6443318 ], [ -0.888105, 41.6441134 ] ] ] } },
{ "type": "Feature", "properties": { "CCAA": "02 - Aragón", "PROVINCIA": "50 - Zaragoza", "MUNICIPIO": "50297 - Zaragoza", "COD_MUNICIPIO": "50297", "DISTRITO": "02", "SECCION": "5029702022", "V1_H": 82.27, "V1_M": 87.07, "V2_H": 81.979544, "V2_M": 86.90367115, "V3_H": 82.63571561000001, "V3_M": 87.32539334000001 }, "geometry": { "type": "Polygon", "coordinates": [ [ [ -0.8873661, 41.6440489 ], [ -0.8879409, 41.6440991 ], [ -0.888105, 41.6441134 ], [ -0.8882028, 41.6434855 ], [ -0.8882374, 41.6432615 ], [ -0.8882634, 41.6430922 ], [ -0.8883155, 41.6429967 ], [ -0.8882071, 41.6429672 ], [ -0.888059, 41.6429267 ], [ -0.88798, 41.6429039 ], [ -0.887455, 41.6427526 ], [ -0.8868925, 41.6425904 ], [ -0.8863055, 41.6423596 ], [ -0.8855178, 41.6419432 ], [ -0.8849058, 41.64163 ], [ -0.884832, 41.6420969 ], [ -0.8847626, 41.6425365 ], [ -0.8847048, 41.6429027 ], [ -0.8846768, 41.6430809 ], [ -0.8857351, 41.6431713 ], [ -0.8861598, 41.6433075 ], [ -0.8860608, 41.6439348 ], [ -0.8866329, 41.6439848 ], [ -0.8873661, 41.6440489 ] ] ] } },
{ "type": "Feature", "properties": { "CCAA": "02 - Aragón", "PROVINCIA": "50 - Zaragoza", "MUNICIPIO": "50297 - Zaragoza", "COD_MUNICIPIO": "50297", "DISTRITO": "02", "SECCION": "5029702029", "V1_H": 82.53, "V1_M": 87.34, "V2_H": 82.38507422000001, "V2_M": 87.19104055, "V3_H": 82.74254947, "V3_M": 87.61225513 }, "geometry": { "type": "Polygon", "coordinates": [ [ [ -0.8805909, 41.6477906 ], [ -0.8818021, 41.6482254 ], [ -0.8818745, 41.6482514 ], [ -0.8820516, 41.6482962 ], [ -0.8826228, 41.6473675 ], [ -0.8826775, 41.6472706 ], [ -0.882625, 41.6472318 ], [ -0.8825854, 41.6471777 ], [ -0.8824574, 41.6471648 ], [ -0.8821025, 41.647063 ], [ -0.881843, 41.6469791 ], [ -0.8814734, 41.6468334 ], [ -0.8810116, 41.6465983 ], [ -0.8809439, 41.6465611 ], [ -0.8808544, 41.6466348 ], [ -0.8804244, 41.6470678 ], [ -0.8802332, 41.6471009 ], [ -0.8799343, 41.6469676 ], [ -0.8794745, 41.6469194 ], [ -0.8792708, 41.6469686 ], [ -0.8793964, 41.6471011 ], [ -0.8795016, 41.6471717 ], [ -0.8797412, 41.6473144 ], [ -0.8805909, 41.6477906 ] ] ] } },
{ "type": "Feature", "properties": { "CCAA": "02 - Aragón", "PROVINCIA": "50 - Zaragoza", "MUNICIPIO": "50297 - Zaragoza", "COD_MUNICIPIO": "50297", "DISTRITO": "02", "SECCION": "5029702031", "V1_H": 81.47, "V1_M": 86.8, "V2_H": 81.3148143, "V2_M": 86.48589846, "V3_H": 81.69126572, "V3_M": 87.1320201 }, "geometry": { "type": "Polygon", "coordinates": [ [ [ -0.8796044, 41.6456298 ], [ -0.8796486, 41.645676 ], [ -0.8801223, 41.6460704 ], [ -0.8803931, 41.6462414 ], [ -0.8807621, 41.6464614 ], [ -0.8809439, 41.6465611 ], [ -0.8809935, 41.6465203 ], [ -0.8813048, 41.6463508 ], [ -0.8818737, 41.6460409 ], [ -0.881876, 41.6459731 ], [ -0.8810805, 41.6450875 ], [ -0.8809426, 41.6449341 ], [ -0.8798881, 41.64376 ], [ -0.8792691, 41.6440642 ], [ -0.8799145, 41.6447857 ], [ -0.8801654, 41.6450706 ], [ -0.880327, 41.645254 ], [ -0.8796044, 41.6456298 ] ] ] } },
{ "type": "Feature", "properties": { "CCAA": "02 - Aragón", "PROVINCIA": "50 - Zaragoza", "MUNICIPIO": "50297 - Zaragoza", "COD_MUNICIPIO": "50297", "DISTRITO": "03", "SECCION": "5029703007", "V1_H": 80.66, "V1_M": 86.4, "V2_H": 80.5853616, "V2_M": 86.40568132, "V3_H": 80.91378542, "V3_M": 86.56441087 }, "geometry": { "type": "Polygon", "coordinates": [ [ [ -0.8941519, 41.6487202 ], [ -0.8941734, 41.6487228 ], [ -0.8943538, 41.6487461 ], [ -0.8946512, 41.6487846 ], [ -0.8953369, 41.6488733 ], [ -0.8954642, 41.6488898 ], [ -0.8958811, 41.6489437 ], [ -0.8959297, 41.6488572 ], [ -0.8960492, 41.6483163 ], [ -0.8961828, 41.6477107 ], [ -0.8953432, 41.6476028 ], [ -0.8954584, 41.6475566 ], [ -0.8950867, 41.6470595 ], [ -0.8949865, 41.6470996 ], [ -0.8948045, 41.6471762 ], [ -0.8944159, 41.6473415 ], [ -0.894156, 41.647452 ], [ -0.8939636, 41.6475338 ], [ -0.8939461, 41.6475412 ], [ -0.8939496, 41.6475691 ], [ -0.8939752, 41.6477587 ], [ -0.8940053, 41.6479805 ], [ -0.8940171, 41.6480672 ], [ -0.8940191, 41.6480805 ], [ -0.8940334, 41.6481516 ], [ -0.8940889, 41.648427 ], [ -0.8941514, 41.6487179 ], [ -0.8941519, 41.6487202 ] ] ] } },
{ "type": "Feature", "properties": { "CCAA": "02 - Aragón", "PROVINCIA": "50 - Zaragoza", "MUNICIPIO": "50297 - Zaragoza", "COD_MUNICIPIO": "50297", "DISTRITO": "03", "SECCION": "5029703009", "V1_H": 80.06, "V1_M": 86.09, "V2_H": 79.80248703, "V2_M": 86.14116428, "V3_H": 80.46064959, "V3_M": 86.17412372 }, "geometry": { "type": "Polygon", "coordinates": [ [ [ -0.8976915, 41.6491779 ], [ -0.8978115, 41.6491934 ], [ -0.897812, 41.6491912 ], [ -0.8978155, 41.6491753 ], [ -0.8978501, 41.6490214 ], [ -0.8979009, 41.6487952 ], [ -0.8979272, 41.6486782 ], [ -0.8979616, 41.6485248 ], [ -0.8979498, 41.6485047 ], [ -0.8977472, 41.6481592 ], [ -0.8976018, 41.6479113 ], [ -0.8975729, 41.6478621 ], [ -0.8973505, 41.6478607 ], [ -0.8961828, 41.6477107 ], [ -0.8960492, 41.6483163 ], [ -0.8959297, 41.6488572 ], [ -0.8958811, 41.6489437 ], [ -0.89692, 41.6490781 ], [ -0.897356, 41.6491346 ], [ -0.8976915, 41.6491779 ] ] ] } },
{ "type": "Feature", "properties": { "CCAA": "02 - Aragón", "PROVINCIA": "50 - Zaragoza", "MUNICIPIO": "50297 - Zaragoza", "COD_MUNICIPIO": "50297", "DISTRITO": "03", "SECCION": "5029703018", "V1_H": 79.92, "V1_M": 85.8, "V2_H": 79.90391364, "V2_M": 85.68196434, "V3_H": 80.09820982, "V3_M": 86.14356104 }, "geometry": { "type": "Polygon", "coordinates": [ [ [ -0.9014177, 41.6510417 ], [ -0.9019571, 41.6522257 ], [ -0.9020868, 41.6525104 ], [ -0.9021288, 41.6526001 ], [ -0.9024269, 41.6532379 ], [ -0.9040277, 41.6528271 ], [ -0.9045277, 41.6526989 ], [ -0.90433, 41.652269 ], [ -0.9042349, 41.6520622 ], [ -0.9037473, 41.6521868 ], [ -0.903641, 41.652214 ], [ -0.9034856, 41.6522536 ], [ -0.9030425, 41.6523668 ], [ -0.9029866, 41.6522445 ], [ -0.9023303, 41.6508109 ], [ -0.9020195, 41.6508881 ], [ -0.9014177, 41.6510417 ] ] ] } },
{ "type": "Feature", "properties": { "CCAA": "02 - Aragón", "PROVINCIA": "50 - Zaragoza", "MUNICIPIO": "50297 - Zaragoza", "COD_MUNICIPIO": "50297", "DISTRITO": "03", "SECCION": "5029703020", "V1_H": 80.06, "V1_M": 86.12, "V2_H": 80.10460866, "V2_M": 86.20761786, "V3_H": 80.17898723, "V3_M": 86.18020212 }, "geometry": { "type": "Polygon", "coordinates": [ [ [ -0.8985158, 41.6505762 ], [ -0.8993641, 41.6508726 ], [ -0.8994271, 41.6509283 ], [ -0.8994842, 41.6508873 ], [ -0.8997328, 41.65072 ], [ -0.8997827, 41.6506866 ], [ -0.8999124, 41.6505822 ], [ -0.9001025, 41.6504294 ], [ -0.9002956, 41.6502828 ], [ -0.9003755, 41.650216 ], [ -0.9006929, 41.649951 ], [ -0.9007746, 41.6498827 ], [ -0.9008597, 41.6498169 ], [ -0.9007055, 41.6494783 ], [ -0.9004451, 41.6489068 ], [ -0.8997846, 41.6491275 ], [ -0.8992377, 41.6493171 ], [ -0.8991262, 41.6494392 ], [ -0.8990821, 41.6495315 ], [ -0.899001, 41.6496017 ], [ -0.8988457, 41.6496395 ], [ -0.8986107, 41.6496162 ], [ -0.8986036, 41.6496155 ], [ -0.898727, 41.6498341 ], [ -0.8987552, 41.6499155 ], [ -0.8987507, 41.6499649 ], [ -0.8985158, 41.6505762 ] ] ] } },
{ "type": "Feature", "properties": { "CCAA": "02 - Aragón", "PROVINCIA": "50 - Zaragoza", "MUNICIPIO": "50297 - Zaragoza", "COD_MUNICIPIO": "50297", "DISTRITO": "03", "SECCION": "5029703044", "V1_H": 80.06, "V1_M": 86.12, "V2_H": 80.10460866, "V2_M": 86.20761786, "V3_H": 80.17898723, "V3_M": 86.18020212 }, "geometry": { "type": "Polygon", "coordinates": [ [ [ -0.9077832, 41.6504867 ], [ -0.9077862, 41.650488 ], [ -0.9077865, 41.6504865 ], [ -0.9078118, 41.6503024 ], [ -0.9077327, 41.6500795 ], [ -0.9077136, 41.6499707 ], [ -0.9077444, 41.6496622 ], [ -0.9077793, 41.6495881 ], [ -0.90727, 41.6494885 ], [ -0.9066681, 41.6493708 ], [ -0.9057829, 41.6493035 ], [ -0.9052652, 41.6492642 ], [ -0.9044188, 41.6494838 ], [ -0.9046143, 41.6499126 ], [ -0.9046993, 41.6498906 ], [ -0.9049487, 41.6498254 ], [ -0.9052107, 41.649757 ], [ -0.9056258, 41.6498125 ], [ -0.9061771, 41.6498996 ], [ -0.9065857, 41.6500478 ], [ -0.9071153, 41.6502413 ], [ -0.9076597, 41.6504401 ], [ -0.9077546, 41.6504748 ], [ -0.9077832, 41.6504867 ] ] ] } },
{ "type": "Feature", "properties": { "CCAA": "02 - Aragón", "PROVINCIA": "50 - Zaragoza", "MUNICIPIO": "50297 - Zaragoza", "COD_MUNICIPIO": "50297", "DISTRITO": "03", "SECCION": "5029703046", "V1_H": 81.04, "V1_M": 86.55, "V2_H": 80.90626992, "V2_M": 86.32523903000001, "V3_H": 81.22678782, "V3_M": 86.81274177 }, "geometry": { "type": "Polygon", "coordinates": [ [ [ -0.9070645, 41.6482599 ], [ -0.9074341, 41.648335 ], [ -0.9077771, 41.6484049 ], [ -0.9078179, 41.6484908 ], [ -0.9079293, 41.6487249 ], [ -0.9080125, 41.6488999 ], [ -0.9080083, 41.6489095 ], [ -0.9080805, 41.6488917 ], [ -0.9084188, 41.6488061 ], [ -0.9086572, 41.6487459 ], [ -0.9087276, 41.648728 ], [ -0.9087432, 41.6487243 ], [ -0.9087431, 41.6487241 ], [ -0.9086826, 41.6485938 ], [ -0.9083871, 41.6479792 ], [ -0.9083194, 41.6478385 ], [ -0.9078215, 41.6467835 ], [ -0.9076283, 41.6464241 ], [ -0.9066283, 41.6467714 ], [ -0.9060593, 41.6469578 ], [ -0.9060587, 41.6469579 ], [ -0.9058568, 41.6470241 ], [ -0.9054313, 41.6471634 ], [ -0.9056905, 41.6477198 ], [ -0.9057237, 41.6477912 ], [ -0.9057658, 41.6478494 ], [ -0.905829, 41.6478792 ], [ -0.90606, 41.647929 ], [ -0.9061986, 41.6479271 ], [ -0.9061936, 41.6480819 ], [ -0.9061935, 41.6480828 ], [ -0.9070634, 41.6482597 ], [ -0.9070645, 41.6482599 ] ] ] } },
{ "type": "Feature", "properties": { "CCAA": "02 - Aragón", "PROVINCIA": "50 - Zaragoza", "MUNICIPIO": "50297 - Zaragoza", "COD_MUNICIPIO": "50297", "DISTRITO": "01", "SECCION": "5029701026", "V1_H": 80.01, "V1_M": 85.96, "V2_H": 79.87654463, "V2_M": 85.8497366, "V3_H": 80.24882261, "V3_M": 86.17409879 }, "geometry": { "type": "Polygon", "coordinates": [ [ [ -0.8904786, 41.658208 ], [ -0.8911441, 41.6583358 ], [ -0.8914073, 41.6572393 ], [ -0.8919334, 41.6573261 ], [ -0.8919338, 41.6573262 ], [ -0.8919381, 41.6573104 ], [ -0.8919768, 41.6571797 ], [ -0.8920358, 41.6569804 ], [ -0.892049, 41.6569358 ], [ -0.8921266, 41.6566739 ], [ -0.8921485, 41.6565998 ], [ -0.892172, 41.6565205 ], [ -0.8919554, 41.656477 ], [ -0.8917806, 41.6564419 ], [ -0.891549, 41.6563954 ], [ -0.8912903, 41.6563435 ], [ -0.8911944, 41.6563243 ], [ -0.8910312, 41.6562915 ], [ -0.8909599, 41.6562799 ], [ -0.8908969, 41.6565263 ], [ -0.8908311, 41.6567843 ], [ -0.8907432, 41.6571296 ], [ -0.8904786, 41.658208 ] ] ] } },
{ "type": "Feature", "properties": { "CCAA": "02 - Aragón", "PROVINCIA": "50 - Zaragoza", "MUNICIPIO": "50297 - Zaragoza", "COD_MUNICIPIO": "50297", "DISTRITO": "01", "SECCION": "5029701031", "V1_H": 80.91, "V1_M": 86.7, "V2_H": 80.91796575, "V2_M": 86.73459974, "V3_H": 81.00259482, "V3_M": 86.81948346 }, "geometry": { "type": "Polygon", "coordinates": [ [ [ -0.8886286, 41.6541286 ], [ -0.8886289, 41.6541286 ], [ -0.8888669, 41.6541429 ], [ -0.8893719, 41.654187 ], [ -0.8894946, 41.6542196 ], [ -0.8896123, 41.6542511 ], [ -0.8897537, 41.6542888 ], [ -0.8899373, 41.654356 ], [ -0.8907101, 41.6546385 ], [ -0.8908604, 41.6546935 ], [ -0.891687, 41.6550179 ], [ -0.891929, 41.6551003 ], [ -0.8920107, 41.6550496 ], [ -0.8921108, 41.655043 ], [ -0.8923319, 41.6550025 ], [ -0.8924506, 41.6549769 ], [ -0.8926111, 41.6549954 ], [ -0.8935181, 41.6548285 ], [ -0.8935013, 41.6547509 ], [ -0.8934898, 41.6546982 ], [ -0.8933299, 41.6543194 ], [ -0.8932076, 41.6541502 ], [ -0.8927784, 41.6536082 ], [ -0.8924667, 41.653232 ], [ -0.8921858, 41.6528991 ], [ -0.892147, 41.652853 ], [ -0.8916078, 41.6522344 ], [ -0.8914322, 41.6520329 ], [ -0.8911168, 41.651671 ], [ -0.8910033, 41.6515408 ], [ -0.8907547, 41.6513289 ], [ -0.8898804, 41.6508835 ], [ -0.889435, 41.651823 ], [ -0.8893536, 41.6519947 ], [ -0.888971, 41.6528014 ], [ -0.8888084, 41.6530977 ], [ -0.8883746, 41.6529005 ], [ -0.8876637, 41.652579 ], [ -0.8865452, 41.6522736 ], [ -0.8863916, 41.6526492 ], [ -0.8863515, 41.6527648 ], [ -0.8862489, 41.6530652 ], [ -0.8862344, 41.6531248 ], [ -0.8862062, 41.6532402 ], [ -0.8860645, 41.6539196 ], [ -0.8863855, 41.6539416 ], [ -0.8869016, 41.6539771 ], [ -0.8873008, 41.6540168 ], [ -0.8874565, 41.6540162 ], [ -0.8876163, 41.6540297 ], [ -0.8884224, 41.6541108 ], [ -0.8885344, 41.6541209 ], [ -0.8886286, 41.6541286 ] ] ] } },
{ "type": "Feature", "properties": { "CCAA": "02 - Aragón", "PROVINCIA": "50 - Zaragoza", "MUNICIPIO": "50297 - Zaragoza", "COD_MUNICIPIO": "50297", "DISTRITO": "02", "SECCION": "5029702005", "V1_H": 83.02, "V1_M": 87.55, "V2_H": 82.56010262, "V2_M": 87.39744151, "V3_H": 83.4975015, "V3_M": 87.7973198 }, "geometry": { "type": "Polygon", "coordinates": [ [ [ -0.879473, 41.6496701 ], [ -0.8796186, 41.649718 ], [ -0.8801183, 41.649881 ], [ -0.8802121, 41.6499115 ], [ -0.8804584, 41.6499918 ], [ -0.8807001, 41.6500707 ], [ -0.8808498, 41.6501239 ], [ -0.8809434, 41.6501584 ], [ -0.8809311, 41.6501787 ], [ -0.88091, 41.6502112 ], [ -0.8807475, 41.6504483 ], [ -0.8806884, 41.6505345 ], [ -0.8804814, 41.6508367 ], [ -0.8804301, 41.6509115 ], [ -0.8811802, 41.6511663 ], [ -0.8814711, 41.651265 ], [ -0.8817098, 41.6513343 ], [ -0.8825092, 41.6505571 ], [ -0.882655, 41.6504153 ], [ -0.8826555, 41.6504149 ], [ -0.8830126, 41.6500677 ], [ -0.8831148, 41.6499682 ], [ -0.8834581, 41.6496346 ], [ -0.8836019, 41.6494948 ], [ -0.8833732, 41.649395 ], [ -0.8829312, 41.6491471 ], [ -0.8826073, 41.6491336 ], [ -0.8825632, 41.6492042 ], [ -0.8817788, 41.6489372 ], [ -0.8816924, 41.6489078 ], [ -0.8802285, 41.6484094 ], [ -0.8798442, 41.6490507 ], [ -0.8795377, 41.6495622 ], [ -0.879473, 41.6496701 ] ] ] } },
{ "type": "Feature", "properties": { "CCAA": "02 - Aragón", "PROVINCIA": "50 - Zaragoza", "MUNICIPIO": "50297 - Zaragoza", "COD_MUNICIPIO": "50297", "DISTRITO": "02", "SECCION": "5029702006", "V1_H": 82.53, "V1_M": 87.34, "V2_H": 82.38507422000001, "V2_M": 87.19104055, "V3_H": 82.74254947, "V3_M": 87.61225513 }, "geometry": { "type": "Polygon", "coordinates": [ [ [ -0.882655, 41.6504153 ], [ -0.8829173, 41.6505147 ], [ -0.8830804, 41.6505768 ], [ -0.8838586, 41.6508733 ], [ -0.8839673, 41.6509148 ], [ -0.8843893, 41.6510767 ], [ -0.8843926, 41.6510935 ], [ -0.8845671, 41.6511744 ], [ -0.8847687, 41.6510006 ], [ -0.884874, 41.6510021 ], [ -0.8858587, 41.6510322 ], [ -0.8859604, 41.6510353 ], [ -0.8861719, 41.6510418 ], [ -0.8862161, 41.6510445 ], [ -0.8862172, 41.6510432 ], [ -0.8863858, 41.6508424 ], [ -0.886873, 41.6504583 ], [ -0.887781, 41.6497743 ], [ -0.8877004, 41.649715 ], [ -0.8875683, 41.6496078 ], [ -0.8869496, 41.6487843 ], [ -0.8866566, 41.6483945 ], [ -0.8866095, 41.6483316 ], [ -0.8863456, 41.6479046 ], [ -0.8864436, 41.64786 ], [ -0.8864392, 41.6478519 ], [ -0.8863885, 41.6477774 ], [ -0.8862659, 41.6475974 ], [ -0.8862308, 41.6475459 ], [ -0.886154, 41.6474332 ], [ -0.8860803, 41.6473314 ], [ -0.8860129, 41.6473006 ], [ -0.8859654, 41.6472125 ], [ -0.8859258, 41.647139 ], [ -0.8857989, 41.6469034 ], [ -0.8857829, 41.6468738 ], [ -0.8857778, 41.6468644 ], [ -0.8857417, 41.6467975 ], [ -0.8853882, 41.6469295 ], [ -0.8854318, 41.6469845 ], [ -0.885431, 41.6477626 ], [ -0.8841921, 41.6489207 ], [ -0.8836019, 41.6494948 ], [ -0.8834581, 41.6496346 ], [ -0.8831148, 41.6499682 ], [ -0.8830126, 41.6500677 ], [ -0.8826555, 41.6504149 ], [ -0.882655, 41.6504153 ] ] ] } },
{ "type": "Feature", "properties": { "CCAA": "02 - Aragón", "PROVINCIA": "50 - Zaragoza", "MUNICIPIO": "50297 - Zaragoza", "COD_MUNICIPIO": "50297", "DISTRITO": "02", "SECCION": "5029702026", "V1_H": 83.53, "V1_M": 87.48, "V2_H": 83.001258, "V2_M": 87.17437478, "V3_H": 84.05701231, "V3_M": 87.87285168 }, "geometry": { "type": "Polygon", "coordinates": [ [ [ -0.8802285, 41.6484094 ], [ -0.8816924, 41.6489078 ], [ -0.8817788, 41.6489372 ], [ -0.8825632, 41.6492042 ], [ -0.8826073, 41.6491336 ], [ -0.8829312, 41.6491471 ], [ -0.8833732, 41.649395 ], [ -0.8836019, 41.6494948 ], [ -0.8841921, 41.6489207 ], [ -0.885431, 41.6477626 ], [ -0.8854318, 41.6469845 ], [ -0.8853882, 41.6469295 ], [ -0.8857417, 41.6467975 ], [ -0.8856344, 41.6466386 ], [ -0.8856777, 41.6463644 ], [ -0.8853336, 41.6463071 ], [ -0.8850897, 41.6460451 ], [ -0.8844001, 41.646364 ], [ -0.883822, 41.6466311 ], [ -0.8836371, 41.646718 ], [ -0.8836368, 41.6467176 ], [ -0.8835046, 41.6467802 ], [ -0.8834347, 41.646813 ], [ -0.8829889, 41.6470224 ], [ -0.8829101, 41.647059 ], [ -0.882869, 41.6470237 ], [ -0.8827351, 41.646992 ], [ -0.8825674, 41.6471531 ], [ -0.8825854, 41.6471777 ], [ -0.882625, 41.6472318 ], [ -0.8826775, 41.6472706 ], [ -0.8826228, 41.6473675 ], [ -0.8820516, 41.6482962 ], [ -0.8818745, 41.6482514 ], [ -0.8818021, 41.6482254 ], [ -0.8805909, 41.6477906 ], [ -0.8802285, 41.6484094 ] ] ] } },
{ "type": "Feature", "properties": { "CCAA": "02 - Aragón", "PROVINCIA": "50 - Zaragoza", "MUNICIPIO": "50297 - Zaragoza", "COD_MUNICIPIO": "50297", "DISTRITO": "02", "SECCION": "5029702027", "V1_H": 82.27, "V1_M": 87.07, "V2_H": 81.979544, "V2_M": 86.90367115, "V3_H": 82.63571561000001, "V3_M": 87.32539334000001 }, "geometry": { "type": "Polygon", "coordinates": [ [ [ -0.8836368, 41.6467176 ], [ -0.8836371, 41.646718 ], [ -0.883822, 41.6466311 ], [ -0.8844001, 41.646364 ], [ -0.8850897, 41.6460451 ], [ -0.8847919, 41.6457254 ], [ -0.8847479, 41.6456782 ], [ -0.8842022, 41.6451451 ], [ -0.8840148, 41.644962 ], [ -0.8839579, 41.6449045 ], [ -0.8838533, 41.6449629 ], [ -0.8835413, 41.6451329 ], [ -0.8833132, 41.6452571 ], [ -0.8826138, 41.645638 ], [ -0.8835071, 41.6465651 ], [ -0.8836368, 41.6467176 ] ] ] } },
{ "type": "Feature", "properties": { "CCAA": "02 - Aragón", "PROVINCIA": "50 - Zaragoza", "MUNICIPIO": "50297 - Zaragoza", "COD_MUNICIPIO": "50297", "DISTRITO": "02", "SECCION": "5029702046", "V1_H": 81.88, "V1_M": 87.06, "V2_H": 81.54316391, "V2_M": 86.92154098, "V3_H": 82.24926416, "V3_M": 87.34198023 }, "geometry": { "type": "Polygon", "coordinates": [ [ [ -0.8768759, 41.6395163 ], [ -0.8768734, 41.6395197 ], [ -0.8768696, 41.6395251 ], [ -0.8768691, 41.6395258 ], [ -0.8771045, 41.6396012 ], [ -0.8771052, 41.6396014 ], [ -0.8771055, 41.6396015 ], [ -0.8771538, 41.639617 ], [ -0.8771725, 41.6396219 ], [ -0.8772893, 41.6396524 ], [ -0.877432, 41.6396897 ], [ -0.8777768, 41.6397591 ], [ -0.8780842, 41.6398206 ], [ -0.8786346, 41.6399604 ], [ -0.8788306, 41.6400516 ], [ -0.8790055, 41.6401864 ], [ -0.8791503, 41.6403984 ], [ -0.8791565, 41.6404309 ], [ -0.8792178, 41.6405093 ], [ -0.8797031, 41.6400895 ], [ -0.8797649, 41.6401059 ], [ -0.8799672, 41.639969 ], [ -0.8800056, 41.6399424 ], [ -0.8800919, 41.6398706 ], [ -0.8803765, 41.6396337 ], [ -0.8804671, 41.6395583 ], [ -0.8805358, 41.6395062 ], [ -0.8806407, 41.6394271 ], [ -0.8791652, 41.6386724 ], [ -0.8784084, 41.6382855 ], [ -0.877955, 41.6380529 ], [ -0.8777551, 41.6383068 ], [ -0.8775532, 41.6385823 ], [ -0.8771356, 41.6391523 ], [ -0.8768759, 41.6395163 ] ] ] } },
{ "type": "Feature", "properties": { "CCAA": "02 - Aragón", "PROVINCIA": "50 - Zaragoza", "MUNICIPIO": "50297 - Zaragoza", "COD_MUNICIPIO": "50297", "DISTRITO": "02", "SECCION": "5029702049", "V1_H": 81.47, "V1_M": 86.8, "V2_H": 81.3148143, "V2_M": 86.48589846, "V3_H": 81.69126572, "V3_M": 87.1320201 }, "geometry": { "type": "Polygon", "coordinates": [ [ [ -0.8908281, 41.6494804 ], [ -0.8911314, 41.6495947 ], [ -0.8911459, 41.6495725 ], [ -0.8911655, 41.6495429 ], [ -0.8911896, 41.6495066 ], [ -0.8912099, 41.6494769 ], [ -0.8912352, 41.6494399 ], [ -0.8912559, 41.6494096 ], [ -0.8912862, 41.6493653 ], [ -0.8913088, 41.6493328 ], [ -0.8913282, 41.6493065 ], [ -0.8913693, 41.6493144 ], [ -0.8914538, 41.6493307 ], [ -0.8914905, 41.6493372 ], [ -0.8915338, 41.6493448 ], [ -0.8915937, 41.6493553 ], [ -0.8916429, 41.6493639 ], [ -0.8916778, 41.64937 ], [ -0.8917429, 41.6493815 ], [ -0.8917738, 41.6493869 ], [ -0.8917835, 41.6493923 ], [ -0.8917916, 41.6493969 ], [ -0.8917985, 41.6494008 ], [ -0.8918115, 41.6494081 ], [ -0.8918313, 41.6494192 ], [ -0.8918492, 41.6494292 ], [ -0.8918714, 41.6494417 ], [ -0.8918903, 41.6494524 ], [ -0.8919111, 41.6494641 ], [ -0.8919383, 41.6494779 ], [ -0.8919659, 41.6494918 ], [ -0.8920184, 41.6495234 ], [ -0.8920266, 41.649509 ], [ -0.8920295, 41.6495112 ], [ -0.8920885, 41.6494295 ], [ -0.8921432, 41.6493526 ], [ -0.8921978, 41.6492728 ], [ -0.8922826, 41.6492957 ], [ -0.8923176, 41.6492393 ], [ -0.8922906, 41.6491961 ], [ -0.8923038, 41.6491716 ], [ -0.8923196, 41.6491425 ], [ -0.8923402, 41.6491044 ], [ -0.892358, 41.6490716 ], [ -0.8923689, 41.6490515 ], [ -0.892383, 41.6490339 ], [ -0.8923962, 41.6490175 ], [ -0.8924084, 41.6490024 ], [ -0.8924247, 41.6489791 ], [ -0.8924376, 41.6489606 ], [ -0.8924529, 41.6489388 ], [ -0.8924597, 41.648929 ], [ -0.8924666, 41.6489191 ], [ -0.892476, 41.6489057 ], [ -0.8924846, 41.6488933 ], [ -0.8924956, 41.6488776 ], [ -0.8925147, 41.6488564 ], [ -0.8925343, 41.6488346 ], [ -0.8925536, 41.648813 ], [ -0.8925709, 41.6487938 ], [ -0.8925829, 41.6487805 ], [ -0.8925982, 41.6487642 ], [ -0.8926422, 41.6487197 ], [ -0.8926702, 41.6486913 ], [ -0.8926902, 41.6487021 ], [ -0.8927172, 41.648683 ], [ -0.8927362, 41.6486697 ], [ -0.8927583, 41.6486541 ], [ -0.8927651, 41.6486491 ], [ -0.8927689, 41.6486463 ], [ -0.8927722, 41.6486438 ], [ -0.8928186, 41.6486241 ], [ -0.8928395, 41.6486102 ], [ -0.8929888, 41.6485068 ], [ -0.8929256, 41.6484042 ], [ -0.8929274, 41.6484016 ], [ -0.8927001, 41.648048 ], [ -0.8926658, 41.6480603 ], [ -0.8925254, 41.648103 ], [ -0.8925221, 41.648104 ], [ -0.8923883, 41.6481449 ], [ -0.8919295, 41.6482848 ], [ -0.8918369, 41.648313 ], [ -0.8917741, 41.6483321 ], [ -0.8912698, 41.6484848 ], [ -0.8912689, 41.6484849 ], [ -0.8910025, 41.6485171 ], [ -0.8908945, 41.6485301 ], [ -0.8908789, 41.648532 ], [ -0.8908163, 41.648538 ], [ -0.8908117, 41.6485385 ], [ -0.8907582, 41.648543 ], [ -0.8907585, 41.6485436 ], [ -0.8908064, 41.6486494 ], [ -0.8908079, 41.6486539 ], [ -0.8908497, 41.6487872 ], [ -0.8909161, 41.6489983 ], [ -0.8910203, 41.6493299 ], [ -0.8908281, 41.6494804 ] ] ] } },
{ "type": "Feature", "properties": { "CCAA": "02 - Aragón", "PROVINCIA": "50 - Zaragoza", "MUNICIPIO": "50297 - Zaragoza", "COD_MUNICIPIO": "50297", "DISTRITO": "03", "SECCION": "5029703012", "V1_H": 81.47, "V1_M": 86.75, "V2_H": 81.12898066, "V2_M": 86.51613614, "V3_H": 81.81510349, "V3_M": 87.06728245 }, "geometry": { "type": "Polygon", "coordinates": [ [ [ -0.8941519, 41.6487202 ], [ -0.8941583, 41.6487503 ], [ -0.8941456, 41.6487671 ], [ -0.8941676, 41.6487891 ], [ -0.8941745, 41.6488163 ], [ -0.8942424, 41.6490836 ], [ -0.8942906, 41.6492725 ], [ -0.8942975, 41.6492884 ], [ -0.8943358, 41.6493731 ], [ -0.894456, 41.6496414 ], [ -0.8944739, 41.6497118 ], [ -0.894482, 41.6497437 ], [ -0.8944939, 41.6497909 ], [ -0.894576, 41.6499043 ], [ -0.8946773, 41.6500436 ], [ -0.8948941, 41.6503417 ], [ -0.8949081, 41.6503609 ], [ -0.8949854, 41.6504297 ], [ -0.8950854, 41.6505185 ], [ -0.8951527, 41.6505984 ], [ -0.8952761, 41.6507481 ], [ -0.8954902, 41.6510077 ], [ -0.8955705, 41.6511305 ], [ -0.8956338, 41.6512275 ], [ -0.8956862, 41.6513078 ], [ -0.8957219, 41.6513625 ], [ -0.8957294, 41.6513705 ], [ -0.8958078, 41.6511855 ], [ -0.8960016, 41.6506428 ], [ -0.8961908, 41.6501128 ], [ -0.8962121, 41.6500516 ], [ -0.8956092, 41.6499158 ], [ -0.8956498, 41.6498015 ], [ -0.8957576, 41.6493421 ], [ -0.8958319, 41.6490256 ], [ -0.8958811, 41.6489437 ], [ -0.8954642, 41.6488898 ], [ -0.8953369, 41.6488733 ], [ -0.8946512, 41.6487846 ], [ -0.8943538, 41.6487461 ], [ -0.8941734, 41.6487228 ], [ -0.8941519, 41.6487202 ] ] ] } },
{ "type": "Feature", "properties": { "CCAA": "02 - Aragón", "PROVINCIA": "50 - Zaragoza", "MUNICIPIO": "50297 - Zaragoza", "COD_MUNICIPIO": "50297", "DISTRITO": "03", "SECCION": "5029703014", "V1_H": 79.96, "V1_M": 85.86, "V2_H": 79.90630759, "V2_M": 85.80766239, "V3_H": 80.18166072, "V3_M": 86.22029934 }, "geometry": { "type": "Polygon", "coordinates": [ [ [ -0.900428, 41.6527586 ], [ -0.9004758, 41.6527643 ], [ -0.9005388, 41.6527543 ], [ -0.9007604, 41.6525597 ], [ -0.9007877, 41.6524991 ], [ -0.9007657, 41.6524515 ], [ -0.9006502, 41.6522018 ], [ -0.9002517, 41.6513403 ], [ -0.8999715, 41.6507346 ], [ -0.8999124, 41.6505822 ], [ -0.8997827, 41.6506866 ], [ -0.8997328, 41.65072 ], [ -0.8994842, 41.6508873 ], [ -0.8994271, 41.6509283 ], [ -0.8993641, 41.6508726 ], [ -0.8985158, 41.6505762 ], [ -0.8984255, 41.6508107 ], [ -0.8983935, 41.650894 ], [ -0.8983404, 41.6510401 ], [ -0.8982941, 41.6511674 ], [ -0.8981337, 41.6516057 ], [ -0.8981335, 41.6516063 ], [ -0.8981888, 41.6516516 ], [ -0.8983157, 41.6517575 ], [ -0.8983811, 41.6518122 ], [ -0.8987004, 41.6520789 ], [ -0.8987431, 41.6521146 ], [ -0.8988382, 41.6520338 ], [ -0.8989636, 41.6519261 ], [ -0.899031, 41.6518683 ], [ -0.8990495, 41.6518522 ], [ -0.8990853, 41.6518161 ], [ -0.8991857, 41.6518984 ], [ -0.8992517, 41.6519525 ], [ -0.8994832, 41.6521423 ], [ -0.8997047, 41.652324 ], [ -0.8997059, 41.6523249 ], [ -0.899816, 41.6524152 ], [ -0.8999077, 41.6524897 ], [ -0.9001579, 41.6526177 ], [ -0.9003077, 41.6526943 ], [ -0.9004271, 41.6527578 ], [ -0.900428, 41.6527586 ] ] ] } },
{ "type": "Feature", "properties": { "CCAA": "02 - Aragón", "PROVINCIA": "50 - Zaragoza", "MUNICIPIO": "50297 - Zaragoza", "COD_MUNICIPIO": "50297", "DISTRITO": "03", "SECCION": "5029703032", "V1_H": 79.36, "V1_M": 85.46, "V2_H": 79.32780616, "V2_M": 85.51002556, "V3_H": 79.53169609, "V3_M": 85.5666933 }, "geometry": { "type": "Polygon", "coordinates": [ [ [ -0.9040259, 41.648622 ], [ -0.9042246, 41.6490578 ], [ -0.9044188, 41.6494838 ], [ -0.9052652, 41.6492642 ], [ -0.9057829, 41.6493035 ], [ -0.9066681, 41.6493708 ], [ -0.9066841, 41.6493156 ], [ -0.9067739, 41.6490559 ], [ -0.9068719, 41.6487874 ], [ -0.9070645, 41.6482599 ], [ -0.9070634, 41.6482597 ], [ -0.9061935, 41.6480828 ], [ -0.9061936, 41.6480819 ], [ -0.9061816, 41.6480803 ], [ -0.9061691, 41.6480786 ], [ -0.9056877, 41.6482002 ], [ -0.9055695, 41.6482301 ], [ -0.9050085, 41.6483719 ], [ -0.904912, 41.6483963 ], [ -0.9044474, 41.6485138 ], [ -0.90427, 41.6485589 ], [ -0.9040259, 41.648622 ] ] ] } },
{ "type": "Feature", "properties": { "CCAA": "02 - Aragón", "PROVINCIA": "50 - Zaragoza", "MUNICIPIO": "50297 - Zaragoza", "COD_MUNICIPIO": "50297", "DISTRITO": "03", "SECCION": "5029703033", "V1_H": 79.16, "V1_M": 85.0, "V2_H": 79.432337, "V2_M": 85.16926182, "V3_H": 78.95181978, "V3_M": 84.90024095 }, "geometry": { "type": "Polygon", "coordinates": [ [ [ -0.9072969, 41.651013 ], [ -0.9074876, 41.6510829 ], [ -0.9074882, 41.6510832 ], [ -0.907488, 41.6510747 ], [ -0.9076288, 41.6508752 ], [ -0.9076934, 41.6507829 ], [ -0.9077444, 41.6506448 ], [ -0.9077771, 41.6505541 ], [ -0.9077853, 41.6504947 ], [ -0.9077832, 41.6504867 ], [ -0.9077546, 41.6504748 ], [ -0.9076597, 41.6504401 ], [ -0.9071153, 41.6502413 ], [ -0.9065857, 41.6500478 ], [ -0.9061771, 41.6498996 ], [ -0.9056258, 41.6498125 ], [ -0.9052107, 41.649757 ], [ -0.9049487, 41.6498254 ], [ -0.9046993, 41.6498906 ], [ -0.9046143, 41.6499126 ], [ -0.9046145, 41.6499128 ], [ -0.9046649, 41.6500235 ], [ -0.9048421, 41.6504122 ], [ -0.9051699, 41.6503292 ], [ -0.9053268, 41.6503651 ], [ -0.9057454, 41.6504605 ], [ -0.9058969, 41.6504993 ], [ -0.9065421, 41.650736 ], [ -0.9072969, 41.651013 ] ] ] } },
{ "type": "Feature", "properties": { "CCAA": "02 - Aragón", "PROVINCIA": "50 - Zaragoza", "MUNICIPIO": "50297 - Zaragoza", "COD_MUNICIPIO": "50297", "DISTRITO": "03", "SECCION": "5029703047", "V1_H": 81.4, "V1_M": 86.8, "V2_H": 81.08162797, "V2_M": 86.57651574, "V3_H": 81.67802952, "V3_M": 87.10412253 }, "geometry": { "type": "Polygon", "coordinates": [ [ [ -0.9091383, 41.6429657 ], [ -0.9091642, 41.6429697 ], [ -0.9096046, 41.6430574 ], [ -0.9100805, 41.6431517 ], [ -0.9106178, 41.6432582 ], [ -0.910791, 41.6432933 ], [ -0.9110259, 41.6433439 ], [ -0.9114815, 41.6434421 ], [ -0.9118915, 41.6435304 ], [ -0.9119584, 41.6433486 ], [ -0.9120254, 41.6431541 ], [ -0.9120822, 41.6429893 ], [ -0.9121514, 41.6427881 ], [ -0.9121589, 41.6427662 ], [ -0.9120382, 41.6425508 ], [ -0.9118436, 41.6422032 ], [ -0.9118034, 41.6421314 ], [ -0.9117242, 41.6420248 ], [ -0.911633, 41.6419225 ], [ -0.9112103, 41.6417504 ], [ -0.9106274, 41.6415246 ], [ -0.910436, 41.6415862 ], [ -0.9102214, 41.6416553 ], [ -0.9097679, 41.6418014 ], [ -0.9095811, 41.6418615 ], [ -0.9095689, 41.6418654 ], [ -0.9095686, 41.6418658 ], [ -0.9095827, 41.6418805 ], [ -0.9095815, 41.6418809 ], [ -0.9094347, 41.6422402 ], [ -0.9093157, 41.6425315 ], [ -0.9091388, 41.6429645 ], [ -0.9091383, 41.6429657 ] ] ] } },
{ "type": "Feature", "properties": { "CCAA": "02 - Aragón", "PROVINCIA": "50 - Zaragoza", "MUNICIPIO": "50297 - Zaragoza", "COD_MUNICIPIO": "50297", "DISTRITO": "02", "SECCION": "5029702014", "V1_H": 81.1, "V1_M": 86.64, "V2_H": 80.60081217, "V2_M": 86.48118059, "V3_H": 81.51550291, "V3_M": 86.87452308 }, "geometry": { "type": "Polygon", "coordinates": [ [ [ -0.8903191, 41.6479737 ], [ -0.8903457, 41.6479956 ], [ -0.890425, 41.6480624 ], [ -0.8905689, 41.6481837 ], [ -0.8905798, 41.6482017 ], [ -0.8907169, 41.6481414 ], [ -0.8907735, 41.6481061 ], [ -0.8908371, 41.648078 ], [ -0.8911023, 41.6479613 ], [ -0.8912118, 41.6479131 ], [ -0.8912803, 41.6478887 ], [ -0.8915351, 41.6477984 ], [ -0.8918954, 41.6476705 ], [ -0.8919462, 41.6476525 ], [ -0.8920404, 41.6476294 ], [ -0.8921089, 41.647606 ], [ -0.8921498, 41.6475917 ], [ -0.8921948, 41.6475743 ], [ -0.8919007, 41.6470958 ], [ -0.8935811, 41.6465103 ], [ -0.8935726, 41.646461 ], [ -0.8935326, 41.6462974 ], [ -0.8935064, 41.6461897 ], [ -0.8934409, 41.6459985 ], [ -0.8933641, 41.6458296 ], [ -0.8932056, 41.6455217 ], [ -0.8930641, 41.645308 ], [ -0.8929894, 41.645195 ], [ -0.8928409, 41.6450051 ], [ -0.8927548, 41.6449239 ], [ -0.8926866, 41.6448595 ], [ -0.8925022, 41.644718 ], [ -0.8924976, 41.6447228 ], [ -0.8924111, 41.6448397 ], [ -0.8923958, 41.6448604 ], [ -0.8923387, 41.644921 ], [ -0.8921783, 41.6450912 ], [ -0.8920505, 41.6452268 ], [ -0.8919582, 41.6453251 ], [ -0.8922198, 41.6454617 ], [ -0.8922969, 41.6455018 ], [ -0.8922619, 41.6455456 ], [ -0.8922343, 41.6455865 ], [ -0.8920997, 41.6457853 ], [ -0.8919011, 41.6460787 ], [ -0.8918658, 41.646131 ], [ -0.8916774, 41.6464121 ], [ -0.8915841, 41.6465513 ], [ -0.8915746, 41.6465653 ], [ -0.8913117, 41.6464285 ], [ -0.8902665, 41.645859 ], [ -0.8899169, 41.6462674 ], [ -0.8911541, 41.6469369 ], [ -0.8912744, 41.6470047 ], [ -0.8910002, 41.6474095 ], [ -0.8908858, 41.6475196 ], [ -0.8905224, 41.6478413 ], [ -0.8903736, 41.6479377 ], [ -0.8903195, 41.6479735 ], [ -0.8903191, 41.6479737 ] ] ] } },
{ "type": "Feature", "properties": { "CCAA": "02 - Aragón", "PROVINCIA": "50 - Zaragoza", "MUNICIPIO": "50297 - Zaragoza", "COD_MUNICIPIO": "50297", "DISTRITO": "02", "SECCION": "5029702040", "V1_H": 80.78, "V1_M": 86.64, "V2_H": 80.55514168000001, "V2_M": 86.45889906, "V3_H": 81.06237696, "V3_M": 86.87120108000001 }, "geometry": { "type": "Polygon", "coordinates": [ [ [ -0.8736704, 41.6402319 ], [ -0.873809, 41.6404156 ], [ -0.8738231, 41.6404129 ], [ -0.8738708, 41.6404018 ], [ -0.8741634, 41.6403319 ], [ -0.8742331, 41.6403153 ], [ -0.8743428, 41.6402883 ], [ -0.8744592, 41.640209 ], [ -0.874623, 41.6400864 ], [ -0.8746599, 41.6400587 ], [ -0.8747058, 41.6400219 ], [ -0.8747715, 41.6399682 ], [ -0.8748574, 41.639898 ], [ -0.8749277, 41.6398439 ], [ -0.8749707, 41.6398109 ], [ -0.8750335, 41.6397648 ], [ -0.8751219, 41.6396915 ], [ -0.8752855, 41.6395544 ], [ -0.8752929, 41.6395482 ], [ -0.8754059, 41.6394531 ], [ -0.8754895, 41.6393825 ], [ -0.8755328, 41.639346 ], [ -0.8755951, 41.6392885 ], [ -0.8757712, 41.6391243 ], [ -0.875871, 41.6391722 ], [ -0.8759291, 41.6392001 ], [ -0.875947, 41.6392063 ], [ -0.8760459, 41.6392401 ], [ -0.8761933, 41.6392903 ], [ -0.8763426, 41.6393413 ], [ -0.8765605, 41.6394156 ], [ -0.8766244, 41.6394374 ], [ -0.8767895, 41.6394937 ], [ -0.8768759, 41.6395163 ], [ -0.8771356, 41.6391523 ], [ -0.8775532, 41.6385823 ], [ -0.8777551, 41.6383068 ], [ -0.877955, 41.6380529 ], [ -0.8775207, 41.6378302 ], [ -0.87693, 41.6375273 ], [ -0.8766503, 41.6377468 ], [ -0.8764731, 41.6378861 ], [ -0.8761567, 41.6381344 ], [ -0.8761292, 41.638156 ], [ -0.8760218, 41.6382404 ], [ -0.8756047, 41.6385663 ], [ -0.8753853, 41.6387378 ], [ -0.8739805, 41.6398826 ], [ -0.8737362, 41.6399701 ], [ -0.8737216, 41.6400251 ], [ -0.8736704, 41.6402319 ] ] ] } },
{ "type": "Feature", "properties": { "CCAA": "02 - Aragón", "PROVINCIA": "50 - Zaragoza", "MUNICIPIO": "50297 - Zaragoza", "COD_MUNICIPIO": "50297", "DISTRITO": "02", "SECCION": "5029702045", "V1_H": 81.72, "V1_M": 86.96, "V2_H": 81.44760383000001, "V2_M": 86.83587728000001, "V3_H": 82.03657934, "V3_M": 87.26058658 }, "geometry": { "type": "Polygon", "coordinates": [ [ [ -0.8731005, 41.6469558 ], [ -0.8731335, 41.6469871 ], [ -0.873506, 41.6471991 ], [ -0.8738614, 41.6473846 ], [ -0.8742223, 41.6475549 ], [ -0.8745979, 41.6477256 ], [ -0.8749138, 41.647876 ], [ -0.8747667, 41.647408 ], [ -0.8747391, 41.6472851 ], [ -0.8747037, 41.6472231 ], [ -0.8746381, 41.6471033 ], [ -0.8742679, 41.6464276 ], [ -0.8742592, 41.6464316 ], [ -0.8741961, 41.6464605 ], [ -0.8738573, 41.6466157 ], [ -0.8736795, 41.6466972 ], [ -0.8734825, 41.6467874 ], [ -0.8733901, 41.6468297 ], [ -0.8732829, 41.646877 ], [ -0.8731002, 41.6469555 ], [ -0.8731005, 41.6469558 ] ] ] } },
{ "type": "Feature", "properties": { "CCAA": "02 - Aragón", "PROVINCIA": "50 - Zaragoza", "MUNICIPIO": "50297 - Zaragoza", "COD_MUNICIPIO": "50297", "DISTRITO": "02", "SECCION": "5029702050", "V1_H": 82.08, "V1_M": 87.23, "V2_H": 81.77226367, "V2_M": 87.02227373, "V3_H": 82.52263661000001, "V3_M": 87.52638345 }, "geometry": { "type": "Polygon", "coordinates": [ [ [ -0.875256, 41.642229 ], [ -0.8754565, 41.6424851 ], [ -0.875987, 41.6424817 ], [ -0.8769266, 41.6424759 ], [ -0.8772841, 41.6424286 ], [ -0.8775309, 41.6423617 ], [ -0.8779313, 41.6422114 ], [ -0.8782282, 41.6420797 ], [ -0.8782533, 41.6420686 ], [ -0.8782951, 41.64205 ], [ -0.8781739, 41.6419041 ], [ -0.8782036, 41.641776 ], [ -0.8776789, 41.6411134 ], [ -0.8772528, 41.6407385 ], [ -0.8772252, 41.6407415 ], [ -0.8772241, 41.6407428 ], [ -0.8769928, 41.6407242 ], [ -0.876482, 41.6404459 ], [ -0.8764822, 41.6404407 ], [ -0.8757515, 41.6397647 ], [ -0.8752855, 41.6395544 ], [ -0.8751219, 41.6396915 ], [ -0.8750335, 41.6397648 ], [ -0.8749707, 41.6398109 ], [ -0.8749277, 41.6398439 ], [ -0.8748574, 41.639898 ], [ -0.8747715, 41.6399682 ], [ -0.8747058, 41.6400219 ], [ -0.8746599, 41.6400587 ], [ -0.874623, 41.6400864 ], [ -0.8744592, 41.640209 ], [ -0.8743428, 41.6402883 ], [ -0.8742331, 41.6403153 ], [ -0.8741634, 41.6403319 ], [ -0.8738708, 41.6404018 ], [ -0.8738231, 41.6404129 ], [ -0.873809, 41.6404156 ], [ -0.8738111, 41.6404183 ], [ -0.8738352, 41.6404503 ], [ -0.8738971, 41.6405323 ], [ -0.873916, 41.6405573 ], [ -0.8742894, 41.6410232 ], [ -0.8742914, 41.6410256 ], [ -0.875256, 41.642229 ] ] ] } },
{ "type": "Feature", "properties": { "CCAA": "02 - Aragón", "PROVINCIA": "50 - Zaragoza", "MUNICIPIO": "50297 - Zaragoza", "COD_MUNICIPIO": "50297", "DISTRITO": "02", "SECCION": "5029702052", "V1_H": 82.5, "V1_M": 87.29, "V2_H": 82.15783722, "V2_M": 87.30677587, "V3_H": 82.90083825000001, "V3_M": 87.37512967000001 }, "geometry": { "type": "Polygon", "coordinates": [ [ [ -0.8761791, 41.6434082 ], [ -0.8763626, 41.6436427 ], [ -0.8768342, 41.644258 ], [ -0.8771544, 41.6446757 ], [ -0.8774096, 41.644979 ], [ -0.8779054, 41.6447345 ], [ -0.8784743, 41.6444549 ], [ -0.8785838, 41.6444011 ], [ -0.8786122, 41.6438193 ], [ -0.8786332, 41.6433638 ], [ -0.8786478, 41.6430473 ], [ -0.8786788, 41.6423769 ], [ -0.8787023, 41.6418692 ], [ -0.8783437, 41.6420284 ], [ -0.8782951, 41.64205 ], [ -0.8782533, 41.6420686 ], [ -0.8782282, 41.6420797 ], [ -0.8779313, 41.6422114 ], [ -0.8775309, 41.6423617 ], [ -0.8772841, 41.6424286 ], [ -0.8769266, 41.6424759 ], [ -0.875987, 41.6424817 ], [ -0.8754565, 41.6424851 ], [ -0.8756526, 41.6427356 ], [ -0.8759655, 41.6431355 ], [ -0.8761791, 41.6434082 ] ] ] } },
{ "type": "Feature", "properties": { "CCAA": "02 - Aragón", "PROVINCIA": "50 - Zaragoza", "MUNICIPIO": "50297 - Zaragoza", "COD_MUNICIPIO": "50297", "DISTRITO": "03", "SECCION": "5029703025", "V1_H": 80.25, "V1_M": 86.11, "V2_H": 80.02266353, "V2_M": 86.02270939, "V3_H": 80.50879823, "V3_M": 86.37032083 }, "geometry": { "type": "Polygon", "coordinates": [ [ [ -0.9025154, 41.6497768 ], [ -0.9026116, 41.649986 ], [ -0.9029219, 41.6506603 ], [ -0.9034514, 41.650525 ], [ -0.9035197, 41.6505072 ], [ -0.9032857, 41.6499983 ], [ -0.9027986, 41.648939 ], [ -0.9034573, 41.6487689 ], [ -0.9040259, 41.648622 ], [ -0.9038334, 41.6481999 ], [ -0.9036301, 41.6477539 ], [ -0.9030449, 41.6479484 ], [ -0.9022466, 41.6482137 ], [ -0.9021051, 41.6483062 ], [ -0.9019595, 41.6484014 ], [ -0.9006458, 41.6488398 ], [ -0.9005161, 41.6488831 ], [ -0.9004451, 41.6489068 ], [ -0.9007055, 41.6494783 ], [ -0.9013033, 41.6493234 ], [ -0.9021999, 41.649091 ], [ -0.9025154, 41.6497768 ] ] ] } },
{ "type": "Feature", "properties": { "CCAA": "02 - Aragón", "PROVINCIA": "50 - Zaragoza", "MUNICIPIO": "50297 - Zaragoza", "COD_MUNICIPIO": "50297", "DISTRITO": "03", "SECCION": "5029703027", "V1_H": 80.31, "V1_M": 85.98, "V2_H": 80.51251293, "V2_M": 86.22129475, "V3_H": 80.221823, "V3_M": 85.87405604 }, "geometry": { "type": "Polygon", "coordinates": [ [ [ -0.8992802, 41.6472252 ], [ -0.8990294, 41.6473266 ], [ -0.8986788, 41.6474682 ], [ -0.8983202, 41.6476132 ], [ -0.8983075, 41.6476157 ], [ -0.8983057, 41.647619 ], [ -0.8983076, 41.6476183 ], [ -0.8983309, 41.6476564 ], [ -0.8983322, 41.6476566 ], [ -0.8983313, 41.647657 ], [ -0.8988489, 41.6485539 ], [ -0.8989097, 41.6486937 ], [ -0.8990738, 41.6489844 ], [ -0.8991361, 41.649111 ], [ -0.8992377, 41.6493171 ], [ -0.8997846, 41.6491275 ], [ -0.9004451, 41.6489068 ], [ -0.9005161, 41.6488831 ], [ -0.900503, 41.6488649 ], [ -0.9004071, 41.6487356 ], [ -0.9002538, 41.648529 ], [ -0.9001558, 41.6483971 ], [ -0.9000271, 41.6482237 ], [ -0.9000219, 41.6482191 ], [ -0.9000226, 41.6482177 ], [ -0.8998229, 41.6479486 ], [ -0.8996235, 41.6476798 ], [ -0.8992802, 41.6472252 ] ] ] } },
{ "type": "Feature", "properties": { "CCAA": "02 - Aragón", "PROVINCIA": "50 - Zaragoza", "MUNICIPIO": "50297 - Zaragoza", "COD_MUNICIPIO": "50297", "DISTRITO": "03", "SECCION": "5029703035", "V1_H": 79.63, "V1_M": 85.51, "V2_H": 79.79644461, "V2_M": 85.57767022, "V3_H": 79.53263393, "V3_M": 85.68344389000001 }, "geometry": { "type": "Polygon", "coordinates": [ [ [ -0.9056345, 41.6521497 ], [ -0.9057003, 41.652294 ], [ -0.9058292, 41.6525767 ], [ -0.9060494, 41.6530596 ], [ -0.9063681, 41.652985 ], [ -0.9065088, 41.6529521 ], [ -0.9066622, 41.6529163 ], [ -0.9068688, 41.6528679 ], [ -0.9069403, 41.6528516 ], [ -0.9069506, 41.6527205 ], [ -0.9070278, 41.6526692 ], [ -0.9073841, 41.6525268 ], [ -0.9077472, 41.6523515 ], [ -0.9078442, 41.6522546 ], [ -0.9080296, 41.6520962 ], [ -0.9082563, 41.6519049 ], [ -0.9086145, 41.6515526 ], [ -0.9086663, 41.6514996 ], [ -0.9085744, 41.6514818 ], [ -0.9079141, 41.6512395 ], [ -0.9074882, 41.6510832 ], [ -0.9074876, 41.6510829 ], [ -0.9072969, 41.651013 ], [ -0.9067878, 41.6518154 ], [ -0.9067451, 41.6518602 ], [ -0.9060227, 41.6520485 ], [ -0.9056345, 41.6521497 ] ] ] } },
{ "type": "Feature", "properties": { "CCAA": "02 - Aragón", "PROVINCIA": "50 - Zaragoza", "MUNICIPIO": "50297 - Zaragoza", "COD_MUNICIPIO": "50297", "DISTRITO": "03", "SECCION": "5029703037", "V1_H": 80.0, "V1_M": 86.03, "V2_H": 79.84963877, "V2_M": 86.04281727, "V3_H": 80.29290896000001, "V3_M": 86.20578322 }, "geometry": { "type": "Polygon", "coordinates": [ [ [ -0.904436, 41.6551445 ], [ -0.9048073, 41.6551973 ], [ -0.9055882, 41.6553085 ], [ -0.9059925, 41.6553661 ], [ -0.9062233, 41.6553944 ], [ -0.9069518, 41.6554837 ], [ -0.9071338, 41.6546622 ], [ -0.9063588, 41.6545577 ], [ -0.9056158, 41.6544575 ], [ -0.9051041, 41.6543884 ], [ -0.9048835, 41.6543605 ], [ -0.9044091, 41.6543018 ], [ -0.9044093, 41.6542993 ], [ -0.904406, 41.6543014 ], [ -0.9044089, 41.6543146 ], [ -0.9044078, 41.6543706 ], [ -0.9044025, 41.654562 ], [ -0.9043877, 41.654821 ], [ -0.9043801, 41.6549532 ], [ -0.9043687, 41.6551349 ], [ -0.904436, 41.6551445 ] ] ] } },
{ "type": "Feature", "properties": { "CCAA": "02 - Aragón", "PROVINCIA": "50 - Zaragoza", "MUNICIPIO": "50297 - Zaragoza", "COD_MUNICIPIO": "50297", "DISTRITO": "03", "SECCION": "5029703062", "V1_H": 80.34, "V1_M": 85.99, "V2_H": 80.22806877, "V2_M": 85.94669411, "V3_H": 80.64200885, "V3_M": 86.09540763 }, "geometry": { "type": "Polygon", "coordinates": [ [ [ -0.9144252, 41.6504137 ], [ -0.9146499, 41.6509955 ], [ -0.9146922, 41.6511082 ], [ -0.9150924, 41.6510209 ], [ -0.9158503, 41.6508555 ], [ -0.9160152, 41.6508186 ], [ -0.9160177, 41.650818 ], [ -0.9157752, 41.6502257 ], [ -0.9156966, 41.6500338 ], [ -0.9162104, 41.64992 ], [ -0.9161215, 41.6496905 ], [ -0.9161202, 41.6494684 ], [ -0.9160752, 41.6493098 ], [ -0.9160511, 41.6491836 ], [ -0.9158282, 41.6485379 ], [ -0.9153472, 41.6486414 ], [ -0.91488, 41.6487428 ], [ -0.9146951, 41.6487848 ], [ -0.9147048, 41.6488053 ], [ -0.9147279, 41.6488545 ], [ -0.91484, 41.6491352 ], [ -0.9148816, 41.6492406 ], [ -0.915036, 41.6496315 ], [ -0.9150742, 41.6497278 ], [ -0.9152076, 41.6500657 ], [ -0.9152647, 41.6502117 ], [ -0.9151952, 41.6502394 ], [ -0.9149073, 41.6503048 ], [ -0.914595, 41.6503753 ], [ -0.9144254, 41.6504132 ], [ -0.9144252, 41.6504137 ] ] ] } },
{ "type": "Feature", "properties": { "CCAA": "02 - Aragón", "PROVINCIA": "50 - Zaragoza", "MUNICIPIO": "50297 - Zaragoza", "COD_MUNICIPIO": "50297", "DISTRITO": "03", "SECCION": "5029703064", "V1_H": 80.54, "V1_M": 86.2, "V2_H": 80.39552864, "V2_M": 86.0597654, "V3_H": 80.75568151, "V3_M": 86.47868922000001 }, "geometry": { "type": "Polygon", "coordinates": [ [ [ -0.9167259, 41.6483448 ], [ -0.9168859, 41.6487963 ], [ -0.917108, 41.6494032 ], [ -0.9170891, 41.6494987 ], [ -0.9169879, 41.6496008 ], [ -0.9172215, 41.650252 ], [ -0.9172533, 41.650329 ], [ -0.9171413, 41.6505715 ], [ -0.9171448, 41.6505712 ], [ -0.9171386, 41.6505773 ], [ -0.9171295, 41.6505967 ], [ -0.9171479, 41.6505952 ], [ -0.9172031, 41.6505857 ], [ -0.9175934, 41.6505367 ], [ -0.9178339, 41.6505077 ], [ -0.9183445, 41.6504506 ], [ -0.9183583, 41.6504474 ], [ -0.918171, 41.6502692 ], [ -0.9180386, 41.6501526 ], [ -0.917966, 41.6499908 ], [ -0.9182537, 41.6494562 ], [ -0.918234, 41.6492472 ], [ -0.9182105, 41.6490939 ], [ -0.9179777, 41.6485254 ], [ -0.9179175, 41.6483793 ], [ -0.9179173, 41.6483791 ], [ -0.9178278, 41.6481615 ], [ -0.9177655, 41.6480102 ], [ -0.9177438, 41.6479595 ], [ -0.9176082, 41.6476422 ], [ -0.9165489, 41.6478653 ], [ -0.9166002, 41.6479903 ], [ -0.9167259, 41.6483448 ] ] ] } },
{ "type": "Feature", "properties": { "CCAA": "02 - Aragón", "PROVINCIA": "50 - Zaragoza", "MUNICIPIO": "50297 - Zaragoza", "COD_MUNICIPIO": "50297", "DISTRITO": "03", "SECCION": "5029703071", "V1_H": 81.04, "V1_M": 86.55, "V2_H": 80.90626992, "V2_M": 86.32523903000001, "V3_H": 81.22678782, "V3_M": 86.81274177 }, "geometry": { "type": "Polygon", "coordinates": [ [ [ -0.9109729, 41.6527325 ], [ -0.911012, 41.6527597 ], [ -0.9111234, 41.6528379 ], [ -0.9112004, 41.6528686 ], [ -0.9114393, 41.6528513 ], [ -0.9117184, 41.6528291 ], [ -0.9119422, 41.6528088 ], [ -0.912016, 41.6528044 ], [ -0.912045, 41.6528051 ], [ -0.9120776, 41.6528101 ], [ -0.9121308, 41.6528223 ], [ -0.912186, 41.6528457 ], [ -0.9122263, 41.652881 ], [ -0.9123324, 41.6530493 ], [ -0.9125348, 41.6533941 ], [ -0.912567, 41.6534717 ], [ -0.9125868, 41.6535289 ], [ -0.9126014, 41.6535866 ], [ -0.9126111, 41.6536483 ], [ -0.9126196, 41.6537068 ], [ -0.9126265, 41.6538542 ], [ -0.9126322, 41.6540715 ], [ -0.9126393, 41.6543458 ], [ -0.91264, 41.6543781 ], [ -0.9126402, 41.6543778 ], [ -0.9126402, 41.6543781 ], [ -0.9127292, 41.6543446 ], [ -0.9128849, 41.6542928 ], [ -0.9129742, 41.6542669 ], [ -0.913075, 41.6542428 ], [ -0.9131919, 41.6542222 ], [ -0.9133297, 41.6542019 ], [ -0.9134557, 41.6541896 ], [ -0.9135605, 41.6541834 ], [ -0.9136606, 41.6541804 ], [ -0.913785, 41.6541769 ], [ -0.9139131, 41.6541712 ], [ -0.9139932, 41.6541609 ], [ -0.914203, 41.6541262 ], [ -0.9143879, 41.6540873 ], [ -0.9145077, 41.6540506 ], [ -0.9146442, 41.6539995 ], [ -0.9147397, 41.6539583 ], [ -0.9148507, 41.6539051 ], [ -0.9149572, 41.6538471 ], [ -0.9150496, 41.6537952 ], [ -0.9150935, 41.6537607 ], [ -0.9152094, 41.6536699 ], [ -0.915286, 41.6536032 ], [ -0.9153436, 41.6535474 ], [ -0.9154122, 41.6534749 ], [ -0.9154728, 41.6533981 ], [ -0.9155312, 41.6533164 ], [ -0.9156037, 41.653188 ], [ -0.9156562, 41.6530727 ], [ -0.9157103, 41.6529092 ], [ -0.915777, 41.6527216 ], [ -0.9156591, 41.6524281 ], [ -0.9154499, 41.6519074 ], [ -0.9153987, 41.6517803 ], [ -0.913682, 41.652157 ], [ -0.9135211, 41.652192 ], [ -0.9129023, 41.6523268 ], [ -0.9124858, 41.6524176 ], [ -0.9123309, 41.6524513 ], [ -0.9118016, 41.6525612 ], [ -0.9116761, 41.6525873 ], [ -0.9109731, 41.6527324 ], [ -0.9109729, 41.6527325 ] ] ] } },
{ "type": "Feature", "properties": { "CCAA": "02 - Aragón", "PROVINCIA": "50 - Zaragoza", "MUNICIPIO": "50297 - Zaragoza", "COD_MUNICIPIO": "50297", "DISTRITO": "03", "SECCION": "5029703074", "V1_H": 81.18, "V1_M": 86.79, "V2_H": 80.97904731, "V2_M": 86.77314473, "V3_H": 81.44010912, "V3_M": 86.96351832000001 }, "geometry": { "type": "Polygon", "coordinates": [ [ [ -0.9153435, 41.6577168 ], [ -0.9156308, 41.6578036 ], [ -0.9160677, 41.6579358 ], [ -0.9162121, 41.6579776 ], [ -0.9168572, 41.6581608 ], [ -0.917283, 41.6582806 ], [ -0.9181781, 41.6585209 ], [ -0.918307, 41.6585556 ], [ -0.9189996, 41.6587416 ], [ -0.9194527, 41.6588235 ], [ -0.9194834, 41.6588255 ], [ -0.9196591, 41.6588326 ], [ -0.9202147, 41.6588551 ], [ -0.9202021, 41.6587418 ], [ -0.9201468, 41.6582423 ], [ -0.9201119, 41.6582429 ], [ -0.9196009, 41.6582778 ], [ -0.9194869, 41.6582856 ], [ -0.9194095, 41.6582797 ], [ -0.9193229, 41.6582668 ], [ -0.9192922, 41.6582574 ], [ -0.9189761, 41.6581213 ], [ -0.9188455, 41.6580547 ], [ -0.918748, 41.6579934 ], [ -0.9186757, 41.6578889 ], [ -0.9186635, 41.657851 ], [ -0.9181998, 41.657788 ], [ -0.9179376, 41.6577508 ], [ -0.9181034, 41.6572086 ], [ -0.9181818, 41.6569475 ], [ -0.918181, 41.6569451 ], [ -0.9181819, 41.6569457 ], [ -0.9181866, 41.6569302 ], [ -0.9183646, 41.6563499 ], [ -0.9183894, 41.6562715 ], [ -0.9184682, 41.6560238 ], [ -0.9185011, 41.6559205 ], [ -0.9186118, 41.6552388 ], [ -0.9184568, 41.655219 ], [ -0.91834, 41.655186 ], [ -0.9181898, 41.6551201 ], [ -0.918101, 41.6550688 ], [ -0.9180375, 41.6550234 ], [ -0.9179929, 41.6549816 ], [ -0.91795, 41.6549377 ], [ -0.9179088, 41.654885 ], [ -0.9178756, 41.6548335 ], [ -0.917838, 41.6547664 ], [ -0.9178119, 41.6547179 ], [ -0.9177385, 41.6545106 ], [ -0.9177103, 41.6544308 ], [ -0.917632, 41.6542356 ], [ -0.9169359, 41.6524984 ], [ -0.9168073, 41.6521774 ], [ -0.9156591, 41.6524281 ], [ -0.915777, 41.6527216 ], [ -0.9157103, 41.6529092 ], [ -0.9156562, 41.6530727 ], [ -0.9156037, 41.653188 ], [ -0.9155312, 41.6533164 ], [ -0.9154728, 41.6533981 ], [ -0.9154122, 41.6534749 ], [ -0.9153436, 41.6535474 ], [ -0.915286, 41.6536032 ], [ -0.9152094, 41.6536699 ], [ -0.9150935, 41.6537607 ], [ -0.9151277, 41.6538001 ], [ -0.9151502, 41.6538263 ], [ -0.9151823, 41.6538856 ], [ -0.9151982, 41.6539435 ], [ -0.9152084, 41.6540243 ], [ -0.9152017, 41.6540983 ], [ -0.9151903, 41.6541461 ], [ -0.9151829, 41.6541679 ], [ -0.9151688, 41.6542058 ], [ -0.9151633, 41.6542172 ], [ -0.9151451, 41.6542551 ], [ -0.9151138, 41.6543049 ], [ -0.9150974, 41.6543279 ], [ -0.9150571, 41.6543759 ], [ -0.9150111, 41.6544184 ], [ -0.9149604, 41.6544658 ], [ -0.9149203, 41.6545044 ], [ -0.9148657, 41.654563 ], [ -0.9148158, 41.6546305 ], [ -0.9147567, 41.654718 ], [ -0.9147218, 41.6547663 ], [ -0.914693, 41.6548057 ], [ -0.9146677, 41.6548344 ], [ -0.9146332, 41.6548729 ], [ -0.9145885, 41.6549142 ], [ -0.9145421, 41.6549542 ], [ -0.9145026, 41.6549856 ], [ -0.9146067, 41.6550883 ], [ -0.9146718, 41.6551536 ], [ -0.9147165, 41.6551976 ], [ -0.9147853, 41.6552659 ], [ -0.9148421, 41.6553224 ], [ -0.9149892, 41.6554669 ], [ -0.9150757, 41.6555528 ], [ -0.9152227, 41.6556988 ], [ -0.9152832, 41.6557596 ], [ -0.915366, 41.6558115 ], [ -0.9154526, 41.6558679 ], [ -0.9156303, 41.6559834 ], [ -0.9158213, 41.6561065 ], [ -0.9159015, 41.6561533 ], [ -0.916041, 41.656238 ], [ -0.9153435, 41.6577168 ] ] ] } },
{ "type": "Feature", "properties": { "CCAA": "02 - Aragón", "PROVINCIA": "50 - Zaragoza", "MUNICIPIO": "50297 - Zaragoza", "COD_MUNICIPIO": "50297", "DISTRITO": "02", "SECCION": "5029702032", "V1_H": 81.73, "V1_M": 86.8, "V2_H": 81.31626673, "V2_M": 86.83145999, "V3_H": 82.17064416, "V3_M": 87.00536352 }, "geometry": { "type": "Polygon", "coordinates": [ [ [ -0.8798881, 41.64376 ], [ -0.8809426, 41.6449341 ], [ -0.8810805, 41.6450875 ], [ -0.881876, 41.6459731 ], [ -0.8818737, 41.6460409 ], [ -0.8826138, 41.645638 ], [ -0.8824865, 41.6455059 ], [ -0.882106, 41.6451064 ], [ -0.8819111, 41.6449019 ], [ -0.8816652, 41.6446436 ], [ -0.8816172, 41.6445833 ], [ -0.8815112, 41.6444496 ], [ -0.8806876, 41.6433694 ], [ -0.8798881, 41.64376 ] ] ] } },
{ "type": "Feature", "properties": { "CCAA": "02 - Aragón", "PROVINCIA": "50 - Zaragoza", "MUNICIPIO": "50297 - Zaragoza", "COD_MUNICIPIO": "50297", "DISTRITO": "02", "SECCION": "5029702035", "V1_H": 81.88, "V1_M": 87.06, "V2_H": 81.54316391, "V2_M": 86.92154098, "V3_H": 82.24926416, "V3_M": 87.34198023 }, "geometry": { "type": "Polygon", "coordinates": [ [ [ -0.8813462, 41.6430369 ], [ -0.8819479, 41.6437795 ], [ -0.8823083, 41.6442241 ], [ -0.8830409, 41.6438431 ], [ -0.884045, 41.6431226 ], [ -0.8840824, 41.6430303 ], [ -0.8846768, 41.6430809 ], [ -0.8847048, 41.6429027 ], [ -0.8847626, 41.6425365 ], [ -0.883131, 41.6423945 ], [ -0.8824825, 41.6423381 ], [ -0.8824967, 41.64217 ], [ -0.8819872, 41.6425807 ], [ -0.8818236, 41.6427126 ], [ -0.8817287, 41.6427771 ], [ -0.8816274, 41.642846 ], [ -0.8813462, 41.6430369 ] ] ] } },
{ "type": "Feature", "properties": { "CCAA": "02 - Aragón", "PROVINCIA": "50 - Zaragoza", "MUNICIPIO": "50297 - Zaragoza", "COD_MUNICIPIO": "50297", "DISTRITO": "02", "SECCION": "5029702037", "V1_H": 81.88, "V1_M": 87.06, "V2_H": 81.54316391, "V2_M": 86.92154098, "V3_H": 82.24926416, "V3_M": 87.34198023 }, "geometry": { "type": "Polygon", "coordinates": [ [ [ -0.8792091, 41.6411012 ], [ -0.8792132, 41.6411066 ], [ -0.8792132, 41.6411066 ], [ -0.8793968, 41.641346 ], [ -0.8795971, 41.6415052 ], [ -0.8798507, 41.6416289 ], [ -0.8800012, 41.6416877 ], [ -0.8801118, 41.6417309 ], [ -0.8809255, 41.642188 ], [ -0.881348, 41.6424534 ], [ -0.8817287, 41.6427771 ], [ -0.8818236, 41.6427126 ], [ -0.8819872, 41.6425807 ], [ -0.8824967, 41.64217 ], [ -0.8824825, 41.6423381 ], [ -0.883131, 41.6423945 ], [ -0.8847626, 41.6425365 ], [ -0.884832, 41.6420969 ], [ -0.8849058, 41.64163 ], [ -0.8838733, 41.6411015 ], [ -0.8833418, 41.6408294 ], [ -0.8829354, 41.6406184 ], [ -0.8822371, 41.6402558 ], [ -0.8820662, 41.6401673 ], [ -0.8815875, 41.6399186 ], [ -0.8811719, 41.6397028 ], [ -0.8806407, 41.6394271 ], [ -0.8805358, 41.6395062 ], [ -0.8804671, 41.6395583 ], [ -0.8803765, 41.6396337 ], [ -0.8800919, 41.6398706 ], [ -0.8800056, 41.6399424 ], [ -0.8799672, 41.639969 ], [ -0.8797649, 41.6401059 ], [ -0.8797031, 41.6400895 ], [ -0.8792178, 41.6405093 ], [ -0.8792348, 41.6405311 ], [ -0.8792091, 41.6410509 ], [ -0.8792091, 41.641051 ], [ -0.8792091, 41.6411012 ] ] ] } },
{ "type": "Feature", "properties": { "CCAA": "02 - Aragón", "PROVINCIA": "50 - Zaragoza", "MUNICIPIO": "50297 - Zaragoza", "COD_MUNICIPIO": "50297", "DISTRITO": "03", "SECCION": "5029703001", "V1_H": 80.06, "V1_M": 86.09, "V2_H": 79.80248703, "V2_M": 86.14116428, "V3_H": 80.46064959, "V3_M": 86.17412372 }, "geometry": { "type": "Polygon", "coordinates": [ [ [ -0.8935181, 41.6548285 ], [ -0.8935327, 41.6548961 ], [ -0.8935816, 41.6552299 ], [ -0.8936535, 41.6557192 ], [ -0.8936417, 41.655954 ], [ -0.8936146, 41.6562389 ], [ -0.893988, 41.6560722 ], [ -0.8941698, 41.6559904 ], [ -0.8944378, 41.6559371 ], [ -0.8945609, 41.6559214 ], [ -0.8952852, 41.6558282 ], [ -0.8952184, 41.6556271 ], [ -0.8953535, 41.655311 ], [ -0.8954817, 41.6550094 ], [ -0.8957563, 41.6543638 ], [ -0.8958181, 41.6542186 ], [ -0.8950277, 41.6540255 ], [ -0.8942727, 41.6538494 ], [ -0.8932606, 41.653809 ], [ -0.8932076, 41.6541502 ], [ -0.8933299, 41.6543194 ], [ -0.8934898, 41.6546982 ], [ -0.8935013, 41.6547509 ], [ -0.8935181, 41.6548285 ] ] ] } },
{ "type": "Feature", "properties": { "CCAA": "02 - Aragón", "PROVINCIA": "50 - Zaragoza", "MUNICIPIO": "50297 - Zaragoza", "COD_MUNICIPIO": "50297", "DISTRITO": "03", "SECCION": "5029703003", "V1_H": 80.16, "V1_M": 86.09, "V2_H": 80.12695049, "V2_M": 86.02539962, "V3_H": 80.31827198000001, "V3_M": 86.38244546 }, "geometry": { "type": "Polygon", "coordinates": [ [ [ -0.8980301, 41.6542131 ], [ -0.8980307, 41.6542133 ], [ -0.8984509, 41.6543581 ], [ -0.8985949, 41.6544158 ], [ -0.8989894, 41.6545739 ], [ -0.89909, 41.6544249 ], [ -0.899388, 41.6539834 ], [ -0.8996379, 41.6536412 ], [ -0.89968, 41.6535835 ], [ -0.8997357, 41.6534655 ], [ -0.9001335, 41.6530677 ], [ -0.9004286, 41.6527591 ], [ -0.900428, 41.6527586 ], [ -0.9004271, 41.6527578 ], [ -0.9003077, 41.6526943 ], [ -0.9001579, 41.6526177 ], [ -0.8999077, 41.6524897 ], [ -0.899816, 41.6524152 ], [ -0.8997059, 41.6523249 ], [ -0.8996851, 41.6523384 ], [ -0.8995932, 41.6524001 ], [ -0.8993649, 41.6525555 ], [ -0.8992462, 41.6526363 ], [ -0.898867, 41.6528946 ], [ -0.898788, 41.6529884 ], [ -0.8986423, 41.6532241 ], [ -0.8984226, 41.6535794 ], [ -0.8983504, 41.6536963 ], [ -0.8981754, 41.6539793 ], [ -0.8980623, 41.6541623 ], [ -0.8980301, 41.6542131 ] ] ] } },
{ "type": "Feature", "properties": { "CCAA": "02 - Aragón", "PROVINCIA": "50 - Zaragoza", "MUNICIPIO": "50297 - Zaragoza", "COD_MUNICIPIO": "50297", "DISTRITO": "03", "SECCION": "5029703021", "V1_H": 80.11, "V1_M": 85.95, "V2_H": 80.1609953, "V2_M": 86.03869322, "V3_H": 80.32004483, "V3_M": 85.9872989 }, "geometry": { "type": "Polygon", "coordinates": [ [ [ -0.9008597, 41.6498169 ], [ -0.9009227, 41.6499552 ], [ -0.9014177, 41.6510417 ], [ -0.9020195, 41.6508881 ], [ -0.9023303, 41.6508109 ], [ -0.9025241, 41.6507619 ], [ -0.9021369, 41.6498674 ], [ -0.9025154, 41.6497768 ], [ -0.9021999, 41.649091 ], [ -0.9013033, 41.6493234 ], [ -0.9007055, 41.6494783 ], [ -0.9008597, 41.6498169 ] ] ] } },
{ "type": "Feature", "properties": { "CCAA": "02 - Aragón", "PROVINCIA": "50 - Zaragoza", "MUNICIPIO": "50297 - Zaragoza", "COD_MUNICIPIO": "50297", "DISTRITO": "03", "SECCION": "5029703023", "V1_H": 79.85, "V1_M": 85.78, "V2_H": 79.86035794, "V2_M": 85.76242541000001, "V3_H": 79.99500792000001, "V3_M": 85.93655133 }, "geometry": { "type": "Polygon", "coordinates": [ [ [ -0.9035197, 41.6505072 ], [ -0.9042349, 41.6520622 ], [ -0.9048865, 41.6518958 ], [ -0.9041737, 41.6503365 ], [ -0.9040253, 41.6500118 ], [ -0.9034573, 41.6487689 ], [ -0.9027986, 41.648939 ], [ -0.9032857, 41.6499983 ], [ -0.9035197, 41.6505072 ] ] ] } },
{ "type": "Feature", "properties": { "CCAA": "02 - Aragón", "PROVINCIA": "50 - Zaragoza", "MUNICIPIO": "50297 - Zaragoza", "COD_MUNICIPIO": "50297", "DISTRITO": "03", "SECCION": "5029703039", "V1_H": 80.34, "V1_M": 85.99, "V2_H": 80.22806877, "V2_M": 85.94669411, "V3_H": 80.64200885, "V3_M": 86.09540763 }, "geometry": { "type": "Polygon", "coordinates": [ [ [ -0.9085022, 41.6556843 ], [ -0.9085492, 41.6556906 ], [ -0.9086996, 41.6557242 ], [ -0.9087428, 41.655657 ], [ -0.9092514, 41.6548674 ], [ -0.909415, 41.6546134 ], [ -0.9097875, 41.6540348 ], [ -0.9099359, 41.6537559 ], [ -0.9102589, 41.6531484 ], [ -0.9093057, 41.6531286 ], [ -0.90859, 41.6531139 ], [ -0.9085396, 41.6545974 ], [ -0.9085311, 41.6548488 ], [ -0.9085326, 41.6548503 ], [ -0.9085308, 41.6548559 ], [ -0.90853, 41.6548794 ], [ -0.9085261, 41.654997 ], [ -0.9085183, 41.6552261 ], [ -0.9085104, 41.6554585 ], [ -0.9085052, 41.6556117 ], [ -0.9085022, 41.6556843 ] ] ] } },
{ "type": "Feature", "properties": { "CCAA": "02 - Aragón", "PROVINCIA": "50 - Zaragoza", "MUNICIPIO": "50297 - Zaragoza", "COD_MUNICIPIO": "50297", "DISTRITO": "03", "SECCION": "5029703041", "V1_H": 80.06, "V1_M": 86.09, "V2_H": 79.80248703, "V2_M": 86.14116428, "V3_H": 80.46064959, "V3_M": 86.17412372 }, "geometry": { "type": "Polygon", "coordinates": [ [ [ -0.9086663, 41.6514996 ], [ -0.9086145, 41.6515526 ], [ -0.9082563, 41.6519049 ], [ -0.9080296, 41.6520962 ], [ -0.9078442, 41.6522546 ], [ -0.9077472, 41.6523515 ], [ -0.9073841, 41.6525268 ], [ -0.9070278, 41.6526692 ], [ -0.9069506, 41.6527205 ], [ -0.9069403, 41.6528516 ], [ -0.9074707, 41.6527304 ], [ -0.9074719, 41.6527301 ], [ -0.9084249, 41.6525123 ], [ -0.9086115, 41.6524695 ], [ -0.9086118, 41.6524694 ], [ -0.9086409, 41.6524628 ], [ -0.9087583, 41.6524358 ], [ -0.9090879, 41.6523603 ], [ -0.9093202, 41.652307 ], [ -0.9095097, 41.6522635 ], [ -0.9098661, 41.6521817 ], [ -0.9102572, 41.652092 ], [ -0.9100551, 41.6516241 ], [ -0.9099662, 41.6514181 ], [ -0.9099671, 41.6514179 ], [ -0.909967, 41.6514178 ], [ -0.909961, 41.651406 ], [ -0.9099351, 41.6513462 ], [ -0.9099102, 41.6512884 ], [ -0.9098793, 41.6512171 ], [ -0.909794, 41.6510194 ], [ -0.9097692, 41.650962 ], [ -0.9096813, 41.6507584 ], [ -0.9096467, 41.6506783 ], [ -0.9096198, 41.6506159 ], [ -0.9096196, 41.650616 ], [ -0.9091053, 41.6510332 ], [ -0.9090184, 41.6511126 ], [ -0.9089675, 41.6511708 ], [ -0.9087947, 41.6513683 ], [ -0.9086663, 41.6514996 ] ] ] } },
{ "type": "Feature", "properties": { "CCAA": "02 - Aragón", "PROVINCIA": "50 - Zaragoza", "MUNICIPIO": "50297 - Zaragoza", "COD_MUNICIPIO": "50297", "DISTRITO": "03", "SECCION": "5029703057", "V1_H": 79.66, "V1_M": 85.68, "V2_H": 79.65353369, "V2_M": 85.83118741, "V3_H": 79.80284041, "V3_M": 85.7603318 }, "geometry": { "type": "Polygon", "coordinates": [ [ [ -0.9122985, 41.6508086 ], [ -0.9123254, 41.6508772 ], [ -0.9139931, 41.6505075 ], [ -0.9142733, 41.6504472 ], [ -0.9144251, 41.6504133 ], [ -0.9144252, 41.6504137 ], [ -0.9144254, 41.6504132 ], [ -0.914595, 41.6503753 ], [ -0.9149073, 41.6503048 ], [ -0.9151952, 41.6502394 ], [ -0.9152647, 41.6502117 ], [ -0.9152076, 41.6500657 ], [ -0.9150742, 41.6497278 ], [ -0.915036, 41.6496315 ], [ -0.9148816, 41.6492406 ], [ -0.91484, 41.6491352 ], [ -0.9147279, 41.6488545 ], [ -0.9147048, 41.6488053 ], [ -0.9146951, 41.6487848 ], [ -0.913975, 41.648948 ], [ -0.9138582, 41.6489697 ], [ -0.9140073, 41.6493491 ], [ -0.9140527, 41.6494646 ], [ -0.9142017, 41.6498441 ], [ -0.9142392, 41.6499395 ], [ -0.9131596, 41.6501782 ], [ -0.9121397, 41.6504036 ], [ -0.9121384, 41.6504039 ], [ -0.9121606, 41.6504571 ], [ -0.9122985, 41.6508086 ] ] ] } },
{ "type": "Feature", "properties": { "CCAA": "02 - Aragón", "PROVINCIA": "50 - Zaragoza", "MUNICIPIO": "50297 - Zaragoza", "COD_MUNICIPIO": "50297", "DISTRITO": "03", "SECCION": "5029703060", "V1_H": 79.57, "V1_M": 85.52, "V2_H": 79.5571672, "V2_M": 85.61629353, "V3_H": 79.73611669, "V3_M": 85.61269153000001 }, "geometry": { "type": "Polygon", "coordinates": [ [ [ -0.9102572, 41.652092 ], [ -0.9102617, 41.6521024 ], [ -0.9103762, 41.6523792 ], [ -0.9104251, 41.6524971 ], [ -0.9104645, 41.6526401 ], [ -0.9104589, 41.6527319 ], [ -0.9104193, 41.6528471 ], [ -0.9109729, 41.6527325 ], [ -0.9109731, 41.6527324 ], [ -0.9116761, 41.6525873 ], [ -0.9118016, 41.6525612 ], [ -0.9123309, 41.6524513 ], [ -0.9124858, 41.6524176 ], [ -0.9129023, 41.6523268 ], [ -0.9125957, 41.6515656 ], [ -0.9125687, 41.6515715 ], [ -0.9124173, 41.6516045 ], [ -0.9121963, 41.6516528 ], [ -0.9118584, 41.6517265 ], [ -0.9114972, 41.6518076 ], [ -0.9113758, 41.6518354 ], [ -0.9107403, 41.6519812 ], [ -0.9104121, 41.6520565 ], [ -0.9102572, 41.652092 ] ] ] } },
{ "type": "Feature", "properties": { "CCAA": "02 - Aragón", "PROVINCIA": "50 - Zaragoza", "MUNICIPIO": "50297 - Zaragoza", "COD_MUNICIPIO": "50297", "DISTRITO": "03", "SECCION": "5029703076", "V1_H": 80.91, "V1_M": 86.64, "V2_H": 80.44720226, "V2_M": 86.54313262, "V3_H": 81.45534141, "V3_M": 86.89844934 }, "geometry": { "type": "Polygon", "coordinates": [ [ [ -0.897288, 41.6537285 ], [ -0.8974508, 41.6541862 ], [ -0.8975931, 41.6543975 ], [ -0.8976504, 41.6544825 ], [ -0.8979227, 41.6547494 ], [ -0.8984835, 41.6551683 ], [ -0.8995985, 41.654852 ], [ -0.899887, 41.6547698 ], [ -0.9002316, 41.6546718 ], [ -0.9002368, 41.654672 ], [ -0.9002456, 41.6546678 ], [ -0.9002644, 41.6546624 ], [ -0.9003264, 41.6546448 ], [ -0.9003718, 41.6546312 ], [ -0.900509, 41.654577 ], [ -0.9007108, 41.6544973 ], [ -0.9007137, 41.6544937 ], [ -0.9006632, 41.6543469 ], [ -0.9001335, 41.6530677 ], [ -0.8997357, 41.6534655 ], [ -0.89968, 41.6535835 ], [ -0.8996379, 41.6536412 ], [ -0.899388, 41.6539834 ], [ -0.89909, 41.6544249 ], [ -0.8989894, 41.6545739 ], [ -0.8985949, 41.6544158 ], [ -0.8984509, 41.6543581 ], [ -0.8980307, 41.6542133 ], [ -0.8980301, 41.6542131 ], [ -0.8975795, 41.6540578 ], [ -0.897288, 41.6537285 ] ] ] } },
{ "type": "Feature", "properties": { "CCAA": "02 - Aragón", "PROVINCIA": "50 - Zaragoza", "MUNICIPIO": "50297 - Zaragoza", "COD_MUNICIPIO": "50297", "DISTRITO": "03", "SECCION": "5029703078", "V1_H": 82.08, "V1_M": 87.23, "V2_H": 81.77226367, "V2_M": 87.02227373, "V3_H": 82.52263661000001, "V3_M": 87.52638345 }, "geometry": { "type": "Polygon", "coordinates": [ [ [ -0.9106274, 41.6415246 ], [ -0.9112103, 41.6417504 ], [ -0.911633, 41.6419225 ], [ -0.9117242, 41.6420248 ], [ -0.9118034, 41.6421314 ], [ -0.9118436, 41.6422032 ], [ -0.9120382, 41.6425508 ], [ -0.9121589, 41.6427662 ], [ -0.9133855, 41.6423668 ], [ -0.9135529, 41.6421547 ], [ -0.9140867, 41.641982 ], [ -0.9133143, 41.6406559 ], [ -0.912043, 41.6410687 ], [ -0.9117999, 41.641147 ], [ -0.9114581, 41.641257 ], [ -0.9106274, 41.6415246 ] ] ] } },
{ "type": "Feature", "properties": { "CCAA": "02 - Aragón", "PROVINCIA": "50 - Zaragoza", "MUNICIPIO": "50297 - Zaragoza", "COD_MUNICIPIO": "50297", "DISTRITO": "04", "SECCION": "5029704003", "V1_H": 81.72, "V1_M": 86.96, "V2_H": 81.44760383000001, "V2_M": 86.83587728000001, "V3_H": 82.03657934, "V3_M": 87.26058658 }, "geometry": { "type": "Polygon", "coordinates": [ [ [ -0.8918809, 41.6443883 ], [ -0.8919414, 41.6444174 ], [ -0.8924114, 41.6446482 ], [ -0.8925016, 41.6447175 ], [ -0.8928002, 41.6444144 ], [ -0.8928681, 41.6443169 ], [ -0.8934494, 41.6436973 ], [ -0.8935522, 41.6436008 ], [ -0.8936524, 41.6434916 ], [ -0.8937237, 41.6434139 ], [ -0.8937623, 41.6433447 ], [ -0.8939765, 41.6431163 ], [ -0.8945731, 41.6424802 ], [ -0.8946607, 41.6424133 ], [ -0.8947594, 41.642309 ], [ -0.8941289, 41.6419824 ], [ -0.8940614, 41.6420548 ], [ -0.8940093, 41.6421107 ], [ -0.8931269, 41.6430576 ], [ -0.893026, 41.6431656 ], [ -0.8929614, 41.643235 ], [ -0.8918809, 41.6443883 ] ] ] } },
{ "type": "Feature", "properties": { "CCAA": "02 - Aragón", "PROVINCIA": "50 - Zaragoza", "MUNICIPIO": "50297 - Zaragoza", "COD_MUNICIPIO": "50297", "DISTRITO": "04", "SECCION": "5029704005", "V1_H": 81.57, "V1_M": 86.95, "V2_H": 81.38052192000001, "V2_M": 86.83819346, "V3_H": 81.78107492, "V3_M": 87.15502078 }, "geometry": { "type": "Polygon", "coordinates": [ [ [ -0.8883155, 41.6429967 ], [ -0.8885562, 41.6430624 ], [ -0.8886286, 41.6430907 ], [ -0.8893359, 41.6432948 ], [ -0.8899223, 41.6434786 ], [ -0.8900471, 41.6435474 ], [ -0.890139, 41.6435749 ], [ -0.8902064, 41.6423289 ], [ -0.8897333, 41.6421837 ], [ -0.8890548, 41.6419783 ], [ -0.8885078, 41.6418129 ], [ -0.8881192, 41.6416953 ], [ -0.8881275, 41.6417068 ], [ -0.8880202, 41.6416756 ], [ -0.8880201, 41.6416756 ], [ -0.8880199, 41.6416761 ], [ -0.887455, 41.6427526 ], [ -0.88798, 41.6429039 ], [ -0.888059, 41.6429267 ], [ -0.8882071, 41.6429672 ], [ -0.8883155, 41.6429967 ] ] ] } },
{ "type": "Feature", "properties": { "CCAA": "02 - Aragón", "PROVINCIA": "50 - Zaragoza", "MUNICIPIO": "50297 - Zaragoza", "COD_MUNICIPIO": "50297", "DISTRITO": "01", "SECCION": "5029701021", "V1_H": 79.68, "V1_M": 85.47, "V2_H": 79.93758061, "V2_M": 85.65037312, "V3_H": 79.53414521000001, "V3_M": 85.4025844 }, "geometry": { "type": "Polygon", "coordinates": [ [ [ -0.8871766, 41.6565149 ], [ -0.887533, 41.6565776 ], [ -0.8883633, 41.6567032 ], [ -0.8886216, 41.6567573 ], [ -0.8888943, 41.6568207 ], [ -0.8892267, 41.6568892 ], [ -0.889504, 41.6569249 ], [ -0.8899486, 41.6569984 ], [ -0.8907432, 41.6571296 ], [ -0.8908311, 41.6567843 ], [ -0.8908969, 41.6565263 ], [ -0.8909599, 41.6562799 ], [ -0.8911027, 41.655721 ], [ -0.8893729, 41.6553623 ], [ -0.8892681, 41.6553406 ], [ -0.8879604, 41.6550432 ], [ -0.8879446, 41.6550654 ], [ -0.8878627, 41.6551808 ], [ -0.8877771, 41.6553444 ], [ -0.8876811, 41.6555283 ], [ -0.8876658, 41.6555666 ], [ -0.8876267, 41.6556524 ], [ -0.8875801, 41.6557529 ], [ -0.8874623, 41.6559811 ], [ -0.8874233, 41.6560615 ], [ -0.8873873, 41.6561045 ], [ -0.8873186, 41.6562461 ], [ -0.8871992, 41.6564706 ], [ -0.8871766, 41.6565149 ] ] ] } },
{ "type": "Feature", "properties": { "CCAA": "02 - Aragón", "PROVINCIA": "50 - Zaragoza", "MUNICIPIO": "50297 - Zaragoza", "COD_MUNICIPIO": "50297", "DISTRITO": "01", "SECCION": "5029701036", "V1_H": 80.72, "V1_M": 86.56, "V2_H": 80.63016227, "V2_M": 86.55369361, "V3_H": 80.94352394000001, "V3_M": 86.74641221 }, "geometry": { "type": "Polygon", "coordinates": [ [ [ -0.8815289, 41.6584653 ], [ -0.8815292, 41.6584653 ], [ -0.8815896, 41.6581584 ], [ -0.8816337, 41.657928 ], [ -0.8816707, 41.6578543 ], [ -0.8816943, 41.6578258 ], [ -0.8817501, 41.6577576 ], [ -0.8819096, 41.6575624 ], [ -0.8821466, 41.6572726 ], [ -0.8822141, 41.6571901 ], [ -0.8822757, 41.6571146 ], [ -0.882276, 41.6571143 ], [ -0.8825493, 41.6567801 ], [ -0.8826791, 41.6566307 ], [ -0.8829031, 41.6563792 ], [ -0.8830372, 41.6562375 ], [ -0.8833997, 41.6558543 ], [ -0.8834852, 41.6557639 ], [ -0.8835658, 41.6556751 ], [ -0.8837414, 41.6554815 ], [ -0.8837774, 41.6554381 ], [ -0.884045, 41.6551151 ], [ -0.8842345, 41.6547738 ], [ -0.8842849, 41.654383 ], [ -0.884181, 41.6541511 ], [ -0.8841719, 41.6540703 ], [ -0.8838643, 41.653995 ], [ -0.8834564, 41.6537445 ], [ -0.8834562, 41.6537444 ], [ -0.8834549, 41.6537456 ], [ -0.8834418, 41.6537583 ], [ -0.8833521, 41.653846 ], [ -0.8832555, 41.6539444 ], [ -0.8832066, 41.6539943 ], [ -0.8831452, 41.6540443 ], [ -0.8829449, 41.6542065 ], [ -0.8829024, 41.6542416 ], [ -0.8828749, 41.6542694 ], [ -0.882853, 41.6542914 ], [ -0.8828306, 41.6542956 ], [ -0.8827818, 41.6543305 ], [ -0.882752, 41.6543657 ], [ -0.8826767, 41.6544358 ], [ -0.8826798, 41.6544661 ], [ -0.8826784, 41.6544676 ], [ -0.8826376, 41.6545095 ], [ -0.8824999, 41.6544557 ], [ -0.8822808, 41.65437 ], [ -0.8822249, 41.6543476 ], [ -0.8820797, 41.6545595 ], [ -0.8819064, 41.6544872 ], [ -0.881788, 41.6545933 ], [ -0.8817091, 41.6546643 ], [ -0.8816373, 41.6546695 ], [ -0.8814396, 41.6545812 ], [ -0.8813875, 41.6546468 ], [ -0.881283, 41.6547821 ], [ -0.8812276, 41.654859 ], [ -0.881135, 41.6549956 ], [ -0.8810713, 41.6549599 ], [ -0.881001, 41.6549254 ], [ -0.8809093, 41.6548804 ], [ -0.8807304, 41.6547926 ], [ -0.8805727, 41.6547152 ], [ -0.8805171, 41.6546879 ], [ -0.8805018, 41.6546803 ], [ -0.8804993, 41.6546791 ], [ -0.8804586, 41.6547212 ], [ -0.8803315, 41.654853 ], [ -0.8802183, 41.6549703 ], [ -0.8800191, 41.6551768 ], [ -0.879805, 41.6553986 ], [ -0.879776, 41.6554286 ], [ -0.8795032, 41.6557113 ], [ -0.8793356, 41.655885 ], [ -0.8792854, 41.6559371 ], [ -0.8790802, 41.6561509 ], [ -0.8810661, 41.6570416 ], [ -0.8810937, 41.6570624 ], [ -0.8811486, 41.6570816 ], [ -0.8810578, 41.6572079 ], [ -0.8809854, 41.6573085 ], [ -0.8807329, 41.6576595 ], [ -0.8806912, 41.6577183 ], [ -0.8805414, 41.657924 ], [ -0.8803536, 41.658185 ], [ -0.8803007, 41.6582605 ], [ -0.8802749, 41.6582977 ], [ -0.8813101, 41.658436 ], [ -0.8815289, 41.6584653 ] ] ] } },
{ "type": "Feature", "properties": { "CCAA": "02 - Aragón", "PROVINCIA": "50 - Zaragoza", "MUNICIPIO": "50297 - Zaragoza", "COD_MUNICIPIO": "50297", "DISTRITO": "02", "SECCION": "5029702002", "V1_H": 82.11, "V1_M": 87.17, "V2_H": 81.68538902, "V2_M": 87.16795144, "V3_H": 82.5577829, "V3_M": 87.30202001000001 }, "geometry": { "type": "Polygon", "coordinates": [ [ [ -0.8800988, 41.6519878 ], [ -0.8803326, 41.6521162 ], [ -0.8805693, 41.6522462 ], [ -0.880624, 41.6522762 ], [ -0.8806287, 41.6522788 ], [ -0.8806551, 41.6522578 ], [ -0.8811124, 41.6518963 ], [ -0.8812427, 41.6517884 ], [ -0.8816999, 41.6513439 ], [ -0.8817098, 41.6513343 ], [ -0.8814711, 41.651265 ], [ -0.8811802, 41.6511663 ], [ -0.8804301, 41.6509115 ], [ -0.8804814, 41.6508367 ], [ -0.8806884, 41.6505345 ], [ -0.8807475, 41.6504483 ], [ -0.88091, 41.6502112 ], [ -0.8809311, 41.6501787 ], [ -0.8809434, 41.6501584 ], [ -0.8808498, 41.6501239 ], [ -0.8807001, 41.6500707 ], [ -0.8804584, 41.6499918 ], [ -0.8802121, 41.6499115 ], [ -0.8801183, 41.649881 ], [ -0.8796186, 41.649718 ], [ -0.879473, 41.6496701 ], [ -0.8794728, 41.6496705 ], [ -0.8794732, 41.6496706 ], [ -0.8794647, 41.6496838 ], [ -0.8794014, 41.6497887 ], [ -0.879266, 41.650013 ], [ -0.8791457, 41.6502124 ], [ -0.8790689, 41.6503397 ], [ -0.8790121, 41.6504322 ], [ -0.8790256, 41.6504367 ], [ -0.8790397, 41.6504414 ], [ -0.8790973, 41.6504609 ], [ -0.8792894, 41.6505257 ], [ -0.8796016, 41.6506312 ], [ -0.8795653, 41.6506757 ], [ -0.8794853, 41.6507776 ], [ -0.8793924, 41.6508959 ], [ -0.8792755, 41.6510457 ], [ -0.8792124, 41.6511298 ], [ -0.8791501, 41.651265 ], [ -0.8790938, 41.6513815 ], [ -0.8790457, 41.6515209 ], [ -0.8790425, 41.6515336 ], [ -0.8790604, 41.6515398 ], [ -0.879375, 41.6516711 ], [ -0.8797253, 41.6518173 ], [ -0.8798026, 41.6518495 ], [ -0.8799879, 41.6519269 ], [ -0.8800988, 41.6519878 ] ] ] } },
{ "type": "Feature", "properties": { "CCAA": "02 - Aragón", "PROVINCIA": "50 - Zaragoza", "MUNICIPIO": "50297 - Zaragoza", "COD_MUNICIPIO": "50297", "DISTRITO": "02", "SECCION": "5029702010", "V1_H": 81.47, "V1_M": 86.75, "V2_H": 81.12898066, "V2_M": 86.51613614, "V3_H": 81.81510349, "V3_M": 87.06728245 }, "geometry": { "type": "Polygon", "coordinates": [ [ [ -0.8898804, 41.6508835 ], [ -0.8907547, 41.6513289 ], [ -0.8910033, 41.6515408 ], [ -0.8911168, 41.651671 ], [ -0.8914322, 41.6520329 ], [ -0.8916078, 41.6522344 ], [ -0.892147, 41.652853 ], [ -0.8921858, 41.6528991 ], [ -0.8924667, 41.653232 ], [ -0.8927784, 41.6536082 ], [ -0.8932076, 41.6541502 ], [ -0.8932606, 41.653809 ], [ -0.893305, 41.6535237 ], [ -0.8935004, 41.6520709 ], [ -0.8935145, 41.6519669 ], [ -0.8936544, 41.6509382 ], [ -0.8928708, 41.6504112 ], [ -0.8926243, 41.6505857 ], [ -0.8923862, 41.6507557 ], [ -0.8922665, 41.650698 ], [ -0.8903559, 41.6499788 ], [ -0.8896266, 41.6507542 ], [ -0.8898804, 41.6508835 ] ] ] } },
{ "type": "Feature", "properties": { "CCAA": "02 - Aragón", "PROVINCIA": "50 - Zaragoza", "MUNICIPIO": "50297 - Zaragoza", "COD_MUNICIPIO": "50297", "DISTRITO": "02", "SECCION": "5029702023", "V1_H": 81.88, "V1_M": 87.06, "V2_H": 81.54316391, "V2_M": 86.92154098, "V3_H": 82.24926416, "V3_M": 87.34198023 }, "geometry": { "type": "Polygon", "coordinates": [ [ [ -0.8873661, 41.6440489 ], [ -0.8872242, 41.6449771 ], [ -0.8871902, 41.6452001 ], [ -0.8870098, 41.6463793 ], [ -0.8877438, 41.6460904 ], [ -0.8878776, 41.6460376 ], [ -0.8885291, 41.6457804 ], [ -0.8894405, 41.6454204 ], [ -0.8892779, 41.6453524 ], [ -0.8890479, 41.6452637 ], [ -0.88894, 41.6452323 ], [ -0.888781, 41.6451858 ], [ -0.8885594, 41.6451347 ], [ -0.8883156, 41.6450851 ], [ -0.8881068, 41.6450554 ], [ -0.8879388, 41.645038 ], [ -0.8879811, 41.6448104 ], [ -0.888105, 41.6441134 ], [ -0.8879409, 41.6440991 ], [ -0.8873661, 41.6440489 ] ] ] } },
{ "type": "Feature", "properties": { "CCAA": "02 - Aragón", "PROVINCIA": "50 - Zaragoza", "MUNICIPIO": "50297 - Zaragoza", "COD_MUNICIPIO": "50297", "DISTRITO": "02", "SECCION": "5029702030", "V1_H": 82.08, "V1_M": 87.23, "V2_H": 81.77226367, "V2_M": 87.02227373, "V3_H": 82.52263661000001, "V3_M": 87.52638345 }, "geometry": { "type": "Polygon", "coordinates": [ [ [ -0.8792708, 41.6469686 ], [ -0.8794745, 41.6469194 ], [ -0.8799343, 41.6469676 ], [ -0.8802332, 41.6471009 ], [ -0.8804244, 41.6470678 ], [ -0.8808544, 41.6466348 ], [ -0.8809439, 41.6465611 ], [ -0.8807621, 41.6464614 ], [ -0.8803931, 41.6462414 ], [ -0.8801223, 41.6460704 ], [ -0.8796486, 41.645676 ], [ -0.8796044, 41.6456298 ], [ -0.8784936, 41.6462072 ], [ -0.8787176, 41.6464172 ], [ -0.8790311, 41.6467262 ], [ -0.8791914, 41.646885 ], [ -0.8792708, 41.6469686 ] ] ] } },
{ "type": "Feature", "properties": { "CCAA": "02 - Aragón", "PROVINCIA": "50 - Zaragoza", "MUNICIPIO": "50297 - Zaragoza", "COD_MUNICIPIO": "50297", "DISTRITO": "02", "SECCION": "5029702038", "V1_H": 82.19, "V1_M": 87.25, "V2_H": 81.84285612, "V2_M": 87.14223952, "V3_H": 82.56554756, "V3_M": 87.46692958 }, "geometry": { "type": "Polygon", "coordinates": [ [ [ -0.8849058, 41.64163 ], [ -0.8855178, 41.6419432 ], [ -0.8863055, 41.6423596 ], [ -0.8863367, 41.6421439 ], [ -0.8864782, 41.6412106 ], [ -0.8865578, 41.6406852 ], [ -0.8866565, 41.6400342 ], [ -0.8866179, 41.6399202 ], [ -0.8860961, 41.6399754 ], [ -0.8850838, 41.6403689 ], [ -0.8847816, 41.6404865 ], [ -0.8844985, 41.6406473 ], [ -0.8842827, 41.6407697 ], [ -0.8841138, 41.6408656 ], [ -0.8840335, 41.6409112 ], [ -0.8838733, 41.6411015 ], [ -0.8849058, 41.64163 ] ] ] } },
{ "type": "Feature", "properties": { "CCAA": "02 - Aragón", "PROVINCIA": "50 - Zaragoza", "MUNICIPIO": "50297 - Zaragoza", "COD_MUNICIPIO": "50297", "DISTRITO": "02", "SECCION": "5029702053", "V1_H": 82.53, "V1_M": 87.34, "V2_H": 82.38507422000001, "V2_M": 87.19104055, "V3_H": 82.74254947, "V3_M": 87.61225513 }, "geometry": { "type": "Polygon", "coordinates": [ [ [ -0.8787023, 41.6418692 ], [ -0.8786788, 41.6423769 ], [ -0.8786478, 41.6430473 ], [ -0.8786332, 41.6433638 ], [ -0.8786122, 41.6438193 ], [ -0.8785838, 41.6444011 ], [ -0.8792691, 41.6440642 ], [ -0.8798881, 41.64376 ], [ -0.8806876, 41.6433694 ], [ -0.8812903, 41.6430749 ], [ -0.8813462, 41.6430369 ], [ -0.8816274, 41.642846 ], [ -0.8817287, 41.6427771 ], [ -0.881348, 41.6424534 ], [ -0.8809255, 41.642188 ], [ -0.8801118, 41.6417309 ], [ -0.8800012, 41.6416877 ], [ -0.8798507, 41.6416289 ], [ -0.8795971, 41.6415052 ], [ -0.8793968, 41.641346 ], [ -0.8792132, 41.6411066 ], [ -0.8792132, 41.6411066 ], [ -0.8792091, 41.6411012 ], [ -0.8792067, 41.6411012 ], [ -0.8791978, 41.6413731 ], [ -0.8790913, 41.6415795 ], [ -0.8789611, 41.6417123 ], [ -0.8788173, 41.641821 ], [ -0.8787023, 41.6418692 ] ] ] } },
{ "type": "Feature", "properties": { "CCAA": "02 - Aragón", "PROVINCIA": "50 - Zaragoza", "MUNICIPIO": "50297 - Zaragoza", "COD_MUNICIPIO": "50297", "DISTRITO": "03", "SECCION": "5029703008", "V1_H": 80.24, "V1_M": 86.29, "V2_H": 79.84273941, "V2_M": 86.47368807, "V3_H": 80.7355329, "V3_M": 86.23078999000001 }, "geometry": { "type": "Polygon", "coordinates": [ [ [ -0.8961828, 41.6477107 ], [ -0.8973505, 41.6478607 ], [ -0.8975729, 41.6478621 ], [ -0.8974469, 41.6476472 ], [ -0.8970252, 41.6469269 ], [ -0.897744, 41.6466379 ], [ -0.8985826, 41.6462979 ], [ -0.8982092, 41.6457998 ], [ -0.8974414, 41.6461126 ], [ -0.8969118, 41.6463291 ], [ -0.8967202, 41.6464057 ], [ -0.8959826, 41.646701 ], [ -0.8950867, 41.6470595 ], [ -0.8954584, 41.6475566 ], [ -0.8953432, 41.6476028 ], [ -0.8961828, 41.6477107 ] ] ] } },
{ "type": "Feature", "properties": { "CCAA": "02 - Aragón", "PROVINCIA": "50 - Zaragoza", "MUNICIPIO": "50297 - Zaragoza", "COD_MUNICIPIO": "50297", "DISTRITO": "03", "SECCION": "5029703017", "V1_H": 80.0, "V1_M": 86.03, "V2_H": 79.84963877, "V2_M": 86.04281727, "V3_H": 80.29290896000001, "V3_M": 86.20578322 }, "geometry": { "type": "Polygon", "coordinates": [ [ [ -0.9024269, 41.6532379 ], [ -0.9027413, 41.6539107 ], [ -0.9032923, 41.653767 ], [ -0.9038449, 41.6536229 ], [ -0.9043349, 41.6534952 ], [ -0.9044522, 41.6534646 ], [ -0.904834, 41.6533651 ], [ -0.9050336, 41.653313 ], [ -0.9054809, 41.6531964 ], [ -0.9052644, 41.6527227 ], [ -0.9050631, 41.6522824 ], [ -0.9048865, 41.6518958 ], [ -0.9042349, 41.6520622 ], [ -0.90433, 41.652269 ], [ -0.9045277, 41.6526989 ], [ -0.9040277, 41.6528271 ], [ -0.9024269, 41.6532379 ] ] ] } },
{ "type": "Feature", "properties": { "CCAA": "02 - Aragón", "PROVINCIA": "50 - Zaragoza", "MUNICIPIO": "50297 - Zaragoza", "COD_MUNICIPIO": "50297", "DISTRITO": "03", "SECCION": "5029703028", "V1_H": 79.81, "V1_M": 85.63, "V2_H": 79.83092799000001, "V2_M": 85.85143097, "V3_H": 80.00184088, "V3_M": 85.62912109 }, "geometry": { "type": "Polygon", "coordinates": [ [ [ -0.8992802, 41.6472252 ], [ -0.8996235, 41.6476798 ], [ -0.8998229, 41.6479486 ], [ -0.9000226, 41.6482177 ], [ -0.9000219, 41.6482191 ], [ -0.900041, 41.6482116 ], [ -0.9000863, 41.6481937 ], [ -0.9004175, 41.648063 ], [ -0.900646, 41.6479728 ], [ -0.9012218, 41.6477456 ], [ -0.9014229, 41.6476676 ], [ -0.9016404, 41.6475848 ], [ -0.9015764, 41.6474912 ], [ -0.9013425, 41.647139 ], [ -0.9012855, 41.6470532 ], [ -0.9012731, 41.6470396 ], [ -0.9012746, 41.6470368 ], [ -0.9009512, 41.6465498 ], [ -0.899854, 41.6469933 ], [ -0.8992802, 41.6472252 ] ] ] } },
{ "type": "Feature", "properties": { "CCAA": "02 - Aragón", "PROVINCIA": "50 - Zaragoza", "MUNICIPIO": "50297 - Zaragoza", "COD_MUNICIPIO": "50297", "DISTRITO": "03", "SECCION": "5029703036", "V1_H": 80.34, "V1_M": 85.99, "V2_H": 80.22806877, "V2_M": 85.94669411, "V3_H": 80.64200885, "V3_M": 86.09540763 }, "geometry": { "type": "Polygon", "coordinates": [ [ [ -0.9069518, 41.6554837 ], [ -0.9075657, 41.655559 ], [ -0.9085022, 41.6556843 ], [ -0.9085052, 41.6556117 ], [ -0.9085104, 41.6554585 ], [ -0.9085183, 41.6552261 ], [ -0.9085261, 41.654997 ], [ -0.90853, 41.6548794 ], [ -0.9085308, 41.6548559 ], [ -0.9085326, 41.6548503 ], [ -0.9085311, 41.6548488 ], [ -0.908531, 41.6548498 ], [ -0.9085224, 41.6548494 ], [ -0.9081469, 41.6547988 ], [ -0.9080508, 41.6547858 ], [ -0.9078088, 41.6547532 ], [ -0.9078183, 41.6545022 ], [ -0.9078296, 41.6541543 ], [ -0.9078405, 41.6538198 ], [ -0.907853, 41.6534363 ], [ -0.9078631, 41.6531247 ], [ -0.9078627, 41.6530988 ], [ -0.9076466, 41.6530943 ], [ -0.9075685, 41.6530927 ], [ -0.9074967, 41.6530914 ], [ -0.9075054, 41.6530522 ], [ -0.9075046, 41.6529528 ], [ -0.9075041, 41.652922 ], [ -0.9075034, 41.6528995 ], [ -0.9074825, 41.6527869 ], [ -0.9074741, 41.6527417 ], [ -0.9074707, 41.6527304 ], [ -0.9069403, 41.6528516 ], [ -0.9068688, 41.6528679 ], [ -0.9066622, 41.6529163 ], [ -0.9065088, 41.6529521 ], [ -0.9066494, 41.6533235 ], [ -0.9068296, 41.6537992 ], [ -0.907122, 41.6545716 ], [ -0.9071338, 41.6546622 ], [ -0.9069518, 41.6554837 ] ] ] } },
{ "type": "Feature", "properties": { "CCAA": "02 - Aragón", "PROVINCIA": "50 - Zaragoza", "MUNICIPIO": "50297 - Zaragoza", "COD_MUNICIPIO": "50297", "DISTRITO": "03", "SECCION": "5029703055", "V1_H": 80.34, "V1_M": 85.99, "V2_H": 80.22806877, "V2_M": 85.94669411, "V3_H": 80.64200885, "V3_M": 86.09540763 }, "geometry": { "type": "Polygon", "coordinates": [ [ [ -0.9096198, 41.6506159 ], [ -0.9096467, 41.6506783 ], [ -0.9096813, 41.6507584 ], [ -0.9097692, 41.650962 ], [ -0.909794, 41.6510194 ], [ -0.9098793, 41.6512171 ], [ -0.9099102, 41.6512884 ], [ -0.9099351, 41.6513462 ], [ -0.909961, 41.651406 ], [ -0.909967, 41.6514178 ], [ -0.9099671, 41.6514179 ], [ -0.9099782, 41.6514159 ], [ -0.9099975, 41.6514124 ], [ -0.9101653, 41.6513822 ], [ -0.9103676, 41.6513481 ], [ -0.9106797, 41.6512982 ], [ -0.9109404, 41.6512565 ], [ -0.9111582, 41.6512217 ], [ -0.911269, 41.6512044 ], [ -0.9112672, 41.6511786 ], [ -0.9112675, 41.651166 ], [ -0.911284, 41.6510385 ], [ -0.9113264, 41.6509635 ], [ -0.9114519, 41.6509966 ], [ -0.9115723, 41.6509701 ], [ -0.9116852, 41.6509453 ], [ -0.911929, 41.650891 ], [ -0.9122377, 41.6508221 ], [ -0.9122894, 41.6508105 ], [ -0.9122985, 41.6508086 ], [ -0.9121606, 41.6504571 ], [ -0.9121384, 41.6504039 ], [ -0.9121397, 41.6504036 ], [ -0.9121381, 41.6504033 ], [ -0.9121311, 41.6503864 ], [ -0.9120773, 41.6502571 ], [ -0.9119568, 41.6499678 ], [ -0.9118247, 41.649651 ], [ -0.9117626, 41.6495004 ], [ -0.9117819, 41.649424 ], [ -0.9117874, 41.6494026 ], [ -0.9117877, 41.6494033 ], [ -0.9117878, 41.6494006 ], [ -0.911795, 41.6493724 ], [ -0.9117711, 41.6493137 ], [ -0.9116471, 41.6493261 ], [ -0.9115743, 41.6493332 ], [ -0.9113708, 41.6492206 ], [ -0.9112081, 41.6491306 ], [ -0.91119, 41.6491215 ], [ -0.9111898, 41.6491214 ], [ -0.9110207, 41.6492845 ], [ -0.9101508, 41.6501235 ], [ -0.9099873, 41.650283 ], [ -0.9096449, 41.6505955 ], [ -0.9096198, 41.6506159 ] ] ] } },
{ "type": "Feature", "properties": { "CCAA": "02 - Aragón", "PROVINCIA": "50 - Zaragoza", "MUNICIPIO": "50297 - Zaragoza", "COD_MUNICIPIO": "50297", "DISTRITO": "03", "SECCION": "5029703022", "V1_H": 79.92, "V1_M": 85.8, "V2_H": 79.90391364, "V2_M": 85.68196434, "V3_H": 80.09820982, "V3_M": 86.14356104 }, "geometry": { "type": "Polygon", "coordinates": [ [ [ -0.9023303, 41.6508109 ], [ -0.9029866, 41.6522445 ], [ -0.9030425, 41.6523668 ], [ -0.9034856, 41.6522536 ], [ -0.903641, 41.652214 ], [ -0.9037473, 41.6521868 ], [ -0.9042349, 41.6520622 ], [ -0.9035197, 41.6505072 ], [ -0.9034514, 41.650525 ], [ -0.9029219, 41.6506603 ], [ -0.9026116, 41.649986 ], [ -0.9025154, 41.6497768 ], [ -0.9021369, 41.6498674 ], [ -0.9025241, 41.6507619 ], [ -0.9023303, 41.6508109 ] ] ] } },
{ "type": "Feature", "properties": { "CCAA": "02 - Aragón", "PROVINCIA": "50 - Zaragoza", "MUNICIPIO": "50297 - Zaragoza", "COD_MUNICIPIO": "50297", "DISTRITO": "03", "SECCION": "5029703024", "V1_H": 79.36, "V1_M": 85.46, "V2_H": 79.32780616, "V2_M": 85.51002556, "V3_H": 79.53169609, "V3_M": 85.5666933 }, "geometry": { "type": "Polygon", "coordinates": [ [ [ -0.9048865, 41.6518958 ], [ -0.9050631, 41.6522824 ], [ -0.9052644, 41.6527227 ], [ -0.9054809, 41.6531964 ], [ -0.9056582, 41.653151 ], [ -0.9060494, 41.6530596 ], [ -0.9058292, 41.6525767 ], [ -0.9057003, 41.652294 ], [ -0.9056345, 41.6521497 ], [ -0.905152, 41.6510918 ], [ -0.9048421, 41.6504122 ], [ -0.9046649, 41.6500235 ], [ -0.9046145, 41.6499128 ], [ -0.9046143, 41.6499126 ], [ -0.9044188, 41.6494838 ], [ -0.9042246, 41.6490578 ], [ -0.9040259, 41.648622 ], [ -0.9034573, 41.6487689 ], [ -0.9040253, 41.6500118 ], [ -0.9041737, 41.6503365 ], [ -0.9048865, 41.6518958 ] ] ] } },
{ "type": "Feature", "properties": { "CCAA": "02 - Aragón", "PROVINCIA": "50 - Zaragoza", "MUNICIPIO": "50297 - Zaragoza", "COD_MUNICIPIO": "50297", "DISTRITO": "03", "SECCION": "5029703040", "V1_H": 80.02, "V1_M": 85.97, "V2_H": 79.96436773000001, "V2_M": 86.10256972000001, "V3_H": 80.28635595, "V3_M": 85.87857517 }, "geometry": { "type": "Polygon", "coordinates": [ [ [ -0.90859, 41.6531139 ], [ -0.9093057, 41.6531286 ], [ -0.9102589, 41.6531484 ], [ -0.9104193, 41.6528471 ], [ -0.9104589, 41.6527319 ], [ -0.9104645, 41.6526401 ], [ -0.9104251, 41.6524971 ], [ -0.9103762, 41.6523792 ], [ -0.9102617, 41.6521024 ], [ -0.9102572, 41.652092 ], [ -0.9098661, 41.6521817 ], [ -0.9095097, 41.6522635 ], [ -0.9093202, 41.652307 ], [ -0.9090879, 41.6523603 ], [ -0.9087583, 41.6524358 ], [ -0.9086409, 41.6524628 ], [ -0.9086118, 41.6524694 ], [ -0.90859, 41.6531139 ] ] ] } },
{ "type": "Feature", "properties": { "CCAA": "02 - Aragón", "PROVINCIA": "50 - Zaragoza", "MUNICIPIO": "50297 - Zaragoza", "COD_MUNICIPIO": "50297", "DISTRITO": "03", "SECCION": "5029703042", "V1_H": 80.11, "V1_M": 85.95, "V2_H": 80.1609953, "V2_M": 86.03869322, "V3_H": 80.32004483, "V3_M": 85.9872989 }, "geometry": { "type": "Polygon", "coordinates": [ [ [ -0.9074882, 41.6510832 ], [ -0.9079141, 41.6512395 ], [ -0.9085744, 41.6514818 ], [ -0.9086663, 41.6514996 ], [ -0.9087947, 41.6513683 ], [ -0.9089675, 41.6511708 ], [ -0.9090184, 41.6511126 ], [ -0.9091053, 41.6510332 ], [ -0.9096196, 41.650616 ], [ -0.9095906, 41.6505496 ], [ -0.9095389, 41.6504382 ], [ -0.9094601, 41.6502684 ], [ -0.9093292, 41.6499863 ], [ -0.909283, 41.6498869 ], [ -0.9092806, 41.6498818 ], [ -0.9082502, 41.6496803 ], [ -0.9077793, 41.6495881 ], [ -0.9077444, 41.6496622 ], [ -0.9077136, 41.6499707 ], [ -0.9077327, 41.6500795 ], [ -0.9078118, 41.6503024 ], [ -0.9077865, 41.6504865 ], [ -0.9077862, 41.650488 ], [ -0.9077832, 41.6504867 ], [ -0.9077853, 41.6504947 ], [ -0.9077771, 41.6505541 ], [ -0.9077444, 41.6506448 ], [ -0.9076934, 41.6507829 ], [ -0.9076288, 41.6508752 ], [ -0.907488, 41.6510747 ], [ -0.9074882, 41.6510832 ] ] ] } },
{ "type": "Feature", "properties": { "CCAA": "02 - Aragón", "PROVINCIA": "50 - Zaragoza", "MUNICIPIO": "50297 - Zaragoza", "COD_MUNICIPIO": "50297", "DISTRITO": "03", "SECCION": "5029703056", "V1_H": 79.63, "V1_M": 85.51, "V2_H": 79.79644461, "V2_M": 85.57767022, "V3_H": 79.53263393, "V3_M": 85.68344389000001 }, "geometry": { "type": "Polygon", "coordinates": [ [ [ -0.9117819, 41.649424 ], [ -0.9117626, 41.6495004 ], [ -0.9118247, 41.649651 ], [ -0.9119568, 41.6499678 ], [ -0.9120773, 41.6502571 ], [ -0.9121311, 41.6503864 ], [ -0.9121381, 41.6504033 ], [ -0.9121397, 41.6504036 ], [ -0.9131596, 41.6501782 ], [ -0.9142392, 41.6499395 ], [ -0.9142017, 41.6498441 ], [ -0.9140527, 41.6494646 ], [ -0.9140073, 41.6493491 ], [ -0.9138582, 41.6489697 ], [ -0.9138067, 41.6489793 ], [ -0.9137178, 41.6489959 ], [ -0.9136589, 41.6490082 ], [ -0.9131485, 41.6491203 ], [ -0.9125302, 41.6492577 ], [ -0.9121721, 41.6493377 ], [ -0.9118253, 41.6494153 ], [ -0.9117819, 41.649424 ] ] ] } },
{ "type": "Feature", "properties": { "CCAA": "02 - Aragón", "PROVINCIA": "50 - Zaragoza", "MUNICIPIO": "50297 - Zaragoza", "COD_MUNICIPIO": "50297", "DISTRITO": "03", "SECCION": "5029703058", "V1_H": 79.63, "V1_M": 85.51, "V2_H": 79.79644461, "V2_M": 85.57767022, "V3_H": 79.53263393, "V3_M": 85.68344389000001 }, "geometry": { "type": "Polygon", "coordinates": [ [ [ -0.9123254, 41.6508772 ], [ -0.9125957, 41.6515656 ], [ -0.9146922, 41.6511082 ], [ -0.9146499, 41.6509955 ], [ -0.9144252, 41.6504137 ], [ -0.9144251, 41.6504133 ], [ -0.9142733, 41.6504472 ], [ -0.9139931, 41.6505075 ], [ -0.9123254, 41.6508772 ] ] ] } },
{ "type": "Feature", "properties": { "CCAA": "02 - Aragón", "PROVINCIA": "50 - Zaragoza", "MUNICIPIO": "50297 - Zaragoza", "COD_MUNICIPIO": "50297", "DISTRITO": "03", "SECCION": "5029703075", "V1_H": 81.47, "V1_M": 86.95, "V2_H": 81.05678048, "V2_M": 86.75805168, "V3_H": 81.85108408000001, "V3_M": 87.21302779 }, "geometry": { "type": "Polygon", "coordinates": [ [ [ -0.9086996, 41.6557242 ], [ -0.9087425, 41.6557337 ], [ -0.9089924, 41.6557894 ], [ -0.909283, 41.6558541 ], [ -0.9096918, 41.6559452 ], [ -0.9101608, 41.6560496 ], [ -0.9102654, 41.6560815 ], [ -0.9105397, 41.6561678 ], [ -0.910976, 41.6563042 ], [ -0.9112953, 41.6564026 ], [ -0.9115476, 41.6564803 ], [ -0.9117964, 41.6565647 ], [ -0.9121007, 41.6566683 ], [ -0.912668, 41.6568614 ], [ -0.9130524, 41.6569892 ], [ -0.9132529, 41.6570542 ], [ -0.9137204, 41.6572058 ], [ -0.9144748, 41.6574505 ], [ -0.9145528, 41.6574757 ], [ -0.9146923, 41.6575198 ], [ -0.9148656, 41.6575722 ], [ -0.9152335, 41.6576835 ], [ -0.9153435, 41.6577168 ], [ -0.916041, 41.656238 ], [ -0.9159015, 41.6561533 ], [ -0.9158213, 41.6561065 ], [ -0.9156303, 41.6559834 ], [ -0.9154526, 41.6558679 ], [ -0.915366, 41.6558115 ], [ -0.9152832, 41.6557596 ], [ -0.9152227, 41.6556988 ], [ -0.9150757, 41.6555528 ], [ -0.9149892, 41.6554669 ], [ -0.9148421, 41.6553224 ], [ -0.9147853, 41.6552659 ], [ -0.9147165, 41.6551976 ], [ -0.9146718, 41.6551536 ], [ -0.9146067, 41.6550883 ], [ -0.9145026, 41.6549856 ], [ -0.9145421, 41.6549542 ], [ -0.9145885, 41.6549142 ], [ -0.9146332, 41.6548729 ], [ -0.9146677, 41.6548344 ], [ -0.914693, 41.6548057 ], [ -0.9147218, 41.6547663 ], [ -0.9147567, 41.654718 ], [ -0.9148158, 41.6546305 ], [ -0.9148657, 41.654563 ], [ -0.9149203, 41.6545044 ], [ -0.9149604, 41.6544658 ], [ -0.9150111, 41.6544184 ], [ -0.9150571, 41.6543759 ], [ -0.9150974, 41.6543279 ], [ -0.9151138, 41.6543049 ], [ -0.9151451, 41.6542551 ], [ -0.9151633, 41.6542172 ], [ -0.9151688, 41.6542058 ], [ -0.9151829, 41.6541679 ], [ -0.9151903, 41.6541461 ], [ -0.9152017, 41.6540983 ], [ -0.9152084, 41.6540243 ], [ -0.9151982, 41.6539435 ], [ -0.9151823, 41.6538856 ], [ -0.9151502, 41.6538263 ], [ -0.9151277, 41.6538001 ], [ -0.9150935, 41.6537607 ], [ -0.9150496, 41.6537952 ], [ -0.9149572, 41.6538471 ], [ -0.9148507, 41.6539051 ], [ -0.9147397, 41.6539583 ], [ -0.9146442, 41.6539995 ], [ -0.9145077, 41.6540506 ], [ -0.9143879, 41.6540873 ], [ -0.914203, 41.6541262 ], [ -0.9139932, 41.6541609 ], [ -0.9139131, 41.6541712 ], [ -0.913785, 41.6541769 ], [ -0.9136606, 41.6541804 ], [ -0.9135605, 41.6541834 ], [ -0.9134557, 41.6541896 ], [ -0.9133297, 41.6542019 ], [ -0.9131919, 41.6542222 ], [ -0.913075, 41.6542428 ], [ -0.9129742, 41.6542669 ], [ -0.9128849, 41.6542928 ], [ -0.9127292, 41.6543446 ], [ -0.9126402, 41.6543781 ], [ -0.9126402, 41.6543778 ], [ -0.91264, 41.6543781 ], [ -0.9126302, 41.6543818 ], [ -0.9125562, 41.6544096 ], [ -0.9124769, 41.6544468 ], [ -0.9123817, 41.6544883 ], [ -0.9122678, 41.654531 ], [ -0.912177, 41.654555 ], [ -0.9120941, 41.654568 ], [ -0.9119975, 41.6545726 ], [ -0.9118917, 41.6545691 ], [ -0.9117923, 41.654559 ], [ -0.9117026, 41.6545389 ], [ -0.9116154, 41.6545092 ], [ -0.9115456, 41.6544661 ], [ -0.9113313, 41.654334 ], [ -0.9112925, 41.6543117 ], [ -0.9111499, 41.6542353 ], [ -0.9110474, 41.6541804 ], [ -0.9109667, 41.6541372 ], [ -0.9107674, 41.6540633 ], [ -0.9102796, 41.653883 ], [ -0.9099863, 41.6537746 ], [ -0.9099359, 41.6537559 ], [ -0.9097875, 41.6540348 ], [ -0.909415, 41.6546134 ], [ -0.9092514, 41.6548674 ], [ -0.9087428, 41.655657 ], [ -0.9086996, 41.6557242 ] ] ] } },
{ "type": "Feature", "properties": { "CCAA": "02 - Aragón", "PROVINCIA": "50 - Zaragoza", "MUNICIPIO": "50297 - Zaragoza", "COD_MUNICIPIO": "50297", "DISTRITO": "03", "SECCION": "5029703077", "V1_H": 81.58, "V1_M": 86.83, "V2_H": 80.91860297, "V2_M": 86.63659936000001, "V3_H": 82.21677219, "V3_M": 87.10560157 }, "geometry": { "type": "Polygon", "coordinates": [ [ [ -0.9066524, 41.6446062 ], [ -0.9066526, 41.6446064 ], [ -0.9066877, 41.6446721 ], [ -0.9070743, 41.6453931 ], [ -0.9071393, 41.6455145 ], [ -0.907167, 41.6455659 ], [ -0.9072008, 41.6456285 ], [ -0.9076283, 41.6464241 ], [ -0.9084999, 41.6461214 ], [ -0.9091244, 41.6459157 ], [ -0.9100282, 41.645618 ], [ -0.9106218, 41.6454225 ], [ -0.9101256, 41.644563 ], [ -0.9099238, 41.6441775 ], [ -0.9099226, 41.6441752 ], [ -0.9098009, 41.6441513 ], [ -0.9097978, 41.6441507 ], [ -0.9097212, 41.6441765 ], [ -0.9093314, 41.6443018 ], [ -0.9088238, 41.6444659 ], [ -0.9083923, 41.6446035 ], [ -0.9081611, 41.6446786 ], [ -0.9080344, 41.6447196 ], [ -0.9079622, 41.6445924 ], [ -0.9078282, 41.6443586 ], [ -0.9077961, 41.6443057 ], [ -0.9077283, 41.6441803 ], [ -0.9076343, 41.6442092 ], [ -0.9074049, 41.6442846 ], [ -0.9069941, 41.6444196 ], [ -0.9069593, 41.6445122 ], [ -0.9066855, 41.6445963 ], [ -0.9066524, 41.6446062 ] ] ] } },
{ "type": "Feature", "properties": { "CCAA": "02 - Aragón", "PROVINCIA": "50 - Zaragoza", "MUNICIPIO": "50297 - Zaragoza", "COD_MUNICIPIO": "50297", "DISTRITO": "04", "SECCION": "5029704002", "V1_H": 81.4, "V1_M": 86.8, "V2_H": 81.08162797, "V2_M": 86.57651574, "V3_H": 81.67802952, "V3_M": 87.10412253 }, "geometry": { "type": "Polygon", "coordinates": [ [ [ -0.8925022, 41.644718 ], [ -0.8926866, 41.6448595 ], [ -0.8927548, 41.6449239 ], [ -0.8928409, 41.6450051 ], [ -0.8929894, 41.645195 ], [ -0.8930641, 41.645308 ], [ -0.8932056, 41.6455217 ], [ -0.8933641, 41.6458296 ], [ -0.8934409, 41.6459985 ], [ -0.8935064, 41.6461897 ], [ -0.8935326, 41.6462974 ], [ -0.8937495, 41.6461876 ], [ -0.8938242, 41.6461246 ], [ -0.8938804, 41.6460638 ], [ -0.8945551, 41.6453354 ], [ -0.8948873, 41.6449766 ], [ -0.8939554, 41.6445266 ], [ -0.8933797, 41.6442474 ], [ -0.8939403, 41.6436402 ], [ -0.8936524, 41.6434916 ], [ -0.8935522, 41.6436008 ], [ -0.8934494, 41.6436973 ], [ -0.8928681, 41.6443169 ], [ -0.8928002, 41.6444144 ], [ -0.8925016, 41.6447175 ], [ -0.8925022, 41.644718 ] ] ] } },
{ "type": "Feature", "properties": { "CCAA": "02 - Aragón", "PROVINCIA": "50 - Zaragoza", "MUNICIPIO": "50297 - Zaragoza", "COD_MUNICIPIO": "50297", "DISTRITO": "04", "SECCION": "5029704004", "V1_H": 81.02, "V1_M": 86.64, "V2_H": 80.81080237, "V2_M": 86.47452022, "V3_H": 81.32513937, "V3_M": 86.89244175 }, "geometry": { "type": "Polygon", "coordinates": [ [ [ -0.8915985, 41.6442526 ], [ -0.8918809, 41.6443883 ], [ -0.8929614, 41.643235 ], [ -0.893026, 41.6431656 ], [ -0.8928119, 41.6430518 ], [ -0.8926984, 41.6429913 ], [ -0.8921608, 41.6427077 ], [ -0.8922007, 41.6426645 ], [ -0.8932577, 41.6415271 ], [ -0.8932129, 41.641504 ], [ -0.8931383, 41.6414641 ], [ -0.8929239, 41.6413517 ], [ -0.8928013, 41.6412875 ], [ -0.8926598, 41.6412133 ], [ -0.892432, 41.6411724 ], [ -0.8923912, 41.6411654 ], [ -0.8921822, 41.6411344 ], [ -0.8920626, 41.6411172 ], [ -0.8919852, 41.641106 ], [ -0.8916441, 41.6410549 ], [ -0.8916435, 41.6410568 ], [ -0.891644, 41.6410569 ], [ -0.8916339, 41.6411599 ], [ -0.8916323, 41.6411759 ], [ -0.8915905, 41.6412906 ], [ -0.8915606, 41.6413376 ], [ -0.8915171, 41.6414059 ], [ -0.8914689, 41.6414559 ], [ -0.8913875, 41.6415389 ], [ -0.8912512, 41.6416461 ], [ -0.8911224, 41.6417201 ], [ -0.8910866, 41.6417404 ], [ -0.8909633, 41.6417969 ], [ -0.8908649, 41.6418406 ], [ -0.8906926, 41.6419149 ], [ -0.890456, 41.642017 ], [ -0.8903689, 41.6420543 ], [ -0.8902051, 41.6421444 ], [ -0.8902153, 41.6421653 ], [ -0.8902065, 41.6423268 ], [ -0.8902064, 41.6423289 ], [ -0.890139, 41.6435749 ], [ -0.8905081, 41.6436852 ], [ -0.8905871, 41.6437137 ], [ -0.8907124, 41.6437591 ], [ -0.8910152, 41.6439334 ], [ -0.8914223, 41.6441678 ], [ -0.8915985, 41.6442526 ] ] ] } },
{ "type": "Feature", "properties": { "CCAA": "02 - Aragón", "PROVINCIA": "50 - Zaragoza", "MUNICIPIO": "50297 - Zaragoza", "COD_MUNICIPIO": "50297", "DISTRITO": "04", "SECCION": "5029704021", "V1_H": 81.18, "V1_M": 86.79, "V2_H": 80.97904731, "V2_M": 86.77314473, "V3_H": 81.44010912, "V3_M": 86.96351832000001 }, "geometry": { "type": "Polygon", "coordinates": [ [ [ -0.8916441, 41.6410549 ], [ -0.8919852, 41.641106 ], [ -0.8920626, 41.6411172 ], [ -0.8921822, 41.6411344 ], [ -0.8923912, 41.6411654 ], [ -0.892432, 41.6411724 ], [ -0.8926598, 41.6412133 ], [ -0.8928013, 41.6412875 ], [ -0.8929239, 41.6413517 ], [ -0.8931383, 41.6414641 ], [ -0.8932129, 41.641504 ], [ -0.8932577, 41.6415271 ], [ -0.8922007, 41.6426645 ], [ -0.8921608, 41.6427077 ], [ -0.8926984, 41.6429913 ], [ -0.8928119, 41.6430518 ], [ -0.893026, 41.6431656 ], [ -0.8931269, 41.6430576 ], [ -0.8940093, 41.6421107 ], [ -0.8940614, 41.6420548 ], [ -0.8941289, 41.6419824 ], [ -0.894781, 41.6412845 ], [ -0.8947789, 41.6412834 ], [ -0.8947845, 41.6412819 ], [ -0.8950563, 41.6410319 ], [ -0.894784, 41.640878 ], [ -0.8947869, 41.6408751 ], [ -0.8941779, 41.6405496 ], [ -0.8941773, 41.6405503 ], [ -0.8940621, 41.6404908 ], [ -0.8935315, 41.6402168 ], [ -0.89342, 41.6403363 ], [ -0.89333, 41.6404353 ], [ -0.8932282, 41.6403931 ], [ -0.8931265, 41.6403515 ], [ -0.893026, 41.6403165 ], [ -0.8929847, 41.6403059 ], [ -0.8928828, 41.6402816 ], [ -0.8928353, 41.6402749 ], [ -0.8927202, 41.6402587 ], [ -0.8924859, 41.6402706 ], [ -0.8924588, 41.640274 ], [ -0.8923995, 41.6402714 ], [ -0.8922994, 41.6402813 ], [ -0.8921596, 41.6402871 ], [ -0.892065, 41.6402837 ], [ -0.8919889, 41.6402834 ], [ -0.8919621, 41.6403165 ], [ -0.8919563, 41.6403236 ], [ -0.8919564, 41.6403237 ], [ -0.8917485, 41.6407806 ], [ -0.8916778, 41.6409358 ], [ -0.8916443, 41.6410542 ], [ -0.8916441, 41.6410549 ] ] ] } },
{ "type": "Feature", "properties": { "CCAA": "02 - Aragón", "PROVINCIA": "50 - Zaragoza", "MUNICIPIO": "50297 - Zaragoza", "COD_MUNICIPIO": "50297", "DISTRITO": "04", "SECCION": "5029704024", "V1_H": 81.47, "V1_M": 86.8, "V2_H": 81.3148143, "V2_M": 86.48589846, "V3_H": 81.69126572, "V3_M": 87.1320201 }, "geometry": { "type": "Polygon", "coordinates": [ [ [ -0.8948873, 41.6449766 ], [ -0.8956698, 41.6453558 ], [ -0.8961005, 41.6455645 ], [ -0.8961591, 41.6456333 ], [ -0.8964724, 41.6453705 ], [ -0.896776, 41.6451156 ], [ -0.8968514, 41.6450462 ], [ -0.8962718, 41.644767 ], [ -0.8957822, 41.6445311 ], [ -0.8954487, 41.6443705 ], [ -0.8940439, 41.6436937 ], [ -0.8939403, 41.6436402 ], [ -0.8933797, 41.6442474 ], [ -0.8939554, 41.6445266 ], [ -0.8948873, 41.6449766 ] ] ] } },
{ "type": "Feature", "properties": { "CCAA": "02 - Aragón", "PROVINCIA": "50 - Zaragoza", "MUNICIPIO": "50297 - Zaragoza", "COD_MUNICIPIO": "50297", "DISTRITO": "04", "SECCION": "5029704042", "V1_H": 83.53, "V1_M": 87.48, "V2_H": 83.001258, "V2_M": 87.17437478, "V3_H": 84.05701231, "V3_M": 87.87285168 }, "geometry": { "type": "Polygon", "coordinates": [ [ [ -0.9118951, 41.6313546 ], [ -0.9118962, 41.6313561 ], [ -0.9119063, 41.6313699 ], [ -0.9119083, 41.631523 ], [ -0.9129563, 41.6328512 ], [ -0.9138919, 41.6339415 ], [ -0.9143149, 41.6345848 ], [ -0.9149287, 41.6355045 ], [ -0.9162193, 41.6360785 ], [ -0.9173803, 41.6365297 ], [ -0.9176013, 41.6365575 ], [ -0.9190192, 41.6366077 ], [ -0.9213958, 41.6365066 ], [ -0.9219552, 41.6363733 ], [ -0.9224438, 41.6360151 ], [ -0.9225885, 41.6359239 ], [ -0.922756, 41.6358184 ], [ -0.9236872, 41.635317 ], [ -0.923759, 41.6351801 ], [ -0.9237596, 41.635179 ], [ -0.9241965, 41.6343452 ], [ -0.9242073, 41.6343247 ], [ -0.9242254, 41.6342901 ], [ -0.9244893, 41.6329961 ], [ -0.9244663, 41.6317328 ], [ -0.9240799, 41.6304151 ], [ -0.9231488, 41.6292425 ], [ -0.9218437, 41.6278888 ], [ -0.921781, 41.6278238 ], [ -0.9202793, 41.6264989 ], [ -0.9197454, 41.6264162 ], [ -0.915739, 41.6242265 ], [ -0.913067, 41.6225543 ], [ -0.9147948, 41.6212206 ], [ -0.9168089, 41.6193297 ], [ -0.9173636, 41.6188089 ], [ -0.9185031, 41.6177381 ], [ -0.9186601, 41.6175763 ], [ -0.9192389, 41.6169794 ], [ -0.919674, 41.616482 ], [ -0.9199481, 41.616053 ], [ -0.9199572, 41.6160556 ], [ -0.9199608, 41.6160464 ], [ -0.9201586, 41.6158212 ], [ -0.9207154, 41.6152927 ], [ -0.9224239, 41.6137079 ], [ -0.9229639, 41.6133078 ], [ -0.9234439, 41.6129924 ], [ -0.9245824, 41.6123458 ], [ -0.92596, 41.6115699 ], [ -0.9261159, 41.6114584 ], [ -0.926421, 41.6112542 ], [ -0.926604, 41.6110907 ], [ -0.9268527, 41.6108616 ], [ -0.9271864, 41.6105531 ], [ -0.9281992, 41.6094656 ], [ -0.9280661, 41.6094063 ], [ -0.9280576, 41.6094142 ], [ -0.9278153, 41.6092973 ], [ -0.9277502, 41.6092691 ], [ -0.9277132, 41.6091767 ], [ -0.9276613, 41.6090469 ], [ -0.927598, 41.6087755 ], [ -0.9275937, 41.6087214 ], [ -0.9274554, 41.6085433 ], [ -0.9273865, 41.6084352 ], [ -0.9271241, 41.6080239 ], [ -0.9271583, 41.6077048 ], [ -0.9270895, 41.6076044 ], [ -0.9269539, 41.6073408 ], [ -0.9269757, 41.6072241 ], [ -0.9270879, 41.6070911 ], [ -0.9271357, 41.6070428 ], [ -0.9272368, 41.6069407 ], [ -0.9272784, 41.6067658 ], [ -0.9272754, 41.6066711 ], [ -0.927297, 41.606559 ], [ -0.9272988, 41.606551 ], [ -0.927311, 41.6064962 ], [ -0.9272279, 41.6064676 ], [ -0.9270373, 41.6064237 ], [ -0.9268289, 41.6063749 ], [ -0.9267281, 41.606337 ], [ -0.9266416, 41.6062274 ], [ -0.9264141, 41.6060251 ], [ -0.9263283, 41.605893 ], [ -0.9262731, 41.6057434 ], [ -0.9262416, 41.6056032 ], [ -0.926081, 41.605186 ], [ -0.926482, 41.6046529 ], [ -0.92708, 41.6047177 ], [ -0.9271997, 41.604812 ], [ -0.9272263, 41.6048329 ], [ -0.9274027, 41.6049442 ], [ -0.9275963, 41.6048937 ], [ -0.92763, 41.6049663 ], [ -0.9276808, 41.6050663 ], [ -0.9283607, 41.6053803 ], [ -0.9286988, 41.6053143 ], [ -0.9288338, 41.6052222 ], [ -0.9289326, 41.6051339 ], [ -0.9295285, 41.6045142 ], [ -0.9296174, 41.6043582 ], [ -0.9299216, 41.6036656 ], [ -0.9300692, 41.6035512 ], [ -0.9302123, 41.6033917 ], [ -0.9302921, 41.6033346 ], [ -0.9303073, 41.6032358 ], [ -0.9302438, 41.6031581 ], [ -0.9303982, 41.6032059 ], [ -0.9308381, 41.6031463 ], [ -0.9310424, 41.6029518 ], [ -0.9310924, 41.6027006 ], [ -0.930909, 41.6024315 ], [ -0.9308383, 41.6023703 ], [ -0.9307339, 41.6022797 ], [ -0.9303973, 41.6022962 ], [ -0.9302655, 41.6022512 ], [ -0.9300863, 41.6020789 ], [ -0.9300245, 41.6019098 ], [ -0.9300036, 41.6018523 ], [ -0.9301146, 41.6015706 ], [ -0.9303551, 41.6015524 ], [ -0.930582, 41.601588 ], [ -0.9308415, 41.6015387 ], [ -0.93129, 41.6013981 ], [ -0.931484, 41.6013341 ], [ -0.9317322, 41.6012665 ], [ -0.9318834, 41.6012286 ], [ -0.9319977, 41.6012172 ], [ -0.9320952, 41.6011695 ], [ -0.9323157, 41.6010293 ], [ -0.9325296, 41.6009071 ], [ -0.932614, 41.6008951 ], [ -0.9329218, 41.6008376 ], [ -0.9333414, 41.6006605 ], [ -0.9335702, 41.6006331 ], [ -0.9338876, 41.6006523 ], [ -0.9338955, 41.6005939 ], [ -0.934398, 41.6002652 ], [ -0.9348063, 41.5998762 ], [ -0.9348481, 41.5995078 ], [ -0.9348809, 41.5993832 ], [ -0.9349437, 41.5991447 ], [ -0.9349958, 41.5988259 ], [ -0.9350414, 41.598525 ], [ -0.9350383, 41.5984349 ], [ -0.9350686, 41.5982373 ], [ -0.9351116, 41.5980968 ], [ -0.9351222, 41.5980626 ], [ -0.9350028, 41.5980424 ], [ -0.9349779, 41.598062 ], [ -0.9348797, 41.5981393 ], [ -0.9347339, 41.5983844 ], [ -0.9345456, 41.5986466 ], [ -0.9343685, 41.5989317 ], [ -0.9342122, 41.5993162 ], [ -0.9341115, 41.5996521 ], [ -0.9339806, 41.5998074 ], [ -0.9338265, 41.5999352 ], [ -0.9335785, 41.5999983 ], [ -0.933383, 41.5999227 ], [ -0.9329924, 41.5997536 ], [ -0.9327189, 41.5996766 ], [ -0.9324546, 41.5996853 ], [ -0.9323816, 41.5997159 ], [ -0.9322424, 41.599758 ], [ -0.9320549, 41.5998042 ], [ -0.9316217, 41.5998415 ], [ -0.9311587, 41.5998736 ], [ -0.9307377, 41.5999066 ], [ -0.9302132, 41.5999872 ], [ -0.9300073, 41.6000652 ], [ -0.9299521, 41.6000861 ], [ -0.9296888, 41.6002525 ], [ -0.9293758, 41.600472 ], [ -0.9291967, 41.6006309 ], [ -0.9290696, 41.6007494 ], [ -0.9289741, 41.6008385 ], [ -0.9287918, 41.6010964 ], [ -0.9286923, 41.6012072 ], [ -0.9282721, 41.6014023 ], [ -0.9278529, 41.6015658 ], [ -0.927586, 41.6016925 ], [ -0.9272131, 41.6018695 ], [ -0.9272692, 41.6019922 ], [ -0.9274675, 41.6021713 ], [ -0.9278348, 41.6025067 ], [ -0.9282374, 41.6028607 ], [ -0.9285938, 41.6031599 ], [ -0.9286513, 41.6032362 ], [ -0.9288758, 41.6035342 ], [ -0.9289293, 41.6037378 ], [ -0.9288326, 41.6039477 ], [ -0.9287119, 41.6041572 ], [ -0.9285412, 41.6044288 ], [ -0.9283472, 41.6044929 ], [ -0.9280446, 41.604573 ], [ -0.92748, 41.6047789 ], [ -0.9271823, 41.604706 ], [ -0.9270994, 41.6042993 ], [ -0.9266721, 41.6041519 ], [ -0.9263886, 41.603638 ], [ -0.9263678, 41.6035596 ], [ -0.9263274, 41.6034067 ], [ -0.9264645, 41.6033286 ], [ -0.9267705, 41.6035143 ], [ -0.9270816, 41.6037315 ], [ -0.9276068, 41.6034438 ], [ -0.9276332, 41.6033677 ], [ -0.9275396, 41.603294 ], [ -0.9274813, 41.6032074 ], [ -0.9273678, 41.6030387 ], [ -0.9272246, 41.6028244 ], [ -0.9271927, 41.6026608 ], [ -0.9271885, 41.6026391 ], [ -0.9271319, 41.6025346 ], [ -0.9269796, 41.6024192 ], [ -0.9267975, 41.602282 ], [ -0.9267101, 41.6022162 ], [ -0.9265758, 41.6021012 ], [ -0.9264653, 41.6019911 ], [ -0.9263004, 41.6018691 ], [ -0.9262719, 41.601848 ], [ -0.9262425, 41.6018358 ], [ -0.9257035, 41.6016126 ], [ -0.9253016, 41.6014252 ], [ -0.9250174, 41.601303 ], [ -0.9246646, 41.6010805 ], [ -0.9245873, 41.6010277 ], [ -0.9245766, 41.6010203 ], [ -0.9245264, 41.6009848 ], [ -0.9244006, 41.6008956 ], [ -0.9241924, 41.6010467 ], [ -0.9239829, 41.6011987 ], [ -0.9235962, 41.6014709 ], [ -0.9234101, 41.6016612 ], [ -0.9230942, 41.6019707 ], [ -0.9229834, 41.6020588 ], [ -0.9229122, 41.6022196 ], [ -0.9228666, 41.6023314 ], [ -0.922773, 41.6026084 ], [ -0.9227065, 41.6026899 ], [ -0.9226402, 41.6031218 ], [ -0.9226154, 41.6033025 ], [ -0.9225673, 41.603416 ], [ -0.9223264, 41.6037977 ], [ -0.9218068, 41.6045556 ], [ -0.9215078, 41.6049696 ], [ -0.921203, 41.6053645 ], [ -0.9209513, 41.6056888 ], [ -0.9205182, 41.6061242 ], [ -0.9201127, 41.6064909 ], [ -0.9198135, 41.6068096 ], [ -0.9196422, 41.6070043 ], [ -0.9194406, 41.6072485 ], [ -0.9192968, 41.607377 ], [ -0.9191797, 41.607463 ], [ -0.9190734, 41.6075111 ], [ -0.9189611, 41.6075472 ], [ -0.9187746, 41.6076201 ], [ -0.9186682, 41.607673 ], [ -0.918577, 41.6077428 ], [ -0.9182617, 41.6080683 ], [ -0.9167478, 41.6092324 ], [ -0.9160245, 41.6098055 ], [ -0.9158939, 41.6099175 ], [ -0.9157127, 41.6100215 ], [ -0.9154187, 41.6101782 ], [ -0.9152087, 41.6102911 ], [ -0.914839, 41.61063 ], [ -0.9146571, 41.6109531 ], [ -0.9145948, 41.611014 ], [ -0.9140327, 41.6114112 ], [ -0.9133722, 41.6118067 ], [ -0.9132687, 41.6118644 ], [ -0.9131655, 41.611915 ], [ -0.913085, 41.6119493 ], [ -0.9129793, 41.6119759 ], [ -0.9128765, 41.6120146 ], [ -0.9127518, 41.6120409 ], [ -0.9126403, 41.6120532 ], [ -0.9124564, 41.6120451 ], [ -0.9122859, 41.6120134 ], [ -0.9120207, 41.6119657 ], [ -0.911837, 41.6119528 ], [ -0.9117859, 41.6119614 ], [ -0.9116319, 41.612011 ], [ -0.9115525, 41.6121097 ], [ -0.9115237, 41.612214 ], [ -0.9115903, 41.6123153 ], [ -0.911896, 41.6125473 ], [ -0.9118794, 41.6125591 ], [ -0.9119761, 41.6127134 ], [ -0.9120742, 41.61282 ], [ -0.9120439, 41.612972 ], [ -0.9119517, 41.6130752 ], [ -0.9118471, 41.6131686 ], [ -0.9116454, 41.6133175 ], [ -0.9114315, 41.6134518 ], [ -0.9112495, 41.6135819 ], [ -0.9110865, 41.6137124 ], [ -0.910911, 41.6138379 ], [ -0.9107165, 41.6139583 ], [ -0.9104707, 41.6140968 ], [ -0.9100134, 41.6144936 ], [ -0.9098508, 41.6146098 ], [ -0.9096646, 41.6146731 ], [ -0.9095354, 41.6147422 ], [ -0.9094632, 41.6148124 ], [ -0.9093767, 41.6149348 ], [ -0.9092654, 41.6150376 ], [ -0.9090953, 41.6151918 ], [ -0.908971, 41.6153039 ], [ -0.9087429, 41.615681 ], [ -0.9086264, 41.6157504 ], [ -0.9084072, 41.6158512 ], [ -0.9082064, 41.6159715 ], [ -0.9079334, 41.6161667 ], [ -0.907732, 41.616306 ], [ -0.907529, 41.616493 ], [ -0.9073978, 41.616624 ], [ -0.9073074, 41.61667 ], [ -0.9071795, 41.6166963 ], [ -0.9070261, 41.6167269 ], [ -0.9068798, 41.6167337 ], [ -0.9067343, 41.6167168 ], [ -0.9065891, 41.6166903 ], [ -0.9064635, 41.6166451 ], [ -0.9062876, 41.6165847 ], [ -0.9060921, 41.616543 ], [ -0.9059591, 41.6165311 ], [ -0.905806, 41.6165521 ], [ -0.9056589, 41.6165828 ], [ -0.9056393, 41.6166015 ], [ -0.9055219, 41.6166947 ], [ -0.9054933, 41.6167943 ], [ -0.9055101, 41.6170615 ], [ -0.905688, 41.6178416 ], [ -0.9057825, 41.6180625 ], [ -0.9058901, 41.6182694 ], [ -0.9060495, 41.6184487 ], [ -0.90639, 41.6187218 ], [ -0.9065857, 41.6189541 ], [ -0.9065944, 41.6190782 ], [ -0.906591, 41.619183 ], [ -0.906588, 41.6192735 ], [ -0.9065271, 41.6193915 ], [ -0.9064782, 41.6195288 ], [ -0.9064726, 41.6197003 ], [ -0.9064889, 41.6197864 ], [ -0.9065412, 41.6199351 ], [ -0.9058872, 41.6204295 ], [ -0.905853, 41.6204189 ], [ -0.9056336, 41.6206615 ], [ -0.9046078, 41.6209754 ], [ -0.9043237, 41.6213206 ], [ -0.9038987, 41.6217213 ], [ -0.9043805, 41.6218059 ], [ -0.9043807, 41.6218059 ], [ -0.9044477, 41.6218177 ], [ -0.9048538, 41.6220668 ], [ -0.9052406, 41.6225317 ], [ -0.9061924, 41.6235952 ], [ -0.907549, 41.627089 ], [ -0.90821, 41.6281442 ], [ -0.9082123, 41.6281479 ], [ -0.9083656, 41.6279628 ], [ -0.9084175, 41.6279 ], [ -0.9084204, 41.6279014 ], [ -0.9084296, 41.6278851 ], [ -0.9101876, 41.6256699 ], [ -0.910515, 41.6252708 ], [ -0.911149, 41.6255372 ], [ -0.9111547, 41.6255303 ], [ -0.9121759, 41.6259977 ], [ -0.9125446, 41.6261757 ], [ -0.9131468, 41.6264501 ], [ -0.9128122, 41.6268604 ], [ -0.9124742, 41.6272746 ], [ -0.9123152, 41.6274666 ], [ -0.9123104, 41.6274645 ], [ -0.9106762, 41.6294782 ], [ -0.9106906, 41.6294977 ], [ -0.9108434, 41.6297057 ], [ -0.9109995, 41.6299181 ], [ -0.9110085, 41.6299308 ], [ -0.9111248, 41.6300949 ], [ -0.911363, 41.6304308 ], [ -0.9114679, 41.6305788 ], [ -0.9114706, 41.6305825 ], [ -0.9114988, 41.6306524 ], [ -0.9116418, 41.6310054 ], [ -0.9116419, 41.6310055 ], [ -0.9116434, 41.6310093 ], [ -0.9118951, 41.6313546 ] ] ] } },
{ "type": "Feature", "properties": { "CCAA": "02 - Aragón", "PROVINCIA": "50 - Zaragoza", "MUNICIPIO": "50297 - Zaragoza", "COD_MUNICIPIO": "50297", "DISTRITO": "03", "SECCION": "5029703048", "V1_H": 79.35, "V1_M": 85.2, "V2_H": 79.29922448000001, "V2_M": 85.22530012, "V3_H": 79.59037894, "V3_M": 85.4114479 }, "geometry": { "type": "Polygon", "coordinates": [ [ [ -0.9139949, 41.6469927 ], [ -0.9151535, 41.6472603 ], [ -0.915288, 41.6473389 ], [ -0.9153752, 41.647443 ], [ -0.9158378, 41.6473442 ], [ -0.9160652, 41.6472954 ], [ -0.9162956, 41.6472467 ], [ -0.9165489, 41.6478653 ], [ -0.9176082, 41.6476422 ], [ -0.9175315, 41.6474628 ], [ -0.9173876, 41.6471263 ], [ -0.917263, 41.6468348 ], [ -0.9167954, 41.645741 ], [ -0.9167207, 41.6455665 ], [ -0.9166667, 41.6454401 ], [ -0.9163602, 41.6447231 ], [ -0.9162605, 41.6444899 ], [ -0.9161924, 41.6443602 ], [ -0.9160269, 41.6440448 ], [ -0.9159217, 41.6438443 ], [ -0.9156263, 41.6439225 ], [ -0.9145809, 41.6441883 ], [ -0.9142821, 41.6442643 ], [ -0.9142804, 41.6442657 ], [ -0.9142794, 41.6442652 ], [ -0.9141354, 41.6443812 ], [ -0.9140885, 41.6444191 ], [ -0.9138797, 41.6445218 ], [ -0.9138183, 41.6445483 ], [ -0.9137024, 41.6446318 ], [ -0.9136146, 41.6447382 ], [ -0.9134358, 41.6449546 ], [ -0.9133842, 41.6450163 ], [ -0.9134115, 41.6451553 ], [ -0.9134085, 41.6452001 ], [ -0.913611, 41.645317 ], [ -0.9137827, 41.6454168 ], [ -0.9139809, 41.645532 ], [ -0.9140436, 41.6455398 ], [ -0.9143932, 41.6455818 ], [ -0.9145615, 41.6456019 ], [ -0.9147494, 41.6456011 ], [ -0.9148498, 41.6456007 ], [ -0.9149699, 41.6456001 ], [ -0.9151423, 41.6455991 ], [ -0.9151422, 41.6455993 ], [ -0.9150799, 41.6457099 ], [ -0.9149463, 41.6459461 ], [ -0.9143966, 41.646368 ], [ -0.9143357, 41.6464149 ], [ -0.9137564, 41.6468596 ], [ -0.9137626, 41.646939 ], [ -0.9139949, 41.6469927 ] ] ] } },
{ "type": "Feature", "properties": { "CCAA": "02 - Aragón", "PROVINCIA": "50 - Zaragoza", "MUNICIPIO": "50297 - Zaragoza", "COD_MUNICIPIO": "50297", "DISTRITO": "03", "SECCION": "5029703068", "V1_H": 80.78, "V1_M": 86.64, "V2_H": 80.55514168000001, "V2_M": 86.45889906, "V3_H": 81.06237696, "V3_M": 86.87120108000001 }, "geometry": { "type": "Polygon", "coordinates": [ [ [ -0.9202147, 41.6588551 ], [ -0.9203034, 41.6588587 ], [ -0.922176, 41.6588589 ], [ -0.9227205, 41.6588589 ], [ -0.9226858, 41.6587791 ], [ -0.921944, 41.6586083 ], [ -0.9221071, 41.6584489 ], [ -0.9221862, 41.658298 ], [ -0.921908, 41.6582564 ], [ -0.9213805, 41.6570822 ], [ -0.9212056, 41.6566372 ], [ -0.9209016, 41.655864 ], [ -0.9207794, 41.6555532 ], [ -0.9205929, 41.6550738 ], [ -0.9202952, 41.6554426 ], [ -0.9202224, 41.6555341 ], [ -0.9195966, 41.6563216 ], [ -0.9196172, 41.6564511 ], [ -0.9196656, 41.6567564 ], [ -0.919757, 41.6570528 ], [ -0.9198071, 41.6571969 ], [ -0.9201357, 41.6581422 ], [ -0.9201466, 41.6582405 ], [ -0.9201468, 41.6582423 ], [ -0.9202021, 41.6587418 ], [ -0.9202147, 41.6588551 ] ] ] } },
{ "type": "Feature", "properties": { "CCAA": "02 - Aragón", "PROVINCIA": "50 - Zaragoza", "MUNICIPIO": "50297 - Zaragoza", "COD_MUNICIPIO": "50297", "DISTRITO": "03", "SECCION": "5029703069", "V1_H": 79.47, "V1_M": 85.31, "V2_H": 79.34656828, "V2_M": 85.44731594, "V3_H": 79.76976452, "V3_M": 85.31663719 }, "geometry": { "type": "Polygon", "coordinates": [ [ [ -0.9044093, 41.6542993 ], [ -0.9044091, 41.6543018 ], [ -0.9048835, 41.6543605 ], [ -0.9051041, 41.6543884 ], [ -0.9056158, 41.6544575 ], [ -0.9063588, 41.6545577 ], [ -0.9071338, 41.6546622 ], [ -0.907122, 41.6545716 ], [ -0.9068296, 41.6537992 ], [ -0.9066494, 41.6533235 ], [ -0.9065088, 41.6529521 ], [ -0.9063681, 41.652985 ], [ -0.9060494, 41.6530596 ], [ -0.9056582, 41.653151 ], [ -0.9054809, 41.6531964 ], [ -0.9050336, 41.653313 ], [ -0.904834, 41.6533651 ], [ -0.9044522, 41.6534646 ], [ -0.9044093, 41.6542993 ] ] ] } },
{ "type": "Feature", "properties": { "CCAA": "02 - Aragón", "PROVINCIA": "50 - Zaragoza", "MUNICIPIO": "50297 - Zaragoza", "COD_MUNICIPIO": "50297", "DISTRITO": "03", "SECCION": "5029703083", "V1_H": 81.9, "V1_M": 87.09, "V2_H": 81.63118556000001, "V2_M": 87.01244814, "V3_H": 82.24024873, "V3_M": 87.26921271000001 }, "geometry": { "type": "Polygon", "coordinates": [ [ [ -0.8965542, 41.6526974 ], [ -0.8968868, 41.6532338 ], [ -0.8969306, 41.6533247 ], [ -0.897288, 41.6537285 ], [ -0.8975473, 41.6530776 ], [ -0.8979093, 41.652169 ], [ -0.8980208, 41.6518889 ], [ -0.8969365, 41.6516569 ], [ -0.896757, 41.6521306 ], [ -0.8967225, 41.6522215 ], [ -0.8966193, 41.65249 ], [ -0.8965542, 41.6526974 ] ] ] } },
{ "type": "Feature", "properties": { "CCAA": "02 - Aragón", "PROVINCIA": "50 - Zaragoza", "MUNICIPIO": "50297 - Zaragoza", "COD_MUNICIPIO": "50297", "DISTRITO": "03", "SECCION": "5029703084", "V1_H": 81.68, "V1_M": 87.08, "V2_H": 81.12537096, "V2_M": 86.91948792, "V3_H": 82.31095034000001, "V3_M": 87.32789848 }, "geometry": { "type": "Polygon", "coordinates": [ [ [ -0.8969365, 41.6516569 ], [ -0.8980208, 41.6518889 ], [ -0.8981335, 41.6516063 ], [ -0.8981337, 41.6516057 ], [ -0.8982941, 41.6511674 ], [ -0.8983404, 41.6510401 ], [ -0.8971901, 41.6508148 ], [ -0.8970647, 41.6511425 ], [ -0.8970162, 41.6512702 ], [ -0.8968731, 41.6516436 ], [ -0.8969365, 41.6516569 ] ] ] } },
{ "type": "Feature", "properties": { "CCAA": "02 - Aragón", "PROVINCIA": "50 - Zaragoza", "MUNICIPIO": "50297 - Zaragoza", "COD_MUNICIPIO": "50297", "DISTRITO": "03", "SECCION": "5029703087", "V1_H": 80.02, "V1_M": 86.02, "V2_H": 79.96138623, "V2_M": 86.18252023, "V3_H": 80.18726569, "V3_M": 86.15258899 }, "geometry": { "type": "Polygon", "coordinates": [ [ [ -0.9012542, 41.6547377 ], [ -0.9010917, 41.6555291 ], [ -0.9026849, 41.6557397 ], [ -0.9028748, 41.6549378 ], [ -0.902778, 41.6549252 ], [ -0.902458, 41.6548857 ], [ -0.9023723, 41.654875 ], [ -0.9012542, 41.6547377 ] ] ] } },
{ "type": "Feature", "properties": { "CCAA": "02 - Aragón", "PROVINCIA": "50 - Zaragoza", "MUNICIPIO": "50297 - Zaragoza", "COD_MUNICIPIO": "50297", "DISTRITO": "04", "SECCION": "5029704011", "V1_H": 82.53, "V1_M": 87.34, "V2_H": 82.38507422000001, "V2_M": 87.19104055, "V3_H": 82.74254947, "V3_M": 87.61225513 }, "geometry": { "type": "Polygon", "coordinates": [ [ [ -0.8844812, 41.6381866 ], [ -0.8845296, 41.638246 ], [ -0.8846391, 41.6383294 ], [ -0.8848287, 41.6384051 ], [ -0.8859542, 41.6388901 ], [ -0.8862227, 41.638905 ], [ -0.8862944, 41.6388609 ], [ -0.8869726, 41.6384434 ], [ -0.8871013, 41.638419 ], [ -0.8877967, 41.6381115 ], [ -0.8881415, 41.6379591 ], [ -0.8884762, 41.63781 ], [ -0.8895426, 41.637335 ], [ -0.8895453, 41.6373338 ], [ -0.8893563, 41.6371653 ], [ -0.8889136, 41.6367708 ], [ -0.888858, 41.6367213 ], [ -0.8889078, 41.6366709 ], [ -0.8890027, 41.6365749 ], [ -0.8891045, 41.6364718 ], [ -0.8891488, 41.6364288 ], [ -0.8892273, 41.6363498 ], [ -0.8893145, 41.6362592 ], [ -0.8893964, 41.6361751 ], [ -0.8894663, 41.6361028 ], [ -0.8895104, 41.6360574 ], [ -0.8895949, 41.6359832 ], [ -0.8896902, 41.6359109 ], [ -0.8898327, 41.6358036 ], [ -0.8899995, 41.635675 ], [ -0.8900227, 41.6356589 ], [ -0.8900501, 41.6356424 ], [ -0.890061, 41.6356337 ], [ -0.8901758, 41.6356355 ], [ -0.8902053, 41.63564 ], [ -0.8902464, 41.6356313 ], [ -0.8903411, 41.6355881 ], [ -0.8905563, 41.635491 ], [ -0.8908685, 41.63535 ], [ -0.8910823, 41.6352533 ], [ -0.8913649, 41.6351254 ], [ -0.8914298, 41.6350961 ], [ -0.8914928, 41.6350678 ], [ -0.8917007, 41.6349787 ], [ -0.8918361, 41.6349207 ], [ -0.8922061, 41.6347617 ], [ -0.8924062, 41.6346742 ], [ -0.8926051, 41.6345872 ], [ -0.8926497, 41.6345676 ], [ -0.8926733, 41.6345564 ], [ -0.8924873, 41.6343063 ], [ -0.8922303, 41.633966 ], [ -0.8917351, 41.6333113 ], [ -0.8917349, 41.6333119 ], [ -0.8917336, 41.6333137 ], [ -0.8916723, 41.6334002 ], [ -0.8915818, 41.6334822 ], [ -0.8914306, 41.6335917 ], [ -0.8912517, 41.6336835 ], [ -0.8910562, 41.6337631 ], [ -0.8908953, 41.6338195 ], [ -0.8907466, 41.6338564 ], [ -0.8905984, 41.6338774 ], [ -0.890189, 41.6339016 ], [ -0.8900358, 41.6339028 ], [ -0.8899281, 41.6339008 ], [ -0.8898375, 41.6338912 ], [ -0.8897584, 41.6338858 ], [ -0.8884502, 41.6337496 ], [ -0.88845, 41.6337495 ], [ -0.8882796, 41.6337318 ], [ -0.8872918, 41.6336237 ], [ -0.886249, 41.6335094 ], [ -0.8860463, 41.6334976 ], [ -0.8858487, 41.6335061 ], [ -0.8853827, 41.6335583 ], [ -0.8849997, 41.6335287 ], [ -0.8849761, 41.6335253 ], [ -0.8849703, 41.6335536 ], [ -0.8849358, 41.633723 ], [ -0.8848964, 41.6339893 ], [ -0.8848717, 41.6341651 ], [ -0.8847919, 41.6347302 ], [ -0.8846957, 41.6354245 ], [ -0.8846692, 41.6356196 ], [ -0.8846011, 41.6361198 ], [ -0.8845598, 41.6364126 ], [ -0.8845615, 41.6364135 ], [ -0.8845196, 41.6367226 ], [ -0.8844141, 41.6375011 ], [ -0.8843821, 41.6377369 ], [ -0.8843731, 41.6378814 ], [ -0.8843857, 41.6380233 ], [ -0.8844423, 41.6381389 ], [ -0.8844812, 41.6381866 ] ] ] } },
{ "type": "Feature", "properties": { "CCAA": "02 - Aragón", "PROVINCIA": "50 - Zaragoza", "MUNICIPIO": "50297 - Zaragoza", "COD_MUNICIPIO": "50297", "DISTRITO": "04", "SECCION": "5029704012", "V1_H": 82.19, "V1_M": 87.25, "V2_H": 81.84285612, "V2_M": 87.14223952, "V3_H": 82.56554756, "V3_M": 87.46692958 }, "geometry": { "type": "Polygon", "coordinates": [ [ [ -0.8913221, 41.6380084 ], [ -0.8914649, 41.6380222 ], [ -0.8915131, 41.6379396 ], [ -0.8916088, 41.6378085 ], [ -0.8916791, 41.6377159 ], [ -0.8917397, 41.6376942 ], [ -0.8918446, 41.6376567 ], [ -0.8919261, 41.6376396 ], [ -0.8920239, 41.6376197 ], [ -0.8921056, 41.6376097 ], [ -0.8921422, 41.6376035 ], [ -0.8921454, 41.6376029 ], [ -0.8921457, 41.6376029 ], [ -0.8921002, 41.6374463 ], [ -0.8921, 41.6374454 ], [ -0.892099, 41.6374453 ], [ -0.8920835, 41.6374431 ], [ -0.8920702, 41.6374355 ], [ -0.8920329, 41.6373955 ], [ -0.8918968, 41.6372436 ], [ -0.8917936, 41.6371285 ], [ -0.891649, 41.6369672 ], [ -0.891518, 41.6368201 ], [ -0.8914974, 41.636798 ], [ -0.8917101, 41.6365934 ], [ -0.8919073, 41.6364045 ], [ -0.8919722, 41.6363424 ], [ -0.8921411, 41.6361804 ], [ -0.8921421, 41.6361795 ], [ -0.8921501, 41.6361825 ], [ -0.8921558, 41.6361664 ], [ -0.8926286, 41.6357133 ], [ -0.8931571, 41.6352066 ], [ -0.8930003, 41.6349959 ], [ -0.8926733, 41.6345564 ], [ -0.8926497, 41.6345676 ], [ -0.8926051, 41.6345872 ], [ -0.8924062, 41.6346742 ], [ -0.8922061, 41.6347617 ], [ -0.8918361, 41.6349207 ], [ -0.8917007, 41.6349787 ], [ -0.8914928, 41.6350678 ], [ -0.8914298, 41.6350961 ], [ -0.8913649, 41.6351254 ], [ -0.8910823, 41.6352533 ], [ -0.8908685, 41.63535 ], [ -0.8905563, 41.635491 ], [ -0.8903411, 41.6355881 ], [ -0.8902464, 41.6356313 ], [ -0.8902053, 41.63564 ], [ -0.8901758, 41.6356355 ], [ -0.890061, 41.6356337 ], [ -0.8900501, 41.6356424 ], [ -0.8900227, 41.6356589 ], [ -0.8899995, 41.635675 ], [ -0.8898327, 41.6358036 ], [ -0.8896902, 41.6359109 ], [ -0.8895949, 41.6359832 ], [ -0.8895104, 41.6360574 ], [ -0.8894663, 41.6361028 ], [ -0.8893964, 41.6361751 ], [ -0.8893145, 41.6362592 ], [ -0.8892273, 41.6363498 ], [ -0.8891488, 41.6364288 ], [ -0.8891045, 41.6364718 ], [ -0.8890027, 41.6365749 ], [ -0.8889078, 41.6366709 ], [ -0.888858, 41.6367213 ], [ -0.8889136, 41.6367708 ], [ -0.8893563, 41.6371653 ], [ -0.8895453, 41.6373338 ], [ -0.8895726, 41.6373581 ], [ -0.8896449, 41.6373933 ], [ -0.889867, 41.6375013 ], [ -0.8899899, 41.6375611 ], [ -0.8900467, 41.6375887 ], [ -0.890355, 41.6377386 ], [ -0.8904435, 41.6376762 ], [ -0.8906243, 41.6375431 ], [ -0.8906799, 41.6375013 ], [ -0.8908466, 41.6376179 ], [ -0.8912289, 41.6378853 ], [ -0.8912064, 41.637953 ], [ -0.8912035, 41.6379627 ], [ -0.8913221, 41.6380083 ], [ -0.8913221, 41.6380084 ] ] ] } },
{ "type": "Feature", "properties": { "CCAA": "02 - Aragón", "PROVINCIA": "50 - Zaragoza", "MUNICIPIO": "50297 - Zaragoza", "COD_MUNICIPIO": "50297", "DISTRITO": "04", "SECCION": "5029704035", "V1_H": 81.9, "V1_M": 87.09, "V2_H": 81.63118556000001, "V2_M": 87.01244814, "V3_H": 82.24024873, "V3_M": 87.26921271000001 }, "geometry": { "type": "Polygon", "coordinates": [ [ [ -0.9039232, 41.6362351 ], [ -0.903961, 41.6362548 ], [ -0.9044481, 41.6365098 ], [ -0.9045006, 41.6365373 ], [ -0.904977, 41.6367867 ], [ -0.9051078, 41.6366534 ], [ -0.9052282, 41.6365241 ], [ -0.9054386, 41.6362981 ], [ -0.9062125, 41.6354668 ], [ -0.9062952, 41.6353779 ], [ -0.9066679, 41.6349894 ], [ -0.9067079, 41.6349489 ], [ -0.906708, 41.6349488 ], [ -0.9066857, 41.6349371 ], [ -0.9063405, 41.634755 ], [ -0.9060325, 41.6345934 ], [ -0.905363, 41.6342449 ], [ -0.904955, 41.6340416 ], [ -0.9046655, 41.6338974 ], [ -0.9045572, 41.634239 ], [ -0.9044749, 41.6344983 ], [ -0.904391, 41.634763 ], [ -0.9042145, 41.6353194 ], [ -0.9040564, 41.6358181 ], [ -0.9039388, 41.6361889 ], [ -0.9039232, 41.6362351 ] ] ] } },
{ "type": "Feature", "properties": { "CCAA": "02 - Aragón", "PROVINCIA": "50 - Zaragoza", "MUNICIPIO": "50297 - Zaragoza", "COD_MUNICIPIO": "50297", "DISTRITO": "04", "SECCION": "5029704036", "V1_H": 81.68, "V1_M": 87.08, "V2_H": 81.12537096, "V2_M": 86.91948792, "V3_H": 82.31095034000001, "V3_M": 87.32789848 }, "geometry": { "type": "Polygon", "coordinates": [ [ [ -0.9016277, 41.6350331 ], [ -0.9027782, 41.6356355 ], [ -0.9039232, 41.6362351 ], [ -0.9039388, 41.6361889 ], [ -0.9040564, 41.6358181 ], [ -0.9042145, 41.6353194 ], [ -0.904391, 41.634763 ], [ -0.9044749, 41.6344983 ], [ -0.9045572, 41.634239 ], [ -0.9046655, 41.6338974 ], [ -0.904955, 41.6340416 ], [ -0.905363, 41.6342449 ], [ -0.9060325, 41.6345934 ], [ -0.9063405, 41.634755 ], [ -0.9066857, 41.6349371 ], [ -0.906708, 41.6349488 ], [ -0.9070945, 41.6345574 ], [ -0.9073152, 41.6343105 ], [ -0.9079566, 41.6335928 ], [ -0.9069075, 41.6331598 ], [ -0.9064978, 41.6329858 ], [ -0.9063138, 41.6329174 ], [ -0.9061587, 41.6328524 ], [ -0.9060174, 41.6328315 ], [ -0.9049127, 41.6323916 ], [ -0.9041205, 41.6332462 ], [ -0.9039377, 41.6333256 ], [ -0.9038709, 41.6333746 ], [ -0.9037679, 41.6334502 ], [ -0.9027182, 41.6342266 ], [ -0.9016277, 41.6350331 ] ] ] } },
{ "type": "Feature", "properties": { "CCAA": "02 - Aragón", "PROVINCIA": "50 - Zaragoza", "MUNICIPIO": "50297 - Zaragoza", "COD_MUNICIPIO": "50297", "DISTRITO": "04", "SECCION": "5029704051", "V1_H": 82.27, "V1_M": 87.07, "V2_H": 81.979544, "V2_M": 86.90367115, "V3_H": 82.63571561000001, "V3_M": 87.32539334000001 }, "geometry": { "type": "Polygon", "coordinates": [ [ [ -0.9073377, 41.639723 ], [ -0.9076378, 41.6402501 ], [ -0.9080888, 41.6410218 ], [ -0.9084165, 41.6416066 ], [ -0.9087253, 41.642136 ], [ -0.9091683, 41.6419944 ], [ -0.9095104, 41.6418843 ], [ -0.9095684, 41.6418656 ], [ -0.9095686, 41.6418658 ], [ -0.9095689, 41.6418654 ], [ -0.9095811, 41.6418615 ], [ -0.9097679, 41.6418014 ], [ -0.9102214, 41.6416553 ], [ -0.910436, 41.6415862 ], [ -0.9106274, 41.6415246 ], [ -0.9104174, 41.6411558 ], [ -0.9101943, 41.640764 ], [ -0.9092503, 41.6391065 ], [ -0.909102, 41.6388463 ], [ -0.9089302, 41.6385142 ], [ -0.9089091, 41.6384687 ], [ -0.9078572, 41.638849 ], [ -0.9082021, 41.6394444 ], [ -0.9081983, 41.6394456 ], [ -0.9073377, 41.639723 ] ] ] } },
{ "type": "Feature", "properties": { "CCAA": "02 - Aragón", "PROVINCIA": "50 - Zaragoza", "MUNICIPIO": "50297 - Zaragoza", "COD_MUNICIPIO": "50297", "DISTRITO": "04", "SECCION": "5029704052", "V1_H": 83.02, "V1_M": 87.55, "V2_H": 82.56010262, "V2_M": 87.39744151, "V3_H": 83.4975015, "V3_M": 87.7973198 }, "geometry": { "type": "Polygon", "coordinates": [ [ [ -0.8960699, 41.6384944 ], [ -0.8962939, 41.6386134 ], [ -0.8967127, 41.6388213 ], [ -0.8968948, 41.6386248 ], [ -0.8977622, 41.6376981 ], [ -0.8979369, 41.6375397 ], [ -0.89801, 41.6374779 ], [ -0.8974168, 41.6375233 ], [ -0.8952504, 41.6377873 ], [ -0.8948576, 41.6378497 ], [ -0.895019, 41.6379355 ], [ -0.8954599, 41.63817 ], [ -0.8960699, 41.6384944 ] ] ] } },
{ "type": "Feature", "properties": { "CCAA": "02 - Aragón", "PROVINCIA": "50 - Zaragoza", "MUNICIPIO": "50297 - Zaragoza", "COD_MUNICIPIO": "50297", "DISTRITO": "04", "SECCION": "5029704055", "V1_H": 82.53, "V1_M": 87.34, "V2_H": 82.38507422000001, "V2_M": 87.19104055, "V3_H": 82.74254947, "V3_M": 87.61225513 }, "geometry": { "type": "Polygon", "coordinates": [ [ [ -0.9089091, 41.6384687 ], [ -0.9089302, 41.6385142 ], [ -0.909102, 41.6388463 ], [ -0.9092503, 41.6391065 ], [ -0.9101943, 41.640764 ], [ -0.9140152, 41.639527 ], [ -0.9137458, 41.6389308 ], [ -0.9136796, 41.6387755 ], [ -0.9132682, 41.6378106 ], [ -0.9128337, 41.6367915 ], [ -0.9127991, 41.636729 ], [ -0.9121839, 41.637017 ], [ -0.9116166, 41.6373045 ], [ -0.9111385, 41.6375534 ], [ -0.9110827, 41.6375816 ], [ -0.9108541, 41.6376967 ], [ -0.9106032, 41.6378405 ], [ -0.9104325, 41.6379311 ], [ -0.9102731, 41.6380141 ], [ -0.9097231, 41.6382087 ], [ -0.9089947, 41.6384361 ], [ -0.9089076, 41.6384655 ], [ -0.9089091, 41.6384687 ] ] ] } },
{ "type": "Feature", "properties": { "CCAA": "02 - Aragón", "PROVINCIA": "50 - Zaragoza", "MUNICIPIO": "50297 - Zaragoza", "COD_MUNICIPIO": "50297", "DISTRITO": "03", "SECCION": "5029703038", "V1_H": 79.96, "V1_M": 85.86, "V2_H": 79.90630759, "V2_M": 85.80766239, "V3_H": 80.18166072, "V3_M": 86.22029934 }, "geometry": { "type": "Polygon", "coordinates": [ [ [ -0.9074707, 41.6527304 ], [ -0.9074741, 41.6527417 ], [ -0.9074825, 41.6527869 ], [ -0.9075034, 41.6528995 ], [ -0.9075041, 41.652922 ], [ -0.9075046, 41.6529528 ], [ -0.9075054, 41.6530522 ], [ -0.9074967, 41.6530914 ], [ -0.9075685, 41.6530927 ], [ -0.9076466, 41.6530943 ], [ -0.9078627, 41.6530988 ], [ -0.9078631, 41.6531247 ], [ -0.907853, 41.6534363 ], [ -0.9078405, 41.6538198 ], [ -0.9078296, 41.6541543 ], [ -0.9078183, 41.6545022 ], [ -0.9078088, 41.6547532 ], [ -0.9080508, 41.6547858 ], [ -0.9081469, 41.6547988 ], [ -0.9085224, 41.6548494 ], [ -0.908531, 41.6548498 ], [ -0.9085311, 41.6548488 ], [ -0.9085396, 41.6545974 ], [ -0.90859, 41.6531139 ], [ -0.9086118, 41.6524694 ], [ -0.9086115, 41.6524695 ], [ -0.9084249, 41.6525123 ], [ -0.9074719, 41.6527301 ], [ -0.9074707, 41.6527304 ] ] ] } },
{ "type": "Feature", "properties": { "CCAA": "02 - Aragón", "PROVINCIA": "50 - Zaragoza", "MUNICIPIO": "50297 - Zaragoza", "COD_MUNICIPIO": "50297", "DISTRITO": "03", "SECCION": "5029703045", "V1_H": 80.34, "V1_M": 85.99, "V2_H": 80.22806877, "V2_M": 85.94669411, "V3_H": 80.64200885, "V3_M": 86.09540763 }, "geometry": { "type": "Polygon", "coordinates": [ [ [ -0.9077793, 41.6495881 ], [ -0.9082502, 41.6496803 ], [ -0.9092806, 41.6498818 ], [ -0.9092803, 41.649881 ], [ -0.9090328, 41.649348 ], [ -0.9087432, 41.6487243 ], [ -0.9087276, 41.648728 ], [ -0.9086572, 41.6487459 ], [ -0.9084188, 41.6488061 ], [ -0.9080805, 41.6488917 ], [ -0.9080083, 41.6489095 ], [ -0.9080125, 41.6488999 ], [ -0.9079293, 41.6487249 ], [ -0.9078179, 41.6484908 ], [ -0.9077771, 41.6484049 ], [ -0.9074341, 41.648335 ], [ -0.9070645, 41.6482599 ], [ -0.9068719, 41.6487874 ], [ -0.9067739, 41.6490559 ], [ -0.9066841, 41.6493156 ], [ -0.9066681, 41.6493708 ], [ -0.90727, 41.6494885 ], [ -0.9077793, 41.6495881 ] ] ] } },
{ "type": "Feature", "properties": { "CCAA": "02 - Aragón", "PROVINCIA": "50 - Zaragoza", "MUNICIPIO": "50297 - Zaragoza", "COD_MUNICIPIO": "50297", "DISTRITO": "03", "SECCION": "5029703053", "V1_H": 79.94, "V1_M": 85.93, "V2_H": 80.18978947, "V2_M": 86.02067046000001, "V3_H": 79.89390484, "V3_M": 85.97042077 }, "geometry": { "type": "Polygon", "coordinates": [ [ [ -0.91119, 41.6491215 ], [ -0.9112081, 41.6491306 ], [ -0.9113708, 41.6492206 ], [ -0.9115743, 41.6493332 ], [ -0.9116471, 41.6493261 ], [ -0.9117711, 41.6493137 ], [ -0.911795, 41.6493724 ], [ -0.9117878, 41.6494006 ], [ -0.9117877, 41.6494033 ], [ -0.9117874, 41.6494026 ], [ -0.9117819, 41.649424 ], [ -0.9118253, 41.6494153 ], [ -0.9121721, 41.6493377 ], [ -0.9125302, 41.6492577 ], [ -0.9131485, 41.6491203 ], [ -0.9136589, 41.6490082 ], [ -0.9137178, 41.6489959 ], [ -0.9138067, 41.6489793 ], [ -0.9138582, 41.6489697 ], [ -0.9136202, 41.648365 ], [ -0.9135844, 41.6482774 ], [ -0.9135739, 41.6482798 ], [ -0.9135108, 41.6482942 ], [ -0.9133617, 41.6483281 ], [ -0.9129017, 41.6484328 ], [ -0.912608, 41.6484997 ], [ -0.9122017, 41.6485922 ], [ -0.911979, 41.6486429 ], [ -0.911936, 41.6486431 ], [ -0.9118514, 41.648697 ], [ -0.9117847, 41.6487385 ], [ -0.9117494, 41.6487592 ], [ -0.911681, 41.6487994 ], [ -0.9116083, 41.6488421 ], [ -0.9115748, 41.6488618 ], [ -0.9114011, 41.6489785 ], [ -0.9113199, 41.6490333 ], [ -0.91119, 41.6491212 ], [ -0.91119, 41.6491215 ] ] ] } },
{ "type": "Feature", "properties": { "CCAA": "02 - Aragón", "PROVINCIA": "50 - Zaragoza", "MUNICIPIO": "50297 - Zaragoza", "COD_MUNICIPIO": "50297", "DISTRITO": "03", "SECCION": "5029703061", "V1_H": 79.85, "V1_M": 85.78, "V2_H": 79.86035794, "V2_M": 85.76242541000001, "V3_H": 79.99500792000001, "V3_M": 85.93655133 }, "geometry": { "type": "Polygon", "coordinates": [ [ [ -0.9125957, 41.6515656 ], [ -0.9129023, 41.6523268 ], [ -0.9135211, 41.652192 ], [ -0.913682, 41.652157 ], [ -0.9153987, 41.6517803 ], [ -0.9150924, 41.6510209 ], [ -0.9146922, 41.6511082 ], [ -0.9125957, 41.6515656 ] ] ] } },
{ "type": "Feature", "properties": { "CCAA": "02 - Aragón", "PROVINCIA": "50 - Zaragoza", "MUNICIPIO": "50297 - Zaragoza", "COD_MUNICIPIO": "50297", "DISTRITO": "03", "SECCION": "5029703073", "V1_H": 81.11, "V1_M": 86.51, "V2_H": 80.75023294, "V2_M": 86.37370028, "V3_H": 81.47997818, "V3_M": 86.68611994 }, "geometry": { "type": "Polygon", "coordinates": [ [ [ -0.9099359, 41.6537559 ], [ -0.9099863, 41.6537746 ], [ -0.9102796, 41.653883 ], [ -0.9107674, 41.6540633 ], [ -0.9109667, 41.6541372 ], [ -0.9110474, 41.6541804 ], [ -0.9111499, 41.6542353 ], [ -0.9112925, 41.6543117 ], [ -0.9113313, 41.654334 ], [ -0.9115456, 41.6544661 ], [ -0.9116154, 41.6545092 ], [ -0.9117026, 41.6545389 ], [ -0.9117923, 41.654559 ], [ -0.9118917, 41.6545691 ], [ -0.9119975, 41.6545726 ], [ -0.9120941, 41.654568 ], [ -0.912177, 41.654555 ], [ -0.9122678, 41.654531 ], [ -0.9123817, 41.6544883 ], [ -0.9124769, 41.6544468 ], [ -0.9125562, 41.6544096 ], [ -0.9126302, 41.6543818 ], [ -0.91264, 41.6543781 ], [ -0.9126393, 41.6543458 ], [ -0.9126322, 41.6540715 ], [ -0.9126265, 41.6538542 ], [ -0.9126196, 41.6537068 ], [ -0.9126111, 41.6536483 ], [ -0.9126014, 41.6535866 ], [ -0.9125868, 41.6535289 ], [ -0.912567, 41.6534717 ], [ -0.9125348, 41.6533941 ], [ -0.9123324, 41.6530493 ], [ -0.9122263, 41.652881 ], [ -0.912186, 41.6528457 ], [ -0.9121308, 41.6528223 ], [ -0.9120776, 41.6528101 ], [ -0.912045, 41.6528051 ], [ -0.912016, 41.6528044 ], [ -0.9119422, 41.6528088 ], [ -0.9117184, 41.6528291 ], [ -0.9114393, 41.6528513 ], [ -0.9112004, 41.6528686 ], [ -0.9111234, 41.6528379 ], [ -0.911012, 41.6527597 ], [ -0.9109729, 41.6527325 ], [ -0.9104193, 41.6528471 ], [ -0.9102589, 41.6531484 ], [ -0.9099359, 41.6537559 ] ] ] } },
{ "type": "Feature", "properties": { "CCAA": "02 - Aragón", "PROVINCIA": "50 - Zaragoza", "MUNICIPIO": "50297 - Zaragoza", "COD_MUNICIPIO": "50297", "DISTRITO": "03", "SECCION": "5029703080", "V1_H": 82.5, "V1_M": 87.29, "V2_H": 82.15783722, "V2_M": 87.30677587, "V3_H": 82.90083825000001, "V3_M": 87.37512967000001 }, "geometry": { "type": "Polygon", "coordinates": [ [ [ -0.9066524, 41.6446062 ], [ -0.9066855, 41.6445963 ], [ -0.9069593, 41.6445122 ], [ -0.9069941, 41.6444196 ], [ -0.9074049, 41.6442846 ], [ -0.9076343, 41.6442092 ], [ -0.9077283, 41.6441803 ], [ -0.9077961, 41.6443057 ], [ -0.9078282, 41.6443586 ], [ -0.9079622, 41.6445924 ], [ -0.9080344, 41.6447196 ], [ -0.9081611, 41.6446786 ], [ -0.9083923, 41.6446035 ], [ -0.9088238, 41.6444659 ], [ -0.9093314, 41.6443018 ], [ -0.9097212, 41.6441765 ], [ -0.9097978, 41.6441507 ], [ -0.9092701, 41.6440472 ], [ -0.9091233, 41.6439705 ], [ -0.9090242, 41.6438727 ], [ -0.908946, 41.6437396 ], [ -0.9088981, 41.64364 ], [ -0.9089054, 41.6435359 ], [ -0.9089627, 41.6433955 ], [ -0.9091383, 41.6429657 ], [ -0.9091388, 41.6429645 ], [ -0.9093157, 41.6425315 ], [ -0.9094347, 41.6422402 ], [ -0.9095815, 41.6418809 ], [ -0.9095827, 41.6418805 ], [ -0.9095686, 41.6418658 ], [ -0.9095684, 41.6418656 ], [ -0.9095104, 41.6418843 ], [ -0.9091683, 41.6419944 ], [ -0.9087253, 41.642136 ], [ -0.9087259, 41.6421369 ], [ -0.908597, 41.6421784 ], [ -0.9084202, 41.6422354 ], [ -0.9080729, 41.6423472 ], [ -0.9078471, 41.6424199 ], [ -0.9076981, 41.6424679 ], [ -0.9072539, 41.6426109 ], [ -0.9070649, 41.6426717 ], [ -0.9065317, 41.6428434 ], [ -0.9063181, 41.6429122 ], [ -0.906247, 41.6429351 ], [ -0.9062409, 41.6429371 ], [ -0.9062395, 41.6429355 ], [ -0.9062186, 41.6429442 ], [ -0.906062, 41.6429946 ], [ -0.9058289, 41.6430696 ], [ -0.9058404, 41.6430928 ], [ -0.9058414, 41.643093 ], [ -0.905976, 41.6433443 ], [ -0.9066524, 41.6446062 ] ] ] } },
{ "type": "Feature", "properties": { "CCAA": "02 - Aragón", "PROVINCIA": "50 - Zaragoza", "MUNICIPIO": "50297 - Zaragoza", "COD_MUNICIPIO": "50297", "DISTRITO": "04", "SECCION": "5029704001", "V1_H": 80.78, "V1_M": 86.64, "V2_H": 80.55514168000001, "V2_M": 86.45889906, "V3_H": 81.06237696, "V3_M": 86.87120108000001 }, "geometry": { "type": "Polygon", "coordinates": [ [ [ -0.8935811, 41.6465103 ], [ -0.8936735, 41.64705 ], [ -0.8937707, 41.6476158 ], [ -0.8938418, 41.6475856 ], [ -0.893886, 41.6475668 ], [ -0.8939459, 41.6475413 ], [ -0.8939461, 41.6475412 ], [ -0.8939636, 41.6475338 ], [ -0.894156, 41.647452 ], [ -0.8944159, 41.6473415 ], [ -0.8948045, 41.6471762 ], [ -0.8949865, 41.6470996 ], [ -0.8950867, 41.6470595 ], [ -0.8949101, 41.6468181 ], [ -0.8950626, 41.6467612 ], [ -0.8951004, 41.646714 ], [ -0.895137, 41.646585 ], [ -0.8951892, 41.6464703 ], [ -0.8952569, 41.6463758 ], [ -0.8954168, 41.6461814 ], [ -0.8955179, 41.6460711 ], [ -0.8956099, 41.6459961 ], [ -0.8959372, 41.6458168 ], [ -0.8960919, 41.6456897 ], [ -0.8961591, 41.6456333 ], [ -0.8961005, 41.6455645 ], [ -0.8956698, 41.6453558 ], [ -0.8948873, 41.6449766 ], [ -0.8945551, 41.6453354 ], [ -0.8938804, 41.6460638 ], [ -0.8938242, 41.6461246 ], [ -0.8937495, 41.6461876 ], [ -0.8935326, 41.6462974 ], [ -0.8935726, 41.646461 ], [ -0.8935811, 41.6465103 ] ] ] } },
{ "type": "Feature", "properties": { "CCAA": "02 - Aragón", "PROVINCIA": "50 - Zaragoza", "MUNICIPIO": "50297 - Zaragoza", "COD_MUNICIPIO": "50297", "DISTRITO": "04", "SECCION": "5029704008", "V1_H": 81.1, "V1_M": 86.64, "V2_H": 80.60081217, "V2_M": 86.48118059, "V3_H": 81.51550291, "V3_M": 86.87452308 }, "geometry": { "type": "Polygon", "coordinates": [ [ [ -0.8866179, 41.6399202 ], [ -0.8867665, 41.6399393 ], [ -0.8879641, 41.6391579 ], [ -0.8881054, 41.6390658 ], [ -0.8885627, 41.6387643 ], [ -0.8882134, 41.638468 ], [ -0.8881253, 41.6383952 ], [ -0.8877967, 41.6381115 ], [ -0.8871013, 41.638419 ], [ -0.8869726, 41.6384434 ], [ -0.8862944, 41.6388609 ], [ -0.8862227, 41.638905 ], [ -0.8863416, 41.639203 ], [ -0.8865626, 41.6397572 ], [ -0.8866179, 41.6399202 ] ] ] } },
{ "type": "Feature", "properties": { "CCAA": "02 - Aragón", "PROVINCIA": "50 - Zaragoza", "MUNICIPIO": "50297 - Zaragoza", "COD_MUNICIPIO": "50297", "DISTRITO": "04", "SECCION": "5029704015", "V1_H": 81.47, "V1_M": 86.95, "V2_H": 81.05678048, "V2_M": 86.75805168, "V3_H": 81.85108408000001, "V3_M": 87.21302779 }, "geometry": { "type": "Polygon", "coordinates": [ [ [ -0.8941779, 41.6405496 ], [ -0.8947869, 41.6408751 ], [ -0.8950703, 41.6405918 ], [ -0.8951848, 41.6404699 ], [ -0.8956806, 41.639935 ], [ -0.8967127, 41.6388213 ], [ -0.8962939, 41.6386134 ], [ -0.8960699, 41.6384944 ], [ -0.895968, 41.6386064 ], [ -0.8950451, 41.6396015 ], [ -0.8945176, 41.6401703 ], [ -0.8944438, 41.6402581 ], [ -0.8941779, 41.6405496 ] ] ] } },
{ "type": "Feature", "properties": { "CCAA": "02 - Aragón", "PROVINCIA": "50 - Zaragoza", "MUNICIPIO": "50297 - Zaragoza", "COD_MUNICIPIO": "50297", "DISTRITO": "04", "SECCION": "5029704031", "V1_H": 81.4, "V1_M": 86.8, "V2_H": 81.08162797, "V2_M": 86.57651574, "V3_H": 81.67802952, "V3_M": 87.10412253 }, "geometry": { "type": "Polygon", "coordinates": [ [ [ -0.8967127, 41.6388213 ], [ -0.8969464, 41.6389374 ], [ -0.8974041, 41.6391986 ], [ -0.8975699, 41.6392844 ], [ -0.898193, 41.6396066 ], [ -0.8990703, 41.6386632 ], [ -0.8991915, 41.6385374 ], [ -0.8994156, 41.6383117 ], [ -0.8990774, 41.6383109 ], [ -0.8986492, 41.6381155 ], [ -0.8983941, 41.6379991 ], [ -0.8980511, 41.6378287 ], [ -0.8979369, 41.6375397 ], [ -0.8977622, 41.6376981 ], [ -0.8968948, 41.6386248 ], [ -0.8967127, 41.6388213 ] ] ] } },
{ "type": "Feature", "properties": { "CCAA": "02 - Aragón", "PROVINCIA": "50 - Zaragoza", "MUNICIPIO": "50297 - Zaragoza", "COD_MUNICIPIO": "50297", "DISTRITO": "04", "SECCION": "5029704039", "V1_H": 79.63, "V1_M": 85.51, "V2_H": 79.79644461, "V2_M": 85.57767022, "V3_H": 79.53263393, "V3_M": 85.68344389000001 }, "geometry": { "type": "Polygon", "coordinates": [ [ [ -0.9079602, 41.6297659 ], [ -0.907966, 41.6297653 ], [ -0.9079929, 41.6297755 ], [ -0.9081378, 41.6298316 ], [ -0.9081744, 41.6298479 ], [ -0.908252, 41.6298826 ], [ -0.9084128, 41.6299544 ], [ -0.9086027, 41.6300391 ], [ -0.9087991, 41.6301268 ], [ -0.9088526, 41.6301507 ], [ -0.9088627, 41.6302493 ], [ -0.9088872, 41.6304933 ], [ -0.9088968, 41.6305883 ], [ -0.9089256, 41.6308743 ], [ -0.9089543, 41.63116 ], [ -0.9089638, 41.6312544 ], [ -0.9089894, 41.6315091 ], [ -0.9090146, 41.6317591 ], [ -0.9090206, 41.631819 ], [ -0.9090371, 41.6319831 ], [ -0.9090391, 41.632006 ], [ -0.9093079, 41.6319162 ], [ -0.9094768, 41.6318591 ], [ -0.9098426, 41.6317356 ], [ -0.9100218, 41.631675 ], [ -0.9105482, 41.6314972 ], [ -0.9105873, 41.6314846 ], [ -0.9106304, 41.631473 ], [ -0.9106575, 41.631453 ], [ -0.9106653, 41.6314472 ], [ -0.910902, 41.631028 ], [ -0.9109404, 41.6310403 ], [ -0.9112525, 41.6311419 ], [ -0.9115325, 41.6312342 ], [ -0.9116871, 41.6312856 ], [ -0.9118951, 41.6313546 ], [ -0.9116434, 41.6310093 ], [ -0.9116419, 41.6310055 ], [ -0.9116418, 41.6310054 ], [ -0.9114988, 41.6306524 ], [ -0.9114706, 41.6305825 ], [ -0.9114679, 41.6305788 ], [ -0.911363, 41.6304308 ], [ -0.9111248, 41.6300949 ], [ -0.9110085, 41.6299308 ], [ -0.9109995, 41.6299181 ], [ -0.9108434, 41.6297057 ], [ -0.9106906, 41.6294977 ], [ -0.9106762, 41.6294782 ], [ -0.910663, 41.6294602 ], [ -0.9104135, 41.6291296 ], [ -0.9102685, 41.6289375 ], [ -0.9101097, 41.6287271 ], [ -0.9101096, 41.6287271 ], [ -0.9101083, 41.6287253 ], [ -0.9099638, 41.6285862 ], [ -0.9099609, 41.6285834 ], [ -0.9097843, 41.6284838 ], [ -0.909781, 41.6284819 ], [ -0.9094568, 41.6283605 ], [ -0.9094517, 41.6283586 ], [ -0.9090967, 41.6282256 ], [ -0.9090921, 41.6282234 ], [ -0.9087229, 41.6280464 ], [ -0.9084204, 41.6279014 ], [ -0.9084175, 41.6279 ], [ -0.9083656, 41.6279628 ], [ -0.9082123, 41.6281479 ], [ -0.9081298, 41.6282475 ], [ -0.9071645, 41.6294132 ], [ -0.9071862, 41.6294233 ], [ -0.9073103, 41.6294815 ], [ -0.9074538, 41.6295481 ], [ -0.9077156, 41.629661 ], [ -0.9078523, 41.6297201 ], [ -0.9079568, 41.6297617 ], [ -0.9079602, 41.6297659 ] ] ] } },
{ "type": "Feature", "properties": { "CCAA": "02 - Aragón", "PROVINCIA": "50 - Zaragoza", "MUNICIPIO": "50297 - Zaragoza", "COD_MUNICIPIO": "50297", "DISTRITO": "04", "SECCION": "5029704046", "V1_H": 80.24, "V1_M": 86.29, "V2_H": 79.84273941, "V2_M": 86.47368807, "V3_H": 80.7355329, "V3_M": 86.23078999000001 }, "geometry": { "type": "Polygon", "coordinates": [ [ [ -0.9079566, 41.6335928 ], [ -0.9090058, 41.6340846 ], [ -0.9096991, 41.6332608 ], [ -0.9100623, 41.6326 ], [ -0.9103243, 41.6321137 ], [ -0.9104597, 41.6318623 ], [ -0.9106763, 41.6314391 ], [ -0.9106653, 41.6314472 ], [ -0.9106575, 41.631453 ], [ -0.9106304, 41.631473 ], [ -0.9105873, 41.6314846 ], [ -0.9105482, 41.6314972 ], [ -0.9100218, 41.631675 ], [ -0.9098426, 41.6317356 ], [ -0.9094768, 41.6318591 ], [ -0.9093079, 41.6319162 ], [ -0.9090391, 41.632006 ], [ -0.9090392, 41.632007 ], [ -0.9088054, 41.632086 ], [ -0.9082156, 41.6322853 ], [ -0.9082483, 41.6326013 ], [ -0.9082512, 41.6326757 ], [ -0.9080477, 41.6334657 ], [ -0.9079566, 41.6335928 ] ] ] } },
{ "type": "Feature", "properties": { "CCAA": "02 - Aragón", "PROVINCIA": "50 - Zaragoza", "MUNICIPIO": "50297 - Zaragoza", "COD_MUNICIPIO": "50297", "DISTRITO": "04", "SECCION": "5029704059", "V1_H": 81.72, "V1_M": 86.96, "V2_H": 81.44760383000001, "V2_M": 86.83587728000001, "V3_H": 82.03657934, "V3_M": 87.26058658 }, "geometry": { "type": "Polygon", "coordinates": [ [ [ -0.9472826, 41.6364552 ], [ -0.9486782, 41.6364802 ], [ -0.9491001, 41.6364447 ], [ -0.9490895, 41.6364297 ], [ -0.9492161, 41.6364517 ], [ -0.9490195, 41.6363332 ], [ -0.9488157, 41.6361485 ], [ -0.9486874, 41.6359889 ], [ -0.9485087, 41.6358142 ], [ -0.9483805, 41.6356498 ], [ -0.9482704, 41.6355144 ], [ -0.9481548, 41.6353551 ], [ -0.9480536, 41.6351388 ], [ -0.9479888, 41.6349804 ], [ -0.9479212, 41.6347075 ], [ -0.9479274, 41.6345122 ], [ -0.9479516, 41.6341504 ], [ -0.9479616, 41.633836 ], [ -0.9479548, 41.63143 ], [ -0.9479548, 41.6314282 ], [ -0.9469999, 41.6315631 ], [ -0.945655, 41.631806 ], [ -0.9443562, 41.6320949 ], [ -0.9436615, 41.6322684 ], [ -0.9428556, 41.6325399 ], [ -0.942359, 41.6327741 ], [ -0.9419771, 41.632996 ], [ -0.9417683, 41.6331643 ], [ -0.9417699, 41.6331659 ], [ -0.9427484, 41.6341217 ], [ -0.9426123, 41.634191 ], [ -0.9426046, 41.6344347 ], [ -0.942656, 41.6346222 ], [ -0.9427328, 41.6352118 ], [ -0.9429949, 41.6353886 ], [ -0.9439137, 41.635362 ], [ -0.9439369, 41.6352333 ], [ -0.944493, 41.6357884 ], [ -0.9444925, 41.6352002 ], [ -0.9459274, 41.6351829 ], [ -0.946999, 41.635159 ], [ -0.9470345, 41.6364508 ], [ -0.9472638, 41.6364549 ], [ -0.9472826, 41.6364552 ] ] ] } },
{ "type": "Feature", "properties": { "CCAA": "02 - Aragón", "PROVINCIA": "50 - Zaragoza", "MUNICIPIO": "50297 - Zaragoza", "COD_MUNICIPIO": "50297", "DISTRITO": "03", "SECCION": "5029703051", "V1_H": 79.66, "V1_M": 85.68, "V2_H": 79.65353369, "V2_M": 85.83118741, "V3_H": 79.80284041, "V3_M": 85.7603318 }, "geometry": { "type": "Polygon", "coordinates": [ [ [ -0.9139949, 41.6469927 ], [ -0.914357, 41.6479494 ], [ -0.9146527, 41.6486951 ], [ -0.9146951, 41.6487848 ], [ -0.91488, 41.6487428 ], [ -0.9153472, 41.6486414 ], [ -0.9158282, 41.6485379 ], [ -0.9167259, 41.6483448 ], [ -0.9166002, 41.6479903 ], [ -0.9165489, 41.6478653 ], [ -0.9162956, 41.6472467 ], [ -0.9160652, 41.6472954 ], [ -0.9158378, 41.6473442 ], [ -0.9153752, 41.647443 ], [ -0.915288, 41.6473389 ], [ -0.9151535, 41.6472603 ], [ -0.9139949, 41.6469927 ] ] ] } },
{ "type": "Feature", "properties": { "CCAA": "02 - Aragón", "PROVINCIA": "50 - Zaragoza", "MUNICIPIO": "50297 - Zaragoza", "COD_MUNICIPIO": "50297", "DISTRITO": "03", "SECCION": "5029703067", "V1_H": 80.55, "V1_M": 86.21, "V2_H": 80.25181467, "V2_M": 85.94546636, "V3_H": 81.01047082, "V3_M": 86.65561049 }, "geometry": { "type": "Polygon", "coordinates": [ [ [ -0.9186118, 41.6552388 ], [ -0.9185011, 41.6559205 ], [ -0.9184682, 41.6560238 ], [ -0.9183894, 41.6562715 ], [ -0.9183646, 41.6563499 ], [ -0.9181866, 41.6569302 ], [ -0.9181819, 41.6569457 ], [ -0.918181, 41.6569451 ], [ -0.9181818, 41.6569475 ], [ -0.9181034, 41.6572086 ], [ -0.9179376, 41.6577508 ], [ -0.9181998, 41.657788 ], [ -0.9186635, 41.657851 ], [ -0.9186757, 41.6578889 ], [ -0.918748, 41.6579934 ], [ -0.9188455, 41.6580547 ], [ -0.9189761, 41.6581213 ], [ -0.9192922, 41.6582574 ], [ -0.9193229, 41.6582668 ], [ -0.9194095, 41.6582797 ], [ -0.9194869, 41.6582856 ], [ -0.9196009, 41.6582778 ], [ -0.9201119, 41.6582429 ], [ -0.9201468, 41.6582423 ], [ -0.9201466, 41.6582405 ], [ -0.9201357, 41.6581422 ], [ -0.9198071, 41.6571969 ], [ -0.919757, 41.6570528 ], [ -0.9196656, 41.6567564 ], [ -0.9196172, 41.6564511 ], [ -0.9195966, 41.6563216 ], [ -0.9202224, 41.6555341 ], [ -0.9202952, 41.6554426 ], [ -0.9205929, 41.6550738 ], [ -0.9205929, 41.6550737 ], [ -0.920492, 41.6548145 ], [ -0.9204059, 41.6545889 ], [ -0.9203473, 41.6544319 ], [ -0.920073, 41.6547555 ], [ -0.9198385, 41.6548438 ], [ -0.9197153, 41.6553172 ], [ -0.9195913, 41.655319 ], [ -0.9192414, 41.6553239 ], [ -0.9189065, 41.6552769 ], [ -0.9186118, 41.6552388 ] ] ] } },
{ "type": "Feature", "properties": { "CCAA": "02 - Aragón", "PROVINCIA": "50 - Zaragoza", "MUNICIPIO": "50297 - Zaragoza", "COD_MUNICIPIO": "50297", "DISTRITO": "03", "SECCION": "5029703085", "V1_H": 81.41, "V1_M": 86.82, "V2_H": 80.96532964, "V2_M": 86.87567885, "V3_H": 81.8694609, "V3_M": 86.90400308 }, "geometry": { "type": "Polygon", "coordinates": [ [ [ -0.8971901, 41.6508148 ], [ -0.8983404, 41.6510401 ], [ -0.8983935, 41.650894 ], [ -0.8984255, 41.6508107 ], [ -0.8985158, 41.6505762 ], [ -0.8987507, 41.6499649 ], [ -0.8987552, 41.6499155 ], [ -0.898727, 41.6498341 ], [ -0.8986036, 41.6496155 ], [ -0.8986107, 41.6496162 ], [ -0.8986002, 41.6496093 ], [ -0.8985496, 41.6495198 ], [ -0.8985418, 41.6495117 ], [ -0.898511, 41.6494089 ], [ -0.8985304, 41.6493376 ], [ -0.8985342, 41.6493239 ], [ -0.8985594, 41.6492882 ], [ -0.898332, 41.6492606 ], [ -0.8980257, 41.6492211 ], [ -0.897829, 41.6491957 ], [ -0.8978178, 41.6491942 ], [ -0.897812, 41.6491912 ], [ -0.8978115, 41.6491934 ], [ -0.8976915, 41.6491779 ], [ -0.8974185, 41.6498911 ], [ -0.8972903, 41.650226 ], [ -0.8974066, 41.650251 ], [ -0.8973841, 41.6503086 ], [ -0.8971901, 41.6508148 ] ] ] } },
{ "type": "Feature", "properties": { "CCAA": "02 - Aragón", "PROVINCIA": "50 - Zaragoza", "MUNICIPIO": "50297 - Zaragoza", "COD_MUNICIPIO": "50297", "DISTRITO": "03", "SECCION": "5029703086", "V1_H": 80.63, "V1_M": 86.52, "V2_H": 80.3855305, "V2_M": 86.44800565, "V3_H": 80.88841766, "V3_M": 86.66780776 }, "geometry": { "type": "Polygon", "coordinates": [ [ [ -0.8981276, 41.655254 ], [ -0.9000201, 41.6567573 ], [ -0.9011532, 41.6565521 ], [ -0.9013838, 41.6565103 ], [ -0.9025527, 41.6562984 ], [ -0.9026849, 41.6557397 ], [ -0.9010917, 41.6555291 ], [ -0.9012542, 41.6547377 ], [ -0.9008349, 41.6546967 ], [ -0.9003626, 41.6546772 ], [ -0.9002368, 41.654672 ], [ -0.9002316, 41.6546718 ], [ -0.899887, 41.6547698 ], [ -0.8995985, 41.654852 ], [ -0.8984835, 41.6551683 ], [ -0.8981276, 41.655254 ] ] ] } },
{ "type": "Feature", "properties": { "CCAA": "02 - Aragón", "PROVINCIA": "50 - Zaragoza", "MUNICIPIO": "50297 - Zaragoza", "COD_MUNICIPIO": "50297", "DISTRITO": "04", "SECCION": "5029704010", "V1_H": 80.78, "V1_M": 86.63, "V2_H": 80.78050334, "V2_M": 86.59104663, "V3_H": 80.85502768000001, "V3_M": 86.88271981 }, "geometry": { "type": "Polygon", "coordinates": [ [ [ -0.8885627, 41.6387643 ], [ -0.8887663, 41.6386302 ], [ -0.8888321, 41.6385975 ], [ -0.8889604, 41.6385338 ], [ -0.8891823, 41.6384853 ], [ -0.8893701, 41.6384273 ], [ -0.8894562, 41.6384869 ], [ -0.8900554, 41.6389022 ], [ -0.8905466, 41.6385069 ], [ -0.8912032, 41.6379626 ], [ -0.8912035, 41.6379627 ], [ -0.8912064, 41.637953 ], [ -0.8912289, 41.6378853 ], [ -0.8908466, 41.6376179 ], [ -0.8906799, 41.6375013 ], [ -0.8906243, 41.6375431 ], [ -0.8904435, 41.6376762 ], [ -0.890355, 41.6377386 ], [ -0.8900467, 41.6375887 ], [ -0.8899899, 41.6375611 ], [ -0.889867, 41.6375013 ], [ -0.8896449, 41.6373933 ], [ -0.8895726, 41.6373581 ], [ -0.8895453, 41.6373338 ], [ -0.8895426, 41.637335 ], [ -0.8884762, 41.63781 ], [ -0.8881415, 41.6379591 ], [ -0.8877967, 41.6381115 ], [ -0.8881253, 41.6383952 ], [ -0.8882134, 41.638468 ], [ -0.8885627, 41.6387643 ] ] ] } },
{ "type": "Feature", "properties": { "CCAA": "02 - Aragón", "PROVINCIA": "50 - Zaragoza", "MUNICIPIO": "50297 - Zaragoza", "COD_MUNICIPIO": "50297", "DISTRITO": "04", "SECCION": "5029704013", "V1_H": 81.72, "V1_M": 86.96, "V2_H": 81.44760383000001, "V2_M": 86.83587728000001, "V3_H": 82.03657934, "V3_M": 87.26058658 }, "geometry": { "type": "Polygon", "coordinates": [ [ [ -0.8921411, 41.6361804 ], [ -0.8919722, 41.6363424 ], [ -0.8919073, 41.6364045 ], [ -0.8917101, 41.6365934 ], [ -0.8914974, 41.636798 ], [ -0.891518, 41.6368201 ], [ -0.891649, 41.6369672 ], [ -0.8917936, 41.6371285 ], [ -0.8918968, 41.6372436 ], [ -0.8920329, 41.6373955 ], [ -0.8920702, 41.6374355 ], [ -0.8920835, 41.6374431 ], [ -0.892099, 41.6374453 ], [ -0.8921, 41.6374454 ], [ -0.8921002, 41.6374463 ], [ -0.892252, 41.6374342 ], [ -0.892604, 41.6374003 ], [ -0.892766, 41.6373711 ], [ -0.8929029, 41.6373441 ], [ -0.8930072, 41.6373299 ], [ -0.8930398, 41.6373197 ], [ -0.8929436, 41.6371944 ], [ -0.8928923, 41.637121 ], [ -0.8927855, 41.6369928 ], [ -0.8927032, 41.6368812 ], [ -0.8926278, 41.6367777 ], [ -0.8925319, 41.636647 ], [ -0.8923154, 41.6363691 ], [ -0.892185, 41.6361949 ], [ -0.8921411, 41.6361804 ] ] ] } },
{ "type": "Feature", "properties": { "CCAA": "02 - Aragón", "PROVINCIA": "50 - Zaragoza", "MUNICIPIO": "50297 - Zaragoza", "COD_MUNICIPIO": "50297", "DISTRITO": "04", "SECCION": "5029704033", "V1_H": 81.58, "V1_M": 86.83, "V2_H": 80.91860297, "V2_M": 86.63659936000001, "V3_H": 82.21677219, "V3_M": 87.10560157 }, "geometry": { "type": "Polygon", "coordinates": [ [ [ -0.8994156, 41.6383117 ], [ -0.8996245, 41.6381011 ], [ -0.9001347, 41.6383547 ], [ -0.9008184, 41.6386952 ], [ -0.9013983, 41.6389995 ], [ -0.9023917, 41.6395209 ], [ -0.9043234, 41.6405365 ], [ -0.9050987, 41.6395239 ], [ -0.9056324, 41.6387831 ], [ -0.9057983, 41.6385539 ], [ -0.9057988, 41.6385533 ], [ -0.9061251, 41.6381027 ], [ -0.9061695, 41.6380412 ], [ -0.9065059, 41.6375638 ], [ -0.9063941, 41.6375286 ], [ -0.9061682, 41.6374104 ], [ -0.904977, 41.6367867 ], [ -0.9045006, 41.6365373 ], [ -0.9044481, 41.6365098 ], [ -0.903961, 41.6362548 ], [ -0.9039232, 41.6362351 ], [ -0.9027782, 41.6356355 ], [ -0.9016277, 41.6350331 ], [ -0.9002088, 41.6360737 ], [ -0.8997314, 41.6364237 ], [ -0.8995025, 41.6365915 ], [ -0.8988855, 41.6370438 ], [ -0.8983514, 41.6374354 ], [ -0.89801, 41.6374779 ], [ -0.8979369, 41.6375397 ], [ -0.8980511, 41.6378287 ], [ -0.8983941, 41.6379991 ], [ -0.8986492, 41.6381155 ], [ -0.8990774, 41.6383109 ], [ -0.8994156, 41.6383117 ] ] ] } },
{ "type": "Feature", "properties": { "CCAA": "02 - Aragón", "PROVINCIA": "50 - Zaragoza", "MUNICIPIO": "50297 - Zaragoza", "COD_MUNICIPIO": "50297", "DISTRITO": "04", "SECCION": "5029704034", "V1_H": 81.47, "V1_M": 86.75, "V2_H": 81.12898066, "V2_M": 86.51613614, "V3_H": 81.81510349, "V3_M": 87.06728245 }, "geometry": { "type": "Polygon", "coordinates": [ [ [ -0.904977, 41.6367867 ], [ -0.9061682, 41.6374104 ], [ -0.9063941, 41.6375286 ], [ -0.9065059, 41.6375638 ], [ -0.9065779, 41.6374618 ], [ -0.9069507, 41.6369272 ], [ -0.9072115, 41.6365602 ], [ -0.9079111, 41.6355757 ], [ -0.9079449, 41.635528 ], [ -0.9081323, 41.6352812 ], [ -0.9087705, 41.634376 ], [ -0.9090058, 41.6340846 ], [ -0.9079566, 41.6335928 ], [ -0.9073152, 41.6343105 ], [ -0.9070945, 41.6345574 ], [ -0.906708, 41.6349488 ], [ -0.9067079, 41.6349489 ], [ -0.9066679, 41.6349894 ], [ -0.9062952, 41.6353779 ], [ -0.9062125, 41.6354668 ], [ -0.9054386, 41.6362981 ], [ -0.9052282, 41.6365241 ], [ -0.9051078, 41.6366534 ], [ -0.904977, 41.6367867 ] ] ] } },
{ "type": "Feature", "properties": { "CCAA": "02 - Aragón", "PROVINCIA": "50 - Zaragoza", "MUNICIPIO": "50297 - Zaragoza", "COD_MUNICIPIO": "50297", "DISTRITO": "04", "SECCION": "5029704053", "V1_H": 83.02, "V1_M": 87.55, "V2_H": 82.56010262, "V2_M": 87.39744151, "V3_H": 83.4975015, "V3_M": 87.7973198 }, "geometry": { "type": "Polygon", "coordinates": [ [ [ -0.9242073, 41.6343247 ], [ -0.9242815, 41.6343377 ], [ -0.9245748, 41.6343049 ], [ -0.9247914, 41.6342849 ], [ -0.9250206, 41.63427 ], [ -0.925314, 41.6342324 ], [ -0.9255056, 41.6342025 ], [ -0.925812, 41.6341556 ], [ -0.9260746, 41.6340889 ], [ -0.9265756, 41.6339168 ], [ -0.9267947, 41.6338207 ], [ -0.9269113, 41.6337513 ], [ -0.9271958, 41.6335944 ], [ -0.9273906, 41.6334644 ], [ -0.9276055, 41.6333015 ], [ -0.9277938, 41.6331715 ], [ -0.9280931, 41.6329529 ], [ -0.9283846, 41.632777 ], [ -0.9285202, 41.632708 ], [ -0.9288286, 41.6325991 ], [ -0.9291871, 41.632515 ], [ -0.9293022, 41.6324885 ], [ -0.9294551, 41.632477 ], [ -0.9296693, 41.6323331 ], [ -0.9308812, 41.6294 ], [ -0.9309959, 41.6291306 ], [ -0.9309916, 41.6291296 ], [ -0.9319619, 41.626685 ], [ -0.9310347, 41.6264777 ], [ -0.9295357, 41.6261002 ], [ -0.9284355, 41.6258232 ], [ -0.9274738, 41.6256032 ], [ -0.9271612, 41.6255295 ], [ -0.923639, 41.6245397 ], [ -0.9236185, 41.6245707 ], [ -0.9235205, 41.6246924 ], [ -0.9235312, 41.6246948 ], [ -0.9234498, 41.6247927 ], [ -0.923196, 41.6251517 ], [ -0.9229664, 41.6254765 ], [ -0.9226878, 41.625887 ], [ -0.9224922, 41.6262297 ], [ -0.9223202, 41.6265555 ], [ -0.922146, 41.6269506 ], [ -0.9220179, 41.6273465 ], [ -0.9218789, 41.6277249 ], [ -0.9218437, 41.6278888 ], [ -0.9231488, 41.6292425 ], [ -0.9240799, 41.6304151 ], [ -0.9244663, 41.6317328 ], [ -0.9244893, 41.6329961 ], [ -0.9242254, 41.6342901 ], [ -0.9242073, 41.6343247 ] ] ] } },
{ "type": "Feature", "properties": { "CCAA": "02 - Aragón", "PROVINCIA": "50 - Zaragoza", "MUNICIPIO": "50297 - Zaragoza", "COD_MUNICIPIO": "50297", "DISTRITO": "04", "SECCION": "5029704054", "V1_H": 82.5, "V1_M": 87.29, "V2_H": 82.15783722, "V2_M": 87.30677587, "V3_H": 82.90083825000001, "V3_M": 87.37512967000001 }, "geometry": { "type": "Polygon", "coordinates": [ [ [ -0.9043276, 41.6405369 ], [ -0.9044518, 41.6406328 ], [ -0.9045022, 41.6406848 ], [ -0.9045433, 41.6407284 ], [ -0.9047838, 41.640983 ], [ -0.9049614, 41.6412898 ], [ -0.9049982, 41.6413537 ], [ -0.9051422, 41.6416031 ], [ -0.9052764, 41.6418356 ], [ -0.9054686, 41.6421687 ], [ -0.9054849, 41.6421959 ], [ -0.9055118, 41.6422324 ], [ -0.9056125, 41.6423691 ], [ -0.9056703, 41.6424184 ], [ -0.9057744, 41.6425054 ], [ -0.9060536, 41.642739 ], [ -0.9061076, 41.6427841 ], [ -0.9061245, 41.6428034 ], [ -0.9061695, 41.6428518 ], [ -0.9062119, 41.6428982 ], [ -0.906235, 41.6429235 ], [ -0.906247, 41.6429351 ], [ -0.9063181, 41.6429122 ], [ -0.9065317, 41.6428434 ], [ -0.9070649, 41.6426717 ], [ -0.9072539, 41.6426109 ], [ -0.9076981, 41.6424679 ], [ -0.9078471, 41.6424199 ], [ -0.9080729, 41.6423472 ], [ -0.9084202, 41.6422354 ], [ -0.908597, 41.6421784 ], [ -0.9087259, 41.6421369 ], [ -0.9087253, 41.642136 ], [ -0.9084165, 41.6416066 ], [ -0.9080888, 41.6410218 ], [ -0.9076378, 41.6402501 ], [ -0.9073377, 41.639723 ], [ -0.9069149, 41.6398592 ], [ -0.906914, 41.6398596 ], [ -0.9068965, 41.6398652 ], [ -0.9067506, 41.6399122 ], [ -0.9062075, 41.6400872 ], [ -0.9057772, 41.6402259 ], [ -0.905098, 41.6404448 ], [ -0.9046907, 41.6405761 ], [ -0.9043569, 41.6405401 ], [ -0.904348, 41.6405391 ], [ -0.9043276, 41.6405369 ] ] ] } },
{ "type": "Feature", "properties": { "CCAA": "02 - Aragón", "PROVINCIA": "50 - Zaragoza", "MUNICIPIO": "50297 - Zaragoza", "COD_MUNICIPIO": "50297", "DISTRITO": "04", "SECCION": "5029704068", "V1_H": 81.1, "V1_M": 86.64, "V2_H": 80.60081217, "V2_M": 86.48118059, "V3_H": 81.51550291, "V3_M": 86.87452308 }, "geometry": { "type": "Polygon", "coordinates": [ [ [ -0.962477, 41.6188252 ], [ -0.964033, 41.6190114 ], [ -0.9653319, 41.6193108 ], [ -0.966702, 41.6197735 ], [ -0.9676549, 41.6201717 ], [ -0.9684796, 41.6206056 ], [ -0.9695624, 41.6213206 ], [ -0.969996, 41.6216714 ], [ -0.9706875, 41.6223032 ], [ -0.9713879, 41.6230591 ], [ -0.9721405, 41.6241781 ], [ -0.9725017, 41.6248136 ], [ -0.972748, 41.6254661 ], [ -0.9729568, 41.6260989 ], [ -0.9748442, 41.6319562 ], [ -0.974966, 41.6325303 ], [ -0.9750231, 41.6331413 ], [ -0.9750294, 41.6337515 ], [ -0.9750003, 41.6342752 ], [ -0.9749766, 41.6343515 ], [ -0.9767552, 41.6338364 ], [ -0.9807956, 41.632726 ], [ -0.9853533, 41.6314961 ], [ -0.9983012, 41.6279595 ], [ -1.0039626, 41.6264399 ], [ -1.0112773, 41.6245761 ], [ -1.020827, 41.6223779 ], [ -1.0265778, 41.6212568 ], [ -1.0315429, 41.6189532 ], [ -1.0348375, 41.6175455 ], [ -1.0365232, 41.6172661 ], [ -1.0389109, 41.6175381 ], [ -1.0410234, 41.6178567 ], [ -1.0469868, 41.6187416 ], [ -1.0489741, 41.6186726 ], [ -1.0528983, 41.617943 ], [ -1.0561062, 41.6171239 ], [ -1.0592149, 41.6161876 ], [ -1.0602637, 41.6156418 ], [ -1.0602638, 41.6156418 ], [ -1.0605123, 41.6155125 ], [ -1.060308, 41.6154751 ], [ -1.0602873, 41.6154158 ], [ -1.0591538, 41.6149914 ], [ -1.0575071, 41.6152743 ], [ -1.0560019, 41.6156407 ], [ -1.0542615, 41.6160435 ], [ -1.0524722, 41.6164771 ], [ -1.0513896, 41.6167559 ], [ -1.0509001, 41.6168692 ], [ -1.0500604, 41.6170531 ], [ -1.0488776, 41.6170735 ], [ -1.0484919, 41.6169274 ], [ -1.0484049, 41.6166287 ], [ -1.0482023, 41.6165802 ], [ -1.0480776, 41.6165376 ], [ -1.047559, 41.6164207 ], [ -1.0471895, 41.6163379 ], [ -1.0471125, 41.616305 ], [ -1.046809, 41.6162188 ], [ -1.0462895, 41.6161334 ], [ -1.0458849, 41.6161127 ], [ -1.0457622, 41.6161064 ], [ -1.045071, 41.615946 ], [ -1.044534, 41.6160405 ], [ -1.044271, 41.6160044 ], [ -1.043089, 41.6159979 ], [ -1.0430679, 41.6151835 ], [ -1.0430641, 41.6150382 ], [ -1.0430562, 41.614903 ], [ -1.0403355, 41.6122042 ], [ -1.039735, 41.6116265 ], [ -1.0392861, 41.611191 ], [ -1.0388459, 41.6106701 ], [ -1.0384886, 41.609984 ], [ -1.0383233, 41.6096975 ], [ -1.0381282, 41.6090097 ], [ -1.0380029, 41.6083906 ], [ -1.0377753, 41.6077832 ], [ -1.0373117, 41.6068476 ], [ -1.0371274, 41.6063941 ], [ -1.0364078, 41.6055893 ], [ -1.0359879, 41.6051903 ], [ -1.0359315, 41.6050722 ], [ -1.0356515, 41.6046126 ], [ -1.0353908, 41.6041083 ], [ -1.0354252, 41.6031722 ], [ -1.0351008, 41.6020003 ], [ -1.0347719, 41.6007787 ], [ -1.0346959, 41.6007144 ], [ -1.0343837, 41.6005244 ], [ -1.0341316, 41.600331 ], [ -1.0339152, 41.6001472 ], [ -1.0337469, 41.5995634 ], [ -1.033366, 41.5982779 ], [ -1.0331727, 41.5977297 ], [ -1.0329656, 41.5972397 ], [ -1.0326732, 41.5965953 ], [ -1.0325216, 41.5962549 ], [ -1.0323741, 41.5959777 ], [ -1.0323155, 41.5957335 ], [ -1.0323253, 41.5954095 ], [ -1.0323034, 41.5951434 ], [ -1.0323398, 41.5947387 ], [ -1.0324038, 41.5942084 ], [ -1.0324871, 41.5936379 ], [ -1.0325226, 41.5934584 ], [ -1.0325245, 41.5934264 ], [ -1.0325245, 41.5934263 ], [ -1.0325349, 41.5932514 ], [ -1.0325562, 41.5931438 ], [ -1.0325796, 41.592964 ], [ -1.0327386, 41.5924713 ], [ -1.0330999, 41.5916354 ], [ -1.0334181, 41.5908348 ], [ -1.0336561, 41.5903075 ], [ -1.0337999, 41.5899181 ], [ -1.0340146, 41.5893679 ], [ -1.03431, 41.5889226 ], [ -1.0346448, 41.5885636 ], [ -1.034899, 41.588095 ], [ -1.0351391, 41.5876939 ], [ -1.0353093, 41.5876202 ], [ -1.0355339, 41.587534 ], [ -1.0359895, 41.5873436 ], [ -1.0364407, 41.5872973 ], [ -1.0364559, 41.587194 ], [ -1.0364745, 41.5869781 ], [ -1.0364993, 41.5867534 ], [ -1.0363291, 41.5862326 ], [ -1.0362152, 41.5859353 ], [ -1.0360512, 41.5855073 ], [ -1.0359911, 41.5853126 ], [ -1.0357982, 41.5851472 ], [ -1.0354404, 41.5846818 ], [ -1.0350122, 41.5841656 ], [ -1.0346261, 41.5838438 ], [ -1.0346584, 41.5837678 ], [ -1.0346795, 41.5836645 ], [ -1.0346872, 41.5834125 ], [ -1.0345579, 41.5832669 ], [ -1.0344842, 41.5831839 ], [ -1.0345235, 41.5828783 ], [ -1.0345253, 41.5824235 ], [ -1.0345301, 41.5820678 ], [ -1.0344994, 41.5819493 ], [ -1.0344656, 41.581819 ], [ -1.0344269, 41.5815166 ], [ -1.0343506, 41.5812631 ], [ -1.0342197, 41.5808331 ], [ -1.0341555, 41.5805753 ], [ -1.0341103, 41.5802863 ], [ -1.0339653, 41.579928 ], [ -1.0337561, 41.579902 ], [ -1.0334413, 41.579802 ], [ -1.0331436, 41.5797294 ], [ -1.0329761, 41.5795193 ], [ -1.0327851, 41.579289 ], [ -1.0327678, 41.5792681 ], [ -1.0327054, 41.5791499 ], [ -1.032673, 41.5788341 ], [ -1.0326713, 41.5784964 ], [ -1.0326407, 41.5783202 ], [ -1.0325536, 41.5782107 ], [ -1.0324276, 41.5780523 ], [ -1.0323864, 41.5780006 ], [ -1.0321537, 41.5777408 ], [ -1.0320094, 41.5775799 ], [ -1.03157, 41.5770409 ], [ -1.0312508, 41.5766887 ], [ -1.0310489, 41.576424 ], [ -1.030321, 41.5761053 ], [ -1.0301959, 41.5760762 ], [ -1.0299705, 41.5759958 ], [ -1.0297754, 41.5759023 ], [ -1.0293757, 41.5756343 ], [ -1.0286156, 41.575189 ], [ -1.0276555, 41.5746186 ], [ -1.026937, 41.5741874 ], [ -1.0262596, 41.573784 ], [ -1.0256253, 41.5735434 ], [ -1.0245216, 41.5729571 ], [ -1.0236586, 41.5725459 ], [ -1.0228481, 41.5721852 ], [ -1.0220209, 41.5717792 ], [ -1.0214825, 41.5715402 ], [ -1.0208363, 41.571295 ], [ -1.0203991, 41.5710802 ], [ -1.0197481, 41.5707988 ], [ -1.0194043, 41.5706668 ], [ -1.0191041, 41.5704815 ], [ -1.0188521, 41.5702925 ], [ -1.0183691, 41.570005 ], [ -1.0177979, 41.5696619 ], [ -1.0171727, 41.5693224 ], [ -1.0170344, 41.5692339 ], [ -1.016637, 41.5687997 ], [ -1.0163804, 41.5685611 ], [ -1.0161775, 41.5683325 ], [ -1.0158811, 41.5680256 ], [ -1.0156844, 41.5677925 ], [ -1.0154518, 41.5675543 ], [ -1.0150125, 41.5672135 ], [ -1.014305, 41.5668185 ], [ -1.0136407, 41.5663882 ], [ -1.0128882, 41.5658978 ], [ -1.0126347, 41.5657539 ], [ -1.0123406, 41.5655686 ], [ -1.0117514, 41.5652297 ], [ -1.0107448, 41.5646178 ], [ -1.0099139, 41.5641441 ], [ -1.0092542, 41.5637544 ], [ -1.0086703, 41.563438 ], [ -1.0084535, 41.5632767 ], [ -1.00806, 41.5630087 ], [ -1.0079306, 41.5629253 ], [ -1.0077614, 41.5627738 ], [ -1.0072576, 41.5623868 ], [ -1.0068658, 41.5620648 ], [ -1.0063689, 41.5616509 ], [ -1.0059761, 41.5613603 ], [ -1.0056895, 41.5611257 ], [ -1.0033197, 41.5592246 ], [ -1.0019814, 41.5582917 ], [ -1.0005613, 41.5572943 ], [ -0.9999542, 41.556955 ], [ -0.9987931, 41.5563088 ], [ -0.998027, 41.5558766 ], [ -0.9976088, 41.5556352 ], [ -0.9956231, 41.5547044 ], [ -0.9946658, 41.5542554 ], [ -0.992904, 41.5534545 ], [ -0.9909072, 41.5524667 ], [ -0.9907901, 41.5524088 ], [ -0.9887461, 41.5514319 ], [ -0.9868258, 41.5505291 ], [ -0.9856373, 41.5499994 ], [ -0.9851516, 41.5497765 ], [ -0.984668, 41.5495546 ], [ -0.9845794, 41.5495125 ], [ -0.9833911, 41.5489737 ], [ -0.9821443, 41.5483935 ], [ -0.9820854, 41.5483609 ], [ -0.9820527, 41.5483639 ], [ -0.9820535, 41.5483603 ], [ -0.9821293, 41.5480333 ], [ -0.982173, 41.5478446 ], [ -0.9814319, 41.5481558 ], [ -0.9811124, 41.5483438 ], [ -0.980748, 41.5485581 ], [ -0.9775855, 41.5503938 ], [ -0.9769349, 41.5508778 ], [ -0.9765369, 41.5513391 ], [ -0.9730526, 41.5573212 ], [ -0.9724147, 41.5581656 ], [ -0.9703362, 41.5602094 ], [ -0.9688464, 41.5618313 ], [ -0.9686609, 41.5620082 ], [ -0.9679727, 41.5626655 ], [ -0.9665593, 41.5640155 ], [ -0.9644571, 41.566419 ], [ -0.962928, 41.5685175 ], [ -0.9627871, 41.5688032 ], [ -0.9620073, 41.5703385 ], [ -0.9618001, 41.5709436 ], [ -0.9617319, 41.5710992 ], [ -0.9611494, 41.5724579 ], [ -0.9607764, 41.5732574 ], [ -0.9602454, 41.5745044 ], [ -0.9600919, 41.5748078 ], [ -0.9599521, 41.5750576 ], [ -0.9592198, 41.5760308 ], [ -0.9577512, 41.5779096 ], [ -0.9577318, 41.5779109 ], [ -0.9592768, 41.578445 ], [ -0.957366, 41.5810705 ], [ -0.9562114, 41.5826609 ], [ -0.9551621, 41.5841292 ], [ -0.9541704, 41.5853794 ], [ -0.9531207, 41.5864569 ], [ -0.9517622, 41.5876623 ], [ -0.9503465, 41.5886665 ], [ -0.9483404, 41.5898699 ], [ -0.946333, 41.5911113 ], [ -0.9451356, 41.5920336 ], [ -0.9432184, 41.5940296 ], [ -0.9421132, 41.5952442 ], [ -0.9400598, 41.5975237 ], [ -0.9393478, 41.5983497 ], [ -0.9384052, 41.5996387 ], [ -0.9376015, 41.6009492 ], [ -0.9372354, 41.6016766 ], [ -0.9366992, 41.6029634 ], [ -0.9363503, 41.6039484 ], [ -0.9361616, 41.6046885 ], [ -0.9356972, 41.60611 ], [ -0.9357102, 41.6061007 ], [ -0.9352995, 41.6074278 ], [ -0.934901, 41.6087742 ], [ -0.9346213, 41.6095794 ], [ -0.9343192, 41.6102888 ], [ -0.9341127, 41.6107903 ], [ -0.9335585, 41.6118384 ], [ -0.9327016, 41.6132147 ], [ -0.9314288, 41.6148884 ], [ -0.9303863, 41.6161088 ], [ -0.9299092, 41.6167294 ], [ -0.9298455, 41.6167819 ], [ -0.9272838, 41.6197969 ], [ -0.927312, 41.6198061 ], [ -0.9273764, 41.619827 ], [ -0.927687, 41.6198211 ], [ -0.9279031, 41.6198153 ], [ -0.928144, 41.6198088 ], [ -0.9285529, 41.6198062 ], [ -0.9289496, 41.6198037 ], [ -0.9293599, 41.6198011 ], [ -0.9297565, 41.6197986 ], [ -0.9301527, 41.6197961 ], [ -0.9304216, 41.6197944 ], [ -0.9308871, 41.6197915 ], [ -0.9309226, 41.6202479 ], [ -0.9309311, 41.6206142 ], [ -0.9308974, 41.6208607 ], [ -0.9307737, 41.6212644 ], [ -0.9307193, 41.6214187 ], [ -0.930552, 41.6217007 ], [ -0.930202, 41.6222765 ], [ -0.9298362, 41.6228579 ], [ -0.9294412, 41.6234961 ], [ -0.9318373, 41.6240412 ], [ -0.9332658, 41.6243619 ], [ -0.9352984, 41.6248128 ], [ -0.9374937, 41.625314 ], [ -0.9395764, 41.6258194 ], [ -0.9397047, 41.6257246 ], [ -0.9408875, 41.6249867 ], [ -0.9409137, 41.6250027 ], [ -0.9409188, 41.6250058 ], [ -0.9468962, 41.6210418 ], [ -0.9469536, 41.6208331 ], [ -0.949461, 41.6190763 ], [ -0.9609295, 41.6187371 ], [ -0.9623499, 41.61881 ], [ -0.962477, 41.6188252 ] ] ] } },
{ "type": "Feature", "properties": { "CCAA": "02 - Aragón", "PROVINCIA": "50 - Zaragoza", "MUNICIPIO": "50297 - Zaragoza", "COD_MUNICIPIO": "50297", "DISTRITO": "04", "SECCION": "5029704007", "V1_H": 80.8, "V1_M": 86.5, "V2_H": 80.66727015, "V2_M": 86.4570773, "V3_H": 81.13875257, "V3_M": 86.68010657000001 }, "geometry": { "type": "Polygon", "coordinates": [ [ [ -0.8867665, 41.6399393 ], [ -0.8868697, 41.6399525 ], [ -0.8874059, 41.6407008 ], [ -0.8875908, 41.6409587 ], [ -0.8875921, 41.6409573 ], [ -0.8876022, 41.6409455 ], [ -0.8876061, 41.640941 ], [ -0.8876919, 41.6408415 ], [ -0.8878586, 41.640648 ], [ -0.8879177, 41.6405795 ], [ -0.8881205, 41.6403446 ], [ -0.8882415, 41.6403878 ], [ -0.8882648, 41.6403962 ], [ -0.88836, 41.6404318 ], [ -0.8884744, 41.6404737 ], [ -0.8887499, 41.6405745 ], [ -0.889003, 41.6406672 ], [ -0.8890421, 41.6406749 ], [ -0.8891291, 41.6406923 ], [ -0.8891316, 41.6406928 ], [ -0.8891453, 41.6406955 ], [ -0.8891521, 41.6406969 ], [ -0.8891538, 41.6406921 ], [ -0.8891553, 41.6406912 ], [ -0.8891783, 41.6406177 ], [ -0.8892028, 41.6405307 ], [ -0.8892627, 41.640278 ], [ -0.888708, 41.639793 ], [ -0.8880986, 41.6392732 ], [ -0.8880986, 41.6392732 ], [ -0.8879641, 41.6391579 ], [ -0.8867665, 41.6399393 ] ] ] } },
{ "type": "Feature", "properties": { "CCAA": "02 - Aragón", "PROVINCIA": "50 - Zaragoza", "MUNICIPIO": "50297 - Zaragoza", "COD_MUNICIPIO": "50297", "DISTRITO": "04", "SECCION": "5029704009", "V1_H": 81.18, "V1_M": 86.79, "V2_H": 80.97904731, "V2_M": 86.77314473, "V3_H": 81.44010912, "V3_M": 86.96351832000001 }, "geometry": { "type": "Polygon", "coordinates": [ [ [ -0.8891553, 41.6406912 ], [ -0.8891552, 41.6406913 ], [ -0.8897108, 41.640858 ], [ -0.8905792, 41.6399521 ], [ -0.8905793, 41.639952 ], [ -0.8910444, 41.639487 ], [ -0.8916716, 41.6388598 ], [ -0.8913447, 41.6385551 ], [ -0.8913221, 41.6380084 ], [ -0.8913221, 41.6380083 ], [ -0.8912035, 41.6379627 ], [ -0.8912032, 41.6379626 ], [ -0.8905466, 41.6385069 ], [ -0.8900554, 41.6389022 ], [ -0.8894562, 41.6384869 ], [ -0.8893701, 41.6384273 ], [ -0.8891823, 41.6384853 ], [ -0.8889604, 41.6385338 ], [ -0.8888321, 41.6385975 ], [ -0.8887663, 41.6386302 ], [ -0.8885627, 41.6387643 ], [ -0.8881054, 41.6390658 ], [ -0.8879641, 41.6391579 ], [ -0.8880986, 41.6392732 ], [ -0.8880986, 41.6392732 ], [ -0.888708, 41.639793 ], [ -0.8892627, 41.640278 ], [ -0.8892028, 41.6405307 ], [ -0.8891783, 41.6406177 ], [ -0.8891553, 41.6406912 ] ] ] } },
{ "type": "Feature", "properties": { "CCAA": "02 - Aragón", "PROVINCIA": "50 - Zaragoza", "MUNICIPIO": "50297 - Zaragoza", "COD_MUNICIPIO": "50297", "DISTRITO": "04", "SECCION": "5029704014", "V1_H": 82.5, "V1_M": 87.29, "V2_H": 82.15783722, "V2_M": 87.30677587, "V3_H": 82.90083825000001, "V3_M": 87.37512967000001 }, "geometry": { "type": "Polygon", "coordinates": [ [ [ -0.8931942, 41.637573 ], [ -0.8931941, 41.6375695 ], [ -0.8933841, 41.6377891 ], [ -0.8935939, 41.6378056 ], [ -0.8937917, 41.637826 ], [ -0.8939535, 41.6378415 ], [ -0.8941478, 41.63786 ], [ -0.8942471, 41.6378679 ], [ -0.8946918, 41.6378761 ], [ -0.8948576, 41.6378497 ], [ -0.8952504, 41.6377873 ], [ -0.8974168, 41.6375233 ], [ -0.89801, 41.6374779 ], [ -0.8983514, 41.6374354 ], [ -0.8988855, 41.6370438 ], [ -0.8989588, 41.6362908 ], [ -0.8989048, 41.6358587 ], [ -0.8988055, 41.6354258 ], [ -0.8985847, 41.6350077 ], [ -0.8985856, 41.6347468 ], [ -0.8987445, 41.6345115 ], [ -0.8986942, 41.6341986 ], [ -0.8980196, 41.6337835 ], [ -0.8982215, 41.6333901 ], [ -0.8983946, 41.6331879 ], [ -0.8986183, 41.6329266 ], [ -0.898587, 41.6322624 ], [ -0.8985676, 41.6320326 ], [ -0.8985433, 41.6317454 ], [ -0.8984001, 41.6314989 ], [ -0.8987774, 41.6312903 ], [ -0.8993983, 41.6311428 ], [ -0.8996989, 41.6307342 ], [ -0.9001841, 41.6304595 ], [ -0.9005689, 41.6300185 ], [ -0.9006253, 41.6296791 ], [ -0.9009802, 41.6294732 ], [ -0.9015632, 41.6294379 ], [ -0.902064, 41.6291025 ], [ -0.9021535, 41.6282311 ], [ -0.9013331, 41.6270904 ], [ -0.9010391, 41.6267175 ], [ -0.9012622, 41.6264459 ], [ -0.9018205, 41.6262263 ], [ -0.9021287, 41.626163 ], [ -0.9023287, 41.6256613 ], [ -0.9026399, 41.6255061 ], [ -0.9030624, 41.6256976 ], [ -0.903746, 41.6253885 ], [ -0.9037661, 41.6247685 ], [ -0.9020405, 41.6241627 ], [ -0.9019293, 41.6238161 ], [ -0.9020315, 41.6234963 ], [ -0.9024995, 41.6232292 ], [ -0.9028995, 41.6231675 ], [ -0.9037622, 41.6229995 ], [ -0.9045638, 41.6228303 ], [ -0.9050921, 41.6225873 ], [ -0.9052406, 41.6225317 ], [ -0.9048538, 41.6220668 ], [ -0.9044477, 41.6218177 ], [ -0.9043807, 41.6218059 ], [ -0.9043805, 41.6218059 ], [ -0.9038987, 41.6217213 ], [ -0.9038986, 41.6217213 ], [ -0.9037191, 41.6217938 ], [ -0.9033694, 41.621935 ], [ -0.9013859, 41.6235764 ], [ -0.9010463, 41.6240701 ], [ -0.9003663, 41.6250586 ], [ -0.9002875, 41.6251304 ], [ -0.9001879, 41.6252179 ], [ -0.8997776, 41.6255784 ], [ -0.8996695, 41.6256734 ], [ -0.8992432, 41.626048 ], [ -0.8990304, 41.626235 ], [ -0.8987379, 41.626492 ], [ -0.8986158, 41.6266033 ], [ -0.8985332, 41.6266801 ], [ -0.8985331, 41.6266801 ], [ -0.8984582, 41.6267724 ], [ -0.8984581, 41.6267724 ], [ -0.8984077, 41.6268512 ], [ -0.898325, 41.6269966 ], [ -0.898252, 41.6271616 ], [ -0.8982509, 41.6271639 ], [ -0.8981934, 41.627296 ], [ -0.8981733, 41.6273456 ], [ -0.8981732, 41.627346 ], [ -0.8981641, 41.6273713 ], [ -0.898158, 41.6273884 ], [ -0.8980314, 41.6277418 ], [ -0.8980311, 41.6277425 ], [ -0.8979486, 41.6279519 ], [ -0.8978927, 41.6280825 ], [ -0.8978927, 41.6280825 ], [ -0.8978184, 41.6282009 ], [ -0.8977883, 41.628249 ], [ -0.8977403, 41.6283086 ], [ -0.8976759, 41.6283878 ], [ -0.8976758, 41.6283879 ], [ -0.8975793, 41.6284826 ], [ -0.897431, 41.6286238 ], [ -0.8971285, 41.6288298 ], [ -0.8968851, 41.6289949 ], [ -0.896744, 41.6290977 ], [ -0.8967437, 41.6290979 ], [ -0.8963486, 41.629394 ], [ -0.8962444, 41.629472 ], [ -0.8961332, 41.6295551 ], [ -0.8960759, 41.629598 ], [ -0.8960665, 41.6296013 ], [ -0.8959297, 41.6296492 ], [ -0.895814, 41.6296898 ], [ -0.8957615, 41.629703 ], [ -0.8956651, 41.6297273 ], [ -0.8954587, 41.629732 ], [ -0.8951969, 41.6297378 ], [ -0.8941719, 41.6297727 ], [ -0.8941696, 41.6297728 ], [ -0.8936524, 41.629792 ], [ -0.893016, 41.6298164 ], [ -0.8930159, 41.6298164 ], [ -0.8928174, 41.6298463 ], [ -0.8927173, 41.6298751 ], [ -0.8926914, 41.629886 ], [ -0.8926913, 41.6298861 ], [ -0.8925801, 41.6299356 ], [ -0.89258, 41.6299357 ], [ -0.8924906, 41.6299869 ], [ -0.8924261, 41.6300327 ], [ -0.8924158, 41.6300401 ], [ -0.8924156, 41.6300402 ], [ -0.8923153, 41.6301331 ], [ -0.8922521, 41.6302184 ], [ -0.8921872, 41.6303242 ], [ -0.8921578, 41.6303814 ], [ -0.8921211, 41.6304727 ], [ -0.8920611, 41.6306532 ], [ -0.8919863, 41.6308877 ], [ -0.8919003, 41.6311532 ], [ -0.8918682, 41.6312524 ], [ -0.8918037, 41.6314439 ], [ -0.8917448, 41.631619 ], [ -0.8917278, 41.6316696 ], [ -0.8916871, 41.6318021 ], [ -0.8916569, 41.6319692 ], [ -0.8916549, 41.6321197 ], [ -0.8916678, 41.6322115 ], [ -0.8917075, 41.6324939 ], [ -0.891768, 41.632899 ], [ -0.8917861, 41.6330418 ], [ -0.891795, 41.6331173 ], [ -0.8917923, 41.6331713 ], [ -0.8917351, 41.6333113 ], [ -0.8922303, 41.633966 ], [ -0.8924873, 41.6343063 ], [ -0.8926733, 41.6345564 ], [ -0.8930003, 41.6349959 ], [ -0.8931571, 41.6352066 ], [ -0.8926286, 41.6357133 ], [ -0.8921558, 41.6361664 ], [ -0.8921501, 41.6361825 ], [ -0.8921421, 41.6361795 ], [ -0.8921411, 41.6361804 ], [ -0.892185, 41.6361949 ], [ -0.8923154, 41.6363691 ], [ -0.8925319, 41.636647 ], [ -0.8926278, 41.6367777 ], [ -0.8927032, 41.6368812 ], [ -0.8927855, 41.6369928 ], [ -0.8928923, 41.637121 ], [ -0.8929436, 41.6371944 ], [ -0.8930398, 41.6373197 ], [ -0.8930072, 41.6373299 ], [ -0.8929029, 41.6373441 ], [ -0.892766, 41.6373711 ], [ -0.892604, 41.6374003 ], [ -0.892252, 41.6374342 ], [ -0.8921002, 41.6374463 ], [ -0.8921457, 41.6376029 ], [ -0.8925001, 41.6375649 ], [ -0.892691, 41.6375612 ], [ -0.8931813, 41.6375547 ], [ -0.8931942, 41.637573 ] ] ] } },
{ "type": "Feature", "properties": { "CCAA": "02 - Aragón", "PROVINCIA": "50 - Zaragoza", "MUNICIPIO": "50297 - Zaragoza", "COD_MUNICIPIO": "50297", "DISTRITO": "04", "SECCION": "5029704016", "V1_H": 81.9, "V1_M": 87.09, "V2_H": 81.63118556000001, "V2_M": 87.01244814, "V3_H": 82.24024873, "V3_M": 87.26921271000001 }, "geometry": { "type": "Polygon", "coordinates": [ [ [ -0.8935315, 41.6402168 ], [ -0.8940621, 41.6404908 ], [ -0.8941773, 41.6405503 ], [ -0.8941779, 41.6405496 ], [ -0.8944438, 41.6402581 ], [ -0.8945176, 41.6401703 ], [ -0.8950451, 41.6396015 ], [ -0.895968, 41.6386064 ], [ -0.8960699, 41.6384944 ], [ -0.8954599, 41.63817 ], [ -0.895019, 41.6379355 ], [ -0.8948576, 41.6378497 ], [ -0.8946918, 41.6378761 ], [ -0.8942471, 41.6378679 ], [ -0.8941478, 41.63786 ], [ -0.8939535, 41.6378415 ], [ -0.8937917, 41.637826 ], [ -0.8935939, 41.6378056 ], [ -0.8933841, 41.6377891 ], [ -0.8931941, 41.6375695 ], [ -0.8931942, 41.637573 ], [ -0.8931974, 41.6377983 ], [ -0.8932002, 41.637899 ], [ -0.8932272, 41.6379918 ], [ -0.8932543, 41.6380804 ], [ -0.8932941, 41.6381524 ], [ -0.8933762, 41.6382169 ], [ -0.8934525, 41.6382728 ], [ -0.8935458, 41.6383584 ], [ -0.8936521, 41.6384651 ], [ -0.8937484, 41.6385697 ], [ -0.8937792, 41.6386127 ], [ -0.8938053, 41.6386565 ], [ -0.8935989, 41.6387683 ], [ -0.8933728, 41.638907 ], [ -0.8930534, 41.6391263 ], [ -0.8930005, 41.6391703 ], [ -0.8930485, 41.639218 ], [ -0.8931079, 41.6392845 ], [ -0.8931592, 41.6393591 ], [ -0.8932032, 41.6394371 ], [ -0.8932437, 41.6395223 ], [ -0.8932479, 41.6395793 ], [ -0.8932828, 41.6396407 ], [ -0.8933537, 41.6397343 ], [ -0.8934299, 41.6398077 ], [ -0.8935284, 41.6398831 ], [ -0.8937352, 41.6399995 ], [ -0.8935315, 41.6402168 ] ] ] } },
{ "type": "Feature", "properties": { "CCAA": "02 - Aragón", "PROVINCIA": "50 - Zaragoza", "MUNICIPIO": "50297 - Zaragoza", "COD_MUNICIPIO": "50297", "DISTRITO": "04", "SECCION": "5029704045", "V1_H": 82.5, "V1_M": 87.29, "V2_H": 82.15783722, "V2_M": 87.30677587, "V3_H": 82.90083825000001, "V3_M": 87.37512967000001 }, "geometry": { "type": "Polygon", "coordinates": [ [ [ -0.9140152, 41.639527 ], [ -0.9140332, 41.6395668 ], [ -0.914056, 41.6396174 ], [ -0.9143625, 41.6403117 ], [ -0.9168886, 41.6398855 ], [ -0.9173962, 41.639792 ], [ -0.9176696, 41.6397362 ], [ -0.9179416, 41.6396768 ], [ -0.9182123, 41.6396139 ], [ -0.9184595, 41.6395528 ], [ -0.9186434, 41.639505 ], [ -0.9187489, 41.6394775 ], [ -0.9190147, 41.639404 ], [ -0.9192788, 41.6393271 ], [ -0.9195411, 41.6392467 ], [ -0.9196832, 41.6392009 ], [ -0.9198015, 41.6392009 ], [ -0.9199333, 41.6391663 ], [ -0.9200505, 41.6391272 ], [ -0.9201356, 41.6390429 ], [ -0.920245, 41.639 ], [ -0.9203535, 41.6389557 ], [ -0.9204609, 41.6389099 ], [ -0.9205672, 41.6388628 ], [ -0.9206724, 41.6388143 ], [ -0.9207765, 41.6387644 ], [ -0.9208793, 41.6387131 ], [ -0.920981, 41.6386606 ], [ -0.9210814, 41.6386066 ], [ -0.9211806, 41.6385514 ], [ -0.9212784, 41.6384949 ], [ -0.9213376, 41.6384592 ], [ -0.9213961, 41.6384226 ], [ -0.9214536, 41.6383854 ], [ -0.9215103, 41.6383473 ], [ -0.921566, 41.6383086 ], [ -0.9216209, 41.6382691 ], [ -0.9216748, 41.6382289 ], [ -0.9217278, 41.638188 ], [ -0.9217799, 41.6381464 ], [ -0.9218309, 41.6381041 ], [ -0.921881, 41.6380612 ], [ -0.9219301, 41.6380176 ], [ -0.9219781, 41.6379734 ], [ -0.9220251, 41.6379286 ], [ -0.922071, 41.6378831 ], [ -0.9221159, 41.6378371 ], [ -0.9221597, 41.6377905 ], [ -0.9222024, 41.6377433 ], [ -0.922244, 41.6376956 ], [ -0.9222845, 41.6376473 ], [ -0.9223239, 41.6375985 ], [ -0.9223621, 41.6375492 ], [ -0.9223992, 41.6374994 ], [ -0.9224351, 41.6374491 ], [ -0.9224698, 41.6373984 ], [ -0.9225034, 41.6373472 ], [ -0.9225357, 41.6372956 ], [ -0.9225668, 41.6372436 ], [ -0.9225968, 41.6371911 ], [ -0.9226255, 41.6371383 ], [ -0.9226529, 41.6370851 ], [ -0.9226791, 41.6370316 ], [ -0.9227041, 41.6369777 ], [ -0.9227278, 41.6369236 ], [ -0.9229056, 41.6366259 ], [ -0.9236872, 41.635317 ], [ -0.922756, 41.6358184 ], [ -0.9225885, 41.6359239 ], [ -0.9224438, 41.6360151 ], [ -0.9219552, 41.6363733 ], [ -0.9213958, 41.6365066 ], [ -0.9190192, 41.6366077 ], [ -0.9176013, 41.6365575 ], [ -0.9173803, 41.6365297 ], [ -0.9162193, 41.6360785 ], [ -0.9149287, 41.6355045 ], [ -0.9143149, 41.6345848 ], [ -0.9138919, 41.6339415 ], [ -0.9129563, 41.6328512 ], [ -0.9119083, 41.631523 ], [ -0.9119063, 41.6313699 ], [ -0.9118962, 41.6313561 ], [ -0.9118951, 41.6313546 ], [ -0.9116871, 41.6312856 ], [ -0.9115325, 41.6312342 ], [ -0.9112525, 41.6311419 ], [ -0.9109404, 41.6310403 ], [ -0.910902, 41.631028 ], [ -0.9106653, 41.6314472 ], [ -0.9106763, 41.6314391 ], [ -0.9104597, 41.6318623 ], [ -0.9103243, 41.6321137 ], [ -0.9100623, 41.6326 ], [ -0.9096991, 41.6332608 ], [ -0.9090058, 41.6340846 ], [ -0.9095734, 41.6343516 ], [ -0.9096963, 41.6344094 ], [ -0.9109259, 41.6349831 ], [ -0.9113875, 41.6352374 ], [ -0.9115697, 41.6353629 ], [ -0.9118036, 41.6355415 ], [ -0.9120337, 41.635741 ], [ -0.9121371, 41.6358335 ], [ -0.9121827, 41.635877 ], [ -0.9122193, 41.6359222 ], [ -0.912374, 41.6360994 ], [ -0.9124762, 41.6362285 ], [ -0.912625, 41.6364353 ], [ -0.9127219, 41.6365895 ], [ -0.9127615, 41.6366612 ], [ -0.9127991, 41.636729 ], [ -0.9128337, 41.6367915 ], [ -0.9132682, 41.6378106 ], [ -0.9136796, 41.6387755 ], [ -0.9137458, 41.6389308 ], [ -0.9140152, 41.639527 ] ] ] } },
{ "type": "Feature", "properties": { "CCAA": "02 - Aragón", "PROVINCIA": "50 - Zaragoza", "MUNICIPIO": "50297 - Zaragoza", "COD_MUNICIPIO": "50297", "DISTRITO": "04", "SECCION": "5029704048", "V1_H": 82.5, "V1_M": 87.29, "V2_H": 82.15783722, "V2_M": 87.30677587, "V3_H": 82.90083825000001, "V3_M": 87.37512967000001 }, "geometry": { "type": "Polygon", "coordinates": [ [ [ -0.9057983, 41.6385539 ], [ -0.9058155, 41.6385595 ], [ -0.9059674, 41.6386136 ], [ -0.9060663, 41.6386487 ], [ -0.9060883, 41.6386578 ], [ -0.9062611, 41.6387395 ], [ -0.9063702, 41.6387974 ], [ -0.9064857, 41.6388854 ], [ -0.9065336, 41.6389297 ], [ -0.9065684, 41.6389618 ], [ -0.9066399, 41.639044 ], [ -0.9067392, 41.6391999 ], [ -0.9065635, 41.6392562 ], [ -0.9067521, 41.6395798 ], [ -0.9068177, 41.6396925 ], [ -0.9069075, 41.6398464 ], [ -0.906914, 41.6398596 ], [ -0.9069149, 41.6398592 ], [ -0.9073377, 41.639723 ], [ -0.9081983, 41.6394456 ], [ -0.9082021, 41.6394444 ], [ -0.9078572, 41.638849 ], [ -0.9089091, 41.6384687 ], [ -0.9089076, 41.6384655 ], [ -0.9086186, 41.6381546 ], [ -0.9082953, 41.6379291 ], [ -0.9078669, 41.6377559 ], [ -0.9073776, 41.6376592 ], [ -0.9065059, 41.6375638 ], [ -0.9061695, 41.6380412 ], [ -0.9061251, 41.6381027 ], [ -0.9057988, 41.6385533 ], [ -0.9057983, 41.6385539 ] ] ] } },
{ "type": "Feature", "properties": { "CCAA": "02 - Aragón", "PROVINCIA": "50 - Zaragoza", "MUNICIPIO": "50297 - Zaragoza", "COD_MUNICIPIO": "50297", "DISTRITO": "04", "SECCION": "5029704056", "V1_H": 82.27, "V1_M": 87.07, "V2_H": 81.979544, "V2_M": 86.90367115, "V3_H": 82.63571561000001, "V3_M": 87.32539334000001 }, "geometry": { "type": "Polygon", "coordinates": [ [ [ -0.9065059, 41.6375638 ], [ -0.9073776, 41.6376592 ], [ -0.9078669, 41.6377559 ], [ -0.9082953, 41.6379291 ], [ -0.9086186, 41.6381546 ], [ -0.9089076, 41.6384655 ], [ -0.9089947, 41.6384361 ], [ -0.9097231, 41.6382087 ], [ -0.9102731, 41.6380141 ], [ -0.9104325, 41.6379311 ], [ -0.9106032, 41.6378405 ], [ -0.9108541, 41.6376967 ], [ -0.9110827, 41.6375816 ], [ -0.9111385, 41.6375534 ], [ -0.9116166, 41.6373045 ], [ -0.9121839, 41.637017 ], [ -0.9127991, 41.636729 ], [ -0.9127615, 41.6366612 ], [ -0.9127219, 41.6365895 ], [ -0.912625, 41.6364353 ], [ -0.9124762, 41.6362285 ], [ -0.912374, 41.6360994 ], [ -0.9122193, 41.6359222 ], [ -0.9121827, 41.635877 ], [ -0.9121371, 41.6358335 ], [ -0.9120337, 41.635741 ], [ -0.9118036, 41.6355415 ], [ -0.9115697, 41.6353629 ], [ -0.9113875, 41.6352374 ], [ -0.9109259, 41.6349831 ], [ -0.9096963, 41.6344094 ], [ -0.9095734, 41.6343516 ], [ -0.9090058, 41.6340846 ], [ -0.9087705, 41.634376 ], [ -0.9081323, 41.6352812 ], [ -0.9079449, 41.635528 ], [ -0.9079111, 41.6355757 ], [ -0.9072115, 41.6365602 ], [ -0.9069507, 41.6369272 ], [ -0.9065779, 41.6374618 ], [ -0.9065059, 41.6375638 ] ] ] } },
{ "type": "Feature", "properties": { "CCAA": "02 - Aragón", "PROVINCIA": "50 - Zaragoza", "MUNICIPIO": "50297 - Zaragoza", "COD_MUNICIPIO": "50297", "DISTRITO": "04", "SECCION": "5029704058", "V1_H": 82.5, "V1_M": 87.29, "V2_H": 82.15783722, "V2_M": 87.30677587, "V3_H": 82.90083825000001, "V3_M": 87.37512967000001 }, "geometry": { "type": "Polygon", "coordinates": [ [ [ -0.9349091, 41.6357119 ], [ -0.9349108, 41.6357131 ], [ -0.9349287, 41.6356851 ], [ -0.9355235, 41.636066 ], [ -0.9362448, 41.6364282 ], [ -0.9376839, 41.6371507 ], [ -0.9377458, 41.6370862 ], [ -0.9379353, 41.6368887 ], [ -0.9381842, 41.6365972 ], [ -0.9384461, 41.6363376 ], [ -0.9385192, 41.6362544 ], [ -0.9385906, 41.6361492 ], [ -0.9387104, 41.6360041 ], [ -0.9389445, 41.6357334 ], [ -0.9393234, 41.6353385 ], [ -0.9396434, 41.6350271 ], [ -0.9399056, 41.634757 ], [ -0.9401668, 41.6345185 ], [ -0.9402299, 41.6344795 ], [ -0.9402255, 41.634474 ], [ -0.9403848, 41.634311 ], [ -0.9408785, 41.6338547 ], [ -0.9414287, 41.6333889 ], [ -0.9417699, 41.6331659 ], [ -0.9417683, 41.6331643 ], [ -0.9419771, 41.632996 ], [ -0.942359, 41.6327741 ], [ -0.9428556, 41.6325399 ], [ -0.9436615, 41.6322684 ], [ -0.9443562, 41.6320949 ], [ -0.945655, 41.631806 ], [ -0.9469999, 41.6315631 ], [ -0.9479548, 41.6314282 ], [ -0.9479548, 41.63143 ], [ -0.949716, 41.6310111 ], [ -0.9501406, 41.6306422 ], [ -0.9503446, 41.6302169 ], [ -0.9503286, 41.6299211 ], [ -0.9503182, 41.6298626 ], [ -0.9503124, 41.6298302 ], [ -0.9498757, 41.6297796 ], [ -0.9490122, 41.6297776 ], [ -0.9490141, 41.6297842 ], [ -0.9412174, 41.6296065 ], [ -0.941094, 41.6300851 ], [ -0.9408632, 41.6305367 ], [ -0.9402911, 41.6309948 ], [ -0.9398932, 41.6312062 ], [ -0.939346, 41.6314024 ], [ -0.9386708, 41.631434 ], [ -0.9380654, 41.6313669 ], [ -0.9375381, 41.6312014 ], [ -0.9370543, 41.6309741 ], [ -0.9367287, 41.6307435 ], [ -0.9363393, 41.6304676 ], [ -0.9361584, 41.6303394 ], [ -0.9309959, 41.6291306 ], [ -0.9308812, 41.6294 ], [ -0.9296693, 41.6323331 ], [ -0.9294551, 41.632477 ], [ -0.9293022, 41.6324885 ], [ -0.9291871, 41.632515 ], [ -0.9288286, 41.6325991 ], [ -0.9285202, 41.632708 ], [ -0.9283846, 41.632777 ], [ -0.9280931, 41.6329529 ], [ -0.9277938, 41.6331715 ], [ -0.9276055, 41.6333015 ], [ -0.9273906, 41.6334644 ], [ -0.9271958, 41.6335944 ], [ -0.9269113, 41.6337513 ], [ -0.9267947, 41.6338207 ], [ -0.9265756, 41.6339168 ], [ -0.9260746, 41.6340889 ], [ -0.925812, 41.6341556 ], [ -0.9255056, 41.6342025 ], [ -0.925314, 41.6342324 ], [ -0.9250206, 41.63427 ], [ -0.9247914, 41.6342849 ], [ -0.9245748, 41.6343049 ], [ -0.9242815, 41.6343377 ], [ -0.9242073, 41.6343247 ], [ -0.9241965, 41.6343452 ], [ -0.9237596, 41.635179 ], [ -0.9238023, 41.6351631 ], [ -0.9239265, 41.6351237 ], [ -0.9240068, 41.6351013 ], [ -0.9241805, 41.6350536 ], [ -0.9243207, 41.6350074 ], [ -0.9243593, 41.6349983 ], [ -0.9244475, 41.6349786 ], [ -0.9246367, 41.6349308 ], [ -0.9246833, 41.6349229 ], [ -0.9248088, 41.6349025 ], [ -0.924988, 41.6348568 ], [ -0.92506, 41.6348412 ], [ -0.9251058, 41.6348313 ], [ -0.9253272, 41.6347963 ], [ -0.9255165, 41.6347663 ], [ -0.9257756, 41.6347212 ], [ -0.925881, 41.6347205 ], [ -0.9259822, 41.634726 ], [ -0.9261489, 41.6347305 ], [ -0.9263141, 41.6347439 ], [ -0.9265133, 41.6347483 ], [ -0.9265712, 41.6347416 ], [ -0.9266244, 41.6347242 ], [ -0.9266748, 41.6347145 ], [ -0.9267192, 41.6347116 ], [ -0.9268015, 41.6347098 ], [ -0.9268674, 41.6347124 ], [ -0.9272436, 41.634744 ], [ -0.9274617, 41.6347583 ], [ -0.9276491, 41.6347705 ], [ -0.9279583, 41.6348024 ], [ -0.9281638, 41.6348232 ], [ -0.9285358, 41.6348447 ], [ -0.9287129, 41.6348488 ], [ -0.9288274, 41.6348472 ], [ -0.9288975, 41.6348462 ], [ -0.9289508, 41.6348407 ], [ -0.9290653, 41.6348153 ], [ -0.9296002, 41.6346303 ], [ -0.9297511, 41.6345729 ], [ -0.9303018, 41.6343779 ], [ -0.9304457, 41.6343275 ], [ -0.9307951, 41.6342165 ], [ -0.9310967, 41.6341085 ], [ -0.9312714, 41.6340432 ], [ -0.9316316, 41.6339206 ], [ -0.9318982, 41.633828 ], [ -0.9319474, 41.6338058 ], [ -0.9320742, 41.6337825 ], [ -0.9322769, 41.6337925 ], [ -0.9324886, 41.6338266 ], [ -0.932567, 41.633857 ], [ -0.9326584, 41.6338751 ], [ -0.9327087, 41.6338884 ], [ -0.9328246, 41.6339238 ], [ -0.9329283, 41.6339648 ], [ -0.9329481, 41.6339773 ], [ -0.9329859, 41.6340011 ], [ -0.9330042, 41.6340154 ], [ -0.9333254, 41.634331 ], [ -0.9337087, 41.6347077 ], [ -0.9338444, 41.634841 ], [ -0.9341708, 41.6351616 ], [ -0.9341913, 41.6351779 ], [ -0.9344945, 41.6354053 ], [ -0.9345807, 41.6354682 ], [ -0.9347639, 41.6356048 ], [ -0.9349091, 41.6357119 ] ] ] } },
{ "type": "Feature", "properties": { "CCAA": "02 - Aragón", "PROVINCIA": "50 - Zaragoza", "MUNICIPIO": "50297 - Zaragoza", "COD_MUNICIPIO": "50297", "DISTRITO": "05", "SECCION": "5029705009", "V1_H": 81.02, "V1_M": 86.64, "V2_H": 80.81080237, "V2_M": 86.47452022, "V3_H": 81.32513937, "V3_M": 86.89244175 }, "geometry": { "type": "Polygon", "coordinates": [ [ [ -0.8696802, 41.6423284 ], [ -0.8699778, 41.6426573 ], [ -0.8703025, 41.6430157 ], [ -0.8706894, 41.643443 ], [ -0.8713499, 41.6442136 ], [ -0.8716344, 41.6441318 ], [ -0.8718687, 41.6440645 ], [ -0.8718687, 41.6440645 ], [ -0.8718929, 41.6439446 ], [ -0.8719469, 41.6436773 ], [ -0.87196, 41.6436126 ], [ -0.8720052, 41.6433886 ], [ -0.8720196, 41.6433173 ], [ -0.8720529, 41.6431525 ], [ -0.8720684, 41.6430761 ], [ -0.8721001, 41.6429154 ], [ -0.8719392, 41.642862 ], [ -0.8717539, 41.6428005 ], [ -0.871357, 41.6426689 ], [ -0.8711259, 41.6425922 ], [ -0.8706986, 41.6424505 ], [ -0.8704961, 41.6423833 ], [ -0.8702717, 41.6423089 ], [ -0.8700342, 41.6422301 ], [ -0.8698467, 41.6421676 ], [ -0.8698848, 41.6421327 ], [ -0.8699799, 41.6419763 ], [ -0.8701538, 41.6416927 ], [ -0.8702204, 41.641584 ], [ -0.8702289, 41.6415704 ], [ -0.8702288, 41.6415703 ], [ -0.8700161, 41.6414968 ], [ -0.8698476, 41.6414384 ], [ -0.869648, 41.6413693 ], [ -0.8691101, 41.641183 ], [ -0.869088, 41.641049 ], [ -0.8687012, 41.6412473 ], [ -0.8691794, 41.6417753 ], [ -0.8696802, 41.6423284 ] ] ] } },
{ "type": "Feature", "properties": { "CCAA": "02 - Aragón", "PROVINCIA": "50 - Zaragoza", "MUNICIPIO": "50297 - Zaragoza", "COD_MUNICIPIO": "50297", "DISTRITO": "05", "SECCION": "5029705011", "V1_H": 80.21, "V1_M": 86.17, "V2_H": 80.05188782, "V2_M": 86.17746221, "V3_H": 80.45086201, "V3_M": 86.3559927 }, "geometry": { "type": "Polygon", "coordinates": [ [ [ -0.868713, 41.6426619 ], [ -0.8688136, 41.6427774 ], [ -0.8691466, 41.642615 ], [ -0.8696256, 41.6423813 ], [ -0.8696802, 41.6423284 ], [ -0.8691794, 41.6417753 ], [ -0.8687012, 41.6412473 ], [ -0.8678435, 41.6416872 ], [ -0.8678803, 41.6417273 ], [ -0.8681145, 41.6419866 ], [ -0.8684463, 41.642354 ], [ -0.8686647, 41.6426061 ], [ -0.868713, 41.6426619 ] ] ] } },
{ "type": "Feature", "properties": { "CCAA": "02 - Aragón", "PROVINCIA": "50 - Zaragoza", "MUNICIPIO": "50297 - Zaragoza", "COD_MUNICIPIO": "50297", "DISTRITO": "03", "SECCION": "5029703052", "V1_H": 80.0, "V1_M": 86.03, "V2_H": 79.84963877, "V2_M": 86.04281727, "V3_H": 80.29290896000001, "V3_M": 86.20578322 }, "geometry": { "type": "Polygon", "coordinates": [ [ [ -0.9135844, 41.6482774 ], [ -0.9136202, 41.648365 ], [ -0.9138582, 41.6489697 ], [ -0.913975, 41.648948 ], [ -0.9146951, 41.6487848 ], [ -0.9146527, 41.6486951 ], [ -0.914357, 41.6479494 ], [ -0.9139949, 41.6469927 ], [ -0.9137626, 41.646939 ], [ -0.9137577, 41.6469468 ], [ -0.9137125, 41.6469338 ], [ -0.9135266, 41.6469853 ], [ -0.9132257, 41.6472515 ], [ -0.9132226, 41.6474444 ], [ -0.9133145, 41.6476306 ], [ -0.9133096, 41.6476367 ], [ -0.9134427, 41.6479317 ], [ -0.9135844, 41.6482774 ] ] ] } },
{ "type": "Feature", "properties": { "CCAA": "02 - Aragón", "PROVINCIA": "50 - Zaragoza", "MUNICIPIO": "50297 - Zaragoza", "COD_MUNICIPIO": "50297", "DISTRITO": "03", "SECCION": "5029703054", "V1_H": 79.83, "V1_M": 85.66, "V2_H": 79.86201885, "V2_M": 85.75249, "V3_H": 79.86616026, "V3_M": 85.80070523000001 }, "geometry": { "type": "Polygon", "coordinates": [ [ [ -0.9099671, 41.6514179 ], [ -0.9099662, 41.6514181 ], [ -0.9100551, 41.6516241 ], [ -0.9102572, 41.652092 ], [ -0.9104121, 41.6520565 ], [ -0.9107403, 41.6519812 ], [ -0.9113758, 41.6518354 ], [ -0.9114972, 41.6518076 ], [ -0.9118584, 41.6517265 ], [ -0.9121963, 41.6516528 ], [ -0.9124173, 41.6516045 ], [ -0.9125687, 41.6515715 ], [ -0.9125957, 41.6515656 ], [ -0.9123254, 41.6508772 ], [ -0.9122985, 41.6508086 ], [ -0.9122894, 41.6508105 ], [ -0.9122377, 41.6508221 ], [ -0.911929, 41.650891 ], [ -0.9116852, 41.6509453 ], [ -0.9115723, 41.6509701 ], [ -0.9114519, 41.6509966 ], [ -0.9113264, 41.6509635 ], [ -0.911284, 41.6510385 ], [ -0.9112675, 41.651166 ], [ -0.9112672, 41.6511786 ], [ -0.911269, 41.6512044 ], [ -0.9111582, 41.6512217 ], [ -0.9109404, 41.6512565 ], [ -0.9106797, 41.6512982 ], [ -0.9103676, 41.6513481 ], [ -0.9101653, 41.6513822 ], [ -0.9099975, 41.6514124 ], [ -0.9099782, 41.6514159 ], [ -0.9099671, 41.6514179 ] ] ] } },
{ "type": "Feature", "properties": { "CCAA": "02 - Aragón", "PROVINCIA": "50 - Zaragoza", "MUNICIPIO": "50297 - Zaragoza", "COD_MUNICIPIO": "50297", "DISTRITO": "03", "SECCION": "5029703079", "V1_H": 79.35, "V1_M": 85.2, "V2_H": 79.29922448000001, "V2_M": 85.22530012, "V3_H": 79.59037894, "V3_M": 85.4114479 }, "geometry": { "type": "Polygon", "coordinates": [ [ [ -0.9036301, 41.6477539 ], [ -0.9038334, 41.6481999 ], [ -0.9040259, 41.648622 ], [ -0.90427, 41.6485589 ], [ -0.9044474, 41.6485138 ], [ -0.904912, 41.6483963 ], [ -0.9050085, 41.6483719 ], [ -0.9055695, 41.6482301 ], [ -0.9056877, 41.6482002 ], [ -0.9061691, 41.6480786 ], [ -0.9061816, 41.6480803 ], [ -0.9061936, 41.6480819 ], [ -0.9061986, 41.6479271 ], [ -0.90606, 41.647929 ], [ -0.905829, 41.6478792 ], [ -0.9057658, 41.6478494 ], [ -0.9057237, 41.6477912 ], [ -0.9056905, 41.6477198 ], [ -0.9054313, 41.6471634 ], [ -0.9049694, 41.6473146 ], [ -0.903932, 41.6476543 ], [ -0.9037894, 41.6477009 ], [ -0.9036301, 41.6477539 ] ] ] } },
{ "type": "Feature", "properties": { "CCAA": "02 - Aragón", "PROVINCIA": "50 - Zaragoza", "MUNICIPIO": "50297 - Zaragoza", "COD_MUNICIPIO": "50297", "DISTRITO": "03", "SECCION": "5029703081", "V1_H": 81.41, "V1_M": 86.82, "V2_H": 80.96532964, "V2_M": 86.87567885, "V3_H": 81.8694609, "V3_M": 86.90400308 }, "geometry": { "type": "Polygon", "coordinates": [ [ [ -0.9099238, 41.6441775 ], [ -0.9101256, 41.644563 ], [ -0.9106218, 41.6454225 ], [ -0.911199, 41.6452323 ], [ -0.9112103, 41.6452286 ], [ -0.9113797, 41.6451728 ], [ -0.911493, 41.6451355 ], [ -0.911888, 41.6450054 ], [ -0.9120472, 41.6449536 ], [ -0.9123164, 41.6448665 ], [ -0.9124615, 41.6448196 ], [ -0.9128151, 41.6447051 ], [ -0.9131367, 41.644601 ], [ -0.9134913, 41.6444861 ], [ -0.9134902, 41.6444845 ], [ -0.9134051, 41.6443544 ], [ -0.9133457, 41.644262 ], [ -0.9132783, 41.6441505 ], [ -0.9131157, 41.6438816 ], [ -0.9130432, 41.6437617 ], [ -0.9130254, 41.6437307 ], [ -0.9129093, 41.643766 ], [ -0.9127889, 41.6435541 ], [ -0.9127581, 41.6434999 ], [ -0.9126957, 41.643392 ], [ -0.9125595, 41.6434054 ], [ -0.9124842, 41.6434111 ], [ -0.912483, 41.6434121 ], [ -0.9124833, 41.6434227 ], [ -0.9124858, 41.6435198 ], [ -0.9124194, 41.6436029 ], [ -0.9121118, 41.6439875 ], [ -0.9120535, 41.6440605 ], [ -0.9116412, 41.6441653 ], [ -0.9111657, 41.644319 ], [ -0.9110448, 41.6443575 ], [ -0.910885, 41.644361 ], [ -0.9107856, 41.6443453 ], [ -0.910345, 41.6442589 ], [ -0.9099261, 41.6441764 ], [ -0.9099238, 41.6441775 ] ] ] } },
{ "type": "Feature", "properties": { "CCAA": "02 - Aragón", "PROVINCIA": "50 - Zaragoza", "MUNICIPIO": "50297 - Zaragoza", "COD_MUNICIPIO": "50297", "DISTRITO": "03", "SECCION": "5029703088", "V1_H": 79.92, "V1_M": 85.8, "V2_H": 79.90391364, "V2_M": 85.68196434, "V3_H": 80.09820982, "V3_M": 86.14356104 }, "geometry": { "type": "Polygon", "coordinates": [ [ [ -0.9026849, 41.6557397 ], [ -0.9042444, 41.6559455 ], [ -0.9044105, 41.6552778 ], [ -0.904436, 41.6551445 ], [ -0.9043687, 41.6551349 ], [ -0.904088, 41.6550949 ], [ -0.9038479, 41.6550638 ], [ -0.9032943, 41.6549922 ], [ -0.9028748, 41.6549378 ], [ -0.9026849, 41.6557397 ] ] ] } },
{ "type": "Feature", "properties": { "CCAA": "02 - Aragón", "PROVINCIA": "50 - Zaragoza", "MUNICIPIO": "50297 - Zaragoza", "COD_MUNICIPIO": "50297", "DISTRITO": "03", "SECCION": "5029703090", "V1_H": 81.1, "V1_M": 86.64, "V2_H": 80.60081217, "V2_M": 86.48118059, "V3_H": 81.51550291, "V3_M": 86.87452308 }, "geometry": { "type": "Polygon", "coordinates": [ [ [ -0.9099238, 41.6441775 ], [ -0.9099261, 41.6441764 ], [ -0.910345, 41.6442589 ], [ -0.9107856, 41.6443453 ], [ -0.910885, 41.644361 ], [ -0.9110448, 41.6443575 ], [ -0.9111657, 41.644319 ], [ -0.9116412, 41.6441653 ], [ -0.9120535, 41.6440605 ], [ -0.9121118, 41.6439875 ], [ -0.9124194, 41.6436029 ], [ -0.9124858, 41.6435198 ], [ -0.9124833, 41.6434227 ], [ -0.912483, 41.6434121 ], [ -0.9124842, 41.6434111 ], [ -0.9124829, 41.6434112 ], [ -0.9124829, 41.6434111 ], [ -0.912481, 41.643341 ], [ -0.9123084, 41.6430331 ], [ -0.9121589, 41.6427662 ], [ -0.9121514, 41.6427881 ], [ -0.9120822, 41.6429893 ], [ -0.9120254, 41.6431541 ], [ -0.9119584, 41.6433486 ], [ -0.9118915, 41.6435304 ], [ -0.9114815, 41.6434421 ], [ -0.9110259, 41.6433439 ], [ -0.910791, 41.6432933 ], [ -0.9106178, 41.6432582 ], [ -0.9100805, 41.6431517 ], [ -0.9096046, 41.6430574 ], [ -0.9091642, 41.6429697 ], [ -0.9091383, 41.6429657 ], [ -0.9089627, 41.6433955 ], [ -0.9089054, 41.6435359 ], [ -0.9088981, 41.64364 ], [ -0.908946, 41.6437396 ], [ -0.9090242, 41.6438727 ], [ -0.9091233, 41.6439705 ], [ -0.9092701, 41.6440472 ], [ -0.9097978, 41.6441507 ], [ -0.9098009, 41.6441513 ], [ -0.9099226, 41.6441752 ], [ -0.9099238, 41.6441775 ] ] ] } },
{ "type": "Feature", "properties": { "CCAA": "02 - Aragón", "PROVINCIA": "50 - Zaragoza", "MUNICIPIO": "50297 - Zaragoza", "COD_MUNICIPIO": "50297", "DISTRITO": "04", "SECCION": "5029704027", "V1_H": 80.56, "V1_M": 86.09, "V2_H": 80.29410508, "V2_M": 85.89209003000001, "V3_H": 80.91212464, "V3_M": 86.35342073 }, "geometry": { "type": "Polygon", "coordinates": [ [ [ -0.8968514, 41.6450462 ], [ -0.8974028, 41.6453119 ], [ -0.8975661, 41.6453905 ], [ -0.8977595, 41.6454836 ], [ -0.8978142, 41.6455222 ], [ -0.8982092, 41.6457998 ], [ -0.8991375, 41.6454193 ], [ -0.8998286, 41.6451367 ], [ -0.8999171, 41.6450519 ], [ -0.8999396, 41.6450293 ], [ -0.8999252, 41.6450238 ], [ -0.8998912, 41.6450134 ], [ -0.8997349, 41.6449657 ], [ -0.8996369, 41.6449134 ], [ -0.899463, 41.6448203 ], [ -0.8989813, 41.6445622 ], [ -0.8986933, 41.6444079 ], [ -0.8985431, 41.6443274 ], [ -0.8983569, 41.6442277 ], [ -0.8980321, 41.6440537 ], [ -0.897274, 41.6436474 ], [ -0.8967936, 41.6433901 ], [ -0.8965202, 41.6432436 ], [ -0.8960548, 41.6437319 ], [ -0.8955391, 41.6442728 ], [ -0.8954487, 41.6443705 ], [ -0.8957822, 41.6445311 ], [ -0.8962718, 41.644767 ], [ -0.8968514, 41.6450462 ] ] ] } },
{ "type": "Feature", "properties": { "CCAA": "02 - Aragón", "PROVINCIA": "50 - Zaragoza", "MUNICIPIO": "50297 - Zaragoza", "COD_MUNICIPIO": "50297", "DISTRITO": "04", "SECCION": "5029704029", "V1_H": 81.47, "V1_M": 86.8, "V2_H": 81.3148143, "V2_M": 86.48589846, "V3_H": 81.69126572, "V3_M": 87.1320201 }, "geometry": { "type": "Polygon", "coordinates": [ [ [ -0.8947594, 41.642309 ], [ -0.8950512, 41.6424602 ], [ -0.895262, 41.6425694 ], [ -0.8953911, 41.6426386 ], [ -0.8958421, 41.6421483 ], [ -0.8958851, 41.6421015 ], [ -0.8961598, 41.6417885 ], [ -0.8961598, 41.6417884 ], [ -0.8964227, 41.6415106 ], [ -0.8970117, 41.6408771 ], [ -0.8971655, 41.6407117 ], [ -0.898193, 41.6396066 ], [ -0.8975699, 41.6392844 ], [ -0.8974041, 41.6391986 ], [ -0.8969464, 41.6389374 ], [ -0.8967127, 41.6388213 ], [ -0.8956806, 41.639935 ], [ -0.8951848, 41.6404699 ], [ -0.8950703, 41.6405918 ], [ -0.8947869, 41.6408751 ], [ -0.894784, 41.640878 ], [ -0.8950563, 41.6410319 ], [ -0.8947845, 41.6412819 ], [ -0.8947789, 41.6412834 ], [ -0.894781, 41.6412845 ], [ -0.8941289, 41.6419824 ], [ -0.8947594, 41.642309 ] ] ] } },
{ "type": "Feature", "properties": { "CCAA": "02 - Aragón", "PROVINCIA": "50 - Zaragoza", "MUNICIPIO": "50297 - Zaragoza", "COD_MUNICIPIO": "50297", "DISTRITO": "04", "SECCION": "5029704038", "V1_H": 81.47, "V1_M": 86.75, "V2_H": 81.12898066, "V2_M": 86.51613614, "V3_H": 81.81510349, "V3_M": 87.06728245 }, "geometry": { "type": "Polygon", "coordinates": [ [ [ -0.9049127, 41.6323916 ], [ -0.9060174, 41.6328315 ], [ -0.9061587, 41.6328524 ], [ -0.9063138, 41.6329174 ], [ -0.9064978, 41.6329858 ], [ -0.9069075, 41.6331598 ], [ -0.9079566, 41.6335928 ], [ -0.9080477, 41.6334657 ], [ -0.9082512, 41.6326757 ], [ -0.9082483, 41.6326013 ], [ -0.9082156, 41.6322853 ], [ -0.9082142, 41.6322708 ], [ -0.9081928, 41.6320563 ], [ -0.9081809, 41.6319262 ], [ -0.9081626, 41.6317256 ], [ -0.9081538, 41.6316322 ], [ -0.9081278, 41.6313558 ], [ -0.9081091, 41.6311694 ], [ -0.9080857, 41.6309358 ], [ -0.9080757, 41.6308337 ], [ -0.908052, 41.6305881 ], [ -0.9080395, 41.6304804 ], [ -0.9080153, 41.6302454 ], [ -0.9079952, 41.6300436 ], [ -0.9079821, 41.6299288 ], [ -0.9079653, 41.6297998 ], [ -0.9079613, 41.6297673 ], [ -0.9079614, 41.6297673 ], [ -0.9079602, 41.6297659 ], [ -0.9079568, 41.6297617 ], [ -0.9078523, 41.6297201 ], [ -0.9077156, 41.629661 ], [ -0.9074538, 41.6295481 ], [ -0.9073103, 41.6294815 ], [ -0.9071862, 41.6294233 ], [ -0.9071645, 41.6294132 ], [ -0.9071644, 41.6294132 ], [ -0.9068972, 41.6297358 ], [ -0.9068391, 41.629806 ], [ -0.9066378, 41.6300546 ], [ -0.9063959, 41.6303818 ], [ -0.9058687, 41.6310953 ], [ -0.9057146, 41.6313086 ], [ -0.9056197, 41.6314298 ], [ -0.9055738, 41.6315 ], [ -0.9055241, 41.6316017 ], [ -0.9055003, 41.6317576 ], [ -0.9049127, 41.6323916 ] ] ] } },
{ "type": "Feature", "properties": { "CCAA": "02 - Aragón", "PROVINCIA": "50 - Zaragoza", "MUNICIPIO": "50297 - Zaragoza", "COD_MUNICIPIO": "50297", "DISTRITO": "04", "SECCION": "5029704040", "V1_H": 80.34, "V1_M": 85.99, "V2_H": 80.22806877, "V2_M": 85.94669411, "V3_H": 80.64200885, "V3_M": 86.09540763 }, "geometry": { "type": "Polygon", "coordinates": [ [ [ -0.9079602, 41.6297659 ], [ -0.9079614, 41.6297673 ], [ -0.9079613, 41.6297673 ], [ -0.9079653, 41.6297998 ], [ -0.9079821, 41.6299288 ], [ -0.9079952, 41.6300436 ], [ -0.9080153, 41.6302454 ], [ -0.9080395, 41.6304804 ], [ -0.908052, 41.6305881 ], [ -0.9080757, 41.6308337 ], [ -0.9080857, 41.6309358 ], [ -0.9081091, 41.6311694 ], [ -0.9081278, 41.6313558 ], [ -0.9081538, 41.6316322 ], [ -0.9081626, 41.6317256 ], [ -0.9081809, 41.6319262 ], [ -0.9081928, 41.6320563 ], [ -0.9082142, 41.6322708 ], [ -0.9082156, 41.6322853 ], [ -0.9088054, 41.632086 ], [ -0.9090392, 41.632007 ], [ -0.9090391, 41.632006 ], [ -0.9090371, 41.6319831 ], [ -0.9090206, 41.631819 ], [ -0.9090146, 41.6317591 ], [ -0.9089894, 41.6315091 ], [ -0.9089638, 41.6312544 ], [ -0.9089543, 41.63116 ], [ -0.9089256, 41.6308743 ], [ -0.9088968, 41.6305883 ], [ -0.9088872, 41.6304933 ], [ -0.9088627, 41.6302493 ], [ -0.9088526, 41.6301507 ], [ -0.9087991, 41.6301268 ], [ -0.9086027, 41.6300391 ], [ -0.9084128, 41.6299544 ], [ -0.908252, 41.6298826 ], [ -0.9081744, 41.6298479 ], [ -0.9081378, 41.6298316 ], [ -0.9079929, 41.6297755 ], [ -0.907966, 41.6297653 ], [ -0.9079602, 41.6297659 ] ] ] } },
{ "type": "Feature", "properties": { "CCAA": "02 - Aragón", "PROVINCIA": "50 - Zaragoza", "MUNICIPIO": "50297 - Zaragoza", "COD_MUNICIPIO": "50297", "DISTRITO": "04", "SECCION": "5029704065", "V1_H": 81.11, "V1_M": 86.51, "V2_H": 80.75023294, "V2_M": 86.37370028, "V3_H": 81.47997818, "V3_M": 86.68611994 }, "geometry": { "type": "Polygon", "coordinates": [ [ [ -0.9241369, 41.6184432 ], [ -0.9244419, 41.6186833 ], [ -0.9251574, 41.6190331 ], [ -0.9259177, 41.6193195 ], [ -0.9265937, 41.6195723 ], [ -0.9272838, 41.6197969 ], [ -0.9298455, 41.6167819 ], [ -0.9298505, 41.616776 ], [ -0.9260254, 41.615444 ], [ -0.9241369, 41.6184432 ] ] ] } },
{ "type": "Feature", "properties": { "CCAA": "02 - Aragón", "PROVINCIA": "50 - Zaragoza", "MUNICIPIO": "50297 - Zaragoza", "COD_MUNICIPIO": "50297", "DISTRITO": "04", "SECCION": "5029704067", "V1_H": 81.0, "V1_M": 86.46, "V2_H": 80.73228769000001, "V2_M": 86.26471443, "V3_H": 81.28044537, "V3_M": 86.73149122 }, "geometry": { "type": "Polygon", "coordinates": [ [ [ -0.9294338, 41.6234934 ], [ -0.9294412, 41.6234961 ], [ -0.9298362, 41.6228579 ], [ -0.930202, 41.6222765 ], [ -0.930552, 41.6217007 ], [ -0.9307193, 41.6214187 ], [ -0.9307737, 41.6212644 ], [ -0.9308974, 41.6208607 ], [ -0.9309311, 41.6206142 ], [ -0.9309226, 41.6202479 ], [ -0.9308871, 41.6197915 ], [ -0.9304216, 41.6197944 ], [ -0.9301527, 41.6197961 ], [ -0.9297565, 41.6197986 ], [ -0.9293599, 41.6198011 ], [ -0.9289496, 41.6198037 ], [ -0.9285529, 41.6198062 ], [ -0.928144, 41.6198088 ], [ -0.9279031, 41.6198153 ], [ -0.927687, 41.6198211 ], [ -0.9273764, 41.619827 ], [ -0.9258844, 41.6216928 ], [ -0.9256915, 41.6218307 ], [ -0.9255016, 41.6220745 ], [ -0.9262692, 41.6223492 ], [ -0.9275154, 41.6228001 ], [ -0.9284417, 41.6231402 ], [ -0.9294338, 41.6234934 ] ] ] } },
{ "type": "Feature", "properties": { "CCAA": "02 - Aragón", "PROVINCIA": "50 - Zaragoza", "MUNICIPIO": "50297 - Zaragoza", "COD_MUNICIPIO": "50297", "DISTRITO": "04", "SECCION": "5029704072", "V1_H": 81.88, "V1_M": 87.06, "V2_H": 81.54316391, "V2_M": 86.92154098, "V3_H": 82.24926416, "V3_M": 87.34198023 }, "geometry": { "type": "Polygon", "coordinates": [ [ [ -0.9319619, 41.626685 ], [ -0.9331791, 41.6269571 ], [ -0.9353544, 41.6274609 ], [ -0.9366948, 41.627759 ], [ -0.9374722, 41.6272845 ], [ -0.9382987, 41.6267632 ], [ -0.9395764, 41.6258194 ], [ -0.9374937, 41.625314 ], [ -0.9352984, 41.6248128 ], [ -0.9332658, 41.6243619 ], [ -0.9318373, 41.6240412 ], [ -0.9294412, 41.6234961 ], [ -0.9294338, 41.6234934 ], [ -0.929437, 41.6235042 ], [ -0.9287097, 41.624797 ], [ -0.9286948, 41.6248634 ], [ -0.9299045, 41.6251712 ], [ -0.9295357, 41.6261002 ], [ -0.9310347, 41.6264777 ], [ -0.9319619, 41.626685 ] ] ] } },
{ "type": "Feature", "properties": { "CCAA": "02 - Aragón", "PROVINCIA": "50 - Zaragoza", "MUNICIPIO": "50297 - Zaragoza", "COD_MUNICIPIO": "50297", "DISTRITO": "05", "SECCION": "5029705004", "V1_H": 81.18, "V1_M": 86.79, "V2_H": 80.97904731, "V2_M": 86.77314473, "V3_H": 81.44010912, "V3_M": 86.96351832000001 }, "geometry": { "type": "Polygon", "coordinates": [ [ [ -0.8741762, 41.6454074 ], [ -0.8748342, 41.6461683 ], [ -0.875644, 41.6457973 ], [ -0.8758816, 41.6456885 ], [ -0.8766708, 41.645327 ], [ -0.8764137, 41.6450013 ], [ -0.8760834, 41.6445827 ], [ -0.8759156, 41.6446552 ], [ -0.8752445, 41.6449454 ], [ -0.8751687, 41.6449783 ], [ -0.8741762, 41.6454074 ] ] ] } },
{ "type": "Feature", "properties": { "CCAA": "02 - Aragón", "PROVINCIA": "50 - Zaragoza", "MUNICIPIO": "50297 - Zaragoza", "COD_MUNICIPIO": "50297", "DISTRITO": "05", "SECCION": "5029705025", "V1_H": 79.9, "V1_M": 85.71, "V2_H": 79.8721496, "V2_M": 85.86187756, "V3_H": 80.05417582, "V3_M": 85.81846709 }, "geometry": { "type": "Polygon", "coordinates": [ [ [ -0.8775066, 41.6370746 ], [ -0.8779823, 41.637318 ], [ -0.8795191, 41.6381045 ], [ -0.8796319, 41.6381627 ], [ -0.8797254, 41.6380628 ], [ -0.8798918, 41.6378731 ], [ -0.8799414, 41.6378159 ], [ -0.8799645, 41.6377851 ], [ -0.8799682, 41.6377861 ], [ -0.8800147, 41.6377303 ], [ -0.8801646, 41.6376133 ], [ -0.8803386, 41.637478 ], [ -0.8804649, 41.6373758 ], [ -0.8804724, 41.637367 ], [ -0.8804727, 41.6373667 ], [ -0.8801239, 41.6371228 ], [ -0.8797714, 41.6368761 ], [ -0.8794201, 41.6366304 ], [ -0.8791299, 41.6364272 ], [ -0.8790696, 41.6363846 ], [ -0.87871, 41.6361296 ], [ -0.8784725, 41.6363161 ], [ -0.8779956, 41.6366906 ], [ -0.87796, 41.6367185 ], [ -0.8776871, 41.6369328 ], [ -0.8775066, 41.6370746 ] ] ] } },
{ "type": "Feature", "properties": { "CCAA": "02 - Aragón", "PROVINCIA": "50 - Zaragoza", "MUNICIPIO": "50297 - Zaragoza", "COD_MUNICIPIO": "50297", "DISTRITO": "03", "SECCION": "5029703063", "V1_H": 80.31, "V1_M": 85.98, "V2_H": 80.51251293, "V2_M": 86.22129475, "V3_H": 80.221823, "V3_M": 85.87405604 }, "geometry": { "type": "Polygon", "coordinates": [ [ [ -0.9158282, 41.6485379 ], [ -0.9160511, 41.6491836 ], [ -0.9160752, 41.6493098 ], [ -0.9161202, 41.6494684 ], [ -0.9161215, 41.6496905 ], [ -0.9162104, 41.64992 ], [ -0.9156966, 41.6500338 ], [ -0.9157752, 41.6502257 ], [ -0.9160177, 41.650818 ], [ -0.9162982, 41.6507548 ], [ -0.9165037, 41.6507086 ], [ -0.9171286, 41.6505986 ], [ -0.9171295, 41.6505967 ], [ -0.9171386, 41.6505773 ], [ -0.9171448, 41.6505712 ], [ -0.9171413, 41.6505715 ], [ -0.9172533, 41.650329 ], [ -0.9172215, 41.650252 ], [ -0.9169879, 41.6496008 ], [ -0.9170891, 41.6494987 ], [ -0.917108, 41.6494032 ], [ -0.9168859, 41.6487963 ], [ -0.9167259, 41.6483448 ], [ -0.9158282, 41.6485379 ] ] ] } },
{ "type": "Feature", "properties": { "CCAA": "02 - Aragón", "PROVINCIA": "50 - Zaragoza", "MUNICIPIO": "50297 - Zaragoza", "COD_MUNICIPIO": "50297", "DISTRITO": "03", "SECCION": "5029703070", "V1_H": 80.0, "V1_M": 86.03, "V2_H": 79.84963877, "V2_M": 86.04281727, "V3_H": 80.29290896000001, "V3_M": 86.20578322 }, "geometry": { "type": "Polygon", "coordinates": [ [ [ -0.9007877, 41.6524991 ], [ -0.9008129, 41.6525537 ], [ -0.9009761, 41.6528965 ], [ -0.9012784, 41.6535326 ], [ -0.9024269, 41.6532379 ], [ -0.9021288, 41.6526001 ], [ -0.9020868, 41.6525104 ], [ -0.9019571, 41.6522257 ], [ -0.9014177, 41.6510417 ], [ -0.9011467, 41.6511111 ], [ -0.90082, 41.6511941 ], [ -0.9008609, 41.6512841 ], [ -0.9010409, 41.6516804 ], [ -0.9010809, 41.6517683 ], [ -0.9012562, 41.6521542 ], [ -0.9013061, 41.6522638 ], [ -0.9010149, 41.6523476 ], [ -0.9009343, 41.6523844 ], [ -0.9008146, 41.6524392 ], [ -0.9007877, 41.6524991 ] ] ] } },
{ "type": "Feature", "properties": { "CCAA": "02 - Aragón", "PROVINCIA": "50 - Zaragoza", "MUNICIPIO": "50297 - Zaragoza", "COD_MUNICIPIO": "50297", "DISTRITO": "03", "SECCION": "5029703082", "V1_H": 82.5, "V1_M": 87.29, "V2_H": 82.15783722, "V2_M": 87.30677587, "V3_H": 82.90083825000001, "V3_M": 87.37512967000001 }, "geometry": { "type": "Polygon", "coordinates": [ [ [ -0.9124842, 41.6434111 ], [ -0.9125595, 41.6434054 ], [ -0.9126957, 41.643392 ], [ -0.9127581, 41.6434999 ], [ -0.9127889, 41.6435541 ], [ -0.9129093, 41.643766 ], [ -0.9130254, 41.6437307 ], [ -0.9130432, 41.6437617 ], [ -0.9131157, 41.6438816 ], [ -0.9132783, 41.6441505 ], [ -0.9133457, 41.644262 ], [ -0.9134051, 41.6443544 ], [ -0.9134902, 41.6444845 ], [ -0.9135083, 41.6444806 ], [ -0.9136519, 41.6444347 ], [ -0.9137799, 41.644399 ], [ -0.914041, 41.6443264 ], [ -0.914279, 41.6442651 ], [ -0.9142794, 41.6442652 ], [ -0.9142804, 41.6442657 ], [ -0.9142821, 41.6442643 ], [ -0.9145809, 41.6441883 ], [ -0.9156263, 41.6439225 ], [ -0.9159217, 41.6438443 ], [ -0.9157566, 41.6434705 ], [ -0.9153464, 41.6425407 ], [ -0.9149731, 41.6416953 ], [ -0.9147549, 41.6412007 ], [ -0.9143625, 41.6403117 ], [ -0.9139723, 41.6404423 ], [ -0.9133143, 41.6406559 ], [ -0.9140867, 41.641982 ], [ -0.9135529, 41.6421547 ], [ -0.9133855, 41.6423668 ], [ -0.9121589, 41.6427662 ], [ -0.9123084, 41.6430331 ], [ -0.912481, 41.643341 ], [ -0.9124829, 41.6434111 ], [ -0.9124829, 41.6434112 ], [ -0.9124842, 41.6434111 ] ] ] } },
{ "type": "Feature", "properties": { "CCAA": "02 - Aragón", "PROVINCIA": "50 - Zaragoza", "MUNICIPIO": "50297 - Zaragoza", "COD_MUNICIPIO": "50297", "DISTRITO": "03", "SECCION": "5029703089", "V1_H": 80.78, "V1_M": 86.63, "V2_H": 80.78050334, "V2_M": 86.59104663, "V3_H": 80.85502768000001, "V3_M": 86.88271981 }, "geometry": { "type": "Polygon", "coordinates": [ [ [ -0.9025247, 41.6564167 ], [ -0.9029922, 41.6563459 ], [ -0.9033683, 41.6563098 ], [ -0.9037395, 41.6562884 ], [ -0.9039185, 41.6563003 ], [ -0.9040739, 41.6563104 ], [ -0.9042513, 41.656322 ], [ -0.9048129, 41.6563801 ], [ -0.9051682, 41.6564302 ], [ -0.9053161, 41.6564531 ], [ -0.9054515, 41.6564809 ], [ -0.9055203, 41.6564953 ], [ -0.9055886, 41.6565094 ], [ -0.9058697, 41.6565676 ], [ -0.9059912, 41.6565923 ], [ -0.9066465, 41.6567626 ], [ -0.9068395, 41.656818 ], [ -0.9071883, 41.6569181 ], [ -0.9076113, 41.6570391 ], [ -0.9087403, 41.657428 ], [ -0.9114348, 41.6580833 ], [ -0.9149889, 41.6590807 ], [ -0.9173428, 41.6596422 ], [ -0.9174561, 41.6596916 ], [ -0.9177881, 41.6598363 ], [ -0.917968, 41.6599115 ], [ -0.9181191, 41.6599782 ], [ -0.9183929, 41.6600676 ], [ -0.918459, 41.6600902 ], [ -0.9186278, 41.66014 ], [ -0.918937, 41.660242 ], [ -0.9192554, 41.6603311 ], [ -0.9200822, 41.6605644 ], [ -0.920541, 41.6606673 ], [ -0.9208358, 41.6607282 ], [ -0.9209499, 41.6607345 ], [ -0.9212524, 41.6607509 ], [ -0.921487, 41.6607305 ], [ -0.9217789, 41.6606975 ], [ -0.9220176, 41.660659 ], [ -0.9222091, 41.6606227 ], [ -0.9224247, 41.6605665 ], [ -0.9226742, 41.6604915 ], [ -0.9228392, 41.6604102 ], [ -0.9230565, 41.6602884 ], [ -0.9232652, 41.6601822 ], [ -0.923449, 41.6600678 ], [ -0.9235495, 41.6600144 ], [ -0.9237012, 41.6598915 ], [ -0.9238868, 41.6597375 ], [ -0.9240444, 41.659597 ], [ -0.9241117, 41.6595345 ], [ -0.9242773, 41.6594707 ], [ -0.9240098, 41.6592988 ], [ -0.9238738, 41.6592114 ], [ -0.9237944, 41.6591604 ], [ -0.9235611, 41.6590399 ], [ -0.9232086, 41.6589132 ], [ -0.9229245, 41.6588585 ], [ -0.9227844, 41.6588589 ], [ -0.9227205, 41.6588589 ], [ -0.922176, 41.6588589 ], [ -0.9203034, 41.6588587 ], [ -0.9202147, 41.6588551 ], [ -0.9196591, 41.6588326 ], [ -0.9194834, 41.6588255 ], [ -0.9194527, 41.6588235 ], [ -0.9189996, 41.6587416 ], [ -0.918307, 41.6585556 ], [ -0.9181781, 41.6585209 ], [ -0.917283, 41.6582806 ], [ -0.9168572, 41.6581608 ], [ -0.9162121, 41.6579776 ], [ -0.9160677, 41.6579358 ], [ -0.9156308, 41.6578036 ], [ -0.9153435, 41.6577168 ], [ -0.9152335, 41.6576835 ], [ -0.9148656, 41.6575722 ], [ -0.9146923, 41.6575198 ], [ -0.9145528, 41.6574757 ], [ -0.9144748, 41.6574505 ], [ -0.9137204, 41.6572058 ], [ -0.9132529, 41.6570542 ], [ -0.9130524, 41.6569892 ], [ -0.912668, 41.6568614 ], [ -0.9121007, 41.6566683 ], [ -0.9117964, 41.6565647 ], [ -0.9115476, 41.6564803 ], [ -0.9112953, 41.6564026 ], [ -0.910976, 41.6563042 ], [ -0.9105397, 41.6561678 ], [ -0.9102654, 41.6560815 ], [ -0.9101608, 41.6560496 ], [ -0.9096918, 41.6559452 ], [ -0.909283, 41.6558541 ], [ -0.9089924, 41.6557894 ], [ -0.9087425, 41.6557337 ], [ -0.9086996, 41.6557242 ], [ -0.9085492, 41.6556906 ], [ -0.9085022, 41.6556843 ], [ -0.9075657, 41.655559 ], [ -0.9069518, 41.6554837 ], [ -0.9062233, 41.6553944 ], [ -0.9059925, 41.6553661 ], [ -0.9055882, 41.6553085 ], [ -0.9048073, 41.6551973 ], [ -0.904436, 41.6551445 ], [ -0.9044105, 41.6552778 ], [ -0.9042444, 41.6559455 ], [ -0.9026849, 41.6557397 ], [ -0.9025527, 41.6562984 ], [ -0.9025247, 41.6564167 ] ] ] } },
{ "type": "Feature", "properties": { "CCAA": "02 - Aragón", "PROVINCIA": "50 - Zaragoza", "MUNICIPIO": "50297 - Zaragoza", "COD_MUNICIPIO": "50297", "DISTRITO": "04", "SECCION": "5029704006", "V1_H": 80.8, "V1_M": 86.5, "V2_H": 80.66727015, "V2_M": 86.4570773, "V3_H": 81.13875257, "V3_M": 86.68010657000001 }, "geometry": { "type": "Polygon", "coordinates": [ [ [ -0.8880202, 41.6416756 ], [ -0.8881275, 41.6417068 ], [ -0.8881192, 41.6416953 ], [ -0.8885078, 41.6418129 ], [ -0.8890548, 41.6419783 ], [ -0.8897333, 41.6421837 ], [ -0.8902064, 41.6423289 ], [ -0.8902065, 41.6423268 ], [ -0.8902153, 41.6421653 ], [ -0.8902051, 41.6421444 ], [ -0.8897282, 41.6411674 ], [ -0.8897108, 41.640858 ], [ -0.8891552, 41.6406913 ], [ -0.8891553, 41.6406912 ], [ -0.8891538, 41.6406921 ], [ -0.8891521, 41.6406969 ], [ -0.8891453, 41.6406955 ], [ -0.8891316, 41.6406928 ], [ -0.8891291, 41.6406923 ], [ -0.8890421, 41.6406749 ], [ -0.889003, 41.6406672 ], [ -0.8887499, 41.6405745 ], [ -0.8884744, 41.6404737 ], [ -0.88836, 41.6404318 ], [ -0.8882648, 41.6403962 ], [ -0.8882415, 41.6403878 ], [ -0.8881205, 41.6403446 ], [ -0.8879177, 41.6405795 ], [ -0.8878586, 41.640648 ], [ -0.8876919, 41.6408415 ], [ -0.8876061, 41.640941 ], [ -0.8876022, 41.6409455 ], [ -0.8875921, 41.6409573 ], [ -0.8875943, 41.6409636 ], [ -0.8876038, 41.6409769 ], [ -0.8876482, 41.6410388 ], [ -0.8877568, 41.6411903 ], [ -0.8877861, 41.6412312 ], [ -0.887955, 41.6414669 ], [ -0.8880074, 41.64154 ], [ -0.888068, 41.6416243 ], [ -0.888026, 41.6416671 ], [ -0.8880202, 41.6416756 ] ] ] } },
{ "type": "Feature", "properties": { "CCAA": "02 - Aragón", "PROVINCIA": "50 - Zaragoza", "MUNICIPIO": "50297 - Zaragoza", "COD_MUNICIPIO": "50297", "DISTRITO": "04", "SECCION": "5029704017", "V1_H": 81.57, "V1_M": 86.95, "V2_H": 81.38052192000001, "V2_M": 86.83819346, "V3_H": 81.78107492, "V3_M": 87.15502078 }, "geometry": { "type": "Polygon", "coordinates": [ [ [ -0.8919889, 41.6402834 ], [ -0.892065, 41.6402837 ], [ -0.8921596, 41.6402871 ], [ -0.8922994, 41.6402813 ], [ -0.8923995, 41.6402714 ], [ -0.8924588, 41.640274 ], [ -0.8924859, 41.6402706 ], [ -0.8927202, 41.6402587 ], [ -0.8928353, 41.6402749 ], [ -0.8928828, 41.6402816 ], [ -0.8929847, 41.6403059 ], [ -0.893026, 41.6403165 ], [ -0.8931265, 41.6403515 ], [ -0.8932282, 41.6403931 ], [ -0.89333, 41.6404353 ], [ -0.89342, 41.6403363 ], [ -0.8935315, 41.6402168 ], [ -0.8937352, 41.6399995 ], [ -0.8935284, 41.6398831 ], [ -0.8934299, 41.6398077 ], [ -0.8933537, 41.6397343 ], [ -0.8932828, 41.6396407 ], [ -0.8932479, 41.6395793 ], [ -0.8932437, 41.6395223 ], [ -0.8932032, 41.6394371 ], [ -0.8931592, 41.6393591 ], [ -0.8931079, 41.6392845 ], [ -0.8930485, 41.639218 ], [ -0.8930005, 41.6391703 ], [ -0.8930534, 41.6391263 ], [ -0.8933728, 41.638907 ], [ -0.8935989, 41.6387683 ], [ -0.8938053, 41.6386565 ], [ -0.8937792, 41.6386127 ], [ -0.8937484, 41.6385697 ], [ -0.8936521, 41.6384651 ], [ -0.8935458, 41.6383584 ], [ -0.8934525, 41.6382728 ], [ -0.8933762, 41.6382169 ], [ -0.8932941, 41.6381524 ], [ -0.8932543, 41.6380804 ], [ -0.8932272, 41.6379918 ], [ -0.8932002, 41.637899 ], [ -0.8931974, 41.6377983 ], [ -0.8931942, 41.637573 ], [ -0.8931813, 41.6375547 ], [ -0.892691, 41.6375612 ], [ -0.8925001, 41.6375649 ], [ -0.8921457, 41.6376029 ], [ -0.8921454, 41.6376029 ], [ -0.8921422, 41.6376035 ], [ -0.8921056, 41.6376097 ], [ -0.8920239, 41.6376197 ], [ -0.8919261, 41.6376396 ], [ -0.8918446, 41.6376567 ], [ -0.8917397, 41.6376942 ], [ -0.8916791, 41.6377159 ], [ -0.8916088, 41.6378085 ], [ -0.8915131, 41.6379396 ], [ -0.8914649, 41.6380222 ], [ -0.8913221, 41.6380084 ], [ -0.8913447, 41.6385551 ], [ -0.8916716, 41.6388598 ], [ -0.8910444, 41.639487 ], [ -0.8905793, 41.639952 ], [ -0.8907898, 41.6400265 ], [ -0.8908371, 41.6400432 ], [ -0.8911361, 41.6401489 ], [ -0.8913864, 41.6402387 ], [ -0.8914691, 41.6402704 ], [ -0.8916072, 41.6402853 ], [ -0.8917651, 41.6402873 ], [ -0.8919889, 41.6402834 ] ] ] } },
{ "type": "Feature", "properties": { "CCAA": "02 - Aragón", "PROVINCIA": "50 - Zaragoza", "MUNICIPIO": "50297 - Zaragoza", "COD_MUNICIPIO": "50297", "DISTRITO": "04", "SECCION": "5029704028", "V1_H": 81.02, "V1_M": 86.64, "V2_H": 80.81080237, "V2_M": 86.47452022, "V3_H": 81.32513937, "V3_M": 86.89244175 }, "geometry": { "type": "Polygon", "coordinates": [ [ [ -0.8965202, 41.6432436 ], [ -0.8967936, 41.6433901 ], [ -0.897274, 41.6436474 ], [ -0.8980321, 41.6440537 ], [ -0.8983569, 41.6442277 ], [ -0.8985431, 41.6443274 ], [ -0.8986933, 41.6444079 ], [ -0.8989813, 41.6445622 ], [ -0.899463, 41.6448203 ], [ -0.8996369, 41.6449134 ], [ -0.8997349, 41.6449657 ], [ -0.8998912, 41.6450134 ], [ -0.8999252, 41.6450238 ], [ -0.8999396, 41.6450293 ], [ -0.9000121, 41.6449567 ], [ -0.9011305, 41.6445916 ], [ -0.9015121, 41.6444669 ], [ -0.901903, 41.6443397 ], [ -0.9019036, 41.6443395 ], [ -0.9025013, 41.6441451 ], [ -0.9031516, 41.6439336 ], [ -0.9035208, 41.6438135 ], [ -0.9042044, 41.6435923 ], [ -0.9046046, 41.6434635 ], [ -0.9052617, 41.6432521 ], [ -0.9057362, 41.6430994 ], [ -0.9058271, 41.6430702 ], [ -0.9058289, 41.6430696 ], [ -0.906062, 41.6429946 ], [ -0.9062186, 41.6429442 ], [ -0.9062395, 41.6429355 ], [ -0.9062409, 41.6429371 ], [ -0.906247, 41.6429351 ], [ -0.906235, 41.6429235 ], [ -0.9062119, 41.6428982 ], [ -0.9061695, 41.6428518 ], [ -0.9061245, 41.6428034 ], [ -0.9061076, 41.6427841 ], [ -0.9060536, 41.642739 ], [ -0.9057744, 41.6425054 ], [ -0.9056703, 41.6424184 ], [ -0.9056125, 41.6423691 ], [ -0.9055118, 41.6422324 ], [ -0.9054849, 41.6421959 ], [ -0.9054686, 41.6421687 ], [ -0.9052764, 41.6418356 ], [ -0.9051422, 41.6416031 ], [ -0.9049982, 41.6413537 ], [ -0.9049614, 41.6412898 ], [ -0.9047838, 41.640983 ], [ -0.9045433, 41.6407284 ], [ -0.9045022, 41.6406848 ], [ -0.9044518, 41.6406328 ], [ -0.9043276, 41.6405369 ], [ -0.9043234, 41.6405365 ], [ -0.9023917, 41.6395209 ], [ -0.9013983, 41.6389995 ], [ -0.9008184, 41.6386952 ], [ -0.9001347, 41.6383547 ], [ -0.8996245, 41.6381011 ], [ -0.8994156, 41.6383117 ], [ -0.8991915, 41.6385374 ], [ -0.8990703, 41.6386632 ], [ -0.898193, 41.6396066 ], [ -0.8971655, 41.6407117 ], [ -0.8970117, 41.6408771 ], [ -0.8964227, 41.6415106 ], [ -0.8961598, 41.6417884 ], [ -0.8961598, 41.6417885 ], [ -0.8958851, 41.6421015 ], [ -0.8958421, 41.6421483 ], [ -0.8953911, 41.6426386 ], [ -0.8962809, 41.6431154 ], [ -0.8965202, 41.6432436 ] ] ] } },
{ "type": "Feature", "properties": { "CCAA": "02 - Aragón", "PROVINCIA": "50 - Zaragoza", "MUNICIPIO": "50297 - Zaragoza", "COD_MUNICIPIO": "50297", "DISTRITO": "04", "SECCION": "5029704037", "V1_H": 83.02, "V1_M": 87.55, "V2_H": 82.56010262, "V2_M": 87.39744151, "V3_H": 83.4975015, "V3_M": 87.7973198 }, "geometry": { "type": "Polygon", "coordinates": [ [ [ -0.9052406, 41.6225317 ], [ -0.9050921, 41.6225873 ], [ -0.9045638, 41.6228303 ], [ -0.9037622, 41.6229995 ], [ -0.9028995, 41.6231675 ], [ -0.9024995, 41.6232292 ], [ -0.9020315, 41.6234963 ], [ -0.9019293, 41.6238161 ], [ -0.9020405, 41.6241627 ], [ -0.9037661, 41.6247685 ], [ -0.903746, 41.6253885 ], [ -0.9030624, 41.6256976 ], [ -0.9026399, 41.6255061 ], [ -0.9023287, 41.6256613 ], [ -0.9021287, 41.626163 ], [ -0.9018205, 41.6262263 ], [ -0.9012622, 41.6264459 ], [ -0.9010391, 41.6267175 ], [ -0.9013331, 41.6270904 ], [ -0.9021535, 41.6282311 ], [ -0.902064, 41.6291025 ], [ -0.9015632, 41.6294379 ], [ -0.9009802, 41.6294732 ], [ -0.9006253, 41.6296791 ], [ -0.9005689, 41.6300185 ], [ -0.9001841, 41.6304595 ], [ -0.8996989, 41.6307342 ], [ -0.8993983, 41.6311428 ], [ -0.8987774, 41.6312903 ], [ -0.8984001, 41.6314989 ], [ -0.8985433, 41.6317454 ], [ -0.8985676, 41.6320326 ], [ -0.898587, 41.6322624 ], [ -0.8986183, 41.6329266 ], [ -0.8983946, 41.6331879 ], [ -0.8982215, 41.6333901 ], [ -0.8980196, 41.6337835 ], [ -0.8986942, 41.6341986 ], [ -0.8987445, 41.6345115 ], [ -0.8985856, 41.6347468 ], [ -0.8985847, 41.6350077 ], [ -0.8988055, 41.6354258 ], [ -0.8989048, 41.6358587 ], [ -0.8989588, 41.6362908 ], [ -0.8988855, 41.6370438 ], [ -0.8995025, 41.6365915 ], [ -0.8997314, 41.6364237 ], [ -0.9002088, 41.6360737 ], [ -0.9016277, 41.6350331 ], [ -0.9027182, 41.6342266 ], [ -0.9037679, 41.6334502 ], [ -0.9038709, 41.6333746 ], [ -0.9039377, 41.6333256 ], [ -0.9041205, 41.6332462 ], [ -0.9049127, 41.6323916 ], [ -0.9055003, 41.6317576 ], [ -0.9055241, 41.6316017 ], [ -0.9055738, 41.6315 ], [ -0.9056197, 41.6314298 ], [ -0.9057146, 41.6313086 ], [ -0.9058687, 41.6310953 ], [ -0.9063959, 41.6303818 ], [ -0.9066378, 41.6300546 ], [ -0.9068391, 41.629806 ], [ -0.9068972, 41.6297358 ], [ -0.9071644, 41.6294132 ], [ -0.9071645, 41.6294132 ], [ -0.9081298, 41.6282475 ], [ -0.9082123, 41.6281479 ], [ -0.90821, 41.6281442 ], [ -0.907549, 41.627089 ], [ -0.9061924, 41.6235952 ], [ -0.9052406, 41.6225317 ] ] ] } },
{ "type": "Feature", "properties": { "CCAA": "02 - Aragón", "PROVINCIA": "50 - Zaragoza", "MUNICIPIO": "50297 - Zaragoza", "COD_MUNICIPIO": "50297", "DISTRITO": "04", "SECCION": "5029704049", "V1_H": 82.5, "V1_M": 87.29, "V2_H": 82.15783722, "V2_M": 87.30677587, "V3_H": 82.90083825000001, "V3_M": 87.37512967000001 }, "geometry": { "type": "Polygon", "coordinates": [ [ [ -0.9043276, 41.6405369 ], [ -0.904348, 41.6405391 ], [ -0.9043569, 41.6405401 ], [ -0.9046907, 41.6405761 ], [ -0.905098, 41.6404448 ], [ -0.9057772, 41.6402259 ], [ -0.9062075, 41.6400872 ], [ -0.9067506, 41.6399122 ], [ -0.9068965, 41.6398652 ], [ -0.906914, 41.6398596 ], [ -0.9069075, 41.6398464 ], [ -0.9068177, 41.6396925 ], [ -0.9067521, 41.6395798 ], [ -0.9065635, 41.6392562 ], [ -0.9067392, 41.6391999 ], [ -0.9066399, 41.639044 ], [ -0.9065684, 41.6389618 ], [ -0.9065336, 41.6389297 ], [ -0.9064857, 41.6388854 ], [ -0.9063702, 41.6387974 ], [ -0.9062611, 41.6387395 ], [ -0.9060883, 41.6386578 ], [ -0.9060663, 41.6386487 ], [ -0.9059674, 41.6386136 ], [ -0.9058155, 41.6385595 ], [ -0.9057983, 41.6385539 ], [ -0.9056324, 41.6387831 ], [ -0.9050987, 41.6395239 ], [ -0.9043234, 41.6405365 ], [ -0.9043276, 41.6405369 ] ] ] } },
{ "type": "Feature", "properties": { "CCAA": "02 - Aragón", "PROVINCIA": "50 - Zaragoza", "MUNICIPIO": "50297 - Zaragoza", "COD_MUNICIPIO": "50297", "DISTRITO": "04", "SECCION": "5029704057", "V1_H": 82.53, "V1_M": 87.34, "V2_H": 82.38507422000001, "V2_M": 87.19104055, "V3_H": 82.74254947, "V3_M": 87.61225513 }, "geometry": { "type": "Polygon", "coordinates": [ [ [ -0.9309959, 41.6291306 ], [ -0.9361584, 41.6303394 ], [ -0.9363393, 41.6304676 ], [ -0.9367287, 41.6307435 ], [ -0.9370543, 41.6309741 ], [ -0.9375381, 41.6312014 ], [ -0.9380654, 41.6313669 ], [ -0.9386708, 41.631434 ], [ -0.939346, 41.6314024 ], [ -0.9398932, 41.6312062 ], [ -0.9402911, 41.6309948 ], [ -0.9408632, 41.6305367 ], [ -0.941094, 41.6300851 ], [ -0.9412174, 41.6296065 ], [ -0.9490141, 41.6297842 ], [ -0.9490122, 41.6297776 ], [ -0.9490043, 41.6297513 ], [ -0.9489821, 41.629717 ], [ -0.9489058, 41.6295994 ], [ -0.9488143, 41.6294356 ], [ -0.9487672, 41.6293936 ], [ -0.9486626, 41.6293361 ], [ -0.9484868, 41.6292846 ], [ -0.94824, 41.6292342 ], [ -0.9481025, 41.6291954 ], [ -0.9479748, 41.629152 ], [ -0.9477348, 41.629092 ], [ -0.9474843, 41.6290585 ], [ -0.9471527, 41.6290357 ], [ -0.9470228, 41.6290648 ], [ -0.9468841, 41.6290647 ], [ -0.9467396, 41.6290404 ], [ -0.9465997, 41.629079 ], [ -0.946508, 41.6291234 ], [ -0.9464578, 41.6291805 ], [ -0.9464253, 41.6291872 ], [ -0.9463238, 41.6290874 ], [ -0.9439757, 41.6270199 ], [ -0.9435713, 41.6267505 ], [ -0.9430839, 41.6265988 ], [ -0.942865, 41.6264876 ], [ -0.9428371, 41.626368 ], [ -0.9428409, 41.6262489 ], [ -0.9427185, 41.6261037 ], [ -0.9409188, 41.6250058 ], [ -0.9409137, 41.6250027 ], [ -0.9408875, 41.6249867 ], [ -0.9397047, 41.6257246 ], [ -0.9395764, 41.6258194 ], [ -0.9382987, 41.6267632 ], [ -0.9374722, 41.6272845 ], [ -0.9366948, 41.627759 ], [ -0.9353544, 41.6274609 ], [ -0.9331791, 41.6269571 ], [ -0.9319619, 41.626685 ], [ -0.9309916, 41.6291296 ], [ -0.9309959, 41.6291306 ] ] ] } },
{ "type": "Feature", "properties": { "CCAA": "02 - Aragón", "PROVINCIA": "50 - Zaragoza", "MUNICIPIO": "50297 - Zaragoza", "COD_MUNICIPIO": "50297", "DISTRITO": "04", "SECCION": "5029704064", "V1_H": 81.1, "V1_M": 86.64, "V2_H": 80.60081217, "V2_M": 86.48118059, "V3_H": 81.51550291, "V3_M": 86.87452308 }, "geometry": { "type": "Polygon", "coordinates": [ [ [ -0.9186601, 41.6175763 ], [ -0.9190251, 41.6177693 ], [ -0.9190241, 41.61777 ], [ -0.9195152, 41.6180067 ], [ -0.9209153, 41.6188381 ], [ -0.9218116, 41.6193836 ], [ -0.9222052, 41.6196073 ], [ -0.9228814, 41.6200165 ], [ -0.9233055, 41.6202888 ], [ -0.92447, 41.6209715 ], [ -0.9257431, 41.6217645 ], [ -0.9256915, 41.6218307 ], [ -0.9258844, 41.6216928 ], [ -0.9273764, 41.619827 ], [ -0.927312, 41.6198061 ], [ -0.9272838, 41.6197969 ], [ -0.9265937, 41.6195723 ], [ -0.9259177, 41.6193195 ], [ -0.9251574, 41.6190331 ], [ -0.9244419, 41.6186833 ], [ -0.9241369, 41.6184432 ], [ -0.9236913, 41.6180923 ], [ -0.9229897, 41.6173097 ], [ -0.9218359, 41.6166312 ], [ -0.9209688, 41.6163428 ], [ -0.9209418, 41.6163438 ], [ -0.9199572, 41.6160556 ], [ -0.9199481, 41.616053 ], [ -0.919674, 41.616482 ], [ -0.9192389, 41.6169794 ], [ -0.9186601, 41.6175763 ] ] ] } },
{ "type": "Feature", "properties": { "CCAA": "02 - Aragón", "PROVINCIA": "50 - Zaragoza", "MUNICIPIO": "50297 - Zaragoza", "COD_MUNICIPIO": "50297", "DISTRITO": "05", "SECCION": "5029705003", "V1_H": 80.21, "V1_M": 86.35, "V2_H": 80.00126986, "V2_M": 86.33312861, "V3_H": 80.58114521, "V3_M": 86.56210486000001 }, "geometry": { "type": "Polygon", "coordinates": [ [ [ -0.8722361, 41.6461745 ], [ -0.8729089, 41.646774 ], [ -0.8731002, 41.6469555 ], [ -0.8732829, 41.646877 ], [ -0.8733901, 41.6468297 ], [ -0.8734825, 41.6467874 ], [ -0.8736795, 41.6466972 ], [ -0.8738573, 41.6466157 ], [ -0.8741961, 41.6464605 ], [ -0.8742592, 41.6464316 ], [ -0.8742679, 41.6464276 ], [ -0.8748342, 41.6461683 ], [ -0.8741762, 41.6454074 ], [ -0.8735837, 41.6456635 ], [ -0.8724625, 41.6461483 ], [ -0.8722361, 41.6461745 ] ] ] } },
{ "type": "Feature", "properties": { "CCAA": "02 - Aragón", "PROVINCIA": "50 - Zaragoza", "MUNICIPIO": "50297 - Zaragoza", "COD_MUNICIPIO": "50297", "DISTRITO": "04", "SECCION": "5029704018", "V1_H": 80.99, "V1_M": 86.66, "V2_H": 80.84822772, "V2_M": 86.63128417, "V3_H": 81.25601163, "V3_M": 86.83891366 }, "geometry": { "type": "Polygon", "coordinates": [ [ [ -0.8897108, 41.640858 ], [ -0.8897282, 41.6411674 ], [ -0.8902051, 41.6421444 ], [ -0.8903689, 41.6420543 ], [ -0.890456, 41.642017 ], [ -0.8906926, 41.6419149 ], [ -0.8908649, 41.6418406 ], [ -0.8909633, 41.6417969 ], [ -0.8910866, 41.6417404 ], [ -0.8911224, 41.6417201 ], [ -0.8912512, 41.6416461 ], [ -0.8913875, 41.6415389 ], [ -0.8914689, 41.6414559 ], [ -0.8915171, 41.6414059 ], [ -0.8915606, 41.6413376 ], [ -0.8915905, 41.6412906 ], [ -0.8916323, 41.6411759 ], [ -0.8916339, 41.6411599 ], [ -0.891644, 41.6410569 ], [ -0.8916435, 41.6410568 ], [ -0.8916441, 41.6410549 ], [ -0.8916443, 41.6410542 ], [ -0.8916778, 41.6409358 ], [ -0.8917485, 41.6407806 ], [ -0.8919564, 41.6403237 ], [ -0.8919563, 41.6403236 ], [ -0.8919621, 41.6403165 ], [ -0.8919889, 41.6402834 ], [ -0.8917651, 41.6402873 ], [ -0.8916072, 41.6402853 ], [ -0.8914691, 41.6402704 ], [ -0.8913864, 41.6402387 ], [ -0.8911361, 41.6401489 ], [ -0.8908371, 41.6400432 ], [ -0.8907898, 41.6400265 ], [ -0.8905793, 41.639952 ], [ -0.8905792, 41.6399521 ], [ -0.8897108, 41.640858 ] ] ] } },
{ "type": "Feature", "properties": { "CCAA": "02 - Aragón", "PROVINCIA": "50 - Zaragoza", "MUNICIPIO": "50297 - Zaragoza", "COD_MUNICIPIO": "50297", "DISTRITO": "04", "SECCION": "5029704023", "V1_H": 81.18, "V1_M": 86.79, "V2_H": 80.97904731, "V2_M": 86.77314473, "V3_H": 81.44010912, "V3_M": 86.96351832000001 }, "geometry": { "type": "Polygon", "coordinates": [ [ [ -0.8939403, 41.6436402 ], [ -0.8940439, 41.6436937 ], [ -0.8954487, 41.6443705 ], [ -0.8955391, 41.6442728 ], [ -0.8960548, 41.6437319 ], [ -0.8965202, 41.6432436 ], [ -0.8962809, 41.6431154 ], [ -0.8953911, 41.6426386 ], [ -0.895262, 41.6425694 ], [ -0.8950512, 41.6424602 ], [ -0.8947594, 41.642309 ], [ -0.8946607, 41.6424133 ], [ -0.8945731, 41.6424802 ], [ -0.8939765, 41.6431163 ], [ -0.8937623, 41.6433447 ], [ -0.8937237, 41.6434139 ], [ -0.8936524, 41.6434916 ], [ -0.8939403, 41.6436402 ] ] ] } },
{ "type": "Feature", "properties": { "CCAA": "02 - Aragón", "PROVINCIA": "50 - Zaragoza", "MUNICIPIO": "50297 - Zaragoza", "COD_MUNICIPIO": "50297", "DISTRITO": "04", "SECCION": "5029704025", "V1_H": 80.85, "V1_M": 86.44, "V2_H": 80.47892397, "V2_M": 86.23437891, "V3_H": 81.22204479, "V3_M": 86.80010662 }, "geometry": { "type": "Polygon", "coordinates": [ [ [ -0.8961591, 41.6456333 ], [ -0.8960919, 41.6456897 ], [ -0.8959372, 41.6458168 ], [ -0.8956099, 41.6459961 ], [ -0.8955179, 41.6460711 ], [ -0.8954168, 41.6461814 ], [ -0.8952569, 41.6463758 ], [ -0.8951892, 41.6464703 ], [ -0.895137, 41.646585 ], [ -0.8951004, 41.646714 ], [ -0.8950626, 41.6467612 ], [ -0.8949101, 41.6468181 ], [ -0.8950867, 41.6470595 ], [ -0.8959826, 41.646701 ], [ -0.8967202, 41.6464057 ], [ -0.8969118, 41.6463291 ], [ -0.8974414, 41.6461126 ], [ -0.8982092, 41.6457998 ], [ -0.8978142, 41.6455222 ], [ -0.8977595, 41.6454836 ], [ -0.8975661, 41.6453905 ], [ -0.8974028, 41.6453119 ], [ -0.8968514, 41.6450462 ], [ -0.896776, 41.6451156 ], [ -0.8964724, 41.6453705 ], [ -0.8961591, 41.6456333 ] ] ] } },
{ "type": "Feature", "properties": { "CCAA": "02 - Aragón", "PROVINCIA": "50 - Zaragoza", "MUNICIPIO": "50297 - Zaragoza", "COD_MUNICIPIO": "50297", "DISTRITO": "04", "SECCION": "5029704041", "V1_H": 81.13, "V1_M": 86.76, "V2_H": 80.8252038, "V2_M": 86.73512652, "V3_H": 81.48774648, "V3_M": 86.92091474 }, "geometry": { "type": "Polygon", "coordinates": [ [ [ -0.9084204, 41.6279014 ], [ -0.9087229, 41.6280464 ], [ -0.9090921, 41.6282234 ], [ -0.9090967, 41.6282256 ], [ -0.9094517, 41.6283586 ], [ -0.9094568, 41.6283605 ], [ -0.909781, 41.6284819 ], [ -0.9097843, 41.6284838 ], [ -0.9099609, 41.6285834 ], [ -0.9099638, 41.6285862 ], [ -0.9101083, 41.6287253 ], [ -0.9101096, 41.6287271 ], [ -0.9101097, 41.6287271 ], [ -0.9102685, 41.6289375 ], [ -0.9104135, 41.6291296 ], [ -0.910663, 41.6294602 ], [ -0.9106762, 41.6294782 ], [ -0.9123104, 41.6274645 ], [ -0.9123152, 41.6274666 ], [ -0.9124742, 41.6272746 ], [ -0.9128122, 41.6268604 ], [ -0.9131468, 41.6264501 ], [ -0.9125446, 41.6261757 ], [ -0.9121759, 41.6259977 ], [ -0.9111547, 41.6255303 ], [ -0.911149, 41.6255372 ], [ -0.910515, 41.6252708 ], [ -0.9101876, 41.6256699 ], [ -0.9084296, 41.6278851 ], [ -0.9084204, 41.6279014 ] ] ] } },
{ "type": "Feature", "properties": { "CCAA": "02 - Aragón", "PROVINCIA": "50 - Zaragoza", "MUNICIPIO": "50297 - Zaragoza", "COD_MUNICIPIO": "50297", "DISTRITO": "04", "SECCION": "5029704043", "V1_H": 82.19, "V1_M": 87.25, "V2_H": 81.84285612, "V2_M": 87.14223952, "V3_H": 82.56554756, "V3_M": 87.46692958 }, "geometry": { "type": "Polygon", "coordinates": [ [ [ -0.8863055, 41.6423596 ], [ -0.8868925, 41.6425904 ], [ -0.887455, 41.6427526 ], [ -0.8880199, 41.6416761 ], [ -0.8880201, 41.6416756 ], [ -0.8880202, 41.6416756 ], [ -0.888026, 41.6416671 ], [ -0.888068, 41.6416243 ], [ -0.8880074, 41.64154 ], [ -0.887955, 41.6414669 ], [ -0.8877861, 41.6412312 ], [ -0.8877568, 41.6411903 ], [ -0.8876482, 41.6410388 ], [ -0.8876038, 41.6409769 ], [ -0.8875943, 41.6409636 ], [ -0.8875921, 41.6409573 ], [ -0.8875908, 41.6409587 ], [ -0.8874059, 41.6407008 ], [ -0.8868697, 41.6399525 ], [ -0.8867665, 41.6399393 ], [ -0.8866179, 41.6399202 ], [ -0.8866565, 41.6400342 ], [ -0.8865578, 41.6406852 ], [ -0.8864782, 41.6412106 ], [ -0.8863367, 41.6421439 ], [ -0.8863055, 41.6423596 ] ] ] } },
{ "type": "Feature", "properties": { "CCAA": "02 - Aragón", "PROVINCIA": "50 - Zaragoza", "MUNICIPIO": "50297 - Zaragoza", "COD_MUNICIPIO": "50297", "DISTRITO": "04", "SECCION": "5029704060", "V1_H": 80.91, "V1_M": 86.64, "V2_H": 80.44720226, "V2_M": 86.54313262, "V3_H": 81.45534141, "V3_M": 86.89844934 }, "geometry": { "type": "Polygon", "coordinates": [ [ [ -0.9168089, 41.6193297 ], [ -0.9147948, 41.6212206 ], [ -0.913067, 41.6225543 ], [ -0.915739, 41.6242265 ], [ -0.9197454, 41.6264162 ], [ -0.9202793, 41.6264989 ], [ -0.921781, 41.6278238 ], [ -0.9218437, 41.6278888 ], [ -0.9218789, 41.6277249 ], [ -0.9220179, 41.6273465 ], [ -0.922146, 41.6269506 ], [ -0.9223202, 41.6265555 ], [ -0.9224922, 41.6262297 ], [ -0.9226878, 41.625887 ], [ -0.9229664, 41.6254765 ], [ -0.923196, 41.6251517 ], [ -0.9234498, 41.6247927 ], [ -0.9235312, 41.6246948 ], [ -0.9235205, 41.6246924 ], [ -0.9236185, 41.6245707 ], [ -0.923639, 41.6245397 ], [ -0.9238852, 41.6241686 ], [ -0.9241385, 41.6238269 ], [ -0.9241998, 41.6237037 ], [ -0.9241981, 41.623706 ], [ -0.924194, 41.6237035 ], [ -0.9238842, 41.6235203 ], [ -0.9235049, 41.6232934 ], [ -0.9230863, 41.6230457 ], [ -0.922681, 41.6227984 ], [ -0.922603, 41.6227716 ], [ -0.9226129, 41.6227543 ], [ -0.9220273, 41.6223759 ], [ -0.9170869, 41.6195099 ], [ -0.917063, 41.6194961 ], [ -0.9170619, 41.6194972 ], [ -0.9168089, 41.6193297 ] ] ] } },
{ "type": "Feature", "properties": { "CCAA": "02 - Aragón", "PROVINCIA": "50 - Zaragoza", "MUNICIPIO": "50297 - Zaragoza", "COD_MUNICIPIO": "50297", "DISTRITO": "04", "SECCION": "5029704062", "V1_H": 81.11, "V1_M": 86.51, "V2_H": 80.75023294, "V2_M": 86.37370028, "V3_H": 81.47997818, "V3_M": 86.68611994 }, "geometry": { "type": "Polygon", "coordinates": [ [ [ -0.9468587, 41.6410539 ], [ -0.946861, 41.641054 ], [ -0.9473977, 41.6410801 ], [ -0.9478024, 41.6410259 ], [ -0.9477778, 41.6409043 ], [ -0.9477037, 41.6406482 ], [ -0.9476431, 41.6405394 ], [ -0.9476429, 41.6405394 ], [ -0.9471845, 41.6400268 ], [ -0.9469394, 41.6398543 ], [ -0.9465243, 41.6396391 ], [ -0.9462253, 41.6395052 ], [ -0.9460556, 41.6394527 ], [ -0.9457816, 41.6393588 ], [ -0.9454961, 41.6392152 ], [ -0.9452363, 41.6390918 ], [ -0.9449006, 41.6388682 ], [ -0.9457042, 41.6380616 ], [ -0.9460177, 41.6377408 ], [ -0.9463854, 41.6373715 ], [ -0.9471074, 41.6366426 ], [ -0.9472826, 41.6364552 ], [ -0.9472638, 41.6364549 ], [ -0.9470345, 41.6364508 ], [ -0.946999, 41.635159 ], [ -0.9459274, 41.6351829 ], [ -0.9444925, 41.6352002 ], [ -0.944493, 41.6357884 ], [ -0.9439369, 41.6352333 ], [ -0.9439137, 41.635362 ], [ -0.9429949, 41.6353886 ], [ -0.9427328, 41.6352118 ], [ -0.942656, 41.6346222 ], [ -0.9426046, 41.6344347 ], [ -0.9426123, 41.634191 ], [ -0.9427484, 41.6341217 ], [ -0.9417699, 41.6331659 ], [ -0.9414287, 41.6333889 ], [ -0.9408785, 41.6338547 ], [ -0.9403848, 41.634311 ], [ -0.9402255, 41.634474 ], [ -0.9402299, 41.6344795 ], [ -0.9401668, 41.6345185 ], [ -0.9399056, 41.634757 ], [ -0.9396434, 41.6350271 ], [ -0.9393234, 41.6353385 ], [ -0.9389445, 41.6357334 ], [ -0.9387104, 41.6360041 ], [ -0.9385906, 41.6361492 ], [ -0.9385192, 41.6362544 ], [ -0.9384461, 41.6363376 ], [ -0.9381842, 41.6365972 ], [ -0.9379353, 41.6368887 ], [ -0.9377458, 41.6370862 ], [ -0.9376839, 41.6371507 ], [ -0.9383082, 41.6374642 ], [ -0.9393729, 41.6384132 ], [ -0.9404411, 41.6392847 ], [ -0.9423354, 41.6404199 ], [ -0.9432715, 41.6407882 ], [ -0.9446432, 41.640946 ], [ -0.9468587, 41.6410539 ] ] ] } },
{ "type": "Feature", "properties": { "CCAA": "02 - Aragón", "PROVINCIA": "50 - Zaragoza", "MUNICIPIO": "50297 - Zaragoza", "COD_MUNICIPIO": "50297", "DISTRITO": "05", "SECCION": "5029705005", "V1_H": 81.41, "V1_M": 86.82, "V2_H": 80.96532964, "V2_M": 86.87567885, "V3_H": 81.8694609, "V3_M": 86.90400308 }, "geometry": { "type": "Polygon", "coordinates": [ [ [ -0.8752445, 41.6449454 ], [ -0.8759156, 41.6446552 ], [ -0.8760834, 41.6445827 ], [ -0.8764137, 41.6450013 ], [ -0.8766708, 41.645327 ], [ -0.8771339, 41.6451149 ], [ -0.8773301, 41.6450182 ], [ -0.8774096, 41.644979 ], [ -0.8771544, 41.6446757 ], [ -0.8768342, 41.644258 ], [ -0.8763626, 41.6436427 ], [ -0.8761791, 41.6434082 ], [ -0.8754197, 41.643742 ], [ -0.8747375, 41.6443013 ], [ -0.8752445, 41.6449454 ] ] ] } },
{ "type": "Feature", "properties": { "CCAA": "02 - Aragón", "PROVINCIA": "50 - Zaragoza", "MUNICIPIO": "50297 - Zaragoza", "COD_MUNICIPIO": "50297", "DISTRITO": "05", "SECCION": "5029705007", "V1_H": 81.11, "V1_M": 86.51, "V2_H": 80.75023294, "V2_M": 86.37370028, "V3_H": 81.47997818, "V3_M": 86.68611994 }, "geometry": { "type": "Polygon", "coordinates": [ [ [ -0.8709732, 41.6450479 ], [ -0.8710558, 41.6451228 ], [ -0.8722361, 41.6461745 ], [ -0.8723035, 41.645995 ], [ -0.8725454, 41.6449297 ], [ -0.872732, 41.6441077 ], [ -0.8720915, 41.6440319 ], [ -0.8719887, 41.64403 ], [ -0.8718687, 41.6440645 ], [ -0.8718687, 41.6440645 ], [ -0.8716344, 41.6441318 ], [ -0.8713499, 41.6442136 ], [ -0.8703691, 41.6444952 ], [ -0.870414, 41.6445399 ], [ -0.8708077, 41.6448975 ], [ -0.8709732, 41.6450479 ] ] ] } },
{ "type": "Feature", "properties": { "CCAA": "02 - Aragón", "PROVINCIA": "50 - Zaragoza", "MUNICIPIO": "50297 - Zaragoza", "COD_MUNICIPIO": "50297", "DISTRITO": "05", "SECCION": "5029705022", "V1_H": 80.31, "V1_M": 86.3, "V2_H": 80.10187432, "V2_M": 86.1135989, "V3_H": 80.75259804, "V3_M": 86.72412179 }, "geometry": { "type": "Polygon", "coordinates": [ [ [ -0.8727519, 41.6353387 ], [ -0.8729453, 41.6354381 ], [ -0.8731565, 41.6355456 ], [ -0.8732914, 41.6356142 ], [ -0.8739532, 41.6359508 ], [ -0.8747374, 41.6363907 ], [ -0.8748349, 41.6360706 ], [ -0.874837, 41.6360716 ], [ -0.8748406, 41.6360518 ], [ -0.8748566, 41.6359997 ], [ -0.874964, 41.6356473 ], [ -0.8750218, 41.6354578 ], [ -0.8750907, 41.6352134 ], [ -0.8751769, 41.6349025 ], [ -0.8752243, 41.6347361 ], [ -0.8752236, 41.634734 ], [ -0.8752236, 41.6347335 ], [ -0.875265, 41.6344446 ], [ -0.8753059, 41.6341 ], [ -0.8743892, 41.6339556 ], [ -0.8743024, 41.633942 ], [ -0.8740484, 41.6339039 ], [ -0.8739674, 41.6338847 ], [ -0.8738734, 41.6338471 ], [ -0.8737024, 41.6337572 ], [ -0.8736275, 41.6337076 ], [ -0.8735431, 41.6336519 ], [ -0.8734762, 41.6336026 ], [ -0.8734047, 41.6335308 ], [ -0.873351, 41.6334656 ], [ -0.8733027, 41.6333921 ], [ -0.8732637, 41.6333446 ], [ -0.8732628, 41.6333434 ], [ -0.8731537, 41.6332102 ], [ -0.8731159, 41.6331648 ], [ -0.8730369, 41.6330661 ], [ -0.8729465, 41.6330169 ], [ -0.8728109, 41.6329843 ], [ -0.8723921, 41.632896 ], [ -0.872184, 41.6328644 ], [ -0.8721065, 41.6328502 ], [ -0.8717757, 41.6327665 ], [ -0.8715735, 41.6326896 ], [ -0.8713696, 41.6326158 ], [ -0.8711183, 41.6325235 ], [ -0.8710639, 41.6324975 ], [ -0.8709841, 41.6324432 ], [ -0.8708995, 41.6323791 ], [ -0.8707511, 41.6322521 ], [ -0.8705676, 41.6320811 ], [ -0.8704921, 41.6319416 ], [ -0.8704136, 41.6317831 ], [ -0.8703362, 41.6315934 ], [ -0.8702494, 41.631372 ], [ -0.8699654, 41.6310999 ], [ -0.8698783, 41.6308864 ], [ -0.8697235, 41.6305068 ], [ -0.8695657, 41.6302135 ], [ -0.8693921, 41.6300847 ], [ -0.8689881, 41.6299673 ], [ -0.868678, 41.6298517 ], [ -0.8684532, 41.6296906 ], [ -0.8683126, 41.6295153 ], [ -0.8682894, 41.6294156 ], [ -0.8682513, 41.6294366 ], [ -0.8680431, 41.6295751 ], [ -0.8679839, 41.6298549 ], [ -0.8679281, 41.6301191 ], [ -0.8679724, 41.6305918 ], [ -0.8679816, 41.630688 ], [ -0.8681286, 41.6313214 ], [ -0.8681756, 41.6314287 ], [ -0.8685244, 41.6321791 ], [ -0.8685861, 41.6323117 ], [ -0.8687133, 41.6325853 ], [ -0.8687883, 41.6328241 ], [ -0.8691423, 41.6329844 ], [ -0.8694335, 41.633113 ], [ -0.8700833, 41.6334737 ], [ -0.8701487, 41.6336292 ], [ -0.8700614, 41.6339569 ], [ -0.8705116, 41.6341888 ], [ -0.8709646, 41.6344205 ], [ -0.8710438, 41.6344609 ], [ -0.8712503, 41.6345685 ], [ -0.8714974, 41.6346936 ], [ -0.8719677, 41.6349355 ], [ -0.872125, 41.6350164 ], [ -0.8724108, 41.6351633 ], [ -0.8727519, 41.6353387 ] ] ] } },
{ "type": "Feature", "properties": { "CCAA": "02 - Aragón", "PROVINCIA": "50 - Zaragoza", "MUNICIPIO": "50297 - Zaragoza", "COD_MUNICIPIO": "50297", "DISTRITO": "05", "SECCION": "5029705024", "V1_H": 80.0, "V1_M": 86.03, "V2_H": 79.84963877, "V2_M": 86.04281727, "V3_H": 80.29290896000001, "V3_M": 86.20578322 }, "geometry": { "type": "Polygon", "coordinates": [ [ [ -0.877955, 41.6380529 ], [ -0.8784084, 41.6382855 ], [ -0.8791652, 41.6386724 ], [ -0.8795003, 41.6383034 ], [ -0.8796319, 41.6381627 ], [ -0.8795191, 41.6381045 ], [ -0.8779823, 41.637318 ], [ -0.8775066, 41.6370746 ], [ -0.8772362, 41.6372869 ], [ -0.8761754, 41.6367496 ], [ -0.874837, 41.6360716 ], [ -0.8748349, 41.6360706 ], [ -0.8747374, 41.6363907 ], [ -0.8761066, 41.6371052 ], [ -0.8761628, 41.637134 ], [ -0.87693, 41.6375273 ], [ -0.8775207, 41.6378302 ], [ -0.877955, 41.6380529 ] ] ] } },
{ "type": "Feature", "properties": { "CCAA": "02 - Aragón", "PROVINCIA": "50 - Zaragoza", "MUNICIPIO": "50297 - Zaragoza", "COD_MUNICIPIO": "50297", "DISTRITO": "05", "SECCION": "5029705041", "V1_H": 80.61, "V1_M": 86.39, "V2_H": 80.33359214, "V2_M": 86.26240397, "V3_H": 81.01911703, "V3_M": 86.63389387 }, "geometry": { "type": "Polygon", "coordinates": [ [ [ -0.8788388, 41.6330023 ], [ -0.8801918, 41.6334035 ], [ -0.8802695, 41.6334849 ], [ -0.8804302, 41.6331585 ], [ -0.8805082, 41.6329916 ], [ -0.8814933, 41.6328521 ], [ -0.8814881, 41.6327703 ], [ -0.8812223, 41.632659 ], [ -0.8811353, 41.6326019 ], [ -0.8807657, 41.6324411 ], [ -0.8806395, 41.632386 ], [ -0.8803573, 41.6322934 ], [ -0.8802634, 41.6322575 ], [ -0.8801783, 41.6322368 ], [ -0.8800869, 41.6322181 ], [ -0.8800015, 41.6322037 ], [ -0.8799096, 41.632202 ], [ -0.8797515, 41.6322066 ], [ -0.8796091, 41.6322487 ], [ -0.8794383, 41.6323116 ], [ -0.8793478, 41.632359 ], [ -0.8792317, 41.6324421 ], [ -0.8791275, 41.6325353 ], [ -0.8789814, 41.6327327 ], [ -0.8788388, 41.6330023 ] ] ] } },
{ "type": "Feature", "properties": { "CCAA": "02 - Aragón", "PROVINCIA": "50 - Zaragoza", "MUNICIPIO": "50297 - Zaragoza", "COD_MUNICIPIO": "50297", "DISTRITO": "05", "SECCION": "5029705043", "V1_H": 80.31, "V1_M": 86.3, "V2_H": 80.10187432, "V2_M": 86.1135989, "V3_H": 80.75259804, "V3_M": 86.72412179 }, "geometry": { "type": "Polygon", "coordinates": [ [ [ -0.8770036, 41.6345729 ], [ -0.8776651, 41.6350544 ], [ -0.8779107, 41.6348457 ], [ -0.8782359, 41.6345879 ], [ -0.8782711, 41.6344896 ], [ -0.8783603, 41.6342407 ], [ -0.8785252, 41.6337822 ], [ -0.8785712, 41.6336539 ], [ -0.8777769, 41.6334472 ], [ -0.876948, 41.632886 ], [ -0.8769476, 41.6328857 ], [ -0.8767067, 41.6327227 ], [ -0.8766636, 41.6330781 ], [ -0.8766677, 41.6331311 ], [ -0.8766641, 41.6331898 ], [ -0.8766112, 41.6336238 ], [ -0.8765961, 41.6337465 ], [ -0.876578, 41.6338957 ], [ -0.8765892, 41.6339487 ], [ -0.8765756, 41.6340581 ], [ -0.8765912, 41.6340592 ], [ -0.8767236, 41.6340684 ], [ -0.8766949, 41.6342196 ], [ -0.8766731, 41.6343347 ], [ -0.8767202, 41.6343666 ], [ -0.8768263, 41.6344439 ], [ -0.8768811, 41.6344838 ], [ -0.8770036, 41.6345729 ] ] ] } },
{ "type": "Feature", "properties": { "CCAA": "02 - Aragón", "PROVINCIA": "50 - Zaragoza", "MUNICIPIO": "50297 - Zaragoza", "COD_MUNICIPIO": "50297", "DISTRITO": "06", "SECCION": "5029706008", "V1_H": 80.65, "V1_M": 86.42, "V2_H": 80.32339709, "V2_M": 86.16224497, "V3_H": 80.9318118, "V3_M": 86.73476557 }, "geometry": { "type": "Polygon", "coordinates": [ [ [ -0.8660083, 41.647003 ], [ -0.8660433, 41.6470066 ], [ -0.8661153, 41.6470693 ], [ -0.8665887, 41.6475035 ], [ -0.8663893, 41.647612 ], [ -0.866322, 41.6476559 ], [ -0.8666728, 41.6480119 ], [ -0.8671707, 41.6485169 ], [ -0.8674264, 41.648498 ], [ -0.8677158, 41.648426 ], [ -0.8690283, 41.6480954 ], [ -0.8696686, 41.6477954 ], [ -0.8700481, 41.6476661 ], [ -0.8700481, 41.647666 ], [ -0.8698229, 41.6473585 ], [ -0.8697215, 41.6472197 ], [ -0.8696553, 41.6471277 ], [ -0.8693125, 41.646672 ], [ -0.8692349, 41.646569 ], [ -0.8687867, 41.6461461 ], [ -0.8686224, 41.6458941 ], [ -0.8686209, 41.6458939 ], [ -0.8686179, 41.6458872 ], [ -0.8686125, 41.6458798 ], [ -0.8684574, 41.6458643 ], [ -0.868396, 41.6458581 ], [ -0.868007, 41.6458191 ], [ -0.8679113, 41.6458095 ], [ -0.8676665, 41.645785 ], [ -0.8674022, 41.6457585 ], [ -0.8673296, 41.6457512 ], [ -0.867105, 41.6457287 ], [ -0.8669038, 41.6457085 ], [ -0.8668202, 41.6457002 ], [ -0.8666263, 41.6456807 ], [ -0.8664516, 41.6456632 ], [ -0.866301, 41.6456481 ], [ -0.866277, 41.6456457 ], [ -0.86616, 41.6462373 ], [ -0.8661418, 41.6463319 ], [ -0.8661416, 41.6463326 ], [ -0.8661381, 41.6463533 ], [ -0.8661066, 41.6465074 ], [ -0.8660517, 41.646785 ], [ -0.8660175, 41.6469577 ], [ -0.8660083, 41.647003 ] ] ] } },
{ "type": "Feature", "properties": { "CCAA": "02 - Aragón", "PROVINCIA": "50 - Zaragoza", "MUNICIPIO": "50297 - Zaragoza", "COD_MUNICIPIO": "50297", "DISTRITO": "04", "SECCION": "5029704044", "V1_H": 82.53, "V1_M": 87.34, "V2_H": 82.38507422000001, "V2_M": 87.19104055, "V3_H": 82.74254947, "V3_M": 87.61225513 }, "geometry": { "type": "Polygon", "coordinates": [ [ [ -0.9101943, 41.640764 ], [ -0.9104174, 41.6411558 ], [ -0.9106274, 41.6415246 ], [ -0.9114581, 41.641257 ], [ -0.9117999, 41.641147 ], [ -0.912043, 41.6410687 ], [ -0.9133143, 41.6406559 ], [ -0.9139723, 41.6404423 ], [ -0.9143625, 41.6403117 ], [ -0.914056, 41.6396174 ], [ -0.9140332, 41.6395668 ], [ -0.9140152, 41.639527 ], [ -0.9101943, 41.640764 ] ] ] } },
{ "type": "Feature", "properties": { "CCAA": "02 - Aragón", "PROVINCIA": "50 - Zaragoza", "MUNICIPIO": "50297 - Zaragoza", "COD_MUNICIPIO": "50297", "DISTRITO": "04", "SECCION": "5029704061", "V1_H": 80.85, "V1_M": 86.44, "V2_H": 80.47892397, "V2_M": 86.23437891, "V3_H": 81.22204479, "V3_M": 86.80010662 }, "geometry": { "type": "Polygon", "coordinates": [ [ [ -0.9168089, 41.6193297 ], [ -0.9170619, 41.6194972 ], [ -0.917063, 41.6194961 ], [ -0.9170869, 41.6195099 ], [ -0.9220273, 41.6223759 ], [ -0.9226129, 41.6227543 ], [ -0.922603, 41.6227716 ], [ -0.922681, 41.6227984 ], [ -0.9230863, 41.6230457 ], [ -0.9235049, 41.6232934 ], [ -0.9238842, 41.6235203 ], [ -0.924194, 41.6237035 ], [ -0.9243386, 41.6235676 ], [ -0.9255016, 41.6220745 ], [ -0.9256915, 41.6218307 ], [ -0.9257431, 41.6217645 ], [ -0.92447, 41.6209715 ], [ -0.9233055, 41.6202888 ], [ -0.9228814, 41.6200165 ], [ -0.9222052, 41.6196073 ], [ -0.9218116, 41.6193836 ], [ -0.9209153, 41.6188381 ], [ -0.9195152, 41.6180067 ], [ -0.9190241, 41.61777 ], [ -0.9190251, 41.6177693 ], [ -0.9186601, 41.6175763 ], [ -0.9185031, 41.6177381 ], [ -0.9173636, 41.6188089 ], [ -0.9168089, 41.6193297 ] ] ] } },
{ "type": "Feature", "properties": { "CCAA": "02 - Aragón", "PROVINCIA": "50 - Zaragoza", "MUNICIPIO": "50297 - Zaragoza", "COD_MUNICIPIO": "50297", "DISTRITO": "04", "SECCION": "5029704063", "V1_H": 81.0, "V1_M": 86.46, "V2_H": 80.73228769000001, "V2_M": 86.26471443, "V3_H": 81.28044537, "V3_M": 86.73149122 }, "geometry": { "type": "Polygon", "coordinates": [ [ [ -0.9472826, 41.6364552 ], [ -0.9471074, 41.6366426 ], [ -0.9463854, 41.6373715 ], [ -0.9460177, 41.6377408 ], [ -0.9457042, 41.6380616 ], [ -0.9449006, 41.6388682 ], [ -0.9452363, 41.6390918 ], [ -0.9454961, 41.6392152 ], [ -0.9457816, 41.6393588 ], [ -0.9460556, 41.6394527 ], [ -0.9462253, 41.6395052 ], [ -0.9465243, 41.6396391 ], [ -0.9469394, 41.6398543 ], [ -0.9471845, 41.6400268 ], [ -0.9476429, 41.6405394 ], [ -0.9476431, 41.6405394 ], [ -0.9477037, 41.6406482 ], [ -0.9477778, 41.6409043 ], [ -0.9478024, 41.6410259 ], [ -0.950191, 41.6407059 ], [ -0.9538308, 41.6401464 ], [ -0.9540559, 41.6401377 ], [ -0.9547996, 41.6401087 ], [ -0.9548319, 41.6401075 ], [ -0.9546202, 41.6399787 ], [ -0.9538713, 41.6394149 ], [ -0.9536968, 41.6392801 ], [ -0.9530943, 41.638698 ], [ -0.9523151, 41.6379027 ], [ -0.9518799, 41.6374894 ], [ -0.9515436, 41.6372856 ], [ -0.9510745, 41.6371091 ], [ -0.9505518, 41.6369613 ], [ -0.9500287, 41.6368234 ], [ -0.9495211, 41.6366165 ], [ -0.949223, 41.6364529 ], [ -0.9492161, 41.6364517 ], [ -0.9490895, 41.6364297 ], [ -0.9491001, 41.6364447 ], [ -0.9486782, 41.6364802 ], [ -0.9472826, 41.6364552 ] ] ] } },
{ "type": "Feature", "properties": { "CCAA": "02 - Aragón", "PROVINCIA": "50 - Zaragoza", "MUNICIPIO": "50297 - Zaragoza", "COD_MUNICIPIO": "50297", "DISTRITO": "05", "SECCION": "5029705006", "V1_H": 80.27, "V1_M": 86.36, "V2_H": 80.04050342, "V2_M": 86.25745667, "V3_H": 80.55487256000001, "V3_M": 86.64917866 }, "geometry": { "type": "Polygon", "coordinates": [ [ [ -0.872732, 41.6441077 ], [ -0.8725454, 41.6449297 ], [ -0.8723035, 41.645995 ], [ -0.8722361, 41.6461745 ], [ -0.8724625, 41.6461483 ], [ -0.8735837, 41.6456635 ], [ -0.8741762, 41.6454074 ], [ -0.8751687, 41.6449783 ], [ -0.8752445, 41.6449454 ], [ -0.8747375, 41.6443013 ], [ -0.8746128, 41.6442986 ], [ -0.8735318, 41.6441888 ], [ -0.872732, 41.6441077 ] ] ] } },
{ "type": "Feature", "properties": { "CCAA": "02 - Aragón", "PROVINCIA": "50 - Zaragoza", "MUNICIPIO": "50297 - Zaragoza", "COD_MUNICIPIO": "50297", "DISTRITO": "05", "SECCION": "5029705008", "V1_H": 80.61, "V1_M": 86.39, "V2_H": 80.33359214, "V2_M": 86.26240397, "V3_H": 81.01911703, "V3_M": 86.63389387 }, "geometry": { "type": "Polygon", "coordinates": [ [ [ -0.872732, 41.6441077 ], [ -0.8735318, 41.6441888 ], [ -0.8746128, 41.6442986 ], [ -0.8747375, 41.6443013 ], [ -0.8754197, 41.643742 ], [ -0.8751031, 41.643343 ], [ -0.8750691, 41.6433007 ], [ -0.8745969, 41.6427161 ], [ -0.8742478, 41.6422836 ], [ -0.8738918, 41.6423038 ], [ -0.8731458, 41.6423567 ], [ -0.8730949, 41.6425627 ], [ -0.8730641, 41.6426877 ], [ -0.8729426, 41.6431802 ], [ -0.8729296, 41.6432373 ], [ -0.8728383, 41.6436394 ], [ -0.872732, 41.6441077 ] ] ] } },
{ "type": "Feature", "properties": { "CCAA": "02 - Aragón", "PROVINCIA": "50 - Zaragoza", "MUNICIPIO": "50297 - Zaragoza", "COD_MUNICIPIO": "50297", "DISTRITO": "05", "SECCION": "5029705021", "V1_H": 80.3, "V1_M": 86.18, "V2_H": 80.25682951, "V2_M": 86.26310791, "V3_H": 80.49886239, "V3_M": 86.29802272000001 }, "geometry": { "type": "Polygon", "coordinates": [ [ [ -0.8744757, 41.6373072 ], [ -0.8745455, 41.6373409 ], [ -0.8747581, 41.6374448 ], [ -0.8751453, 41.637634 ], [ -0.8753221, 41.6377204 ], [ -0.8754313, 41.6377738 ], [ -0.8756559, 41.637884 ], [ -0.8757857, 41.6379497 ], [ -0.8759086, 41.6380119 ], [ -0.8761262, 41.6381206 ], [ -0.8761567, 41.6381344 ], [ -0.8764731, 41.6378861 ], [ -0.8766503, 41.6377468 ], [ -0.87693, 41.6375273 ], [ -0.8761628, 41.637134 ], [ -0.8761066, 41.6371052 ], [ -0.8747374, 41.6363907 ], [ -0.8747061, 41.6364933 ], [ -0.874631, 41.6367583 ], [ -0.8745232, 41.6371391 ], [ -0.8744757, 41.6373068 ], [ -0.8744757, 41.6373072 ] ] ] } },
{ "type": "Feature", "properties": { "CCAA": "02 - Aragón", "PROVINCIA": "50 - Zaragoza", "MUNICIPIO": "50297 - Zaragoza", "COD_MUNICIPIO": "50297", "DISTRITO": "05", "SECCION": "5029705023", "V1_H": 79.9, "V1_M": 85.71, "V2_H": 79.8721496, "V2_M": 85.86187756, "V3_H": 80.05417582, "V3_M": 85.81846709 }, "geometry": { "type": "Polygon", "coordinates": [ [ [ -0.874837, 41.6360716 ], [ -0.8761754, 41.6367496 ], [ -0.8772362, 41.6372869 ], [ -0.8775066, 41.6370746 ], [ -0.8776871, 41.6369328 ], [ -0.87796, 41.6367185 ], [ -0.8779522, 41.6367058 ], [ -0.8779512, 41.6366976 ], [ -0.8779514, 41.6366817 ], [ -0.8779492, 41.6366568 ], [ -0.8779351, 41.6366366 ], [ -0.877881, 41.6365757 ], [ -0.8778098, 41.6364958 ], [ -0.8777233, 41.6363996 ], [ -0.8776606, 41.6363552 ], [ -0.8775795, 41.6363188 ], [ -0.8775054, 41.6362958 ], [ -0.877279, 41.6362493 ], [ -0.8771335, 41.6362195 ], [ -0.8768454, 41.6361603 ], [ -0.8768368, 41.6361585 ], [ -0.8768367, 41.6361585 ], [ -0.8767954, 41.63615 ], [ -0.8767741, 41.6361456 ], [ -0.8767318, 41.6361328 ], [ -0.8766884, 41.6361089 ], [ -0.8766643, 41.6360956 ], [ -0.8765834, 41.6360454 ], [ -0.8765399, 41.6360293 ], [ -0.876514, 41.6360193 ], [ -0.8764674, 41.6359957 ], [ -0.8764339, 41.6359717 ], [ -0.8762078, 41.6358097 ], [ -0.8761767, 41.6357721 ], [ -0.8761525, 41.6357426 ], [ -0.8760444, 41.6356722 ], [ -0.8758737, 41.6355811 ], [ -0.8757084, 41.6355317 ], [ -0.8756419, 41.635483 ], [ -0.8756043, 41.6354453 ], [ -0.8755518, 41.6353926 ], [ -0.8754188, 41.6352599 ], [ -0.8753683, 41.6351328 ], [ -0.8753673, 41.6351156 ], [ -0.8753693, 41.6350914 ], [ -0.8753588, 41.635062 ], [ -0.875271, 41.6348492 ], [ -0.8752304, 41.6347529 ], [ -0.8752236, 41.6347335 ], [ -0.8752236, 41.634734 ], [ -0.8752243, 41.6347361 ], [ -0.8751769, 41.6349025 ], [ -0.8750907, 41.6352134 ], [ -0.8750218, 41.6354578 ], [ -0.874964, 41.6356473 ], [ -0.8748566, 41.6359997 ], [ -0.8748406, 41.6360518 ], [ -0.874837, 41.6360716 ] ] ] } },
{ "type": "Feature", "properties": { "CCAA": "02 - Aragón", "PROVINCIA": "50 - Zaragoza", "MUNICIPIO": "50297 - Zaragoza", "COD_MUNICIPIO": "50297", "DISTRITO": "05", "SECCION": "5029705040", "V1_H": 80.21, "V1_M": 86.17, "V2_H": 80.05188782, "V2_M": 86.17746221, "V3_H": 80.45086201, "V3_M": 86.3559927 }, "geometry": { "type": "Polygon", "coordinates": [ [ [ -0.8783603, 41.6342407 ], [ -0.8784897, 41.6342349 ], [ -0.8785843, 41.6342103 ], [ -0.8786356, 41.634247 ], [ -0.8787097, 41.6343002 ], [ -0.8787849, 41.6343543 ], [ -0.8788819, 41.6344239 ], [ -0.8789839, 41.6344972 ], [ -0.8790822, 41.6345677 ], [ -0.8791886, 41.6346439 ], [ -0.8792984, 41.6347225 ], [ -0.8794003, 41.6347957 ], [ -0.8794843, 41.6348558 ], [ -0.8795316, 41.6348897 ], [ -0.879716, 41.6348991 ], [ -0.8797183, 41.6348804 ], [ -0.879726, 41.6347234 ], [ -0.8798395, 41.6346303 ], [ -0.8799129, 41.634429 ], [ -0.8800175, 41.6341377 ], [ -0.8800447, 41.6340323 ], [ -0.8801033, 41.6338895 ], [ -0.8801302, 41.6338242 ], [ -0.8802338, 41.6335718 ], [ -0.8802533, 41.6335245 ], [ -0.880266, 41.6334934 ], [ -0.8802692, 41.6334857 ], [ -0.8802695, 41.6334849 ], [ -0.8801918, 41.6334035 ], [ -0.8788388, 41.6330023 ], [ -0.8787023, 41.6329745 ], [ -0.8786143, 41.6329298 ], [ -0.8785366, 41.6328877 ], [ -0.8782762, 41.6327167 ], [ -0.878203, 41.6326686 ], [ -0.877634, 41.6322737 ], [ -0.8776149, 41.6322884 ], [ -0.8775759, 41.6323275 ], [ -0.877394, 41.6325039 ], [ -0.8773167, 41.632579 ], [ -0.8772478, 41.6326458 ], [ -0.8771977, 41.6326644 ], [ -0.8770274, 41.6328143 ], [ -0.8769644, 41.6328707 ], [ -0.876948, 41.632886 ], [ -0.8777769, 41.6334472 ], [ -0.8785712, 41.6336539 ], [ -0.8785252, 41.6337822 ], [ -0.8783603, 41.6342407 ] ] ] } },
{ "type": "Feature", "properties": { "CCAA": "02 - Aragón", "PROVINCIA": "50 - Zaragoza", "MUNICIPIO": "50297 - Zaragoza", "COD_MUNICIPIO": "50297", "DISTRITO": "05", "SECCION": "5029705042", "V1_H": 80.23, "V1_M": 86.04, "V2_H": 80.01377171, "V2_M": 86.1814847, "V3_H": 80.55154758, "V3_M": 86.06989916000001 }, "geometry": { "type": "Polygon", "coordinates": [ [ [ -0.877634, 41.6322737 ], [ -0.878203, 41.6326686 ], [ -0.8782762, 41.6327167 ], [ -0.8785366, 41.6328877 ], [ -0.8786143, 41.6329298 ], [ -0.8787023, 41.6329745 ], [ -0.8788388, 41.6330023 ], [ -0.8789814, 41.6327327 ], [ -0.8791275, 41.6325353 ], [ -0.8792317, 41.6324421 ], [ -0.8793478, 41.632359 ], [ -0.8794383, 41.6323116 ], [ -0.8796091, 41.6322487 ], [ -0.8797515, 41.6322066 ], [ -0.8799096, 41.632202 ], [ -0.8800015, 41.6322037 ], [ -0.8800869, 41.6322181 ], [ -0.8801783, 41.6322368 ], [ -0.8802634, 41.6322575 ], [ -0.8803573, 41.6322934 ], [ -0.8806395, 41.632386 ], [ -0.8807657, 41.6324411 ], [ -0.8811353, 41.6326019 ], [ -0.8812223, 41.632659 ], [ -0.8814881, 41.6327703 ], [ -0.8814797, 41.6326354 ], [ -0.8814846, 41.6323631 ], [ -0.8814676, 41.6320919 ], [ -0.8814396, 41.6318523 ], [ -0.8814217, 41.6317311 ], [ -0.8813809, 41.6315833 ], [ -0.8813648, 41.6315245 ], [ -0.881295, 41.6313453 ], [ -0.881168, 41.63109 ], [ -0.8810739, 41.6309244 ], [ -0.8809781, 41.6307586 ], [ -0.880874, 41.6306371 ], [ -0.8807676, 41.6305459 ], [ -0.8806656, 41.63047 ], [ -0.880571, 41.6304075 ], [ -0.8804426, 41.6303264 ], [ -0.8796448, 41.6298608 ], [ -0.8795419, 41.6298007 ], [ -0.879358, 41.6297026 ], [ -0.8791793, 41.6296472 ], [ -0.879043, 41.6296272 ], [ -0.8789432, 41.6296297 ], [ -0.8787996, 41.6296444 ], [ -0.8785383, 41.6297057 ], [ -0.8785356, 41.6297063 ], [ -0.8783284, 41.6297843 ], [ -0.8779766, 41.6299104 ], [ -0.8777752, 41.6299846 ], [ -0.8771247, 41.630295 ], [ -0.8769046, 41.6303957 ], [ -0.8768218, 41.6304336 ], [ -0.8769888, 41.6304811 ], [ -0.8770682, 41.6305022 ], [ -0.8773765, 41.6306233 ], [ -0.8775705, 41.6306994 ], [ -0.8775299, 41.6307238 ], [ -0.8773953, 41.6309905 ], [ -0.8774721, 41.6310316 ], [ -0.8774568, 41.6311736 ], [ -0.8773996, 41.6312661 ], [ -0.877202, 41.631579 ], [ -0.8770346, 41.6318311 ], [ -0.8770066, 41.6318731 ], [ -0.8773318, 41.6319737 ], [ -0.8773808, 41.6320297 ], [ -0.8774062, 41.6321007 ], [ -0.8774609, 41.6321536 ], [ -0.8776324, 41.6322726 ], [ -0.877634, 41.6322737 ] ] ] } },
{ "type": "Feature", "properties": { "CCAA": "02 - Aragón", "PROVINCIA": "50 - Zaragoza", "MUNICIPIO": "50297 - Zaragoza", "COD_MUNICIPIO": "50297", "DISTRITO": "06", "SECCION": "5029706007", "V1_H": 80.21, "V1_M": 86.09, "V2_H": 80.08965404, "V2_M": 85.91309697, "V3_H": 80.44476746, "V3_M": 86.42186139 }, "geometry": { "type": "Polygon", "coordinates": [ [ [ -0.8686125, 41.6458798 ], [ -0.8686904, 41.6458876 ], [ -0.8690769, 41.6459263 ], [ -0.8691591, 41.6459346 ], [ -0.8694195, 41.6459607 ], [ -0.8693106, 41.6458169 ], [ -0.8683667, 41.6448951 ], [ -0.8682362, 41.6448634 ], [ -0.8681978, 41.6448937 ], [ -0.8680494, 41.6450133 ], [ -0.8680499, 41.6450474 ], [ -0.867574, 41.6449997 ], [ -0.8674899, 41.6449913 ], [ -0.8669641, 41.6449382 ], [ -0.86669, 41.6449105 ], [ -0.8664554, 41.6448869 ], [ -0.8664158, 41.6448829 ], [ -0.866277, 41.6456457 ], [ -0.866301, 41.6456481 ], [ -0.8664516, 41.6456632 ], [ -0.8666263, 41.6456807 ], [ -0.8668202, 41.6457002 ], [ -0.8669038, 41.6457085 ], [ -0.867105, 41.6457287 ], [ -0.8673296, 41.6457512 ], [ -0.8674022, 41.6457585 ], [ -0.8676665, 41.645785 ], [ -0.8679113, 41.6458095 ], [ -0.868007, 41.6458191 ], [ -0.868396, 41.6458581 ], [ -0.8684574, 41.6458643 ], [ -0.8686125, 41.6458798 ] ] ] } },
{ "type": "Feature", "properties": { "CCAA": "02 - Aragón", "PROVINCIA": "50 - Zaragoza", "MUNICIPIO": "50297 - Zaragoza", "COD_MUNICIPIO": "50297", "DISTRITO": "06", "SECCION": "5029706009", "V1_H": 79.92, "V1_M": 85.8, "V2_H": 79.90391364, "V2_M": 85.68196434, "V3_H": 80.09820982, "V3_M": 86.14356104 }, "geometry": { "type": "Polygon", "coordinates": [ [ [ -0.8637699, 41.6481723 ], [ -0.8637921, 41.6481747 ], [ -0.8653449, 41.6483464 ], [ -0.8654556, 41.647648 ], [ -0.8646173, 41.6475675 ], [ -0.8646996, 41.6470398 ], [ -0.8647287, 41.6468732 ], [ -0.86404, 41.6468033 ], [ -0.8639965, 41.6470225 ], [ -0.863894, 41.6474978 ], [ -0.8638939, 41.6474981 ], [ -0.8638906, 41.6475161 ], [ -0.863859, 41.6476882 ], [ -0.8637883, 41.6480771 ], [ -0.8637699, 41.6481723 ] ] ] } },
{ "type": "Feature", "properties": { "CCAA": "02 - Aragón", "PROVINCIA": "50 - Zaragoza", "MUNICIPIO": "50297 - Zaragoza", "COD_MUNICIPIO": "50297", "DISTRITO": "06", "SECCION": "5029706026", "V1_H": 79.27, "V1_M": 85.17, "V2_H": 79.19654882, "V2_M": 85.28496149, "V3_H": 79.61871206, "V3_M": 85.37047204 }, "geometry": { "type": "Polygon", "coordinates": [ [ [ -0.8587725, 41.6476451 ], [ -0.8615377, 41.6479287 ], [ -0.8616758, 41.6472666 ], [ -0.8616816, 41.6472398 ], [ -0.8617438, 41.6469499 ], [ -0.8617754, 41.6467818 ], [ -0.8618145, 41.6465791 ], [ -0.8612244, 41.6465197 ], [ -0.8611385, 41.6465111 ], [ -0.8603621, 41.6457538 ], [ -0.8591296, 41.6456301 ], [ -0.8590128, 41.6463009 ], [ -0.8588949, 41.6469763 ], [ -0.8588021, 41.6474759 ], [ -0.8587725, 41.6476451 ] ] ] } },
{ "type": "Feature", "properties": { "CCAA": "02 - Aragón", "PROVINCIA": "50 - Zaragoza", "MUNICIPIO": "50297 - Zaragoza", "COD_MUNICIPIO": "50297", "DISTRITO": "06", "SECCION": "5029706028", "V1_H": 79.81, "V1_M": 85.63, "V2_H": 79.83092799000001, "V2_M": 85.85143097, "V3_H": 80.00184088, "V3_M": 85.62912109 }, "geometry": { "type": "Polygon", "coordinates": [ [ [ -0.8608682, 41.6450982 ], [ -0.8616493, 41.6451766 ], [ -0.8620768, 41.6452195 ], [ -0.8621699, 41.644737 ], [ -0.8622237, 41.6444577 ], [ -0.8613937, 41.6443736 ], [ -0.8605515, 41.6442881 ], [ -0.860172, 41.6442498 ], [ -0.8593835, 41.6441698 ], [ -0.8593105, 41.6445897 ], [ -0.8592942, 41.6446834 ], [ -0.8592503, 41.6449356 ], [ -0.860466, 41.6450577 ], [ -0.8608682, 41.6450982 ] ] ] } },
{ "type": "Feature", "properties": { "CCAA": "02 - Aragón", "PROVINCIA": "50 - Zaragoza", "MUNICIPIO": "50297 - Zaragoza", "COD_MUNICIPIO": "50297", "DISTRITO": "04", "SECCION": "5029704069", "V1_H": 80.55, "V1_M": 86.21, "V2_H": 80.25181467, "V2_M": 85.94546636, "V3_H": 81.01047082, "V3_M": 86.65561049 }, "geometry": { "type": "Polygon", "coordinates": [ [ [ -0.9199572, 41.6160556 ], [ -0.9209418, 41.6163438 ], [ -0.9209688, 41.6163428 ], [ -0.9218359, 41.6166312 ], [ -0.9229897, 41.6173097 ], [ -0.9236913, 41.6180923 ], [ -0.9241369, 41.6184432 ], [ -0.9260254, 41.615444 ], [ -0.9298505, 41.616776 ], [ -0.9298455, 41.6167819 ], [ -0.9299092, 41.6167294 ], [ -0.9303863, 41.6161088 ], [ -0.9314288, 41.6148884 ], [ -0.9327016, 41.6132147 ], [ -0.9335585, 41.6118384 ], [ -0.9341127, 41.6107903 ], [ -0.9343192, 41.6102888 ], [ -0.9346213, 41.6095794 ], [ -0.934901, 41.6087742 ], [ -0.9352995, 41.6074278 ], [ -0.9357102, 41.6061007 ], [ -0.9356972, 41.60611 ], [ -0.9361616, 41.6046885 ], [ -0.9363503, 41.6039484 ], [ -0.9366992, 41.6029634 ], [ -0.9372354, 41.6016766 ], [ -0.9376015, 41.6009492 ], [ -0.9384052, 41.5996387 ], [ -0.9393478, 41.5983497 ], [ -0.9400598, 41.5975237 ], [ -0.9421132, 41.5952442 ], [ -0.9432184, 41.5940296 ], [ -0.9451356, 41.5920336 ], [ -0.946333, 41.5911113 ], [ -0.9483404, 41.5898699 ], [ -0.9503465, 41.5886665 ], [ -0.9517622, 41.5876623 ], [ -0.9531207, 41.5864569 ], [ -0.9541704, 41.5853794 ], [ -0.9551621, 41.5841292 ], [ -0.9562114, 41.5826609 ], [ -0.957366, 41.5810705 ], [ -0.9592768, 41.578445 ], [ -0.9577318, 41.5779109 ], [ -0.9577089, 41.5779125 ], [ -0.9563926, 41.5780041 ], [ -0.9560502, 41.5780279 ], [ -0.955588, 41.5780973 ], [ -0.9555139, 41.5781085 ], [ -0.9554933, 41.5781003 ], [ -0.9553954, 41.5780613 ], [ -0.9552593, 41.5780049 ], [ -0.9548477, 41.5779345 ], [ -0.9537899, 41.5778166 ], [ -0.9523142, 41.5776371 ], [ -0.9521356, 41.5776176 ], [ -0.9520691, 41.5776103 ], [ -0.9519491, 41.5776126 ], [ -0.9517788, 41.5776341 ], [ -0.9530548, 41.576308 ], [ -0.9533866, 41.5759631 ], [ -0.9516144, 41.575301 ], [ -0.9512953, 41.5756002 ], [ -0.9511969, 41.5756926 ], [ -0.9510509, 41.5758294 ], [ -0.9498597, 41.5770195 ], [ -0.9496895, 41.5771896 ], [ -0.9496338, 41.5772426 ], [ -0.9489361, 41.5778741 ], [ -0.9491399, 41.5778778 ], [ -0.9491648, 41.5778841 ], [ -0.9491752, 41.5778867 ], [ -0.9496754, 41.5780134 ], [ -0.9497526, 41.5780373 ], [ -0.9504963, 41.5782262 ], [ -0.9511068, 41.5778859 ], [ -0.9515969, 41.5778231 ], [ -0.9518174, 41.5777949 ], [ -0.9521455, 41.5780395 ], [ -0.9532613, 41.5780323 ], [ -0.9536663, 41.5781206 ], [ -0.9542447, 41.5784191 ], [ -0.9543865, 41.5784847 ], [ -0.954575, 41.5785916 ], [ -0.9546403, 41.5786153 ], [ -0.9547823, 41.5786764 ], [ -0.9551252, 41.5788311 ], [ -0.9553856, 41.5789438 ], [ -0.9554447, 41.5789718 ], [ -0.9556459, 41.5790565 ], [ -0.9559002, 41.5791691 ], [ -0.9561428, 41.5792725 ], [ -0.9563467, 41.5794588 ], [ -0.9564344, 41.5795389 ], [ -0.9563405, 41.5796561 ], [ -0.9562244, 41.5798012 ], [ -0.9556914, 41.5804669 ], [ -0.9552604, 41.5810086 ], [ -0.9545495, 41.5818696 ], [ -0.9542811, 41.5822025 ], [ -0.9538538, 41.5826273 ], [ -0.9534778, 41.5830745 ], [ -0.9533615, 41.5832129 ], [ -0.9531932, 41.5834125 ], [ -0.9531381, 41.5834667 ], [ -0.9530942, 41.5835099 ], [ -0.9511522, 41.5855513 ], [ -0.9505751, 41.5860506 ], [ -0.9450773, 41.5908062 ], [ -0.9446591, 41.5911319 ], [ -0.94422, 41.5915475 ], [ -0.9441391, 41.5916207 ], [ -0.9436641, 41.5920509 ], [ -0.9429776, 41.5927005 ], [ -0.9424603, 41.5931236 ], [ -0.9419476, 41.5935872 ], [ -0.9415084, 41.5940072 ], [ -0.9408905, 41.5945725 ], [ -0.9408555, 41.5946041 ], [ -0.9401617, 41.5952305 ], [ -0.9395997, 41.5957338 ], [ -0.9388585, 41.596405 ], [ -0.9380735, 41.5971294 ], [ -0.937657, 41.5975858 ], [ -0.9374301, 41.5981175 ], [ -0.9371266, 41.5991704 ], [ -0.9368651, 41.6002239 ], [ -0.9365991, 41.6008497 ], [ -0.9361498, 41.6013955 ], [ -0.9350853, 41.6025224 ], [ -0.9349451, 41.6026708 ], [ -0.9336413, 41.6040479 ], [ -0.9319873, 41.6056753 ], [ -0.9303843, 41.6072091 ], [ -0.9294862, 41.6080845 ], [ -0.9280661, 41.6094063 ], [ -0.9281992, 41.6094656 ], [ -0.9271864, 41.6105531 ], [ -0.9268527, 41.6108616 ], [ -0.926604, 41.6110907 ], [ -0.926421, 41.6112542 ], [ -0.9261159, 41.6114584 ], [ -0.92596, 41.6115699 ], [ -0.9245824, 41.6123458 ], [ -0.9234439, 41.6129924 ], [ -0.9229639, 41.6133078 ], [ -0.9224239, 41.6137079 ], [ -0.9207154, 41.6152927 ], [ -0.9201586, 41.6158212 ], [ -0.9199608, 41.6160464 ], [ -0.9199572, 41.6160556 ] ] ] } },
{ "type": "Feature", "properties": { "CCAA": "02 - Aragón", "PROVINCIA": "50 - Zaragoza", "MUNICIPIO": "50297 - Zaragoza", "COD_MUNICIPIO": "50297", "DISTRITO": "05", "SECCION": "5029705015", "V1_H": 79.92, "V1_M": 85.8, "V2_H": 79.90391364, "V2_M": 85.68196434, "V3_H": 80.09820982, "V3_M": 86.14356104 }, "geometry": { "type": "Polygon", "coordinates": [ [ [ -0.8689579, 41.6401367 ], [ -0.8689857, 41.6401412 ], [ -0.8691039, 41.6401598 ], [ -0.8694518, 41.6402147 ], [ -0.8696888, 41.640252 ], [ -0.8701955, 41.6404766 ], [ -0.8706451, 41.6406758 ], [ -0.8711957, 41.6409199 ], [ -0.8715131, 41.6410605 ], [ -0.8717624, 41.641171 ], [ -0.871811, 41.6411124 ], [ -0.8720894, 41.6408315 ], [ -0.8721017, 41.640819 ], [ -0.8722299, 41.6406896 ], [ -0.8723813, 41.6405368 ], [ -0.8721727, 41.6404342 ], [ -0.8718655, 41.6402833 ], [ -0.8716927, 41.6401984 ], [ -0.871512, 41.6401095 ], [ -0.8713858, 41.6400475 ], [ -0.8710958, 41.639905 ], [ -0.8710009, 41.6398584 ], [ -0.8707369, 41.6397286 ], [ -0.87064, 41.6396811 ], [ -0.8704031, 41.6395646 ], [ -0.8702856, 41.6395069 ], [ -0.8700933, 41.6394124 ], [ -0.8700863, 41.6394238 ], [ -0.8700441, 41.6394921 ], [ -0.8700248, 41.6395235 ], [ -0.8700022, 41.6395587 ], [ -0.8699641, 41.6396199 ], [ -0.8699409, 41.6396572 ], [ -0.8699266, 41.6396801 ], [ -0.8699153, 41.6397014 ], [ -0.8698455, 41.6396813 ], [ -0.8697236, 41.6396461 ], [ -0.8696454, 41.6396235 ], [ -0.8695424, 41.6395938 ], [ -0.869458, 41.6395694 ], [ -0.869294, 41.6395221 ], [ -0.8690084, 41.6394396 ], [ -0.8689523, 41.6394616 ], [ -0.8689546, 41.6395924 ], [ -0.8689579, 41.6401367 ] ] ] } },
{ "type": "Feature", "properties": { "CCAA": "02 - Aragón", "PROVINCIA": "50 - Zaragoza", "MUNICIPIO": "50297 - Zaragoza", "COD_MUNICIPIO": "50297", "DISTRITO": "05", "SECCION": "5029705016", "V1_H": 79.78, "V1_M": 85.67, "V2_H": 79.78305357000001, "V2_M": 85.83721796, "V3_H": 80.07461692, "V3_M": 85.64972132 }, "geometry": { "type": "Polygon", "coordinates": [ [ [ -0.8689523, 41.6394616 ], [ -0.8690084, 41.6394396 ], [ -0.869294, 41.6395221 ], [ -0.869458, 41.6395694 ], [ -0.8695424, 41.6395938 ], [ -0.8696454, 41.6396235 ], [ -0.8697236, 41.6396461 ], [ -0.8698455, 41.6396813 ], [ -0.8699153, 41.6397014 ], [ -0.8699266, 41.6396801 ], [ -0.8699409, 41.6396572 ], [ -0.8699641, 41.6396199 ], [ -0.8700022, 41.6395587 ], [ -0.8700248, 41.6395235 ], [ -0.8700441, 41.6394921 ], [ -0.8700863, 41.6394238 ], [ -0.8700933, 41.6394124 ], [ -0.8700927, 41.639412 ], [ -0.8700288, 41.6393806 ], [ -0.869882, 41.6393085 ], [ -0.8699083, 41.6392775 ], [ -0.8700376, 41.6391248 ], [ -0.8701566, 41.6389844 ], [ -0.8703318, 41.6387775 ], [ -0.870368, 41.638735 ], [ -0.8703679, 41.6387349 ], [ -0.8701107, 41.6386244 ], [ -0.8689528, 41.6381263 ], [ -0.8689198, 41.6382967 ], [ -0.8689388, 41.6388255 ], [ -0.8689431, 41.6389425 ], [ -0.8689523, 41.6394616 ] ] ] } },
{ "type": "Feature", "properties": { "CCAA": "02 - Aragón", "PROVINCIA": "50 - Zaragoza", "MUNICIPIO": "50297 - Zaragoza", "COD_MUNICIPIO": "50297", "DISTRITO": "05", "SECCION": "5029705031", "V1_H": 81.1, "V1_M": 86.64, "V2_H": 80.60081217, "V2_M": 86.48118059, "V3_H": 81.51550291, "V3_M": 86.87452308 }, "geometry": { "type": "Polygon", "coordinates": [ [ [ -0.8820904, 41.6394285 ], [ -0.8826382, 41.6397104 ], [ -0.882694, 41.6397615 ], [ -0.8827982, 41.6398568 ], [ -0.8829779, 41.6399442 ], [ -0.8830423, 41.6399771 ], [ -0.8834651, 41.6398073 ], [ -0.8836413, 41.6397636 ], [ -0.8839503, 41.6396425 ], [ -0.884081, 41.6395912 ], [ -0.8847335, 41.639311 ], [ -0.8848177, 41.6393 ], [ -0.8859692, 41.63922 ], [ -0.8863416, 41.639203 ], [ -0.8862227, 41.638905 ], [ -0.8859542, 41.6388901 ], [ -0.8848287, 41.6384051 ], [ -0.8846391, 41.6383294 ], [ -0.8845296, 41.638246 ], [ -0.8844812, 41.6381866 ], [ -0.8842793, 41.6382963 ], [ -0.8841097, 41.6383885 ], [ -0.8836823, 41.6386303 ], [ -0.8832034, 41.6389016 ], [ -0.8829076, 41.639069 ], [ -0.882843, 41.6390847 ], [ -0.8825896, 41.6392338 ], [ -0.8820904, 41.6394285 ] ] ] } },
{ "type": "Feature", "properties": { "CCAA": "02 - Aragón", "PROVINCIA": "50 - Zaragoza", "MUNICIPIO": "50297 - Zaragoza", "COD_MUNICIPIO": "50297", "DISTRITO": "05", "SECCION": "5029705034", "V1_H": 81.13, "V1_M": 86.76, "V2_H": 80.8252038, "V2_M": 86.73512652, "V3_H": 81.48774648, "V3_M": 86.92091474 }, "geometry": { "type": "Polygon", "coordinates": [ [ [ -0.8829322, 41.6355525 ], [ -0.8838543, 41.6360397 ], [ -0.8840353, 41.6361355 ], [ -0.8845598, 41.6364126 ], [ -0.8846011, 41.6361198 ], [ -0.8846692, 41.6356196 ], [ -0.8846957, 41.6354245 ], [ -0.8847919, 41.6347302 ], [ -0.8848717, 41.6341651 ], [ -0.8848964, 41.6339893 ], [ -0.8849358, 41.633723 ], [ -0.8849703, 41.6335536 ], [ -0.8849761, 41.6335253 ], [ -0.8843652, 41.6334376 ], [ -0.8839044, 41.6333778 ], [ -0.8837261, 41.6333465 ], [ -0.8825825, 41.6331738 ], [ -0.8822968, 41.6331288 ], [ -0.8816565, 41.6330096 ], [ -0.8815582, 41.6329745 ], [ -0.8815161, 41.6329209 ], [ -0.8814933, 41.6328521 ], [ -0.8805082, 41.6329916 ], [ -0.8804302, 41.6331585 ], [ -0.8802695, 41.6334849 ], [ -0.8802692, 41.6334857 ], [ -0.8802789, 41.633487 ], [ -0.8804225, 41.6335196 ], [ -0.8805676, 41.6335525 ], [ -0.8806113, 41.6335625 ], [ -0.8807683, 41.6336036 ], [ -0.88088, 41.633633 ], [ -0.8810681, 41.6336823 ], [ -0.8810057, 41.6337311 ], [ -0.8808975, 41.6338156 ], [ -0.8808021, 41.6338901 ], [ -0.8806977, 41.6339716 ], [ -0.8806657, 41.6339946 ], [ -0.8805356, 41.6340858 ], [ -0.8804211, 41.6341661 ], [ -0.8804709, 41.6342014 ], [ -0.8805868, 41.6342827 ], [ -0.8806963, 41.6343595 ], [ -0.8808508, 41.634467 ], [ -0.8809168, 41.6344874 ], [ -0.8811071, 41.6345879 ], [ -0.88119, 41.6346317 ], [ -0.8813533, 41.6347181 ], [ -0.8814884, 41.6347896 ], [ -0.8816338, 41.6348663 ], [ -0.8817072, 41.6349051 ], [ -0.8819045, 41.6350094 ], [ -0.8822296, 41.6351812 ], [ -0.8829322, 41.6355525 ] ] ] } },
{ "type": "Feature", "properties": { "CCAA": "02 - Aragón", "PROVINCIA": "50 - Zaragoza", "MUNICIPIO": "50297 - Zaragoza", "COD_MUNICIPIO": "50297", "DISTRITO": "05", "SECCION": "5029705049", "V1_H": 80.3, "V1_M": 86.18, "V2_H": 80.25682951, "V2_M": 86.26310791, "V3_H": 80.49886239, "V3_M": 86.29802272000001 }, "geometry": { "type": "Polygon", "coordinates": [ [ [ -0.8711479, 41.6418886 ], [ -0.8730949, 41.6425627 ], [ -0.8731458, 41.6423567 ], [ -0.8733915, 41.6413601 ], [ -0.8725585, 41.6410471 ], [ -0.8721308, 41.6408864 ], [ -0.8720894, 41.6408315 ], [ -0.871811, 41.6411124 ], [ -0.8717624, 41.641171 ], [ -0.871691, 41.6412567 ], [ -0.8711479, 41.6418886 ] ] ] } },
{ "type": "Feature", "properties": { "CCAA": "02 - Aragón", "PROVINCIA": "50 - Zaragoza", "MUNICIPIO": "50297 - Zaragoza", "COD_MUNICIPIO": "50297", "DISTRITO": "05", "SECCION": "5029705050", "V1_H": 81.73, "V1_M": 86.8, "V2_H": 81.31626673, "V2_M": 86.83145999, "V3_H": 82.17064416, "V3_M": 87.00536352 }, "geometry": { "type": "Polygon", "coordinates": [ [ [ -0.8742478, 41.6422836 ], [ -0.8745969, 41.6427161 ], [ -0.8750691, 41.6433007 ], [ -0.8751031, 41.643343 ], [ -0.8754197, 41.643742 ], [ -0.8761791, 41.6434082 ], [ -0.8759655, 41.6431355 ], [ -0.8756526, 41.6427356 ], [ -0.8754565, 41.6424851 ], [ -0.875256, 41.642229 ], [ -0.8742478, 41.6422836 ] ] ] } },
{ "type": "Feature", "properties": { "CCAA": "02 - Aragón", "PROVINCIA": "50 - Zaragoza", "MUNICIPIO": "50297 - Zaragoza", "COD_MUNICIPIO": "50297", "DISTRITO": "06", "SECCION": "5029706018", "V1_H": 79.92, "V1_M": 85.8, "V2_H": 79.90391364, "V2_M": 85.68196434, "V3_H": 80.09820982, "V3_M": 86.14356104 }, "geometry": { "type": "Polygon", "coordinates": [ [ [ -0.8637697, 41.6481723 ], [ -0.8637699, 41.6481723 ], [ -0.8637883, 41.6480771 ], [ -0.863859, 41.6476882 ], [ -0.8638906, 41.6475161 ], [ -0.8638939, 41.6474981 ], [ -0.8616758, 41.6472666 ], [ -0.8615377, 41.6479287 ], [ -0.8637697, 41.6481723 ] ] ] } },
{ "type": "Feature", "properties": { "CCAA": "02 - Aragón", "PROVINCIA": "50 - Zaragoza", "MUNICIPIO": "50297 - Zaragoza", "COD_MUNICIPIO": "50297", "DISTRITO": "06", "SECCION": "5029706019", "V1_H": 79.2, "V1_M": 85.22, "V2_H": 79.18248439, "V2_M": 85.25623492, "V3_H": 79.42953696, "V3_M": 85.41396632 }, "geometry": { "type": "Polygon", "coordinates": [ [ [ -0.8614121, 41.6486097 ], [ -0.8613735, 41.6488191 ], [ -0.862327, 41.6489196 ], [ -0.8626258, 41.6489511 ], [ -0.8636032, 41.6490541 ], [ -0.8636242, 41.6489427 ], [ -0.863644, 41.6488378 ], [ -0.8636842, 41.6486261 ], [ -0.8637039, 41.6485208 ], [ -0.8637465, 41.6482953 ], [ -0.8637697, 41.6481723 ], [ -0.8615377, 41.6479287 ], [ -0.8614528, 41.6483893 ], [ -0.8614121, 41.6486097 ] ] ] } },
{ "type": "Feature", "properties": { "CCAA": "02 - Aragón", "PROVINCIA": "50 - Zaragoza", "MUNICIPIO": "50297 - Zaragoza", "COD_MUNICIPIO": "50297", "DISTRITO": "06", "SECCION": "5029706034", "V1_H": 80.0, "V1_M": 86.03, "V2_H": 79.84963877, "V2_M": 86.04281727, "V3_H": 80.29290896000001, "V3_M": 86.20578322 }, "geometry": { "type": "Polygon", "coordinates": [ [ [ -0.864451, 41.6446841 ], [ -0.8645608, 41.6446954 ], [ -0.8654274, 41.644783 ], [ -0.8656734, 41.6448078 ], [ -0.8664158, 41.6448829 ], [ -0.866428, 41.6448162 ], [ -0.866483, 41.6446437 ], [ -0.8665684, 41.6444617 ], [ -0.8666726, 41.6443305 ], [ -0.8667394, 41.6442465 ], [ -0.8670311, 41.6439703 ], [ -0.8671564, 41.6438517 ], [ -0.867005, 41.6437512 ], [ -0.8668339, 41.6436434 ], [ -0.8668108, 41.6436285 ], [ -0.8660927, 41.6431741 ], [ -0.8659184, 41.6430802 ], [ -0.8657012, 41.6431818 ], [ -0.8652977, 41.6432956 ], [ -0.8650667, 41.6433226 ], [ -0.8648062, 41.6433106 ], [ -0.8646943, 41.6432945 ], [ -0.864575, 41.6439814 ], [ -0.8644472, 41.6446838 ], [ -0.864451, 41.6446841 ] ] ] } },
{ "type": "Feature", "properties": { "CCAA": "02 - Aragón", "PROVINCIA": "50 - Zaragoza", "MUNICIPIO": "50297 - Zaragoza", "COD_MUNICIPIO": "50297", "DISTRITO": "06", "SECCION": "5029706037", "V1_H": 80.23, "V1_M": 86.04, "V2_H": 80.01377171, "V2_M": 86.1814847, "V3_H": 80.55154758, "V3_M": 86.06989916000001 }, "geometry": { "type": "Polygon", "coordinates": [ [ [ -0.8647287, 41.6468732 ], [ -0.8655659, 41.6469582 ], [ -0.8660083, 41.647003 ], [ -0.8660175, 41.6469577 ], [ -0.8660517, 41.646785 ], [ -0.8661066, 41.6465074 ], [ -0.8661381, 41.6463533 ], [ -0.8661416, 41.6463326 ], [ -0.8659659, 41.6463154 ], [ -0.8651761, 41.6462363 ], [ -0.8646145, 41.6461802 ], [ -0.8643474, 41.6461535 ], [ -0.864172, 41.646136 ], [ -0.8641591, 41.6462012 ], [ -0.8640987, 41.6465065 ], [ -0.8640608, 41.6466982 ], [ -0.86404, 41.6468033 ], [ -0.8647287, 41.6468732 ] ] ] } },
{ "type": "Feature", "properties": { "CCAA": "02 - Aragón", "PROVINCIA": "50 - Zaragoza", "MUNICIPIO": "50297 - Zaragoza", "COD_MUNICIPIO": "50297", "DISTRITO": "07", "SECCION": "5029707016", "V1_H": 81.55, "V1_M": 86.88, "V2_H": 81.46298126000001, "V2_M": 86.741846, "V3_H": 81.68783029, "V3_M": 87.18580847 }, "geometry": { "type": "Polygon", "coordinates": [ [ [ -0.9037545, 41.6618111 ], [ -0.9037518, 41.6618159 ], [ -0.904128, 41.6619335 ], [ -0.9053603, 41.6623372 ], [ -0.9054771, 41.6623754 ], [ -0.9057203, 41.6624551 ], [ -0.9065406, 41.6627237 ], [ -0.9071004, 41.6617621 ], [ -0.9073517, 41.6613306 ], [ -0.9074971, 41.6610517 ], [ -0.9081189, 41.660631 ], [ -0.9086501, 41.6596133 ], [ -0.9070434, 41.6591789 ], [ -0.9055084, 41.6589405 ], [ -0.9045584, 41.6603904 ], [ -0.9047013, 41.6604473 ], [ -0.9042411, 41.6612424 ], [ -0.9040928, 41.6612035 ], [ -0.9037545, 41.6618111 ] ] ] } },
{ "type": "Feature", "properties": { "CCAA": "02 - Aragón", "PROVINCIA": "50 - Zaragoza", "MUNICIPIO": "50297 - Zaragoza", "COD_MUNICIPIO": "50297", "DISTRITO": "04", "SECCION": "5029704071", "V1_H": 80.91, "V1_M": 86.64, "V2_H": 80.44720226, "V2_M": 86.54313262, "V3_H": 81.45534141, "V3_M": 86.89844934 }, "geometry": { "type": "MultiPolygon", "coordinates": [ [ [ [ -1.1338228, 41.5321323 ], [ -1.135244, 41.5327318 ], [ -1.1353841, 41.5328603 ], [ -1.1360188, 41.5331905 ], [ -1.1360189, 41.5331905 ], [ -1.1360809, 41.5332228 ], [ -1.1362311, 41.5332376 ], [ -1.137826, 41.5333952 ], [ -1.1389758, 41.5338462 ], [ -1.1399544, 41.5360867 ], [ -1.1406651, 41.5383093 ], [ -1.1406695, 41.5383229 ], [ -1.1406893, 41.5383383 ], [ -1.1422409, 41.5396562 ], [ -1.1429355, 41.540404 ], [ -1.1440802, 41.5414583 ], [ -1.1447773, 41.5418119 ], [ -1.1447953, 41.5418149 ], [ -1.1474063, 41.5424438 ], [ -1.1522351, 41.5436066 ], [ -1.1522429, 41.5436074 ], [ -1.1538505, 41.5427235 ], [ -1.155195, 41.5422407 ], [ -1.1563557, 41.5418969 ], [ -1.1564644, 41.5418648 ], [ -1.156853, 41.5416909 ], [ -1.1596529, 41.5376556 ], [ -1.1600554, 41.5369866 ], [ -1.1602867, 41.5364643 ], [ -1.1608239, 41.5352515 ], [ -1.1622388, 41.5334928 ], [ -1.1622408, 41.5334898 ], [ -1.1643555, 41.5269486 ], [ -1.1648412, 41.5250396 ], [ -1.1646693, 41.5250392 ], [ -1.1646661, 41.5250392 ], [ -1.1637795, 41.5250375 ], [ -1.1603252, 41.5245165 ], [ -1.1580756, 41.5243904 ], [ -1.1536799, 41.5242928 ], [ -1.1453458, 41.5244469 ], [ -1.1351129, 41.5249794 ], [ -1.1350472, 41.5249828 ], [ -1.1342323, 41.5249786 ], [ -1.1305243, 41.5238916 ], [ -1.1298974, 41.5236022 ], [ -1.1298958, 41.5236003 ], [ -1.1282763, 41.5230017 ], [ -1.1282728, 41.5229993 ], [ -1.1279213, 41.523552 ], [ -1.127676, 41.5241605 ], [ -1.1276768, 41.5241654 ], [ -1.1277537, 41.5275609 ], [ -1.1277619, 41.5279226 ], [ -1.1278183, 41.5283689 ], [ -1.1277871, 41.529035 ], [ -1.1277871, 41.5290355 ], [ -1.1261129, 41.5309893 ], [ -1.1261193, 41.5309913 ], [ -1.1271066, 41.5312106 ], [ -1.1285608, 41.5315337 ], [ -1.1310087, 41.5328702 ], [ -1.1325636, 41.5329855 ], [ -1.1331889, 41.5325619 ], [ -1.1338228, 41.5321323 ] ] ], [ [ [ -0.962477, 41.6188252 ], [ -0.9614537, 41.6208632 ], [ -0.9559048, 41.6276276 ], [ -0.9503182, 41.6298626 ], [ -0.9503286, 41.6299211 ], [ -0.9503446, 41.6302169 ], [ -0.9501406, 41.6306422 ], [ -0.949716, 41.6310111 ], [ -0.9479548, 41.63143 ], [ -0.9479616, 41.633836 ], [ -0.9479516, 41.6341504 ], [ -0.9479274, 41.6345122 ], [ -0.9479212, 41.6347075 ], [ -0.9479888, 41.6349804 ], [ -0.9480536, 41.6351388 ], [ -0.9481548, 41.6353551 ], [ -0.9482704, 41.6355144 ], [ -0.9483805, 41.6356498 ], [ -0.9485087, 41.6358142 ], [ -0.9486874, 41.6359889 ], [ -0.9488157, 41.6361485 ], [ -0.9490195, 41.6363332 ], [ -0.9492161, 41.6364517 ], [ -0.949223, 41.6364529 ], [ -0.9495211, 41.6366165 ], [ -0.9500287, 41.6368234 ], [ -0.9505518, 41.6369613 ], [ -0.9510745, 41.6371091 ], [ -0.9515436, 41.6372856 ], [ -0.9518799, 41.6374894 ], [ -0.9523151, 41.6379027 ], [ -0.9530943, 41.638698 ], [ -0.9536968, 41.6392801 ], [ -0.9538713, 41.6394149 ], [ -0.9546202, 41.6399787 ], [ -0.9548319, 41.6401075 ], [ -0.9548352, 41.6401073 ], [ -0.9548353, 41.6401073 ], [ -0.9548404, 41.6401071 ], [ -0.9548405, 41.6401071 ], [ -0.9548412, 41.6401065 ], [ -0.9556255, 41.6394213 ], [ -0.957127, 41.6384976 ], [ -0.9575486, 41.6383996 ], [ -0.9610247, 41.6375909 ], [ -0.9725746, 41.635047 ], [ -0.974917, 41.6343688 ], [ -0.9749766, 41.6343515 ], [ -0.9750003, 41.6342752 ], [ -0.9750294, 41.6337515 ], [ -0.9750231, 41.6331413 ], [ -0.974966, 41.6325303 ], [ -0.9748442, 41.6319562 ], [ -0.9729568, 41.6260989 ], [ -0.972748, 41.6254661 ], [ -0.9725017, 41.6248136 ], [ -0.9721405, 41.6241781 ], [ -0.9713879, 41.6230591 ], [ -0.9706875, 41.6223032 ], [ -0.969996, 41.6216714 ], [ -0.9695624, 41.6213206 ], [ -0.9684796, 41.6206056 ], [ -0.9676549, 41.6201717 ], [ -0.966702, 41.6197735 ], [ -0.9653319, 41.6193108 ], [ -0.964033, 41.6190114 ], [ -0.962477, 41.6188252 ] ] ] ] } },
{ "type": "Feature", "properties": { "CCAA": "02 - Aragón", "PROVINCIA": "50 - Zaragoza", "MUNICIPIO": "50297 - Zaragoza", "COD_MUNICIPIO": "50297", "DISTRITO": "05", "SECCION": "5029705013", "V1_H": 80.06, "V1_M": 86.09, "V2_H": 79.80248703, "V2_M": 86.14116428, "V3_H": 80.46064959, "V3_M": 86.17412372 }, "geometry": { "type": "Polygon", "coordinates": [ [ [ -0.8702289, 41.6415704 ], [ -0.8703303, 41.6416056 ], [ -0.8706771, 41.6417256 ], [ -0.8711479, 41.6418886 ], [ -0.871691, 41.6412567 ], [ -0.8717624, 41.641171 ], [ -0.8715131, 41.6410605 ], [ -0.8711957, 41.6409199 ], [ -0.8706451, 41.6406758 ], [ -0.8701955, 41.6404766 ], [ -0.8696888, 41.640252 ], [ -0.8694518, 41.6402147 ], [ -0.8691039, 41.6401598 ], [ -0.8689857, 41.6401412 ], [ -0.8689579, 41.6401367 ], [ -0.8689579, 41.6401368 ], [ -0.8689586, 41.6402643 ], [ -0.8689744, 41.6403602 ], [ -0.869088, 41.641049 ], [ -0.8691101, 41.641183 ], [ -0.869648, 41.6413693 ], [ -0.8698476, 41.6414384 ], [ -0.8700161, 41.6414968 ], [ -0.8702288, 41.6415703 ], [ -0.8702289, 41.6415704 ] ] ] } },
{ "type": "Feature", "properties": { "CCAA": "02 - Aragón", "PROVINCIA": "50 - Zaragoza", "MUNICIPIO": "50297 - Zaragoza", "COD_MUNICIPIO": "50297", "DISTRITO": "05", "SECCION": "5029705014", "V1_H": 81.47, "V1_M": 86.75, "V2_H": 81.12898066, "V2_M": 86.51613614, "V3_H": 81.81510349, "V3_M": 87.06728245 }, "geometry": { "type": "Polygon", "coordinates": [ [ [ -0.8733915, 41.6413601 ], [ -0.8731458, 41.6423567 ], [ -0.8738918, 41.6423038 ], [ -0.8742478, 41.6422836 ], [ -0.875256, 41.642229 ], [ -0.8742914, 41.6410256 ], [ -0.8742894, 41.6410232 ], [ -0.873916, 41.6405573 ], [ -0.8738971, 41.6405323 ], [ -0.8738352, 41.6404503 ], [ -0.8738111, 41.6404183 ], [ -0.873809, 41.6404156 ], [ -0.8736704, 41.6402319 ], [ -0.8736172, 41.6404463 ], [ -0.8735578, 41.6406859 ], [ -0.8734634, 41.6410685 ], [ -0.8733915, 41.6413601 ] ] ] } },
{ "type": "Feature", "properties": { "CCAA": "02 - Aragón", "PROVINCIA": "50 - Zaragoza", "MUNICIPIO": "50297 - Zaragoza", "COD_MUNICIPIO": "50297", "DISTRITO": "05", "SECCION": "5029705032", "V1_H": 80.74, "V1_M": 86.31, "V2_H": 80.60059228, "V2_M": 86.16828649, "V3_H": 80.96013544, "V3_M": 86.56561146 }, "geometry": { "type": "Polygon", "coordinates": [ [ [ -0.8824308, 41.6379034 ], [ -0.882429, 41.6379045 ], [ -0.8832629, 41.6383754 ], [ -0.8835544, 41.6385407 ], [ -0.8836823, 41.6386303 ], [ -0.8841097, 41.6383885 ], [ -0.8842793, 41.6382963 ], [ -0.8844812, 41.6381866 ], [ -0.8844423, 41.6381389 ], [ -0.8843857, 41.6380233 ], [ -0.8843731, 41.6378814 ], [ -0.8843821, 41.6377369 ], [ -0.8844141, 41.6375011 ], [ -0.8845196, 41.6367226 ], [ -0.8844363, 41.6367626 ], [ -0.8843286, 41.6368181 ], [ -0.8839102, 41.6370573 ], [ -0.8832223, 41.6374508 ], [ -0.8824308, 41.6379034 ] ] ] } },
{ "type": "Feature", "properties": { "CCAA": "02 - Aragón", "PROVINCIA": "50 - Zaragoza", "MUNICIPIO": "50297 - Zaragoza", "COD_MUNICIPIO": "50297", "DISTRITO": "05", "SECCION": "5029705033", "V1_H": 80.0, "V1_M": 86.03, "V2_H": 79.84963877, "V2_M": 86.04281727, "V3_H": 80.29290896000001, "V3_M": 86.20578322 }, "geometry": { "type": "Polygon", "coordinates": [ [ [ -0.88184, 41.6373544 ], [ -0.8818676, 41.6373783 ], [ -0.8819842, 41.6374909 ], [ -0.8820908, 41.6375946 ], [ -0.882141, 41.6376434 ], [ -0.8822059, 41.6377065 ], [ -0.8822574, 41.6377565 ], [ -0.8823081, 41.6378058 ], [ -0.882359, 41.6378553 ], [ -0.8823851, 41.6378801 ], [ -0.8824169, 41.6378976 ], [ -0.8824308, 41.6379034 ], [ -0.8832223, 41.6374508 ], [ -0.8839102, 41.6370573 ], [ -0.8843286, 41.6368181 ], [ -0.8844363, 41.6367626 ], [ -0.8845196, 41.6367226 ], [ -0.8845615, 41.6364135 ], [ -0.8845598, 41.6364126 ], [ -0.8840353, 41.6361355 ], [ -0.8838543, 41.6360397 ], [ -0.8829322, 41.6355525 ], [ -0.8824406, 41.6360278 ], [ -0.8823612, 41.6361046 ], [ -0.8821941, 41.636266 ], [ -0.8819812, 41.6364718 ], [ -0.8814542, 41.6369812 ], [ -0.8818407, 41.6373524 ], [ -0.88184, 41.6373544 ] ] ] } },
{ "type": "Feature", "properties": { "CCAA": "02 - Aragón", "PROVINCIA": "50 - Zaragoza", "MUNICIPIO": "50297 - Zaragoza", "COD_MUNICIPIO": "50297", "DISTRITO": "05", "SECCION": "5029705048", "V1_H": 80.74, "V1_M": 86.31, "V2_H": 80.60059228, "V2_M": 86.16828649, "V3_H": 80.96013544, "V3_M": 86.56561146 }, "geometry": { "type": "Polygon", "coordinates": [ [ [ -0.8718687, 41.6440645 ], [ -0.8719887, 41.64403 ], [ -0.8720915, 41.6440319 ], [ -0.872732, 41.6441077 ], [ -0.8728383, 41.6436394 ], [ -0.8729296, 41.6432373 ], [ -0.8729426, 41.6431802 ], [ -0.8730641, 41.6426877 ], [ -0.8730949, 41.6425627 ], [ -0.8711479, 41.6418886 ], [ -0.8706771, 41.6417256 ], [ -0.8703303, 41.6416056 ], [ -0.8702289, 41.6415704 ], [ -0.8702204, 41.641584 ], [ -0.8701538, 41.6416927 ], [ -0.8699799, 41.6419763 ], [ -0.8698848, 41.6421327 ], [ -0.8698467, 41.6421676 ], [ -0.8700342, 41.6422301 ], [ -0.8702717, 41.6423089 ], [ -0.8704961, 41.6423833 ], [ -0.8706986, 41.6424505 ], [ -0.8711259, 41.6425922 ], [ -0.871357, 41.6426689 ], [ -0.8717539, 41.6428005 ], [ -0.8719392, 41.642862 ], [ -0.8721001, 41.6429154 ], [ -0.8720684, 41.6430761 ], [ -0.8720529, 41.6431525 ], [ -0.8720196, 41.6433173 ], [ -0.8720052, 41.6433886 ], [ -0.87196, 41.6436126 ], [ -0.8719469, 41.6436773 ], [ -0.8718929, 41.6439446 ], [ -0.8718687, 41.6440645 ] ] ] } },
{ "type": "Feature", "properties": { "CCAA": "02 - Aragón", "PROVINCIA": "50 - Zaragoza", "MUNICIPIO": "50297 - Zaragoza", "COD_MUNICIPIO": "50297", "DISTRITO": "06", "SECCION": "5029706001", "V1_H": 81.37, "V1_M": 86.85, "V2_H": 81.08688328, "V2_M": 86.76748373, "V3_H": 81.75507894, "V3_M": 87.07522296 }, "geometry": { "type": "Polygon", "coordinates": [ [ [ -0.8693125, 41.646672 ], [ -0.8696553, 41.6471277 ], [ -0.8697215, 41.6472197 ], [ -0.8698229, 41.6473585 ], [ -0.8700481, 41.647666 ], [ -0.8700929, 41.6476506 ], [ -0.8707445, 41.6475627 ], [ -0.8709608, 41.6475336 ], [ -0.8711677, 41.6475057 ], [ -0.8718682, 41.6474111 ], [ -0.8719809, 41.6473959 ], [ -0.8720693, 41.647384 ], [ -0.8721452, 41.6473568 ], [ -0.8721925, 41.647338 ], [ -0.872246, 41.6473149 ], [ -0.8726354, 41.6471482 ], [ -0.8728174, 41.6470731 ], [ -0.8730027, 41.6469967 ], [ -0.8731005, 41.6469558 ], [ -0.8731002, 41.6469555 ], [ -0.8729089, 41.646774 ], [ -0.8722361, 41.6461745 ], [ -0.8719119, 41.6462305 ], [ -0.8714998, 41.6461841 ], [ -0.8712132, 41.6461518 ], [ -0.8710757, 41.6468672 ], [ -0.8698436, 41.6467307 ], [ -0.8693125, 41.646672 ] ] ] } },
{ "type": "Feature", "properties": { "CCAA": "02 - Aragón", "PROVINCIA": "50 - Zaragoza", "MUNICIPIO": "50297 - Zaragoza", "COD_MUNICIPIO": "50297", "DISTRITO": "06", "SECCION": "5029706002", "V1_H": 80.78, "V1_M": 86.64, "V2_H": 80.55514168000001, "V2_M": 86.45889906, "V3_H": 81.06237696, "V3_M": 86.87120108000001 }, "geometry": { "type": "Polygon", "coordinates": [ [ [ -0.8712132, 41.6461518 ], [ -0.8714998, 41.6461841 ], [ -0.8719119, 41.6462305 ], [ -0.8722361, 41.6461745 ], [ -0.8710558, 41.6451228 ], [ -0.8709732, 41.6450479 ], [ -0.8709136, 41.6450945 ], [ -0.8698777, 41.6456949 ], [ -0.8694195, 41.6459607 ], [ -0.8698675, 41.6460056 ], [ -0.8702904, 41.6460479 ], [ -0.8712132, 41.6461518 ] ] ] } },
{ "type": "Feature", "properties": { "CCAA": "02 - Aragón", "PROVINCIA": "50 - Zaragoza", "MUNICIPIO": "50297 - Zaragoza", "COD_MUNICIPIO": "50297", "DISTRITO": "06", "SECCION": "5029706016", "V1_H": 79.9, "V1_M": 85.71, "V2_H": 79.8721496, "V2_M": 85.86187756, "V3_H": 80.05417582, "V3_M": 85.81846709 }, "geometry": { "type": "Polygon", "coordinates": [ [ [ -0.8618145, 41.6465791 ], [ -0.8618248, 41.6465802 ], [ -0.8629504, 41.6466934 ], [ -0.8638381, 41.6467827 ], [ -0.86404, 41.6468033 ], [ -0.8640608, 41.6466982 ], [ -0.8640987, 41.6465065 ], [ -0.8641591, 41.6462012 ], [ -0.864172, 41.646136 ], [ -0.8639271, 41.6461114 ], [ -0.8631003, 41.6460286 ], [ -0.8628279, 41.6460013 ], [ -0.8623184, 41.6459501 ], [ -0.8619431, 41.6459125 ], [ -0.8619392, 41.6459342 ], [ -0.8619214, 41.6460345 ], [ -0.8618668, 41.6463076 ], [ -0.8618201, 41.6465502 ], [ -0.8618145, 41.6465791 ] ] ] } },
{ "type": "Feature", "properties": { "CCAA": "02 - Aragón", "PROVINCIA": "50 - Zaragoza", "MUNICIPIO": "50297 - Zaragoza", "COD_MUNICIPIO": "50297", "DISTRITO": "06", "SECCION": "5029706017", "V1_H": 80.02, "V1_M": 86.02, "V2_H": 79.96138623, "V2_M": 86.18252023, "V3_H": 80.18726569, "V3_M": 86.15258899 }, "geometry": { "type": "Polygon", "coordinates": [ [ [ -0.8616758, 41.6472666 ], [ -0.8638939, 41.6474981 ], [ -0.863894, 41.6474978 ], [ -0.8639965, 41.6470225 ], [ -0.86404, 41.6468033 ], [ -0.8638381, 41.6467827 ], [ -0.8629504, 41.6466934 ], [ -0.8618248, 41.6465802 ], [ -0.8618145, 41.6465791 ], [ -0.8617754, 41.6467818 ], [ -0.8617438, 41.6469499 ], [ -0.8616816, 41.6472398 ], [ -0.8616758, 41.6472666 ] ] ] } },
{ "type": "Feature", "properties": { "CCAA": "02 - Aragón", "PROVINCIA": "50 - Zaragoza", "MUNICIPIO": "50297 - Zaragoza", "COD_MUNICIPIO": "50297", "DISTRITO": "06", "SECCION": "5029706036", "V1_H": 80.21, "V1_M": 86.17, "V2_H": 80.05188782, "V2_M": 86.17746221, "V3_H": 80.45086201, "V3_M": 86.3559927 }, "geometry": { "type": "Polygon", "coordinates": [ [ [ -0.8682362, 41.6448634 ], [ -0.8683667, 41.6448951 ], [ -0.8693106, 41.6458169 ], [ -0.8694195, 41.6459607 ], [ -0.8698777, 41.6456949 ], [ -0.8709136, 41.6450945 ], [ -0.8709732, 41.6450479 ], [ -0.8708077, 41.6448975 ], [ -0.870414, 41.6445399 ], [ -0.8703691, 41.6444952 ], [ -0.8702699, 41.6443964 ], [ -0.8699324, 41.644036 ], [ -0.8698609, 41.6439596 ], [ -0.869798, 41.6438886 ], [ -0.8696238, 41.6436919 ], [ -0.8693155, 41.6433441 ], [ -0.8688136, 41.6427774 ], [ -0.868713, 41.6426619 ], [ -0.8668108, 41.6436285 ], [ -0.8668339, 41.6436434 ], [ -0.867005, 41.6437512 ], [ -0.8671564, 41.6438517 ], [ -0.8670311, 41.6439703 ], [ -0.8675256, 41.64425 ], [ -0.868114, 41.6448338 ], [ -0.8682356, 41.6448632 ], [ -0.8682362, 41.6448634 ] ] ] } },
{ "type": "Feature", "properties": { "CCAA": "02 - Aragón", "PROVINCIA": "50 - Zaragoza", "MUNICIPIO": "50297 - Zaragoza", "COD_MUNICIPIO": "50297", "DISTRITO": "07", "SECCION": "5029707018", "V1_H": 81.58, "V1_M": 86.83, "V2_H": 80.91860297, "V2_M": 86.63659936000001, "V3_H": 82.21677219, "V3_M": 87.10560157 }, "geometry": { "type": "Polygon", "coordinates": [ [ [ -0.9024701, 41.6613904 ], [ -0.9027624, 41.6614861 ], [ -0.9028903, 41.661528 ], [ -0.9033598, 41.6616818 ], [ -0.9036953, 41.6617918 ], [ -0.9037545, 41.6618111 ], [ -0.9040928, 41.6612035 ], [ -0.9042411, 41.6612424 ], [ -0.9047013, 41.6604473 ], [ -0.9045584, 41.6603904 ], [ -0.9055084, 41.6589405 ], [ -0.9049353, 41.6588515 ], [ -0.9036784, 41.6584476 ], [ -0.9029267, 41.6594135 ], [ -0.9025532, 41.6598931 ], [ -0.9023918, 41.6601006 ], [ -0.9022107, 41.6603329 ], [ -0.9017128, 41.6609727 ], [ -0.9016602, 41.6610591 ], [ -0.901623, 41.6611554 ], [ -0.9019525, 41.6612208 ], [ -0.9019899, 41.6612331 ], [ -0.9021309, 41.6612793 ], [ -0.9022992, 41.6613344 ], [ -0.9024689, 41.66139 ], [ -0.9024701, 41.6613904 ] ] ] } },
{ "type": "Feature", "properties": { "CCAA": "02 - Aragón", "PROVINCIA": "50 - Zaragoza", "MUNICIPIO": "50297 - Zaragoza", "COD_MUNICIPIO": "50297", "DISTRITO": "07", "SECCION": "5029707019", "V1_H": 81.47, "V1_M": 86.95, "V2_H": 81.05678048, "V2_M": 86.75805168, "V3_H": 81.85108408000001, "V3_M": 87.21302779 }, "geometry": { "type": "Polygon", "coordinates": [ [ [ -0.9006258, 41.6638663 ], [ -0.90066, 41.6638696 ], [ -0.9011114, 41.6639129 ], [ -0.9016029, 41.6639601 ], [ -0.9022628, 41.6640234 ], [ -0.9024576, 41.6640419 ], [ -0.9026604, 41.6636868 ], [ -0.902884, 41.6632952 ], [ -0.9029448, 41.6631888 ], [ -0.9031032, 41.663228 ], [ -0.9034225, 41.6626633 ], [ -0.9035472, 41.6624427 ], [ -0.9034982, 41.6624243 ], [ -0.9032631, 41.6623474 ], [ -0.9031045, 41.6622956 ], [ -0.9028119, 41.6621982 ], [ -0.902466, 41.662086 ], [ -0.9022346, 41.662011 ], [ -0.9023581, 41.6616773 ], [ -0.9024535, 41.6614144 ], [ -0.9024701, 41.6613904 ], [ -0.9024689, 41.66139 ], [ -0.9022992, 41.6613344 ], [ -0.9021309, 41.6612793 ], [ -0.9019899, 41.6612331 ], [ -0.9019525, 41.6612208 ], [ -0.901623, 41.6611554 ], [ -0.9015958, 41.6612256 ], [ -0.9015503, 41.6613433 ], [ -0.901152, 41.6624206 ], [ -0.900773, 41.6634621 ], [ -0.9006258, 41.6638663 ] ] ] } },
{ "type": "Feature", "properties": { "CCAA": "02 - Aragón", "PROVINCIA": "50 - Zaragoza", "MUNICIPIO": "50297 - Zaragoza", "COD_MUNICIPIO": "50297", "DISTRITO": "04", "SECCION": "5029704066", "V1_H": 80.99, "V1_M": 86.66, "V2_H": 80.84822772, "V2_M": 86.63128417, "V3_H": 81.25601163, "V3_M": 86.83891366 }, "geometry": { "type": "Polygon", "coordinates": [ [ [ -0.923639, 41.6245397 ], [ -0.9271612, 41.6255295 ], [ -0.9274738, 41.6256032 ], [ -0.9284355, 41.6258232 ], [ -0.9295357, 41.6261002 ], [ -0.9299045, 41.6251712 ], [ -0.9286948, 41.6248634 ], [ -0.9287097, 41.624797 ], [ -0.929437, 41.6235042 ], [ -0.9294338, 41.6234934 ], [ -0.9284417, 41.6231402 ], [ -0.9275154, 41.6228001 ], [ -0.9262692, 41.6223492 ], [ -0.9255016, 41.6220745 ], [ -0.9243386, 41.6235676 ], [ -0.924194, 41.6237035 ], [ -0.9241981, 41.623706 ], [ -0.9241998, 41.6237037 ], [ -0.9241385, 41.6238269 ], [ -0.9238852, 41.6241686 ], [ -0.923639, 41.6245397 ] ] ] } },
{ "type": "Feature", "properties": { "CCAA": "02 - Aragón", "PROVINCIA": "50 - Zaragoza", "MUNICIPIO": "50297 - Zaragoza", "COD_MUNICIPIO": "50297", "DISTRITO": "05", "SECCION": "5029705001", "V1_H": 81.1, "V1_M": 86.64, "V2_H": 80.60081217, "V2_M": 86.48118059, "V3_H": 81.51550291, "V3_M": 86.87452308 }, "geometry": { "type": "Polygon", "coordinates": [ [ [ -0.870368, 41.638735 ], [ -0.8704966, 41.6387902 ], [ -0.8705803, 41.6386764 ], [ -0.8707127, 41.6387374 ], [ -0.8708553, 41.6387987 ], [ -0.8710569, 41.6388692 ], [ -0.8717283, 41.6381656 ], [ -0.8718214, 41.6380689 ], [ -0.8718728, 41.6379997 ], [ -0.8720325, 41.6375124 ], [ -0.8720777, 41.6373838 ], [ -0.8721496, 41.6371876 ], [ -0.8722057, 41.6370422 ], [ -0.8723014, 41.6367701 ], [ -0.8723799, 41.6365116 ], [ -0.8724253, 41.6363772 ], [ -0.872478, 41.6362225 ], [ -0.8725303, 41.6359968 ], [ -0.8725436, 41.6359232 ], [ -0.87255, 41.6358879 ], [ -0.8725145, 41.6358992 ], [ -0.872095, 41.6360466 ], [ -0.8719495, 41.6360977 ], [ -0.8712785, 41.6363334 ], [ -0.8710368, 41.6364182 ], [ -0.8707199, 41.6365295 ], [ -0.8703466, 41.6366606 ], [ -0.8700688, 41.6367582 ], [ -0.8694914, 41.6369609 ], [ -0.8693162, 41.6370224 ], [ -0.8690547, 41.6371143 ], [ -0.8690562, 41.6371655 ], [ -0.8690506, 41.6373444 ], [ -0.8690431, 41.6374013 ], [ -0.8690022, 41.6377312 ], [ -0.8689778, 41.6379321 ], [ -0.8689566, 41.6380968 ], [ -0.868952, 41.6381259 ], [ -0.8689528, 41.6381263 ], [ -0.8701107, 41.6386244 ], [ -0.8703679, 41.6387349 ], [ -0.870368, 41.638735 ] ] ] } },
{ "type": "Feature", "properties": { "CCAA": "02 - Aragón", "PROVINCIA": "50 - Zaragoza", "MUNICIPIO": "50297 - Zaragoza", "COD_MUNICIPIO": "50297", "DISTRITO": "05", "SECCION": "5029705012", "V1_H": 80.8, "V1_M": 86.5, "V2_H": 80.66727015, "V2_M": 86.4570773, "V3_H": 81.13875257, "V3_M": 86.68010657000001 }, "geometry": { "type": "Polygon", "coordinates": [ [ [ -0.8675021, 41.6413146 ], [ -0.8678435, 41.6416872 ], [ -0.8687012, 41.6412473 ], [ -0.869088, 41.641049 ], [ -0.8689744, 41.6403602 ], [ -0.8689586, 41.6402643 ], [ -0.8689579, 41.6401368 ], [ -0.8689579, 41.6401367 ], [ -0.8689546, 41.6395924 ], [ -0.8689523, 41.6394616 ], [ -0.8689431, 41.6389425 ], [ -0.8689388, 41.6388255 ], [ -0.8689198, 41.6382967 ], [ -0.8689528, 41.6381263 ], [ -0.868952, 41.6381259 ], [ -0.8688927, 41.6381004 ], [ -0.8686078, 41.6379185 ], [ -0.8684506, 41.6378181 ], [ -0.8682514, 41.6376908 ], [ -0.8681047, 41.6375969 ], [ -0.867962, 41.6375051 ], [ -0.8678595, 41.637439 ], [ -0.8677199, 41.6373489 ], [ -0.8668232, 41.6383924 ], [ -0.8672011, 41.638876 ], [ -0.8675005, 41.6398157 ], [ -0.8663841, 41.6400606 ], [ -0.8666076, 41.6403162 ], [ -0.8666674, 41.6403839 ], [ -0.8671825, 41.6409659 ], [ -0.86725, 41.6410396 ], [ -0.8675021, 41.6413146 ] ] ] } },
{ "type": "Feature", "properties": { "CCAA": "02 - Aragón", "PROVINCIA": "50 - Zaragoza", "MUNICIPIO": "50297 - Zaragoza", "COD_MUNICIPIO": "50297", "DISTRITO": "05", "SECCION": "5029705019", "V1_H": 80.31, "V1_M": 86.3, "V2_H": 80.10187432, "V2_M": 86.1135989, "V3_H": 80.75259804, "V3_M": 86.72412179 }, "geometry": { "type": "Polygon", "coordinates": [ [ [ -0.8743396, 41.6377879 ], [ -0.8742095, 41.6382482 ], [ -0.8739573, 41.6391606 ], [ -0.8737988, 41.6397344 ], [ -0.8737362, 41.6399701 ], [ -0.8739805, 41.6398826 ], [ -0.8753853, 41.6387378 ], [ -0.8756047, 41.6385663 ], [ -0.8760218, 41.6382404 ], [ -0.8761292, 41.638156 ], [ -0.8761567, 41.6381344 ], [ -0.8761262, 41.6381206 ], [ -0.8759086, 41.6380119 ], [ -0.8757857, 41.6379497 ], [ -0.8756559, 41.637884 ], [ -0.8754313, 41.6377738 ], [ -0.8753221, 41.6377204 ], [ -0.8751453, 41.637634 ], [ -0.8747581, 41.6374448 ], [ -0.8745455, 41.6373409 ], [ -0.8744757, 41.6373072 ], [ -0.8743396, 41.6377879 ] ] ] } },
{ "type": "Feature", "properties": { "CCAA": "02 - Aragón", "PROVINCIA": "50 - Zaragoza", "MUNICIPIO": "50297 - Zaragoza", "COD_MUNICIPIO": "50297", "DISTRITO": "05", "SECCION": "5029705026", "V1_H": 80.99, "V1_M": 86.67, "V2_H": 80.575161, "V2_M": 86.38311792, "V3_H": 81.41956161, "V3_M": 87.05147909 }, "geometry": { "type": "Polygon", "coordinates": [ [ [ -0.8791652, 41.6386724 ], [ -0.8806407, 41.6394271 ], [ -0.8807232, 41.6393647 ], [ -0.8811172, 41.6389276 ], [ -0.8813139, 41.6387093 ], [ -0.8811382, 41.6384067 ], [ -0.8810052, 41.6383334 ], [ -0.8803023, 41.637972 ], [ -0.8799948, 41.6378969 ], [ -0.8798918, 41.6378731 ], [ -0.8797254, 41.6380628 ], [ -0.8796319, 41.6381627 ], [ -0.8795003, 41.6383034 ], [ -0.8791652, 41.6386724 ] ] ] } },
{ "type": "Feature", "properties": { "CCAA": "02 - Aragón", "PROVINCIA": "50 - Zaragoza", "MUNICIPIO": "50297 - Zaragoza", "COD_MUNICIPIO": "50297", "DISTRITO": "05", "SECCION": "5029705039", "V1_H": 79.96, "V1_M": 85.86, "V2_H": 79.90630759, "V2_M": 85.80766239, "V3_H": 80.18166072, "V3_M": 86.22029934 }, "geometry": { "type": "Polygon", "coordinates": [ [ [ -0.8776651, 41.6350544 ], [ -0.8789309, 41.6359562 ], [ -0.8795988, 41.6354317 ], [ -0.8797241, 41.6353332 ], [ -0.8799297, 41.6351751 ], [ -0.8800004, 41.6351207 ], [ -0.8797174, 41.6348991 ], [ -0.879716, 41.6348991 ], [ -0.8795316, 41.6348897 ], [ -0.8794843, 41.6348558 ], [ -0.8794003, 41.6347957 ], [ -0.8792984, 41.6347225 ], [ -0.8791886, 41.6346439 ], [ -0.8790822, 41.6345677 ], [ -0.8789839, 41.6344972 ], [ -0.8788819, 41.6344239 ], [ -0.8787849, 41.6343543 ], [ -0.8787097, 41.6343002 ], [ -0.8786356, 41.634247 ], [ -0.8785843, 41.6342103 ], [ -0.8784897, 41.6342349 ], [ -0.8783603, 41.6342407 ], [ -0.8782711, 41.6344896 ], [ -0.8782359, 41.6345879 ], [ -0.8779107, 41.6348457 ], [ -0.8776651, 41.6350544 ] ] ] } },
{ "type": "Feature", "properties": { "CCAA": "02 - Aragón", "PROVINCIA": "50 - Zaragoza", "MUNICIPIO": "50297 - Zaragoza", "COD_MUNICIPIO": "50297", "DISTRITO": "05", "SECCION": "5029705046", "V1_H": 80.34, "V1_M": 85.99, "V2_H": 80.22806877, "V2_M": 85.94669411, "V3_H": 80.64200885, "V3_M": 86.09540763 }, "geometry": { "type": "Polygon", "coordinates": [ [ [ -0.8732637, 41.6333446 ], [ -0.8733027, 41.6333921 ], [ -0.873351, 41.6334656 ], [ -0.8734047, 41.6335308 ], [ -0.8734762, 41.6336026 ], [ -0.8735431, 41.6336519 ], [ -0.8736275, 41.6337076 ], [ -0.8737024, 41.6337572 ], [ -0.8738734, 41.6338471 ], [ -0.8739674, 41.6338847 ], [ -0.8740484, 41.6339039 ], [ -0.8743024, 41.633942 ], [ -0.8743892, 41.6339556 ], [ -0.8753059, 41.6341 ], [ -0.8753211, 41.6340048 ], [ -0.8753245, 41.6339933 ], [ -0.8753271, 41.6339844 ], [ -0.8753616, 41.6338676 ], [ -0.8753864, 41.6337835 ], [ -0.8754083, 41.6337092 ], [ -0.8754281, 41.6336419 ], [ -0.8754482, 41.6335618 ], [ -0.8754996, 41.6333541 ], [ -0.8755388, 41.6332199 ], [ -0.8755592, 41.6331506 ], [ -0.8755762, 41.6331289 ], [ -0.8754829, 41.6331276 ], [ -0.875402, 41.6331294 ], [ -0.8750769, 41.6331195 ], [ -0.8748934, 41.6331138 ], [ -0.8746351, 41.6331057 ], [ -0.8744693, 41.6331004 ], [ -0.8744601, 41.6330967 ], [ -0.8744513, 41.6330886 ], [ -0.8744307, 41.6330329 ], [ -0.8743992, 41.6329463 ], [ -0.8743077, 41.6326955 ], [ -0.8742907, 41.6326489 ], [ -0.8742022, 41.6324064 ], [ -0.8741546, 41.6322759 ], [ -0.8741373, 41.6322283 ], [ -0.874138, 41.6322281 ], [ -0.8741135, 41.6322302 ], [ -0.8738793, 41.6322487 ], [ -0.8733977, 41.6321047 ], [ -0.8732427, 41.6323909 ], [ -0.8735971, 41.6324991 ], [ -0.8736721, 41.632522 ], [ -0.8735275, 41.6327267 ], [ -0.8734147, 41.6328861 ], [ -0.8733846, 41.6329755 ], [ -0.8733401, 41.6331099 ], [ -0.8732714, 41.6333176 ], [ -0.8732637, 41.6333446 ] ] ] } },
{ "type": "Feature", "properties": { "CCAA": "02 - Aragón", "PROVINCIA": "50 - Zaragoza", "MUNICIPIO": "50297 - Zaragoza", "COD_MUNICIPIO": "50297", "DISTRITO": "06", "SECCION": "5029706003", "V1_H": 80.34, "V1_M": 85.99, "V2_H": 80.22806877, "V2_M": 85.94669411, "V3_H": 80.64200885, "V3_M": 86.09540763 }, "geometry": { "type": "Polygon", "coordinates": [ [ [ -0.8659184, 41.6430802 ], [ -0.8660927, 41.6431741 ], [ -0.8668108, 41.6436285 ], [ -0.868713, 41.6426619 ], [ -0.8686647, 41.6426061 ], [ -0.8684463, 41.642354 ], [ -0.8681145, 41.6419866 ], [ -0.8678803, 41.6417273 ], [ -0.8678435, 41.6416872 ], [ -0.8675021, 41.6413146 ], [ -0.8663625, 41.6418925 ], [ -0.8655912, 41.6422838 ], [ -0.8655902, 41.6422843 ], [ -0.865616, 41.6423943 ], [ -0.865685, 41.6425507 ], [ -0.8659184, 41.6430802 ] ] ] } },
{ "type": "Feature", "properties": { "CCAA": "02 - Aragón", "PROVINCIA": "50 - Zaragoza", "MUNICIPIO": "50297 - Zaragoza", "COD_MUNICIPIO": "50297", "DISTRITO": "06", "SECCION": "5029706015", "V1_H": 79.57, "V1_M": 85.52, "V2_H": 79.5571672, "V2_M": 85.61629353, "V3_H": 79.73611669, "V3_M": 85.61269153000001 }, "geometry": { "type": "Polygon", "coordinates": [ [ [ -0.864172, 41.646136 ], [ -0.8643474, 41.6461535 ], [ -0.8646145, 41.6461802 ], [ -0.8651761, 41.6462363 ], [ -0.8659659, 41.6463154 ], [ -0.8661416, 41.6463326 ], [ -0.8661418, 41.6463319 ], [ -0.86616, 41.6462373 ], [ -0.866277, 41.6456457 ], [ -0.8652838, 41.6455462 ], [ -0.864324, 41.6454445 ], [ -0.8643087, 41.6454428 ], [ -0.8643082, 41.6454428 ], [ -0.864227, 41.6454341 ], [ -0.8638838, 41.6454009 ], [ -0.8631863, 41.6453309 ], [ -0.8620768, 41.6452195 ], [ -0.8619445, 41.6459051 ], [ -0.861943, 41.6459125 ], [ -0.8619431, 41.6459125 ], [ -0.8623184, 41.6459501 ], [ -0.8628279, 41.6460013 ], [ -0.8631003, 41.6460286 ], [ -0.8639271, 41.6461114 ], [ -0.864172, 41.646136 ] ] ] } },
{ "type": "Feature", "properties": { "CCAA": "02 - Aragón", "PROVINCIA": "50 - Zaragoza", "MUNICIPIO": "50297 - Zaragoza", "COD_MUNICIPIO": "50297", "DISTRITO": "06", "SECCION": "5029706022", "V1_H": 80.21, "V1_M": 86.35, "V2_H": 80.00126986, "V2_M": 86.33312861, "V3_H": 80.58114521, "V3_M": 86.56210486000001 }, "geometry": { "type": "Polygon", "coordinates": [ [ [ -0.8588719, 41.649704 ], [ -0.8588697, 41.6497189 ], [ -0.858851, 41.6498224 ], [ -0.8588019, 41.6501061 ], [ -0.8587809, 41.6502295 ], [ -0.8587859, 41.6502474 ], [ -0.8588059, 41.6502663 ], [ -0.8590704, 41.6503261 ], [ -0.8593741, 41.6503948 ], [ -0.859755, 41.650481 ], [ -0.8598658, 41.6505061 ], [ -0.8602451, 41.6505447 ], [ -0.8607502, 41.6505958 ], [ -0.8609842, 41.6506195 ], [ -0.8610715, 41.6506137 ], [ -0.8614394, 41.6506527 ], [ -0.8619646, 41.6507084 ], [ -0.8621526, 41.6507283 ], [ -0.8625725, 41.6507728 ], [ -0.8629543, 41.6508133 ], [ -0.8632191, 41.6508414 ], [ -0.8632315, 41.6508332 ], [ -0.8632562, 41.6508167 ], [ -0.8633476, 41.6503877 ], [ -0.8628012, 41.6503301 ], [ -0.8624667, 41.6502949 ], [ -0.8621448, 41.6502611 ], [ -0.8617953, 41.6502243 ], [ -0.8613107, 41.6501733 ], [ -0.8611164, 41.6501528 ], [ -0.861153, 41.6499676 ], [ -0.8611569, 41.6499484 ], [ -0.860354, 41.6498626 ], [ -0.8594938, 41.6497705 ], [ -0.8591962, 41.6497388 ], [ -0.8588719, 41.649704 ] ] ] } },
{ "type": "Feature", "properties": { "CCAA": "02 - Aragón", "PROVINCIA": "50 - Zaragoza", "MUNICIPIO": "50297 - Zaragoza", "COD_MUNICIPIO": "50297", "DISTRITO": "06", "SECCION": "5029706030", "V1_H": 80.55, "V1_M": 86.21, "V2_H": 80.25181467, "V2_M": 85.94546636, "V3_H": 81.01047082, "V3_M": 86.65561049 }, "geometry": { "type": "Polygon", "coordinates": [ [ [ -0.8579291, 41.6470236 ], [ -0.8578803, 41.6473079 ], [ -0.8578404, 41.6475198 ], [ -0.8578927, 41.6475581 ], [ -0.8587725, 41.6476451 ], [ -0.8588021, 41.6474759 ], [ -0.8588949, 41.6469763 ], [ -0.8590128, 41.6463009 ], [ -0.8591296, 41.6456301 ], [ -0.8581345, 41.6455302 ], [ -0.8581324, 41.64553 ], [ -0.8581158, 41.6459421 ], [ -0.8580704, 41.6462068 ], [ -0.8580606, 41.6462636 ], [ -0.8579486, 41.6469099 ], [ -0.8579291, 41.6470236 ] ] ] } },
{ "type": "Feature", "properties": { "CCAA": "02 - Aragón", "PROVINCIA": "50 - Zaragoza", "MUNICIPIO": "50297 - Zaragoza", "COD_MUNICIPIO": "50297", "DISTRITO": "07", "SECCION": "5029707002", "V1_H": 79.57, "V1_M": 85.52, "V2_H": 79.5571672, "V2_M": 85.61629353, "V3_H": 79.73611669, "V3_M": 85.61269153000001 }, "geometry": { "type": "Polygon", "coordinates": [ [ [ -0.8936192, 41.6595734 ], [ -0.8934619, 41.6597245 ], [ -0.8932738, 41.6599054 ], [ -0.89314, 41.6600307 ], [ -0.8929164, 41.6602343 ], [ -0.8927348, 41.6603996 ], [ -0.8930695, 41.6605727 ], [ -0.8935166, 41.660804 ], [ -0.893888, 41.6610207 ], [ -0.8942725, 41.6612465 ], [ -0.8945537, 41.6610806 ], [ -0.8947993, 41.6609355 ], [ -0.8953107, 41.6606334 ], [ -0.8953484, 41.6606119 ], [ -0.8953479, 41.6606114 ], [ -0.8951029, 41.6603888 ], [ -0.8947959, 41.6601858 ], [ -0.8947045, 41.6601254 ], [ -0.8942826, 41.6599167 ], [ -0.8938269, 41.6596913 ], [ -0.8936192, 41.6595734 ] ] ] } },
{ "type": "Feature", "properties": { "CCAA": "02 - Aragón", "PROVINCIA": "50 - Zaragoza", "MUNICIPIO": "50297 - Zaragoza", "COD_MUNICIPIO": "50297", "DISTRITO": "07", "SECCION": "5029707009", "V1_H": 79.92, "V1_M": 85.8, "V2_H": 79.90391364, "V2_M": 85.68196434, "V3_H": 80.09820982, "V3_M": 86.14356104 }, "geometry": { "type": "Polygon", "coordinates": [ [ [ -0.9006816, 41.6597923 ], [ -0.9009596, 41.6593381 ], [ -0.9025532, 41.6598931 ], [ -0.9029267, 41.6594135 ], [ -0.9036784, 41.6584476 ], [ -0.9020758, 41.6579326 ], [ -0.901892, 41.6578326 ], [ -0.9018919, 41.6578326 ], [ -0.9016938, 41.6581474 ], [ -0.9015334, 41.6584022 ], [ -0.9014615, 41.6585179 ], [ -0.9013762, 41.6586573 ], [ -0.9012857, 41.658805 ], [ -0.9011979, 41.6587746 ], [ -0.9011163, 41.6587464 ], [ -0.9010485, 41.658723 ], [ -0.9009095, 41.6586749 ], [ -0.9008119, 41.6586412 ], [ -0.9003644, 41.6584864 ], [ -0.9002665, 41.6584525 ], [ -0.8999941, 41.6583583 ], [ -0.899976, 41.6584076 ], [ -0.8998626, 41.6585895 ], [ -0.8996817, 41.6588799 ], [ -0.8996396, 41.6589474 ], [ -0.8995034, 41.6591659 ], [ -0.899419, 41.6593014 ], [ -0.8993915, 41.6593455 ], [ -0.8994151, 41.6593536 ], [ -0.8994517, 41.6593663 ], [ -0.9000375, 41.6595693 ], [ -0.9006816, 41.6597923 ] ] ] } },
{ "type": "Feature", "properties": { "CCAA": "02 - Aragón", "PROVINCIA": "50 - Zaragoza", "MUNICIPIO": "50297 - Zaragoza", "COD_MUNICIPIO": "50297", "DISTRITO": "07", "SECCION": "5029707020", "V1_H": 80.54, "V1_M": 86.2, "V2_H": 80.39552864, "V2_M": 86.0597654, "V3_H": 80.75568151, "V3_M": 86.47868922000001 }, "geometry": { "type": "Polygon", "coordinates": [ [ [ -0.898268, 41.6589559 ], [ -0.8983476, 41.6589839 ], [ -0.8988408, 41.6591548 ], [ -0.899234, 41.6592909 ], [ -0.8993915, 41.6593455 ], [ -0.899419, 41.6593014 ], [ -0.8995034, 41.6591659 ], [ -0.8996396, 41.6589474 ], [ -0.8996817, 41.6588799 ], [ -0.8998626, 41.6585895 ], [ -0.899976, 41.6584076 ], [ -0.8999941, 41.6583583 ], [ -0.9002665, 41.6584525 ], [ -0.9003644, 41.6584864 ], [ -0.9008119, 41.6586412 ], [ -0.9009095, 41.6586749 ], [ -0.9010485, 41.658723 ], [ -0.9011163, 41.6587464 ], [ -0.9011979, 41.6587746 ], [ -0.9012857, 41.658805 ], [ -0.9013762, 41.6586573 ], [ -0.9014615, 41.6585179 ], [ -0.9015334, 41.6584022 ], [ -0.9016938, 41.6581474 ], [ -0.9018919, 41.6578326 ], [ -0.901791, 41.6577777 ], [ -0.9022113, 41.6571112 ], [ -0.9023018, 41.6571407 ], [ -0.9023828, 41.6569782 ], [ -0.9024313, 41.6568282 ], [ -0.9024475, 41.656743 ], [ -0.9025247, 41.6564167 ], [ -0.9025527, 41.6562984 ], [ -0.9013838, 41.6565103 ], [ -0.9011532, 41.6565521 ], [ -0.9000201, 41.6567573 ], [ -0.9002473, 41.6569378 ], [ -0.8995264, 41.6570707 ], [ -0.8991988, 41.6571176 ], [ -0.899031, 41.6573258 ], [ -0.8990331, 41.6573883 ], [ -0.8990331, 41.6573886 ], [ -0.899045, 41.657735 ], [ -0.8989303, 41.6579282 ], [ -0.8988832, 41.6580227 ], [ -0.8983841, 41.6588133 ], [ -0.898268, 41.6589559 ] ] ] } },
{ "type": "Feature", "properties": { "CCAA": "02 - Aragón", "PROVINCIA": "50 - Zaragoza", "MUNICIPIO": "50297 - Zaragoza", "COD_MUNICIPIO": "50297", "DISTRITO": "05", "SECCION": "5029705010", "V1_H": 80.25, "V1_M": 86.11, "V2_H": 80.02266353, "V2_M": 86.02270939, "V3_H": 80.50879823, "V3_M": 86.37032083 }, "geometry": { "type": "Polygon", "coordinates": [ [ [ -0.8688136, 41.6427774 ], [ -0.8693155, 41.6433441 ], [ -0.8696238, 41.6436919 ], [ -0.869798, 41.6438886 ], [ -0.8698609, 41.6439596 ], [ -0.8699324, 41.644036 ], [ -0.8702699, 41.6443964 ], [ -0.8703691, 41.6444952 ], [ -0.8713499, 41.6442136 ], [ -0.8706894, 41.643443 ], [ -0.8703025, 41.6430157 ], [ -0.8699778, 41.6426573 ], [ -0.8696802, 41.6423284 ], [ -0.8696256, 41.6423813 ], [ -0.8691466, 41.642615 ], [ -0.8688136, 41.6427774 ] ] ] } },
{ "type": "Feature", "properties": { "CCAA": "02 - Aragón", "PROVINCIA": "50 - Zaragoza", "MUNICIPIO": "50297 - Zaragoza", "COD_MUNICIPIO": "50297", "DISTRITO": "05", "SECCION": "5029705017", "V1_H": 80.65, "V1_M": 86.42, "V2_H": 80.32339709, "V2_M": 86.16224497, "V3_H": 80.9318118, "V3_M": 86.73476557 }, "geometry": { "type": "Polygon", "coordinates": [ [ [ -0.8720894, 41.6408315 ], [ -0.8721308, 41.6408864 ], [ -0.8725585, 41.6410471 ], [ -0.8733915, 41.6413601 ], [ -0.8734634, 41.6410685 ], [ -0.8735578, 41.6406859 ], [ -0.8736172, 41.6404463 ], [ -0.8736704, 41.6402319 ], [ -0.8737216, 41.6400251 ], [ -0.8737362, 41.6399701 ], [ -0.8716077, 41.6390854 ], [ -0.8712396, 41.6389331 ], [ -0.8711349, 41.6388964 ], [ -0.8710569, 41.6388692 ], [ -0.8708553, 41.6387987 ], [ -0.8707127, 41.6387374 ], [ -0.8705803, 41.6386764 ], [ -0.8704966, 41.6387902 ], [ -0.870368, 41.638735 ], [ -0.8703318, 41.6387775 ], [ -0.8701566, 41.6389844 ], [ -0.8700376, 41.6391248 ], [ -0.8699083, 41.6392775 ], [ -0.869882, 41.6393085 ], [ -0.8700288, 41.6393806 ], [ -0.8700927, 41.639412 ], [ -0.8700933, 41.6394124 ], [ -0.8702856, 41.6395069 ], [ -0.8704031, 41.6395646 ], [ -0.87064, 41.6396811 ], [ -0.8707369, 41.6397286 ], [ -0.8710009, 41.6398584 ], [ -0.8710958, 41.639905 ], [ -0.8713858, 41.6400475 ], [ -0.871512, 41.6401095 ], [ -0.8716927, 41.6401984 ], [ -0.8718655, 41.6402833 ], [ -0.8721727, 41.6404342 ], [ -0.8723813, 41.6405368 ], [ -0.8722299, 41.6406896 ], [ -0.8721017, 41.640819 ], [ -0.8720894, 41.6408315 ] ] ] } },
{ "type": "Feature", "properties": { "CCAA": "02 - Aragón", "PROVINCIA": "50 - Zaragoza", "MUNICIPIO": "50297 - Zaragoza", "COD_MUNICIPIO": "50297", "DISTRITO": "05", "SECCION": "5029705028", "V1_H": 80.99, "V1_M": 86.66, "V2_H": 80.84822772, "V2_M": 86.63128417, "V3_H": 81.25601163, "V3_M": 86.83891366 }, "geometry": { "type": "Polygon", "coordinates": [ [ [ -0.8806407, 41.6394271 ], [ -0.8811719, 41.6397028 ], [ -0.8815875, 41.6399186 ], [ -0.8820662, 41.6401673 ], [ -0.8822371, 41.6402558 ], [ -0.8829354, 41.6406184 ], [ -0.8833418, 41.6408294 ], [ -0.8838733, 41.6411015 ], [ -0.8840335, 41.6409112 ], [ -0.8841138, 41.6408656 ], [ -0.8839254, 41.6406367 ], [ -0.8836297, 41.6402773 ], [ -0.8830423, 41.6399771 ], [ -0.8829779, 41.6399442 ], [ -0.8827982, 41.6398568 ], [ -0.882694, 41.6397615 ], [ -0.8826382, 41.6397104 ], [ -0.8820904, 41.6394285 ], [ -0.8811172, 41.6389276 ], [ -0.8807232, 41.6393647 ], [ -0.8806407, 41.6394271 ] ] ] } },
{ "type": "Feature", "properties": { "CCAA": "02 - Aragón", "PROVINCIA": "50 - Zaragoza", "MUNICIPIO": "50297 - Zaragoza", "COD_MUNICIPIO": "50297", "DISTRITO": "05", "SECCION": "5029705037", "V1_H": 80.06, "V1_M": 86.12, "V2_H": 80.10460866, "V2_M": 86.20761786, "V3_H": 80.17898723, "V3_M": 86.18020212 }, "geometry": { "type": "Polygon", "coordinates": [ [ [ -0.8804724, 41.637367 ], [ -0.8804741, 41.6373677 ], [ -0.8804746, 41.6373679 ], [ -0.8804812, 41.6373625 ], [ -0.8805134, 41.6373363 ], [ -0.8805196, 41.6373312 ], [ -0.8807034, 41.6371805 ], [ -0.8807405, 41.6371496 ], [ -0.8809742, 41.6369551 ], [ -0.8809752, 41.6369543 ], [ -0.8809851, 41.6369459 ], [ -0.8810098, 41.636925 ], [ -0.8810698, 41.6368392 ], [ -0.8810735, 41.6368338 ], [ -0.8810924, 41.6367753 ], [ -0.8811027, 41.6367524 ], [ -0.8811045, 41.6367087 ], [ -0.8811049, 41.6366998 ], [ -0.8811048, 41.6366995 ], [ -0.881101, 41.6366453 ], [ -0.8810909, 41.6365839 ], [ -0.8810754, 41.636538 ], [ -0.8810754, 41.636538 ], [ -0.8810714, 41.6365085 ], [ -0.8810681, 41.6364829 ], [ -0.8810682, 41.6364828 ], [ -0.8810808, 41.6364284 ], [ -0.8810903, 41.6364093 ], [ -0.8811061, 41.6363781 ], [ -0.8811584, 41.6362885 ], [ -0.8812853, 41.6360711 ], [ -0.8813534, 41.6359541 ], [ -0.8813801, 41.6359083 ], [ -0.8801858, 41.6349781 ], [ -0.8800004, 41.6351207 ], [ -0.8799297, 41.6351751 ], [ -0.8797241, 41.6353332 ], [ -0.8795988, 41.6354317 ], [ -0.8789309, 41.6359562 ], [ -0.8788249, 41.6360394 ], [ -0.87871, 41.6361296 ], [ -0.8790696, 41.6363846 ], [ -0.8791299, 41.6364272 ], [ -0.8794201, 41.6366304 ], [ -0.8797714, 41.6368761 ], [ -0.8801239, 41.6371228 ], [ -0.8804727, 41.6373667 ], [ -0.8804724, 41.637367 ] ] ] } },
{ "type": "Feature", "properties": { "CCAA": "02 - Aragón", "PROVINCIA": "50 - Zaragoza", "MUNICIPIO": "50297 - Zaragoza", "COD_MUNICIPIO": "50297", "DISTRITO": "05", "SECCION": "5029705044", "V1_H": 80.21, "V1_M": 86.09, "V2_H": 80.08965404, "V2_M": 85.91309697, "V3_H": 80.44476746, "V3_M": 86.42186139 }, "geometry": { "type": "Polygon", "coordinates": [ [ [ -0.8753245, 41.6339933 ], [ -0.8753665, 41.6339966 ], [ -0.875562, 41.6340091 ], [ -0.8757524, 41.6340213 ], [ -0.8763172, 41.6340575 ], [ -0.8764925, 41.6340688 ], [ -0.8765672, 41.6340734 ], [ -0.8765684, 41.6340578 ], [ -0.8765756, 41.6340581 ], [ -0.8765892, 41.6339487 ], [ -0.876578, 41.6338957 ], [ -0.8765961, 41.6337465 ], [ -0.8766112, 41.6336238 ], [ -0.8766641, 41.6331898 ], [ -0.8766677, 41.6331311 ], [ -0.8766636, 41.6330781 ], [ -0.8767067, 41.6327227 ], [ -0.8769476, 41.6328857 ], [ -0.876948, 41.632886 ], [ -0.8769644, 41.6328707 ], [ -0.8770274, 41.6328143 ], [ -0.8771977, 41.6326644 ], [ -0.8772478, 41.6326458 ], [ -0.8773167, 41.632579 ], [ -0.877394, 41.6325039 ], [ -0.8775759, 41.6323275 ], [ -0.8776149, 41.6322884 ], [ -0.877634, 41.6322737 ], [ -0.8776324, 41.6322726 ], [ -0.8774609, 41.6321536 ], [ -0.8774062, 41.6321007 ], [ -0.8773808, 41.6320297 ], [ -0.8773318, 41.6319737 ], [ -0.8770066, 41.6318731 ], [ -0.8769777, 41.6319164 ], [ -0.8768038, 41.6320853 ], [ -0.876388, 41.6325067 ], [ -0.8763302, 41.6324676 ], [ -0.8747127, 41.6320741 ], [ -0.874138, 41.6322281 ], [ -0.8741373, 41.6322283 ], [ -0.8741546, 41.6322759 ], [ -0.8742022, 41.6324064 ], [ -0.8742907, 41.6326489 ], [ -0.8743077, 41.6326955 ], [ -0.8743992, 41.6329463 ], [ -0.8744307, 41.6330329 ], [ -0.8744513, 41.6330886 ], [ -0.8744601, 41.6330967 ], [ -0.8744693, 41.6331004 ], [ -0.8746351, 41.6331057 ], [ -0.8748934, 41.6331138 ], [ -0.8750769, 41.6331195 ], [ -0.875402, 41.6331294 ], [ -0.8754829, 41.6331276 ], [ -0.8755762, 41.6331289 ], [ -0.8755592, 41.6331506 ], [ -0.8755388, 41.6332199 ], [ -0.8754996, 41.6333541 ], [ -0.8754482, 41.6335618 ], [ -0.8754281, 41.6336419 ], [ -0.8754083, 41.6337092 ], [ -0.8753864, 41.6337835 ], [ -0.8753616, 41.6338676 ], [ -0.8753271, 41.6339844 ], [ -0.8753245, 41.6339933 ] ] ] } },
{ "type": "Feature", "properties": { "CCAA": "02 - Aragón", "PROVINCIA": "50 - Zaragoza", "MUNICIPIO": "50297 - Zaragoza", "COD_MUNICIPIO": "50297", "DISTRITO": "06", "SECCION": "5029706005", "V1_H": 80.99, "V1_M": 86.67, "V2_H": 80.575161, "V2_M": 86.38311792, "V3_H": 81.41956161, "V3_M": 87.05147909 }, "geometry": { "type": "Polygon", "coordinates": [ [ [ -0.8646943, 41.6432945 ], [ -0.8648062, 41.6433106 ], [ -0.8650667, 41.6433226 ], [ -0.8652977, 41.6432956 ], [ -0.8657012, 41.6431818 ], [ -0.8659184, 41.6430802 ], [ -0.865685, 41.6425507 ], [ -0.865616, 41.6423943 ], [ -0.8655902, 41.6422843 ], [ -0.8655763, 41.642291 ], [ -0.8654568, 41.642352 ], [ -0.8653184, 41.6424222 ], [ -0.8651685, 41.6424982 ], [ -0.8650647, 41.6425501 ], [ -0.8649383, 41.642577 ], [ -0.8648201, 41.6425756 ], [ -0.8648269, 41.6425296 ], [ -0.8648749, 41.6422659 ], [ -0.8649568, 41.6418191 ], [ -0.8649804, 41.6416906 ], [ -0.8647025, 41.6416767 ], [ -0.8642183, 41.6416525 ], [ -0.8642933, 41.6412417 ], [ -0.8643264, 41.6410526 ], [ -0.8643393, 41.640953 ], [ -0.8640316, 41.6409288 ], [ -0.8637337, 41.6408568 ], [ -0.8628037, 41.6407327 ], [ -0.86282, 41.6409941 ], [ -0.8628175, 41.6413353 ], [ -0.8627847, 41.6415581 ], [ -0.8627846, 41.6415584 ], [ -0.8627647, 41.6416938 ], [ -0.8626328, 41.6423165 ], [ -0.862591, 41.6425417 ], [ -0.8625331, 41.6428539 ], [ -0.8625088, 41.6429796 ], [ -0.8639569, 41.6431888 ], [ -0.8646943, 41.6432945 ] ] ] } },
{ "type": "Feature", "properties": { "CCAA": "02 - Aragón", "PROVINCIA": "50 - Zaragoza", "MUNICIPIO": "50297 - Zaragoza", "COD_MUNICIPIO": "50297", "DISTRITO": "06", "SECCION": "5029706013", "V1_H": 80.06, "V1_M": 86.12, "V2_H": 80.10460866, "V2_M": 86.20761786, "V3_H": 80.17898723, "V3_M": 86.18020212 }, "geometry": { "type": "Polygon", "coordinates": [ [ [ -0.8643082, 41.6454428 ], [ -0.8643087, 41.6454428 ], [ -0.864324, 41.6454445 ], [ -0.8652838, 41.6455462 ], [ -0.866277, 41.6456457 ], [ -0.8664158, 41.6448829 ], [ -0.8656734, 41.6448078 ], [ -0.8654274, 41.644783 ], [ -0.8645608, 41.6446954 ], [ -0.864451, 41.6446841 ], [ -0.8644456, 41.6446933 ], [ -0.8644441, 41.6447028 ], [ -0.8644069, 41.6449056 ], [ -0.8643518, 41.6452083 ], [ -0.8643082, 41.6454428 ] ] ] } },
{ "type": "Feature", "properties": { "CCAA": "02 - Aragón", "PROVINCIA": "50 - Zaragoza", "MUNICIPIO": "50297 - Zaragoza", "COD_MUNICIPIO": "50297", "DISTRITO": "06", "SECCION": "5029706020", "V1_H": 79.27, "V1_M": 85.17, "V2_H": 79.19654882, "V2_M": 85.28496149, "V3_H": 79.61871206, "V3_M": 85.37047204 }, "geometry": { "type": "Polygon", "coordinates": [ [ [ -0.860354, 41.6498626 ], [ -0.8611569, 41.6499484 ], [ -0.8611589, 41.6499381 ], [ -0.8611885, 41.6497884 ], [ -0.8612543, 41.6494555 ], [ -0.8612805, 41.6493227 ], [ -0.8612875, 41.6492752 ], [ -0.8613702, 41.6492838 ], [ -0.861608, 41.6493084 ], [ -0.8622441, 41.6493742 ], [ -0.8624495, 41.6493954 ], [ -0.8627901, 41.6494306 ], [ -0.8629659, 41.6494488 ], [ -0.863143, 41.6494671 ], [ -0.863364, 41.6494899 ], [ -0.8635171, 41.6495048 ], [ -0.8635725, 41.6492162 ], [ -0.8635926, 41.6491101 ], [ -0.8636032, 41.6490541 ], [ -0.8626258, 41.6489511 ], [ -0.862327, 41.6489196 ], [ -0.8613735, 41.6488191 ], [ -0.8614121, 41.6486097 ], [ -0.8614005, 41.6486089 ], [ -0.861293, 41.6485965 ], [ -0.8611334, 41.6485789 ], [ -0.8610209, 41.6485664 ], [ -0.8609889, 41.6485628 ], [ -0.8609869, 41.6485778 ], [ -0.8609815, 41.648605 ], [ -0.860969, 41.6486721 ], [ -0.8609387, 41.6488355 ], [ -0.8608883, 41.649107 ], [ -0.8608662, 41.6492234 ], [ -0.8607523, 41.6492094 ], [ -0.8606971, 41.6492031 ], [ -0.860496, 41.649182 ], [ -0.860491, 41.6491991 ], [ -0.860489, 41.6492089 ], [ -0.860354, 41.6498626 ] ] ] } },
{ "type": "Feature", "properties": { "CCAA": "02 - Aragón", "PROVINCIA": "50 - Zaragoza", "MUNICIPIO": "50297 - Zaragoza", "COD_MUNICIPIO": "50297", "DISTRITO": "06", "SECCION": "5029706032", "V1_H": 79.92, "V1_M": 85.8, "V2_H": 79.90391364, "V2_M": 85.68196434, "V3_H": 80.09820982, "V3_M": 86.14356104 }, "geometry": { "type": "Polygon", "coordinates": [ [ [ -0.8593835, 41.6441698 ], [ -0.860172, 41.6442498 ], [ -0.8605515, 41.6442881 ], [ -0.8613937, 41.6443736 ], [ -0.8622237, 41.6444577 ], [ -0.8625088, 41.6429796 ], [ -0.8596327, 41.6427373 ], [ -0.8596112, 41.6428609 ], [ -0.8595077, 41.6434554 ], [ -0.8593835, 41.6441698 ] ] ] } },
{ "type": "Feature", "properties": { "CCAA": "02 - Aragón", "PROVINCIA": "50 - Zaragoza", "MUNICIPIO": "50297 - Zaragoza", "COD_MUNICIPIO": "50297", "DISTRITO": "06", "SECCION": "5029706039", "V1_H": 80.65, "V1_M": 86.42, "V2_H": 80.32339709, "V2_M": 86.16224497, "V3_H": 80.9318118, "V3_M": 86.73476557 }, "geometry": { "type": "Polygon", "coordinates": [ [ [ -0.8590252, 41.6521023 ], [ -0.8596052, 41.652229 ], [ -0.8616641, 41.6528374 ], [ -0.8625213, 41.6516529 ], [ -0.8626472, 41.6515275 ], [ -0.8633234, 41.6510298 ], [ -0.8634084, 41.6509418 ], [ -0.8632315, 41.6508332 ], [ -0.8632191, 41.6508414 ], [ -0.8629543, 41.6508133 ], [ -0.8625725, 41.6507728 ], [ -0.8621526, 41.6507283 ], [ -0.8619646, 41.6507084 ], [ -0.8614394, 41.6506527 ], [ -0.8610715, 41.6506137 ], [ -0.8609842, 41.6506195 ], [ -0.8607502, 41.6505958 ], [ -0.8602451, 41.6505447 ], [ -0.8598658, 41.6505061 ], [ -0.859755, 41.650481 ], [ -0.8593741, 41.6503948 ], [ -0.8590704, 41.6503261 ], [ -0.8588059, 41.6502663 ], [ -0.8587859, 41.6502474 ], [ -0.8587809, 41.6502295 ], [ -0.8588019, 41.6501061 ], [ -0.858851, 41.6498224 ], [ -0.8588697, 41.6497189 ], [ -0.8588719, 41.649704 ], [ -0.8588617, 41.6497032 ], [ -0.8588051, 41.6496969 ], [ -0.858728, 41.6496886 ], [ -0.8585514, 41.6496697 ], [ -0.8583993, 41.6496535 ], [ -0.858398, 41.6496533 ], [ -0.8583811, 41.6496515 ], [ -0.8583656, 41.6497421 ], [ -0.8583236, 41.6499889 ], [ -0.8582741, 41.65028 ], [ -0.8582338, 41.6505379 ], [ -0.8581776, 41.6508471 ], [ -0.8581324, 41.6511125 ], [ -0.858078, 41.6514325 ], [ -0.8580258, 41.6517394 ], [ -0.8580111, 41.6518256 ], [ -0.8579991, 41.6518964 ], [ -0.8582308, 41.6519396 ], [ -0.8590252, 41.6521023 ] ] ] } },
{ "type": "Feature", "properties": { "CCAA": "02 - Aragón", "PROVINCIA": "50 - Zaragoza", "MUNICIPIO": "50297 - Zaragoza", "COD_MUNICIPIO": "50297", "DISTRITO": "07", "SECCION": "5029707007", "V1_H": 80.23, "V1_M": 86.04, "V2_H": 80.01377171, "V2_M": 86.1814847, "V3_H": 80.55154758, "V3_M": 86.06989916000001 }, "geometry": { "type": "Polygon", "coordinates": [ [ [ -0.8992426, 41.660681 ], [ -0.8994079, 41.6607143 ], [ -0.9000397, 41.6608413 ], [ -0.9002794, 41.6604495 ], [ -0.9006816, 41.6597923 ], [ -0.9000375, 41.6595693 ], [ -0.8994517, 41.6593663 ], [ -0.8994151, 41.6593536 ], [ -0.8993915, 41.6593455 ], [ -0.899234, 41.6592909 ], [ -0.8988408, 41.6591548 ], [ -0.8983476, 41.6589839 ], [ -0.898268, 41.6589559 ], [ -0.8982458, 41.6589832 ], [ -0.8976556, 41.65994 ], [ -0.8974551, 41.660265 ], [ -0.8973961, 41.6603185 ], [ -0.8975532, 41.6603466 ], [ -0.8982363, 41.6604786 ], [ -0.8986354, 41.6605589 ], [ -0.8987607, 41.6605841 ], [ -0.8992426, 41.660681 ] ] ] } },
{ "type": "Feature", "properties": { "CCAA": "02 - Aragón", "PROVINCIA": "50 - Zaragoza", "MUNICIPIO": "50297 - Zaragoza", "COD_MUNICIPIO": "50297", "DISTRITO": "08", "SECCION": "5029708002", "V1_H": 78.2, "V1_M": 84.44, "V2_H": 78.32882893, "V2_M": 84.51506174, "V3_H": 78.2023938, "V3_M": 84.51669805 }, "geometry": { "type": "Polygon", "coordinates": [ [ [ -0.9203473, 41.6544319 ], [ -0.9204059, 41.6545889 ], [ -0.9213717, 41.654472 ], [ -0.9220673, 41.6545431 ], [ -0.9221248, 41.6543805 ], [ -0.9221799, 41.6542588 ], [ -0.9222758, 41.6540475 ], [ -0.9223378, 41.6539008 ], [ -0.9223829, 41.6537973 ], [ -0.9208817, 41.6530986 ], [ -0.9205424, 41.6529406 ], [ -0.9207668, 41.6525678 ], [ -0.9208179, 41.6524829 ], [ -0.9210128, 41.6523282 ], [ -0.9211944, 41.6524439 ], [ -0.9214069, 41.6525794 ], [ -0.9216051, 41.6527058 ], [ -0.9217721, 41.652586 ], [ -0.9222086, 41.652273 ], [ -0.9220908, 41.6521922 ], [ -0.9219815, 41.652117 ], [ -0.9217185, 41.6519809 ], [ -0.9216869, 41.6519673 ], [ -0.9215475, 41.6519072 ], [ -0.9210677, 41.6517004 ], [ -0.9209467, 41.6516595 ], [ -0.9208189, 41.6516406 ], [ -0.9205916, 41.6516577 ], [ -0.9205771, 41.6516562 ], [ -0.920577, 41.6516563 ], [ -0.9205577, 41.6516599 ], [ -0.9205478, 41.6516604 ], [ -0.9203368, 41.6516686 ], [ -0.9201783, 41.6516594 ], [ -0.9200189, 41.6516328 ], [ -0.9198985, 41.6516015 ], [ -0.9198638, 41.6515901 ], [ -0.9198128, 41.6515702 ], [ -0.9196997, 41.6515248 ], [ -0.9195571, 41.6514493 ], [ -0.91952, 41.6514363 ], [ -0.9194866, 41.6514321 ], [ -0.9194408, 41.6514317 ], [ -0.9193286, 41.6514669 ], [ -0.9192223, 41.6514998 ], [ -0.9192224, 41.6515002 ], [ -0.9194948, 41.6521907 ], [ -0.9195742, 41.6523922 ], [ -0.9196308, 41.6525473 ], [ -0.9199437, 41.6533499 ], [ -0.9203473, 41.6544319 ] ] ] } },
{ "type": "Feature", "properties": { "CCAA": "02 - Aragón", "PROVINCIA": "50 - Zaragoza", "MUNICIPIO": "50297 - Zaragoza", "COD_MUNICIPIO": "50297", "DISTRITO": "08", "SECCION": "5029708009", "V1_H": 79.27, "V1_M": 85.17, "V2_H": 79.19654882, "V2_M": 85.28496149, "V3_H": 79.61871206, "V3_M": 85.37047204 }, "geometry": { "type": "Polygon", "coordinates": [ [ [ -0.9243414, 41.6506534 ], [ -0.9243414, 41.6506535 ], [ -0.9244435, 41.6530142 ], [ -0.9245389, 41.6530027 ], [ -0.9246624, 41.6529879 ], [ -0.9249004, 41.6529623 ], [ -0.9248941, 41.6527605 ], [ -0.9249149, 41.6525346 ], [ -0.9249224, 41.6524556 ], [ -0.9249277, 41.652356 ], [ -0.9249306, 41.6522802 ], [ -0.9253748, 41.6523697 ], [ -0.9254994, 41.6523767 ], [ -0.9256345, 41.6523843 ], [ -0.9259041, 41.6523933 ], [ -0.9260978, 41.6523995 ], [ -0.9260978, 41.652399 ], [ -0.9260996, 41.6521888 ], [ -0.9260956, 41.6518349 ], [ -0.9260939, 41.6516077 ], [ -0.9263365, 41.6516087 ], [ -0.9266384, 41.6516091 ], [ -0.9268146, 41.6516087 ], [ -0.9268905, 41.6516099 ], [ -0.9269158, 41.6505916 ], [ -0.9269451, 41.65046 ], [ -0.9269574, 41.6503406 ], [ -0.926993, 41.650014 ], [ -0.9267922, 41.6499978 ], [ -0.9263227, 41.649983 ], [ -0.9260234, 41.6498958 ], [ -0.9257726, 41.6498661 ], [ -0.9255787, 41.6498941 ], [ -0.9254002, 41.6499664 ], [ -0.9251685, 41.6501258 ], [ -0.9246516, 41.6505444 ], [ -0.9245402, 41.6506179 ], [ -0.9243414, 41.6506534 ] ] ] } },
{ "type": "Feature", "properties": { "CCAA": "02 - Aragón", "PROVINCIA": "50 - Zaragoza", "MUNICIPIO": "50297 - Zaragoza", "COD_MUNICIPIO": "50297", "DISTRITO": "05", "SECCION": "5029705018", "V1_H": 80.63, "V1_M": 86.52, "V2_H": 80.3855305, "V2_M": 86.44800565, "V3_H": 80.88841766, "V3_M": 86.66780776 }, "geometry": { "type": "Polygon", "coordinates": [ [ [ -0.8710569, 41.6388692 ], [ -0.8711349, 41.6388964 ], [ -0.8712396, 41.6389331 ], [ -0.8716077, 41.6390854 ], [ -0.8737362, 41.6399701 ], [ -0.8737988, 41.6397344 ], [ -0.8739573, 41.6391606 ], [ -0.8742095, 41.6382482 ], [ -0.8743396, 41.6377879 ], [ -0.8731691, 41.6375826 ], [ -0.8720777, 41.6373838 ], [ -0.8720325, 41.6375124 ], [ -0.8718728, 41.6379997 ], [ -0.8718214, 41.6380689 ], [ -0.8717283, 41.6381656 ], [ -0.8710569, 41.6388692 ] ] ] } },
{ "type": "Feature", "properties": { "CCAA": "02 - Aragón", "PROVINCIA": "50 - Zaragoza", "MUNICIPIO": "50297 - Zaragoza", "COD_MUNICIPIO": "50297", "DISTRITO": "05", "SECCION": "5029705020", "V1_H": 80.02, "V1_M": 85.97, "V2_H": 79.96436773000001, "V2_M": 86.10256972000001, "V3_H": 80.28635595, "V3_M": 85.87857517 }, "geometry": { "type": "Polygon", "coordinates": [ [ [ -0.8720777, 41.6373838 ], [ -0.8731691, 41.6375826 ], [ -0.8743396, 41.6377879 ], [ -0.8744757, 41.6373072 ], [ -0.8744757, 41.6373068 ], [ -0.8745232, 41.6371391 ], [ -0.874631, 41.6367583 ], [ -0.8747061, 41.6364933 ], [ -0.8747374, 41.6363907 ], [ -0.8739532, 41.6359508 ], [ -0.8732914, 41.6356142 ], [ -0.8731565, 41.6355456 ], [ -0.8729453, 41.6354381 ], [ -0.8727519, 41.6353387 ], [ -0.8727249, 41.6354002 ], [ -0.8726078, 41.6355732 ], [ -0.8725771, 41.6357386 ], [ -0.87255, 41.6358879 ], [ -0.8725436, 41.6359232 ], [ -0.8725303, 41.6359968 ], [ -0.872478, 41.6362225 ], [ -0.8724253, 41.6363772 ], [ -0.8723799, 41.6365116 ], [ -0.8723014, 41.6367701 ], [ -0.8722057, 41.6370422 ], [ -0.8721496, 41.6371876 ], [ -0.8720777, 41.6373838 ] ] ] } },
{ "type": "Feature", "properties": { "CCAA": "02 - Aragón", "PROVINCIA": "50 - Zaragoza", "MUNICIPIO": "50297 - Zaragoza", "COD_MUNICIPIO": "50297", "DISTRITO": "05", "SECCION": "5029705045", "V1_H": 80.21, "V1_M": 86.35, "V2_H": 80.00126986, "V2_M": 86.33312861, "V3_H": 80.58114521, "V3_M": 86.56210486000001 }, "geometry": { "type": "Polygon", "coordinates": [ [ [ -0.8752236, 41.6347335 ], [ -0.8752304, 41.6347529 ], [ -0.875271, 41.6348492 ], [ -0.8753588, 41.635062 ], [ -0.8753693, 41.6350914 ], [ -0.8753673, 41.6351156 ], [ -0.8753683, 41.6351328 ], [ -0.8754188, 41.6352599 ], [ -0.8755518, 41.6353926 ], [ -0.8756043, 41.6354453 ], [ -0.8756419, 41.635483 ], [ -0.8757084, 41.6355317 ], [ -0.8758737, 41.6355811 ], [ -0.8760444, 41.6356722 ], [ -0.8761525, 41.6357426 ], [ -0.8761767, 41.6357721 ], [ -0.8762078, 41.6358097 ], [ -0.8764339, 41.6359717 ], [ -0.8764674, 41.6359957 ], [ -0.876514, 41.6360193 ], [ -0.8765399, 41.6360293 ], [ -0.8765834, 41.6360454 ], [ -0.8766643, 41.6360956 ], [ -0.8766884, 41.6361089 ], [ -0.8767318, 41.6361328 ], [ -0.8767741, 41.6361456 ], [ -0.8767954, 41.63615 ], [ -0.8768367, 41.6361585 ], [ -0.8768368, 41.6361585 ], [ -0.8768368, 41.6361584 ], [ -0.8768372, 41.6361579 ], [ -0.8768421, 41.6361513 ], [ -0.8768437, 41.6361491 ], [ -0.8768805, 41.6360997 ], [ -0.8769234, 41.636042 ], [ -0.8770463, 41.6358767 ], [ -0.877031, 41.635741 ], [ -0.8770027, 41.6354962 ], [ -0.8769879, 41.6354361 ], [ -0.8768569, 41.6351325 ], [ -0.8768625, 41.6350571 ], [ -0.8768862, 41.6347424 ], [ -0.876891, 41.6346798 ], [ -0.8768972, 41.6346627 ], [ -0.8769291, 41.6346335 ], [ -0.8769537, 41.6346088 ], [ -0.8769932, 41.6345806 ], [ -0.8770036, 41.6345729 ], [ -0.8768811, 41.6344838 ], [ -0.8768263, 41.6344439 ], [ -0.8767202, 41.6343666 ], [ -0.8766731, 41.6343347 ], [ -0.8766949, 41.6342196 ], [ -0.8767236, 41.6340684 ], [ -0.8765912, 41.6340592 ], [ -0.8765756, 41.6340581 ], [ -0.8765684, 41.6340578 ], [ -0.8765672, 41.6340734 ], [ -0.8764925, 41.6340688 ], [ -0.8763172, 41.6340575 ], [ -0.8757524, 41.6340213 ], [ -0.875562, 41.6340091 ], [ -0.8753665, 41.6339966 ], [ -0.8753245, 41.6339933 ], [ -0.8753211, 41.6340048 ], [ -0.8753059, 41.6341 ], [ -0.875265, 41.6344446 ], [ -0.8752236, 41.6347335 ] ] ] } },
{ "type": "Feature", "properties": { "CCAA": "02 - Aragón", "PROVINCIA": "50 - Zaragoza", "MUNICIPIO": "50297 - Zaragoza", "COD_MUNICIPIO": "50297", "DISTRITO": "06", "SECCION": "5029706004", "V1_H": 81.02, "V1_M": 86.64, "V2_H": 80.81080237, "V2_M": 86.47452022, "V3_H": 81.32513937, "V3_M": 86.89244175 }, "geometry": { "type": "Polygon", "coordinates": [ [ [ -0.8564821, 41.6303851 ], [ -0.856168, 41.6306805 ], [ -0.8557345, 41.6311109 ], [ -0.8553918, 41.6314858 ], [ -0.8549408, 41.6320588 ], [ -0.8547123, 41.6324358 ], [ -0.8545574, 41.6328904 ], [ -0.8544921, 41.6333277 ], [ -0.8544807, 41.6334461 ], [ -0.8544867, 41.6338883 ], [ -0.854494, 41.634432 ], [ -0.8544952, 41.6345176 ], [ -0.8545008, 41.6349268 ], [ -0.8545033, 41.6351139 ], [ -0.854718, 41.6351381 ], [ -0.8550945, 41.6352734 ], [ -0.8551549, 41.6352824 ], [ -0.8551641, 41.6352838 ], [ -0.8562108, 41.6354402 ], [ -0.8562109, 41.6354402 ], [ -0.8563524, 41.6354625 ], [ -0.8570549, 41.6355792 ], [ -0.857281, 41.6356172 ], [ -0.8576432, 41.6356781 ], [ -0.8576408, 41.6357512 ], [ -0.8578287, 41.6358021 ], [ -0.8583662, 41.6359478 ], [ -0.8583587, 41.6361741 ], [ -0.8583539, 41.6363193 ], [ -0.8583501, 41.6364355 ], [ -0.8589991, 41.6372662 ], [ -0.8590019, 41.6372699 ], [ -0.8590051, 41.6372711 ], [ -0.8596394, 41.637783 ], [ -0.8602448, 41.6380819 ], [ -0.8599652, 41.6385012 ], [ -0.8598649, 41.6386744 ], [ -0.8598648, 41.6386746 ], [ -0.8597457, 41.6388952 ], [ -0.8597456, 41.6388955 ], [ -0.859686, 41.6390133 ], [ -0.8596061, 41.6391713 ], [ -0.8595333, 41.6393352 ], [ -0.8594581, 41.639508 ], [ -0.8593369, 41.6398212 ], [ -0.859312, 41.6398881 ], [ -0.8592942, 41.6399583 ], [ -0.859225, 41.6402324 ], [ -0.8591728, 41.6404516 ], [ -0.8591696, 41.6404651 ], [ -0.8591416, 41.6405827 ], [ -0.8590973, 41.6407686 ], [ -0.8590221, 41.6411258 ], [ -0.8590107, 41.6411809 ], [ -0.8589859, 41.6413008 ], [ -0.8589648, 41.641391 ], [ -0.8589211, 41.6414995 ], [ -0.8589091, 41.6415583 ], [ -0.8589091, 41.6415585 ], [ -0.8588946, 41.6416343 ], [ -0.8588798, 41.6418038 ], [ -0.8588797, 41.6418043 ], [ -0.8588724, 41.6419141 ], [ -0.8597605, 41.6420023 ], [ -0.8597835, 41.6418814 ], [ -0.8598061, 41.6417731 ], [ -0.8598545, 41.6416127 ], [ -0.8598545, 41.6416127 ], [ -0.8599, 41.6414872 ], [ -0.8599346, 41.6413941 ], [ -0.8599609, 41.6413442 ], [ -0.8600263, 41.6412212 ], [ -0.8600584, 41.6411673 ], [ -0.8600585, 41.6411672 ], [ -0.8601759, 41.6409888 ], [ -0.8601763, 41.6409883 ], [ -0.8603376, 41.640787 ], [ -0.8603421, 41.6407819 ], [ -0.8604702, 41.6406393 ], [ -0.8607032, 41.6404275 ], [ -0.8607718, 41.6403755 ], [ -0.8609858, 41.6402169 ], [ -0.8613052, 41.6400306 ], [ -0.8614493, 41.639966 ], [ -0.8615814, 41.6399074 ], [ -0.8618131, 41.6398109 ], [ -0.862018, 41.6397268 ], [ -0.8625037, 41.6395275 ], [ -0.8625363, 41.6395141 ], [ -0.8626218, 41.639863 ], [ -0.8626539, 41.6399951 ], [ -0.8627039, 41.6402077 ], [ -0.8627331, 41.6403349 ], [ -0.8627426, 41.6403762 ], [ -0.8627504, 41.6404168 ], [ -0.8627617, 41.6404756 ], [ -0.8627834, 41.6405927 ], [ -0.8627992, 41.6406783 ], [ -0.8628037, 41.6407327 ], [ -0.8637337, 41.6408568 ], [ -0.8640316, 41.6409288 ], [ -0.8643393, 41.640953 ], [ -0.8643897, 41.640957 ], [ -0.8651046, 41.6410134 ], [ -0.8651913, 41.6410201 ], [ -0.865581, 41.6410092 ], [ -0.8660506, 41.6409959 ], [ -0.8662519, 41.6410033 ], [ -0.86725, 41.6410396 ], [ -0.8671825, 41.6409659 ], [ -0.8666674, 41.6403839 ], [ -0.8666076, 41.6403162 ], [ -0.8663841, 41.6400606 ], [ -0.8662213, 41.6398745 ], [ -0.8661876, 41.6398297 ], [ -0.8660529, 41.6396507 ], [ -0.8656987, 41.639186 ], [ -0.8656775, 41.6391601 ], [ -0.8655859, 41.6390487 ], [ -0.865134, 41.6384429 ], [ -0.8648271, 41.6380315 ], [ -0.8647404, 41.6379139 ], [ -0.8641573, 41.6371235 ], [ -0.8637964, 41.6366918 ], [ -0.8632843, 41.6361709 ], [ -0.8622874, 41.6351886 ], [ -0.8616264, 41.6345375 ], [ -0.8605612, 41.6334489 ], [ -0.8601026, 41.6329801 ], [ -0.8600015, 41.6328769 ], [ -0.8591624, 41.6320413 ], [ -0.8583398, 41.6315306 ], [ -0.8582801, 41.6314936 ], [ -0.857703, 41.631144 ], [ -0.8576153, 41.6310908 ], [ -0.856545, 41.6304249 ], [ -0.8564821, 41.6303851 ] ] ] } },
{ "type": "Feature", "properties": { "CCAA": "02 - Aragón", "PROVINCIA": "50 - Zaragoza", "MUNICIPIO": "50297 - Zaragoza", "COD_MUNICIPIO": "50297", "DISTRITO": "06", "SECCION": "5029706006", "V1_H": 80.72, "V1_M": 86.56, "V2_H": 80.63016227, "V2_M": 86.55369361, "V3_H": 80.94352394000001, "V3_M": 86.74641221 }, "geometry": { "type": "Polygon", "coordinates": [ [ [ -0.8664158, 41.6448829 ], [ -0.8664554, 41.6448869 ], [ -0.86669, 41.6449105 ], [ -0.8669641, 41.6449382 ], [ -0.8674899, 41.6449913 ], [ -0.867574, 41.6449997 ], [ -0.8680499, 41.6450474 ], [ -0.8680494, 41.6450133 ], [ -0.8681978, 41.6448937 ], [ -0.8682362, 41.6448634 ], [ -0.8682356, 41.6448632 ], [ -0.868114, 41.6448338 ], [ -0.8675256, 41.64425 ], [ -0.8670311, 41.6439703 ], [ -0.8667394, 41.6442465 ], [ -0.8666726, 41.6443305 ], [ -0.8665684, 41.6444617 ], [ -0.866483, 41.6446437 ], [ -0.866428, 41.6448162 ], [ -0.8664158, 41.6448829 ] ] ] } },
{ "type": "Feature", "properties": { "CCAA": "02 - Aragón", "PROVINCIA": "50 - Zaragoza", "MUNICIPIO": "50297 - Zaragoza", "COD_MUNICIPIO": "50297", "DISTRITO": "06", "SECCION": "5029706031", "V1_H": 80.23, "V1_M": 86.04, "V2_H": 80.01377171, "V2_M": 86.1814847, "V3_H": 80.55154758, "V3_M": 86.06989916000001 }, "geometry": { "type": "Polygon", "coordinates": [ [ [ -0.8584902, 41.643736 ], [ -0.8582048, 41.6435619 ], [ -0.8579787, 41.6433546 ], [ -0.8577411, 41.6431673 ], [ -0.8574591, 41.6430157 ], [ -0.8567903, 41.6427253 ], [ -0.8566384, 41.6428337 ], [ -0.856015, 41.6432415 ], [ -0.8557807, 41.6434087 ], [ -0.8553625, 41.6437583 ], [ -0.8552596, 41.6437945 ], [ -0.8545816, 41.6448525 ], [ -0.8545813, 41.6448552 ], [ -0.8545601, 41.6450489 ], [ -0.8542197, 41.6481564 ], [ -0.8541533, 41.6483816 ], [ -0.8550998, 41.6480465 ], [ -0.8562323, 41.6476491 ], [ -0.856874, 41.6473938 ], [ -0.8578251, 41.6470601 ], [ -0.8579291, 41.6470236 ], [ -0.8579486, 41.6469099 ], [ -0.8580606, 41.6462636 ], [ -0.8580704, 41.6462068 ], [ -0.8581158, 41.6459421 ], [ -0.8581324, 41.64553 ], [ -0.8581345, 41.6455302 ], [ -0.8591296, 41.6456301 ], [ -0.8603621, 41.6457538 ], [ -0.8607343, 41.6457912 ], [ -0.860747, 41.6457254 ], [ -0.8608506, 41.6451891 ], [ -0.8608682, 41.6450982 ], [ -0.860466, 41.6450577 ], [ -0.8592503, 41.6449356 ], [ -0.8591387, 41.6449233 ], [ -0.8582782, 41.644828 ], [ -0.858376, 41.6443241 ], [ -0.8584902, 41.643736 ] ] ] } },
{ "type": "Feature", "properties": { "CCAA": "02 - Aragón", "PROVINCIA": "50 - Zaragoza", "MUNICIPIO": "50297 - Zaragoza", "COD_MUNICIPIO": "50297", "DISTRITO": "06", "SECCION": "5029706033", "V1_H": 80.78, "V1_M": 86.64, "V2_H": 80.55514168000001, "V2_M": 86.45889906, "V3_H": 81.06237696, "V3_M": 86.87120108000001 }, "geometry": { "type": "Polygon", "coordinates": [ [ [ -0.8693125, 41.646672 ], [ -0.8698436, 41.6467307 ], [ -0.8710757, 41.6468672 ], [ -0.8712132, 41.6461518 ], [ -0.8702904, 41.6460479 ], [ -0.8698675, 41.6460056 ], [ -0.8694195, 41.6459607 ], [ -0.8691591, 41.6459346 ], [ -0.8690769, 41.6459263 ], [ -0.8686904, 41.6458876 ], [ -0.8686125, 41.6458798 ], [ -0.8686179, 41.6458872 ], [ -0.8686209, 41.6458939 ], [ -0.8686224, 41.6458941 ], [ -0.8687867, 41.6461461 ], [ -0.8692349, 41.646569 ], [ -0.8693125, 41.646672 ] ] ] } },
{ "type": "Feature", "properties": { "CCAA": "02 - Aragón", "PROVINCIA": "50 - Zaragoza", "MUNICIPIO": "50297 - Zaragoza", "COD_MUNICIPIO": "50297", "DISTRITO": "06", "SECCION": "5029706038", "V1_H": 80.24, "V1_M": 86.29, "V2_H": 79.84273941, "V2_M": 86.47368807, "V3_H": 80.7355329, "V3_M": 86.23078999000001 }, "geometry": { "type": "Polygon", "coordinates": [ [ [ -0.8643393, 41.640953 ], [ -0.8643264, 41.6410526 ], [ -0.8642933, 41.6412417 ], [ -0.8642183, 41.6416525 ], [ -0.8647025, 41.6416767 ], [ -0.8649804, 41.6416906 ], [ -0.8649568, 41.6418191 ], [ -0.8648749, 41.6422659 ], [ -0.8648269, 41.6425296 ], [ -0.8648201, 41.6425756 ], [ -0.8649383, 41.642577 ], [ -0.8650647, 41.6425501 ], [ -0.8651685, 41.6424982 ], [ -0.8653184, 41.6424222 ], [ -0.8654568, 41.642352 ], [ -0.8655763, 41.642291 ], [ -0.8655902, 41.6422843 ], [ -0.8655912, 41.6422838 ], [ -0.8663625, 41.6418925 ], [ -0.8675021, 41.6413146 ], [ -0.86725, 41.6410396 ], [ -0.8662519, 41.6410033 ], [ -0.8660506, 41.6409959 ], [ -0.865581, 41.6410092 ], [ -0.8651913, 41.6410201 ], [ -0.8651046, 41.6410134 ], [ -0.8643897, 41.640957 ], [ -0.8643393, 41.640953 ] ] ] } },
{ "type": "Feature", "properties": { "CCAA": "02 - Aragón", "PROVINCIA": "50 - Zaragoza", "MUNICIPIO": "50297 - Zaragoza", "COD_MUNICIPIO": "50297", "DISTRITO": "07", "SECCION": "5029707001", "V1_H": 81.47, "V1_M": 86.75, "V2_H": 81.12898066, "V2_M": 86.51613614, "V3_H": 81.81510349, "V3_M": 87.06728245 }, "geometry": { "type": "Polygon", "coordinates": [ [ [ -0.8927011, 41.6584876 ], [ -0.8927088, 41.6584954 ], [ -0.8927575, 41.6585453 ], [ -0.8927856, 41.6585966 ], [ -0.892801, 41.6586611 ], [ -0.892822, 41.6587843 ], [ -0.8928394, 41.6588414 ], [ -0.892879, 41.6589663 ], [ -0.8929117, 41.6590134 ], [ -0.8931358, 41.6588881 ], [ -0.8934666, 41.658703 ], [ -0.8939111, 41.6585302 ], [ -0.8940256, 41.6584859 ], [ -0.8943264, 41.6583725 ], [ -0.8945555, 41.6582978 ], [ -0.8947311, 41.6582454 ], [ -0.8949224, 41.6581951 ], [ -0.8950393, 41.6581681 ], [ -0.8952226, 41.6581283 ], [ -0.8962546, 41.657911 ], [ -0.8971878, 41.6577185 ], [ -0.8973174, 41.6576917 ], [ -0.8976257, 41.6576283 ], [ -0.898191, 41.6575486 ], [ -0.8983632, 41.6575243 ], [ -0.8987661, 41.6574427 ], [ -0.8989938, 41.6573966 ], [ -0.8990331, 41.6573883 ], [ -0.899031, 41.6573258 ], [ -0.8991988, 41.6571176 ], [ -0.8995264, 41.6570707 ], [ -0.9002473, 41.6569378 ], [ -0.9000201, 41.6567573 ], [ -0.8981276, 41.655254 ], [ -0.8978916, 41.6553108 ], [ -0.8965806, 41.6556264 ], [ -0.895373, 41.6558145 ], [ -0.8952852, 41.6558282 ], [ -0.8945609, 41.6559214 ], [ -0.8944378, 41.6559371 ], [ -0.8941698, 41.6559904 ], [ -0.893988, 41.6560722 ], [ -0.8936146, 41.6562389 ], [ -0.8935804, 41.6565975 ], [ -0.8935595, 41.6568052 ], [ -0.8935232, 41.6570224 ], [ -0.8934595, 41.657148 ], [ -0.8932365, 41.6575412 ], [ -0.8932176, 41.6575746 ], [ -0.8931599, 41.6576763 ], [ -0.8929847, 41.6579855 ], [ -0.8927041, 41.6584804 ], [ -0.8927011, 41.6584876 ] ] ] } },
{ "type": "Feature", "properties": { "CCAA": "02 - Aragón", "PROVINCIA": "50 - Zaragoza", "MUNICIPIO": "50297 - Zaragoza", "COD_MUNICIPIO": "50297", "DISTRITO": "08", "SECCION": "5029708008", "V1_H": 75.48, "V1_M": 82.31, "V2_H": 75.36985678000001, "V2_M": 82.56533706, "V3_H": 75.8600571, "V3_M": 82.01450712 }, "geometry": { "type": "Polygon", "coordinates": [ [ [ -0.9260978, 41.6523995 ], [ -0.9260972, 41.6524397 ], [ -0.9261348, 41.6526458 ], [ -0.9261509, 41.6527272 ], [ -0.9261709, 41.6528282 ], [ -0.9263063, 41.6528155 ], [ -0.9265191, 41.6527915 ], [ -0.9270169, 41.6527389 ], [ -0.9270512, 41.6527456 ], [ -0.9272367, 41.6527687 ], [ -0.9275592, 41.6528092 ], [ -0.9275632, 41.6526907 ], [ -0.9275694, 41.6525074 ], [ -0.9275735, 41.6523867 ], [ -0.9275798, 41.6522687 ], [ -0.9285165, 41.6523458 ], [ -0.9296976, 41.6524698 ], [ -0.9299324, 41.6524945 ], [ -0.9299303, 41.652426 ], [ -0.9298912, 41.6520684 ], [ -0.9298507, 41.651859 ], [ -0.9297248, 41.6516902 ], [ -0.9295734, 41.651543 ], [ -0.9295635, 41.6515426 ], [ -0.9295262, 41.6515462 ], [ -0.9289193, 41.6515643 ], [ -0.9288399, 41.6515667 ], [ -0.9286543, 41.6515722 ], [ -0.9284598, 41.651576 ], [ -0.9281569, 41.6515832 ], [ -0.9277987, 41.651592 ], [ -0.927349, 41.651604 ], [ -0.92722, 41.6516078 ], [ -0.9270601, 41.6516125 ], [ -0.9268905, 41.6516099 ], [ -0.9268146, 41.6516087 ], [ -0.9266384, 41.6516091 ], [ -0.9263365, 41.6516087 ], [ -0.9260939, 41.6516077 ], [ -0.9260956, 41.6518349 ], [ -0.9260996, 41.6521888 ], [ -0.9260978, 41.652399 ], [ -0.9260978, 41.6523995 ] ] ] } },
{ "type": "Feature", "properties": { "CCAA": "02 - Aragón", "PROVINCIA": "50 - Zaragoza", "MUNICIPIO": "50297 - Zaragoza", "COD_MUNICIPIO": "50297", "DISTRITO": "08", "SECCION": "5029708010", "V1_H": 82.5, "V1_M": 87.29, "V2_H": 82.15783722, "V2_M": 87.30677587, "V3_H": 82.90083825000001, "V3_M": 87.37512967000001 }, "geometry": { "type": "Polygon", "coordinates": [ [ [ -0.9159217, 41.6438443 ], [ -0.9160269, 41.6440448 ], [ -0.9161924, 41.6443602 ], [ -0.9162605, 41.6444899 ], [ -0.9163602, 41.6447231 ], [ -0.9166667, 41.6454401 ], [ -0.9179919, 41.6451222 ], [ -0.9179934, 41.6451219 ], [ -0.9182986, 41.6450538 ], [ -0.9182064, 41.6447744 ], [ -0.918117, 41.6443806 ], [ -0.9180999, 41.6443052 ], [ -0.9180802, 41.6442189 ], [ -0.9180379, 41.6441087 ], [ -0.9179637, 41.6439156 ], [ -0.9178629, 41.6436533 ], [ -0.9178344, 41.6435815 ], [ -0.9180972, 41.6435173 ], [ -0.9183315, 41.64346 ], [ -0.9186415, 41.6433843 ], [ -0.9187942, 41.6433458 ], [ -0.9190135, 41.6432932 ], [ -0.9191368, 41.6432631 ], [ -0.9195106, 41.6431717 ], [ -0.9195558, 41.6431606 ], [ -0.9195673, 41.643158 ], [ -0.919588, 41.6429165 ], [ -0.9195952, 41.6426923 ], [ -0.9196475, 41.6425181 ], [ -0.9195734, 41.6422083 ], [ -0.9196148, 41.6420829 ], [ -0.9195615, 41.6419979 ], [ -0.9192756, 41.6418805 ], [ -0.9187251, 41.6412748 ], [ -0.9185149, 41.6411308 ], [ -0.9181741, 41.6409775 ], [ -0.9181866, 41.640968 ], [ -0.9180248, 41.6407573 ], [ -0.9186966, 41.6403007 ], [ -0.918695, 41.6402955 ], [ -0.9189244, 41.6401468 ], [ -0.9186434, 41.639505 ], [ -0.9184595, 41.6395528 ], [ -0.9182123, 41.6396139 ], [ -0.9179416, 41.6396768 ], [ -0.9176696, 41.6397362 ], [ -0.9173962, 41.639792 ], [ -0.9168886, 41.6398855 ], [ -0.9143625, 41.6403117 ], [ -0.9147549, 41.6412007 ], [ -0.9149731, 41.6416953 ], [ -0.9153464, 41.6425407 ], [ -0.9157566, 41.6434705 ], [ -0.9159217, 41.6438443 ] ] ] } },
{ "type": "Feature", "properties": { "CCAA": "02 - Aragón", "PROVINCIA": "50 - Zaragoza", "MUNICIPIO": "50297 - Zaragoza", "COD_MUNICIPIO": "50297", "DISTRITO": "05", "SECCION": "5029705027", "V1_H": 80.54, "V1_M": 86.2, "V2_H": 80.39552864, "V2_M": 86.0597654, "V3_H": 80.75568151, "V3_M": 86.47868922000001 }, "geometry": { "type": "Polygon", "coordinates": [ [ [ -0.8811172, 41.6389276 ], [ -0.8820904, 41.6394285 ], [ -0.8825896, 41.6392338 ], [ -0.882843, 41.6390847 ], [ -0.8829076, 41.639069 ], [ -0.8832034, 41.6389016 ], [ -0.8836823, 41.6386303 ], [ -0.8835544, 41.6385407 ], [ -0.8832629, 41.6383754 ], [ -0.882429, 41.6379045 ], [ -0.8824308, 41.6379034 ], [ -0.8824169, 41.6378976 ], [ -0.8823851, 41.6378801 ], [ -0.882359, 41.6378553 ], [ -0.8823081, 41.6378058 ], [ -0.8822574, 41.6377565 ], [ -0.8822059, 41.6377065 ], [ -0.882141, 41.6376434 ], [ -0.8820908, 41.6375946 ], [ -0.8819842, 41.6374909 ], [ -0.8818676, 41.6373783 ], [ -0.88184, 41.6373544 ], [ -0.881724, 41.6376969 ], [ -0.8816773, 41.6378338 ], [ -0.881611, 41.637921 ], [ -0.8812298, 41.6380352 ], [ -0.8811653, 41.6380797 ], [ -0.8810305, 41.6380522 ], [ -0.8799907, 41.6377927 ], [ -0.8799918, 41.6377898 ], [ -0.8799795, 41.6377894 ], [ -0.8799682, 41.6377861 ], [ -0.8799645, 41.6377851 ], [ -0.8799414, 41.6378159 ], [ -0.8798918, 41.6378731 ], [ -0.8799948, 41.6378969 ], [ -0.8803023, 41.637972 ], [ -0.8810052, 41.6383334 ], [ -0.8811382, 41.6384067 ], [ -0.8813139, 41.6387093 ], [ -0.8811172, 41.6389276 ] ] ] } },
{ "type": "Feature", "properties": { "CCAA": "02 - Aragón", "PROVINCIA": "50 - Zaragoza", "MUNICIPIO": "50297 - Zaragoza", "COD_MUNICIPIO": "50297", "DISTRITO": "05", "SECCION": "5029705030", "V1_H": 81.02, "V1_M": 86.64, "V2_H": 80.81080237, "V2_M": 86.47452022, "V3_H": 81.32513937, "V3_M": 86.89244175 }, "geometry": { "type": "Polygon", "coordinates": [ [ [ -0.8830423, 41.6399771 ], [ -0.8836297, 41.6402773 ], [ -0.8839254, 41.6406367 ], [ -0.8841138, 41.6408656 ], [ -0.8842827, 41.6407697 ], [ -0.8844985, 41.6406473 ], [ -0.8847816, 41.6404865 ], [ -0.8850838, 41.6403689 ], [ -0.8860961, 41.6399754 ], [ -0.8866179, 41.6399202 ], [ -0.8865626, 41.6397572 ], [ -0.8863416, 41.639203 ], [ -0.8859692, 41.63922 ], [ -0.8848177, 41.6393 ], [ -0.8847335, 41.639311 ], [ -0.884081, 41.6395912 ], [ -0.8839503, 41.6396425 ], [ -0.8836413, 41.6397636 ], [ -0.8834651, 41.6398073 ], [ -0.8830423, 41.6399771 ] ] ] } },
{ "type": "Feature", "properties": { "CCAA": "02 - Aragón", "PROVINCIA": "50 - Zaragoza", "MUNICIPIO": "50297 - Zaragoza", "COD_MUNICIPIO": "50297", "DISTRITO": "05", "SECCION": "5029705036", "V1_H": 80.01, "V1_M": 85.88, "V2_H": 79.90171161000001, "V2_M": 85.93881404, "V3_H": 80.29104055000001, "V3_M": 85.88520273 }, "geometry": { "type": "Polygon", "coordinates": [ [ [ -0.8799682, 41.6377861 ], [ -0.8799795, 41.6377894 ], [ -0.8799918, 41.6377898 ], [ -0.8799907, 41.6377927 ], [ -0.8810305, 41.6380522 ], [ -0.8811653, 41.6380797 ], [ -0.8812298, 41.6380352 ], [ -0.881611, 41.637921 ], [ -0.8816773, 41.6378338 ], [ -0.881724, 41.6376969 ], [ -0.88184, 41.6373544 ], [ -0.8818407, 41.6373524 ], [ -0.8814542, 41.6369812 ], [ -0.8819812, 41.6364718 ], [ -0.8821941, 41.636266 ], [ -0.8823612, 41.6361046 ], [ -0.8824406, 41.6360278 ], [ -0.8829322, 41.6355525 ], [ -0.8822296, 41.6351812 ], [ -0.8819045, 41.6350094 ], [ -0.8817072, 41.6349051 ], [ -0.8816338, 41.6348663 ], [ -0.8814884, 41.6347896 ], [ -0.8813533, 41.6347181 ], [ -0.88119, 41.6346317 ], [ -0.8811071, 41.6345879 ], [ -0.8809168, 41.6344874 ], [ -0.8808508, 41.634467 ], [ -0.8806963, 41.6343595 ], [ -0.8805868, 41.6342827 ], [ -0.8804709, 41.6342014 ], [ -0.8804211, 41.6341661 ], [ -0.8805356, 41.6340858 ], [ -0.8806657, 41.6339946 ], [ -0.8806977, 41.6339716 ], [ -0.8808021, 41.6338901 ], [ -0.8808975, 41.6338156 ], [ -0.8810057, 41.6337311 ], [ -0.8810681, 41.6336823 ], [ -0.88088, 41.633633 ], [ -0.8807683, 41.6336036 ], [ -0.8806113, 41.6335625 ], [ -0.8805676, 41.6335525 ], [ -0.8804225, 41.6335196 ], [ -0.8802789, 41.633487 ], [ -0.8802692, 41.6334857 ], [ -0.880266, 41.6334934 ], [ -0.8802533, 41.6335245 ], [ -0.8802338, 41.6335718 ], [ -0.8801302, 41.6338242 ], [ -0.8801033, 41.6338895 ], [ -0.8800447, 41.6340323 ], [ -0.8800175, 41.6341377 ], [ -0.8799129, 41.634429 ], [ -0.8798395, 41.6346303 ], [ -0.879726, 41.6347234 ], [ -0.8797183, 41.6348804 ], [ -0.879716, 41.6348991 ], [ -0.8797174, 41.6348991 ], [ -0.8800004, 41.6351207 ], [ -0.8801858, 41.6349781 ], [ -0.8813801, 41.6359083 ], [ -0.8813534, 41.6359541 ], [ -0.8812853, 41.6360711 ], [ -0.8811584, 41.6362885 ], [ -0.8811061, 41.6363781 ], [ -0.8810903, 41.6364093 ], [ -0.8810808, 41.6364284 ], [ -0.8810682, 41.6364828 ], [ -0.8810681, 41.6364829 ], [ -0.8810714, 41.6365085 ], [ -0.8810754, 41.636538 ], [ -0.8810754, 41.636538 ], [ -0.8810909, 41.6365839 ], [ -0.881101, 41.6366453 ], [ -0.8811048, 41.6366995 ], [ -0.8811049, 41.6366998 ], [ -0.8811045, 41.6367087 ], [ -0.8811027, 41.6367524 ], [ -0.8810924, 41.6367753 ], [ -0.8810735, 41.6368338 ], [ -0.8810698, 41.6368392 ], [ -0.8810098, 41.636925 ], [ -0.8809851, 41.6369459 ], [ -0.8809752, 41.6369543 ], [ -0.8809742, 41.6369551 ], [ -0.8807405, 41.6371496 ], [ -0.8807034, 41.6371805 ], [ -0.8805196, 41.6373312 ], [ -0.8805134, 41.6373363 ], [ -0.8804812, 41.6373625 ], [ -0.8804746, 41.6373679 ], [ -0.8804741, 41.6373677 ], [ -0.8804724, 41.637367 ], [ -0.8804649, 41.6373758 ], [ -0.8803386, 41.637478 ], [ -0.8801646, 41.6376133 ], [ -0.8800147, 41.6377303 ], [ -0.8799682, 41.6377861 ] ] ] } },
{ "type": "Feature", "properties": { "CCAA": "02 - Aragón", "PROVINCIA": "50 - Zaragoza", "MUNICIPIO": "50297 - Zaragoza", "COD_MUNICIPIO": "50297", "DISTRITO": "05", "SECCION": "5029705038", "V1_H": 80.06, "V1_M": 86.09, "V2_H": 79.80248703, "V2_M": 86.14116428, "V3_H": 80.46064959, "V3_M": 86.17412372 }, "geometry": { "type": "Polygon", "coordinates": [ [ [ -0.8768368, 41.6361585 ], [ -0.8768454, 41.6361603 ], [ -0.8771335, 41.6362195 ], [ -0.877279, 41.6362493 ], [ -0.8775054, 41.6362958 ], [ -0.8775795, 41.6363188 ], [ -0.8776606, 41.6363552 ], [ -0.8777233, 41.6363996 ], [ -0.8778098, 41.6364958 ], [ -0.877881, 41.6365757 ], [ -0.8779351, 41.6366366 ], [ -0.8779492, 41.6366568 ], [ -0.8779514, 41.6366817 ], [ -0.8779512, 41.6366976 ], [ -0.8779522, 41.6367058 ], [ -0.87796, 41.6367185 ], [ -0.8779956, 41.6366906 ], [ -0.8784725, 41.6363161 ], [ -0.87871, 41.6361296 ], [ -0.8788249, 41.6360394 ], [ -0.8789309, 41.6359562 ], [ -0.8776651, 41.6350544 ], [ -0.8770036, 41.6345729 ], [ -0.8769932, 41.6345806 ], [ -0.8769537, 41.6346088 ], [ -0.8769291, 41.6346335 ], [ -0.8768972, 41.6346627 ], [ -0.876891, 41.6346798 ], [ -0.8768862, 41.6347424 ], [ -0.8768625, 41.6350571 ], [ -0.8768569, 41.6351325 ], [ -0.8769879, 41.6354361 ], [ -0.8770027, 41.6354962 ], [ -0.877031, 41.635741 ], [ -0.8770463, 41.6358767 ], [ -0.8769234, 41.636042 ], [ -0.8768805, 41.6360997 ], [ -0.8768437, 41.6361491 ], [ -0.8768421, 41.6361513 ], [ -0.8768372, 41.6361579 ], [ -0.8768368, 41.6361584 ], [ -0.8768368, 41.6361585 ] ] ] } },
{ "type": "Feature", "properties": { "CCAA": "02 - Aragón", "PROVINCIA": "50 - Zaragoza", "MUNICIPIO": "50297 - Zaragoza", "COD_MUNICIPIO": "50297", "DISTRITO": "06", "SECCION": "5029706011", "V1_H": 80.72, "V1_M": 86.56, "V2_H": 80.63016227, "V2_M": 86.55369361, "V3_H": 80.94352394000001, "V3_M": 86.74641221 }, "geometry": { "type": "Polygon", "coordinates": [ [ [ -0.8636032, 41.6490541 ], [ -0.8641497, 41.6490994 ], [ -0.8645946, 41.64945 ], [ -0.8646079, 41.6494431 ], [ -0.8647149, 41.6493879 ], [ -0.8649734, 41.6492543 ], [ -0.8650641, 41.6492075 ], [ -0.8650889, 41.6491933 ], [ -0.8652604, 41.6490914 ], [ -0.8656846, 41.6488395 ], [ -0.8658819, 41.6487223 ], [ -0.8660934, 41.6485967 ], [ -0.8666008, 41.6485584 ], [ -0.8667169, 41.64855 ], [ -0.8669288, 41.6485345 ], [ -0.8671707, 41.6485169 ], [ -0.8666728, 41.6480119 ], [ -0.866322, 41.6476559 ], [ -0.8663893, 41.647612 ], [ -0.8665887, 41.6475035 ], [ -0.8661153, 41.6470693 ], [ -0.8660433, 41.6470066 ], [ -0.8660083, 41.647003 ], [ -0.8655659, 41.6469582 ], [ -0.8647287, 41.6468732 ], [ -0.8646996, 41.6470398 ], [ -0.8646173, 41.6475675 ], [ -0.8654556, 41.647648 ], [ -0.8653449, 41.6483464 ], [ -0.8637921, 41.6481747 ], [ -0.8637699, 41.6481723 ], [ -0.8637697, 41.6481723 ], [ -0.8637465, 41.6482953 ], [ -0.8637039, 41.6485208 ], [ -0.8636842, 41.6486261 ], [ -0.863644, 41.6488378 ], [ -0.8636242, 41.6489427 ], [ -0.8636032, 41.6490541 ] ] ] } },
{ "type": "Feature", "properties": { "CCAA": "02 - Aragón", "PROVINCIA": "50 - Zaragoza", "MUNICIPIO": "50297 - Zaragoza", "COD_MUNICIPIO": "50297", "DISTRITO": "06", "SECCION": "5029706014", "V1_H": 80.3, "V1_M": 86.18, "V2_H": 80.25682951, "V2_M": 86.26310791, "V3_H": 80.49886239, "V3_M": 86.29802272000001 }, "geometry": { "type": "Polygon", "coordinates": [ [ [ -0.8620768, 41.6452195 ], [ -0.8631863, 41.6453309 ], [ -0.8638838, 41.6454009 ], [ -0.864227, 41.6454341 ], [ -0.8643082, 41.6454428 ], [ -0.8643518, 41.6452083 ], [ -0.8644069, 41.6449056 ], [ -0.8644441, 41.6447028 ], [ -0.8644456, 41.6446933 ], [ -0.864451, 41.6446841 ], [ -0.8644472, 41.6446838 ], [ -0.864575, 41.6439814 ], [ -0.8646943, 41.6432945 ], [ -0.8639569, 41.6431888 ], [ -0.8625088, 41.6429796 ], [ -0.8622237, 41.6444577 ], [ -0.8621699, 41.644737 ], [ -0.8620768, 41.6452195 ] ] ] } },
{ "type": "Feature", "properties": { "CCAA": "02 - Aragón", "PROVINCIA": "50 - Zaragoza", "MUNICIPIO": "50297 - Zaragoza", "COD_MUNICIPIO": "50297", "DISTRITO": "06", "SECCION": "5029706021", "V1_H": 80.02, "V1_M": 85.97, "V2_H": 79.96436773000001, "V2_M": 86.10256972000001, "V3_H": 80.28635595, "V3_M": 85.87857517 }, "geometry": { "type": "Polygon", "coordinates": [ [ [ -0.8632315, 41.6508332 ], [ -0.8634084, 41.6509418 ], [ -0.8637109, 41.6506286 ], [ -0.86397, 41.6503607 ], [ -0.8645328, 41.6494819 ], [ -0.8645946, 41.64945 ], [ -0.8641497, 41.6490994 ], [ -0.8636032, 41.6490541 ], [ -0.8635926, 41.6491101 ], [ -0.8635725, 41.6492162 ], [ -0.8635171, 41.6495048 ], [ -0.863364, 41.6494899 ], [ -0.863143, 41.6494671 ], [ -0.8629659, 41.6494488 ], [ -0.8627901, 41.6494306 ], [ -0.8624495, 41.6493954 ], [ -0.8622441, 41.6493742 ], [ -0.861608, 41.6493084 ], [ -0.8613702, 41.6492838 ], [ -0.8612875, 41.6492752 ], [ -0.8612805, 41.6493227 ], [ -0.8612543, 41.6494555 ], [ -0.8611885, 41.6497884 ], [ -0.8611589, 41.6499381 ], [ -0.8611569, 41.6499484 ], [ -0.861153, 41.6499676 ], [ -0.8611164, 41.6501528 ], [ -0.8613107, 41.6501733 ], [ -0.8617953, 41.6502243 ], [ -0.8621448, 41.6502611 ], [ -0.8624667, 41.6502949 ], [ -0.8628012, 41.6503301 ], [ -0.8633476, 41.6503877 ], [ -0.8632562, 41.6508167 ], [ -0.8632315, 41.6508332 ] ] ] } },
{ "type": "Feature", "properties": { "CCAA": "02 - Aragón", "PROVINCIA": "50 - Zaragoza", "MUNICIPIO": "50297 - Zaragoza", "COD_MUNICIPIO": "50297", "DISTRITO": "06", "SECCION": "5029706024", "V1_H": 79.47, "V1_M": 85.31, "V2_H": 79.34656828, "V2_M": 85.44731594, "V3_H": 79.76976452, "V3_M": 85.31663719 }, "geometry": { "type": "Polygon", "coordinates": [ [ [ -0.8588719, 41.649704 ], [ -0.8591962, 41.6497388 ], [ -0.8594938, 41.6497705 ], [ -0.860354, 41.6498626 ], [ -0.860489, 41.6492089 ], [ -0.860491, 41.6491991 ], [ -0.860496, 41.649182 ], [ -0.8606971, 41.6492031 ], [ -0.8607523, 41.6492094 ], [ -0.8608662, 41.6492234 ], [ -0.8608883, 41.649107 ], [ -0.8609387, 41.6488355 ], [ -0.860969, 41.6486721 ], [ -0.8609815, 41.648605 ], [ -0.8609869, 41.6485778 ], [ -0.8609889, 41.6485628 ], [ -0.8609382, 41.6485572 ], [ -0.8607553, 41.6485369 ], [ -0.8605372, 41.6485127 ], [ -0.8603786, 41.6484951 ], [ -0.8601434, 41.648469 ], [ -0.8598116, 41.6484322 ], [ -0.8595541, 41.6484037 ], [ -0.8591869, 41.6483629 ], [ -0.8590657, 41.6483495 ], [ -0.8587764, 41.6483173 ], [ -0.8586486, 41.6483033 ], [ -0.8586181, 41.6484674 ], [ -0.8585583, 41.6487899 ], [ -0.8585237, 41.6489758 ], [ -0.858398, 41.6496533 ], [ -0.8583993, 41.6496535 ], [ -0.8585514, 41.6496697 ], [ -0.858728, 41.6496886 ], [ -0.8588051, 41.6496969 ], [ -0.8588617, 41.6497032 ], [ -0.8588719, 41.649704 ] ] ] } },
{ "type": "Feature", "properties": { "CCAA": "02 - Aragón", "PROVINCIA": "50 - Zaragoza", "MUNICIPIO": "50297 - Zaragoza", "COD_MUNICIPIO": "50297", "DISTRITO": "07", "SECCION": "5029707008", "V1_H": 82.11, "V1_M": 87.17, "V2_H": 81.68538902, "V2_M": 87.16795144, "V3_H": 82.5577829, "V3_M": 87.30202001000001 }, "geometry": { "type": "Polygon", "coordinates": [ [ [ -0.8934497, 41.6594772 ], [ -0.8937008, 41.6594951 ], [ -0.8971827, 41.6602803 ], [ -0.8973961, 41.6603185 ], [ -0.8974551, 41.660265 ], [ -0.8976556, 41.65994 ], [ -0.8982458, 41.6589832 ], [ -0.898268, 41.6589559 ], [ -0.8983841, 41.6588133 ], [ -0.8988832, 41.6580227 ], [ -0.8989303, 41.6579282 ], [ -0.899045, 41.657735 ], [ -0.8990331, 41.6573886 ], [ -0.8990331, 41.6573883 ], [ -0.8989938, 41.6573966 ], [ -0.8987661, 41.6574427 ], [ -0.8983632, 41.6575243 ], [ -0.898191, 41.6575486 ], [ -0.8976257, 41.6576283 ], [ -0.8973174, 41.6576917 ], [ -0.8971878, 41.6577185 ], [ -0.8962546, 41.657911 ], [ -0.8952226, 41.6581283 ], [ -0.8950393, 41.6581681 ], [ -0.8949224, 41.6581951 ], [ -0.8947311, 41.6582454 ], [ -0.8945555, 41.6582978 ], [ -0.8943264, 41.6583725 ], [ -0.8940256, 41.6584859 ], [ -0.8939111, 41.6585302 ], [ -0.8934666, 41.658703 ], [ -0.8931358, 41.6588881 ], [ -0.8929117, 41.6590134 ], [ -0.892879, 41.6589663 ], [ -0.8928394, 41.6588414 ], [ -0.892822, 41.6587843 ], [ -0.892801, 41.6586611 ], [ -0.8927856, 41.6585966 ], [ -0.8927575, 41.6585453 ], [ -0.8927088, 41.6584954 ], [ -0.8927011, 41.6584876 ], [ -0.8926925, 41.6585081 ], [ -0.8926461, 41.6584815 ], [ -0.8924609, 41.6587537 ], [ -0.8923006, 41.658989 ], [ -0.8933794, 41.6594473 ], [ -0.8934497, 41.6594772 ] ] ] } },
{ "type": "Feature", "properties": { "CCAA": "02 - Aragón", "PROVINCIA": "50 - Zaragoza", "MUNICIPIO": "50297 - Zaragoza", "COD_MUNICIPIO": "50297", "DISTRITO": "08", "SECCION": "5029708001", "V1_H": 80.91, "V1_M": 86.7, "V2_H": 80.91796575, "V2_M": 86.73459974, "V3_H": 81.00259482, "V3_M": 86.81948346 }, "geometry": { "type": "Polygon", "coordinates": [ [ [ -0.9192223, 41.6514998 ], [ -0.9193286, 41.6514669 ], [ -0.9194408, 41.6514317 ], [ -0.9194866, 41.6514321 ], [ -0.91952, 41.6514363 ], [ -0.9195571, 41.6514493 ], [ -0.9196997, 41.6515248 ], [ -0.9198128, 41.6515702 ], [ -0.9198638, 41.6515901 ], [ -0.9198985, 41.6516015 ], [ -0.9200189, 41.6516328 ], [ -0.9201783, 41.6516594 ], [ -0.9203368, 41.6516686 ], [ -0.9205478, 41.6516604 ], [ -0.9205577, 41.6516599 ], [ -0.920577, 41.6516563 ], [ -0.9205771, 41.6516562 ], [ -0.9206847, 41.651596 ], [ -0.9211566, 41.6514002 ], [ -0.9214245, 41.6512921 ], [ -0.921834, 41.651127 ], [ -0.9219972, 41.6510684 ], [ -0.9222466, 41.6509817 ], [ -0.9223231, 41.650955 ], [ -0.9226717, 41.6507395 ], [ -0.9227161, 41.6507041 ], [ -0.9227767, 41.6506815 ], [ -0.9227767, 41.6506815 ], [ -0.9227761, 41.6506809 ], [ -0.9227147, 41.6506215 ], [ -0.9224419, 41.6503669 ], [ -0.9223418, 41.6502723 ], [ -0.9221759, 41.6501156 ], [ -0.9219173, 41.6498699 ], [ -0.9219063, 41.6498541 ], [ -0.9218977, 41.6498066 ], [ -0.9218836, 41.6497141 ], [ -0.9218271, 41.6493247 ], [ -0.9213413, 41.6493627 ], [ -0.921281, 41.6493288 ], [ -0.9211825, 41.6491694 ], [ -0.9210973, 41.648973 ], [ -0.9210629, 41.648878 ], [ -0.920994, 41.6486834 ], [ -0.9209567, 41.6485773 ], [ -0.9209111, 41.6486006 ], [ -0.9209103, 41.648601 ], [ -0.9206173, 41.648753 ], [ -0.9203464, 41.6488894 ], [ -0.9198997, 41.6491153 ], [ -0.919791, 41.6491708 ], [ -0.9196729, 41.6492306 ], [ -0.9195144, 41.6493119 ], [ -0.9193963, 41.6493737 ], [ -0.9192564, 41.6494479 ], [ -0.9190507, 41.6495703 ], [ -0.9189529, 41.6496637 ], [ -0.918857, 41.650144 ], [ -0.9186989, 41.6502787 ], [ -0.9185603, 41.6503889 ], [ -0.9183599, 41.6504489 ], [ -0.9184971, 41.6505795 ], [ -0.9186402, 41.6506812 ], [ -0.9189397, 41.6509762 ], [ -0.9191092, 41.6512203 ], [ -0.9192223, 41.6514998 ] ] ] } },
{ "type": "Feature", "properties": { "CCAA": "02 - Aragón", "PROVINCIA": "50 - Zaragoza", "MUNICIPIO": "50297 - Zaragoza", "COD_MUNICIPIO": "50297", "DISTRITO": "08", "SECCION": "5029708003", "V1_H": 79.96, "V1_M": 85.86, "V2_H": 79.90630759, "V2_M": 85.80766239, "V3_H": 80.18166072, "V3_M": 86.22029934 }, "geometry": { "type": "Polygon", "coordinates": [ [ [ -0.9222086, 41.652273 ], [ -0.9223453, 41.6523672 ], [ -0.9225329, 41.652541 ], [ -0.9225599, 41.6526844 ], [ -0.9226056, 41.6529509 ], [ -0.9225845, 41.6530055 ], [ -0.9225686, 41.653217 ], [ -0.9231861, 41.6531621 ], [ -0.923461, 41.65313 ], [ -0.923763, 41.6530945 ], [ -0.9244036, 41.6530189 ], [ -0.9244435, 41.6530142 ], [ -0.9243414, 41.6506535 ], [ -0.9243414, 41.6506534 ], [ -0.9242319, 41.6493879 ], [ -0.9239787, 41.6493908 ], [ -0.9235883, 41.6494009 ], [ -0.9234775, 41.6494034 ], [ -0.9233692, 41.649406 ], [ -0.92284, 41.6493949 ], [ -0.9227869, 41.6493907 ], [ -0.9227773, 41.6494332 ], [ -0.9226975, 41.6497885 ], [ -0.9226826, 41.6498545 ], [ -0.9227281, 41.6498604 ], [ -0.9234877, 41.6499574 ], [ -0.9235634, 41.6500212 ], [ -0.9235871, 41.6500605 ], [ -0.9236194, 41.6501758 ], [ -0.9236548, 41.6503076 ], [ -0.9237094, 41.6505208 ], [ -0.9234952, 41.6505532 ], [ -0.9233309, 41.6505779 ], [ -0.9229498, 41.6506353 ], [ -0.9229286, 41.6506395 ], [ -0.9228389, 41.6506594 ], [ -0.9227891, 41.6506781 ], [ -0.9227761, 41.6506809 ], [ -0.9227767, 41.6506815 ], [ -0.9227767, 41.6506815 ], [ -0.9227161, 41.6507041 ], [ -0.9226717, 41.6507395 ], [ -0.9223231, 41.650955 ], [ -0.9222466, 41.6509817 ], [ -0.9219972, 41.6510684 ], [ -0.921834, 41.651127 ], [ -0.9214245, 41.6512921 ], [ -0.9211566, 41.6514002 ], [ -0.9206847, 41.651596 ], [ -0.9205771, 41.6516562 ], [ -0.9205916, 41.6516577 ], [ -0.9208189, 41.6516406 ], [ -0.9209467, 41.6516595 ], [ -0.9210677, 41.6517004 ], [ -0.9215475, 41.6519072 ], [ -0.9216869, 41.6519673 ], [ -0.9217185, 41.6519809 ], [ -0.9219815, 41.652117 ], [ -0.9220908, 41.6521922 ], [ -0.9222086, 41.652273 ] ] ] } },
{ "type": "Feature", "properties": { "CCAA": "02 - Aragón", "PROVINCIA": "50 - Zaragoza", "MUNICIPIO": "50297 - Zaragoza", "COD_MUNICIPIO": "50297", "DISTRITO": "09", "SECCION": "5029709001", "V1_H": 80.02, "V1_M": 85.97, "V2_H": 79.96436773000001, "V2_M": 86.10256972000001, "V3_H": 80.28635595, "V3_M": 85.87857517 }, "geometry": { "type": "Polygon", "coordinates": [ [ [ -0.8884502, 41.6337496 ], [ -0.8897584, 41.6338858 ], [ -0.8898375, 41.6338912 ], [ -0.8899281, 41.6339008 ], [ -0.8900358, 41.6339028 ], [ -0.890189, 41.6339016 ], [ -0.8905984, 41.6338774 ], [ -0.8907466, 41.6338564 ], [ -0.8908953, 41.6338195 ], [ -0.8910562, 41.6337631 ], [ -0.8912517, 41.6336835 ], [ -0.8914306, 41.6335917 ], [ -0.8915818, 41.6334822 ], [ -0.8916723, 41.6334002 ], [ -0.8917336, 41.6333137 ], [ -0.8917349, 41.6333119 ], [ -0.8917351, 41.6333113 ], [ -0.8917923, 41.6331713 ], [ -0.891795, 41.6331173 ], [ -0.8917861, 41.6330418 ], [ -0.891768, 41.632899 ], [ -0.8917075, 41.6324939 ], [ -0.8916678, 41.6322115 ], [ -0.8909453, 41.6320832 ], [ -0.8907382, 41.6320432 ], [ -0.8907054, 41.6324187 ], [ -0.8906717, 41.632804 ], [ -0.8904768, 41.6327771 ], [ -0.8897101, 41.6326638 ], [ -0.8890482, 41.6325716 ], [ -0.8887537, 41.6325278 ], [ -0.8883251, 41.6324646 ], [ -0.8875908, 41.6323562 ], [ -0.8871046, 41.6322852 ], [ -0.8869896, 41.632684 ], [ -0.8869836, 41.632703 ], [ -0.8870629, 41.6327137 ], [ -0.887275, 41.6327421 ], [ -0.8877814, 41.63281 ], [ -0.8883332, 41.6328836 ], [ -0.8884714, 41.6329007 ], [ -0.8886042, 41.632917 ], [ -0.8886489, 41.6329225 ], [ -0.8886549, 41.6329254 ], [ -0.8886266, 41.6330392 ], [ -0.8885812, 41.6332218 ], [ -0.8885387, 41.6333928 ], [ -0.8884722, 41.6336601 ], [ -0.8884534, 41.6337358 ], [ -0.8884502, 41.6337496 ] ] ] } },
{ "type": "Feature", "properties": { "CCAA": "02 - Aragón", "PROVINCIA": "50 - Zaragoza", "MUNICIPIO": "50297 - Zaragoza", "COD_MUNICIPIO": "50297", "DISTRITO": "06", "SECCION": "5029706025", "V1_H": 78.2, "V1_M": 84.44, "V2_H": 78.32882893, "V2_M": 84.51506174, "V3_H": 78.2023938, "V3_M": 84.51669805 }, "geometry": { "type": "Polygon", "coordinates": [ [ [ -0.8537889, 41.6507545 ], [ -0.8580111, 41.6518256 ], [ -0.8580258, 41.6517394 ], [ -0.858078, 41.6514325 ], [ -0.8581324, 41.6511125 ], [ -0.8581776, 41.6508471 ], [ -0.8582338, 41.6505379 ], [ -0.8582741, 41.65028 ], [ -0.8583236, 41.6499889 ], [ -0.8583656, 41.6497421 ], [ -0.8583811, 41.6496515 ], [ -0.858398, 41.6496533 ], [ -0.8585237, 41.6489758 ], [ -0.8585583, 41.6487899 ], [ -0.8586181, 41.6484674 ], [ -0.8586486, 41.6483033 ], [ -0.8587764, 41.6483173 ], [ -0.8590657, 41.6483495 ], [ -0.8591869, 41.6483629 ], [ -0.8595541, 41.6484037 ], [ -0.8598116, 41.6484322 ], [ -0.8601434, 41.648469 ], [ -0.8603786, 41.6484951 ], [ -0.8605372, 41.6485127 ], [ -0.8607553, 41.6485369 ], [ -0.8609382, 41.6485572 ], [ -0.8609889, 41.6485628 ], [ -0.8610209, 41.6485664 ], [ -0.8611334, 41.6485789 ], [ -0.861293, 41.6485965 ], [ -0.8614005, 41.6486089 ], [ -0.8614121, 41.6486097 ], [ -0.8614528, 41.6483893 ], [ -0.8615377, 41.6479287 ], [ -0.8587725, 41.6476451 ], [ -0.8578927, 41.6475581 ], [ -0.8578404, 41.6475198 ], [ -0.8578803, 41.6473079 ], [ -0.8579291, 41.6470236 ], [ -0.8578251, 41.6470601 ], [ -0.856874, 41.6473938 ], [ -0.8562323, 41.6476491 ], [ -0.8550998, 41.6480465 ], [ -0.8541533, 41.6483816 ], [ -0.8537905, 41.6496122 ], [ -0.8537889, 41.6507545 ] ] ] } },
{ "type": "Feature", "properties": { "CCAA": "02 - Aragón", "PROVINCIA": "50 - Zaragoza", "MUNICIPIO": "50297 - Zaragoza", "COD_MUNICIPIO": "50297", "DISTRITO": "06", "SECCION": "5029706027", "V1_H": 80.31, "V1_M": 85.98, "V2_H": 80.51251293, "V2_M": 86.22129475, "V3_H": 80.221823, "V3_M": 85.87405604 }, "geometry": { "type": "Polygon", "coordinates": [ [ [ -0.8603621, 41.6457538 ], [ -0.8611385, 41.6465111 ], [ -0.8612244, 41.6465197 ], [ -0.8618145, 41.6465791 ], [ -0.8618201, 41.6465502 ], [ -0.8618668, 41.6463076 ], [ -0.8619214, 41.6460345 ], [ -0.8619392, 41.6459342 ], [ -0.8619431, 41.6459125 ], [ -0.861943, 41.6459125 ], [ -0.8619445, 41.6459051 ], [ -0.8620768, 41.6452195 ], [ -0.8616493, 41.6451766 ], [ -0.8608682, 41.6450982 ], [ -0.8608506, 41.6451891 ], [ -0.860747, 41.6457254 ], [ -0.8607343, 41.6457912 ], [ -0.8603621, 41.6457538 ] ] ] } },
{ "type": "Feature", "properties": { "CCAA": "02 - Aragón", "PROVINCIA": "50 - Zaragoza", "MUNICIPIO": "50297 - Zaragoza", "COD_MUNICIPIO": "50297", "DISTRITO": "06", "SECCION": "5029706029", "V1_H": 79.81, "V1_M": 85.63, "V2_H": 79.83092799000001, "V2_M": 85.85143097, "V3_H": 80.00184088, "V3_M": 85.62912109 }, "geometry": { "type": "Polygon", "coordinates": [ [ [ -0.8584902, 41.643736 ], [ -0.858376, 41.6443241 ], [ -0.8582782, 41.644828 ], [ -0.8591387, 41.6449233 ], [ -0.8592503, 41.6449356 ], [ -0.8592942, 41.6446834 ], [ -0.8593105, 41.6445897 ], [ -0.8593835, 41.6441698 ], [ -0.8595077, 41.6434554 ], [ -0.8585631, 41.6433607 ], [ -0.8584902, 41.643736 ] ] ] } },
{ "type": "Feature", "properties": { "CCAA": "02 - Aragón", "PROVINCIA": "50 - Zaragoza", "MUNICIPIO": "50297 - Zaragoza", "COD_MUNICIPIO": "50297", "DISTRITO": "07", "SECCION": "5029707003", "V1_H": 80.65, "V1_M": 86.4, "V2_H": 80.41087182, "V2_M": 86.2775211, "V3_H": 80.94660094, "V3_M": 86.57847437 }, "geometry": { "type": "Polygon", "coordinates": [ [ [ -0.8963073, 41.66614 ], [ -0.8968416, 41.6664617 ], [ -0.8987317, 41.6667964 ], [ -0.899534, 41.6659067 ], [ -0.9001846, 41.6645607 ], [ -0.9004779, 41.663846 ], [ -0.9002368, 41.6637982 ], [ -0.9000137, 41.663756 ], [ -0.8995091, 41.6636072 ], [ -0.899316, 41.6635387 ], [ -0.8991055, 41.6634641 ], [ -0.8990406, 41.6634305 ], [ -0.8988411, 41.6633268 ], [ -0.8987537, 41.6632841 ], [ -0.8985002, 41.6631603 ], [ -0.8982952, 41.6630602 ], [ -0.8978435, 41.6628372 ], [ -0.8974546, 41.66257 ], [ -0.8970558, 41.662201 ], [ -0.8964161, 41.6615991 ], [ -0.8961125, 41.6613109 ], [ -0.8959993, 41.661179 ], [ -0.8959299, 41.6611219 ], [ -0.8957165, 41.6609462 ], [ -0.8953484, 41.6606119 ], [ -0.8953107, 41.6606334 ], [ -0.8947993, 41.6609355 ], [ -0.8945537, 41.6610806 ], [ -0.8942725, 41.6612465 ], [ -0.893888, 41.6610207 ], [ -0.8935166, 41.660804 ], [ -0.8930695, 41.6605727 ], [ -0.8927348, 41.6603996 ], [ -0.8929164, 41.6602343 ], [ -0.89314, 41.6600307 ], [ -0.8932738, 41.6599054 ], [ -0.8934619, 41.6597245 ], [ -0.8936192, 41.6595734 ], [ -0.8936192, 41.6595734 ], [ -0.8934497, 41.6594772 ], [ -0.8933794, 41.6594473 ], [ -0.8923006, 41.658989 ], [ -0.891922, 41.6596106 ], [ -0.8902856, 41.6613856 ], [ -0.8919663, 41.6626725 ], [ -0.8924248, 41.6630235 ], [ -0.8933339, 41.6637195 ], [ -0.8958654, 41.6657129 ], [ -0.8961971, 41.6660737 ], [ -0.8963073, 41.66614 ] ] ] } },
{ "type": "Feature", "properties": { "CCAA": "02 - Aragón", "PROVINCIA": "50 - Zaragoza", "MUNICIPIO": "50297 - Zaragoza", "COD_MUNICIPIO": "50297", "DISTRITO": "07", "SECCION": "5029707005", "V1_H": 80.39, "V1_M": 86.24, "V2_H": 80.20629068, "V2_M": 86.34105578, "V3_H": 80.66489809, "V3_M": 86.38520791000001 }, "geometry": { "type": "Polygon", "coordinates": [ [ [ -0.9004779, 41.663846 ], [ -0.9005361, 41.6638575 ], [ -0.9006104, 41.6638642 ], [ -0.9006258, 41.6638663 ], [ -0.900773, 41.6634621 ], [ -0.901152, 41.6624206 ], [ -0.9015503, 41.6613433 ], [ -0.9015958, 41.6612256 ], [ -0.901623, 41.6611554 ], [ -0.9000397, 41.6608413 ], [ -0.8994079, 41.6607143 ], [ -0.8992426, 41.660681 ], [ -0.8990479, 41.6609884 ], [ -0.8989253, 41.6611768 ], [ -0.8985436, 41.6617625 ], [ -0.8978435, 41.6628372 ], [ -0.8982952, 41.6630602 ], [ -0.8985002, 41.6631603 ], [ -0.8987537, 41.6632841 ], [ -0.8988411, 41.6633268 ], [ -0.8990406, 41.6634305 ], [ -0.8991055, 41.6634641 ], [ -0.899316, 41.6635387 ], [ -0.8995091, 41.6636072 ], [ -0.9000137, 41.663756 ], [ -0.9002368, 41.6637982 ], [ -0.9004779, 41.663846 ] ] ] } },
{ "type": "Feature", "properties": { "CCAA": "02 - Aragón", "PROVINCIA": "50 - Zaragoza", "MUNICIPIO": "50297 - Zaragoza", "COD_MUNICIPIO": "50297", "DISTRITO": "08", "SECCION": "5029708004", "V1_H": 80.78, "V1_M": 86.63, "V2_H": 80.78050334, "V2_M": 86.59104663, "V3_H": 80.85502768000001, "V3_M": 86.88271981 }, "geometry": { "type": "Polygon", "coordinates": [ [ [ -0.9242773, 41.6594707 ], [ -0.9243557, 41.6594405 ], [ -0.9244387, 41.6594787 ], [ -0.9249289, 41.6586581 ], [ -0.9246879, 41.6557785 ], [ -0.9246349, 41.6551804 ], [ -0.924444, 41.6530266 ], [ -0.9244435, 41.6530142 ], [ -0.9244036, 41.6530189 ], [ -0.923763, 41.6530945 ], [ -0.923461, 41.65313 ], [ -0.9231861, 41.6531621 ], [ -0.9225686, 41.653217 ], [ -0.9225845, 41.6530055 ], [ -0.9226056, 41.6529509 ], [ -0.9225599, 41.6526844 ], [ -0.9225329, 41.652541 ], [ -0.9223453, 41.6523672 ], [ -0.9222086, 41.652273 ], [ -0.9217721, 41.652586 ], [ -0.9216051, 41.6527058 ], [ -0.9214069, 41.6525794 ], [ -0.9211944, 41.6524439 ], [ -0.9210128, 41.6523282 ], [ -0.9208179, 41.6524829 ], [ -0.9207668, 41.6525678 ], [ -0.9205424, 41.6529406 ], [ -0.9208817, 41.6530986 ], [ -0.9223829, 41.6537973 ], [ -0.9223378, 41.6539008 ], [ -0.9222758, 41.6540475 ], [ -0.9221799, 41.6542588 ], [ -0.9221248, 41.6543805 ], [ -0.9220673, 41.6545431 ], [ -0.9213717, 41.654472 ], [ -0.9204059, 41.6545889 ], [ -0.920492, 41.6548145 ], [ -0.9205929, 41.6550737 ], [ -0.9205929, 41.6550738 ], [ -0.9207794, 41.6555532 ], [ -0.9209016, 41.655864 ], [ -0.9212056, 41.6566372 ], [ -0.9213805, 41.6570822 ], [ -0.921908, 41.6582564 ], [ -0.9221862, 41.658298 ], [ -0.9221071, 41.6584489 ], [ -0.921944, 41.6586083 ], [ -0.9226858, 41.6587791 ], [ -0.9227205, 41.6588589 ], [ -0.9227844, 41.6588589 ], [ -0.9229245, 41.6588585 ], [ -0.9232086, 41.6589132 ], [ -0.9235611, 41.6590399 ], [ -0.9237944, 41.6591604 ], [ -0.9238738, 41.6592114 ], [ -0.9240098, 41.6592988 ], [ -0.9242773, 41.6594707 ] ] ] } },
{ "type": "Feature", "properties": { "CCAA": "02 - Aragón", "PROVINCIA": "50 - Zaragoza", "MUNICIPIO": "50297 - Zaragoza", "COD_MUNICIPIO": "50297", "DISTRITO": "08", "SECCION": "5029708006", "V1_H": 80.91, "V1_M": 86.7, "V2_H": 80.91796575, "V2_M": 86.73459974, "V3_H": 81.00259482, "V3_M": 86.81948346 }, "geometry": { "type": "Polygon", "coordinates": [ [ [ -0.9244435, 41.6530142 ], [ -0.924444, 41.6530266 ], [ -0.9246349, 41.6551804 ], [ -0.9246879, 41.6557785 ], [ -0.9249289, 41.6586581 ], [ -0.9258438, 41.6586293 ], [ -0.9274401, 41.6583683 ], [ -0.9278611, 41.6583406 ], [ -0.9292528, 41.6584177 ], [ -0.929284, 41.6580194 ], [ -0.9295585, 41.6580408 ], [ -0.9295589, 41.6580377 ], [ -0.9298277, 41.6580581 ], [ -0.9299081, 41.6576284 ], [ -0.9300192, 41.6570198 ], [ -0.9300907, 41.6566317 ], [ -0.9316637, 41.6568423 ], [ -0.9316832, 41.6567548 ], [ -0.9317068, 41.6566536 ], [ -0.9317301, 41.6565743 ], [ -0.9318093, 41.6563045 ], [ -0.9318568, 41.6561346 ], [ -0.9318826, 41.6560024 ], [ -0.9319246, 41.6557861 ], [ -0.9315019, 41.6556959 ], [ -0.9310635, 41.6555993 ], [ -0.9310469, 41.6555799 ], [ -0.931075, 41.6554162 ], [ -0.931044, 41.6553685 ], [ -0.931111, 41.6552815 ], [ -0.93115, 41.6552268 ], [ -0.9311605, 41.6551122 ], [ -0.9311492, 41.6550659 ], [ -0.9311517, 41.6550656 ], [ -0.9311469, 41.6550572 ], [ -0.9311403, 41.6550309 ], [ -0.9311318, 41.6550055 ], [ -0.931108, 41.6549374 ], [ -0.9311065, 41.6548877 ], [ -0.9311151, 41.654795 ], [ -0.9310315, 41.6546546 ], [ -0.9310084, 41.6546224 ], [ -0.9309939, 41.6546103 ], [ -0.9309759, 41.6546053 ], [ -0.9309249, 41.6545994 ], [ -0.9308249, 41.6545875 ], [ -0.9306491, 41.6545672 ], [ -0.9306197, 41.6545653 ], [ -0.9306006, 41.6545674 ], [ -0.930573, 41.6545732 ], [ -0.9304712, 41.6546147 ], [ -0.9304032, 41.6546425 ], [ -0.9303538, 41.6546561 ], [ -0.9303145, 41.6546593 ], [ -0.9302593, 41.6546578 ], [ -0.9302419, 41.6546539 ], [ -0.9302201, 41.6546454 ], [ -0.9302076, 41.6546374 ], [ -0.9301697, 41.654613 ], [ -0.9301024, 41.6545534 ], [ -0.9300023, 41.6544736 ], [ -0.9299429, 41.6544262 ], [ -0.9299227, 41.6544194 ], [ -0.929877, 41.6544109 ], [ -0.9298372, 41.6544039 ], [ -0.9297867, 41.654395 ], [ -0.9297491, 41.6543917 ], [ -0.9295285, 41.6543366 ], [ -0.9293906, 41.6542988 ], [ -0.9291765, 41.6542386 ], [ -0.9290528, 41.6542014 ], [ -0.9289664, 41.6541767 ], [ -0.9289252, 41.6541618 ], [ -0.9288801, 41.6541438 ], [ -0.9288486, 41.6541302 ], [ -0.9288148, 41.6541177 ], [ -0.9287808, 41.6541092 ], [ -0.9287551, 41.654109 ], [ -0.9287077, 41.6541108 ], [ -0.9286774, 41.6541147 ], [ -0.9285651, 41.6541269 ], [ -0.9285164, 41.654126 ], [ -0.9284721, 41.6541235 ], [ -0.9282206, 41.6540773 ], [ -0.927716, 41.6539818 ], [ -0.9273601, 41.6539144 ], [ -0.9273077, 41.6539008 ], [ -0.9273268, 41.6538038 ], [ -0.9274123, 41.6533656 ], [ -0.9274883, 41.6529765 ], [ -0.9275101, 41.6528674 ], [ -0.9275151, 41.6528571 ], [ -0.9275205, 41.6528473 ], [ -0.9275421, 41.6528247 ], [ -0.9275592, 41.6528092 ], [ -0.9272367, 41.6527687 ], [ -0.9270512, 41.6527456 ], [ -0.9270169, 41.6527389 ], [ -0.9265191, 41.6527915 ], [ -0.9263063, 41.6528155 ], [ -0.9261709, 41.6528282 ], [ -0.9261509, 41.6527272 ], [ -0.9261348, 41.6526458 ], [ -0.9260972, 41.6524397 ], [ -0.9260978, 41.6523995 ], [ -0.9259041, 41.6523933 ], [ -0.9256345, 41.6523843 ], [ -0.9254994, 41.6523767 ], [ -0.9253748, 41.6523697 ], [ -0.9249306, 41.6522802 ], [ -0.9249277, 41.652356 ], [ -0.9249224, 41.6524556 ], [ -0.9249149, 41.6525346 ], [ -0.9248941, 41.6527605 ], [ -0.9249004, 41.6529623 ], [ -0.9246624, 41.6529879 ], [ -0.9245389, 41.6530027 ], [ -0.9244435, 41.6530142 ] ] ] } },
{ "type": "Feature", "properties": { "CCAA": "02 - Aragón", "PROVINCIA": "50 - Zaragoza", "MUNICIPIO": "50297 - Zaragoza", "COD_MUNICIPIO": "50297", "DISTRITO": "08", "SECCION": "5029708021", "V1_H": 81.11, "V1_M": 86.51, "V2_H": 80.75023294, "V2_M": 86.37370028, "V3_H": 81.47997818, "V3_M": 86.68611994 }, "geometry": { "type": "Polygon", "coordinates": [ [ [ -0.9243414, 41.6506534 ], [ -0.9245402, 41.6506179 ], [ -0.9246516, 41.6505444 ], [ -0.9251685, 41.6501258 ], [ -0.9254002, 41.6499664 ], [ -0.9255787, 41.6498941 ], [ -0.9257726, 41.6498661 ], [ -0.9260234, 41.6498958 ], [ -0.9263227, 41.649983 ], [ -0.9267922, 41.6499978 ], [ -0.926993, 41.650014 ], [ -0.9269574, 41.6503406 ], [ -0.9269451, 41.65046 ], [ -0.9269158, 41.6505916 ], [ -0.9268905, 41.6516099 ], [ -0.9270601, 41.6516125 ], [ -0.92722, 41.6516078 ], [ -0.927349, 41.651604 ], [ -0.9277987, 41.651592 ], [ -0.9281569, 41.6515832 ], [ -0.9284598, 41.651576 ], [ -0.9286543, 41.6515722 ], [ -0.9288399, 41.6515667 ], [ -0.9289193, 41.6515643 ], [ -0.9295262, 41.6515462 ], [ -0.9295635, 41.6515426 ], [ -0.9295734, 41.651543 ], [ -0.9295729, 41.6515424 ], [ -0.9295712, 41.6515425 ], [ -0.9298208, 41.6515218 ], [ -0.9300775, 41.6515059 ], [ -0.9301513, 41.651504 ], [ -0.9303233, 41.651502 ], [ -0.930827, 41.6514962 ], [ -0.9309489, 41.6514947 ], [ -0.9312889, 41.6514763 ], [ -0.9313579, 41.6514456 ], [ -0.9313703, 41.6514401 ], [ -0.9313739, 41.6514385 ], [ -0.9314114, 41.6514314 ], [ -0.9314509, 41.6514242 ], [ -0.9316243, 41.6514013 ], [ -0.9317886, 41.6513854 ], [ -0.9318713, 41.651379 ], [ -0.9321186, 41.6513614 ], [ -0.9331197, 41.6511118 ], [ -0.933972, 41.6509938 ], [ -0.9350258, 41.650944 ], [ -0.9349876, 41.6503817 ], [ -0.9347859, 41.6490886 ], [ -0.9345803, 41.6489045 ], [ -0.9345811, 41.6488601 ], [ -0.9345816, 41.6488296 ], [ -0.9345869, 41.6485236 ], [ -0.9345878, 41.6484713 ], [ -0.9345932, 41.6481589 ], [ -0.9345946, 41.6480792 ], [ -0.9346005, 41.647742 ], [ -0.9346064, 41.6473983 ], [ -0.9346092, 41.6472389 ], [ -0.9343842, 41.6449312 ], [ -0.9342803, 41.6449462 ], [ -0.9342007, 41.6449577 ], [ -0.9339368, 41.6449785 ], [ -0.9338659, 41.6449809 ], [ -0.9330556, 41.6449895 ], [ -0.9322591, 41.6449771 ], [ -0.9313203, 41.6449624 ], [ -0.9304214, 41.6449579 ], [ -0.9298246, 41.6449549 ], [ -0.9284853, 41.6449481 ], [ -0.9279982, 41.6449465 ], [ -0.9272266, 41.6449547 ], [ -0.9267552, 41.6449603 ], [ -0.9263291, 41.6449886 ], [ -0.926002, 41.6450394 ], [ -0.9259798, 41.6450377 ], [ -0.9259525, 41.6450472 ], [ -0.9258575, 41.645062 ], [ -0.9255567, 41.6451393 ], [ -0.9254001, 41.6451973 ], [ -0.9251241, 41.6453195 ], [ -0.9247873, 41.6455093 ], [ -0.9244478, 41.6457419 ], [ -0.9242896, 41.6458767 ], [ -0.9242197, 41.6459362 ], [ -0.9242243, 41.6460334 ], [ -0.9242426, 41.6464989 ], [ -0.9242671, 41.6471248 ], [ -0.9241748, 41.6473082 ], [ -0.9241821, 41.6475758 ], [ -0.9242106, 41.6486165 ], [ -0.9242289, 41.6492872 ], [ -0.9242316, 41.6493841 ], [ -0.9242319, 41.6493879 ], [ -0.9243414, 41.6506534 ] ] ] } },
{ "type": "Feature", "properties": { "CCAA": "02 - Aragón", "PROVINCIA": "50 - Zaragoza", "MUNICIPIO": "50297 - Zaragoza", "COD_MUNICIPIO": "50297", "DISTRITO": "08", "SECCION": "5029708023", "V1_H": 80.65, "V1_M": 86.42, "V2_H": 80.32339709, "V2_M": 86.16224497, "V3_H": 80.9318118, "V3_M": 86.73476557 }, "geometry": { "type": "Polygon", "coordinates": [ [ [ -0.93372, 41.6406986 ], [ -0.9338449, 41.64189 ], [ -0.933943, 41.64252 ], [ -0.9342803, 41.6449462 ], [ -0.9343842, 41.6449312 ], [ -0.9345076, 41.6449133 ], [ -0.9346583, 41.6448784 ], [ -0.9346592, 41.6448782 ], [ -0.9346842, 41.6448723 ], [ -0.9349031, 41.6448202 ], [ -0.9352083, 41.6447246 ], [ -0.935608, 41.6445972 ], [ -0.9358571, 41.6445178 ], [ -0.935959, 41.6444852 ], [ -0.9364096, 41.6443381 ], [ -0.9368062, 41.6442086 ], [ -0.9377345, 41.6439054 ], [ -0.9382431, 41.6437393 ], [ -0.9383632, 41.643698 ], [ -0.9383175, 41.6436921 ], [ -0.9382935, 41.6436824 ], [ -0.9382038, 41.6436422 ], [ -0.9380794, 41.6435924 ], [ -0.9380528, 41.643583 ], [ -0.9380107, 41.6435432 ], [ -0.9379834, 41.6435071 ], [ -0.9379014, 41.6434326 ], [ -0.9377759, 41.6432944 ], [ -0.9375826, 41.6430771 ], [ -0.9374835, 41.6429633 ], [ -0.9374641, 41.6429375 ], [ -0.9374287, 41.6428843 ], [ -0.9373464, 41.6427423 ], [ -0.9373178, 41.6426724 ], [ -0.9372743, 41.6425955 ], [ -0.9372052, 41.6424823 ], [ -0.9371177, 41.6423823 ], [ -0.9369633, 41.6422022 ], [ -0.9369401, 41.6421726 ], [ -0.9368976, 41.6421183 ], [ -0.9368483, 41.6420309 ], [ -0.9367776, 41.6418995 ], [ -0.9366552, 41.6416747 ], [ -0.9366054, 41.6415439 ], [ -0.93658, 41.6414595 ], [ -0.9365499, 41.6413451 ], [ -0.9365321, 41.6413241 ], [ -0.9363967, 41.6413225 ], [ -0.9361909, 41.6412976 ], [ -0.936027, 41.6412122 ], [ -0.936217, 41.6408681 ], [ -0.9361995, 41.6407721 ], [ -0.9361928, 41.6407353 ], [ -0.9361274, 41.6406492 ], [ -0.9360795, 41.6406276 ], [ -0.9359782, 41.640579 ], [ -0.9358227, 41.6405417 ], [ -0.9355868, 41.6405503 ], [ -0.9352172, 41.6405969 ], [ -0.9350997, 41.6406114 ], [ -0.9348535, 41.640632 ], [ -0.934762, 41.6406394 ], [ -0.9344953, 41.6406468 ], [ -0.9342767, 41.6406537 ], [ -0.9340163, 41.640681 ], [ -0.9338413, 41.6406995 ], [ -0.9337932, 41.6407042 ], [ -0.93372, 41.6406986 ] ] ] } },
{ "type": "Feature", "properties": { "CCAA": "02 - Aragón", "PROVINCIA": "50 - Zaragoza", "MUNICIPIO": "50297 - Zaragoza", "COD_MUNICIPIO": "50297", "DISTRITO": "09", "SECCION": "5029709014", "V1_H": 79.57, "V1_M": 85.52, "V2_H": 79.5571672, "V2_M": 85.61629353, "V3_H": 79.73611669, "V3_M": 85.61269153000001 }, "geometry": { "type": "Polygon", "coordinates": [ [ [ -0.8841545, 41.6293468 ], [ -0.8842652, 41.6293638 ], [ -0.8843947, 41.6293829 ], [ -0.8846154, 41.6294167 ], [ -0.8850216, 41.6294797 ], [ -0.8853684, 41.6295335 ], [ -0.8854621, 41.629548 ], [ -0.885704, 41.6295855 ], [ -0.8859332, 41.6296211 ], [ -0.8859411, 41.6296226 ], [ -0.8859412, 41.6296223 ], [ -0.8859982, 41.6294168 ], [ -0.8860701, 41.6291823 ], [ -0.8861887, 41.6287454 ], [ -0.8840113, 41.6284003 ], [ -0.8840245, 41.6286376 ], [ -0.8840393, 41.6288613 ], [ -0.8841545, 41.6293468 ] ] ] } },
{ "type": "Feature", "properties": { "CCAA": "02 - Aragón", "PROVINCIA": "50 - Zaragoza", "MUNICIPIO": "50297 - Zaragoza", "COD_MUNICIPIO": "50297", "DISTRITO": "09", "SECCION": "5029709016", "V1_H": 79.81, "V1_M": 85.63, "V2_H": 79.83092799000001, "V2_M": 85.85143097, "V3_H": 80.00184088, "V3_M": 85.62912109 }, "geometry": { "type": "Polygon", "coordinates": [ [ [ -0.8836033, 41.6274501 ], [ -0.886426, 41.627909 ], [ -0.8865379, 41.6275147 ], [ -0.8866338, 41.6271768 ], [ -0.8866501, 41.6271194 ], [ -0.8866205, 41.6271141 ], [ -0.8865121, 41.6270965 ], [ -0.8848227, 41.626823 ], [ -0.8841257, 41.6267101 ], [ -0.8834077, 41.6265939 ], [ -0.8831438, 41.6265512 ], [ -0.8831421, 41.6265509 ], [ -0.8831068, 41.6265454 ], [ -0.8830441, 41.6265357 ], [ -0.8822415, 41.6264944 ], [ -0.8819244, 41.6264781 ], [ -0.8820171, 41.6269158 ], [ -0.8824995, 41.626942 ], [ -0.8832471, 41.6269826 ], [ -0.8834016, 41.6269967 ], [ -0.8834562, 41.6271183 ], [ -0.8834881, 41.6271894 ], [ -0.8836033, 41.6274501 ] ] ] } },
{ "type": "Feature", "properties": { "CCAA": "02 - Aragón", "PROVINCIA": "50 - Zaragoza", "MUNICIPIO": "50297 - Zaragoza", "COD_MUNICIPIO": "50297", "DISTRITO": "10", "SECCION": "5029710003", "V1_H": 80.02, "V1_M": 86.02, "V2_H": 79.96138623, "V2_M": 86.18252023, "V3_H": 80.18726569, "V3_M": 86.15258899 }, "geometry": { "type": "Polygon", "coordinates": [ [ [ -0.8761091, 41.6606764 ], [ -0.876565, 41.6608137 ], [ -0.8767871, 41.6608531 ], [ -0.8770255, 41.6609263 ], [ -0.877426, 41.6610503 ], [ -0.878075, 41.6612503 ], [ -0.8780189, 41.6611358 ], [ -0.8778339, 41.6607536 ], [ -0.8777677, 41.6606261 ], [ -0.8787309, 41.6607575 ], [ -0.8787223, 41.6603418 ], [ -0.8787158, 41.6600272 ], [ -0.8785627, 41.6599011 ], [ -0.8782398, 41.659643 ], [ -0.8780587, 41.6594943 ], [ -0.8780569, 41.6594939 ], [ -0.878056, 41.6594923 ], [ -0.8779118, 41.6594631 ], [ -0.877447, 41.6593692 ], [ -0.8775319, 41.6597793 ], [ -0.8775486, 41.659877 ], [ -0.8775407, 41.6598756 ], [ -0.8774739, 41.6598638 ], [ -0.8771688, 41.65981 ], [ -0.8765006, 41.6596921 ], [ -0.8760999, 41.6596214 ], [ -0.8758334, 41.6595742 ], [ -0.8757246, 41.6593966 ], [ -0.8756142, 41.6592164 ], [ -0.8755588, 41.6591258 ], [ -0.8754546, 41.6589559 ], [ -0.8754407, 41.658979 ], [ -0.8754387, 41.6589914 ], [ -0.8754369, 41.6589884 ], [ -0.8752018, 41.6595301 ], [ -0.875129, 41.6596981 ], [ -0.875096, 41.6597361 ], [ -0.874941, 41.6599275 ], [ -0.8748992, 41.6599712 ], [ -0.8749039, 41.6599728 ], [ -0.8748888, 41.6599941 ], [ -0.8747934, 41.6601283 ], [ -0.8747329, 41.6602139 ], [ -0.8747312, 41.6602163 ], [ -0.874875, 41.6602653 ], [ -0.8749975, 41.6603081 ], [ -0.875171, 41.660359 ], [ -0.8754263, 41.6604341 ], [ -0.8757028, 41.6605152 ], [ -0.8758842, 41.6605683 ], [ -0.8760427, 41.6606148 ], [ -0.8761254, 41.6606385 ], [ -0.8761091, 41.6606764 ] ] ] } },
{ "type": "Feature", "properties": { "CCAA": "02 - Aragón", "PROVINCIA": "50 - Zaragoza", "MUNICIPIO": "50297 - Zaragoza", "COD_MUNICIPIO": "50297", "DISTRITO": "07", "SECCION": "5029707017", "V1_H": 81.47, "V1_M": 86.8, "V2_H": 81.3148143, "V2_M": 86.48589846, "V3_H": 81.69126572, "V3_M": 87.1320201 }, "geometry": { "type": "Polygon", "coordinates": [ [ [ -0.8987317, 41.6667964 ], [ -0.9019354, 41.6673636 ], [ -0.9027917, 41.6672074 ], [ -0.9068468, 41.6664676 ], [ -0.9116407, 41.6645555 ], [ -0.917244, 41.6643193 ], [ -0.9203248, 41.6651191 ], [ -0.9209855, 41.6664334 ], [ -0.9225093, 41.666072 ], [ -0.9226724, 41.6665183 ], [ -0.9226997, 41.6668652 ], [ -0.9226935, 41.6670575 ], [ -0.9234122, 41.6666568 ], [ -0.923577, 41.6665844 ], [ -0.9225333, 41.6656546 ], [ -0.9216328, 41.6649262 ], [ -0.9202719, 41.664151 ], [ -0.9190316, 41.6637105 ], [ -0.9183114, 41.6633705 ], [ -0.9092202, 41.6597674 ], [ -0.9086501, 41.6596133 ], [ -0.9081189, 41.660631 ], [ -0.9074971, 41.6610517 ], [ -0.9073517, 41.6613306 ], [ -0.9071004, 41.6617621 ], [ -0.9065406, 41.6627237 ], [ -0.9057203, 41.6624551 ], [ -0.9054771, 41.6623754 ], [ -0.9053603, 41.6623372 ], [ -0.904128, 41.6619335 ], [ -0.9037518, 41.6618159 ], [ -0.9037545, 41.6618111 ], [ -0.9036953, 41.6617918 ], [ -0.9033598, 41.6616818 ], [ -0.9028903, 41.661528 ], [ -0.9027624, 41.6614861 ], [ -0.9024701, 41.6613904 ], [ -0.9024535, 41.6614144 ], [ -0.9023581, 41.6616773 ], [ -0.9022346, 41.662011 ], [ -0.902466, 41.662086 ], [ -0.9028119, 41.6621982 ], [ -0.9031045, 41.6622956 ], [ -0.9032631, 41.6623474 ], [ -0.9034982, 41.6624243 ], [ -0.9035472, 41.6624427 ], [ -0.9034225, 41.6626633 ], [ -0.9031032, 41.663228 ], [ -0.9029448, 41.6631888 ], [ -0.902884, 41.6632952 ], [ -0.9026604, 41.6636868 ], [ -0.9024576, 41.6640419 ], [ -0.9022628, 41.6640234 ], [ -0.9016029, 41.6639601 ], [ -0.9011114, 41.6639129 ], [ -0.90066, 41.6638696 ], [ -0.9006258, 41.6638663 ], [ -0.9006104, 41.6638642 ], [ -0.9005361, 41.6638575 ], [ -0.9004779, 41.663846 ], [ -0.9001846, 41.6645607 ], [ -0.899534, 41.6659067 ], [ -0.8987317, 41.6667964 ] ] ] } },
{ "type": "Feature", "properties": { "CCAA": "02 - Aragón", "PROVINCIA": "50 - Zaragoza", "MUNICIPIO": "50297 - Zaragoza", "COD_MUNICIPIO": "50297", "DISTRITO": "08", "SECCION": "5029708014", "V1_H": 80.27, "V1_M": 86.36, "V2_H": 80.04050342, "V2_M": 86.25745667, "V3_H": 80.55487256000001, "V3_M": 86.64917866 }, "geometry": { "type": "Polygon", "coordinates": [ [ [ -0.9383632, 41.643698 ], [ -0.9383678, 41.6436986 ], [ -0.938874, 41.6435333 ], [ -0.9393545, 41.6433763 ], [ -0.9396603, 41.6432764 ], [ -0.9402337, 41.6430891 ], [ -0.9410675, 41.6428168 ], [ -0.9417985, 41.6425775 ], [ -0.9420977, 41.6424795 ], [ -0.9427835, 41.642255 ], [ -0.9435783, 41.6420011 ], [ -0.9441066, 41.6418369 ], [ -0.9443524, 41.6417721 ], [ -0.9445131, 41.6417297 ], [ -0.9447101, 41.6416774 ], [ -0.9468358, 41.6410613 ], [ -0.9468587, 41.6410539 ], [ -0.9446432, 41.640946 ], [ -0.9432715, 41.6407882 ], [ -0.9423354, 41.6404199 ], [ -0.9404411, 41.6392847 ], [ -0.9393729, 41.6384132 ], [ -0.9383082, 41.6374642 ], [ -0.9376839, 41.6371507 ], [ -0.9362448, 41.6364282 ], [ -0.9355235, 41.636066 ], [ -0.9349287, 41.6356851 ], [ -0.9349108, 41.6357131 ], [ -0.9349091, 41.6357119 ], [ -0.9348448, 41.6358162 ], [ -0.9347638, 41.6359426 ], [ -0.934673, 41.6360843 ], [ -0.934647, 41.6362138 ], [ -0.9345906, 41.6364979 ], [ -0.9345059, 41.6369239 ], [ -0.9344898, 41.6370052 ], [ -0.9344715, 41.6370971 ], [ -0.9343729, 41.6375933 ], [ -0.9342678, 41.6381218 ], [ -0.9342307, 41.6383076 ], [ -0.9343072, 41.6383163 ], [ -0.9341753, 41.6384566 ], [ -0.9340125, 41.6386278 ], [ -0.9338651, 41.6387829 ], [ -0.9337818, 41.6388707 ], [ -0.9336211, 41.6390397 ], [ -0.9335186, 41.6391474 ], [ -0.933147, 41.6395406 ], [ -0.9329811, 41.6397169 ], [ -0.9328383, 41.6398686 ], [ -0.9328278, 41.6398252 ], [ -0.932609, 41.6398062 ], [ -0.93251, 41.6397976 ], [ -0.9324717, 41.6397402 ], [ -0.9323603, 41.6397103 ], [ -0.9323479, 41.6397074 ], [ -0.9322908, 41.63977 ], [ -0.9320969, 41.640163 ], [ -0.9322369, 41.6402149 ], [ -0.9324675, 41.6402979 ], [ -0.9326469, 41.6403632 ], [ -0.9328072, 41.6404215 ], [ -0.9329522, 41.6404742 ], [ -0.9332231, 41.6405728 ], [ -0.9332563, 41.6405849 ], [ -0.933296, 41.6405989 ], [ -0.933566, 41.6406777 ], [ -0.9336718, 41.640695 ], [ -0.93372, 41.6406986 ], [ -0.9337932, 41.6407042 ], [ -0.9338413, 41.6406995 ], [ -0.9340163, 41.640681 ], [ -0.9342767, 41.6406537 ], [ -0.9344953, 41.6406468 ], [ -0.934762, 41.6406394 ], [ -0.9348535, 41.640632 ], [ -0.9350997, 41.6406114 ], [ -0.9352172, 41.6405969 ], [ -0.9355868, 41.6405503 ], [ -0.9358227, 41.6405417 ], [ -0.9359782, 41.640579 ], [ -0.9360795, 41.6406276 ], [ -0.9361274, 41.6406492 ], [ -0.9361928, 41.6407353 ], [ -0.9361995, 41.6407721 ], [ -0.936217, 41.6408681 ], [ -0.936027, 41.6412122 ], [ -0.9361909, 41.6412976 ], [ -0.9363967, 41.6413225 ], [ -0.9365321, 41.6413241 ], [ -0.9365499, 41.6413451 ], [ -0.93658, 41.6414595 ], [ -0.9366054, 41.6415439 ], [ -0.9366552, 41.6416747 ], [ -0.9367776, 41.6418995 ], [ -0.9368483, 41.6420309 ], [ -0.9368976, 41.6421183 ], [ -0.9369401, 41.6421726 ], [ -0.9369633, 41.6422022 ], [ -0.9371177, 41.6423823 ], [ -0.9372052, 41.6424823 ], [ -0.9372743, 41.6425955 ], [ -0.9373178, 41.6426724 ], [ -0.9373464, 41.6427423 ], [ -0.9374287, 41.6428843 ], [ -0.9374641, 41.6429375 ], [ -0.9374835, 41.6429633 ], [ -0.9375826, 41.6430771 ], [ -0.9377759, 41.6432944 ], [ -0.9379014, 41.6434326 ], [ -0.9379834, 41.6435071 ], [ -0.9380107, 41.6435432 ], [ -0.9380528, 41.643583 ], [ -0.9380794, 41.6435924 ], [ -0.9382038, 41.6436422 ], [ -0.9382935, 41.6436824 ], [ -0.9383175, 41.6436921 ], [ -0.9383632, 41.643698 ] ] ] } },
{ "type": "Feature", "properties": { "CCAA": "02 - Aragón", "PROVINCIA": "50 - Zaragoza", "MUNICIPIO": "50297 - Zaragoza", "COD_MUNICIPIO": "50297", "DISTRITO": "08", "SECCION": "5029708015", "V1_H": 82.08, "V1_M": 87.23, "V2_H": 81.77226367, "V2_M": 87.02227373, "V3_H": 82.52263661000001, "V3_M": 87.52638345 }, "geometry": { "type": "Polygon", "coordinates": [ [ [ -0.9179934, 41.6451219 ], [ -0.918293, 41.6458808 ], [ -0.9188372, 41.6457427 ], [ -0.9193378, 41.6454811 ], [ -0.9193374, 41.64548 ], [ -0.9192774, 41.6453309 ], [ -0.9194276, 41.6450126 ], [ -0.919319, 41.6447413 ], [ -0.9193348, 41.6446871 ], [ -0.9196611, 41.6446126 ], [ -0.9197682, 41.6435884 ], [ -0.9197412, 41.6435428 ], [ -0.9196335, 41.6433604 ], [ -0.9195534, 41.6433212 ], [ -0.9195673, 41.643158 ], [ -0.9195558, 41.6431606 ], [ -0.9195106, 41.6431717 ], [ -0.9191368, 41.6432631 ], [ -0.9190135, 41.6432932 ], [ -0.9187942, 41.6433458 ], [ -0.9186415, 41.6433843 ], [ -0.9183315, 41.64346 ], [ -0.9180972, 41.6435173 ], [ -0.9178344, 41.6435815 ], [ -0.9178629, 41.6436533 ], [ -0.9179637, 41.6439156 ], [ -0.9180379, 41.6441087 ], [ -0.9180802, 41.6442189 ], [ -0.9180999, 41.6443052 ], [ -0.918117, 41.6443806 ], [ -0.9182064, 41.6447744 ], [ -0.9182986, 41.6450538 ], [ -0.9179934, 41.6451219 ] ] ] } },
{ "type": "Feature", "properties": { "CCAA": "02 - Aragón", "PROVINCIA": "50 - Zaragoza", "MUNICIPIO": "50297 - Zaragoza", "COD_MUNICIPIO": "50297", "DISTRITO": "09", "SECCION": "5029709004", "V1_H": 80.11, "V1_M": 85.95, "V2_H": 80.1609953, "V2_M": 86.03869322, "V3_H": 80.32004483, "V3_M": 85.9872989 }, "geometry": { "type": "Polygon", "coordinates": [ [ [ -0.8843324, 41.63091 ], [ -0.8843366, 41.6309303 ], [ -0.8843507, 41.631016 ], [ -0.8843769, 41.6311224 ], [ -0.8844667, 41.6314822 ], [ -0.8844972, 41.6315985 ], [ -0.8845373, 41.6317312 ], [ -0.8845693, 41.6318025 ], [ -0.8846657, 41.6319377 ], [ -0.8847543, 41.632052 ], [ -0.8848128, 41.6321278 ], [ -0.8848346, 41.6321836 ], [ -0.8848279, 41.6322511 ], [ -0.8847929, 41.6323157 ], [ -0.8849962, 41.6323191 ], [ -0.8852123, 41.6323415 ], [ -0.885325, 41.6318455 ], [ -0.8853723, 41.6316631 ], [ -0.8855216, 41.631089 ], [ -0.8856891, 41.630502 ], [ -0.8858163, 41.6300615 ], [ -0.8859009, 41.629768 ], [ -0.8859411, 41.6296226 ], [ -0.8859332, 41.6296211 ], [ -0.885704, 41.6295855 ], [ -0.8854621, 41.629548 ], [ -0.8853684, 41.6295335 ], [ -0.8850216, 41.6294797 ], [ -0.8846154, 41.6294167 ], [ -0.8843947, 41.6293829 ], [ -0.8842652, 41.6293638 ], [ -0.8841545, 41.6293468 ], [ -0.8841641, 41.6293872 ], [ -0.8841656, 41.6293962 ], [ -0.8841748, 41.6294533 ], [ -0.8841913, 41.6295553 ], [ -0.8841999, 41.6295708 ], [ -0.8842424, 41.6296466 ], [ -0.8842521, 41.6297451 ], [ -0.8842593, 41.6298126 ], [ -0.8842623, 41.6298569 ], [ -0.8842781, 41.6300896 ], [ -0.8842868, 41.6302066 ], [ -0.8842927, 41.6302842 ], [ -0.8843009, 41.6304015 ], [ -0.8843118, 41.6305633 ], [ -0.8843212, 41.6307229 ], [ -0.8843294, 41.6308542 ], [ -0.8843324, 41.63091 ] ] ] } },
{ "type": "Feature", "properties": { "CCAA": "02 - Aragón", "PROVINCIA": "50 - Zaragoza", "MUNICIPIO": "50297 - Zaragoza", "COD_MUNICIPIO": "50297", "DISTRITO": "09", "SECCION": "5029709007", "V1_H": 80.11, "V1_M": 85.95, "V2_H": 80.1609953, "V2_M": 86.03869322, "V3_H": 80.32004483, "V3_M": 85.9872989 }, "geometry": { "type": "Polygon", "coordinates": [ [ [ -0.8887537, 41.6325278 ], [ -0.8890482, 41.6325716 ], [ -0.8897101, 41.6326638 ], [ -0.8904768, 41.6327771 ], [ -0.8906717, 41.632804 ], [ -0.8907054, 41.6324187 ], [ -0.8907382, 41.6320432 ], [ -0.8909453, 41.6320832 ], [ -0.8916678, 41.6322115 ], [ -0.8916549, 41.6321197 ], [ -0.8916569, 41.6319692 ], [ -0.8916871, 41.6318021 ], [ -0.8917278, 41.6316696 ], [ -0.8917448, 41.631619 ], [ -0.8918037, 41.6314439 ], [ -0.8918682, 41.6312524 ], [ -0.8919003, 41.6311532 ], [ -0.8911439, 41.6310846 ], [ -0.8908401, 41.6310461 ], [ -0.8908742, 41.6309758 ], [ -0.8909054, 41.6308817 ], [ -0.8910839, 41.6303446 ], [ -0.890123, 41.6307636 ], [ -0.8900495, 41.6307957 ], [ -0.8901631, 41.6309336 ], [ -0.8900209, 41.6313015 ], [ -0.889976, 41.6314172 ], [ -0.8898855, 41.6316508 ], [ -0.8898511, 41.6317393 ], [ -0.8898038, 41.6318615 ], [ -0.8896696, 41.6318382 ], [ -0.8896481, 41.6319652 ], [ -0.8894707, 41.6319562 ], [ -0.8891153, 41.63192 ], [ -0.8889091, 41.6318956 ], [ -0.8888413, 41.6321752 ], [ -0.8887537, 41.6325278 ] ] ] } },
{ "type": "Feature", "properties": { "CCAA": "02 - Aragón", "PROVINCIA": "50 - Zaragoza", "MUNICIPIO": "50297 - Zaragoza", "COD_MUNICIPIO": "50297", "DISTRITO": "09", "SECCION": "5029709022", "V1_H": 80.24, "V1_M": 86.29, "V2_H": 79.84273941, "V2_M": 86.47368807, "V3_H": 80.7355329, "V3_M": 86.23078999000001 }, "geometry": { "type": "Polygon", "coordinates": [ [ [ -0.8748885, 41.6250548 ], [ -0.8750418, 41.6250906 ], [ -0.8753795, 41.6255612 ], [ -0.8754124, 41.6256087 ], [ -0.8756684, 41.6259304 ], [ -0.8759103, 41.6261219 ], [ -0.8759818, 41.6261712 ], [ -0.8763424, 41.6264198 ], [ -0.8768295, 41.6266497 ], [ -0.8768381, 41.62664 ], [ -0.8769468, 41.6265171 ], [ -0.8770361, 41.6264161 ], [ -0.8771307, 41.6263092 ], [ -0.8771552, 41.6262785 ], [ -0.8773171, 41.6260634 ], [ -0.8774586, 41.6258752 ], [ -0.8775934, 41.625684 ], [ -0.8776367, 41.625624 ], [ -0.8777393, 41.6255688 ], [ -0.8780082, 41.6251131 ], [ -0.8780072, 41.6247789 ], [ -0.8779, 41.624781 ], [ -0.8773346, 41.6247938 ], [ -0.8769202, 41.6248031 ], [ -0.876776, 41.6248064 ], [ -0.8765675, 41.6248111 ], [ -0.8763389, 41.6248163 ], [ -0.8760955, 41.6248217 ], [ -0.8758971, 41.6248262 ], [ -0.8753189, 41.6248985 ], [ -0.8751086, 41.6249574 ], [ -0.8748918, 41.6250528 ], [ -0.8748877, 41.6250547 ], [ -0.8748885, 41.6250548 ] ] ] } },
{ "type": "Feature", "properties": { "CCAA": "02 - Aragón", "PROVINCIA": "50 - Zaragoza", "MUNICIPIO": "50297 - Zaragoza", "COD_MUNICIPIO": "50297", "DISTRITO": "09", "SECCION": "5029709023", "V1_H": 80.23, "V1_M": 86.04, "V2_H": 80.01377171, "V2_M": 86.1814847, "V3_H": 80.55154758, "V3_M": 86.06989916000001 }, "geometry": { "type": "Polygon", "coordinates": [ [ [ -0.8792171, 41.6259716 ], [ -0.8792435, 41.6259738 ], [ -0.8794238, 41.625983 ], [ -0.879579, 41.6259914 ], [ -0.8800342, 41.626016 ], [ -0.8802342, 41.6260268 ], [ -0.8804772, 41.62604 ], [ -0.8804948, 41.6260825 ], [ -0.8805125, 41.6261689 ], [ -0.8805428, 41.6263164 ], [ -0.880563, 41.6264084 ], [ -0.8807297, 41.6264166 ], [ -0.8812632, 41.626444 ], [ -0.8815641, 41.6264595 ], [ -0.8818907, 41.6264763 ], [ -0.8819244, 41.6264781 ], [ -0.8818489, 41.626121 ], [ -0.8825255, 41.6261465 ], [ -0.8827785, 41.6261555 ], [ -0.8831232, 41.6261564 ], [ -0.8830585, 41.6260607 ], [ -0.8825431, 41.6256078 ], [ -0.8817602, 41.6249194 ], [ -0.8816151, 41.6248327 ], [ -0.8815613, 41.6248064 ], [ -0.8815205, 41.6247863 ], [ -0.881519, 41.6247833 ], [ -0.8814072, 41.6247222 ], [ -0.8809711, 41.6242662 ], [ -0.8807304, 41.624052 ], [ -0.8805175, 41.6239576 ], [ -0.8800896, 41.6238353 ], [ -0.8795176, 41.6236532 ], [ -0.8785861, 41.6233929 ], [ -0.8783254, 41.6232929 ], [ -0.8782899, 41.6232852 ], [ -0.8782885, 41.6232787 ], [ -0.8782011, 41.6228787 ], [ -0.8781845, 41.6227887 ], [ -0.8779112, 41.6228555 ], [ -0.8776506, 41.6228837 ], [ -0.8769597, 41.6228588 ], [ -0.8769301, 41.622797 ], [ -0.8767879, 41.6227479 ], [ -0.8770441, 41.622344 ], [ -0.8770817, 41.6219491 ], [ -0.8764943, 41.6217645 ], [ -0.8759191, 41.6224175 ], [ -0.875931, 41.6225879 ], [ -0.8759394, 41.6227082 ], [ -0.8759489, 41.6228439 ], [ -0.8760018, 41.6231117 ], [ -0.8760191, 41.6231987 ], [ -0.8760773, 41.6234929 ], [ -0.8761035, 41.6236258 ], [ -0.8761587, 41.6239053 ], [ -0.8763228, 41.624735 ], [ -0.8763389, 41.6248163 ], [ -0.8765675, 41.6248111 ], [ -0.876776, 41.6248064 ], [ -0.8769202, 41.6248031 ], [ -0.8773346, 41.6247938 ], [ -0.8779, 41.624781 ], [ -0.8780072, 41.6247789 ], [ -0.8780082, 41.6251131 ], [ -0.8780082, 41.6251133 ], [ -0.8780452, 41.6251252 ], [ -0.8782919, 41.6252028 ], [ -0.878548, 41.6252836 ], [ -0.8786864, 41.6253576 ], [ -0.8788626, 41.625415 ], [ -0.8790194, 41.6254655 ], [ -0.8791557, 41.6255094 ], [ -0.8792694, 41.6255681 ], [ -0.8792153, 41.6259441 ], [ -0.8792171, 41.6259716 ] ] ] } },
{ "type": "Feature", "properties": { "CCAA": "02 - Aragón", "PROVINCIA": "50 - Zaragoza", "MUNICIPIO": "50297 - Zaragoza", "COD_MUNICIPIO": "50297", "DISTRITO": "10", "SECCION": "5029710029", "V1_H": 79.92, "V1_M": 85.8, "V2_H": 79.90391364, "V2_M": 85.68196434, "V3_H": 80.09820982, "V3_M": 86.14356104 }, "geometry": { "type": "Polygon", "coordinates": [ [ [ -0.8559139, 41.6620546 ], [ -0.8560826, 41.6622869 ], [ -0.8563733, 41.6626873 ], [ -0.8566786, 41.6631077 ], [ -0.8567314, 41.6631806 ], [ -0.856946, 41.6634937 ], [ -0.8572647, 41.6639588 ], [ -0.8575883, 41.6644311 ], [ -0.8581115, 41.6642238 ], [ -0.8597276, 41.663538 ], [ -0.8596255, 41.663395 ], [ -0.8594957, 41.6632131 ], [ -0.8592112, 41.6628158 ], [ -0.8593885, 41.6627408 ], [ -0.8596139, 41.6626477 ], [ -0.8595076, 41.6625068 ], [ -0.8593795, 41.6623371 ], [ -0.8593299, 41.6622713 ], [ -0.8591751, 41.6620661 ], [ -0.8591052, 41.662093 ], [ -0.8590107, 41.6619607 ], [ -0.8588496, 41.6617447 ], [ -0.8587511, 41.6616175 ], [ -0.8587377, 41.661567 ], [ -0.8587175, 41.6614896 ], [ -0.8587078, 41.6614571 ], [ -0.857338, 41.6617486 ], [ -0.8571523, 41.6617875 ], [ -0.8563515, 41.6619403 ], [ -0.8563484, 41.6619409 ], [ -0.8562589, 41.6619445 ], [ -0.8560734, 41.6619702 ], [ -0.8559139, 41.6620546 ] ] ] } },
{ "type": "Feature", "properties": { "CCAA": "02 - Aragón", "PROVINCIA": "50 - Zaragoza", "MUNICIPIO": "50297 - Zaragoza", "COD_MUNICIPIO": "50297", "DISTRITO": "10", "SECCION": "5029710032", "V1_H": 80.21, "V1_M": 86.17, "V2_H": 80.05188782, "V2_M": 86.17746221, "V3_H": 80.45086201, "V3_M": 86.3559927 }, "geometry": { "type": "Polygon", "coordinates": [ [ [ -0.842088, 41.6709145 ], [ -0.842442, 41.6709211 ], [ -0.8424501, 41.6709715 ], [ -0.842555, 41.6709782 ], [ -0.8425663, 41.6710297 ], [ -0.8429031, 41.6710218 ], [ -0.8434794, 41.6710158 ], [ -0.8438124, 41.6709657 ], [ -0.8443864, 41.6707698 ], [ -0.8444985, 41.6707254 ], [ -0.8450896, 41.6704763 ], [ -0.846017, 41.6700855 ], [ -0.8466094, 41.6698372 ], [ -0.8478094, 41.6693326 ], [ -0.8484386, 41.6690755 ], [ -0.8492683, 41.6687324 ], [ -0.8497663, 41.6685223 ], [ -0.8513713, 41.6678451 ], [ -0.8519527, 41.6675997 ], [ -0.8523296, 41.6674407 ], [ -0.853002, 41.667157 ], [ -0.8539773, 41.6667454 ], [ -0.8551027, 41.6662705 ], [ -0.8557221, 41.6660091 ], [ -0.8558639, 41.6659492 ], [ -0.8554185, 41.6653334 ], [ -0.8550723, 41.6648691 ], [ -0.8550033, 41.6647764 ], [ -0.8547183, 41.6643696 ], [ -0.855284, 41.6641541 ], [ -0.8550893, 41.6638702 ], [ -0.8544694, 41.6629658 ], [ -0.8544647, 41.662958 ], [ -0.8547063, 41.6628365 ], [ -0.8548584, 41.6626582 ], [ -0.8548306, 41.6625386 ], [ -0.854796, 41.6623798 ], [ -0.8542214, 41.6625469 ], [ -0.8535935, 41.6627576 ], [ -0.8529039, 41.6631456 ], [ -0.8522993, 41.6632155 ], [ -0.8514706, 41.6635096 ], [ -0.848679, 41.6624325 ], [ -0.8461043, 41.66411 ], [ -0.8448626, 41.6654581 ], [ -0.8437456, 41.664972 ], [ -0.8437427, 41.6649773 ], [ -0.8434102, 41.6648502 ], [ -0.8427353, 41.665886 ], [ -0.842187, 41.6670768 ], [ -0.8418643, 41.668367 ], [ -0.8418051, 41.6693763 ], [ -0.8418604, 41.669783 ], [ -0.8418724, 41.6698714 ], [ -0.8418411, 41.6700058 ], [ -0.8418311, 41.6701203 ], [ -0.842088, 41.6709145 ] ] ] } },
{ "type": "Feature", "properties": { "CCAA": "02 - Aragón", "PROVINCIA": "50 - Zaragoza", "MUNICIPIO": "50297 - Zaragoza", "COD_MUNICIPIO": "50297", "DISTRITO": "08", "SECCION": "5029708012", "V1_H": 80.06, "V1_M": 86.12, "V2_H": 80.10460866, "V2_M": 86.20761786, "V3_H": 80.17898723, "V3_M": 86.18020212 }, "geometry": { "type": "Polygon", "coordinates": [ [ [ -0.9209567, 41.6485773 ], [ -0.920994, 41.6486834 ], [ -0.9210629, 41.648878 ], [ -0.9210973, 41.648973 ], [ -0.9211825, 41.6491694 ], [ -0.921281, 41.6493288 ], [ -0.9213413, 41.6493627 ], [ -0.9218271, 41.6493247 ], [ -0.9218836, 41.6497141 ], [ -0.9218977, 41.6498066 ], [ -0.9219063, 41.6498541 ], [ -0.9219173, 41.6498699 ], [ -0.9221759, 41.6501156 ], [ -0.9223418, 41.6502723 ], [ -0.9224419, 41.6503669 ], [ -0.9227147, 41.6506215 ], [ -0.9227761, 41.6506809 ], [ -0.9227891, 41.6506781 ], [ -0.9228389, 41.6506594 ], [ -0.9229286, 41.6506395 ], [ -0.9229498, 41.6506353 ], [ -0.9233309, 41.6505779 ], [ -0.9234952, 41.6505532 ], [ -0.9237094, 41.6505208 ], [ -0.9236548, 41.6503076 ], [ -0.9236194, 41.6501758 ], [ -0.9235871, 41.6500605 ], [ -0.9235634, 41.6500212 ], [ -0.9234877, 41.6499574 ], [ -0.9227281, 41.6498604 ], [ -0.9226826, 41.6498545 ], [ -0.9226975, 41.6497885 ], [ -0.9227773, 41.6494332 ], [ -0.9227869, 41.6493907 ], [ -0.92284, 41.6493949 ], [ -0.9233692, 41.649406 ], [ -0.9234775, 41.6494034 ], [ -0.9235883, 41.6494009 ], [ -0.9239787, 41.6493908 ], [ -0.9242319, 41.6493879 ], [ -0.9242316, 41.6493841 ], [ -0.9242289, 41.6492872 ], [ -0.9242106, 41.6486165 ], [ -0.9241821, 41.6475758 ], [ -0.9241748, 41.6473082 ], [ -0.9242671, 41.6471248 ], [ -0.9242426, 41.6464989 ], [ -0.9242243, 41.6460334 ], [ -0.9242197, 41.6459362 ], [ -0.9240164, 41.6461092 ], [ -0.9239079, 41.6462015 ], [ -0.9239054, 41.646206 ], [ -0.9238898, 41.6462197 ], [ -0.9238106, 41.6462896 ], [ -0.9237502, 41.6463429 ], [ -0.9236552, 41.6464267 ], [ -0.9235696, 41.6465023 ], [ -0.9235123, 41.6465529 ], [ -0.9234435, 41.6466136 ], [ -0.9233806, 41.6466689 ], [ -0.9233216, 41.6467207 ], [ -0.9232125, 41.6468166 ], [ -0.9230948, 41.64692 ], [ -0.9230098, 41.6469947 ], [ -0.9229306, 41.6470645 ], [ -0.9228158, 41.6471657 ], [ -0.9227611, 41.6472141 ], [ -0.9226773, 41.6472879 ], [ -0.9225987, 41.6473573 ], [ -0.9225246, 41.6474226 ], [ -0.922475, 41.6474675 ], [ -0.9223782, 41.6475573 ], [ -0.9221807, 41.6477404 ], [ -0.9221489, 41.6477699 ], [ -0.9220522, 41.6478595 ], [ -0.9220288, 41.6478796 ], [ -0.9218561, 41.6480224 ], [ -0.9218024, 41.6480669 ], [ -0.9217093, 41.6481407 ], [ -0.9216482, 41.6481837 ], [ -0.9215865, 41.6482248 ], [ -0.9215029, 41.6482776 ], [ -0.9213776, 41.6483527 ], [ -0.9212701, 41.6484145 ], [ -0.9212296, 41.6484364 ], [ -0.9211389, 41.6484838 ], [ -0.9210777, 41.6485153 ], [ -0.9209743, 41.6485683 ], [ -0.9209567, 41.6485773 ] ] ] } },
{ "type": "Feature", "properties": { "CCAA": "02 - Aragón", "PROVINCIA": "50 - Zaragoza", "MUNICIPIO": "50297 - Zaragoza", "COD_MUNICIPIO": "50297", "DISTRITO": "08", "SECCION": "5029708013", "V1_H": 80.34, "V1_M": 85.99, "V2_H": 80.22806877, "V2_M": 85.94669411, "V3_H": 80.64200885, "V3_M": 86.09540763 }, "geometry": { "type": "Polygon", "coordinates": [ [ [ -0.9323479, 41.6397074 ], [ -0.9323603, 41.6397103 ], [ -0.9324717, 41.6397402 ], [ -0.93251, 41.6397976 ], [ -0.932609, 41.6398062 ], [ -0.9328278, 41.6398252 ], [ -0.9328383, 41.6398686 ], [ -0.9329811, 41.6397169 ], [ -0.933147, 41.6395406 ], [ -0.9335186, 41.6391474 ], [ -0.9336211, 41.6390397 ], [ -0.9337818, 41.6388707 ], [ -0.9338651, 41.6387829 ], [ -0.9340125, 41.6386278 ], [ -0.9341753, 41.6384566 ], [ -0.9343072, 41.6383163 ], [ -0.9342307, 41.6383076 ], [ -0.9342678, 41.6381218 ], [ -0.9343729, 41.6375933 ], [ -0.9344715, 41.6370971 ], [ -0.9344898, 41.6370052 ], [ -0.9310173, 41.6366382 ], [ -0.9309506, 41.6366582 ], [ -0.9308725, 41.6370325 ], [ -0.9307248, 41.6378094 ], [ -0.9306735, 41.6378924 ], [ -0.9307139, 41.6379084 ], [ -0.9306776, 41.6381097 ], [ -0.9306124, 41.6384699 ], [ -0.9305574, 41.6387746 ], [ -0.930735, 41.6387958 ], [ -0.9310372, 41.6388313 ], [ -0.9315911, 41.6388963 ], [ -0.931577, 41.63898 ], [ -0.9315494, 41.6391421 ], [ -0.9314492, 41.639393 ], [ -0.9317108, 41.6394844 ], [ -0.9318845, 41.6395451 ], [ -0.9321366, 41.6396332 ], [ -0.9322089, 41.6396584 ], [ -0.9323013, 41.6396907 ], [ -0.9323354, 41.6397026 ], [ -0.9323479, 41.6397074 ] ] ] } },
{ "type": "Feature", "properties": { "CCAA": "02 - Aragón", "PROVINCIA": "50 - Zaragoza", "MUNICIPIO": "50297 - Zaragoza", "COD_MUNICIPIO": "50297", "DISTRITO": "09", "SECCION": "5029709005", "V1_H": 79.78, "V1_M": 85.67, "V2_H": 79.78305357000001, "V2_M": 85.83721796, "V3_H": 80.07461692, "V3_M": 85.64972132 }, "geometry": { "type": "Polygon", "coordinates": [ [ [ -0.8851842, 41.632479 ], [ -0.8852605, 41.6324879 ], [ -0.8855278, 41.6325221 ], [ -0.8866451, 41.6326611 ], [ -0.8869717, 41.6327018 ], [ -0.8869836, 41.632703 ], [ -0.8869896, 41.632684 ], [ -0.8871046, 41.6322852 ], [ -0.8870848, 41.6322826 ], [ -0.8869624, 41.6322669 ], [ -0.8863854, 41.6321259 ], [ -0.8854353, 41.6318936 ], [ -0.8855083, 41.6318271 ], [ -0.885706, 41.6316509 ], [ -0.8863484, 41.6315742 ], [ -0.8864018, 41.6315734 ], [ -0.886216, 41.6313899 ], [ -0.8863008, 41.631279 ], [ -0.8863697, 41.6311889 ], [ -0.8866046, 41.6308818 ], [ -0.8866098, 41.6308755 ], [ -0.8867247, 41.6307364 ], [ -0.8868195, 41.6306216 ], [ -0.8872711, 41.6299955 ], [ -0.8871682, 41.6299777 ], [ -0.8868252, 41.6299209 ], [ -0.8863792, 41.6298472 ], [ -0.8864985, 41.6294285 ], [ -0.8865443, 41.6292599 ], [ -0.8860701, 41.6291823 ], [ -0.8859982, 41.6294168 ], [ -0.8859412, 41.6296223 ], [ -0.8859411, 41.6296226 ], [ -0.8859009, 41.629768 ], [ -0.8858163, 41.6300615 ], [ -0.8856891, 41.630502 ], [ -0.8855216, 41.631089 ], [ -0.8853723, 41.6316631 ], [ -0.885325, 41.6318455 ], [ -0.8852123, 41.6323415 ], [ -0.885203, 41.6323825 ], [ -0.8851843, 41.6324788 ], [ -0.8851842, 41.632479 ] ] ] } },
{ "type": "Feature", "properties": { "CCAA": "02 - Aragón", "PROVINCIA": "50 - Zaragoza", "MUNICIPIO": "50297 - Zaragoza", "COD_MUNICIPIO": "50297", "DISTRITO": "09", "SECCION": "5029709006", "V1_H": 80.06, "V1_M": 86.12, "V2_H": 80.10460866, "V2_M": 86.20761786, "V3_H": 80.17898723, "V3_M": 86.18020212 }, "geometry": { "type": "Polygon", "coordinates": [ [ [ -0.8871046, 41.6322852 ], [ -0.8875908, 41.6323562 ], [ -0.8883251, 41.6324646 ], [ -0.8887537, 41.6325278 ], [ -0.8888413, 41.6321752 ], [ -0.8889091, 41.6318956 ], [ -0.888959, 41.6316903 ], [ -0.888855, 41.631729 ], [ -0.8880797, 41.6316284 ], [ -0.8881925, 41.6311581 ], [ -0.88833, 41.6310596 ], [ -0.8884747, 41.6309536 ], [ -0.888512, 41.6308874 ], [ -0.888514, 41.6308839 ], [ -0.8885309, 41.6308734 ], [ -0.8885342, 41.6308705 ], [ -0.8884579, 41.6308657 ], [ -0.8883253, 41.6308639 ], [ -0.887802, 41.6308673 ], [ -0.8873172, 41.6308704 ], [ -0.886845, 41.6308735 ], [ -0.8866706, 41.6308746 ], [ -0.8866098, 41.6308755 ], [ -0.8866046, 41.6308818 ], [ -0.8863697, 41.6311889 ], [ -0.8863008, 41.631279 ], [ -0.886216, 41.6313899 ], [ -0.8864018, 41.6315734 ], [ -0.8863484, 41.6315742 ], [ -0.885706, 41.6316509 ], [ -0.8855083, 41.6318271 ], [ -0.8854353, 41.6318936 ], [ -0.8863854, 41.6321259 ], [ -0.8869624, 41.6322669 ], [ -0.8870848, 41.6322826 ], [ -0.8871046, 41.6322852 ] ] ] } },
{ "type": "Feature", "properties": { "CCAA": "02 - Aragón", "PROVINCIA": "50 - Zaragoza", "MUNICIPIO": "50297 - Zaragoza", "COD_MUNICIPIO": "50297", "DISTRITO": "09", "SECCION": "5029709024", "V1_H": 80.55, "V1_M": 86.21, "V2_H": 80.25181467, "V2_M": 85.94546636, "V3_H": 81.01047082, "V3_M": 86.65561049 }, "geometry": { "type": "Polygon", "coordinates": [ [ [ -0.8732737, 41.6239156 ], [ -0.8744124, 41.6237681 ], [ -0.8749255, 41.6237464 ], [ -0.8748396, 41.6240457 ], [ -0.8761587, 41.6239053 ], [ -0.8761035, 41.6236258 ], [ -0.8760773, 41.6234929 ], [ -0.8760191, 41.6231987 ], [ -0.8760018, 41.6231117 ], [ -0.8759489, 41.6228439 ], [ -0.8759394, 41.6227082 ], [ -0.8751187, 41.6226605 ], [ -0.8739156, 41.6230292 ], [ -0.8730814, 41.6234246 ], [ -0.8732967, 41.6236898 ], [ -0.8733117, 41.6237513 ], [ -0.8733091, 41.6238322 ], [ -0.8732737, 41.6239156 ] ] ] } },
{ "type": "Feature", "properties": { "CCAA": "02 - Aragón", "PROVINCIA": "50 - Zaragoza", "MUNICIPIO": "50297 - Zaragoza", "COD_MUNICIPIO": "50297", "DISTRITO": "09", "SECCION": "5029709025", "V1_H": 81.02, "V1_M": 86.64, "V2_H": 80.81080237, "V2_M": 86.47452022, "V3_H": 81.32513937, "V3_M": 86.89244175 }, "geometry": { "type": "Polygon", "coordinates": [ [ [ -0.8825825, 41.6331738 ], [ -0.8837261, 41.6333465 ], [ -0.8839044, 41.6333778 ], [ -0.8843652, 41.6334376 ], [ -0.8849761, 41.6335253 ], [ -0.8850169, 41.6333261 ], [ -0.8850878, 41.6329776 ], [ -0.8851754, 41.6325246 ], [ -0.8851817, 41.6324919 ], [ -0.8851842, 41.632479 ], [ -0.8851843, 41.6324788 ], [ -0.885203, 41.6323825 ], [ -0.8852123, 41.6323415 ], [ -0.8849962, 41.6323191 ], [ -0.8847929, 41.6323157 ], [ -0.8848279, 41.6322511 ], [ -0.8848346, 41.6321836 ], [ -0.8848128, 41.6321278 ], [ -0.8847543, 41.632052 ], [ -0.8846657, 41.6319377 ], [ -0.8845693, 41.6318025 ], [ -0.8845373, 41.6317312 ], [ -0.8844972, 41.6315985 ], [ -0.8844667, 41.6314822 ], [ -0.8843769, 41.6311224 ], [ -0.8843507, 41.631016 ], [ -0.8843366, 41.6309303 ], [ -0.8843324, 41.63091 ], [ -0.8835771, 41.6309201 ], [ -0.8829377, 41.6309285 ], [ -0.8825029, 41.6309316 ], [ -0.8825225, 41.6316044 ], [ -0.8825274, 41.6317684 ], [ -0.8825414, 41.6320836 ], [ -0.8825476, 41.6322218 ], [ -0.8825825, 41.6331738 ] ] ] } },
{ "type": "Feature", "properties": { "CCAA": "02 - Aragón", "PROVINCIA": "50 - Zaragoza", "MUNICIPIO": "50297 - Zaragoza", "COD_MUNICIPIO": "50297", "DISTRITO": "10", "SECCION": "5029710011", "V1_H": 80.54, "V1_M": 86.2, "V2_H": 80.39552864, "V2_M": 86.0597654, "V3_H": 80.75568151, "V3_M": 86.47868922000001 }, "geometry": { "type": "Polygon", "coordinates": [ [ [ -0.8746096, 41.674364 ], [ -0.8749011, 41.6743715 ], [ -0.8749455, 41.6723973 ], [ -0.8749349, 41.6706698 ], [ -0.8749256, 41.670665 ], [ -0.8745136, 41.67069 ], [ -0.8742421, 41.6707072 ], [ -0.8738725, 41.670729 ], [ -0.8737153, 41.6707386 ], [ -0.8728968, 41.6706088 ], [ -0.8728752, 41.6706054 ], [ -0.8728249, 41.6705974 ], [ -0.8728231, 41.670597 ], [ -0.8728215, 41.6706514 ], [ -0.8728168, 41.6707871 ], [ -0.8728036, 41.6711679 ], [ -0.872787, 41.6716505 ], [ -0.8727755, 41.6719299 ], [ -0.8725061, 41.6719237 ], [ -0.8721383, 41.6719164 ], [ -0.8714406, 41.6719026 ], [ -0.8713038, 41.6719001 ], [ -0.8713032, 41.671926 ], [ -0.8712891, 41.6725579 ], [ -0.871288, 41.6726062 ], [ -0.8715042, 41.6726118 ], [ -0.8720438, 41.6726218 ], [ -0.8720461, 41.6726218 ], [ -0.8720632, 41.6726226 ], [ -0.872142, 41.6726236 ], [ -0.8725403, 41.672631 ], [ -0.872622, 41.6726325 ], [ -0.8727531, 41.6726338 ], [ -0.8727524, 41.6726548 ], [ -0.8727416, 41.6729689 ], [ -0.872733, 41.6732534 ], [ -0.8727273, 41.6734504 ], [ -0.8731636, 41.6734546 ], [ -0.8740648, 41.6734788 ], [ -0.8743559, 41.6734644 ], [ -0.874393, 41.6735842 ], [ -0.8744462, 41.6738099 ], [ -0.8745308, 41.6741696 ], [ -0.8745904, 41.6743173 ], [ -0.8746096, 41.674364 ] ] ] } },
{ "type": "Feature", "properties": { "CCAA": "02 - Aragón", "PROVINCIA": "50 - Zaragoza", "MUNICIPIO": "50297 - Zaragoza", "COD_MUNICIPIO": "50297", "DISTRITO": "10", "SECCION": "5029710012", "V1_H": 80.8, "V1_M": 86.5, "V2_H": 80.66727015, "V2_M": 86.4570773, "V3_H": 81.13875257, "V3_M": 86.68010657000001 }, "geometry": { "type": "Polygon", "coordinates": [ [ [ -0.8801071, 41.6667221 ], [ -0.8802449, 41.6667255 ], [ -0.8809563, 41.6667129 ], [ -0.8813237, 41.6667062 ], [ -0.8821156, 41.6666266 ], [ -0.8822108, 41.6666167 ], [ -0.8823848, 41.6665897 ], [ -0.8827316, 41.6665359 ], [ -0.8833767, 41.6663844 ], [ -0.88351, 41.6663529 ], [ -0.8835609, 41.6663387 ], [ -0.8836861, 41.6663016 ], [ -0.884078, 41.6661854 ], [ -0.8843327, 41.6661096 ], [ -0.8847598, 41.665936 ], [ -0.8849093, 41.6658752 ], [ -0.8852122, 41.6657521 ], [ -0.8852797, 41.6657246 ], [ -0.8851601, 41.6655957 ], [ -0.8850225, 41.6654478 ], [ -0.8849585, 41.6653811 ], [ -0.8848427, 41.6652621 ], [ -0.8846097, 41.6650229 ], [ -0.8845693, 41.6649815 ], [ -0.8841173, 41.6645173 ], [ -0.8840302, 41.6644279 ], [ -0.8838576, 41.6642226 ], [ -0.8836702, 41.6643456 ], [ -0.8834587, 41.6644844 ], [ -0.8828916, 41.6648566 ], [ -0.8823524, 41.6652106 ], [ -0.8820773, 41.6653924 ], [ -0.8818235, 41.6655699 ], [ -0.8816283, 41.6657064 ], [ -0.8810558, 41.6661068 ], [ -0.8801133, 41.6666447 ], [ -0.8801071, 41.6667221 ] ] ] } },
{ "type": "Feature", "properties": { "CCAA": "02 - Aragón", "PROVINCIA": "50 - Zaragoza", "MUNICIPIO": "50297 - Zaragoza", "COD_MUNICIPIO": "50297", "DISTRITO": "10", "SECCION": "5029710015", "V1_H": 79.83, "V1_M": 85.66, "V2_H": 79.86201885, "V2_M": 85.75249, "V3_H": 79.86616026, "V3_M": 85.80070523000001 }, "geometry": { "type": "Polygon", "coordinates": [ [ [ -0.8711302, 41.6774348 ], [ -0.8721019, 41.6775679 ], [ -0.8721515, 41.6775697 ], [ -0.8721748, 41.6769169 ], [ -0.8721975, 41.6762955 ], [ -0.8722174, 41.6756925 ], [ -0.8722278, 41.6755083 ], [ -0.8713233, 41.6754911 ], [ -0.871202, 41.6754895 ], [ -0.8711337, 41.677294 ], [ -0.8711302, 41.6774348 ] ] ] } },
{ "type": "Feature", "properties": { "CCAA": "02 - Aragón", "PROVINCIA": "50 - Zaragoza", "MUNICIPIO": "50297 - Zaragoza", "COD_MUNICIPIO": "50297", "DISTRITO": "10", "SECCION": "5029710030", "V1_H": 80.56, "V1_M": 86.09, "V2_H": 80.29410508, "V2_M": 85.89209003000001, "V3_H": 80.91212464, "V3_M": 86.35342073 }, "geometry": { "type": "Polygon", "coordinates": [ [ [ -0.854796, 41.6623798 ], [ -0.8548306, 41.6625386 ], [ -0.8548584, 41.6626582 ], [ -0.8547063, 41.6628365 ], [ -0.8544647, 41.662958 ], [ -0.8544694, 41.6629658 ], [ -0.8550893, 41.6638702 ], [ -0.855284, 41.6641541 ], [ -0.8547183, 41.6643696 ], [ -0.8550033, 41.6647764 ], [ -0.8550723, 41.6648691 ], [ -0.8554185, 41.6653334 ], [ -0.8558639, 41.6659492 ], [ -0.8563898, 41.6657273 ], [ -0.8572176, 41.6653779 ], [ -0.8580084, 41.6650442 ], [ -0.8582815, 41.664929 ], [ -0.8583762, 41.664889 ], [ -0.8585341, 41.6648223 ], [ -0.8596612, 41.6643742 ], [ -0.8601705, 41.6641587 ], [ -0.8597276, 41.663538 ], [ -0.8581115, 41.6642238 ], [ -0.8575883, 41.6644311 ], [ -0.8572647, 41.6639588 ], [ -0.856946, 41.6634937 ], [ -0.8567314, 41.6631806 ], [ -0.8566786, 41.6631077 ], [ -0.8563733, 41.6626873 ], [ -0.8560826, 41.6622869 ], [ -0.8559139, 41.6620546 ], [ -0.854796, 41.6623798 ] ] ] } },
{ "type": "Feature", "properties": { "CCAA": "02 - Aragón", "PROVINCIA": "50 - Zaragoza", "MUNICIPIO": "50297 - Zaragoza", "COD_MUNICIPIO": "50297", "DISTRITO": "10", "SECCION": "5029710031", "V1_H": 80.91, "V1_M": 86.7, "V2_H": 80.91796575, "V2_M": 86.73459974, "V3_H": 81.00259482, "V3_M": 86.81948346 }, "geometry": { "type": "Polygon", "coordinates": [ [ [ -0.8735393, 41.6636193 ], [ -0.8739294, 41.663627 ], [ -0.8743371, 41.6636351 ], [ -0.8749954, 41.6636482 ], [ -0.8753586, 41.6636553 ], [ -0.8753823, 41.6636565 ], [ -0.875385, 41.6636396 ], [ -0.875464, 41.663281 ], [ -0.8755165, 41.6630423 ], [ -0.8756536, 41.6627705 ], [ -0.8758144, 41.6624533 ], [ -0.8758246, 41.6623236 ], [ -0.8758143, 41.6622525 ], [ -0.8758055, 41.6621919 ], [ -0.8758, 41.6621542 ], [ -0.8757905, 41.662153 ], [ -0.8757906, 41.6621543 ], [ -0.8755284, 41.6622229 ], [ -0.8753397, 41.6621692 ], [ -0.8751297, 41.6621096 ], [ -0.8731499, 41.6615471 ], [ -0.8727127, 41.6623077 ], [ -0.8726896, 41.6623477 ], [ -0.8723498, 41.6629389 ], [ -0.8719764, 41.6635882 ], [ -0.8719762, 41.6635885 ], [ -0.8719932, 41.6635885 ], [ -0.8724185, 41.663597 ], [ -0.8726822, 41.6636023 ], [ -0.8728677, 41.663606 ], [ -0.8734479, 41.6636175 ], [ -0.8735393, 41.6636193 ] ] ] } },
{ "type": "Feature", "properties": { "CCAA": "02 - Aragón", "PROVINCIA": "50 - Zaragoza", "MUNICIPIO": "50297 - Zaragoza", "COD_MUNICIPIO": "50297", "DISTRITO": "10", "SECCION": "5029710048", "V1_H": 80.99, "V1_M": 86.66, "V2_H": 80.84822772, "V2_M": 86.63128417, "V3_H": 81.25601163, "V3_M": 86.83891366 }, "geometry": { "type": "Polygon", "coordinates": [ [ [ -0.881438, 41.6757683 ], [ -0.8814392, 41.6758366 ], [ -0.8814392, 41.675837 ], [ -0.8814425, 41.6760285 ], [ -0.8814567, 41.6768455 ], [ -0.8814703, 41.6776257 ], [ -0.8814836, 41.678391 ], [ -0.8814936, 41.6789687 ], [ -0.8814977, 41.6791988 ], [ -0.8815054, 41.6796412 ], [ -0.8815057, 41.6796924 ], [ -0.8825785, 41.6797007 ], [ -0.8841369, 41.679712 ], [ -0.8844318, 41.6797137 ], [ -0.8851934, 41.6797179 ], [ -0.8859922, 41.6797224 ], [ -0.8866056, 41.6797259 ], [ -0.8868146, 41.679727 ], [ -0.8872504, 41.6797295 ], [ -0.8872518, 41.6797192 ], [ -0.8872955, 41.6779233 ], [ -0.8868359, 41.6779204 ], [ -0.8868529, 41.6773941 ], [ -0.883537, 41.6773789 ], [ -0.8835347, 41.6769016 ], [ -0.8840873, 41.6769027 ], [ -0.8840977, 41.676584 ], [ -0.8836092, 41.6765699 ], [ -0.8836147, 41.6759516 ], [ -0.8832372, 41.6759515 ], [ -0.8829043, 41.6759514 ], [ -0.8824402, 41.6759512 ], [ -0.8820966, 41.6759475 ], [ -0.8816418, 41.6759338 ], [ -0.8814958, 41.6758348 ], [ -0.881438, 41.6757683 ] ] ] } },
{ "type": "Feature", "properties": { "CCAA": "02 - Aragón", "PROVINCIA": "50 - Zaragoza", "MUNICIPIO": "50297 - Zaragoza", "COD_MUNICIPIO": "50297", "DISTRITO": "10", "SECCION": "5029710049", "V1_H": 81.47, "V1_M": 86.95, "V2_H": 81.05678048, "V2_M": 86.75805168, "V3_H": 81.85108408000001, "V3_M": 87.21302779 }, "geometry": { "type": "Polygon", "coordinates": [ [ [ -0.8914046, 41.665616 ], [ -0.8918553, 41.6662483 ], [ -0.8922668, 41.666092 ], [ -0.8924509, 41.666344 ], [ -0.8931078, 41.6673288 ], [ -0.8931376, 41.6673174 ], [ -0.8933121, 41.6672504 ], [ -0.8933414, 41.6672425 ], [ -0.8933418, 41.667243 ], [ -0.8933463, 41.6672373 ], [ -0.8934994, 41.6671785 ], [ -0.8936462, 41.6671221 ], [ -0.8940616, 41.6669627 ], [ -0.8945977, 41.6667568 ], [ -0.8946675, 41.6667301 ], [ -0.8946918, 41.6667215 ], [ -0.8948282, 41.6666899 ], [ -0.8952001, 41.6665247 ], [ -0.8954012, 41.6664549 ], [ -0.895417, 41.6664494 ], [ -0.8963073, 41.66614 ], [ -0.8961971, 41.6660737 ], [ -0.8958654, 41.6657129 ], [ -0.8933339, 41.6637195 ], [ -0.8924248, 41.6630235 ], [ -0.8919663, 41.6626725 ], [ -0.8902856, 41.6613856 ], [ -0.889079, 41.6627218 ], [ -0.8889564, 41.6628576 ], [ -0.8885794, 41.6632386 ], [ -0.8882609, 41.6635604 ], [ -0.8881065, 41.6637159 ], [ -0.887699, 41.6641269 ], [ -0.887565, 41.6642508 ], [ -0.8872738, 41.6645008 ], [ -0.8866534, 41.6649699 ], [ -0.8860818, 41.6653385 ], [ -0.8859994, 41.6653787 ], [ -0.8858727, 41.6654404 ], [ -0.8853367, 41.6657014 ], [ -0.8852797, 41.6657246 ], [ -0.8859719, 41.6664695 ], [ -0.8863797, 41.6664974 ], [ -0.8866446, 41.6663719 ], [ -0.8867819, 41.6660477 ], [ -0.8870619, 41.6659371 ], [ -0.8872288, 41.6658758 ], [ -0.8882845, 41.6654882 ], [ -0.8888968, 41.665274 ], [ -0.8891031, 41.6651939 ], [ -0.889312, 41.6655037 ], [ -0.8894487, 41.6657034 ], [ -0.8898732, 41.6655476 ], [ -0.8899031, 41.6655366 ], [ -0.8899604, 41.6655156 ], [ -0.890059, 41.6654794 ], [ -0.8906513, 41.6652679 ], [ -0.8910505, 41.6651191 ], [ -0.8914046, 41.665616 ] ] ] } },
{ "type": "Feature", "properties": { "CCAA": "02 - Aragón", "PROVINCIA": "50 - Zaragoza", "MUNICIPIO": "50297 - Zaragoza", "COD_MUNICIPIO": "50297", "DISTRITO": "08", "SECCION": "5029708011", "V1_H": 80.66, "V1_M": 86.4, "V2_H": 80.5853616, "V2_M": 86.40568132, "V3_H": 80.91378542, "V3_M": 86.56441087 }, "geometry": { "type": "Polygon", "coordinates": [ [ [ -0.9230797, 41.6379238 ], [ -0.9230861, 41.6379752 ], [ -0.9230607, 41.6380288 ], [ -0.923268, 41.6390607 ], [ -0.9233708, 41.6395933 ], [ -0.9236197, 41.6415497 ], [ -0.9239033, 41.6439206 ], [ -0.9239075, 41.6462018 ], [ -0.9239079, 41.6462015 ], [ -0.9240164, 41.6461092 ], [ -0.9242197, 41.6459362 ], [ -0.9242896, 41.6458767 ], [ -0.9244478, 41.6457419 ], [ -0.9247873, 41.6455093 ], [ -0.9251241, 41.6453195 ], [ -0.9254001, 41.6451973 ], [ -0.9255567, 41.6451393 ], [ -0.9258575, 41.645062 ], [ -0.9259525, 41.6450472 ], [ -0.9259798, 41.6450377 ], [ -0.9263389, 41.6449139 ], [ -0.9265605, 41.6445858 ], [ -0.9271166, 41.6436762 ], [ -0.9272192, 41.643508 ], [ -0.9275338, 41.6430135 ], [ -0.9275618, 41.6429694 ], [ -0.9280552, 41.6421702 ], [ -0.928265, 41.6418302 ], [ -0.928464, 41.6415077 ], [ -0.9285, 41.6414495 ], [ -0.9286734, 41.6411685 ], [ -0.9288154, 41.6409385 ], [ -0.9289106, 41.6407842 ], [ -0.9291597, 41.6403805 ], [ -0.9293711, 41.6400381 ], [ -0.9294316, 41.63994 ], [ -0.9295678, 41.6395658 ], [ -0.9301055, 41.6397368 ], [ -0.9305283, 41.6398714 ], [ -0.9306403, 41.6396543 ], [ -0.9307049, 41.6396566 ], [ -0.9318315, 41.6400665 ], [ -0.9320969, 41.640163 ], [ -0.9322908, 41.63977 ], [ -0.9323479, 41.6397074 ], [ -0.9323354, 41.6397026 ], [ -0.9323013, 41.6396907 ], [ -0.9322089, 41.6396584 ], [ -0.9321366, 41.6396332 ], [ -0.9318845, 41.6395451 ], [ -0.9317108, 41.6394844 ], [ -0.9314492, 41.639393 ], [ -0.9315494, 41.6391421 ], [ -0.931577, 41.63898 ], [ -0.9315911, 41.6388963 ], [ -0.9310372, 41.6388313 ], [ -0.930735, 41.6387958 ], [ -0.9305574, 41.6387746 ], [ -0.9306124, 41.6384699 ], [ -0.9306776, 41.6381097 ], [ -0.9307139, 41.6379084 ], [ -0.9306735, 41.6378924 ], [ -0.9306696, 41.6378908 ], [ -0.9303896, 41.6378569 ], [ -0.9302023, 41.6378347 ], [ -0.9299468, 41.6378183 ], [ -0.9298219, 41.637829 ], [ -0.9297009, 41.6378433 ], [ -0.9295483, 41.6378711 ], [ -0.9294817, 41.637875 ], [ -0.9293743, 41.6378807 ], [ -0.9292365, 41.6378881 ], [ -0.9291047, 41.6378902 ], [ -0.9290101, 41.6378916 ], [ -0.928918, 41.6378928 ], [ -0.9286896, 41.6378706 ], [ -0.9284396, 41.6378463 ], [ -0.9279472, 41.6377986 ], [ -0.9278932, 41.6377934 ], [ -0.9277016, 41.6378054 ], [ -0.9275319, 41.637816 ], [ -0.9273668, 41.6378263 ], [ -0.9269649, 41.6378718 ], [ -0.9269063, 41.6378788 ], [ -0.9268045, 41.6378976 ], [ -0.9266728, 41.6379219 ], [ -0.9264969, 41.6379539 ], [ -0.9260317, 41.6380091 ], [ -0.9259529, 41.6380101 ], [ -0.9257462, 41.6380113 ], [ -0.9256023, 41.6380043 ], [ -0.9253848, 41.6379917 ], [ -0.9252366, 41.6379884 ], [ -0.9251108, 41.6379972 ], [ -0.9249617, 41.6380219 ], [ -0.9244189, 41.6381135 ], [ -0.9242719, 41.6381442 ], [ -0.9242013, 41.638159 ], [ -0.9241278, 41.6381871 ], [ -0.9240702, 41.638189 ], [ -0.923606, 41.6380913 ], [ -0.9233921, 41.6380219 ], [ -0.9231233, 41.6379353 ], [ -0.9230797, 41.6379238 ] ] ] } },
{ "type": "Feature", "properties": { "CCAA": "02 - Aragón", "PROVINCIA": "50 - Zaragoza", "MUNICIPIO": "50297 - Zaragoza", "COD_MUNICIPIO": "50297", "DISTRITO": "08", "SECCION": "5029708025", "V1_H": 82.19, "V1_M": 87.25, "V2_H": 81.84285612, "V2_M": 87.14223952, "V3_H": 82.56554756, "V3_M": 87.46692958 }, "geometry": { "type": "Polygon", "coordinates": [ [ [ -0.9242773, 41.6594707 ], [ -0.9242965, 41.659483 ], [ -0.924383, 41.6595386 ], [ -0.9244635, 41.6595904 ], [ -0.9246218, 41.6596921 ], [ -0.9248058, 41.6598104 ], [ -0.9250275, 41.6599529 ], [ -0.9251292, 41.6600182 ], [ -0.9252937, 41.6601239 ], [ -0.9257542, 41.6604199 ], [ -0.9258624, 41.6604894 ], [ -0.9259964, 41.6605756 ], [ -0.9262947, 41.6607673 ], [ -0.9263831, 41.6608241 ], [ -0.9265747, 41.6609473 ], [ -0.9270038, 41.6612233 ], [ -0.9270978, 41.6612838 ], [ -0.9272237, 41.661365 ], [ -0.9275465, 41.6615729 ], [ -0.9276463, 41.6616372 ], [ -0.9282178, 41.6620053 ], [ -0.9283409, 41.6620846 ], [ -0.9284834, 41.6621764 ], [ -0.9286209, 41.6622649 ], [ -0.9287962, 41.6623651 ], [ -0.928945, 41.6624496 ], [ -0.9292262, 41.6626088 ], [ -0.9295575, 41.662764 ], [ -0.9297358, 41.6628473 ], [ -0.9301269, 41.6630056 ], [ -0.9305751, 41.663187 ], [ -0.9307846, 41.6632718 ], [ -0.9311338, 41.6634131 ], [ -0.9315175, 41.6635685 ], [ -0.931727, 41.6636533 ], [ -0.9320066, 41.6637664 ], [ -0.9320982, 41.6638035 ], [ -0.9323234, 41.6639106 ], [ -0.9324451, 41.6639685 ], [ -0.9324452, 41.6639685 ], [ -0.9324989, 41.6639943 ], [ -0.9348841, 41.6633059 ], [ -0.9349551, 41.6594944 ], [ -0.9334561, 41.6594675 ], [ -0.93346, 41.6587479 ], [ -0.9334597, 41.6587473 ], [ -0.9332022, 41.658729 ], [ -0.9324588, 41.6586636 ], [ -0.9319243, 41.658614 ], [ -0.93159, 41.658584 ], [ -0.9305986, 41.6585089 ], [ -0.9301606, 41.6584761 ], [ -0.929508, 41.65843 ], [ -0.9295068, 41.6584299 ], [ -0.9295065, 41.6584317 ], [ -0.9292528, 41.6584177 ], [ -0.9278611, 41.6583406 ], [ -0.9274401, 41.6583683 ], [ -0.9258438, 41.6586293 ], [ -0.9249289, 41.6586581 ], [ -0.9244387, 41.6594787 ], [ -0.9243557, 41.6594405 ], [ -0.9242773, 41.6594707 ] ] ] } },
{ "type": "Feature", "properties": { "CCAA": "02 - Aragón", "PROVINCIA": "50 - Zaragoza", "MUNICIPIO": "50297 - Zaragoza", "COD_MUNICIPIO": "50297", "DISTRITO": "09", "SECCION": "5029709012", "V1_H": 80.02, "V1_M": 85.97, "V2_H": 79.96436773000001, "V2_M": 86.10256972000001, "V3_H": 80.28635595, "V3_M": 85.87857517 }, "geometry": { "type": "Polygon", "coordinates": [ [ [ -0.8882978, 41.627151 ], [ -0.8883394, 41.6271572 ], [ -0.8886514, 41.6272088 ], [ -0.8889215, 41.6272534 ], [ -0.8891598, 41.6272928 ], [ -0.8890806, 41.6275711 ], [ -0.8889511, 41.6280264 ], [ -0.8892492, 41.6280756 ], [ -0.8899659, 41.6281937 ], [ -0.8904059, 41.6282662 ], [ -0.8904505, 41.6281177 ], [ -0.8915436, 41.6283031 ], [ -0.8917678, 41.6283411 ], [ -0.8918006, 41.6283464 ], [ -0.8918268, 41.6283177 ], [ -0.8920472, 41.6280759 ], [ -0.8921429, 41.6279709 ], [ -0.8922976, 41.6278012 ], [ -0.8926537, 41.6274106 ], [ -0.8927653, 41.6270932 ], [ -0.8927661, 41.6270908 ], [ -0.892817, 41.6269445 ], [ -0.8928188, 41.6269393 ], [ -0.8928998, 41.6267066 ], [ -0.8929857, 41.6264598 ], [ -0.8931391, 41.626205 ], [ -0.8931391, 41.626205 ], [ -0.893182, 41.626137 ], [ -0.8933805, 41.6259377 ], [ -0.8936685, 41.6254618 ], [ -0.8938272, 41.6251985 ], [ -0.8940097, 41.6248955 ], [ -0.8941284, 41.6247152 ], [ -0.8941287, 41.6247148 ], [ -0.8942152, 41.6245818 ], [ -0.8942696, 41.6244845 ], [ -0.8943473, 41.6242497 ], [ -0.8943473, 41.6242495 ], [ -0.8944127, 41.6240844 ], [ -0.8944854, 41.6239268 ], [ -0.8945571, 41.6237895 ], [ -0.8946779, 41.6235628 ], [ -0.8947359, 41.6234674 ], [ -0.8947782, 41.6233977 ], [ -0.8948191, 41.6233475 ], [ -0.8949585, 41.6231956 ], [ -0.8950573, 41.6231341 ], [ -0.8950573, 41.6231341 ], [ -0.8952152, 41.6230638 ], [ -0.8949691, 41.6230929 ], [ -0.8947927, 41.6230958 ], [ -0.8946838, 41.6230976 ], [ -0.8943802, 41.6231215 ], [ -0.8943801, 41.6231215 ], [ -0.8943176, 41.6231323 ], [ -0.8941538, 41.6231606 ], [ -0.8938429, 41.6232651 ], [ -0.8936795, 41.6233397 ], [ -0.8935521, 41.6233854 ], [ -0.8935496, 41.6233864 ], [ -0.8935494, 41.6233864 ], [ -0.8934422, 41.6234134 ], [ -0.8934407, 41.6234137 ], [ -0.8932881, 41.6234516 ], [ -0.8931287, 41.6234911 ], [ -0.8930711, 41.6235055 ], [ -0.8930263, 41.6235166 ], [ -0.8928519, 41.6235942 ], [ -0.8927846, 41.6236263 ], [ -0.8926847, 41.6236814 ], [ -0.8925121, 41.6237654 ], [ -0.8924004, 41.6237866 ], [ -0.8923581, 41.623791 ], [ -0.8919408, 41.6238349 ], [ -0.89192, 41.6238371 ], [ -0.8917654, 41.6238534 ], [ -0.8909919, 41.623935 ], [ -0.8905194, 41.6239848 ], [ -0.8895149, 41.6240908 ], [ -0.8893442, 41.6241088 ], [ -0.8891416, 41.6241301 ], [ -0.8890287, 41.6242264 ], [ -0.8888843, 41.6245624 ], [ -0.8887646, 41.6248415 ], [ -0.8887308, 41.6249638 ], [ -0.8887231, 41.6249917 ], [ -0.8885526, 41.6256085 ], [ -0.8885459, 41.6256327 ], [ -0.8885439, 41.6256398 ], [ -0.8885264, 41.6257034 ], [ -0.8885413, 41.625722 ], [ -0.8885573, 41.6257421 ], [ -0.8885619, 41.6257478 ], [ -0.888701, 41.6259205 ], [ -0.8885768, 41.6263452 ], [ -0.8885498, 41.6264343 ], [ -0.8885497, 41.6264345 ], [ -0.8885465, 41.6264437 ], [ -0.8885144, 41.6265349 ], [ -0.8884764, 41.6266431 ], [ -0.8882978, 41.627151 ] ] ] } },
{ "type": "Feature", "properties": { "CCAA": "02 - Aragón", "PROVINCIA": "50 - Zaragoza", "MUNICIPIO": "50297 - Zaragoza", "COD_MUNICIPIO": "50297", "DISTRITO": "09", "SECCION": "5029709019", "V1_H": 79.86, "V1_M": 85.62, "V2_H": 79.74592797, "V2_M": 85.80311169, "V3_H": 80.14073418, "V3_M": 85.57864485 }, "geometry": { "type": "Polygon", "coordinates": [ [ [ -0.8793706, 41.6272138 ], [ -0.8793844, 41.6272143 ], [ -0.8795022, 41.6272189 ], [ -0.8796621, 41.6272251 ], [ -0.8797437, 41.6272275 ], [ -0.8798631, 41.6272225 ], [ -0.8800067, 41.6272283 ], [ -0.8801789, 41.6272365 ], [ -0.8803217, 41.6272559 ], [ -0.8803559, 41.6272606 ], [ -0.8805945, 41.6272782 ], [ -0.8806157, 41.6272588 ], [ -0.8807816, 41.6271066 ], [ -0.8808094, 41.6271523 ], [ -0.8808414, 41.6272037 ], [ -0.8809152, 41.6272886 ], [ -0.8816301, 41.6273274 ], [ -0.8822952, 41.6273632 ], [ -0.8826747, 41.6273836 ], [ -0.8831496, 41.6274091 ], [ -0.8832906, 41.6274167 ], [ -0.883452, 41.6274256 ], [ -0.8836033, 41.6274501 ], [ -0.8834881, 41.6271894 ], [ -0.8834562, 41.6271183 ], [ -0.8834016, 41.6269967 ], [ -0.8832471, 41.6269826 ], [ -0.8824995, 41.626942 ], [ -0.8820171, 41.6269158 ], [ -0.8819244, 41.6264781 ], [ -0.8818907, 41.6264763 ], [ -0.8815641, 41.6264595 ], [ -0.8812632, 41.626444 ], [ -0.8807297, 41.6264166 ], [ -0.880563, 41.6264084 ], [ -0.8805428, 41.6263164 ], [ -0.8805125, 41.6261689 ], [ -0.8804948, 41.6260825 ], [ -0.8804772, 41.62604 ], [ -0.8802342, 41.6260268 ], [ -0.8800342, 41.626016 ], [ -0.879579, 41.6259914 ], [ -0.8794238, 41.625983 ], [ -0.8792435, 41.6259738 ], [ -0.8792171, 41.6259716 ], [ -0.8792425, 41.6263504 ], [ -0.8792685, 41.6267372 ], [ -0.879279, 41.626816 ], [ -0.8792916, 41.6269119 ], [ -0.8793302, 41.6270567 ], [ -0.8793706, 41.6272138 ] ] ] } },
{ "type": "Feature", "properties": { "CCAA": "02 - Aragón", "PROVINCIA": "50 - Zaragoza", "MUNICIPIO": "50297 - Zaragoza", "COD_MUNICIPIO": "50297", "DISTRITO": "09", "SECCION": "5029709026", "V1_H": 80.65, "V1_M": 86.42, "V2_H": 80.32339709, "V2_M": 86.16224497, "V3_H": 80.9318118, "V3_M": 86.73476557 }, "geometry": { "type": "Polygon", "coordinates": [ [ [ -0.8726361, 41.6286266 ], [ -0.8726487, 41.6286347 ], [ -0.872793, 41.6287505 ], [ -0.8728115, 41.6287713 ], [ -0.872895, 41.6288656 ], [ -0.8730139, 41.629109 ], [ -0.8730444, 41.6291776 ], [ -0.8730854, 41.6293094 ], [ -0.8731844, 41.6295661 ], [ -0.8732408, 41.6297361 ], [ -0.8733124, 41.6298874 ], [ -0.8734104, 41.6300637 ], [ -0.873494, 41.6301555 ], [ -0.8735671, 41.6302157 ], [ -0.8737202, 41.6302885 ], [ -0.8738075, 41.6303215 ], [ -0.8742432, 41.6304482 ], [ -0.8745558, 41.630539 ], [ -0.8750847, 41.6307021 ], [ -0.8752412, 41.6307504 ], [ -0.8754786, 41.6308201 ], [ -0.8756462, 41.6308388 ], [ -0.8758142, 41.6308419 ], [ -0.8759748, 41.6308176 ], [ -0.8761137, 41.6307694 ], [ -0.876376, 41.630644 ], [ -0.8766762, 41.6305002 ], [ -0.8768218, 41.6304336 ], [ -0.8769046, 41.6303957 ], [ -0.8771247, 41.630295 ], [ -0.8777752, 41.6299846 ], [ -0.8779766, 41.6299104 ], [ -0.8783284, 41.6297843 ], [ -0.8785356, 41.6297063 ], [ -0.8785383, 41.6297057 ], [ -0.878525, 41.6296755 ], [ -0.8784051, 41.6294585 ], [ -0.8783054, 41.6293031 ], [ -0.8782183, 41.629166 ], [ -0.8781146, 41.6290021 ], [ -0.8779671, 41.6287692 ], [ -0.8778859, 41.6286443 ], [ -0.8778525, 41.6285904 ], [ -0.8778111, 41.6285175 ], [ -0.8777902, 41.6284319 ], [ -0.8777806, 41.6283312 ], [ -0.8777849, 41.6283072 ], [ -0.8775344, 41.628413 ], [ -0.8775168, 41.6284263 ], [ -0.8772765, 41.6283114 ], [ -0.8769843, 41.6281706 ], [ -0.8768272, 41.6280949 ], [ -0.8766614, 41.628015 ], [ -0.8766288, 41.6279958 ], [ -0.8763936, 41.6278574 ], [ -0.8762604, 41.6277316 ], [ -0.8763528, 41.6276198 ], [ -0.8763952, 41.6275684 ], [ -0.8766136, 41.6272115 ], [ -0.8766389, 41.6271225 ], [ -0.8767006, 41.6269093 ], [ -0.876798, 41.6266853 ], [ -0.8768209, 41.6266595 ], [ -0.8768295, 41.6266497 ], [ -0.8763424, 41.6264198 ], [ -0.8759818, 41.6261712 ], [ -0.8759103, 41.6261219 ], [ -0.8756684, 41.6259304 ], [ -0.8754124, 41.6256087 ], [ -0.8753795, 41.6255612 ], [ -0.8750418, 41.6250906 ], [ -0.8748885, 41.6250548 ], [ -0.8748792, 41.6250604 ], [ -0.874868, 41.6250633 ], [ -0.874848, 41.6250724 ], [ -0.8747422, 41.6251445 ], [ -0.8746026, 41.6252396 ], [ -0.8744586, 41.6253378 ], [ -0.8743581, 41.6254063 ], [ -0.8742172, 41.6255037 ], [ -0.8743927, 41.6257608 ], [ -0.8744638, 41.6258656 ], [ -0.8747054, 41.626221 ], [ -0.8748029, 41.6263518 ], [ -0.8749339, 41.626531 ], [ -0.8748155, 41.6265868 ], [ -0.8746016, 41.6266842 ], [ -0.8744112, 41.6267718 ], [ -0.8741946, 41.6268714 ], [ -0.8739899, 41.6269655 ], [ -0.8738527, 41.6270286 ], [ -0.8738278, 41.6270375 ], [ -0.8739147, 41.6271458 ], [ -0.8739776, 41.6272242 ], [ -0.8740483, 41.6273122 ], [ -0.8740968, 41.6273714 ], [ -0.8741813, 41.6274623 ], [ -0.8738844, 41.627618 ], [ -0.8737455, 41.6276908 ], [ -0.8731361, 41.6280102 ], [ -0.8729508, 41.6281074 ], [ -0.8731643, 41.6283454 ], [ -0.8730867, 41.6283849 ], [ -0.8729771, 41.6284406 ], [ -0.8728523, 41.6285087 ], [ -0.8726921, 41.6285965 ], [ -0.8726361, 41.6286266 ] ] ] } },
{ "type": "Feature", "properties": { "CCAA": "02 - Aragón", "PROVINCIA": "50 - Zaragoza", "MUNICIPIO": "50297 - Zaragoza", "COD_MUNICIPIO": "50297", "DISTRITO": "10", "SECCION": "5029710010", "V1_H": 79.47, "V1_M": 85.31, "V2_H": 79.34656828, "V2_M": 85.44731594, "V3_H": 79.76976452, "V3_M": 85.31663719 }, "geometry": { "type": "Polygon", "coordinates": [ [ [ -0.8728231, 41.670597 ], [ -0.8728249, 41.6705974 ], [ -0.8728752, 41.6706054 ], [ -0.8728968, 41.6706088 ], [ -0.8737153, 41.6707386 ], [ -0.8738725, 41.670729 ], [ -0.8742421, 41.6707072 ], [ -0.8745136, 41.67069 ], [ -0.8749256, 41.670665 ], [ -0.8749349, 41.6706698 ], [ -0.8749381, 41.6706697 ], [ -0.875163, 41.6706575 ], [ -0.8751944, 41.6693846 ], [ -0.8751756, 41.6693514 ], [ -0.8751757, 41.6693486 ], [ -0.8751808, 41.6691961 ], [ -0.8751917, 41.6688627 ], [ -0.8751935, 41.668809 ], [ -0.8752034, 41.6685088 ], [ -0.8752049, 41.6684614 ], [ -0.8752085, 41.6683186 ], [ -0.8750452, 41.6683155 ], [ -0.8748776, 41.6683123 ], [ -0.8747544, 41.66831 ], [ -0.8747503, 41.6683099 ], [ -0.874732, 41.6683096 ], [ -0.8744459, 41.668303 ], [ -0.8744612, 41.6681839 ], [ -0.8744923, 41.6679426 ], [ -0.8744958, 41.6678878 ], [ -0.8744946, 41.6676438 ], [ -0.874491, 41.6676437 ], [ -0.8744945, 41.6673745 ], [ -0.873786, 41.6673614 ], [ -0.8737871, 41.6673419 ], [ -0.8737979, 41.6670125 ], [ -0.8738099, 41.6666449 ], [ -0.8738119, 41.6665731 ], [ -0.8737548, 41.6665723 ], [ -0.873446, 41.6665672 ], [ -0.8734429, 41.6665672 ], [ -0.8732362, 41.6665634 ], [ -0.8726567, 41.6665518 ], [ -0.8714239, 41.6665272 ], [ -0.871404, 41.6674246 ], [ -0.8713859, 41.6682306 ], [ -0.8713535, 41.6696753 ], [ -0.8713406, 41.6702574 ], [ -0.8713514, 41.6702604 ], [ -0.8715037, 41.6702954 ], [ -0.8721961, 41.6704537 ], [ -0.8723363, 41.6704858 ], [ -0.8728231, 41.670597 ] ] ] } },
{ "type": "Feature", "properties": { "CCAA": "02 - Aragón", "PROVINCIA": "50 - Zaragoza", "MUNICIPIO": "50297 - Zaragoza", "COD_MUNICIPIO": "50297", "DISTRITO": "10", "SECCION": "5029710017", "V1_H": 80.02, "V1_M": 85.97, "V2_H": 79.96436773000001, "V2_M": 86.10256972000001, "V3_H": 80.28635595, "V3_M": 85.87857517 }, "geometry": { "type": "Polygon", "coordinates": [ [ [ -0.8713038, 41.6719001 ], [ -0.8714406, 41.6719026 ], [ -0.8721383, 41.6719164 ], [ -0.8725061, 41.6719237 ], [ -0.8727755, 41.6719299 ], [ -0.872787, 41.6716505 ], [ -0.8728036, 41.6711679 ], [ -0.8728168, 41.6707871 ], [ -0.8728215, 41.6706514 ], [ -0.8728231, 41.670597 ], [ -0.8723363, 41.6704858 ], [ -0.8721961, 41.6704537 ], [ -0.8715037, 41.6702954 ], [ -0.8713514, 41.6702604 ], [ -0.8713406, 41.6702574 ], [ -0.8713406, 41.6702581 ], [ -0.8713038, 41.6719001 ] ] ] } },
{ "type": "Feature", "properties": { "CCAA": "02 - Aragón", "PROVINCIA": "50 - Zaragoza", "MUNICIPIO": "50297 - Zaragoza", "COD_MUNICIPIO": "50297", "DISTRITO": "10", "SECCION": "5029710025", "V1_H": 80.34, "V1_M": 85.99, "V2_H": 80.22806877, "V2_M": 85.94669411, "V3_H": 80.64200885, "V3_M": 86.09540763 }, "geometry": { "type": "Polygon", "coordinates": [ [ [ -0.8631321, 41.6619791 ], [ -0.8633272, 41.6622305 ], [ -0.8636835, 41.6626726 ], [ -0.8650007, 41.6621189 ], [ -0.8650095, 41.6621152 ], [ -0.8649889, 41.6620865 ], [ -0.8649104, 41.6619841 ], [ -0.864726, 41.6617436 ], [ -0.8646487, 41.6616428 ], [ -0.8644757, 41.6614173 ], [ -0.8633384, 41.6618914 ], [ -0.8631321, 41.6619791 ] ] ] } },
{ "type": "Feature", "properties": { "CCAA": "02 - Aragón", "PROVINCIA": "50 - Zaragoza", "MUNICIPIO": "50297 - Zaragoza", "COD_MUNICIPIO": "50297", "DISTRITO": "10", "SECCION": "5029710036", "V1_H": 80.02, "V1_M": 85.97, "V2_H": 79.96436773000001, "V2_M": 86.10256972000001, "V3_H": 80.28635595, "V3_M": 85.87857517 }, "geometry": { "type": "Polygon", "coordinates": [ [ [ -0.8731499, 41.6615471 ], [ -0.8751297, 41.6621096 ], [ -0.8753397, 41.6621692 ], [ -0.8755284, 41.6622229 ], [ -0.8757906, 41.6621543 ], [ -0.8757905, 41.662153 ], [ -0.8758, 41.6621542 ], [ -0.8757946, 41.6621176 ], [ -0.8757915, 41.662096 ], [ -0.8757618, 41.6618926 ], [ -0.8757435, 41.6617671 ], [ -0.8757593, 41.6616062 ], [ -0.8757695, 41.6615154 ], [ -0.8757646, 41.6614986 ], [ -0.8753674, 41.6613707 ], [ -0.8735252, 41.6607775 ], [ -0.8733786, 41.6611325 ], [ -0.8732661, 41.6613372 ], [ -0.8731499, 41.6615471 ] ] ] } },
{ "type": "Feature", "properties": { "CCAA": "02 - Aragón", "PROVINCIA": "50 - Zaragoza", "MUNICIPIO": "50297 - Zaragoza", "COD_MUNICIPIO": "50297", "DISTRITO": "10", "SECCION": "5029710043", "V1_H": 81.13, "V1_M": 86.76, "V2_H": 80.8252038, "V2_M": 86.73512652, "V3_H": 81.48774648, "V3_M": 86.92091474 }, "geometry": { "type": "Polygon", "coordinates": [ [ [ -0.8801701, 41.6701189 ], [ -0.8802016, 41.6703566 ], [ -0.8802845, 41.671345 ], [ -0.8803803, 41.672094 ], [ -0.8803951, 41.6722098 ], [ -0.8803574, 41.6725534 ], [ -0.8803207, 41.6728789 ], [ -0.8803156, 41.6730276 ], [ -0.88092, 41.6730308 ], [ -0.8810079, 41.6730314 ], [ -0.8839574, 41.6730484 ], [ -0.8839604, 41.672953 ], [ -0.8839628, 41.6727554 ], [ -0.8839697, 41.67238 ], [ -0.8839796, 41.6720223 ], [ -0.8839811, 41.6719759 ], [ -0.8841385, 41.6719775 ], [ -0.8844589, 41.6719785 ], [ -0.8851402, 41.6719808 ], [ -0.8856317, 41.6719685 ], [ -0.8859433, 41.6719697 ], [ -0.8865456, 41.6719685 ], [ -0.8868239, 41.6719671 ], [ -0.8871455, 41.6719668 ], [ -0.887843, 41.6719709 ], [ -0.8884596, 41.6719919 ], [ -0.8884628, 41.6718136 ], [ -0.8884681, 41.6714809 ], [ -0.8884681, 41.6714799 ], [ -0.8884696, 41.6713826 ], [ -0.8884733, 41.6711484 ], [ -0.8884745, 41.6710607 ], [ -0.8882852, 41.6710549 ], [ -0.8881368, 41.6710503 ], [ -0.887813, 41.6710403 ], [ -0.8876157, 41.6710342 ], [ -0.8872443, 41.6710227 ], [ -0.8870689, 41.6710173 ], [ -0.886691, 41.6710056 ], [ -0.8865989, 41.6710028 ], [ -0.8861969, 41.6709903 ], [ -0.886184, 41.6709899 ], [ -0.8861624, 41.6709886 ], [ -0.8861609, 41.6711249 ], [ -0.8861587, 41.6714674 ], [ -0.88587, 41.671465 ], [ -0.8852785, 41.6714595 ], [ -0.8845747, 41.6714529 ], [ -0.8840541, 41.6714481 ], [ -0.8839514, 41.6714454 ], [ -0.8839442, 41.6713636 ], [ -0.8835509, 41.6713267 ], [ -0.8835524, 41.6711369 ], [ -0.8835535, 41.670992 ], [ -0.8835532, 41.6708032 ], [ -0.8831072, 41.6708009 ], [ -0.882804, 41.6707993 ], [ -0.8828061, 41.6706359 ], [ -0.8828122, 41.6701731 ], [ -0.8828131, 41.6701128 ], [ -0.8824196, 41.6701109 ], [ -0.8810845, 41.6701035 ], [ -0.8808396, 41.6701022 ], [ -0.8801701, 41.6701189 ] ] ] } },
{ "type": "Feature", "properties": { "CCAA": "02 - Aragón", "PROVINCIA": "50 - Zaragoza", "MUNICIPIO": "50297 - Zaragoza", "COD_MUNICIPIO": "50297", "DISTRITO": "10", "SECCION": "5029710050", "V1_H": 81.04, "V1_M": 86.55, "V2_H": 80.90626992, "V2_M": 86.32523903000001, "V3_H": 81.22678782, "V3_M": 86.81274177 }, "geometry": { "type": "Polygon", "coordinates": [ [ [ -0.8918746, 41.6701474 ], [ -0.8918807, 41.6701451 ], [ -0.8921101, 41.6700583 ], [ -0.8931103, 41.6696793 ], [ -0.8942511, 41.6692471 ], [ -0.8943491, 41.6691808 ], [ -0.8960375, 41.6716937 ], [ -0.8960929, 41.6720033 ], [ -0.8967701, 41.6718821 ], [ -0.897268, 41.6717929 ], [ -0.8974655, 41.6717268 ], [ -0.8976842, 41.6708899 ], [ -0.8975455, 41.6700729 ], [ -0.8975784, 41.6697902 ], [ -0.8971755, 41.66911 ], [ -0.8969769, 41.6686813 ], [ -0.896837, 41.6678997 ], [ -0.8966482, 41.6671703 ], [ -0.8963749, 41.6668642 ], [ -0.895417, 41.6664494 ], [ -0.8954012, 41.6664549 ], [ -0.8952001, 41.6665247 ], [ -0.8948282, 41.6666899 ], [ -0.8946918, 41.6667215 ], [ -0.8946675, 41.6667301 ], [ -0.8945977, 41.6667568 ], [ -0.8940616, 41.6669627 ], [ -0.8936462, 41.6671221 ], [ -0.8934994, 41.6671785 ], [ -0.8933463, 41.6672373 ], [ -0.8933418, 41.667243 ], [ -0.893572, 41.6676241 ], [ -0.8937064, 41.6678465 ], [ -0.8938533, 41.6680799 ], [ -0.893311, 41.6682848 ], [ -0.8924912, 41.6685934 ], [ -0.8922201, 41.6686954 ], [ -0.8910854, 41.6691208 ], [ -0.8912457, 41.6693581 ], [ -0.8915116, 41.669759 ], [ -0.8917472, 41.6701179 ], [ -0.8917898, 41.6701795 ], [ -0.8918746, 41.6701474 ] ] ] } },
{ "type": "Feature", "properties": { "CCAA": "02 - Aragón", "PROVINCIA": "50 - Zaragoza", "MUNICIPIO": "50297 - Zaragoza", "COD_MUNICIPIO": "50297", "DISTRITO": "07", "SECCION": "5029707006", "V1_H": 80.01, "V1_M": 85.96, "V2_H": 79.87654463, "V2_M": 85.8497366, "V3_H": 80.24882261, "V3_M": 86.17409879 }, "geometry": { "type": "Polygon", "coordinates": [ [ [ -0.9000397, 41.6608413 ], [ -0.901623, 41.6611554 ], [ -0.9016602, 41.6610591 ], [ -0.9017128, 41.6609727 ], [ -0.9022107, 41.6603329 ], [ -0.9023918, 41.6601006 ], [ -0.9025532, 41.6598931 ], [ -0.9009596, 41.6593381 ], [ -0.9006816, 41.6597923 ], [ -0.9002794, 41.6604495 ], [ -0.9000397, 41.6608413 ] ] ] } },
{ "type": "Feature", "properties": { "CCAA": "02 - Aragón", "PROVINCIA": "50 - Zaragoza", "MUNICIPIO": "50297 - Zaragoza", "COD_MUNICIPIO": "50297", "DISTRITO": "08", "SECCION": "5029708007", "V1_H": 79.68, "V1_M": 85.47, "V2_H": 79.93758061, "V2_M": 85.65037312, "V3_H": 79.53414521000001, "V3_M": 85.4025844 }, "geometry": { "type": "Polygon", "coordinates": [ [ [ -0.9317301, 41.6565743 ], [ -0.9338757, 41.656854 ], [ -0.9338906, 41.6568092 ], [ -0.9344041, 41.6552724 ], [ -0.9344478, 41.6547083 ], [ -0.9344263, 41.6541718 ], [ -0.9329504, 41.6542575 ], [ -0.9328466, 41.6530702 ], [ -0.9328175, 41.6530525 ], [ -0.9327724, 41.6530287 ], [ -0.9327121, 41.6530004 ], [ -0.9338847, 41.6526123 ], [ -0.9332013, 41.6512641 ], [ -0.9331197, 41.6511118 ], [ -0.9321186, 41.6513614 ], [ -0.9318713, 41.651379 ], [ -0.9317886, 41.6513854 ], [ -0.9316243, 41.6514013 ], [ -0.9314509, 41.6514242 ], [ -0.9314114, 41.6514314 ], [ -0.9313739, 41.6514385 ], [ -0.9313703, 41.6514401 ], [ -0.9313579, 41.6514456 ], [ -0.9312889, 41.6514763 ], [ -0.9309489, 41.6514947 ], [ -0.930827, 41.6514962 ], [ -0.9303233, 41.651502 ], [ -0.9301513, 41.651504 ], [ -0.9300775, 41.6515059 ], [ -0.9298208, 41.6515218 ], [ -0.9295712, 41.6515425 ], [ -0.9295729, 41.6515424 ], [ -0.9295734, 41.651543 ], [ -0.9297248, 41.6516902 ], [ -0.9298507, 41.651859 ], [ -0.9298912, 41.6520684 ], [ -0.9299303, 41.652426 ], [ -0.9299324, 41.6524945 ], [ -0.9296976, 41.6524698 ], [ -0.9285165, 41.6523458 ], [ -0.9275798, 41.6522687 ], [ -0.9275735, 41.6523867 ], [ -0.9275694, 41.6525074 ], [ -0.9275632, 41.6526907 ], [ -0.9275592, 41.6528092 ], [ -0.9275421, 41.6528247 ], [ -0.9275205, 41.6528473 ], [ -0.9275151, 41.6528571 ], [ -0.9275101, 41.6528674 ], [ -0.9274883, 41.6529765 ], [ -0.9274123, 41.6533656 ], [ -0.9273268, 41.6538038 ], [ -0.9273077, 41.6539008 ], [ -0.9273601, 41.6539144 ], [ -0.927716, 41.6539818 ], [ -0.9282206, 41.6540773 ], [ -0.9284721, 41.6541235 ], [ -0.9285164, 41.654126 ], [ -0.9285651, 41.6541269 ], [ -0.9286774, 41.6541147 ], [ -0.9287077, 41.6541108 ], [ -0.9287551, 41.654109 ], [ -0.9287808, 41.6541092 ], [ -0.9288148, 41.6541177 ], [ -0.9288486, 41.6541302 ], [ -0.9288801, 41.6541438 ], [ -0.9289252, 41.6541618 ], [ -0.9289664, 41.6541767 ], [ -0.9290528, 41.6542014 ], [ -0.9291765, 41.6542386 ], [ -0.9293906, 41.6542988 ], [ -0.9295285, 41.6543366 ], [ -0.9297491, 41.6543917 ], [ -0.9297867, 41.654395 ], [ -0.9298372, 41.6544039 ], [ -0.929877, 41.6544109 ], [ -0.9299227, 41.6544194 ], [ -0.9299429, 41.6544262 ], [ -0.9300023, 41.6544736 ], [ -0.9301024, 41.6545534 ], [ -0.9301697, 41.654613 ], [ -0.9302076, 41.6546374 ], [ -0.9302201, 41.6546454 ], [ -0.9302419, 41.6546539 ], [ -0.9302593, 41.6546578 ], [ -0.9303145, 41.6546593 ], [ -0.9303538, 41.6546561 ], [ -0.9304032, 41.6546425 ], [ -0.9304712, 41.6546147 ], [ -0.930573, 41.6545732 ], [ -0.9306006, 41.6545674 ], [ -0.9306197, 41.6545653 ], [ -0.9306491, 41.6545672 ], [ -0.9308249, 41.6545875 ], [ -0.9309249, 41.6545994 ], [ -0.9309759, 41.6546053 ], [ -0.9309939, 41.6546103 ], [ -0.9310084, 41.6546224 ], [ -0.9310315, 41.6546546 ], [ -0.9311151, 41.654795 ], [ -0.9311065, 41.6548877 ], [ -0.931108, 41.6549374 ], [ -0.9311318, 41.6550055 ], [ -0.9311403, 41.6550309 ], [ -0.9311469, 41.6550572 ], [ -0.9311517, 41.6550656 ], [ -0.9311492, 41.6550659 ], [ -0.9311605, 41.6551122 ], [ -0.93115, 41.6552268 ], [ -0.931111, 41.6552815 ], [ -0.931044, 41.6553685 ], [ -0.931075, 41.6554162 ], [ -0.9310469, 41.6555799 ], [ -0.9310635, 41.6555993 ], [ -0.9315019, 41.6556959 ], [ -0.9319246, 41.6557861 ], [ -0.9318826, 41.6560024 ], [ -0.9318568, 41.6561346 ], [ -0.9318093, 41.6563045 ], [ -0.9317301, 41.6565743 ] ] ] } },
{ "type": "Feature", "properties": { "CCAA": "02 - Aragón", "PROVINCIA": "50 - Zaragoza", "MUNICIPIO": "50297 - Zaragoza", "COD_MUNICIPIO": "50297", "DISTRITO": "08", "SECCION": "5029708022", "V1_H": 81.47, "V1_M": 86.95, "V2_H": 81.05678048, "V2_M": 86.75805168, "V3_H": 81.85108408000001, "V3_M": 87.21302779 }, "geometry": { "type": "Polygon", "coordinates": [ [ [ -0.9230797, 41.6379238 ], [ -0.9231233, 41.6379353 ], [ -0.9233921, 41.6380219 ], [ -0.923606, 41.6380913 ], [ -0.9240702, 41.638189 ], [ -0.9241278, 41.6381871 ], [ -0.9242013, 41.638159 ], [ -0.9242719, 41.6381442 ], [ -0.9244189, 41.6381135 ], [ -0.9249617, 41.6380219 ], [ -0.9251108, 41.6379972 ], [ -0.9252366, 41.6379884 ], [ -0.9253848, 41.6379917 ], [ -0.9256023, 41.6380043 ], [ -0.9257462, 41.6380113 ], [ -0.9259529, 41.6380101 ], [ -0.9260317, 41.6380091 ], [ -0.9264969, 41.6379539 ], [ -0.9266728, 41.6379219 ], [ -0.9268045, 41.6378976 ], [ -0.9269063, 41.6378788 ], [ -0.9269649, 41.6378718 ], [ -0.9273668, 41.6378263 ], [ -0.9275319, 41.637816 ], [ -0.9277016, 41.6378054 ], [ -0.9278932, 41.6377934 ], [ -0.9279472, 41.6377986 ], [ -0.9284396, 41.6378463 ], [ -0.9286896, 41.6378706 ], [ -0.928918, 41.6378928 ], [ -0.9290101, 41.6378916 ], [ -0.9291047, 41.6378902 ], [ -0.9292365, 41.6378881 ], [ -0.9293743, 41.6378807 ], [ -0.9294817, 41.637875 ], [ -0.9295483, 41.6378711 ], [ -0.9297009, 41.6378433 ], [ -0.9298219, 41.637829 ], [ -0.9299468, 41.6378183 ], [ -0.9302023, 41.6378347 ], [ -0.9303896, 41.6378569 ], [ -0.9306696, 41.6378908 ], [ -0.9306735, 41.6378924 ], [ -0.9307248, 41.6378094 ], [ -0.9308725, 41.6370325 ], [ -0.9309506, 41.6366582 ], [ -0.9310173, 41.6366382 ], [ -0.9344898, 41.6370052 ], [ -0.9345059, 41.6369239 ], [ -0.9345906, 41.6364979 ], [ -0.934647, 41.6362138 ], [ -0.934673, 41.6360843 ], [ -0.9347638, 41.6359426 ], [ -0.9348448, 41.6358162 ], [ -0.9349091, 41.6357119 ], [ -0.9347639, 41.6356048 ], [ -0.9345807, 41.6354682 ], [ -0.9344945, 41.6354053 ], [ -0.9341913, 41.6351779 ], [ -0.9341708, 41.6351616 ], [ -0.9338444, 41.634841 ], [ -0.9337087, 41.6347077 ], [ -0.9333254, 41.634331 ], [ -0.9330042, 41.6340154 ], [ -0.9329859, 41.6340011 ], [ -0.9329481, 41.6339773 ], [ -0.9329283, 41.6339648 ], [ -0.9328246, 41.6339238 ], [ -0.9327087, 41.6338884 ], [ -0.9326584, 41.6338751 ], [ -0.932567, 41.633857 ], [ -0.9324886, 41.6338266 ], [ -0.9322769, 41.6337925 ], [ -0.9320742, 41.6337825 ], [ -0.9319474, 41.6338058 ], [ -0.9318982, 41.633828 ], [ -0.9316316, 41.6339206 ], [ -0.9312714, 41.6340432 ], [ -0.9310967, 41.6341085 ], [ -0.9307951, 41.6342165 ], [ -0.9304457, 41.6343275 ], [ -0.9303018, 41.6343779 ], [ -0.9297511, 41.6345729 ], [ -0.9296002, 41.6346303 ], [ -0.9290653, 41.6348153 ], [ -0.9289508, 41.6348407 ], [ -0.9288975, 41.6348462 ], [ -0.9288274, 41.6348472 ], [ -0.9287129, 41.6348488 ], [ -0.9285358, 41.6348447 ], [ -0.9281638, 41.6348232 ], [ -0.9279583, 41.6348024 ], [ -0.9276491, 41.6347705 ], [ -0.9274617, 41.6347583 ], [ -0.9272436, 41.634744 ], [ -0.9268674, 41.6347124 ], [ -0.9268015, 41.6347098 ], [ -0.9267192, 41.6347116 ], [ -0.9266748, 41.6347145 ], [ -0.9266244, 41.6347242 ], [ -0.9265712, 41.6347416 ], [ -0.9265133, 41.6347483 ], [ -0.9263141, 41.6347439 ], [ -0.9261489, 41.6347305 ], [ -0.9259822, 41.634726 ], [ -0.925881, 41.6347205 ], [ -0.9257756, 41.6347212 ], [ -0.9255165, 41.6347663 ], [ -0.9253272, 41.6347963 ], [ -0.9251058, 41.6348313 ], [ -0.92506, 41.6348412 ], [ -0.924988, 41.6348568 ], [ -0.9248088, 41.6349025 ], [ -0.9246833, 41.6349229 ], [ -0.9246367, 41.6349308 ], [ -0.9244475, 41.6349786 ], [ -0.9243593, 41.6349983 ], [ -0.9243207, 41.6350074 ], [ -0.9241805, 41.6350536 ], [ -0.9240068, 41.6351013 ], [ -0.9239265, 41.6351237 ], [ -0.9238023, 41.6351631 ], [ -0.9237596, 41.635179 ], [ -0.923759, 41.6351801 ], [ -0.9236872, 41.635317 ], [ -0.9229056, 41.6366259 ], [ -0.9230081, 41.6373476 ], [ -0.9230797, 41.6379238 ] ] ] } },
{ "type": "Feature", "properties": { "CCAA": "02 - Aragón", "PROVINCIA": "50 - Zaragoza", "MUNICIPIO": "50297 - Zaragoza", "COD_MUNICIPIO": "50297", "DISTRITO": "08", "SECCION": "5029708024", "V1_H": 81.47, "V1_M": 86.95, "V2_H": 81.05678048, "V2_M": 86.75805168, "V3_H": 81.85108408000001, "V3_M": 87.21302779 }, "geometry": { "type": "Polygon", "coordinates": [ [ [ -0.9338906, 41.6568092 ], [ -0.9342321, 41.6569052 ], [ -0.9348331, 41.6569708 ], [ -0.9360563, 41.6570065 ], [ -0.9361194, 41.6578916 ], [ -0.9362202, 41.6590636 ], [ -0.9365404, 41.6590025 ], [ -0.9367899, 41.6589734 ], [ -0.9373682, 41.6589346 ], [ -0.9374685, 41.6589222 ], [ -0.9378485, 41.6588633 ], [ -0.9380548, 41.6588325 ], [ -0.9378938, 41.6574038 ], [ -0.937806, 41.6566239 ], [ -0.9377533, 41.6561559 ], [ -0.9374212, 41.6555921 ], [ -0.9362631, 41.6539519 ], [ -0.9357167, 41.6533042 ], [ -0.9353535, 41.6527251 ], [ -0.9351193, 41.6522057 ], [ -0.9350847, 41.6515835 ], [ -0.9350258, 41.650944 ], [ -0.933972, 41.6509938 ], [ -0.9331197, 41.6511118 ], [ -0.9332013, 41.6512641 ], [ -0.9338847, 41.6526123 ], [ -0.9327121, 41.6530004 ], [ -0.9327724, 41.6530287 ], [ -0.9328175, 41.6530525 ], [ -0.9328466, 41.6530702 ], [ -0.9329504, 41.6542575 ], [ -0.9344263, 41.6541718 ], [ -0.9344478, 41.6547083 ], [ -0.9344041, 41.6552724 ], [ -0.9338906, 41.6568092 ] ] ] } },
{ "type": "Feature", "properties": { "CCAA": "02 - Aragón", "PROVINCIA": "50 - Zaragoza", "MUNICIPIO": "50297 - Zaragoza", "COD_MUNICIPIO": "50297", "DISTRITO": "09", "SECCION": "5029709013", "V1_H": 79.63, "V1_M": 85.51, "V2_H": 79.79644461, "V2_M": 85.57767022, "V3_H": 79.53263393, "V3_M": 85.68344389000001 }, "geometry": { "type": "Polygon", "coordinates": [ [ [ -0.8860701, 41.6291823 ], [ -0.8865443, 41.6292599 ], [ -0.8864985, 41.6294285 ], [ -0.8863792, 41.6298472 ], [ -0.8868252, 41.6299209 ], [ -0.8871682, 41.6299777 ], [ -0.8872711, 41.6299955 ], [ -0.8873737, 41.6298513 ], [ -0.8874934, 41.6294443 ], [ -0.8876411, 41.6289855 ], [ -0.8877006, 41.628801 ], [ -0.8877574, 41.6286253 ], [ -0.8878971, 41.6282928 ], [ -0.8879237, 41.6282149 ], [ -0.8880415, 41.6278799 ], [ -0.8882064, 41.627411 ], [ -0.8882781, 41.6272071 ], [ -0.8882978, 41.627151 ], [ -0.8884764, 41.6266431 ], [ -0.8885144, 41.6265349 ], [ -0.8885465, 41.6264437 ], [ -0.8869175, 41.6261772 ], [ -0.8868564, 41.6263971 ], [ -0.886855, 41.6263969 ], [ -0.886782, 41.6266543 ], [ -0.8866501, 41.6271194 ], [ -0.8866338, 41.6271768 ], [ -0.8865379, 41.6275147 ], [ -0.886426, 41.627909 ], [ -0.8863852, 41.6280529 ], [ -0.8863132, 41.6283067 ], [ -0.8862435, 41.6285522 ], [ -0.8861887, 41.6287454 ], [ -0.8860701, 41.6291823 ] ] ] } },
{ "type": "Feature", "properties": { "CCAA": "02 - Aragón", "PROVINCIA": "50 - Zaragoza", "MUNICIPIO": "50297 - Zaragoza", "COD_MUNICIPIO": "50297", "DISTRITO": "09", "SECCION": "5029709015", "V1_H": 79.9, "V1_M": 85.71, "V2_H": 79.8721496, "V2_M": 85.86187756, "V3_H": 80.05417582, "V3_M": 85.81846709 }, "geometry": { "type": "Polygon", "coordinates": [ [ [ -0.8840113, 41.6284003 ], [ -0.8861887, 41.6287454 ], [ -0.8862435, 41.6285522 ], [ -0.8863132, 41.6283067 ], [ -0.8863852, 41.6280529 ], [ -0.886426, 41.627909 ], [ -0.8836033, 41.6274501 ], [ -0.8837144, 41.6277018 ], [ -0.8838018, 41.6278996 ], [ -0.8839749, 41.6282916 ], [ -0.8840113, 41.6284003 ] ] ] } },
{ "type": "Feature", "properties": { "CCAA": "02 - Aragón", "PROVINCIA": "50 - Zaragoza", "MUNICIPIO": "50297 - Zaragoza", "COD_MUNICIPIO": "50297", "DISTRITO": "10", "SECCION": "5029710002", "V1_H": 80.21, "V1_M": 86.17, "V2_H": 80.05188782, "V2_M": 86.17746221, "V3_H": 80.45086201, "V3_M": 86.3559927 }, "geometry": { "type": "Polygon", "coordinates": [ [ [ -0.8758165, 41.6613596 ], [ -0.875864, 41.6613796 ], [ -0.8763745, 41.6615998 ], [ -0.8772684, 41.6619864 ], [ -0.8778358, 41.6622318 ], [ -0.8786305, 41.6625755 ], [ -0.8785888, 41.6626196 ], [ -0.8789957, 41.6627983 ], [ -0.8792054, 41.6628905 ], [ -0.8795139, 41.6630203 ], [ -0.8798263, 41.6631488 ], [ -0.8802081, 41.6632916 ], [ -0.8806017, 41.6634385 ], [ -0.8806418, 41.6634551 ], [ -0.8806421, 41.6634536 ], [ -0.8807061, 41.6630935 ], [ -0.8810645, 41.6610763 ], [ -0.8811049, 41.6608493 ], [ -0.8815289, 41.6584653 ], [ -0.8813101, 41.658436 ], [ -0.8802749, 41.6582977 ], [ -0.8802739, 41.6582975 ], [ -0.8753927, 41.6571102 ], [ -0.8747485, 41.6582672 ], [ -0.8749683, 41.6583236 ], [ -0.875036, 41.658341 ], [ -0.8750368, 41.6583423 ], [ -0.8750399, 41.658331 ], [ -0.8754381, 41.6584037 ], [ -0.8760875, 41.6585225 ], [ -0.8763382, 41.6585683 ], [ -0.8767044, 41.6586687 ], [ -0.8770304, 41.6587931 ], [ -0.8773668, 41.6589608 ], [ -0.8775751, 41.6590999 ], [ -0.8777152, 41.6591938 ], [ -0.8780025, 41.6593956 ], [ -0.8780501, 41.6594812 ], [ -0.878056, 41.6594923 ], [ -0.8780569, 41.6594939 ], [ -0.8780587, 41.6594943 ], [ -0.8782398, 41.659643 ], [ -0.8785627, 41.6599011 ], [ -0.8787158, 41.6600272 ], [ -0.8787223, 41.6603418 ], [ -0.8787309, 41.6607575 ], [ -0.8777677, 41.6606261 ], [ -0.8778339, 41.6607536 ], [ -0.8780189, 41.6611358 ], [ -0.878075, 41.6612503 ], [ -0.877426, 41.6610503 ], [ -0.8770255, 41.6609263 ], [ -0.8767871, 41.6608531 ], [ -0.876565, 41.6608137 ], [ -0.8761091, 41.6606764 ], [ -0.8759678, 41.6610077 ], [ -0.8758165, 41.6613596 ] ] ] } },
{ "type": "Feature", "properties": { "CCAA": "02 - Aragón", "PROVINCIA": "50 - Zaragoza", "MUNICIPIO": "50297 - Zaragoza", "COD_MUNICIPIO": "50297", "DISTRITO": "10", "SECCION": "5029710004", "V1_H": 80.56, "V1_M": 86.09, "V2_H": 80.29410508, "V2_M": 85.89209003000001, "V3_H": 80.91212464, "V3_M": 86.35342073 }, "geometry": { "type": "Polygon", "coordinates": [ [ [ -0.8754546, 41.6589559 ], [ -0.8755588, 41.6591258 ], [ -0.8756142, 41.6592164 ], [ -0.8757246, 41.6593966 ], [ -0.8758334, 41.6595742 ], [ -0.8760999, 41.6596214 ], [ -0.8765006, 41.6596921 ], [ -0.8771688, 41.65981 ], [ -0.8774739, 41.6598638 ], [ -0.8775407, 41.6598756 ], [ -0.8775486, 41.659877 ], [ -0.8775319, 41.6597793 ], [ -0.877447, 41.6593692 ], [ -0.8779118, 41.6594631 ], [ -0.878056, 41.6594923 ], [ -0.8780501, 41.6594812 ], [ -0.8780025, 41.6593956 ], [ -0.8777152, 41.6591938 ], [ -0.8775751, 41.6590999 ], [ -0.8773668, 41.6589608 ], [ -0.8770304, 41.6587931 ], [ -0.8767044, 41.6586687 ], [ -0.8763382, 41.6585683 ], [ -0.8760875, 41.6585225 ], [ -0.8754381, 41.6584037 ], [ -0.8750399, 41.658331 ], [ -0.8750368, 41.6583423 ], [ -0.875036, 41.658341 ], [ -0.8749683, 41.6583236 ], [ -0.8749976, 41.6583624 ], [ -0.8750936, 41.658487 ], [ -0.8752003, 41.6586255 ], [ -0.875453, 41.6589533 ], [ -0.8754548, 41.6589556 ], [ -0.8754546, 41.6589559 ] ] ] } },
{ "type": "Feature", "properties": { "CCAA": "02 - Aragón", "PROVINCIA": "50 - Zaragoza", "MUNICIPIO": "50297 - Zaragoza", "COD_MUNICIPIO": "50297", "DISTRITO": "10", "SECCION": "5029710020", "V1_H": 80.3, "V1_M": 86.18, "V2_H": 80.25682951, "V2_M": 86.26310791, "V3_H": 80.49886239, "V3_M": 86.29802272000001 }, "geometry": { "type": "Polygon", "coordinates": [ [ [ -0.8691824, 41.6580424 ], [ -0.8700448, 41.6584502 ], [ -0.8705668, 41.6588602 ], [ -0.8712056, 41.659362 ], [ -0.8712423, 41.6593435 ], [ -0.871411, 41.6592587 ], [ -0.8719281, 41.6589987 ], [ -0.8723046, 41.6588092 ], [ -0.8726526, 41.6586342 ], [ -0.873028, 41.6584454 ], [ -0.8730317, 41.6584434 ], [ -0.8731123, 41.6584014 ], [ -0.8731069, 41.6584021 ], [ -0.8728529, 41.658327 ], [ -0.8724334, 41.6582603 ], [ -0.8716615, 41.658138 ], [ -0.8711249, 41.6580686 ], [ -0.870508, 41.6579887 ], [ -0.8700218, 41.6578372 ], [ -0.8694858, 41.6576702 ], [ -0.8694278, 41.6576563 ], [ -0.8692799, 41.6578882 ], [ -0.8691987, 41.6580221 ], [ -0.8691824, 41.6580424 ] ] ] } },
{ "type": "Feature", "properties": { "CCAA": "02 - Aragón", "PROVINCIA": "50 - Zaragoza", "MUNICIPIO": "50297 - Zaragoza", "COD_MUNICIPIO": "50297", "DISTRITO": "10", "SECCION": "5029710023", "V1_H": 80.63, "V1_M": 86.52, "V2_H": 80.3855305, "V2_M": 86.44800565, "V3_H": 80.88841766, "V3_M": 86.66780776 }, "geometry": { "type": "Polygon", "coordinates": [ [ [ -0.8643882, 41.6577181 ], [ -0.8660454, 41.659799 ], [ -0.8668502, 41.6594214 ], [ -0.8662633, 41.6587195 ], [ -0.8666389, 41.6585072 ], [ -0.868016, 41.659003 ], [ -0.8680164, 41.6590052 ], [ -0.8684997, 41.6591905 ], [ -0.8687178, 41.6588152 ], [ -0.868727, 41.6588127 ], [ -0.8688176, 41.6586408 ], [ -0.8688743, 41.6585333 ], [ -0.8688764, 41.6585259 ], [ -0.8689732, 41.6583731 ], [ -0.8691824, 41.6580424 ], [ -0.8691987, 41.6580221 ], [ -0.8692799, 41.6578882 ], [ -0.8694278, 41.6576563 ], [ -0.8694282, 41.6576558 ], [ -0.8694257, 41.6576547 ], [ -0.8694104, 41.6576479 ], [ -0.8693703, 41.6576384 ], [ -0.8692241, 41.6576036 ], [ -0.8690534, 41.6575637 ], [ -0.8689489, 41.6575377 ], [ -0.8688872, 41.6575188 ], [ -0.8688053, 41.6574903 ], [ -0.8686361, 41.6574707 ], [ -0.8684515, 41.6574582 ], [ -0.8683439, 41.6574859 ], [ -0.8681541, 41.6574877 ], [ -0.8681542, 41.6574901 ], [ -0.8681233, 41.6574904 ], [ -0.8680482, 41.6574912 ], [ -0.8677252, 41.6574934 ], [ -0.8672524, 41.6574829 ], [ -0.8663702, 41.6574312 ], [ -0.8656837, 41.6574023 ], [ -0.8652407, 41.657339 ], [ -0.8643882, 41.6577181 ] ] ] } },
{ "type": "Feature", "properties": { "CCAA": "02 - Aragón", "PROVINCIA": "50 - Zaragoza", "MUNICIPIO": "50297 - Zaragoza", "COD_MUNICIPIO": "50297", "DISTRITO": "10", "SECCION": "5029710038", "V1_H": 80.31, "V1_M": 86.3, "V2_H": 80.10187432, "V2_M": 86.1135989, "V3_H": 80.75259804, "V3_M": 86.72412179 }, "geometry": { "type": "Polygon", "coordinates": [ [ [ -0.8582308, 41.6519396 ], [ -0.8575312, 41.6529149 ], [ -0.8559587, 41.6526768 ], [ -0.8556943, 41.6550549 ], [ -0.8567803, 41.6552249 ], [ -0.8575504, 41.6553443 ], [ -0.8576538, 41.6553561 ], [ -0.8580184, 41.6543957 ], [ -0.8580184, 41.6543939 ], [ -0.8580313, 41.6543614 ], [ -0.8582529, 41.6538063 ], [ -0.8583141, 41.6536715 ], [ -0.8590252, 41.6521023 ], [ -0.8582308, 41.6519396 ] ] ] } },
{ "type": "Feature", "properties": { "CCAA": "02 - Aragón", "PROVINCIA": "50 - Zaragoza", "MUNICIPIO": "50297 - Zaragoza", "COD_MUNICIPIO": "50297", "DISTRITO": "10", "SECCION": "5029710040", "V1_H": 81.73, "V1_M": 86.8, "V2_H": 81.31626673, "V2_M": 86.83145999, "V3_H": 82.17064416, "V3_M": 87.00536352 }, "geometry": { "type": "Polygon", "coordinates": [ [ [ -0.8826742, 41.6682414 ], [ -0.882674, 41.6682549 ], [ -0.8826684, 41.6687177 ], [ -0.8881821, 41.6687494 ], [ -0.8877328, 41.6683035 ], [ -0.8874138, 41.6682963 ], [ -0.8866721, 41.668286 ], [ -0.8858684, 41.6682767 ], [ -0.8847213, 41.6682633 ], [ -0.8836089, 41.6682508 ], [ -0.8828029, 41.6682415 ], [ -0.8826742, 41.6682414 ] ] ] } },
{ "type": "Feature", "properties": { "CCAA": "02 - Aragón", "PROVINCIA": "50 - Zaragoza", "MUNICIPIO": "50297 - Zaragoza", "COD_MUNICIPIO": "50297", "DISTRITO": "10", "SECCION": "5029710055", "V1_H": 79.92, "V1_M": 85.8, "V2_H": 79.90391364, "V2_M": 85.68196434, "V3_H": 80.09820982, "V3_M": 86.14356104 }, "geometry": { "type": "Polygon", "coordinates": [ [ [ -0.8942682, 41.6798812 ], [ -0.8942706, 41.6798814 ], [ -0.8944068, 41.6798915 ], [ -0.895147, 41.6799564 ], [ -0.896227, 41.6800544 ], [ -0.8972418, 41.6801724 ], [ -0.898769, 41.6803496 ], [ -0.8988908, 41.6803638 ], [ -0.8993492, 41.680417 ], [ -0.9004793, 41.6805579 ], [ -0.9010687, 41.6790063 ], [ -0.9034501, 41.6762338 ], [ -0.9044834, 41.6758342 ], [ -0.9048854, 41.6756787 ], [ -0.9048311, 41.6756481 ], [ -0.9043043, 41.6753559 ], [ -0.9036426, 41.674989 ], [ -0.903457, 41.674931 ], [ -0.9025852, 41.6746583 ], [ -0.901438, 41.6743924 ], [ -0.9006212, 41.6742881 ], [ -0.8996427, 41.674043 ], [ -0.8986907, 41.6741304 ], [ -0.8980207, 41.674193 ], [ -0.8979578, 41.6742152 ], [ -0.8979937, 41.6743549 ], [ -0.8980536, 41.6745876 ], [ -0.8980971, 41.6747623 ], [ -0.8982402, 41.6753566 ], [ -0.898306, 41.6756301 ], [ -0.8983784, 41.6759305 ], [ -0.8980603, 41.6759746 ], [ -0.8975526, 41.6760421 ], [ -0.8973081, 41.676074 ], [ -0.8968917, 41.6760786 ], [ -0.8961901, 41.6760794 ], [ -0.8944782, 41.6760687 ], [ -0.8937907, 41.6760639 ], [ -0.8932222, 41.67606 ], [ -0.8932203, 41.67606 ], [ -0.8932165, 41.6761975 ], [ -0.8932109, 41.6763316 ], [ -0.8932006, 41.6766256 ], [ -0.8932499, 41.6772667 ], [ -0.893218, 41.6776994 ], [ -0.8931949, 41.6780004 ], [ -0.893192, 41.6780219 ], [ -0.8941892, 41.6780315 ], [ -0.8942843, 41.6780305 ], [ -0.8942874, 41.678371 ], [ -0.8942775, 41.6792605 ], [ -0.8942717, 41.6797837 ], [ -0.8942682, 41.6798812 ] ] ] } },
{ "type": "Feature", "properties": { "CCAA": "02 - Aragón", "PROVINCIA": "50 - Zaragoza", "MUNICIPIO": "50297 - Zaragoza", "COD_MUNICIPIO": "50297", "DISTRITO": "08", "SECCION": "5029708020", "V1_H": 81.73, "V1_M": 86.8, "V2_H": 81.31626673, "V2_M": 86.83145999, "V3_H": 82.17064416, "V3_M": 87.00536352 }, "geometry": { "type": "Polygon", "coordinates": [ [ [ -0.9334597, 41.6587473 ], [ -0.9336076, 41.6587579 ], [ -0.9342119, 41.6588041 ], [ -0.9345848, 41.6588482 ], [ -0.9348039, 41.6588844 ], [ -0.9350642, 41.6589299 ], [ -0.9353207, 41.6589916 ], [ -0.9355739, 41.6590503 ], [ -0.9357147, 41.6590797 ], [ -0.9357952, 41.6590879 ], [ -0.9359541, 41.6590898 ], [ -0.9361404, 41.6590788 ], [ -0.9362202, 41.6590636 ], [ -0.9361194, 41.6578916 ], [ -0.9360563, 41.6570065 ], [ -0.9348331, 41.6569708 ], [ -0.9342321, 41.6569052 ], [ -0.9338906, 41.6568092 ], [ -0.9338757, 41.656854 ], [ -0.9317301, 41.6565743 ], [ -0.9317068, 41.6566536 ], [ -0.9316832, 41.6567548 ], [ -0.9316637, 41.6568423 ], [ -0.9300907, 41.6566317 ], [ -0.9300192, 41.6570198 ], [ -0.9299081, 41.6576284 ], [ -0.9298277, 41.6580581 ], [ -0.9295589, 41.6580377 ], [ -0.9295585, 41.6580408 ], [ -0.929284, 41.6580194 ], [ -0.9292528, 41.6584177 ], [ -0.9295065, 41.6584317 ], [ -0.9295068, 41.6584299 ], [ -0.929508, 41.65843 ], [ -0.9301606, 41.6584761 ], [ -0.9305986, 41.6585089 ], [ -0.93159, 41.658584 ], [ -0.9319243, 41.658614 ], [ -0.9324588, 41.6586636 ], [ -0.9332022, 41.658729 ], [ -0.9334597, 41.6587473 ] ] ] } },
{ "type": "Feature", "properties": { "CCAA": "02 - Aragón", "PROVINCIA": "50 - Zaragoza", "MUNICIPIO": "50297 - Zaragoza", "COD_MUNICIPIO": "50297", "DISTRITO": "09", "SECCION": "5029709002", "V1_H": 80.91, "V1_M": 86.7, "V2_H": 80.91796575, "V2_M": 86.73459974, "V3_H": 81.00259482, "V3_M": 86.81948346 }, "geometry": { "type": "Polygon", "coordinates": [ [ [ -0.8849761, 41.6335253 ], [ -0.8849997, 41.6335287 ], [ -0.8853827, 41.6335583 ], [ -0.8858487, 41.6335061 ], [ -0.8860463, 41.6334976 ], [ -0.886249, 41.6335094 ], [ -0.8872918, 41.6336237 ], [ -0.8882796, 41.6337318 ], [ -0.88845, 41.6337495 ], [ -0.8884502, 41.6337496 ], [ -0.8884534, 41.6337358 ], [ -0.8884722, 41.6336601 ], [ -0.8885387, 41.6333928 ], [ -0.8885812, 41.6332218 ], [ -0.8886266, 41.6330392 ], [ -0.8886549, 41.6329254 ], [ -0.8886489, 41.6329225 ], [ -0.8886042, 41.632917 ], [ -0.8884714, 41.6329007 ], [ -0.8883332, 41.6328836 ], [ -0.8877814, 41.63281 ], [ -0.887275, 41.6327421 ], [ -0.8870629, 41.6327137 ], [ -0.8869836, 41.632703 ], [ -0.8869717, 41.6327018 ], [ -0.8866451, 41.6326611 ], [ -0.8855278, 41.6325221 ], [ -0.8852605, 41.6324879 ], [ -0.8851842, 41.632479 ], [ -0.8851817, 41.6324919 ], [ -0.8851754, 41.6325246 ], [ -0.8850878, 41.6329776 ], [ -0.8850169, 41.6333261 ], [ -0.8849761, 41.6335253 ] ] ] } },
{ "type": "Feature", "properties": { "CCAA": "02 - Aragón", "PROVINCIA": "50 - Zaragoza", "MUNICIPIO": "50297 - Zaragoza", "COD_MUNICIPIO": "50297", "DISTRITO": "09", "SECCION": "5029709009", "V1_H": 80.11, "V1_M": 85.95, "V2_H": 80.1609953, "V2_M": 86.03869322, "V3_H": 80.32004483, "V3_M": 85.9872989 }, "geometry": { "type": "Polygon", "coordinates": [ [ [ -0.8872711, 41.6299955 ], [ -0.8868195, 41.6306216 ], [ -0.8867247, 41.6307364 ], [ -0.8866098, 41.6308755 ], [ -0.8866706, 41.6308746 ], [ -0.886845, 41.6308735 ], [ -0.8873172, 41.6308704 ], [ -0.887802, 41.6308673 ], [ -0.8883253, 41.6308639 ], [ -0.8884579, 41.6308657 ], [ -0.8885342, 41.6308705 ], [ -0.8885378, 41.6308707 ], [ -0.8885401, 41.6308677 ], [ -0.8886759, 41.630783 ], [ -0.889012, 41.6305923 ], [ -0.8891213, 41.6305304 ], [ -0.8892043, 41.6304835 ], [ -0.8893924, 41.6303952 ], [ -0.8894804, 41.6303785 ], [ -0.889573, 41.6303558 ], [ -0.8897842, 41.6303139 ], [ -0.8899192, 41.6302673 ], [ -0.8900141, 41.6302327 ], [ -0.89013, 41.6301646 ], [ -0.890215, 41.6301053 ], [ -0.8902913, 41.6300425 ], [ -0.890391, 41.6299345 ], [ -0.8904322, 41.6298905 ], [ -0.8902658, 41.6298659 ], [ -0.8889129, 41.6296542 ], [ -0.8889625, 41.6294816 ], [ -0.8890384, 41.6292068 ], [ -0.8884408, 41.6291094 ], [ -0.8881875, 41.6290701 ], [ -0.887959, 41.6290348 ], [ -0.8876411, 41.6289855 ], [ -0.8874934, 41.6294443 ], [ -0.8873737, 41.6298513 ], [ -0.8872711, 41.6299955 ] ] ] } },
{ "type": "Feature", "properties": { "CCAA": "02 - Aragón", "PROVINCIA": "50 - Zaragoza", "MUNICIPIO": "50297 - Zaragoza", "COD_MUNICIPIO": "50297", "DISTRITO": "09", "SECCION": "5029709021", "V1_H": 80.65, "V1_M": 86.4, "V2_H": 80.41087182, "V2_M": 86.2775211, "V3_H": 80.94660094, "V3_M": 86.57847437 }, "geometry": { "type": "Polygon", "coordinates": [ [ [ -0.8732737, 41.6239156 ], [ -0.8732499, 41.6240245 ], [ -0.8732245, 41.6240796 ], [ -0.8731405, 41.6241901 ], [ -0.8729893, 41.6242857 ], [ -0.8728241, 41.6243762 ], [ -0.8727091, 41.6244154 ], [ -0.8724819, 41.6244928 ], [ -0.8721402, 41.6245899 ], [ -0.8718984, 41.6246543 ], [ -0.8717341, 41.6247202 ], [ -0.8716615, 41.6247828 ], [ -0.871596, 41.6248455 ], [ -0.8715444, 41.6249135 ], [ -0.871181, 41.6258861 ], [ -0.8710854, 41.6262189 ], [ -0.8710878, 41.6263617 ], [ -0.8710992, 41.6264456 ], [ -0.8712051, 41.6266598 ], [ -0.8713166, 41.6268014 ], [ -0.8713831, 41.6268951 ], [ -0.8714979, 41.6270567 ], [ -0.8717647, 41.6274322 ], [ -0.8718836, 41.6276757 ], [ -0.872039, 41.6280968 ], [ -0.8721055, 41.6282162 ], [ -0.8721941, 41.6283113 ], [ -0.8722974, 41.628387 ], [ -0.8724627, 41.6285033 ], [ -0.8725383, 41.6285637 ], [ -0.8726361, 41.6286266 ], [ -0.8726921, 41.6285965 ], [ -0.8728523, 41.6285087 ], [ -0.8729771, 41.6284406 ], [ -0.8730867, 41.6283849 ], [ -0.8731643, 41.6283454 ], [ -0.8729508, 41.6281074 ], [ -0.8731361, 41.6280102 ], [ -0.8737455, 41.6276908 ], [ -0.8738844, 41.627618 ], [ -0.8741813, 41.6274623 ], [ -0.8740968, 41.6273714 ], [ -0.8740483, 41.6273122 ], [ -0.8739776, 41.6272242 ], [ -0.8739147, 41.6271458 ], [ -0.8738278, 41.6270375 ], [ -0.8738527, 41.6270286 ], [ -0.8739899, 41.6269655 ], [ -0.8741946, 41.6268714 ], [ -0.8744112, 41.6267718 ], [ -0.8746016, 41.6266842 ], [ -0.8748155, 41.6265868 ], [ -0.8749339, 41.626531 ], [ -0.8748029, 41.6263518 ], [ -0.8747054, 41.626221 ], [ -0.8744638, 41.6258656 ], [ -0.8743927, 41.6257608 ], [ -0.8742172, 41.6255037 ], [ -0.8743581, 41.6254063 ], [ -0.8744586, 41.6253378 ], [ -0.8746026, 41.6252396 ], [ -0.8747422, 41.6251445 ], [ -0.874848, 41.6250724 ], [ -0.874868, 41.6250633 ], [ -0.8748792, 41.6250604 ], [ -0.8748885, 41.6250548 ], [ -0.8748877, 41.6250547 ], [ -0.8748918, 41.6250528 ], [ -0.8751086, 41.6249574 ], [ -0.8753189, 41.6248985 ], [ -0.8758971, 41.6248262 ], [ -0.8760955, 41.6248217 ], [ -0.8763389, 41.6248163 ], [ -0.8763228, 41.624735 ], [ -0.8761587, 41.6239053 ], [ -0.8748396, 41.6240457 ], [ -0.8749255, 41.6237464 ], [ -0.8744124, 41.6237681 ], [ -0.8732737, 41.6239156 ] ] ] } },
{ "type": "Feature", "properties": { "CCAA": "02 - Aragón", "PROVINCIA": "50 - Zaragoza", "MUNICIPIO": "50297 - Zaragoza", "COD_MUNICIPIO": "50297", "DISTRITO": "09", "SECCION": "5029709028", "V1_H": 81.47, "V1_M": 86.75, "V2_H": 81.12898066, "V2_M": 86.51613614, "V3_H": 81.81510349, "V3_M": 87.06728245 }, "geometry": { "type": "Polygon", "coordinates": [ [ [ -0.8723886, 41.6133916 ], [ -0.870624, 41.6152936 ], [ -0.8746947, 41.6174279 ], [ -0.8746505, 41.617999 ], [ -0.8760769, 41.6178383 ], [ -0.8760733, 41.6178263 ], [ -0.8759786, 41.6174242 ], [ -0.8757755, 41.616839 ], [ -0.8750803, 41.6155727 ], [ -0.8747871, 41.6152194 ], [ -0.8746259, 41.6149066 ], [ -0.8745644, 41.6146529 ], [ -0.8745338, 41.6144235 ], [ -0.8745295, 41.6143615 ], [ -0.8744579, 41.614222 ], [ -0.874474, 41.6141174 ], [ -0.8745143, 41.6140514 ], [ -0.8745853, 41.6140146 ], [ -0.8747648, 41.6139655 ], [ -0.874847, 41.6139766 ], [ -0.874949, 41.6139641 ], [ -0.8749832, 41.6138885 ], [ -0.8750162, 41.613851 ], [ -0.8740173, 41.6133273 ], [ -0.8732782, 41.6135949 ], [ -0.8730226, 41.6136425 ], [ -0.8728511, 41.6136441 ], [ -0.8727374, 41.613623 ], [ -0.8726186, 41.6135683 ], [ -0.8725451, 41.613486 ], [ -0.8725352, 41.6134 ], [ -0.8723886, 41.6133916 ] ] ] } },
{ "type": "Feature", "properties": { "CCAA": "02 - Aragón", "PROVINCIA": "50 - Zaragoza", "MUNICIPIO": "50297 - Zaragoza", "COD_MUNICIPIO": "50297", "DISTRITO": "10", "SECCION": "5029710008", "V1_H": 79.83, "V1_M": 85.66, "V2_H": 79.86201885, "V2_M": 85.75249, "V3_H": 79.86616026, "V3_M": 85.80070523000001 }, "geometry": { "type": "Polygon", "coordinates": [ [ [ -0.873446, 41.6665672 ], [ -0.8737548, 41.6665723 ], [ -0.8738119, 41.6665731 ], [ -0.8738099, 41.6666449 ], [ -0.8737979, 41.6670125 ], [ -0.8737871, 41.6673419 ], [ -0.873786, 41.6673614 ], [ -0.8744945, 41.6673745 ], [ -0.874491, 41.6676437 ], [ -0.8744946, 41.6676438 ], [ -0.8744958, 41.6678878 ], [ -0.8744923, 41.6679426 ], [ -0.8744612, 41.6681839 ], [ -0.8744459, 41.668303 ], [ -0.874732, 41.6683096 ], [ -0.8747503, 41.6683099 ], [ -0.8747882, 41.6678371 ], [ -0.8750367, 41.6678185 ], [ -0.875049, 41.6676049 ], [ -0.8750776, 41.6671123 ], [ -0.87525, 41.6671188 ], [ -0.875258, 41.6667827 ], [ -0.8752603, 41.6665982 ], [ -0.8756711, 41.6666099 ], [ -0.8762269, 41.6666256 ], [ -0.876581, 41.666632 ], [ -0.8769475, 41.6666373 ], [ -0.8769893, 41.6666379 ], [ -0.8772632, 41.6666418 ], [ -0.877682, 41.6666493 ], [ -0.8784762, 41.6666734 ], [ -0.8795713, 41.6667065 ], [ -0.880107, 41.6667227 ], [ -0.8801071, 41.6667221 ], [ -0.8801133, 41.6666447 ], [ -0.8801166, 41.6666047 ], [ -0.8803072, 41.6653378 ], [ -0.8806418, 41.6634551 ], [ -0.8806017, 41.6634385 ], [ -0.8802081, 41.6632916 ], [ -0.8798263, 41.6631488 ], [ -0.8795139, 41.6630203 ], [ -0.8792054, 41.6628905 ], [ -0.8789957, 41.6627983 ], [ -0.8785888, 41.6626196 ], [ -0.8786305, 41.6625755 ], [ -0.8778358, 41.6622318 ], [ -0.8772684, 41.6619864 ], [ -0.8763745, 41.6615998 ], [ -0.875864, 41.6613796 ], [ -0.8758165, 41.6613596 ], [ -0.8757646, 41.6614986 ], [ -0.8757695, 41.6615154 ], [ -0.8757593, 41.6616062 ], [ -0.8757435, 41.6617671 ], [ -0.8757618, 41.6618926 ], [ -0.8757915, 41.662096 ], [ -0.8757946, 41.6621176 ], [ -0.8758, 41.6621542 ], [ -0.8758055, 41.6621919 ], [ -0.8758143, 41.6622525 ], [ -0.8758246, 41.6623236 ], [ -0.8758144, 41.6624533 ], [ -0.8756536, 41.6627705 ], [ -0.8755165, 41.6630423 ], [ -0.875464, 41.663281 ], [ -0.875385, 41.6636396 ], [ -0.8753823, 41.6636565 ], [ -0.8753586, 41.6636553 ], [ -0.8749954, 41.6636482 ], [ -0.8743371, 41.6636351 ], [ -0.8739294, 41.663627 ], [ -0.8735393, 41.6636193 ], [ -0.873539, 41.66363 ], [ -0.8735387, 41.6636394 ], [ -0.8735373, 41.6636879 ], [ -0.8735301, 41.6639385 ], [ -0.8735276, 41.6640235 ], [ -0.8735186, 41.6643384 ], [ -0.8735099, 41.6646405 ], [ -0.8735084, 41.6647247 ], [ -0.8734992, 41.6650132 ], [ -0.8734905, 41.6653009 ], [ -0.8734883, 41.6653626 ], [ -0.8734756, 41.6657288 ], [ -0.8734634, 41.6660789 ], [ -0.8734624, 41.6661078 ], [ -0.8734499, 41.666466 ], [ -0.873447, 41.6665501 ], [ -0.873446, 41.6665672 ] ] ] } },
{ "type": "Feature", "properties": { "CCAA": "02 - Aragón", "PROVINCIA": "50 - Zaragoza", "MUNICIPIO": "50297 - Zaragoza", "COD_MUNICIPIO": "50297", "DISTRITO": "10", "SECCION": "5029710019", "V1_H": 81.13, "V1_M": 86.76, "V2_H": 80.8252038, "V2_M": 86.73512652, "V3_H": 81.48774648, "V3_M": 86.92091474 }, "geometry": { "type": "Polygon", "coordinates": [ [ [ -0.8694278, 41.6576563 ], [ -0.8694858, 41.6576702 ], [ -0.8700218, 41.6578372 ], [ -0.870508, 41.6579887 ], [ -0.8711249, 41.6580686 ], [ -0.8716615, 41.658138 ], [ -0.8724334, 41.6582603 ], [ -0.8728529, 41.658327 ], [ -0.8731069, 41.6584021 ], [ -0.8731123, 41.6584014 ], [ -0.8733081, 41.6583748 ], [ -0.8738116, 41.6583013 ], [ -0.8743026, 41.65823 ], [ -0.8745884, 41.6582543 ], [ -0.8746253, 41.6582582 ], [ -0.8746378, 41.6582388 ], [ -0.8747485, 41.6582672 ], [ -0.8753927, 41.6571102 ], [ -0.8750498, 41.6570264 ], [ -0.8750087, 41.6570704 ], [ -0.8744849, 41.6567942 ], [ -0.8719726, 41.6558738 ], [ -0.8718036, 41.6558253 ], [ -0.8718034, 41.6558252 ], [ -0.8708732, 41.6555581 ], [ -0.8708732, 41.6555581 ], [ -0.8708257, 41.655544 ], [ -0.8707697, 41.6555275 ], [ -0.8707697, 41.6555275 ], [ -0.8707694, 41.6555274 ], [ -0.8667739, 41.6543471 ], [ -0.8667335, 41.6546348 ], [ -0.8666808, 41.6550195 ], [ -0.8666282, 41.6557077 ], [ -0.8666006, 41.6560696 ], [ -0.8665527, 41.6566043 ], [ -0.8665286, 41.6568736 ], [ -0.866946, 41.6568611 ], [ -0.8672973, 41.6568511 ], [ -0.8676745, 41.6568403 ], [ -0.8681214, 41.6568275 ], [ -0.8681496, 41.6573829 ], [ -0.8681541, 41.6574877 ], [ -0.8683439, 41.6574859 ], [ -0.8684515, 41.6574582 ], [ -0.8686361, 41.6574707 ], [ -0.8688053, 41.6574903 ], [ -0.8688872, 41.6575188 ], [ -0.8689489, 41.6575377 ], [ -0.8690534, 41.6575637 ], [ -0.8692241, 41.6576036 ], [ -0.8693703, 41.6576384 ], [ -0.8694104, 41.6576479 ], [ -0.8694257, 41.6576547 ], [ -0.8694282, 41.6576558 ], [ -0.8694278, 41.6576563 ] ] ] } },
{ "type": "Feature", "properties": { "CCAA": "02 - Aragón", "PROVINCIA": "50 - Zaragoza", "MUNICIPIO": "50297 - Zaragoza", "COD_MUNICIPIO": "50297", "DISTRITO": "10", "SECCION": "5029710027", "V1_H": 80.21, "V1_M": 86.17, "V2_H": 80.05188782, "V2_M": 86.17746221, "V3_H": 80.45086201, "V3_M": 86.3559927 }, "geometry": { "type": "Polygon", "coordinates": [ [ [ -0.8587078, 41.6614571 ], [ -0.8587175, 41.6614896 ], [ -0.8587377, 41.661567 ], [ -0.8587511, 41.6616175 ], [ -0.8588496, 41.6617447 ], [ -0.8590107, 41.6619607 ], [ -0.8591052, 41.662093 ], [ -0.8591751, 41.6620661 ], [ -0.8593299, 41.6622713 ], [ -0.8593795, 41.6623371 ], [ -0.8595076, 41.6625068 ], [ -0.8596139, 41.6626477 ], [ -0.8593885, 41.6627408 ], [ -0.8592112, 41.6628158 ], [ -0.8594957, 41.6632131 ], [ -0.8596255, 41.663395 ], [ -0.8597276, 41.663538 ], [ -0.860913, 41.6630202 ], [ -0.8609131, 41.6630201 ], [ -0.8608578, 41.6629447 ], [ -0.8613527, 41.6627346 ], [ -0.8631321, 41.6619791 ], [ -0.862864, 41.6616333 ], [ -0.8626057, 41.6613001 ], [ -0.8616049, 41.6617157 ], [ -0.861466, 41.661771 ], [ -0.8612947, 41.6618412 ], [ -0.8603471, 41.662251 ], [ -0.859966, 41.6617332 ], [ -0.8598219, 41.6615373 ], [ -0.8596201, 41.661263 ], [ -0.8587887, 41.66144 ], [ -0.858709, 41.6614569 ], [ -0.8587078, 41.6614571 ] ] ] } },
{ "type": "Feature", "properties": { "CCAA": "02 - Aragón", "PROVINCIA": "50 - Zaragoza", "MUNICIPIO": "50297 - Zaragoza", "COD_MUNICIPIO": "50297", "DISTRITO": "10", "SECCION": "5029710034", "V1_H": 80.24, "V1_M": 86.29, "V2_H": 79.84273941, "V2_M": 86.47368807, "V3_H": 80.7355329, "V3_M": 86.23078999000001 }, "geometry": { "type": "Polygon", "coordinates": [ [ [ -0.8577513, 41.6591688 ], [ -0.8577469, 41.6592562 ], [ -0.8577179, 41.6595717 ], [ -0.857686, 41.6599187 ], [ -0.8576677, 41.6602055 ], [ -0.8572321, 41.6601801 ], [ -0.8563987, 41.6601416 ], [ -0.8560025, 41.6601172 ], [ -0.856004, 41.6601935 ], [ -0.8560049, 41.6602813 ], [ -0.8559817, 41.6603686 ], [ -0.8559828, 41.6604335 ], [ -0.8560415, 41.6605584 ], [ -0.8561216, 41.6607388 ], [ -0.8562451, 41.6609202 ], [ -0.8563296, 41.661086 ], [ -0.8567622, 41.6611055 ], [ -0.8568215, 41.6611351 ], [ -0.8571906, 41.6611552 ], [ -0.8571787, 41.6614091 ], [ -0.8564104, 41.6615716 ], [ -0.8563131, 41.6616856 ], [ -0.856344, 41.6619096 ], [ -0.8563515, 41.6619403 ], [ -0.8571523, 41.6617875 ], [ -0.857338, 41.6617486 ], [ -0.8587078, 41.6614571 ], [ -0.858709, 41.6614569 ], [ -0.8587887, 41.66144 ], [ -0.8588607, 41.6607433 ], [ -0.8588925, 41.6604372 ], [ -0.8589824, 41.6595887 ], [ -0.8590172, 41.6592602 ], [ -0.8590142, 41.6592601 ], [ -0.8590148, 41.659254 ], [ -0.8590189, 41.6592143 ], [ -0.8589856, 41.6592117 ], [ -0.8586297, 41.6591993 ], [ -0.85846, 41.6591934 ], [ -0.8577567, 41.6591689 ], [ -0.8577513, 41.6591688 ] ] ] } },
{ "type": "Feature", "properties": { "CCAA": "02 - Aragón", "PROVINCIA": "50 - Zaragoza", "MUNICIPIO": "50297 - Zaragoza", "COD_MUNICIPIO": "50297", "DISTRITO": "10", "SECCION": "5029710045", "V1_H": 81.02, "V1_M": 86.64, "V2_H": 80.81080237, "V2_M": 86.47452022, "V3_H": 81.32513937, "V3_M": 86.89244175 }, "geometry": { "type": "Polygon", "coordinates": [ [ [ -0.881438, 41.6757683 ], [ -0.8814958, 41.6758348 ], [ -0.8816418, 41.6759338 ], [ -0.8820966, 41.6759475 ], [ -0.8824402, 41.6759512 ], [ -0.8829043, 41.6759514 ], [ -0.8832372, 41.6759515 ], [ -0.8836147, 41.6759516 ], [ -0.8836149, 41.6759372 ], [ -0.883434, 41.6759367 ], [ -0.8834497, 41.6754567 ], [ -0.8835594, 41.6753288 ], [ -0.8835753, 41.6750748 ], [ -0.8849615, 41.6750891 ], [ -0.8849473, 41.6746029 ], [ -0.8868715, 41.6746323 ], [ -0.8868667, 41.674443 ], [ -0.8868561, 41.6741558 ], [ -0.8859933, 41.6741506 ], [ -0.8859918, 41.6740422 ], [ -0.8859897, 41.6738878 ], [ -0.8859475, 41.6738876 ], [ -0.8856793, 41.6738827 ], [ -0.8846069, 41.6738629 ], [ -0.8842095, 41.6738556 ], [ -0.8842268, 41.6732902 ], [ -0.8842318, 41.6731562 ], [ -0.8842326, 41.67305 ], [ -0.8839574, 41.6730484 ], [ -0.8810079, 41.6730314 ], [ -0.88092, 41.6730308 ], [ -0.8809227, 41.6731795 ], [ -0.8809757, 41.6734204 ], [ -0.8810593, 41.6737992 ], [ -0.8812506, 41.6743616 ], [ -0.8814039, 41.6757243 ], [ -0.881438, 41.6757653 ], [ -0.881438, 41.6757683 ] ] ] } },
{ "type": "Feature", "properties": { "CCAA": "02 - Aragón", "PROVINCIA": "50 - Zaragoza", "MUNICIPIO": "50297 - Zaragoza", "COD_MUNICIPIO": "50297", "DISTRITO": "10", "SECCION": "5029710052", "V1_H": 80.99, "V1_M": 86.66, "V2_H": 80.84822772, "V2_M": 86.63128417, "V3_H": 81.25601163, "V3_M": 86.83891366 }, "geometry": { "type": "Polygon", "coordinates": [ [ [ -0.8751757, 41.6693486 ], [ -0.8757921, 41.6693621 ], [ -0.8765235, 41.6693749 ], [ -0.876703, 41.669378 ], [ -0.8767272, 41.6693788 ], [ -0.8767126, 41.6692309 ], [ -0.8775417, 41.6692451 ], [ -0.8781786, 41.669256 ], [ -0.8781919, 41.6688512 ], [ -0.8800536, 41.6688759 ], [ -0.8800523, 41.6688607 ], [ -0.8800426, 41.6687385 ], [ -0.8800294, 41.6685569 ], [ -0.8800077, 41.6682904 ], [ -0.8799948, 41.6681241 ], [ -0.8799982, 41.6680715 ], [ -0.8782177, 41.6680643 ], [ -0.8765899, 41.6680578 ], [ -0.876608, 41.6676591 ], [ -0.8766434, 41.6675217 ], [ -0.8766935, 41.6673275 ], [ -0.8768141, 41.6670642 ], [ -0.8769475, 41.6666373 ], [ -0.876581, 41.666632 ], [ -0.8762269, 41.6666256 ], [ -0.8756711, 41.6666099 ], [ -0.8752603, 41.6665982 ], [ -0.875258, 41.6667827 ], [ -0.87525, 41.6671188 ], [ -0.8750776, 41.6671123 ], [ -0.875049, 41.6676049 ], [ -0.8750367, 41.6678185 ], [ -0.8747882, 41.6678371 ], [ -0.8747503, 41.6683099 ], [ -0.8747544, 41.66831 ], [ -0.8748776, 41.6683123 ], [ -0.8750452, 41.6683155 ], [ -0.8752085, 41.6683186 ], [ -0.8752049, 41.6684614 ], [ -0.8752034, 41.6685088 ], [ -0.8751935, 41.668809 ], [ -0.8751917, 41.6688627 ], [ -0.8751808, 41.6691961 ], [ -0.8751757, 41.6693486 ] ] ] } },
{ "type": "Feature", "properties": { "CCAA": "02 - Aragón", "PROVINCIA": "50 - Zaragoza", "MUNICIPIO": "50297 - Zaragoza", "COD_MUNICIPIO": "50297", "DISTRITO": "10", "SECCION": "5029710059", "V1_H": 80.99, "V1_M": 86.66, "V2_H": 80.84822772, "V2_M": 86.63128417, "V3_H": 81.25601163, "V3_M": 86.83891366 }, "geometry": { "type": "Polygon", "coordinates": [ [ [ -0.8769475, 41.6666373 ], [ -0.8768141, 41.6670642 ], [ -0.8766935, 41.6673275 ], [ -0.8766434, 41.6675217 ], [ -0.876608, 41.6676591 ], [ -0.8765899, 41.6680578 ], [ -0.8782177, 41.6680643 ], [ -0.8799982, 41.6680715 ], [ -0.8799983, 41.668071 ], [ -0.8800376, 41.6675844 ], [ -0.880103, 41.6667734 ], [ -0.880107, 41.6667227 ], [ -0.8795713, 41.6667065 ], [ -0.8784762, 41.6666734 ], [ -0.877682, 41.6666493 ], [ -0.8772632, 41.6666418 ], [ -0.8769893, 41.6666379 ], [ -0.8769475, 41.6666373 ] ] ] } },
{ "type": "Feature", "properties": { "CCAA": "02 - Aragón", "PROVINCIA": "50 - Zaragoza", "MUNICIPIO": "50297 - Zaragoza", "COD_MUNICIPIO": "50297", "DISTRITO": "09", "SECCION": "5029709003", "V1_H": 80.99, "V1_M": 86.67, "V2_H": 80.575161, "V2_M": 86.38311792, "V3_H": 81.41956161, "V3_M": 87.05147909 }, "geometry": { "type": "Polygon", "coordinates": [ [ [ -0.8814933, 41.6328521 ], [ -0.8815161, 41.6329209 ], [ -0.8815582, 41.6329745 ], [ -0.8816565, 41.6330096 ], [ -0.8822968, 41.6331288 ], [ -0.8825825, 41.6331738 ], [ -0.8825476, 41.6322218 ], [ -0.8825414, 41.6320836 ], [ -0.8825274, 41.6317684 ], [ -0.8825225, 41.6316044 ], [ -0.8825029, 41.6309316 ], [ -0.8829377, 41.6309285 ], [ -0.8835771, 41.6309201 ], [ -0.8843324, 41.63091 ], [ -0.8843294, 41.6308542 ], [ -0.8843212, 41.6307229 ], [ -0.8843118, 41.6305633 ], [ -0.8843009, 41.6304015 ], [ -0.8842927, 41.6302842 ], [ -0.8842868, 41.6302066 ], [ -0.8842781, 41.6300896 ], [ -0.8842623, 41.6298569 ], [ -0.8842593, 41.6298126 ], [ -0.8842521, 41.6297451 ], [ -0.8842424, 41.6296466 ], [ -0.8841999, 41.6295708 ], [ -0.8841913, 41.6295553 ], [ -0.8841748, 41.6294533 ], [ -0.8841656, 41.6293962 ], [ -0.8841641, 41.6293872 ], [ -0.8841545, 41.6293468 ], [ -0.8840393, 41.6288613 ], [ -0.8840245, 41.6286376 ], [ -0.8834214, 41.6286866 ], [ -0.8828852, 41.6287302 ], [ -0.8824397, 41.6287665 ], [ -0.8822416, 41.6287827 ], [ -0.8822648, 41.6291343 ], [ -0.8822535, 41.6292452 ], [ -0.8822567, 41.6293482 ], [ -0.8822695, 41.6295522 ], [ -0.8818103, 41.6295375 ], [ -0.8813535, 41.6295229 ], [ -0.8812377, 41.6295191 ], [ -0.8803985, 41.6293183 ], [ -0.88008, 41.6292377 ], [ -0.8799973, 41.6293098 ], [ -0.8795419, 41.6298007 ], [ -0.8796448, 41.6298608 ], [ -0.8804426, 41.6303264 ], [ -0.880571, 41.6304075 ], [ -0.8806656, 41.63047 ], [ -0.8807676, 41.6305459 ], [ -0.880874, 41.6306371 ], [ -0.8809781, 41.6307586 ], [ -0.8810739, 41.6309244 ], [ -0.881168, 41.63109 ], [ -0.881295, 41.6313453 ], [ -0.8813648, 41.6315245 ], [ -0.8813809, 41.6315833 ], [ -0.8814217, 41.6317311 ], [ -0.8814396, 41.6318523 ], [ -0.8814676, 41.6320919 ], [ -0.8814846, 41.6323631 ], [ -0.8814797, 41.6326354 ], [ -0.8814881, 41.6327703 ], [ -0.8814933, 41.6328521 ] ] ] } },
{ "type": "Feature", "properties": { "CCAA": "02 - Aragón", "PROVINCIA": "50 - Zaragoza", "MUNICIPIO": "50297 - Zaragoza", "COD_MUNICIPIO": "50297", "DISTRITO": "09", "SECCION": "5029709008", "V1_H": 80.01, "V1_M": 85.96, "V2_H": 79.87654463, "V2_M": 85.8497366, "V3_H": 80.24882261, "V3_M": 86.17409879 }, "geometry": { "type": "Polygon", "coordinates": [ [ [ -0.8889091, 41.6318956 ], [ -0.8891153, 41.63192 ], [ -0.8894707, 41.6319562 ], [ -0.8896481, 41.6319652 ], [ -0.8896696, 41.6318382 ], [ -0.8898038, 41.6318615 ], [ -0.8898511, 41.6317393 ], [ -0.8898855, 41.6316508 ], [ -0.889976, 41.6314172 ], [ -0.8900209, 41.6313015 ], [ -0.8901631, 41.6309336 ], [ -0.8900495, 41.6307957 ], [ -0.890123, 41.6307636 ], [ -0.8910839, 41.6303446 ], [ -0.8909054, 41.6308817 ], [ -0.8908742, 41.6309758 ], [ -0.8908401, 41.6310461 ], [ -0.8911439, 41.6310846 ], [ -0.8919003, 41.6311532 ], [ -0.8919863, 41.6308877 ], [ -0.8920611, 41.6306532 ], [ -0.8921211, 41.6304727 ], [ -0.8921578, 41.6303814 ], [ -0.8921872, 41.6303242 ], [ -0.8922521, 41.6302184 ], [ -0.8923153, 41.6301331 ], [ -0.8923193, 41.6301277 ], [ -0.8907719, 41.6295143 ], [ -0.8904322, 41.6298905 ], [ -0.890391, 41.6299345 ], [ -0.8902913, 41.6300425 ], [ -0.890215, 41.6301053 ], [ -0.89013, 41.6301646 ], [ -0.8900141, 41.6302327 ], [ -0.8899192, 41.6302673 ], [ -0.8897842, 41.6303139 ], [ -0.889573, 41.6303558 ], [ -0.8894804, 41.6303785 ], [ -0.8893924, 41.6303952 ], [ -0.8892043, 41.6304835 ], [ -0.8891213, 41.6305304 ], [ -0.889012, 41.6305923 ], [ -0.8886759, 41.630783 ], [ -0.8885401, 41.6308677 ], [ -0.8885378, 41.6308707 ], [ -0.8885342, 41.6308705 ], [ -0.8885309, 41.6308734 ], [ -0.888514, 41.6308839 ], [ -0.888512, 41.6308874 ], [ -0.8884747, 41.6309536 ], [ -0.88833, 41.6310596 ], [ -0.8881925, 41.6311581 ], [ -0.8880797, 41.6316284 ], [ -0.888855, 41.631729 ], [ -0.888959, 41.6316903 ], [ -0.8889091, 41.6318956 ] ] ] } },
{ "type": "Feature", "properties": { "CCAA": "02 - Aragón", "PROVINCIA": "50 - Zaragoza", "MUNICIPIO": "50297 - Zaragoza", "COD_MUNICIPIO": "50297", "DISTRITO": "09", "SECCION": "5029709010", "V1_H": 80.53, "V1_M": 86.43, "V2_H": 80.43347749, "V2_M": 86.30479166000001, "V3_H": 80.8868878, "V3_M": 86.74881461 }, "geometry": { "type": "Polygon", "coordinates": [ [ [ -0.8876411, 41.6289855 ], [ -0.887959, 41.6290348 ], [ -0.8881875, 41.6290701 ], [ -0.8884408, 41.6291094 ], [ -0.8890384, 41.6292068 ], [ -0.8889625, 41.6294816 ], [ -0.8889129, 41.6296542 ], [ -0.8902658, 41.6298659 ], [ -0.8904322, 41.6298905 ], [ -0.8907719, 41.6295143 ], [ -0.890796, 41.6294864 ], [ -0.890785, 41.6294604 ], [ -0.8908624, 41.6293754 ], [ -0.8909269, 41.6293046 ], [ -0.8911382, 41.6290729 ], [ -0.8911955, 41.62901 ], [ -0.8913255, 41.6288674 ], [ -0.8914202, 41.6287635 ], [ -0.8916647, 41.6284954 ], [ -0.8917513, 41.6284005 ], [ -0.8918004, 41.6283467 ], [ -0.8918006, 41.6283464 ], [ -0.8917678, 41.6283411 ], [ -0.8915436, 41.6283031 ], [ -0.8904505, 41.6281177 ], [ -0.8904059, 41.6282662 ], [ -0.8899659, 41.6281937 ], [ -0.8892492, 41.6280756 ], [ -0.8889511, 41.6280264 ], [ -0.8890806, 41.6275711 ], [ -0.8891598, 41.6272928 ], [ -0.8889215, 41.6272534 ], [ -0.8886514, 41.6272088 ], [ -0.8883394, 41.6271572 ], [ -0.8882978, 41.627151 ], [ -0.8882781, 41.6272071 ], [ -0.8882064, 41.627411 ], [ -0.8880415, 41.6278799 ], [ -0.8879237, 41.6282149 ], [ -0.8878971, 41.6282928 ], [ -0.8877574, 41.6286253 ], [ -0.8877006, 41.628801 ], [ -0.8876411, 41.6289855 ] ] ] } },
{ "type": "Feature", "properties": { "CCAA": "02 - Aragón", "PROVINCIA": "50 - Zaragoza", "MUNICIPIO": "50297 - Zaragoza", "COD_MUNICIPIO": "50297", "DISTRITO": "10", "SECCION": "5029710006", "V1_H": 80.3, "V1_M": 86.18, "V2_H": 80.25682951, "V2_M": 86.26310791, "V3_H": 80.49886239, "V3_M": 86.29802272000001 }, "geometry": { "type": "Polygon", "coordinates": [ [ [ -0.8735252, 41.6607775 ], [ -0.8753674, 41.6613707 ], [ -0.8757646, 41.6614986 ], [ -0.8758165, 41.6613596 ], [ -0.8759678, 41.6610077 ], [ -0.8761091, 41.6606764 ], [ -0.8761254, 41.6606385 ], [ -0.8760427, 41.6606148 ], [ -0.8758842, 41.6605683 ], [ -0.8757028, 41.6605152 ], [ -0.8754263, 41.6604341 ], [ -0.875171, 41.660359 ], [ -0.8749975, 41.6603081 ], [ -0.874875, 41.6602653 ], [ -0.8747312, 41.6602163 ], [ -0.8747329, 41.6602139 ], [ -0.873877, 41.6599262 ], [ -0.8735252, 41.6607775 ] ] ] } },
{ "type": "Feature", "properties": { "CCAA": "02 - Aragón", "PROVINCIA": "50 - Zaragoza", "MUNICIPIO": "50297 - Zaragoza", "COD_MUNICIPIO": "50297", "DISTRITO": "10", "SECCION": "5029710009", "V1_H": 79.9, "V1_M": 85.71, "V2_H": 79.8721496, "V2_M": 85.86187756, "V3_H": 80.05417582, "V3_M": 85.81846709 }, "geometry": { "type": "Polygon", "coordinates": [ [ [ -0.8714239, 41.6665272 ], [ -0.8726567, 41.6665518 ], [ -0.8732362, 41.6665634 ], [ -0.8734429, 41.6665672 ], [ -0.873446, 41.6665672 ], [ -0.873447, 41.6665501 ], [ -0.8734499, 41.666466 ], [ -0.8734624, 41.6661078 ], [ -0.8734634, 41.6660789 ], [ -0.8734756, 41.6657288 ], [ -0.8734883, 41.6653626 ], [ -0.8734905, 41.6653009 ], [ -0.8734992, 41.6650132 ], [ -0.8735084, 41.6647247 ], [ -0.8735099, 41.6646405 ], [ -0.8735186, 41.6643384 ], [ -0.8735276, 41.6640235 ], [ -0.8735301, 41.6639385 ], [ -0.8735373, 41.6636879 ], [ -0.8735387, 41.6636394 ], [ -0.873539, 41.66363 ], [ -0.8735393, 41.6636193 ], [ -0.8734479, 41.6636175 ], [ -0.8728677, 41.663606 ], [ -0.8726822, 41.6636023 ], [ -0.8724185, 41.663597 ], [ -0.8719932, 41.6635885 ], [ -0.8719762, 41.6635885 ], [ -0.8719287, 41.6636711 ], [ -0.8718471, 41.6638892 ], [ -0.871678, 41.6644929 ], [ -0.8716509, 41.6647046 ], [ -0.871611, 41.6650175 ], [ -0.8715946, 41.6651766 ], [ -0.8715511, 41.6656971 ], [ -0.871525, 41.6660137 ], [ -0.8714283, 41.6663317 ], [ -0.8714239, 41.6665272 ] ] ] } },
{ "type": "Feature", "properties": { "CCAA": "02 - Aragón", "PROVINCIA": "50 - Zaragoza", "MUNICIPIO": "50297 - Zaragoza", "COD_MUNICIPIO": "50297", "DISTRITO": "10", "SECCION": "5029710016", "V1_H": 80.3, "V1_M": 86.18, "V2_H": 80.25682951, "V2_M": 86.26310791, "V3_H": 80.49886239, "V3_M": 86.29802272000001 }, "geometry": { "type": "Polygon", "coordinates": [ [ [ -0.8626063, 41.6793319 ], [ -0.8626581, 41.6794733 ], [ -0.8626883, 41.6795194 ], [ -0.8627277, 41.6795613 ], [ -0.8627754, 41.679598 ], [ -0.86283, 41.6796287 ], [ -0.8628905, 41.6796527 ], [ -0.8629553, 41.6796692 ], [ -0.8630226, 41.6796779 ], [ -0.863091, 41.6796786 ], [ -0.8631586, 41.6796713 ], [ -0.8632239, 41.6796562 ], [ -0.8632853, 41.6796335 ], [ -0.8633412, 41.679604 ], [ -0.8633901, 41.6795682 ], [ -0.8680239, 41.6794984 ], [ -0.8710535, 41.6794405 ], [ -0.8710661, 41.6794403 ], [ -0.8710904, 41.6786768 ], [ -0.8711047, 41.6782274 ], [ -0.8711302, 41.6774348 ], [ -0.8711337, 41.677294 ], [ -0.871202, 41.6754895 ], [ -0.871202, 41.6754893 ], [ -0.8712247, 41.6748585 ], [ -0.871243, 41.6743026 ], [ -0.8712472, 41.6741766 ], [ -0.8712499, 41.6740934 ], [ -0.8712571, 41.6736316 ], [ -0.871282, 41.6728769 ], [ -0.8712879, 41.6726078 ], [ -0.871288, 41.6726062 ], [ -0.8712891, 41.6725579 ], [ -0.8713032, 41.671926 ], [ -0.8713038, 41.6719001 ], [ -0.8713406, 41.6702581 ], [ -0.8713406, 41.6702574 ], [ -0.8713535, 41.6696753 ], [ -0.8713859, 41.6682306 ], [ -0.871404, 41.6674246 ], [ -0.8714239, 41.6665272 ], [ -0.8702624, 41.6662105 ], [ -0.8702581, 41.6662081 ], [ -0.869022, 41.665837 ], [ -0.8690197, 41.6658352 ], [ -0.8689864, 41.6658176 ], [ -0.866947, 41.664528 ], [ -0.8669463, 41.6645286 ], [ -0.8669445, 41.6645264 ], [ -0.8658896, 41.6631978 ], [ -0.8658002, 41.6632637 ], [ -0.8655003, 41.6635155 ], [ -0.8653263, 41.6636805 ], [ -0.8650406, 41.6639279 ], [ -0.8648817, 41.664064 ], [ -0.8647533, 41.6641854 ], [ -0.8644807, 41.6644438 ], [ -0.8653295, 41.6650602 ], [ -0.8666374, 41.6659654 ], [ -0.8671462, 41.6664877 ], [ -0.8675529, 41.6672813 ], [ -0.8675663, 41.6673534 ], [ -0.8676447, 41.6677802 ], [ -0.8675868, 41.66818 ], [ -0.8669383, 41.6695934 ], [ -0.8668549, 41.6697749 ], [ -0.8667895, 41.6699202 ], [ -0.8659308, 41.6718263 ], [ -0.8658103, 41.6720938 ], [ -0.8653078, 41.6732002 ], [ -0.8650329, 41.6738056 ], [ -0.8649328, 41.6740593 ], [ -0.8639724, 41.6761267 ], [ -0.8632003, 41.6784135 ], [ -0.8626063, 41.6793319 ] ] ] } },
{ "type": "Feature", "properties": { "CCAA": "02 - Aragón", "PROVINCIA": "50 - Zaragoza", "MUNICIPIO": "50297 - Zaragoza", "COD_MUNICIPIO": "50297", "DISTRITO": "10", "SECCION": "5029710018", "V1_H": 80.78, "V1_M": 86.64, "V2_H": 80.55514168000001, "V2_M": 86.45889906, "V3_H": 81.06237696, "V3_M": 86.87120108000001 }, "geometry": { "type": "Polygon", "coordinates": [ [ [ -0.8569596, 41.6791436 ], [ -0.8625488, 41.6794208 ], [ -0.8626063, 41.6793319 ], [ -0.8632003, 41.6784135 ], [ -0.8639724, 41.6761267 ], [ -0.8649328, 41.6740593 ], [ -0.8650329, 41.6738056 ], [ -0.8653078, 41.6732002 ], [ -0.8658103, 41.6720938 ], [ -0.8659308, 41.6718263 ], [ -0.8667895, 41.6699202 ], [ -0.8668549, 41.6697749 ], [ -0.8669383, 41.6695934 ], [ -0.8675868, 41.66818 ], [ -0.8676447, 41.6677802 ], [ -0.8675663, 41.6673534 ], [ -0.8675529, 41.6672813 ], [ -0.8671462, 41.6664877 ], [ -0.8666374, 41.6659654 ], [ -0.8653295, 41.6650602 ], [ -0.8644807, 41.6644438 ], [ -0.8647533, 41.6641854 ], [ -0.8648817, 41.664064 ], [ -0.8650406, 41.6639279 ], [ -0.8653263, 41.6636805 ], [ -0.8655003, 41.6635155 ], [ -0.8658002, 41.6632637 ], [ -0.8658896, 41.6631978 ], [ -0.8658909, 41.6631968 ], [ -0.8650148, 41.6621302 ], [ -0.8650007, 41.6621189 ], [ -0.8636835, 41.6626726 ], [ -0.8634434, 41.6627735 ], [ -0.8633074, 41.6628307 ], [ -0.8613248, 41.66367 ], [ -0.8601705, 41.6641587 ], [ -0.8596612, 41.6643742 ], [ -0.8585341, 41.6648223 ], [ -0.8583762, 41.664889 ], [ -0.8582815, 41.664929 ], [ -0.8580084, 41.6650442 ], [ -0.8572176, 41.6653779 ], [ -0.8563898, 41.6657273 ], [ -0.8558639, 41.6659492 ], [ -0.8557221, 41.6660091 ], [ -0.8551027, 41.6662705 ], [ -0.8539773, 41.6667454 ], [ -0.853002, 41.667157 ], [ -0.8523296, 41.6674407 ], [ -0.8524119, 41.6680118 ], [ -0.8526394, 41.6687745 ], [ -0.8540068, 41.6723314 ], [ -0.8550653, 41.6747211 ], [ -0.8556792, 41.6762257 ], [ -0.8562108, 41.6773495 ], [ -0.8569596, 41.6791436 ] ] ] } },
{ "type": "Feature", "properties": { "CCAA": "02 - Aragón", "PROVINCIA": "50 - Zaragoza", "MUNICIPIO": "50297 - Zaragoza", "COD_MUNICIPIO": "50297", "DISTRITO": "10", "SECCION": "5029710042", "V1_H": 81.47, "V1_M": 86.8, "V2_H": 81.3148143, "V2_M": 86.48589846, "V3_H": 81.69126572, "V3_M": 87.1320201 }, "geometry": { "type": "Polygon", "coordinates": [ [ [ -0.8861624, 41.6709886 ], [ -0.886184, 41.6709899 ], [ -0.8861969, 41.6709903 ], [ -0.8865989, 41.6710028 ], [ -0.886691, 41.6710056 ], [ -0.8870689, 41.6710173 ], [ -0.8872443, 41.6710227 ], [ -0.8876157, 41.6710342 ], [ -0.887813, 41.6710403 ], [ -0.8881368, 41.6710503 ], [ -0.8882852, 41.6710549 ], [ -0.8884745, 41.6710607 ], [ -0.8884733, 41.6711484 ], [ -0.8884696, 41.6713826 ], [ -0.8884681, 41.6714799 ], [ -0.8884681, 41.6714809 ], [ -0.888767, 41.6714824 ], [ -0.889347, 41.6714854 ], [ -0.8893992, 41.6714851 ], [ -0.8894026, 41.6707327 ], [ -0.8891833, 41.6700045 ], [ -0.888963, 41.6695877 ], [ -0.8887231, 41.6692863 ], [ -0.8886372, 41.6692011 ], [ -0.8883368, 41.6689029 ], [ -0.8882641, 41.6689436 ], [ -0.8877063, 41.6692682 ], [ -0.8863847, 41.670037 ], [ -0.8862199, 41.6701328 ], [ -0.8861731, 41.6701598 ], [ -0.8861731, 41.6701618 ], [ -0.8861712, 41.6702297 ], [ -0.8861686, 41.6704485 ], [ -0.8861636, 41.6708859 ], [ -0.8861629, 41.6709471 ], [ -0.8861624, 41.6709886 ] ] ] } },
{ "type": "Feature", "properties": { "CCAA": "02 - Aragón", "PROVINCIA": "50 - Zaragoza", "MUNICIPIO": "50297 - Zaragoza", "COD_MUNICIPIO": "50297", "DISTRITO": "10", "SECCION": "5029710044", "V1_H": 81.37, "V1_M": 86.85, "V2_H": 81.08688328, "V2_M": 86.76748373, "V3_H": 81.75507894, "V3_M": 87.07522296 }, "geometry": { "type": "Polygon", "coordinates": [ [ [ -0.8884681, 41.6714809 ], [ -0.8884628, 41.6718136 ], [ -0.8884596, 41.6719919 ], [ -0.887843, 41.6719709 ], [ -0.8871455, 41.6719668 ], [ -0.8868239, 41.6719671 ], [ -0.8865456, 41.6719685 ], [ -0.8859433, 41.6719697 ], [ -0.8856317, 41.6719685 ], [ -0.8851402, 41.6719808 ], [ -0.8844589, 41.6719785 ], [ -0.8841385, 41.6719775 ], [ -0.8839811, 41.6719759 ], [ -0.8839796, 41.6720223 ], [ -0.8839697, 41.67238 ], [ -0.8839628, 41.6727554 ], [ -0.8839604, 41.672953 ], [ -0.8839574, 41.6730484 ], [ -0.8842326, 41.67305 ], [ -0.8842341, 41.67305 ], [ -0.8849783, 41.6730543 ], [ -0.8861372, 41.6730622 ], [ -0.8868778, 41.6730673 ], [ -0.8869636, 41.6730678 ], [ -0.887819, 41.6730722 ], [ -0.8884429, 41.6730755 ], [ -0.889392, 41.6730804 ], [ -0.8893957, 41.67226 ], [ -0.8893987, 41.6715521 ], [ -0.8893992, 41.6714856 ], [ -0.8893992, 41.6714851 ], [ -0.889347, 41.6714854 ], [ -0.888767, 41.6714824 ], [ -0.8884681, 41.6714809 ] ] ] } },
{ "type": "Feature", "properties": { "CCAA": "02 - Aragón", "PROVINCIA": "50 - Zaragoza", "MUNICIPIO": "50297 - Zaragoza", "COD_MUNICIPIO": "50297", "DISTRITO": "10", "SECCION": "5029710051", "V1_H": 80.34, "V1_M": 85.99, "V2_H": 80.22806877, "V2_M": 85.94669411, "V3_H": 80.64200885, "V3_M": 86.09540763 }, "geometry": { "type": "Polygon", "coordinates": [ [ [ -0.8918746, 41.6701474 ], [ -0.8920556, 41.6704452 ], [ -0.8921896, 41.670675 ], [ -0.8930789, 41.6703538 ], [ -0.8932089, 41.6705396 ], [ -0.8936481, 41.6711741 ], [ -0.893917, 41.6715628 ], [ -0.894228, 41.6720121 ], [ -0.894368, 41.6722143 ], [ -0.8944278, 41.6723013 ], [ -0.8944282, 41.6723013 ], [ -0.8960929, 41.6720033 ], [ -0.8960375, 41.6716937 ], [ -0.8943491, 41.6691808 ], [ -0.8942511, 41.6692471 ], [ -0.8931103, 41.6696793 ], [ -0.8921101, 41.6700583 ], [ -0.8918807, 41.6701451 ], [ -0.8918746, 41.6701474 ] ] ] } },
{ "type": "Feature", "properties": { "CCAA": "02 - Aragón", "PROVINCIA": "50 - Zaragoza", "MUNICIPIO": "50297 - Zaragoza", "COD_MUNICIPIO": "50297", "DISTRITO": "10", "SECCION": "5029710053", "V1_H": 80.63, "V1_M": 86.52, "V2_H": 80.3855305, "V2_M": 86.44800565, "V3_H": 80.88841766, "V3_M": 86.66780776 }, "geometry": { "type": "Polygon", "coordinates": [ [ [ -0.8767272, 41.6693788 ], [ -0.87673, 41.669408 ], [ -0.876779, 41.6697758 ], [ -0.8768579, 41.6706403 ], [ -0.8768709, 41.6707822 ], [ -0.8769807, 41.6718697 ], [ -0.876998, 41.6720315 ], [ -0.87702, 41.6722386 ], [ -0.8770798, 41.672799 ], [ -0.8770823, 41.6730111 ], [ -0.878523, 41.6730184 ], [ -0.8792403, 41.673022 ], [ -0.8796387, 41.6730239 ], [ -0.8803142, 41.6730276 ], [ -0.8803156, 41.6730276 ], [ -0.8803207, 41.6728789 ], [ -0.8803574, 41.6725534 ], [ -0.8803951, 41.6722098 ], [ -0.8803803, 41.672094 ], [ -0.8802845, 41.671345 ], [ -0.8802016, 41.6703566 ], [ -0.8801701, 41.6701189 ], [ -0.8801408, 41.669897 ], [ -0.8801356, 41.6698378 ], [ -0.8800854, 41.6692729 ], [ -0.8800536, 41.6688759 ], [ -0.8781919, 41.6688512 ], [ -0.8781786, 41.669256 ], [ -0.8775417, 41.6692451 ], [ -0.8767126, 41.6692309 ], [ -0.8767272, 41.6693788 ] ] ] } },
{ "type": "Feature", "properties": { "CCAA": "02 - Aragón", "PROVINCIA": "50 - Zaragoza", "MUNICIPIO": "50297 - Zaragoza", "COD_MUNICIPIO": "50297", "DISTRITO": "10", "SECCION": "5029710076", "V1_H": 81.02, "V1_M": 86.64, "V2_H": 80.81080237, "V2_M": 86.47452022, "V3_H": 81.32513937, "V3_M": 86.89244175 }, "geometry": { "type": "Polygon", "coordinates": [ [ [ -0.8828131, 41.6701128 ], [ -0.8828122, 41.6701731 ], [ -0.8828061, 41.6706359 ], [ -0.882804, 41.6707993 ], [ -0.8831072, 41.6708009 ], [ -0.8835532, 41.6708032 ], [ -0.8835535, 41.670992 ], [ -0.8835524, 41.6711369 ], [ -0.8835509, 41.6713267 ], [ -0.8839442, 41.6713636 ], [ -0.8839514, 41.6714454 ], [ -0.8840541, 41.6714481 ], [ -0.8845747, 41.6714529 ], [ -0.8852785, 41.6714595 ], [ -0.88587, 41.671465 ], [ -0.8861587, 41.6714674 ], [ -0.8861609, 41.6711249 ], [ -0.8861624, 41.6709886 ], [ -0.8861629, 41.6709471 ], [ -0.8861636, 41.6708859 ], [ -0.8861686, 41.6704485 ], [ -0.8861712, 41.6702297 ], [ -0.8861731, 41.6701618 ], [ -0.8859727, 41.6701571 ], [ -0.8853696, 41.670146 ], [ -0.8845588, 41.6701311 ], [ -0.8837011, 41.670118 ], [ -0.8830035, 41.6701163 ], [ -0.8828502, 41.6701135 ], [ -0.8828131, 41.6701128 ] ] ] } },
{ "type": "Feature", "properties": { "CCAA": "02 - Aragón", "PROVINCIA": "50 - Zaragoza", "MUNICIPIO": "50297 - Zaragoza", "COD_MUNICIPIO": "50297", "DISTRITO": "10", "SECCION": "5029710078", "V1_H": 81.47, "V1_M": 86.8, "V2_H": 81.3148143, "V2_M": 86.48589846, "V3_H": 81.69126572, "V3_M": 87.1320201 }, "geometry": { "type": "Polygon", "coordinates": [ [ [ -0.8893377, 41.6774033 ], [ -0.8893301, 41.6779927 ], [ -0.8893256, 41.6783371 ], [ -0.8894333, 41.6784894 ], [ -0.8896329, 41.6787719 ], [ -0.8898213, 41.6790227 ], [ -0.8898683, 41.6790852 ], [ -0.8899647, 41.6792403 ], [ -0.8899646, 41.6792452 ], [ -0.8899972, 41.6791938 ], [ -0.8901432, 41.6789908 ], [ -0.8903025, 41.6788205 ], [ -0.8904185, 41.6786726 ], [ -0.8906266, 41.6784245 ], [ -0.890632, 41.6781596 ], [ -0.8906361, 41.6780018 ], [ -0.8913903, 41.6780077 ], [ -0.8921383, 41.6780136 ], [ -0.893186, 41.6780218 ], [ -0.893192, 41.6780219 ], [ -0.8931949, 41.6780004 ], [ -0.893218, 41.6776994 ], [ -0.8932499, 41.6772667 ], [ -0.8932006, 41.6766256 ], [ -0.8932109, 41.6763316 ], [ -0.8932165, 41.6761975 ], [ -0.8932203, 41.67606 ], [ -0.8929021, 41.6760577 ], [ -0.8906706, 41.6760421 ], [ -0.8906805, 41.6753922 ], [ -0.8906918, 41.6746524 ], [ -0.8906927, 41.6745916 ], [ -0.8893829, 41.6745783 ], [ -0.8893824, 41.6746706 ], [ -0.8893583, 41.6760227 ], [ -0.8893492, 41.6765328 ], [ -0.8893462, 41.6767623 ], [ -0.8893377, 41.6774033 ] ] ] } },
{ "type": "Feature", "properties": { "CCAA": "02 - Aragón", "PROVINCIA": "50 - Zaragoza", "MUNICIPIO": "50297 - Zaragoza", "COD_MUNICIPIO": "50297", "DISTRITO": "08", "SECCION": "5029708019", "V1_H": 80.78, "V1_M": 86.64, "V2_H": 80.55514168000001, "V2_M": 86.45889906, "V3_H": 81.06237696, "V3_M": 86.87120108000001 }, "geometry": { "type": "Polygon", "coordinates": [ [ [ -0.9259798, 41.6450377 ], [ -0.926002, 41.6450394 ], [ -0.9263291, 41.6449886 ], [ -0.9267552, 41.6449603 ], [ -0.9272266, 41.6449547 ], [ -0.9279982, 41.6449465 ], [ -0.9284853, 41.6449481 ], [ -0.9298246, 41.6449549 ], [ -0.9304214, 41.6449579 ], [ -0.9313203, 41.6449624 ], [ -0.9322591, 41.6449771 ], [ -0.9330556, 41.6449895 ], [ -0.9338659, 41.6449809 ], [ -0.9339368, 41.6449785 ], [ -0.9342007, 41.6449577 ], [ -0.9342803, 41.6449462 ], [ -0.933943, 41.64252 ], [ -0.9338449, 41.64189 ], [ -0.93372, 41.6406986 ], [ -0.9336718, 41.640695 ], [ -0.933566, 41.6406777 ], [ -0.933296, 41.6405989 ], [ -0.9332563, 41.6405849 ], [ -0.9332231, 41.6405728 ], [ -0.9329522, 41.6404742 ], [ -0.9328072, 41.6404215 ], [ -0.9326469, 41.6403632 ], [ -0.9324675, 41.6402979 ], [ -0.9322369, 41.6402149 ], [ -0.9320969, 41.640163 ], [ -0.9318315, 41.6400665 ], [ -0.9307049, 41.6396566 ], [ -0.9306403, 41.6396543 ], [ -0.9305283, 41.6398714 ], [ -0.9301055, 41.6397368 ], [ -0.9295678, 41.6395658 ], [ -0.9294316, 41.63994 ], [ -0.9293711, 41.6400381 ], [ -0.9291597, 41.6403805 ], [ -0.9289106, 41.6407842 ], [ -0.9288154, 41.6409385 ], [ -0.9286734, 41.6411685 ], [ -0.9285, 41.6414495 ], [ -0.928464, 41.6415077 ], [ -0.928265, 41.6418302 ], [ -0.9280552, 41.6421702 ], [ -0.9275618, 41.6429694 ], [ -0.9275338, 41.6430135 ], [ -0.9272192, 41.643508 ], [ -0.9271166, 41.6436762 ], [ -0.9265605, 41.6445858 ], [ -0.9263389, 41.6449139 ], [ -0.9259798, 41.6450377 ] ] ] } },
{ "type": "Feature", "properties": { "CCAA": "02 - Aragón", "PROVINCIA": "50 - Zaragoza", "MUNICIPIO": "50297 - Zaragoza", "COD_MUNICIPIO": "50297", "DISTRITO": "09", "SECCION": "5029709018", "V1_H": 80.0, "V1_M": 86.03, "V2_H": 79.84963877, "V2_M": 86.04281727, "V3_H": 80.29290896000001, "V3_M": 86.20578322 }, "geometry": { "type": "Polygon", "coordinates": [ [ [ -0.88008, 41.6292377 ], [ -0.8803985, 41.6293183 ], [ -0.8812377, 41.6295191 ], [ -0.8813535, 41.6295229 ], [ -0.8818103, 41.6295375 ], [ -0.8822695, 41.6295522 ], [ -0.8822567, 41.6293482 ], [ -0.8822535, 41.6292452 ], [ -0.8822648, 41.6291343 ], [ -0.8822416, 41.6287827 ], [ -0.8824397, 41.6287665 ], [ -0.8828852, 41.6287302 ], [ -0.8834214, 41.6286866 ], [ -0.8840245, 41.6286376 ], [ -0.8840113, 41.6284003 ], [ -0.8839749, 41.6282916 ], [ -0.8838018, 41.6278996 ], [ -0.8837144, 41.6277018 ], [ -0.8836033, 41.6274501 ], [ -0.883452, 41.6274256 ], [ -0.8832906, 41.6274167 ], [ -0.8831496, 41.6274091 ], [ -0.8826747, 41.6273836 ], [ -0.8822952, 41.6273632 ], [ -0.8816301, 41.6273274 ], [ -0.8809152, 41.6272886 ], [ -0.8808414, 41.6272037 ], [ -0.8808094, 41.6271523 ], [ -0.8807816, 41.6271066 ], [ -0.8806157, 41.6272588 ], [ -0.8805945, 41.6272782 ], [ -0.8803559, 41.6272606 ], [ -0.8803217, 41.6272559 ], [ -0.8801789, 41.6272365 ], [ -0.8800067, 41.6272283 ], [ -0.8798631, 41.6272225 ], [ -0.8797437, 41.6272275 ], [ -0.8796621, 41.6272251 ], [ -0.8795022, 41.6272189 ], [ -0.8793844, 41.6272143 ], [ -0.8793706, 41.6272138 ], [ -0.879377, 41.6272386 ], [ -0.8793778, 41.6272475 ], [ -0.879387, 41.6273495 ], [ -0.8793754, 41.6274327 ], [ -0.8793332, 41.6276978 ], [ -0.8798084, 41.6277285 ], [ -0.8799267, 41.6277362 ], [ -0.8801667, 41.6277491 ], [ -0.8802944, 41.6277829 ], [ -0.8804389, 41.6278413 ], [ -0.8805416, 41.6279025 ], [ -0.8806272, 41.6279892 ], [ -0.8806878, 41.628077 ], [ -0.8807352, 41.6281427 ], [ -0.8807554, 41.6281754 ], [ -0.8807697, 41.6282341 ], [ -0.8807728, 41.62826 ], [ -0.8807917, 41.6284311 ], [ -0.8807872, 41.6285839 ], [ -0.8807856, 41.6285984 ], [ -0.8807687, 41.6286168 ], [ -0.8807103, 41.6286785 ], [ -0.8806962, 41.628696 ], [ -0.8806499, 41.6287392 ], [ -0.8804072, 41.6289521 ], [ -0.8803453, 41.6290061 ], [ -0.880151, 41.6291757 ], [ -0.88008, 41.6292377 ] ] ] } },
{ "type": "Feature", "properties": { "CCAA": "02 - Aragón", "PROVINCIA": "50 - Zaragoza", "MUNICIPIO": "50297 - Zaragoza", "COD_MUNICIPIO": "50297", "DISTRITO": "09", "SECCION": "5029709020", "V1_H": 80.65, "V1_M": 86.42, "V2_H": 80.32339709, "V2_M": 86.16224497, "V3_H": 80.9318118, "V3_M": 86.73476557 }, "geometry": { "type": "Polygon", "coordinates": [ [ [ -0.8785383, 41.6297057 ], [ -0.8787996, 41.6296444 ], [ -0.8789432, 41.6296297 ], [ -0.879043, 41.6296272 ], [ -0.8791793, 41.6296472 ], [ -0.879358, 41.6297026 ], [ -0.8795419, 41.6298007 ], [ -0.8799973, 41.6293098 ], [ -0.88008, 41.6292377 ], [ -0.880151, 41.6291757 ], [ -0.8803453, 41.6290061 ], [ -0.8804072, 41.6289521 ], [ -0.8806499, 41.6287392 ], [ -0.8806962, 41.628696 ], [ -0.8807103, 41.6286785 ], [ -0.8807687, 41.6286168 ], [ -0.8807856, 41.6285984 ], [ -0.8807872, 41.6285839 ], [ -0.8807917, 41.6284311 ], [ -0.8807728, 41.62826 ], [ -0.8807697, 41.6282341 ], [ -0.8807554, 41.6281754 ], [ -0.8807352, 41.6281427 ], [ -0.8806878, 41.628077 ], [ -0.8806272, 41.6279892 ], [ -0.8805416, 41.6279025 ], [ -0.8804389, 41.6278413 ], [ -0.8802944, 41.6277829 ], [ -0.8801667, 41.6277491 ], [ -0.8799267, 41.6277362 ], [ -0.8798084, 41.6277285 ], [ -0.8793332, 41.6276978 ], [ -0.8793754, 41.6274327 ], [ -0.879387, 41.6273495 ], [ -0.8793778, 41.6272475 ], [ -0.879377, 41.6272386 ], [ -0.8793706, 41.6272138 ], [ -0.8793302, 41.6270567 ], [ -0.8792916, 41.6269119 ], [ -0.879279, 41.626816 ], [ -0.8792685, 41.6267372 ], [ -0.8792425, 41.6263504 ], [ -0.8792171, 41.6259716 ], [ -0.8792153, 41.6259441 ], [ -0.8792694, 41.6255681 ], [ -0.8791557, 41.6255094 ], [ -0.8790194, 41.6254655 ], [ -0.8788626, 41.625415 ], [ -0.8786864, 41.6253576 ], [ -0.878548, 41.6252836 ], [ -0.8782919, 41.6252028 ], [ -0.8780452, 41.6251252 ], [ -0.8780082, 41.6251133 ], [ -0.8780082, 41.6251131 ], [ -0.8777393, 41.6255688 ], [ -0.8776367, 41.625624 ], [ -0.8775934, 41.625684 ], [ -0.8774586, 41.6258752 ], [ -0.8773171, 41.6260634 ], [ -0.8771552, 41.6262785 ], [ -0.8771307, 41.6263092 ], [ -0.8770361, 41.6264161 ], [ -0.8769468, 41.6265171 ], [ -0.8768381, 41.62664 ], [ -0.8768295, 41.6266497 ], [ -0.8768209, 41.6266595 ], [ -0.876798, 41.6266853 ], [ -0.8767006, 41.6269093 ], [ -0.8766389, 41.6271225 ], [ -0.8766136, 41.6272115 ], [ -0.8763952, 41.6275684 ], [ -0.8763528, 41.6276198 ], [ -0.8762604, 41.6277316 ], [ -0.8763936, 41.6278574 ], [ -0.8766288, 41.6279958 ], [ -0.8766614, 41.628015 ], [ -0.8768272, 41.6280949 ], [ -0.8769843, 41.6281706 ], [ -0.8772765, 41.6283114 ], [ -0.8775168, 41.6284263 ], [ -0.8775344, 41.628413 ], [ -0.8777849, 41.6283072 ], [ -0.8777806, 41.6283312 ], [ -0.8777902, 41.6284319 ], [ -0.8778111, 41.6285175 ], [ -0.8778525, 41.6285904 ], [ -0.8778859, 41.6286443 ], [ -0.8779671, 41.6287692 ], [ -0.8781146, 41.6290021 ], [ -0.8782183, 41.629166 ], [ -0.8783054, 41.6293031 ], [ -0.8784051, 41.6294585 ], [ -0.878525, 41.6296755 ], [ -0.8785383, 41.6297057 ] ] ] } },
{ "type": "Feature", "properties": { "CCAA": "02 - Aragón", "PROVINCIA": "50 - Zaragoza", "MUNICIPIO": "50297 - Zaragoza", "COD_MUNICIPIO": "50297", "DISTRITO": "10", "SECCION": "5029710001", "V1_H": 80.78, "V1_M": 86.64, "V2_H": 80.55514168000001, "V2_M": 86.45889906, "V3_H": 81.06237696, "V3_M": 86.87120108000001 }, "geometry": { "type": "Polygon", "coordinates": [ [ [ -0.8806418, 41.6634551 ], [ -0.8803072, 41.6653378 ], [ -0.8801166, 41.6666047 ], [ -0.8801133, 41.6666447 ], [ -0.8810558, 41.6661068 ], [ -0.8816283, 41.6657064 ], [ -0.8818235, 41.6655699 ], [ -0.8820773, 41.6653924 ], [ -0.8823524, 41.6652106 ], [ -0.8828916, 41.6648566 ], [ -0.8834587, 41.6644844 ], [ -0.8836702, 41.6643456 ], [ -0.8838576, 41.6642226 ], [ -0.8840302, 41.6644279 ], [ -0.8841173, 41.6645173 ], [ -0.8845693, 41.6649815 ], [ -0.8846097, 41.6650229 ], [ -0.8848427, 41.6652621 ], [ -0.8849585, 41.6653811 ], [ -0.8850225, 41.6654478 ], [ -0.8851601, 41.6655957 ], [ -0.8852797, 41.6657246 ], [ -0.8853367, 41.6657014 ], [ -0.8858727, 41.6654404 ], [ -0.8859994, 41.6653787 ], [ -0.8860818, 41.6653385 ], [ -0.8866534, 41.6649699 ], [ -0.8872738, 41.6645008 ], [ -0.887565, 41.6642508 ], [ -0.887699, 41.6641269 ], [ -0.8881065, 41.6637159 ], [ -0.8882609, 41.6635604 ], [ -0.8885794, 41.6632386 ], [ -0.8889564, 41.6628576 ], [ -0.889079, 41.6627218 ], [ -0.8902856, 41.6613856 ], [ -0.8876943, 41.6598869 ], [ -0.8858377, 41.6591475 ], [ -0.8858364, 41.6591469 ], [ -0.8851748, 41.6588835 ], [ -0.8817114, 41.6584897 ], [ -0.8815292, 41.6584653 ], [ -0.8815289, 41.6584653 ], [ -0.8811049, 41.6608493 ], [ -0.8810645, 41.6610763 ], [ -0.8807061, 41.6630935 ], [ -0.8806421, 41.6634536 ], [ -0.8806418, 41.6634551 ] ] ] } },
{ "type": "Feature", "properties": { "CCAA": "02 - Aragón", "PROVINCIA": "50 - Zaragoza", "MUNICIPIO": "50297 - Zaragoza", "COD_MUNICIPIO": "50297", "DISTRITO": "10", "SECCION": "5029710026", "V1_H": 80.11, "V1_M": 85.95, "V2_H": 80.1609953, "V2_M": 86.03869322, "V3_H": 80.32004483, "V3_M": 85.9872989 }, "geometry": { "type": "Polygon", "coordinates": [ [ [ -0.8626057, 41.6613001 ], [ -0.862864, 41.6616333 ], [ -0.8631321, 41.6619791 ], [ -0.8633384, 41.6618914 ], [ -0.8644757, 41.6614173 ], [ -0.8639509, 41.6607327 ], [ -0.8633686, 41.6609784 ], [ -0.8630645, 41.6611095 ], [ -0.8626057, 41.6613001 ] ] ] } },
{ "type": "Feature", "properties": { "CCAA": "02 - Aragón", "PROVINCIA": "50 - Zaragoza", "MUNICIPIO": "50297 - Zaragoza", "COD_MUNICIPIO": "50297", "DISTRITO": "10", "SECCION": "5029710028", "V1_H": 80.21, "V1_M": 86.09, "V2_H": 80.08965404, "V2_M": 85.91309697, "V3_H": 80.44476746, "V3_M": 86.42186139 }, "geometry": { "type": "Polygon", "coordinates": [ [ [ -0.8597276, 41.663538 ], [ -0.8601705, 41.6641587 ], [ -0.8613248, 41.66367 ], [ -0.8633074, 41.6628307 ], [ -0.8634434, 41.6627735 ], [ -0.8636835, 41.6626726 ], [ -0.8633272, 41.6622305 ], [ -0.8631321, 41.6619791 ], [ -0.8613527, 41.6627346 ], [ -0.8608578, 41.6629447 ], [ -0.8609131, 41.6630201 ], [ -0.860913, 41.6630202 ], [ -0.8597276, 41.663538 ] ] ] } },
{ "type": "Feature", "properties": { "CCAA": "02 - Aragón", "PROVINCIA": "50 - Zaragoza", "MUNICIPIO": "50297 - Zaragoza", "COD_MUNICIPIO": "50297", "DISTRITO": "10", "SECCION": "5029710035", "V1_H": 81.4, "V1_M": 86.8, "V2_H": 81.08162797, "V2_M": 86.57651574, "V3_H": 81.67802952, "V3_M": 87.10412253 }, "geometry": { "type": "Polygon", "coordinates": [ [ [ -0.8589824, 41.6595887 ], [ -0.8602586, 41.6596492 ], [ -0.8602118, 41.6604871 ], [ -0.8613282, 41.6605614 ], [ -0.861336, 41.6604827 ], [ -0.8613449, 41.6603914 ], [ -0.8615279, 41.6586338 ], [ -0.8611377, 41.65861 ], [ -0.8606706, 41.6585814 ], [ -0.8600785, 41.6585452 ], [ -0.8595562, 41.6585133 ], [ -0.8590748, 41.6584838 ], [ -0.8590661, 41.6584712 ], [ -0.859062, 41.6583849 ], [ -0.8590679, 41.6582514 ], [ -0.8590815, 41.6579842 ], [ -0.8590101, 41.6577844 ], [ -0.8587705, 41.6573843 ], [ -0.8587107, 41.6572846 ], [ -0.8586018, 41.6571002 ], [ -0.8585988, 41.6570604 ], [ -0.8582789, 41.657095 ], [ -0.8582647, 41.6571144 ], [ -0.858191, 41.6571089 ], [ -0.8580909, 41.6571166 ], [ -0.8579591, 41.6571277 ], [ -0.85768, 41.6571485 ], [ -0.8575512, 41.6571437 ], [ -0.8574541, 41.6571339 ], [ -0.857372, 41.6571158 ], [ -0.8570043, 41.657115 ], [ -0.8568188, 41.6571281 ], [ -0.856703, 41.6571363 ], [ -0.8543664, 41.6570768 ], [ -0.8537554, 41.65694 ], [ -0.8534848, 41.6568795 ], [ -0.8533391, 41.6568469 ], [ -0.8527992, 41.6567261 ], [ -0.8524994, 41.656659 ], [ -0.8524645, 41.6566512 ], [ -0.8524455, 41.6566469 ], [ -0.8524413, 41.6566714 ], [ -0.8523909, 41.6569969 ], [ -0.8522903, 41.6576465 ], [ -0.8522164, 41.6581243 ], [ -0.8522017, 41.658219 ], [ -0.8521605, 41.658485 ], [ -0.8529472, 41.6586883 ], [ -0.8532613, 41.6587695 ], [ -0.8536129, 41.6588604 ], [ -0.8543474, 41.6589596 ], [ -0.8545435, 41.658986 ], [ -0.8552034, 41.6590802 ], [ -0.855357, 41.6590855 ], [ -0.8558353, 41.6591022 ], [ -0.8560507, 41.6591096 ], [ -0.8560563, 41.6591098 ], [ -0.8560564, 41.6591097 ], [ -0.8561084, 41.659048 ], [ -0.8561274, 41.6590256 ], [ -0.8561914, 41.6589497 ], [ -0.8562668, 41.6588592 ], [ -0.8563613, 41.6587497 ], [ -0.8565277, 41.6585515 ], [ -0.8567186, 41.6583256 ], [ -0.8568651, 41.6581464 ], [ -0.8571149, 41.6581562 ], [ -0.8574673, 41.6581701 ], [ -0.8577104, 41.6581772 ], [ -0.8579366, 41.6581819 ], [ -0.8579478, 41.6581811 ], [ -0.8579649, 41.6582005 ], [ -0.8580053, 41.6582463 ], [ -0.8581156, 41.6582617 ], [ -0.8582022, 41.6583809 ], [ -0.8582639, 41.6584659 ], [ -0.8584833, 41.6587681 ], [ -0.8585247, 41.6588251 ], [ -0.8586914, 41.6590548 ], [ -0.8590339, 41.6590704 ], [ -0.859019, 41.6592138 ], [ -0.8590189, 41.6592143 ], [ -0.8590148, 41.659254 ], [ -0.8590142, 41.6592601 ], [ -0.8590172, 41.6592602 ], [ -0.8589824, 41.6595887 ] ] ] } },
{ "type": "Feature", "properties": { "CCAA": "02 - Aragón", "PROVINCIA": "50 - Zaragoza", "MUNICIPIO": "50297 - Zaragoza", "COD_MUNICIPIO": "50297", "DISTRITO": "10", "SECCION": "5029710058", "V1_H": 81.1, "V1_M": 86.64, "V2_H": 80.60081217, "V2_M": 86.48118059, "V3_H": 81.51550291, "V3_M": 86.87452308 }, "geometry": { "type": "Polygon", "coordinates": [ [ [ -0.8867819, 41.6660477 ], [ -0.8871034, 41.6663225 ], [ -0.887211, 41.6664213 ], [ -0.8872917, 41.6664951 ], [ -0.8878146, 41.6669744 ], [ -0.8887202, 41.6666296 ], [ -0.8902137, 41.6660609 ], [ -0.8914046, 41.665616 ], [ -0.8910505, 41.6651191 ], [ -0.8906513, 41.6652679 ], [ -0.890059, 41.6654794 ], [ -0.8899604, 41.6655156 ], [ -0.8899031, 41.6655366 ], [ -0.8898732, 41.6655476 ], [ -0.8894487, 41.6657034 ], [ -0.889312, 41.6655037 ], [ -0.8891031, 41.6651939 ], [ -0.8888968, 41.665274 ], [ -0.8882845, 41.6654882 ], [ -0.8872288, 41.6658758 ], [ -0.8870619, 41.6659371 ], [ -0.8867819, 41.6660477 ] ] ] } },
{ "type": "Feature", "properties": { "CCAA": "02 - Aragón", "PROVINCIA": "50 - Zaragoza", "MUNICIPIO": "50297 - Zaragoza", "COD_MUNICIPIO": "50297", "DISTRITO": "10", "SECCION": "5029710060", "V1_H": 81.68, "V1_M": 87.08, "V2_H": 81.12537096, "V2_M": 86.91948792, "V3_H": 82.31095034000001, "V3_M": 87.32789848 }, "geometry": { "type": "Polygon", "coordinates": [ [ [ -0.8692397, 41.6620396 ], [ -0.8708855, 41.6629215 ], [ -0.8714842, 41.6619443 ], [ -0.8728429, 41.6597264 ], [ -0.8728953, 41.6594867 ], [ -0.8728327, 41.6591467 ], [ -0.872826, 41.6591349 ], [ -0.8728907, 41.6589534 ], [ -0.8730758, 41.6587743 ], [ -0.8730521, 41.6586098 ], [ -0.8730364, 41.6584936 ], [ -0.8730317, 41.6584434 ], [ -0.873028, 41.6584454 ], [ -0.8726526, 41.6586342 ], [ -0.8723046, 41.6588092 ], [ -0.8719281, 41.6589987 ], [ -0.871411, 41.6592587 ], [ -0.8712423, 41.6593435 ], [ -0.8712056, 41.659362 ], [ -0.870206, 41.6598649 ], [ -0.8696473, 41.6601458 ], [ -0.8693553, 41.660274 ], [ -0.868572, 41.6606173 ], [ -0.8675574, 41.6610438 ], [ -0.8675407, 41.6610509 ], [ -0.8680819, 41.6614348 ], [ -0.8692591, 41.6620188 ], [ -0.8692397, 41.6620396 ] ] ] } },
{ "type": "Feature", "properties": { "CCAA": "02 - Aragón", "PROVINCIA": "50 - Zaragoza", "MUNICIPIO": "50297 - Zaragoza", "COD_MUNICIPIO": "50297", "DISTRITO": "10", "SECCION": "5029710067", "V1_H": 81.4, "V1_M": 86.8, "V2_H": 81.08162797, "V2_M": 86.57651574, "V3_H": 81.67802952, "V3_M": 87.10412253 }, "geometry": { "type": "Polygon", "coordinates": [ [ [ -0.8644757, 41.6614173 ], [ -0.8646487, 41.6616428 ], [ -0.864726, 41.6617436 ], [ -0.8649104, 41.6619841 ], [ -0.8649889, 41.6620865 ], [ -0.8650095, 41.6621152 ], [ -0.8658799, 41.6617491 ], [ -0.8675407, 41.6610509 ], [ -0.8675574, 41.6610438 ], [ -0.868572, 41.6606173 ], [ -0.8693553, 41.660274 ], [ -0.8690644, 41.6594084 ], [ -0.8688583, 41.6587771 ], [ -0.8688547, 41.6587522 ], [ -0.8688176, 41.6586408 ], [ -0.868727, 41.6588127 ], [ -0.8687178, 41.6588152 ], [ -0.8684997, 41.6591905 ], [ -0.8680164, 41.6590052 ], [ -0.868016, 41.659003 ], [ -0.8666389, 41.6585072 ], [ -0.8662633, 41.6587195 ], [ -0.8668502, 41.6594214 ], [ -0.8660454, 41.659799 ], [ -0.8643144, 41.660611 ], [ -0.8639509, 41.6607327 ], [ -0.8644757, 41.6614173 ] ] ] } },
{ "type": "Feature", "properties": { "CCAA": "02 - Aragón", "PROVINCIA": "50 - Zaragoza", "MUNICIPIO": "50297 - Zaragoza", "COD_MUNICIPIO": "50297", "DISTRITO": "10", "SECCION": "5029710069", "V1_H": 80.54, "V1_M": 86.2, "V2_H": 80.39552864, "V2_M": 86.0597654, "V3_H": 80.75568151, "V3_M": 86.47868922000001 }, "geometry": { "type": "Polygon", "coordinates": [ [ [ -0.8710535, 41.6794405 ], [ -0.8710644, 41.6796236 ], [ -0.8729061, 41.6796371 ], [ -0.8745157, 41.6796476 ], [ -0.874526, 41.6790575 ], [ -0.8745335, 41.6787033 ], [ -0.8745924, 41.6786866 ], [ -0.8746146, 41.6781545 ], [ -0.874639, 41.6773404 ], [ -0.8746048, 41.6773504 ], [ -0.8743244, 41.6774321 ], [ -0.8736, 41.6775532 ], [ -0.8730172, 41.6775997 ], [ -0.8727475, 41.6775914 ], [ -0.8721515, 41.6775697 ], [ -0.8721019, 41.6775679 ], [ -0.8711302, 41.6774348 ], [ -0.8711047, 41.6782274 ], [ -0.8710904, 41.6786768 ], [ -0.8710661, 41.6794403 ], [ -0.8710535, 41.6794405 ] ] ] } },
{ "type": "Feature", "properties": { "CCAA": "02 - Aragón", "PROVINCIA": "50 - Zaragoza", "MUNICIPIO": "50297 - Zaragoza", "COD_MUNICIPIO": "50297", "DISTRITO": "10", "SECCION": "5029710062", "V1_H": 81.04, "V1_M": 86.55, "V2_H": 80.90626992, "V2_M": 86.32523903000001, "V3_H": 81.22678782, "V3_M": 86.81274177 }, "geometry": { "type": "Polygon", "coordinates": [ [ [ -0.8840977, 41.676584 ], [ -0.8840873, 41.6769027 ], [ -0.8835347, 41.6769016 ], [ -0.883537, 41.6773789 ], [ -0.8868529, 41.6773941 ], [ -0.8870739, 41.6773836 ], [ -0.8893377, 41.6774033 ], [ -0.8893462, 41.6767623 ], [ -0.8893492, 41.6765328 ], [ -0.8868169, 41.6765146 ], [ -0.8866949, 41.6765137 ], [ -0.8841693, 41.6764955 ], [ -0.8840977, 41.676584 ] ] ] } },
{ "type": "Feature", "properties": { "CCAA": "02 - Aragón", "PROVINCIA": "50 - Zaragoza", "MUNICIPIO": "50297 - Zaragoza", "COD_MUNICIPIO": "50297", "DISTRITO": "10", "SECCION": "5029710063", "V1_H": 81.9, "V1_M": 87.09, "V2_H": 81.63118556000001, "V2_M": 87.01244814, "V3_H": 82.24024873, "V3_M": 87.26921271000001 }, "geometry": { "type": "Polygon", "coordinates": [ [ [ -0.8883368, 41.6689029 ], [ -0.8886372, 41.6692011 ], [ -0.8896646, 41.66867 ], [ -0.8896497, 41.6686564 ], [ -0.8905483, 41.6683115 ], [ -0.891697, 41.6678705 ], [ -0.8917716, 41.6678418 ], [ -0.8913654, 41.6672469 ], [ -0.8898172, 41.6678413 ], [ -0.889393, 41.6672199 ], [ -0.8891792, 41.6673019 ], [ -0.8887202, 41.6666296 ], [ -0.8878146, 41.6669744 ], [ -0.8872917, 41.6664951 ], [ -0.887211, 41.6664213 ], [ -0.8871034, 41.6663225 ], [ -0.8867819, 41.6660477 ], [ -0.8866446, 41.6663719 ], [ -0.8863797, 41.6664974 ], [ -0.8859719, 41.6664695 ], [ -0.8864526, 41.6669868 ], [ -0.8870033, 41.6675793 ], [ -0.8870912, 41.6676669 ], [ -0.8876796, 41.6682507 ], [ -0.8877323, 41.6683031 ], [ -0.8877328, 41.6683035 ], [ -0.8881821, 41.6687494 ], [ -0.888326, 41.6688921 ], [ -0.8883368, 41.6689029 ] ] ] } },
{ "type": "Feature", "properties": { "CCAA": "02 - Aragón", "PROVINCIA": "50 - Zaragoza", "MUNICIPIO": "50297 - Zaragoza", "COD_MUNICIPIO": "50297", "DISTRITO": "10", "SECCION": "5029710066", "V1_H": 81.37, "V1_M": 86.85, "V2_H": 81.08688328, "V2_M": 86.76748373, "V3_H": 81.75507894, "V3_M": 87.07522296 }, "geometry": { "type": "Polygon", "coordinates": [ [ [ -0.8624242, 41.653062 ], [ -0.8607303, 41.6553106 ], [ -0.860384, 41.6558656 ], [ -0.8603256, 41.656335 ], [ -0.8603674, 41.6567956 ], [ -0.8605178, 41.6572047 ], [ -0.8608655, 41.657687 ], [ -0.8616973, 41.6584582 ], [ -0.8621161, 41.6579585 ], [ -0.8622993, 41.6577398 ], [ -0.8625002, 41.6575 ], [ -0.8628384, 41.6570484 ], [ -0.8634625, 41.6579341 ], [ -0.8635572, 41.6580685 ], [ -0.8636908, 41.6580214 ], [ -0.8638714, 41.6579479 ], [ -0.8643882, 41.6577181 ], [ -0.8652407, 41.657339 ], [ -0.8656837, 41.6574023 ], [ -0.8663702, 41.6574312 ], [ -0.8672524, 41.6574829 ], [ -0.8677252, 41.6574934 ], [ -0.8680482, 41.6574912 ], [ -0.8681233, 41.6574904 ], [ -0.8681542, 41.6574901 ], [ -0.8681541, 41.6574877 ], [ -0.8681496, 41.6573829 ], [ -0.8681214, 41.6568275 ], [ -0.8676745, 41.6568403 ], [ -0.8672973, 41.6568511 ], [ -0.866946, 41.6568611 ], [ -0.8665286, 41.6568736 ], [ -0.8665527, 41.6566043 ], [ -0.8666006, 41.6560696 ], [ -0.8666282, 41.6557077 ], [ -0.8666808, 41.6550195 ], [ -0.8667335, 41.6546348 ], [ -0.8667739, 41.6543471 ], [ -0.8667709, 41.6543462 ], [ -0.8624242, 41.653062 ] ] ] } },
{ "type": "Feature", "properties": { "CCAA": "02 - Aragón", "PROVINCIA": "50 - Zaragoza", "MUNICIPIO": "50297 - Zaragoza", "COD_MUNICIPIO": "50297", "DISTRITO": "10", "SECCION": "5029710081", "V1_H": 80.78, "V1_M": 86.63, "V2_H": 80.78050334, "V2_M": 86.59104663, "V3_H": 80.85502768000001, "V3_M": 86.88271981 }, "geometry": { "type": "Polygon", "coordinates": [ [ [ -0.874639, 41.6773404 ], [ -0.8746146, 41.6781545 ], [ -0.8745924, 41.6786866 ], [ -0.8745335, 41.6787033 ], [ -0.874526, 41.6790575 ], [ -0.8745157, 41.6796476 ], [ -0.8762973, 41.6796605 ], [ -0.8778861, 41.679672 ], [ -0.879649, 41.6755954 ], [ -0.8766577, 41.6755219 ], [ -0.8765803, 41.6756798 ], [ -0.8763518, 41.676079 ], [ -0.8760112, 41.6764836 ], [ -0.875984, 41.6765159 ], [ -0.8759241, 41.6765867 ], [ -0.8755007, 41.6769473 ], [ -0.8753063, 41.6770557 ], [ -0.8750686, 41.677187 ], [ -0.8750632, 41.67719 ], [ -0.8749609, 41.6772464 ], [ -0.8748424, 41.677281 ], [ -0.87464, 41.6773401 ], [ -0.874639, 41.6773404 ] ] ] } },
{ "type": "Feature", "properties": { "CCAA": "02 - Aragón", "PROVINCIA": "50 - Zaragoza", "MUNICIPIO": "50297 - Zaragoza", "COD_MUNICIPIO": "50297", "DISTRITO": "12", "SECCION": "5029712005", "V1_H": 80.34, "V1_M": 85.99, "V2_H": 80.22806877, "V2_M": 85.94669411, "V3_H": 80.64200885, "V3_M": 86.09540763 }, "geometry": { "type": "Polygon", "coordinates": [ [ [ -1.0371859, 41.7273714 ], [ -1.0374616, 41.7273986 ], [ -1.0375281, 41.7273862 ], [ -1.0375281, 41.7273862 ], [ -1.0377647, 41.7271201 ], [ -1.0374559, 41.7265276 ], [ -1.0372252, 41.726085 ], [ -1.0371513, 41.7259433 ], [ -1.0372229, 41.7257644 ], [ -1.0372356, 41.725742 ], [ -1.037388, 41.7254745 ], [ -1.0380772, 41.7241578 ], [ -1.0382871, 41.7238304 ], [ -1.0383171, 41.7237836 ], [ -1.0382816, 41.7237661 ], [ -1.0379508, 41.7236027 ], [ -1.0372765, 41.7232696 ], [ -1.0370563, 41.7231609 ], [ -1.0362616, 41.7227407 ], [ -1.0360197, 41.7226298 ], [ -1.0357122, 41.7224852 ], [ -1.0356322, 41.7224471 ], [ -1.0355268, 41.7223937 ], [ -1.0352623, 41.7222599 ], [ -1.0350173, 41.7221359 ], [ -1.0347793, 41.7220252 ], [ -1.0344175, 41.7218573 ], [ -1.0341338, 41.7217268 ], [ -1.0339665, 41.7216495 ], [ -1.0336012, 41.7214806 ], [ -1.0333263, 41.7213489 ], [ -1.033023, 41.7212027 ], [ -1.0327663, 41.7210788 ], [ -1.0320019, 41.7207101 ], [ -1.0318349, 41.7206295 ], [ -1.0314667, 41.7204519 ], [ -1.0307533, 41.7201077 ], [ -1.0306447, 41.7200553 ], [ -1.0306262, 41.7200769 ], [ -1.0304452, 41.7202783 ], [ -1.0298094, 41.7205003 ], [ -1.0295234, 41.7208306 ], [ -1.0294001, 41.720972 ], [ -1.0292782, 41.7210792 ], [ -1.0297419, 41.7213057 ], [ -1.0296647, 41.7214393 ], [ -1.0295787, 41.7215782 ], [ -1.0292985, 41.7220305 ], [ -1.0292497, 41.7221138 ], [ -1.029321, 41.7221744 ], [ -1.029437, 41.7223109 ], [ -1.0295488, 41.7224968 ], [ -1.0296344, 41.7226391 ], [ -1.0294389, 41.7228709 ], [ -1.029279, 41.7230605 ], [ -1.0291872, 41.7231685 ], [ -1.0291672, 41.723194 ], [ -1.0291414, 41.7232191 ], [ -1.0295972, 41.7234761 ], [ -1.0295975, 41.7234762 ], [ -1.0295978, 41.7234765 ], [ -1.0299123, 41.7237041 ], [ -1.0301202, 41.7238524 ], [ -1.0302429, 41.7239379 ], [ -1.0304688, 41.7240685 ], [ -1.0307879, 41.7242513 ], [ -1.0307882, 41.7242515 ], [ -1.0312734, 41.7245315 ], [ -1.0317381, 41.7249318 ], [ -1.0317381, 41.7249318 ], [ -1.0319157, 41.725071 ], [ -1.0322265, 41.7253138 ], [ -1.0327807, 41.7256979 ], [ -1.0329624, 41.7257599 ], [ -1.0331193, 41.7258135 ], [ -1.0334073, 41.7259308 ], [ -1.0334132, 41.7259332 ], [ -1.0336856, 41.7260446 ], [ -1.0341845, 41.7262486 ], [ -1.0350137, 41.7265877 ], [ -1.0355234, 41.7267962 ], [ -1.0359796, 41.7269828 ], [ -1.0363784, 41.7271459 ], [ -1.036549, 41.7272157 ], [ -1.0365494, 41.7272158 ], [ -1.0366001, 41.7272395 ], [ -1.0366151, 41.7272427 ], [ -1.0366152, 41.7272428 ], [ -1.0371859, 41.7273714 ] ] ] } },
{ "type": "Feature", "properties": { "CCAA": "02 - Aragón", "PROVINCIA": "50 - Zaragoza", "MUNICIPIO": "50297 - Zaragoza", "COD_MUNICIPIO": "50297", "DISTRITO": "12", "SECCION": "5029712008", "V1_H": 80.31, "V1_M": 86.3, "V2_H": 80.10187432, "V2_M": 86.1135989, "V3_H": 80.75259804, "V3_M": 86.72412179 }, "geometry": { "type": "Polygon", "coordinates": [ [ [ -1.0281195, 41.7188278 ], [ -1.028159, 41.7188472 ], [ -1.0282617, 41.7188973 ], [ -1.0282622, 41.7188975 ], [ -1.0282725, 41.7188887 ], [ -1.0283259, 41.7188461 ], [ -1.0283768, 41.7188054 ], [ -1.0284926, 41.7187132 ], [ -1.0286647, 41.7185762 ], [ -1.0287663, 41.718495 ], [ -1.0287755, 41.7184876 ], [ -1.0288574, 41.7184222 ], [ -1.028904, 41.718385 ], [ -1.0291156, 41.7182157 ], [ -1.0292228, 41.7181297 ], [ -1.0293871, 41.717998 ], [ -1.0295376, 41.7178773 ], [ -1.0296158, 41.7178145 ], [ -1.029782, 41.7176812 ], [ -1.0298063, 41.7176449 ], [ -1.0298728, 41.7175918 ], [ -1.0299057, 41.7175656 ], [ -1.029907, 41.7175646 ], [ -1.0299603, 41.7175245 ], [ -1.0299819, 41.7175065 ], [ -1.0300456, 41.7174631 ], [ -1.030069, 41.7174449 ], [ -1.0301238, 41.717398 ], [ -1.0301241, 41.7173978 ], [ -1.0301746, 41.7173612 ], [ -1.0302109, 41.7173351 ], [ -1.030268, 41.7172849 ], [ -1.0303858, 41.7172007 ], [ -1.0306211, 41.7170402 ], [ -1.0306819, 41.7169987 ], [ -1.0305992, 41.7169389 ], [ -1.030487, 41.7168578 ], [ -1.0302429, 41.7166816 ], [ -1.0300477, 41.7165406 ], [ -1.0299057, 41.7164381 ], [ -1.0298622, 41.7164729 ], [ -1.0298175, 41.7165065 ], [ -1.0297497, 41.7165531 ], [ -1.029698, 41.7165892 ], [ -1.0295533, 41.7167047 ], [ -1.0294701, 41.7167711 ], [ -1.0293487, 41.7168568 ], [ -1.0292979, 41.7168889 ], [ -1.0291406, 41.7169862 ], [ -1.0290481, 41.7170388 ], [ -1.0290386, 41.7170327 ], [ -1.0290294, 41.7170269 ], [ -1.0289278, 41.7169564 ], [ -1.0288731, 41.7169185 ], [ -1.0286186, 41.716742 ], [ -1.0284632, 41.7166342 ], [ -1.028443, 41.7166073 ], [ -1.0285117, 41.7165078 ], [ -1.0286989, 41.7163376 ], [ -1.0287387, 41.7163027 ], [ -1.0285549, 41.7161882 ], [ -1.0284073, 41.7160963 ], [ -1.0283278, 41.7160467 ], [ -1.0281898, 41.7159608 ], [ -1.0280788, 41.7158917 ], [ -1.0279659, 41.7158213 ], [ -1.0279041, 41.7157828 ], [ -1.0278918, 41.7157762 ], [ -1.0276923, 41.715838 ], [ -1.0274521, 41.7160275 ], [ -1.0269594, 41.7164154 ], [ -1.0266642, 41.7166354 ], [ -1.0258678, 41.7171261 ], [ -1.0254116, 41.7174043 ], [ -1.025392, 41.7174223 ], [ -1.0254272, 41.717437 ], [ -1.0256261, 41.7175403 ], [ -1.0258018, 41.7176316 ], [ -1.0263596, 41.7179214 ], [ -1.0267196, 41.7181085 ], [ -1.0271159, 41.7183144 ], [ -1.0274834, 41.7185053 ], [ -1.0276546, 41.7185943 ], [ -1.0278397, 41.7186904 ], [ -1.0280256, 41.718782 ], [ -1.0280941, 41.7188154 ], [ -1.0281061, 41.7188213 ], [ -1.0281195, 41.7188278 ] ] ] } },
{ "type": "Feature", "properties": { "CCAA": "02 - Aragón", "PROVINCIA": "50 - Zaragoza", "MUNICIPIO": "50297 - Zaragoza", "COD_MUNICIPIO": "50297", "DISTRITO": "10", "SECCION": "5029710061", "V1_H": 81.47, "V1_M": 86.75, "V2_H": 81.12898066, "V2_M": 86.51613614, "V3_H": 81.81510349, "V3_M": 87.06728245 }, "geometry": { "type": "Polygon", "coordinates": [ [ [ -0.8836147, 41.6759516 ], [ -0.8836092, 41.6765699 ], [ -0.8840977, 41.676584 ], [ -0.8841693, 41.6764955 ], [ -0.8866949, 41.6765137 ], [ -0.8868169, 41.6765146 ], [ -0.8868153, 41.6763721 ], [ -0.8868161, 41.6759925 ], [ -0.8868239, 41.6757537 ], [ -0.8868321, 41.6755038 ], [ -0.8868548, 41.6752069 ], [ -0.8868711, 41.6747097 ], [ -0.8868732, 41.6746467 ], [ -0.8868729, 41.6746323 ], [ -0.8868715, 41.6746323 ], [ -0.8849473, 41.6746029 ], [ -0.8849615, 41.6750891 ], [ -0.8835753, 41.6750748 ], [ -0.8835594, 41.6753288 ], [ -0.8834497, 41.6754567 ], [ -0.883434, 41.6759367 ], [ -0.8836149, 41.6759372 ], [ -0.8836147, 41.6759516 ] ] ] } },
{ "type": "Feature", "properties": { "CCAA": "02 - Aragón", "PROVINCIA": "50 - Zaragoza", "MUNICIPIO": "50297 - Zaragoza", "COD_MUNICIPIO": "50297", "DISTRITO": "10", "SECCION": "5029710075", "V1_H": 80.85, "V1_M": 86.44, "V2_H": 80.47892397, "V2_M": 86.23437891, "V3_H": 81.22204479, "V3_M": 86.80010662 }, "geometry": { "type": "Polygon", "coordinates": [ [ [ -0.8577513, 41.6591688 ], [ -0.8577567, 41.6591689 ], [ -0.85846, 41.6591934 ], [ -0.8586297, 41.6591993 ], [ -0.8589856, 41.6592117 ], [ -0.8590189, 41.6592143 ], [ -0.859019, 41.6592138 ], [ -0.8590339, 41.6590704 ], [ -0.8586914, 41.6590548 ], [ -0.8585247, 41.6588251 ], [ -0.8584833, 41.6587681 ], [ -0.8582639, 41.6584659 ], [ -0.8582022, 41.6583809 ], [ -0.8581156, 41.6582617 ], [ -0.8580053, 41.6582463 ], [ -0.8579649, 41.6582005 ], [ -0.8579478, 41.6581811 ], [ -0.8579366, 41.6581819 ], [ -0.8577104, 41.6581772 ], [ -0.8574673, 41.6581701 ], [ -0.8571149, 41.6581562 ], [ -0.8568651, 41.6581464 ], [ -0.8567186, 41.6583256 ], [ -0.8565277, 41.6585515 ], [ -0.8563613, 41.6587497 ], [ -0.8562668, 41.6588592 ], [ -0.8561914, 41.6589497 ], [ -0.8561274, 41.6590256 ], [ -0.8561084, 41.659048 ], [ -0.8560564, 41.6591097 ], [ -0.8560724, 41.6591104 ], [ -0.8562315, 41.6591159 ], [ -0.8563947, 41.6591216 ], [ -0.8569765, 41.6591418 ], [ -0.857162, 41.6591483 ], [ -0.8575675, 41.6591624 ], [ -0.8577513, 41.6591688 ] ] ] } },
{ "type": "Feature", "properties": { "CCAA": "02 - Aragón", "PROVINCIA": "50 - Zaragoza", "MUNICIPIO": "50297 - Zaragoza", "COD_MUNICIPIO": "50297", "DISTRITO": "10", "SECCION": "5029710086", "V1_H": 80.99, "V1_M": 86.66, "V2_H": 80.84822772, "V2_M": 86.63128417, "V3_H": 81.25601163, "V3_M": 86.83891366 }, "geometry": { "type": "Polygon", "coordinates": [ [ [ -0.8727636, 41.6867142 ], [ -0.8755897, 41.6868042 ], [ -0.8755476, 41.6880815 ], [ -0.8775151, 41.6881617 ], [ -0.8776327, 41.6879957 ], [ -0.8778828, 41.6826844 ], [ -0.8777448, 41.6798658 ], [ -0.873039, 41.6863198 ], [ -0.8727673, 41.6867088 ], [ -0.8727636, 41.6867142 ] ] ] } },
{ "type": "Feature", "properties": { "CCAA": "02 - Aragón", "PROVINCIA": "50 - Zaragoza", "MUNICIPIO": "50297 - Zaragoza", "COD_MUNICIPIO": "50297", "DISTRITO": "11", "SECCION": "5029711010", "V1_H": 81.0, "V1_M": 86.46, "V2_H": 80.73228769000001, "V2_M": 86.26471443, "V3_H": 81.28044537, "V3_M": 86.73149122 }, "geometry": { "type": "Polygon", "coordinates": [ [ [ -0.8346122, 41.672599 ], [ -0.834621, 41.6725964 ], [ -0.8353236, 41.67237 ], [ -0.8362051, 41.6719098 ], [ -0.835987, 41.6732477 ], [ -0.8350373, 41.6757407 ], [ -0.8438234, 41.677159 ], [ -0.8434182, 41.6752813 ], [ -0.8430219, 41.6740507 ], [ -0.8420746, 41.6709142 ], [ -0.8417929, 41.6709089 ], [ -0.8416383, 41.6708747 ], [ -0.8416409, 41.6708632 ], [ -0.8403974, 41.6706683 ], [ -0.8398955, 41.6703035 ], [ -0.839611, 41.6700967 ], [ -0.8391793, 41.6697829 ], [ -0.8390405, 41.6696841 ], [ -0.8389763, 41.6696412 ], [ -0.8388253, 41.6695405 ], [ -0.8387148, 41.6694668 ], [ -0.8384763, 41.6693077 ], [ -0.8381541, 41.6690928 ], [ -0.8380169, 41.6690012 ], [ -0.8377725, 41.6688382 ], [ -0.8376723, 41.6687711 ], [ -0.8374611, 41.6686213 ], [ -0.837165, 41.6684117 ], [ -0.8371091, 41.668372 ], [ -0.8367583, 41.6681276 ], [ -0.8366986, 41.6680861 ], [ -0.836497, 41.667955 ], [ -0.8362595, 41.6678083 ], [ -0.8361273, 41.6677347 ], [ -0.8360435, 41.6676964 ], [ -0.8359827, 41.6676718 ], [ -0.835886, 41.667636 ], [ -0.8357739, 41.6676022 ], [ -0.8355189, 41.6675463 ], [ -0.8351875, 41.6674982 ], [ -0.8350011, 41.6674713 ], [ -0.8348226, 41.6674454 ], [ -0.8347831, 41.6675888 ], [ -0.8348328, 41.6681623 ], [ -0.834853, 41.6688248 ], [ -0.8347107, 41.6689869 ], [ -0.8347028, 41.6689959 ], [ -0.8347273, 41.6690201 ], [ -0.8348659, 41.6690813 ], [ -0.8355438, 41.6693872 ], [ -0.8358985, 41.6695346 ], [ -0.836038, 41.6695724 ], [ -0.8360196, 41.6696541 ], [ -0.8359465, 41.6699694 ], [ -0.8358273, 41.6702602 ], [ -0.8356459, 41.6705382 ], [ -0.8354157, 41.6708739 ], [ -0.8351887, 41.6711159 ], [ -0.8348663, 41.6714029 ], [ -0.8344341, 41.6716996 ], [ -0.8343833, 41.6718159 ], [ -0.8341691, 41.6721402 ], [ -0.8340561, 41.6722436 ], [ -0.8339131, 41.6723113 ], [ -0.833688, 41.6724946 ], [ -0.833499, 41.6727611 ], [ -0.8344528, 41.6726463 ], [ -0.8346122, 41.672599 ] ] ] } },
{ "type": "Feature", "properties": { "CCAA": "02 - Aragón", "PROVINCIA": "50 - Zaragoza", "MUNICIPIO": "50297 - Zaragoza", "COD_MUNICIPIO": "50297", "DISTRITO": "10", "SECCION": "5029710083", "V1_H": 81.0, "V1_M": 86.46, "V2_H": 80.73228769000001, "V2_M": 86.26471443, "V3_H": 81.28044537, "V3_M": 86.73149122 }, "geometry": { "type": "Polygon", "coordinates": [ [ [ -0.8524455, 41.6566469 ], [ -0.8524645, 41.6566512 ], [ -0.8524994, 41.656659 ], [ -0.8527992, 41.6567261 ], [ -0.8533391, 41.6568469 ], [ -0.8534848, 41.6568795 ], [ -0.8537554, 41.65694 ], [ -0.8543664, 41.6570768 ], [ -0.856703, 41.6571363 ], [ -0.8568188, 41.6571281 ], [ -0.8570043, 41.657115 ], [ -0.857372, 41.6571158 ], [ -0.8574541, 41.6571339 ], [ -0.8575512, 41.6571437 ], [ -0.85768, 41.6571485 ], [ -0.8579591, 41.6571277 ], [ -0.8580909, 41.6571166 ], [ -0.858191, 41.6571089 ], [ -0.8582647, 41.6571144 ], [ -0.8582789, 41.657095 ], [ -0.8585988, 41.6570604 ], [ -0.8587212, 41.6554713 ], [ -0.8577341, 41.6553653 ], [ -0.8576538, 41.6553561 ], [ -0.8575504, 41.6553443 ], [ -0.8567803, 41.6552249 ], [ -0.8556943, 41.6550549 ], [ -0.8559587, 41.6526768 ], [ -0.8575312, 41.6529149 ], [ -0.8582308, 41.6519396 ], [ -0.8579991, 41.6518964 ], [ -0.8580111, 41.6518256 ], [ -0.8537889, 41.6507545 ], [ -0.8480253, 41.6497091 ], [ -0.8481122, 41.6500793 ], [ -0.8481851, 41.6503714 ], [ -0.8481559, 41.6506759 ], [ -0.8479996, 41.6508831 ], [ -0.8480033, 41.6508959 ], [ -0.8478012, 41.6523314 ], [ -0.8478974, 41.6526859 ], [ -0.8483647, 41.6530676 ], [ -0.8483665, 41.6530846 ], [ -0.8487404, 41.6536823 ], [ -0.8489846, 41.6540607 ], [ -0.8497479, 41.6548763 ], [ -0.849787, 41.6552298 ], [ -0.8497156, 41.655848 ], [ -0.8495565, 41.6562409 ], [ -0.8505477, 41.6563875 ], [ -0.8524451, 41.6566468 ], [ -0.8524455, 41.6566469 ] ] ] } },
{ "type": "Feature", "properties": { "CCAA": "02 - Aragón", "PROVINCIA": "50 - Zaragoza", "MUNICIPIO": "50297 - Zaragoza", "COD_MUNICIPIO": "50297", "DISTRITO": "10", "SECCION": "5029710087", "V1_H": 79.89, "V1_M": 85.97, "V2_H": 79.67266264, "V2_M": 85.8368825, "V3_H": 80.33686579, "V3_M": 86.2809331 }, "geometry": { "type": "Polygon", "coordinates": [ [ [ -0.8536321, 41.6787309 ], [ -0.8565629, 41.6791239 ], [ -0.8569596, 41.6791436 ], [ -0.8562108, 41.6773495 ], [ -0.8556792, 41.6762257 ], [ -0.8550653, 41.6747211 ], [ -0.8540068, 41.6723314 ], [ -0.8526394, 41.6687745 ], [ -0.8524119, 41.6680118 ], [ -0.8523296, 41.6674407 ], [ -0.8519527, 41.6675997 ], [ -0.8513713, 41.6678451 ], [ -0.8497663, 41.6685223 ], [ -0.8492683, 41.6687324 ], [ -0.8484386, 41.6690755 ], [ -0.8478094, 41.6693326 ], [ -0.8466094, 41.6698372 ], [ -0.846017, 41.6700855 ], [ -0.8450896, 41.6704763 ], [ -0.8444985, 41.6707254 ], [ -0.8443864, 41.6707698 ], [ -0.8438124, 41.6709657 ], [ -0.8434794, 41.6710158 ], [ -0.8429031, 41.6710218 ], [ -0.8425663, 41.6710297 ], [ -0.842555, 41.6709782 ], [ -0.8424501, 41.6709715 ], [ -0.842442, 41.6709211 ], [ -0.842088, 41.6709145 ], [ -0.8420746, 41.6709142 ], [ -0.8430219, 41.6740507 ], [ -0.8434182, 41.6752813 ], [ -0.8438234, 41.677159 ], [ -0.8438862, 41.6772033 ], [ -0.8495046, 41.6782054 ], [ -0.8504717, 41.678307 ], [ -0.8536321, 41.6787309 ] ] ] } },
{ "type": "Feature", "properties": { "CCAA": "02 - Aragón", "PROVINCIA": "50 - Zaragoza", "MUNICIPIO": "50297 - Zaragoza", "COD_MUNICIPIO": "50297", "DISTRITO": "11", "SECCION": "5029711019", "V1_H": 81.37, "V1_M": 86.85, "V2_H": 81.08688328, "V2_M": 86.76748373, "V3_H": 81.75507894, "V3_M": 87.07522296 }, "geometry": { "type": "Polygon", "coordinates": [ [ [ -0.8347107, 41.6689869 ], [ -0.8345164, 41.668936 ], [ -0.834209, 41.6687738 ], [ -0.8339277, 41.6690812 ], [ -0.8335342, 41.669621 ], [ -0.8330121, 41.6702677 ], [ -0.8327693, 41.6706696 ], [ -0.832553, 41.6709 ], [ -0.8322634, 41.670832 ], [ -0.8319971, 41.6713117 ], [ -0.8315765, 41.6720385 ], [ -0.8312445, 41.6726107 ], [ -0.8317029, 41.6730764 ], [ -0.8317607, 41.6730582 ], [ -0.8323116, 41.6728851 ], [ -0.8334677, 41.6727649 ], [ -0.833499, 41.6727611 ], [ -0.833688, 41.6724946 ], [ -0.8339131, 41.6723113 ], [ -0.8340561, 41.6722436 ], [ -0.8341691, 41.6721402 ], [ -0.8343833, 41.6718159 ], [ -0.8344341, 41.6716996 ], [ -0.8348663, 41.6714029 ], [ -0.8351887, 41.6711159 ], [ -0.8354157, 41.6708739 ], [ -0.8356459, 41.6705382 ], [ -0.8358273, 41.6702602 ], [ -0.8359465, 41.6699694 ], [ -0.8360196, 41.6696541 ], [ -0.836038, 41.6695724 ], [ -0.8358985, 41.6695346 ], [ -0.8355438, 41.6693872 ], [ -0.8348659, 41.6690813 ], [ -0.8347273, 41.6690201 ], [ -0.8347028, 41.6689959 ], [ -0.8347107, 41.6689869 ] ] ] } },
{ "type": "Feature", "properties": { "CCAA": "02 - Aragón", "PROVINCIA": "50 - Zaragoza", "MUNICIPIO": "50297 - Zaragoza", "COD_MUNICIPIO": "50297", "DISTRITO": "10", "SECCION": "5029710005", "V1_H": 80.06, "V1_M": 86.09, "V2_H": 79.80248703, "V2_M": 86.14116428, "V3_H": 80.46064959, "V3_M": 86.17412372 }, "geometry": { "type": "Polygon", "coordinates": [ [ [ -0.873877, 41.6599262 ], [ -0.8747329, 41.6602139 ], [ -0.8747934, 41.6601283 ], [ -0.8748888, 41.6599941 ], [ -0.8749039, 41.6599728 ], [ -0.8748992, 41.6599712 ], [ -0.874941, 41.6599275 ], [ -0.875096, 41.6597361 ], [ -0.875129, 41.6596981 ], [ -0.8752018, 41.6595301 ], [ -0.8754369, 41.6589884 ], [ -0.8754387, 41.6589914 ], [ -0.8754407, 41.658979 ], [ -0.8754546, 41.6589559 ], [ -0.8754548, 41.6589556 ], [ -0.875453, 41.6589533 ], [ -0.8752003, 41.6586255 ], [ -0.8750936, 41.658487 ], [ -0.8749976, 41.6583624 ], [ -0.8749683, 41.6583236 ], [ -0.8747485, 41.6582672 ], [ -0.8746378, 41.6582388 ], [ -0.8746253, 41.6582582 ], [ -0.8744609, 41.6585127 ], [ -0.8742425, 41.6590411 ], [ -0.8739885, 41.6596561 ], [ -0.8739821, 41.6596716 ], [ -0.873877, 41.6599262 ] ] ] } },
{ "type": "Feature", "properties": { "CCAA": "02 - Aragón", "PROVINCIA": "50 - Zaragoza", "MUNICIPIO": "50297 - Zaragoza", "COD_MUNICIPIO": "50297", "DISTRITO": "10", "SECCION": "5029710021", "V1_H": 80.21, "V1_M": 86.09, "V2_H": 80.08965404, "V2_M": 85.91309697, "V3_H": 80.44476746, "V3_M": 86.42186139 }, "geometry": { "type": "Polygon", "coordinates": [ [ [ -0.8688176, 41.6586408 ], [ -0.8688547, 41.6587522 ], [ -0.8688583, 41.6587771 ], [ -0.8690644, 41.6594084 ], [ -0.8693553, 41.660274 ], [ -0.8696473, 41.6601458 ], [ -0.870206, 41.6598649 ], [ -0.8712056, 41.659362 ], [ -0.8705668, 41.6588602 ], [ -0.8700448, 41.6584502 ], [ -0.8691824, 41.6580424 ], [ -0.8689732, 41.6583731 ], [ -0.8688764, 41.6585259 ], [ -0.8688743, 41.6585333 ], [ -0.8688176, 41.6586408 ] ] ] } },
{ "type": "Feature", "properties": { "CCAA": "02 - Aragón", "PROVINCIA": "50 - Zaragoza", "MUNICIPIO": "50297 - Zaragoza", "COD_MUNICIPIO": "50297", "DISTRITO": "10", "SECCION": "5029710024", "V1_H": 80.27, "V1_M": 86.36, "V2_H": 80.04050342, "V2_M": 86.25745667, "V3_H": 80.55487256000001, "V3_M": 86.64917866 }, "geometry": { "type": "Polygon", "coordinates": [ [ [ -0.8596201, 41.661263 ], [ -0.8598219, 41.6615373 ], [ -0.859966, 41.6617332 ], [ -0.8603471, 41.662251 ], [ -0.8612947, 41.6618412 ], [ -0.861466, 41.661771 ], [ -0.8616049, 41.6617157 ], [ -0.8626057, 41.6613001 ], [ -0.8630645, 41.6611095 ], [ -0.8633686, 41.6609784 ], [ -0.8639509, 41.6607327 ], [ -0.8636862, 41.6603875 ], [ -0.8633858, 41.6604604 ], [ -0.8633178, 41.6604761 ], [ -0.8631299, 41.6605161 ], [ -0.8621581, 41.6607229 ], [ -0.8612942, 41.6609068 ], [ -0.8596201, 41.661263 ] ] ] } },
{ "type": "Feature", "properties": { "CCAA": "02 - Aragón", "PROVINCIA": "50 - Zaragoza", "MUNICIPIO": "50297 - Zaragoza", "COD_MUNICIPIO": "50297", "DISTRITO": "10", "SECCION": "5029710039", "V1_H": 81.18, "V1_M": 86.79, "V2_H": 80.97904731, "V2_M": 86.77314473, "V3_H": 81.44010912, "V3_M": 86.96351832000001 }, "geometry": { "type": "Polygon", "coordinates": [ [ [ -0.8800536, 41.6688759 ], [ -0.8800854, 41.6692729 ], [ -0.8801356, 41.6698378 ], [ -0.8801408, 41.669897 ], [ -0.8801701, 41.6701189 ], [ -0.8808396, 41.6701022 ], [ -0.8810845, 41.6701035 ], [ -0.8824196, 41.6701109 ], [ -0.8824277, 41.669668 ], [ -0.8830523, 41.6696755 ], [ -0.8830711, 41.6691041 ], [ -0.8826639, 41.6690886 ], [ -0.8826684, 41.6687177 ], [ -0.882674, 41.6682549 ], [ -0.8826742, 41.6682414 ], [ -0.8826797, 41.6677908 ], [ -0.8835853, 41.6678029 ], [ -0.883586, 41.6676524 ], [ -0.8837786, 41.6676534 ], [ -0.8849888, 41.6676596 ], [ -0.8870912, 41.6676669 ], [ -0.8870033, 41.6675793 ], [ -0.8864526, 41.6669868 ], [ -0.8859719, 41.6664695 ], [ -0.8852797, 41.6657246 ], [ -0.8852122, 41.6657521 ], [ -0.8849093, 41.6658752 ], [ -0.8847598, 41.665936 ], [ -0.8843327, 41.6661096 ], [ -0.884078, 41.6661854 ], [ -0.8836861, 41.6663016 ], [ -0.8835609, 41.6663387 ], [ -0.88351, 41.6663529 ], [ -0.8833767, 41.6663844 ], [ -0.8827316, 41.6665359 ], [ -0.8823848, 41.6665897 ], [ -0.8822108, 41.6666167 ], [ -0.8821156, 41.6666266 ], [ -0.8813237, 41.6667062 ], [ -0.8809563, 41.6667129 ], [ -0.8802449, 41.6667255 ], [ -0.8801071, 41.6667221 ], [ -0.880107, 41.6667227 ], [ -0.880103, 41.6667734 ], [ -0.8800376, 41.6675844 ], [ -0.8799983, 41.668071 ], [ -0.8799982, 41.6680715 ], [ -0.8799948, 41.6681241 ], [ -0.8800077, 41.6682904 ], [ -0.8800294, 41.6685569 ], [ -0.8800426, 41.6687385 ], [ -0.8800523, 41.6688607 ], [ -0.8800536, 41.6688759 ] ] ] } },
{ "type": "Feature", "properties": { "CCAA": "02 - Aragón", "PROVINCIA": "50 - Zaragoza", "MUNICIPIO": "50297 - Zaragoza", "COD_MUNICIPIO": "50297", "DISTRITO": "10", "SECCION": "5029710041", "V1_H": 81.55, "V1_M": 86.88, "V2_H": 81.46298126000001, "V2_M": 86.741846, "V3_H": 81.68783029, "V3_M": 87.18580847 }, "geometry": { "type": "Polygon", "coordinates": [ [ [ -0.8826684, 41.6687177 ], [ -0.8826639, 41.6690886 ], [ -0.8830711, 41.6691041 ], [ -0.8830523, 41.6696755 ], [ -0.8824277, 41.669668 ], [ -0.8824196, 41.6701109 ], [ -0.8828131, 41.6701128 ], [ -0.8828502, 41.6701135 ], [ -0.8830035, 41.6701163 ], [ -0.8837011, 41.670118 ], [ -0.8845588, 41.6701311 ], [ -0.8853696, 41.670146 ], [ -0.8859727, 41.6701571 ], [ -0.8861731, 41.6701618 ], [ -0.8861731, 41.6701598 ], [ -0.8862199, 41.6701328 ], [ -0.8863847, 41.670037 ], [ -0.8877063, 41.6692682 ], [ -0.8882641, 41.6689436 ], [ -0.8883368, 41.6689029 ], [ -0.888326, 41.6688921 ], [ -0.8881821, 41.6687494 ], [ -0.8826684, 41.6687177 ] ] ] } },
{ "type": "Feature", "properties": { "CCAA": "02 - Aragón", "PROVINCIA": "50 - Zaragoza", "MUNICIPIO": "50297 - Zaragoza", "COD_MUNICIPIO": "50297", "DISTRITO": "10", "SECCION": "5029710054", "V1_H": 80.55, "V1_M": 86.21, "V2_H": 80.25181467, "V2_M": 85.94546636, "V3_H": 81.01047082, "V3_M": 86.65561049 }, "geometry": { "type": "Polygon", "coordinates": [ [ [ -0.8766577, 41.6755219 ], [ -0.879649, 41.6755954 ], [ -0.879867, 41.6751269 ], [ -0.8801573, 41.6743196 ], [ -0.88028, 41.6736584 ], [ -0.8802932, 41.6734506 ], [ -0.8803142, 41.6730276 ], [ -0.8796387, 41.6730239 ], [ -0.8792403, 41.673022 ], [ -0.878523, 41.6730184 ], [ -0.8770823, 41.6730111 ], [ -0.8770961, 41.6742849 ], [ -0.8770653, 41.6744277 ], [ -0.877009, 41.6746412 ], [ -0.8768207, 41.6751892 ], [ -0.8766577, 41.6755219 ] ] ] } },
{ "type": "Feature", "properties": { "CCAA": "02 - Aragón", "PROVINCIA": "50 - Zaragoza", "MUNICIPIO": "50297 - Zaragoza", "COD_MUNICIPIO": "50297", "DISTRITO": "10", "SECCION": "5029710056", "V1_H": 80.16, "V1_M": 86.09, "V2_H": 80.12695049, "V2_M": 86.02539962, "V3_H": 80.31827198000001, "V3_M": 86.38244546 }, "geometry": { "type": "Polygon", "coordinates": [ [ [ -0.8899521, 41.6797117 ], [ -0.8908822, 41.6797502 ], [ -0.8927798, 41.6798041 ], [ -0.8930159, 41.6798108 ], [ -0.8942682, 41.6798812 ], [ -0.8942717, 41.6797837 ], [ -0.8942775, 41.6792605 ], [ -0.8942874, 41.678371 ], [ -0.8942843, 41.6780305 ], [ -0.8941892, 41.6780315 ], [ -0.893192, 41.6780219 ], [ -0.893186, 41.6780218 ], [ -0.8921383, 41.6780136 ], [ -0.8913903, 41.6780077 ], [ -0.8906361, 41.6780018 ], [ -0.890632, 41.6781596 ], [ -0.8906266, 41.6784245 ], [ -0.8904185, 41.6786726 ], [ -0.8903025, 41.6788205 ], [ -0.8901432, 41.6789908 ], [ -0.8899972, 41.6791938 ], [ -0.8899646, 41.6792452 ], [ -0.8899571, 41.6795913 ], [ -0.889952, 41.6797092 ], [ -0.8899519, 41.6797117 ], [ -0.8899521, 41.6797117 ] ] ] } },
{ "type": "Feature", "properties": { "CCAA": "02 - Aragón", "PROVINCIA": "50 - Zaragoza", "MUNICIPIO": "50297 - Zaragoza", "COD_MUNICIPIO": "50297", "DISTRITO": "10", "SECCION": "5029710071", "V1_H": 81.47, "V1_M": 86.95, "V2_H": 81.05678048, "V2_M": 86.75805168, "V3_H": 81.85108408000001, "V3_M": 87.21302779 }, "geometry": { "type": "Polygon", "coordinates": [ [ [ -0.8896646, 41.66867 ], [ -0.8898809, 41.6688683 ], [ -0.8900313, 41.669033 ], [ -0.8902729, 41.6692977 ], [ -0.8905612, 41.6698589 ], [ -0.8906227, 41.6700309 ], [ -0.8907015, 41.6702515 ], [ -0.8907715, 41.6704559 ], [ -0.8907694, 41.6705661 ], [ -0.8917881, 41.6701802 ], [ -0.8917898, 41.6701795 ], [ -0.8917472, 41.6701179 ], [ -0.8915116, 41.669759 ], [ -0.8912457, 41.6693581 ], [ -0.8910854, 41.6691208 ], [ -0.8922201, 41.6686954 ], [ -0.8924912, 41.6685934 ], [ -0.893311, 41.6682848 ], [ -0.8938533, 41.6680799 ], [ -0.8937064, 41.6678465 ], [ -0.893572, 41.6676241 ], [ -0.8933418, 41.667243 ], [ -0.8933414, 41.6672425 ], [ -0.8933121, 41.6672504 ], [ -0.8931376, 41.6673174 ], [ -0.8931078, 41.6673288 ], [ -0.8918745, 41.6678023 ], [ -0.8917716, 41.6678418 ], [ -0.891697, 41.6678705 ], [ -0.8905483, 41.6683115 ], [ -0.8896497, 41.6686564 ], [ -0.8896646, 41.66867 ] ] ] } },
{ "type": "Feature", "properties": { "CCAA": "02 - Aragón", "PROVINCIA": "50 - Zaragoza", "MUNICIPIO": "50297 - Zaragoza", "COD_MUNICIPIO": "50297", "DISTRITO": "10", "SECCION": "5029710073", "V1_H": 80.91, "V1_M": 86.64, "V2_H": 80.44720226, "V2_M": 86.54313262, "V3_H": 81.45534141, "V3_M": 86.89844934 }, "geometry": { "type": "Polygon", "coordinates": [ [ [ -0.8714842, 41.6619443 ], [ -0.8718728, 41.6620569 ], [ -0.8718743, 41.6620556 ], [ -0.8718756, 41.662056 ], [ -0.8726896, 41.6623477 ], [ -0.8727127, 41.6623077 ], [ -0.8731499, 41.6615471 ], [ -0.8732661, 41.6613372 ], [ -0.8733786, 41.6611325 ], [ -0.8735252, 41.6607775 ], [ -0.873877, 41.6599262 ], [ -0.8739821, 41.6596716 ], [ -0.8739885, 41.6596561 ], [ -0.8742425, 41.6590411 ], [ -0.8744609, 41.6585127 ], [ -0.8746253, 41.6582582 ], [ -0.8745884, 41.6582543 ], [ -0.8743026, 41.65823 ], [ -0.8738116, 41.6583013 ], [ -0.8733081, 41.6583748 ], [ -0.8731123, 41.6584014 ], [ -0.8730317, 41.6584434 ], [ -0.8730364, 41.6584936 ], [ -0.8730521, 41.6586098 ], [ -0.8730758, 41.6587743 ], [ -0.8728907, 41.6589534 ], [ -0.872826, 41.6591349 ], [ -0.8728327, 41.6591467 ], [ -0.8728953, 41.6594867 ], [ -0.8728429, 41.6597264 ], [ -0.8714842, 41.6619443 ] ] ] } },
{ "type": "Feature", "properties": { "CCAA": "02 - Aragón", "PROVINCIA": "50 - Zaragoza", "MUNICIPIO": "50297 - Zaragoza", "COD_MUNICIPIO": "50297", "DISTRITO": "10", "SECCION": "5029710088", "V1_H": 81.72, "V1_M": 86.96, "V2_H": 81.44760383000001, "V2_M": 86.83587728000001, "V3_H": 82.03657934, "V3_M": 87.26058658 }, "geometry": { "type": "Polygon", "coordinates": [ [ [ -0.8658896, 41.6631978 ], [ -0.8669445, 41.6645264 ], [ -0.8669463, 41.6645286 ], [ -0.866947, 41.664528 ], [ -0.8672768, 41.6642139 ], [ -0.8672782, 41.6642153 ], [ -0.8677327, 41.6637147 ], [ -0.8682867, 41.6630925 ], [ -0.8685941, 41.6627307 ], [ -0.8692397, 41.6620396 ], [ -0.8692591, 41.6620188 ], [ -0.8680819, 41.6614348 ], [ -0.8675407, 41.6610509 ], [ -0.8658799, 41.6617491 ], [ -0.8650095, 41.6621152 ], [ -0.8650007, 41.6621189 ], [ -0.8650148, 41.6621302 ], [ -0.8658909, 41.6631968 ], [ -0.8658896, 41.6631978 ] ] ] } },
{ "type": "Feature", "properties": { "CCAA": "02 - Aragón", "PROVINCIA": "50 - Zaragoza", "MUNICIPIO": "50297 - Zaragoza", "COD_MUNICIPIO": "50297", "DISTRITO": "10", "SECCION": "5029710090", "V1_H": 81.13, "V1_M": 86.76, "V2_H": 80.8252038, "V2_M": 86.73512652, "V3_H": 81.48774648, "V3_M": 86.92091474 }, "geometry": { "type": "Polygon", "coordinates": [ [ [ -0.8613282, 41.6605614 ], [ -0.8612942, 41.6609068 ], [ -0.8621581, 41.6607229 ], [ -0.8631299, 41.6605161 ], [ -0.8633178, 41.6604761 ], [ -0.8633858, 41.6604604 ], [ -0.8636862, 41.6603875 ], [ -0.8639509, 41.6607327 ], [ -0.8643144, 41.660611 ], [ -0.8660454, 41.659799 ], [ -0.8643882, 41.6577181 ], [ -0.8638714, 41.6579479 ], [ -0.8636908, 41.6580214 ], [ -0.8635572, 41.6580685 ], [ -0.8634625, 41.6579341 ], [ -0.8628384, 41.6570484 ], [ -0.8625002, 41.6575 ], [ -0.8622993, 41.6577398 ], [ -0.8621161, 41.6579585 ], [ -0.8616973, 41.6584582 ], [ -0.861672, 41.6584884 ], [ -0.8615279, 41.6586338 ], [ -0.8613449, 41.6603914 ], [ -0.861336, 41.6604827 ], [ -0.8613282, 41.6605614 ] ] ] } },
{ "type": "Feature", "properties": { "CCAA": "02 - Aragón", "PROVINCIA": "50 - Zaragoza", "MUNICIPIO": "50297 - Zaragoza", "COD_MUNICIPIO": "50297", "DISTRITO": "11", "SECCION": "5029711016", "V1_H": 80.72, "V1_M": 86.56, "V2_H": 80.63016227, "V2_M": 86.55369361, "V3_H": 80.94352394000001, "V3_M": 86.74641221 }, "geometry": { "type": "Polygon", "coordinates": [ [ [ -0.8249909, 41.6665099 ], [ -0.8249705, 41.6665135 ], [ -0.8249023, 41.6665221 ], [ -0.8247059, 41.6665464 ], [ -0.8244414, 41.6665993 ], [ -0.8241437, 41.6666586 ], [ -0.8235609, 41.666772 ], [ -0.8231703, 41.6668483 ], [ -0.8228433, 41.6669155 ], [ -0.822595, 41.666968 ], [ -0.8221673, 41.6670776 ], [ -0.8217752, 41.6672249 ], [ -0.8214389, 41.6673814 ], [ -0.8213557, 41.6674201 ], [ -0.8211168, 41.667533 ], [ -0.8207465, 41.6677714 ], [ -0.8204369, 41.667989 ], [ -0.8202407, 41.6681269 ], [ -0.8200411, 41.6682822 ], [ -0.8184892, 41.6686244 ], [ -0.8180363, 41.6688073 ], [ -0.8174771, 41.6690439 ], [ -0.8172119, 41.6691626 ], [ -0.8168772, 41.6693123 ], [ -0.8172515, 41.6695571 ], [ -0.8175576, 41.6697572 ], [ -0.8182718, 41.6702242 ], [ -0.8185496, 41.6704058 ], [ -0.8194763, 41.6710117 ], [ -0.8197423, 41.6711856 ], [ -0.8202707, 41.6714847 ], [ -0.8207412, 41.6717493 ], [ -0.8211071, 41.6719551 ], [ -0.8220156, 41.6724661 ], [ -0.822358, 41.6726588 ], [ -0.8227522, 41.6728805 ], [ -0.8229515, 41.6729926 ], [ -0.8229799, 41.6730085 ], [ -0.8231104, 41.6726574 ], [ -0.8232735, 41.6723033 ], [ -0.8233454, 41.6721346 ], [ -0.823612, 41.6715699 ], [ -0.8237959, 41.671161 ], [ -0.8239347, 41.670775 ], [ -0.8242627, 41.6700825 ], [ -0.8244675, 41.6697236 ], [ -0.8245717, 41.6695542 ], [ -0.8249652, 41.669148 ], [ -0.8251803, 41.6689271 ], [ -0.8251712, 41.6689062 ], [ -0.8251767, 41.6688869 ], [ -0.8253672, 41.6686254 ], [ -0.8254591, 41.6683777 ], [ -0.825825, 41.6675551 ], [ -0.8259451, 41.6673122 ], [ -0.8259009, 41.6672963 ], [ -0.8260129, 41.6669699 ], [ -0.8257213, 41.6669119 ], [ -0.8255186, 41.6668728 ], [ -0.8255901, 41.6665602 ], [ -0.8251502, 41.6664907 ], [ -0.824983, 41.6665119 ], [ -0.8249909, 41.6665099 ] ] ] } },
{ "type": "Feature", "properties": { "CCAA": "02 - Aragón", "PROVINCIA": "50 - Zaragoza", "MUNICIPIO": "50297 - Zaragoza", "COD_MUNICIPIO": "50297", "DISTRITO": "11", "SECCION": "5029711018", "V1_H": 80.99, "V1_M": 86.66, "V2_H": 80.84822772, "V2_M": 86.63128417, "V3_H": 81.25601163, "V3_M": 86.83891366 }, "geometry": { "type": "Polygon", "coordinates": [ [ [ -0.8299089, 41.6752588 ], [ -0.8299118, 41.6752595 ], [ -0.8301088, 41.6745651 ], [ -0.8304295, 41.673944 ], [ -0.830887, 41.6734793 ], [ -0.8313705, 41.6731808 ], [ -0.8317029, 41.6730764 ], [ -0.8312445, 41.6726107 ], [ -0.8315765, 41.6720385 ], [ -0.8319971, 41.6713117 ], [ -0.8322634, 41.670832 ], [ -0.832553, 41.6709 ], [ -0.8327693, 41.6706696 ], [ -0.8330121, 41.6702677 ], [ -0.8335342, 41.669621 ], [ -0.8339277, 41.6690812 ], [ -0.834209, 41.6687738 ], [ -0.8345164, 41.668936 ], [ -0.8347107, 41.6689869 ], [ -0.834853, 41.6688248 ], [ -0.8348328, 41.6681623 ], [ -0.8347831, 41.6675888 ], [ -0.8348226, 41.6674454 ], [ -0.8343483, 41.6673764 ], [ -0.8335109, 41.6672551 ], [ -0.8332538, 41.667218 ], [ -0.8325903, 41.6671181 ], [ -0.8321844, 41.6670566 ], [ -0.8319543, 41.6670211 ], [ -0.8317428, 41.6669847 ], [ -0.8316681, 41.6669742 ], [ -0.8313568, 41.6669303 ], [ -0.8310453, 41.6668818 ], [ -0.8308121, 41.6668511 ], [ -0.8305471, 41.6668132 ], [ -0.8304155, 41.666794 ], [ -0.8303494, 41.6667973 ], [ -0.8303549, 41.666815 ], [ -0.8303627, 41.6670089 ], [ -0.8302907, 41.6671393 ], [ -0.8302383, 41.6672652 ], [ -0.8301789, 41.6673689 ], [ -0.8298692, 41.6679233 ], [ -0.8297502, 41.6681349 ], [ -0.8296365, 41.6683552 ], [ -0.8295003, 41.6685792 ], [ -0.8293508, 41.6688617 ], [ -0.8292759, 41.6689274 ], [ -0.8292123, 41.6689891 ], [ -0.8291102, 41.669197 ], [ -0.8290325, 41.6693424 ], [ -0.8287026, 41.669801 ], [ -0.8281725, 41.6706651 ], [ -0.8279871, 41.6710166 ], [ -0.8271077, 41.672763 ], [ -0.8268043, 41.6733371 ], [ -0.8266047, 41.6736409 ], [ -0.826551, 41.6738292 ], [ -0.8263963, 41.6741562 ], [ -0.8262898, 41.6743812 ], [ -0.8268667, 41.674551 ], [ -0.8277043, 41.6747631 ], [ -0.8279297, 41.6748155 ], [ -0.8279639, 41.6748344 ], [ -0.8284388, 41.6749476 ], [ -0.8299089, 41.6752588 ] ] ] } },
{ "type": "Feature", "properties": { "CCAA": "02 - Aragón", "PROVINCIA": "50 - Zaragoza", "MUNICIPIO": "50297 - Zaragoza", "COD_MUNICIPIO": "50297", "DISTRITO": "10", "SECCION": "5029710057", "V1_H": 79.92, "V1_M": 85.8, "V2_H": 79.90391364, "V2_M": 85.68196434, "V3_H": 80.09820982, "V3_M": 86.14356104 }, "geometry": { "type": "Polygon", "coordinates": [ [ [ -0.8933106, 41.6725013 ], [ -0.8931486, 41.6754079 ], [ -0.8932217, 41.6754566 ], [ -0.8932222, 41.67606 ], [ -0.8937907, 41.6760639 ], [ -0.8944782, 41.6760687 ], [ -0.8961901, 41.6760794 ], [ -0.8968917, 41.6760786 ], [ -0.8973081, 41.676074 ], [ -0.8975526, 41.6760421 ], [ -0.8980603, 41.6759746 ], [ -0.8983784, 41.6759305 ], [ -0.898306, 41.6756301 ], [ -0.8982402, 41.6753566 ], [ -0.8980971, 41.6747623 ], [ -0.8980536, 41.6745876 ], [ -0.8979937, 41.6743549 ], [ -0.8979578, 41.6742152 ], [ -0.8980207, 41.674193 ], [ -0.8986907, 41.6741304 ], [ -0.8996427, 41.674043 ], [ -0.9006212, 41.6742881 ], [ -0.901438, 41.6743924 ], [ -0.9025852, 41.6746583 ], [ -0.903457, 41.674931 ], [ -0.9036426, 41.674989 ], [ -0.9043043, 41.6753559 ], [ -0.9048311, 41.6756481 ], [ -0.9048854, 41.6756787 ], [ -0.9048859, 41.6756785 ], [ -0.9079006, 41.6745127 ], [ -0.9125633, 41.6731895 ], [ -0.9162729, 41.6722994 ], [ -0.9191069, 41.6706048 ], [ -0.9207817, 41.6687484 ], [ -0.9214467, 41.6673508 ], [ -0.9209855, 41.6664334 ], [ -0.9203248, 41.6651191 ], [ -0.917244, 41.6643193 ], [ -0.9116407, 41.6645555 ], [ -0.9068468, 41.6664676 ], [ -0.9027917, 41.6672074 ], [ -0.9019354, 41.6673636 ], [ -0.8987317, 41.6667964 ], [ -0.8968416, 41.6664617 ], [ -0.8963073, 41.66614 ], [ -0.895417, 41.6664494 ], [ -0.8963749, 41.6668642 ], [ -0.8966482, 41.6671703 ], [ -0.896837, 41.6678997 ], [ -0.8969769, 41.6686813 ], [ -0.8971755, 41.66911 ], [ -0.8975784, 41.6697902 ], [ -0.8975455, 41.6700729 ], [ -0.8976842, 41.6708899 ], [ -0.8974655, 41.6717268 ], [ -0.897268, 41.6717929 ], [ -0.8967701, 41.6718821 ], [ -0.8960929, 41.6720033 ], [ -0.8944282, 41.6723013 ], [ -0.8944278, 41.6723013 ], [ -0.8941692, 41.6723477 ], [ -0.8934527, 41.6724758 ], [ -0.8933106, 41.6725013 ] ] ] } },
{ "type": "Feature", "properties": { "CCAA": "02 - Aragón", "PROVINCIA": "50 - Zaragoza", "MUNICIPIO": "50297 - Zaragoza", "COD_MUNICIPIO": "50297", "DISTRITO": "10", "SECCION": "5029710072", "V1_H": 81.41, "V1_M": 86.82, "V2_H": 80.96532964, "V2_M": 86.87567885, "V3_H": 81.8694609, "V3_M": 86.90400308 }, "geometry": { "type": "Polygon", "coordinates": [ [ [ -0.8690197, 41.6658352 ], [ -0.869022, 41.665837 ], [ -0.8702581, 41.6662081 ], [ -0.8702624, 41.6662105 ], [ -0.8714239, 41.6665272 ], [ -0.8714283, 41.6663317 ], [ -0.871525, 41.6660137 ], [ -0.8715511, 41.6656971 ], [ -0.8715946, 41.6651766 ], [ -0.871611, 41.6650175 ], [ -0.8716509, 41.6647046 ], [ -0.871678, 41.6644929 ], [ -0.8718471, 41.6638892 ], [ -0.8719287, 41.6636711 ], [ -0.8719762, 41.6635885 ], [ -0.8719764, 41.6635882 ], [ -0.8723498, 41.6629389 ], [ -0.8726896, 41.6623477 ], [ -0.8718756, 41.662056 ], [ -0.8718743, 41.6620556 ], [ -0.8718728, 41.6620569 ], [ -0.8714842, 41.6619443 ], [ -0.8708855, 41.6629215 ], [ -0.8708862, 41.6629219 ], [ -0.8708835, 41.6629243 ], [ -0.8692246, 41.6656179 ], [ -0.8692256, 41.6656185 ], [ -0.8690239, 41.6658374 ], [ -0.8690197, 41.6658352 ] ] ] } },
{ "type": "Feature", "properties": { "CCAA": "02 - Aragón", "PROVINCIA": "50 - Zaragoza", "MUNICIPIO": "50297 - Zaragoza", "COD_MUNICIPIO": "50297", "DISTRITO": "10", "SECCION": "5029710074", "V1_H": 81.11, "V1_M": 86.51, "V2_H": 80.75023294, "V2_M": 86.37370028, "V3_H": 81.47997818, "V3_M": 86.68611994 }, "geometry": { "type": "Polygon", "coordinates": [ [ [ -0.8749011, 41.6743715 ], [ -0.8749381, 41.6743725 ], [ -0.8770653, 41.6744277 ], [ -0.8770961, 41.6742849 ], [ -0.8770823, 41.6730111 ], [ -0.8770798, 41.672799 ], [ -0.87702, 41.6722386 ], [ -0.876998, 41.6720315 ], [ -0.8769807, 41.6718697 ], [ -0.8768709, 41.6707822 ], [ -0.8768579, 41.6706403 ], [ -0.876779, 41.6697758 ], [ -0.87673, 41.669408 ], [ -0.8767272, 41.6693788 ], [ -0.876703, 41.669378 ], [ -0.8765235, 41.6693749 ], [ -0.8757921, 41.6693621 ], [ -0.8751757, 41.6693486 ], [ -0.8751756, 41.6693514 ], [ -0.8751944, 41.6693846 ], [ -0.875163, 41.6706575 ], [ -0.8749381, 41.6706697 ], [ -0.8749349, 41.6706698 ], [ -0.8749455, 41.6723973 ], [ -0.8749011, 41.6743715 ] ] ] } },
{ "type": "Feature", "properties": { "CCAA": "02 - Aragón", "PROVINCIA": "50 - Zaragoza", "MUNICIPIO": "50297 - Zaragoza", "COD_MUNICIPIO": "50297", "DISTRITO": "10", "SECCION": "5029710089", "V1_H": 81.68, "V1_M": 87.08, "V2_H": 81.12537096, "V2_M": 86.91948792, "V3_H": 82.31095034000001, "V3_M": 87.32789848 }, "geometry": { "type": "Polygon", "coordinates": [ [ [ -0.8690197, 41.6658352 ], [ -0.8690239, 41.6658374 ], [ -0.8692256, 41.6656185 ], [ -0.8692246, 41.6656179 ], [ -0.8708835, 41.6629243 ], [ -0.8708862, 41.6629219 ], [ -0.8708855, 41.6629215 ], [ -0.8692397, 41.6620396 ], [ -0.8685941, 41.6627307 ], [ -0.8682867, 41.6630925 ], [ -0.8677327, 41.6637147 ], [ -0.8672782, 41.6642153 ], [ -0.8672768, 41.6642139 ], [ -0.866947, 41.664528 ], [ -0.8689864, 41.6658176 ], [ -0.8690197, 41.6658352 ] ] ] } },
{ "type": "Feature", "properties": { "CCAA": "02 - Aragón", "PROVINCIA": "50 - Zaragoza", "MUNICIPIO": "50297 - Zaragoza", "COD_MUNICIPIO": "50297", "DISTRITO": "10", "SECCION": "5029710091", "V1_H": 81.1, "V1_M": 86.64, "V2_H": 80.60081217, "V2_M": 86.48118059, "V3_H": 81.51550291, "V3_M": 86.87452308 }, "geometry": { "type": "Polygon", "coordinates": [ [ [ -0.8589824, 41.6595887 ], [ -0.8588925, 41.6604372 ], [ -0.8588607, 41.6607433 ], [ -0.8587887, 41.66144 ], [ -0.8596201, 41.661263 ], [ -0.8612942, 41.6609068 ], [ -0.8613282, 41.6605614 ], [ -0.8602118, 41.6604871 ], [ -0.8602586, 41.6596492 ], [ -0.8589824, 41.6595887 ] ] ] } },
{ "type": "Feature", "properties": { "CCAA": "02 - Aragón", "PROVINCIA": "50 - Zaragoza", "MUNICIPIO": "50297 - Zaragoza", "COD_MUNICIPIO": "50297", "DISTRITO": "11", "SECCION": "5029711015", "V1_H": 81.18, "V1_M": 86.79, "V2_H": 80.97904731, "V2_M": 86.77314473, "V3_H": 81.44010912, "V3_M": 86.96351832000001 }, "geometry": { "type": "Polygon", "coordinates": [ [ [ -0.8229799, 41.6730085 ], [ -0.8263963, 41.6741562 ], [ -0.826551, 41.6738292 ], [ -0.8266047, 41.6736409 ], [ -0.8268043, 41.6733371 ], [ -0.8271077, 41.672763 ], [ -0.8279871, 41.6710166 ], [ -0.8281725, 41.6706651 ], [ -0.8287026, 41.669801 ], [ -0.8290325, 41.6693424 ], [ -0.8291102, 41.669197 ], [ -0.8292123, 41.6689891 ], [ -0.8292759, 41.6689274 ], [ -0.8293508, 41.6688617 ], [ -0.8295003, 41.6685792 ], [ -0.8296365, 41.6683552 ], [ -0.8297502, 41.6681349 ], [ -0.8298692, 41.6679233 ], [ -0.8301789, 41.6673689 ], [ -0.8302383, 41.6672652 ], [ -0.8302907, 41.6671393 ], [ -0.8303627, 41.6670089 ], [ -0.8303549, 41.666815 ], [ -0.8303494, 41.6667973 ], [ -0.8300101, 41.6668144 ], [ -0.8294042, 41.6668481 ], [ -0.8290162, 41.6668768 ], [ -0.8288356, 41.6668879 ], [ -0.8283062, 41.6669204 ], [ -0.8281185, 41.6669117 ], [ -0.827735, 41.6668663 ], [ -0.8271665, 41.6667867 ], [ -0.8270492, 41.6667702 ], [ -0.8265135, 41.6666993 ], [ -0.8262346, 41.6666618 ], [ -0.8257268, 41.6665817 ], [ -0.8255901, 41.6665602 ], [ -0.8255186, 41.6668728 ], [ -0.8257213, 41.6669119 ], [ -0.8260129, 41.6669699 ], [ -0.8259009, 41.6672963 ], [ -0.8259451, 41.6673122 ], [ -0.825825, 41.6675551 ], [ -0.8254591, 41.6683777 ], [ -0.8253672, 41.6686254 ], [ -0.8251767, 41.6688869 ], [ -0.8251712, 41.6689062 ], [ -0.8251803, 41.6689271 ], [ -0.8249652, 41.669148 ], [ -0.8245717, 41.6695542 ], [ -0.8244675, 41.6697236 ], [ -0.8242627, 41.6700825 ], [ -0.8239347, 41.670775 ], [ -0.8237959, 41.671161 ], [ -0.823612, 41.6715699 ], [ -0.8233454, 41.6721346 ], [ -0.8232735, 41.6723033 ], [ -0.8231104, 41.6726574 ], [ -0.8229799, 41.6730085 ] ] ] } },
{ "type": "Feature", "properties": { "CCAA": "02 - Aragón", "PROVINCIA": "50 - Zaragoza", "MUNICIPIO": "50297 - Zaragoza", "COD_MUNICIPIO": "50297", "DISTRITO": "11", "SECCION": "5029711017", "V1_H": 81.18, "V1_M": 86.79, "V2_H": 80.97904731, "V2_M": 86.77314473, "V3_H": 81.44010912, "V3_M": 86.96351832000001 }, "geometry": { "type": "Polygon", "coordinates": [ [ [ -0.8233397, 41.7267951 ], [ -0.8229937, 41.7270902 ], [ -0.8226038, 41.7274041 ], [ -0.8223579, 41.7279282 ], [ -0.8220838, 41.728695 ], [ -0.8219829, 41.7290458 ], [ -0.821842, 41.7292624 ], [ -0.8218004, 41.7293863 ], [ -0.8218303, 41.7293812 ], [ -0.8228119, 41.7292669 ], [ -0.8254244, 41.7289821 ], [ -0.8261252, 41.7282096 ], [ -0.8263045, 41.7278837 ], [ -0.8267619, 41.7269985 ], [ -0.8273636, 41.7270279 ], [ -0.8275009, 41.7270575 ], [ -0.8276009, 41.7270774 ], [ -0.8313466, 41.7282758 ], [ -0.8313589, 41.7282797 ], [ -0.8315671, 41.7279456 ], [ -0.8321951, 41.7270317 ], [ -0.8323344, 41.7266186 ], [ -0.8324543, 41.7262801 ], [ -0.8325331, 41.7261292 ], [ -0.8330896, 41.7255699 ], [ -0.8333771, 41.7251939 ], [ -0.8339161, 41.7247051 ], [ -0.8343048, 41.7243076 ], [ -0.8349149, 41.7238494 ], [ -0.8354818, 41.7232968 ], [ -0.8358544, 41.7229752 ], [ -0.8367793, 41.7222662 ], [ -0.8370018, 41.7219131 ], [ -0.8373293, 41.7214031 ], [ -0.8377575, 41.720752 ], [ -0.8379539, 41.7204406 ], [ -0.8380907, 41.7202519 ], [ -0.8384073, 41.7198852 ], [ -0.8386596, 41.7196122 ], [ -0.8389142, 41.7194062 ], [ -0.8393247, 41.7191291 ], [ -0.8396467, 41.7188944 ], [ -0.8400145, 41.7186015 ], [ -0.8402096, 41.718414 ], [ -0.8402384, 41.7183868 ], [ -0.8403389, 41.718299 ], [ -0.8405588, 41.7181067 ], [ -0.8406525, 41.7180245 ], [ -0.8407586, 41.717932 ], [ -0.8407908, 41.7179019 ], [ -0.8409249, 41.7177627 ], [ -0.8410583, 41.7176235 ], [ -0.8411005, 41.7175813 ], [ -0.8410653, 41.7175607 ], [ -0.8413591, 41.7173096 ], [ -0.841443, 41.7172608 ], [ -0.8415261, 41.7172052 ], [ -0.8417403, 41.717065 ], [ -0.8419209, 41.7169956 ], [ -0.8420733, 41.7169482 ], [ -0.8422095, 41.7169056 ], [ -0.8423837, 41.7168487 ], [ -0.8424566, 41.7168064 ], [ -0.8425712, 41.7167388 ], [ -0.8427682, 41.7166255 ], [ -0.8429737, 41.716506 ], [ -0.8430509, 41.7164306 ], [ -0.8432622, 41.7162501 ], [ -0.8434082, 41.7160258 ], [ -0.8434811, 41.7159137 ], [ -0.8435519, 41.7158339 ], [ -0.8435964, 41.7156921 ], [ -0.8436508, 41.7155567 ], [ -0.8437076, 41.7154606 ], [ -0.8437456, 41.7153968 ], [ -0.8438772, 41.715176 ], [ -0.843973, 41.715 ], [ -0.8440155, 41.7149314 ], [ -0.8440764, 41.7148399 ], [ -0.8441698, 41.7147178 ], [ -0.8442756, 41.7145792 ], [ -0.8443325, 41.7145006 ], [ -0.8444108, 41.7143974 ], [ -0.8444913, 41.7142973 ], [ -0.844542, 41.7142361 ], [ -0.8446323, 41.7141345 ], [ -0.844667, 41.7140977 ], [ -0.8447229, 41.7140272 ], [ -0.8448074, 41.7139271 ], [ -0.8448936, 41.713825 ], [ -0.8449487, 41.7137654 ], [ -0.8450744, 41.7136459 ], [ -0.8452027, 41.7135576 ], [ -0.8452405, 41.7135358 ], [ -0.845301, 41.7134957 ], [ -0.8454425, 41.713368 ], [ -0.8456427, 41.7131917 ], [ -0.8458268, 41.7130418 ], [ -0.8459602, 41.7128963 ], [ -0.8461658, 41.7126721 ], [ -0.8463461, 41.7125267 ], [ -0.846528, 41.7123802 ], [ -0.8467026, 41.7122423 ], [ -0.8468276, 41.7121516 ], [ -0.8470554, 41.7119861 ], [ -0.8471376, 41.7119264 ], [ -0.8475849, 41.7115999 ], [ -0.8477422, 41.7114846 ], [ -0.8480934, 41.7112272 ], [ -0.8482271, 41.7110964 ], [ -0.8483177, 41.7110069 ], [ -0.8484269, 41.7108989 ], [ -0.8485404, 41.7106554 ], [ -0.8486207, 41.710483 ], [ -0.8487824, 41.7101357 ], [ -0.8488915, 41.7099016 ], [ -0.8491074, 41.709438 ], [ -0.8493556, 41.7089052 ], [ -0.8496324, 41.7083108 ], [ -0.8498822, 41.7077744 ], [ -0.8501473, 41.7071887 ], [ -0.8503658, 41.7067022 ], [ -0.8506054, 41.7061687 ], [ -0.8508423, 41.7056411 ], [ -0.8511118, 41.7050411 ], [ -0.8513305, 41.704554 ], [ -0.8513683, 41.7044698 ], [ -0.8516133, 41.7039243 ], [ -0.8518364, 41.7034275 ], [ -0.8521019, 41.7028462 ], [ -0.8523402, 41.7023265 ], [ -0.852604, 41.701751 ], [ -0.8528659, 41.7011795 ], [ -0.8531209, 41.7006233 ], [ -0.8533445, 41.7001192 ], [ -0.8536079, 41.6995158 ], [ -0.8538599, 41.6989385 ], [ -0.8541056, 41.6983757 ], [ -0.8543592, 41.6977948 ], [ -0.8544985, 41.697479 ], [ -0.8545718, 41.6973396 ], [ -0.854637, 41.6972157 ], [ -0.854891, 41.6967331 ], [ -0.8551874, 41.6961699 ], [ -0.8552277, 41.6960895 ], [ -0.8553381, 41.6957991 ], [ -0.8555292, 41.6952962 ], [ -0.8556556, 41.6949649 ], [ -0.8557631, 41.6947377 ], [ -0.8560281, 41.6941772 ], [ -0.8562094, 41.6937937 ], [ -0.856421, 41.6933461 ], [ -0.8564835, 41.6932141 ], [ -0.8564967, 41.693186 ], [ -0.855725, 41.6929443 ], [ -0.8535107, 41.6922319 ], [ -0.8508245, 41.6913808 ], [ -0.8481818, 41.690525 ], [ -0.8481694, 41.6905418 ], [ -0.8462135, 41.6893587 ], [ -0.8469481, 41.6889867 ], [ -0.8476209, 41.6887288 ], [ -0.8491237, 41.6878262 ], [ -0.8504901, 41.6871158 ], [ -0.8515471, 41.6852904 ], [ -0.8524228, 41.683705 ], [ -0.8528958, 41.6829401 ], [ -0.8536321, 41.6787309 ], [ -0.8504717, 41.678307 ], [ -0.8495046, 41.6782054 ], [ -0.8438862, 41.6772033 ], [ -0.8438234, 41.677159 ], [ -0.8436422, 41.6773066 ], [ -0.8434669, 41.6782341 ], [ -0.843482, 41.6786456 ], [ -0.8436145, 41.6787852 ], [ -0.8435494, 41.6796045 ], [ -0.8436145, 41.6799393 ], [ -0.8437723, 41.6805428 ], [ -0.8440664, 41.6820162 ], [ -0.8440721, 41.6829885 ], [ -0.8441594, 41.6834191 ], [ -0.8440863, 41.6837037 ], [ -0.8434899, 41.6855703 ], [ -0.8433152, 41.6858529 ], [ -0.8428421, 41.6863111 ], [ -0.8427703, 41.6865576 ], [ -0.8432992, 41.6878543 ], [ -0.8434757, 41.6886668 ], [ -0.8434192, 41.689164 ], [ -0.8432576, 41.6896804 ], [ -0.8424163, 41.6906603 ], [ -0.8404908, 41.6921068 ], [ -0.8385347, 41.692741 ], [ -0.836865, 41.6934455 ], [ -0.8351777, 41.6955349 ], [ -0.8351711, 41.6955358 ], [ -0.83517, 41.6955429 ], [ -0.834878, 41.6959091 ], [ -0.8346773, 41.6962056 ], [ -0.8344772, 41.6962924 ], [ -0.8342222, 41.6963114 ], [ -0.8339356, 41.696325 ], [ -0.8337113, 41.6962908 ], [ -0.8337048, 41.6962972 ], [ -0.8334798, 41.696264 ], [ -0.832831, 41.6962709 ], [ -0.8323113, 41.6964088 ], [ -0.8320463, 41.6965372 ], [ -0.8317618, 41.6968655 ], [ -0.8316604, 41.6970447 ], [ -0.831597, 41.6972293 ], [ -0.8315678, 41.6972827 ], [ -0.831371, 41.6980877 ], [ -0.8313032, 41.698401 ], [ -0.8311124, 41.6985928 ], [ -0.8309896, 41.6988383 ], [ -0.8309098, 41.6991323 ], [ -0.830761, 41.6993963 ], [ -0.8302313, 41.6996437 ], [ -0.8299964, 41.6997043 ], [ -0.8299696, 41.6997316 ], [ -0.8295761, 41.6998362 ], [ -0.8291163, 41.7000849 ], [ -0.8285972, 41.7005803 ], [ -0.82779, 41.7018899 ], [ -0.8276231, 41.7030687 ], [ -0.8276267, 41.7033404 ], [ -0.8277953, 41.7036203 ], [ -0.8278005, 41.7036571 ], [ -0.8281782, 41.7043472 ], [ -0.8283078, 41.7046547 ], [ -0.8283585, 41.7050369 ], [ -0.8283681, 41.7057493 ], [ -0.829518, 41.7075276 ], [ -0.8297327, 41.707956 ], [ -0.8301639, 41.7084643 ], [ -0.8304901, 41.7089757 ], [ -0.8307509, 41.709543 ], [ -0.8308219, 41.7100781 ], [ -0.8307391, 41.7106484 ], [ -0.8306395, 41.7107752 ], [ -0.8306393, 41.7107754 ], [ -0.8306393, 41.7107755 ], [ -0.8306405, 41.7107859 ], [ -0.8305231, 41.7110185 ], [ -0.8302848, 41.7113905 ], [ -0.8301275, 41.7116234 ], [ -0.8301208, 41.7116341 ], [ -0.8303108, 41.7124156 ], [ -0.8301602, 41.7133946 ], [ -0.830099, 41.7137008 ], [ -0.8300469, 41.7138563 ], [ -0.8300476, 41.7138864 ], [ -0.8297101, 41.7146728 ], [ -0.8295482, 41.7152298 ], [ -0.8295009, 41.7156912 ], [ -0.8295834, 41.7166411 ], [ -0.8296997, 41.7174392 ], [ -0.8298558, 41.7179021 ], [ -0.8300262, 41.7183199 ], [ -0.8301921, 41.71859 ], [ -0.8306108, 41.7194748 ], [ -0.8306659, 41.7199143 ], [ -0.8305391, 41.7205648 ], [ -0.8302119, 41.7209304 ], [ -0.8296519, 41.7213154 ], [ -0.8274, 41.7226358 ], [ -0.8261615, 41.7233297 ], [ -0.8256013, 41.724003 ], [ -0.8254401, 41.724464 ], [ -0.8254119, 41.7245148 ], [ -0.8253391, 41.7249869 ], [ -0.8248374, 41.7255255 ], [ -0.82483, 41.725524 ], [ -0.8233397, 41.7267951 ] ] ] } },
{ "type": "Feature", "properties": { "CCAA": "02 - Aragón", "PROVINCIA": "50 - Zaragoza", "MUNICIPIO": "50297 - Zaragoza", "COD_MUNICIPIO": "50297", "DISTRITO": "10", "SECCION": "5029710046", "V1_H": 81.37, "V1_M": 86.85, "V2_H": 81.08688328, "V2_M": 86.76748373, "V3_H": 81.75507894, "V3_M": 87.07522296 }, "geometry": { "type": "Polygon", "coordinates": [ [ [ -0.8868729, 41.6746323 ], [ -0.8868732, 41.6746467 ], [ -0.8868711, 41.6747097 ], [ -0.8868548, 41.6752069 ], [ -0.8868321, 41.6755038 ], [ -0.8868239, 41.6757537 ], [ -0.8868161, 41.6759925 ], [ -0.8868153, 41.6763721 ], [ -0.8868169, 41.6765146 ], [ -0.8893492, 41.6765328 ], [ -0.8893583, 41.6760227 ], [ -0.8893824, 41.6746706 ], [ -0.8868736, 41.6746323 ], [ -0.8868729, 41.6746323 ] ] ] } },
{ "type": "Feature", "properties": { "CCAA": "02 - Aragón", "PROVINCIA": "50 - Zaragoza", "MUNICIPIO": "50297 - Zaragoza", "COD_MUNICIPIO": "50297", "DISTRITO": "10", "SECCION": "5029710047", "V1_H": 80.99, "V1_M": 86.67, "V2_H": 80.575161, "V2_M": 86.38311792, "V3_H": 81.41956161, "V3_M": 87.05147909 }, "geometry": { "type": "Polygon", "coordinates": [ [ [ -0.8868529, 41.6773941 ], [ -0.8868359, 41.6779204 ], [ -0.8872955, 41.6779233 ], [ -0.8872518, 41.6797192 ], [ -0.8872504, 41.6797295 ], [ -0.8874703, 41.6797308 ], [ -0.8877674, 41.6797325 ], [ -0.8887937, 41.6797383 ], [ -0.88908, 41.67974 ], [ -0.8896327, 41.6797431 ], [ -0.8899531, 41.6797449 ], [ -0.8899521, 41.6797117 ], [ -0.8899519, 41.6797117 ], [ -0.889952, 41.6797092 ], [ -0.8899571, 41.6795913 ], [ -0.8899646, 41.6792452 ], [ -0.8899647, 41.6792403 ], [ -0.8898683, 41.6790852 ], [ -0.8898213, 41.6790227 ], [ -0.8896329, 41.6787719 ], [ -0.8894333, 41.6784894 ], [ -0.8893256, 41.6783371 ], [ -0.8893301, 41.6779927 ], [ -0.8893377, 41.6774033 ], [ -0.8870739, 41.6773836 ], [ -0.8868529, 41.6773941 ] ] ] } },
{ "type": "Feature", "properties": { "CCAA": "02 - Aragón", "PROVINCIA": "50 - Zaragoza", "MUNICIPIO": "50297 - Zaragoza", "COD_MUNICIPIO": "50297", "DISTRITO": "10", "SECCION": "5029710064", "V1_H": 81.37, "V1_M": 86.85, "V2_H": 81.08688328, "V2_M": 86.76748373, "V3_H": 81.75507894, "V3_M": 87.07522296 }, "geometry": { "type": "Polygon", "coordinates": [ [ [ -0.8893992, 41.6714851 ], [ -0.8893992, 41.6714856 ], [ -0.8893987, 41.6715521 ], [ -0.8893957, 41.67226 ], [ -0.889392, 41.6730804 ], [ -0.8907235, 41.6729643 ], [ -0.8922556, 41.6726901 ], [ -0.8929597, 41.6725642 ], [ -0.8933106, 41.6725013 ], [ -0.8934527, 41.6724758 ], [ -0.8941692, 41.6723477 ], [ -0.8944278, 41.6723013 ], [ -0.894368, 41.6722143 ], [ -0.894228, 41.6720121 ], [ -0.893917, 41.6715628 ], [ -0.8936481, 41.6711741 ], [ -0.8932089, 41.6705396 ], [ -0.8930789, 41.6703538 ], [ -0.8921896, 41.670675 ], [ -0.8920556, 41.6704452 ], [ -0.8918746, 41.6701474 ], [ -0.8917898, 41.6701795 ], [ -0.8917881, 41.6701802 ], [ -0.8907694, 41.6705661 ], [ -0.8907715, 41.6704559 ], [ -0.8907015, 41.6702515 ], [ -0.8906227, 41.6700309 ], [ -0.8905612, 41.6698589 ], [ -0.8902729, 41.6692977 ], [ -0.8900313, 41.669033 ], [ -0.8898809, 41.6688683 ], [ -0.8896646, 41.66867 ], [ -0.8886372, 41.6692011 ], [ -0.8887231, 41.6692863 ], [ -0.888963, 41.6695877 ], [ -0.8891833, 41.6700045 ], [ -0.8894026, 41.6707327 ], [ -0.8893992, 41.6714851 ] ] ] } },
{ "type": "Feature", "properties": { "CCAA": "02 - Aragón", "PROVINCIA": "50 - Zaragoza", "MUNICIPIO": "50297 - Zaragoza", "COD_MUNICIPIO": "50297", "DISTRITO": "10", "SECCION": "5029710065", "V1_H": 81.37, "V1_M": 86.85, "V2_H": 81.08688328, "V2_M": 86.76748373, "V3_H": 81.75507894, "V3_M": 87.07522296 }, "geometry": { "type": "Polygon", "coordinates": [ [ [ -0.8893829, 41.6745783 ], [ -0.8906927, 41.6745916 ], [ -0.8906918, 41.6746524 ], [ -0.8906805, 41.6753922 ], [ -0.8906706, 41.6760421 ], [ -0.8929021, 41.6760577 ], [ -0.8932203, 41.67606 ], [ -0.8932222, 41.67606 ], [ -0.8932217, 41.6754566 ], [ -0.8931486, 41.6754079 ], [ -0.8933106, 41.6725013 ], [ -0.8929597, 41.6725642 ], [ -0.8922556, 41.6726901 ], [ -0.8907235, 41.6729643 ], [ -0.889392, 41.6730804 ], [ -0.8893829, 41.6745783 ] ] ] } },
{ "type": "Feature", "properties": { "CCAA": "02 - Aragón", "PROVINCIA": "50 - Zaragoza", "MUNICIPIO": "50297 - Zaragoza", "COD_MUNICIPIO": "50297", "DISTRITO": "10", "SECCION": "5029710079", "V1_H": 80.63, "V1_M": 86.52, "V2_H": 80.3855305, "V2_M": 86.44800565, "V3_H": 80.88841766, "V3_M": 86.66780776 }, "geometry": { "type": "Polygon", "coordinates": [ [ [ -0.8710644, 41.6796236 ], [ -0.8709803, 41.6836618 ], [ -0.8731445, 41.683711 ], [ -0.873039, 41.6863198 ], [ -0.8777448, 41.6798658 ], [ -0.8778861, 41.679672 ], [ -0.8762973, 41.6796605 ], [ -0.8745157, 41.6796476 ], [ -0.8729061, 41.6796371 ], [ -0.8710644, 41.6796236 ] ] ] } },
{ "type": "Feature", "properties": { "CCAA": "02 - Aragón", "PROVINCIA": "50 - Zaragoza", "MUNICIPIO": "50297 - Zaragoza", "COD_MUNICIPIO": "50297", "DISTRITO": "10", "SECCION": "5029710082", "V1_H": 81.72, "V1_M": 86.96, "V2_H": 81.44760383000001, "V2_M": 86.83587728000001, "V3_H": 82.03657934, "V3_M": 87.26058658 }, "geometry": { "type": "Polygon", "coordinates": [ [ [ -0.8887202, 41.6666296 ], [ -0.8891792, 41.6673019 ], [ -0.889393, 41.6672199 ], [ -0.8898172, 41.6678413 ], [ -0.8913654, 41.6672469 ], [ -0.8917716, 41.6678418 ], [ -0.8918745, 41.6678023 ], [ -0.8931078, 41.6673288 ], [ -0.8924509, 41.666344 ], [ -0.8922668, 41.666092 ], [ -0.8918553, 41.6662483 ], [ -0.8914046, 41.665616 ], [ -0.8902137, 41.6660609 ], [ -0.8887202, 41.6666296 ] ] ] } },
{ "type": "Feature", "properties": { "CCAA": "02 - Aragón", "PROVINCIA": "50 - Zaragoza", "MUNICIPIO": "50297 - Zaragoza", "COD_MUNICIPIO": "50297", "DISTRITO": "12", "SECCION": "5029712007", "V1_H": 80.27, "V1_M": 86.36, "V2_H": 80.04050342, "V2_M": 86.25745667, "V3_H": 80.55487256000001, "V3_M": 86.64917866 }, "geometry": { "type": "Polygon", "coordinates": [ [ [ -1.0281195, 41.7188278 ], [ -1.0280091, 41.7189362 ], [ -1.0278963, 41.7190532 ], [ -1.0278382, 41.7191106 ], [ -1.0277618, 41.7191849 ], [ -1.0277144, 41.7192312 ], [ -1.0275234, 41.719432 ], [ -1.0273828, 41.7195799 ], [ -1.0273427, 41.7196186 ], [ -1.0274257, 41.7196551 ], [ -1.0275807, 41.7197332 ], [ -1.0277387, 41.7198128 ], [ -1.0279791, 41.7199339 ], [ -1.0280505, 41.7199616 ], [ -1.0279969, 41.7200067 ], [ -1.0279006, 41.7201174 ], [ -1.0278059, 41.7202258 ], [ -1.0275995, 41.7204555 ], [ -1.0272549, 41.7208391 ], [ -1.0271181, 41.7209903 ], [ -1.0271812, 41.7210269 ], [ -1.0272815, 41.7210987 ], [ -1.0274936, 41.7212538 ], [ -1.0276278, 41.7213551 ], [ -1.0277068, 41.7213928 ], [ -1.0281176, 41.7215799 ], [ -1.028154, 41.7216376 ], [ -1.0282019, 41.7217138 ], [ -1.0282687, 41.7218197 ], [ -1.0283038, 41.7218488 ], [ -1.0283571, 41.7218778 ], [ -1.0284501, 41.7219104 ], [ -1.0285093, 41.7219324 ], [ -1.0285385, 41.7219498 ], [ -1.0285547, 41.7219594 ], [ -1.0283834, 41.7221578 ], [ -1.0281453, 41.7224378 ], [ -1.028288, 41.7225613 ], [ -1.0283679, 41.7226307 ], [ -1.028504, 41.7227413 ], [ -1.0287406, 41.7229327 ], [ -1.0289115, 41.7230699 ], [ -1.0289806, 41.723116 ], [ -1.029029, 41.7231483 ], [ -1.0291051, 41.7231987 ], [ -1.0291414, 41.7232191 ], [ -1.0291672, 41.723194 ], [ -1.0291872, 41.7231685 ], [ -1.029279, 41.7230605 ], [ -1.0294389, 41.7228709 ], [ -1.0296344, 41.7226391 ], [ -1.0295488, 41.7224968 ], [ -1.029437, 41.7223109 ], [ -1.029321, 41.7221744 ], [ -1.0292497, 41.7221138 ], [ -1.0292985, 41.7220305 ], [ -1.0295787, 41.7215782 ], [ -1.0296647, 41.7214393 ], [ -1.0297419, 41.7213057 ], [ -1.0292782, 41.7210792 ], [ -1.0294001, 41.720972 ], [ -1.0295234, 41.7208306 ], [ -1.0298094, 41.7205003 ], [ -1.0304452, 41.7202783 ], [ -1.0306262, 41.7200769 ], [ -1.0306447, 41.7200553 ], [ -1.030144, 41.7198137 ], [ -1.0299809, 41.7197352 ], [ -1.0297564, 41.7196269 ], [ -1.0294233, 41.7194645 ], [ -1.0290759, 41.7192948 ], [ -1.0287683, 41.7191447 ], [ -1.0284704, 41.7189992 ], [ -1.0282622, 41.7188975 ], [ -1.0282617, 41.7188973 ], [ -1.028159, 41.7188472 ], [ -1.0281195, 41.7188278 ] ] ] } },
{ "type": "Feature", "properties": { "CCAA": "02 - Aragón", "PROVINCIA": "50 - Zaragoza", "MUNICIPIO": "50297 - Zaragoza", "COD_MUNICIPIO": "50297", "DISTRITO": "10", "SECCION": "5029710070", "V1_H": 81.47, "V1_M": 86.8, "V2_H": 81.3148143, "V2_M": 86.48589846, "V3_H": 81.69126572, "V3_M": 87.1320201 }, "geometry": { "type": "Polygon", "coordinates": [ [ [ -0.8870912, 41.6676669 ], [ -0.8849888, 41.6676596 ], [ -0.8837786, 41.6676534 ], [ -0.883586, 41.6676524 ], [ -0.8835853, 41.6678029 ], [ -0.8826797, 41.6677908 ], [ -0.8826742, 41.6682414 ], [ -0.8828029, 41.6682415 ], [ -0.8836089, 41.6682508 ], [ -0.8847213, 41.6682633 ], [ -0.8858684, 41.6682767 ], [ -0.8866721, 41.668286 ], [ -0.8874138, 41.6682963 ], [ -0.8877328, 41.6683035 ], [ -0.8877323, 41.6683031 ], [ -0.8876796, 41.6682507 ], [ -0.8870912, 41.6676669 ] ] ] } },
{ "type": "Feature", "properties": { "CCAA": "02 - Aragón", "PROVINCIA": "50 - Zaragoza", "MUNICIPIO": "50297 - Zaragoza", "COD_MUNICIPIO": "50297", "DISTRITO": "10", "SECCION": "5029710077", "V1_H": 81.37, "V1_M": 86.85, "V2_H": 81.08688328, "V2_M": 86.76748373, "V3_H": 81.75507894, "V3_M": 87.07522296 }, "geometry": { "type": "Polygon", "coordinates": [ [ [ -0.8842326, 41.67305 ], [ -0.8842318, 41.6731562 ], [ -0.8842268, 41.6732902 ], [ -0.8842095, 41.6738556 ], [ -0.8846069, 41.6738629 ], [ -0.8856793, 41.6738827 ], [ -0.8859475, 41.6738876 ], [ -0.8859897, 41.6738878 ], [ -0.8859918, 41.6740422 ], [ -0.8859933, 41.6741506 ], [ -0.8868561, 41.6741558 ], [ -0.8868667, 41.674443 ], [ -0.8868715, 41.6746323 ], [ -0.8868729, 41.6746323 ], [ -0.8868736, 41.6746323 ], [ -0.8893824, 41.6746706 ], [ -0.8893829, 41.6745783 ], [ -0.889392, 41.6730804 ], [ -0.8884429, 41.6730755 ], [ -0.887819, 41.6730722 ], [ -0.8869636, 41.6730678 ], [ -0.8868778, 41.6730673 ], [ -0.8861372, 41.6730622 ], [ -0.8849783, 41.6730543 ], [ -0.8842341, 41.67305 ], [ -0.8842326, 41.67305 ] ] ] } },
{ "type": "Feature", "properties": { "CCAA": "02 - Aragón", "PROVINCIA": "50 - Zaragoza", "MUNICIPIO": "50297 - Zaragoza", "COD_MUNICIPIO": "50297", "DISTRITO": "10", "SECCION": "5029710084", "V1_H": 81.47, "V1_M": 86.8, "V2_H": 81.3148143, "V2_M": 86.48589846, "V3_H": 81.69126572, "V3_M": 87.1320201 }, "geometry": { "type": "Polygon", "coordinates": [ [ [ -0.8585988, 41.6570604 ], [ -0.8586018, 41.6571002 ], [ -0.8587107, 41.6572846 ], [ -0.8587705, 41.6573843 ], [ -0.8590101, 41.6577844 ], [ -0.8590815, 41.6579842 ], [ -0.8590679, 41.6582514 ], [ -0.859062, 41.6583849 ], [ -0.8590661, 41.6584712 ], [ -0.8590748, 41.6584838 ], [ -0.8595562, 41.6585133 ], [ -0.8600785, 41.6585452 ], [ -0.8606706, 41.6585814 ], [ -0.8611377, 41.65861 ], [ -0.8615279, 41.6586338 ], [ -0.861672, 41.6584884 ], [ -0.8616973, 41.6584582 ], [ -0.8608655, 41.657687 ], [ -0.8605178, 41.6572047 ], [ -0.8603674, 41.6567956 ], [ -0.8603256, 41.656335 ], [ -0.860384, 41.6558656 ], [ -0.8607303, 41.6553106 ], [ -0.8624242, 41.653062 ], [ -0.8616641, 41.6528374 ], [ -0.8596052, 41.652229 ], [ -0.8590252, 41.6521023 ], [ -0.8583141, 41.6536715 ], [ -0.8582529, 41.6538063 ], [ -0.8580313, 41.6543614 ], [ -0.8580184, 41.6543939 ], [ -0.8580184, 41.6543957 ], [ -0.8576538, 41.6553561 ], [ -0.8577341, 41.6553653 ], [ -0.8587212, 41.6554713 ], [ -0.8585988, 41.6570604 ] ] ] } },
{ "type": "Feature", "properties": { "CCAA": "02 - Aragón", "PROVINCIA": "50 - Zaragoza", "MUNICIPIO": "50297 - Zaragoza", "COD_MUNICIPIO": "50297", "DISTRITO": "11", "SECCION": "5029711012", "V1_H": 82.53, "V1_M": 87.34, "V2_H": 82.38507422000001, "V2_M": 87.19104055, "V3_H": 82.74254947, "V3_M": 87.61225513 }, "geometry": { "type": "Polygon", "coordinates": [ [ [ -0.8602518, 41.7439209 ], [ -0.8604198, 41.7450266 ], [ -0.8605816, 41.746716 ], [ -0.8607583, 41.748162 ], [ -0.8608694, 41.7490073 ], [ -0.8610515, 41.7497227 ], [ -0.8611477, 41.7500853 ], [ -0.861225, 41.7504971 ], [ -0.8615459, 41.751585 ], [ -0.8618619, 41.7522309 ], [ -0.8620697, 41.752608 ], [ -0.8624985, 41.753301 ], [ -0.8628288, 41.7538566 ], [ -0.8632581, 41.7543515 ], [ -0.8635255, 41.7546536 ], [ -0.8638662, 41.7550793 ], [ -0.8641407, 41.7555302 ], [ -0.8643493, 41.7559489 ], [ -0.8645549, 41.7563001 ], [ -0.8647765, 41.756714 ], [ -0.8650484, 41.7572195 ], [ -0.86535, 41.757757 ], [ -0.8656329, 41.7583162 ], [ -0.8659728, 41.7589491 ], [ -0.8663307, 41.7594246 ], [ -0.8667506, 41.7598427 ], [ -0.8670846, 41.7603127 ], [ -0.8673483, 41.7608855 ], [ -0.8675316, 41.7613668 ], [ -0.8677925, 41.7618445 ], [ -0.8680458, 41.7625704 ], [ -0.8683509, 41.7635498 ], [ -0.8684647, 41.7639302 ], [ -0.8686237, 41.7645963 ], [ -0.8686831, 41.7651878 ], [ -0.8687572, 41.7656755 ], [ -0.8689081, 41.7662282 ], [ -0.8690664, 41.7667136 ], [ -0.869221, 41.7671539 ], [ -0.8694593, 41.7675861 ], [ -0.869737, 41.7681232 ], [ -0.8699723, 41.7684653 ], [ -0.8702517, 41.7689528 ], [ -0.8705772, 41.7694999 ], [ -0.8709492, 41.7700973 ], [ -0.8713204, 41.7706946 ], [ -0.8716248, 41.7713352 ], [ -0.8718945, 41.7719306 ], [ -0.8720522, 41.7724384 ], [ -0.8722102, 41.7727797 ], [ -0.8723913, 41.7733055 ], [ -0.8724322, 41.7735229 ], [ -0.8726119, 41.7740464 ], [ -0.8727104, 41.7743409 ], [ -0.8731158, 41.7755428 ], [ -0.8733352, 41.776187 ], [ -0.873672, 41.7770764 ], [ -0.8739276, 41.7778967 ], [ -0.8742768, 41.7787999 ], [ -0.8747906, 41.7801615 ], [ -0.8753587, 41.7813574 ], [ -0.876006, 41.7826855 ], [ -0.8766315, 41.7839681 ], [ -0.8769583, 41.7846406 ], [ -0.8771703, 41.7845955 ], [ -0.8774852, 41.7845338 ], [ -0.8788753, 41.7842037 ], [ -0.8799731, 41.7839584 ], [ -0.8839773, 41.7830421 ], [ -0.8842813, 41.7829441 ], [ -0.8844765, 41.7828892 ], [ -0.8851409, 41.7826268 ], [ -0.8854221, 41.7825149 ], [ -0.8868221, 41.7818607 ], [ -0.887291, 41.7815271 ], [ -0.8880947, 41.7812582 ], [ -0.891077, 41.780467 ], [ -0.8924854, 41.7801281 ], [ -0.89359, 41.7798562 ], [ -0.8942307, 41.779949 ], [ -0.8943475, 41.7799676 ], [ -0.8913512, 41.7774392 ], [ -0.8902818, 41.7760096 ], [ -0.8908828, 41.775183 ], [ -0.8924196, 41.7734423 ], [ -0.8929401, 41.772476 ], [ -0.893199, 41.7721464 ], [ -0.8942263, 41.7705986 ], [ -0.894985, 41.7687325 ], [ -0.8953865, 41.7671209 ], [ -0.8965039, 41.764948 ], [ -0.8947377, 41.7613645 ], [ -0.8940799, 41.7601513 ], [ -0.8883085, 41.7574863 ], [ -0.8808208, 41.754006 ], [ -0.8742348, 41.7506986 ], [ -0.8729708, 41.7500827 ], [ -0.8626867, 41.7451007 ], [ -0.8602518, 41.7439209 ] ] ] } },
{ "type": "Feature", "properties": { "CCAA": "02 - Aragón", "PROVINCIA": "50 - Zaragoza", "MUNICIPIO": "50297 - Zaragoza", "COD_MUNICIPIO": "50297", "DISTRITO": "01", "SECCION": "5029701009", "V1_H": 80.72, "V1_M": 86.56, "V2_H": 80.63016227, "V2_M": 86.55369361, "V3_H": 80.94352394000001, "V3_M": 86.74641221 }, "geometry": { "type": "Polygon", "coordinates": [ [ [ -0.8743198, 41.6530678 ], [ -0.8744039, 41.6531153 ], [ -0.8745648, 41.6532091 ], [ -0.8745727, 41.6532139 ], [ -0.8740057, 41.6536011 ], [ -0.8740521, 41.6536515 ], [ -0.8740687, 41.6537086 ], [ -0.8744103, 41.6539838 ], [ -0.8748965, 41.6534207 ], [ -0.875263, 41.652996 ], [ -0.8756351, 41.6531871 ], [ -0.8763451, 41.6535516 ], [ -0.8764958, 41.6533682 ], [ -0.8766537, 41.6531995 ], [ -0.8768116, 41.6530375 ], [ -0.8769466, 41.6528642 ], [ -0.8766241, 41.6527348 ], [ -0.8768356, 41.6524086 ], [ -0.8768064, 41.6523659 ], [ -0.876151, 41.6520185 ], [ -0.8760485, 41.6519544 ], [ -0.875776, 41.6518709 ], [ -0.8756794, 41.6518397 ], [ -0.8755535, 41.6517991 ], [ -0.8754983, 41.6517753 ], [ -0.8754213, 41.6517378 ], [ -0.8752751, 41.6516587 ], [ -0.8751687, 41.651589 ], [ -0.87509, 41.6515299 ], [ -0.8750262, 41.6514486 ], [ -0.8749337, 41.6513143 ], [ -0.8748531, 41.6511964 ], [ -0.874727, 41.6512386 ], [ -0.8747265, 41.6512387 ], [ -0.8737833, 41.6515538 ], [ -0.8736188, 41.651615 ], [ -0.8734658, 41.6517016 ], [ -0.8733036, 41.6518273 ], [ -0.8732434, 41.6518819 ], [ -0.8731273, 41.6519873 ], [ -0.8731863, 41.6520188 ], [ -0.8735709, 41.6522233 ], [ -0.8735163, 41.6522899 ], [ -0.8734773, 41.6523352 ], [ -0.8731046, 41.6527681 ], [ -0.8737603, 41.6531027 ], [ -0.8738027, 41.6531146 ], [ -0.8740143, 41.6531895 ], [ -0.8741555, 41.653006 ], [ -0.8743198, 41.6530678 ] ] ] } },
{ "type": "Feature", "properties": { "CCAA": "02 - Aragón", "PROVINCIA": "50 - Zaragoza", "MUNICIPIO": "50297 - Zaragoza", "COD_MUNICIPIO": "50297", "DISTRITO": "01", "SECCION": "5029701003", "V1_H": 80.65, "V1_M": 86.42, "V2_H": 80.32339709, "V2_M": 86.16224497, "V3_H": 80.9318118, "V3_M": 86.73476557 }, "geometry": { "type": "Polygon", "coordinates": [ [ [ -0.8745727, 41.6532139 ], [ -0.8745648, 41.6532091 ], [ -0.8744039, 41.6531153 ], [ -0.8743198, 41.6530678 ], [ -0.8741555, 41.653006 ], [ -0.8740143, 41.6531895 ], [ -0.8738027, 41.6531146 ], [ -0.8737603, 41.6531027 ], [ -0.8731046, 41.6527681 ], [ -0.8734773, 41.6523352 ], [ -0.8735163, 41.6522899 ], [ -0.8735709, 41.6522233 ], [ -0.8731863, 41.6520188 ], [ -0.8731273, 41.6519873 ], [ -0.8731272, 41.6519875 ], [ -0.8730505, 41.652057 ], [ -0.8725586, 41.652504 ], [ -0.8721963, 41.6528332 ], [ -0.8720999, 41.6529207 ], [ -0.8719573, 41.6530502 ], [ -0.8719571, 41.6530504 ], [ -0.8718129, 41.6531814 ], [ -0.8718548, 41.6532793 ], [ -0.8719017, 41.6534919 ], [ -0.8719289, 41.6537017 ], [ -0.8719573, 41.6539192 ], [ -0.8719556, 41.6539216 ], [ -0.871997, 41.6541433 ], [ -0.872014, 41.6542351 ], [ -0.8720588, 41.6543978 ], [ -0.8720758, 41.6544439 ], [ -0.8721702, 41.6546344 ], [ -0.8720408, 41.6545826 ], [ -0.871536, 41.6543123 ], [ -0.8714308, 41.6544781 ], [ -0.8713025, 41.6546815 ], [ -0.8709547, 41.6552332 ], [ -0.8707697, 41.6555275 ], [ -0.8707697, 41.6555275 ], [ -0.8708257, 41.655544 ], [ -0.8708732, 41.6555581 ], [ -0.8708732, 41.6555581 ], [ -0.8718034, 41.6558252 ], [ -0.8721709, 41.6554556 ], [ -0.8726305, 41.6549997 ], [ -0.8727655, 41.6548626 ], [ -0.8730673, 41.6545589 ], [ -0.8732053, 41.6544206 ], [ -0.8733525, 41.6542763 ], [ -0.8733347, 41.6542655 ], [ -0.8734756, 41.6541038 ], [ -0.8735861, 41.653979 ], [ -0.8736254, 41.6539332 ], [ -0.8737152, 41.6538193 ], [ -0.8737997, 41.6537123 ], [ -0.8738264, 41.6536805 ], [ -0.8738646, 41.6536364 ], [ -0.8739098, 41.653577 ], [ -0.8739325, 41.6535466 ], [ -0.8739625, 41.6535542 ], [ -0.8740042, 41.6535994 ], [ -0.8740046, 41.6535998 ], [ -0.8740057, 41.6536011 ], [ -0.8745727, 41.6532139 ] ] ] } },
{ "type": "Feature", "properties": { "CCAA": "02 - Aragón", "PROVINCIA": "50 - Zaragoza", "MUNICIPIO": "50297 - Zaragoza", "COD_MUNICIPIO": "50297", "DISTRITO": "12", "SECCION": "5029712006", "V1_H": 80.06, "V1_M": 86.09, "V2_H": 79.80248703, "V2_M": 86.14116428, "V3_H": 80.46064959, "V3_M": 86.17412372 }, "geometry": { "type": "MultiPolygon", "coordinates": [ [ [ [ -1.0151918, 41.7146409 ], [ -1.0150128, 41.7145973 ], [ -1.0149846, 41.7146358 ], [ -1.0145311, 41.7144189 ], [ -1.0120667, 41.7171683 ], [ -1.0115603, 41.7181149 ], [ -1.0088395, 41.7232003 ], [ -1.0103628, 41.7241918 ], [ -1.0105118, 41.724314 ], [ -1.0107418, 41.7244576 ], [ -1.0108137, 41.7245129 ], [ -1.0146886, 41.7296145 ], [ -1.0151618, 41.7298391 ], [ -1.0151621, 41.7298389 ], [ -1.0154097, 41.7295665 ], [ -1.015514, 41.7295522 ], [ -1.0155414, 41.7294446 ], [ -1.0155489, 41.7294135 ], [ -1.0157346, 41.7292093 ], [ -1.0172189, 41.7305949 ], [ -1.0189422, 41.7320297 ], [ -1.0190547, 41.7319568 ], [ -1.0191418, 41.7320016 ], [ -1.019454, 41.7316978 ], [ -1.0207824, 41.7308365 ], [ -1.0208524, 41.7309098 ], [ -1.021092, 41.731235 ], [ -1.0215448, 41.7318493 ], [ -1.022231, 41.7329755 ], [ -1.0227926, 41.7338973 ], [ -1.0233269, 41.7345099 ], [ -1.0237526, 41.7347425 ], [ -1.024396, 41.7349337 ], [ -1.0252884, 41.7348499 ], [ -1.0255954, 41.734639 ], [ -1.026157, 41.7339732 ], [ -1.0276882, 41.7314777 ], [ -1.0284152, 41.7305085 ], [ -1.0288622, 41.7300478 ], [ -1.0295826, 41.7292947 ], [ -1.0296984, 41.7290445 ], [ -1.0297503, 41.7289193 ], [ -1.029597, 41.728034 ], [ -1.0297984, 41.7277403 ], [ -1.0301853, 41.7276658 ], [ -1.0311295, 41.7278531 ], [ -1.0313684, 41.7279022 ], [ -1.0317267, 41.7279805 ], [ -1.032567, 41.7280219 ], [ -1.0337982, 41.7278628 ], [ -1.0355166, 41.727496 ], [ -1.0366257, 41.7273979 ], [ -1.037134, 41.7273597 ], [ -1.0366152, 41.7272428 ], [ -1.0366151, 41.7272427 ], [ -1.0366001, 41.7272395 ], [ -1.0365494, 41.7272158 ], [ -1.036549, 41.7272157 ], [ -1.0363784, 41.7271459 ], [ -1.0359796, 41.7269828 ], [ -1.0355234, 41.7267962 ], [ -1.0350137, 41.7265877 ], [ -1.0341845, 41.7262486 ], [ -1.0336856, 41.7260446 ], [ -1.0334132, 41.7259332 ], [ -1.0334073, 41.7259308 ], [ -1.0331193, 41.7258135 ], [ -1.0329624, 41.7257599 ], [ -1.0327807, 41.7256979 ], [ -1.0322265, 41.7253138 ], [ -1.0319157, 41.725071 ], [ -1.0317381, 41.7249318 ], [ -1.0312734, 41.7245315 ], [ -1.0307882, 41.7242515 ], [ -1.0307879, 41.7242513 ], [ -1.0304688, 41.7240685 ], [ -1.0302429, 41.7239379 ], [ -1.0301202, 41.7238524 ], [ -1.0299123, 41.7237041 ], [ -1.0295978, 41.7234765 ], [ -1.0295975, 41.7234762 ], [ -1.0295972, 41.7234761 ], [ -1.0291414, 41.7232191 ], [ -1.0291051, 41.7231987 ], [ -1.029029, 41.7231483 ], [ -1.0289806, 41.723116 ], [ -1.0289115, 41.7230699 ], [ -1.0287406, 41.7229327 ], [ -1.028504, 41.7227413 ], [ -1.0283679, 41.7226307 ], [ -1.028288, 41.7225613 ], [ -1.0281453, 41.7224378 ], [ -1.0283834, 41.7221578 ], [ -1.0285547, 41.7219594 ], [ -1.0285385, 41.7219498 ], [ -1.0285093, 41.7219324 ], [ -1.0284501, 41.7219104 ], [ -1.0283571, 41.7218778 ], [ -1.0283038, 41.7218488 ], [ -1.0282687, 41.7218197 ], [ -1.0282019, 41.7217138 ], [ -1.028154, 41.7216376 ], [ -1.0281176, 41.7215799 ], [ -1.0277068, 41.7213928 ], [ -1.0276278, 41.7213551 ], [ -1.0274936, 41.7212538 ], [ -1.0272815, 41.7210987 ], [ -1.0271812, 41.7210269 ], [ -1.0271181, 41.7209903 ], [ -1.0272549, 41.7208391 ], [ -1.0275995, 41.7204555 ], [ -1.0278059, 41.7202258 ], [ -1.0279006, 41.7201174 ], [ -1.0279969, 41.7200067 ], [ -1.0280505, 41.7199616 ], [ -1.0279791, 41.7199339 ], [ -1.0277387, 41.7198128 ], [ -1.0275807, 41.7197332 ], [ -1.0274257, 41.7196551 ], [ -1.0273427, 41.7196186 ], [ -1.0273828, 41.7195799 ], [ -1.0275234, 41.719432 ], [ -1.0277144, 41.7192312 ], [ -1.0277618, 41.7191849 ], [ -1.0278382, 41.7191106 ], [ -1.0278963, 41.7190532 ], [ -1.0280091, 41.7189362 ], [ -1.0281195, 41.7188278 ], [ -1.0281061, 41.7188213 ], [ -1.0280941, 41.7188154 ], [ -1.0280256, 41.718782 ], [ -1.0278397, 41.7186904 ], [ -1.0276546, 41.7185943 ], [ -1.0274834, 41.7185053 ], [ -1.0271159, 41.7183144 ], [ -1.0267196, 41.7181085 ], [ -1.0263596, 41.7179214 ], [ -1.0258018, 41.7176316 ], [ -1.0256261, 41.7175403 ], [ -1.0254272, 41.717437 ], [ -1.025392, 41.7174223 ], [ -1.0252195, 41.717348 ], [ -1.0248677, 41.7171292 ], [ -1.0244471, 41.7176077 ], [ -1.0243356, 41.7178203 ], [ -1.0244017, 41.7178429 ], [ -1.0243811, 41.7178925 ], [ -1.0243738, 41.7179234 ], [ -1.0243497, 41.7179826 ], [ -1.0243209, 41.7180941 ], [ -1.0243084, 41.7181892 ], [ -1.0242855, 41.7183127 ], [ -1.0244512, 41.7183765 ], [ -1.0241861, 41.7187611 ], [ -1.0240174, 41.7189362 ], [ -1.0238146, 41.7191 ], [ -1.0236845, 41.7189394 ], [ -1.0235917, 41.7188297 ], [ -1.0234576, 41.7186968 ], [ -1.0232086, 41.7185845 ], [ -1.022895, 41.7184215 ], [ -1.0228529, 41.7183976 ], [ -1.0223692, 41.7181242 ], [ -1.0218783, 41.7178635 ], [ -1.0216707, 41.7177744 ], [ -1.0215407, 41.7177001 ], [ -1.0203141, 41.7171296 ], [ -1.0189563, 41.7165253 ], [ -1.0180857, 41.7161049 ], [ -1.0166952, 41.7153919 ], [ -1.0157253, 41.7148798 ], [ -1.0156239, 41.7148344 ], [ -1.0151918, 41.7146409 ] ] ] ] } },
{ "type": "Feature", "properties": { "CCAA": "02 - Aragón", "PROVINCIA": "50 - Zaragoza", "MUNICIPIO": "50297 - Zaragoza", "COD_MUNICIPIO": "50297", "DISTRITO": "06", "SECCION": "5029706010", "V1_H": 81.04, "V1_M": 86.55, "V2_H": 80.90626992, "V2_M": 86.32523903000001, "V3_H": 81.22678782, "V3_M": 86.81274177 }, "geometry": { "type": "Polygon", "coordinates": [ [ [ -0.840429, 41.6231049 ], [ -0.8410817, 41.6231349 ], [ -0.8412827, 41.6231934 ], [ -0.8417171, 41.6233088 ], [ -0.8420979, 41.6234137 ], [ -0.8424847, 41.6235306 ], [ -0.8428024, 41.6236199 ], [ -0.8430372, 41.623722 ], [ -0.8434321, 41.6238796 ], [ -0.8438522, 41.6240447 ], [ -0.8444934, 41.6243403 ], [ -0.8447933, 41.6244913 ], [ -0.8451058, 41.6246426 ], [ -0.8454817, 41.6247997 ], [ -0.8458742, 41.6249334 ], [ -0.8461174, 41.6249737 ], [ -0.8464526, 41.6250181 ], [ -0.8468674, 41.6250541 ], [ -0.8473832, 41.6252067 ], [ -0.847699, 41.6252603 ], [ -0.8480282, 41.625295 ], [ -0.8484586, 41.6253412 ], [ -0.8488807, 41.6252538 ], [ -0.8494307, 41.6251402 ], [ -0.8500335, 41.6249704 ], [ -0.8506362, 41.6248005 ], [ -0.8513535, 41.6246213 ], [ -0.851733, 41.6244783 ], [ -0.8521256, 41.6243236 ], [ -0.8530111, 41.6240542 ], [ -0.8535162, 41.6238587 ], [ -0.8543668, 41.6234933 ], [ -0.8543662, 41.6234916 ], [ -0.8548644, 41.6232872 ], [ -0.8548727, 41.6232936 ], [ -0.8563517, 41.6226462 ], [ -0.8571391, 41.62227 ], [ -0.8589639, 41.6216368 ], [ -0.8602441, 41.6213366 ], [ -0.8609913, 41.6211175 ], [ -0.8635151, 41.6203775 ], [ -0.8647152, 41.6198089 ], [ -0.8657395, 41.6191797 ], [ -0.8663167, 41.618775 ], [ -0.8663527, 41.6187498 ], [ -0.8663525, 41.6187487 ], [ -0.8667498, 41.6184571 ], [ -0.8674216, 41.6178238 ], [ -0.8675791, 41.6176695 ], [ -0.8678796, 41.6173825 ], [ -0.8678834, 41.6173773 ], [ -0.8678915, 41.6173837 ], [ -0.8679131, 41.6173445 ], [ -0.8679478, 41.6173104 ], [ -0.8679406, 41.6173098 ], [ -0.867799, 41.6172981 ], [ -0.8672646, 41.6172286 ], [ -0.8669862, 41.6171949 ], [ -0.8662618, 41.6171123 ], [ -0.8656544, 41.6170414 ], [ -0.865297, 41.6169991 ], [ -0.8648668, 41.6169482 ], [ -0.8631701, 41.6167587 ], [ -0.8629333, 41.6167116 ], [ -0.8624939, 41.6166266 ], [ -0.8622064, 41.6164854 ], [ -0.8620152, 41.6163127 ], [ -0.8615818, 41.6153991 ], [ -0.8612677, 41.6147188 ], [ -0.8610667, 41.6142647 ], [ -0.860824, 41.6138265 ], [ -0.8606588, 41.6135422 ], [ -0.8605091, 41.6132654 ], [ -0.8604276, 41.6131376 ], [ -0.8602585, 41.6129724 ], [ -0.8601072, 41.6128618 ], [ -0.8599347, 41.6126752 ], [ -0.8599284, 41.6126748 ], [ -0.8598331, 41.6125856 ], [ -0.8584341, 41.6121592 ], [ -0.8577267, 41.6118749 ], [ -0.8572062, 41.6115816 ], [ -0.856549, 41.6110999 ], [ -0.8539569, 41.6106536 ], [ -0.8536768, 41.6106746 ], [ -0.8521769, 41.6115711 ], [ -0.8519705, 41.6115697 ], [ -0.8515487, 41.6114593 ], [ -0.8512499, 41.6112798 ], [ -0.851004, 41.6109368 ], [ -0.8507448, 41.610808 ], [ -0.8503881, 41.6107442 ], [ -0.8497026, 41.610829 ], [ -0.849271, 41.6108233 ], [ -0.8488378, 41.6107676 ], [ -0.8484597, 41.6106795 ], [ -0.8469782, 41.6097796 ], [ -0.8458133, 41.6096433 ], [ -0.8454184, 41.6093638 ], [ -0.84491, 41.6089944 ], [ -0.8446356, 41.6083649 ], [ -0.8445322, 41.6079436 ], [ -0.844564, 41.6074652 ], [ -0.8446493, 41.6071928 ], [ -0.8448059, 41.6066857 ], [ -0.844934, 41.6062711 ], [ -0.8450072, 41.6056911 ], [ -0.8449846, 41.6053237 ], [ -0.8446289, 41.6050382 ], [ -0.8439559, 41.6046562 ], [ -0.8431854, 41.6043344 ], [ -0.8416529, 41.6036431 ], [ -0.8406327, 41.6031997 ], [ -0.8395785, 41.6028178 ], [ -0.8381978, 41.6022413 ], [ -0.8374995, 41.6019517 ], [ -0.836773, 41.6016521 ], [ -0.8355292, 41.6011545 ], [ -0.8343895, 41.6006778 ], [ -0.8337884, 41.6004282 ], [ -0.8340641, 41.6000617 ], [ -0.8347676, 41.5997198 ], [ -0.8354027, 41.5995269 ], [ -0.8357606, 41.5992667 ], [ -0.8359334, 41.5987505 ], [ -0.8359277, 41.5981618 ], [ -0.835865, 41.5975672 ], [ -0.8357604, 41.597184 ], [ -0.835708, 41.5969471 ], [ -0.8357629, 41.5967289 ], [ -0.8358159, 41.5964725 ], [ -0.8358968, 41.5959522 ], [ -0.8359683, 41.5957105 ], [ -0.8360125, 41.5955278 ], [ -0.8361116, 41.5952223 ], [ -0.8361543, 41.5948942 ], [ -0.8361417, 41.5945127 ], [ -0.8361051, 41.5942761 ], [ -0.836005, 41.5940431 ], [ -0.8358038, 41.5936985 ], [ -0.8355261, 41.5933621 ], [ -0.8352433, 41.5930898 ], [ -0.8344005, 41.592757 ], [ -0.8334248, 41.5924075 ], [ -0.832863, 41.5921251 ], [ -0.832538, 41.5918783 ], [ -0.8322675, 41.5916135 ], [ -0.831971, 41.5911789 ], [ -0.8317385, 41.5907289 ], [ -0.8314842, 41.5902642 ], [ -0.831187, 41.5897558 ], [ -0.8306762, 41.5888954 ], [ -0.8297107, 41.5872067 ], [ -0.8292167, 41.5863205 ], [ -0.8287115, 41.5854816 ], [ -0.8280219, 41.5843724 ], [ -0.827685, 41.583818 ], [ -0.8275109, 41.5835192 ], [ -0.8273268, 41.5832369 ], [ -0.8268771, 41.5823562 ], [ -0.8266603, 41.5819113 ], [ -0.8264917, 41.5815459 ], [ -0.8264065, 41.5811511 ], [ -0.8264547, 41.5785807 ], [ -0.8264382, 41.57803 ], [ -0.8264155, 41.5776673 ], [ -0.8256325, 41.5763157 ], [ -0.8251225, 41.5758151 ], [ -0.8240781, 41.5750685 ], [ -0.8234394, 41.5746203 ], [ -0.8227294, 41.5741255 ], [ -0.8221241, 41.5736279 ], [ -0.8218184, 41.5733743 ], [ -0.8212788, 41.572623 ], [ -0.8211696, 41.5721896 ], [ -0.8210414, 41.5717558 ], [ -0.8209286, 41.5709415 ], [ -0.8209337, 41.5701314 ], [ -0.8214591, 41.5677155 ], [ -0.8217712, 41.5665489 ], [ -0.82189, 41.5659411 ], [ -0.822056, 41.5653462 ], [ -0.8221673, 41.5643927 ], [ -0.8218225, 41.5638881 ], [ -0.8211835, 41.5633613 ], [ -0.8207357, 41.5629953 ], [ -0.8198887, 41.5618593 ], [ -0.8194588, 41.5613388 ], [ -0.818981, 41.5608293 ], [ -0.8183561, 41.5601645 ], [ -0.8177408, 41.5594998 ], [ -0.8171803, 41.5589006 ], [ -0.816933, 41.5586147 ], [ -0.816645, 41.558309 ], [ -0.8161288, 41.5576224 ], [ -0.8156824, 41.5570301 ], [ -0.8156656, 41.5568701 ], [ -0.8154267, 41.5554834 ], [ -0.8152927, 41.5547541 ], [ -0.815171, 41.5539392 ], [ -0.8148842, 41.5522847 ], [ -0.8144828, 41.5512976 ], [ -0.814097, 41.5504157 ], [ -0.8139355, 41.5496525 ], [ -0.8140863, 41.5491311 ], [ -0.8145052, 41.5480906 ], [ -0.8147265, 41.5475491 ], [ -0.8153725, 41.5468274 ], [ -0.8162694, 41.5459103 ], [ -0.8169587, 41.5451275 ], [ -0.8182077, 41.5438286 ], [ -0.8191341, 41.5428811 ], [ -0.8205668, 41.5413045 ], [ -0.8210381, 41.5407772 ], [ -0.8213285, 41.5401584 ], [ -0.8213735, 41.539666 ], [ -0.8213642, 41.5392821 ], [ -0.8208337, 41.5379853 ], [ -0.8203834, 41.5373214 ], [ -0.8198723, 41.5365801 ], [ -0.8195606, 41.5358522 ], [ -0.819621, 41.5347258 ], [ -0.8196579, 41.53456 ], [ -0.8197273, 41.5343826 ], [ -0.8198512, 41.5341872 ], [ -0.8208306, 41.5335313 ], [ -0.8218095, 41.5330923 ], [ -0.822683, 41.5327657 ], [ -0.8241221, 41.532221 ], [ -0.8255927, 41.5322488 ], [ -0.8290904, 41.5323531 ], [ -0.8304748, 41.5319217 ], [ -0.8316172, 41.5311425 ], [ -0.8328179, 41.5301357 ], [ -0.8334303, 41.5285078 ], [ -0.8345258, 41.5260882 ], [ -0.8353779, 41.523359 ], [ -0.8366228, 41.5210185 ], [ -0.8380045, 41.5191381 ], [ -0.8388943, 41.518316 ], [ -0.8399045, 41.5169243 ], [ -0.8410844, 41.5150019 ], [ -0.8429133, 41.5133967 ], [ -0.8419526, 41.5133024 ], [ -0.8411554, 41.512868 ], [ -0.8403709, 41.5120526 ], [ -0.8388703, 41.5114144 ], [ -0.8376676, 41.5109723 ], [ -0.8364384, 41.5098054 ], [ -0.8350381, 41.5076819 ], [ -0.8345503, 41.5071008 ], [ -0.8347835, 41.5061901 ], [ -0.8351966, 41.5059692 ], [ -0.8336305, 41.504262 ], [ -0.8315219, 41.5036122 ], [ -0.8302916, 41.5024833 ], [ -0.8295377, 41.5022784 ], [ -0.8273926, 41.5012084 ], [ -0.8265335, 41.5011159 ], [ -0.8249903, 41.5002479 ], [ -0.8210803, 41.4988775 ], [ -0.8198209, 41.4986249 ], [ -0.8189946, 41.4990667 ], [ -0.8177974, 41.4984721 ], [ -0.8162948, 41.4979098 ], [ -0.8152574, 41.4970894 ], [ -0.8143971, 41.4970349 ], [ -0.8145202, 41.496389 ], [ -0.8148827, 41.4961672 ], [ -0.8151957, 41.4959062 ], [ -0.8154728, 41.4937 ], [ -0.8154971, 41.4929761 ], [ -0.815438, 41.4917167 ], [ -0.8159576, 41.4913453 ], [ -0.8160794, 41.4907376 ], [ -0.8161544, 41.4900146 ], [ -0.8166881, 41.489224 ], [ -0.8185605, 41.4893358 ], [ -0.8214137, 41.4889324 ], [ -0.8222507, 41.4881666 ], [ -0.8223802, 41.4873302 ], [ -0.8224708, 41.4868935 ], [ -0.8229948, 41.4863886 ], [ -0.8228937, 41.4856242 ], [ -0.8230408, 41.4850169 ], [ -0.8241125, 41.4848084 ], [ -0.8246929, 41.4841331 ], [ -0.8257736, 41.4836579 ], [ -0.8261538, 41.4829025 ], [ -0.8256472, 41.4821303 ], [ -0.8251526, 41.4817588 ], [ -0.8246535, 41.4815206 ], [ -0.8243851, 41.4812104 ], [ -0.8244093, 41.4804865 ], [ -0.8248938, 41.4804003 ], [ -0.8237799, 41.4795976 ], [ -0.8233645, 41.4791322 ], [ -0.8236402, 41.4784702 ], [ -0.8228416, 41.4780928 ], [ -0.8230249, 41.4771622 ], [ -0.8236884, 41.4755161 ], [ -0.8243598, 41.4751476 ], [ -0.8251768, 41.4749724 ], [ -0.8252682, 41.473754 ], [ -0.8228767, 41.4717451 ], [ -0.8227236, 41.4710178 ], [ -0.8220273, 41.4698607 ], [ -0.8211935, 41.4690252 ], [ -0.8212203, 41.468225 ], [ -0.8223946, 41.4672178 ], [ -0.8223871, 41.4666838 ], [ -0.8227558, 41.4662714 ], [ -0.8235461, 41.4661339 ], [ -0.8232316, 41.4649269 ], [ -0.8232286, 41.4642596 ], [ -0.8227601, 41.4638694 ], [ -0.8223246, 41.4632511 ], [ -0.8225464, 41.4626834 ], [ -0.8222597, 41.4621632 ], [ -0.8217982, 41.4615635 ], [ -0.8218654, 41.4610691 ], [ -0.821454, 41.4604894 ], [ -0.8213542, 41.4596868 ], [ -0.821172, 41.4590733 ], [ -0.8213058, 41.4581035 ], [ -0.8214575, 41.4566003 ], [ -0.8207169, 41.4560144 ], [ -0.8202705, 41.4548976 ], [ -0.8198691, 41.4534833 ], [ -0.8198679, 41.4534834 ], [ -0.8201785, 41.4548999 ], [ -0.8191483, 41.4549253 ], [ -0.8176356, 41.4550498 ], [ -0.8169063, 41.4553781 ], [ -0.8126997, 41.4558656 ], [ -0.8116138, 41.4568266 ], [ -0.8105728, 41.4568068 ], [ -0.805477, 41.4571623 ], [ -0.8031035, 41.4583755 ], [ -0.8029386, 41.4584715 ], [ -0.8016472, 41.4591312 ], [ -0.8001664, 41.4597244 ], [ -0.7992799, 41.4600946 ], [ -0.798582, 41.460374 ], [ -0.7980421, 41.4605843 ], [ -0.7959183, 41.4619576 ], [ -0.7957658, 41.4618602 ], [ -0.7956312, 41.4619477 ], [ -0.7955631, 41.4620139 ], [ -0.7951345, 41.4626496 ], [ -0.7950074, 41.4628679 ], [ -0.7946216, 41.4632973 ], [ -0.7944391, 41.4633838 ], [ -0.7938616, 41.4639942 ], [ -0.7936757, 41.4641798 ], [ -0.7935097, 41.4643072 ], [ -0.7934231, 41.4643911 ], [ -0.7929457, 41.4650484 ], [ -0.792716, 41.4652917 ], [ -0.7926349, 41.4653892 ], [ -0.7925611, 41.4654463 ], [ -0.7922228, 41.4657101 ], [ -0.7920892, 41.465766 ], [ -0.7920059, 41.4657509 ], [ -0.7918753, 41.4657168 ], [ -0.791798, 41.4657019 ], [ -0.7915786, 41.4656391 ], [ -0.7914941, 41.46566 ], [ -0.7907832, 41.4661417 ], [ -0.7891192, 41.4677173 ], [ -0.7890259, 41.4678192 ], [ -0.7889457, 41.4678896 ], [ -0.7887972, 41.4680309 ], [ -0.7886372, 41.4681584 ], [ -0.7876365, 41.4688867 ], [ -0.7872677, 41.4691679 ], [ -0.7869277, 41.4693054 ], [ -0.7857993, 41.4697385 ], [ -0.7848523, 41.470121 ], [ -0.7847731, 41.47016 ], [ -0.781009, 41.4716816 ], [ -0.780559, 41.4720602 ], [ -0.7803863, 41.4722099 ], [ -0.78019, 41.4723458 ], [ -0.7793197, 41.473108 ], [ -0.7789733, 41.4734345 ], [ -0.7778915, 41.4744269 ], [ -0.7762442, 41.4749715 ], [ -0.7746087, 41.4755207 ], [ -0.7733555, 41.476271 ], [ -0.7725932, 41.476675 ], [ -0.7720313, 41.4769928 ], [ -0.7716961, 41.4771665 ], [ -0.7691345, 41.4786975 ], [ -0.7690927, 41.4787218 ], [ -0.768108, 41.4792944 ], [ -0.7660935, 41.4804127 ], [ -0.7647858, 41.4811753 ], [ -0.7644809, 41.481336 ], [ -0.7644313, 41.4813846 ], [ -0.7643023, 41.4814766 ], [ -0.7628132, 41.4826365 ], [ -0.7626218, 41.4828039 ], [ -0.7624736, 41.4829361 ], [ -0.7621468, 41.4832089 ], [ -0.7595925, 41.4853838 ], [ -0.7588959, 41.4859601 ], [ -0.7584566, 41.4863703 ], [ -0.7577783, 41.4869335 ], [ -0.7576086, 41.4870794 ], [ -0.7569945, 41.4876073 ], [ -0.7567792, 41.4877742 ], [ -0.7562854, 41.4881969 ], [ -0.7549196, 41.4888997 ], [ -0.7547382, 41.4889502 ], [ -0.7540278, 41.489229 ], [ -0.7537799, 41.4892962 ], [ -0.7534277, 41.489438 ], [ -0.7522447, 41.4898741 ], [ -0.750091, 41.4906696 ], [ -0.7492657, 41.4909777 ], [ -0.749199, 41.4910034 ], [ -0.7471118, 41.4924711 ], [ -0.746209, 41.4931154 ], [ -0.7426257, 41.495747 ], [ -0.742472, 41.495861 ], [ -0.742042, 41.4961678 ], [ -0.7414179, 41.4967185 ], [ -0.7409574, 41.4970426 ], [ -0.7399129, 41.4976255 ], [ -0.7394972, 41.497865 ], [ -0.738412, 41.4984111 ], [ -0.7383451, 41.4984413 ], [ -0.7381876, 41.4984922 ], [ -0.7370182, 41.4990456 ], [ -0.7369319, 41.499116 ], [ -0.7356474, 41.4997076 ], [ -0.7356696, 41.4997576 ], [ -0.7351326, 41.4998686 ], [ -0.7347946, 41.4999429 ], [ -0.7337144, 41.5001693 ], [ -0.7330217, 41.5002817 ], [ -0.732703, 41.500316 ], [ -0.7318952, 41.5004622 ], [ -0.7315109, 41.5005314 ], [ -0.7309488, 41.5006326 ], [ -0.73073, 41.5006776 ], [ -0.7301886, 41.5007888 ], [ -0.7296013, 41.5009663 ], [ -0.7293587, 41.5010515 ], [ -0.7292858, 41.5010816 ], [ -0.7283531, 41.5008605 ], [ -0.7278201, 41.5008545 ], [ -0.7272455, 41.5008431 ], [ -0.7271145, 41.5008225 ], [ -0.7266046, 41.5006728 ], [ -0.7264977, 41.5006437 ], [ -0.7263571, 41.500607 ], [ -0.7262366, 41.5005755 ], [ -0.7253255, 41.5005413 ], [ -0.7249623, 41.5005277 ], [ -0.7248967, 41.5005219 ], [ -0.7223452, 41.4998274 ], [ -0.7222676, 41.4998214 ], [ -0.7213058, 41.4995771 ], [ -0.7212352, 41.4995397 ], [ -0.7201943, 41.4993299 ], [ -0.7200989, 41.499319 ], [ -0.7199099, 41.4992432 ], [ -0.7187113, 41.4985755 ], [ -0.7183925, 41.498443 ], [ -0.7177385, 41.4981328 ], [ -0.7162566, 41.4973513 ], [ -0.7143961, 41.4966028 ], [ -0.714194, 41.4965583 ], [ -0.7139639, 41.4964591 ], [ -0.713581, 41.4962759 ], [ -0.7133061, 41.4960903 ], [ -0.7119093, 41.495441 ], [ -0.7091707, 41.494121 ], [ -0.7090288, 41.4940686 ], [ -0.7081511, 41.4938214 ], [ -0.7079915, 41.4932509 ], [ -0.7078689, 41.492654 ], [ -0.7077842, 41.4923371 ], [ -0.707645, 41.4922082 ], [ -0.7075023, 41.4921783 ], [ -0.707014, 41.4920965 ], [ -0.7066049, 41.4920346 ], [ -0.7061919, 41.491972 ], [ -0.7058004, 41.4918652 ], [ -0.7050695, 41.4917019 ], [ -0.7048862, 41.4916353 ], [ -0.7048313, 41.4916193 ], [ -0.7048032, 41.4916111 ], [ -0.7045893, 41.4915618 ], [ -0.7044413, 41.4915138 ], [ -0.7042401, 41.4914422 ], [ -0.7039685, 41.4913332 ], [ -0.7037287, 41.4911708 ], [ -0.7036323, 41.491118 ], [ -0.7031059, 41.4908296 ], [ -0.70255, 41.4904582 ], [ -0.7013349, 41.4897302 ], [ -0.701166, 41.4896289 ], [ -0.7000386, 41.4886517 ], [ -0.6995384, 41.4882265 ], [ -0.6980909, 41.486996 ], [ -0.6970393, 41.4870965 ], [ -0.6966481, 41.4871508 ], [ -0.6964435, 41.4871792 ], [ -0.6960958, 41.4871672 ], [ -0.6956183, 41.4871506 ], [ -0.6955104, 41.4871469 ], [ -0.6950627, 41.4870114 ], [ -0.6942839, 41.4867755 ], [ -0.6941706, 41.4867598 ], [ -0.6940747, 41.4867624 ], [ -0.6937736, 41.4868104 ], [ -0.6933614, 41.486878 ], [ -0.6933338, 41.4868826 ], [ -0.6932677, 41.4868903 ], [ -0.6925155, 41.4864995 ], [ -0.6923209, 41.4863984 ], [ -0.6910576, 41.4867288 ], [ -0.6903324, 41.4869124 ], [ -0.6898156, 41.4872146 ], [ -0.6892268, 41.4875589 ], [ -0.6892009, 41.4875741 ], [ -0.6884609, 41.4878384 ], [ -0.6879144, 41.4888902 ], [ -0.6879405, 41.4891654 ], [ -0.6881648, 41.4902687 ], [ -0.6870578, 41.4909129 ], [ -0.6858289, 41.4916177 ], [ -0.6857479, 41.4916601 ], [ -0.6857472, 41.4916604 ], [ -0.685597, 41.4917391 ], [ -0.6866086, 41.4941102 ], [ -0.6878047, 41.4965318 ], [ -0.6878711, 41.4966664 ], [ -0.6879332, 41.4967757 ], [ -0.6879342, 41.4968559 ], [ -0.687954, 41.4983793 ], [ -0.6879717, 41.4987219 ], [ -0.6879637, 41.4989469 ], [ -0.6878878, 41.4997334 ], [ -0.6878758, 41.4999043 ], [ -0.6878751, 41.4999224 ], [ -0.6878476, 41.5006964 ], [ -0.6881088, 41.50194 ], [ -0.6882299, 41.5025774 ], [ -0.6879754, 41.5026763 ], [ -0.6877014, 41.5027829 ], [ -0.6875555, 41.5028431 ], [ -0.6873023, 41.5029311 ], [ -0.6869065, 41.5030686 ], [ -0.6870096, 41.5033239 ], [ -0.6871762, 41.5037361 ], [ -0.6864959, 41.5040137 ], [ -0.6860091, 41.5042124 ], [ -0.6857235, 41.5044948 ], [ -0.6858784, 41.5050248 ], [ -0.6859506, 41.5053505 ], [ -0.6860659, 41.505783 ], [ -0.6860774, 41.5058259 ], [ -0.6857878, 41.5062209 ], [ -0.6857056, 41.5063408 ], [ -0.6853421, 41.5067928 ], [ -0.6851982, 41.5072988 ], [ -0.6849722, 41.5079247 ], [ -0.6848608, 41.5081926 ], [ -0.6846508, 41.5085396 ], [ -0.6833636, 41.5095225 ], [ -0.6833153, 41.5095746 ], [ -0.6827281, 41.5102076 ], [ -0.6824727, 41.5107359 ], [ -0.6824484, 41.5107862 ], [ -0.6823465, 41.510997 ], [ -0.6837789, 41.5111688 ], [ -0.6844224, 41.511246 ], [ -0.6860274, 41.5114315 ], [ -0.6865922, 41.5115554 ], [ -0.6888283, 41.5120192 ], [ -0.6904565, 41.5125653 ], [ -0.6920716, 41.5131427 ], [ -0.692616, 41.5133338 ], [ -0.6933853, 41.5136014 ], [ -0.6945034, 41.5140021 ], [ -0.6976696, 41.5149392 ], [ -0.6993075, 41.5172417 ], [ -0.6988467, 41.5175891 ], [ -0.6965741, 41.5193018 ], [ -0.6961063, 41.5196543 ], [ -0.6957858, 41.519852 ], [ -0.6940854, 41.5209009 ], [ -0.6936742, 41.5211546 ], [ -0.6907225, 41.5222662 ], [ -0.6882081, 41.5237152 ], [ -0.6868233, 41.524741 ], [ -0.6855347, 41.5267641 ], [ -0.6846926, 41.5278594 ], [ -0.6839901, 41.5283991 ], [ -0.6831772, 41.5290132 ], [ -0.6823586, 41.5296181 ], [ -0.6823348, 41.5296354 ], [ -0.6807649, 41.5307792 ], [ -0.6806782, 41.5308586 ], [ -0.680691, 41.5308664 ], [ -0.6807688, 41.5309139 ], [ -0.6820448, 41.5316922 ], [ -0.6823582, 41.5324821 ], [ -0.6826432, 41.5327221 ], [ -0.6828492, 41.5328298 ], [ -0.6835794, 41.5331913 ], [ -0.6844589, 41.5335692 ], [ -0.6856823, 41.5340487 ], [ -0.686474, 41.5343709 ], [ -0.6869674, 41.534651 ], [ -0.68818, 41.5354365 ], [ -0.6891993, 41.5360965 ], [ -0.6905273, 41.5370103 ], [ -0.691745, 41.5378228 ], [ -0.6919447, 41.5379395 ], [ -0.6921632, 41.5380294 ], [ -0.6923559, 41.5381729 ], [ -0.6924509, 41.5383684 ], [ -0.6924749, 41.5385356 ], [ -0.6926029, 41.5392531 ], [ -0.6926347, 41.5394349 ], [ -0.6926591, 41.539593 ], [ -0.6927398, 41.5400179 ], [ -0.6929373, 41.5403641 ], [ -0.6931984, 41.5406036 ], [ -0.6935478, 41.5407232 ], [ -0.6940591, 41.5408415 ], [ -0.6961024, 41.5411977 ], [ -0.6962944, 41.5411926 ], [ -0.696487, 41.5411694 ], [ -0.6966854, 41.5411509 ], [ -0.6969591, 41.5412104 ], [ -0.6970852, 41.5413705 ], [ -0.6972497, 41.5426483 ], [ -0.697379, 41.543565 ], [ -0.6974469, 41.5438456 ], [ -0.6975261, 41.5439777 ], [ -0.6977438, 41.5442613 ], [ -0.6980065, 41.5444602 ], [ -0.6982719, 41.5445826 ], [ -0.6985991, 41.5446522 ], [ -0.7002516, 41.5448744 ], [ -0.7012344, 41.5453894 ], [ -0.7014967, 41.5454308 ], [ -0.7021413, 41.5453401 ], [ -0.7027404, 41.5453476 ], [ -0.7036966, 41.5456009 ], [ -0.7052315, 41.5464376 ], [ -0.7053024, 41.546466 ], [ -0.7061613, 41.5469245 ], [ -0.7085527, 41.5484628 ], [ -0.7088897, 41.5485956 ], [ -0.7101655, 41.5487078 ], [ -0.7104136, 41.5487296 ], [ -0.7110668, 41.5487336 ], [ -0.7113706, 41.548612 ], [ -0.7123316, 41.5482274 ], [ -0.7125829, 41.5482414 ], [ -0.7133281, 41.5485265 ], [ -0.7157509, 41.5502004 ], [ -0.7169389, 41.550679 ], [ -0.717867, 41.551053 ], [ -0.7180927, 41.5512826 ], [ -0.7184074, 41.5525194 ], [ -0.7188089, 41.5540979 ], [ -0.7188424, 41.5541706 ], [ -0.7189173, 41.5542576 ], [ -0.719052, 41.5543459 ], [ -0.7194636, 41.5545747 ], [ -0.7200573, 41.5549107 ], [ -0.7204863, 41.5551579 ], [ -0.72071, 41.5552749 ], [ -0.720924, 41.5553287 ], [ -0.7212217, 41.5553841 ], [ -0.7215268, 41.5554038 ], [ -0.7217414, 41.5554395 ], [ -0.7218312, 41.5554413 ], [ -0.7220348, 41.5554499 ], [ -0.7255663, 41.5556099 ], [ -0.7263519, 41.555774 ], [ -0.7270545, 41.5565985 ], [ -0.7277501, 41.5574499 ], [ -0.7289063, 41.557815 ], [ -0.7289896, 41.5578347 ], [ -0.7292326, 41.5579161 ], [ -0.7302656, 41.5582067 ], [ -0.7307611, 41.558266 ], [ -0.7315906, 41.5583769 ], [ -0.7326289, 41.558519 ], [ -0.7333348, 41.55856 ], [ -0.7341285, 41.5586702 ], [ -0.7350346, 41.5588187 ], [ -0.7376404, 41.5600859 ], [ -0.7377045, 41.5601367 ], [ -0.7378228, 41.5601841 ], [ -0.7382528, 41.5604042 ], [ -0.7388837, 41.5607094 ], [ -0.7393568, 41.5608988 ], [ -0.7396239, 41.5609761 ], [ -0.7398087, 41.5610068 ], [ -0.7401248, 41.5610535 ], [ -0.7402202, 41.5610689 ], [ -0.7406977, 41.5611323 ], [ -0.7414496, 41.5612327 ], [ -0.7422623, 41.5613117 ], [ -0.743008, 41.5614209 ], [ -0.7433769, 41.5615002 ], [ -0.7441433, 41.5617044 ], [ -0.7445414, 41.5618068 ], [ -0.7447003, 41.5618955 ], [ -0.7450918, 41.5621869 ], [ -0.7454773, 41.5624826 ], [ -0.7459211, 41.5628246 ], [ -0.746219, 41.5630511 ], [ -0.7466535, 41.5633163 ], [ -0.7474226, 41.5637862 ], [ -0.747986, 41.5641395 ], [ -0.7486193, 41.5645483 ], [ -0.7491828, 41.564897 ], [ -0.7495937, 41.5651528 ], [ -0.7498528, 41.5652884 ], [ -0.7500722, 41.5653603 ], [ -0.7507535, 41.5655988 ], [ -0.7513401, 41.5657994 ], [ -0.7518255, 41.56598 ], [ -0.7519785, 41.566064 ], [ -0.7534693, 41.5666472 ], [ -0.755562, 41.5682057 ], [ -0.7566607, 41.5690332 ], [ -0.757647, 41.5699891 ], [ -0.7614745, 41.571676 ], [ -0.7630803, 41.5724098 ], [ -0.7634327, 41.5726238 ], [ -0.7642364, 41.5731438 ], [ -0.7660271, 41.5737326 ], [ -0.768649, 41.5745671 ], [ -0.7696452, 41.5747215 ], [ -0.7705879, 41.5748614 ], [ -0.7717618, 41.5750824 ], [ -0.7726497, 41.5752437 ], [ -0.7735568, 41.5753739 ], [ -0.774487, 41.5755314 ], [ -0.7752799, 41.5756684 ], [ -0.7758511, 41.5758011 ], [ -0.7763449, 41.5759142 ], [ -0.7766252, 41.5759602 ], [ -0.7767442, 41.5759895 ], [ -0.777077, 41.576077 ], [ -0.7787819, 41.5767269 ], [ -0.7810966, 41.5776093 ], [ -0.7833642, 41.5784682 ], [ -0.785472, 41.5792654 ], [ -0.7868045, 41.5795838 ], [ -0.7883333, 41.5799509 ], [ -0.7894412, 41.5803506 ], [ -0.7917455, 41.5811965 ], [ -0.793233, 41.5817204 ], [ -0.7937118, 41.5819278 ], [ -0.7946892, 41.5822843 ], [ -0.7960969, 41.5828652 ], [ -0.7966898, 41.5832458 ], [ -0.7969949, 41.5834454 ], [ -0.7980638, 41.5841143 ], [ -0.7992448, 41.584835 ], [ -0.8002901, 41.5854944 ], [ -0.800742, 41.5857868 ], [ -0.8007643, 41.5860124 ], [ -0.8008592, 41.5869284 ], [ -0.8009555, 41.5881551 ], [ -0.8010212, 41.5886923 ], [ -0.8010255, 41.5887419 ], [ -0.8011475, 41.5892846 ], [ -0.8009886, 41.5892996 ], [ -0.8009223, 41.5893073 ], [ -0.8006184, 41.5893228 ], [ -0.7995944, 41.589375 ], [ -0.7988673, 41.5894121 ], [ -0.79773, 41.5888138 ], [ -0.7970367, 41.5885618 ], [ -0.7958833, 41.5880849 ], [ -0.7955021, 41.5880055 ], [ -0.7946538, 41.5879037 ], [ -0.7937588, 41.5876973 ], [ -0.7935885, 41.5876581 ], [ -0.7927012, 41.5876455 ], [ -0.792444, 41.5876489 ], [ -0.791735, 41.5876584 ], [ -0.7909235, 41.5877104 ], [ -0.7904035, 41.5876553 ], [ -0.7889601, 41.5875915 ], [ -0.788335, 41.587629 ], [ -0.7879626, 41.5876443 ], [ -0.7874095, 41.5876833 ], [ -0.7864573, 41.5878135 ], [ -0.7861498, 41.5878616 ], [ -0.7860661, 41.5878894 ], [ -0.7859192, 41.5879382 ], [ -0.7858659, 41.5879732 ], [ -0.7858394, 41.5879907 ], [ -0.7857286, 41.5880742 ], [ -0.7854616, 41.5881636 ], [ -0.7852978, 41.588219 ], [ -0.7851264, 41.5882281 ], [ -0.7839998, 41.5882885 ], [ -0.7832345, 41.5888569 ], [ -0.7817901, 41.58993 ], [ -0.7813011, 41.5901935 ], [ -0.7807573, 41.5904865 ], [ -0.78069, 41.5905257 ], [ -0.7762343, 41.5929343 ], [ -0.776179, 41.5929738 ], [ -0.7759653, 41.5930822 ], [ -0.7756168, 41.5932736 ], [ -0.7741371, 41.594087 ], [ -0.7740632, 41.5941442 ], [ -0.7736909, 41.5943305 ], [ -0.7717887, 41.5953925 ], [ -0.7707188, 41.5959751 ], [ -0.7675023, 41.5977454 ], [ -0.7654772, 41.5988859 ], [ -0.7645498, 41.5994938 ], [ -0.7644731, 41.5999787 ], [ -0.7644935, 41.6004294 ], [ -0.7658547, 41.6002757 ], [ -0.7669021, 41.5994765 ], [ -0.7683456, 41.598676 ], [ -0.7697655, 41.597811 ], [ -0.7698282, 41.5977951 ], [ -0.7716496, 41.5973396 ], [ -0.7748984, 41.596547 ], [ -0.7785156, 41.5956804 ], [ -0.7790779, 41.5955517 ], [ -0.781441, 41.5960927 ], [ -0.781434, 41.595246 ], [ -0.7813794, 41.5942137 ], [ -0.7843054, 41.5935542 ], [ -0.7851825, 41.5933414 ], [ -0.7888831, 41.5924806 ], [ -0.7897884, 41.5926736 ], [ -0.7900918, 41.592747 ], [ -0.7931614, 41.5947334 ], [ -0.7935753, 41.5943811 ], [ -0.7937317, 41.594195 ], [ -0.7940818, 41.5937784 ], [ -0.7943812, 41.5934419 ], [ -0.7958824, 41.5947018 ], [ -0.7960725, 41.5948614 ], [ -0.7964925, 41.5952117 ], [ -0.7968453, 41.5952578 ], [ -0.7980977, 41.595981 ], [ -0.7988775, 41.5973919 ], [ -0.7971308, 41.6001235 ], [ -0.7969644, 41.6003835 ], [ -0.7965717, 41.6006396 ], [ -0.7961609, 41.6009084 ], [ -0.7960502, 41.6009809 ], [ -0.7957488, 41.6011957 ], [ -0.795351, 41.6012511 ], [ -0.794516, 41.6013931 ], [ -0.7944941, 41.6013968 ], [ -0.7945238, 41.6019333 ], [ -0.794534, 41.6019875 ], [ -0.7945419, 41.6022849 ], [ -0.7945591, 41.6024833 ], [ -0.7945877, 41.6030513 ], [ -0.7946934, 41.6032965 ], [ -0.7949615, 41.6040537 ], [ -0.7951644, 41.6046159 ], [ -0.7951613, 41.604706 ], [ -0.7958502, 41.6054397 ], [ -0.797098, 41.6068597 ], [ -0.7975808, 41.6074063 ], [ -0.7981837, 41.6080889 ], [ -0.7982188, 41.6081286 ], [ -0.7983591, 41.6082144 ], [ -0.8013761, 41.6103731 ], [ -0.8011288, 41.611296 ], [ -0.8010831, 41.6119346 ], [ -0.8011244, 41.6124102 ], [ -0.8011521, 41.6127285 ], [ -0.8004136, 41.6135857 ], [ -0.8003908, 41.6142582 ], [ -0.8003325, 41.6159708 ], [ -0.8006145, 41.6162901 ], [ -0.8021078, 41.616664 ], [ -0.8043503, 41.6171464 ], [ -0.8057717, 41.6171736 ], [ -0.8081738, 41.6166544 ], [ -0.8106245, 41.615932 ], [ -0.8153919, 41.6147358 ], [ -0.8180039, 41.614189 ], [ -0.8200575, 41.614071 ], [ -0.8225647, 41.61415 ], [ -0.824, 41.6143813 ], [ -0.8254354, 41.6146125 ], [ -0.8280841, 41.6154631 ], [ -0.8316183, 41.6173507 ], [ -0.833258, 41.6183547 ], [ -0.8361362, 41.619853 ], [ -0.8383979, 41.6210258 ], [ -0.8394127, 41.6219552 ], [ -0.8400631, 41.6226909 ], [ -0.8402593, 41.6229129 ], [ -0.840429, 41.6231049 ] ] ] } },
{ "type": "Feature", "properties": { "CCAA": "02 - Aragón", "PROVINCIA": "50 - Zaragoza", "MUNICIPIO": "50297 - Zaragoza", "COD_MUNICIPIO": "50297", "DISTRITO": "09", "SECCION": "5029709017", "V1_H": 80.02, "V1_M": 85.97, "V2_H": 79.96436773000001, "V2_M": 86.10256972000001, "V3_H": 80.28635595, "V3_M": 85.87857517 }, "geometry": { "type": "Polygon", "coordinates": [ [ [ -0.8907719, 41.6295143 ], [ -0.8923193, 41.6301277 ], [ -0.8923153, 41.6301331 ], [ -0.8924156, 41.6300402 ], [ -0.8924158, 41.6300401 ], [ -0.8924261, 41.6300327 ], [ -0.8924906, 41.6299869 ], [ -0.89258, 41.6299357 ], [ -0.8925801, 41.6299356 ], [ -0.8926913, 41.6298861 ], [ -0.8926914, 41.629886 ], [ -0.8927173, 41.6298751 ], [ -0.8928174, 41.6298463 ], [ -0.8930159, 41.6298164 ], [ -0.893016, 41.6298164 ], [ -0.8936524, 41.629792 ], [ -0.8941696, 41.6297728 ], [ -0.8941719, 41.6297727 ], [ -0.8951969, 41.6297378 ], [ -0.8954587, 41.629732 ], [ -0.8956651, 41.6297273 ], [ -0.8957615, 41.629703 ], [ -0.895814, 41.6296898 ], [ -0.8959297, 41.6296492 ], [ -0.8960665, 41.6296013 ], [ -0.8960759, 41.629598 ], [ -0.8961332, 41.6295551 ], [ -0.8962444, 41.629472 ], [ -0.8963486, 41.629394 ], [ -0.8967437, 41.6290979 ], [ -0.896744, 41.6290977 ], [ -0.8968851, 41.6289949 ], [ -0.8971285, 41.6288298 ], [ -0.897431, 41.6286238 ], [ -0.8975793, 41.6284826 ], [ -0.8976758, 41.6283879 ], [ -0.8976759, 41.6283878 ], [ -0.8977403, 41.6283086 ], [ -0.8977883, 41.628249 ], [ -0.8978184, 41.6282009 ], [ -0.8978927, 41.6280825 ], [ -0.8978927, 41.6280825 ], [ -0.8979486, 41.6279519 ], [ -0.8980311, 41.6277425 ], [ -0.8980314, 41.6277418 ], [ -0.898158, 41.6273884 ], [ -0.8981641, 41.6273713 ], [ -0.8981732, 41.627346 ], [ -0.8981733, 41.6273456 ], [ -0.8981934, 41.627296 ], [ -0.8982509, 41.6271639 ], [ -0.898252, 41.6271616 ], [ -0.898325, 41.6269966 ], [ -0.8984077, 41.6268512 ], [ -0.8984581, 41.6267724 ], [ -0.8984582, 41.6267724 ], [ -0.8985331, 41.6266801 ], [ -0.8985332, 41.6266801 ], [ -0.8986158, 41.6266033 ], [ -0.8987379, 41.626492 ], [ -0.8990304, 41.626235 ], [ -0.8992432, 41.626048 ], [ -0.8996695, 41.6256734 ], [ -0.8997776, 41.6255784 ], [ -0.9001879, 41.6252179 ], [ -0.9002875, 41.6251304 ], [ -0.9003663, 41.6250586 ], [ -0.9010463, 41.6240701 ], [ -0.9013859, 41.6235764 ], [ -0.9033694, 41.621935 ], [ -0.9037191, 41.6217938 ], [ -0.9038986, 41.6217213 ], [ -0.9038987, 41.6217213 ], [ -0.9043237, 41.6213206 ], [ -0.9046078, 41.6209754 ], [ -0.9056336, 41.6206615 ], [ -0.905853, 41.6204189 ], [ -0.9058872, 41.6204295 ], [ -0.9065412, 41.6199351 ], [ -0.9064889, 41.6197864 ], [ -0.9064726, 41.6197003 ], [ -0.9064782, 41.6195288 ], [ -0.9065271, 41.6193915 ], [ -0.906588, 41.6192735 ], [ -0.906591, 41.619183 ], [ -0.9065944, 41.6190782 ], [ -0.9065857, 41.6189541 ], [ -0.90639, 41.6187218 ], [ -0.9060495, 41.6184487 ], [ -0.9058901, 41.6182694 ], [ -0.9057825, 41.6180625 ], [ -0.905688, 41.6178416 ], [ -0.9055101, 41.6170615 ], [ -0.9054933, 41.6167943 ], [ -0.9055219, 41.6166947 ], [ -0.9056393, 41.6166015 ], [ -0.9056589, 41.6165828 ], [ -0.905806, 41.6165521 ], [ -0.9059591, 41.6165311 ], [ -0.9060921, 41.616543 ], [ -0.9062876, 41.6165847 ], [ -0.9064635, 41.6166451 ], [ -0.9065891, 41.6166903 ], [ -0.9067343, 41.6167168 ], [ -0.9068798, 41.6167337 ], [ -0.9070261, 41.6167269 ], [ -0.9071795, 41.6166963 ], [ -0.9073074, 41.61667 ], [ -0.9073978, 41.616624 ], [ -0.907529, 41.616493 ], [ -0.907732, 41.616306 ], [ -0.9079334, 41.6161667 ], [ -0.9082064, 41.6159715 ], [ -0.9084072, 41.6158512 ], [ -0.9086264, 41.6157504 ], [ -0.9087429, 41.615681 ], [ -0.908971, 41.6153039 ], [ -0.9090953, 41.6151918 ], [ -0.9092654, 41.6150376 ], [ -0.9093767, 41.6149348 ], [ -0.9094632, 41.6148124 ], [ -0.9095354, 41.6147422 ], [ -0.9096646, 41.6146731 ], [ -0.9098508, 41.6146098 ], [ -0.9100134, 41.6144936 ], [ -0.9104707, 41.6140968 ], [ -0.9107165, 41.6139583 ], [ -0.910911, 41.6138379 ], [ -0.9110865, 41.6137124 ], [ -0.9112495, 41.6135819 ], [ -0.9114315, 41.6134518 ], [ -0.9116454, 41.6133175 ], [ -0.9118471, 41.6131686 ], [ -0.9119517, 41.6130752 ], [ -0.9120439, 41.612972 ], [ -0.9120742, 41.61282 ], [ -0.9119761, 41.6127134 ], [ -0.9118794, 41.6125591 ], [ -0.911896, 41.6125473 ], [ -0.9115903, 41.6123153 ], [ -0.9115237, 41.612214 ], [ -0.9115525, 41.6121097 ], [ -0.9116319, 41.612011 ], [ -0.9117859, 41.6119614 ], [ -0.911837, 41.6119528 ], [ -0.9120207, 41.6119657 ], [ -0.9122859, 41.6120134 ], [ -0.9124564, 41.6120451 ], [ -0.9126403, 41.6120532 ], [ -0.9127518, 41.6120409 ], [ -0.9128765, 41.6120146 ], [ -0.9129793, 41.6119759 ], [ -0.913085, 41.6119493 ], [ -0.9131655, 41.611915 ], [ -0.9132687, 41.6118644 ], [ -0.9133722, 41.6118067 ], [ -0.9140327, 41.6114112 ], [ -0.9145948, 41.611014 ], [ -0.9146571, 41.6109531 ], [ -0.914839, 41.61063 ], [ -0.9152087, 41.6102911 ], [ -0.9154187, 41.6101782 ], [ -0.9157127, 41.6100215 ], [ -0.9158939, 41.6099175 ], [ -0.9160245, 41.6098055 ], [ -0.9167478, 41.6092324 ], [ -0.9182617, 41.6080683 ], [ -0.918577, 41.6077428 ], [ -0.9186682, 41.607673 ], [ -0.9187746, 41.6076201 ], [ -0.9189611, 41.6075472 ], [ -0.9190734, 41.6075111 ], [ -0.9191797, 41.607463 ], [ -0.9192968, 41.607377 ], [ -0.9194406, 41.6072485 ], [ -0.9196422, 41.6070043 ], [ -0.9198135, 41.6068096 ], [ -0.9201127, 41.6064909 ], [ -0.9205182, 41.6061242 ], [ -0.9209513, 41.6056888 ], [ -0.921203, 41.6053645 ], [ -0.9215078, 41.6049696 ], [ -0.9218068, 41.6045556 ], [ -0.9223264, 41.6037977 ], [ -0.9225673, 41.603416 ], [ -0.9226154, 41.6033025 ], [ -0.9226402, 41.6031218 ], [ -0.9227065, 41.6026899 ], [ -0.9226676, 41.6027376 ], [ -0.9223908, 41.6029487 ], [ -0.9222034, 41.6031795 ], [ -0.9220372, 41.6033116 ], [ -0.9218124, 41.6033976 ], [ -0.9216612, 41.6034354 ], [ -0.9212027, 41.603328 ], [ -0.9210979, 41.6032271 ], [ -0.920997, 41.6029961 ], [ -0.920975, 41.6029457 ], [ -0.920908, 41.6027913 ], [ -0.9208562, 41.6025337 ], [ -0.9208999, 41.6022959 ], [ -0.9209029, 41.6020167 ], [ -0.9209575, 41.6016214 ], [ -0.9210135, 41.6013747 ], [ -0.9210595, 41.6012494 ], [ -0.9211324, 41.6010346 ], [ -0.9211928, 41.600833 ], [ -0.9212465, 41.6006584 ], [ -0.9213122, 41.6004794 ], [ -0.9213892, 41.6003232 ], [ -0.9214157, 41.6002472 ], [ -0.9214779, 41.6001762 ], [ -0.9215662, 41.6000427 ], [ -0.9216121, 41.599922 ], [ -0.9216577, 41.5998102 ], [ -0.9216817, 41.5996215 ], [ -0.9216631, 41.5994545 ], [ -0.9216195, 41.5993187 ], [ -0.9216044, 41.5992283 ], [ -0.9216141, 41.5991114 ], [ -0.9216146, 41.5989087 ], [ -0.9216188, 41.5987783 ], [ -0.921629, 41.5986479 ], [ -0.921555, 41.5985249 ], [ -0.9214806, 41.5984109 ], [ -0.9214497, 41.5982528 ], [ -0.9214005, 41.5981033 ], [ -0.9213491, 41.5980213 ], [ -0.9213338, 41.59794 ], [ -0.9211307, 41.5977247 ], [ -0.9210487, 41.5976646 ], [ -0.9208435, 41.5975123 ], [ -0.9207378, 41.5974428 ], [ -0.9203413, 41.5968998 ], [ -0.9200519, 41.5967595 ], [ -0.9198081, 41.596692 ], [ -0.9196596, 41.5966442 ], [ -0.9195523, 41.5966037 ], [ -0.9193218, 41.5965165 ], [ -0.9187945, 41.5963088 ], [ -0.9184573, 41.5961631 ], [ -0.9183101, 41.5960749 ], [ -0.9182168, 41.5959798 ], [ -0.9181707, 41.5959328 ], [ -0.9180039, 41.5957091 ], [ -0.917863, 41.5954273 ], [ -0.9176553, 41.5951714 ], [ -0.9174528, 41.5949381 ], [ -0.9170848, 41.5946297 ], [ -0.9166937, 41.5942938 ], [ -0.9163966, 41.5940182 ], [ -0.9162413, 41.5938128 ], [ -0.9160168, 41.593516 ], [ -0.9157793, 41.593255 ], [ -0.9154286, 41.5929694 ], [ -0.9152881, 41.5928644 ], [ -0.9149658, 41.5926233 ], [ -0.9147745, 41.5924171 ], [ -0.9145619, 41.5923142 ], [ -0.9143626, 41.5921665 ], [ -0.914263, 41.5920927 ], [ -0.9140748, 41.5919766 ], [ -0.9138651, 41.5917837 ], [ -0.9136557, 41.5915818 ], [ -0.9134526, 41.5913664 ], [ -0.9133844, 41.5912481 ], [ -0.9133474, 41.5910943 ], [ -0.9133139, 41.5910171 ], [ -0.9132797, 41.5909625 ], [ -0.9128608, 41.5909323 ], [ -0.9127825, 41.5909002 ], [ -0.9126772, 41.5908569 ], [ -0.9119941, 41.5902771 ], [ -0.911927, 41.5902064 ], [ -0.9116286, 41.5898922 ], [ -0.9113934, 41.5897438 ], [ -0.9111118, 41.5895496 ], [ -0.9107169, 41.5893307 ], [ -0.9105645, 41.5892753 ], [ -0.9103256, 41.5891885 ], [ -0.9102261, 41.5891101 ], [ -0.9100215, 41.5889488 ], [ -0.9097924, 41.5887961 ], [ -0.9096863, 41.5887359 ], [ -0.9094803, 41.5886192 ], [ -0.9093381, 41.5885626 ], [ -0.9090138, 41.58839 ], [ -0.9089016, 41.588334 ], [ -0.9088076, 41.5882737 ], [ -0.9085618, 41.5880846 ], [ -0.9084849, 41.5880119 ], [ -0.9084163, 41.5879469 ], [ -0.9080688, 41.5877469 ], [ -0.9079977, 41.5877064 ], [ -0.9078156, 41.5876027 ], [ -0.9077598, 41.5875573 ], [ -0.9076402, 41.5874599 ], [ -0.9075281, 41.587412 ], [ -0.9073207, 41.5873234 ], [ -0.9071479, 41.5871737 ], [ -0.9071457, 41.5871717 ], [ -0.9068186, 41.5869 ], [ -0.9066327, 41.586712 ], [ -0.9063936, 41.5863159 ], [ -0.9062915, 41.585994 ], [ -0.9062901, 41.5859897 ], [ -0.9063151, 41.585774 ], [ -0.9063322, 41.5856167 ], [ -0.9063562, 41.5855793 ], [ -0.9064775, 41.5853897 ], [ -0.9066783, 41.5851142 ], [ -0.9068482, 41.5848696 ], [ -0.9069091, 41.5846545 ], [ -0.9068977, 41.5844517 ], [ -0.9067997, 41.5842748 ], [ -0.9066937, 41.5840832 ], [ -0.9066097, 41.583897 ], [ -0.9065603, 41.5834735 ], [ -0.9065533, 41.5834142 ], [ -0.9064815, 41.583222 ], [ -0.9063822, 41.5829562 ], [ -0.9062755, 41.5827336 ], [ -0.9062242, 41.5824625 ], [ -0.9062799, 41.5822248 ], [ -0.9064129, 41.5820066 ], [ -0.9064628, 41.5819489 ], [ -0.906531, 41.5818781 ], [ -0.906682, 41.5816602 ], [ -0.9068382, 41.5812803 ], [ -0.9070846, 41.5810821 ], [ -0.9072817, 41.5809191 ], [ -0.9074701, 41.5806568 ], [ -0.9077512, 41.5803107 ], [ -0.9079918, 41.5801034 ], [ -0.9083142, 41.5799652 ], [ -0.9088768, 41.5796287 ], [ -0.9091202, 41.5795205 ], [ -0.909424, 41.5792108 ], [ -0.9098458, 41.5789663 ], [ -0.9102896, 41.5786403 ], [ -0.9103065, 41.578628 ], [ -0.9105452, 41.5784792 ], [ -0.9106545, 41.5784246 ], [ -0.910789, 41.5783575 ], [ -0.9109437, 41.5782117 ], [ -0.9111078, 41.5777734 ], [ -0.9111146, 41.5776706 ], [ -0.9114721, 41.5772486 ], [ -0.9115916, 41.5768906 ], [ -0.9115342, 41.5766039 ], [ -0.9112955, 41.575411 ], [ -0.911199, 41.5749289 ], [ -0.9112323, 41.5746414 ], [ -0.9114098, 41.5743552 ], [ -0.9115905, 41.574148 ], [ -0.9116611, 41.5740052 ], [ -0.9116849, 41.5739117 ], [ -0.9120167, 41.5733767 ], [ -0.9123411, 41.5729862 ], [ -0.913632, 41.5723793 ], [ -0.9150873, 41.5718833 ], [ -0.9150929, 41.5718726 ], [ -0.9156451, 41.5708148 ], [ -0.9165846, 41.5690152 ], [ -0.9166337, 41.5689211 ], [ -0.9181279, 41.5690743 ], [ -0.9188982, 41.5689893 ], [ -0.9200861, 41.5689747 ], [ -0.9205623, 41.5690824 ], [ -0.9228093, 41.570158 ], [ -0.9239306, 41.5706947 ], [ -0.9240823, 41.5707673 ], [ -0.9242255, 41.5708421 ], [ -0.9244944, 41.5709825 ], [ -0.9259081, 41.571721 ], [ -0.9260153, 41.5717769 ], [ -0.9261837, 41.5720121 ], [ -0.9268237, 41.5724379 ], [ -0.9273466, 41.5727761 ], [ -0.9275693, 41.5735007 ], [ -0.9280679, 41.5736628 ], [ -0.9281994, 41.5740525 ], [ -0.927944, 41.5754754 ], [ -0.9280043, 41.5756521 ], [ -0.9282574, 41.5758008 ], [ -0.9284691, 41.576309 ], [ -0.929408, 41.5767672 ], [ -0.9302839, 41.576756 ], [ -0.9310411, 41.5774587 ], [ -0.9310026, 41.5777282 ], [ -0.9310652, 41.5782066 ], [ -0.9330335, 41.5789221 ], [ -0.93414, 41.5795814 ], [ -0.9366186, 41.5806618 ], [ -0.9367576, 41.5806282 ], [ -0.9369131, 41.5804554 ], [ -0.9371616, 41.5801851 ], [ -0.9375183, 41.5799079 ], [ -0.938003, 41.579187 ], [ -0.9384481, 41.5787717 ], [ -0.9392942, 41.5780033 ], [ -0.9393533, 41.5778422 ], [ -0.9394514, 41.5775873 ], [ -0.9395627, 41.5772921 ], [ -0.9396399, 41.5771268 ], [ -0.9398454, 41.5768874 ], [ -0.9403213, 41.5764456 ], [ -0.9404624, 41.5763445 ], [ -0.9404769, 41.5762682 ], [ -0.9405223, 41.5761609 ], [ -0.9406284, 41.5760278 ], [ -0.9409149, 41.5756951 ], [ -0.9411144, 41.5754555 ], [ -0.9411654, 41.5753619 ], [ -0.9415813, 41.5747298 ], [ -0.9416186, 41.5746854 ], [ -0.9417295, 41.5744038 ], [ -0.9419805, 41.573705 ], [ -0.9420124, 41.5736162 ], [ -0.9421249, 41.5733169 ], [ -0.9421435, 41.5732674 ], [ -0.9422164, 41.573048 ], [ -0.9439322, 41.5707595 ], [ -0.9447265, 41.5697289 ], [ -0.9450808, 41.5695236 ], [ -0.9456551, 41.5691871 ], [ -0.9457003, 41.5691712 ], [ -0.9457643, 41.5691486 ], [ -0.9459903, 41.5690175 ], [ -0.9461337, 41.5688444 ], [ -0.9463249, 41.5686767 ], [ -0.9465229, 41.5684866 ], [ -0.9469163, 41.5681829 ], [ -0.9472582, 41.5678018 ], [ -0.9473076, 41.5677531 ], [ -0.9474067, 41.5676558 ], [ -0.9475468, 41.5675862 ], [ -0.9479231, 41.5672552 ], [ -0.9484399, 41.5668412 ], [ -0.948284, 41.5668292 ], [ -0.9479015, 41.5668 ], [ -0.9477702, 41.5667796 ], [ -0.9471554, 41.566503 ], [ -0.9471212, 41.5664483 ], [ -0.9469104, 41.5662869 ], [ -0.9464548, 41.565905 ], [ -0.9462688, 41.565717 ], [ -0.9461342, 41.5656156 ], [ -0.945915, 41.5655306 ], [ -0.9456365, 41.5654266 ], [ -0.9455848, 41.5653536 ], [ -0.945512, 41.565001 ], [ -0.9473609, 41.563611 ], [ -0.9474687, 41.5630455 ], [ -0.9473228, 41.5627322 ], [ -0.9471998, 41.5626399 ], [ -0.9472327, 41.5625459 ], [ -0.9472892, 41.5624659 ], [ -0.9474717, 41.5623836 ], [ -0.9476003, 41.5623003 ], [ -0.9476143, 41.5622375 ], [ -0.947559, 41.5620879 ], [ -0.9474974, 41.5619517 ], [ -0.9474295, 41.5618244 ], [ -0.9473765, 41.5617919 ], [ -0.9472761, 41.5617451 ], [ -0.9470907, 41.5617283 ], [ -0.9469401, 41.5617526 ], [ -0.9466908, 41.5616716 ], [ -0.9466232, 41.5615353 ], [ -0.9465754, 41.5613408 ], [ -0.9465193, 41.5612182 ], [ -0.9463965, 41.5611214 ], [ -0.9462395, 41.5609655 ], [ -0.9461495, 41.5607793 ], [ -0.9460349, 41.5606106 ], [ -0.9459262, 41.5604465 ], [ -0.9458362, 41.5602603 ], [ -0.945846, 41.5601389 ], [ -0.9458615, 41.5600266 ], [ -0.9459903, 41.5599388 ], [ -0.946209, 41.5598482 ], [ -0.946469, 41.5597763 ], [ -0.9464793, 41.5597751 ], [ -0.9467399, 41.5597451 ], [ -0.9472706, 41.5596465 ], [ -0.947539, 41.5595027 ], [ -0.9479354, 41.5592891 ], [ -0.9480352, 41.5591692 ], [ -0.9479907, 41.5590604 ], [ -0.9478858, 41.558964 ], [ -0.9477879, 41.5588361 ], [ -0.947724, 41.5585828 ], [ -0.9477013, 41.5583312 ], [ -0.9477013, 41.5583312 ], [ -0.9476796, 41.5580911 ], [ -0.9477282, 41.5578803 ], [ -0.9477833, 41.5576562 ], [ -0.9477923, 41.5575395 ], [ -0.9478036, 41.5573953 ], [ -0.9477773, 41.5572778 ], [ -0.9477041, 41.5568972 ], [ -0.947704, 41.5568968 ], [ -0.9476486, 41.556609 ], [ -0.9476623, 41.5565935 ], [ -0.9478102, 41.5564272 ], [ -0.9476169, 41.5562636 ], [ -0.9475767, 41.5562294 ], [ -0.9470035, 41.5561516 ], [ -0.9469068, 41.5560029 ], [ -0.9469067, 41.5560029 ], [ -0.9462997, 41.5558373 ], [ -0.9461687, 41.5557463 ], [ -0.9461172, 41.555744 ], [ -0.9459168, 41.5556323 ], [ -0.9459404, 41.5555876 ], [ -0.9459008, 41.55556 ], [ -0.945826, 41.5552704 ], [ -0.946343, 41.5540908 ], [ -0.9468885, 41.5531459 ], [ -0.9469886, 41.5528984 ], [ -0.9470837, 41.552663 ], [ -0.9469079, 41.5521555 ], [ -0.9463817, 41.5513535 ], [ -0.9458933, 41.5508764 ], [ -0.9440593, 41.5497267 ], [ -0.944007, 41.5491044 ], [ -0.9438538, 41.5489462 ], [ -0.943884, 41.548841 ], [ -0.943709, 41.5486892 ], [ -0.9435705, 41.5486537 ], [ -0.9435544, 41.548637 ], [ -0.9423085, 41.5476554 ], [ -0.9412384, 41.5468122 ], [ -0.941031, 41.5465472 ], [ -0.9405264, 41.5454484 ], [ -0.9401929, 41.5450011 ], [ -0.9396295, 41.5446217 ], [ -0.9390516, 41.5443231 ], [ -0.939008, 41.5442353 ], [ -0.9387759, 41.5437672 ], [ -0.9386116, 41.5436935 ], [ -0.9386115, 41.5436935 ], [ -0.9384449, 41.5436187 ], [ -0.9381655, 41.5435461 ], [ -0.938029, 41.5435394 ], [ -0.9380289, 41.5435394 ], [ -0.9372607, 41.5433363 ], [ -0.9374612, 41.5412406 ], [ -0.9375311, 41.541067 ], [ -0.9375101, 41.5407829 ], [ -0.9375057, 41.5407754 ], [ -0.937548, 41.5403332 ], [ -0.937169, 41.5399951 ], [ -0.9367331, 41.539606 ], [ -0.9360679, 41.5390124 ], [ -0.9360678, 41.5390124 ], [ -0.9356013, 41.538596 ], [ -0.9353895, 41.5383779 ], [ -0.9339995, 41.536946 ], [ -0.9339517, 41.5368061 ], [ -0.933857, 41.5365292 ], [ -0.934991, 41.5366821 ], [ -0.9354377, 41.5367423 ], [ -0.9355519, 41.5367577 ], [ -0.9364583, 41.5367813 ], [ -0.9372996, 41.5368032 ], [ -0.9377917, 41.536816 ], [ -0.9381893, 41.5367511 ], [ -0.9382114, 41.536724 ], [ -0.9384138, 41.5364759 ], [ -0.9384306, 41.5356897 ], [ -0.9385387, 41.5355775 ], [ -0.9384629, 41.5355085 ], [ -0.9385645, 41.5353303 ], [ -0.9385015, 41.5352337 ], [ -0.9387012, 41.534977 ], [ -0.9388752, 41.5348374 ], [ -0.9389459, 41.5348327 ], [ -0.9393704, 41.5344891 ], [ -0.9393628, 41.5344688 ], [ -0.9412187, 41.5332655 ], [ -0.9442599, 41.5312937 ], [ -0.9441216, 41.5299853 ], [ -0.9436624, 41.5285901 ], [ -0.9438487, 41.527508 ], [ -0.9438487, 41.527508 ], [ -0.9439562, 41.526884 ], [ -0.9439428, 41.5265506 ], [ -0.9433321, 41.5246392 ], [ -0.9424072, 41.5226508 ], [ -0.9423224, 41.5224685 ], [ -0.9438461, 41.5197415 ], [ -0.9438462, 41.5197412 ], [ -0.9441876, 41.5190253 ], [ -0.9443346, 41.5187352 ], [ -0.9447764, 41.517838 ], [ -0.9448082, 41.51778 ], [ -0.9449618, 41.517472 ], [ -0.9452571, 41.5172161 ], [ -0.9449009, 41.5171106 ], [ -0.9446134, 41.5167272 ], [ -0.9417157, 41.5143877 ], [ -0.9391224, 41.5126569 ], [ -0.9352985, 41.5096881 ], [ -0.9335833, 41.5086125 ], [ -0.9319845, 41.5072687 ], [ -0.9299035, 41.5056461 ], [ -0.9282935, 41.5042841 ], [ -0.927672, 41.5038586 ], [ -0.9263963, 41.5032862 ], [ -0.9260181, 41.5030482 ], [ -0.9247861, 41.5022733 ], [ -0.9235071, 41.5014687 ], [ -0.9213449, 41.5001506 ], [ -0.9212748, 41.5000953 ], [ -0.9208404, 41.4998173 ], [ -0.9191678, 41.4989224 ], [ -0.9175037, 41.4985139 ], [ -0.9167283, 41.4984098 ], [ -0.9165536, 41.4972497 ], [ -0.9164617, 41.4966397 ], [ -0.9165064, 41.4963503 ], [ -0.9165825, 41.4958583 ], [ -0.9180794, 41.4928862 ], [ -0.9177347, 41.4909345 ], [ -0.917702, 41.4908423 ], [ -0.917526, 41.4903452 ], [ -0.9175791, 41.4898058 ], [ -0.9175859, 41.4897828 ], [ -0.9175287, 41.4891519 ], [ -0.917331, 41.4872839 ], [ -0.9173266, 41.4872309 ], [ -0.9172487, 41.4864899 ], [ -0.917215, 41.4865054 ], [ -0.9165253, 41.4868235 ], [ -0.9149922, 41.4875658 ], [ -0.9147937, 41.4875937 ], [ -0.9146433, 41.4876135 ], [ -0.914403, 41.4876362 ], [ -0.9141864, 41.4876682 ], [ -0.9138268, 41.4876753 ], [ -0.9133312, 41.4876302 ], [ -0.9128306, 41.4875536 ], [ -0.9124742, 41.487465 ], [ -0.9123612, 41.487437 ], [ -0.9119701, 41.4873082 ], [ -0.9116422, 41.4872618 ], [ -0.9112554, 41.4873673 ], [ -0.9108168, 41.4874825 ], [ -0.910742, 41.4875021 ], [ -0.9104593, 41.487542 ], [ -0.9102113, 41.4876185 ], [ -0.910023, 41.4877007 ], [ -0.9096384, 41.4877387 ], [ -0.9091768, 41.4877528 ], [ -0.9090938, 41.4877288 ], [ -0.9089161, 41.4876594 ], [ -0.9088276, 41.4876249 ], [ -0.908548, 41.4875658 ], [ -0.9080824, 41.4875168 ], [ -0.9077824, 41.4875338 ], [ -0.9076378, 41.4875796 ], [ -0.9075404, 41.4876105 ], [ -0.9071754, 41.4875993 ], [ -0.9069619, 41.4875369 ], [ -0.9067988, 41.4874571 ], [ -0.9066081, 41.4873638 ], [ -0.9062983, 41.4873131 ], [ -0.9056346, 41.4872786 ], [ -0.904995, 41.4872398 ], [ -0.9047819, 41.4872606 ], [ -0.9046045, 41.4872778 ], [ -0.9042482, 41.4873704 ], [ -0.9038275, 41.4874167 ], [ -0.9034201, 41.4874183 ], [ -0.9027912, 41.4874203 ], [ -0.9020781, 41.4874343 ], [ -0.9018805, 41.4874307 ], [ -0.90127, 41.4874196 ], [ -0.9000309, 41.4874014 ], [ -0.8994207, 41.4873813 ], [ -0.8992715, 41.487384 ], [ -0.8986896, 41.4873949 ], [ -0.8983609, 41.4873709 ], [ -0.8978849, 41.4872766 ], [ -0.8975332, 41.4872252 ], [ -0.8971524, 41.4871461 ], [ -0.8967315, 41.4870123 ], [ -0.8960892, 41.4868745 ], [ -0.8958915, 41.4868592 ], [ -0.8957068, 41.486845 ], [ -0.8949182, 41.4867855 ], [ -0.8948124, 41.4867735 ], [ -0.8935875, 41.486635 ], [ -0.8927528, 41.4865206 ], [ -0.8922876, 41.4864626 ], [ -0.8918826, 41.4863921 ], [ -0.8915306, 41.4863496 ], [ -0.8911779, 41.4863296 ], [ -0.8906689, 41.4863293 ], [ -0.8901651, 41.4863516 ], [ -0.8897745, 41.4863818 ], [ -0.8896487, 41.4863916 ], [ -0.8890792, 41.4864082 ], [ -0.8885818, 41.4864215 ], [ -0.8881557, 41.4864363 ], [ -0.8880721, 41.4864392 ], [ -0.8872578, 41.4864332 ], [ -0.8869835, 41.4863967 ], [ -0.8867639, 41.4863341 ], [ -0.8864209, 41.4862017 ], [ -0.886125, 41.4860927 ], [ -0.8858941, 41.4860119 ], [ -0.8857297, 41.4859098 ], [ -0.8855656, 41.4857986 ], [ -0.8854156, 41.4858043 ], [ -0.8853258, 41.4858078 ], [ -0.8847179, 41.4859001 ], [ -0.8842439, 41.4861121 ], [ -0.8839942, 41.4861513 ], [ -0.8838586, 41.4861726 ], [ -0.8835163, 41.4862023 ], [ -0.8836478, 41.4863938 ], [ -0.8834525, 41.4866875 ], [ -0.883444, 41.4867639 ], [ -0.8834906, 41.4869899 ], [ -0.8835952, 41.4874557 ], [ -0.8836211, 41.4875567 ], [ -0.88376, 41.4880982 ], [ -0.8837094, 41.4881783 ], [ -0.8835932, 41.4884373 ], [ -0.8834244, 41.4888395 ], [ -0.8834166, 41.4888934 ], [ -0.8834481, 41.4890291 ], [ -0.8833927, 41.4890776 ], [ -0.883331, 41.4891305 ], [ -0.8831401, 41.489109 ], [ -0.8829588, 41.4891597 ], [ -0.8828573, 41.4891488 ], [ -0.8824448, 41.4891277 ], [ -0.8823286, 41.4891976 ], [ -0.881847, 41.4896435 ], [ -0.8816606, 41.4896672 ], [ -0.8815435, 41.489584 ], [ -0.8814655, 41.489587 ], [ -0.8808694, 41.4896841 ], [ -0.8804592, 41.4897756 ], [ -0.8802467, 41.4898617 ], [ -0.8799724, 41.4900098 ], [ -0.8797704, 41.4901412 ], [ -0.8796041, 41.4902822 ], [ -0.8792255, 41.4905049 ], [ -0.8786374, 41.4907237 ], [ -0.8781581, 41.490913 ], [ -0.8778256, 41.4910059 ], [ -0.877631, 41.4910969 ], [ -0.8774734, 41.4911525 ], [ -0.8773228, 41.4911813 ], [ -0.8772061, 41.4912692 ], [ -0.8771077, 41.4913484 ], [ -0.8768345, 41.4914605 ], [ -0.8764279, 41.4916241 ], [ -0.8761238, 41.4917626 ], [ -0.875791, 41.491869 ], [ -0.8754408, 41.4919526 ], [ -0.875302, 41.4919861 ], [ -0.8752221, 41.4920476 ], [ -0.8751233, 41.4921404 ], [ -0.8749765, 41.4922322 ], [ -0.8748477, 41.4923244 ], [ -0.874712, 41.4924435 ], [ -0.8745909, 41.4924863 ], [ -0.8744655, 41.492539 ], [ -0.8744269, 41.4925553 ], [ -0.8743103, 41.4926387 ], [ -0.8742529, 41.4927143 ], [ -0.8742227, 41.4927542 ], [ -0.8740639, 41.4928503 ], [ -0.8738218, 41.4929269 ], [ -0.8736101, 41.492986 ], [ -0.8733187, 41.4931067 ], [ -0.8728146, 41.4925885 ], [ -0.8726038, 41.4924405 ], [ -0.8723342, 41.4922599 ], [ -0.8721782, 41.4920859 ], [ -0.872012, 41.4918576 ], [ -0.871713, 41.4914783 ], [ -0.8714875, 41.4912309 ], [ -0.8712761, 41.4911009 ], [ -0.8709633, 41.4909601 ], [ -0.8703064, 41.4905381 ], [ -0.8702153, 41.4905011 ], [ -0.8695852, 41.4902455 ], [ -0.8681201, 41.4894482 ], [ -0.8666196, 41.4884529 ], [ -0.8653124, 41.4875858 ], [ -0.8652037, 41.487541 ], [ -0.8646033, 41.4872934 ], [ -0.8640746, 41.4869819 ], [ -0.8640401, 41.4869362 ], [ -0.8638812, 41.4868522 ], [ -0.8638722, 41.486762 ], [ -0.8629519, 41.4861549 ], [ -0.862905, 41.4861225 ], [ -0.8628556, 41.4860399 ], [ -0.8628369, 41.4860086 ], [ -0.8627905, 41.4859627 ], [ -0.8626618, 41.4858703 ], [ -0.8625755, 41.4858307 ], [ -0.8625084, 41.4857999 ], [ -0.8623023, 41.4856924 ], [ -0.8622391, 41.4856102 ], [ -0.8622183, 41.4855153 ], [ -0.8622721, 41.4853362 ], [ -0.8623206, 41.4847741 ], [ -0.862265, 41.4846425 ], [ -0.8622587, 41.4841065 ], [ -0.8622565, 41.4839894 ], [ -0.8622107, 41.4839255 ], [ -0.862095, 41.4838017 ], [ -0.8620173, 41.4836156 ], [ -0.8619402, 41.4835917 ], [ -0.8618521, 41.4835405 ], [ -0.8617126, 41.4834118 ], [ -0.8615366, 41.4833004 ], [ -0.8614305, 41.4832489 ], [ -0.8612578, 41.4832187 ], [ -0.861133, 41.4831894 ], [ -0.861003, 41.4831374 ], [ -0.8609274, 41.4830685 ], [ -0.8608669, 41.4829643 ], [ -0.8608481, 41.4829319 ], [ -0.8607916, 41.4828273 ], [ -0.8607724, 41.4826828 ], [ -0.8606967, 41.4826183 ], [ -0.8604675, 41.4824603 ], [ -0.8600994, 41.4822064 ], [ -0.8597702, 41.4820202 ], [ -0.8596869, 41.4818205 ], [ -0.8595297, 41.4816869 ], [ -0.8594308, 41.481595 ], [ -0.8593972, 41.4815268 ], [ -0.8593581, 41.4814406 ], [ -0.8592657, 41.4813352 ], [ -0.8591845, 41.4812572 ], [ -0.8591514, 41.4812358 ], [ -0.858991, 41.481132 ], [ -0.8589311, 41.4811206 ], [ -0.8588601, 41.481107 ], [ -0.8587348, 41.4810912 ], [ -0.8586575, 41.4810762 ], [ -0.8585457, 41.4810156 ], [ -0.8582844, 41.4809477 ], [ -0.8580938, 41.4809171 ], [ -0.8579635, 41.4808742 ], [ -0.8578692, 41.4808274 ], [ -0.8577468, 41.480726 ], [ -0.857604, 41.4805162 ], [ -0.8573114, 41.480128 ], [ -0.8572008, 41.4800211 ], [ -0.8571024, 41.4799259 ], [ -0.8568437, 41.4797815 ], [ -0.856631, 41.4796964 ], [ -0.8565378, 41.4796806 ], [ -0.8563928, 41.479656 ], [ -0.8561483, 41.4796244 ], [ -0.8560246, 41.4795636 ], [ -0.8558964, 41.4794531 ], [ -0.8558217, 41.4793571 ], [ -0.8556691, 41.4792642 ], [ -0.8555931, 41.4792087 ], [ -0.8555246, 41.4791084 ], [ -0.8554665, 41.4790533 ], [ -0.8553016, 41.4789691 ], [ -0.85522, 41.4789 ], [ -0.85516, 41.4787233 ], [ -0.8551377, 41.4784932 ], [ -0.855114, 41.4783036 ], [ -0.855043, 41.4780952 ], [ -0.8550491, 41.4779106 ], [ -0.8550442, 41.4778847 ], [ -0.8550134, 41.4777208 ], [ -0.8549106, 41.4775833 ], [ -0.85487, 41.477529 ], [ -0.8547249, 41.4773912 ], [ -0.8545914, 41.4772626 ], [ -0.8544858, 41.4771976 ], [ -0.8542676, 41.4770944 ], [ -0.8540773, 41.4768748 ], [ -0.8539617, 41.4767465 ], [ -0.853787, 41.4765991 ], [ -0.8537727, 41.4764863 ], [ -0.8536376, 41.4764072 ], [ -0.8534201, 41.476286 ], [ -0.8532809, 41.4761483 ], [ -0.8531576, 41.476074 ], [ -0.8529389, 41.4759888 ], [ -0.8527817, 41.4758508 ], [ -0.8527026, 41.4757097 ], [ -0.8526824, 41.4755968 ], [ -0.8526367, 41.4755284 ], [ -0.8525658, 41.4755 ], [ -0.852306, 41.475387 ], [ -0.8520878, 41.4752884 ], [ -0.8518591, 41.47514 ], [ -0.8516165, 41.4750544 ], [ -0.8513907, 41.4750007 ], [ -0.8512591, 41.4749982 ], [ -0.8510911, 41.4750086 ], [ -0.8508536, 41.4749456 ], [ -0.8507121, 41.4748799 ], [ -0.8505413, 41.4747912 ], [ -0.8504054, 41.4747391 ], [ -0.8502856, 41.4747368 ], [ -0.8502129, 41.474767 ], [ -0.8500749, 41.4747734 ], [ -0.8498839, 41.4747563 ], [ -0.8496952, 41.4746672 ], [ -0.8494998, 41.4746005 ], [ -0.8492449, 41.4745237 ], [ -0.8489391, 41.474536 ], [ -0.8487118, 41.4745273 ], [ -0.8485211, 41.4745012 ], [ -0.8484017, 41.47449 ], [ -0.8479808, 41.4745406 ], [ -0.8477888, 41.474555 ], [ -0.8475789, 41.4745646 ], [ -0.8474641, 41.4745939 ], [ -0.8471819, 41.4746202 ], [ -0.8469545, 41.4746159 ], [ -0.846782, 41.4745811 ], [ -0.8466341, 41.4745244 ], [ -0.8461843, 41.4741872 ], [ -0.8457408, 41.4738366 ], [ -0.8455091, 41.4736026 ], [ -0.8454274, 41.473538 ], [ -0.8450147, 41.4733412 ], [ -0.84478, 41.4731971 ], [ -0.8445927, 41.4730675 ], [ -0.8443143, 41.4727966 ], [ -0.8429307, 41.4708252 ], [ -0.8436421, 41.4703162 ], [ -0.8436995, 41.4702092 ], [ -0.8437171, 41.4700498 ], [ -0.8437253, 41.4699755 ], [ -0.8436675, 41.4697312 ], [ -0.8435457, 41.4694317 ], [ -0.8433919, 41.4691946 ], [ -0.8432879, 41.4690802 ], [ -0.8432862, 41.4690792 ], [ -0.8431467, 41.4690054 ], [ -0.8429471, 41.4688846 ], [ -0.842796, 41.4687467 ], [ -0.8426892, 41.4685375 ], [ -0.8426261, 41.4682751 ], [ -0.8426107, 41.4680181 ], [ -0.8426137, 41.4679281 ], [ -0.8425436, 41.4678728 ], [ -0.8424561, 41.4678036 ], [ -0.8423573, 41.4677161 ], [ -0.8422745, 41.4676831 ], [ -0.8420669, 41.4676251 ], [ -0.8418723, 41.4675359 ], [ -0.841767, 41.4674619 ], [ -0.8412358, 41.4670511 ], [ -0.841184, 41.4669871 ], [ -0.8411508, 41.4669054 ], [ -0.841114, 41.4667516 ], [ -0.8410827, 41.4666114 ], [ -0.8410199, 41.4665201 ], [ -0.8409391, 41.4664286 ], [ -0.8408807, 41.4663869 ], [ -0.840048, 41.4646395 ], [ -0.8397613, 41.4640377 ], [ -0.8396682, 41.4639549 ], [ -0.8396623, 41.4639502 ], [ -0.8393707, 41.4637196 ], [ -0.8389362, 41.4634637 ], [ -0.8383464, 41.463196 ], [ -0.8378494, 41.46302 ], [ -0.8371312, 41.4628309 ], [ -0.8365184, 41.4627157 ], [ -0.8363161, 41.4626804 ], [ -0.8360344, 41.4624774 ], [ -0.8359436, 41.4624118 ], [ -0.8340009, 41.4610111 ], [ -0.833278, 41.4606057 ], [ -0.8330685, 41.4604261 ], [ -0.8329653, 41.460289 ], [ -0.832939, 41.4601805 ], [ -0.8329297, 41.4600784 ], [ -0.8330216, 41.4600379 ], [ -0.8331282, 41.4599558 ], [ -0.8331814, 41.4599148 ], [ -0.8332153, 41.4598081 ], [ -0.833509, 41.4588852 ], [ -0.833487, 41.4588043 ], [ -0.833461, 41.4587087 ], [ -0.83331, 41.4580304 ], [ -0.8325482, 41.4577143 ], [ -0.8320666, 41.4572593 ], [ -0.8310277, 41.4568164 ], [ -0.8311145, 41.4565478 ], [ -0.8311337, 41.4563321 ], [ -0.8303959, 41.4558577 ], [ -0.8298854, 41.4555294 ], [ -0.8297825, 41.4538369 ], [ -0.8297695, 41.4536223 ], [ -0.8282027, 41.4530388 ], [ -0.8267597, 41.4528719 ], [ -0.8263083, 41.4524085 ], [ -0.8255481, 41.4519655 ], [ -0.8251923, 41.4517581 ], [ -0.8251519, 41.4517346 ], [ -0.8250224, 41.4516592 ], [ -0.825001, 41.4517624 ], [ -0.824968, 41.4519232 ], [ -0.8248866, 41.4523186 ], [ -0.8231566, 41.4526821 ], [ -0.8229703, 41.4525863 ], [ -0.8218384, 41.4520041 ], [ -0.8215382, 41.4520345 ], [ -0.8200296, 41.4534695 ], [ -0.8198691, 41.4534833 ], [ -0.8202705, 41.4548976 ], [ -0.8207169, 41.4560144 ], [ -0.8214575, 41.4566003 ], [ -0.8213058, 41.4581035 ], [ -0.821172, 41.4590733 ], [ -0.8213542, 41.4596868 ], [ -0.821454, 41.4604894 ], [ -0.8218654, 41.4610691 ], [ -0.8217982, 41.4615635 ], [ -0.8222597, 41.4621632 ], [ -0.8225464, 41.4626834 ], [ -0.8223246, 41.4632511 ], [ -0.8227601, 41.4638694 ], [ -0.8232286, 41.4642596 ], [ -0.8232316, 41.4649269 ], [ -0.8235461, 41.4661339 ], [ -0.8227558, 41.4662714 ], [ -0.8223871, 41.4666838 ], [ -0.8223946, 41.4672178 ], [ -0.8212203, 41.468225 ], [ -0.8211935, 41.4690252 ], [ -0.8220273, 41.4698607 ], [ -0.8227236, 41.4710178 ], [ -0.8228767, 41.4717451 ], [ -0.8252682, 41.473754 ], [ -0.8251768, 41.4749724 ], [ -0.8243598, 41.4751476 ], [ -0.8236884, 41.4755161 ], [ -0.8230249, 41.4771622 ], [ -0.8228416, 41.4780928 ], [ -0.8236402, 41.4784702 ], [ -0.8233645, 41.4791322 ], [ -0.8237799, 41.4795976 ], [ -0.8248938, 41.4804003 ], [ -0.8244093, 41.4804865 ], [ -0.8243851, 41.4812104 ], [ -0.8246535, 41.4815206 ], [ -0.8251526, 41.4817588 ], [ -0.8256472, 41.4821303 ], [ -0.8261538, 41.4829025 ], [ -0.8257736, 41.4836579 ], [ -0.8246929, 41.4841331 ], [ -0.8241125, 41.4848084 ], [ -0.8230408, 41.4850169 ], [ -0.8228937, 41.4856242 ], [ -0.8229948, 41.4863886 ], [ -0.8224708, 41.4868935 ], [ -0.8223802, 41.4873302 ], [ -0.8222507, 41.4881666 ], [ -0.8214137, 41.4889324 ], [ -0.8185605, 41.4893358 ], [ -0.8166881, 41.489224 ], [ -0.8161544, 41.4900146 ], [ -0.8160794, 41.4907376 ], [ -0.8159576, 41.4913453 ], [ -0.815438, 41.4917167 ], [ -0.8154971, 41.4929761 ], [ -0.8154728, 41.4937 ], [ -0.8151957, 41.4959062 ], [ -0.8148827, 41.4961672 ], [ -0.8145202, 41.496389 ], [ -0.8143971, 41.4970349 ], [ -0.8152574, 41.4970894 ], [ -0.8162948, 41.4979098 ], [ -0.8177974, 41.4984721 ], [ -0.8189946, 41.4990667 ], [ -0.8198209, 41.4986249 ], [ -0.8210803, 41.4988775 ], [ -0.8249903, 41.5002479 ], [ -0.8265335, 41.5011159 ], [ -0.8273926, 41.5012084 ], [ -0.8295377, 41.5022784 ], [ -0.8302916, 41.5024833 ], [ -0.8315219, 41.5036122 ], [ -0.8336305, 41.504262 ], [ -0.8351966, 41.5059692 ], [ -0.8347835, 41.5061901 ], [ -0.8345503, 41.5071008 ], [ -0.8350381, 41.5076819 ], [ -0.8364384, 41.5098054 ], [ -0.8376676, 41.5109723 ], [ -0.8388703, 41.5114144 ], [ -0.8403709, 41.5120526 ], [ -0.8411554, 41.512868 ], [ -0.8419526, 41.5133024 ], [ -0.8429133, 41.5133967 ], [ -0.8410844, 41.5150019 ], [ -0.8399045, 41.5169243 ], [ -0.8388943, 41.518316 ], [ -0.8380045, 41.5191381 ], [ -0.8366228, 41.5210185 ], [ -0.8353779, 41.523359 ], [ -0.8345258, 41.5260882 ], [ -0.8334303, 41.5285078 ], [ -0.8328179, 41.5301357 ], [ -0.8316172, 41.5311425 ], [ -0.8304748, 41.5319217 ], [ -0.8290904, 41.5323531 ], [ -0.8255927, 41.5322488 ], [ -0.8241221, 41.532221 ], [ -0.822683, 41.5327657 ], [ -0.8218095, 41.5330923 ], [ -0.8208306, 41.5335313 ], [ -0.8198512, 41.5341872 ], [ -0.8197273, 41.5343826 ], [ -0.8196579, 41.53456 ], [ -0.819621, 41.5347258 ], [ -0.8195606, 41.5358522 ], [ -0.8198723, 41.5365801 ], [ -0.8203834, 41.5373214 ], [ -0.8208337, 41.5379853 ], [ -0.8213642, 41.5392821 ], [ -0.8213735, 41.539666 ], [ -0.8213285, 41.5401584 ], [ -0.8210381, 41.5407772 ], [ -0.8205668, 41.5413045 ], [ -0.8191341, 41.5428811 ], [ -0.8182077, 41.5438286 ], [ -0.8169587, 41.5451275 ], [ -0.8162694, 41.5459103 ], [ -0.8153725, 41.5468274 ], [ -0.8147265, 41.5475491 ], [ -0.8145052, 41.5480906 ], [ -0.8140863, 41.5491311 ], [ -0.8139355, 41.5496525 ], [ -0.814097, 41.5504157 ], [ -0.8144828, 41.5512976 ], [ -0.8148842, 41.5522847 ], [ -0.815171, 41.5539392 ], [ -0.8152927, 41.5547541 ], [ -0.8154267, 41.5554834 ], [ -0.8156656, 41.5568701 ], [ -0.8156824, 41.5570301 ], [ -0.8161288, 41.5576224 ], [ -0.816645, 41.558309 ], [ -0.816933, 41.5586147 ], [ -0.8171803, 41.5589006 ], [ -0.8177408, 41.5594998 ], [ -0.8183561, 41.5601645 ], [ -0.818981, 41.5608293 ], [ -0.8194588, 41.5613388 ], [ -0.8198887, 41.5618593 ], [ -0.8207357, 41.5629953 ], [ -0.8211835, 41.5633613 ], [ -0.8218225, 41.5638881 ], [ -0.8221673, 41.5643927 ], [ -0.822056, 41.5653462 ], [ -0.82189, 41.5659411 ], [ -0.8217712, 41.5665489 ], [ -0.8214591, 41.5677155 ], [ -0.8209337, 41.5701314 ], [ -0.8209286, 41.5709415 ], [ -0.8210414, 41.5717558 ], [ -0.8211696, 41.5721896 ], [ -0.8212788, 41.572623 ], [ -0.8218184, 41.5733743 ], [ -0.8221241, 41.5736279 ], [ -0.8227294, 41.5741255 ], [ -0.8234394, 41.5746203 ], [ -0.8240781, 41.5750685 ], [ -0.8251225, 41.5758151 ], [ -0.8256325, 41.5763157 ], [ -0.8264155, 41.5776673 ], [ -0.8264382, 41.57803 ], [ -0.8264547, 41.5785807 ], [ -0.8264065, 41.5811511 ], [ -0.8264917, 41.5815459 ], [ -0.8266603, 41.5819113 ], [ -0.8268771, 41.5823562 ], [ -0.8273268, 41.5832369 ], [ -0.8275109, 41.5835192 ], [ -0.827685, 41.583818 ], [ -0.8280219, 41.5843724 ], [ -0.8287115, 41.5854816 ], [ -0.8292167, 41.5863205 ], [ -0.8297107, 41.5872067 ], [ -0.8306762, 41.5888954 ], [ -0.831187, 41.5897558 ], [ -0.8314842, 41.5902642 ], [ -0.8317385, 41.5907289 ], [ -0.831971, 41.5911789 ], [ -0.8322675, 41.5916135 ], [ -0.832538, 41.5918783 ], [ -0.832863, 41.5921251 ], [ -0.8334248, 41.5924075 ], [ -0.8344005, 41.592757 ], [ -0.8352433, 41.5930898 ], [ -0.8355261, 41.5933621 ], [ -0.8358038, 41.5936985 ], [ -0.836005, 41.5940431 ], [ -0.8361051, 41.5942761 ], [ -0.8361417, 41.5945127 ], [ -0.8361543, 41.5948942 ], [ -0.8361116, 41.5952223 ], [ -0.8360125, 41.5955278 ], [ -0.8359683, 41.5957105 ], [ -0.8358968, 41.5959522 ], [ -0.8358159, 41.5964725 ], [ -0.8357629, 41.5967289 ], [ -0.835708, 41.5969471 ], [ -0.8357604, 41.597184 ], [ -0.835865, 41.5975672 ], [ -0.8359277, 41.5981618 ], [ -0.8359334, 41.5987505 ], [ -0.8357606, 41.5992667 ], [ -0.8354027, 41.5995269 ], [ -0.8347676, 41.5997198 ], [ -0.8340641, 41.6000617 ], [ -0.8337884, 41.6004282 ], [ -0.8343895, 41.6006778 ], [ -0.8355292, 41.6011545 ], [ -0.836773, 41.6016521 ], [ -0.8374995, 41.6019517 ], [ -0.8381978, 41.6022413 ], [ -0.8395785, 41.6028178 ], [ -0.8406327, 41.6031997 ], [ -0.8416529, 41.6036431 ], [ -0.8431854, 41.6043344 ], [ -0.8439559, 41.6046562 ], [ -0.8446289, 41.6050382 ], [ -0.8449846, 41.6053237 ], [ -0.8450072, 41.6056911 ], [ -0.844934, 41.6062711 ], [ -0.8448059, 41.6066857 ], [ -0.8446493, 41.6071928 ], [ -0.844564, 41.6074652 ], [ -0.8445322, 41.6079436 ], [ -0.8446356, 41.6083649 ], [ -0.84491, 41.6089944 ], [ -0.8454184, 41.6093638 ], [ -0.8458133, 41.6096433 ], [ -0.8469782, 41.6097796 ], [ -0.8484597, 41.6106795 ], [ -0.8488378, 41.6107676 ], [ -0.849271, 41.6108233 ], [ -0.8497026, 41.610829 ], [ -0.8503881, 41.6107442 ], [ -0.8507448, 41.610808 ], [ -0.851004, 41.6109368 ], [ -0.8512499, 41.6112798 ], [ -0.8515487, 41.6114593 ], [ -0.8519705, 41.6115697 ], [ -0.8521769, 41.6115711 ], [ -0.8536768, 41.6106746 ], [ -0.8539569, 41.6106536 ], [ -0.856549, 41.6110999 ], [ -0.8572062, 41.6115816 ], [ -0.8577267, 41.6118749 ], [ -0.8584341, 41.6121592 ], [ -0.8598331, 41.6125856 ], [ -0.8599284, 41.6126748 ], [ -0.8599347, 41.6126752 ], [ -0.8723886, 41.6133916 ], [ -0.8725352, 41.6134 ], [ -0.8725451, 41.613486 ], [ -0.8726186, 41.6135683 ], [ -0.8727374, 41.613623 ], [ -0.8728511, 41.6136441 ], [ -0.8730226, 41.6136425 ], [ -0.8732782, 41.6135949 ], [ -0.8740173, 41.6133273 ], [ -0.8750162, 41.613851 ], [ -0.8749832, 41.6138885 ], [ -0.874949, 41.6139641 ], [ -0.874847, 41.6139766 ], [ -0.8747648, 41.6139655 ], [ -0.8745853, 41.6140146 ], [ -0.8745143, 41.6140514 ], [ -0.874474, 41.6141174 ], [ -0.8744579, 41.614222 ], [ -0.8745295, 41.6143615 ], [ -0.8745338, 41.6144235 ], [ -0.8745644, 41.6146529 ], [ -0.8746259, 41.6149066 ], [ -0.8747871, 41.6152194 ], [ -0.8750803, 41.6155727 ], [ -0.8757755, 41.616839 ], [ -0.8759786, 41.6174242 ], [ -0.8760733, 41.6178263 ], [ -0.8760769, 41.6178383 ], [ -0.8761534, 41.6180947 ], [ -0.8761834, 41.6183431 ], [ -0.8762243, 41.6192255 ], [ -0.8762194, 41.6195686 ], [ -0.8761152, 41.6204198 ], [ -0.8759266, 41.6205545 ], [ -0.8758289, 41.6206289 ], [ -0.8757801, 41.6207615 ], [ -0.8757452, 41.6208562 ], [ -0.8753846, 41.6210068 ], [ -0.8750429, 41.6211625 ], [ -0.8746854, 41.6214085 ], [ -0.8743236, 41.6217878 ], [ -0.8740391, 41.6221352 ], [ -0.873704, 41.622477 ], [ -0.8732087, 41.6228586 ], [ -0.8728101, 41.6230985 ], [ -0.8729819, 41.6233044 ], [ -0.8730166, 41.6233449 ], [ -0.8730814, 41.6234246 ], [ -0.8739156, 41.6230292 ], [ -0.8751187, 41.6226605 ], [ -0.8759394, 41.6227082 ], [ -0.875931, 41.6225879 ], [ -0.8759191, 41.6224175 ], [ -0.8764943, 41.6217645 ], [ -0.8770817, 41.6219491 ], [ -0.8770441, 41.622344 ], [ -0.8767879, 41.6227479 ], [ -0.8769301, 41.622797 ], [ -0.8769597, 41.6228588 ], [ -0.8776506, 41.6228837 ], [ -0.8779112, 41.6228555 ], [ -0.8781845, 41.6227887 ], [ -0.8782011, 41.6228787 ], [ -0.8782885, 41.6232787 ], [ -0.8782899, 41.6232852 ], [ -0.8783254, 41.6232929 ], [ -0.8785861, 41.6233929 ], [ -0.8795176, 41.6236532 ], [ -0.8800896, 41.6238353 ], [ -0.8805175, 41.6239576 ], [ -0.8807304, 41.624052 ], [ -0.8809711, 41.6242662 ], [ -0.8814072, 41.6247222 ], [ -0.881519, 41.6247833 ], [ -0.8815205, 41.6247863 ], [ -0.8815613, 41.6248064 ], [ -0.8816151, 41.6248327 ], [ -0.8817602, 41.6249194 ], [ -0.8825431, 41.6256078 ], [ -0.8830585, 41.6260607 ], [ -0.8831232, 41.6261564 ], [ -0.8827785, 41.6261555 ], [ -0.8825255, 41.6261465 ], [ -0.8818489, 41.626121 ], [ -0.8819244, 41.6264781 ], [ -0.8822415, 41.6264944 ], [ -0.8830441, 41.6265357 ], [ -0.8831068, 41.6265454 ], [ -0.8831421, 41.6265509 ], [ -0.8831438, 41.6265512 ], [ -0.8834077, 41.6265939 ], [ -0.8841257, 41.6267101 ], [ -0.8848227, 41.626823 ], [ -0.8865121, 41.6270965 ], [ -0.8866205, 41.6271141 ], [ -0.8866501, 41.6271194 ], [ -0.886782, 41.6266543 ], [ -0.886855, 41.6263969 ], [ -0.8868564, 41.6263971 ], [ -0.8869175, 41.6261772 ], [ -0.8885465, 41.6264437 ], [ -0.8885497, 41.6264345 ], [ -0.8885498, 41.6264343 ], [ -0.8885768, 41.6263452 ], [ -0.888701, 41.6259205 ], [ -0.8885619, 41.6257478 ], [ -0.8885573, 41.6257421 ], [ -0.8885413, 41.625722 ], [ -0.8885264, 41.6257034 ], [ -0.8885439, 41.6256398 ], [ -0.8885459, 41.6256327 ], [ -0.8885526, 41.6256085 ], [ -0.8887231, 41.6249917 ], [ -0.8887308, 41.6249638 ], [ -0.8887646, 41.6248415 ], [ -0.8888843, 41.6245624 ], [ -0.8890287, 41.6242264 ], [ -0.8891416, 41.6241301 ], [ -0.8893442, 41.6241088 ], [ -0.8895149, 41.6240908 ], [ -0.8905194, 41.6239848 ], [ -0.8909919, 41.623935 ], [ -0.8917654, 41.6238534 ], [ -0.89192, 41.6238371 ], [ -0.8919408, 41.6238349 ], [ -0.8923581, 41.623791 ], [ -0.8924004, 41.6237866 ], [ -0.8925121, 41.6237654 ], [ -0.8926847, 41.6236814 ], [ -0.8927846, 41.6236263 ], [ -0.8928519, 41.6235942 ], [ -0.8930263, 41.6235166 ], [ -0.8930711, 41.6235055 ], [ -0.8931287, 41.6234911 ], [ -0.8932881, 41.6234516 ], [ -0.8934407, 41.6234137 ], [ -0.8934422, 41.6234134 ], [ -0.8935494, 41.6233864 ], [ -0.8935496, 41.6233864 ], [ -0.8935521, 41.6233854 ], [ -0.8936795, 41.6233397 ], [ -0.8938429, 41.6232651 ], [ -0.8941538, 41.6231606 ], [ -0.8943176, 41.6231323 ], [ -0.8943801, 41.6231215 ], [ -0.8943802, 41.6231215 ], [ -0.8946838, 41.6230976 ], [ -0.8947927, 41.6230958 ], [ -0.8949691, 41.6230929 ], [ -0.8952152, 41.6230638 ], [ -0.8950573, 41.6231341 ], [ -0.8950573, 41.6231341 ], [ -0.8949585, 41.6231956 ], [ -0.8948191, 41.6233475 ], [ -0.8947782, 41.6233977 ], [ -0.8947359, 41.6234674 ], [ -0.8946779, 41.6235628 ], [ -0.8945571, 41.6237895 ], [ -0.8944854, 41.6239268 ], [ -0.8944127, 41.6240844 ], [ -0.8943473, 41.6242495 ], [ -0.8943473, 41.6242497 ], [ -0.8942696, 41.6244845 ], [ -0.8942152, 41.6245818 ], [ -0.8941287, 41.6247148 ], [ -0.8941284, 41.6247152 ], [ -0.8940097, 41.6248955 ], [ -0.8938272, 41.6251985 ], [ -0.8936685, 41.6254618 ], [ -0.8933805, 41.6259377 ], [ -0.893182, 41.626137 ], [ -0.8931391, 41.626205 ], [ -0.8931391, 41.626205 ], [ -0.8929857, 41.6264598 ], [ -0.8928998, 41.6267066 ], [ -0.8928188, 41.6269393 ], [ -0.892817, 41.6269445 ], [ -0.8927661, 41.6270908 ], [ -0.8927653, 41.6270932 ], [ -0.8926537, 41.6274106 ], [ -0.8922976, 41.6278012 ], [ -0.8921429, 41.6279709 ], [ -0.8920472, 41.6280759 ], [ -0.8918268, 41.6283177 ], [ -0.8918006, 41.6283464 ], [ -0.8918004, 41.6283467 ], [ -0.8917513, 41.6284005 ], [ -0.8916647, 41.6284954 ], [ -0.8914202, 41.6287635 ], [ -0.8913255, 41.6288674 ], [ -0.8911955, 41.62901 ], [ -0.8911382, 41.6290729 ], [ -0.8909269, 41.6293046 ], [ -0.8908624, 41.6293754 ], [ -0.890785, 41.6294604 ], [ -0.890796, 41.6294864 ], [ -0.8907719, 41.6295143 ] ] ] } },
{ "type": "Feature", "properties": { "CCAA": "02 - Aragón", "PROVINCIA": "50 - Zaragoza", "MUNICIPIO": "50297 - Zaragoza", "COD_MUNICIPIO": "50297", "DISTRITO": "08", "SECCION": "5029708018", "V1_H": 81.57, "V1_M": 86.95, "V2_H": 81.38052192000001, "V2_M": 86.83819346, "V3_H": 81.78107492, "V3_M": 87.15502078 }, "geometry": { "type": "Polygon", "coordinates": [ [ [ -0.9448712, 41.6614091 ], [ -0.9488367, 41.6598375 ], [ -0.9495441, 41.6595844 ], [ -0.9491138, 41.6594726 ], [ -0.9486184, 41.6594117 ], [ -0.9478551, 41.6594067 ], [ -0.9471724, 41.6594023 ], [ -0.9462191, 41.6591996 ], [ -0.9451467, 41.6590435 ], [ -0.9450994, 41.659026 ], [ -0.9445928, 41.6589812 ], [ -0.9443943, 41.658955 ], [ -0.9439779, 41.6589063 ], [ -0.9432203, 41.6588181 ], [ -0.9431277, 41.6588085 ], [ -0.9429913, 41.6587966 ], [ -0.9428249, 41.6587822 ], [ -0.9425801, 41.6587676 ], [ -0.9416106, 41.6587035 ], [ -0.9411147, 41.6586775 ], [ -0.9408896, 41.6586675 ], [ -0.9406984, 41.6586752 ], [ -0.9402346, 41.658692 ], [ -0.93974, 41.6587064 ], [ -0.9389519, 41.6587214 ], [ -0.9387864, 41.6587334 ], [ -0.9385138, 41.658769 ], [ -0.9382645, 41.6588013 ], [ -0.9380548, 41.6588325 ], [ -0.9378485, 41.6588633 ], [ -0.9374685, 41.6589222 ], [ -0.9373682, 41.6589346 ], [ -0.9367899, 41.6589734 ], [ -0.9365404, 41.6590025 ], [ -0.9362202, 41.6590636 ], [ -0.9361404, 41.6590788 ], [ -0.9359541, 41.6590898 ], [ -0.9357952, 41.6590879 ], [ -0.9357147, 41.6590797 ], [ -0.9355739, 41.6590503 ], [ -0.9353207, 41.6589916 ], [ -0.9350642, 41.6589299 ], [ -0.9348039, 41.6588844 ], [ -0.9345848, 41.6588482 ], [ -0.9342119, 41.6588041 ], [ -0.9336076, 41.6587579 ], [ -0.9334597, 41.6587473 ], [ -0.93346, 41.6587479 ], [ -0.9334561, 41.6594675 ], [ -0.9349551, 41.6594944 ], [ -0.9348841, 41.6633059 ], [ -0.9324989, 41.6639943 ], [ -0.9326358, 41.6640602 ], [ -0.932818, 41.6641512 ], [ -0.93313, 41.6643071 ], [ -0.93325, 41.6643671 ], [ -0.9333685, 41.6644262 ], [ -0.9335273, 41.6645065 ], [ -0.9336958, 41.6645937 ], [ -0.9337943, 41.6646447 ], [ -0.9339403, 41.6647203 ], [ -0.9340521, 41.6647782 ], [ -0.9341402, 41.6648238 ], [ -0.934374, 41.6649448 ], [ -0.9345583, 41.6650402 ], [ -0.9346403, 41.6650827 ], [ -0.934697, 41.6651121 ], [ -0.9348705, 41.6652019 ], [ -0.9349932, 41.6652654 ], [ -0.9350566, 41.6652983 ], [ -0.9351067, 41.6653243 ], [ -0.9351762, 41.6653634 ], [ -0.9352824, 41.6654231 ], [ -0.9354176, 41.6654921 ], [ -0.9355786, 41.6655737 ], [ -0.9356984, 41.6656345 ], [ -0.9358388, 41.6657057 ], [ -0.9359601, 41.6657672 ], [ -0.9361876, 41.6658824 ], [ -0.9363108, 41.6659449 ], [ -0.9364904, 41.6660358 ], [ -0.9366057, 41.6660943 ], [ -0.9366458, 41.6661145 ], [ -0.936905, 41.6662451 ], [ -0.9370135, 41.6662998 ], [ -0.9371422, 41.6663647 ], [ -0.9371832, 41.666384 ], [ -0.9372815, 41.6664281 ], [ -0.9373481, 41.6664625 ], [ -0.9373666, 41.6664713 ], [ -0.9373922, 41.6664481 ], [ -0.9383181, 41.6654709 ], [ -0.9393648, 41.6645365 ], [ -0.9398215, 41.664093 ], [ -0.9416597, 41.6629286 ], [ -0.9435923, 41.6619147 ], [ -0.9441334, 41.6616861 ], [ -0.9442686, 41.6616313 ], [ -0.9444554, 41.6615537 ], [ -0.9447156, 41.6614305 ], [ -0.9448712, 41.6614091 ] ] ] } },
{ "type": "Feature", "properties": { "CCAA": "02 - Aragón", "PROVINCIA": "50 - Zaragoza", "MUNICIPIO": "50297 - Zaragoza", "COD_MUNICIPIO": "50297", "DISTRITO": "11", "SECCION": "5029711003", "V1_H": 81.11, "V1_M": 86.51, "V2_H": 80.75023294, "V2_M": 86.37370028, "V3_H": 81.47997818, "V3_M": 86.68611994 }, "geometry": { "type": "Polygon", "coordinates": [ [ [ -0.8564967, 41.693186 ], [ -0.8564835, 41.6932141 ], [ -0.856421, 41.6933461 ], [ -0.8562094, 41.6937937 ], [ -0.8560281, 41.6941772 ], [ -0.8557631, 41.6947377 ], [ -0.8556556, 41.6949649 ], [ -0.8555292, 41.6952962 ], [ -0.8553381, 41.6957991 ], [ -0.8552277, 41.6960895 ], [ -0.8551874, 41.6961699 ], [ -0.854891, 41.6967331 ], [ -0.854637, 41.6972157 ], [ -0.8545718, 41.6973396 ], [ -0.8544985, 41.697479 ], [ -0.8543592, 41.6977948 ], [ -0.8541056, 41.6983757 ], [ -0.8538599, 41.6989385 ], [ -0.8536079, 41.6995158 ], [ -0.8533445, 41.7001192 ], [ -0.8531209, 41.7006233 ], [ -0.8528659, 41.7011795 ], [ -0.852604, 41.701751 ], [ -0.8523402, 41.7023265 ], [ -0.8521019, 41.7028462 ], [ -0.8518364, 41.7034275 ], [ -0.8516133, 41.7039243 ], [ -0.8513683, 41.7044698 ], [ -0.8513305, 41.704554 ], [ -0.8511118, 41.7050411 ], [ -0.8508423, 41.7056411 ], [ -0.8506054, 41.7061687 ], [ -0.8503658, 41.7067022 ], [ -0.8501473, 41.7071887 ], [ -0.8498822, 41.7077744 ], [ -0.8496324, 41.7083108 ], [ -0.8493556, 41.7089052 ], [ -0.8491074, 41.709438 ], [ -0.8488915, 41.7099016 ], [ -0.8487824, 41.7101357 ], [ -0.8486207, 41.710483 ], [ -0.8485404, 41.7106554 ], [ -0.8484269, 41.7108989 ], [ -0.8483177, 41.7110069 ], [ -0.8482271, 41.7110964 ], [ -0.8480934, 41.7112272 ], [ -0.8477422, 41.7114846 ], [ -0.8475849, 41.7115999 ], [ -0.8471376, 41.7119264 ], [ -0.8470554, 41.7119861 ], [ -0.8468276, 41.7121516 ], [ -0.8467026, 41.7122423 ], [ -0.846528, 41.7123802 ], [ -0.8463461, 41.7125267 ], [ -0.8461658, 41.7126721 ], [ -0.8459602, 41.7128963 ], [ -0.8458268, 41.7130418 ], [ -0.8456427, 41.7131917 ], [ -0.8454425, 41.713368 ], [ -0.845301, 41.7134957 ], [ -0.8452405, 41.7135358 ], [ -0.8452027, 41.7135576 ], [ -0.8450744, 41.7136459 ], [ -0.8449487, 41.7137654 ], [ -0.8448936, 41.713825 ], [ -0.8448074, 41.7139271 ], [ -0.8447229, 41.7140272 ], [ -0.844667, 41.7140977 ], [ -0.8446323, 41.7141345 ], [ -0.844542, 41.7142361 ], [ -0.8444913, 41.7142973 ], [ -0.8444108, 41.7143974 ], [ -0.8443325, 41.7145006 ], [ -0.8442756, 41.7145792 ], [ -0.8441698, 41.7147178 ], [ -0.8440764, 41.7148399 ], [ -0.8440155, 41.7149314 ], [ -0.843973, 41.715 ], [ -0.8438772, 41.715176 ], [ -0.8437456, 41.7153968 ], [ -0.8437076, 41.7154606 ], [ -0.8436508, 41.7155567 ], [ -0.8435964, 41.7156921 ], [ -0.8435519, 41.7158339 ], [ -0.8434811, 41.7159137 ], [ -0.8434082, 41.7160258 ], [ -0.8432622, 41.7162501 ], [ -0.8430509, 41.7164306 ], [ -0.8429737, 41.716506 ], [ -0.8427682, 41.7166255 ], [ -0.8425712, 41.7167388 ], [ -0.8424566, 41.7168064 ], [ -0.8423837, 41.7168487 ], [ -0.8422095, 41.7169056 ], [ -0.8420733, 41.7169482 ], [ -0.8419209, 41.7169956 ], [ -0.8417403, 41.717065 ], [ -0.8415261, 41.7172052 ], [ -0.841443, 41.7172608 ], [ -0.8413591, 41.7173096 ], [ -0.8410653, 41.7175607 ], [ -0.8411005, 41.7175813 ], [ -0.8410583, 41.7176235 ], [ -0.8409249, 41.7177627 ], [ -0.8407908, 41.7179019 ], [ -0.8407586, 41.717932 ], [ -0.8406525, 41.7180245 ], [ -0.8405588, 41.7181067 ], [ -0.8403389, 41.718299 ], [ -0.8402384, 41.7183868 ], [ -0.8402096, 41.718414 ], [ -0.8400145, 41.7186015 ], [ -0.8396467, 41.7188944 ], [ -0.8393247, 41.7191291 ], [ -0.8389142, 41.7194062 ], [ -0.8386596, 41.7196122 ], [ -0.8384073, 41.7198852 ], [ -0.8380907, 41.7202519 ], [ -0.8379539, 41.7204406 ], [ -0.8377575, 41.720752 ], [ -0.8373293, 41.7214031 ], [ -0.8370018, 41.7219131 ], [ -0.8367793, 41.7222662 ], [ -0.8358544, 41.7229752 ], [ -0.8354818, 41.7232968 ], [ -0.8349149, 41.7238494 ], [ -0.8343048, 41.7243076 ], [ -0.8339161, 41.7247051 ], [ -0.8333771, 41.7251939 ], [ -0.8330896, 41.7255699 ], [ -0.8325331, 41.7261292 ], [ -0.8324543, 41.7262801 ], [ -0.8323344, 41.7266186 ], [ -0.8321951, 41.7270317 ], [ -0.8315671, 41.7279456 ], [ -0.8313589, 41.7282797 ], [ -0.8442521, 41.7324035 ], [ -0.8458202, 41.7328116 ], [ -0.8461546, 41.732899 ], [ -0.8480761, 41.7338233 ], [ -0.8482851, 41.7339313 ], [ -0.8483755, 41.7339934 ], [ -0.848568, 41.7341257 ], [ -0.8487028, 41.7342224 ], [ -0.8491558, 41.7345471 ], [ -0.8500506, 41.7350052 ], [ -0.8516905, 41.73586 ], [ -0.8535192, 41.7368218 ], [ -0.8549695, 41.737592 ], [ -0.8568658, 41.7387133 ], [ -0.8582137, 41.7394725 ], [ -0.8591492, 41.7403371 ], [ -0.8594059, 41.7404139 ], [ -0.859507, 41.7404473 ], [ -0.8596503, 41.7410449 ], [ -0.8598672, 41.741797 ], [ -0.8600123, 41.7425214 ], [ -0.860191, 41.743521 ], [ -0.8602518, 41.7439209 ], [ -0.8626867, 41.7451007 ], [ -0.8611301, 41.7442144 ], [ -0.8607363, 41.7434759 ], [ -0.860262, 41.7409604 ], [ -0.8587845, 41.7392617 ], [ -0.8567129, 41.7365596 ], [ -0.8553016, 41.7328777 ], [ -0.8545725, 41.7317413 ], [ -0.8513024, 41.7283172 ], [ -0.8530689, 41.7245586 ], [ -0.8600145, 41.7127291 ], [ -0.8677853, 41.7011495 ], [ -0.8688172, 41.6994453 ], [ -0.8697073, 41.6957017 ], [ -0.870076, 41.6939843 ], [ -0.8697328, 41.6937679 ], [ -0.8692948, 41.6934784 ], [ -0.8692136, 41.6933146 ], [ -0.868948, 41.6930499 ], [ -0.8690557, 41.6928462 ], [ -0.8692797, 41.6926231 ], [ -0.8692261, 41.6920593 ], [ -0.8689981, 41.6919685 ], [ -0.8688216, 41.6916298 ], [ -0.8683669, 41.6914049 ], [ -0.8681028, 41.6910969 ], [ -0.8677625, 41.6909067 ], [ -0.8673954, 41.6910946 ], [ -0.8669585, 41.6912055 ], [ -0.8666242, 41.6912751 ], [ -0.8663706, 41.6915193 ], [ -0.866266, 41.6916256 ], [ -0.8658926, 41.6915645 ], [ -0.8656783, 41.6914956 ], [ -0.8654484, 41.691026 ], [ -0.865149, 41.6909121 ], [ -0.8648228, 41.6907329 ], [ -0.8641518, 41.690504 ], [ -0.8640481, 41.6901449 ], [ -0.8640991, 41.6892733 ], [ -0.8640798, 41.6891823 ], [ -0.8639706, 41.6891207 ], [ -0.8637009, 41.6892943 ], [ -0.8634875, 41.6893095 ], [ -0.8631629, 41.6891272 ], [ -0.8629382, 41.6889038 ], [ -0.8625158, 41.6887005 ], [ -0.8623838, 41.6886551 ], [ -0.8621135, 41.6885596 ], [ -0.8618735, 41.6883216 ], [ -0.8616989, 41.6881205 ], [ -0.8617438, 41.6880117 ], [ -0.8616658, 41.6879674 ], [ -0.8614208, 41.6878794 ], [ -0.8612941, 41.6880582 ], [ -0.86106, 41.6882135 ], [ -0.8607867, 41.6883061 ], [ -0.8603328, 41.688106 ], [ -0.8593238, 41.6876219 ], [ -0.8590777, 41.6876389 ], [ -0.8587999, 41.6881803 ], [ -0.8569167, 41.6922793 ], [ -0.8564971, 41.6931852 ], [ -0.8564967, 41.693186 ] ] ] } },
{ "type": "Feature", "properties": { "CCAA": "02 - Aragón", "PROVINCIA": "50 - Zaragoza", "MUNICIPIO": "50297 - Zaragoza", "COD_MUNICIPIO": "50297", "DISTRITO": "11", "SECCION": "5029711011", "V1_H": 80.72, "V1_M": 86.56, "V2_H": 80.63016227, "V2_M": 86.55369361, "V3_H": 80.94352394000001, "V3_M": 86.74641221 }, "geometry": { "type": "Polygon", "coordinates": [ [ [ -0.8094857, 41.6783987 ], [ -0.810154, 41.6784695 ], [ -0.8113014, 41.6786097 ], [ -0.8131532, 41.6784557 ], [ -0.8144349, 41.6783618 ], [ -0.8151588, 41.6784229 ], [ -0.8152764, 41.6782121 ], [ -0.8155312, 41.678146 ], [ -0.8162715, 41.6781897 ], [ -0.8169683, 41.6781201 ], [ -0.8178252, 41.6779825 ], [ -0.8184234, 41.6780294 ], [ -0.8187582, 41.6779293 ], [ -0.8198929, 41.677513 ], [ -0.8210012, 41.6769424 ], [ -0.8226221, 41.6761449 ], [ -0.8232613, 41.6759086 ], [ -0.8242319, 41.6756785 ], [ -0.8254241, 41.675423 ], [ -0.8260942, 41.6752109 ], [ -0.8261592, 41.6751841 ], [ -0.8260085, 41.674943 ], [ -0.8261264, 41.6747204 ], [ -0.8262791, 41.6744038 ], [ -0.8262898, 41.6743812 ], [ -0.8263963, 41.6741562 ], [ -0.8229799, 41.6730085 ], [ -0.8229515, 41.6729926 ], [ -0.8227522, 41.6728805 ], [ -0.822358, 41.6726588 ], [ -0.8220156, 41.6724661 ], [ -0.8211071, 41.6719551 ], [ -0.8207412, 41.6717493 ], [ -0.8202707, 41.6714847 ], [ -0.8197423, 41.6711856 ], [ -0.8194763, 41.6710117 ], [ -0.8185496, 41.6704058 ], [ -0.8182718, 41.6702242 ], [ -0.8175576, 41.6697572 ], [ -0.8172515, 41.6695571 ], [ -0.8168772, 41.6693123 ], [ -0.8172119, 41.6691626 ], [ -0.8174771, 41.6690439 ], [ -0.8180363, 41.6688073 ], [ -0.8184892, 41.6686244 ], [ -0.8200411, 41.6682822 ], [ -0.8202407, 41.6681269 ], [ -0.8204369, 41.667989 ], [ -0.8207465, 41.6677714 ], [ -0.8211168, 41.667533 ], [ -0.8213557, 41.6674201 ], [ -0.8214389, 41.6673814 ], [ -0.8217752, 41.6672249 ], [ -0.8221673, 41.6670776 ], [ -0.822595, 41.666968 ], [ -0.8228433, 41.6669155 ], [ -0.8231703, 41.6668483 ], [ -0.8235609, 41.666772 ], [ -0.8241437, 41.6666586 ], [ -0.8244414, 41.6665993 ], [ -0.8247059, 41.6665464 ], [ -0.8249023, 41.6665221 ], [ -0.8249705, 41.6665135 ], [ -0.8249909, 41.6665099 ], [ -0.8253432, 41.6664202 ], [ -0.8247209, 41.665849 ], [ -0.8244143, 41.6655829 ], [ -0.8236162, 41.664917 ], [ -0.822326, 41.663869 ], [ -0.822096, 41.663719 ], [ -0.8222226, 41.6637533 ], [ -0.8225101, 41.6627702 ], [ -0.8227349, 41.6628442 ], [ -0.8216282, 41.6623484 ], [ -0.8199068, 41.6615675 ], [ -0.8194619, 41.6613804 ], [ -0.8190261, 41.6612053 ], [ -0.818305, 41.6609152 ], [ -0.8167254, 41.6604538 ], [ -0.8156941, 41.6602245 ], [ -0.814278, 41.6599069 ], [ -0.8138794, 41.6598564 ], [ -0.8122412, 41.6596251 ], [ -0.8114327, 41.6595715 ], [ -0.8099491, 41.659467 ], [ -0.8079688, 41.6592969 ], [ -0.8072833, 41.6592284 ], [ -0.8064168, 41.6591392 ], [ -0.8062265, 41.6591178 ], [ -0.8060107, 41.6590789 ], [ -0.8057754, 41.6590201 ], [ -0.8055161, 41.6589383 ], [ -0.8050927, 41.6587693 ], [ -0.8043309, 41.6584588 ], [ -0.8035512, 41.6581393 ], [ -0.8024804, 41.6576969 ], [ -0.8021958, 41.6575689 ], [ -0.8020666, 41.6575035 ], [ -0.8019514, 41.6574406 ], [ -0.8017692, 41.6573214 ], [ -0.801467, 41.6570957 ], [ -0.8010754, 41.6567759 ], [ -0.8006486, 41.6564217 ], [ -0.800291, 41.6561303 ], [ -0.7990713, 41.6551365 ], [ -0.7986103, 41.6547689 ], [ -0.7982283, 41.6544423 ], [ -0.797561, 41.6538719 ], [ -0.7972516, 41.6536151 ], [ -0.7969333, 41.653373 ], [ -0.7966728, 41.6531867 ], [ -0.7964974, 41.6530626 ], [ -0.7962916, 41.6529228 ], [ -0.7959323, 41.6526785 ], [ -0.7955812, 41.6524391 ], [ -0.7952027, 41.65218 ], [ -0.7947945, 41.6518988 ], [ -0.7942954, 41.651555 ], [ -0.7938733, 41.6512655 ], [ -0.7937239, 41.651163 ], [ -0.7930184, 41.6506857 ], [ -0.7927398, 41.6504949 ], [ -0.7924938, 41.650339 ], [ -0.792336, 41.6502427 ], [ -0.7921039, 41.6501151 ], [ -0.7917426, 41.64995 ], [ -0.7915072, 41.6498613 ], [ -0.7909078, 41.6496518 ], [ -0.7902716, 41.6494294 ], [ -0.7897577, 41.6492431 ], [ -0.7892468, 41.6490547 ], [ -0.7887494, 41.648728 ], [ -0.7883968, 41.6485817 ], [ -0.7876066, 41.6483176 ], [ -0.7875303, 41.6482731 ], [ -0.7872081, 41.6480314 ], [ -0.7867674, 41.6477123 ], [ -0.7865453, 41.6475587 ], [ -0.7858846, 41.647064 ], [ -0.7855086, 41.6469542 ], [ -0.7850454, 41.6466613 ], [ -0.7847316, 41.6465718 ], [ -0.7841014, 41.6462674 ], [ -0.7836082, 41.646122 ], [ -0.7827844, 41.6458899 ], [ -0.7823738, 41.6456876 ], [ -0.7820304, 41.6455396 ], [ -0.7817145, 41.6454059 ], [ -0.7815727, 41.6453459 ], [ -0.7810673, 41.645055 ], [ -0.7807577, 41.6449694 ], [ -0.7804739, 41.6449116 ], [ -0.780307, 41.6448499 ], [ -0.7802107, 41.6448136 ], [ -0.7796476, 41.6445996 ], [ -0.7792648, 41.6444297 ], [ -0.7788627, 41.6442509 ], [ -0.778536, 41.6440744 ], [ -0.7776793, 41.6437482 ], [ -0.777172, 41.6435831 ], [ -0.7768941, 41.6434857 ], [ -0.7764504, 41.6433322 ], [ -0.7759467, 41.6432184 ], [ -0.7751943, 41.6431573 ], [ -0.7748064, 41.6430545 ], [ -0.7739781, 41.6428372 ], [ -0.7733522, 41.6426768 ], [ -0.7731902, 41.6426378 ], [ -0.7727416, 41.6426214 ], [ -0.7722917, 41.6429603 ], [ -0.7708868, 41.6440187 ], [ -0.7667295, 41.6468829 ], [ -0.7667271, 41.6470157 ], [ -0.7667172, 41.6475852 ], [ -0.7666834, 41.6475986 ], [ -0.7666843, 41.6476836 ], [ -0.7661047, 41.6481227 ], [ -0.7657665, 41.6483548 ], [ -0.7653712, 41.6485002 ], [ -0.7650195, 41.6485725 ], [ -0.7658251, 41.6497763 ], [ -0.7670526, 41.6515453 ], [ -0.7677054, 41.6523366 ], [ -0.7686059, 41.6532132 ], [ -0.7695137, 41.6538752 ], [ -0.770738, 41.6547044 ], [ -0.7721523, 41.6552151 ], [ -0.7746967, 41.6561773 ], [ -0.7772787, 41.6570864 ], [ -0.778938, 41.6577629 ], [ -0.7803102, 41.6584606 ], [ -0.7814431, 41.6588315 ], [ -0.7825833, 41.6589878 ], [ -0.7862994, 41.6602408 ], [ -0.7878548, 41.6608211 ], [ -0.7937995, 41.6628686 ], [ -0.7967747, 41.6638117 ], [ -0.8001895, 41.6644678 ], [ -0.8005758, 41.66469 ], [ -0.8005548, 41.6653071 ], [ -0.8014153, 41.6652699 ], [ -0.8019897, 41.6652272 ], [ -0.8024008, 41.665772 ], [ -0.8025999, 41.6662323 ], [ -0.8030468, 41.6667777 ], [ -0.8036084, 41.6671107 ], [ -0.8052187, 41.6681885 ], [ -0.8069035, 41.6691872 ], [ -0.8076381, 41.6696979 ], [ -0.807464, 41.6706074 ], [ -0.8073806, 41.6709549 ], [ -0.8077229, 41.6714178 ], [ -0.8077111, 41.6717666 ], [ -0.8078157, 41.6718491 ], [ -0.8078617, 41.6726018 ], [ -0.8088868, 41.6729972 ], [ -0.8088795, 41.6732118 ], [ -0.8087653, 41.673411 ], [ -0.8093293, 41.6757844 ], [ -0.8093029, 41.6765624 ], [ -0.8092104, 41.6771782 ], [ -0.8093059, 41.677529 ], [ -0.8093684, 41.6777987 ], [ -0.8092501, 41.6781186 ], [ -0.8094857, 41.6783987 ] ] ] } },
{ "type": "Feature", "properties": { "CCAA": "02 - Aragón", "PROVINCIA": "50 - Zaragoza", "MUNICIPIO": "50297 - Zaragoza", "COD_MUNICIPIO": "50297", "DISTRITO": "11", "SECCION": "5029711007", "V1_H": 80.63, "V1_M": 86.52, "V2_H": 80.3855305, "V2_M": 86.44800565, "V3_H": 80.88841766, "V3_M": 86.66780776 }, "geometry": { "type": "Polygon", "coordinates": [ [ [ -0.8170017, 41.7254493 ], [ -0.8169599, 41.7255412 ], [ -0.816945, 41.7256074 ], [ -0.8169247, 41.7256672 ], [ -0.8223205, 41.726493 ], [ -0.8233397, 41.7267951 ], [ -0.82483, 41.725524 ], [ -0.8248374, 41.7255255 ], [ -0.8253391, 41.7249869 ], [ -0.8254119, 41.7245148 ], [ -0.8254401, 41.724464 ], [ -0.8256013, 41.724003 ], [ -0.8261615, 41.7233297 ], [ -0.8274, 41.7226358 ], [ -0.8296519, 41.7213154 ], [ -0.8302119, 41.7209304 ], [ -0.8305391, 41.7205648 ], [ -0.8306659, 41.7199143 ], [ -0.8306108, 41.7194748 ], [ -0.8301921, 41.71859 ], [ -0.8300262, 41.7183199 ], [ -0.8298558, 41.7179021 ], [ -0.8296997, 41.7174392 ], [ -0.8295834, 41.7166411 ], [ -0.8295009, 41.7156912 ], [ -0.8295482, 41.7152298 ], [ -0.8297101, 41.7146728 ], [ -0.8300476, 41.7138864 ], [ -0.8300469, 41.7138563 ], [ -0.830099, 41.7137008 ], [ -0.8301602, 41.7133946 ], [ -0.8303108, 41.7124156 ], [ -0.8301208, 41.7116341 ], [ -0.8301275, 41.7116234 ], [ -0.8302848, 41.7113905 ], [ -0.8305231, 41.7110185 ], [ -0.8306405, 41.7107859 ], [ -0.8306393, 41.7107755 ], [ -0.8306393, 41.7107754 ], [ -0.8306395, 41.7107752 ], [ -0.8307391, 41.7106484 ], [ -0.8308219, 41.7100781 ], [ -0.8307509, 41.709543 ], [ -0.8304901, 41.7089757 ], [ -0.8301639, 41.7084643 ], [ -0.8297327, 41.707956 ], [ -0.829518, 41.7075276 ], [ -0.8283681, 41.7057493 ], [ -0.8283585, 41.7050369 ], [ -0.8283078, 41.7046547 ], [ -0.8281782, 41.7043472 ], [ -0.8278005, 41.7036571 ], [ -0.8277953, 41.7036203 ], [ -0.8276267, 41.7033404 ], [ -0.8276231, 41.7030687 ], [ -0.82779, 41.7018899 ], [ -0.8285972, 41.7005803 ], [ -0.8291163, 41.7000849 ], [ -0.8295761, 41.6998362 ], [ -0.8299696, 41.6997316 ], [ -0.8299964, 41.6997043 ], [ -0.8302313, 41.6996437 ], [ -0.830761, 41.6993963 ], [ -0.8309098, 41.6991323 ], [ -0.8309896, 41.6988383 ], [ -0.8311124, 41.6985928 ], [ -0.8313032, 41.698401 ], [ -0.831371, 41.6980877 ], [ -0.8315678, 41.6972827 ], [ -0.831597, 41.6972293 ], [ -0.8316604, 41.6970447 ], [ -0.8317618, 41.6968655 ], [ -0.8320463, 41.6965372 ], [ -0.8323113, 41.6964088 ], [ -0.832831, 41.6962709 ], [ -0.8334798, 41.696264 ], [ -0.8337048, 41.6962972 ], [ -0.8337113, 41.6962908 ], [ -0.8339356, 41.696325 ], [ -0.8342222, 41.6963114 ], [ -0.8344772, 41.6962924 ], [ -0.8346773, 41.6962056 ], [ -0.834878, 41.6959091 ], [ -0.83517, 41.6955429 ], [ -0.8351711, 41.6955358 ], [ -0.8351777, 41.6955349 ], [ -0.836865, 41.6934455 ], [ -0.8385347, 41.692741 ], [ -0.8404908, 41.6921068 ], [ -0.8424163, 41.6906603 ], [ -0.8432576, 41.6896804 ], [ -0.8434192, 41.689164 ], [ -0.8434757, 41.6886668 ], [ -0.8432992, 41.6878543 ], [ -0.8427703, 41.6865576 ], [ -0.8428421, 41.6863111 ], [ -0.8433152, 41.6858529 ], [ -0.8434899, 41.6855703 ], [ -0.8440863, 41.6837037 ], [ -0.8441594, 41.6834191 ], [ -0.8440721, 41.6829885 ], [ -0.8440664, 41.6820162 ], [ -0.8437723, 41.6805428 ], [ -0.8436145, 41.6799393 ], [ -0.8435494, 41.6796045 ], [ -0.8436145, 41.6787852 ], [ -0.843482, 41.6786456 ], [ -0.8434669, 41.6782341 ], [ -0.8436422, 41.6773066 ], [ -0.8438234, 41.677159 ], [ -0.8350373, 41.6757407 ], [ -0.835987, 41.6732477 ], [ -0.8362051, 41.6719098 ], [ -0.8353236, 41.67237 ], [ -0.834621, 41.6725964 ], [ -0.8346122, 41.672599 ], [ -0.8344528, 41.6726463 ], [ -0.833499, 41.6727611 ], [ -0.8334677, 41.6727649 ], [ -0.8323116, 41.6728851 ], [ -0.8317607, 41.6730582 ], [ -0.8317029, 41.6730764 ], [ -0.8313705, 41.6731808 ], [ -0.830887, 41.6734793 ], [ -0.8304295, 41.673944 ], [ -0.8301088, 41.6745651 ], [ -0.8299118, 41.6752595 ], [ -0.8299089, 41.6752588 ], [ -0.8296154, 41.6761698 ], [ -0.8296403, 41.6769423 ], [ -0.8298522, 41.6781092 ], [ -0.8299169, 41.6784536 ], [ -0.8299284, 41.6787952 ], [ -0.8298793, 41.679059 ], [ -0.829691, 41.6797203 ], [ -0.8295165, 41.6803142 ], [ -0.8293334, 41.6809327 ], [ -0.8292636, 41.6811699 ], [ -0.8291997, 41.6813963 ], [ -0.829167, 41.6815334 ], [ -0.8290731, 41.6819295 ], [ -0.8290249, 41.6821155 ], [ -0.8289864, 41.6822627 ], [ -0.8289498, 41.6823816 ], [ -0.8289036, 41.6825867 ], [ -0.8288883, 41.6826942 ], [ -0.828879, 41.6828986 ], [ -0.8288818, 41.683009 ], [ -0.8289019, 41.6831958 ], [ -0.8289116, 41.6832793 ], [ -0.8289557, 41.683684 ], [ -0.8289504, 41.6838494 ], [ -0.8289224, 41.6843315 ], [ -0.82891, 41.6844519 ], [ -0.8288597, 41.6850051 ], [ -0.8288289, 41.6854752 ], [ -0.8288179, 41.6855987 ], [ -0.8287823, 41.685981 ], [ -0.8287735, 41.6861422 ], [ -0.8287521, 41.6865328 ], [ -0.8287315, 41.6867204 ], [ -0.8287016, 41.6869823 ], [ -0.8286411, 41.6872283 ], [ -0.8286028, 41.6873 ], [ -0.8283807, 41.687745 ], [ -0.8283116, 41.6878908 ], [ -0.8282078, 41.6881085 ], [ -0.8281867, 41.6881469 ], [ -0.8281519, 41.6881992 ], [ -0.8281426, 41.6882132 ], [ -0.8280896, 41.6882929 ], [ -0.8276769, 41.6886974 ], [ -0.8273006, 41.6890731 ], [ -0.8267098, 41.6896659 ], [ -0.8263587, 41.6900144 ], [ -0.8260254, 41.6903453 ], [ -0.8259395, 41.6904312 ], [ -0.8256886, 41.6906845 ], [ -0.8253711, 41.6910048 ], [ -0.825223, 41.6911541 ], [ -0.8250702, 41.6913002 ], [ -0.8249172, 41.6914532 ], [ -0.8248059, 41.691538 ], [ -0.8245955, 41.6916693 ], [ -0.8243577, 41.6918109 ], [ -0.8238188, 41.6921122 ], [ -0.8234318, 41.6923287 ], [ -0.8222057, 41.6930135 ], [ -0.8218884, 41.6931898 ], [ -0.821344, 41.693488 ], [ -0.8208741, 41.6937473 ], [ -0.8206321, 41.6938815 ], [ -0.8203687, 41.6940341 ], [ -0.8202188, 41.6941264 ], [ -0.8199105, 41.6943998 ], [ -0.819717, 41.6945553 ], [ -0.8195479, 41.6947058 ], [ -0.8189322, 41.694993 ], [ -0.818365, 41.6952563 ], [ -0.8173924, 41.6956818 ], [ -0.8169756, 41.6958858 ], [ -0.8167793, 41.6959858 ], [ -0.8166234, 41.6960733 ], [ -0.8165721, 41.6961124 ], [ -0.816498, 41.6961792 ], [ -0.8164458, 41.6962403 ], [ -0.8163875, 41.69634 ], [ -0.8163528, 41.696421 ], [ -0.8162787, 41.6968103 ], [ -0.8161852, 41.6973633 ], [ -0.8161216, 41.6976984 ], [ -0.8161014, 41.6977971 ], [ -0.8160792, 41.6978793 ], [ -0.816056, 41.6979564 ], [ -0.8160267, 41.6980306 ], [ -0.8159692, 41.6981704 ], [ -0.8157059, 41.6986621 ], [ -0.815518, 41.6990123 ], [ -0.8153786, 41.6992645 ], [ -0.8153236, 41.69938 ], [ -0.8152734, 41.6994958 ], [ -0.8152339, 41.6996497 ], [ -0.8152178, 41.6997677 ], [ -0.8152141, 41.7003034 ], [ -0.8152146, 41.700929 ], [ -0.8152115, 41.7013336 ], [ -0.8152083, 41.7015739 ], [ -0.8151988, 41.7018449 ], [ -0.8151854, 41.7019665 ], [ -0.8151348, 41.7022515 ], [ -0.8149309, 41.7031927 ], [ -0.8147413, 41.7040676 ], [ -0.8146868, 41.7043187 ], [ -0.8145324, 41.7050422 ], [ -0.8144551, 41.7054048 ], [ -0.8144044, 41.7056424 ], [ -0.8142502, 41.7063664 ], [ -0.8141801, 41.7066954 ], [ -0.8140913, 41.7071117 ], [ -0.8140598, 41.7072243 ], [ -0.8140111, 41.7073649 ], [ -0.8139458, 41.7075283 ], [ -0.8138551, 41.7077552 ], [ -0.8137894, 41.7079196 ], [ -0.8137453, 41.7080427 ], [ -0.8137094, 41.7081374 ], [ -0.8136324, 41.7083309 ], [ -0.8135822, 41.7084593 ], [ -0.8134121, 41.7088848 ], [ -0.8131999, 41.7094194 ], [ -0.8131604, 41.7095273 ], [ -0.8128748, 41.7102549 ], [ -0.8128165, 41.7104025 ], [ -0.8126532, 41.7108165 ], [ -0.8125527, 41.7110846 ], [ -0.8124916, 41.7112111 ], [ -0.8123842, 41.7114434 ], [ -0.8121559, 41.71192 ], [ -0.8120194, 41.7122016 ], [ -0.8119695, 41.7122923 ], [ -0.8118839, 41.7124766 ], [ -0.8118383, 41.7125642 ], [ -0.8115344, 41.7132067 ], [ -0.8114675, 41.7133559 ], [ -0.8114198, 41.7134668 ], [ -0.8113539, 41.7136329 ], [ -0.8113008, 41.7138042 ], [ -0.8111204, 41.7143818 ], [ -0.8110464, 41.7146189 ], [ -0.8107123, 41.714585 ], [ -0.8107514, 41.7150053 ], [ -0.8108443, 41.7153215 ], [ -0.8108715, 41.7154128 ], [ -0.810857, 41.7158987 ], [ -0.8107128, 41.7162706 ], [ -0.8105578, 41.7166546 ], [ -0.810282, 41.7171191 ], [ -0.8100735, 41.7174705 ], [ -0.8101078, 41.7179722 ], [ -0.8101203, 41.7181149 ], [ -0.8101931, 41.718908 ], [ -0.810203, 41.7190157 ], [ -0.8102086, 41.7193423 ], [ -0.8101937, 41.7198554 ], [ -0.8102609, 41.7202583 ], [ -0.8103201, 41.7205869 ], [ -0.8103487, 41.720749 ], [ -0.8104072, 41.7210811 ], [ -0.8104865, 41.7215137 ], [ -0.810519, 41.7216939 ], [ -0.8105845, 41.7220575 ], [ -0.8106539, 41.7224425 ], [ -0.8106847, 41.7226271 ], [ -0.810725, 41.7229124 ], [ -0.8107588, 41.7231026 ], [ -0.8107838, 41.72328 ], [ -0.810777, 41.7234329 ], [ -0.8107716, 41.7235271 ], [ -0.8107176, 41.7238683 ], [ -0.810693, 41.723986 ], [ -0.8105645, 41.7243572 ], [ -0.8105197, 41.7245592 ], [ -0.8104604, 41.7248344 ], [ -0.8103818, 41.7251115 ], [ -0.8102937, 41.725437 ], [ -0.8101085, 41.7261716 ], [ -0.8101458, 41.7262126 ], [ -0.8106309, 41.7262001 ], [ -0.8132945, 41.7261584 ], [ -0.8141282, 41.7261228 ], [ -0.8144675, 41.7260984 ], [ -0.8147442, 41.7260966 ], [ -0.8155995, 41.7249178 ], [ -0.815922, 41.7244734 ], [ -0.8163376, 41.723905 ], [ -0.8175121, 41.724063 ], [ -0.8174637, 41.7241248 ], [ -0.8174257, 41.7241889 ], [ -0.8173844, 41.7242306 ], [ -0.8173358, 41.7243027 ], [ -0.8173, 41.7243944 ], [ -0.8172833, 41.7244994 ], [ -0.817284, 41.7246351 ], [ -0.8172948, 41.7248195 ], [ -0.8172921, 41.7248779 ], [ -0.8172799, 41.7249485 ], [ -0.8172522, 41.7250314 ], [ -0.8172216, 41.7250938 ], [ -0.8171897, 41.7251501 ], [ -0.8171347, 41.7252354 ], [ -0.8170541, 41.7253604 ], [ -0.8170017, 41.7254493 ] ] ] } },
{ "type": "Feature", "properties": { "CCAA": "02 - Aragón", "PROVINCIA": "50 - Zaragoza", "MUNICIPIO": "50297 - Zaragoza", "COD_MUNICIPIO": "50297", "DISTRITO": "08", "SECCION": "5029708005", "V1_H": 80.85, "V1_M": 86.44, "V2_H": 80.47892397, "V2_M": 86.23437891, "V3_H": 81.22204479, "V3_M": 86.80010662 }, "geometry": { "type": "Polygon", "coordinates": [ [ [ -0.9448712, 41.6614091 ], [ -0.9450539, 41.6613841 ], [ -0.9454405, 41.6614196 ], [ -0.9459089, 41.6614804 ], [ -0.9462056, 41.6615429 ], [ -0.9463881, 41.6615986 ], [ -0.9466027, 41.6616453 ], [ -0.9465741, 41.6617449 ], [ -0.9464412, 41.6619284 ], [ -0.9463022, 41.6621022 ], [ -0.9463541, 41.66227 ], [ -0.9465174, 41.6623301 ], [ -0.94678, 41.6624682 ], [ -0.947727, 41.6627258 ], [ -0.9478283, 41.6627502 ], [ -0.9486734, 41.6629904 ], [ -0.9488462, 41.6630341 ], [ -0.9493462, 41.6631736 ], [ -0.9498182, 41.6632496 ], [ -0.9502418, 41.6633382 ], [ -0.9511116, 41.6635563 ], [ -0.9515403, 41.6636721 ], [ -0.9519371, 41.6636611 ], [ -0.9521639, 41.6637057 ], [ -0.952431, 41.6638051 ], [ -0.9527392, 41.6639321 ], [ -0.952822, 41.6639741 ], [ -0.9530659, 41.664046 ], [ -0.9533023, 41.6641243 ], [ -0.955592, 41.6639741 ], [ -0.9558241, 41.6640061 ], [ -0.9560395, 41.6640179 ], [ -0.9562407, 41.6641116 ], [ -0.9563969, 41.664299 ], [ -0.9564841, 41.6645798 ], [ -0.9566076, 41.664663 ], [ -0.9573497, 41.6647438 ], [ -0.9582732, 41.6647872 ], [ -0.9587785, 41.6649493 ], [ -0.9588916, 41.6649828 ], [ -0.9598194, 41.6652695 ], [ -0.9604435, 41.6654743 ], [ -0.9607225, 41.6655783 ], [ -0.9608405, 41.6656434 ], [ -0.9612054, 41.6658796 ], [ -0.9626, 41.6664087 ], [ -0.9627492, 41.6664383 ], [ -0.9637692, 41.6666591 ], [ -0.9642542, 41.6668005 ], [ -0.9641453, 41.6669224 ], [ -0.9644935, 41.6671177 ], [ -0.9645818, 41.6671734 ], [ -0.9649961, 41.6673653 ], [ -0.9651638, 41.6673818 ], [ -0.9655952, 41.667412 ], [ -0.9661698, 41.6674762 ], [ -0.9667024, 41.6675351 ], [ -0.9669724, 41.6675444 ], [ -0.967367, 41.667601 ], [ -0.9677373, 41.667754 ], [ -0.9680362, 41.667901 ], [ -0.9682569, 41.6679499 ], [ -0.9687818, 41.6680628 ], [ -0.9695272, 41.6682336 ], [ -0.9696987, 41.6683177 ], [ -0.9698119, 41.6682737 ], [ -0.9700623, 41.6682053 ], [ -0.9701966, 41.6680539 ], [ -0.9704291, 41.6678638 ], [ -0.970696, 41.6679575 ], [ -0.9709975, 41.6679791 ], [ -0.9713858, 41.6679859 ], [ -0.9717008, 41.6679187 ], [ -0.9718567, 41.6677676 ], [ -0.9718918, 41.6676793 ], [ -0.9718918, 41.6676792 ], [ -0.9718699, 41.6673471 ], [ -0.9719153, 41.6672751 ], [ -0.9720019, 41.6672685 ], [ -0.972252, 41.6672082 ], [ -0.9723107, 41.6670555 ], [ -0.9723474, 41.6669186 ], [ -0.972607, 41.6668989 ], [ -0.9729387, 41.6666458 ], [ -0.9734663, 41.6663395 ], [ -0.9734933, 41.6662996 ], [ -0.9735795, 41.6661716 ], [ -0.9735341, 41.6658997 ], [ -0.9733116, 41.6657663 ], [ -0.9730458, 41.6656403 ], [ -0.9728876, 41.6655242 ], [ -0.9726143, 41.6652927 ], [ -0.9723315, 41.6650208 ], [ -0.9723029, 41.6648988 ], [ -0.9723424, 41.664673 ], [ -0.9724104, 41.664569 ], [ -0.9727152, 41.6644853 ], [ -0.9729768, 41.664401 ], [ -0.9730012, 41.6643124 ], [ -0.9730083, 41.6640859 ], [ -0.9729474, 41.6639635 ], [ -0.9727315, 41.6636198 ], [ -0.9726021, 41.6632736 ], [ -0.972575, 41.6627633 ], [ -0.9726049, 41.6624968 ], [ -0.9728643, 41.6624853 ], [ -0.9729744, 41.6624143 ], [ -0.9729612, 41.6621471 ], [ -0.9729986, 41.6619859 ], [ -0.9730245, 41.6618488 ], [ -0.9728538, 41.6611013 ], [ -0.9735568, 41.661049 ], [ -0.9741728, 41.6610194 ], [ -0.9749793, 41.6611065 ], [ -0.9758188, 41.6611779 ], [ -0.9776866, 41.66149 ], [ -0.9781493, 41.6615305 ], [ -0.9787846, 41.661574 ], [ -0.9792255, 41.6616222 ], [ -0.9797314, 41.6616635 ], [ -0.9802483, 41.6616969 ], [ -0.9806898, 41.6617289 ], [ -0.981863, 41.6618224 ], [ -0.9819806, 41.661169 ], [ -0.9821447, 41.6604032 ], [ -0.9822092, 41.6600685 ], [ -0.9823229, 41.6595364 ], [ -0.9825825, 41.658481 ], [ -0.9825825, 41.6584809 ], [ -0.9826938, 41.6583696 ], [ -0.983965, 41.6577446 ], [ -0.9842244, 41.6573849 ], [ -0.9844384, 41.6570974 ], [ -0.9845889, 41.6571162 ], [ -0.9849864, 41.6571718 ], [ -0.9854247, 41.6559794 ], [ -0.9838324, 41.6556217 ], [ -0.9816456, 41.6547223 ], [ -0.9798328, 41.6539612 ], [ -0.9781136, 41.6527966 ], [ -0.9757648, 41.6519044 ], [ -0.9731819, 41.6507245 ], [ -0.9717646, 41.6502741 ], [ -0.9703473, 41.6498236 ], [ -0.9687532, 41.6489852 ], [ -0.9671591, 41.6481467 ], [ -0.9655575, 41.6471017 ], [ -0.9650428, 41.6467419 ], [ -0.9642573, 41.6459582 ], [ -0.9633626, 41.6452131 ], [ -0.962732, 41.644655 ], [ -0.9613168, 41.6441437 ], [ -0.9598213, 41.6436107 ], [ -0.95704, 41.642751 ], [ -0.9562412, 41.6423924 ], [ -0.9557295, 41.641492 ], [ -0.954943, 41.6401032 ], [ -0.9548917, 41.6401051 ], [ -0.9548405, 41.6401071 ], [ -0.9548404, 41.6401071 ], [ -0.9548353, 41.6401073 ], [ -0.9548352, 41.6401073 ], [ -0.9548319, 41.6401075 ], [ -0.9547996, 41.6401087 ], [ -0.9540559, 41.6401377 ], [ -0.9538308, 41.6401464 ], [ -0.950191, 41.6407059 ], [ -0.9478024, 41.6410259 ], [ -0.9473977, 41.6410801 ], [ -0.946861, 41.641054 ], [ -0.9468587, 41.6410539 ], [ -0.9468358, 41.6410613 ], [ -0.9447101, 41.6416774 ], [ -0.9445131, 41.6417297 ], [ -0.9443524, 41.6417721 ], [ -0.9441066, 41.6418369 ], [ -0.9435783, 41.6420011 ], [ -0.9427835, 41.642255 ], [ -0.9420977, 41.6424795 ], [ -0.9417985, 41.6425775 ], [ -0.9410675, 41.6428168 ], [ -0.9402337, 41.6430891 ], [ -0.9396603, 41.6432764 ], [ -0.9393545, 41.6433763 ], [ -0.938874, 41.6435333 ], [ -0.9383678, 41.6436986 ], [ -0.9383632, 41.643698 ], [ -0.9382431, 41.6437393 ], [ -0.9377345, 41.6439054 ], [ -0.9368062, 41.6442086 ], [ -0.9364096, 41.6443381 ], [ -0.935959, 41.6444852 ], [ -0.9358571, 41.6445178 ], [ -0.935608, 41.6445972 ], [ -0.9352083, 41.6447246 ], [ -0.9349031, 41.6448202 ], [ -0.9346842, 41.6448723 ], [ -0.9346592, 41.6448782 ], [ -0.9346583, 41.6448784 ], [ -0.9345076, 41.6449133 ], [ -0.9343842, 41.6449312 ], [ -0.9346092, 41.6472389 ], [ -0.9346064, 41.6473983 ], [ -0.9346005, 41.647742 ], [ -0.9345946, 41.6480792 ], [ -0.9345932, 41.6481589 ], [ -0.9345878, 41.6484713 ], [ -0.9345869, 41.6485236 ], [ -0.9345816, 41.6488296 ], [ -0.9345811, 41.6488601 ], [ -0.9345803, 41.6489045 ], [ -0.9347859, 41.6490886 ], [ -0.9349876, 41.6503817 ], [ -0.9350258, 41.650944 ], [ -0.9350847, 41.6515835 ], [ -0.9351193, 41.6522057 ], [ -0.9353535, 41.6527251 ], [ -0.9357167, 41.6533042 ], [ -0.9362631, 41.6539519 ], [ -0.9374212, 41.6555921 ], [ -0.9377533, 41.6561559 ], [ -0.937806, 41.6566239 ], [ -0.9378938, 41.6574038 ], [ -0.9380548, 41.6588325 ], [ -0.9382645, 41.6588013 ], [ -0.9385138, 41.658769 ], [ -0.9387864, 41.6587334 ], [ -0.9389519, 41.6587214 ], [ -0.93974, 41.6587064 ], [ -0.9402346, 41.658692 ], [ -0.9406984, 41.6586752 ], [ -0.9408896, 41.6586675 ], [ -0.9411147, 41.6586775 ], [ -0.9416106, 41.6587035 ], [ -0.9425801, 41.6587676 ], [ -0.9428249, 41.6587822 ], [ -0.9429913, 41.6587966 ], [ -0.9431277, 41.6588085 ], [ -0.9432203, 41.6588181 ], [ -0.9439779, 41.6589063 ], [ -0.9443943, 41.658955 ], [ -0.9445928, 41.6589812 ], [ -0.9450994, 41.659026 ], [ -0.9451467, 41.6590435 ], [ -0.9462191, 41.6591996 ], [ -0.9471724, 41.6594023 ], [ -0.9478551, 41.6594067 ], [ -0.9486184, 41.6594117 ], [ -0.9491138, 41.6594726 ], [ -0.9495441, 41.6595844 ], [ -0.9488367, 41.6598375 ], [ -0.9448712, 41.6614091 ] ] ] } },
{ "type": "Feature", "properties": { "CCAA": "02 - Aragón", "PROVINCIA": "50 - Zaragoza", "MUNICIPIO": "50297 - Zaragoza", "COD_MUNICIPIO": "50297", "DISTRITO": "10", "SECCION": "5029710085", "V1_H": 80.56, "V1_M": 86.09, "V2_H": 80.29410508, "V2_M": 85.89209003000001, "V3_H": 80.91212464, "V3_M": 86.35342073 }, "geometry": { "type": "Polygon", "coordinates": [ [ [ -0.8705679, 41.6916923 ], [ -0.8719103, 41.691866 ], [ -0.8724654, 41.6921932 ], [ -0.8730628, 41.6924926 ], [ -0.873466, 41.6922189 ], [ -0.8742032, 41.6919418 ], [ -0.8748628, 41.6917992 ], [ -0.8749185, 41.6917501 ], [ -0.8749595, 41.6916627 ], [ -0.8752893, 41.6914949 ], [ -0.8755072, 41.691404 ], [ -0.8766485, 41.6908244 ], [ -0.8776143, 41.6906772 ], [ -0.8775819, 41.6881644 ], [ -0.8775151, 41.6881617 ], [ -0.8755476, 41.6880815 ], [ -0.8755897, 41.6868042 ], [ -0.8727636, 41.6867142 ], [ -0.8718258, 41.688057 ], [ -0.8711235, 41.6896043 ], [ -0.8706954, 41.6910982 ], [ -0.8705679, 41.6916923 ] ] ] } },
{ "type": "Feature", "properties": { "CCAA": "02 - Aragón", "PROVINCIA": "50 - Zaragoza", "MUNICIPIO": "50297 - Zaragoza", "COD_MUNICIPIO": "50297", "DISTRITO": "11", "SECCION": "5029711004", "V1_H": 80.55, "V1_M": 86.21, "V2_H": 80.25181467, "V2_M": 85.94546636, "V3_H": 81.01047082, "V3_M": 86.65561049 }, "geometry": { "type": "Polygon", "coordinates": [ [ [ -0.8010629, 41.716505 ], [ -0.8009937, 41.7165131 ], [ -0.8007776, 41.7165237 ], [ -0.8001718, 41.7164533 ], [ -0.7995972, 41.7166186 ], [ -0.7990593, 41.7168582 ], [ -0.7970314, 41.7164959 ], [ -0.7956826, 41.7163524 ], [ -0.7949602, 41.7162504 ], [ -0.7944339, 41.7161521 ], [ -0.7940996, 41.716175 ], [ -0.7937, 41.7158146 ], [ -0.7935718, 41.7155475 ], [ -0.7931566, 41.7150691 ], [ -0.7930005, 41.7150441 ], [ -0.7918544, 41.7152867 ], [ -0.7922716, 41.7162795 ], [ -0.792172, 41.7163217 ], [ -0.7913527, 41.7161883 ], [ -0.7907499, 41.7160297 ], [ -0.7903246, 41.7158452 ], [ -0.7898405, 41.7156595 ], [ -0.7892986, 41.7154433 ], [ -0.7886135, 41.7154007 ], [ -0.7883138, 41.7152449 ], [ -0.7883051, 41.7152403 ], [ -0.7884433, 41.7157869 ], [ -0.7884714, 41.7161108 ], [ -0.7885991, 41.7163926 ], [ -0.7885744, 41.7171123 ], [ -0.7889659, 41.7177078 ], [ -0.7892072, 41.7181094 ], [ -0.7889206, 41.7184566 ], [ -0.7886692, 41.7189221 ], [ -0.7880493, 41.7192629 ], [ -0.7877658, 41.719522 ], [ -0.7866265, 41.7201322 ], [ -0.7858299, 41.7204769 ], [ -0.7846203, 41.7208505 ], [ -0.7842226, 41.7210045 ], [ -0.7839079, 41.7210278 ], [ -0.7835534, 41.7210651 ], [ -0.7831145, 41.7212771 ], [ -0.7827365, 41.7214294 ], [ -0.7827243, 41.721784 ], [ -0.7822793, 41.7221723 ], [ -0.7815759, 41.7226584 ], [ -0.7814702, 41.7228769 ], [ -0.7809865, 41.7232497 ], [ -0.780071, 41.7241948 ], [ -0.7796522, 41.7243925 ], [ -0.7793062, 41.7247533 ], [ -0.7791222, 41.7249702 ], [ -0.7790703, 41.7253366 ], [ -0.7789817, 41.7256289 ], [ -0.7790918, 41.7258515 ], [ -0.779415, 41.7261517 ], [ -0.7798317, 41.7265861 ], [ -0.7801262, 41.7271503 ], [ -0.7801492, 41.7276211 ], [ -0.78012, 41.7278999 ], [ -0.7807941, 41.7282657 ], [ -0.7814553, 41.7284402 ], [ -0.7824322, 41.7285619 ], [ -0.783039, 41.7286031 ], [ -0.7827182, 41.7288026 ], [ -0.7817931, 41.7288876 ], [ -0.7810052, 41.7289753 ], [ -0.7802595, 41.7289756 ], [ -0.7799432, 41.7290429 ], [ -0.7797627, 41.7291571 ], [ -0.7795132, 41.7295638 ], [ -0.779254, 41.7296837 ], [ -0.778902, 41.7296475 ], [ -0.7785913, 41.7295533 ], [ -0.7782615, 41.729444 ], [ -0.7781222, 41.7295001 ], [ -0.7779779, 41.7297031 ], [ -0.7777194, 41.729801 ], [ -0.7768339, 41.729872 ], [ -0.776384, 41.7298339 ], [ -0.7758204, 41.729676 ], [ -0.7750961, 41.7301911 ], [ -0.7747356, 41.7304047 ], [ -0.7740075, 41.730464 ], [ -0.7736319, 41.730545 ], [ -0.7734679, 41.7307475 ], [ -0.773694, 41.7310165 ], [ -0.7740023, 41.7311842 ], [ -0.7748987, 41.7313632 ], [ -0.7772536, 41.7324966 ], [ -0.7782752, 41.7330308 ], [ -0.778424, 41.7332689 ], [ -0.778542, 41.7338298 ], [ -0.7786857, 41.7342147 ], [ -0.7789824, 41.7352861 ], [ -0.7789917, 41.7361535 ], [ -0.7791086, 41.737317 ], [ -0.7792372, 41.7375694 ], [ -0.7797746, 41.7384911 ], [ -0.7788126, 41.7385019 ], [ -0.7776127, 41.7385816 ], [ -0.7764928, 41.7386187 ], [ -0.7753512, 41.7387141 ], [ -0.7746774, 41.7389068 ], [ -0.7738404, 41.7392728 ], [ -0.7730038, 41.7396314 ], [ -0.7720779, 41.739731 ], [ -0.771486, 41.7398224 ], [ -0.7705887, 41.7402312 ], [ -0.7700903, 41.7404567 ], [ -0.7694454, 41.740944 ], [ -0.7688287, 41.7411819 ], [ -0.768358, 41.7411727 ], [ -0.7675952, 41.7410991 ], [ -0.7670621, 41.7411916 ], [ -0.7663293, 41.7413831 ], [ -0.7652878, 41.7414217 ], [ -0.7646576, 41.7414829 ], [ -0.7638553, 41.7419817 ], [ -0.7634011, 41.742061 ], [ -0.7629304, 41.7420519 ], [ -0.7624339, 41.7422186 ], [ -0.7614617, 41.742523 ], [ -0.7611458, 41.7425756 ], [ -0.7606122, 41.7426828 ], [ -0.759031, 41.7424388 ], [ -0.7583563, 41.7420876 ], [ -0.7578112, 41.7419593 ], [ -0.7574556, 41.7420259 ], [ -0.7569736, 41.7423399 ], [ -0.756631, 41.7425977 ], [ -0.7563348, 41.7426508 ], [ -0.7546445, 41.7427206 ], [ -0.7534858, 41.742742 ], [ -0.753171, 41.7427652 ], [ -0.7526373, 41.7428724 ], [ -0.7521987, 41.7430696 ], [ -0.7512619, 41.7434775 ], [ -0.7508819, 41.7436832 ], [ -0.7501923, 41.7437579 ], [ -0.7497371, 41.7438665 ], [ -0.7492412, 41.7440185 ], [ -0.7485449, 41.7442841 ], [ -0.748066, 41.7445099 ], [ -0.7477212, 41.7442679 ], [ -0.7471064, 41.7438884 ], [ -0.7467177, 41.7437779 ], [ -0.7461355, 41.7435901 ], [ -0.7458589, 41.7436434 ], [ -0.7453355, 41.7440153 ], [ -0.7449753, 41.744214 ], [ -0.7442316, 41.7441553 ], [ -0.7434078, 41.7441391 ], [ -0.7430388, 41.744029 ], [ -0.7422733, 41.7440286 ], [ -0.7420452, 41.7438183 ], [ -0.7420911, 41.7436282 ], [ -0.7421597, 41.7433502 ], [ -0.7421298, 41.7430851 ], [ -0.741939, 41.742927 ], [ -0.7417058, 41.7428636 ], [ -0.7414725, 41.7428002 ], [ -0.7412609, 41.7426784 ], [ -0.7411168, 41.7423081 ], [ -0.7408943, 41.7419363 ], [ -0.7406368, 41.7414462 ], [ -0.7404691, 41.741193 ], [ -0.7395344, 41.7404249 ], [ -0.7392309, 41.740125 ], [ -0.7389831, 41.7399143 ], [ -0.7387153, 41.7391594 ], [ -0.738258, 41.7387682 ], [ -0.7373533, 41.7382653 ], [ -0.7370658, 41.7380685 ], [ -0.7366646, 41.7383179 ], [ -0.7364602, 41.738549 ], [ -0.7363193, 41.7386491 ], [ -0.7363105, 41.7388988 ], [ -0.7357991, 41.7389328 ], [ -0.7344067, 41.7389054 ], [ -0.7334039, 41.7389591 ], [ -0.7324589, 41.7390433 ], [ -0.731628, 41.7392327 ], [ -0.7309359, 41.7393807 ], [ -0.7299316, 41.7394784 ], [ -0.7288312, 41.7395154 ], [ -0.7269805, 41.7396846 ], [ -0.7257019, 41.7397695 ], [ -0.7252905, 41.7397466 ], [ -0.7250976, 41.7396546 ], [ -0.7247388, 41.7398092 ], [ -0.7239688, 41.7399409 ], [ -0.7236921, 41.7399942 ], [ -0.7232617, 41.7399563 ], [ -0.7227513, 41.7399609 ], [ -0.7222652, 41.7398336 ], [ -0.7215262, 41.7396426 ], [ -0.7210699, 41.7397805 ], [ -0.720832, 41.7398493 ], [ -0.7205961, 41.7398593 ], [ -0.7196398, 41.739708 ], [ -0.7191655, 41.7398015 ], [ -0.7188057, 41.7399854 ], [ -0.7183882, 41.7401388 ], [ -0.7180465, 41.7403672 ], [ -0.7174158, 41.7404428 ], [ -0.7170745, 41.7406565 ], [ -0.7165165, 41.7408953 ], [ -0.7160216, 41.7410178 ], [ -0.7155922, 41.7409504 ], [ -0.7153365, 41.7409673 ], [ -0.7144869, 41.7411268 ], [ -0.7141302, 41.7412226 ], [ -0.7138211, 41.7410842 ], [ -0.7135327, 41.7409167 ], [ -0.7133057, 41.7406771 ], [ -0.7126101, 41.7403692 ], [ -0.7126591, 41.7406494 ], [ -0.7127864, 41.7409313 ], [ -0.7129328, 41.7412282 ], [ -0.7130943, 41.7416577 ], [ -0.7130286, 41.7418474 ], [ -0.7126725, 41.7419285 ], [ -0.7118531, 41.7421473 ], [ -0.7118166, 41.7423856 ], [ -0.7120357, 41.7424076 ], [ -0.7131923, 41.7420073 ], [ -0.7127962, 41.7433414 ], [ -0.7125848, 41.744553 ], [ -0.7126444, 41.7459232 ], [ -0.712608, 41.7469492 ], [ -0.7114982, 41.7500882 ], [ -0.7111645, 41.7510183 ], [ -0.7111678, 41.7512615 ], [ -0.7133918, 41.7541179 ], [ -0.7136039, 41.7543046 ], [ -0.7137914, 41.7544434 ], [ -0.7143073, 41.7548184 ], [ -0.7152572, 41.7555038 ], [ -0.715539, 41.7556985 ], [ -0.7158436, 41.7559253 ], [ -0.7160905, 41.7560878 ], [ -0.716337, 41.7562593 ], [ -0.7167292, 41.7565598 ], [ -0.7162904, 41.7568933 ], [ -0.7149798, 41.7578984 ], [ -0.7148162, 41.7579312 ], [ -0.7145625, 41.7579847 ], [ -0.7140541, 41.7579766 ], [ -0.7134819, 41.7582333 ], [ -0.7124093, 41.7582931 ], [ -0.7087442, 41.7588684 ], [ -0.7078897, 41.7592206 ], [ -0.7073232, 41.7592543 ], [ -0.7067601, 41.759189 ], [ -0.7044295, 41.7580977 ], [ -0.7027606, 41.7586857 ], [ -0.7018859, 41.7592813 ], [ -0.7015937, 41.7594803 ], [ -0.7009361, 41.7599281 ], [ -0.6976097, 41.7617887 ], [ -0.6952845, 41.7622284 ], [ -0.6945264, 41.7629066 ], [ -0.6927527, 41.7647352 ], [ -0.6916183, 41.7656313 ], [ -0.6915519, 41.7656838 ], [ -0.6912013, 41.766064 ], [ -0.6911583, 41.766173 ], [ -0.6905796, 41.7676366 ], [ -0.6901424, 41.7684203 ], [ -0.689698, 41.7698731 ], [ -0.6899349, 41.7701904 ], [ -0.6902378, 41.7706333 ], [ -0.6905132, 41.7710036 ], [ -0.6908051, 41.7714192 ], [ -0.6910664, 41.7718478 ], [ -0.6913708, 41.7722502 ], [ -0.6915879, 41.7725697 ], [ -0.6916599, 41.7727423 ], [ -0.6917875, 41.7730421 ], [ -0.6919168, 41.7732969 ], [ -0.6919954, 41.7734516 ], [ -0.6922059, 41.7739556 ], [ -0.6924125, 41.7744011 ], [ -0.6925578, 41.7747102 ], [ -0.6927967, 41.7749267 ], [ -0.6931682, 41.7753034 ], [ -0.6934474, 41.7755702 ], [ -0.6937082, 41.7758456 ], [ -0.6939196, 41.7759895 ], [ -0.6940729, 41.7760781 ], [ -0.6944721, 41.7763518 ], [ -0.695296, 41.7768637 ], [ -0.6961304, 41.7774163 ], [ -0.696466, 41.7776212 ], [ -0.6965835, 41.7777001 ], [ -0.6967948, 41.7778484 ], [ -0.6970603, 41.7779933 ], [ -0.6976867, 41.7783076 ], [ -0.6983496, 41.7786136 ], [ -0.6991723, 41.7789903 ], [ -0.6996031, 41.7792242 ], [ -0.6998354, 41.7794584 ], [ -0.700038, 41.7796787 ], [ -0.700091, 41.7797112 ], [ -0.7006407, 41.7798168 ], [ -0.7008466, 41.7799471 ], [ -0.7013786, 41.7802144 ], [ -0.7019883, 41.7804923 ], [ -0.7024634, 41.7806639 ], [ -0.7028092, 41.7807519 ], [ -0.7031043, 41.7807443 ], [ -0.703509, 41.7806983 ], [ -0.7036328, 41.7806018 ], [ -0.7038057, 41.7804791 ], [ -0.703918, 41.7803643 ], [ -0.7040035, 41.78033 ], [ -0.7041788, 41.7803065 ], [ -0.7043577, 41.7803506 ], [ -0.7045654, 41.7804313 ], [ -0.704787, 41.7804582 ], [ -0.7050773, 41.7804145 ], [ -0.7052487, 41.7803324 ], [ -0.7053755, 41.7803214 ], [ -0.7055935, 41.7802807 ], [ -0.7059648, 41.7803287 ], [ -0.7065509, 41.7804259 ], [ -0.7071673, 41.7805193 ], [ -0.7074645, 41.7806198 ], [ -0.7075891, 41.7806673 ], [ -0.7078378, 41.7807804 ], [ -0.7080499, 41.7809062 ], [ -0.708298, 41.7810327 ], [ -0.7085875, 41.7811826 ], [ -0.7087629, 41.7813257 ], [ -0.7089429, 41.7815094 ], [ -0.7090295, 41.7816102 ], [ -0.7092117, 41.7817309 ], [ -0.7093809, 41.7818784 ], [ -0.7095223, 41.7819623 ], [ -0.709696, 41.7821549 ], [ -0.7100579, 41.7826349 ], [ -0.7101483, 41.7827988 ], [ -0.7103709, 41.7831365 ], [ -0.7105935, 41.7834742 ], [ -0.710827, 41.783677 ], [ -0.7109153, 41.7838994 ], [ -0.7110818, 41.7842945 ], [ -0.7112849, 41.7846723 ], [ -0.7114651, 41.7850181 ], [ -0.7116915, 41.7852523 ], [ -0.7118695, 41.78549 ], [ -0.7120045, 41.7855872 ], [ -0.7121656, 41.785622 ], [ -0.712417, 41.7856585 ], [ -0.7126014, 41.7857207 ], [ -0.7127849, 41.7858054 ], [ -0.7129313, 41.7859164 ], [ -0.7131738, 41.7860338 ], [ -0.7137226, 41.7863375 ], [ -0.7139989, 41.7865186 ], [ -0.7142664, 41.7866095 ], [ -0.7146882, 41.786762 ], [ -0.7148934, 41.7869147 ], [ -0.7151762, 41.7870824 ], [ -0.7154773, 41.787246 ], [ -0.7158576, 41.7873797 ], [ -0.7162392, 41.7874773 ], [ -0.7164007, 41.7873365 ], [ -0.7165814, 41.7871599 ], [ -0.7168826, 41.7869813 ], [ -0.7172168, 41.7868889 ], [ -0.7176113, 41.7867931 ], [ -0.7179546, 41.786782 ], [ -0.7183396, 41.7867851 ], [ -0.7185665, 41.7868347 ], [ -0.7187981, 41.7869203 ], [ -0.7190874, 41.7870747 ], [ -0.7194654, 41.7872758 ], [ -0.719831, 41.7874857 ], [ -0.7201587, 41.7877444 ], [ -0.7202897, 41.7879541 ], [ -0.7204562, 41.7881781 ], [ -0.7206347, 41.7884068 ], [ -0.7208147, 41.7885905 ], [ -0.7209392, 41.7886425 ], [ -0.7211314, 41.7886508 ], [ -0.7215335, 41.7886813 ], [ -0.7217613, 41.7887039 ], [ -0.7220075, 41.7887177 ], [ -0.7221928, 41.7887529 ], [ -0.722563, 41.7888324 ], [ -0.7227903, 41.7888729 ], [ -0.7231801, 41.7889076 ], [ -0.7236781, 41.788949 ], [ -0.7240542, 41.7890331 ], [ -0.7245599, 41.7891962 ], [ -0.7250589, 41.7893772 ], [ -0.7254736, 41.789561 ], [ -0.725762, 41.7897424 ], [ -0.7258431, 41.7898295 ], [ -0.7259893, 41.7899495 ], [ -0.7261407, 41.7900921 ], [ -0.7263492, 41.7901503 ], [ -0.7265815, 41.7902179 ], [ -0.7267749, 41.7903658 ], [ -0.726913, 41.7905442 ], [ -0.7271309, 41.7908457 ], [ -0.727342, 41.791003 ], [ -0.727763, 41.7913491 ], [ -0.7283476, 41.7918335 ], [ -0.728764, 41.7921389 ], [ -0.7291287, 41.7923758 ], [ -0.7295757, 41.7926683 ], [ -0.7299612, 41.7928291 ], [ -0.7304016, 41.7929684 ], [ -0.7308492, 41.7930718 ], [ -0.7312209, 41.7931107 ], [ -0.7316966, 41.793102 ], [ -0.7319919, 41.7930899 ], [ -0.7322686, 41.7930909 ], [ -0.7325035, 41.7930865 ], [ -0.7328405, 41.7930841 ], [ -0.7331133, 41.7930265 ], [ -0.7332774, 41.7929802 ], [ -0.7334173, 41.7929379 ], [ -0.733587, 41.7929052 ], [ -0.7337316, 41.7928991 ], [ -0.7340397, 41.7928646 ], [ -0.734331, 41.7927938 ], [ -0.7345284, 41.7926582 ], [ -0.7346455, 41.7925794 ], [ -0.7347102, 41.7924501 ], [ -0.7348317, 41.7922453 ], [ -0.7350006, 41.7918929 ], [ -0.7352348, 41.7915643 ], [ -0.7354787, 41.7913035 ], [ -0.7356968, 41.7910916 ], [ -0.735836, 41.7908962 ], [ -0.7360136, 41.7906386 ], [ -0.7361948, 41.7904485 ], [ -0.7363065, 41.7903516 ], [ -0.7367578, 41.7901804 ], [ -0.7372624, 41.7898616 ], [ -0.7382359, 41.7898988 ], [ -0.7384987, 41.7899535 ], [ -0.7388982, 41.790056 ], [ -0.7392922, 41.7901448 ], [ -0.7397054, 41.7900314 ], [ -0.7402826, 41.7898716 ], [ -0.7409865, 41.7897053 ], [ -0.741502, 41.7895894 ], [ -0.7421079, 41.7894707 ], [ -0.7429799, 41.7893123 ], [ -0.7433515, 41.7893511 ], [ -0.743933, 41.7894121 ], [ -0.7447844, 41.7895008 ], [ -0.7450505, 41.789461 ], [ -0.7453896, 41.7894002 ], [ -0.7459774, 41.7892811 ], [ -0.7464862, 41.7891876 ], [ -0.7469399, 41.7891154 ], [ -0.747231, 41.7890536 ], [ -0.7477048, 41.7889233 ], [ -0.7487441, 41.7886284 ], [ -0.750026, 41.7882753 ], [ -0.7502209, 41.7882071 ], [ -0.750497, 41.7880549 ], [ -0.7509196, 41.7878425 ], [ -0.7513862, 41.7877481 ], [ -0.7518892, 41.7876454 ], [ -0.7522652, 41.7875627 ], [ -0.7525628, 41.787483 ], [ -0.752995, 41.7873383 ], [ -0.7534214, 41.787189 ], [ -0.753928, 41.7869828 ], [ -0.7542753, 41.786859 ], [ -0.7556691, 41.7869178 ], [ -0.7565393, 41.7871555 ], [ -0.7580811, 41.7867668 ], [ -0.7591969, 41.7865184 ], [ -0.7594879, 41.7864566 ], [ -0.7598951, 41.7863384 ], [ -0.7602067, 41.7862004 ], [ -0.7605173, 41.7860939 ], [ -0.7608104, 41.785969 ], [ -0.7610231, 41.7859101 ], [ -0.7613084, 41.7858392 ], [ -0.7617026, 41.7857478 ], [ -0.7621566, 41.7856711 ], [ -0.7626527, 41.7855907 ], [ -0.7631859, 41.785484 ], [ -0.7634216, 41.7854525 ], [ -0.763863, 41.7853891 ], [ -0.7641436, 41.785282 ], [ -0.7644359, 41.7851796 ], [ -0.7648313, 41.7850568 ], [ -0.7651834, 41.7849646 ], [ -0.7655647, 41.7848999 ], [ -0.7659943, 41.7848317 ], [ -0.7662735, 41.7847606 ], [ -0.7664149, 41.7846733 ], [ -0.7669794, 41.7847068 ], [ -0.767604, 41.784737 ], [ -0.7680777, 41.7847822 ], [ -0.768767, 41.7848586 ], [ -0.7691735, 41.7849341 ], [ -0.7696516, 41.785029 ], [ -0.7700157, 41.7851126 ], [ -0.7704291, 41.7851612 ], [ -0.7707888, 41.7851996 ], [ -0.7710011, 41.7851497 ], [ -0.7712992, 41.7850565 ], [ -0.7716504, 41.7849912 ], [ -0.7719045, 41.7849511 ], [ -0.7721564, 41.784974 ], [ -0.7725689, 41.7850496 ], [ -0.7729395, 41.7851198 ], [ -0.7730493, 41.7850769 ], [ -0.7741834, 41.7851665 ], [ -0.7750778, 41.7854 ], [ -0.7768677, 41.7858354 ], [ -0.7781568, 41.7861395 ], [ -0.7786392, 41.786284 ], [ -0.7787459, 41.7863311 ], [ -0.7790306, 41.7864492 ], [ -0.7797024, 41.7866828 ], [ -0.7806317, 41.786953 ], [ -0.7813242, 41.7871105 ], [ -0.7828181, 41.7874096 ], [ -0.7837563, 41.7875988 ], [ -0.7843404, 41.7877587 ], [ -0.7843914, 41.7877616 ], [ -0.7845806, 41.7877723 ], [ -0.7847883, 41.7876818 ], [ -0.7847947, 41.7876728 ], [ -0.7850855, 41.7872642 ], [ -0.7852535, 41.7872764 ], [ -0.7854363, 41.787309 ], [ -0.7855164, 41.7873311 ], [ -0.7856599, 41.7873563 ], [ -0.7861696, 41.7874067 ], [ -0.7867488, 41.7874707 ], [ -0.7870088, 41.7874994 ], [ -0.7879564, 41.7875898 ], [ -0.7895814, 41.7877517 ], [ -0.7912423, 41.7879187 ], [ -0.7920187, 41.7880143 ], [ -0.793585, 41.788207 ], [ -0.7936004, 41.7882838 ], [ -0.7936414, 41.7884918 ], [ -0.7937062, 41.7887092 ], [ -0.7936399, 41.788888 ], [ -0.7936477, 41.7890097 ], [ -0.7937211, 41.7891508 ], [ -0.7936653, 41.7893748 ], [ -0.7935649, 41.7896701 ], [ -0.793469, 41.7898349 ], [ -0.7932451, 41.7900467 ], [ -0.7929771, 41.7903162 ], [ -0.7926735, 41.7905716 ], [ -0.7924393, 41.7907337 ], [ -0.7923309, 41.7909117 ], [ -0.7921915, 41.7911162 ], [ -0.7920882, 41.7913213 ], [ -0.7920614, 41.791573 ], [ -0.7920525, 41.791834 ], [ -0.7919999, 41.7919636 ], [ -0.791923, 41.7921017 ], [ -0.7919196, 41.7922007 ], [ -0.7919394, 41.7923227 ], [ -0.7919406, 41.7924623 ], [ -0.791959, 41.7926293 ], [ -0.7920153, 41.7930772 ], [ -0.7920157, 41.7930807 ], [ -0.7920967, 41.7931768 ], [ -0.7920985, 41.7932984 ], [ -0.7921513, 41.7936867 ], [ -0.7922524, 41.7941967 ], [ -0.7922642, 41.7942563 ], [ -0.7923307, 41.7947709 ], [ -0.7923984, 41.7950784 ], [ -0.792401, 41.7953531 ], [ -0.7925014, 41.7954091 ], [ -0.7927673, 41.7955493 ], [ -0.7930065, 41.7957172 ], [ -0.7930377, 41.7957391 ], [ -0.7931473, 41.7957653 ], [ -0.7933659, 41.7958175 ], [ -0.7936826, 41.7958821 ], [ -0.7939446, 41.7959637 ], [ -0.7941285, 41.7960393 ], [ -0.79438, 41.7960757 ], [ -0.7947871, 41.7961375 ], [ -0.7950699, 41.7961384 ], [ -0.7951905, 41.7961317 ], [ -0.7960314, 41.7967063 ], [ -0.7961493, 41.7967761 ], [ -0.7963427, 41.7969284 ], [ -0.7965826, 41.7971267 ], [ -0.7967658, 41.7970491 ], [ -0.7970219, 41.7969505 ], [ -0.7976131, 41.7967322 ], [ -0.798216, 41.7965231 ], [ -0.7989658, 41.7962448 ], [ -0.7995255, 41.7960664 ], [ -0.7999961, 41.7960304 ], [ -0.800659, 41.7960026 ], [ -0.800757, 41.7959956 ], [ -0.8013528, 41.7959528 ], [ -0.8019555, 41.7959238 ], [ -0.8021939, 41.7958158 ], [ -0.8023194, 41.7956651 ], [ -0.8024235, 41.7954374 ], [ -0.8024584, 41.795294 ], [ -0.8027002, 41.7943973 ], [ -0.8028582, 41.7938111 ], [ -0.8029305, 41.7935603 ], [ -0.8030015, 41.793314 ], [ -0.8025126, 41.7931831 ], [ -0.8024356, 41.7931456 ], [ -0.802894, 41.7924114 ], [ -0.8032768, 41.7917748 ], [ -0.803287, 41.7914777 ], [ -0.8032912, 41.7911761 ], [ -0.8032887, 41.7905456 ], [ -0.8032865, 41.7897305 ], [ -0.8032241, 41.7892655 ], [ -0.8031476, 41.7886877 ], [ -0.8030702, 41.7879612 ], [ -0.8030037, 41.787442 ], [ -0.8029092, 41.7873907 ], [ -0.802602, 41.7872227 ], [ -0.8007945, 41.7862379 ], [ -0.8002629, 41.7861242 ], [ -0.8001775, 41.7861002 ], [ -0.799953, 41.7860371 ], [ -0.7993977, 41.7859139 ], [ -0.7988072, 41.785763 ], [ -0.798511, 41.7857004 ], [ -0.7979964, 41.7851936 ], [ -0.7975669, 41.784735 ], [ -0.7966475, 41.7838213 ], [ -0.7965959, 41.7837482 ], [ -0.7969131, 41.7834481 ], [ -0.7975715, 41.7828438 ], [ -0.7976768, 41.7827558 ], [ -0.7978191, 41.7826414 ], [ -0.7981041, 41.7823992 ], [ -0.7984203, 41.7821261 ], [ -0.7988017, 41.7818812 ], [ -0.799084, 41.78172 ], [ -0.7992627, 41.7815974 ], [ -0.799637, 41.7813839 ], [ -0.8000272, 41.7807024 ], [ -0.8002425, 41.7802157 ], [ -0.8003673, 41.7799073 ], [ -0.8004071, 41.7798001 ], [ -0.8004285, 41.7797014 ], [ -0.8005074, 41.7795048 ], [ -0.8007038, 41.7790402 ], [ -0.8008293, 41.7787139 ], [ -0.8009999, 41.7782984 ], [ -0.8011159, 41.7780709 ], [ -0.8012281, 41.777956 ], [ -0.801322, 41.7778497 ], [ -0.8013239, 41.7777957 ], [ -0.8013385, 41.7777194 ], [ -0.8013468, 41.7776521 ], [ -0.8013676, 41.7773958 ], [ -0.8014508, 41.7767219 ], [ -0.801498, 41.776223 ], [ -0.8014028, 41.7754871 ], [ -0.8013456, 41.7750492 ], [ -0.8012844, 41.7747283 ], [ -0.8011863, 41.7744293 ], [ -0.8019029, 41.7738801 ], [ -0.8026991, 41.7732874 ], [ -0.8034159, 41.7727337 ], [ -0.8040023, 41.7722947 ], [ -0.8044662, 41.7719208 ], [ -0.8060458, 41.7707577 ], [ -0.8067055, 41.7690546 ], [ -0.8070722, 41.7679989 ], [ -0.8068929, 41.7662032 ], [ -0.8065879, 41.7654453 ], [ -0.804953, 41.7641197 ], [ -0.8058326, 41.763605 ], [ -0.8060213, 41.7634946 ], [ -0.8060397, 41.7634379 ], [ -0.8058483, 41.7631454 ], [ -0.8057576, 41.7630067 ], [ -0.8056888, 41.7629014 ], [ -0.8055444, 41.7630027 ], [ -0.805463, 41.7630597 ], [ -0.8053845, 41.7629996 ], [ -0.8050666, 41.7627564 ], [ -0.8049857, 41.7627527 ], [ -0.8046009, 41.7629846 ], [ -0.8040056, 41.7633435 ], [ -0.8033783, 41.7622937 ], [ -0.8041553, 41.7617796 ], [ -0.8028819, 41.7605926 ], [ -0.8031259, 41.7592053 ], [ -0.803147, 41.7591156 ], [ -0.8034573, 41.7574239 ], [ -0.8035177, 41.7570648 ], [ -0.8037538, 41.7559616 ], [ -0.8049999, 41.7536348 ], [ -0.8041348, 41.7513171 ], [ -0.8043575, 41.7504297 ], [ -0.8046273, 41.7495703 ], [ -0.8047697, 41.7487445 ], [ -0.8051187, 41.7467968 ], [ -0.8055173, 41.7465702 ], [ -0.8067267, 41.7458413 ], [ -0.8091759, 41.7443705 ], [ -0.809833, 41.7439688 ], [ -0.8107521, 41.7425768 ], [ -0.8109804, 41.7422299 ], [ -0.8108055, 41.742069 ], [ -0.8106842, 41.7419226 ], [ -0.8103885, 41.7416017 ], [ -0.8093519, 41.7404336 ], [ -0.8100749, 41.7382679 ], [ -0.8104625, 41.7380096 ], [ -0.8108753, 41.7377158 ], [ -0.812814, 41.7363973 ], [ -0.8135844, 41.7358401 ], [ -0.8136658, 41.7357425 ], [ -0.8136566, 41.7356613 ], [ -0.8135904, 41.7350634 ], [ -0.8135839, 41.734725 ], [ -0.8139859, 41.734065 ], [ -0.8142773, 41.7338449 ], [ -0.8157213, 41.7326588 ], [ -0.8167457, 41.7317489 ], [ -0.8172607, 41.7312938 ], [ -0.8177628, 41.7308698 ], [ -0.8182357, 41.7305946 ], [ -0.8191575, 41.7300706 ], [ -0.8197708, 41.7297305 ], [ -0.8214728, 41.729442 ], [ -0.8217167, 41.7294005 ], [ -0.8218004, 41.7293863 ], [ -0.821842, 41.7292624 ], [ -0.8219829, 41.7290458 ], [ -0.8220838, 41.728695 ], [ -0.8223579, 41.7279282 ], [ -0.8226038, 41.7274041 ], [ -0.8229937, 41.7270902 ], [ -0.8233397, 41.7267951 ], [ -0.8223205, 41.726493 ], [ -0.8169247, 41.7256672 ], [ -0.816945, 41.7256074 ], [ -0.8169599, 41.7255412 ], [ -0.8170017, 41.7254493 ], [ -0.8170541, 41.7253604 ], [ -0.8171347, 41.7252354 ], [ -0.8171897, 41.7251501 ], [ -0.8172216, 41.7250938 ], [ -0.8172522, 41.7250314 ], [ -0.8172799, 41.7249485 ], [ -0.8172921, 41.7248779 ], [ -0.8172948, 41.7248195 ], [ -0.817284, 41.7246351 ], [ -0.8172833, 41.7244994 ], [ -0.8173, 41.7243944 ], [ -0.8173358, 41.7243027 ], [ -0.8173844, 41.7242306 ], [ -0.8174257, 41.7241889 ], [ -0.8174637, 41.7241248 ], [ -0.8175121, 41.724063 ], [ -0.8163376, 41.723905 ], [ -0.815922, 41.7244734 ], [ -0.8155995, 41.7249178 ], [ -0.8147442, 41.7260966 ], [ -0.8144675, 41.7260984 ], [ -0.8141282, 41.7261228 ], [ -0.8132945, 41.7261584 ], [ -0.8106309, 41.7262001 ], [ -0.8101458, 41.7262126 ], [ -0.8101291, 41.726213 ], [ -0.8100926, 41.7264472 ], [ -0.8100447, 41.7271828 ], [ -0.8099482, 41.7272143 ], [ -0.8095847, 41.7272408 ], [ -0.8091823, 41.727253 ], [ -0.8086249, 41.7272129 ], [ -0.8078545, 41.7272316 ], [ -0.8070816, 41.7272863 ], [ -0.8072849, 41.72535 ], [ -0.8066318, 41.7255139 ], [ -0.8037192, 41.7234664 ], [ -0.8023248, 41.7223521 ], [ -0.8024549, 41.7208405 ], [ -0.8024538, 41.7202967 ], [ -0.8022979, 41.719691 ], [ -0.8021285, 41.719482 ], [ -0.8020492, 41.7189293 ], [ -0.8016283, 41.7180392 ], [ -0.8018078, 41.7179545 ], [ -0.8023965, 41.7179511 ], [ -0.8023256, 41.7177292 ], [ -0.8022929, 41.7175375 ], [ -0.8023154, 41.7174497 ], [ -0.8023029, 41.7172437 ], [ -0.8023501, 41.7170094 ], [ -0.8021193, 41.7162995 ], [ -0.8014271, 41.7164626 ], [ -0.8010629, 41.716505 ] ] ] } },
{ "type": "Feature", "properties": { "CCAA": "02 - Aragón", "PROVINCIA": "50 - Zaragoza", "MUNICIPIO": "50297 - Zaragoza", "COD_MUNICIPIO": "50297", "DISTRITO": "11", "SECCION": "5029711008", "V1_H": 80.85, "V1_M": 86.44, "V2_H": 80.47892397, "V2_M": 86.23437891, "V3_H": 81.22204479, "V3_M": 86.80010662 }, "geometry": { "type": "Polygon", "coordinates": [ [ [ -0.8299089, 41.6752588 ], [ -0.8284388, 41.6749476 ], [ -0.8279639, 41.6748344 ], [ -0.8279297, 41.6748155 ], [ -0.8277043, 41.6747631 ], [ -0.8268667, 41.674551 ], [ -0.8262898, 41.6743812 ], [ -0.8262791, 41.6744038 ], [ -0.8261264, 41.6747204 ], [ -0.8260085, 41.674943 ], [ -0.8261592, 41.6751841 ], [ -0.8260942, 41.6752109 ], [ -0.8254241, 41.675423 ], [ -0.8242319, 41.6756785 ], [ -0.8232613, 41.6759086 ], [ -0.8226221, 41.6761449 ], [ -0.8210012, 41.6769424 ], [ -0.8198929, 41.677513 ], [ -0.8187582, 41.6779293 ], [ -0.8184234, 41.6780294 ], [ -0.8178252, 41.6779825 ], [ -0.8169683, 41.6781201 ], [ -0.8162715, 41.6781897 ], [ -0.8155312, 41.678146 ], [ -0.8152764, 41.6782121 ], [ -0.8151588, 41.6784229 ], [ -0.8144349, 41.6783618 ], [ -0.8131532, 41.6784557 ], [ -0.8113014, 41.6786097 ], [ -0.810154, 41.6784695 ], [ -0.8094857, 41.6783987 ], [ -0.8093362, 41.6783829 ], [ -0.8093913, 41.6786206 ], [ -0.809501, 41.6791078 ], [ -0.8096244, 41.679193 ], [ -0.8098537, 41.6794104 ], [ -0.8099048, 41.6797663 ], [ -0.8099563, 41.6801104 ], [ -0.8099498, 41.6802996 ], [ -0.8100195, 41.6805731 ], [ -0.8099965, 41.6807857 ], [ -0.8098922, 41.6810676 ], [ -0.8097386, 41.6814078 ], [ -0.8095389, 41.6817117 ], [ -0.8093845, 41.6820756 ], [ -0.8092778, 41.6824285 ], [ -0.809633, 41.6826601 ], [ -0.8099934, 41.6827379 ], [ -0.8100682, 41.6828577 ], [ -0.8099659, 41.6830806 ], [ -0.8098435, 41.6834332 ], [ -0.8098035, 41.6836809 ], [ -0.8097983, 41.6838347 ], [ -0.8097449, 41.6840111 ], [ -0.8097725, 41.68413 ], [ -0.8097337, 41.6843422 ], [ -0.8096035, 41.684458 ], [ -0.8094622, 41.684781 ], [ -0.8103657, 41.6849736 ], [ -0.8108776, 41.6850239 ], [ -0.8113881, 41.6851147 ], [ -0.8117386, 41.6851416 ], [ -0.812096, 41.6849661 ], [ -0.8126072, 41.6850366 ], [ -0.8138335, 41.6847459 ], [ -0.8148129, 41.6845619 ], [ -0.8152242, 41.6843874 ], [ -0.8164163, 41.6843088 ], [ -0.8174172, 41.6842873 ], [ -0.8180587, 41.6845021 ], [ -0.8190154, 41.6849863 ], [ -0.8196279, 41.6852614 ], [ -0.8204728, 41.6850545 ], [ -0.8207447, 41.6850216 ], [ -0.8205422, 41.6856597 ], [ -0.8216456, 41.6859894 ], [ -0.8217596, 41.6857844 ], [ -0.8224804, 41.6860009 ], [ -0.8235628, 41.6863687 ], [ -0.8248728, 41.6867419 ], [ -0.8277948, 41.6878881 ], [ -0.8276891, 41.6880565 ], [ -0.8281111, 41.6882133 ], [ -0.828118, 41.6882058 ], [ -0.8281426, 41.6882132 ], [ -0.8281519, 41.6881992 ], [ -0.8281867, 41.6881469 ], [ -0.8282078, 41.6881085 ], [ -0.8283116, 41.6878908 ], [ -0.8283807, 41.687745 ], [ -0.8286028, 41.6873 ], [ -0.8286411, 41.6872283 ], [ -0.8287016, 41.6869823 ], [ -0.8287315, 41.6867204 ], [ -0.8287521, 41.6865328 ], [ -0.8287735, 41.6861422 ], [ -0.8287823, 41.685981 ], [ -0.8288179, 41.6855987 ], [ -0.8288289, 41.6854752 ], [ -0.8288597, 41.6850051 ], [ -0.82891, 41.6844519 ], [ -0.8289224, 41.6843315 ], [ -0.8289504, 41.6838494 ], [ -0.8289557, 41.683684 ], [ -0.8289116, 41.6832793 ], [ -0.8289019, 41.6831958 ], [ -0.8288818, 41.683009 ], [ -0.828879, 41.6828986 ], [ -0.8288883, 41.6826942 ], [ -0.8289036, 41.6825867 ], [ -0.8289498, 41.6823816 ], [ -0.8289864, 41.6822627 ], [ -0.8290249, 41.6821155 ], [ -0.8290731, 41.6819295 ], [ -0.829167, 41.6815334 ], [ -0.8291997, 41.6813963 ], [ -0.8292636, 41.6811699 ], [ -0.8293334, 41.6809327 ], [ -0.8295165, 41.6803142 ], [ -0.829691, 41.6797203 ], [ -0.8298793, 41.679059 ], [ -0.8299284, 41.6787952 ], [ -0.8299169, 41.6784536 ], [ -0.8298522, 41.6781092 ], [ -0.8296403, 41.6769423 ], [ -0.8296154, 41.6761698 ], [ -0.8299089, 41.6752588 ] ] ] } },
{ "type": "Feature", "properties": { "CCAA": "02 - Aragón", "PROVINCIA": "50 - Zaragoza", "MUNICIPIO": "50297 - Zaragoza", "COD_MUNICIPIO": "50297", "DISTRITO": "11", "SECCION": "5029711001", "V1_H": 80.8, "V1_M": 86.5, "V2_H": 80.66727015, "V2_M": 86.4570773, "V3_H": 81.13875257, "V3_M": 86.68010657000001 }, "geometry": { "type": "Polygon", "coordinates": [ [ [ -0.8965222, 41.6867491 ], [ -0.8964299, 41.6868715 ], [ -0.8963444, 41.6869149 ], [ -0.895936, 41.6870966 ], [ -0.8955822, 41.6872612 ], [ -0.8954149, 41.6874158 ], [ -0.8953947, 41.687483 ], [ -0.895347, 41.6878423 ], [ -0.8952021, 41.6880468 ], [ -0.8950265, 41.6882733 ], [ -0.8947739, 41.6884668 ], [ -0.8944544, 41.6887123 ], [ -0.8943637, 41.6887024 ], [ -0.8939457, 41.6886227 ], [ -0.8936876, 41.688618 ], [ -0.8934894, 41.6886143 ], [ -0.8933805, 41.6886393 ], [ -0.8932629, 41.6887453 ], [ -0.8930974, 41.6888458 ], [ -0.8930824, 41.6888449 ], [ -0.8922976, 41.6885402 ], [ -0.8921564, 41.6882874 ], [ -0.8919435, 41.6881882 ], [ -0.8917472, 41.6881631 ], [ -0.8916791, 41.6882024 ], [ -0.8915517, 41.688212 ], [ -0.8913398, 41.6881771 ], [ -0.8911979, 41.6881411 ], [ -0.890999, 41.688004 ], [ -0.8908156, 41.6878744 ], [ -0.8905836, 41.6877772 ], [ -0.8905351, 41.6877024 ], [ -0.8904815, 41.6876895 ], [ -0.8903436, 41.6878252 ], [ -0.8902462, 41.6877877 ], [ -0.8901413, 41.6878858 ], [ -0.889941, 41.6881776 ], [ -0.8896308, 41.6889154 ], [ -0.8895785, 41.6893482 ], [ -0.8894864, 41.6896372 ], [ -0.889306, 41.6899251 ], [ -0.8888769, 41.6899961 ], [ -0.8876262, 41.6902078 ], [ -0.8871183, 41.6903093 ], [ -0.8866769, 41.6905098 ], [ -0.886211, 41.6906577 ], [ -0.8859581, 41.6906791 ], [ -0.8851777, 41.690606 ], [ -0.8846081, 41.6904717 ], [ -0.8842235, 41.6902625 ], [ -0.8836912, 41.6900506 ], [ -0.8833536, 41.6899987 ], [ -0.8826927, 41.6899963 ], [ -0.882126, 41.690038 ], [ -0.8812908, 41.6902248 ], [ -0.8810946, 41.6902907 ], [ -0.8805715, 41.6903561 ], [ -0.8802505, 41.6903652 ], [ -0.879785, 41.6905068 ], [ -0.8795027, 41.6905617 ], [ -0.8784397, 41.6905871 ], [ -0.8776152, 41.690677 ], [ -0.8776143, 41.6906772 ], [ -0.8766485, 41.6908244 ], [ -0.8755072, 41.691404 ], [ -0.8752893, 41.6914949 ], [ -0.8749595, 41.6916627 ], [ -0.8749185, 41.6917501 ], [ -0.8748628, 41.6917992 ], [ -0.8742032, 41.6919418 ], [ -0.873466, 41.6922189 ], [ -0.8730628, 41.6924926 ], [ -0.8724654, 41.6921932 ], [ -0.8719103, 41.691866 ], [ -0.8705679, 41.6916923 ], [ -0.870076, 41.6939843 ], [ -0.8697073, 41.6957017 ], [ -0.8688172, 41.6994453 ], [ -0.8677853, 41.7011495 ], [ -0.8600145, 41.7127291 ], [ -0.8530689, 41.7245586 ], [ -0.8513024, 41.7283172 ], [ -0.8545725, 41.7317413 ], [ -0.8553016, 41.7328777 ], [ -0.8567129, 41.7365596 ], [ -0.8587845, 41.7392617 ], [ -0.860262, 41.7409604 ], [ -0.8607363, 41.7434759 ], [ -0.8611301, 41.7442144 ], [ -0.8626867, 41.7451007 ], [ -0.8729708, 41.7500827 ], [ -0.8742348, 41.7506986 ], [ -0.8808208, 41.754006 ], [ -0.8883085, 41.7574863 ], [ -0.8940799, 41.7601513 ], [ -0.8947377, 41.7613645 ], [ -0.8965039, 41.764948 ], [ -0.8953865, 41.7671209 ], [ -0.894985, 41.7687325 ], [ -0.8942263, 41.7705986 ], [ -0.893199, 41.7721464 ], [ -0.8929401, 41.772476 ], [ -0.8924196, 41.7734423 ], [ -0.8908828, 41.775183 ], [ -0.8902818, 41.7760096 ], [ -0.8913512, 41.7774392 ], [ -0.8943475, 41.7799676 ], [ -0.8957337, 41.7801889 ], [ -0.8959673, 41.7802202 ], [ -0.8962858, 41.780253 ], [ -0.8973629, 41.7804579 ], [ -0.8981488, 41.780707 ], [ -0.8988624, 41.7809639 ], [ -0.8995493, 41.7813232 ], [ -0.8999049, 41.7814879 ], [ -0.8999581, 41.7815159 ], [ -0.9007056, 41.7818408 ], [ -0.9037505, 41.7829783 ], [ -0.9058664, 41.7838197 ], [ -0.9085783, 41.7850011 ], [ -0.9119495, 41.7855685 ], [ -0.9125946, 41.7857153 ], [ -0.9130871, 41.7861122 ], [ -0.9135588, 41.7865941 ], [ -0.9141288, 41.7868522 ], [ -0.9144874, 41.7871114 ], [ -0.9148365, 41.7872933 ], [ -0.915407, 41.787516 ], [ -0.9160029, 41.7877204 ], [ -0.9170035, 41.7880364 ], [ -0.9172173, 41.7881213 ], [ -0.9177653, 41.7883164 ], [ -0.9185604, 41.7884749 ], [ -0.9190456, 41.7885653 ], [ -0.9199906, 41.7885554 ], [ -0.9222748, 41.78867 ], [ -0.923674, 41.7886188 ], [ -0.92439, 41.7886188 ], [ -0.9244744, 41.7886158 ], [ -0.9258353, 41.7886044 ], [ -0.9280564, 41.7886277 ], [ -0.9287537, 41.7886718 ], [ -0.9308676, 41.7888455 ], [ -0.9327839, 41.7889662 ], [ -0.9329164, 41.7889641 ], [ -0.9336601, 41.7889684 ], [ -0.9343338, 41.7889761 ], [ -0.9350851, 41.7890031 ], [ -0.9351045, 41.7893322 ], [ -0.9350964, 41.7895842 ], [ -0.9351064, 41.7898602 ], [ -0.9351092, 41.7899357 ], [ -0.9351309, 41.7900126 ], [ -0.9351858, 41.7903604 ], [ -0.9352044, 41.790721 ], [ -0.9352124, 41.7910318 ], [ -0.9352551, 41.7913884 ], [ -0.9352814, 41.791695 ], [ -0.93534, 41.7921194 ], [ -0.935406, 41.7924988 ], [ -0.9354478, 41.7928823 ], [ -0.9355134, 41.7932753 ], [ -0.9355915, 41.793655 ], [ -0.9356212, 41.7940428 ], [ -0.935682, 41.7943996 ], [ -0.9357579, 41.7948468 ], [ -0.9357742, 41.7950858 ], [ -0.9357696, 41.7954189 ], [ -0.9357791, 41.7956848 ], [ -0.9358408, 41.7960101 ], [ -0.9358699, 41.7962313 ], [ -0.9359221, 41.7962908 ], [ -0.9359868, 41.796337 ], [ -0.9360028, 41.7964003 ], [ -0.9360337, 41.796563 ], [ -0.9360162, 41.7967338 ], [ -0.9360053, 41.7972604 ], [ -0.9359516, 41.7976197 ], [ -0.9359478, 41.7979259 ], [ -0.9359691, 41.7982009 ], [ -0.9360084, 41.7984763 ], [ -0.9360481, 41.7987382 ], [ -0.9360455, 41.7990083 ], [ -0.9360246, 41.7992827 ], [ -0.9359963, 41.7996019 ], [ -0.9359174, 41.7998121 ], [ -0.9358277, 41.7999817 ], [ -0.935732, 41.800151 ], [ -0.9356428, 41.8003025 ], [ -0.9355303, 41.8004311 ], [ -0.9353736, 41.8006264 ], [ -0.935187, 41.8008167 ], [ -0.9350167, 41.8010568 ], [ -0.9349106, 41.8011765 ], [ -0.9347914, 41.8013275 ], [ -0.9346185, 41.8014639 ], [ -0.9344336, 41.8016002 ], [ -0.9341758, 41.8017577 ], [ -0.9339672, 41.80188 ], [ -0.9338003, 41.8020166 ], [ -0.9336944, 41.8021273 ], [ -0.9336367, 41.8022388 ], [ -0.9336098, 41.8023284 ], [ -0.9334453, 41.8025776 ], [ -0.9332987, 41.8028317 ], [ -0.9332436, 41.8030468 ], [ -0.9331689, 41.8033111 ], [ -0.9329943, 41.8036863 ], [ -0.9328414, 41.8039492 ], [ -0.9327086, 41.8041495 ], [ -0.9325733, 41.8044262 ], [ -0.9324928, 41.8046814 ], [ -0.9323371, 41.8050343 ], [ -0.9321125, 41.8054671 ], [ -0.9320771, 41.8056331 ], [ -0.9315517, 41.8064342 ], [ -0.9312251, 41.8070452 ], [ -0.9310789, 41.8072858 ], [ -0.9309835, 41.8074462 ], [ -0.9307998, 41.8077311 ], [ -0.9306663, 41.8079493 ], [ -0.9304601, 41.8081842 ], [ -0.9301783, 41.8085259 ], [ -0.9299793, 41.808725 ], [ -0.9298166, 41.8089157 ], [ -0.9296904, 41.809098 ], [ -0.9295307, 41.8093833 ], [ -0.9293794, 41.8095968 ], [ -0.9292022, 41.8098638 ], [ -0.9290374, 41.810122 ], [ -0.9287919, 41.8104552 ], [ -0.9283932, 41.8110605 ], [ -0.9280525, 41.8115451 ], [ -0.9278431, 41.8118791 ], [ -0.9275777, 41.8122706 ], [ -0.9274134, 41.8125108 ], [ -0.9271927, 41.8128221 ], [ -0.9270057, 41.8130213 ], [ -0.9267793, 41.8133234 ], [ -0.9265716, 41.8136034 ], [ -0.9263814, 41.8139017 ], [ -0.9262221, 41.8141735 ], [ -0.9260002, 41.8145207 ], [ -0.925793, 41.8147871 ], [ -0.9256204, 41.8150992 ], [ -0.9254108, 41.8154377 ], [ -0.9252394, 41.8157138 ], [ -0.9250814, 41.8159451 ], [ -0.9249604, 41.81615 ], [ -0.9247507, 41.816493 ], [ -0.924598, 41.8167469 ], [ -0.924388, 41.8170988 ], [ -0.9242297, 41.8173391 ], [ -0.9240552, 41.8175251 ], [ -0.9238884, 41.8176572 ], [ -0.9236913, 41.8177932 ], [ -0.9235553, 41.8179033 ], [ -0.9233975, 41.8181301 ], [ -0.9232633, 41.8183709 ], [ -0.9231298, 41.8185891 ], [ -0.9230618, 41.8188311 ], [ -0.9229949, 41.819037 ], [ -0.9229243, 41.81936 ], [ -0.9228115, 41.8196821 ], [ -0.9227682, 41.8199065 ], [ -0.9227309, 41.8201265 ], [ -0.9227069, 41.8203107 ], [ -0.9227194, 41.820482 ], [ -0.9227387, 41.820631 ], [ -0.9227875, 41.8207984 ], [ -0.9227942, 41.8211498 ], [ -0.9227866, 41.8213838 ], [ -0.9227086, 41.8215626 ], [ -0.9226123, 41.8217454 ], [ -0.922461, 41.8219589 ], [ -0.922294, 41.8220955 ], [ -0.9220474, 41.8222756 ], [ -0.9217943, 41.8224692 ], [ -0.9215167, 41.8226758 ], [ -0.9212529, 41.8228286 ], [ -0.9207946, 41.8230365 ], [ -0.9205074, 41.8231663 ], [ -0.9201707, 41.8233404 ], [ -0.9198824, 41.8235062 ], [ -0.9196667, 41.82366 ], [ -0.9194086, 41.8238219 ], [ -0.9191026, 41.823974 ], [ -0.9187667, 41.824121 ], [ -0.9185329, 41.8242788 ], [ -0.9184221, 41.8243534 ], [ -0.9168826, 41.8255998 ], [ -0.9166011, 41.8268511 ], [ -0.9165959, 41.8271977 ], [ -0.9165992, 41.827468 ], [ -0.9165878, 41.8276344 ], [ -0.9165137, 41.8278762 ], [ -0.9163599, 41.8281616 ], [ -0.9161683, 41.8285003 ], [ -0.9159673, 41.8287579 ], [ -0.9157415, 41.8290375 ], [ -0.9155149, 41.8293396 ], [ -0.9149583, 41.8299779 ], [ -0.9147764, 41.8302042 ], [ -0.9146262, 41.8303771 ], [ -0.9145124, 41.8305462 ], [ -0.9143509, 41.8306964 ], [ -0.9141389, 41.8309222 ], [ -0.9138658, 41.8311739 ], [ -0.9136153, 41.8314711 ], [ -0.9133721, 41.8317278 ], [ -0.9132538, 41.8318472 ], [ -0.9132237, 41.8318734 ], [ -0.9131981, 41.8318958 ], [ -0.9130312, 41.8320278 ], [ -0.912803, 41.8321948 ], [ -0.9126115, 41.8323444 ], [ -0.9125311, 41.8324105 ], [ -0.9122538, 41.8326036 ], [ -0.911934, 41.8328094 ], [ -0.9119404, 41.8329852 ], [ -0.9119244, 41.8332911 ], [ -0.9119024, 41.8334122 ], [ -0.9117527, 41.8335716 ], [ -0.9117452, 41.8338011 ], [ -0.9117745, 41.834198 ], [ -0.9118203, 41.8344555 ], [ -0.9112709, 41.8350534 ], [ -0.9107653, 41.8357872 ], [ -0.9103222, 41.8364501 ], [ -0.9102242, 41.836687 ], [ -0.910076, 41.836986 ], [ -0.909909, 41.8373072 ], [ -0.9098064, 41.8374989 ], [ -0.9097623, 41.8375567 ], [ -0.9096245, 41.8377208 ], [ -0.9092863, 41.8383045 ], [ -0.9091901, 41.838672 ], [ -0.9089204, 41.8393696 ], [ -0.9085196, 41.840398 ], [ -0.9082734, 41.841114 ], [ -0.9081336, 41.8415257 ], [ -0.9079203, 41.8416029 ], [ -0.9076113, 41.8416603 ], [ -0.9071837, 41.8416615 ], [ -0.9068932, 41.8417057 ], [ -0.9064634, 41.8417744 ], [ -0.905593, 41.8418711 ], [ -0.9044556, 41.842035 ], [ -0.903524, 41.8421621 ], [ -0.9024646, 41.8423318 ], [ -0.9012126, 41.8424981 ], [ -0.9007268, 41.8426198 ], [ -0.9000799, 41.842698 ], [ -0.8996265, 41.8427528 ], [ -0.8992473, 41.8429305 ], [ -0.8989476, 41.843069 ], [ -0.8983922, 41.8432976 ], [ -0.8976568, 41.8436849 ], [ -0.8975768, 41.8437374 ], [ -0.8972026, 41.8439467 ], [ -0.8966481, 41.8441437 ], [ -0.895998, 41.844501 ], [ -0.8956762, 41.8445807 ], [ -0.8946479, 41.8450842 ], [ -0.893744, 41.844919 ], [ -0.8936478, 41.8449127 ], [ -0.8928458, 41.8447629 ], [ -0.8916129, 41.8445286 ], [ -0.8907627, 41.8443779 ], [ -0.8905529, 41.844347 ], [ -0.89029, 41.8442836 ], [ -0.8899314, 41.8442005 ], [ -0.8892434, 41.8440617 ], [ -0.8875253, 41.8437509 ], [ -0.8861191, 41.8434773 ], [ -0.8851792, 41.8433069 ], [ -0.8845264, 41.8431958 ], [ -0.8845563, 41.8432429 ], [ -0.8845911, 41.8432977 ], [ -0.8847955, 41.8436195 ], [ -0.8852521, 41.8438351 ], [ -0.8875485, 41.8448726 ], [ -0.8893761, 41.8457033 ], [ -0.8913155, 41.8466126 ], [ -0.8914456, 41.846687 ], [ -0.8915169, 41.8467153 ], [ -0.891754, 41.8468323 ], [ -0.8920738, 41.8469957 ], [ -0.892602, 41.8472351 ], [ -0.8927439, 41.8472992 ], [ -0.8931005, 41.8474604 ], [ -0.8934677, 41.8476473 ], [ -0.8938353, 41.8478252 ], [ -0.8939636, 41.8479536 ], [ -0.8940308, 41.8481079 ], [ -0.8940587, 41.848176 ], [ -0.8941935, 41.8484712 ], [ -0.8943573, 41.8486182 ], [ -0.8944392, 41.8486918 ], [ -0.8946041, 41.8488074 ], [ -0.8948816, 41.8489746 ], [ -0.8950478, 41.8490497 ], [ -0.8951062, 41.8491048 ], [ -0.8957167, 41.8495889 ], [ -0.8967375, 41.8504181 ], [ -0.898023, 41.8514414 ], [ -0.8999263, 41.8530928 ], [ -0.9008996, 41.8539408 ], [ -0.900998, 41.8540266 ], [ -0.9017999, 41.8547392 ], [ -0.9025385, 41.8553606 ], [ -0.9031663, 41.855872 ], [ -0.9036772, 41.8562731 ], [ -0.9038355, 41.8564066 ], [ -0.9042974, 41.8568338 ], [ -0.9046057, 41.8571681 ], [ -0.904979, 41.8575359 ], [ -0.90509, 41.8576453 ], [ -0.9055972, 41.8581634 ], [ -0.9059686, 41.8585935 ], [ -0.9062714, 41.8589142 ], [ -0.906483, 41.8590757 ], [ -0.906774, 41.8593872 ], [ -0.9070373, 41.8596262 ], [ -0.9071663, 41.8597321 ], [ -0.9074527, 41.860003 ], [ -0.9078814, 41.8603395 ], [ -0.9083065, 41.8606039 ], [ -0.9086952, 41.8608767 ], [ -0.9088261, 41.8609242 ], [ -0.9092477, 41.861112 ], [ -0.9094501, 41.8611877 ], [ -0.9095863, 41.8612577 ], [ -0.9100088, 41.8614185 ], [ -0.9102925, 41.8617704 ], [ -0.9105565, 41.8621715 ], [ -0.9107389, 41.8624901 ], [ -0.910943, 41.862881 ], [ -0.9111958, 41.8632594 ], [ -0.9114325, 41.8635744 ], [ -0.9119308, 41.8639978 ], [ -0.9121278, 41.8642355 ], [ -0.9123867, 41.8646095 ], [ -0.9126384, 41.8650193 ], [ -0.9128833, 41.8653559 ], [ -0.9129671, 41.8654711 ], [ -0.9132794, 41.8658731 ], [ -0.9134681, 41.8659981 ], [ -0.9137426, 41.8660796 ], [ -0.9140593, 41.8661562 ], [ -0.9141251, 41.8661721 ], [ -0.9144718, 41.866255 ], [ -0.914621, 41.8662982 ], [ -0.9147752, 41.8663731 ], [ -0.9151595, 41.8664116 ], [ -0.9154291, 41.866457 ], [ -0.9158845, 41.8667175 ], [ -0.9162024, 41.8669484 ], [ -0.9164889, 41.8672148 ], [ -0.9166226, 41.8673658 ], [ -0.9169166, 41.8675873 ], [ -0.9172296, 41.8679667 ], [ -0.9175321, 41.8681118 ], [ -0.9179062, 41.8682807 ], [ -0.91814, 41.8685011 ], [ -0.9186413, 41.8688344 ], [ -0.9190693, 41.8691979 ], [ -0.919147, 41.8693057 ], [ -0.9192307, 41.8694215 ], [ -0.9193228, 41.8695538 ], [ -0.9195848, 41.8696486 ], [ -0.9200047, 41.8696881 ], [ -0.9200593, 41.8696932 ], [ -0.9200761, 41.86972 ], [ -0.9202025, 41.8699209 ], [ -0.9202815, 41.8702737 ], [ -0.920361, 41.8704237 ], [ -0.9204192, 41.8704833 ], [ -0.9205626, 41.8705219 ], [ -0.9207189, 41.8705337 ], [ -0.9209835, 41.8705476 ], [ -0.921579, 41.8705763 ], [ -0.9219772, 41.8705984 ], [ -0.9221804, 41.8706097 ], [ -0.9223728, 41.8706222 ], [ -0.9224965, 41.87071 ], [ -0.9228406, 41.8710585 ], [ -0.9230037, 41.8712326 ], [ -0.9231851, 41.871398 ], [ -0.9234417, 41.8716593 ], [ -0.9236099, 41.8718605 ], [ -0.9236889, 41.8720439 ], [ -0.9237388, 41.87216 ], [ -0.9239431, 41.8723618 ], [ -0.924235, 41.8726508 ], [ -0.9245388, 41.8729445 ], [ -0.9252454, 41.8734526 ], [ -0.9256843, 41.8738523 ], [ -0.9261643, 41.8742888 ], [ -0.9266686, 41.8747167 ], [ -0.9271496, 41.8751217 ], [ -0.9273234, 41.8753365 ], [ -0.9276101, 41.8757829 ], [ -0.9279796, 41.8764696 ], [ -0.928375, 41.8769135 ], [ -0.9287471, 41.8771453 ], [ -0.9294264, 41.8775674 ], [ -0.9299873, 41.8779243 ], [ -0.9302483, 41.8780506 ], [ -0.9304777, 41.8782258 ], [ -0.9308424, 41.8784981 ], [ -0.9312924, 41.8789295 ], [ -0.9319559, 41.8794683 ], [ -0.9327757, 41.8802081 ], [ -0.9330297, 41.8807395 ], [ -0.9332019, 41.8810038 ], [ -0.9336059, 41.881556 ], [ -0.9340375, 41.8821897 ], [ -0.9339714, 41.8823686 ], [ -0.9341946, 41.8831111 ], [ -0.9343941, 41.8838352 ], [ -0.9346913, 41.8848988 ], [ -0.93484, 41.8857075 ], [ -0.9349482, 41.8866506 ], [ -0.9352243, 41.8872455 ], [ -0.9354454, 41.8876772 ], [ -0.9355855, 41.8881931 ], [ -0.935702, 41.8886905 ], [ -0.9357692, 41.8888493 ], [ -0.9358197, 41.8889674 ], [ -0.9359125, 41.8892662 ], [ -0.9360599, 41.8897417 ], [ -0.9362484, 41.8904386 ], [ -0.9363803, 41.8910218 ], [ -0.9365039, 41.8911141 ], [ -0.9366145, 41.8912838 ], [ -0.9367623, 41.8915105 ], [ -0.9369675, 41.8918744 ], [ -0.9370343, 41.8922314 ], [ -0.9370689, 41.8924707 ], [ -0.9370942, 41.8926198 ], [ -0.9370576, 41.8928217 ], [ -0.9369264, 41.8929635 ], [ -0.9369187, 41.8930685 ], [ -0.9369049, 41.8932558 ], [ -0.9366825, 41.8934274 ], [ -0.936128, 41.8938001 ], [ -0.9358391, 41.8939751 ], [ -0.9358512, 41.8941599 ], [ -0.9359721, 41.8943377 ], [ -0.9361409, 41.89471 ], [ -0.9363019, 41.8949516 ], [ -0.936495, 41.8951307 ], [ -0.9367074, 41.8954587 ], [ -0.936782, 41.8955771 ], [ -0.9370759, 41.8958076 ], [ -0.937378, 41.8961597 ], [ -0.9376928, 41.8964896 ], [ -0.9379167, 41.8968359 ], [ -0.9380363, 41.8970542 ], [ -0.9380563, 41.8971806 ], [ -0.9382582, 41.8974634 ], [ -0.9386067, 41.8978704 ], [ -0.9390061, 41.898382 ], [ -0.9392364, 41.8985302 ], [ -0.9393829, 41.8986589 ], [ -0.9395339, 41.8988373 ], [ -0.9398048, 41.8990358 ], [ -0.9400745, 41.8992703 ], [ -0.9401897, 41.899439 ], [ -0.9403626, 41.8996852 ], [ -0.9405943, 41.8999776 ], [ -0.9407657, 41.9002688 ], [ -0.9409795, 41.9005564 ], [ -0.941194, 41.9008214 ], [ -0.941549, 41.9012151 ], [ -0.9417833, 41.9014264 ], [ -0.9420733, 41.9015937 ], [ -0.9422669, 41.9017593 ], [ -0.9424925, 41.9018669 ], [ -0.942702, 41.9021003 ], [ -0.9429051, 41.9023471 ], [ -0.9430527, 41.9026289 ], [ -0.9431993, 41.9029423 ], [ -0.9433932, 41.903288 ], [ -0.9435347, 41.9035742 ], [ -0.9437687, 41.9039837 ], [ -0.9440222, 41.9043485 ], [ -0.9440439, 41.9044254 ], [ -0.9440722, 41.90448 ], [ -0.9439914, 41.9047442 ], [ -0.9438637, 41.9051562 ], [ -0.9438525, 41.9055027 ], [ -0.9440371, 41.9057627 ], [ -0.9441096, 41.9059441 ], [ -0.944109, 41.9061513 ], [ -0.9440185, 41.9065279 ], [ -0.9440059, 41.9067348 ], [ -0.9440293, 41.9069423 ], [ -0.9440865, 41.907038 ], [ -0.9442777, 41.9072801 ], [ -0.9443045, 41.9075732 ], [ -0.9443042, 41.907956 ], [ -0.944408, 41.9081019 ], [ -0.9444667, 41.9083417 ], [ -0.9443399, 41.9087221 ], [ -0.9444666, 41.9090937 ], [ -0.9446575, 41.9095339 ], [ -0.9447823, 41.9097748 ], [ -0.944855, 41.9099517 ], [ -0.9449432, 41.9100208 ], [ -0.9450795, 41.9100953 ], [ -0.9452036, 41.9101741 ], [ -0.9453913, 41.9103351 ], [ -0.9456642, 41.910475 ], [ -0.946189, 41.9106511 ], [ -0.9465024, 41.9108413 ], [ -0.9463778, 41.9111543 ], [ -0.946371, 41.9113658 ], [ -0.9463671, 41.9114873 ], [ -0.9466547, 41.9119202 ], [ -0.9467606, 41.9121878 ], [ -0.9469126, 41.91215 ], [ -0.9472082, 41.9121418 ], [ -0.9474257, 41.9123168 ], [ -0.9475427, 41.912427 ], [ -0.9474501, 41.912682 ], [ -0.9479847, 41.9133085 ], [ -0.9481701, 41.9135414 ], [ -0.9483826, 41.9138739 ], [ -0.9484088, 41.913996 ], [ -0.9484418, 41.9142848 ], [ -0.9486191, 41.9147698 ], [ -0.9487441, 41.9150107 ], [ -0.9487124, 41.9152443 ], [ -0.949113, 41.9155396 ], [ -0.9491317, 41.9158957 ], [ -0.9491894, 41.9163515 ], [ -0.9492129, 41.9165591 ], [ -0.9493155, 41.9167456 ], [ -0.9493375, 41.9169981 ], [ -0.9493988, 41.9175306 ], [ -0.949424, 41.9178733 ], [ -0.9495119, 41.9185188 ], [ -0.9495793, 41.9190513 ], [ -0.9496324, 41.9196512 ], [ -0.9497129, 41.9203371 ], [ -0.9497169, 41.9205893 ], [ -0.9498248, 41.9211721 ], [ -0.949905, 41.9213042 ], [ -0.9499587, 41.9215078 ], [ -0.9501299, 41.9218212 ], [ -0.9501524, 41.9218625 ], [ -0.9503842, 41.9221548 ], [ -0.9507136, 41.922602 ], [ -0.9507916, 41.9228015 ], [ -0.9511544, 41.9233348 ], [ -0.9515466, 41.9238912 ], [ -0.9517974, 41.924346 ], [ -0.9522121, 41.9249523 ], [ -0.9524131, 41.9252666 ], [ -0.9527871, 41.9258272 ], [ -0.9530225, 41.9261961 ], [ -0.9531539, 41.9264236 ], [ -0.9535742, 41.927048 ], [ -0.9541996, 41.9280453 ], [ -0.955085, 41.9293986 ], [ -0.9555467, 41.9300462 ], [ -0.9557933, 41.9304424 ], [ -0.9561311, 41.9310068 ], [ -0.9565284, 41.9310274 ], [ -0.9567265, 41.9310579 ], [ -0.9572022, 41.9310799 ], [ -0.9575113, 41.9311304 ], [ -0.958162, 41.9312366 ], [ -0.9588318, 41.9314151 ], [ -0.959079, 41.931415 ], [ -0.9593587, 41.931401 ], [ -0.9597435, 41.9313818 ], [ -0.9601793, 41.931331 ], [ -0.960309, 41.9312342 ], [ -0.9607946, 41.9309457 ], [ -0.9610278, 41.9308192 ], [ -0.9615701, 41.9304597 ], [ -0.9616562, 41.9304026 ], [ -0.9619825, 41.9301922 ], [ -0.9628971, 41.9296862 ], [ -0.9637432, 41.9292509 ], [ -0.9640935, 41.9290455 ], [ -0.9643012, 41.9285809 ], [ -0.9644389, 41.928232 ], [ -0.9645087, 41.9279361 ], [ -0.9645704, 41.927703 ], [ -0.9647696, 41.9273148 ], [ -0.9648372, 41.9270863 ], [ -0.9648958, 41.9265695 ], [ -0.9647645, 41.9263375 ], [ -0.9649147, 41.9257863 ], [ -0.9650085, 41.9253017 ], [ -0.9650285, 41.9250543 ], [ -0.9651734, 41.9246697 ], [ -0.9662307, 41.9246029 ], [ -0.967112, 41.9245734 ], [ -0.9674307, 41.9246016 ], [ -0.9677199, 41.9246068 ], [ -0.9684169, 41.9246866 ], [ -0.9688383, 41.9247076 ], [ -0.9693911, 41.9247714 ], [ -0.9698179, 41.9248105 ], [ -0.9705203, 41.9247194 ], [ -0.971132, 41.9246356 ], [ -0.9716531, 41.9245548 ], [ -0.9721498, 41.9244825 ], [ -0.9723199, 41.924445 ], [ -0.9734017, 41.924365 ], [ -0.9736041, 41.9240669 ], [ -0.9738647, 41.9238374 ], [ -0.9743612, 41.9235805 ], [ -0.9746255, 41.923423 ], [ -0.9749166, 41.9233696 ], [ -0.9749978, 41.9234701 ], [ -0.9751875, 41.9235725 ], [ -0.9753814, 41.9237335 ], [ -0.9756518, 41.9239545 ], [ -0.9759954, 41.9241496 ], [ -0.9760465, 41.9242496 ], [ -0.9762394, 41.9244422 ], [ -0.9763789, 41.9247958 ], [ -0.9764097, 41.9249675 ], [ -0.9763942, 41.9250753 ], [ -0.9764539, 41.9252835 ], [ -0.9764429, 41.9254409 ], [ -0.9764235, 41.9256747 ], [ -0.9764285, 41.9258955 ], [ -0.9764785, 41.9260314 ], [ -0.9766634, 41.9262869 ], [ -0.9769123, 41.9266155 ], [ -0.9771555, 41.926935 ], [ -0.9772818, 41.9271353 ], [ -0.9772892, 41.9272841 ], [ -0.9773605, 41.927506 ], [ -0.9773996, 41.9276058 ], [ -0.9774633, 41.9276879 ], [ -0.977664, 41.9278266 ], [ -0.9777316, 41.9279764 ], [ -0.9777637, 41.9281075 ], [ -0.9778079, 41.9282344 ], [ -0.9778341, 41.9282877 ], [ -0.9778929, 41.928407 ], [ -0.9779685, 41.9284939 ], [ -0.9780423, 41.9284502 ], [ -0.9790219, 41.9281702 ], [ -0.9791006, 41.928149 ], [ -0.9791008, 41.9281489 ], [ -0.9795389, 41.9280307 ], [ -0.9818753, 41.9269911 ], [ -0.9823387, 41.9268281 ], [ -0.9835531, 41.9263722 ], [ -0.9849683, 41.9258567 ], [ -0.9884113, 41.9254759 ], [ -0.989555, 41.9253473 ], [ -0.990877, 41.9251093 ], [ -0.9926232, 41.9248066 ], [ -0.9951567, 41.9232344 ], [ -0.9967871, 41.9223892 ], [ -0.9970453, 41.9222316 ], [ -0.9977137, 41.9218741 ], [ -0.9979328, 41.9218103 ], [ -0.9989897, 41.9215631 ], [ -0.999709, 41.9215036 ], [ -1.0021806, 41.9211369 ], [ -1.0023478, 41.9209957 ], [ -1.0035998, 41.9197116 ], [ -1.0042407, 41.9190743 ], [ -1.0050413, 41.9191153 ], [ -1.0056904, 41.9191806 ], [ -1.0059129, 41.9192025 ], [ -1.0061597, 41.9192158 ], [ -1.0066346, 41.9192601 ], [ -1.0073804, 41.919318 ], [ -1.007735, 41.9193557 ], [ -1.0087575, 41.9194365 ], [ -1.0095267, 41.9195174 ], [ -1.0098766, 41.9193164 ], [ -1.010348, 41.9190859 ], [ -1.0108446, 41.9188243 ], [ -1.0109029, 41.9186947 ], [ -1.0109354, 41.9186187 ], [ -1.0110689, 41.9183959 ], [ -1.0111286, 41.9182213 ], [ -1.0112965, 41.9180576 ], [ -1.0117944, 41.917751 ], [ -1.0121683, 41.9175549 ], [ -1.0125121, 41.9173537 ], [ -1.0129781, 41.9171051 ], [ -1.0134901, 41.9169248 ], [ -1.0139237, 41.9167477 ], [ -1.0141274, 41.916677 ], [ -1.015295, 41.9162716 ], [ -1.0177288, 41.9153636 ], [ -1.0201812, 41.9144332 ], [ -1.0206505, 41.9134867 ], [ -1.0216664, 41.9116354 ], [ -1.0220754, 41.910886 ], [ -1.0226184, 41.9098956 ], [ -1.023623, 41.9082063 ], [ -1.0244411, 41.9068965 ], [ -1.0255718, 41.9052228 ], [ -1.0274362, 41.9030123 ], [ -1.0284909, 41.9028233 ], [ -1.0303377, 41.9025533 ], [ -1.0338742, 41.9020241 ], [ -1.0356248, 41.9017434 ], [ -1.0359892, 41.901655 ], [ -1.0370067, 41.9014968 ], [ -1.0373817, 41.9014537 ], [ -1.0399365, 41.9010921 ], [ -1.0411056, 41.900905 ], [ -1.0438734, 41.9004703 ], [ -1.0469254, 41.8996172 ], [ -1.0491565, 41.8989932 ], [ -1.0499419, 41.8987319 ], [ -1.0512812, 41.8986916 ], [ -1.0554398, 41.8985055 ], [ -1.056936, 41.8984588 ], [ -1.0584809, 41.8983994 ], [ -1.0607264, 41.8974917 ], [ -1.0634291, 41.8964161 ], [ -1.0641428, 41.8961354 ], [ -1.0653553, 41.8957011 ], [ -1.0662961, 41.895082 ], [ -1.0673016, 41.894518 ], [ -1.0678237, 41.8941936 ], [ -1.0688114, 41.8936158 ], [ -1.069628, 41.8931207 ], [ -1.0697394, 41.8930235 ], [ -1.0710107, 41.8922343 ], [ -1.0715894, 41.8918298 ], [ -1.0726347, 41.8911404 ], [ -1.074103, 41.8902104 ], [ -1.0749261, 41.8896928 ], [ -1.0755771, 41.8892894 ], [ -1.0759965, 41.8889678 ], [ -1.0762323, 41.888742 ], [ -1.0768252, 41.8882656 ], [ -1.077571, 41.8877107 ], [ -1.0783793, 41.8870803 ], [ -1.0791273, 41.8864534 ], [ -1.0795687, 41.8861771 ], [ -1.079569, 41.886177 ], [ -1.0796739, 41.8861113 ], [ -1.0793766, 41.8857776 ], [ -1.0788903, 41.8853147 ], [ -1.0786765, 41.8850094 ], [ -1.0783983, 41.88464 ], [ -1.0780566, 41.8841794 ], [ -1.077947, 41.8840155 ], [ -1.0776143, 41.8832534 ], [ -1.0773246, 41.8826676 ], [ -1.0771358, 41.8821286 ], [ -1.0769952, 41.881793 ], [ -1.0769447, 41.8816706 ], [ -1.0768585, 41.8813314 ], [ -1.0768241, 41.8806688 ], [ -1.0767617, 41.8799383 ], [ -1.0768406, 41.8791155 ], [ -1.0769199, 41.8782793 ], [ -1.0769552, 41.8779061 ], [ -1.0769342, 41.8771988 ], [ -1.0768964, 41.8770541 ], [ -1.0768404, 41.8759093 ], [ -1.0768007, 41.8752242 ], [ -1.0770676, 41.8743596 ], [ -1.0772094, 41.8736813 ], [ -1.0772646, 41.8734172 ], [ -1.0773085, 41.8731567 ], [ -1.0775827, 41.8726525 ], [ -1.0780178, 41.8720068 ], [ -1.078181, 41.8717889 ], [ -1.0784075, 41.8712658 ], [ -1.0787908, 41.8707409 ], [ -1.0792244, 41.8703428 ], [ -1.0794427, 41.8702665 ], [ -1.0799124, 41.8701021 ], [ -1.0806251, 41.8698439 ], [ -1.0808002, 41.8692254 ], [ -1.0813056, 41.8674371 ], [ -1.0813237, 41.8673652 ], [ -1.0814559, 41.8668407 ], [ -1.0819732, 41.8664666 ], [ -1.0831726, 41.8658427 ], [ -1.0842738, 41.8652802 ], [ -1.0852646, 41.8647833 ], [ -1.0860793, 41.8643286 ], [ -1.0868199, 41.8639401 ], [ -1.087067, 41.8638175 ], [ -1.0881101, 41.8632997 ], [ -1.0883452, 41.8628893 ], [ -1.088828, 41.8622534 ], [ -1.089293, 41.8616082 ], [ -1.0895041, 41.8611929 ], [ -1.0898135, 41.8609188 ], [ -1.0901709, 41.8604475 ], [ -1.0906678, 41.8597398 ], [ -1.0910395, 41.8591954 ], [ -1.091285, 41.8588359 ], [ -1.0926697, 41.8578502 ], [ -1.0939304, 41.8569795 ], [ -1.0951908, 41.8561178 ], [ -1.0952974, 41.8560427 ], [ -1.0960459, 41.8555151 ], [ -1.0965952, 41.8550694 ], [ -1.0967798, 41.8547347 ], [ -1.09688, 41.8544031 ], [ -1.0971331, 41.8537904 ], [ -1.0974148, 41.853025 ], [ -1.0979868, 41.8528273 ], [ -1.1001703, 41.8521115 ], [ -1.1032789, 41.8510686 ], [ -1.103323, 41.8505965 ], [ -1.1034948, 41.8492664 ], [ -1.1039493, 41.8459101 ], [ -1.1071118, 41.8442511 ], [ -1.1089954, 41.8432779 ], [ -1.1092844, 41.8393964 ], [ -1.1086728, 41.8335818 ], [ -1.1086623, 41.8335276 ], [ -1.1086536, 41.8334149 ], [ -1.1085227, 41.8319312 ], [ -1.107859, 41.8256428 ], [ -1.1079066, 41.825459 ], [ -1.1082011, 41.8250675 ], [ -1.1126387, 41.820133 ], [ -1.1141345, 41.8175833 ], [ -1.1148313, 41.8163954 ], [ -1.1173887, 41.8133435 ], [ -1.1177942, 41.8128595 ], [ -1.1180124, 41.8123997 ], [ -1.1199644, 41.8094456 ], [ -1.1229448, 41.8042616 ], [ -1.1215904, 41.8015916 ], [ -1.1189481, 41.8009809 ], [ -1.1131122, 41.8009211 ], [ -1.1105053, 41.8007522 ], [ -1.1092649, 41.8003625 ], [ -1.1080526, 41.7998381 ], [ -1.106922, 41.8002248 ], [ -1.1046058, 41.8008081 ], [ -1.103824, 41.8007861 ], [ -1.1020247, 41.8005763 ], [ -1.0972331, 41.8002087 ], [ -1.0941784, 41.8001221 ], [ -1.0918445, 41.799678 ], [ -1.0893586, 41.7990873 ], [ -1.087565, 41.7982828 ], [ -1.0857074, 41.7976124 ], [ -1.0850801, 41.7964491 ], [ -1.0843208, 41.7972921 ], [ -1.0832333, 41.7970308 ], [ -1.0814354, 41.7963792 ], [ -1.0783627, 41.7948869 ], [ -1.0752885, 41.7942589 ], [ -1.0742147, 41.7939437 ], [ -1.0702634, 41.7924634 ], [ -1.0657957, 41.7909561 ], [ -1.0654948, 41.7905548 ], [ -1.0630827, 41.787533 ], [ -1.0617706, 41.7855475 ], [ -1.0599344, 41.7833909 ], [ -1.05689, 41.7817994 ], [ -1.0537094, 41.7787463 ], [ -1.0534146, 41.7778773 ], [ -1.0532727, 41.7772844 ], [ -1.0517486, 41.7761597 ], [ -1.05044, 41.7752729 ], [ -1.048862, 41.7743409 ], [ -1.0468804, 41.7730328 ], [ -1.0450771, 41.7717998 ], [ -1.0437555, 41.7709487 ], [ -1.0413566, 41.7689309 ], [ -1.0378237, 41.7678123 ], [ -1.0372624, 41.7676766 ], [ -1.0369894, 41.7675549 ], [ -1.0338367, 41.7654159 ], [ -1.0301231, 41.7635285 ], [ -1.0277785, 41.7631009 ], [ -1.0248368, 41.7621362 ], [ -1.0224205, 41.7605185 ], [ -1.0193991, 41.7594171 ], [ -1.0175954, 41.7570533 ], [ -1.014369, 41.7546109 ], [ -1.0117274, 41.7538806 ], [ -1.0094575, 41.753382 ], [ -1.0067022, 41.7524425 ], [ -1.0057032, 41.7518848 ], [ -1.0047356, 41.7511329 ], [ -1.0044407, 41.7509036 ], [ -1.0052115, 41.750093 ], [ -1.0053338, 41.7499591 ], [ -1.0053338, 41.7499591 ], [ -1.005641, 41.7496231 ], [ -1.0049084, 41.7492006 ], [ -1.0048108, 41.7492439 ], [ -1.0047623, 41.7492449 ], [ -1.0046905, 41.7492463 ], [ -1.0046195, 41.7492091 ], [ -1.0044958, 41.749123 ], [ -1.0039955, 41.7487749 ], [ -1.0020145, 41.7475021 ], [ -1.0012936, 41.7470932 ], [ -1.000233, 41.7459895 ], [ -0.9997092, 41.7454445 ], [ -0.998766, 41.7448381 ], [ -0.9974731, 41.7442617 ], [ -0.9974706, 41.7442604 ], [ -0.9974704, 41.7442603 ], [ -0.9971475, 41.7440984 ], [ -0.9948584, 41.7405639 ], [ -0.9945932, 41.7403882 ], [ -0.9920078, 41.7386299 ], [ -0.991959, 41.7385967 ], [ -0.9910094, 41.7379509 ], [ -0.9906291, 41.738624 ], [ -0.9903241, 41.7390056 ], [ -0.9894925, 41.7399767 ], [ -0.9887244, 41.7409355 ], [ -0.9878919, 41.7415119 ], [ -0.9873054, 41.7423595 ], [ -0.9866705, 41.74313 ], [ -0.9849966, 41.7437488 ], [ -0.9828997, 41.7440551 ], [ -0.9814176, 41.7442388 ], [ -0.9799408, 41.744251 ], [ -0.9794063, 41.7450613 ], [ -0.9797658, 41.745773 ], [ -0.980624, 41.7468175 ], [ -0.9810581, 41.7475877 ], [ -0.9810875, 41.7482745 ], [ -0.9800061, 41.7494756 ], [ -0.9790785, 41.7506412 ], [ -0.9790564, 41.7513461 ], [ -0.9798605, 41.7516844 ], [ -0.9811761, 41.752756 ], [ -0.9820078, 41.7538382 ], [ -0.9823081, 41.7548157 ], [ -0.9814996, 41.7554306 ], [ -0.9805178, 41.7558899 ], [ -0.9792455, 41.7558675 ], [ -0.9787803, 41.7560881 ], [ -0.978495, 41.7562547 ], [ -0.9785579, 41.7574949 ], [ -0.9788525, 41.7578432 ], [ -0.9793157, 41.7584996 ], [ -0.9790373, 41.7592572 ], [ -0.9787607, 41.7599577 ], [ -0.9785344, 41.7606781 ], [ -0.9778761, 41.7613719 ], [ -0.9770638, 41.7621011 ], [ -0.9757929, 41.7628412 ], [ -0.9743813, 41.7631976 ], [ -0.97337, 41.7629701 ], [ -0.9720102, 41.7624885 ], [ -0.9698766, 41.7615167 ], [ -0.9663183, 41.7588992 ], [ -0.9645927, 41.7587162 ], [ -0.9638733, 41.7573118 ], [ -0.9628215, 41.7567593 ], [ -0.9618145, 41.7563983 ], [ -0.9610863, 41.7560327 ], [ -0.9604125, 41.755649 ], [ -0.9596976, 41.7549119 ], [ -0.9583719, 41.7541163 ], [ -0.9579048, 41.7536409 ], [ -0.9571941, 41.7519221 ], [ -0.9566343, 41.7511591 ], [ -0.9564931, 41.7507944 ], [ -0.9558231, 41.7502487 ], [ -0.954995, 41.7498241 ], [ -0.9542819, 41.7490298 ], [ -0.9538028, 41.7481348 ], [ -0.9539827, 41.7472801 ], [ -0.9543339, 41.7458376 ], [ -0.9547815, 41.7453213 ], [ -0.955744, 41.7446712 ], [ -0.9561498, 41.7439159 ], [ -0.9563939, 41.7434913 ], [ -0.9566088, 41.7423322 ], [ -0.9565942, 41.7411881 ], [ -0.9564627, 41.7405186 ], [ -0.9566062, 41.7392057 ], [ -0.9566703, 41.7387875 ], [ -0.956915, 41.7382962 ], [ -0.9569882, 41.7375445 ], [ -0.9569645, 41.7367338 ], [ -0.9563159, 41.736322 ], [ -0.9560257, 41.7358402 ], [ -0.9558676, 41.7352083 ], [ -0.9559142, 41.7345419 ], [ -0.9555641, 41.7335444 ], [ -0.9550801, 41.7327541 ], [ -0.954761, 41.7323862 ], [ -0.9546017, 41.7317924 ], [ -0.9545956, 41.7311823 ], [ -0.9541504, 41.730774 ], [ -0.9536544, 41.7303649 ], [ -0.953678, 41.7296218 ], [ -0.9535357, 41.7292952 ], [ -0.9534957, 41.7289513 ], [ -0.9534545, 41.7286456 ], [ -0.9533377, 41.7283194 ], [ -0.9532716, 41.7279941 ], [ -0.9529325, 41.7274543 ], [ -0.952769, 41.7269462 ], [ -0.951375, 41.7252152 ], [ -0.950451, 41.7246649 ], [ -0.9497334, 41.724023 ], [ -0.9497498, 41.7235086 ], [ -0.9496892, 41.7230118 ], [ -0.9492381, 41.7227941 ], [ -0.9480071, 41.7222955 ], [ -0.9461283, 41.7213659 ], [ -0.9444881, 41.7201356 ], [ -0.9435892, 41.7196 ], [ -0.9439016, 41.7191767 ], [ -0.9441395, 41.7188997 ], [ -0.9443623, 41.7184938 ], [ -0.9445505, 41.7181779 ], [ -0.9446866, 41.7178515 ], [ -0.9448126, 41.7175392 ], [ -0.9449501, 41.7172176 ], [ -0.9447319, 41.7164797 ], [ -0.9463082, 41.7167176 ], [ -0.9461839, 41.7160243 ], [ -0.9459062, 41.7151091 ], [ -0.9456387, 41.7143227 ], [ -0.9452522, 41.7136771 ], [ -0.9447138, 41.712009 ], [ -0.9444391, 41.7106505 ], [ -0.9438322, 41.7103346 ], [ -0.9427974, 41.7094773 ], [ -0.9444739, 41.7089592 ], [ -0.9419058, 41.705925 ], [ -0.9418551, 41.7043228 ], [ -0.9386343, 41.7022204 ], [ -0.9358351, 41.6990723 ], [ -0.9361308, 41.6977813 ], [ -0.9400507, 41.6968985 ], [ -0.9439385, 41.6962246 ], [ -0.9447847, 41.6952103 ], [ -0.9449429, 41.6926396 ], [ -0.9438034, 41.6908844 ], [ -0.9416781, 41.6889399 ], [ -0.9382984, 41.6872589 ], [ -0.9363007, 41.686899 ], [ -0.9328432, 41.6876565 ], [ -0.9285934, 41.6916978 ], [ -0.9223537, 41.6943302 ], [ -0.9196883, 41.6941676 ], [ -0.9158111, 41.6929345 ], [ -0.9098458, 41.6894327 ], [ -0.9049295, 41.688104 ], [ -0.9033746, 41.6874275 ], [ -0.9018672, 41.6863709 ], [ -0.9010051, 41.6868169 ], [ -0.9004712, 41.6868119 ], [ -0.8993477, 41.6867532 ], [ -0.8992322, 41.6867845 ], [ -0.8985596, 41.686939 ], [ -0.8975282, 41.6867867 ], [ -0.8972149, 41.6868429 ], [ -0.8965222, 41.6867491 ] ] ] } },
{ "type": "Feature", "properties": { "CCAA": "02 - Aragón", "PROVINCIA": "50 - Zaragoza", "MUNICIPIO": "50297 - Zaragoza", "COD_MUNICIPIO": "50297", "DISTRITO": "05", "SECCION": "5029705047", "V1_H": 80.56, "V1_M": 86.09, "V2_H": 80.29410508, "V2_M": 85.89209003000001, "V3_H": 80.91212464, "V3_M": 86.35342073 }, "geometry": { "type": "Polygon", "coordinates": [ [ [ -0.8609913, 41.6211175 ], [ -0.8621683, 41.6214448 ], [ -0.8631548, 41.6215775 ], [ -0.8636836, 41.6217208 ], [ -0.8643501, 41.6219238 ], [ -0.8648361, 41.6222093 ], [ -0.865059, 41.622385 ], [ -0.8653682, 41.6226386 ], [ -0.8659863, 41.6231552 ], [ -0.8663955, 41.6234583 ], [ -0.8667768, 41.6238371 ], [ -0.8671845, 41.6241879 ], [ -0.8673578, 41.6243245 ], [ -0.8676442, 41.6245014 ], [ -0.8678978, 41.6245942 ], [ -0.8679591, 41.6247231 ], [ -0.8681342, 41.6253303 ], [ -0.8681004, 41.6263547 ], [ -0.8681609, 41.6267402 ], [ -0.8683683, 41.6271101 ], [ -0.8685269, 41.6274792 ], [ -0.8684868, 41.6279543 ], [ -0.8683281, 41.6290679 ], [ -0.868277, 41.6293623 ], [ -0.8682885, 41.6294118 ], [ -0.8682894, 41.6294156 ], [ -0.8683126, 41.6295153 ], [ -0.8684532, 41.6296906 ], [ -0.868678, 41.6298517 ], [ -0.8689881, 41.6299673 ], [ -0.8693921, 41.6300847 ], [ -0.8695657, 41.6302135 ], [ -0.8697235, 41.6305068 ], [ -0.8698783, 41.6308864 ], [ -0.8699654, 41.6310999 ], [ -0.8702494, 41.631372 ], [ -0.8703362, 41.6315934 ], [ -0.8704136, 41.6317831 ], [ -0.8704921, 41.6319416 ], [ -0.8705676, 41.6320811 ], [ -0.8707511, 41.6322521 ], [ -0.8708995, 41.6323791 ], [ -0.8709841, 41.6324432 ], [ -0.8710639, 41.6324975 ], [ -0.8711183, 41.6325235 ], [ -0.8713696, 41.6326158 ], [ -0.8715735, 41.6326896 ], [ -0.8717757, 41.6327665 ], [ -0.8721065, 41.6328502 ], [ -0.872184, 41.6328644 ], [ -0.8723921, 41.632896 ], [ -0.8728109, 41.6329843 ], [ -0.8729465, 41.6330169 ], [ -0.8730369, 41.6330661 ], [ -0.8731159, 41.6331648 ], [ -0.8731537, 41.6332102 ], [ -0.8732628, 41.6333434 ], [ -0.8732637, 41.6333446 ], [ -0.8732714, 41.6333176 ], [ -0.8733401, 41.6331099 ], [ -0.8733846, 41.6329755 ], [ -0.8734147, 41.6328861 ], [ -0.8735275, 41.6327267 ], [ -0.8736721, 41.632522 ], [ -0.8735971, 41.6324991 ], [ -0.8732427, 41.6323909 ], [ -0.8733977, 41.6321047 ], [ -0.8738793, 41.6322487 ], [ -0.8741135, 41.6322302 ], [ -0.874138, 41.6322281 ], [ -0.8747127, 41.6320741 ], [ -0.8763302, 41.6324676 ], [ -0.876388, 41.6325067 ], [ -0.8768038, 41.6320853 ], [ -0.8769777, 41.6319164 ], [ -0.8770066, 41.6318731 ], [ -0.8770346, 41.6318311 ], [ -0.877202, 41.631579 ], [ -0.8773996, 41.6312661 ], [ -0.8774568, 41.6311736 ], [ -0.8774721, 41.6310316 ], [ -0.8773953, 41.6309905 ], [ -0.8775299, 41.6307238 ], [ -0.8775705, 41.6306994 ], [ -0.8773765, 41.6306233 ], [ -0.8770682, 41.6305022 ], [ -0.8769888, 41.6304811 ], [ -0.8768218, 41.6304336 ], [ -0.8766762, 41.6305002 ], [ -0.876376, 41.630644 ], [ -0.8761137, 41.6307694 ], [ -0.8759748, 41.6308176 ], [ -0.8758142, 41.6308419 ], [ -0.8756462, 41.6308388 ], [ -0.8754786, 41.6308201 ], [ -0.8752412, 41.6307504 ], [ -0.8750847, 41.6307021 ], [ -0.8745558, 41.630539 ], [ -0.8742432, 41.6304482 ], [ -0.8738075, 41.6303215 ], [ -0.8737202, 41.6302885 ], [ -0.8735671, 41.6302157 ], [ -0.873494, 41.6301555 ], [ -0.8734104, 41.6300637 ], [ -0.8733124, 41.6298874 ], [ -0.8732408, 41.6297361 ], [ -0.8731844, 41.6295661 ], [ -0.8730854, 41.6293094 ], [ -0.8730444, 41.6291776 ], [ -0.8730139, 41.629109 ], [ -0.872895, 41.6288656 ], [ -0.8728115, 41.6287713 ], [ -0.872793, 41.6287505 ], [ -0.8726487, 41.6286347 ], [ -0.8726361, 41.6286266 ], [ -0.8725383, 41.6285637 ], [ -0.8724627, 41.6285033 ], [ -0.8722974, 41.628387 ], [ -0.8721941, 41.6283113 ], [ -0.8721055, 41.6282162 ], [ -0.872039, 41.6280968 ], [ -0.8718836, 41.6276757 ], [ -0.8717647, 41.6274322 ], [ -0.8714979, 41.6270567 ], [ -0.8713831, 41.6268951 ], [ -0.8713166, 41.6268014 ], [ -0.8712051, 41.6266598 ], [ -0.8710992, 41.6264456 ], [ -0.8710878, 41.6263617 ], [ -0.8710854, 41.6262189 ], [ -0.871181, 41.6258861 ], [ -0.8715444, 41.6249135 ], [ -0.871596, 41.6248455 ], [ -0.8716615, 41.6247828 ], [ -0.8717341, 41.6247202 ], [ -0.8718984, 41.6246543 ], [ -0.8721402, 41.6245899 ], [ -0.8724819, 41.6244928 ], [ -0.8727091, 41.6244154 ], [ -0.8728241, 41.6243762 ], [ -0.8729893, 41.6242857 ], [ -0.8731405, 41.6241901 ], [ -0.8732245, 41.6240796 ], [ -0.8732499, 41.6240245 ], [ -0.8732737, 41.6239156 ], [ -0.8733091, 41.6238322 ], [ -0.8733117, 41.6237513 ], [ -0.8732967, 41.6236898 ], [ -0.8730814, 41.6234246 ], [ -0.8730166, 41.6233449 ], [ -0.8729819, 41.6233044 ], [ -0.8728101, 41.6230985 ], [ -0.8727058, 41.6229734 ], [ -0.8724877, 41.6227283 ], [ -0.872033, 41.6223845 ], [ -0.8707001, 41.6219922 ], [ -0.8694056, 41.6210155 ], [ -0.8692396, 41.6205682 ], [ -0.8694632, 41.6201334 ], [ -0.8702704, 41.6193046 ], [ -0.8706144, 41.6189648 ], [ -0.8707582, 41.6186392 ], [ -0.8706685, 41.6183638 ], [ -0.8706729, 41.6183575 ], [ -0.8702792, 41.6180667 ], [ -0.8697245, 41.6177466 ], [ -0.8693113, 41.6175626 ], [ -0.8687408, 41.6174329 ], [ -0.8679447, 41.6173085 ], [ -0.8679406, 41.6173098 ], [ -0.8679478, 41.6173104 ], [ -0.8679131, 41.6173445 ], [ -0.8678915, 41.6173837 ], [ -0.8678834, 41.6173773 ], [ -0.8678796, 41.6173825 ], [ -0.8675791, 41.6176695 ], [ -0.8674216, 41.6178238 ], [ -0.8667498, 41.6184571 ], [ -0.8663525, 41.6187487 ], [ -0.8663527, 41.6187498 ], [ -0.8663167, 41.618775 ], [ -0.8657395, 41.6191797 ], [ -0.8647152, 41.6198089 ], [ -0.8635151, 41.6203775 ], [ -0.8609913, 41.6211175 ] ] ] } },
{ "type": "Feature", "properties": { "CCAA": "02 - Aragón", "PROVINCIA": "50 - Zaragoza", "MUNICIPIO": "50297 - Zaragoza", "COD_MUNICIPIO": "50297", "DISTRITO": "10", "SECCION": "5029710037", "V1_H": 80.78, "V1_M": 86.63, "V2_H": 80.78050334, "V2_M": 86.59104663, "V3_H": 80.85502768000001, "V3_M": 86.88271981 }, "geometry": { "type": "Polygon", "coordinates": [ [ [ -0.8776143, 41.6906772 ], [ -0.8776152, 41.690677 ], [ -0.8784397, 41.6905871 ], [ -0.8795027, 41.6905617 ], [ -0.879785, 41.6905068 ], [ -0.8802505, 41.6903652 ], [ -0.8805715, 41.6903561 ], [ -0.8810946, 41.6902907 ], [ -0.8812908, 41.6902248 ], [ -0.882126, 41.690038 ], [ -0.8826927, 41.6899963 ], [ -0.8833536, 41.6899987 ], [ -0.8836912, 41.6900506 ], [ -0.8842235, 41.6902625 ], [ -0.8846081, 41.6904717 ], [ -0.8851777, 41.690606 ], [ -0.8859581, 41.6906791 ], [ -0.886211, 41.6906577 ], [ -0.8866769, 41.6905098 ], [ -0.8871183, 41.6903093 ], [ -0.8876262, 41.6902078 ], [ -0.8888769, 41.6899961 ], [ -0.889306, 41.6899251 ], [ -0.8894864, 41.6896372 ], [ -0.8895785, 41.6893482 ], [ -0.8896308, 41.6889154 ], [ -0.889941, 41.6881776 ], [ -0.8901413, 41.6878858 ], [ -0.8902462, 41.6877877 ], [ -0.8903436, 41.6878252 ], [ -0.8904815, 41.6876895 ], [ -0.8905351, 41.6877024 ], [ -0.8905836, 41.6877772 ], [ -0.8908156, 41.6878744 ], [ -0.890999, 41.688004 ], [ -0.8911979, 41.6881411 ], [ -0.8913398, 41.6881771 ], [ -0.8915517, 41.688212 ], [ -0.8916791, 41.6882024 ], [ -0.8917472, 41.6881631 ], [ -0.8919435, 41.6881882 ], [ -0.8921564, 41.6882874 ], [ -0.8922976, 41.6885402 ], [ -0.8930824, 41.6888449 ], [ -0.8930974, 41.6888458 ], [ -0.8932629, 41.6887453 ], [ -0.8933805, 41.6886393 ], [ -0.8934894, 41.6886143 ], [ -0.8936876, 41.688618 ], [ -0.8939457, 41.6886227 ], [ -0.8943637, 41.6887024 ], [ -0.8944544, 41.6887123 ], [ -0.8947739, 41.6884668 ], [ -0.8950265, 41.6882733 ], [ -0.8952021, 41.6880468 ], [ -0.895347, 41.6878423 ], [ -0.8953947, 41.687483 ], [ -0.8954149, 41.6874158 ], [ -0.8955822, 41.6872612 ], [ -0.895936, 41.6870966 ], [ -0.8963444, 41.6869149 ], [ -0.8964299, 41.6868715 ], [ -0.8965222, 41.6867491 ], [ -0.8972149, 41.6868429 ], [ -0.8975282, 41.6867867 ], [ -0.8985596, 41.686939 ], [ -0.8992322, 41.6867845 ], [ -0.8993477, 41.6867532 ], [ -0.9004712, 41.6868119 ], [ -0.9010051, 41.6868169 ], [ -0.9018672, 41.6863709 ], [ -0.9015594, 41.6861552 ], [ -0.900591, 41.6847493 ], [ -0.9006677, 41.6847342 ], [ -0.9003153, 41.6835666 ], [ -0.9000637, 41.6818299 ], [ -0.9004934, 41.6806334 ], [ -0.9004793, 41.6805579 ], [ -0.8993492, 41.680417 ], [ -0.8988908, 41.6803638 ], [ -0.898769, 41.6803496 ], [ -0.8972418, 41.6801724 ], [ -0.896227, 41.6800544 ], [ -0.895147, 41.6799564 ], [ -0.8944068, 41.6798915 ], [ -0.8942706, 41.6798814 ], [ -0.8942682, 41.6798812 ], [ -0.8930159, 41.6798108 ], [ -0.8927798, 41.6798041 ], [ -0.8908822, 41.6797502 ], [ -0.8899521, 41.6797117 ], [ -0.8899531, 41.6797449 ], [ -0.8896327, 41.6797431 ], [ -0.88908, 41.67974 ], [ -0.8887937, 41.6797383 ], [ -0.8877674, 41.6797325 ], [ -0.8874703, 41.6797308 ], [ -0.8872504, 41.6797295 ], [ -0.8868146, 41.679727 ], [ -0.8866056, 41.6797259 ], [ -0.8859922, 41.6797224 ], [ -0.8851934, 41.6797179 ], [ -0.8844318, 41.6797137 ], [ -0.8841369, 41.679712 ], [ -0.8825785, 41.6797007 ], [ -0.8815057, 41.6796924 ], [ -0.8815054, 41.6796412 ], [ -0.8814977, 41.6791988 ], [ -0.8814936, 41.6789687 ], [ -0.8814836, 41.678391 ], [ -0.8814703, 41.6776257 ], [ -0.8814567, 41.6768455 ], [ -0.8814425, 41.6760285 ], [ -0.8814392, 41.675837 ], [ -0.8814392, 41.6758366 ], [ -0.881438, 41.6757683 ], [ -0.881438, 41.6757653 ], [ -0.8814039, 41.6757243 ], [ -0.8812506, 41.6743616 ], [ -0.8810593, 41.6737992 ], [ -0.8809757, 41.6734204 ], [ -0.8809227, 41.6731795 ], [ -0.88092, 41.6730308 ], [ -0.8803156, 41.6730276 ], [ -0.8803142, 41.6730276 ], [ -0.8802932, 41.6734506 ], [ -0.88028, 41.6736584 ], [ -0.8801573, 41.6743196 ], [ -0.879867, 41.6751269 ], [ -0.879649, 41.6755954 ], [ -0.8778861, 41.679672 ], [ -0.8777448, 41.6798658 ], [ -0.8778828, 41.6826844 ], [ -0.8776327, 41.6879957 ], [ -0.8775151, 41.6881617 ], [ -0.8775819, 41.6881644 ], [ -0.8776143, 41.6906772 ] ] ] } },
{ "type": "Feature", "properties": { "CCAA": "02 - Aragón", "PROVINCIA": "50 - Zaragoza", "MUNICIPIO": "50297 - Zaragoza", "COD_MUNICIPIO": "50297", "DISTRITO": "10", "SECCION": "5029710033", "V1_H": 80.53, "V1_M": 86.43, "V2_H": 80.43347749, "V2_M": 86.30479166000001, "V3_H": 80.8868878, "V3_M": 86.74881461 }, "geometry": { "type": "Polygon", "coordinates": [ [ [ -0.8434102, 41.6648502 ], [ -0.8437427, 41.6649773 ], [ -0.8437456, 41.664972 ], [ -0.8448626, 41.6654581 ], [ -0.8461043, 41.66411 ], [ -0.848679, 41.6624325 ], [ -0.8514706, 41.6635096 ], [ -0.8522993, 41.6632155 ], [ -0.8529039, 41.6631456 ], [ -0.8535935, 41.6627576 ], [ -0.8542214, 41.6625469 ], [ -0.854796, 41.6623798 ], [ -0.8559139, 41.6620546 ], [ -0.8560734, 41.6619702 ], [ -0.8562589, 41.6619445 ], [ -0.8563484, 41.6619409 ], [ -0.8563515, 41.6619403 ], [ -0.856344, 41.6619096 ], [ -0.8563131, 41.6616856 ], [ -0.8564104, 41.6615716 ], [ -0.8571787, 41.6614091 ], [ -0.8571906, 41.6611552 ], [ -0.8568215, 41.6611351 ], [ -0.8567622, 41.6611055 ], [ -0.8563296, 41.661086 ], [ -0.8562451, 41.6609202 ], [ -0.8561216, 41.6607388 ], [ -0.8560415, 41.6605584 ], [ -0.8559828, 41.6604335 ], [ -0.8559817, 41.6603686 ], [ -0.8560049, 41.6602813 ], [ -0.856004, 41.6601935 ], [ -0.8560025, 41.6601172 ], [ -0.8563987, 41.6601416 ], [ -0.8572321, 41.6601801 ], [ -0.8576677, 41.6602055 ], [ -0.857686, 41.6599187 ], [ -0.8577179, 41.6595717 ], [ -0.8577469, 41.6592562 ], [ -0.8577513, 41.6591688 ], [ -0.8575675, 41.6591624 ], [ -0.857162, 41.6591483 ], [ -0.8569765, 41.6591418 ], [ -0.8563947, 41.6591216 ], [ -0.8562315, 41.6591159 ], [ -0.8560724, 41.6591104 ], [ -0.8560564, 41.6591097 ], [ -0.8560563, 41.6591098 ], [ -0.8560507, 41.6591096 ], [ -0.8558353, 41.6591022 ], [ -0.855357, 41.6590855 ], [ -0.8552034, 41.6590802 ], [ -0.8545435, 41.658986 ], [ -0.8543474, 41.6589596 ], [ -0.8536129, 41.6588604 ], [ -0.8532613, 41.6587695 ], [ -0.8529472, 41.6586883 ], [ -0.8521605, 41.658485 ], [ -0.8522017, 41.658219 ], [ -0.8522164, 41.6581243 ], [ -0.8522903, 41.6576465 ], [ -0.8523909, 41.6569969 ], [ -0.8524413, 41.6566714 ], [ -0.8524455, 41.6566469 ], [ -0.8524451, 41.6566468 ], [ -0.8505477, 41.6563875 ], [ -0.8495565, 41.6562409 ], [ -0.8495499, 41.6562399 ], [ -0.8494749, 41.6563638 ], [ -0.8492718, 41.6565459 ], [ -0.8490961, 41.6566712 ], [ -0.848999, 41.6567216 ], [ -0.8489969, 41.656729 ], [ -0.8489766, 41.6567286 ], [ -0.8484342, 41.6569853 ], [ -0.8473342, 41.657956 ], [ -0.8469268, 41.6583583 ], [ -0.8464232, 41.6589779 ], [ -0.8462213, 41.6593265 ], [ -0.8461636, 41.6594375 ], [ -0.846198, 41.6595501 ], [ -0.8465382, 41.6600212 ], [ -0.8466613, 41.6601402 ], [ -0.8467378, 41.6603252 ], [ -0.8467607, 41.6603995 ], [ -0.846794, 41.6604501 ], [ -0.8469244, 41.6607338 ], [ -0.8468897, 41.6608213 ], [ -0.8467652, 41.6612193 ], [ -0.8465823, 41.6614637 ], [ -0.8463965, 41.6616985 ], [ -0.8460943, 41.6620884 ], [ -0.8459721, 41.6622291 ], [ -0.8457035, 41.6624695 ], [ -0.845149, 41.6629929 ], [ -0.8446315, 41.6634526 ], [ -0.8440705, 41.6638853 ], [ -0.8438614, 41.6640553 ], [ -0.8434102, 41.6648502 ] ] ] } },
{ "type": "Feature", "properties": { "CCAA": "02 - Aragón", "PROVINCIA": "50 - Zaragoza", "MUNICIPIO": "50297 - Zaragoza", "COD_MUNICIPIO": "50297", "DISTRITO": "11", "SECCION": "5029711002", "V1_H": 80.63, "V1_M": 86.52, "V2_H": 80.3855305, "V2_M": 86.44800565, "V3_H": 80.88841766, "V3_M": 86.66780776 }, "geometry": { "type": "Polygon", "coordinates": [ [ [ -0.8010629, 41.716505 ], [ -0.8014271, 41.7164626 ], [ -0.8021193, 41.7162995 ], [ -0.8023501, 41.7170094 ], [ -0.8023029, 41.7172437 ], [ -0.8023154, 41.7174497 ], [ -0.8022929, 41.7175375 ], [ -0.8023256, 41.7177292 ], [ -0.8023965, 41.7179511 ], [ -0.8018078, 41.7179545 ], [ -0.8016283, 41.7180392 ], [ -0.8020492, 41.7189293 ], [ -0.8021285, 41.719482 ], [ -0.8022979, 41.719691 ], [ -0.8024538, 41.7202967 ], [ -0.8024549, 41.7208405 ], [ -0.8023248, 41.7223521 ], [ -0.8037192, 41.7234664 ], [ -0.8066318, 41.7255139 ], [ -0.8072849, 41.72535 ], [ -0.8070816, 41.7272863 ], [ -0.8078545, 41.7272316 ], [ -0.8086249, 41.7272129 ], [ -0.8091823, 41.727253 ], [ -0.8095847, 41.7272408 ], [ -0.8099482, 41.7272143 ], [ -0.8100447, 41.7271828 ], [ -0.8100926, 41.7264472 ], [ -0.8101291, 41.726213 ], [ -0.8101458, 41.7262126 ], [ -0.8101085, 41.7261716 ], [ -0.8102937, 41.725437 ], [ -0.8103818, 41.7251115 ], [ -0.8104604, 41.7248344 ], [ -0.8105197, 41.7245592 ], [ -0.8105645, 41.7243572 ], [ -0.810693, 41.723986 ], [ -0.8107176, 41.7238683 ], [ -0.8107716, 41.7235271 ], [ -0.810777, 41.7234329 ], [ -0.8107838, 41.72328 ], [ -0.8107588, 41.7231026 ], [ -0.810725, 41.7229124 ], [ -0.8106847, 41.7226271 ], [ -0.8106539, 41.7224425 ], [ -0.8105845, 41.7220575 ], [ -0.810519, 41.7216939 ], [ -0.8104865, 41.7215137 ], [ -0.8104072, 41.7210811 ], [ -0.8103487, 41.720749 ], [ -0.8103201, 41.7205869 ], [ -0.8102609, 41.7202583 ], [ -0.8101937, 41.7198554 ], [ -0.8102086, 41.7193423 ], [ -0.810203, 41.7190157 ], [ -0.8101931, 41.718908 ], [ -0.8101203, 41.7181149 ], [ -0.8101078, 41.7179722 ], [ -0.8100735, 41.7174705 ], [ -0.810282, 41.7171191 ], [ -0.8105578, 41.7166546 ], [ -0.8107128, 41.7162706 ], [ -0.810857, 41.7158987 ], [ -0.8108715, 41.7154128 ], [ -0.8108443, 41.7153215 ], [ -0.8107514, 41.7150053 ], [ -0.8107123, 41.714585 ], [ -0.8110464, 41.7146189 ], [ -0.8111204, 41.7143818 ], [ -0.8113008, 41.7138042 ], [ -0.8113539, 41.7136329 ], [ -0.8114198, 41.7134668 ], [ -0.8114675, 41.7133559 ], [ -0.8115344, 41.7132067 ], [ -0.8118383, 41.7125642 ], [ -0.8118839, 41.7124766 ], [ -0.8119695, 41.7122923 ], [ -0.8120194, 41.7122016 ], [ -0.8121559, 41.71192 ], [ -0.8123842, 41.7114434 ], [ -0.8124916, 41.7112111 ], [ -0.8125527, 41.7110846 ], [ -0.8126532, 41.7108165 ], [ -0.8128165, 41.7104025 ], [ -0.8128748, 41.7102549 ], [ -0.8131604, 41.7095273 ], [ -0.8131999, 41.7094194 ], [ -0.8134121, 41.7088848 ], [ -0.8135822, 41.7084593 ], [ -0.8136324, 41.7083309 ], [ -0.8137094, 41.7081374 ], [ -0.8137453, 41.7080427 ], [ -0.8137894, 41.7079196 ], [ -0.8138551, 41.7077552 ], [ -0.8139458, 41.7075283 ], [ -0.8140111, 41.7073649 ], [ -0.8140598, 41.7072243 ], [ -0.8140913, 41.7071117 ], [ -0.8141801, 41.7066954 ], [ -0.8142502, 41.7063664 ], [ -0.8144044, 41.7056424 ], [ -0.8144551, 41.7054048 ], [ -0.8145324, 41.7050422 ], [ -0.8146868, 41.7043187 ], [ -0.8147413, 41.7040676 ], [ -0.8149309, 41.7031927 ], [ -0.8151348, 41.7022515 ], [ -0.8151854, 41.7019665 ], [ -0.8151988, 41.7018449 ], [ -0.8152083, 41.7015739 ], [ -0.8152115, 41.7013336 ], [ -0.8152146, 41.700929 ], [ -0.8152141, 41.7003034 ], [ -0.8152178, 41.6997677 ], [ -0.8152339, 41.6996497 ], [ -0.8152734, 41.6994958 ], [ -0.8153236, 41.69938 ], [ -0.8153786, 41.6992645 ], [ -0.815518, 41.6990123 ], [ -0.8157059, 41.6986621 ], [ -0.8159692, 41.6981704 ], [ -0.8160267, 41.6980306 ], [ -0.816056, 41.6979564 ], [ -0.8160792, 41.6978793 ], [ -0.8161014, 41.6977971 ], [ -0.8161216, 41.6976984 ], [ -0.8161852, 41.6973633 ], [ -0.8162787, 41.6968103 ], [ -0.8163528, 41.696421 ], [ -0.8163875, 41.69634 ], [ -0.8164458, 41.6962403 ], [ -0.816498, 41.6961792 ], [ -0.8165721, 41.6961124 ], [ -0.8166234, 41.6960733 ], [ -0.8167793, 41.6959858 ], [ -0.8169756, 41.6958858 ], [ -0.8173924, 41.6956818 ], [ -0.818365, 41.6952563 ], [ -0.8189322, 41.694993 ], [ -0.8195479, 41.6947058 ], [ -0.819717, 41.6945553 ], [ -0.8199105, 41.6943998 ], [ -0.8202188, 41.6941264 ], [ -0.8203687, 41.6940341 ], [ -0.8206321, 41.6938815 ], [ -0.8208741, 41.6937473 ], [ -0.821344, 41.693488 ], [ -0.8218884, 41.6931898 ], [ -0.8222057, 41.6930135 ], [ -0.8234318, 41.6923287 ], [ -0.8238188, 41.6921122 ], [ -0.8243577, 41.6918109 ], [ -0.8245955, 41.6916693 ], [ -0.8248059, 41.691538 ], [ -0.8249172, 41.6914532 ], [ -0.8250702, 41.6913002 ], [ -0.825223, 41.6911541 ], [ -0.8253711, 41.6910048 ], [ -0.8256886, 41.6906845 ], [ -0.8259395, 41.6904312 ], [ -0.8260254, 41.6903453 ], [ -0.8263587, 41.6900144 ], [ -0.8267098, 41.6896659 ], [ -0.8273006, 41.6890731 ], [ -0.8276769, 41.6886974 ], [ -0.8280896, 41.6882929 ], [ -0.8281426, 41.6882132 ], [ -0.828118, 41.6882058 ], [ -0.8281111, 41.6882133 ], [ -0.8276891, 41.6880565 ], [ -0.8277948, 41.6878881 ], [ -0.8248728, 41.6867419 ], [ -0.8235628, 41.6863687 ], [ -0.8224804, 41.6860009 ], [ -0.8217596, 41.6857844 ], [ -0.8216456, 41.6859894 ], [ -0.8205422, 41.6856597 ], [ -0.8207447, 41.6850216 ], [ -0.8204728, 41.6850545 ], [ -0.8196279, 41.6852614 ], [ -0.8190154, 41.6849863 ], [ -0.8180587, 41.6845021 ], [ -0.8174172, 41.6842873 ], [ -0.8164163, 41.6843088 ], [ -0.8152242, 41.6843874 ], [ -0.8148129, 41.6845619 ], [ -0.8138335, 41.6847459 ], [ -0.8126072, 41.6850366 ], [ -0.812096, 41.6849661 ], [ -0.8117386, 41.6851416 ], [ -0.8113881, 41.6851147 ], [ -0.8108776, 41.6850239 ], [ -0.8103657, 41.6849736 ], [ -0.8094622, 41.684781 ], [ -0.8088934, 41.6861411 ], [ -0.8094373, 41.6868404 ], [ -0.8101681, 41.6868138 ], [ -0.810181, 41.6869042 ], [ -0.8096257, 41.6892554 ], [ -0.8076461, 41.6902307 ], [ -0.8076628, 41.690535 ], [ -0.807816, 41.6908014 ], [ -0.8075403, 41.6909582 ], [ -0.8066592, 41.6914277 ], [ -0.8061225, 41.6921064 ], [ -0.805779, 41.6926672 ], [ -0.8052014, 41.6937504 ], [ -0.8048327, 41.69426 ], [ -0.8043797, 41.6948593 ], [ -0.8039329, 41.6952763 ], [ -0.8032035, 41.6952623 ], [ -0.8033802, 41.6956304 ], [ -0.8037107, 41.6962447 ], [ -0.8037143, 41.6969337 ], [ -0.8034914, 41.6979223 ], [ -0.8034216, 41.6991773 ], [ -0.803556, 41.7015811 ], [ -0.8036164, 41.7021902 ], [ -0.8034917, 41.7026741 ], [ -0.8035979, 41.7035272 ], [ -0.803325, 41.7043933 ], [ -0.8032504, 41.70579 ], [ -0.8031138, 41.7074186 ], [ -0.8030578, 41.7082686 ], [ -0.8029421, 41.7084893 ], [ -0.8030406, 41.7087749 ], [ -0.8029131, 41.7093398 ], [ -0.8028757, 41.709643 ], [ -0.8028114, 41.7099457 ], [ -0.8028024, 41.710209 ], [ -0.8028177, 41.7105538 ], [ -0.8025198, 41.7113586 ], [ -0.8021471, 41.7119796 ], [ -0.8016981, 41.7124573 ], [ -0.8013108, 41.7127134 ], [ -0.8010904, 41.7128307 ], [ -0.8009491, 41.7130104 ], [ -0.8004328, 41.7130815 ], [ -0.800103, 41.7132373 ], [ -0.7995843, 41.7133794 ], [ -0.8000646, 41.7143612 ], [ -0.8006919, 41.7157916 ], [ -0.8010629, 41.716505 ] ] ] } },
{ "type": "Feature", "properties": { "CCAA": "02 - Aragón", "PROVINCIA": "50 - Zaragoza", "MUNICIPIO": "50297 - Zaragoza", "COD_MUNICIPIO": "50297", "DISTRITO": "12", "SECCION": "5029712004", "V1_H": 80.27, "V1_M": 86.36, "V2_H": 80.04050342, "V2_M": 86.25745667, "V3_H": 80.55487256000001, "V3_M": 86.64917866 }, "geometry": { "type": "Polygon", "coordinates": [ [ [ -1.0627703, 41.7126489 ], [ -1.0627627, 41.7126546 ], [ -1.0617141, 41.7120981 ], [ -1.0611714, 41.7118482 ], [ -1.0606442, 41.7116129 ], [ -1.0603475, 41.7116437 ], [ -1.0598023, 41.711582 ], [ -1.0595236, 41.711544 ], [ -1.0592433, 41.7115607 ], [ -1.0589754, 41.7115847 ], [ -1.0586675, 41.7115652 ], [ -1.0583275, 41.7115571 ], [ -1.0580214, 41.7115805 ], [ -1.0578213, 41.7115724 ], [ -1.0576824, 41.7115393 ], [ -1.057492, 41.7114191 ], [ -1.0573078, 41.7113042 ], [ -1.0569829, 41.7110077 ], [ -1.0568356, 41.7108289 ], [ -1.0566134, 41.710711 ], [ -1.0561716, 41.7105961 ], [ -1.0557375, 41.7104362 ], [ -1.0554236, 41.7103022 ], [ -1.0548376, 41.7101186 ], [ -1.0545512, 41.7099136 ], [ -1.0543649, 41.7096599 ], [ -1.0538682, 41.709256 ], [ -1.0534011, 41.7088239 ], [ -1.0527747, 41.7080819 ], [ -1.0521102, 41.7077609 ], [ -1.0511554, 41.7073655 ], [ -1.050544, 41.7074981 ], [ -1.050439, 41.7075347 ], [ -1.0501902, 41.7076188 ], [ -1.0500167, 41.7076755 ], [ -1.0500273, 41.7078408 ], [ -1.0500322, 41.7078498 ], [ -1.0500354, 41.7078558 ], [ -1.0497162, 41.7082542 ], [ -1.0496176, 41.7083621 ], [ -1.0494857, 41.708622 ], [ -1.0489991, 41.7094205 ], [ -1.0488883, 41.7095092 ], [ -1.0486453, 41.7097462 ], [ -1.0486474, 41.7097534 ], [ -1.0483368, 41.7100712 ], [ -1.0483298, 41.7100839 ], [ -1.0480114, 41.710416 ], [ -1.0479633, 41.7104343 ], [ -1.0478307, 41.7105059 ], [ -1.0477553, 41.7105809 ], [ -1.0475723, 41.710847 ], [ -1.0474366, 41.7110234 ], [ -1.0471708, 41.7113978 ], [ -1.0471702, 41.711403 ], [ -1.0471698, 41.7114027 ], [ -1.0471199, 41.7114654 ], [ -1.0471319, 41.7115943 ], [ -1.0471609, 41.7116877 ], [ -1.0471772, 41.7117785 ], [ -1.0472108, 41.7119292 ], [ -1.047251, 41.7122826 ], [ -1.0472559, 41.7124352 ], [ -1.0472157, 41.7126085 ], [ -1.0471447, 41.7127455 ], [ -1.0469993, 41.7129265 ], [ -1.0467873, 41.7132065 ], [ -1.0467385, 41.7133486 ], [ -1.0466304, 41.7134516 ], [ -1.0465616, 41.7134147 ], [ -1.0464571, 41.7133986 ], [ -1.0463236, 41.7133964 ], [ -1.0461759, 41.7134415 ], [ -1.0459774, 41.7134858 ], [ -1.0457774, 41.7134752 ], [ -1.0456515, 41.7134302 ], [ -1.0455306, 41.7133281 ], [ -1.0452678, 41.7130805 ], [ -1.0450775, 41.7129558 ], [ -1.0448583, 41.7128448 ], [ -1.0444553, 41.7127093 ], [ -1.0440233, 41.7124827 ], [ -1.0438876, 41.712447 ], [ -1.0434009, 41.7123458 ], [ -1.0429908, 41.7122387 ], [ -1.0422263, 41.7118587 ], [ -1.0412651, 41.7114658 ], [ -1.0411993, 41.7113265 ], [ -1.0412098, 41.7111932 ], [ -1.0412738, 41.7109703 ], [ -1.0411998, 41.7108928 ], [ -1.0405254, 41.7104809 ], [ -1.0400636, 41.7101871 ], [ -1.0399772, 41.7100998 ], [ -1.0397871, 41.7098678 ], [ -1.0395996, 41.7097598 ], [ -1.0392413, 41.7096202 ], [ -1.0389843, 41.7094967 ], [ -1.0387718, 41.7093739 ], [ -1.038712, 41.709249 ], [ -1.038657, 41.7091934 ], [ -1.0384545, 41.7093891 ], [ -1.0380776, 41.7097294 ], [ -1.0379388, 41.7098515 ], [ -1.0373695, 41.7099486 ], [ -1.0363227, 41.7101272 ], [ -1.0348892, 41.7094356 ], [ -1.033851, 41.7090386 ], [ -1.0338509, 41.7090385 ], [ -1.0337851, 41.708994 ], [ -1.0333023, 41.708666 ], [ -1.033108, 41.7085321 ], [ -1.0328839, 41.7083932 ], [ -1.0327344, 41.7083681 ], [ -1.0324917, 41.708445 ], [ -1.0323936, 41.7084811 ], [ -1.0319311, 41.7083042 ], [ -1.0309187, 41.7089978 ], [ -1.030888, 41.7090074 ], [ -1.0303542, 41.7091694 ], [ -1.0300078, 41.7092941 ], [ -1.0299157, 41.70936 ], [ -1.029817, 41.7094439 ], [ -1.0296135, 41.7096115 ], [ -1.0293907, 41.7098238 ], [ -1.0293213, 41.7099307 ], [ -1.0292802, 41.7100967 ], [ -1.0292725, 41.7101255 ], [ -1.0292395, 41.7102491 ], [ -1.029112, 41.7104856 ], [ -1.0290098, 41.7106864 ], [ -1.028976, 41.7108074 ], [ -1.0289924, 41.7108618 ], [ -1.0290655, 41.7110251 ], [ -1.0290909, 41.7111786 ], [ -1.0291224, 41.7113278 ], [ -1.0291879, 41.7119369 ], [ -1.0292583, 41.712582 ], [ -1.0293134, 41.7129433 ], [ -1.0293871, 41.7130886 ], [ -1.029554, 41.7133302 ], [ -1.029704, 41.7135354 ], [ -1.0297651, 41.7136986 ], [ -1.0297832, 41.7138925 ], [ -1.0297428, 41.7140359 ], [ -1.029614, 41.7143174 ], [ -1.0295572, 41.7144065 ], [ -1.0294391, 41.714535 ], [ -1.0291426, 41.7147957 ], [ -1.0288581, 41.7150565 ], [ -1.0287332, 41.715212 ], [ -1.0286829, 41.7152832 ], [ -1.0285576, 41.7154521 ], [ -1.0280503, 41.7157271 ], [ -1.0278929, 41.7157759 ], [ -1.0278918, 41.7157762 ], [ -1.0279041, 41.7157828 ], [ -1.0279659, 41.7158213 ], [ -1.0280788, 41.7158917 ], [ -1.0281898, 41.7159608 ], [ -1.0283278, 41.7160467 ], [ -1.0284073, 41.7160963 ], [ -1.0285549, 41.7161882 ], [ -1.0287387, 41.7163027 ], [ -1.0286989, 41.7163376 ], [ -1.0285117, 41.7165078 ], [ -1.028443, 41.7166073 ], [ -1.0284632, 41.7166342 ], [ -1.0286186, 41.716742 ], [ -1.0288731, 41.7169185 ], [ -1.0289278, 41.7169564 ], [ -1.0290294, 41.7170269 ], [ -1.0290386, 41.7170327 ], [ -1.0290481, 41.7170388 ], [ -1.0291406, 41.7169862 ], [ -1.0292979, 41.7168889 ], [ -1.0293487, 41.7168568 ], [ -1.0294701, 41.7167711 ], [ -1.0295533, 41.7167047 ], [ -1.029698, 41.7165892 ], [ -1.0297497, 41.7165531 ], [ -1.0298175, 41.7165065 ], [ -1.0298622, 41.7164729 ], [ -1.0299057, 41.7164381 ], [ -1.0300477, 41.7165406 ], [ -1.0302429, 41.7166816 ], [ -1.030487, 41.7168578 ], [ -1.0305992, 41.7169389 ], [ -1.0306819, 41.7169987 ], [ -1.0306211, 41.7170402 ], [ -1.0303858, 41.7172007 ], [ -1.030268, 41.7172849 ], [ -1.0302109, 41.7173351 ], [ -1.0301746, 41.7173612 ], [ -1.0301241, 41.7173978 ], [ -1.0301238, 41.717398 ], [ -1.030069, 41.7174449 ], [ -1.0300456, 41.7174631 ], [ -1.0299819, 41.7175065 ], [ -1.0299603, 41.7175245 ], [ -1.029907, 41.7175646 ], [ -1.0299057, 41.7175656 ], [ -1.0298728, 41.7175918 ], [ -1.0298063, 41.7176449 ], [ -1.029782, 41.7176812 ], [ -1.0296158, 41.7178145 ], [ -1.0295376, 41.7178773 ], [ -1.0293871, 41.717998 ], [ -1.0292228, 41.7181297 ], [ -1.0291156, 41.7182157 ], [ -1.028904, 41.718385 ], [ -1.0288574, 41.7184222 ], [ -1.0287755, 41.7184876 ], [ -1.0287663, 41.718495 ], [ -1.0286647, 41.7185762 ], [ -1.0284926, 41.7187132 ], [ -1.0283768, 41.7188054 ], [ -1.0283259, 41.7188461 ], [ -1.0282725, 41.7188887 ], [ -1.0282622, 41.7188975 ], [ -1.0284704, 41.7189992 ], [ -1.0287683, 41.7191447 ], [ -1.0290759, 41.7192948 ], [ -1.0294233, 41.7194645 ], [ -1.0297564, 41.7196269 ], [ -1.0299809, 41.7197352 ], [ -1.030144, 41.7198137 ], [ -1.0306447, 41.7200553 ], [ -1.0307533, 41.7201077 ], [ -1.0314667, 41.7204519 ], [ -1.0318349, 41.7206295 ], [ -1.0320019, 41.7207101 ], [ -1.0327663, 41.7210788 ], [ -1.033023, 41.7212027 ], [ -1.0333263, 41.7213489 ], [ -1.0336012, 41.7214806 ], [ -1.0339665, 41.7216495 ], [ -1.0341338, 41.7217268 ], [ -1.0344175, 41.7218573 ], [ -1.0347793, 41.7220252 ], [ -1.0350173, 41.7221359 ], [ -1.0352623, 41.7222599 ], [ -1.0355268, 41.7223937 ], [ -1.0356322, 41.7224471 ], [ -1.0357122, 41.7224852 ], [ -1.0360197, 41.7226298 ], [ -1.0362616, 41.7227407 ], [ -1.0370563, 41.7231609 ], [ -1.0372765, 41.7232696 ], [ -1.0379508, 41.7236027 ], [ -1.0382816, 41.7237661 ], [ -1.0383171, 41.7237836 ], [ -1.0384172, 41.7238326 ], [ -1.0384173, 41.7238327 ], [ -1.0389271, 41.7240823 ], [ -1.040184, 41.7247124 ], [ -1.0403777, 41.7248095 ], [ -1.0404407, 41.7248461 ], [ -1.0409513, 41.725112 ], [ -1.0445342, 41.7270824 ], [ -1.0445932, 41.7271195 ], [ -1.0468553, 41.7286441 ], [ -1.0471777, 41.7288664 ], [ -1.0475384, 41.729115 ], [ -1.048252, 41.7293703 ], [ -1.0485609, 41.7294927 ], [ -1.0491348, 41.729684 ], [ -1.054084, 41.7313337 ], [ -1.0540641, 41.7313693 ], [ -1.0544642, 41.7314977 ], [ -1.0568798, 41.7323312 ], [ -1.0583663, 41.7328787 ], [ -1.0599419, 41.7334593 ], [ -1.0612672, 41.7339588 ], [ -1.0617431, 41.7341381 ], [ -1.062968, 41.7345911 ], [ -1.064341, 41.7351142 ], [ -1.0650894, 41.7354195 ], [ -1.0660788, 41.7357064 ], [ -1.0662397, 41.7357541 ], [ -1.0666695, 41.7358559 ], [ -1.0670867, 41.7359563 ], [ -1.0672127, 41.7359867 ], [ -1.0679058, 41.7361289 ], [ -1.0686761, 41.736304 ], [ -1.0693335, 41.7364366 ], [ -1.0697635, 41.7365339 ], [ -1.0701033, 41.7366297 ], [ -1.0705914, 41.7367955 ], [ -1.0708473, 41.7368809 ], [ -1.0709781, 41.736928 ], [ -1.0713945, 41.7370792 ], [ -1.0718405, 41.7372443 ], [ -1.0734396, 41.7378521 ], [ -1.074735, 41.7383646 ], [ -1.0754961, 41.7386476 ], [ -1.0754608, 41.7388226 ], [ -1.0743653, 41.7398715 ], [ -1.074316, 41.7399112 ], [ -1.0747862, 41.7402704 ], [ -1.0750218, 41.7404364 ], [ -1.0756881, 41.7408754 ], [ -1.0769075, 41.74172 ], [ -1.077326, 41.7420016 ], [ -1.0776745, 41.7422101 ], [ -1.0783366, 41.7425905 ], [ -1.0787436, 41.742854 ], [ -1.0790321, 41.7430614 ], [ -1.0795499, 41.7434394 ], [ -1.079615, 41.7434765 ], [ -1.0797677, 41.7435961 ], [ -1.0800279, 41.7437445 ], [ -1.080154, 41.743808 ], [ -1.080324, 41.7438936 ], [ -1.0806876, 41.7440032 ], [ -1.0810173, 41.7440358 ], [ -1.0819574, 41.7439659 ], [ -1.0828089, 41.7440432 ], [ -1.0832236, 41.7440891 ], [ -1.0832404, 41.7440909 ], [ -1.0832533, 41.7440941 ], [ -1.0835883, 41.7441744 ], [ -1.0834381, 41.7449139 ], [ -1.0829489, 41.7455902 ], [ -1.0831433, 41.7459266 ], [ -1.0850078, 41.7474349 ], [ -1.0859854, 41.7482257 ], [ -1.0867576, 41.7485447 ], [ -1.0868182, 41.7484416 ], [ -1.0872634, 41.7487379 ], [ -1.0876533, 41.748974 ], [ -1.0878162, 41.7489542 ], [ -1.0879249, 41.7485327 ], [ -1.0880593, 41.7482602 ], [ -1.0889101, 41.7483645 ], [ -1.0891095, 41.7485344 ], [ -1.0895014, 41.748703 ], [ -1.0905054, 41.7491161 ], [ -1.0917769, 41.7496427 ], [ -1.0920796, 41.7497681 ], [ -1.0929177, 41.7501018 ], [ -1.0939594, 41.7505288 ], [ -1.0939672, 41.750532 ], [ -1.0947618, 41.7507674 ], [ -1.0957133, 41.7511835 ], [ -1.0972527, 41.7518567 ], [ -1.0978014, 41.7520967 ], [ -1.0984448, 41.7523055 ], [ -1.0986669, 41.7523338 ], [ -1.0987025, 41.7523457 ], [ -1.0989162, 41.7524394 ], [ -1.09907, 41.7525275 ], [ -1.0996668, 41.7528841 ], [ -1.0999042, 41.7529916 ], [ -1.0999592, 41.752961 ], [ -1.1000377, 41.7529533 ], [ -1.1001225, 41.7529322 ], [ -1.1002974, 41.7529126 ], [ -1.1005909, 41.7529534 ], [ -1.1009745, 41.7529958 ], [ -1.1014127, 41.7530256 ], [ -1.1017064, 41.7530575 ], [ -1.1018505, 41.7530644 ], [ -1.1018775, 41.7530609 ], [ -1.1020376, 41.7530404 ], [ -1.1022784, 41.7530354 ], [ -1.102547, 41.7530554 ], [ -1.1025904, 41.7530586 ], [ -1.1025877, 41.7531486 ], [ -1.1027601, 41.7532189 ], [ -1.1027704, 41.7534804 ], [ -1.1028639, 41.753572 ], [ -1.1028683, 41.7535754 ], [ -1.1031344, 41.7537791 ], [ -1.1033398, 41.7539536 ], [ -1.103553, 41.7540652 ], [ -1.1037366, 41.7541628 ], [ -1.1040441, 41.754339 ], [ -1.1043023, 41.7543523 ], [ -1.1045901, 41.754384 ], [ -1.1046572, 41.7543491 ], [ -1.1047531, 41.7543597 ], [ -1.1048484, 41.7543928 ], [ -1.1050501, 41.7544862 ], [ -1.105305, 41.754612 ], [ -1.1055839, 41.7547382 ], [ -1.1059465, 41.7548838 ], [ -1.1062437, 41.7550012 ], [ -1.1065136, 41.7551424 ], [ -1.106759, 41.7552709 ], [ -1.1069255, 41.7553367 ], [ -1.1070803, 41.7553888 ], [ -1.1072567, 41.7555268 ], [ -1.1073775, 41.7555108 ], [ -1.1075612, 41.7553967 ], [ -1.1074232, 41.7551828 ], [ -1.1074152, 41.7550431 ], [ -1.1074899, 41.7545489 ], [ -1.1081798, 41.7552223 ], [ -1.1090025, 41.7560825 ], [ -1.108833, 41.7561202 ], [ -1.108409, 41.7562213 ], [ -1.1079678, 41.7562951 ], [ -1.1077211, 41.7563 ], [ -1.1074513, 41.756273 ], [ -1.1072721, 41.7562296 ], [ -1.107054, 41.7562845 ], [ -1.1067036, 41.7563373 ], [ -1.1063905, 41.7563501 ], [ -1.1060782, 41.756336 ], [ -1.1060758, 41.756417 ], [ -1.105372, 41.7566261 ], [ -1.1051071, 41.7566352 ], [ -1.1048833, 41.756681 ], [ -1.1048213, 41.7567431 ], [ -1.1046974, 41.7568671 ], [ -1.1045031, 41.7569269 ], [ -1.1042865, 41.7569324 ], [ -1.1037447, 41.7569504 ], [ -1.1036938, 41.7570442 ], [ -1.1036236, 41.7571826 ], [ -1.1034785, 41.7574144 ], [ -1.1055656, 41.7572012 ], [ -1.1057894, 41.7571598 ], [ -1.1060147, 41.75706 ], [ -1.1060938, 41.7570297 ], [ -1.1062609, 41.7570775 ], [ -1.1066211, 41.757097 ], [ -1.1070667, 41.7570773 ], [ -1.1074599, 41.7570027 ], [ -1.1078151, 41.7569906 ], [ -1.1080735, 41.7569948 ], [ -1.1082112, 41.7570151 ], [ -1.1087275, 41.7568435 ], [ -1.1090699, 41.7568581 ], [ -1.1092498, 41.756672 ], [ -1.1093204, 41.75652 ], [ -1.1095885, 41.7564028 ], [ -1.1098685, 41.7562858 ], [ -1.1099596, 41.7562558 ], [ -1.1096381, 41.7559398 ], [ -1.1087367, 41.7550963 ], [ -1.1075258, 41.7539416 ], [ -1.1066893, 41.7531442 ], [ -1.1061394, 41.7526173 ], [ -1.1046706, 41.7516473 ], [ -1.1035727, 41.7509447 ], [ -1.1020273, 41.7501266 ], [ -1.1018747, 41.749998 ], [ -1.1012461, 41.7496995 ], [ -1.0991172, 41.7488967 ], [ -1.0975113, 41.7482911 ], [ -1.0974765, 41.7482722 ], [ -1.0972308, 41.7482054 ], [ -1.0967441, 41.7479902 ], [ -1.0961175, 41.7476196 ], [ -1.0958238, 41.7474459 ], [ -1.0952887, 41.7471295 ], [ -1.0927019, 41.7455995 ], [ -1.0924862, 41.74552 ], [ -1.0900565, 41.7446242 ], [ -1.0877316, 41.7434994 ], [ -1.0861963, 41.7427578 ], [ -1.0843942, 41.7418901 ], [ -1.0830942, 41.741328 ], [ -1.0824582, 41.7410787 ], [ -1.0815625, 41.7407244 ], [ -1.0815624, 41.7407243 ], [ -1.0800123, 41.7400201 ], [ -1.0704, 41.7364509 ], [ -1.0694716, 41.7361721 ], [ -1.0676673, 41.7358129 ], [ -1.0655837, 41.7350103 ], [ -1.0627472, 41.7339319 ], [ -1.0604895, 41.7330825 ], [ -1.0575056, 41.7320453 ], [ -1.0566664, 41.7317242 ], [ -1.0548349, 41.7303337 ], [ -1.053751, 41.7293944 ], [ -1.0520478, 41.7279914 ], [ -1.0520395, 41.7279846 ], [ -1.0517102, 41.7277404 ], [ -1.0513161, 41.7274545 ], [ -1.0511972, 41.7274017 ], [ -1.0511263, 41.7273702 ], [ -1.050835, 41.7272617 ], [ -1.0507407, 41.727197 ], [ -1.0507124, 41.7271425 ], [ -1.0507164, 41.7270075 ], [ -1.0507089, 41.7264625 ], [ -1.0506943, 41.726147 ], [ -1.0506402, 41.7259524 ], [ -1.0505574, 41.7257079 ], [ -1.0505411, 41.725649 ], [ -1.0505465, 41.725469 ], [ -1.0505285, 41.7252705 ], [ -1.0504952, 41.7251799 ], [ -1.0503968, 41.7250566 ], [ -1.0501986, 41.7248506 ], [ -1.0499491, 41.7245537 ], [ -1.0497815, 41.7243302 ], [ -1.0497364, 41.7242349 ], [ -1.0497138, 41.7241849 ], [ -1.0496212, 41.7240663 ], [ -1.0495882, 41.7240229 ], [ -1.0494131, 41.7237926 ], [ -1.0492166, 41.7235325 ], [ -1.0489966, 41.7232541 ], [ -1.0488448, 41.7231074 ], [ -1.0487281, 41.7229884 ], [ -1.0485194, 41.7227371 ], [ -1.0483036, 41.7225173 ], [ -1.048169, 41.7223979 ], [ -1.0482084, 41.722286 ], [ -1.0482737, 41.722116 ], [ -1.048313, 41.7220085 ], [ -1.0483791, 41.7216134 ], [ -1.0483907, 41.7214289 ], [ -1.0483845, 41.7212352 ], [ -1.0483689, 41.7209558 ], [ -1.0483664, 41.7208387 ], [ -1.0484216, 41.7206054 ], [ -1.0485281, 41.720265 ], [ -1.0486339, 41.719947 ], [ -1.0487393, 41.7196426 ], [ -1.0488763, 41.7192847 ], [ -1.0490459, 41.7188463 ], [ -1.0491911, 41.7188126 ], [ -1.0491081, 41.7187753 ], [ -1.0492898, 41.7187288 ], [ -1.0493687, 41.7186809 ], [ -1.0496144, 41.7185317 ], [ -1.0501046, 41.7182202 ], [ -1.0503147, 41.718101 ], [ -1.0505205, 41.7179842 ], [ -1.0506719, 41.7179462 ], [ -1.0507806, 41.7179325 ], [ -1.0513657, 41.7178589 ], [ -1.0520108, 41.7177933 ], [ -1.0523367, 41.7177493 ], [ -1.0525309, 41.7176895 ], [ -1.0527998, 41.717541 ], [ -1.0530952, 41.7173118 ], [ -1.0531446, 41.7172687 ], [ -1.0534039, 41.7170424 ], [ -1.0537545, 41.7167781 ], [ -1.0542575, 41.7164398 ], [ -1.0548757, 41.716072 ], [ -1.0555425, 41.7156825 ], [ -1.0560431, 41.7154254 ], [ -1.0562742, 41.7153347 ], [ -1.0564247, 41.7153282 ], [ -1.0565863, 41.7153273 ], [ -1.0568214, 41.7153259 ], [ -1.0571525, 41.715309 ], [ -1.0574791, 41.7152425 ], [ -1.057643, 41.7151867 ], [ -1.0579298, 41.715043 ], [ -1.0581745, 41.714903 ], [ -1.058402, 41.7147312 ], [ -1.058428, 41.7147131 ], [ -1.0586291, 41.714573 ], [ -1.0588676, 41.7144374 ], [ -1.0592404, 41.714232 ], [ -1.059326, 41.7142318 ], [ -1.0594029, 41.7142404 ], [ -1.0594384, 41.7142444 ], [ -1.059792, 41.7142774 ], [ -1.0600979, 41.7142961 ], [ -1.0606167, 41.7142328 ], [ -1.0608702, 41.7141965 ], [ -1.0609666, 41.7141892 ], [ -1.0618606, 41.7142403 ], [ -1.0624413, 41.714115 ], [ -1.0624655, 41.714087 ], [ -1.0624911, 41.7140573 ], [ -1.0627315, 41.7138601 ], [ -1.06283, 41.7137792 ], [ -1.0634081, 41.7133432 ], [ -1.0638383, 41.7130262 ], [ -1.0638986, 41.7129757 ], [ -1.0631626, 41.7127879 ], [ -1.0628131, 41.7126724 ], [ -1.0627703, 41.7126489 ] ] ] } },
{ "type": "Feature", "properties": { "CCAA": "02 - Aragón", "PROVINCIA": "50 - Zaragoza", "MUNICIPIO": "50297 - Zaragoza", "COD_MUNICIPIO": "50297", "DISTRITO": "05", "SECCION": "5029705002", "V1_H": 81.47, "V1_M": 86.8, "V2_H": 81.3148143, "V2_M": 86.48589846, "V3_H": 81.69126572, "V3_M": 87.1320201 }, "geometry": { "type": "Polygon", "coordinates": [ [ [ -0.8609913, 41.6211175 ], [ -0.8602441, 41.6213366 ], [ -0.8589639, 41.6216368 ], [ -0.8571391, 41.62227 ], [ -0.8563517, 41.6226462 ], [ -0.8548727, 41.6232936 ], [ -0.8559475, 41.6241209 ], [ -0.8580164, 41.6257415 ], [ -0.8593819, 41.6268075 ], [ -0.8613265, 41.6283407 ], [ -0.8628436, 41.6295368 ], [ -0.8633777, 41.629958 ], [ -0.8631063, 41.6298403 ], [ -0.8625052, 41.6295728 ], [ -0.8614677, 41.629224 ], [ -0.8604229, 41.6290948 ], [ -0.8595684, 41.6291154 ], [ -0.8587583, 41.6292651 ], [ -0.8579453, 41.6295061 ], [ -0.8574254, 41.6297344 ], [ -0.8568775, 41.630072 ], [ -0.8564756, 41.630381 ], [ -0.8564821, 41.6303851 ], [ -0.856545, 41.6304249 ], [ -0.8576153, 41.6310908 ], [ -0.857703, 41.631144 ], [ -0.8582801, 41.6314936 ], [ -0.8583398, 41.6315306 ], [ -0.8591624, 41.6320413 ], [ -0.8600015, 41.6328769 ], [ -0.8601026, 41.6329801 ], [ -0.8605612, 41.6334489 ], [ -0.8616264, 41.6345375 ], [ -0.8622874, 41.6351886 ], [ -0.8632843, 41.6361709 ], [ -0.8637964, 41.6366918 ], [ -0.8641573, 41.6371235 ], [ -0.8647404, 41.6379139 ], [ -0.8648271, 41.6380315 ], [ -0.865134, 41.6384429 ], [ -0.8655859, 41.6390487 ], [ -0.8656775, 41.6391601 ], [ -0.8656987, 41.639186 ], [ -0.8660529, 41.6396507 ], [ -0.8661876, 41.6398297 ], [ -0.8662213, 41.6398745 ], [ -0.8663841, 41.6400606 ], [ -0.8675005, 41.6398157 ], [ -0.8672011, 41.638876 ], [ -0.8668232, 41.6383924 ], [ -0.8677199, 41.6373489 ], [ -0.8678595, 41.637439 ], [ -0.867962, 41.6375051 ], [ -0.8681047, 41.6375969 ], [ -0.8682514, 41.6376908 ], [ -0.8684506, 41.6378181 ], [ -0.8686078, 41.6379185 ], [ -0.8688927, 41.6381004 ], [ -0.868952, 41.6381259 ], [ -0.8689566, 41.6380968 ], [ -0.8689778, 41.6379321 ], [ -0.8690022, 41.6377312 ], [ -0.8690431, 41.6374013 ], [ -0.8690506, 41.6373444 ], [ -0.8690562, 41.6371655 ], [ -0.8690547, 41.6371143 ], [ -0.8693162, 41.6370224 ], [ -0.8694914, 41.6369609 ], [ -0.8700688, 41.6367582 ], [ -0.8703466, 41.6366606 ], [ -0.8707199, 41.6365295 ], [ -0.8710368, 41.6364182 ], [ -0.8712785, 41.6363334 ], [ -0.8719495, 41.6360977 ], [ -0.872095, 41.6360466 ], [ -0.8725145, 41.6358992 ], [ -0.87255, 41.6358879 ], [ -0.8725771, 41.6357386 ], [ -0.8726078, 41.6355732 ], [ -0.8727249, 41.6354002 ], [ -0.8727519, 41.6353387 ], [ -0.8724108, 41.6351633 ], [ -0.872125, 41.6350164 ], [ -0.8719677, 41.6349355 ], [ -0.8714974, 41.6346936 ], [ -0.8712503, 41.6345685 ], [ -0.8710438, 41.6344609 ], [ -0.8709646, 41.6344205 ], [ -0.8705116, 41.6341888 ], [ -0.8700614, 41.6339569 ], [ -0.8701487, 41.6336292 ], [ -0.8700833, 41.6334737 ], [ -0.8694335, 41.633113 ], [ -0.8691423, 41.6329844 ], [ -0.8687883, 41.6328241 ], [ -0.8687133, 41.6325853 ], [ -0.8685861, 41.6323117 ], [ -0.8685244, 41.6321791 ], [ -0.8681756, 41.6314287 ], [ -0.8681286, 41.6313214 ], [ -0.8679816, 41.630688 ], [ -0.8679724, 41.6305918 ], [ -0.8679281, 41.6301191 ], [ -0.8679839, 41.6298549 ], [ -0.8680431, 41.6295751 ], [ -0.8682513, 41.6294366 ], [ -0.8682894, 41.6294156 ], [ -0.8682885, 41.6294118 ], [ -0.868277, 41.6293623 ], [ -0.8683281, 41.6290679 ], [ -0.8684868, 41.6279543 ], [ -0.8685269, 41.6274792 ], [ -0.8683683, 41.6271101 ], [ -0.8681609, 41.6267402 ], [ -0.8681004, 41.6263547 ], [ -0.8681342, 41.6253303 ], [ -0.8679591, 41.6247231 ], [ -0.8678978, 41.6245942 ], [ -0.8676442, 41.6245014 ], [ -0.8673578, 41.6243245 ], [ -0.8671845, 41.6241879 ], [ -0.8667768, 41.6238371 ], [ -0.8663955, 41.6234583 ], [ -0.8659863, 41.6231552 ], [ -0.8653682, 41.6226386 ], [ -0.865059, 41.622385 ], [ -0.8648361, 41.6222093 ], [ -0.8643501, 41.6219238 ], [ -0.8636836, 41.6217208 ], [ -0.8631548, 41.6215775 ], [ -0.8621683, 41.6214448 ], [ -0.8609913, 41.6211175 ] ] ] } },
{ "type": "Feature", "properties": { "CCAA": "02 - Aragón", "PROVINCIA": "50 - Zaragoza", "MUNICIPIO": "50297 - Zaragoza", "COD_MUNICIPIO": "50297", "DISTRITO": "11", "SECCION": "5029711009", "V1_H": 80.63, "V1_M": 86.52, "V2_H": 80.3855305, "V2_M": 86.44800565, "V3_H": 80.88841766, "V3_M": 86.66780776 }, "geometry": { "type": "Polygon", "coordinates": [ [ [ -0.8348226, 41.6674454 ], [ -0.8350011, 41.6674713 ], [ -0.8351875, 41.6674982 ], [ -0.8355189, 41.6675463 ], [ -0.8357739, 41.6676022 ], [ -0.835886, 41.667636 ], [ -0.8359827, 41.6676718 ], [ -0.8360435, 41.6676964 ], [ -0.8361273, 41.6677347 ], [ -0.8362595, 41.6678083 ], [ -0.836497, 41.667955 ], [ -0.8366986, 41.6680861 ], [ -0.8367583, 41.6681276 ], [ -0.8371091, 41.668372 ], [ -0.837165, 41.6684117 ], [ -0.8374611, 41.6686213 ], [ -0.8376723, 41.6687711 ], [ -0.8377725, 41.6688382 ], [ -0.8380169, 41.6690012 ], [ -0.8381541, 41.6690928 ], [ -0.8384763, 41.6693077 ], [ -0.8384666, 41.6674495 ], [ -0.838404, 41.6673692 ], [ -0.8384078, 41.6673526 ], [ -0.8381101, 41.6669419 ], [ -0.8374666, 41.6656573 ], [ -0.8373688, 41.6655733 ], [ -0.8373687, 41.6655732 ], [ -0.8372627, 41.6654843 ], [ -0.836415, 41.6654747 ], [ -0.8364146, 41.6654731 ], [ -0.8352325, 41.6654699 ], [ -0.8340139, 41.6654183 ], [ -0.8335191, 41.6653899 ], [ -0.8330503, 41.665343 ], [ -0.8325676, 41.6653339 ], [ -0.8319972, 41.665285 ], [ -0.8315151, 41.6652568 ], [ -0.8311343, 41.6652401 ], [ -0.8308066, 41.6651576 ], [ -0.8304392, 41.6651221 ], [ -0.8300355, 41.6650287 ], [ -0.8295928, 41.6649631 ], [ -0.8292635, 41.6649283 ], [ -0.8288214, 41.6648437 ], [ -0.8282393, 41.664766 ], [ -0.8276083, 41.6646302 ], [ -0.8269668, 41.6644274 ], [ -0.8264013, 41.6642356 ], [ -0.8258348, 41.6640723 ], [ -0.8253454, 41.663882 ], [ -0.824805, 41.6637002 ], [ -0.8243143, 41.6635479 ], [ -0.8239879, 41.6634273 ], [ -0.8234363, 41.6631977 ], [ -0.8230359, 41.663009 ], [ -0.8228293, 41.6628865 ], [ -0.8227867, 41.6628613 ], [ -0.8227349, 41.6628442 ], [ -0.8225101, 41.6627702 ], [ -0.8222226, 41.6637533 ], [ -0.822096, 41.663719 ], [ -0.822326, 41.663869 ], [ -0.8236162, 41.664917 ], [ -0.8244143, 41.6655829 ], [ -0.8247209, 41.665849 ], [ -0.8253432, 41.6664202 ], [ -0.8249909, 41.6665099 ], [ -0.824983, 41.6665119 ], [ -0.8251502, 41.6664907 ], [ -0.8255901, 41.6665602 ], [ -0.8257268, 41.6665817 ], [ -0.8262346, 41.6666618 ], [ -0.8265135, 41.6666993 ], [ -0.8270492, 41.6667702 ], [ -0.8271665, 41.6667867 ], [ -0.827735, 41.6668663 ], [ -0.8281185, 41.6669117 ], [ -0.8283062, 41.6669204 ], [ -0.8288356, 41.6668879 ], [ -0.8290162, 41.6668768 ], [ -0.8294042, 41.6668481 ], [ -0.8300101, 41.6668144 ], [ -0.8303494, 41.6667973 ], [ -0.8304155, 41.666794 ], [ -0.8305471, 41.6668132 ], [ -0.8308121, 41.6668511 ], [ -0.8310453, 41.6668818 ], [ -0.8313568, 41.6669303 ], [ -0.8316681, 41.6669742 ], [ -0.8317428, 41.6669847 ], [ -0.8319543, 41.6670211 ], [ -0.8321844, 41.6670566 ], [ -0.8325903, 41.6671181 ], [ -0.8332538, 41.667218 ], [ -0.8335109, 41.6672551 ], [ -0.8343483, 41.6673764 ], [ -0.8348226, 41.6674454 ] ] ] } },
{ "type": "Feature", "properties": { "CCAA": "02 - Aragón", "PROVINCIA": "50 - Zaragoza", "MUNICIPIO": "50297 - Zaragoza", "COD_MUNICIPIO": "50297", "DISTRITO": "06", "SECCION": "5029706035", "V1_H": 80.61, "V1_M": 86.39, "V2_H": 80.33359214, "V2_M": 86.26240397, "V3_H": 81.01911703, "V3_M": 86.63389387 }, "geometry": { "type": "Polygon", "coordinates": [ [ [ -0.8480253, 41.6497091 ], [ -0.8537889, 41.6507545 ], [ -0.8537905, 41.6496122 ], [ -0.8541533, 41.6483816 ], [ -0.8542197, 41.6481564 ], [ -0.8545601, 41.6450489 ], [ -0.8545813, 41.6448552 ], [ -0.8545816, 41.6448525 ], [ -0.8552596, 41.6437945 ], [ -0.8553625, 41.6437583 ], [ -0.8557807, 41.6434087 ], [ -0.856015, 41.6432415 ], [ -0.8566384, 41.6428337 ], [ -0.8567903, 41.6427253 ], [ -0.8574591, 41.6430157 ], [ -0.8577411, 41.6431673 ], [ -0.8579787, 41.6433546 ], [ -0.8582048, 41.6435619 ], [ -0.8584902, 41.643736 ], [ -0.8585631, 41.6433607 ], [ -0.8595077, 41.6434554 ], [ -0.8596112, 41.6428609 ], [ -0.8596327, 41.6427373 ], [ -0.8625088, 41.6429796 ], [ -0.8625331, 41.6428539 ], [ -0.862591, 41.6425417 ], [ -0.8626328, 41.6423165 ], [ -0.8627647, 41.6416938 ], [ -0.8627846, 41.6415584 ], [ -0.8627847, 41.6415581 ], [ -0.8628175, 41.6413353 ], [ -0.86282, 41.6409941 ], [ -0.8628037, 41.6407327 ], [ -0.8627992, 41.6406783 ], [ -0.8627834, 41.6405927 ], [ -0.8627617, 41.6404756 ], [ -0.8627504, 41.6404168 ], [ -0.8627426, 41.6403762 ], [ -0.8627331, 41.6403349 ], [ -0.8627039, 41.6402077 ], [ -0.8626539, 41.6399951 ], [ -0.8626218, 41.639863 ], [ -0.8625363, 41.6395141 ], [ -0.8625037, 41.6395275 ], [ -0.862018, 41.6397268 ], [ -0.8618131, 41.6398109 ], [ -0.8615814, 41.6399074 ], [ -0.8614493, 41.639966 ], [ -0.8613052, 41.6400306 ], [ -0.8609858, 41.6402169 ], [ -0.8607718, 41.6403755 ], [ -0.8607032, 41.6404275 ], [ -0.8604702, 41.6406393 ], [ -0.8603421, 41.6407819 ], [ -0.8603376, 41.640787 ], [ -0.8601763, 41.6409883 ], [ -0.8601759, 41.6409888 ], [ -0.8600585, 41.6411672 ], [ -0.8600584, 41.6411673 ], [ -0.8600263, 41.6412212 ], [ -0.8599609, 41.6413442 ], [ -0.8599346, 41.6413941 ], [ -0.8599, 41.6414872 ], [ -0.8598545, 41.6416127 ], [ -0.8598545, 41.6416127 ], [ -0.8598061, 41.6417731 ], [ -0.8597835, 41.6418814 ], [ -0.8597605, 41.6420023 ], [ -0.8588724, 41.6419141 ], [ -0.8588797, 41.6418043 ], [ -0.8588798, 41.6418038 ], [ -0.8588946, 41.6416343 ], [ -0.8589091, 41.6415585 ], [ -0.8589091, 41.6415583 ], [ -0.8589211, 41.6414995 ], [ -0.8589648, 41.641391 ], [ -0.8589859, 41.6413008 ], [ -0.8590107, 41.6411809 ], [ -0.8590221, 41.6411258 ], [ -0.8590973, 41.6407686 ], [ -0.8591416, 41.6405827 ], [ -0.8591696, 41.6404651 ], [ -0.8591728, 41.6404516 ], [ -0.859225, 41.6402324 ], [ -0.8592942, 41.6399583 ], [ -0.859312, 41.6398881 ], [ -0.8593369, 41.6398212 ], [ -0.8594581, 41.639508 ], [ -0.8595333, 41.6393352 ], [ -0.8596061, 41.6391713 ], [ -0.859686, 41.6390133 ], [ -0.8597456, 41.6388955 ], [ -0.8597457, 41.6388952 ], [ -0.8598648, 41.6386746 ], [ -0.8598649, 41.6386744 ], [ -0.8599652, 41.6385012 ], [ -0.8602448, 41.6380819 ], [ -0.8596394, 41.637783 ], [ -0.8590051, 41.6372711 ], [ -0.8590019, 41.6372699 ], [ -0.8589991, 41.6372662 ], [ -0.8583501, 41.6364355 ], [ -0.8583539, 41.6363193 ], [ -0.8583587, 41.6361741 ], [ -0.8583662, 41.6359478 ], [ -0.8578287, 41.6358021 ], [ -0.8576408, 41.6357512 ], [ -0.8576432, 41.6356781 ], [ -0.857281, 41.6356172 ], [ -0.8570549, 41.6355792 ], [ -0.8563524, 41.6354625 ], [ -0.8562109, 41.6354402 ], [ -0.8562108, 41.6354402 ], [ -0.8551641, 41.6352838 ], [ -0.8551549, 41.6352824 ], [ -0.8550945, 41.6352734 ], [ -0.854718, 41.6351381 ], [ -0.8545033, 41.6351139 ], [ -0.8545008, 41.6349268 ], [ -0.8544952, 41.6345176 ], [ -0.854494, 41.634432 ], [ -0.8544867, 41.6338883 ], [ -0.8544807, 41.6334461 ], [ -0.8544921, 41.6333277 ], [ -0.8545574, 41.6328904 ], [ -0.8547123, 41.6324358 ], [ -0.8549408, 41.6320588 ], [ -0.8553918, 41.6314858 ], [ -0.8557345, 41.6311109 ], [ -0.856168, 41.6306805 ], [ -0.8564821, 41.6303851 ], [ -0.8564756, 41.630381 ], [ -0.8568775, 41.630072 ], [ -0.8574254, 41.6297344 ], [ -0.8579453, 41.6295061 ], [ -0.8587583, 41.6292651 ], [ -0.8595684, 41.6291154 ], [ -0.8604229, 41.6290948 ], [ -0.8614677, 41.629224 ], [ -0.8625052, 41.6295728 ], [ -0.8631063, 41.6298403 ], [ -0.8633777, 41.629958 ], [ -0.8628436, 41.6295368 ], [ -0.8613265, 41.6283407 ], [ -0.8593819, 41.6268075 ], [ -0.8580164, 41.6257415 ], [ -0.8559475, 41.6241209 ], [ -0.8548727, 41.6232936 ], [ -0.8548644, 41.6232872 ], [ -0.8543662, 41.6234916 ], [ -0.8543668, 41.6234933 ], [ -0.8535162, 41.6238587 ], [ -0.8530111, 41.6240542 ], [ -0.8521256, 41.6243236 ], [ -0.851733, 41.6244783 ], [ -0.8513535, 41.6246213 ], [ -0.8506362, 41.6248005 ], [ -0.8500335, 41.6249704 ], [ -0.8494307, 41.6251402 ], [ -0.8488807, 41.6252538 ], [ -0.8484586, 41.6253412 ], [ -0.8480282, 41.625295 ], [ -0.847699, 41.6252603 ], [ -0.8473832, 41.6252067 ], [ -0.8468674, 41.6250541 ], [ -0.8464526, 41.6250181 ], [ -0.8461174, 41.6249737 ], [ -0.8458742, 41.6249334 ], [ -0.8454817, 41.6247997 ], [ -0.8451058, 41.6246426 ], [ -0.8447933, 41.6244913 ], [ -0.8444934, 41.6243403 ], [ -0.8438522, 41.6240447 ], [ -0.8434321, 41.6238796 ], [ -0.8430372, 41.623722 ], [ -0.8428024, 41.6236199 ], [ -0.8424847, 41.6235306 ], [ -0.8420979, 41.6234137 ], [ -0.8417171, 41.6233088 ], [ -0.8412827, 41.6231934 ], [ -0.8410817, 41.6231349 ], [ -0.840429, 41.6231049 ], [ -0.8408237, 41.6235513 ], [ -0.8408801, 41.6243686 ], [ -0.8409599, 41.6269913 ], [ -0.8406721, 41.6285463 ], [ -0.8402371, 41.6301585 ], [ -0.8395736, 41.6317665 ], [ -0.8391354, 41.6327114 ], [ -0.8389385, 41.6336397 ], [ -0.8372806, 41.6369203 ], [ -0.8364398, 41.6382857 ], [ -0.8353303, 41.6401797 ], [ -0.8345636, 41.641829 ], [ -0.83437, 41.6426101 ], [ -0.83442, 41.6436156 ], [ -0.8351277, 41.6449787 ], [ -0.8362567, 41.6462557 ], [ -0.8371506, 41.6470574 ], [ -0.8379285, 41.6475743 ], [ -0.8392502, 41.6481014 ], [ -0.8400354, 41.6483987 ], [ -0.8414052, 41.6487384 ], [ -0.8434892, 41.6489973 ], [ -0.8455722, 41.6492876 ], [ -0.8476935, 41.6496489 ], [ -0.8480253, 41.6497091 ] ] ] } },
{ "type": "Feature", "properties": { "CCAA": "02 - Aragón", "PROVINCIA": "50 - Zaragoza", "MUNICIPIO": "50297 - Zaragoza", "COD_MUNICIPIO": "50297", "DISTRITO": "07", "SECCION": "5029707014", "V1_H": 82.53, "V1_M": 87.34, "V2_H": 82.38507422000001, "V2_M": 87.19104055, "V3_H": 82.74254947, "V3_M": 87.61225513 }, "geometry": { "type": "Polygon", "coordinates": [ [ [ -0.9287414, 41.6746496 ], [ -0.9287435, 41.6746441 ], [ -0.9303144, 41.6732331 ], [ -0.9322044, 41.6713798 ], [ -0.9342239, 41.6694525 ], [ -0.9361261, 41.6676089 ], [ -0.9366634, 41.6671039 ], [ -0.9372291, 41.6665957 ], [ -0.9373666, 41.6664713 ], [ -0.9373481, 41.6664625 ], [ -0.9372815, 41.6664281 ], [ -0.9371832, 41.666384 ], [ -0.9371422, 41.6663647 ], [ -0.9370135, 41.6662998 ], [ -0.936905, 41.6662451 ], [ -0.9366458, 41.6661145 ], [ -0.9366057, 41.6660943 ], [ -0.9364904, 41.6660358 ], [ -0.9363108, 41.6659449 ], [ -0.9361876, 41.6658824 ], [ -0.9359601, 41.6657672 ], [ -0.9358388, 41.6657057 ], [ -0.9356984, 41.6656345 ], [ -0.9355786, 41.6655737 ], [ -0.9354176, 41.6654921 ], [ -0.9352824, 41.6654231 ], [ -0.9351762, 41.6653634 ], [ -0.9351067, 41.6653243 ], [ -0.9350566, 41.6652983 ], [ -0.9349932, 41.6652654 ], [ -0.9348705, 41.6652019 ], [ -0.934697, 41.6651121 ], [ -0.9346403, 41.6650827 ], [ -0.9345583, 41.6650402 ], [ -0.934374, 41.6649448 ], [ -0.9341402, 41.6648238 ], [ -0.9340521, 41.6647782 ], [ -0.9339403, 41.6647203 ], [ -0.9337943, 41.6646447 ], [ -0.9336958, 41.6645937 ], [ -0.9335273, 41.6645065 ], [ -0.9333685, 41.6644262 ], [ -0.93325, 41.6643671 ], [ -0.93313, 41.6643071 ], [ -0.932818, 41.6641512 ], [ -0.9326358, 41.6640602 ], [ -0.9324989, 41.6639943 ], [ -0.9324452, 41.6639685 ], [ -0.9324451, 41.6639685 ], [ -0.9323234, 41.6639106 ], [ -0.9320982, 41.6638035 ], [ -0.9320066, 41.6637664 ], [ -0.931727, 41.6636533 ], [ -0.9315175, 41.6635685 ], [ -0.9311338, 41.6634131 ], [ -0.9307846, 41.6632718 ], [ -0.9305751, 41.663187 ], [ -0.9301269, 41.6630056 ], [ -0.9297358, 41.6628473 ], [ -0.9295575, 41.662764 ], [ -0.9292262, 41.6626088 ], [ -0.928945, 41.6624496 ], [ -0.9287962, 41.6623651 ], [ -0.9286209, 41.6622649 ], [ -0.9284834, 41.6621764 ], [ -0.9283409, 41.6620846 ], [ -0.9282178, 41.6620053 ], [ -0.9276463, 41.6616372 ], [ -0.9275465, 41.6615729 ], [ -0.9272237, 41.661365 ], [ -0.9270978, 41.6612838 ], [ -0.9270038, 41.6612233 ], [ -0.9265747, 41.6609473 ], [ -0.9263831, 41.6608241 ], [ -0.9262947, 41.6607673 ], [ -0.9259964, 41.6605756 ], [ -0.9258624, 41.6604894 ], [ -0.9257542, 41.6604199 ], [ -0.9252937, 41.6601239 ], [ -0.9251292, 41.6600182 ], [ -0.9250275, 41.6599529 ], [ -0.9248058, 41.6598104 ], [ -0.9246218, 41.6596921 ], [ -0.9244635, 41.6595904 ], [ -0.924383, 41.6595386 ], [ -0.9242965, 41.659483 ], [ -0.9242773, 41.6594707 ], [ -0.9241117, 41.6595345 ], [ -0.9240444, 41.659597 ], [ -0.9238868, 41.6597375 ], [ -0.9237012, 41.6598915 ], [ -0.9235495, 41.6600144 ], [ -0.923449, 41.6600678 ], [ -0.9232652, 41.6601822 ], [ -0.9230565, 41.6602884 ], [ -0.9228392, 41.6604102 ], [ -0.9226742, 41.6604915 ], [ -0.9224247, 41.6605665 ], [ -0.9222091, 41.6606227 ], [ -0.9220176, 41.660659 ], [ -0.9217789, 41.6606975 ], [ -0.921487, 41.6607305 ], [ -0.9212524, 41.6607509 ], [ -0.9209499, 41.6607345 ], [ -0.9208358, 41.6607282 ], [ -0.920541, 41.6606673 ], [ -0.9200822, 41.6605644 ], [ -0.9192554, 41.6603311 ], [ -0.918937, 41.660242 ], [ -0.9186278, 41.66014 ], [ -0.918459, 41.6600902 ], [ -0.9183929, 41.6600676 ], [ -0.9181191, 41.6599782 ], [ -0.917968, 41.6599115 ], [ -0.9177881, 41.6598363 ], [ -0.9174561, 41.6596916 ], [ -0.9173428, 41.6596422 ], [ -0.9149889, 41.6590807 ], [ -0.9114348, 41.6580833 ], [ -0.9087403, 41.657428 ], [ -0.9076113, 41.6570391 ], [ -0.9071883, 41.6569181 ], [ -0.9068395, 41.656818 ], [ -0.9066465, 41.6567626 ], [ -0.9059912, 41.6565923 ], [ -0.9058697, 41.6565676 ], [ -0.9055886, 41.6565094 ], [ -0.9055203, 41.6564953 ], [ -0.9054515, 41.6564809 ], [ -0.9053161, 41.6564531 ], [ -0.9051682, 41.6564302 ], [ -0.9048129, 41.6563801 ], [ -0.9042513, 41.656322 ], [ -0.9040739, 41.6563104 ], [ -0.9039185, 41.6563003 ], [ -0.9037395, 41.6562884 ], [ -0.9033683, 41.6563098 ], [ -0.9029922, 41.6563459 ], [ -0.9025247, 41.6564167 ], [ -0.9024475, 41.656743 ], [ -0.9024313, 41.6568282 ], [ -0.9023828, 41.6569782 ], [ -0.9023018, 41.6571407 ], [ -0.9022113, 41.6571112 ], [ -0.901791, 41.6577777 ], [ -0.9018919, 41.6578326 ], [ -0.901892, 41.6578326 ], [ -0.9020758, 41.6579326 ], [ -0.9036784, 41.6584476 ], [ -0.9049353, 41.6588515 ], [ -0.9055084, 41.6589405 ], [ -0.9070434, 41.6591789 ], [ -0.9086501, 41.6596133 ], [ -0.9092202, 41.6597674 ], [ -0.9183114, 41.6633705 ], [ -0.9190316, 41.6637105 ], [ -0.9202719, 41.664151 ], [ -0.9216328, 41.6649262 ], [ -0.9225333, 41.6656546 ], [ -0.923577, 41.6665844 ], [ -0.9234122, 41.6666568 ], [ -0.9226935, 41.6670575 ], [ -0.9226997, 41.6668652 ], [ -0.9226724, 41.6665183 ], [ -0.9225093, 41.666072 ], [ -0.9209855, 41.6664334 ], [ -0.9214467, 41.6673508 ], [ -0.9207817, 41.6687484 ], [ -0.9191069, 41.6706048 ], [ -0.9162729, 41.6722994 ], [ -0.9125633, 41.6731895 ], [ -0.9079006, 41.6745127 ], [ -0.9048859, 41.6756785 ], [ -0.9048854, 41.6756787 ], [ -0.9044834, 41.6758342 ], [ -0.9034501, 41.6762338 ], [ -0.9010687, 41.6790063 ], [ -0.9004793, 41.6805579 ], [ -0.9004934, 41.6806334 ], [ -0.9020794, 41.6807197 ], [ -0.9037007, 41.6809113 ], [ -0.9069248, 41.6812751 ], [ -0.9086856, 41.6814787 ], [ -0.9104584, 41.6817016 ], [ -0.912942, 41.6817706 ], [ -0.9145213, 41.6816897 ], [ -0.9158181, 41.681494 ], [ -0.9187636, 41.6810374 ], [ -0.9209068, 41.6804233 ], [ -0.9232316, 41.6792977 ], [ -0.9236718, 41.6790531 ], [ -0.924041, 41.6788405 ], [ -0.9243411, 41.6786028 ], [ -0.9250703, 41.6780679 ], [ -0.926204, 41.6770208 ], [ -0.9268265, 41.6764411 ], [ -0.9272063, 41.6760953 ], [ -0.9275793, 41.6757636 ], [ -0.9277628, 41.6755906 ], [ -0.9280358, 41.675331 ], [ -0.928035, 41.6753295 ], [ -0.9283103, 41.6750723 ], [ -0.9283222, 41.6750786 ], [ -0.9287414, 41.6746496 ] ] ] } },
{ "type": "Feature", "properties": { "CCAA": "02 - Aragón", "PROVINCIA": "50 - Zaragoza", "MUNICIPIO": "50297 - Zaragoza", "COD_MUNICIPIO": "50297", "DISTRITO": "12", "SECCION": "5029712003", "V1_H": 80.38, "V1_M": 86.41, "V2_H": 80.21151379, "V2_M": 86.36716419, "V3_H": 80.6951312, "V3_M": 86.59024448 }, "geometry": { "type": "Polygon", "coordinates": [ [ [ -0.9449501, 41.7172176 ], [ -0.9448126, 41.7175392 ], [ -0.9446866, 41.7178515 ], [ -0.9445505, 41.7181779 ], [ -0.9443623, 41.7184938 ], [ -0.9441395, 41.7188997 ], [ -0.9439016, 41.7191767 ], [ -0.9435892, 41.7196 ], [ -0.9444881, 41.7201356 ], [ -0.9461283, 41.7213659 ], [ -0.9480071, 41.7222955 ], [ -0.9492381, 41.7227941 ], [ -0.9496892, 41.7230118 ], [ -0.9497498, 41.7235086 ], [ -0.9497334, 41.724023 ], [ -0.950451, 41.7246649 ], [ -0.951375, 41.7252152 ], [ -0.952769, 41.7269462 ], [ -0.9529325, 41.7274543 ], [ -0.9532716, 41.7279941 ], [ -0.9533377, 41.7283194 ], [ -0.9534545, 41.7286456 ], [ -0.9534957, 41.7289513 ], [ -0.9535357, 41.7292952 ], [ -0.953678, 41.7296218 ], [ -0.9536544, 41.7303649 ], [ -0.9541504, 41.730774 ], [ -0.9545956, 41.7311823 ], [ -0.9546017, 41.7317924 ], [ -0.954761, 41.7323862 ], [ -0.9550801, 41.7327541 ], [ -0.9555641, 41.7335444 ], [ -0.9559142, 41.7345419 ], [ -0.9558676, 41.7352083 ], [ -0.9560257, 41.7358402 ], [ -0.9563159, 41.736322 ], [ -0.9569645, 41.7367338 ], [ -0.9569882, 41.7375445 ], [ -0.956915, 41.7382962 ], [ -0.9566703, 41.7387875 ], [ -0.9566062, 41.7392057 ], [ -0.9564627, 41.7405186 ], [ -0.9565942, 41.7411881 ], [ -0.9566088, 41.7423322 ], [ -0.9563939, 41.7434913 ], [ -0.9561498, 41.7439159 ], [ -0.955744, 41.7446712 ], [ -0.9547815, 41.7453213 ], [ -0.9543339, 41.7458376 ], [ -0.9539827, 41.7472801 ], [ -0.9538028, 41.7481348 ], [ -0.9542819, 41.7490298 ], [ -0.954995, 41.7498241 ], [ -0.9558231, 41.7502487 ], [ -0.9564931, 41.7507944 ], [ -0.9566343, 41.7511591 ], [ -0.9571941, 41.7519221 ], [ -0.9579048, 41.7536409 ], [ -0.9583719, 41.7541163 ], [ -0.9596976, 41.7549119 ], [ -0.9604125, 41.755649 ], [ -0.9610863, 41.7560327 ], [ -0.9618145, 41.7563983 ], [ -0.9628215, 41.7567593 ], [ -0.9638733, 41.7573118 ], [ -0.9645927, 41.7587162 ], [ -0.9663183, 41.7588992 ], [ -0.9698766, 41.7615167 ], [ -0.9720102, 41.7624885 ], [ -0.97337, 41.7629701 ], [ -0.9743813, 41.7631976 ], [ -0.9757929, 41.7628412 ], [ -0.9770638, 41.7621011 ], [ -0.9778761, 41.7613719 ], [ -0.9785344, 41.7606781 ], [ -0.9787607, 41.7599577 ], [ -0.9790373, 41.7592572 ], [ -0.9793157, 41.7584996 ], [ -0.9788525, 41.7578432 ], [ -0.9785579, 41.7574949 ], [ -0.978495, 41.7562547 ], [ -0.9787803, 41.7560881 ], [ -0.9792455, 41.7558675 ], [ -0.9805178, 41.7558899 ], [ -0.9814996, 41.7554306 ], [ -0.9823081, 41.7548157 ], [ -0.9820078, 41.7538382 ], [ -0.9811761, 41.752756 ], [ -0.9798605, 41.7516844 ], [ -0.9790564, 41.7513461 ], [ -0.9790785, 41.7506412 ], [ -0.9800061, 41.7494756 ], [ -0.9810875, 41.7482745 ], [ -0.9810581, 41.7475877 ], [ -0.980624, 41.7468175 ], [ -0.9797658, 41.745773 ], [ -0.9794063, 41.7450613 ], [ -0.9799408, 41.744251 ], [ -0.9814176, 41.7442388 ], [ -0.9828997, 41.7440551 ], [ -0.9849966, 41.7437488 ], [ -0.9866705, 41.74313 ], [ -0.9873054, 41.7423595 ], [ -0.9878919, 41.7415119 ], [ -0.9887244, 41.7409355 ], [ -0.9894925, 41.7399767 ], [ -0.9903241, 41.7390056 ], [ -0.9906291, 41.738624 ], [ -0.9910094, 41.7379509 ], [ -0.9909712, 41.737925 ], [ -0.9909712, 41.7379249 ], [ -0.9894416, 41.7368846 ], [ -0.9822819, 41.7330213 ], [ -0.9808761, 41.7322221 ], [ -0.9785311, 41.7306993 ], [ -0.9781545, 41.7304404 ], [ -0.9777977, 41.7301234 ], [ -0.9767661, 41.729092 ], [ -0.976486, 41.7288214 ], [ -0.9753656, 41.7275543 ], [ -0.9748038, 41.726986 ], [ -0.9728372, 41.7249968 ], [ -0.9726754, 41.7247868 ], [ -0.9725058, 41.7246397 ], [ -0.9722375, 41.7243783 ], [ -0.9717994, 41.7241634 ], [ -0.9714329, 41.7239678 ], [ -0.9711282, 41.7239084 ], [ -0.9703738, 41.723814 ], [ -0.9699126, 41.7237608 ], [ -0.9697162, 41.7236988 ], [ -0.9692175, 41.7235008 ], [ -0.9688553, 41.7233593 ], [ -0.9683808, 41.7231573 ], [ -0.9679299, 41.7229692 ], [ -0.967461, 41.7227808 ], [ -0.967165, 41.722636 ], [ -0.967373, 41.7223289 ], [ -0.9679374, 41.7219696 ], [ -0.9665861, 41.720982 ], [ -0.9667805, 41.7207243 ], [ -0.9668991, 41.7205868 ], [ -0.9671629, 41.7202267 ], [ -0.9674762, 41.7198224 ], [ -0.967821, 41.7193692 ], [ -0.9680369, 41.7190832 ], [ -0.968037, 41.7190832 ], [ -0.9689742, 41.7182407 ], [ -0.9732442, 41.7120652 ], [ -0.9743721, 41.7082939 ], [ -0.9737953, 41.7078911 ], [ -0.9736196, 41.7077684 ], [ -0.9741365, 41.7073461 ], [ -0.9741365, 41.7073461 ], [ -0.9741749, 41.7072958 ], [ -0.9743739, 41.7070831 ], [ -0.9746084, 41.7068891 ], [ -0.9749492, 41.7065619 ], [ -0.9752633, 41.7063197 ], [ -0.9754432, 41.7061383 ], [ -0.9758213, 41.7057712 ], [ -0.9761188, 41.7054837 ], [ -0.9765592, 41.7050457 ], [ -0.9769121, 41.7047142 ], [ -0.9771475, 41.7044886 ], [ -0.9772761, 41.7044143 ], [ -0.9774531, 41.7043274 ], [ -0.9775334, 41.7042567 ], [ -0.9775908, 41.7041497 ], [ -0.9776367, 41.7040289 ], [ -0.9777119, 41.7039311 ], [ -0.9778092, 41.7038924 ], [ -0.9780281, 41.7038106 ], [ -0.9781446, 41.7037361 ], [ -0.9782013, 41.7036516 ], [ -0.9782726, 41.7034862 ], [ -0.978385, 41.7033531 ], [ -0.9785395, 41.7032162 ], [ -0.97873, 41.70308 ], [ -0.9788332, 41.7030457 ], [ -0.9789367, 41.7029822 ], [ -0.9791555, 41.7028476 ], [ -0.9794031, 41.7026955 ], [ -0.9793111, 41.7025633 ], [ -0.979096, 41.7022476 ], [ -0.9790813, 41.702226 ], [ -0.9789256, 41.7020161 ], [ -0.9790351, 41.701973 ], [ -0.9791079, 41.7019518 ], [ -0.9795228, 41.701752 ], [ -0.9798115, 41.7015498 ], [ -0.9800469, 41.7013243 ], [ -0.9802386, 41.7011521 ], [ -0.9803294, 41.7011312 ], [ -0.9810864, 41.7005591 ], [ -0.981171, 41.7004947 ], [ -0.9812722, 41.7004177 ], [ -0.9814741, 41.7002642 ], [ -0.9824471, 41.6995112 ], [ -0.9829642, 41.699115 ], [ -0.9831363, 41.6989919 ], [ -0.9833583, 41.6988112 ], [ -0.9834273, 41.6987179 ], [ -0.983471, 41.6986646 ], [ -0.9838465, 41.6983785 ], [ -0.9839236, 41.6983172 ], [ -0.9845658, 41.6971408 ], [ -0.9845659, 41.6971407 ], [ -0.9852272, 41.6959293 ], [ -0.9855857, 41.6957294 ], [ -0.9856258, 41.6956582 ], [ -0.9856968, 41.6955018 ], [ -0.9858139, 41.6954093 ], [ -0.9865828, 41.6948374 ], [ -0.9869237, 41.6945011 ], [ -0.9873, 41.694188 ], [ -0.9874387, 41.6941007 ], [ -0.9871945, 41.6937624 ], [ -0.9842358, 41.6919686 ], [ -0.9827574, 41.6910415 ], [ -0.9810625, 41.6901509 ], [ -0.9788894, 41.6890635 ], [ -0.9788644, 41.6891156 ], [ -0.9788643, 41.689116 ], [ -0.9785531, 41.6889215 ], [ -0.9783827, 41.6891362 ], [ -0.9783833, 41.6891469 ], [ -0.9782778, 41.6892392 ], [ -0.9781524, 41.6893847 ], [ -0.9780272, 41.6895255 ], [ -0.9779104, 41.6895997 ], [ -0.9778053, 41.6897074 ], [ -0.9776876, 41.6898102 ], [ -0.9775822, 41.6899275 ], [ -0.9773999, 41.6900625 ], [ -0.9770076, 41.6904083 ], [ -0.9773797, 41.6911154 ], [ -0.9779558, 41.6916022 ], [ -0.9779824, 41.6916741 ], [ -0.9779552, 41.6917402 ], [ -0.9777878, 41.692195 ], [ -0.9776986, 41.6924031 ], [ -0.97766, 41.6925192 ], [ -0.9776623, 41.6925454 ], [ -0.9776676, 41.6925789 ], [ -0.9776944, 41.6926389 ], [ -0.9777399, 41.6927065 ], [ -0.9778773, 41.6928876 ], [ -0.9779758, 41.6929918 ], [ -0.9781421, 41.6931639 ], [ -0.9782061, 41.6932532 ], [ -0.9782414, 41.6933444 ], [ -0.9783205, 41.6935579 ], [ -0.9783378, 41.6936154 ], [ -0.9783695, 41.6937184 ], [ -0.9783625, 41.6938398 ], [ -0.978302, 41.694046 ], [ -0.9782393, 41.6942213 ], [ -0.9775313, 41.6946973 ], [ -0.9773751, 41.6948113 ], [ -0.9766273, 41.6953391 ], [ -0.9765376, 41.6953975 ], [ -0.9760418, 41.695752 ], [ -0.9758497, 41.6959045 ], [ -0.9757616, 41.6959768 ], [ -0.9756507, 41.6960654 ], [ -0.9756331, 41.6961199 ], [ -0.9754769, 41.6964852 ], [ -0.9753204, 41.6966601 ], [ -0.9751722, 41.6968243 ], [ -0.9749445, 41.6969871 ], [ -0.9748282, 41.6970938 ], [ -0.974677, 41.697204 ], [ -0.9744174, 41.697371 ], [ -0.9742142, 41.6974627 ], [ -0.9741449, 41.6973886 ], [ -0.9737621, 41.6971385 ], [ -0.9732522, 41.6968055 ], [ -0.9729681, 41.6966198 ], [ -0.9727828, 41.6964988 ], [ -0.9722079, 41.6961232 ], [ -0.9719662, 41.6959654 ], [ -0.9714406, 41.695622 ], [ -0.971007, 41.6953387 ], [ -0.9703478, 41.6949081 ], [ -0.9700434, 41.6947092 ], [ -0.9699771, 41.6946659 ], [ -0.9695262, 41.6943713 ], [ -0.9693254, 41.6942401 ], [ -0.9690782, 41.6940786 ], [ -0.9689679, 41.6940066 ], [ -0.968555, 41.6937368 ], [ -0.9682867, 41.6935615 ], [ -0.9680483, 41.6934057 ], [ -0.967642, 41.6931402 ], [ -0.9675319, 41.6930762 ], [ -0.9673268, 41.692961 ], [ -0.9671087, 41.6928385 ], [ -0.9669908, 41.6927723 ], [ -0.9664304, 41.6924577 ], [ -0.9661686, 41.6923106 ], [ -0.9660607, 41.69225 ], [ -0.9656333, 41.69201 ], [ -0.9653552, 41.6918538 ], [ -0.9651217, 41.6917227 ], [ -0.9648953, 41.6915956 ], [ -0.9646553, 41.6914608 ], [ -0.9642427, 41.6912291 ], [ -0.9638961, 41.6910344 ], [ -0.9636621, 41.690903 ], [ -0.9631296, 41.690604 ], [ -0.9627125, 41.6903697 ], [ -0.9625302, 41.6902673 ], [ -0.9623833, 41.6901877 ], [ -0.9622515, 41.690121 ], [ -0.962107, 41.690048 ], [ -0.9618707, 41.6899284 ], [ -0.961671, 41.6898273 ], [ -0.9614332, 41.6897071 ], [ -0.9612725, 41.6896257 ], [ -0.9609699, 41.6894727 ], [ -0.9607946, 41.689384 ], [ -0.9605476, 41.689259 ], [ -0.9602714, 41.6891192 ], [ -0.9598258, 41.6888938 ], [ -0.9594966, 41.6887272 ], [ -0.9591459, 41.6885498 ], [ -0.9590097, 41.6884809 ], [ -0.958745, 41.6883469 ], [ -0.9584658, 41.688207 ], [ -0.9581093, 41.6880289 ], [ -0.9578801, 41.6879144 ], [ -0.957689, 41.6878189 ], [ -0.957276, 41.6876125 ], [ -0.9570418, 41.6874955 ], [ -0.9566381, 41.6872938 ], [ -0.9565075, 41.6872285 ], [ -0.95614, 41.6870448 ], [ -0.9558155, 41.6868826 ], [ -0.9555236, 41.6867368 ], [ -0.9553267, 41.6866384 ], [ -0.9551268, 41.6865385 ], [ -0.9548759, 41.6864151 ], [ -0.9546063, 41.686319 ], [ -0.954172, 41.6861642 ], [ -0.9537034, 41.6859972 ], [ -0.9532969, 41.6858524 ], [ -0.9529127, 41.6857155 ], [ -0.9523619, 41.6855192 ], [ -0.952022, 41.685398 ], [ -0.9516092, 41.6852509 ], [ -0.9508388, 41.6849763 ], [ -0.9502748, 41.6847753 ], [ -0.9498961, 41.6846396 ], [ -0.9496412, 41.6845408 ], [ -0.9493183, 41.6844154 ], [ -0.9490226, 41.6843007 ], [ -0.9484971, 41.6840968 ], [ -0.9481675, 41.6839689 ], [ -0.9477418, 41.6838037 ], [ -0.9472283, 41.6836044 ], [ -0.9468336, 41.6834512 ], [ -0.9463641, 41.683269 ], [ -0.9459246, 41.6830969 ], [ -0.9457233, 41.6830109 ], [ -0.9452741, 41.6828189 ], [ -0.9450463, 41.6827214 ], [ -0.9447067, 41.6825763 ], [ -0.9443516, 41.6824244 ], [ -0.9440327, 41.6822881 ], [ -0.9438224, 41.6821981 ], [ -0.9433401, 41.6819919 ], [ -0.9430056, 41.6818489 ], [ -0.9424928, 41.6816296 ], [ -0.9416659, 41.681276 ], [ -0.9415211, 41.6812141 ], [ -0.9379985, 41.6792788 ], [ -0.9363443, 41.6785247 ], [ -0.9340293, 41.6777586 ], [ -0.9306605, 41.6765542 ], [ -0.9294664, 41.675732 ], [ -0.9285252, 41.6751924 ], [ -0.9285298, 41.6751879 ], [ -0.9283222, 41.6750786 ], [ -0.9283103, 41.6750723 ], [ -0.928035, 41.6753295 ], [ -0.9280358, 41.675331 ], [ -0.9277628, 41.6755906 ], [ -0.9275793, 41.6757636 ], [ -0.9272063, 41.6760953 ], [ -0.9268265, 41.6764411 ], [ -0.926204, 41.6770208 ], [ -0.9250703, 41.6780679 ], [ -0.9243411, 41.6786028 ], [ -0.924041, 41.6788405 ], [ -0.9236718, 41.6790531 ], [ -0.9232316, 41.6792977 ], [ -0.9209068, 41.6804233 ], [ -0.9187636, 41.6810374 ], [ -0.9158181, 41.681494 ], [ -0.9145213, 41.6816897 ], [ -0.912942, 41.6817706 ], [ -0.9104584, 41.6817016 ], [ -0.9086856, 41.6814787 ], [ -0.9069248, 41.6812751 ], [ -0.9037007, 41.6809113 ], [ -0.9020794, 41.6807197 ], [ -0.9004934, 41.6806334 ], [ -0.9000637, 41.6818299 ], [ -0.9003153, 41.6835666 ], [ -0.9006677, 41.6847342 ], [ -0.900591, 41.6847493 ], [ -0.9015594, 41.6861552 ], [ -0.9018672, 41.6863709 ], [ -0.9033746, 41.6874275 ], [ -0.9049295, 41.688104 ], [ -0.9098458, 41.6894327 ], [ -0.9158111, 41.6929345 ], [ -0.9196883, 41.6941676 ], [ -0.9223537, 41.6943302 ], [ -0.9285934, 41.6916978 ], [ -0.9328432, 41.6876565 ], [ -0.9363007, 41.686899 ], [ -0.9382984, 41.6872589 ], [ -0.9416781, 41.6889399 ], [ -0.9438034, 41.6908844 ], [ -0.9449429, 41.6926396 ], [ -0.9447847, 41.6952103 ], [ -0.9439385, 41.6962246 ], [ -0.9400507, 41.6968985 ], [ -0.9361308, 41.6977813 ], [ -0.9358351, 41.6990723 ], [ -0.9386343, 41.7022204 ], [ -0.9418551, 41.7043228 ], [ -0.9419058, 41.705925 ], [ -0.9444739, 41.7089592 ], [ -0.9427974, 41.7094773 ], [ -0.9438322, 41.7103346 ], [ -0.9444391, 41.7106505 ], [ -0.9447138, 41.712009 ], [ -0.9452522, 41.7136771 ], [ -0.9456387, 41.7143227 ], [ -0.9459062, 41.7151091 ], [ -0.9461839, 41.7160243 ], [ -0.9463082, 41.7167176 ], [ -0.9447319, 41.7164797 ], [ -0.9449501, 41.7172176 ] ] ] } },
{ "type": "Feature", "properties": { "CCAA": "02 - Aragón", "PROVINCIA": "50 - Zaragoza", "MUNICIPIO": "50297 - Zaragoza", "COD_MUNICIPIO": "50297", "DISTRITO": "12", "SECCION": "5029712002", "V1_H": 82.27, "V1_M": 87.07, "V2_H": 81.979544, "V2_M": 86.90367115, "V3_H": 82.63571561000001, "V3_M": 87.32539334000001 }, "geometry": { "type": "Polygon", "coordinates": [ [ [ -0.9303144, 41.6732331 ], [ -0.9287435, 41.6746441 ], [ -0.9287414, 41.6746496 ], [ -0.9283222, 41.6750786 ], [ -0.9285298, 41.6751879 ], [ -0.9285252, 41.6751924 ], [ -0.9294664, 41.675732 ], [ -0.9306605, 41.6765542 ], [ -0.9340293, 41.6777586 ], [ -0.9363443, 41.6785247 ], [ -0.9379985, 41.6792788 ], [ -0.9415211, 41.6812141 ], [ -0.9416659, 41.681276 ], [ -0.9424928, 41.6816296 ], [ -0.9430056, 41.6818489 ], [ -0.9433401, 41.6819919 ], [ -0.9438224, 41.6821981 ], [ -0.9440327, 41.6822881 ], [ -0.9443516, 41.6824244 ], [ -0.9447067, 41.6825763 ], [ -0.9450463, 41.6827214 ], [ -0.9452741, 41.6828189 ], [ -0.9457233, 41.6830109 ], [ -0.9459246, 41.6830969 ], [ -0.9463641, 41.683269 ], [ -0.9468336, 41.6834512 ], [ -0.9472283, 41.6836044 ], [ -0.9477418, 41.6838037 ], [ -0.9481675, 41.6839689 ], [ -0.9484971, 41.6840968 ], [ -0.9490226, 41.6843007 ], [ -0.9493183, 41.6844154 ], [ -0.9496412, 41.6845408 ], [ -0.9498961, 41.6846396 ], [ -0.9502748, 41.6847753 ], [ -0.9508388, 41.6849763 ], [ -0.9516092, 41.6852509 ], [ -0.952022, 41.685398 ], [ -0.9523619, 41.6855192 ], [ -0.9529127, 41.6857155 ], [ -0.9532969, 41.6858524 ], [ -0.9537034, 41.6859972 ], [ -0.954172, 41.6861642 ], [ -0.9546063, 41.686319 ], [ -0.9548759, 41.6864151 ], [ -0.9551268, 41.6865385 ], [ -0.9553267, 41.6866384 ], [ -0.9555236, 41.6867368 ], [ -0.9558155, 41.6868826 ], [ -0.95614, 41.6870448 ], [ -0.9565075, 41.6872285 ], [ -0.9566381, 41.6872938 ], [ -0.9570418, 41.6874955 ], [ -0.957276, 41.6876125 ], [ -0.957689, 41.6878189 ], [ -0.9578801, 41.6879144 ], [ -0.9581093, 41.6880289 ], [ -0.9584658, 41.688207 ], [ -0.958745, 41.6883469 ], [ -0.9590097, 41.6884809 ], [ -0.9591459, 41.6885498 ], [ -0.9594966, 41.6887272 ], [ -0.9598258, 41.6888938 ], [ -0.9602714, 41.6891192 ], [ -0.9605476, 41.689259 ], [ -0.9607946, 41.689384 ], [ -0.9609699, 41.6894727 ], [ -0.9612725, 41.6896257 ], [ -0.9614332, 41.6897071 ], [ -0.961671, 41.6898273 ], [ -0.9618707, 41.6899284 ], [ -0.962107, 41.690048 ], [ -0.9622515, 41.690121 ], [ -0.9623833, 41.6901877 ], [ -0.9625302, 41.6902673 ], [ -0.9627125, 41.6903697 ], [ -0.9631296, 41.690604 ], [ -0.9636621, 41.690903 ], [ -0.9638961, 41.6910344 ], [ -0.9642427, 41.6912291 ], [ -0.9646553, 41.6914608 ], [ -0.9648953, 41.6915956 ], [ -0.9651217, 41.6917227 ], [ -0.9653552, 41.6918538 ], [ -0.9656333, 41.69201 ], [ -0.9660607, 41.69225 ], [ -0.9661686, 41.6923106 ], [ -0.9664304, 41.6924577 ], [ -0.9669908, 41.6927723 ], [ -0.9671087, 41.6928385 ], [ -0.9673268, 41.692961 ], [ -0.9675319, 41.6930762 ], [ -0.967642, 41.6931402 ], [ -0.9680483, 41.6934057 ], [ -0.9682867, 41.6935615 ], [ -0.968555, 41.6937368 ], [ -0.9689679, 41.6940066 ], [ -0.9690782, 41.6940786 ], [ -0.9693254, 41.6942401 ], [ -0.9695262, 41.6943713 ], [ -0.9699771, 41.6946659 ], [ -0.9700434, 41.6947092 ], [ -0.9703478, 41.6949081 ], [ -0.971007, 41.6953387 ], [ -0.9714406, 41.695622 ], [ -0.9719662, 41.6959654 ], [ -0.9722079, 41.6961232 ], [ -0.9727828, 41.6964988 ], [ -0.9729681, 41.6966198 ], [ -0.9732522, 41.6968055 ], [ -0.9737621, 41.6971385 ], [ -0.9741449, 41.6973886 ], [ -0.9742142, 41.6974627 ], [ -0.9744174, 41.697371 ], [ -0.974677, 41.697204 ], [ -0.9748282, 41.6970938 ], [ -0.9749445, 41.6969871 ], [ -0.9751722, 41.6968243 ], [ -0.9753204, 41.6966601 ], [ -0.9754769, 41.6964852 ], [ -0.9756331, 41.6961199 ], [ -0.9756507, 41.6960654 ], [ -0.9757616, 41.6959768 ], [ -0.9758497, 41.6959045 ], [ -0.9760418, 41.695752 ], [ -0.9765376, 41.6953975 ], [ -0.9766273, 41.6953391 ], [ -0.9773751, 41.6948113 ], [ -0.9775313, 41.6946973 ], [ -0.9782393, 41.6942213 ], [ -0.978302, 41.694046 ], [ -0.9783625, 41.6938398 ], [ -0.9783695, 41.6937184 ], [ -0.9783378, 41.6936154 ], [ -0.9783205, 41.6935579 ], [ -0.9782414, 41.6933444 ], [ -0.9782061, 41.6932532 ], [ -0.9781421, 41.6931639 ], [ -0.9779758, 41.6929918 ], [ -0.9778773, 41.6928876 ], [ -0.9777399, 41.6927065 ], [ -0.9776944, 41.6926389 ], [ -0.9776676, 41.6925789 ], [ -0.9776623, 41.6925454 ], [ -0.97766, 41.6925192 ], [ -0.9776986, 41.6924031 ], [ -0.9777878, 41.692195 ], [ -0.9779552, 41.6917402 ], [ -0.9779824, 41.6916741 ], [ -0.9779558, 41.6916022 ], [ -0.9773797, 41.6911154 ], [ -0.9770076, 41.6904083 ], [ -0.9773999, 41.6900625 ], [ -0.9775822, 41.6899275 ], [ -0.9776876, 41.6898102 ], [ -0.9778053, 41.6897074 ], [ -0.9779104, 41.6895997 ], [ -0.9780272, 41.6895255 ], [ -0.9781524, 41.6893847 ], [ -0.9782778, 41.6892392 ], [ -0.9783833, 41.6891469 ], [ -0.9783827, 41.6891362 ], [ -0.9785531, 41.6889215 ], [ -0.9774266, 41.6882173 ], [ -0.9751606, 41.6872358 ], [ -0.9752615, 41.6869937 ], [ -0.9754429, 41.6868157 ], [ -0.9757016, 41.6862765 ], [ -0.9761223, 41.6854765 ], [ -0.9762774, 41.6847378 ], [ -0.9765244, 41.6838688 ], [ -0.9766201, 41.6836233 ], [ -0.9768087, 41.6832147 ], [ -0.9769906, 41.6830202 ], [ -0.9771323, 41.6827096 ], [ -0.9774359, 41.6821383 ], [ -0.9776465, 41.6817301 ], [ -0.9779742, 41.6810932 ], [ -0.9783259, 41.6803909 ], [ -0.9785125, 41.6800482 ], [ -0.9785794, 41.6800164 ], [ -0.9786298, 41.6798113 ], [ -0.9791725, 41.6793265 ], [ -0.9798531, 41.6786465 ], [ -0.9800534, 41.6785676 ], [ -0.9803624, 41.6785236 ], [ -0.9810041, 41.6783866 ], [ -0.9822726, 41.6778816 ], [ -0.9825878, 41.6777718 ], [ -0.9828385, 41.6770708 ], [ -0.9829745, 41.6767873 ], [ -0.98335, 41.6761647 ], [ -0.9839978, 41.6757758 ], [ -0.9842878, 41.6754472 ], [ -0.9844035, 41.6745914 ], [ -0.9844869, 41.6739542 ], [ -0.9845542, 41.6735312 ], [ -0.9845903, 41.6733417 ], [ -0.9844449, 41.6732648 ], [ -0.9839465, 41.6730416 ], [ -0.9833775, 41.6729411 ], [ -0.9828102, 41.6728906 ], [ -0.9817124, 41.6724788 ], [ -0.9815608, 41.672392 ], [ -0.981455, 41.6723187 ], [ -0.9811179, 41.6723271 ], [ -0.980879, 41.6723443 ], [ -0.9807649, 41.6723328 ], [ -0.9805683, 41.6723174 ], [ -0.9803657, 41.6722924 ], [ -0.9799942, 41.6722811 ], [ -0.9797274, 41.6723809 ], [ -0.9793674, 41.672506 ], [ -0.9792584, 41.6725351 ], [ -0.9791528, 41.672557 ], [ -0.9790536, 41.6725791 ], [ -0.9789129, 41.6726076 ], [ -0.9784243, 41.6726824 ], [ -0.9782816, 41.6727112 ], [ -0.9781914, 41.6727093 ], [ -0.9779331, 41.6727357 ], [ -0.9778235, 41.6726838 ], [ -0.9777296, 41.6726368 ], [ -0.9773201, 41.6724199 ], [ -0.9767904, 41.6720818 ], [ -0.9766351, 41.6719646 ], [ -0.9763818, 41.6718315 ], [ -0.9760674, 41.6716234 ], [ -0.9758425, 41.6714955 ], [ -0.9754978, 41.6712706 ], [ -0.9752874, 41.6711569 ], [ -0.9745691, 41.6708174 ], [ -0.9742365, 41.670699 ], [ -0.9733953, 41.67038 ], [ -0.9731315, 41.6702801 ], [ -0.972965, 41.6702176 ], [ -0.9726757, 41.6700995 ], [ -0.9722798, 41.6698742 ], [ -0.9721796, 41.6698248 ], [ -0.9720333, 41.6697269 ], [ -0.9717251, 41.6695237 ], [ -0.9712152, 41.6691776 ], [ -0.9711252, 41.6690937 ], [ -0.9709231, 41.6689519 ], [ -0.9703259, 41.668617 ], [ -0.9700311, 41.6684451 ], [ -0.9698353, 41.6683651 ], [ -0.9696987, 41.6683177 ], [ -0.9695272, 41.6682336 ], [ -0.9687818, 41.6680628 ], [ -0.9682569, 41.6679499 ], [ -0.9680362, 41.667901 ], [ -0.9677373, 41.667754 ], [ -0.967367, 41.667601 ], [ -0.9669724, 41.6675444 ], [ -0.9667024, 41.6675351 ], [ -0.9661698, 41.6674762 ], [ -0.9655952, 41.667412 ], [ -0.9651638, 41.6673818 ], [ -0.9649961, 41.6673653 ], [ -0.9645818, 41.6671734 ], [ -0.9644935, 41.6671177 ], [ -0.9641453, 41.6669224 ], [ -0.9642542, 41.6668005 ], [ -0.9637692, 41.6666591 ], [ -0.9627492, 41.6664383 ], [ -0.9626, 41.6664087 ], [ -0.9612054, 41.6658796 ], [ -0.9608405, 41.6656434 ], [ -0.9607225, 41.6655783 ], [ -0.9604435, 41.6654743 ], [ -0.9598194, 41.6652695 ], [ -0.9588916, 41.6649828 ], [ -0.9587785, 41.6649493 ], [ -0.9582732, 41.6647872 ], [ -0.9573497, 41.6647438 ], [ -0.9566076, 41.664663 ], [ -0.9564841, 41.6645798 ], [ -0.9563969, 41.664299 ], [ -0.9562407, 41.6641116 ], [ -0.9560395, 41.6640179 ], [ -0.9558241, 41.6640061 ], [ -0.955592, 41.6639741 ], [ -0.9533023, 41.6641243 ], [ -0.9530659, 41.664046 ], [ -0.952822, 41.6639741 ], [ -0.9527392, 41.6639321 ], [ -0.952431, 41.6638051 ], [ -0.9521639, 41.6637057 ], [ -0.9519371, 41.6636611 ], [ -0.9515403, 41.6636721 ], [ -0.9511116, 41.6635563 ], [ -0.9502418, 41.6633382 ], [ -0.9498182, 41.6632496 ], [ -0.9493462, 41.6631736 ], [ -0.9488462, 41.6630341 ], [ -0.9486734, 41.6629904 ], [ -0.9478283, 41.6627502 ], [ -0.947727, 41.6627258 ], [ -0.94678, 41.6624682 ], [ -0.9465174, 41.6623301 ], [ -0.9463541, 41.66227 ], [ -0.9463022, 41.6621022 ], [ -0.9464412, 41.6619284 ], [ -0.9465741, 41.6617449 ], [ -0.9466027, 41.6616453 ], [ -0.9463881, 41.6615986 ], [ -0.9462056, 41.6615429 ], [ -0.9459089, 41.6614804 ], [ -0.9454405, 41.6614196 ], [ -0.9450539, 41.6613841 ], [ -0.9448712, 41.6614091 ], [ -0.9447156, 41.6614305 ], [ -0.9444554, 41.6615537 ], [ -0.9442686, 41.6616313 ], [ -0.9441334, 41.6616861 ], [ -0.9435923, 41.6619147 ], [ -0.9416597, 41.6629286 ], [ -0.9398215, 41.664093 ], [ -0.9393648, 41.6645365 ], [ -0.9383181, 41.6654709 ], [ -0.9373922, 41.6664481 ], [ -0.9373666, 41.6664713 ], [ -0.9372291, 41.6665957 ], [ -0.9366634, 41.6671039 ], [ -0.9361261, 41.6676089 ], [ -0.9342239, 41.6694525 ], [ -0.9322044, 41.6713798 ], [ -0.9303144, 41.6732331 ] ] ] } },
{ "type": "Feature", "properties": { "CCAA": "02 - Aragón", "PROVINCIA": "50 - Zaragoza", "MUNICIPIO": "50297 - Zaragoza", "COD_MUNICIPIO": "50297", "DISTRITO": "11", "SECCION": "5029711013", "V1_H": 81.04, "V1_M": 86.55, "V2_H": 80.90626992, "V2_M": 86.32523903000001, "V3_H": 81.22678782, "V3_M": 86.81274177 }, "geometry": { "type": "Polygon", "coordinates": [ [ [ -0.836415, 41.6654747 ], [ -0.8372627, 41.6654843 ], [ -0.8373687, 41.6655732 ], [ -0.837181, 41.6650795 ], [ -0.8363854, 41.6629601 ], [ -0.8360237, 41.6620008 ], [ -0.8358731, 41.6614995 ], [ -0.8359273, 41.6610575 ], [ -0.8360654, 41.660462 ], [ -0.8361444, 41.6601608 ], [ -0.8362481, 41.6597123 ], [ -0.836315, 41.6594773 ], [ -0.8365033, 41.6585616 ], [ -0.8365948, 41.6581793 ], [ -0.8366864, 41.6577971 ], [ -0.8367792, 41.657378 ], [ -0.8368369, 41.6571243 ], [ -0.836895, 41.6568596 ], [ -0.836931, 41.6566683 ], [ -0.8369256, 41.6565353 ], [ -0.8368331, 41.6563564 ], [ -0.8367547, 41.6563018 ], [ -0.8334206, 41.6545478 ], [ -0.8331327, 41.6543955 ], [ -0.832807, 41.654223 ], [ -0.8325428, 41.6540832 ], [ -0.8313876, 41.6534711 ], [ -0.8307893, 41.6531548 ], [ -0.8303873, 41.6529422 ], [ -0.8297997, 41.6526326 ], [ -0.828751, 41.6520786 ], [ -0.8279324, 41.6516491 ], [ -0.8277896, 41.65158 ], [ -0.8276566, 41.651509 ], [ -0.827454, 41.6514006 ], [ -0.827177, 41.6512566 ], [ -0.8263398, 41.650819 ], [ -0.8261942, 41.6507428 ], [ -0.8260899, 41.6506905 ], [ -0.825617, 41.6504762 ], [ -0.8246779, 41.650045 ], [ -0.8245636, 41.6499958 ], [ -0.8244956, 41.6499664 ], [ -0.8242447, 41.649875 ], [ -0.8239427, 41.6497254 ], [ -0.8228551, 41.6492377 ], [ -0.8227843, 41.6492063 ], [ -0.8227055, 41.6491713 ], [ -0.822578, 41.6491101 ], [ -0.8224917, 41.6490687 ], [ -0.822008, 41.6488479 ], [ -0.8219235, 41.6488094 ], [ -0.821746, 41.6487322 ], [ -0.8214318, 41.6485955 ], [ -0.8213734, 41.6485622 ], [ -0.8211732, 41.6484695 ], [ -0.820525, 41.6481922 ], [ -0.8189301, 41.6474852 ], [ -0.8159794, 41.6461523 ], [ -0.815864, 41.646102 ], [ -0.8132094, 41.6448405 ], [ -0.8123163, 41.6444691 ], [ -0.8117704, 41.644311 ], [ -0.8076637, 41.6434943 ], [ -0.8062182, 41.6431178 ], [ -0.8057995, 41.6429237 ], [ -0.8053312, 41.6426224 ], [ -0.8027138, 41.6398606 ], [ -0.8007247, 41.6379083 ], [ -0.798797, 41.6357179 ], [ -0.7946656, 41.6311258 ], [ -0.7910979, 41.6271804 ], [ -0.7904576, 41.6264877 ], [ -0.789926, 41.6258831 ], [ -0.7896603, 41.625565 ], [ -0.7893621, 41.625208 ], [ -0.789188, 41.6249997 ], [ -0.7889961, 41.6250531 ], [ -0.7869187, 41.6263876 ], [ -0.7858767, 41.6270569 ], [ -0.7848463, 41.627699 ], [ -0.7846404, 41.627578 ], [ -0.7839635, 41.6270155 ], [ -0.783634, 41.6267638 ], [ -0.7834254, 41.6266044 ], [ -0.7833642, 41.6266392 ], [ -0.7833642, 41.6266392 ], [ -0.7833154, 41.6268364 ], [ -0.7832356, 41.6270645 ], [ -0.7831511, 41.627252 ], [ -0.7830751, 41.6273676 ], [ -0.7830274, 41.6275333 ], [ -0.782991, 41.6277217 ], [ -0.7829486, 41.6280812 ], [ -0.7829046, 41.6283602 ], [ -0.7829026, 41.628373 ], [ -0.7828495, 41.6286962 ], [ -0.7827852, 41.6289967 ], [ -0.7826912, 41.6292876 ], [ -0.7826558, 41.6294445 ], [ -0.7826558, 41.6294445 ], [ -0.7826815, 41.6295711 ], [ -0.7826664, 41.6296609 ], [ -0.7825923, 41.6297225 ], [ -0.7824818, 41.6297924 ], [ -0.7817512, 41.6299179 ], [ -0.7809423, 41.6300554 ], [ -0.7810074, 41.6302548 ], [ -0.7812175, 41.6306056 ], [ -0.7812596, 41.6307775 ], [ -0.781166, 41.6308793 ], [ -0.7811093, 41.6309592 ], [ -0.7811537, 41.6310637 ], [ -0.7813232, 41.6311975 ], [ -0.7814525, 41.6312766 ], [ -0.7815785, 41.6314547 ], [ -0.7816803, 41.6316368 ], [ -0.7817633, 41.631841 ], [ -0.7818006, 41.6319768 ], [ -0.7818075, 41.6321256 ], [ -0.7817412, 41.6323089 ], [ -0.7816577, 41.6324694 ], [ -0.7816526, 41.6326179 ], [ -0.7816953, 41.6327719 ], [ -0.7817242, 41.6329795 ], [ -0.7817078, 41.6331098 ], [ -0.7816386, 41.6333742 ], [ -0.7816446, 41.6335499 ], [ -0.7816085, 41.6337294 ], [ -0.7815533, 41.6339355 ], [ -0.7815121, 41.6340878 ], [ -0.7814133, 41.6343425 ], [ -0.7813856, 41.6344501 ], [ -0.7814451, 41.6346404 ], [ -0.7814759, 41.634794 ], [ -0.7815466, 41.6350071 ], [ -0.781627, 41.6352074 ], [ -0.7812474, 41.6351544 ], [ -0.7810143, 41.6351143 ], [ -0.7806865, 41.635058 ], [ -0.7801077, 41.6349567 ], [ -0.7800809, 41.6350373 ], [ -0.7800455, 41.6351942 ], [ -0.7800455, 41.6351943 ], [ -0.7798864, 41.6354568 ], [ -0.7796609, 41.6355561 ], [ -0.779377, 41.6356091 ], [ -0.7790413, 41.6355936 ], [ -0.7787177, 41.6355783 ], [ -0.7772745, 41.6374012 ], [ -0.7772744, 41.6374012 ], [ -0.7772345, 41.637441 ], [ -0.7772123, 41.6374631 ], [ -0.77713, 41.6375875 ], [ -0.7769297, 41.6378268 ], [ -0.7767655, 41.6380624 ], [ -0.7766294, 41.6381768 ], [ -0.7764721, 41.6383899 ], [ -0.7762774, 41.6386383 ], [ -0.7760818, 41.6389137 ], [ -0.775954, 41.6391409 ], [ -0.7757769, 41.6394031 ], [ -0.7756453, 41.6395627 ], [ -0.7755278, 41.639664 ], [ -0.7752382, 41.6400547 ], [ -0.7747024, 41.6407963 ], [ -0.7744061, 41.6412049 ], [ -0.7743257, 41.6412754 ], [ -0.77427, 41.6413238 ], [ -0.7742266, 41.6413635 ], [ -0.7741326, 41.6414788 ], [ -0.7740108, 41.6416662 ], [ -0.7739361, 41.6417812 ], [ -0.7732245, 41.6425689 ], [ -0.7731922, 41.6426359 ], [ -0.7731902, 41.6426378 ], [ -0.7733522, 41.6426768 ], [ -0.7739781, 41.6428372 ], [ -0.7748064, 41.6430545 ], [ -0.7751943, 41.6431573 ], [ -0.7759467, 41.6432184 ], [ -0.7764504, 41.6433322 ], [ -0.7768941, 41.6434857 ], [ -0.777172, 41.6435831 ], [ -0.7776793, 41.6437482 ], [ -0.778536, 41.6440744 ], [ -0.7788627, 41.6442509 ], [ -0.7792648, 41.6444297 ], [ -0.7796476, 41.6445996 ], [ -0.7802107, 41.6448136 ], [ -0.780307, 41.6448499 ], [ -0.7804739, 41.6449116 ], [ -0.7807577, 41.6449694 ], [ -0.7810673, 41.645055 ], [ -0.7815727, 41.6453459 ], [ -0.7817145, 41.6454059 ], [ -0.7820304, 41.6455396 ], [ -0.7823738, 41.6456876 ], [ -0.7827844, 41.6458899 ], [ -0.7836082, 41.646122 ], [ -0.7841014, 41.6462674 ], [ -0.7847316, 41.6465718 ], [ -0.7850454, 41.6466613 ], [ -0.7855086, 41.6469542 ], [ -0.7858846, 41.647064 ], [ -0.7865453, 41.6475587 ], [ -0.7867674, 41.6477123 ], [ -0.7872081, 41.6480314 ], [ -0.7875303, 41.6482731 ], [ -0.7876066, 41.6483176 ], [ -0.7883968, 41.6485817 ], [ -0.7887494, 41.648728 ], [ -0.7892468, 41.6490547 ], [ -0.7897577, 41.6492431 ], [ -0.7902716, 41.6494294 ], [ -0.7909078, 41.6496518 ], [ -0.7915072, 41.6498613 ], [ -0.7917426, 41.64995 ], [ -0.7921039, 41.6501151 ], [ -0.792336, 41.6502427 ], [ -0.7924938, 41.650339 ], [ -0.7927398, 41.6504949 ], [ -0.7930184, 41.6506857 ], [ -0.7937239, 41.651163 ], [ -0.7938733, 41.6512655 ], [ -0.7942954, 41.651555 ], [ -0.7947945, 41.6518988 ], [ -0.7952027, 41.65218 ], [ -0.7955812, 41.6524391 ], [ -0.7959323, 41.6526785 ], [ -0.7962916, 41.6529228 ], [ -0.7964974, 41.6530626 ], [ -0.7966728, 41.6531867 ], [ -0.7969333, 41.653373 ], [ -0.7972516, 41.6536151 ], [ -0.797561, 41.6538719 ], [ -0.7982283, 41.6544423 ], [ -0.7986103, 41.6547689 ], [ -0.7990713, 41.6551365 ], [ -0.800291, 41.6561303 ], [ -0.8006486, 41.6564217 ], [ -0.8010754, 41.6567759 ], [ -0.801467, 41.6570957 ], [ -0.8017692, 41.6573214 ], [ -0.8019514, 41.6574406 ], [ -0.8020666, 41.6575035 ], [ -0.8021958, 41.6575689 ], [ -0.8024804, 41.6576969 ], [ -0.8035512, 41.6581393 ], [ -0.8043309, 41.6584588 ], [ -0.8050927, 41.6587693 ], [ -0.8055161, 41.6589383 ], [ -0.8057754, 41.6590201 ], [ -0.8060107, 41.6590789 ], [ -0.8062265, 41.6591178 ], [ -0.8064168, 41.6591392 ], [ -0.8072833, 41.6592284 ], [ -0.8079688, 41.6592969 ], [ -0.8099491, 41.659467 ], [ -0.8114327, 41.6595715 ], [ -0.8122412, 41.6596251 ], [ -0.8138794, 41.6598564 ], [ -0.814278, 41.6599069 ], [ -0.8156941, 41.6602245 ], [ -0.8167254, 41.6604538 ], [ -0.818305, 41.6609152 ], [ -0.8190261, 41.6612053 ], [ -0.8194619, 41.6613804 ], [ -0.8199068, 41.6615675 ], [ -0.8216282, 41.6623484 ], [ -0.8227349, 41.6628442 ], [ -0.8227867, 41.6628613 ], [ -0.8228293, 41.6628865 ], [ -0.8230359, 41.663009 ], [ -0.8234363, 41.6631977 ], [ -0.8239879, 41.6634273 ], [ -0.8243143, 41.6635479 ], [ -0.824805, 41.6637002 ], [ -0.8253454, 41.663882 ], [ -0.8258348, 41.6640723 ], [ -0.8264013, 41.6642356 ], [ -0.8269668, 41.6644274 ], [ -0.8276083, 41.6646302 ], [ -0.8282393, 41.664766 ], [ -0.8288214, 41.6648437 ], [ -0.8292635, 41.6649283 ], [ -0.8295928, 41.6649631 ], [ -0.8300355, 41.6650287 ], [ -0.8304392, 41.6651221 ], [ -0.8308066, 41.6651576 ], [ -0.8311343, 41.6652401 ], [ -0.8315151, 41.6652568 ], [ -0.8319972, 41.665285 ], [ -0.8325676, 41.6653339 ], [ -0.8330503, 41.665343 ], [ -0.8335191, 41.6653899 ], [ -0.8340139, 41.6654183 ], [ -0.8352325, 41.6654699 ], [ -0.8364146, 41.6654731 ], [ -0.836415, 41.6654747 ] ] ] } },
{ "type": "Feature", "properties": { "CCAA": "02 - Aragón", "PROVINCIA": "50 - Zaragoza", "MUNICIPIO": "50297 - Zaragoza", "COD_MUNICIPIO": "50297", "DISTRITO": "10", "SECCION": "5029710080", "V1_H": 82.19, "V1_M": 87.25, "V2_H": 81.84285612, "V2_M": 87.14223952, "V3_H": 82.56554756, "V3_M": 87.46692958 }, "geometry": { "type": "Polygon", "coordinates": [ [ [ -0.8564967, 41.693186 ], [ -0.8564971, 41.6931852 ], [ -0.8569167, 41.6922793 ], [ -0.8587999, 41.6881803 ], [ -0.8590777, 41.6876389 ], [ -0.8593238, 41.6876219 ], [ -0.8603328, 41.688106 ], [ -0.8607867, 41.6883061 ], [ -0.86106, 41.6882135 ], [ -0.8612941, 41.6880582 ], [ -0.8614208, 41.6878794 ], [ -0.8616658, 41.6879674 ], [ -0.8617438, 41.6880117 ], [ -0.8616989, 41.6881205 ], [ -0.8618735, 41.6883216 ], [ -0.8621135, 41.6885596 ], [ -0.8623838, 41.6886551 ], [ -0.8625158, 41.6887005 ], [ -0.8629382, 41.6889038 ], [ -0.8631629, 41.6891272 ], [ -0.8634875, 41.6893095 ], [ -0.8637009, 41.6892943 ], [ -0.8639706, 41.6891207 ], [ -0.8640798, 41.6891823 ], [ -0.8640991, 41.6892733 ], [ -0.8640481, 41.6901449 ], [ -0.8641518, 41.690504 ], [ -0.8648228, 41.6907329 ], [ -0.865149, 41.6909121 ], [ -0.8654484, 41.691026 ], [ -0.8656783, 41.6914956 ], [ -0.8658926, 41.6915645 ], [ -0.866266, 41.6916256 ], [ -0.8663706, 41.6915193 ], [ -0.8666242, 41.6912751 ], [ -0.8669585, 41.6912055 ], [ -0.8673954, 41.6910946 ], [ -0.8677625, 41.6909067 ], [ -0.8681028, 41.6910969 ], [ -0.8683669, 41.6914049 ], [ -0.8688216, 41.6916298 ], [ -0.8689981, 41.6919685 ], [ -0.8692261, 41.6920593 ], [ -0.8692797, 41.6926231 ], [ -0.8690557, 41.6928462 ], [ -0.868948, 41.6930499 ], [ -0.8692136, 41.6933146 ], [ -0.8692948, 41.6934784 ], [ -0.8697328, 41.6937679 ], [ -0.870076, 41.6939843 ], [ -0.8705679, 41.6916923 ], [ -0.8706954, 41.6910982 ], [ -0.8711235, 41.6896043 ], [ -0.8718258, 41.688057 ], [ -0.8727636, 41.6867142 ], [ -0.8727673, 41.6867088 ], [ -0.873039, 41.6863198 ], [ -0.8731445, 41.683711 ], [ -0.8709803, 41.6836618 ], [ -0.8710644, 41.6796236 ], [ -0.8710535, 41.6794405 ], [ -0.8680239, 41.6794984 ], [ -0.8633901, 41.6795682 ], [ -0.8633412, 41.679604 ], [ -0.8632853, 41.6796335 ], [ -0.8632239, 41.6796562 ], [ -0.8631586, 41.6796713 ], [ -0.863091, 41.6796786 ], [ -0.8630226, 41.6796779 ], [ -0.8629553, 41.6796692 ], [ -0.8628905, 41.6796527 ], [ -0.86283, 41.6796287 ], [ -0.8627754, 41.679598 ], [ -0.8627277, 41.6795613 ], [ -0.8626883, 41.6795194 ], [ -0.8626581, 41.6794733 ], [ -0.8626063, 41.6793319 ], [ -0.8625488, 41.6794208 ], [ -0.8569596, 41.6791436 ], [ -0.8565629, 41.6791239 ], [ -0.8536321, 41.6787309 ], [ -0.8528958, 41.6829401 ], [ -0.8524228, 41.683705 ], [ -0.8515471, 41.6852904 ], [ -0.8504901, 41.6871158 ], [ -0.8491237, 41.6878262 ], [ -0.8476209, 41.6887288 ], [ -0.8469481, 41.6889867 ], [ -0.8462135, 41.6893587 ], [ -0.8481694, 41.6905418 ], [ -0.8481818, 41.690525 ], [ -0.8508245, 41.6913808 ], [ -0.8535107, 41.6922319 ], [ -0.855725, 41.6929443 ], [ -0.8564967, 41.693186 ] ] ] } },
{ "type": "Feature", "properties": { "CCAA": "02 - Aragón", "PROVINCIA": "50 - Zaragoza", "MUNICIPIO": "50297 - Zaragoza", "COD_MUNICIPIO": "50297", "DISTRITO": "11", "SECCION": "5029711006", "V1_H": 80.65, "V1_M": 86.4, "V2_H": 80.41087182, "V2_M": 86.2775211, "V3_H": 80.94660094, "V3_M": 86.57847437 }, "geometry": { "type": "Polygon", "coordinates": [ [ [ -0.8384763, 41.6693077 ], [ -0.8387148, 41.6694668 ], [ -0.8388253, 41.6695405 ], [ -0.8389763, 41.6696412 ], [ -0.8390405, 41.6696841 ], [ -0.8391793, 41.6697829 ], [ -0.839611, 41.6700967 ], [ -0.8398955, 41.6703035 ], [ -0.8403974, 41.6706683 ], [ -0.8416409, 41.6708632 ], [ -0.8416383, 41.6708747 ], [ -0.8417929, 41.6709089 ], [ -0.8420746, 41.6709142 ], [ -0.842088, 41.6709145 ], [ -0.8418311, 41.6701203 ], [ -0.8418411, 41.6700058 ], [ -0.8418724, 41.6698714 ], [ -0.8418604, 41.669783 ], [ -0.8418051, 41.6693763 ], [ -0.8418643, 41.668367 ], [ -0.842187, 41.6670768 ], [ -0.8427353, 41.665886 ], [ -0.8434102, 41.6648502 ], [ -0.8438614, 41.6640553 ], [ -0.8440705, 41.6638853 ], [ -0.8446315, 41.6634526 ], [ -0.845149, 41.6629929 ], [ -0.8457035, 41.6624695 ], [ -0.8459721, 41.6622291 ], [ -0.8460943, 41.6620884 ], [ -0.8463965, 41.6616985 ], [ -0.8465823, 41.6614637 ], [ -0.8467652, 41.6612193 ], [ -0.8468897, 41.6608213 ], [ -0.8469244, 41.6607338 ], [ -0.846794, 41.6604501 ], [ -0.8467607, 41.6603995 ], [ -0.8467378, 41.6603252 ], [ -0.8466613, 41.6601402 ], [ -0.8465382, 41.6600212 ], [ -0.846198, 41.6595501 ], [ -0.8461636, 41.6594375 ], [ -0.8462213, 41.6593265 ], [ -0.8464232, 41.6589779 ], [ -0.8469268, 41.6583583 ], [ -0.8473342, 41.657956 ], [ -0.8484342, 41.6569853 ], [ -0.8489766, 41.6567286 ], [ -0.8489969, 41.656729 ], [ -0.848999, 41.6567216 ], [ -0.8490961, 41.6566712 ], [ -0.8492718, 41.6565459 ], [ -0.8494749, 41.6563638 ], [ -0.8495499, 41.6562399 ], [ -0.8495565, 41.6562409 ], [ -0.8497156, 41.655848 ], [ -0.849787, 41.6552298 ], [ -0.8497479, 41.6548763 ], [ -0.8489846, 41.6540607 ], [ -0.8487404, 41.6536823 ], [ -0.8483665, 41.6530846 ], [ -0.8483647, 41.6530676 ], [ -0.8478974, 41.6526859 ], [ -0.8478012, 41.6523314 ], [ -0.8480033, 41.6508959 ], [ -0.8479996, 41.6508831 ], [ -0.8481559, 41.6506759 ], [ -0.8481851, 41.6503714 ], [ -0.8481122, 41.6500793 ], [ -0.8480253, 41.6497091 ], [ -0.8476935, 41.6496489 ], [ -0.8455722, 41.6492876 ], [ -0.8434892, 41.6489973 ], [ -0.8414052, 41.6487384 ], [ -0.8400354, 41.6483987 ], [ -0.8392502, 41.6481014 ], [ -0.8379285, 41.6475743 ], [ -0.8371506, 41.6470574 ], [ -0.8362567, 41.6462557 ], [ -0.8351277, 41.6449787 ], [ -0.83442, 41.6436156 ], [ -0.83437, 41.6426101 ], [ -0.8345636, 41.641829 ], [ -0.8353303, 41.6401797 ], [ -0.8364398, 41.6382857 ], [ -0.8372806, 41.6369203 ], [ -0.8389385, 41.6336397 ], [ -0.8391354, 41.6327114 ], [ -0.8395736, 41.6317665 ], [ -0.8402371, 41.6301585 ], [ -0.8406721, 41.6285463 ], [ -0.8409599, 41.6269913 ], [ -0.8408801, 41.6243686 ], [ -0.8408237, 41.6235513 ], [ -0.840429, 41.6231049 ], [ -0.8402593, 41.6229129 ], [ -0.8400631, 41.6226909 ], [ -0.8394127, 41.6219552 ], [ -0.8383979, 41.6210258 ], [ -0.8361362, 41.619853 ], [ -0.833258, 41.6183547 ], [ -0.8316183, 41.6173507 ], [ -0.8280841, 41.6154631 ], [ -0.8254354, 41.6146125 ], [ -0.824, 41.6143813 ], [ -0.8225647, 41.61415 ], [ -0.8200575, 41.614071 ], [ -0.8180039, 41.614189 ], [ -0.8153919, 41.6147358 ], [ -0.8106245, 41.615932 ], [ -0.8081738, 41.6166544 ], [ -0.8057717, 41.6171736 ], [ -0.8043503, 41.6171464 ], [ -0.8021078, 41.616664 ], [ -0.8006145, 41.6162901 ], [ -0.8003325, 41.6159708 ], [ -0.8003908, 41.6142582 ], [ -0.8004136, 41.6135857 ], [ -0.7999386, 41.6143715 ], [ -0.7997239, 41.6148378 ], [ -0.7996558, 41.6149497 ], [ -0.7995587, 41.6151522 ], [ -0.79927, 41.6156368 ], [ -0.7990226, 41.6161194 ], [ -0.798666, 41.6169717 ], [ -0.7983863, 41.6174894 ], [ -0.7981506, 41.6178902 ], [ -0.7979489, 41.6183502 ], [ -0.7977686, 41.6187115 ], [ -0.7976336, 41.6189746 ], [ -0.7975341, 41.6191671 ], [ -0.7975115, 41.6192109 ], [ -0.7973803, 41.6191859 ], [ -0.796786, 41.6190169 ], [ -0.7962133, 41.6189158 ], [ -0.7961532, 41.6189311 ], [ -0.7961532, 41.6189311 ], [ -0.7960983, 41.6189451 ], [ -0.7960448, 41.6189854 ], [ -0.7959874, 41.6190286 ], [ -0.7959048, 41.619041 ], [ -0.7958547, 41.6190486 ], [ -0.7956383, 41.6190579 ], [ -0.7955106, 41.6191095 ], [ -0.7953085, 41.6192272 ], [ -0.7951792, 41.6193238 ], [ -0.7950639, 41.6193621 ], [ -0.7949429, 41.6197426 ], [ -0.7948733, 41.6202005 ], [ -0.7949287, 41.6205123 ], [ -0.7949581, 41.6207156 ], [ -0.7949626, 41.6207472 ], [ -0.7950372, 41.6210233 ], [ -0.7950363, 41.6212259 ], [ -0.7948461, 41.621524 ], [ -0.7944207, 41.6222093 ], [ -0.794059, 41.6226614 ], [ -0.793963, 41.6227814 ], [ -0.7938281, 41.6230445 ], [ -0.7937088, 41.6230197 ], [ -0.7928299, 41.6228029 ], [ -0.7926197, 41.6227511 ], [ -0.7925799, 41.6228629 ], [ -0.7924862, 41.6230125 ], [ -0.7924657, 41.6230454 ], [ -0.7922919, 41.6232131 ], [ -0.7921201, 41.6234981 ], [ -0.7919729, 41.6241166 ], [ -0.7918526, 41.6248304 ], [ -0.7917134, 41.625215 ], [ -0.7916039, 41.6254335 ], [ -0.7915518, 41.6257297 ], [ -0.7912826, 41.6262289 ], [ -0.7911708, 41.6266857 ], [ -0.7911641, 41.6267129 ], [ -0.7910979, 41.6271804 ], [ -0.7946656, 41.6311258 ], [ -0.798797, 41.6357179 ], [ -0.8007247, 41.6379083 ], [ -0.8027138, 41.6398606 ], [ -0.8053312, 41.6426224 ], [ -0.8057995, 41.6429237 ], [ -0.8062182, 41.6431178 ], [ -0.8076637, 41.6434943 ], [ -0.8117704, 41.644311 ], [ -0.8123163, 41.6444691 ], [ -0.8132094, 41.6448405 ], [ -0.815864, 41.646102 ], [ -0.8159794, 41.6461523 ], [ -0.8189301, 41.6474852 ], [ -0.820525, 41.6481922 ], [ -0.8211732, 41.6484695 ], [ -0.8213734, 41.6485622 ], [ -0.8214318, 41.6485955 ], [ -0.821746, 41.6487322 ], [ -0.8219235, 41.6488094 ], [ -0.822008, 41.6488479 ], [ -0.8224917, 41.6490687 ], [ -0.822578, 41.6491101 ], [ -0.8227055, 41.6491713 ], [ -0.8227843, 41.6492063 ], [ -0.8228551, 41.6492377 ], [ -0.8239427, 41.6497254 ], [ -0.8242447, 41.649875 ], [ -0.8244956, 41.6499664 ], [ -0.8245636, 41.6499958 ], [ -0.8246779, 41.650045 ], [ -0.825617, 41.6504762 ], [ -0.8260899, 41.6506905 ], [ -0.8261942, 41.6507428 ], [ -0.8263398, 41.650819 ], [ -0.827177, 41.6512566 ], [ -0.827454, 41.6514006 ], [ -0.8276566, 41.651509 ], [ -0.8277896, 41.65158 ], [ -0.8279324, 41.6516491 ], [ -0.828751, 41.6520786 ], [ -0.8297997, 41.6526326 ], [ -0.8303873, 41.6529422 ], [ -0.8307893, 41.6531548 ], [ -0.8313876, 41.6534711 ], [ -0.8325428, 41.6540832 ], [ -0.832807, 41.654223 ], [ -0.8331327, 41.6543955 ], [ -0.8334206, 41.6545478 ], [ -0.8367547, 41.6563018 ], [ -0.8368331, 41.6563564 ], [ -0.8369256, 41.6565353 ], [ -0.836931, 41.6566683 ], [ -0.836895, 41.6568596 ], [ -0.8368369, 41.6571243 ], [ -0.8367792, 41.657378 ], [ -0.8366864, 41.6577971 ], [ -0.8365948, 41.6581793 ], [ -0.8365033, 41.6585616 ], [ -0.836315, 41.6594773 ], [ -0.8362481, 41.6597123 ], [ -0.8361444, 41.6601608 ], [ -0.8360654, 41.660462 ], [ -0.8359273, 41.6610575 ], [ -0.8358731, 41.6614995 ], [ -0.8360237, 41.6620008 ], [ -0.8363854, 41.6629601 ], [ -0.837181, 41.6650795 ], [ -0.8373687, 41.6655732 ], [ -0.8373688, 41.6655733 ], [ -0.8374666, 41.6656573 ], [ -0.8381101, 41.6669419 ], [ -0.8384078, 41.6673526 ], [ -0.838404, 41.6673692 ], [ -0.8384666, 41.6674495 ], [ -0.8384763, 41.6693077 ] ] ] } },
{ "type": "Feature", "properties": { "CCAA": "02 - Aragón", "PROVINCIA": "50 - Zaragoza", "MUNICIPIO": "50297 - Zaragoza", "COD_MUNICIPIO": "50297", "DISTRITO": "12", "SECCION": "5029712009", "V1_H": 81.04, "V1_M": 86.55, "V2_H": 80.90626992, "V2_M": 86.32523903000001, "V3_H": 81.22678782, "V3_M": 86.81274177 }, "geometry": { "type": "Polygon", "coordinates": [ [ [ -1.1175361, 41.7423065 ], [ -1.1175959, 41.7422663 ], [ -1.1175544, 41.742506 ], [ -1.1175069, 41.7426899 ], [ -1.1176777, 41.7428143 ], [ -1.119111, 41.7437655 ], [ -1.119996, 41.7443428 ], [ -1.1200366, 41.7443976 ], [ -1.1206335, 41.745371 ], [ -1.1215082, 41.7467183 ], [ -1.12187, 41.7473006 ], [ -1.1220427, 41.7475647 ], [ -1.1226315, 41.7475832 ], [ -1.1231486, 41.7475827 ], [ -1.123647, 41.7476089 ], [ -1.1242111, 41.7476496 ], [ -1.1243431, 41.7476563 ], [ -1.1244027, 41.7476753 ], [ -1.1245807, 41.7477593 ], [ -1.125112, 41.7480967 ], [ -1.1255423, 41.747775 ], [ -1.125419, 41.7476738 ], [ -1.1253477, 41.7474385 ], [ -1.1253878, 41.7472995 ], [ -1.1256482, 41.7472363 ], [ -1.1262524, 41.7469309 ], [ -1.1267475, 41.7468624 ], [ -1.1269248, 41.7465546 ], [ -1.1273527, 41.7463139 ], [ -1.1278531, 41.7464752 ], [ -1.1282932, 41.7458158 ], [ -1.1294008, 41.7453611 ], [ -1.1303923, 41.7449674 ], [ -1.1305086, 41.7448973 ], [ -1.1306504, 41.744778 ], [ -1.1308047, 41.7446409 ], [ -1.1315508, 41.7440001 ], [ -1.1318653, 41.7437305 ], [ -1.1320814, 41.7435359 ], [ -1.1324024, 41.7432484 ], [ -1.1323649, 41.7431512 ], [ -1.1324852, 41.743102 ], [ -1.1324845, 41.7431011 ], [ -1.1321788, 41.7424477 ], [ -1.1310782, 41.7410066 ], [ -1.1307069, 41.7406058 ], [ -1.1302737, 41.7401379 ], [ -1.1394184, 41.7349456 ], [ -1.1418992, 41.733977 ], [ -1.14392, 41.7331181 ], [ -1.1455129, 41.732081 ], [ -1.1486619, 41.72961 ], [ -1.1495738, 41.7292554 ], [ -1.1528508, 41.7281823 ], [ -1.1573437, 41.7270476 ], [ -1.1591264, 41.7265088 ], [ -1.1605806, 41.7265265 ], [ -1.161458, 41.7265371 ], [ -1.1619587, 41.7262659 ], [ -1.1619879, 41.7262378 ], [ -1.1628887, 41.7253729 ], [ -1.1641813, 41.7241319 ], [ -1.1678543, 41.7206049 ], [ -1.1668419, 41.7190036 ], [ -1.1654416, 41.7162522 ], [ -1.1632564, 41.7140557 ], [ -1.1623526, 41.7132937 ], [ -1.1607793, 41.7115572 ], [ -1.1598891, 41.7107415 ], [ -1.1573725, 41.7079541 ], [ -1.1572624, 41.7078278 ], [ -1.1567672, 41.7072599 ], [ -1.1542189, 41.7043368 ], [ -1.1514469, 41.7008337 ], [ -1.1490921, 41.6978776 ], [ -1.1488321, 41.697306 ], [ -1.1486781, 41.6968073 ], [ -1.1476557, 41.6934952 ], [ -1.1480945, 41.6916019 ], [ -1.1485038, 41.6903206 ], [ -1.1488834, 41.6896513 ], [ -1.1488835, 41.6896512 ], [ -1.1493672, 41.6887043 ], [ -1.149404, 41.6886539 ], [ -1.1494041, 41.6886538 ], [ -1.1494979, 41.6885578 ], [ -1.1497539, 41.6882197 ], [ -1.1501091, 41.6877751 ], [ -1.1504612, 41.6874385 ], [ -1.151066, 41.6868763 ], [ -1.1518463, 41.6862719 ], [ -1.1522666, 41.6858599 ], [ -1.1523973, 41.6856998 ], [ -1.1525923, 41.6853968 ], [ -1.1529, 41.6849288 ], [ -1.1530631, 41.6846883 ], [ -1.1533356, 41.6844 ], [ -1.1534475, 41.6842711 ], [ -1.1534803, 41.6841726 ], [ -1.1536541, 41.6837701 ], [ -1.1538462, 41.6833544 ], [ -1.154086, 41.6829484 ], [ -1.1544306, 41.6824541 ], [ -1.1548131, 41.6818884 ], [ -1.155033, 41.6815541 ], [ -1.1553243, 41.6812391 ], [ -1.1554756, 41.6809893 ], [ -1.1557064, 41.6804796 ], [ -1.1557913, 41.6802423 ], [ -1.1560901, 41.6794545 ], [ -1.1562502, 41.6791058 ], [ -1.1564308, 41.6786719 ], [ -1.156502, 41.6784929 ], [ -1.1566975, 41.6781673 ], [ -1.1567967, 41.6780608 ], [ -1.1571219, 41.6776112 ], [ -1.1572407, 41.6774465 ], [ -1.1576944, 41.6767017 ], [ -1.1581659, 41.6759662 ], [ -1.1583168, 41.6757299 ], [ -1.1585028, 41.6753141 ], [ -1.1586098, 41.6751447 ], [ -1.158855, 41.6747613 ], [ -1.1589622, 41.6745829 ], [ -1.1592704, 41.6743042 ], [ -1.1589223, 41.674087 ], [ -1.1589738, 41.6739662 ], [ -1.1592367, 41.6733804 ], [ -1.1593582, 41.6731212 ], [ -1.1591498, 41.6730593 ], [ -1.1591559, 41.6728433 ], [ -1.1592558, 41.6720793 ], [ -1.1593179, 41.6715849 ], [ -1.1592898, 41.6715169 ], [ -1.1591902, 41.6712181 ], [ -1.1588551, 41.6703346 ], [ -1.1587612, 41.6700449 ], [ -1.1586247, 41.6691465 ], [ -1.1584476, 41.6681935 ], [ -1.1583388, 41.6669578 ], [ -1.1583164, 41.6660567 ], [ -1.1583085, 41.6659126 ], [ -1.1582748, 41.665831 ], [ -1.1581353, 41.6654594 ], [ -1.1581223, 41.6652836 ], [ -1.1581197, 41.6647387 ], [ -1.1581407, 41.6644282 ], [ -1.1581645, 41.6638027 ], [ -1.1582429, 41.6633671 ], [ -1.1584037, 41.6625726 ], [ -1.1584236, 41.6622982 ], [ -1.1584194, 41.6622351 ], [ -1.1583795, 41.6621579 ], [ -1.1582258, 41.6612323 ], [ -1.1589157, 41.6591492 ], [ -1.1590393, 41.6590251 ], [ -1.1591631, 41.6588965 ], [ -1.1594793, 41.6585459 ], [ -1.1598115, 41.6582675 ], [ -1.1601002, 41.6580424 ], [ -1.1602661, 41.65791 ], [ -1.1606273, 41.657668 ], [ -1.161076, 41.657306 ], [ -1.1613948, 41.6570724 ], [ -1.1620569, 41.6565967 ], [ -1.1622047, 41.6564684 ], [ -1.1625736, 41.6561636 ], [ -1.1628382, 41.6559381 ], [ -1.1633114, 41.6555584 ], [ -1.1638582, 41.6551213 ], [ -1.1646048, 41.6546288 ], [ -1.1651383, 41.6542366 ], [ -1.1654399, 41.6539802 ], [ -1.1661197, 41.6535092 ], [ -1.1663843, 41.6532838 ], [ -1.1669893, 41.652699 ], [ -1.1673167, 41.6523755 ], [ -1.1674473, 41.6522199 ], [ -1.1675032, 41.6521532 ], [ -1.1675405, 41.6521088 ], [ -1.1680588, 41.6518289 ], [ -1.1685826, 41.6515671 ], [ -1.1689133, 41.6513381 ], [ -1.1692561, 41.6511049 ], [ -1.1695194, 41.6509244 ], [ -1.1696368, 41.6508093 ], [ -1.1698402, 41.6506234 ], [ -1.1700998, 41.6503618 ], [ -1.1702041, 41.6502824 ], [ -1.1705061, 41.650008 ], [ -1.1708761, 41.6496626 ], [ -1.1713322, 41.6492466 ], [ -1.1716355, 41.6489227 ], [ -1.1720621, 41.6484881 ], [ -1.1724886, 41.648058 ], [ -1.1738272, 41.6472192 ], [ -1.1738924, 41.6471797 ], [ -1.1739432, 41.647149 ], [ -1.1739206, 41.6470991 ], [ -1.1738614, 41.6470293 ], [ -1.1738614, 41.6470292 ], [ -1.1737282, 41.646872 ], [ -1.1728806, 41.6458712 ], [ -1.1721843, 41.645018 ], [ -1.1715333, 41.6442601 ], [ -1.1711656, 41.6438225 ], [ -1.170302, 41.6427949 ], [ -1.1691987, 41.6425387 ], [ -1.1687168, 41.6424324 ], [ -1.1666713, 41.6419815 ], [ -1.1652133, 41.64166 ], [ -1.1635426, 41.6441717 ], [ -1.1634824, 41.6442623 ], [ -1.1625155, 41.6442738 ], [ -1.1604458, 41.6442182 ], [ -1.1578673, 41.6439022 ], [ -1.1571141, 41.6437865 ], [ -1.1567201, 41.6437082 ], [ -1.1557, 41.6434802 ], [ -1.1554332, 41.6433633 ], [ -1.1544456, 41.6430457 ], [ -1.153631, 41.6427714 ], [ -1.1526973, 41.6424637 ], [ -1.1518759, 41.6422163 ], [ -1.1504872, 41.6418607 ], [ -1.1497599, 41.6416823 ], [ -1.1491094, 41.6415458 ], [ -1.1480108, 41.641339 ], [ -1.1475635, 41.6412327 ], [ -1.1473597, 41.6412249 ], [ -1.1461711, 41.6410121 ], [ -1.1451005, 41.6407835 ], [ -1.1451004, 41.6407835 ], [ -1.1450076, 41.6407636 ], [ -1.1447456, 41.6406874 ], [ -1.1446312, 41.640699 ], [ -1.1444591, 41.6407163 ], [ -1.1442459, 41.6407378 ], [ -1.1435421, 41.6407895 ], [ -1.143473, 41.6407976 ], [ -1.1429337, 41.6408607 ], [ -1.1425051, 41.6409439 ], [ -1.1422251, 41.6410321 ], [ -1.1420567, 41.6410852 ], [ -1.1416331, 41.6412045 ], [ -1.1410657, 41.6413123 ], [ -1.1408598, 41.6413721 ], [ -1.1406786, 41.6414097 ], [ -1.1403779, 41.6413677 ], [ -1.1399133, 41.6413028 ], [ -1.1392928, 41.6415854 ], [ -1.1390306, 41.6417252 ], [ -1.1388946, 41.6418627 ], [ -1.1387733, 41.6419057 ], [ -1.1386696, 41.6419626 ], [ -1.1382913, 41.6421727 ], [ -1.1382064, 41.6422028 ], [ -1.1378372, 41.6423049 ], [ -1.1373476, 41.6424231 ], [ -1.1370309, 41.64258 ], [ -1.1368712, 41.6427035 ], [ -1.1365776, 41.6428924 ], [ -1.1364015, 41.6429616 ], [ -1.1360375, 41.6430953 ], [ -1.1356973, 41.6432339 ], [ -1.1354961, 41.6433387 ], [ -1.1331892, 41.6438101 ], [ -1.1312528, 41.6441299 ], [ -1.1312093, 41.644137 ], [ -1.1309511, 41.644179 ], [ -1.1306995, 41.6441615 ], [ -1.1304297, 41.644148 ], [ -1.1302629, 41.6441048 ], [ -1.1299945, 41.6440419 ], [ -1.1297701, 41.6439122 ], [ -1.1295446, 41.6438229 ], [ -1.1293295, 41.6437879 ], [ -1.1269001, 41.6439239 ], [ -1.126215, 41.6439488 ], [ -1.124966, 41.6439554 ], [ -1.1241193, 41.6439641 ], [ -1.1235947, 41.6440411 ], [ -1.123397, 41.6440724 ], [ -1.1213571, 41.6443963 ], [ -1.1185528, 41.6448278 ], [ -1.117829, 41.6446947 ], [ -1.1173167, 41.6446004 ], [ -1.1170743, 41.6445571 ], [ -1.1165403, 41.6444616 ], [ -1.1153224, 41.6442254 ], [ -1.1141284, 41.6439942 ], [ -1.1136931, 41.6438925 ], [ -1.1133017, 41.6437284 ], [ -1.113195, 41.6436817 ], [ -1.1126867, 41.6434076 ], [ -1.1122071, 41.6431791 ], [ -1.1114872, 41.6427484 ], [ -1.1113691, 41.6426834 ], [ -1.1105818, 41.6423013 ], [ -1.1099423, 41.641998 ], [ -1.1097056, 41.6418815 ], [ -1.1095081, 41.6416531 ], [ -1.109267, 41.6414825 ], [ -1.1091547, 41.6414221 ], [ -1.1091278, 41.6413136 ], [ -1.1090899, 41.6411733 ], [ -1.1090212, 41.6408525 ], [ -1.1089698, 41.6405589 ], [ -1.1089351, 41.6405133 ], [ -1.1087982, 41.6402679 ], [ -1.1086418, 41.6400762 ], [ -1.1084535, 41.6399425 ], [ -1.1083181, 41.6398547 ], [ -1.108218, 41.6397855 ], [ -1.1080249, 41.6396157 ], [ -1.1079144, 41.6394923 ], [ -1.1077797, 41.6393775 ], [ -1.1076729, 41.6392923 ], [ -1.1074571, 41.63912 ], [ -1.1071412, 41.6390428 ], [ -1.1065739, 41.6389388 ], [ -1.1061268, 41.6388324 ], [ -1.105763, 41.6388122 ], [ -1.1057629, 41.6388122 ], [ -1.1056653, 41.6388067 ], [ -1.1054605, 41.6388304 ], [ -1.1051864, 41.6389655 ], [ -1.1050557, 41.6389183 ], [ -1.1046222, 41.638758 ], [ -1.1041671, 41.638719 ], [ -1.1035447, 41.6386547 ], [ -1.1031436, 41.6386165 ], [ -1.1027859, 41.6385341 ], [ -1.1024178, 41.6383929 ], [ -1.1022155, 41.638331 ], [ -1.1020195, 41.6382602 ], [ -1.1017092, 41.6381966 ], [ -1.1015556, 41.638113 ], [ -1.1011773, 41.6379131 ], [ -1.1008951, 41.6377669 ], [ -1.1007101, 41.6376711 ], [ -1.1002493, 41.6374204 ], [ -1.0996902, 41.6370373 ], [ -1.0988718, 41.6364924 ], [ -1.0986241, 41.6363328 ], [ -1.0980824, 41.635984 ], [ -1.0975345, 41.6356327 ], [ -1.0971515, 41.6353876 ], [ -1.0967935, 41.6351115 ], [ -1.0963262, 41.6346714 ], [ -1.0960583, 41.6343923 ], [ -1.0957083, 41.6340487 ], [ -1.0955757, 41.6338619 ], [ -1.0955422, 41.6338154 ], [ -1.0955421, 41.6338153 ], [ -1.0953162, 41.6335018 ], [ -1.0950861, 41.6331648 ], [ -1.0947853, 41.632777 ], [ -1.0947269, 41.632722 ], [ -1.0943781, 41.6325406 ], [ -1.0941478, 41.6324107 ], [ -1.0937252, 41.6322911 ], [ -1.0933865, 41.6321729 ], [ -1.0928089, 41.6320192 ], [ -1.0919225, 41.6317478 ], [ -1.0913103, 41.631544 ], [ -1.090774, 41.631409 ], [ -1.0904886, 41.6313141 ], [ -1.0903876, 41.6312349 ], [ -1.0903597, 41.631213 ], [ -1.090318, 41.6311734 ], [ -1.0901378, 41.6310021 ], [ -1.0897535, 41.6305994 ], [ -1.089457, 41.6302748 ], [ -1.0892361, 41.6300324 ], [ -1.0891537, 41.629977 ], [ -1.0889303, 41.6298157 ], [ -1.0885876, 41.6296344 ], [ -1.0885598, 41.6296201 ], [ -1.0881265, 41.629397 ], [ -1.0877363, 41.6291923 ], [ -1.0874703, 41.6290528 ], [ -1.0871633, 41.6288811 ], [ -1.0866731, 41.6286117 ], [ -1.0862296, 41.6283882 ], [ -1.085816, 41.6281651 ], [ -1.0852431, 41.6278494 ], [ -1.0850384, 41.6277491 ], [ -1.0845865, 41.6275277 ], [ -1.084214, 41.6273368 ], [ -1.0841025, 41.6272494 ], [ -1.0838207, 41.6270376 ], [ -1.0834686, 41.626766 ], [ -1.0830639, 41.6264485 ], [ -1.0825884, 41.6260893 ], [ -1.0822369, 41.6257998 ], [ -1.0816672, 41.6253805 ], [ -1.0812502, 41.6250717 ], [ -1.0809626, 41.6248508 ], [ -1.08027, 41.6243258 ], [ -1.0797585, 41.623966 ], [ -1.0790186, 41.6234178 ], [ -1.0785317, 41.6230404 ], [ -1.0781675, 41.6227731 ], [ -1.0777438, 41.6224913 ], [ -1.077286, 41.6221414 ], [ -1.0767466, 41.6217135 ], [ -1.0763833, 41.6214192 ], [ -1.0761413, 41.6212846 ], [ -1.0757152, 41.6210793 ], [ -1.0754363, 41.6209756 ], [ -1.0749503, 41.6207693 ], [ -1.0744471, 41.6205357 ], [ -1.0738068, 41.6202728 ], [ -1.0733259, 41.6200981 ], [ -1.0729352, 41.6199159 ], [ -1.0728046, 41.6198686 ], [ -1.0725741, 41.6197477 ], [ -1.0718736, 41.6194928 ], [ -1.0705746, 41.6189801 ], [ -1.0701717, 41.6188067 ], [ -1.0699478, 41.6186678 ], [ -1.0697592, 41.6185521 ], [ -1.0689648, 41.6182236 ], [ -1.0680104, 41.6178292 ], [ -1.0675165, 41.6176903 ], [ -1.0672899, 41.6176414 ], [ -1.0664593, 41.6175239 ], [ -1.0662087, 41.6174747 ], [ -1.0654143, 41.6173487 ], [ -1.0648529, 41.6172582 ], [ -1.0646685, 41.6172055 ], [ -1.0642786, 41.6169963 ], [ -1.0637639, 41.6167489 ], [ -1.0628407, 41.6163191 ], [ -1.0621599, 41.6160059 ], [ -1.0616556, 41.6158127 ], [ -1.0610785, 41.6156454 ], [ -1.0609302, 41.6155889 ], [ -1.0605123, 41.6155125 ], [ -1.0602638, 41.6156418 ], [ -1.0602637, 41.6156418 ], [ -1.0592149, 41.6161876 ], [ -1.0561062, 41.6171239 ], [ -1.0528983, 41.617943 ], [ -1.0489741, 41.6186726 ], [ -1.0469868, 41.6187416 ], [ -1.0410234, 41.6178567 ], [ -1.0389109, 41.6175381 ], [ -1.0365232, 41.6172661 ], [ -1.0348375, 41.6175455 ], [ -1.0315429, 41.6189532 ], [ -1.0265778, 41.6212568 ], [ -1.020827, 41.6223779 ], [ -1.0112773, 41.6245761 ], [ -1.0039626, 41.6264399 ], [ -0.9983012, 41.6279595 ], [ -0.9853533, 41.6314961 ], [ -0.9807956, 41.632726 ], [ -0.9767552, 41.6338364 ], [ -0.9749766, 41.6343515 ], [ -0.974917, 41.6343688 ], [ -0.9725746, 41.635047 ], [ -0.9610247, 41.6375909 ], [ -0.9575486, 41.6383996 ], [ -0.957127, 41.6384976 ], [ -0.9556255, 41.6394213 ], [ -0.9548412, 41.6401065 ], [ -0.9548405, 41.6401071 ], [ -0.9548917, 41.6401051 ], [ -0.954943, 41.6401032 ], [ -0.9557295, 41.641492 ], [ -0.9562412, 41.6423924 ], [ -0.95704, 41.642751 ], [ -0.9598213, 41.6436107 ], [ -0.9613168, 41.6441437 ], [ -0.962732, 41.644655 ], [ -0.9633626, 41.6452131 ], [ -0.9642573, 41.6459582 ], [ -0.9650428, 41.6467419 ], [ -0.9655575, 41.6471017 ], [ -0.9671591, 41.6481467 ], [ -0.9687532, 41.6489852 ], [ -0.9703473, 41.6498236 ], [ -0.9717646, 41.6502741 ], [ -0.9731819, 41.6507245 ], [ -0.9757648, 41.6519044 ], [ -0.9781136, 41.6527966 ], [ -0.9798328, 41.6539612 ], [ -0.9816456, 41.6547223 ], [ -0.9838324, 41.6556217 ], [ -0.9854247, 41.6559794 ], [ -0.9849864, 41.6571718 ], [ -0.9845889, 41.6571162 ], [ -0.9844384, 41.6570974 ], [ -0.9842244, 41.6573849 ], [ -0.983965, 41.6577446 ], [ -0.9826938, 41.6583696 ], [ -0.9825825, 41.6584809 ], [ -0.9825825, 41.658481 ], [ -0.9823229, 41.6595364 ], [ -0.9822092, 41.6600685 ], [ -0.9821447, 41.6604032 ], [ -0.9819806, 41.661169 ], [ -0.981863, 41.6618224 ], [ -0.9806898, 41.6617289 ], [ -0.9802483, 41.6616969 ], [ -0.9797314, 41.6616635 ], [ -0.9792255, 41.6616222 ], [ -0.9787846, 41.661574 ], [ -0.9781493, 41.6615305 ], [ -0.9776866, 41.66149 ], [ -0.9758188, 41.6611779 ], [ -0.9749793, 41.6611065 ], [ -0.9741728, 41.6610194 ], [ -0.9735568, 41.661049 ], [ -0.9728538, 41.6611013 ], [ -0.9730245, 41.6618488 ], [ -0.9729986, 41.6619859 ], [ -0.9729612, 41.6621471 ], [ -0.9729744, 41.6624143 ], [ -0.9728643, 41.6624853 ], [ -0.9726049, 41.6624968 ], [ -0.972575, 41.6627633 ], [ -0.9726021, 41.6632736 ], [ -0.9727315, 41.6636198 ], [ -0.9729474, 41.6639635 ], [ -0.9730083, 41.6640859 ], [ -0.9730012, 41.6643124 ], [ -0.9729768, 41.664401 ], [ -0.9727152, 41.6644853 ], [ -0.9724104, 41.664569 ], [ -0.9723424, 41.664673 ], [ -0.9723029, 41.6648988 ], [ -0.9723315, 41.6650208 ], [ -0.9726143, 41.6652927 ], [ -0.9728876, 41.6655242 ], [ -0.9730458, 41.6656403 ], [ -0.9733116, 41.6657663 ], [ -0.9735341, 41.6658997 ], [ -0.9735795, 41.6661716 ], [ -0.9734933, 41.6662996 ], [ -0.9734663, 41.6663395 ], [ -0.9729387, 41.6666458 ], [ -0.972607, 41.6668989 ], [ -0.9723474, 41.6669186 ], [ -0.9723107, 41.6670555 ], [ -0.972252, 41.6672082 ], [ -0.9720019, 41.6672685 ], [ -0.9719153, 41.6672751 ], [ -0.9718699, 41.6673471 ], [ -0.9718918, 41.6676792 ], [ -0.9718918, 41.6676793 ], [ -0.9718567, 41.6677676 ], [ -0.9717008, 41.6679187 ], [ -0.9713858, 41.6679859 ], [ -0.9709975, 41.6679791 ], [ -0.970696, 41.6679575 ], [ -0.9704291, 41.6678638 ], [ -0.9701966, 41.6680539 ], [ -0.9700623, 41.6682053 ], [ -0.9698119, 41.6682737 ], [ -0.9696987, 41.6683177 ], [ -0.9698353, 41.6683651 ], [ -0.9700311, 41.6684451 ], [ -0.9703259, 41.668617 ], [ -0.9709231, 41.6689519 ], [ -0.9711252, 41.6690937 ], [ -0.9712152, 41.6691776 ], [ -0.9717251, 41.6695237 ], [ -0.9720333, 41.6697269 ], [ -0.9721796, 41.6698248 ], [ -0.9722798, 41.6698742 ], [ -0.9726757, 41.6700995 ], [ -0.972965, 41.6702176 ], [ -0.9731315, 41.6702801 ], [ -0.9733953, 41.67038 ], [ -0.9742365, 41.670699 ], [ -0.9745691, 41.6708174 ], [ -0.9752874, 41.6711569 ], [ -0.9754978, 41.6712706 ], [ -0.9758425, 41.6714955 ], [ -0.9760674, 41.6716234 ], [ -0.9763818, 41.6718315 ], [ -0.9766351, 41.6719646 ], [ -0.9767904, 41.6720818 ], [ -0.9773201, 41.6724199 ], [ -0.9777296, 41.6726368 ], [ -0.9778235, 41.6726838 ], [ -0.9779331, 41.6727357 ], [ -0.9781914, 41.6727093 ], [ -0.9782816, 41.6727112 ], [ -0.9784243, 41.6726824 ], [ -0.9789129, 41.6726076 ], [ -0.9790536, 41.6725791 ], [ -0.9791528, 41.672557 ], [ -0.9792584, 41.6725351 ], [ -0.9793674, 41.672506 ], [ -0.9797274, 41.6723809 ], [ -0.9799942, 41.6722811 ], [ -0.9803657, 41.6722924 ], [ -0.9805683, 41.6723174 ], [ -0.9807649, 41.6723328 ], [ -0.980879, 41.6723443 ], [ -0.9811179, 41.6723271 ], [ -0.981455, 41.6723187 ], [ -0.9815608, 41.672392 ], [ -0.9817124, 41.6724788 ], [ -0.9828102, 41.6728906 ], [ -0.9833775, 41.6729411 ], [ -0.9839465, 41.6730416 ], [ -0.9844449, 41.6732648 ], [ -0.9845903, 41.6733417 ], [ -0.9845542, 41.6735312 ], [ -0.9844869, 41.6739542 ], [ -0.9844035, 41.6745914 ], [ -0.9842878, 41.6754472 ], [ -0.9839978, 41.6757758 ], [ -0.98335, 41.6761647 ], [ -0.9829745, 41.6767873 ], [ -0.9828385, 41.6770708 ], [ -0.9825878, 41.6777718 ], [ -0.9822726, 41.6778816 ], [ -0.9810041, 41.6783866 ], [ -0.9803624, 41.6785236 ], [ -0.9800534, 41.6785676 ], [ -0.9798531, 41.6786465 ], [ -0.9791725, 41.6793265 ], [ -0.9786298, 41.6798113 ], [ -0.9785794, 41.6800164 ], [ -0.9785125, 41.6800482 ], [ -0.9783259, 41.6803909 ], [ -0.9779742, 41.6810932 ], [ -0.9776465, 41.6817301 ], [ -0.9774359, 41.6821383 ], [ -0.9771323, 41.6827096 ], [ -0.9769906, 41.6830202 ], [ -0.9768087, 41.6832147 ], [ -0.9766201, 41.6836233 ], [ -0.9765244, 41.6838688 ], [ -0.9762774, 41.6847378 ], [ -0.9761223, 41.6854765 ], [ -0.9757016, 41.6862765 ], [ -0.9754429, 41.6868157 ], [ -0.9752615, 41.6869937 ], [ -0.9751606, 41.6872358 ], [ -0.9774266, 41.6882173 ], [ -0.9785531, 41.6889215 ], [ -0.9788643, 41.689116 ], [ -0.9788644, 41.6891156 ], [ -0.9788894, 41.6890635 ], [ -0.9810625, 41.6901509 ], [ -0.9827574, 41.6910415 ], [ -0.9842358, 41.6919686 ], [ -0.9871945, 41.6937624 ], [ -0.9874387, 41.6941007 ], [ -0.9882086, 41.6946132 ], [ -0.9882096, 41.6946139 ], [ -0.9952988, 41.6991156 ], [ -1.0004746, 41.7019655 ], [ -1.0005535, 41.702009 ], [ -1.0005535, 41.702009 ], [ -1.0006353, 41.7018846 ], [ -1.000636, 41.7018873 ], [ -1.0008107, 41.7016064 ], [ -1.0008288, 41.7015874 ], [ -1.0009516, 41.7013179 ], [ -1.0010802, 41.7007918 ], [ -1.001175, 41.7001977 ], [ -1.0013204, 41.6996092 ], [ -1.0015455, 41.6993224 ], [ -1.0017525, 41.6990019 ], [ -1.0020398, 41.6983492 ], [ -1.0025633, 41.6972574 ], [ -1.0032077, 41.6967777 ], [ -1.0034948, 41.6965396 ], [ -1.0037003, 41.6962716 ], [ -1.0042444, 41.6953326 ], [ -1.0045733, 41.6947712 ], [ -1.004704, 41.694659 ], [ -1.0048844, 41.6945812 ], [ -1.0050826, 41.6945465 ], [ -1.0052737, 41.6945355 ], [ -1.0066156, 41.6928812 ], [ -1.0073155, 41.692045 ], [ -1.0075541, 41.6915248 ], [ -1.0077912, 41.6911969 ], [ -1.0078637, 41.6911148 ], [ -1.0080958, 41.6912785 ], [ -1.0078434, 41.6910969 ], [ -1.0070511, 41.6903968 ], [ -1.0064504, 41.6900814 ], [ -1.0085531, 41.6862288 ], [ -1.0084632, 41.685846 ], [ -1.0080151, 41.6855332 ], [ -1.0079228, 41.6852266 ], [ -1.0087359, 41.6836012 ], [ -1.0085987, 41.6831032 ], [ -1.0079058, 41.6824811 ], [ -1.0072071, 41.6820496 ], [ -1.0068607, 41.6817385 ], [ -1.0068263, 41.6812042 ], [ -1.0069315, 41.6810916 ], [ -1.0065768, 41.6810473 ], [ -1.006137, 41.6804678 ], [ -1.0055778, 41.6804581 ], [ -1.0039642, 41.6800106 ], [ -1.0033116, 41.6797324 ], [ -1.004152, 41.6788701 ], [ -1.0048281, 41.6783862 ], [ -1.0141147, 41.6740861 ], [ -1.0152013, 41.6751343 ], [ -1.0162366, 41.6745422 ], [ -1.0166987, 41.6743976 ], [ -1.0186804, 41.670548 ], [ -1.020392, 41.6709064 ], [ -1.0221403, 41.671313 ], [ -1.0255697, 41.6722494 ], [ -1.0268523, 41.6727099 ], [ -1.028016, 41.6733209 ], [ -1.0304659, 41.6742775 ], [ -1.0319625, 41.6746034 ], [ -1.033909, 41.6749507 ], [ -1.0341578, 41.6750293 ], [ -1.0367477, 41.6753266 ], [ -1.0411145, 41.6759069 ], [ -1.0434747, 41.675933 ], [ -1.0447448, 41.676067 ], [ -1.0457442, 41.6764774 ], [ -1.0472536, 41.6773741 ], [ -1.0501787, 41.6785476 ], [ -1.0538089, 41.6799578 ], [ -1.0559587, 41.6807528 ], [ -1.0567659, 41.6813284 ], [ -1.0575815, 41.6816232 ], [ -1.0582831, 41.6819722 ], [ -1.0587439, 41.682851 ], [ -1.0589169, 41.6833315 ], [ -1.0593196, 41.6836474 ], [ -1.0610651, 41.6841826 ], [ -1.0627445, 41.6844217 ], [ -1.0633813, 41.6844324 ], [ -1.064259, 41.6839134 ], [ -1.0652346, 41.6838736 ], [ -1.0659073, 41.6839412 ], [ -1.0671599, 41.6846646 ], [ -1.0683835, 41.6851067 ], [ -1.0690553, 41.6852023 ], [ -1.0704523, 41.6848605 ], [ -1.0717218, 41.6850223 ], [ -1.0731112, 41.6849332 ], [ -1.0756069, 41.6854527 ], [ -1.0772477, 41.685733 ], [ -1.0776514, 41.6860208 ], [ -1.0784796, 41.6871585 ], [ -1.0789907, 41.6876165 ], [ -1.0799114, 41.6881658 ], [ -1.0830928, 41.6895816 ], [ -1.0884919, 41.6907954 ], [ -1.0894535, 41.6912328 ], [ -1.0922578, 41.6927404 ], [ -1.0949827, 41.6956656 ], [ -1.0965792, 41.6974621 ], [ -1.0984688, 41.6994882 ], [ -1.0991469, 41.7006514 ], [ -1.099958, 41.7011144 ], [ -1.1004561, 41.7020217 ], [ -1.1014164, 41.7025151 ], [ -1.1017046, 41.7029133 ], [ -1.1026195, 41.703673 ], [ -1.1039107, 41.705661 ], [ -1.1040774, 41.7063662 ], [ -1.1038521, 41.7076549 ], [ -1.103687, 41.7094433 ], [ -1.1033664, 41.7114187 ], [ -1.1032343, 41.712723 ], [ -1.1031713, 41.713593 ], [ -1.1032976, 41.7143958 ], [ -1.103617, 41.7163469 ], [ -1.1037709, 41.7164305 ], [ -1.1040608, 41.7165839 ], [ -1.1055774, 41.7173339 ], [ -1.1078573, 41.7184974 ], [ -1.1079155, 41.7185613 ], [ -1.1084584, 41.718908 ], [ -1.1090211, 41.7191875 ], [ -1.1094398, 41.7194646 ], [ -1.110253, 41.7200184 ], [ -1.1107955, 41.7203495 ], [ -1.1117801, 41.7208135 ], [ -1.1150848, 41.7249658 ], [ -1.1184919, 41.7318036 ], [ -1.1191354, 41.7361193 ], [ -1.117953, 41.7406934 ], [ -1.1175361, 41.7423065 ] ] ] } },
{ "type": "Feature", "properties": { "CCAA": "02 - Aragón", "PROVINCIA": "50 - Zaragoza", "MUNICIPIO": "50297 - Zaragoza", "COD_MUNICIPIO": "50297", "DISTRITO": "12", "SECCION": "5029712010", "V1_H": 81.47, "V1_M": 86.75, "V2_H": 81.12898066, "V2_M": 86.51613614, "V3_H": 81.81510349, "V3_M": 87.06728245 }, "geometry": { "type": "Polygon", "coordinates": [ [ [ -1.0080958, 41.6912785 ], [ -1.0081476, 41.6912128 ], [ -1.00899, 41.691547 ], [ -1.0100875, 41.6919409 ], [ -1.0108269, 41.6922935 ], [ -1.0118943, 41.6926517 ], [ -1.0125104, 41.6929435 ], [ -1.0132897, 41.6930156 ], [ -1.0140363, 41.6931339 ], [ -1.0145325, 41.6932596 ], [ -1.0148726, 41.6933827 ], [ -1.0156308, 41.6936301 ], [ -1.0163887, 41.6938892 ], [ -1.0168606, 41.6939908 ], [ -1.0170336, 41.6940298 ], [ -1.0172824, 41.6941467 ], [ -1.0176602, 41.6943649 ], [ -1.0179085, 41.6944953 ], [ -1.0181623, 41.6946438 ], [ -1.0183304, 41.6946511 ], [ -1.0185272, 41.6945014 ], [ -1.0188757, 41.6943048 ], [ -1.0189327, 41.6943334 ], [ -1.0192159, 41.6941912 ], [ -1.0208541, 41.6926086 ], [ -1.023792, 41.6942605 ], [ -1.0244385, 41.6934995 ], [ -1.0227069, 41.6927358 ], [ -1.023203, 41.6923154 ], [ -1.0230401, 41.6922363 ], [ -1.0237184, 41.6912662 ], [ -1.0228015, 41.690584 ], [ -1.0233992, 41.6902555 ], [ -1.0243461, 41.6895995 ], [ -1.0254649, 41.688898 ], [ -1.0259419, 41.6885325 ], [ -1.0275739, 41.6871567 ], [ -1.0281162, 41.6867684 ], [ -1.0289581, 41.6863348 ], [ -1.0290718, 41.6860457 ], [ -1.0287822, 41.6860407 ], [ -1.0287238, 41.6859946 ], [ -1.0285138, 41.6858293 ], [ -1.0282243, 41.6856661 ], [ -1.0280998, 41.6856003 ], [ -1.0276801, 41.6854074 ], [ -1.0272909, 41.6857332 ], [ -1.0260457, 41.6848849 ], [ -1.0252072, 41.6844 ], [ -1.0247986, 41.6841406 ], [ -1.0243377, 41.6838433 ], [ -1.0237044, 41.6840608 ], [ -1.0232836, 41.6841334 ], [ -1.0232045, 41.6838025 ], [ -1.0232148, 41.6838009 ], [ -1.0230801, 41.6833661 ], [ -1.0229003, 41.6832851 ], [ -1.0228999, 41.6832852 ], [ -1.0219539, 41.6828281 ], [ -1.0217253, 41.6831315 ], [ -1.0211478, 41.6828904 ], [ -1.0219875, 41.6817325 ], [ -1.0235668, 41.6824262 ], [ -1.0235682, 41.6824245 ], [ -1.0240804, 41.682654 ], [ -1.0240805, 41.6826547 ], [ -1.0241435, 41.6826749 ], [ -1.0251176, 41.6812785 ], [ -1.0236201, 41.6807699 ], [ -1.0241009, 41.6800156 ], [ -1.0255003, 41.6805106 ], [ -1.0266408, 41.6810013 ], [ -1.0274662, 41.6798315 ], [ -1.0284438, 41.6784997 ], [ -1.0305485, 41.6770748 ], [ -1.0329238, 41.6753736 ], [ -1.0330955, 41.6753569 ], [ -1.0333631, 41.6753376 ], [ -1.033548, 41.675317 ], [ -1.0336441, 41.6752948 ], [ -1.0337697, 41.6752397 ], [ -1.0338198, 41.6751596 ], [ -1.0338709, 41.6750485 ], [ -1.0338946, 41.674999 ], [ -1.033909, 41.6749507 ], [ -1.0319625, 41.6746034 ], [ -1.0304659, 41.6742775 ], [ -1.028016, 41.6733209 ], [ -1.0268523, 41.6727099 ], [ -1.0255697, 41.6722494 ], [ -1.0221403, 41.671313 ], [ -1.020392, 41.6709064 ], [ -1.0186804, 41.670548 ], [ -1.0166987, 41.6743976 ], [ -1.0162366, 41.6745422 ], [ -1.0152013, 41.6751343 ], [ -1.0141147, 41.6740861 ], [ -1.0048281, 41.6783862 ], [ -1.004152, 41.6788701 ], [ -1.0033116, 41.6797324 ], [ -1.0039642, 41.6800106 ], [ -1.0055778, 41.6804581 ], [ -1.006137, 41.6804678 ], [ -1.0065768, 41.6810473 ], [ -1.0069315, 41.6810916 ], [ -1.0068263, 41.6812042 ], [ -1.0068607, 41.6817385 ], [ -1.0072071, 41.6820496 ], [ -1.0079058, 41.6824811 ], [ -1.0085987, 41.6831032 ], [ -1.0087359, 41.6836012 ], [ -1.0079228, 41.6852266 ], [ -1.0080151, 41.6855332 ], [ -1.0084632, 41.685846 ], [ -1.0085531, 41.6862288 ], [ -1.0064504, 41.6900814 ], [ -1.0070511, 41.6903968 ], [ -1.0078434, 41.6910969 ], [ -1.0080958, 41.6912785 ] ] ] } },
{ "type": "Feature", "properties": { "CCAA": "02 - Aragón", "PROVINCIA": "50 - Zaragoza", "MUNICIPIO": "50297 - Zaragoza", "COD_MUNICIPIO": "50297", "DISTRITO": "12", "SECCION": "5029712001", "V1_H": 80.65, "V1_M": 86.4, "V2_H": 80.41087182, "V2_M": 86.2775211, "V3_H": 80.94660094, "V3_M": 86.57847437 }, "geometry": { "type": "Polygon", "coordinates": [ [ [ -1.0189327, 41.6943334 ], [ -1.0189408, 41.6943374 ], [ -1.0192137, 41.6944503 ], [ -1.0193125, 41.69456 ], [ -1.019449, 41.6946164 ], [ -1.0197643, 41.6947164 ], [ -1.0198713, 41.6947543 ], [ -1.0199548, 41.6947737 ], [ -1.0200383, 41.6947932 ], [ -1.0207081, 41.6948948 ], [ -1.021396, 41.6949967 ], [ -1.0218375, 41.6950654 ], [ -1.0219752, 41.6951019 ], [ -1.0266101, 41.6971883 ], [ -1.0289463, 41.6974198 ], [ -1.0319761, 41.6985526 ], [ -1.0327667, 41.7002127 ], [ -1.0334221, 41.7007826 ], [ -1.0334221, 41.7007826 ], [ -1.0388679, 41.7053601 ], [ -1.0408361, 41.7070143 ], [ -1.0406548, 41.7071885 ], [ -1.0405364, 41.7073261 ], [ -1.0402346, 41.7075687 ], [ -1.0399455, 41.7077889 ], [ -1.0397971, 41.707926 ], [ -1.0394309, 41.708307 ], [ -1.0391526, 41.7085679 ], [ -1.0389399, 41.7088434 ], [ -1.0387267, 41.7091325 ], [ -1.0386651, 41.7091856 ], [ -1.038657, 41.7091934 ], [ -1.038712, 41.709249 ], [ -1.0387718, 41.7093739 ], [ -1.0389843, 41.7094967 ], [ -1.0392413, 41.7096202 ], [ -1.0395996, 41.7097598 ], [ -1.0397871, 41.7098678 ], [ -1.0399772, 41.7100998 ], [ -1.0400636, 41.7101871 ], [ -1.0405254, 41.7104809 ], [ -1.0411998, 41.7108928 ], [ -1.0412738, 41.7109703 ], [ -1.0412098, 41.7111932 ], [ -1.0411993, 41.7113265 ], [ -1.0412651, 41.7114658 ], [ -1.0422263, 41.7118587 ], [ -1.0429908, 41.7122387 ], [ -1.0434009, 41.7123458 ], [ -1.0438876, 41.712447 ], [ -1.0440233, 41.7124827 ], [ -1.0444553, 41.7127093 ], [ -1.0448583, 41.7128448 ], [ -1.0450775, 41.7129558 ], [ -1.0452678, 41.7130805 ], [ -1.0455306, 41.7133281 ], [ -1.0456515, 41.7134302 ], [ -1.0457774, 41.7134752 ], [ -1.0459774, 41.7134858 ], [ -1.0461759, 41.7134415 ], [ -1.0463236, 41.7133964 ], [ -1.0464571, 41.7133986 ], [ -1.0465616, 41.7134147 ], [ -1.0466304, 41.7134516 ], [ -1.0467385, 41.7133486 ], [ -1.0467873, 41.7132065 ], [ -1.0469993, 41.7129265 ], [ -1.0471447, 41.7127455 ], [ -1.0472157, 41.7126085 ], [ -1.0472559, 41.7124352 ], [ -1.047251, 41.7122826 ], [ -1.0472108, 41.7119292 ], [ -1.0471772, 41.7117785 ], [ -1.0471609, 41.7116877 ], [ -1.0471319, 41.7115943 ], [ -1.0471199, 41.7114654 ], [ -1.0471698, 41.7114027 ], [ -1.0471702, 41.711403 ], [ -1.0471708, 41.7113978 ], [ -1.0474366, 41.7110234 ], [ -1.0475723, 41.710847 ], [ -1.0477553, 41.7105809 ], [ -1.0478307, 41.7105059 ], [ -1.0479633, 41.7104343 ], [ -1.0480114, 41.710416 ], [ -1.0483298, 41.7100839 ], [ -1.0483368, 41.7100712 ], [ -1.0486474, 41.7097534 ], [ -1.0486453, 41.7097462 ], [ -1.0488883, 41.7095092 ], [ -1.0489991, 41.7094205 ], [ -1.0494857, 41.708622 ], [ -1.0496176, 41.7083621 ], [ -1.0497162, 41.7082542 ], [ -1.0500354, 41.7078558 ], [ -1.0500322, 41.7078498 ], [ -1.0500273, 41.7078408 ], [ -1.0500167, 41.7076755 ], [ -1.0501902, 41.7076188 ], [ -1.050439, 41.7075347 ], [ -1.050544, 41.7074981 ], [ -1.0511554, 41.7073655 ], [ -1.0521102, 41.7077609 ], [ -1.0527747, 41.7080819 ], [ -1.0534011, 41.7088239 ], [ -1.0538682, 41.709256 ], [ -1.0543649, 41.7096599 ], [ -1.0545512, 41.7099136 ], [ -1.0548376, 41.7101186 ], [ -1.0554236, 41.7103022 ], [ -1.0557375, 41.7104362 ], [ -1.0561716, 41.7105961 ], [ -1.0566134, 41.710711 ], [ -1.0568356, 41.7108289 ], [ -1.0569829, 41.7110077 ], [ -1.0573078, 41.7113042 ], [ -1.057492, 41.7114191 ], [ -1.0576824, 41.7115393 ], [ -1.0578213, 41.7115724 ], [ -1.0580214, 41.7115805 ], [ -1.0583275, 41.7115571 ], [ -1.0586675, 41.7115652 ], [ -1.0589754, 41.7115847 ], [ -1.0592433, 41.7115607 ], [ -1.0595236, 41.711544 ], [ -1.0598023, 41.711582 ], [ -1.0603475, 41.7116437 ], [ -1.0606442, 41.7116129 ], [ -1.0611714, 41.7118482 ], [ -1.0617141, 41.7120981 ], [ -1.0627627, 41.7126546 ], [ -1.0627703, 41.7126489 ], [ -1.0628131, 41.7126724 ], [ -1.0631626, 41.7127879 ], [ -1.0638986, 41.7129757 ], [ -1.0642329, 41.7126951 ], [ -1.0644428, 41.7125095 ], [ -1.0645828, 41.7124489 ], [ -1.0649942, 41.7123612 ], [ -1.0652174, 41.7123335 ], [ -1.0653718, 41.7123946 ], [ -1.0654565, 41.712425 ], [ -1.065675, 41.7125032 ], [ -1.0661665, 41.7125476 ], [ -1.0663579, 41.7125778 ], [ -1.0670798, 41.712554 ], [ -1.0675492, 41.7125348 ], [ -1.0678975, 41.7125452 ], [ -1.0680113, 41.7125561 ], [ -1.0684543, 41.7126131 ], [ -1.0688021, 41.7126415 ], [ -1.0690246, 41.7126362 ], [ -1.0696141, 41.7126191 ], [ -1.069945, 41.7126067 ], [ -1.0706678, 41.7127539 ], [ -1.0710099, 41.7127686 ], [ -1.0714179, 41.7127935 ], [ -1.0717542, 41.7128037 ], [ -1.0721219, 41.7127648 ], [ -1.0724734, 41.7126671 ], [ -1.072765, 41.7125639 ], [ -1.0730481, 41.712339 ], [ -1.0731034, 41.7122891 ], [ -1.0741353, 41.7121456 ], [ -1.0750792, 41.7119598 ], [ -1.0753001, 41.711994 ], [ -1.075463, 41.7119742 ], [ -1.0757599, 41.7118936 ], [ -1.0759813, 41.7117823 ], [ -1.0760894, 41.711728 ], [ -1.0763691, 41.7116201 ], [ -1.0768542, 41.7114751 ], [ -1.077449, 41.7112779 ], [ -1.0778668, 41.7111723 ], [ -1.0779886, 41.7111203 ], [ -1.0782422, 41.7110796 ], [ -1.078557, 41.7110038 ], [ -1.0788105, 41.7109675 ], [ -1.0789013, 41.7109465 ], [ -1.079161, 41.7109013 ], [ -1.0798859, 41.7107783 ], [ -1.0809002, 41.7106196 ], [ -1.081371, 41.7105509 ], [ -1.0817456, 41.7104852 ], [ -1.0820051, 41.710449 ], [ -1.0820777, 41.7104322 ], [ -1.0821561, 41.7104245 ], [ -1.0828548, 41.7103686 ], [ -1.0829574, 41.7103568 ], [ -1.0832282, 41.7103433 ], [ -1.084391, 41.7102456 ], [ -1.0850838, 41.7101896 ], [ -1.0852159, 41.7101918 ], [ -1.0853179, 41.710198 ], [ -1.0857955, 41.710305 ], [ -1.0865295, 41.7104794 ], [ -1.0869296, 41.7105671 ], [ -1.0870909, 41.7106013 ], [ -1.0872039, 41.7106393 ], [ -1.0876148, 41.7107677 ], [ -1.0885023, 41.7110346 ], [ -1.0886573, 41.7110777 ], [ -1.0887939, 41.7111341 ], [ -1.0896921, 41.7114462 ], [ -1.0911244, 41.7119879 ], [ -1.0921233, 41.7123512 ], [ -1.0924804, 41.7124698 ], [ -1.093753, 41.7129277 ], [ -1.0949545, 41.7133529 ], [ -1.0954718, 41.7135417 ], [ -1.0960426, 41.7137493 ], [ -1.0962507, 41.7138248 ], [ -1.0963342, 41.7138487 ], [ -1.0966324, 41.7139257 ], [ -1.0967986, 41.713996 ], [ -1.0975126, 41.714242 ], [ -1.0985723, 41.7145837 ], [ -1.0997575, 41.7149501 ], [ -1.101056, 41.7153499 ], [ -1.102158, 41.7156833 ], [ -1.1026994, 41.7158724 ], [ -1.1028235, 41.7159465 ], [ -1.1033922, 41.7162261 ], [ -1.1034391, 41.7162674 ], [ -1.1035105, 41.7162911 ], [ -1.103617, 41.7163469 ], [ -1.1032976, 41.7143958 ], [ -1.1031713, 41.713593 ], [ -1.1032343, 41.712723 ], [ -1.1033664, 41.7114187 ], [ -1.103687, 41.7094433 ], [ -1.1038521, 41.7076549 ], [ -1.1040774, 41.7063662 ], [ -1.1039107, 41.705661 ], [ -1.1026195, 41.703673 ], [ -1.1017046, 41.7029133 ], [ -1.1014164, 41.7025151 ], [ -1.1004561, 41.7020217 ], [ -1.099958, 41.7011144 ], [ -1.0991469, 41.7006514 ], [ -1.0984688, 41.6994882 ], [ -1.0965792, 41.6974621 ], [ -1.0949827, 41.6956656 ], [ -1.0922578, 41.6927404 ], [ -1.0894535, 41.6912328 ], [ -1.0884919, 41.6907954 ], [ -1.0830928, 41.6895816 ], [ -1.0799114, 41.6881658 ], [ -1.0789907, 41.6876165 ], [ -1.0784796, 41.6871585 ], [ -1.0776514, 41.6860208 ], [ -1.0772477, 41.685733 ], [ -1.0756069, 41.6854527 ], [ -1.0731112, 41.6849332 ], [ -1.0717218, 41.6850223 ], [ -1.0704523, 41.6848605 ], [ -1.0690553, 41.6852023 ], [ -1.0683835, 41.6851067 ], [ -1.0671599, 41.6846646 ], [ -1.0659073, 41.6839412 ], [ -1.0652346, 41.6838736 ], [ -1.064259, 41.6839134 ], [ -1.0633813, 41.6844324 ], [ -1.0627445, 41.6844217 ], [ -1.0610651, 41.6841826 ], [ -1.0593196, 41.6836474 ], [ -1.0589169, 41.6833315 ], [ -1.0587439, 41.682851 ], [ -1.0582831, 41.6819722 ], [ -1.0575815, 41.6816232 ], [ -1.0567659, 41.6813284 ], [ -1.0559587, 41.6807528 ], [ -1.0538089, 41.6799578 ], [ -1.0501787, 41.6785476 ], [ -1.0472536, 41.6773741 ], [ -1.0457442, 41.6764774 ], [ -1.0447448, 41.676067 ], [ -1.0434747, 41.675933 ], [ -1.0411145, 41.6759069 ], [ -1.0367477, 41.6753266 ], [ -1.0341578, 41.6750293 ], [ -1.033909, 41.6749507 ], [ -1.0338946, 41.674999 ], [ -1.0338709, 41.6750485 ], [ -1.0338198, 41.6751596 ], [ -1.0337697, 41.6752397 ], [ -1.0336441, 41.6752948 ], [ -1.033548, 41.675317 ], [ -1.0333631, 41.6753376 ], [ -1.0330955, 41.6753569 ], [ -1.0329238, 41.6753736 ], [ -1.0305485, 41.6770748 ], [ -1.0284438, 41.6784997 ], [ -1.0274662, 41.6798315 ], [ -1.0266408, 41.6810013 ], [ -1.0255003, 41.6805106 ], [ -1.0241009, 41.6800156 ], [ -1.0236201, 41.6807699 ], [ -1.0251176, 41.6812785 ], [ -1.0241435, 41.6826749 ], [ -1.0240805, 41.6826547 ], [ -1.0240804, 41.682654 ], [ -1.0235682, 41.6824245 ], [ -1.0235668, 41.6824262 ], [ -1.0219875, 41.6817325 ], [ -1.0211478, 41.6828904 ], [ -1.0217253, 41.6831315 ], [ -1.0219539, 41.6828281 ], [ -1.0228999, 41.6832852 ], [ -1.0229003, 41.6832851 ], [ -1.0230801, 41.6833661 ], [ -1.0232148, 41.6838009 ], [ -1.0232045, 41.6838025 ], [ -1.0232836, 41.6841334 ], [ -1.0237044, 41.6840608 ], [ -1.0243377, 41.6838433 ], [ -1.0247986, 41.6841406 ], [ -1.0252072, 41.6844 ], [ -1.0260457, 41.6848849 ], [ -1.0272909, 41.6857332 ], [ -1.0276801, 41.6854074 ], [ -1.0280998, 41.6856003 ], [ -1.0282243, 41.6856661 ], [ -1.0285138, 41.6858293 ], [ -1.0287238, 41.6859946 ], [ -1.0287822, 41.6860407 ], [ -1.0290718, 41.6860457 ], [ -1.0289581, 41.6863348 ], [ -1.0281162, 41.6867684 ], [ -1.0275739, 41.6871567 ], [ -1.0259419, 41.6885325 ], [ -1.0254649, 41.688898 ], [ -1.0243461, 41.6895995 ], [ -1.0233992, 41.6902555 ], [ -1.0228015, 41.690584 ], [ -1.0237184, 41.6912662 ], [ -1.0230401, 41.6922363 ], [ -1.023203, 41.6923154 ], [ -1.0227069, 41.6927358 ], [ -1.0244385, 41.6934995 ], [ -1.023792, 41.6942605 ], [ -1.0208541, 41.6926086 ], [ -1.0192159, 41.6941912 ], [ -1.0189327, 41.6943334 ] ] ] } },
{ "type": "Feature", "properties": { "CCAA": "02 - Aragón", "PROVINCIA": "50 - Zaragoza", "MUNICIPIO": "50297 - Zaragoza", "COD_MUNICIPIO": "50297", "DISTRITO": "08", "SECCION": "5029708016", "V1_H": 81.88, "V1_M": 87.06, "V2_H": 81.54316391, "V2_M": 86.92154098, "V3_H": 82.24926416, "V3_M": 87.34198023 }, "geometry": { "type": "Polygon", "coordinates": [ [ [ -0.9193374, 41.64548 ], [ -0.9193378, 41.6454811 ], [ -0.9188372, 41.6457427 ], [ -0.918293, 41.6458808 ], [ -0.9179934, 41.6451219 ], [ -0.9179919, 41.6451222 ], [ -0.9166667, 41.6454401 ], [ -0.9167207, 41.6455665 ], [ -0.9167954, 41.645741 ], [ -0.917263, 41.6468348 ], [ -0.9173876, 41.6471263 ], [ -0.9175315, 41.6474628 ], [ -0.9176082, 41.6476422 ], [ -0.9177438, 41.6479595 ], [ -0.9177655, 41.6480102 ], [ -0.9178278, 41.6481615 ], [ -0.9179173, 41.6483791 ], [ -0.9179175, 41.6483793 ], [ -0.9179952, 41.6483608 ], [ -0.918233, 41.6483048 ], [ -0.9185267, 41.6482375 ], [ -0.9184321, 41.6480182 ], [ -0.9183858, 41.6479119 ], [ -0.9183365, 41.6477641 ], [ -0.9182996, 41.6477101 ], [ -0.9182856, 41.6476413 ], [ -0.9182809, 41.6475946 ], [ -0.9182862, 41.6475769 ], [ -0.9183018, 41.6475561 ], [ -0.9183177, 41.647548 ], [ -0.9185176, 41.6474964 ], [ -0.9187078, 41.6473598 ], [ -0.9186329, 41.6471795 ], [ -0.9186, 41.647108 ], [ -0.9185542, 41.6470023 ], [ -0.918503, 41.6468895 ], [ -0.918435, 41.6468702 ], [ -0.9184187, 41.6468649 ], [ -0.9184045, 41.6468509 ], [ -0.9183928, 41.6468342 ], [ -0.9183875, 41.6467898 ], [ -0.9183727, 41.6466954 ], [ -0.9183678, 41.6466812 ], [ -0.9188578, 41.6465603 ], [ -0.9189399, 41.64654 ], [ -0.9190877, 41.6465036 ], [ -0.9192536, 41.6464627 ], [ -0.9193363, 41.6464456 ], [ -0.9194796, 41.6464914 ], [ -0.9195462, 41.6465129 ], [ -0.9196039, 41.6465314 ], [ -0.9198897, 41.6466138 ], [ -0.9201478, 41.64669 ], [ -0.9207576, 41.6468917 ], [ -0.9210743, 41.6463303 ], [ -0.9210624, 41.6455151 ], [ -0.9207438, 41.6455427 ], [ -0.9204949, 41.6455763 ], [ -0.9202978, 41.6455822 ], [ -0.9199978, 41.6456245 ], [ -0.9198771, 41.6456223 ], [ -0.9198737, 41.6455587 ], [ -0.9197719, 41.6455673 ], [ -0.9196684, 41.645576 ], [ -0.919578, 41.6455837 ], [ -0.919486, 41.6455446 ], [ -0.9193518, 41.6454871 ], [ -0.9193374, 41.64548 ] ] ] } },
{ "type": "Feature", "properties": { "CCAA": "02 - Aragón", "PROVINCIA": "50 - Zaragoza", "MUNICIPIO": "50297 - Zaragoza", "COD_MUNICIPIO": "50297", "DISTRITO": "08", "SECCION": "5029708017", "V1_H": 82.53, "V1_M": 87.34, "V2_H": 82.38507422000001, "V2_M": 87.19104055, "V3_H": 82.74254947, "V3_M": 87.61225513 }, "geometry": { "type": "Polygon", "coordinates": [ [ [ -0.9179175, 41.6483793 ], [ -0.9179777, 41.6485254 ], [ -0.9182105, 41.6490939 ], [ -0.918234, 41.6492472 ], [ -0.9182537, 41.6494562 ], [ -0.917966, 41.6499908 ], [ -0.9180386, 41.6501526 ], [ -0.918171, 41.6502692 ], [ -0.9183583, 41.6504474 ], [ -0.9183599, 41.6504489 ], [ -0.9185603, 41.6503889 ], [ -0.9186989, 41.6502787 ], [ -0.918857, 41.650144 ], [ -0.9189529, 41.6496637 ], [ -0.9190507, 41.6495703 ], [ -0.9192564, 41.6494479 ], [ -0.9193963, 41.6493737 ], [ -0.9195144, 41.6493119 ], [ -0.9196729, 41.6492306 ], [ -0.919791, 41.6491708 ], [ -0.9198997, 41.6491153 ], [ -0.9203464, 41.6488894 ], [ -0.9206173, 41.648753 ], [ -0.9209103, 41.648601 ], [ -0.9209111, 41.6486006 ], [ -0.9209567, 41.6485773 ], [ -0.9209743, 41.6485683 ], [ -0.9210777, 41.6485153 ], [ -0.9211389, 41.6484838 ], [ -0.9212296, 41.6484364 ], [ -0.9212701, 41.6484145 ], [ -0.9213776, 41.6483527 ], [ -0.9215029, 41.6482776 ], [ -0.9215865, 41.6482248 ], [ -0.9216482, 41.6481837 ], [ -0.9217093, 41.6481407 ], [ -0.9218024, 41.6480669 ], [ -0.9218561, 41.6480224 ], [ -0.9220288, 41.6478796 ], [ -0.9220522, 41.6478595 ], [ -0.9221489, 41.6477699 ], [ -0.9221807, 41.6477404 ], [ -0.9223782, 41.6475573 ], [ -0.922475, 41.6474675 ], [ -0.9225246, 41.6474226 ], [ -0.9225987, 41.6473573 ], [ -0.9226773, 41.6472879 ], [ -0.9227611, 41.6472141 ], [ -0.9228158, 41.6471657 ], [ -0.9229306, 41.6470645 ], [ -0.9230098, 41.6469947 ], [ -0.9230948, 41.64692 ], [ -0.9232125, 41.6468166 ], [ -0.9233216, 41.6467207 ], [ -0.9233806, 41.6466689 ], [ -0.9234435, 41.6466136 ], [ -0.9235123, 41.6465529 ], [ -0.9235696, 41.6465023 ], [ -0.9236552, 41.6464267 ], [ -0.9237502, 41.6463429 ], [ -0.9238106, 41.6462896 ], [ -0.9238898, 41.6462197 ], [ -0.9239054, 41.646206 ], [ -0.9239079, 41.6462015 ], [ -0.9239075, 41.6462018 ], [ -0.9239033, 41.6439206 ], [ -0.9236197, 41.6415497 ], [ -0.9233708, 41.6395933 ], [ -0.923268, 41.6390607 ], [ -0.9230607, 41.6380288 ], [ -0.9230861, 41.6379752 ], [ -0.9230797, 41.6379238 ], [ -0.9230081, 41.6373476 ], [ -0.9229056, 41.6366259 ], [ -0.9227278, 41.6369236 ], [ -0.9227041, 41.6369777 ], [ -0.9226791, 41.6370316 ], [ -0.9226529, 41.6370851 ], [ -0.9226255, 41.6371383 ], [ -0.9225968, 41.6371911 ], [ -0.9225668, 41.6372436 ], [ -0.9225357, 41.6372956 ], [ -0.9225034, 41.6373472 ], [ -0.9224698, 41.6373984 ], [ -0.9224351, 41.6374491 ], [ -0.9223992, 41.6374994 ], [ -0.9223621, 41.6375492 ], [ -0.9223239, 41.6375985 ], [ -0.9222845, 41.6376473 ], [ -0.922244, 41.6376956 ], [ -0.9222024, 41.6377433 ], [ -0.9221597, 41.6377905 ], [ -0.9221159, 41.6378371 ], [ -0.922071, 41.6378831 ], [ -0.9220251, 41.6379286 ], [ -0.9219781, 41.6379734 ], [ -0.9219301, 41.6380176 ], [ -0.921881, 41.6380612 ], [ -0.9218309, 41.6381041 ], [ -0.9217799, 41.6381464 ], [ -0.9217278, 41.638188 ], [ -0.9216748, 41.6382289 ], [ -0.9216209, 41.6382691 ], [ -0.921566, 41.6383086 ], [ -0.9215103, 41.6383473 ], [ -0.9214536, 41.6383854 ], [ -0.9213961, 41.6384226 ], [ -0.9213376, 41.6384592 ], [ -0.9212784, 41.6384949 ], [ -0.9211806, 41.6385514 ], [ -0.9210814, 41.6386066 ], [ -0.920981, 41.6386606 ], [ -0.9208793, 41.6387131 ], [ -0.9207765, 41.6387644 ], [ -0.9206724, 41.6388143 ], [ -0.9205672, 41.6388628 ], [ -0.9204609, 41.6389099 ], [ -0.9203535, 41.6389557 ], [ -0.920245, 41.639 ], [ -0.9201356, 41.6390429 ], [ -0.9200505, 41.6391272 ], [ -0.9199333, 41.6391663 ], [ -0.9198015, 41.6392009 ], [ -0.9196832, 41.6392009 ], [ -0.9195411, 41.6392467 ], [ -0.9192788, 41.6393271 ], [ -0.9190147, 41.639404 ], [ -0.9187489, 41.6394775 ], [ -0.9186434, 41.639505 ], [ -0.9189244, 41.6401468 ], [ -0.918695, 41.6402955 ], [ -0.9186966, 41.6403007 ], [ -0.9180248, 41.6407573 ], [ -0.9181866, 41.640968 ], [ -0.9181741, 41.6409775 ], [ -0.9185149, 41.6411308 ], [ -0.9187251, 41.6412748 ], [ -0.9192756, 41.6418805 ], [ -0.9195615, 41.6419979 ], [ -0.9196148, 41.6420829 ], [ -0.9195734, 41.6422083 ], [ -0.9196475, 41.6425181 ], [ -0.9195952, 41.6426923 ], [ -0.919588, 41.6429165 ], [ -0.9195673, 41.643158 ], [ -0.9195534, 41.6433212 ], [ -0.9196335, 41.6433604 ], [ -0.9197412, 41.6435428 ], [ -0.9197682, 41.6435884 ], [ -0.9196611, 41.6446126 ], [ -0.9193348, 41.6446871 ], [ -0.919319, 41.6447413 ], [ -0.9194276, 41.6450126 ], [ -0.9192774, 41.6453309 ], [ -0.9193374, 41.64548 ], [ -0.9193518, 41.6454871 ], [ -0.919486, 41.6455446 ], [ -0.919578, 41.6455837 ], [ -0.9196684, 41.645576 ], [ -0.9197719, 41.6455673 ], [ -0.9198737, 41.6455587 ], [ -0.9198771, 41.6456223 ], [ -0.9199978, 41.6456245 ], [ -0.9202978, 41.6455822 ], [ -0.9204949, 41.6455763 ], [ -0.9207438, 41.6455427 ], [ -0.9210624, 41.6455151 ], [ -0.9210743, 41.6463303 ], [ -0.9207576, 41.6468917 ], [ -0.9201478, 41.64669 ], [ -0.9198897, 41.6466138 ], [ -0.9196039, 41.6465314 ], [ -0.9195462, 41.6465129 ], [ -0.9194796, 41.6464914 ], [ -0.9193363, 41.6464456 ], [ -0.9192536, 41.6464627 ], [ -0.9190877, 41.6465036 ], [ -0.9189399, 41.64654 ], [ -0.9188578, 41.6465603 ], [ -0.9183678, 41.6466812 ], [ -0.9183727, 41.6466954 ], [ -0.9183875, 41.6467898 ], [ -0.9183928, 41.6468342 ], [ -0.9184045, 41.6468509 ], [ -0.9184187, 41.6468649 ], [ -0.918435, 41.6468702 ], [ -0.918503, 41.6468895 ], [ -0.9185542, 41.6470023 ], [ -0.9186, 41.647108 ], [ -0.9186329, 41.6471795 ], [ -0.9187078, 41.6473598 ], [ -0.9185176, 41.6474964 ], [ -0.9183177, 41.647548 ], [ -0.9183018, 41.6475561 ], [ -0.9182862, 41.6475769 ], [ -0.9182809, 41.6475946 ], [ -0.9182856, 41.6476413 ], [ -0.9182996, 41.6477101 ], [ -0.9183365, 41.6477641 ], [ -0.9183858, 41.6479119 ], [ -0.9184321, 41.6480182 ], [ -0.9185267, 41.6482375 ], [ -0.918233, 41.6483048 ], [ -0.9179952, 41.6483608 ], [ -0.9179175, 41.6483793 ] ] ] } },
{ "type": "Feature", "properties": { "CCAA": "02 - Aragón", "PROVINCIA": "50 - Zaragoza", "MUNICIPIO": "50297 - Zaragoza", "COD_MUNICIPIO": "50297", "DISTRITO": "03", "SECCION": "5029703065", "V1_H": 80.39, "V1_M": 86.24, "V2_H": 80.20629068, "V2_M": 86.34105578, "V3_H": 80.66489809, "V3_M": 86.38520791000001 }, "geometry": { "type": "Polygon", "coordinates": [ [ [ -0.9153987, 41.6517803 ], [ -0.9158393, 41.6516836 ], [ -0.916162, 41.6516138 ], [ -0.9165479, 41.6515302 ], [ -0.9166976, 41.6514977 ], [ -0.9170347, 41.6514206 ], [ -0.9172182, 41.6513778 ], [ -0.9189509, 41.6509953 ], [ -0.9191147, 41.6512366 ], [ -0.9194939, 41.6521904 ], [ -0.9194948, 41.6521907 ], [ -0.9192224, 41.6515002 ], [ -0.9192223, 41.6514998 ], [ -0.9191092, 41.6512203 ], [ -0.9189397, 41.6509762 ], [ -0.9186402, 41.6506812 ], [ -0.9184971, 41.6505795 ], [ -0.9183599, 41.6504489 ], [ -0.9183583, 41.6504474 ], [ -0.9183445, 41.6504506 ], [ -0.9178339, 41.6505077 ], [ -0.9175934, 41.6505367 ], [ -0.9172031, 41.6505857 ], [ -0.9171479, 41.6505952 ], [ -0.9171295, 41.6505967 ], [ -0.9171286, 41.6505986 ], [ -0.9165037, 41.6507086 ], [ -0.9162982, 41.6507548 ], [ -0.9160177, 41.650818 ], [ -0.9160152, 41.6508186 ], [ -0.9158503, 41.6508555 ], [ -0.9150924, 41.6510209 ], [ -0.9153987, 41.6517803 ] ] ] } },
{ "type": "Feature", "properties": { "CCAA": "02 - Aragón", "PROVINCIA": "50 - Zaragoza", "MUNICIPIO": "50297 - Zaragoza", "COD_MUNICIPIO": "50297", "DISTRITO": "03", "SECCION": "5029703066", "V1_H": 81.41, "V1_M": 86.82, "V2_H": 80.96532964, "V2_M": 86.87567885, "V3_H": 81.8694609, "V3_M": 86.90400308 }, "geometry": { "type": "Polygon", "coordinates": [ [ [ -0.9153987, 41.6517803 ], [ -0.9154499, 41.6519074 ], [ -0.9156591, 41.6524281 ], [ -0.9168073, 41.6521774 ], [ -0.9169359, 41.6524984 ], [ -0.917632, 41.6542356 ], [ -0.9177103, 41.6544308 ], [ -0.9177385, 41.6545106 ], [ -0.9178119, 41.6547179 ], [ -0.917838, 41.6547664 ], [ -0.9178756, 41.6548335 ], [ -0.9179088, 41.654885 ], [ -0.91795, 41.6549377 ], [ -0.9179929, 41.6549816 ], [ -0.9180375, 41.6550234 ], [ -0.918101, 41.6550688 ], [ -0.9181898, 41.6551201 ], [ -0.91834, 41.655186 ], [ -0.9184568, 41.655219 ], [ -0.9186118, 41.6552388 ], [ -0.9189065, 41.6552769 ], [ -0.9192414, 41.6553239 ], [ -0.9195913, 41.655319 ], [ -0.9197153, 41.6553172 ], [ -0.9198385, 41.6548438 ], [ -0.920073, 41.6547555 ], [ -0.9203473, 41.6544319 ], [ -0.9199437, 41.6533499 ], [ -0.9196308, 41.6525473 ], [ -0.9195742, 41.6523922 ], [ -0.9194948, 41.6521907 ], [ -0.9194939, 41.6521904 ], [ -0.9191147, 41.6512366 ], [ -0.9189509, 41.6509953 ], [ -0.9172182, 41.6513778 ], [ -0.9170347, 41.6514206 ], [ -0.9166976, 41.6514977 ], [ -0.9165479, 41.6515302 ], [ -0.916162, 41.6516138 ], [ -0.9158393, 41.6516836 ], [ -0.9153987, 41.6517803 ] ] ] } },
{ "type": "Feature", "properties": { "CCAA": "02 - Aragón", "PROVINCIA": "50 - Zaragoza", "MUNICIPIO": "50297 - Zaragoza", "COD_MUNICIPIO": "50297", "DISTRITO": "03", "SECCION": "5029703043", "V1_H": 80.55, "V1_M": 86.21, "V2_H": 80.25181467, "V2_M": 85.94546636, "V3_H": 81.01047082, "V3_M": 86.65561049 }, "geometry": { "type": "Polygon", "coordinates": [ [ [ -0.911199, 41.6452323 ], [ -0.9106218, 41.6454225 ], [ -0.9100282, 41.645618 ], [ -0.9091244, 41.6459157 ], [ -0.9084999, 41.6461214 ], [ -0.9076283, 41.6464241 ], [ -0.9078215, 41.6467835 ], [ -0.9083194, 41.6478385 ], [ -0.9083871, 41.6479792 ], [ -0.9086826, 41.6485938 ], [ -0.9087431, 41.6487241 ], [ -0.9087432, 41.6487243 ], [ -0.9090328, 41.649348 ], [ -0.9092803, 41.649881 ], [ -0.9092806, 41.6498818 ], [ -0.909283, 41.6498869 ], [ -0.9093292, 41.6499863 ], [ -0.9094601, 41.6502684 ], [ -0.9095389, 41.6504382 ], [ -0.9095906, 41.6505496 ], [ -0.9096196, 41.650616 ], [ -0.9096198, 41.6506159 ], [ -0.9096449, 41.6505955 ], [ -0.9099873, 41.650283 ], [ -0.9101508, 41.6501235 ], [ -0.9110207, 41.6492845 ], [ -0.9111898, 41.6491214 ], [ -0.91119, 41.6491215 ], [ -0.91119, 41.6491212 ], [ -0.9113199, 41.6490333 ], [ -0.9114011, 41.6489785 ], [ -0.9115748, 41.6488618 ], [ -0.9116083, 41.6488421 ], [ -0.911681, 41.6487994 ], [ -0.9117494, 41.6487592 ], [ -0.9117847, 41.6487385 ], [ -0.9118514, 41.648697 ], [ -0.911936, 41.6486431 ], [ -0.911979, 41.6486429 ], [ -0.9122017, 41.6485922 ], [ -0.912608, 41.6484997 ], [ -0.9129017, 41.6484328 ], [ -0.9133617, 41.6483281 ], [ -0.9135108, 41.6482942 ], [ -0.9135739, 41.6482798 ], [ -0.9135844, 41.6482774 ], [ -0.9134427, 41.6479317 ], [ -0.9133096, 41.6476367 ], [ -0.9133145, 41.6476306 ], [ -0.9132226, 41.6474444 ], [ -0.9132257, 41.6472515 ], [ -0.9135266, 41.6469853 ], [ -0.9137125, 41.6469338 ], [ -0.9137577, 41.6469468 ], [ -0.9137626, 41.646939 ], [ -0.9137564, 41.6468596 ], [ -0.9134004, 41.6466378 ], [ -0.9130492, 41.6463951 ], [ -0.9125578, 41.6460554 ], [ -0.9121662, 41.6454307 ], [ -0.9119208, 41.6454548 ], [ -0.9116713, 41.6454074 ], [ -0.9115342, 41.6453239 ], [ -0.9113994, 41.6451689 ], [ -0.911199, 41.6452323 ] ] ] } },
{ "type": "Feature", "properties": { "CCAA": "02 - Aragón", "PROVINCIA": "50 - Zaragoza", "MUNICIPIO": "50297 - Zaragoza", "COD_MUNICIPIO": "50297", "DISTRITO": "03", "SECCION": "5029703049", "V1_H": 80.06, "V1_M": 86.12, "V2_H": 80.10460866, "V2_M": 86.20761786, "V3_H": 80.17898723, "V3_M": 86.18020212 }, "geometry": { "type": "Polygon", "coordinates": [ [ [ -0.911199, 41.6452323 ], [ -0.9113994, 41.6451689 ], [ -0.9115342, 41.6453239 ], [ -0.9116713, 41.6454074 ], [ -0.9119208, 41.6454548 ], [ -0.9121662, 41.6454307 ], [ -0.9125578, 41.6460554 ], [ -0.9130492, 41.6463951 ], [ -0.9134004, 41.6466378 ], [ -0.9137564, 41.6468596 ], [ -0.9143357, 41.6464149 ], [ -0.9143966, 41.646368 ], [ -0.9149463, 41.6459461 ], [ -0.9150799, 41.6457099 ], [ -0.9151422, 41.6455993 ], [ -0.9151423, 41.6455991 ], [ -0.9149699, 41.6456001 ], [ -0.9148498, 41.6456007 ], [ -0.9147494, 41.6456011 ], [ -0.9145615, 41.6456019 ], [ -0.9143932, 41.6455818 ], [ -0.9140436, 41.6455398 ], [ -0.9139809, 41.645532 ], [ -0.9137827, 41.6454168 ], [ -0.913611, 41.645317 ], [ -0.9134085, 41.6452001 ], [ -0.9134115, 41.6451553 ], [ -0.9133842, 41.6450163 ], [ -0.9134358, 41.6449546 ], [ -0.9136146, 41.6447382 ], [ -0.9137024, 41.6446318 ], [ -0.9138183, 41.6445483 ], [ -0.9138797, 41.6445218 ], [ -0.9140885, 41.6444191 ], [ -0.9141354, 41.6443812 ], [ -0.9142794, 41.6442652 ], [ -0.914279, 41.6442651 ], [ -0.914041, 41.6443264 ], [ -0.9137799, 41.644399 ], [ -0.9136519, 41.6444347 ], [ -0.9135083, 41.6444806 ], [ -0.9134902, 41.6444845 ], [ -0.9134913, 41.6444861 ], [ -0.9131367, 41.644601 ], [ -0.9128151, 41.6447051 ], [ -0.9124615, 41.6448196 ], [ -0.9123164, 41.6448665 ], [ -0.9120472, 41.6449536 ], [ -0.911888, 41.6450054 ], [ -0.911493, 41.6451355 ], [ -0.9113797, 41.6451728 ], [ -0.9112103, 41.6452286 ], [ -0.911199, 41.6452323 ] ] ] } },
{ "type": "Feature", "properties": { "CCAA": "02 - Aragón", "PROVINCIA": "50 - Zaragoza", "MUNICIPIO": "50297 - Zaragoza", "COD_MUNICIPIO": "50297", "DISTRITO": "07", "SECCION": "5029707004", "V1_H": 80.56, "V1_M": 86.09, "V2_H": 80.29410508, "V2_M": 85.89209003000001, "V3_H": 80.91212464, "V3_M": 86.35342073 }, "geometry": { "type": "Polygon", "coordinates": [ [ [ -0.8964161, 41.6615991 ], [ -0.8970558, 41.662201 ], [ -0.8974546, 41.66257 ], [ -0.8978435, 41.6628372 ], [ -0.8985436, 41.6617625 ], [ -0.8980959, 41.6616084 ], [ -0.8975846, 41.6614326 ], [ -0.8972171, 41.6611455 ], [ -0.8970977, 41.6610522 ], [ -0.8967086, 41.6608365 ], [ -0.8963826, 41.6610879 ], [ -0.8961117, 41.661307 ], [ -0.8964161, 41.6615991 ] ] ] } },
{ "type": "Feature", "properties": { "CCAA": "02 - Aragón", "PROVINCIA": "50 - Zaragoza", "MUNICIPIO": "50297 - Zaragoza", "COD_MUNICIPIO": "50297", "DISTRITO": "07", "SECCION": "5029707015", "V1_H": 81.04, "V1_M": 86.55, "V2_H": 80.90626992, "V2_M": 86.32523903000001, "V3_H": 81.22678782, "V3_M": 86.81274177 }, "geometry": { "type": "Polygon", "coordinates": [ [ [ -0.8964161, 41.6615991 ], [ -0.8961117, 41.661307 ], [ -0.8963826, 41.6610879 ], [ -0.8967086, 41.6608365 ], [ -0.8970977, 41.6610522 ], [ -0.8972171, 41.6611455 ], [ -0.8975846, 41.6614326 ], [ -0.8980959, 41.6616084 ], [ -0.8985436, 41.6617625 ], [ -0.8989253, 41.6611768 ], [ -0.8990479, 41.6609884 ], [ -0.8992426, 41.660681 ], [ -0.8987607, 41.6605841 ], [ -0.8986354, 41.6605589 ], [ -0.8982363, 41.6604786 ], [ -0.8975532, 41.6603466 ], [ -0.8973961, 41.6603185 ], [ -0.8971827, 41.6602803 ], [ -0.8937008, 41.6594951 ], [ -0.8934497, 41.6594772 ], [ -0.8936192, 41.6595734 ], [ -0.8936192, 41.6595734 ], [ -0.8938269, 41.6596913 ], [ -0.8942826, 41.6599167 ], [ -0.8947045, 41.6601254 ], [ -0.8947959, 41.6601858 ], [ -0.8951029, 41.6603888 ], [ -0.8953479, 41.6606114 ], [ -0.8953484, 41.6606119 ], [ -0.8957165, 41.6609462 ], [ -0.8959299, 41.6611219 ], [ -0.8959993, 41.661179 ], [ -0.8961125, 41.6613109 ], [ -0.8964161, 41.6615991 ] ] ] } },
{ "type": "Feature", "properties": { "CCAA": "02 - Aragón", "PROVINCIA": "50 - Zaragoza", "MUNICIPIO": "50297 - Zaragoza", "COD_MUNICIPIO": "50297", "DISTRITO": "10", "SECCION": "5029710013", "V1_H": 80.34, "V1_M": 85.99, "V2_H": 80.22806877, "V2_M": 85.94669411, "V3_H": 80.64200885, "V3_M": 86.09540763 }, "geometry": { "type": "Polygon", "coordinates": [ [ [ -0.871243, 41.6743026 ], [ -0.8712429, 41.6743057 ], [ -0.8719683, 41.6743016 ], [ -0.871968, 41.6743093 ], [ -0.8724409, 41.6743146 ], [ -0.8725992, 41.6743162 ], [ -0.8727019, 41.6743173 ], [ -0.8727085, 41.6740969 ], [ -0.872716, 41.67384 ], [ -0.872721, 41.6736681 ], [ -0.8727273, 41.6734504 ], [ -0.872733, 41.6732534 ], [ -0.8727416, 41.6729689 ], [ -0.8727524, 41.6726548 ], [ -0.8727531, 41.6726338 ], [ -0.872622, 41.6726325 ], [ -0.8725403, 41.672631 ], [ -0.872142, 41.6726236 ], [ -0.8720632, 41.6726226 ], [ -0.8720461, 41.6726218 ], [ -0.8720438, 41.6726218 ], [ -0.8715042, 41.6726118 ], [ -0.871288, 41.6726062 ], [ -0.8712879, 41.6726078 ], [ -0.871282, 41.6728769 ], [ -0.8712571, 41.6736316 ], [ -0.8712499, 41.6740934 ], [ -0.8712472, 41.6741766 ], [ -0.871243, 41.6743026 ] ] ] } },
{ "type": "Feature", "properties": { "CCAA": "02 - Aragón", "PROVINCIA": "50 - Zaragoza", "MUNICIPIO": "50297 - Zaragoza", "COD_MUNICIPIO": "50297", "DISTRITO": "10", "SECCION": "5029710068", "V1_H": 81.0, "V1_M": 86.46, "V2_H": 80.73228769000001, "V2_M": 86.26471443, "V3_H": 81.28044537, "V3_M": 86.73149122 }, "geometry": { "type": "Polygon", "coordinates": [ [ [ -0.8752483, 41.6753125 ], [ -0.8745983, 41.6752939 ], [ -0.8745631, 41.675176 ], [ -0.8727403, 41.6751279 ], [ -0.8726219, 41.6750542 ], [ -0.8725942, 41.6753159 ], [ -0.8720352, 41.6753055 ], [ -0.8720286, 41.6755045 ], [ -0.8722278, 41.6755083 ], [ -0.8722174, 41.6756925 ], [ -0.8721975, 41.6762955 ], [ -0.8721748, 41.6769169 ], [ -0.8721515, 41.6775697 ], [ -0.8727475, 41.6775914 ], [ -0.8730172, 41.6775997 ], [ -0.8736, 41.6775532 ], [ -0.8743244, 41.6774321 ], [ -0.8746048, 41.6773504 ], [ -0.874639, 41.6773404 ], [ -0.87464, 41.6773401 ], [ -0.8748424, 41.677281 ], [ -0.8749609, 41.6772464 ], [ -0.8750632, 41.67719 ], [ -0.8750686, 41.677187 ], [ -0.8753063, 41.6770557 ], [ -0.8755007, 41.6769473 ], [ -0.8759241, 41.6765867 ], [ -0.875984, 41.6765159 ], [ -0.8760112, 41.6764836 ], [ -0.8763518, 41.676079 ], [ -0.8765803, 41.6756798 ], [ -0.8766577, 41.6755219 ], [ -0.8768207, 41.6751892 ], [ -0.877009, 41.6746412 ], [ -0.8770653, 41.6744277 ], [ -0.8750407, 41.6743751 ], [ -0.8750226, 41.6748294 ], [ -0.8752609, 41.6748338 ], [ -0.8752515, 41.6751911 ], [ -0.8754016, 41.6751939 ], [ -0.8754008, 41.6753154 ], [ -0.8752483, 41.6753125 ] ] ] } },
{ "type": "Feature", "properties": { "CCAA": "02 - Aragón", "PROVINCIA": "50 - Zaragoza", "MUNICIPIO": "50297 - Zaragoza", "COD_MUNICIPIO": "50297", "DISTRITO": "10", "SECCION": "5029710014", "V1_H": 79.83, "V1_M": 85.66, "V2_H": 79.86201885, "V2_M": 85.75249, "V3_H": 79.86616026, "V3_M": 85.80070523000001 }, "geometry": { "type": "Polygon", "coordinates": [ [ [ -0.871202, 41.6754893 ], [ -0.871202, 41.6754895 ], [ -0.8713233, 41.6754911 ], [ -0.8720286, 41.6755045 ], [ -0.8720352, 41.6753055 ], [ -0.8725942, 41.6753159 ], [ -0.8726219, 41.6750542 ], [ -0.8727403, 41.6751279 ], [ -0.8745631, 41.675176 ], [ -0.8745983, 41.6752939 ], [ -0.8752483, 41.6753125 ], [ -0.8754008, 41.6753154 ], [ -0.8754016, 41.6751939 ], [ -0.8752515, 41.6751911 ], [ -0.8752609, 41.6748338 ], [ -0.8750226, 41.6748294 ], [ -0.8750407, 41.6743751 ], [ -0.8749381, 41.6743725 ], [ -0.8749011, 41.6743715 ], [ -0.8746096, 41.674364 ], [ -0.8745904, 41.6743173 ], [ -0.8745308, 41.6741696 ], [ -0.8744462, 41.6738099 ], [ -0.874393, 41.6735842 ], [ -0.8743559, 41.6734644 ], [ -0.8740648, 41.6734788 ], [ -0.8731636, 41.6734546 ], [ -0.8727273, 41.6734504 ], [ -0.872721, 41.6736681 ], [ -0.872716, 41.67384 ], [ -0.8727085, 41.6740969 ], [ -0.8727019, 41.6743173 ], [ -0.8725992, 41.6743162 ], [ -0.8724409, 41.6743146 ], [ -0.871968, 41.6743093 ], [ -0.8719683, 41.6743016 ], [ -0.8712429, 41.6743057 ], [ -0.8712247, 41.6748585 ], [ -0.871202, 41.6754893 ] ] ] } },
{ "type": "Feature", "properties": { "CCAA": "02 - Aragón", "PROVINCIA": "50 - Zaragoza", "MUNICIPIO": "50297 - Zaragoza", "COD_MUNICIPIO": "50297", "DISTRITO": "09", "SECCION": "5029709027", "V1_H": 81.57, "V1_M": 86.95, "V2_H": 81.38052192000001, "V2_M": 86.83819346, "V3_H": 81.78107492, "V3_M": 87.15502078 }, "geometry": { "type": "Polygon", "coordinates": [ [ [ -0.8702792, 41.6180667 ], [ -0.8706729, 41.6183575 ], [ -0.8706685, 41.6183638 ], [ -0.8707582, 41.6186392 ], [ -0.8706144, 41.6189648 ], [ -0.8702704, 41.6193046 ], [ -0.8694632, 41.6201334 ], [ -0.8692396, 41.6205682 ], [ -0.8694056, 41.6210155 ], [ -0.8707001, 41.6219922 ], [ -0.872033, 41.6223845 ], [ -0.8724877, 41.6227283 ], [ -0.8727058, 41.6229734 ], [ -0.8728101, 41.6230985 ], [ -0.8732087, 41.6228586 ], [ -0.873704, 41.622477 ], [ -0.8740391, 41.6221352 ], [ -0.8743236, 41.6217878 ], [ -0.8746854, 41.6214085 ], [ -0.8750429, 41.6211625 ], [ -0.8753846, 41.6210068 ], [ -0.8757452, 41.6208562 ], [ -0.8757801, 41.6207615 ], [ -0.8758289, 41.6206289 ], [ -0.8759266, 41.6205545 ], [ -0.8761152, 41.6204198 ], [ -0.8762194, 41.6195686 ], [ -0.8762243, 41.6192255 ], [ -0.8761834, 41.6183431 ], [ -0.8761534, 41.6180947 ], [ -0.8760769, 41.6178383 ], [ -0.8746505, 41.617999 ], [ -0.8746572, 41.6179124 ], [ -0.8746947, 41.6174279 ], [ -0.8734734, 41.6167876 ], [ -0.8706439, 41.615304 ], [ -0.8706249, 41.6152941 ], [ -0.870624, 41.6152936 ], [ -0.8723886, 41.6133916 ], [ -0.8599347, 41.6126752 ], [ -0.8601072, 41.6128618 ], [ -0.8602585, 41.6129724 ], [ -0.8604276, 41.6131376 ], [ -0.8605091, 41.6132654 ], [ -0.8606588, 41.6135422 ], [ -0.860824, 41.6138265 ], [ -0.8610667, 41.6142647 ], [ -0.8612677, 41.6147188 ], [ -0.8615818, 41.6153991 ], [ -0.8620152, 41.6163127 ], [ -0.8622064, 41.6164854 ], [ -0.8624939, 41.6166266 ], [ -0.8629333, 41.6167116 ], [ -0.8631701, 41.6167587 ], [ -0.8648668, 41.6169482 ], [ -0.865297, 41.6169991 ], [ -0.8656544, 41.6170414 ], [ -0.8662618, 41.6171123 ], [ -0.8669862, 41.6171949 ], [ -0.8672646, 41.6172286 ], [ -0.867799, 41.6172981 ], [ -0.8679406, 41.6173098 ], [ -0.8679447, 41.6173085 ], [ -0.8687408, 41.6174329 ], [ -0.8693113, 41.6175626 ], [ -0.8697245, 41.6177466 ], [ -0.8702792, 41.6180667 ] ] ] } },
{ "type": "Feature", "properties": { "CCAA": "02 - Aragón", "PROVINCIA": "50 - Zaragoza", "MUNICIPIO": "50297 - Zaragoza", "COD_MUNICIPIO": "50297", "DISTRITO": "04", "SECCION": "5029704070", "V1_H": 80.99, "V1_M": 86.66, "V2_H": 80.84822772, "V2_M": 86.63128417, "V3_H": 81.25601163, "V3_M": 86.83891366 }, "geometry": { "type": "Polygon", "coordinates": [ [ [ -0.9503124, 41.6298302 ], [ -0.9503182, 41.6298626 ], [ -0.9559048, 41.6276276 ], [ -0.9614537, 41.6208632 ], [ -0.962477, 41.6188252 ], [ -0.9623499, 41.61881 ], [ -0.9609295, 41.6187371 ], [ -0.9547827, 41.6189191 ], [ -0.949461, 41.6190763 ], [ -0.9469536, 41.6208331 ], [ -0.9468962, 41.6210418 ], [ -0.9453006, 41.6221 ], [ -0.9409188, 41.6250058 ], [ -0.9427185, 41.6261037 ], [ -0.9428409, 41.6262489 ], [ -0.9428371, 41.626368 ], [ -0.942865, 41.6264876 ], [ -0.9430839, 41.6265988 ], [ -0.9435713, 41.6267505 ], [ -0.9439757, 41.6270199 ], [ -0.9463238, 41.6290874 ], [ -0.9464253, 41.6291872 ], [ -0.9464578, 41.6291805 ], [ -0.946508, 41.6291234 ], [ -0.9465997, 41.629079 ], [ -0.9467396, 41.6290404 ], [ -0.9468841, 41.6290647 ], [ -0.9470228, 41.6290648 ], [ -0.9471527, 41.6290357 ], [ -0.9474843, 41.6290585 ], [ -0.9477348, 41.629092 ], [ -0.9479748, 41.629152 ], [ -0.9481025, 41.6291954 ], [ -0.94824, 41.6292342 ], [ -0.9484868, 41.6292846 ], [ -0.9486626, 41.6293361 ], [ -0.9487672, 41.6293936 ], [ -0.9488143, 41.6294356 ], [ -0.9489058, 41.6295994 ], [ -0.9489821, 41.629717 ], [ -0.9490043, 41.6297513 ], [ -0.9490122, 41.6297776 ], [ -0.9498757, 41.6297796 ], [ -0.9503124, 41.6298302 ] ] ] } }
]
}
